[0.000000] (-) TimerEvent: {}
[0.000735] (drone_pkg) JobQueued: {'identifier': 'drone_pkg', 'dependencies': OrderedDict()}
[0.000837] (px4_msgs) JobQueued: {'identifier': 'px4_msgs', 'dependencies': OrderedDict()}
[0.001232] (my_drone_bringup) JobQueued: {'identifier': 'my_drone_bringup', 'dependencies': OrderedDict([('drone_pkg', '/home/subhalaxmi/nidar_ws/install/drone_pkg')])}
[0.001317] (nidar_flight) JobQueued: {'identifier': 'nidar_flight', 'dependencies': OrderedDict([('px4_msgs', '/home/subhalaxmi/nidar_ws/install/px4_msgs')])}
[0.001376] (drone_pkg) JobStarted: {'identifier': 'drone_pkg'}
[0.045442] (px4_msgs) JobStarted: {'identifier': 'px4_msgs'}
[0.100592] (-) TimerEvent: {}
[0.201476] (-) TimerEvent: {}
[0.302082] (-) TimerEvent: {}
[0.402722] (-) TimerEvent: {}
[0.504915] (-) TimerEvent: {}
[0.605514] (-) TimerEvent: {}
[0.706241] (-) TimerEvent: {}
[0.807308] (-) TimerEvent: {}
[0.908515] (-) TimerEvent: {}
[1.010075] (-) TimerEvent: {}
[1.110910] (-) TimerEvent: {}
[1.211932] (-) TimerEvent: {}
[1.313267] (-) TimerEvent: {}
[1.333330] (px4_msgs) JobProgress: {'identifier': 'px4_msgs', 'progress': 'cmake'}
[1.333542] (px4_msgs) JobProgress: {'identifier': 'px4_msgs', 'progress': 'build'}
[1.333628] (px4_msgs) Command: {'cmd': ['/usr/bin/cmake', '--build', '/home/subhalaxmi/nidar_ws/build/px4_msgs', '--', '-j4', '-l4'], 'cwd': '/home/subhalaxmi/nidar_ws/build/px4_msgs', 'env': OrderedDict([('GJS_DEBUG_TOPICS', 'JS ERROR;JS LOG'), ('LESSOPEN', '| /usr/bin/lesspipe %s'), ('LANGUAGE', 'en_IN:en'), ('USER', 'subhalaxmi'), ('XDG_SESSION_TYPE', 'wayland'), ('SHLVL', '1'), ('LD_LIBRARY_PATH', '/home/subhalaxmi/nidar_ws/install/px4_msgs/lib:/opt/ros/humble/opt/rviz_ogre_vendor/lib:/opt/ros/humble/lib/x86_64-linux-gnu:/opt/ros/humble/lib'), ('HOME', '/home/subhalaxmi'), ('OLDPWD', '/home/subhalaxmi/nidar_ws'), ('DESKTOP_SESSION', 'ubuntu'), ('GIO_LAUNCHED_DESKTOP_FILE', '/usr/share/applications/terminator.desktop'), ('ROS_PYTHON_VERSION', '3'), ('GNOME_SHELL_SESSION_MODE', 'ubuntu'), ('GTK_MODULES', 'gail:atk-bridge'), ('MANAGERPID', '1036'), ('SYSTEMD_EXEC_PID', '1178'), ('DBUS_SESSION_BUS_ADDRESS', 'unix:path=/run/user/1000/bus'), ('COLORTERM', 'truecolor'), ('TERMINATOR_DBUS_NAME', 'net.tenshu.Terminator25ef4b219e3b005583550f2b0f9f990c3'), ('GIO_LAUNCHED_DESKTOP_FILE_PID', '17318'), ('IM_CONFIG_PHASE', '1'), ('WAYLAND_DISPLAY', 'wayland-0'), ('COLCON_PREFIX_PATH', '/home/subhalaxmi/nidar_ws/install:/home/subhalaxmi/rover_ws/install:/home/subhalaxmi/autonav_ws/install:/home/subhalaxmi/my_robot_ws/install:/home/subhalaxmi/ros2_ws/install'), ('ROS_DISTRO', 'humble'), ('LOGNAME', 'subhalaxmi'), ('JOURNAL_STREAM', '8:8924'), ('_', '/usr/bin/colcon'), ('ROS_VERSION', '2'), ('XDG_SESSION_CLASS', 'user'), ('USERNAME', 'subhalaxmi'), ('TERM', 'xterm-256color'), ('GNOME_DESKTOP_SESSION_ID', 'this-is-deprecated'), ('ROS_LOCALHOST_ONLY', '0'), ('PATH', '/home/subhalaxmi/.local/bin:/home/subhalaxmi/.local/bin:/opt/ros/humble/bin:/home/subhalaxmi/.local/bin:/usr/local/sbin:/usr/local/bin:/usr/sbin:/usr/bin:/sbin:/bin:/usr/games:/usr/local/games:/snap/bin:/snap/bin'), ('SESSION_MANAGER', 'local/subhalaxmi-Lenovo-G50-80:@/tmp/.ICE-unix/1147,unix/subhalaxmi-Lenovo-G50-80:/tmp/.ICE-unix/1147'), ('INVOCATION_ID', '5668d60ff2944fae98086cdc9fc421e1'), ('XDG_MENU_PREFIX', 'gnome-'), ('GNOME_SETUP_DISPLAY', ':1'), ('XDG_RUNTIME_DIR', '/run/user/1000'), ('DISPLAY', ':0'), ('TERMINATOR_DBUS_PATH', '/net/tenshu/Terminator2'), ('LANG', 'en_US.UTF-8'), ('XDG_CURRENT_DESKTOP', 'ubuntu:GNOME'), ('IBUS_DISABLE_SNOOPER', '1'), ('XMODIFIERS', '@im=ibus'), ('XDG_SESSION_DESKTOP', 'ubuntu'), ('XAUTHORITY', '/run/user/1000/.mutter-Xwaylandauth.519EM3'), ('LS_COLORS', 'rs=0:di=01;34:ln=01;36:mh=00:pi=40;33:so=01;35:do=01;35:bd=40;33;01:cd=40;33;01:or=40;31;01:mi=00:su=37;41:sg=30;43:ca=30;41:tw=30;42:ow=34;42:st=37;44:ex=01;32:*.tar=01;31:*.tgz=01;31:*.arc=01;31:*.arj=01;31:*.taz=01;31:*.lha=01;31:*.lz4=01;31:*.lzh=01;31:*.lzma=01;31:*.tlz=01;31:*.txz=01;31:*.tzo=01;31:*.t7z=01;31:*.zip=01;31:*.z=01;31:*.dz=01;31:*.gz=01;31:*.lrz=01;31:*.lz=01;31:*.lzo=01;31:*.xz=01;31:*.zst=01;31:*.tzst=01;31:*.bz2=01;31:*.bz=01;31:*.tbz=01;31:*.tbz2=01;31:*.tz=01;31:*.deb=01;31:*.rpm=01;31:*.jar=01;31:*.war=01;31:*.ear=01;31:*.sar=01;31:*.rar=01;31:*.alz=01;31:*.ace=01;31:*.zoo=01;31:*.cpio=01;31:*.7z=01;31:*.rz=01;31:*.cab=01;31:*.wim=01;31:*.swm=01;31:*.dwm=01;31:*.esd=01;31:*.jpg=01;35:*.jpeg=01;35:*.mjpg=01;35:*.mjpeg=01;35:*.gif=01;35:*.bmp=01;35:*.pbm=01;35:*.pgm=01;35:*.ppm=01;35:*.tga=01;35:*.xbm=01;35:*.xpm=01;35:*.tif=01;35:*.tiff=01;35:*.png=01;35:*.svg=01;35:*.svgz=01;35:*.mng=01;35:*.pcx=01;35:*.mov=01;35:*.mpg=01;35:*.mpeg=01;35:*.m2v=01;35:*.mkv=01;35:*.webm=01;35:*.webp=01;35:*.ogm=01;35:*.mp4=01;35:*.m4v=01;35:*.mp4v=01;35:*.vob=01;35:*.qt=01;35:*.nuv=01;35:*.wmv=01;35:*.asf=01;35:*.rm=01;35:*.rmvb=01;35:*.flc=01;35:*.avi=01;35:*.fli=01;35:*.flv=01;35:*.gl=01;35:*.dl=01;35:*.xcf=01;35:*.xwd=01;35:*.yuv=01;35:*.cgm=01;35:*.emf=01;35:*.ogv=01;35:*.ogx=01;35:*.aac=00;36:*.au=00;36:*.flac=00;36:*.m4a=00;36:*.mid=00;36:*.midi=00;36:*.mka=00;36:*.mp3=00;36:*.mpc=00;36:*.ogg=00;36:*.ra=00;36:*.wav=00;36:*.oga=00;36:*.opus=00;36:*.spx=00;36:*.xspf=00;36:'), ('SSH_AGENT_LAUNCHER', 'gnome-keyring'), ('SSH_AUTH_SOCK', '/run/user/1000/keyring/ssh'), ('AMENT_PREFIX_PATH', '/home/subhalaxmi/nidar_ws/install/nidar_flight:/home/subhalaxmi/nidar_ws/install/px4_msgs:/home/subhalaxmi/nidar_ws/install/my_drone_bringup:/home/subhalaxmi/nidar_ws/install/drone_pkg:/home/subhalaxmi/rover_ws/install/rover_ctrl:/home/subhalaxmi/autonav_ws/install/my_rover_description:/home/subhalaxmi/autonav_ws/install/my_rover_bringup:/home/subhalaxmi/my_robot_ws/install/my_robot_bringup:/home/subhalaxmi/my_robot_ws/install/my_robot_description:/home/subhalaxmi/my_robot_ws/install/line_follower:/home/subhalaxmi/ros2_ws/install/my_py_pkg:/opt/ros/humble'), ('SHELL', '/bin/bash'), ('TERMINATOR_UUID', 'urn:uuid:58195a0c-9f6d-451e-898e-fa7162240c90'), ('QT_ACCESSIBILITY', '1'), ('GDMSESSION', 'ubuntu'), ('LESSCLOSE', '/usr/bin/lesspipe %s %s'), ('GJS_DEBUG_OUTPUT', 'stderr'), ('QT_IM_MODULE', 'ibus'), ('PWD', '/home/subhalaxmi/nidar_ws/build/px4_msgs'), ('LC_ALL', 'en_US.UTF-8'), ('XDG_CONFIG_DIRS', '/etc/xdg/xdg-ubuntu:/etc/xdg'), ('XDG_DATA_DIRS', '/usr/share/ubuntu:/usr/local/share/:/usr/share/:/var/lib/snapd/desktop'), ('PYTHONPATH', '/home/subhalaxmi/nidar_ws/install/nidar_flight/lib/python3.10/site-packages:/home/subhalaxmi/nidar_ws/install/px4_msgs/local/lib/python3.10/dist-packages:/home/subhalaxmi/nidar_ws/install/my_drone_bringup/lib/python3.10/site-packages:/home/subhalaxmi/nidar_ws/install/drone_pkg/lib/python3.10/site-packages:/home/subhalaxmi/my_robot_ws/install/line_follower/lib/python3.10/site-packages:/home/subhalaxmi/ros2_ws/install/my_py_pkg/lib/python3.10/site-packages:/opt/ros/humble/lib/python3.10/site-packages:/opt/ros/humble/local/lib/python3.10/dist-packages'), ('COLCON', '1'), ('VTE_VERSION', '6800'), ('CMAKE_PREFIX_PATH', '/home/subhalaxmi/nidar_ws/install/px4_msgs:/home/subhalaxmi/nidar_ws/install/my_drone_bringup:/home/subhalaxmi/rover_ws/install/rover_ctrl:/home/subhalaxmi/autonav_ws/install/my_rover_description:/home/subhalaxmi/autonav_ws/install/my_rover_bringup:/home/subhalaxmi/my_robot_ws/install/my_robot_bringup:/home/subhalaxmi/my_robot_ws/install/my_robot_description:/home/subhalaxmi/nidar_ws/install/nidar_flight:/home/subhalaxmi/nidar_ws/install/drone_pkg:/home/subhalaxmi/my_robot_ws/install/line_follower:/home/subhalaxmi/ros2_ws/install/my_py_pkg:/opt/ros/humble')]), 'shell': False}
[1.415899] (-) TimerEvent: {}
[1.518343] (-) TimerEvent: {}
[1.618828] (-) TimerEvent: {}
[1.719375] (-) TimerEvent: {}
[1.822922] (-) TimerEvent: {}
[1.924245] (-) TimerEvent: {}
[2.025227] (-) TimerEvent: {}
[2.125920] (-) TimerEvent: {}
[2.227121] (-) TimerEvent: {}
[2.330090] (-) TimerEvent: {}
[2.434215] (-) TimerEvent: {}
[2.534662] (-) TimerEvent: {}
[2.636700] (-) TimerEvent: {}
[2.738590] (-) TimerEvent: {}
[2.839207] (-) TimerEvent: {}
[2.939953] (-) TimerEvent: {}
[3.046366] (-) TimerEvent: {}
[3.149614] (-) TimerEvent: {}
[3.251364] (-) TimerEvent: {}
[3.354470] (-) TimerEvent: {}
[3.386878] (drone_pkg) Command: {'cmd': ['/usr/bin/python3', '-W', 'ignore:setup.py install is deprecated', '-W', 'ignore:easy_install command is deprecated', 'setup.py', 'egg_info', '--egg-base', '../../build/drone_pkg', 'build', '--build-base', '/home/subhalaxmi/nidar_ws/build/drone_pkg/build', 'install', '--record', '/home/subhalaxmi/nidar_ws/build/drone_pkg/install.log', '--single-version-externally-managed', 'install_data'], 'cwd': '/home/subhalaxmi/nidar_ws/src/drone_pkg', 'env': {'GJS_DEBUG_TOPICS': 'JS ERROR;JS LOG', 'LESSOPEN': '| /usr/bin/lesspipe %s', 'LANGUAGE': 'en_IN:en', 'USER': 'subhalaxmi', 'XDG_SESSION_TYPE': 'wayland', 'SHLVL': '1', 'LD_LIBRARY_PATH': '/home/subhalaxmi/nidar_ws/install/px4_msgs/lib:/opt/ros/humble/opt/rviz_ogre_vendor/lib:/opt/ros/humble/lib/x86_64-linux-gnu:/opt/ros/humble/lib', 'HOME': '/home/subhalaxmi', 'OLDPWD': '/home/subhalaxmi/nidar_ws', 'DESKTOP_SESSION': 'ubuntu', 'GIO_LAUNCHED_DESKTOP_FILE': '/usr/share/applications/terminator.desktop', 'ROS_PYTHON_VERSION': '3', 'GNOME_SHELL_SESSION_MODE': 'ubuntu', 'GTK_MODULES': 'gail:atk-bridge', 'MANAGERPID': '1036', 'SYSTEMD_EXEC_PID': '1178', 'DBUS_SESSION_BUS_ADDRESS': 'unix:path=/run/user/1000/bus', 'COLORTERM': 'truecolor', 'TERMINATOR_DBUS_NAME': 'net.tenshu.Terminator25ef4b219e3b005583550f2b0f9f990c3', 'GIO_LAUNCHED_DESKTOP_FILE_PID': '17318', 'IM_CONFIG_PHASE': '1', 'WAYLAND_DISPLAY': 'wayland-0', 'COLCON_PREFIX_PATH': '/home/subhalaxmi/nidar_ws/install:/home/subhalaxmi/rover_ws/install:/home/subhalaxmi/autonav_ws/install:/home/subhalaxmi/my_robot_ws/install:/home/subhalaxmi/ros2_ws/install', 'ROS_DISTRO': 'humble', 'LOGNAME': 'subhalaxmi', 'JOURNAL_STREAM': '8:8924', '_': '/usr/bin/colcon', 'ROS_VERSION': '2', 'XDG_SESSION_CLASS': 'user', 'USERNAME': 'subhalaxmi', 'TERM': 'xterm-256color', 'GNOME_DESKTOP_SESSION_ID': 'this-is-deprecated', 'ROS_LOCALHOST_ONLY': '0', 'PATH': '/home/subhalaxmi/.local/bin:/home/subhalaxmi/.local/bin:/opt/ros/humble/bin:/home/subhalaxmi/.local/bin:/usr/local/sbin:/usr/local/bin:/usr/sbin:/usr/bin:/sbin:/bin:/usr/games:/usr/local/games:/snap/bin:/snap/bin', 'SESSION_MANAGER': 'local/subhalaxmi-Lenovo-G50-80:@/tmp/.ICE-unix/1147,unix/subhalaxmi-Lenovo-G50-80:/tmp/.ICE-unix/1147', 'INVOCATION_ID': '5668d60ff2944fae98086cdc9fc421e1', 'XDG_MENU_PREFIX': 'gnome-', 'GNOME_SETUP_DISPLAY': ':1', 'XDG_RUNTIME_DIR': '/run/user/1000', 'DISPLAY': ':0', 'TERMINATOR_DBUS_PATH': '/net/tenshu/Terminator2', 'LANG': 'en_US.UTF-8', 'XDG_CURRENT_DESKTOP': 'ubuntu:GNOME', 'IBUS_DISABLE_SNOOPER': '1', 'XMODIFIERS': '@im=ibus', 'XDG_SESSION_DESKTOP': 'ubuntu', 'XAUTHORITY': '/run/user/1000/.mutter-Xwaylandauth.519EM3', 'LS_COLORS': 'rs=0:di=01;34:ln=01;36:mh=00:pi=40;33:so=01;35:do=01;35:bd=40;33;01:cd=40;33;01:or=40;31;01:mi=00:su=37;41:sg=30;43:ca=30;41:tw=30;42:ow=34;42:st=37;44:ex=01;32:*.tar=01;31:*.tgz=01;31:*.arc=01;31:*.arj=01;31:*.taz=01;31:*.lha=01;31:*.lz4=01;31:*.lzh=01;31:*.lzma=01;31:*.tlz=01;31:*.txz=01;31:*.tzo=01;31:*.t7z=01;31:*.zip=01;31:*.z=01;31:*.dz=01;31:*.gz=01;31:*.lrz=01;31:*.lz=01;31:*.lzo=01;31:*.xz=01;31:*.zst=01;31:*.tzst=01;31:*.bz2=01;31:*.bz=01;31:*.tbz=01;31:*.tbz2=01;31:*.tz=01;31:*.deb=01;31:*.rpm=01;31:*.jar=01;31:*.war=01;31:*.ear=01;31:*.sar=01;31:*.rar=01;31:*.alz=01;31:*.ace=01;31:*.zoo=01;31:*.cpio=01;31:*.7z=01;31:*.rz=01;31:*.cab=01;31:*.wim=01;31:*.swm=01;31:*.dwm=01;31:*.esd=01;31:*.jpg=01;35:*.jpeg=01;35:*.mjpg=01;35:*.mjpeg=01;35:*.gif=01;35:*.bmp=01;35:*.pbm=01;35:*.pgm=01;35:*.ppm=01;35:*.tga=01;35:*.xbm=01;35:*.xpm=01;35:*.tif=01;35:*.tiff=01;35:*.png=01;35:*.svg=01;35:*.svgz=01;35:*.mng=01;35:*.pcx=01;35:*.mov=01;35:*.mpg=01;35:*.mpeg=01;35:*.m2v=01;35:*.mkv=01;35:*.webm=01;35:*.webp=01;35:*.ogm=01;35:*.mp4=01;35:*.m4v=01;35:*.mp4v=01;35:*.vob=01;35:*.qt=01;35:*.nuv=01;35:*.wmv=01;35:*.asf=01;35:*.rm=01;35:*.rmvb=01;35:*.flc=01;35:*.avi=01;35:*.fli=01;35:*.flv=01;35:*.gl=01;35:*.dl=01;35:*.xcf=01;35:*.xwd=01;35:*.yuv=01;35:*.cgm=01;35:*.emf=01;35:*.ogv=01;35:*.ogx=01;35:*.aac=00;36:*.au=00;36:*.flac=00;36:*.m4a=00;36:*.mid=00;36:*.midi=00;36:*.mka=00;36:*.mp3=00;36:*.mpc=00;36:*.ogg=00;36:*.ra=00;36:*.wav=00;36:*.oga=00;36:*.opus=00;36:*.spx=00;36:*.xspf=00;36:', 'SSH_AGENT_LAUNCHER': 'gnome-keyring', 'SSH_AUTH_SOCK': '/run/user/1000/keyring/ssh', 'AMENT_PREFIX_PATH': '/home/subhalaxmi/nidar_ws/install/nidar_flight:/home/subhalaxmi/nidar_ws/install/px4_msgs:/home/subhalaxmi/nidar_ws/install/my_drone_bringup:/home/subhalaxmi/nidar_ws/install/drone_pkg:/home/subhalaxmi/rover_ws/install/rover_ctrl:/home/subhalaxmi/autonav_ws/install/my_rover_description:/home/subhalaxmi/autonav_ws/install/my_rover_bringup:/home/subhalaxmi/my_robot_ws/install/my_robot_bringup:/home/subhalaxmi/my_robot_ws/install/my_robot_description:/home/subhalaxmi/my_robot_ws/install/line_follower:/home/subhalaxmi/ros2_ws/install/my_py_pkg:/opt/ros/humble', 'SHELL': '/bin/bash', 'TERMINATOR_UUID': 'urn:uuid:58195a0c-9f6d-451e-898e-fa7162240c90', 'QT_ACCESSIBILITY': '1', 'GDMSESSION': 'ubuntu', 'LESSCLOSE': '/usr/bin/lesspipe %s %s', 'GJS_DEBUG_OUTPUT': 'stderr', 'QT_IM_MODULE': 'ibus', 'PWD': '/home/subhalaxmi/nidar_ws/build/drone_pkg', 'LC_ALL': 'en_US.UTF-8', 'XDG_CONFIG_DIRS': '/etc/xdg/xdg-ubuntu:/etc/xdg', 'XDG_DATA_DIRS': '/usr/share/ubuntu:/usr/local/share/:/usr/share/:/var/lib/snapd/desktop', 'PYTHONPATH': '/home/subhalaxmi/nidar_ws/build/drone_pkg/prefix_override:/usr/lib/python3/dist-packages/colcon_core/task/python/colcon_distutils_commands:/home/subhalaxmi/nidar_ws/install/drone_pkg/lib/python3.10/site-packages:/home/subhalaxmi/nidar_ws/install/nidar_flight/lib/python3.10/site-packages:/home/subhalaxmi/nidar_ws/install/px4_msgs/local/lib/python3.10/dist-packages:/home/subhalaxmi/nidar_ws/install/my_drone_bringup/lib/python3.10/site-packages:/home/subhalaxmi/nidar_ws/install/drone_pkg/lib/python3.10/site-packages:/home/subhalaxmi/my_robot_ws/install/line_follower/lib/python3.10/site-packages:/home/subhalaxmi/ros2_ws/install/my_py_pkg/lib/python3.10/site-packages:/opt/ros/humble/lib/python3.10/site-packages:/opt/ros/humble/local/lib/python3.10/dist-packages', 'COLCON': '1', 'VTE_VERSION': '6800', 'CMAKE_PREFIX_PATH': '/home/subhalaxmi/nidar_ws/install/px4_msgs:/home/subhalaxmi/nidar_ws/install/my_drone_bringup:/home/subhalaxmi/rover_ws/install/rover_ctrl:/home/subhalaxmi/autonav_ws/install/my_rover_description:/home/subhalaxmi/autonav_ws/install/my_rover_bringup:/home/subhalaxmi/my_robot_ws/install/my_robot_bringup:/home/subhalaxmi/my_robot_ws/install/my_robot_description'}, 'shell': False}
[3.456279] (-) TimerEvent: {}
[3.559375] (-) TimerEvent: {}
[3.662909] (-) TimerEvent: {}
[3.763854] (-) TimerEvent: {}
[3.864638] (-) TimerEvent: {}
[3.967018] (-) TimerEvent: {}
[4.068792] (-) TimerEvent: {}
[4.170429] (-) TimerEvent: {}
[4.270797] (-) TimerEvent: {}
[4.372365] (-) TimerEvent: {}
[4.473081] (-) TimerEvent: {}
[4.574952] (-) TimerEvent: {}
[4.675512] (-) TimerEvent: {}
[4.776004] (-) TimerEvent: {}
[4.877458] (-) TimerEvent: {}
[4.896279] (drone_pkg) StdoutLine: {'line': b'running egg_info\n'}
[4.902052] (drone_pkg) StdoutLine: {'line': b'writing ../../build/drone_pkg/drone_pkg.egg-info/PKG-INFO\n'}
[4.902875] (drone_pkg) StdoutLine: {'line': b'writing dependency_links to ../../build/drone_pkg/drone_pkg.egg-info/dependency_links.txt\n'}
[4.905553] (drone_pkg) StdoutLine: {'line': b'writing entry points to ../../build/drone_pkg/drone_pkg.egg-info/entry_points.txt\n'}
[4.908881] (drone_pkg) StdoutLine: {'line': b'writing requirements to ../../build/drone_pkg/drone_pkg.egg-info/requires.txt\n'}
[4.909255] (drone_pkg) StdoutLine: {'line': b'writing top-level names to ../../build/drone_pkg/drone_pkg.egg-info/top_level.txt\n'}
[4.918045] (drone_pkg) StdoutLine: {'line': b"reading manifest file '../../build/drone_pkg/drone_pkg.egg-info/SOURCES.txt'\n"}
[4.920955] (drone_pkg) StdoutLine: {'line': b"writing manifest file '../../build/drone_pkg/drone_pkg.egg-info/SOURCES.txt'\n"}
[4.922214] (drone_pkg) StdoutLine: {'line': b'running build\n'}
[4.926485] (drone_pkg) StdoutLine: {'line': b'running build_py\n'}
[4.927644] (drone_pkg) StdoutLine: {'line': b'running install\n'}
[4.929571] (drone_pkg) StdoutLine: {'line': b'running install_lib\n'}
[4.937220] (drone_pkg) StdoutLine: {'line': b'running install_data\n'}
[4.938238] (drone_pkg) StdoutLine: {'line': b'running install_egg_info\n'}
[4.945458] (drone_pkg) StdoutLine: {'line': b"removing '/home/subhalaxmi/nidar_ws/install/drone_pkg/lib/python3.10/site-packages/drone_pkg-0.0.0-py3.10.egg-info' (and everything under it)\n"}
[4.949480] (drone_pkg) StdoutLine: {'line': b'Copying ../../build/drone_pkg/drone_pkg.egg-info to /home/subhalaxmi/nidar_ws/install/drone_pkg/lib/python3.10/site-packages/drone_pkg-0.0.0-py3.10.egg-info\n'}
[4.956542] (drone_pkg) StdoutLine: {'line': b'running install_scripts\n'}
[4.980218] (-) TimerEvent: {}
[5.070257] (drone_pkg) StdoutLine: {'line': b'Installing altitude_publisher script to /home/subhalaxmi/nidar_ws/install/drone_pkg/lib/drone_pkg\n'}
[5.071626] (drone_pkg) StdoutLine: {'line': b'Installing altitude_subscriber script to /home/subhalaxmi/nidar_ws/install/drone_pkg/lib/drone_pkg\n'}
[5.075262] (drone_pkg) StdoutLine: {'line': b'Installing arm_client script to /home/subhalaxmi/nidar_ws/install/drone_pkg/lib/drone_pkg\n'}
[5.076695] (drone_pkg) StdoutLine: {'line': b'Installing arm_server script to /home/subhalaxmi/nidar_ws/install/drone_pkg/lib/drone_pkg\n'}
[5.077326] (drone_pkg) StdoutLine: {'line': b'Installing simple_node script to /home/subhalaxmi/nidar_ws/install/drone_pkg/lib/drone_pkg\n'}
[5.079474] (drone_pkg) StdoutLine: {'line': b"writing list of installed files to '/home/subhalaxmi/nidar_ws/build/drone_pkg/install.log'\n"}
[5.080219] (-) TimerEvent: {}
[5.182895] (-) TimerEvent: {}
[5.194832] (drone_pkg) CommandEnded: {'returncode': 0}
[5.268063] (drone_pkg) JobEnded: {'identifier': 'drone_pkg', 'rc': 0}
[5.269961] (my_drone_bringup) JobStarted: {'identifier': 'my_drone_bringup'}
[5.292062] (-) TimerEvent: {}
[5.320022] (my_drone_bringup) JobProgress: {'identifier': 'my_drone_bringup', 'progress': 'cmake'}
[5.324167] (my_drone_bringup) JobProgress: {'identifier': 'my_drone_bringup', 'progress': 'build'}
[5.334130] (my_drone_bringup) Command: {'cmd': ['/usr/bin/cmake', '--build', '/home/subhalaxmi/nidar_ws/build/my_drone_bringup', '--', '-j4', '-l4'], 'cwd': '/home/subhalaxmi/nidar_ws/build/my_drone_bringup', 'env': OrderedDict([('GJS_DEBUG_TOPICS', 'JS ERROR;JS LOG'), ('LESSOPEN', '| /usr/bin/lesspipe %s'), ('LANGUAGE', 'en_IN:en'), ('USER', 'subhalaxmi'), ('XDG_SESSION_TYPE', 'wayland'), ('SHLVL', '1'), ('LD_LIBRARY_PATH', '/home/subhalaxmi/nidar_ws/install/px4_msgs/lib:/opt/ros/humble/opt/rviz_ogre_vendor/lib:/opt/ros/humble/lib/x86_64-linux-gnu:/opt/ros/humble/lib'), ('HOME', '/home/subhalaxmi'), ('OLDPWD', '/home/subhalaxmi/nidar_ws'), ('DESKTOP_SESSION', 'ubuntu'), ('GIO_LAUNCHED_DESKTOP_FILE', '/usr/share/applications/terminator.desktop'), ('ROS_PYTHON_VERSION', '3'), ('GNOME_SHELL_SESSION_MODE', 'ubuntu'), ('GTK_MODULES', 'gail:atk-bridge'), ('MANAGERPID', '1036'), ('SYSTEMD_EXEC_PID', '1178'), ('DBUS_SESSION_BUS_ADDRESS', 'unix:path=/run/user/1000/bus'), ('COLORTERM', 'truecolor'), ('TERMINATOR_DBUS_NAME', 'net.tenshu.Terminator25ef4b219e3b005583550f2b0f9f990c3'), ('GIO_LAUNCHED_DESKTOP_FILE_PID', '17318'), ('IM_CONFIG_PHASE', '1'), ('WAYLAND_DISPLAY', 'wayland-0'), ('COLCON_PREFIX_PATH', '/home/subhalaxmi/nidar_ws/install:/home/subhalaxmi/rover_ws/install:/home/subhalaxmi/autonav_ws/install:/home/subhalaxmi/my_robot_ws/install:/home/subhalaxmi/ros2_ws/install'), ('ROS_DISTRO', 'humble'), ('LOGNAME', 'subhalaxmi'), ('JOURNAL_STREAM', '8:8924'), ('_', '/usr/bin/colcon'), ('ROS_VERSION', '2'), ('XDG_SESSION_CLASS', 'user'), ('USERNAME', 'subhalaxmi'), ('TERM', 'xterm-256color'), ('GNOME_DESKTOP_SESSION_ID', 'this-is-deprecated'), ('ROS_LOCALHOST_ONLY', '0'), ('PATH', '/home/subhalaxmi/.local/bin:/home/subhalaxmi/.local/bin:/opt/ros/humble/bin:/home/subhalaxmi/.local/bin:/usr/local/sbin:/usr/local/bin:/usr/sbin:/usr/bin:/sbin:/bin:/usr/games:/usr/local/games:/snap/bin:/snap/bin'), ('SESSION_MANAGER', 'local/subhalaxmi-Lenovo-G50-80:@/tmp/.ICE-unix/1147,unix/subhalaxmi-Lenovo-G50-80:/tmp/.ICE-unix/1147'), ('INVOCATION_ID', '5668d60ff2944fae98086cdc9fc421e1'), ('XDG_MENU_PREFIX', 'gnome-'), ('GNOME_SETUP_DISPLAY', ':1'), ('XDG_RUNTIME_DIR', '/run/user/1000'), ('DISPLAY', ':0'), ('TERMINATOR_DBUS_PATH', '/net/tenshu/Terminator2'), ('LANG', 'en_US.UTF-8'), ('XDG_CURRENT_DESKTOP', 'ubuntu:GNOME'), ('IBUS_DISABLE_SNOOPER', '1'), ('XMODIFIERS', '@im=ibus'), ('XDG_SESSION_DESKTOP', 'ubuntu'), ('XAUTHORITY', '/run/user/1000/.mutter-Xwaylandauth.519EM3'), ('LS_COLORS', 'rs=0:di=01;34:ln=01;36:mh=00:pi=40;33:so=01;35:do=01;35:bd=40;33;01:cd=40;33;01:or=40;31;01:mi=00:su=37;41:sg=30;43:ca=30;41:tw=30;42:ow=34;42:st=37;44:ex=01;32:*.tar=01;31:*.tgz=01;31:*.arc=01;31:*.arj=01;31:*.taz=01;31:*.lha=01;31:*.lz4=01;31:*.lzh=01;31:*.lzma=01;31:*.tlz=01;31:*.txz=01;31:*.tzo=01;31:*.t7z=01;31:*.zip=01;31:*.z=01;31:*.dz=01;31:*.gz=01;31:*.lrz=01;31:*.lz=01;31:*.lzo=01;31:*.xz=01;31:*.zst=01;31:*.tzst=01;31:*.bz2=01;31:*.bz=01;31:*.tbz=01;31:*.tbz2=01;31:*.tz=01;31:*.deb=01;31:*.rpm=01;31:*.jar=01;31:*.war=01;31:*.ear=01;31:*.sar=01;31:*.rar=01;31:*.alz=01;31:*.ace=01;31:*.zoo=01;31:*.cpio=01;31:*.7z=01;31:*.rz=01;31:*.cab=01;31:*.wim=01;31:*.swm=01;31:*.dwm=01;31:*.esd=01;31:*.jpg=01;35:*.jpeg=01;35:*.mjpg=01;35:*.mjpeg=01;35:*.gif=01;35:*.bmp=01;35:*.pbm=01;35:*.pgm=01;35:*.ppm=01;35:*.tga=01;35:*.xbm=01;35:*.xpm=01;35:*.tif=01;35:*.tiff=01;35:*.png=01;35:*.svg=01;35:*.svgz=01;35:*.mng=01;35:*.pcx=01;35:*.mov=01;35:*.mpg=01;35:*.mpeg=01;35:*.m2v=01;35:*.mkv=01;35:*.webm=01;35:*.webp=01;35:*.ogm=01;35:*.mp4=01;35:*.m4v=01;35:*.mp4v=01;35:*.vob=01;35:*.qt=01;35:*.nuv=01;35:*.wmv=01;35:*.asf=01;35:*.rm=01;35:*.rmvb=01;35:*.flc=01;35:*.avi=01;35:*.fli=01;35:*.flv=01;35:*.gl=01;35:*.dl=01;35:*.xcf=01;35:*.xwd=01;35:*.yuv=01;35:*.cgm=01;35:*.emf=01;35:*.ogv=01;35:*.ogx=01;35:*.aac=00;36:*.au=00;36:*.flac=00;36:*.m4a=00;36:*.mid=00;36:*.midi=00;36:*.mka=00;36:*.mp3=00;36:*.mpc=00;36:*.ogg=00;36:*.ra=00;36:*.wav=00;36:*.oga=00;36:*.opus=00;36:*.spx=00;36:*.xspf=00;36:'), ('SSH_AGENT_LAUNCHER', 'gnome-keyring'), ('SSH_AUTH_SOCK', '/run/user/1000/keyring/ssh'), ('AMENT_PREFIX_PATH', '/home/subhalaxmi/nidar_ws/install/drone_pkg:/home/subhalaxmi/nidar_ws/install/nidar_flight:/home/subhalaxmi/nidar_ws/install/px4_msgs:/home/subhalaxmi/nidar_ws/install/my_drone_bringup:/home/subhalaxmi/rover_ws/install/rover_ctrl:/home/subhalaxmi/autonav_ws/install/my_rover_description:/home/subhalaxmi/autonav_ws/install/my_rover_bringup:/home/subhalaxmi/my_robot_ws/install/my_robot_bringup:/home/subhalaxmi/my_robot_ws/install/my_robot_description:/home/subhalaxmi/my_robot_ws/install/line_follower:/home/subhalaxmi/ros2_ws/install/my_py_pkg:/opt/ros/humble'), ('SHELL', '/bin/bash'), ('TERMINATOR_UUID', 'urn:uuid:58195a0c-9f6d-451e-898e-fa7162240c90'), ('QT_ACCESSIBILITY', '1'), ('GDMSESSION', 'ubuntu'), ('LESSCLOSE', '/usr/bin/lesspipe %s %s'), ('GJS_DEBUG_OUTPUT', 'stderr'), ('QT_IM_MODULE', 'ibus'), ('PWD', '/home/subhalaxmi/nidar_ws/build/my_drone_bringup'), ('LC_ALL', 'en_US.UTF-8'), ('XDG_CONFIG_DIRS', '/etc/xdg/xdg-ubuntu:/etc/xdg'), ('XDG_DATA_DIRS', '/usr/share/ubuntu:/usr/local/share/:/usr/share/:/var/lib/snapd/desktop'), ('PYTHONPATH', '/home/subhalaxmi/nidar_ws/install/drone_pkg/lib/python3.10/site-packages:/home/subhalaxmi/nidar_ws/install/nidar_flight/lib/python3.10/site-packages:/home/subhalaxmi/nidar_ws/install/px4_msgs/local/lib/python3.10/dist-packages:/home/subhalaxmi/nidar_ws/install/my_drone_bringup/lib/python3.10/site-packages:/home/subhalaxmi/my_robot_ws/install/line_follower/lib/python3.10/site-packages:/home/subhalaxmi/ros2_ws/install/my_py_pkg/lib/python3.10/site-packages:/opt/ros/humble/lib/python3.10/site-packages:/opt/ros/humble/local/lib/python3.10/dist-packages'), ('COLCON', '1'), ('VTE_VERSION', '6800'), ('CMAKE_PREFIX_PATH', '/home/subhalaxmi/nidar_ws/install/px4_msgs:/home/subhalaxmi/nidar_ws/install/my_drone_bringup:/home/subhalaxmi/rover_ws/install/rover_ctrl:/home/subhalaxmi/autonav_ws/install/my_rover_description:/home/subhalaxmi/autonav_ws/install/my_rover_bringup:/home/subhalaxmi/my_robot_ws/install/my_robot_bringup:/home/subhalaxmi/my_robot_ws/install/my_robot_description:/home/subhalaxmi/nidar_ws/install/nidar_flight:/home/subhalaxmi/nidar_ws/install/drone_pkg:/home/subhalaxmi/my_robot_ws/install/line_follower:/home/subhalaxmi/ros2_ws/install/my_py_pkg:/opt/ros/humble')]), 'shell': False}
[5.392298] (-) TimerEvent: {}
[5.483606] (my_drone_bringup) CommandEnded: {'returncode': 0}
[5.487590] (my_drone_bringup) JobProgress: {'identifier': 'my_drone_bringup', 'progress': 'install'}
[5.493786] (-) TimerEvent: {}
[5.526024] (my_drone_bringup) Command: {'cmd': ['/usr/bin/cmake', '--install', '/home/subhalaxmi/nidar_ws/build/my_drone_bringup'], 'cwd': '/home/subhalaxmi/nidar_ws/build/my_drone_bringup', 'env': OrderedDict([('GJS_DEBUG_TOPICS', 'JS ERROR;JS LOG'), ('LESSOPEN', '| /usr/bin/lesspipe %s'), ('LANGUAGE', 'en_IN:en'), ('USER', 'subhalaxmi'), ('XDG_SESSION_TYPE', 'wayland'), ('SHLVL', '1'), ('LD_LIBRARY_PATH', '/home/subhalaxmi/nidar_ws/install/px4_msgs/lib:/opt/ros/humble/opt/rviz_ogre_vendor/lib:/opt/ros/humble/lib/x86_64-linux-gnu:/opt/ros/humble/lib'), ('HOME', '/home/subhalaxmi'), ('OLDPWD', '/home/subhalaxmi/nidar_ws'), ('DESKTOP_SESSION', 'ubuntu'), ('GIO_LAUNCHED_DESKTOP_FILE', '/usr/share/applications/terminator.desktop'), ('ROS_PYTHON_VERSION', '3'), ('GNOME_SHELL_SESSION_MODE', 'ubuntu'), ('GTK_MODULES', 'gail:atk-bridge'), ('MANAGERPID', '1036'), ('SYSTEMD_EXEC_PID', '1178'), ('DBUS_SESSION_BUS_ADDRESS', 'unix:path=/run/user/1000/bus'), ('COLORTERM', 'truecolor'), ('TERMINATOR_DBUS_NAME', 'net.tenshu.Terminator25ef4b219e3b005583550f2b0f9f990c3'), ('GIO_LAUNCHED_DESKTOP_FILE_PID', '17318'), ('IM_CONFIG_PHASE', '1'), ('WAYLAND_DISPLAY', 'wayland-0'), ('COLCON_PREFIX_PATH', '/home/subhalaxmi/nidar_ws/install:/home/subhalaxmi/rover_ws/install:/home/subhalaxmi/autonav_ws/install:/home/subhalaxmi/my_robot_ws/install:/home/subhalaxmi/ros2_ws/install'), ('ROS_DISTRO', 'humble'), ('LOGNAME', 'subhalaxmi'), ('JOURNAL_STREAM', '8:8924'), ('_', '/usr/bin/colcon'), ('ROS_VERSION', '2'), ('XDG_SESSION_CLASS', 'user'), ('USERNAME', 'subhalaxmi'), ('TERM', 'xterm-256color'), ('GNOME_DESKTOP_SESSION_ID', 'this-is-deprecated'), ('ROS_LOCALHOST_ONLY', '0'), ('PATH', '/home/subhalaxmi/.local/bin:/home/subhalaxmi/.local/bin:/opt/ros/humble/bin:/home/subhalaxmi/.local/bin:/usr/local/sbin:/usr/local/bin:/usr/sbin:/usr/bin:/sbin:/bin:/usr/games:/usr/local/games:/snap/bin:/snap/bin'), ('SESSION_MANAGER', 'local/subhalaxmi-Lenovo-G50-80:@/tmp/.ICE-unix/1147,unix/subhalaxmi-Lenovo-G50-80:/tmp/.ICE-unix/1147'), ('INVOCATION_ID', '5668d60ff2944fae98086cdc9fc421e1'), ('XDG_MENU_PREFIX', 'gnome-'), ('GNOME_SETUP_DISPLAY', ':1'), ('XDG_RUNTIME_DIR', '/run/user/1000'), ('DISPLAY', ':0'), ('TERMINATOR_DBUS_PATH', '/net/tenshu/Terminator2'), ('LANG', 'en_US.UTF-8'), ('XDG_CURRENT_DESKTOP', 'ubuntu:GNOME'), ('IBUS_DISABLE_SNOOPER', '1'), ('XMODIFIERS', '@im=ibus'), ('XDG_SESSION_DESKTOP', 'ubuntu'), ('XAUTHORITY', '/run/user/1000/.mutter-Xwaylandauth.519EM3'), ('LS_COLORS', 'rs=0:di=01;34:ln=01;36:mh=00:pi=40;33:so=01;35:do=01;35:bd=40;33;01:cd=40;33;01:or=40;31;01:mi=00:su=37;41:sg=30;43:ca=30;41:tw=30;42:ow=34;42:st=37;44:ex=01;32:*.tar=01;31:*.tgz=01;31:*.arc=01;31:*.arj=01;31:*.taz=01;31:*.lha=01;31:*.lz4=01;31:*.lzh=01;31:*.lzma=01;31:*.tlz=01;31:*.txz=01;31:*.tzo=01;31:*.t7z=01;31:*.zip=01;31:*.z=01;31:*.dz=01;31:*.gz=01;31:*.lrz=01;31:*.lz=01;31:*.lzo=01;31:*.xz=01;31:*.zst=01;31:*.tzst=01;31:*.bz2=01;31:*.bz=01;31:*.tbz=01;31:*.tbz2=01;31:*.tz=01;31:*.deb=01;31:*.rpm=01;31:*.jar=01;31:*.war=01;31:*.ear=01;31:*.sar=01;31:*.rar=01;31:*.alz=01;31:*.ace=01;31:*.zoo=01;31:*.cpio=01;31:*.7z=01;31:*.rz=01;31:*.cab=01;31:*.wim=01;31:*.swm=01;31:*.dwm=01;31:*.esd=01;31:*.jpg=01;35:*.jpeg=01;35:*.mjpg=01;35:*.mjpeg=01;35:*.gif=01;35:*.bmp=01;35:*.pbm=01;35:*.pgm=01;35:*.ppm=01;35:*.tga=01;35:*.xbm=01;35:*.xpm=01;35:*.tif=01;35:*.tiff=01;35:*.png=01;35:*.svg=01;35:*.svgz=01;35:*.mng=01;35:*.pcx=01;35:*.mov=01;35:*.mpg=01;35:*.mpeg=01;35:*.m2v=01;35:*.mkv=01;35:*.webm=01;35:*.webp=01;35:*.ogm=01;35:*.mp4=01;35:*.m4v=01;35:*.mp4v=01;35:*.vob=01;35:*.qt=01;35:*.nuv=01;35:*.wmv=01;35:*.asf=01;35:*.rm=01;35:*.rmvb=01;35:*.flc=01;35:*.avi=01;35:*.fli=01;35:*.flv=01;35:*.gl=01;35:*.dl=01;35:*.xcf=01;35:*.xwd=01;35:*.yuv=01;35:*.cgm=01;35:*.emf=01;35:*.ogv=01;35:*.ogx=01;35:*.aac=00;36:*.au=00;36:*.flac=00;36:*.m4a=00;36:*.mid=00;36:*.midi=00;36:*.mka=00;36:*.mp3=00;36:*.mpc=00;36:*.ogg=00;36:*.ra=00;36:*.wav=00;36:*.oga=00;36:*.opus=00;36:*.spx=00;36:*.xspf=00;36:'), ('SSH_AGENT_LAUNCHER', 'gnome-keyring'), ('SSH_AUTH_SOCK', '/run/user/1000/keyring/ssh'), ('AMENT_PREFIX_PATH', '/home/subhalaxmi/nidar_ws/install/drone_pkg:/home/subhalaxmi/nidar_ws/install/nidar_flight:/home/subhalaxmi/nidar_ws/install/px4_msgs:/home/subhalaxmi/nidar_ws/install/my_drone_bringup:/home/subhalaxmi/rover_ws/install/rover_ctrl:/home/subhalaxmi/autonav_ws/install/my_rover_description:/home/subhalaxmi/autonav_ws/install/my_rover_bringup:/home/subhalaxmi/my_robot_ws/install/my_robot_bringup:/home/subhalaxmi/my_robot_ws/install/my_robot_description:/home/subhalaxmi/my_robot_ws/install/line_follower:/home/subhalaxmi/ros2_ws/install/my_py_pkg:/opt/ros/humble'), ('SHELL', '/bin/bash'), ('TERMINATOR_UUID', 'urn:uuid:58195a0c-9f6d-451e-898e-fa7162240c90'), ('QT_ACCESSIBILITY', '1'), ('GDMSESSION', 'ubuntu'), ('LESSCLOSE', '/usr/bin/lesspipe %s %s'), ('GJS_DEBUG_OUTPUT', 'stderr'), ('QT_IM_MODULE', 'ibus'), ('PWD', '/home/subhalaxmi/nidar_ws/build/my_drone_bringup'), ('LC_ALL', 'en_US.UTF-8'), ('XDG_CONFIG_DIRS', '/etc/xdg/xdg-ubuntu:/etc/xdg'), ('XDG_DATA_DIRS', '/usr/share/ubuntu:/usr/local/share/:/usr/share/:/var/lib/snapd/desktop'), ('PYTHONPATH', '/home/subhalaxmi/nidar_ws/install/drone_pkg/lib/python3.10/site-packages:/home/subhalaxmi/nidar_ws/install/nidar_flight/lib/python3.10/site-packages:/home/subhalaxmi/nidar_ws/install/px4_msgs/local/lib/python3.10/dist-packages:/home/subhalaxmi/nidar_ws/install/my_drone_bringup/lib/python3.10/site-packages:/home/subhalaxmi/my_robot_ws/install/line_follower/lib/python3.10/site-packages:/home/subhalaxmi/ros2_ws/install/my_py_pkg/lib/python3.10/site-packages:/opt/ros/humble/lib/python3.10/site-packages:/opt/ros/humble/local/lib/python3.10/dist-packages'), ('COLCON', '1'), ('VTE_VERSION', '6800'), ('CMAKE_PREFIX_PATH', '/home/subhalaxmi/nidar_ws/install/px4_msgs:/home/subhalaxmi/nidar_ws/install/my_drone_bringup:/home/subhalaxmi/rover_ws/install/rover_ctrl:/home/subhalaxmi/autonav_ws/install/my_rover_description:/home/subhalaxmi/autonav_ws/install/my_rover_bringup:/home/subhalaxmi/my_robot_ws/install/my_robot_bringup:/home/subhalaxmi/my_robot_ws/install/my_robot_description:/home/subhalaxmi/nidar_ws/install/nidar_flight:/home/subhalaxmi/nidar_ws/install/drone_pkg:/home/subhalaxmi/my_robot_ws/install/line_follower:/home/subhalaxmi/ros2_ws/install/my_py_pkg:/opt/ros/humble')]), 'shell': False}
[5.553471] (my_drone_bringup) StdoutLine: {'line': b'-- Install configuration: ""\n'}
[5.554444] (my_drone_bringup) StdoutLine: {'line': b'-- Up-to-date: /home/subhalaxmi/nidar_ws/install/my_drone_bringup/share/my_drone_bringup//launch\n'}
[5.554744] (my_drone_bringup) StdoutLine: {'line': b'-- Up-to-date: /home/subhalaxmi/nidar_ws/install/my_drone_bringup/share/my_drone_bringup//launch/drone.launch.py\n'}
[5.554971] (my_drone_bringup) StdoutLine: {'line': b'-- Up-to-date: /home/subhalaxmi/nidar_ws/install/my_drone_bringup/share/ament_index/resource_index/package_run_dependencies/my_drone_bringup\n'}
[5.555158] (my_drone_bringup) StdoutLine: {'line': b'-- Up-to-date: /home/subhalaxmi/nidar_ws/install/my_drone_bringup/share/ament_index/resource_index/parent_prefix_path/my_drone_bringup\n'}
[5.556652] (my_drone_bringup) StdoutLine: {'line': b'-- Up-to-date: /home/subhalaxmi/nidar_ws/install/my_drone_bringup/share/my_drone_bringup/environment/ament_prefix_path.sh\n'}
[5.557251] (my_drone_bringup) StdoutLine: {'line': b'-- Up-to-date: /home/subhalaxmi/nidar_ws/install/my_drone_bringup/share/my_drone_bringup/environment/ament_prefix_path.dsv\n'}
[5.557925] (my_drone_bringup) StdoutLine: {'line': b'-- Up-to-date: /home/subhalaxmi/nidar_ws/install/my_drone_bringup/share/my_drone_bringup/environment/path.sh\n'}
[5.559964] (my_drone_bringup) StdoutLine: {'line': b'-- Up-to-date: /home/subhalaxmi/nidar_ws/install/my_drone_bringup/share/my_drone_bringup/environment/path.dsv\n'}
[5.561170] (my_drone_bringup) StdoutLine: {'line': b'-- Up-to-date: /home/subhalaxmi/nidar_ws/install/my_drone_bringup/share/my_drone_bringup/local_setup.bash\n'}
[5.562055] (my_drone_bringup) StdoutLine: {'line': b'-- Up-to-date: /home/subhalaxmi/nidar_ws/install/my_drone_bringup/share/my_drone_bringup/local_setup.sh\n'}
[5.562569] (my_drone_bringup) StdoutLine: {'line': b'-- Up-to-date: /home/subhalaxmi/nidar_ws/install/my_drone_bringup/share/my_drone_bringup/local_setup.zsh\n'}
[5.562972] (my_drone_bringup) StdoutLine: {'line': b'-- Up-to-date: /home/subhalaxmi/nidar_ws/install/my_drone_bringup/share/my_drone_bringup/local_setup.dsv\n'}
[5.563362] (my_drone_bringup) StdoutLine: {'line': b'-- Installing: /home/subhalaxmi/nidar_ws/install/my_drone_bringup/share/my_drone_bringup/package.dsv\n'}
[5.563619] (my_drone_bringup) StdoutLine: {'line': b'-- Up-to-date: /home/subhalaxmi/nidar_ws/install/my_drone_bringup/share/ament_index/resource_index/packages/my_drone_bringup\n'}
[5.563865] (my_drone_bringup) StdoutLine: {'line': b'-- Up-to-date: /home/subhalaxmi/nidar_ws/install/my_drone_bringup/share/my_drone_bringup/cmake/my_drone_bringupConfig.cmake\n'}
[5.564132] (my_drone_bringup) StdoutLine: {'line': b'-- Up-to-date: /home/subhalaxmi/nidar_ws/install/my_drone_bringup/share/my_drone_bringup/cmake/my_drone_bringupConfig-version.cmake\n'}
[5.564336] (my_drone_bringup) StdoutLine: {'line': b'-- Up-to-date: /home/subhalaxmi/nidar_ws/install/my_drone_bringup/share/my_drone_bringup/package.xml\n'}
[5.572082] (my_drone_bringup) CommandEnded: {'returncode': 0}
[5.595842] (-) TimerEvent: {}
[5.640109] (my_drone_bringup) JobEnded: {'identifier': 'my_drone_bringup', 'rc': 0}
[5.696232] (-) TimerEvent: {}
[5.797273] (-) TimerEvent: {}
[5.901190] (-) TimerEvent: {}
[6.002753] (-) TimerEvent: {}
[6.103235] (-) TimerEvent: {}
[6.204413] (-) TimerEvent: {}
[6.305515] (-) TimerEvent: {}
[6.406348] (-) TimerEvent: {}
[6.506922] (-) TimerEvent: {}
[6.607557] (-) TimerEvent: {}
[6.709913] (-) TimerEvent: {}
[6.810711] (-) TimerEvent: {}
[6.911620] (-) TimerEvent: {}
[7.013032] (-) TimerEvent: {}
[7.113996] (-) TimerEvent: {}
[7.215049] (-) TimerEvent: {}
[7.315851] (-) TimerEvent: {}
[7.416346] (-) TimerEvent: {}
[7.517219] (-) TimerEvent: {}
[7.619296] (-) TimerEvent: {}
[7.721942] (-) TimerEvent: {}
[7.823304] (-) TimerEvent: {}
[7.924352] (-) TimerEvent: {}
[8.025070] (-) TimerEvent: {}
[8.129190] (-) TimerEvent: {}
[8.232466] (-) TimerEvent: {}
[8.334853] (-) TimerEvent: {}
[8.437688] (-) TimerEvent: {}
[8.512434] (px4_msgs) StdoutLine: {'line': b'[  0%] Built target px4_msgs__cpp\n'}
[8.537836] (-) TimerEvent: {}
[8.638526] (-) TimerEvent: {}
[8.738996] (-) TimerEvent: {}
[8.807020] (px4_msgs) StdoutLine: {'line': b'[  0%] Built target ament_cmake_python_copy_px4_msgs\n'}
[8.839111] (-) TimerEvent: {}
[8.939611] (-) TimerEvent: {}
[9.040275] (-) TimerEvent: {}
[9.141760] (-) TimerEvent: {}
[9.242188] (-) TimerEvent: {}
[9.305050] (px4_msgs) StdoutLine: {'line': b'[ 12%] Built target px4_msgs__rosidl_typesupport_fastrtps_cpp\n'}
[9.342438] (-) TimerEvent: {}
[9.444054] (-) TimerEvent: {}
[9.547428] (-) TimerEvent: {}
[9.649253] (-) TimerEvent: {}
[9.740154] (px4_msgs) StdoutLine: {'line': b'[ 25%] Built target px4_msgs__rosidl_typesupport_introspection_cpp\n'}
[9.751036] (-) TimerEvent: {}
[9.851777] (-) TimerEvent: {}
[9.954914] (-) TimerEvent: {}
[10.055760] (-) TimerEvent: {}
[10.156652] (-) TimerEvent: {}
[10.258259] (-) TimerEvent: {}
[10.359886] (-) TimerEvent: {}
[10.462436] (-) TimerEvent: {}
[10.565777] (-) TimerEvent: {}
[10.666940] (-) TimerEvent: {}
[10.770976] (-) TimerEvent: {}
[10.871495] (-) TimerEvent: {}
[10.972898] (-) TimerEvent: {}
[11.075052] (-) TimerEvent: {}
[11.113394] (px4_msgs) StdoutLine: {'line': b'running egg_info\n'}
[11.114979] (px4_msgs) StdoutLine: {'line': b'writing px4_msgs.egg-info/PKG-INFO\n'}
[11.115291] (px4_msgs) StdoutLine: {'line': b'writing dependency_links to px4_msgs.egg-info/dependency_links.txt\n'}
[11.115504] (px4_msgs) StdoutLine: {'line': b'writing top-level names to px4_msgs.egg-info/top_level.txt\n'}
[11.129917] (px4_msgs) StdoutLine: {'line': b"reading manifest file 'px4_msgs.egg-info/SOURCES.txt'\n"}
[11.142730] (px4_msgs) StdoutLine: {'line': b"writing manifest file 'px4_msgs.egg-info/SOURCES.txt'\n"}
[11.175690] (-) TimerEvent: {}
[11.277977] (-) TimerEvent: {}
[11.294160] (px4_msgs) StdoutLine: {'line': b'[ 25%] Built target ament_cmake_python_build_px4_msgs_egg\n'}
[11.378224] (-) TimerEvent: {}
[11.480453] (-) TimerEvent: {}
[11.581600] (-) TimerEvent: {}
[11.683485] (-) TimerEvent: {}
[11.742896] (px4_msgs) StdoutLine: {'line': b'[ 37%] Built target px4_msgs__rosidl_typesupport_cpp\n'}
[11.784103] (-) TimerEvent: {}
[11.884763] (-) TimerEvent: {}
[11.986950] (-) TimerEvent: {}
[12.048194] (px4_msgs) StdoutLine: {'line': b'[ 49%] Built target px4_msgs__rosidl_generator_c\n'}
[12.088040] (-) TimerEvent: {}
[12.191229] (-) TimerEvent: {}
[12.294252] (-) TimerEvent: {}
[12.397148] (-) TimerEvent: {}
[12.500411] (-) TimerEvent: {}
[12.602874] (-) TimerEvent: {}
[12.633605] (px4_msgs) StdoutLine: {'line': b'[ 62%] Built target px4_msgs__rosidl_typesupport_fastrtps_c\n'}
[12.703329] (-) TimerEvent: {}
[12.805300] (-) TimerEvent: {}
[12.903749] (px4_msgs) StdoutLine: {'line': b'[ 75%] Built target px4_msgs__rosidl_typesupport_c\n'}
[12.906939] (-) TimerEvent: {}
[13.008991] (-) TimerEvent: {}
[13.111132] (-) TimerEvent: {}
[13.211679] (-) TimerEvent: {}
[13.250599] (px4_msgs) StdoutLine: {'line': b'[ 88%] Built target px4_msgs__rosidl_typesupport_introspection_c\n'}
[13.311836] (-) TimerEvent: {}
[13.365704] (px4_msgs) StdoutLine: {'line': b'[ 88%] Built target px4_msgs\n'}
[13.412024] (-) TimerEvent: {}
[13.514493] (-) TimerEvent: {}
[13.530085] (px4_msgs) StdoutLine: {'line': b'[ 88%] Built target px4_msgs__py\n'}
[13.615739] (-) TimerEvent: {}
[13.720026] (-) TimerEvent: {}
[13.820915] (-) TimerEvent: {}
[13.921612] (-) TimerEvent: {}
[13.985788] (px4_msgs) StdoutLine: {'line': b'[100%] Built target px4_msgs__rosidl_generator_py\n'}
[14.027720] (-) TimerEvent: {}
[14.074218] (px4_msgs) StdoutLine: {'line': b'[100%] Built target px4_msgs__rosidl_typesupport_fastrtps_c__pyext\n'}
[14.128782] (-) TimerEvent: {}
[14.191955] (px4_msgs) StdoutLine: {'line': b'[100%] Built target px4_msgs__rosidl_typesupport_c__pyext\n'}
[14.229954] (-) TimerEvent: {}
[14.300583] (px4_msgs) StdoutLine: {'line': b'[100%] Built target px4_msgs__rosidl_typesupport_introspection_c__pyext\n'}
[14.331667] (-) TimerEvent: {}
[14.356587] (px4_msgs) CommandEnded: {'returncode': 0}
[14.359514] (px4_msgs) JobProgress: {'identifier': 'px4_msgs', 'progress': 'install'}
[14.366361] (px4_msgs) Command: {'cmd': ['/usr/bin/cmake', '--install', '/home/subhalaxmi/nidar_ws/build/px4_msgs'], 'cwd': '/home/subhalaxmi/nidar_ws/build/px4_msgs', 'env': OrderedDict([('GJS_DEBUG_TOPICS', 'JS ERROR;JS LOG'), ('LESSOPEN', '| /usr/bin/lesspipe %s'), ('LANGUAGE', 'en_IN:en'), ('USER', 'subhalaxmi'), ('XDG_SESSION_TYPE', 'wayland'), ('SHLVL', '1'), ('LD_LIBRARY_PATH', '/home/subhalaxmi/nidar_ws/install/px4_msgs/lib:/opt/ros/humble/opt/rviz_ogre_vendor/lib:/opt/ros/humble/lib/x86_64-linux-gnu:/opt/ros/humble/lib'), ('HOME', '/home/subhalaxmi'), ('OLDPWD', '/home/subhalaxmi/nidar_ws'), ('DESKTOP_SESSION', 'ubuntu'), ('GIO_LAUNCHED_DESKTOP_FILE', '/usr/share/applications/terminator.desktop'), ('ROS_PYTHON_VERSION', '3'), ('GNOME_SHELL_SESSION_MODE', 'ubuntu'), ('GTK_MODULES', 'gail:atk-bridge'), ('MANAGERPID', '1036'), ('SYSTEMD_EXEC_PID', '1178'), ('DBUS_SESSION_BUS_ADDRESS', 'unix:path=/run/user/1000/bus'), ('COLORTERM', 'truecolor'), ('TERMINATOR_DBUS_NAME', 'net.tenshu.Terminator25ef4b219e3b005583550f2b0f9f990c3'), ('GIO_LAUNCHED_DESKTOP_FILE_PID', '17318'), ('IM_CONFIG_PHASE', '1'), ('WAYLAND_DISPLAY', 'wayland-0'), ('COLCON_PREFIX_PATH', '/home/subhalaxmi/nidar_ws/install:/home/subhalaxmi/rover_ws/install:/home/subhalaxmi/autonav_ws/install:/home/subhalaxmi/my_robot_ws/install:/home/subhalaxmi/ros2_ws/install'), ('ROS_DISTRO', 'humble'), ('LOGNAME', 'subhalaxmi'), ('JOURNAL_STREAM', '8:8924'), ('_', '/usr/bin/colcon'), ('ROS_VERSION', '2'), ('XDG_SESSION_CLASS', 'user'), ('USERNAME', 'subhalaxmi'), ('TERM', 'xterm-256color'), ('GNOME_DESKTOP_SESSION_ID', 'this-is-deprecated'), ('ROS_LOCALHOST_ONLY', '0'), ('PATH', '/home/subhalaxmi/.local/bin:/home/subhalaxmi/.local/bin:/opt/ros/humble/bin:/home/subhalaxmi/.local/bin:/usr/local/sbin:/usr/local/bin:/usr/sbin:/usr/bin:/sbin:/bin:/usr/games:/usr/local/games:/snap/bin:/snap/bin'), ('SESSION_MANAGER', 'local/subhalaxmi-Lenovo-G50-80:@/tmp/.ICE-unix/1147,unix/subhalaxmi-Lenovo-G50-80:/tmp/.ICE-unix/1147'), ('INVOCATION_ID', '5668d60ff2944fae98086cdc9fc421e1'), ('XDG_MENU_PREFIX', 'gnome-'), ('GNOME_SETUP_DISPLAY', ':1'), ('XDG_RUNTIME_DIR', '/run/user/1000'), ('DISPLAY', ':0'), ('TERMINATOR_DBUS_PATH', '/net/tenshu/Terminator2'), ('LANG', 'en_US.UTF-8'), ('XDG_CURRENT_DESKTOP', 'ubuntu:GNOME'), ('IBUS_DISABLE_SNOOPER', '1'), ('XMODIFIERS', '@im=ibus'), ('XDG_SESSION_DESKTOP', 'ubuntu'), ('XAUTHORITY', '/run/user/1000/.mutter-Xwaylandauth.519EM3'), ('LS_COLORS', 'rs=0:di=01;34:ln=01;36:mh=00:pi=40;33:so=01;35:do=01;35:bd=40;33;01:cd=40;33;01:or=40;31;01:mi=00:su=37;41:sg=30;43:ca=30;41:tw=30;42:ow=34;42:st=37;44:ex=01;32:*.tar=01;31:*.tgz=01;31:*.arc=01;31:*.arj=01;31:*.taz=01;31:*.lha=01;31:*.lz4=01;31:*.lzh=01;31:*.lzma=01;31:*.tlz=01;31:*.txz=01;31:*.tzo=01;31:*.t7z=01;31:*.zip=01;31:*.z=01;31:*.dz=01;31:*.gz=01;31:*.lrz=01;31:*.lz=01;31:*.lzo=01;31:*.xz=01;31:*.zst=01;31:*.tzst=01;31:*.bz2=01;31:*.bz=01;31:*.tbz=01;31:*.tbz2=01;31:*.tz=01;31:*.deb=01;31:*.rpm=01;31:*.jar=01;31:*.war=01;31:*.ear=01;31:*.sar=01;31:*.rar=01;31:*.alz=01;31:*.ace=01;31:*.zoo=01;31:*.cpio=01;31:*.7z=01;31:*.rz=01;31:*.cab=01;31:*.wim=01;31:*.swm=01;31:*.dwm=01;31:*.esd=01;31:*.jpg=01;35:*.jpeg=01;35:*.mjpg=01;35:*.mjpeg=01;35:*.gif=01;35:*.bmp=01;35:*.pbm=01;35:*.pgm=01;35:*.ppm=01;35:*.tga=01;35:*.xbm=01;35:*.xpm=01;35:*.tif=01;35:*.tiff=01;35:*.png=01;35:*.svg=01;35:*.svgz=01;35:*.mng=01;35:*.pcx=01;35:*.mov=01;35:*.mpg=01;35:*.mpeg=01;35:*.m2v=01;35:*.mkv=01;35:*.webm=01;35:*.webp=01;35:*.ogm=01;35:*.mp4=01;35:*.m4v=01;35:*.mp4v=01;35:*.vob=01;35:*.qt=01;35:*.nuv=01;35:*.wmv=01;35:*.asf=01;35:*.rm=01;35:*.rmvb=01;35:*.flc=01;35:*.avi=01;35:*.fli=01;35:*.flv=01;35:*.gl=01;35:*.dl=01;35:*.xcf=01;35:*.xwd=01;35:*.yuv=01;35:*.cgm=01;35:*.emf=01;35:*.ogv=01;35:*.ogx=01;35:*.aac=00;36:*.au=00;36:*.flac=00;36:*.m4a=00;36:*.mid=00;36:*.midi=00;36:*.mka=00;36:*.mp3=00;36:*.mpc=00;36:*.ogg=00;36:*.ra=00;36:*.wav=00;36:*.oga=00;36:*.opus=00;36:*.spx=00;36:*.xspf=00;36:'), ('SSH_AGENT_LAUNCHER', 'gnome-keyring'), ('SSH_AUTH_SOCK', '/run/user/1000/keyring/ssh'), ('AMENT_PREFIX_PATH', '/home/subhalaxmi/nidar_ws/install/nidar_flight:/home/subhalaxmi/nidar_ws/install/px4_msgs:/home/subhalaxmi/nidar_ws/install/my_drone_bringup:/home/subhalaxmi/nidar_ws/install/drone_pkg:/home/subhalaxmi/rover_ws/install/rover_ctrl:/home/subhalaxmi/autonav_ws/install/my_rover_description:/home/subhalaxmi/autonav_ws/install/my_rover_bringup:/home/subhalaxmi/my_robot_ws/install/my_robot_bringup:/home/subhalaxmi/my_robot_ws/install/my_robot_description:/home/subhalaxmi/my_robot_ws/install/line_follower:/home/subhalaxmi/ros2_ws/install/my_py_pkg:/opt/ros/humble'), ('SHELL', '/bin/bash'), ('TERMINATOR_UUID', 'urn:uuid:58195a0c-9f6d-451e-898e-fa7162240c90'), ('QT_ACCESSIBILITY', '1'), ('GDMSESSION', 'ubuntu'), ('LESSCLOSE', '/usr/bin/lesspipe %s %s'), ('GJS_DEBUG_OUTPUT', 'stderr'), ('QT_IM_MODULE', 'ibus'), ('PWD', '/home/subhalaxmi/nidar_ws/build/px4_msgs'), ('LC_ALL', 'en_US.UTF-8'), ('XDG_CONFIG_DIRS', '/etc/xdg/xdg-ubuntu:/etc/xdg'), ('XDG_DATA_DIRS', '/usr/share/ubuntu:/usr/local/share/:/usr/share/:/var/lib/snapd/desktop'), ('PYTHONPATH', '/home/subhalaxmi/nidar_ws/install/nidar_flight/lib/python3.10/site-packages:/home/subhalaxmi/nidar_ws/install/px4_msgs/local/lib/python3.10/dist-packages:/home/subhalaxmi/nidar_ws/install/my_drone_bringup/lib/python3.10/site-packages:/home/subhalaxmi/nidar_ws/install/drone_pkg/lib/python3.10/site-packages:/home/subhalaxmi/my_robot_ws/install/line_follower/lib/python3.10/site-packages:/home/subhalaxmi/ros2_ws/install/my_py_pkg/lib/python3.10/site-packages:/opt/ros/humble/lib/python3.10/site-packages:/opt/ros/humble/local/lib/python3.10/dist-packages'), ('COLCON', '1'), ('VTE_VERSION', '6800'), ('CMAKE_PREFIX_PATH', '/home/subhalaxmi/nidar_ws/install/px4_msgs:/home/subhalaxmi/nidar_ws/install/my_drone_bringup:/home/subhalaxmi/rover_ws/install/rover_ctrl:/home/subhalaxmi/autonav_ws/install/my_rover_description:/home/subhalaxmi/autonav_ws/install/my_rover_bringup:/home/subhalaxmi/my_robot_ws/install/my_robot_bringup:/home/subhalaxmi/my_robot_ws/install/my_robot_description:/home/subhalaxmi/nidar_ws/install/nidar_flight:/home/subhalaxmi/nidar_ws/install/drone_pkg:/home/subhalaxmi/my_robot_ws/install/line_follower:/home/subhalaxmi/ros2_ws/install/my_py_pkg:/opt/ros/humble')]), 'shell': False}
[14.407036] (px4_msgs) StdoutLine: {'line': b'-- Install configuration: ""\n'}
[14.409377] (px4_msgs) StdoutLine: {'line': b'-- Up-to-date: /home/subhalaxmi/nidar_ws/install/px4_msgs/share/ament_index/resource_index/rosidl_interfaces/px4_msgs\n'}
[14.410939] (px4_msgs) StdoutLine: {'line': b'-- Up-to-date: /home/subhalaxmi/nidar_ws/install/px4_msgs/include/px4_msgs/px4_msgs\n'}
[14.411315] (px4_msgs) StdoutLine: {'line': b'-- Up-to-date: /home/subhalaxmi/nidar_ws/install/px4_msgs/include/px4_msgs/px4_msgs/msg\n'}
[14.411579] (px4_msgs) StdoutLine: {'line': b'-- Up-to-date: /home/subhalaxmi/nidar_ws/install/px4_msgs/include/px4_msgs/px4_msgs/msg/vehicle_acceleration.h\n'}
[14.412936] (px4_msgs) StdoutLine: {'line': b'-- Up-to-date: /home/subhalaxmi/nidar_ws/install/px4_msgs/include/px4_msgs/px4_msgs/msg/device_information.h\n'}
[14.413441] (px4_msgs) StdoutLine: {'line': b'-- Up-to-date: /home/subhalaxmi/nidar_ws/install/px4_msgs/include/px4_msgs/px4_msgs/msg/airspeed.h\n'}
[14.413919] (px4_msgs) StdoutLine: {'line': b'-- Up-to-date: /home/subhalaxmi/nidar_ws/install/px4_msgs/include/px4_msgs/px4_msgs/msg/estimator_bias.h\n'}
[14.414705] (px4_msgs) StdoutLine: {'line': b'-- Up-to-date: /home/subhalaxmi/nidar_ws/install/px4_msgs/include/px4_msgs/px4_msgs/msg/health_report.h\n'}
[14.415237] (px4_msgs) StdoutLine: {'line': b'-- Up-to-date: /home/subhalaxmi/nidar_ws/install/px4_msgs/include/px4_msgs/px4_msgs/msg/rtl_time_estimate.h\n'}
[14.420840] (px4_msgs) StdoutLine: {'line': b'-- Up-to-date: /home/subhalaxmi/nidar_ws/install/px4_msgs/include/px4_msgs/px4_msgs/msg/rosidl_generator_c__visibility_control.h\n'}
[14.421252] (px4_msgs) StdoutLine: {'line': b'-- Up-to-date: /home/subhalaxmi/nidar_ws/install/px4_msgs/include/px4_msgs/px4_msgs/msg/goto_setpoint.h\n'}
[14.422203] (px4_msgs) StdoutLine: {'line': b'-- Up-to-date: /home/subhalaxmi/nidar_ws/install/px4_msgs/include/px4_msgs/px4_msgs/msg/qshell_req.h\n'}
[14.422545] (px4_msgs) StdoutLine: {'line': b'-- Up-to-date: /home/subhalaxmi/nidar_ws/install/px4_msgs/include/px4_msgs/px4_msgs/msg/vehicle_roi.h\n'}
[14.422785] (px4_msgs) StdoutLine: {'line': b'-- Up-to-date: /home/subhalaxmi/nidar_ws/install/px4_msgs/include/px4_msgs/px4_msgs/msg/gripper.h\n'}
[14.423078] (px4_msgs) StdoutLine: {'line': b'-- Up-to-date: /home/subhalaxmi/nidar_ws/install/px4_msgs/include/px4_msgs/px4_msgs/msg/fuel_tank_status.h\n'}
[14.423317] (px4_msgs) StdoutLine: {'line': b'-- Up-to-date: /home/subhalaxmi/nidar_ws/install/px4_msgs/include/px4_msgs/px4_msgs/msg/rover_rate_setpoint.h\n'}
[14.423550] (px4_msgs) StdoutLine: {'line': b'-- Up-to-date: /home/subhalaxmi/nidar_ws/install/px4_msgs/include/px4_msgs/px4_msgs/msg/offboard_control_mode.h\n'}
[14.423777] (px4_msgs) StdoutLine: {'line': b'-- Up-to-date: /home/subhalaxmi/nidar_ws/install/px4_msgs/include/px4_msgs/px4_msgs/msg/control_allocator_status.h\n'}
[14.426985] (px4_msgs) StdoutLine: {'line': b'-- Up-to-date: /home/subhalaxmi/nidar_ws/install/px4_msgs/include/px4_msgs/px4_msgs/msg/esc_status.h\n'}
[14.427263] (px4_msgs) StdoutLine: {'line': b'-- Up-to-date: /home/subhalaxmi/nidar_ws/install/px4_msgs/include/px4_msgs/px4_msgs/msg/mount_orientation.h\n'}
[14.427533] (px4_msgs) StdoutLine: {'line': b'-- Up-to-date: /home/subhalaxmi/nidar_ws/install/px4_msgs/include/px4_msgs/px4_msgs/msg/actuator_motors.h\n'}
[14.427764] (px4_msgs) StdoutLine: {'line': b'-- Up-to-date: /home/subhalaxmi/nidar_ws/install/px4_msgs/include/px4_msgs/px4_msgs/msg/landing_target_pose.h\n'}
[14.428052] (px4_msgs) StdoutLine: {'line': b'-- Up-to-date: /home/subhalaxmi/nidar_ws/install/px4_msgs/include/px4_msgs/px4_msgs/msg/rover_speed_status.h\n'}
[14.428284] (px4_msgs) StdoutLine: {'line': b'-- Up-to-date: /home/subhalaxmi/nidar_ws/install/px4_msgs/include/px4_msgs/px4_msgs/msg/raptor_input.h\n'}
[14.428654] (px4_msgs) StdoutLine: {'line': b'-- Up-to-date: /home/subhalaxmi/nidar_ws/install/px4_msgs/include/px4_msgs/px4_msgs/msg/orb_test.h\n'}
[14.429767] (px4_msgs) StdoutLine: {'line': b'-- Up-to-date: /home/subhalaxmi/nidar_ws/install/px4_msgs/include/px4_msgs/px4_msgs/msg/normalized_unsigned_setpoint.h\n'}
[14.430058] (px4_msgs) StdoutLine: {'line': b'-- Up-to-date: /home/subhalaxmi/nidar_ws/install/px4_msgs/include/px4_msgs/px4_msgs/msg/dronecan_node_status.h\n'}
[14.430314] (px4_msgs) StdoutLine: {'line': b'-- Up-to-date: /home/subhalaxmi/nidar_ws/install/px4_msgs/include/px4_msgs/px4_msgs/msg/esc_report.h\n'}
[14.434533] (-) TimerEvent: {}
[14.435365] (px4_msgs) StdoutLine: {'line': b'-- Up-to-date: /home/subhalaxmi/nidar_ws/install/px4_msgs/include/px4_msgs/px4_msgs/msg/debug_value.h\n'}
[14.435777] (px4_msgs) StdoutLine: {'line': b'-- Up-to-date: /home/subhalaxmi/nidar_ws/install/px4_msgs/include/px4_msgs/px4_msgs/msg/sensor_airflow.h\n'}
[14.436139] (px4_msgs) StdoutLine: {'line': b'-- Up-to-date: /home/subhalaxmi/nidar_ws/install/px4_msgs/include/px4_msgs/px4_msgs/msg/gimbal_controls.h\n'}
[14.436369] (px4_msgs) StdoutLine: {'line': b'-- Up-to-date: /home/subhalaxmi/nidar_ws/install/px4_msgs/include/px4_msgs/px4_msgs/msg/follow_target_status.h\n'}
[14.436575] (px4_msgs) StdoutLine: {'line': b'-- Up-to-date: /home/subhalaxmi/nidar_ws/install/px4_msgs/include/px4_msgs/px4_msgs/msg/distance_sensor_mode_change_request.h\n'}
[14.436782] (px4_msgs) StdoutLine: {'line': b'-- Up-to-date: /home/subhalaxmi/nidar_ws/install/px4_msgs/include/px4_msgs/px4_msgs/msg/landing_gear.h\n'}
[14.437041] (px4_msgs) StdoutLine: {'line': b'-- Up-to-date: /home/subhalaxmi/nidar_ws/install/px4_msgs/include/px4_msgs/px4_msgs/msg/arming_check_request.h\n'}
[14.437277] (px4_msgs) StdoutLine: {'line': b'-- Up-to-date: /home/subhalaxmi/nidar_ws/install/px4_msgs/include/px4_msgs/px4_msgs/msg/sensor_baro.h\n'}
[14.437492] (px4_msgs) StdoutLine: {'line': b'-- Up-to-date: /home/subhalaxmi/nidar_ws/install/px4_msgs/include/px4_msgs/px4_msgs/msg/navigator_status.h\n'}
[14.437694] (px4_msgs) StdoutLine: {'line': b'-- Up-to-date: /home/subhalaxmi/nidar_ws/install/px4_msgs/include/px4_msgs/px4_msgs/msg/figure_eight_status.h\n'}
[14.441796] (px4_msgs) StdoutLine: {'line': b'-- Up-to-date: /home/subhalaxmi/nidar_ws/install/px4_msgs/include/px4_msgs/px4_msgs/msg/onboard_computer_status.h\n'}
[14.442417] (px4_msgs) StdoutLine: {'line': b'-- Up-to-date: /home/subhalaxmi/nidar_ws/install/px4_msgs/include/px4_msgs/px4_msgs/msg/mission.h\n'}
[14.442781] (px4_msgs) StdoutLine: {'line': b'-- Up-to-date: /home/subhalaxmi/nidar_ws/install/px4_msgs/include/px4_msgs/px4_msgs/msg/sensor_temp.h\n'}
[14.443131] (px4_msgs) StdoutLine: {'line': b'-- Up-to-date: /home/subhalaxmi/nidar_ws/install/px4_msgs/include/px4_msgs/px4_msgs/msg/mavlink_tunnel.h\n'}
[14.443371] (px4_msgs) StdoutLine: {'line': b'-- Up-to-date: /home/subhalaxmi/nidar_ws/install/px4_msgs/include/px4_msgs/px4_msgs/msg/gimbal_manager_set_attitude.h\n'}
[14.443610] (px4_msgs) StdoutLine: {'line': b'-- Up-to-date: /home/subhalaxmi/nidar_ws/install/px4_msgs/include/px4_msgs/px4_msgs/msg/vehicle_status.h\n'}
[14.449424] (px4_msgs) StdoutLine: {'line': b'-- Up-to-date: /home/subhalaxmi/nidar_ws/install/px4_msgs/include/px4_msgs/px4_msgs/msg/vehicle_angular_acceleration_setpoint.h\n'}
[14.450232] (px4_msgs) StdoutLine: {'line': b'-- Up-to-date: /home/subhalaxmi/nidar_ws/install/px4_msgs/include/px4_msgs/px4_msgs/msg/ping.h\n'}
[14.450502] (px4_msgs) StdoutLine: {'line': b'-- Up-to-date: /home/subhalaxmi/nidar_ws/install/px4_msgs/include/px4_msgs/px4_msgs/msg/yaw_estimator_status.h\n'}
[14.450725] (px4_msgs) StdoutLine: {'line': b'-- Up-to-date: /home/subhalaxmi/nidar_ws/install/px4_msgs/include/px4_msgs/px4_msgs/msg/unregister_ext_component.h\n'}
[14.451014] (px4_msgs) StdoutLine: {'line': b'-- Up-to-date: /home/subhalaxmi/nidar_ws/install/px4_msgs/include/px4_msgs/px4_msgs/msg/vehicle_angular_velocity.h\n'}
[14.451227] (px4_msgs) StdoutLine: {'line': b'-- Up-to-date: /home/subhalaxmi/nidar_ws/install/px4_msgs/include/px4_msgs/px4_msgs/msg/geofence_status.h\n'}
[14.451416] (px4_msgs) StdoutLine: {'line': b'-- Up-to-date: /home/subhalaxmi/nidar_ws/install/px4_msgs/include/px4_msgs/px4_msgs/msg/open_drone_id_operator_id.h\n'}
[14.451600] (px4_msgs) StdoutLine: {'line': b'-- Up-to-date: /home/subhalaxmi/nidar_ws/install/px4_msgs/include/px4_msgs/px4_msgs/msg/orb_test_large.h\n'}
[14.451784] (px4_msgs) StdoutLine: {'line': b'-- Up-to-date: /home/subhalaxmi/nidar_ws/install/px4_msgs/include/px4_msgs/px4_msgs/msg/magnetometer_bias_estimate.h\n'}
[14.455257] (px4_msgs) StdoutLine: {'line': b'-- Up-to-date: /home/subhalaxmi/nidar_ws/install/px4_msgs/include/px4_msgs/px4_msgs/msg/gimbal_manager_information.h\n'}
[14.455554] (px4_msgs) StdoutLine: {'line': b'-- Up-to-date: /home/subhalaxmi/nidar_ws/install/px4_msgs/include/px4_msgs/px4_msgs/msg/fixed_wing_lateral_guidance_status.h\n'}
[14.455826] (px4_msgs) StdoutLine: {'line': b'-- Up-to-date: /home/subhalaxmi/nidar_ws/install/px4_msgs/include/px4_msgs/px4_msgs/msg/estimator_aid_source1d.h\n'}
[14.456089] (px4_msgs) StdoutLine: {'line': b'-- Up-to-date: /home/subhalaxmi/nidar_ws/install/px4_msgs/include/px4_msgs/px4_msgs/msg/mavlink_log.h\n'}
[14.456302] (px4_msgs) StdoutLine: {'line': b'-- Up-to-date: /home/subhalaxmi/nidar_ws/install/px4_msgs/include/px4_msgs/px4_msgs/msg/parameter_set_value_response.h\n'}
[14.456508] (px4_msgs) StdoutLine: {'line': b'-- Up-to-date: /home/subhalaxmi/nidar_ws/install/px4_msgs/include/px4_msgs/px4_msgs/msg/fixed_wing_runway_control.h\n'}
[14.456709] (px4_msgs) StdoutLine: {'line': b'-- Up-to-date: /home/subhalaxmi/nidar_ws/install/px4_msgs/include/px4_msgs/px4_msgs/msg/sensor_combined.h\n'}
[14.456959] (px4_msgs) StdoutLine: {'line': b'-- Up-to-date: /home/subhalaxmi/nidar_ws/install/px4_msgs/include/px4_msgs/px4_msgs/msg/led_control.h\n'}
[14.457180] (px4_msgs) StdoutLine: {'line': b'-- Up-to-date: /home/subhalaxmi/nidar_ws/install/px4_msgs/include/px4_msgs/px4_msgs/msg/action_request.h\n'}
[14.457382] (px4_msgs) StdoutLine: {'line': b'-- Up-to-date: /home/subhalaxmi/nidar_ws/install/px4_msgs/include/px4_msgs/px4_msgs/msg/vehicle_command.h\n'}
[14.457573] (px4_msgs) StdoutLine: {'line': b'-- Up-to-date: /home/subhalaxmi/nidar_ws/install/px4_msgs/include/px4_msgs/px4_msgs/msg/position_setpoint.h\n'}
[14.457757] (px4_msgs) StdoutLine: {'line': b'-- Up-to-date: /home/subhalaxmi/nidar_ws/install/px4_msgs/include/px4_msgs/px4_msgs/msg/cellular_status.h\n'}
[14.465412] (px4_msgs) StdoutLine: {'line': b'-- Up-to-date: /home/subhalaxmi/nidar_ws/install/px4_msgs/include/px4_msgs/px4_msgs/msg/hover_thrust_estimate.h\n'}
[14.465635] (px4_msgs) StdoutLine: {'line': b'-- Up-to-date: /home/subhalaxmi/nidar_ws/install/px4_msgs/include/px4_msgs/px4_msgs/msg/battery_info.h\n'}
[14.465831] (px4_msgs) StdoutLine: {'line': b'-- Up-to-date: /home/subhalaxmi/nidar_ws/install/px4_msgs/include/px4_msgs/px4_msgs/msg/satellite_info.h\n'}
[14.466022] (px4_msgs) StdoutLine: {'line': b'-- Up-to-date: /home/subhalaxmi/nidar_ws/install/px4_msgs/include/px4_msgs/px4_msgs/msg/camera_trigger.h\n'}
[14.466193] (px4_msgs) StdoutLine: {'line': b'-- Up-to-date: /home/subhalaxmi/nidar_ws/install/px4_msgs/include/px4_msgs/px4_msgs/msg/mag_worker_data.h\n'}
[14.466365] (px4_msgs) StdoutLine: {'line': b'-- Up-to-date: /home/subhalaxmi/nidar_ws/install/px4_msgs/include/px4_msgs/px4_msgs/msg/arming_check_reply.h\n'}
[14.466534] (px4_msgs) StdoutLine: {'line': b'-- Up-to-date: /home/subhalaxmi/nidar_ws/install/px4_msgs/include/px4_msgs/px4_msgs/msg/vehicle_constraints.h\n'}
[14.466720] (px4_msgs) StdoutLine: {'line': b'-- Up-to-date: /home/subhalaxmi/nidar_ws/install/px4_msgs/include/px4_msgs/px4_msgs/msg/sensors_status_imu.h\n'}
[14.466943] (px4_msgs) StdoutLine: {'line': b'-- Up-to-date: /home/subhalaxmi/nidar_ws/install/px4_msgs/include/px4_msgs/px4_msgs/msg/rover_rate_status.h\n'}
[14.467136] (px4_msgs) StdoutLine: {'line': b'-- Up-to-date: /home/subhalaxmi/nidar_ws/install/px4_msgs/include/px4_msgs/px4_msgs/msg/register_ext_component_reply.h\n'}
[14.467312] (px4_msgs) StdoutLine: {'line': b'-- Up-to-date: /home/subhalaxmi/nidar_ws/install/px4_msgs/include/px4_msgs/px4_msgs/msg/distance_sensor.h\n'}
[14.467481] (px4_msgs) StdoutLine: {'line': b'-- Up-to-date: /home/subhalaxmi/nidar_ws/install/px4_msgs/include/px4_msgs/px4_msgs/msg/timesync_status.h\n'}
[14.467649] (px4_msgs) StdoutLine: {'line': b'-- Up-to-date: /home/subhalaxmi/nidar_ws/install/px4_msgs/include/px4_msgs/px4_msgs/msg/vtol_vehicle_status.h\n'}
[14.469222] (px4_msgs) StdoutLine: {'line': b'-- Up-to-date: /home/subhalaxmi/nidar_ws/install/px4_msgs/include/px4_msgs/px4_msgs/msg/iridiumsbd_status.h\n'}
[14.469614] (px4_msgs) StdoutLine: {'line': b'-- Up-to-date: /home/subhalaxmi/nidar_ws/install/px4_msgs/include/px4_msgs/px4_msgs/msg/manual_control_switches.h\n'}
[14.470143] (px4_msgs) StdoutLine: {'line': b'-- Up-to-date: /home/subhalaxmi/nidar_ws/install/px4_msgs/include/px4_msgs/px4_msgs/msg/fixed_wing_lateral_setpoint.h\n'}
[14.470368] (px4_msgs) StdoutLine: {'line': b'-- Up-to-date: /home/subhalaxmi/nidar_ws/install/px4_msgs/include/px4_msgs/px4_msgs/msg/vehicle_odometry.h\n'}
[14.470576] (px4_msgs) StdoutLine: {'line': b'-- Up-to-date: /home/subhalaxmi/nidar_ws/install/px4_msgs/include/px4_msgs/px4_msgs/msg/uavcan_parameter_request.h\n'}
[14.470818] (px4_msgs) StdoutLine: {'line': b'-- Up-to-date: /home/subhalaxmi/nidar_ws/install/px4_msgs/include/px4_msgs/px4_msgs/msg/failsafe_flags.h\n'}
[14.471060] (px4_msgs) StdoutLine: {'line': b'-- Up-to-date: /home/subhalaxmi/nidar_ws/install/px4_msgs/include/px4_msgs/px4_msgs/msg/follow_target_estimator.h\n'}
[14.471274] (px4_msgs) StdoutLine: {'line': b'-- Up-to-date: /home/subhalaxmi/nidar_ws/install/px4_msgs/include/px4_msgs/px4_msgs/msg/landing_target_innovations.h\n'}
[14.471490] (px4_msgs) StdoutLine: {'line': b'-- Up-to-date: /home/subhalaxmi/nidar_ws/install/px4_msgs/include/px4_msgs/px4_msgs/msg/config_overrides.h\n'}
[14.471694] (px4_msgs) StdoutLine: {'line': b'-- Up-to-date: /home/subhalaxmi/nidar_ws/install/px4_msgs/include/px4_msgs/px4_msgs/msg/takeoff_status.h\n'}
[14.478091] (px4_msgs) StdoutLine: {'line': b'-- Up-to-date: /home/subhalaxmi/nidar_ws/install/px4_msgs/include/px4_msgs/px4_msgs/msg/longitudinal_control_configuration.h\n'}
[14.478388] (px4_msgs) StdoutLine: {'line': b'-- Up-to-date: /home/subhalaxmi/nidar_ws/install/px4_msgs/include/px4_msgs/px4_msgs/msg/telemetry_status.h\n'}
[14.478615] (px4_msgs) StdoutLine: {'line': b'-- Up-to-date: /home/subhalaxmi/nidar_ws/install/px4_msgs/include/px4_msgs/px4_msgs/msg/manual_control_setpoint.h\n'}
[14.479375] (px4_msgs) StdoutLine: {'line': b'-- Up-to-date: /home/subhalaxmi/nidar_ws/install/px4_msgs/include/px4_msgs/px4_msgs/msg/rc_parameter_map.h\n'}
[14.479539] (px4_msgs) StdoutLine: {'line': b'-- Up-to-date: /home/subhalaxmi/nidar_ws/install/px4_msgs/include/px4_msgs/px4_msgs/msg/failure_detector_status.h\n'}
[14.479657] (px4_msgs) StdoutLine: {'line': b'-- Up-to-date: /home/subhalaxmi/nidar_ws/install/px4_msgs/include/px4_msgs/px4_msgs/msg/actuator_test.h\n'}
[14.479875] (px4_msgs) StdoutLine: {'line': b'-- Up-to-date: /home/subhalaxmi/nidar_ws/install/px4_msgs/include/px4_msgs/px4_msgs/msg/gimbal_manager_set_manual_control.h\n'}
[14.480131] (px4_msgs) StdoutLine: {'line': b'-- Up-to-date: /home/subhalaxmi/nidar_ws/install/px4_msgs/include/px4_msgs/px4_msgs/msg/vehicle_land_detected.h\n'}
[14.480354] (px4_msgs) StdoutLine: {'line': b'-- Up-to-date: /home/subhalaxmi/nidar_ws/install/px4_msgs/include/px4_msgs/px4_msgs/msg/radio_status.h\n'}
[14.480597] (px4_msgs) StdoutLine: {'line': b'-- Up-to-date: /home/subhalaxmi/nidar_ws/install/px4_msgs/include/px4_msgs/px4_msgs/msg/pure_pursuit_status.h\n'}
[14.480939] (px4_msgs) StdoutLine: {'line': b'-- Up-to-date: /home/subhalaxmi/nidar_ws/install/px4_msgs/include/px4_msgs/px4_msgs/msg/gpio_config.h\n'}
[14.482000] (px4_msgs) StdoutLine: {'line': b'-- Up-to-date: /home/subhalaxmi/nidar_ws/install/px4_msgs/include/px4_msgs/px4_msgs/msg/battery_status.h\n'}
[14.482337] (px4_msgs) StdoutLine: {'line': b'-- Up-to-date: /home/subhalaxmi/nidar_ws/install/px4_msgs/include/px4_msgs/px4_msgs/msg/estimator_status.h\n'}
[14.482598] (px4_msgs) StdoutLine: {'line': b'-- Up-to-date: /home/subhalaxmi/nidar_ws/install/px4_msgs/include/px4_msgs/px4_msgs/msg/vehicle_command_ack.h\n'}
[14.482850] (px4_msgs) StdoutLine: {'line': b'-- Up-to-date: /home/subhalaxmi/nidar_ws/install/px4_msgs/include/px4_msgs/px4_msgs/msg/debug_vect.h\n'}
[14.483144] (px4_msgs) StdoutLine: {'line': b'-- Up-to-date: /home/subhalaxmi/nidar_ws/install/px4_msgs/include/px4_msgs/px4_msgs/msg/rover_position_setpoint.h\n'}
[14.483388] (px4_msgs) StdoutLine: {'line': b'-- Up-to-date: /home/subhalaxmi/nidar_ws/install/px4_msgs/include/px4_msgs/px4_msgs/msg/flight_phase_estimation.h\n'}
[14.483670] (px4_msgs) StdoutLine: {'line': b'-- Up-to-date: /home/subhalaxmi/nidar_ws/install/px4_msgs/include/px4_msgs/px4_msgs/msg/register_ext_component_request.h\n'}
[14.485240] (px4_msgs) StdoutLine: {'line': b'-- Up-to-date: /home/subhalaxmi/nidar_ws/install/px4_msgs/include/px4_msgs/px4_msgs/msg/position_setpoint_triplet.h\n'}
[14.486067] (px4_msgs) StdoutLine: {'line': b'-- Up-to-date: /home/subhalaxmi/nidar_ws/install/px4_msgs/include/px4_msgs/px4_msgs/msg/power_button_state.h\n'}
[14.487284] (px4_msgs) StdoutLine: {'line': b'-- Up-to-date: /home/subhalaxmi/nidar_ws/install/px4_msgs/include/px4_msgs/px4_msgs/msg/pps_capture.h\n'}
[14.488548] (px4_msgs) StdoutLine: {'line': b'-- Up-to-date: /home/subhalaxmi/nidar_ws/install/px4_msgs/include/px4_msgs/px4_msgs/msg/autotune_attitude_control_status.h\n'}
[14.489223] (px4_msgs) StdoutLine: {'line': b'-- Up-to-date: /home/subhalaxmi/nidar_ws/install/px4_msgs/include/px4_msgs/px4_msgs/msg/trajectory_setpoint.h\n'}
[14.489564] (px4_msgs) StdoutLine: {'line': b'-- Up-to-date: /home/subhalaxmi/nidar_ws/install/px4_msgs/include/px4_msgs/px4_msgs/msg/open_drone_id_system.h\n'}
[14.489893] (px4_msgs) StdoutLine: {'line': b'-- Up-to-date: /home/subhalaxmi/nidar_ws/install/px4_msgs/include/px4_msgs/px4_msgs/msg/neural_control.h\n'}
[14.490420] (px4_msgs) StdoutLine: {'line': b'-- Up-to-date: /home/subhalaxmi/nidar_ws/install/px4_msgs/include/px4_msgs/px4_msgs/msg/rc_channels.h\n'}
[14.490678] (px4_msgs) StdoutLine: {'line': b'-- Up-to-date: /home/subhalaxmi/nidar_ws/install/px4_msgs/include/px4_msgs/px4_msgs/msg/pwm_input.h\n'}
[14.490929] (px4_msgs) StdoutLine: {'line': b'-- Up-to-date: /home/subhalaxmi/nidar_ws/install/px4_msgs/include/px4_msgs/px4_msgs/msg/parameter_set_used_request.h\n'}
[14.491328] (px4_msgs) StdoutLine: {'line': b'-- Up-to-date: /home/subhalaxmi/nidar_ws/install/px4_msgs/include/px4_msgs/px4_msgs/msg/airspeed_wind.h\n'}
[14.491596] (px4_msgs) StdoutLine: {'line': b'-- Up-to-date: /home/subhalaxmi/nidar_ws/install/px4_msgs/include/px4_msgs/px4_msgs/msg/vehicle_optical_flow_vel.h\n'}
[14.491843] (px4_msgs) StdoutLine: {'line': b'-- Up-to-date: /home/subhalaxmi/nidar_ws/install/px4_msgs/include/px4_msgs/px4_msgs/msg/vehicle_local_position_setpoint.h\n'}
[14.493977] (px4_msgs) StdoutLine: {'line': b'-- Up-to-date: /home/subhalaxmi/nidar_ws/install/px4_msgs/include/px4_msgs/px4_msgs/msg/follow_target.h\n'}
[14.494524] (px4_msgs) StdoutLine: {'line': b'-- Up-to-date: /home/subhalaxmi/nidar_ws/install/px4_msgs/include/px4_msgs/px4_msgs/msg/vehicle_thrust_setpoint.h\n'}
[14.494993] (px4_msgs) StdoutLine: {'line': b'-- Up-to-date: /home/subhalaxmi/nidar_ws/install/px4_msgs/include/px4_msgs/px4_msgs/msg/gpio_in.h\n'}
[14.495463] (px4_msgs) StdoutLine: {'line': b'-- Up-to-date: /home/subhalaxmi/nidar_ws/install/px4_msgs/include/px4_msgs/px4_msgs/msg/geofence_result.h\n'}
[14.496268] (px4_msgs) StdoutLine: {'line': b'-- Up-to-date: /home/subhalaxmi/nidar_ws/install/px4_msgs/include/px4_msgs/px4_msgs/msg/gimbal_device_set_attitude.h\n'}
[14.496535] (px4_msgs) StdoutLine: {'line': b'-- Up-to-date: /home/subhalaxmi/nidar_ws/install/px4_msgs/include/px4_msgs/px4_msgs/msg/rover_attitude_status.h\n'}
[14.496750] (px4_msgs) StdoutLine: {'line': b'-- Up-to-date: /home/subhalaxmi/nidar_ws/install/px4_msgs/include/px4_msgs/px4_msgs/msg/generator_status.h\n'}
[14.496990] (px4_msgs) StdoutLine: {'line': b'-- Up-to-date: /home/subhalaxmi/nidar_ws/install/px4_msgs/include/px4_msgs/px4_msgs/msg/sensor_hygrometer.h\n'}
[14.497201] (px4_msgs) StdoutLine: {'line': b'-- Up-to-date: /home/subhalaxmi/nidar_ws/install/px4_msgs/include/px4_msgs/px4_msgs/msg/button_event.h\n'}
[14.497404] (px4_msgs) StdoutLine: {'line': b'-- Up-to-date: /home/subhalaxmi/nidar_ws/install/px4_msgs/include/px4_msgs/px4_msgs/msg/sensor_accel.h\n'}
[14.497605] (px4_msgs) StdoutLine: {'line': b'-- Up-to-date: /home/subhalaxmi/nidar_ws/install/px4_msgs/include/px4_msgs/px4_msgs/msg/ulog_stream.h\n'}
[14.497824] (px4_msgs) StdoutLine: {'line': b'-- Up-to-date: /home/subhalaxmi/nidar_ws/install/px4_msgs/include/px4_msgs/px4_msgs/msg/parameter_update.h\n'}
[14.498064] (px4_msgs) StdoutLine: {'line': b'-- Up-to-date: /home/subhalaxmi/nidar_ws/install/px4_msgs/include/px4_msgs/px4_msgs/msg/dataman_response.h\n'}
[14.498274] (px4_msgs) StdoutLine: {'line': b'-- Up-to-date: /home/subhalaxmi/nidar_ws/install/px4_msgs/include/px4_msgs/px4_msgs/msg/transponder_report.h\n'}
[14.498476] (px4_msgs) StdoutLine: {'line': b'-- Up-to-date: /home/subhalaxmi/nidar_ws/install/px4_msgs/include/px4_msgs/px4_msgs/msg/gimbal_device_information.h\n'}
[14.499172] (px4_msgs) StdoutLine: {'line': b'-- Up-to-date: /home/subhalaxmi/nidar_ws/install/px4_msgs/include/px4_msgs/px4_msgs/msg/uavcan_parameter_value.h\n'}
[14.499724] (px4_msgs) StdoutLine: {'line': b'-- Up-to-date: /home/subhalaxmi/nidar_ws/install/px4_msgs/include/px4_msgs/px4_msgs/msg/navigator_mission_item.h\n'}
[14.500076] (px4_msgs) StdoutLine: {'line': b'-- Up-to-date: /home/subhalaxmi/nidar_ws/install/px4_msgs/include/px4_msgs/px4_msgs/msg/vehicle_imu_status.h\n'}
[14.500280] (px4_msgs) StdoutLine: {'line': b'-- Up-to-date: /home/subhalaxmi/nidar_ws/install/px4_msgs/include/px4_msgs/px4_msgs/msg/sensor_selection.h\n'}
[14.500482] (px4_msgs) StdoutLine: {'line': b'-- Up-to-date: /home/subhalaxmi/nidar_ws/install/px4_msgs/include/px4_msgs/px4_msgs/msg/system_power.h\n'}
[14.500680] (px4_msgs) StdoutLine: {'line': b'-- Up-to-date: /home/subhalaxmi/nidar_ws/install/px4_msgs/include/px4_msgs/px4_msgs/msg/orb_test_medium.h\n'}
[14.500956] (px4_msgs) StdoutLine: {'line': b'-- Up-to-date: /home/subhalaxmi/nidar_ws/install/px4_msgs/include/px4_msgs/px4_msgs/msg/log_message.h\n'}
[14.501176] (px4_msgs) StdoutLine: {'line': b'-- Up-to-date: /home/subhalaxmi/nidar_ws/install/px4_msgs/include/px4_msgs/px4_msgs/msg/vehicle_attitude_setpoint.h\n'}
[14.501378] (px4_msgs) StdoutLine: {'line': b'-- Up-to-date: /home/subhalaxmi/nidar_ws/install/px4_msgs/include/px4_msgs/px4_msgs/msg/rtl_status.h\n'}
[14.501590] (px4_msgs) StdoutLine: {'line': b'-- Up-to-date: /home/subhalaxmi/nidar_ws/install/px4_msgs/include/px4_msgs/px4_msgs/msg/adc_report.h\n'}
[14.501860] (px4_msgs) StdoutLine: {'line': b'-- Up-to-date: /home/subhalaxmi/nidar_ws/install/px4_msgs/include/px4_msgs/px4_msgs/msg/power_monitor.h\n'}
[14.502105] (px4_msgs) StdoutLine: {'line': b'-- Up-to-date: /home/subhalaxmi/nidar_ws/install/px4_msgs/include/px4_msgs/px4_msgs/msg/launch_detection_status.h\n'}
[14.502360] (px4_msgs) StdoutLine: {'line': b'-- Up-to-date: /home/subhalaxmi/nidar_ws/install/px4_msgs/include/px4_msgs/px4_msgs/msg/trajectory_setpoint6dof.h\n'}
[14.503055] (px4_msgs) StdoutLine: {'line': b'-- Up-to-date: /home/subhalaxmi/nidar_ws/install/px4_msgs/include/px4_msgs/px4_msgs/msg/fixed_wing_longitudinal_setpoint.h\n'}
[14.503306] (px4_msgs) StdoutLine: {'line': b'-- Up-to-date: /home/subhalaxmi/nidar_ws/install/px4_msgs/include/px4_msgs/px4_msgs/msg/position_controller_status.h\n'}
[14.503568] (px4_msgs) StdoutLine: {'line': b'-- Up-to-date: /home/subhalaxmi/nidar_ws/install/px4_msgs/include/px4_msgs/px4_msgs/msg/gpio_out.h\n'}
[14.503793] (px4_msgs) StdoutLine: {'line': b'-- Up-to-date: /home/subhalaxmi/nidar_ws/install/px4_msgs/include/px4_msgs/px4_msgs/msg/home_position.h\n'}
[14.504200] (px4_msgs) StdoutLine: {'line': b'-- Up-to-date: /home/subhalaxmi/nidar_ws/install/px4_msgs/include/px4_msgs/px4_msgs/msg/ulog_stream_ack.h\n'}
[14.504631] (px4_msgs) StdoutLine: {'line': b'-- Up-to-date: /home/subhalaxmi/nidar_ws/install/px4_msgs/include/px4_msgs/px4_msgs/msg/estimator_selector_status.h\n'}
[14.504854] (px4_msgs) StdoutLine: {'line': b'-- Up-to-date: /home/subhalaxmi/nidar_ws/install/px4_msgs/include/px4_msgs/px4_msgs/msg/irlock_report.h\n'}
[14.505073] (px4_msgs) StdoutLine: {'line': b'-- Up-to-date: /home/subhalaxmi/nidar_ws/install/px4_msgs/include/px4_msgs/px4_msgs/msg/actuator_servos_trim.h\n'}
[14.505270] (px4_msgs) StdoutLine: {'line': b'-- Up-to-date: /home/subhalaxmi/nidar_ws/install/px4_msgs/include/px4_msgs/px4_msgs/msg/parameter_reset_request.h\n'}
[14.505467] (px4_msgs) StdoutLine: {'line': b'-- Up-to-date: /home/subhalaxmi/nidar_ws/install/px4_msgs/include/px4_msgs/px4_msgs/msg/rpm.h\n'}
[14.505660] (px4_msgs) StdoutLine: {'line': b'-- Up-to-date: /home/subhalaxmi/nidar_ws/install/px4_msgs/include/px4_msgs/px4_msgs/msg/gimbal_device_attitude_status.h\n'}
[14.505870] (px4_msgs) StdoutLine: {'line': b'-- Up-to-date: /home/subhalaxmi/nidar_ws/install/px4_msgs/include/px4_msgs/px4_msgs/msg/actuator_controls_status.h\n'}
[14.506152] (px4_msgs) StdoutLine: {'line': b'-- Up-to-date: /home/subhalaxmi/nidar_ws/install/px4_msgs/include/px4_msgs/px4_msgs/msg/internal_combustion_engine_control.h\n'}
[14.506350] (px4_msgs) StdoutLine: {'line': b'-- Up-to-date: /home/subhalaxmi/nidar_ws/install/px4_msgs/include/px4_msgs/px4_msgs/msg/rover_throttle_setpoint.h\n'}
[14.506544] (px4_msgs) StdoutLine: {'line': b'-- Up-to-date: /home/subhalaxmi/nidar_ws/install/px4_msgs/include/px4_msgs/px4_msgs/msg/estimator_aid_source3d.h\n'}
[14.506739] (px4_msgs) StdoutLine: {'line': b'-- Up-to-date: /home/subhalaxmi/nidar_ws/install/px4_msgs/include/px4_msgs/px4_msgs/msg/estimator_states.h\n'}
[14.507542] (px4_msgs) StdoutLine: {'line': b'-- Up-to-date: /home/subhalaxmi/nidar_ws/install/px4_msgs/include/px4_msgs/px4_msgs/msg/sensor_gyro_fft.h\n'}
[14.507848] (px4_msgs) StdoutLine: {'line': b'-- Up-to-date: /home/subhalaxmi/nidar_ws/install/px4_msgs/include/px4_msgs/px4_msgs/msg/vehicle_optical_flow.h\n'}
[14.508118] (px4_msgs) StdoutLine: {'line': b'-- Up-to-date: /home/subhalaxmi/nidar_ws/install/px4_msgs/include/px4_msgs/px4_msgs/msg/orbit_status.h\n'}
[14.508353] (px4_msgs) StdoutLine: {'line': b'-- Up-to-date: /home/subhalaxmi/nidar_ws/install/px4_msgs/include/px4_msgs/px4_msgs/msg/event.h\n'}
[14.508623] (px4_msgs) StdoutLine: {'line': b'-- Up-to-date: /home/subhalaxmi/nidar_ws/install/px4_msgs/include/px4_msgs/px4_msgs/msg/vehicle_control_mode.h\n'}
[14.509174] (px4_msgs) StdoutLine: {'line': b'-- Up-to-date: /home/subhalaxmi/nidar_ws/install/px4_msgs/include/px4_msgs/px4_msgs/msg/vehicle_global_position.h\n'}
[14.509656] (px4_msgs) StdoutLine: {'line': b'-- Up-to-date: /home/subhalaxmi/nidar_ws/install/px4_msgs/include/px4_msgs/px4_msgs/msg/raptor_status.h\n'}
[14.509881] (px4_msgs) StdoutLine: {'line': b'-- Up-to-date: /home/subhalaxmi/nidar_ws/install/px4_msgs/include/px4_msgs/px4_msgs/msg/sensor_gnss_status.h\n'}
[14.510079] (px4_msgs) StdoutLine: {'line': b'-- Up-to-date: /home/subhalaxmi/nidar_ws/install/px4_msgs/include/px4_msgs/px4_msgs/msg/sensor_gyro.h\n'}
[14.510260] (px4_msgs) StdoutLine: {'line': b'-- Up-to-date: /home/subhalaxmi/nidar_ws/install/px4_msgs/include/px4_msgs/px4_msgs/msg/vehicle_imu.h\n'}
[14.510437] (px4_msgs) StdoutLine: {'line': b'-- Up-to-date: /home/subhalaxmi/nidar_ws/install/px4_msgs/include/px4_msgs/px4_msgs/msg/message_format_request.h\n'}
[14.511067] (px4_msgs) StdoutLine: {'line': b'-- Up-to-date: /home/subhalaxmi/nidar_ws/install/px4_msgs/include/px4_msgs/px4_msgs/msg/aux_global_position.h\n'}
[14.511933] (px4_msgs) StdoutLine: {'line': b'-- Up-to-date: /home/subhalaxmi/nidar_ws/install/px4_msgs/include/px4_msgs/px4_msgs/msg/vtx.h\n'}
[14.512399] (px4_msgs) StdoutLine: {'line': b'-- Up-to-date: /home/subhalaxmi/nidar_ws/install/px4_msgs/include/px4_msgs/px4_msgs/msg/obstacle_distance.h\n'}
[14.512654] (px4_msgs) StdoutLine: {'line': b'-- Up-to-date: /home/subhalaxmi/nidar_ws/install/px4_msgs/include/px4_msgs/px4_msgs/msg/velocity_limits.h\n'}
[14.513316] (px4_msgs) StdoutLine: {'line': b'-- Up-to-date: /home/subhalaxmi/nidar_ws/install/px4_msgs/include/px4_msgs/px4_msgs/msg/landing_gear_wheel.h\n'}
[14.513794] (px4_msgs) StdoutLine: {'line': b'-- Up-to-date: /home/subhalaxmi/nidar_ws/install/px4_msgs/include/px4_msgs/px4_msgs/msg/sensor_gnss_relative.h\n'}
[14.514536] (px4_msgs) StdoutLine: {'line': b'-- Up-to-date: /home/subhalaxmi/nidar_ws/install/px4_msgs/include/px4_msgs/px4_msgs/msg/cpuload.h\n'}
[14.515065] (px4_msgs) StdoutLine: {'line': b'-- Up-to-date: /home/subhalaxmi/nidar_ws/install/px4_msgs/include/px4_msgs/px4_msgs/msg/ekf2_timestamps.h\n'}
[14.515728] (px4_msgs) StdoutLine: {'line': b'-- Up-to-date: /home/subhalaxmi/nidar_ws/install/px4_msgs/include/px4_msgs/px4_msgs/msg/wind.h\n'}
[14.516012] (px4_msgs) StdoutLine: {'line': b'-- Up-to-date: /home/subhalaxmi/nidar_ws/install/px4_msgs/include/px4_msgs/px4_msgs/msg/input_rc.h\n'}
[14.516248] (px4_msgs) StdoutLine: {'line': b'-- Up-to-date: /home/subhalaxmi/nidar_ws/install/px4_msgs/include/px4_msgs/px4_msgs/msg/sensor_correction.h\n'}
[14.516474] (px4_msgs) StdoutLine: {'line': b'-- Up-to-date: /home/subhalaxmi/nidar_ws/install/px4_msgs/include/px4_msgs/px4_msgs/msg/sensors_status.h\n'}
[14.517239] (px4_msgs) StdoutLine: {'line': b'-- Up-to-date: /home/subhalaxmi/nidar_ws/install/px4_msgs/include/px4_msgs/px4_msgs/msg/task_stack_info.h\n'}
[14.518159] (px4_msgs) StdoutLine: {'line': b'-- Up-to-date: /home/subhalaxmi/nidar_ws/install/px4_msgs/include/px4_msgs/px4_msgs/msg/wheel_encoders.h\n'}
[14.518966] (px4_msgs) StdoutLine: {'line': b'-- Up-to-date: /home/subhalaxmi/nidar_ws/install/px4_msgs/include/px4_msgs/px4_msgs/msg/actuator_servos.h\n'}
[14.519271] (px4_msgs) StdoutLine: {'line': b'-- Up-to-date: /home/subhalaxmi/nidar_ws/install/px4_msgs/include/px4_msgs/px4_msgs/msg/rover_attitude_setpoint.h\n'}
[14.519543] (px4_msgs) StdoutLine: {'line': b'-- Up-to-date: /home/subhalaxmi/nidar_ws/install/px4_msgs/include/px4_msgs/px4_msgs/msg/camera_status.h\n'}
[14.519791] (px4_msgs) StdoutLine: {'line': b'-- Up-to-date: /home/subhalaxmi/nidar_ws/install/px4_msgs/include/px4_msgs/px4_msgs/msg/detail\n'}
[14.520106] (px4_msgs) StdoutLine: {'line': b'-- Up-to-date: /home/subhalaxmi/nidar_ws/install/px4_msgs/include/px4_msgs/px4_msgs/msg/detail/airspeed_wind__type_support.h\n'}
[14.520624] (px4_msgs) StdoutLine: {'line': b'-- Up-to-date: /home/subhalaxmi/nidar_ws/install/px4_msgs/include/px4_msgs/px4_msgs/msg/detail/sensors_status_imu__type_support.h\n'}
[14.520796] (px4_msgs) StdoutLine: {'line': b'-- Up-to-date: /home/subhalaxmi/nidar_ws/install/px4_msgs/include/px4_msgs/px4_msgs/msg/detail/navigator_mission_item__type_support.h\n'}
[14.521121] (px4_msgs) StdoutLine: {'line': b'-- Up-to-date: /home/subhalaxmi/nidar_ws/install/px4_msgs/include/px4_msgs/px4_msgs/msg/detail/normalized_unsigned_setpoint__functions.h\n'}
[14.521254] (px4_msgs) StdoutLine: {'line': b'-- Up-to-date: /home/subhalaxmi/nidar_ws/install/px4_msgs/include/px4_msgs/px4_msgs/msg/detail/generator_status__functions.c\n'}
[14.521389] (px4_msgs) StdoutLine: {'line': b'-- Up-to-date: /home/subhalaxmi/nidar_ws/install/px4_msgs/include/px4_msgs/px4_msgs/msg/detail/takeoff_status__type_support.h\n'}
[14.521568] (px4_msgs) StdoutLine: {'line': b'-- Up-to-date: /home/subhalaxmi/nidar_ws/install/px4_msgs/include/px4_msgs/px4_msgs/msg/detail/launch_detection_status__struct.h\n'}
[14.521729] (px4_msgs) StdoutLine: {'line': b'-- Up-to-date: /home/subhalaxmi/nidar_ws/install/px4_msgs/include/px4_msgs/px4_msgs/msg/detail/qshell_retval__functions.c\n'}
[14.523175] (px4_msgs) StdoutLine: {'line': b'-- Up-to-date: /home/subhalaxmi/nidar_ws/install/px4_msgs/include/px4_msgs/px4_msgs/msg/detail/aux_global_position__functions.h\n'}
[14.523694] (px4_msgs) StdoutLine: {'line': b'-- Up-to-date: /home/subhalaxmi/nidar_ws/install/px4_msgs/include/px4_msgs/px4_msgs/msg/detail/manual_control_setpoint__type_support.h\n'}
[14.524423] (px4_msgs) StdoutLine: {'line': b'-- Up-to-date: /home/subhalaxmi/nidar_ws/install/px4_msgs/include/px4_msgs/px4_msgs/msg/detail/estimator_event_flags__type_support.h\n'}
[14.524669] (px4_msgs) StdoutLine: {'line': b'-- Up-to-date: /home/subhalaxmi/nidar_ws/install/px4_msgs/include/px4_msgs/px4_msgs/msg/detail/rover_attitude_setpoint__type_support.h\n'}
[14.524905] (px4_msgs) StdoutLine: {'line': b'-- Up-to-date: /home/subhalaxmi/nidar_ws/install/px4_msgs/include/px4_msgs/px4_msgs/msg/detail/estimator_bias3d__functions.h\n'}
[14.525127] (px4_msgs) StdoutLine: {'line': b'-- Up-to-date: /home/subhalaxmi/nidar_ws/install/px4_msgs/include/px4_msgs/px4_msgs/msg/detail/vehicle_control_mode__functions.h\n'}
[14.525335] (px4_msgs) StdoutLine: {'line': b'-- Up-to-date: /home/subhalaxmi/nidar_ws/install/px4_msgs/include/px4_msgs/px4_msgs/msg/detail/estimator_aid_source2d__functions.c\n'}
[14.525573] (px4_msgs) StdoutLine: {'line': b'-- Up-to-date: /home/subhalaxmi/nidar_ws/install/px4_msgs/include/px4_msgs/px4_msgs/msg/detail/rpm__functions.c\n'}
[14.525857] (px4_msgs) StdoutLine: {'line': b'-- Up-to-date: /home/subhalaxmi/nidar_ws/install/px4_msgs/include/px4_msgs/px4_msgs/msg/detail/button_event__type_support.h\n'}
[14.526152] (px4_msgs) StdoutLine: {'line': b'-- Up-to-date: /home/subhalaxmi/nidar_ws/install/px4_msgs/include/px4_msgs/px4_msgs/msg/detail/vehicle_command__functions.c\n'}
[14.526387] (px4_msgs) StdoutLine: {'line': b'-- Up-to-date: /home/subhalaxmi/nidar_ws/install/px4_msgs/include/px4_msgs/px4_msgs/msg/detail/estimator_status__functions.c\n'}
[14.526608] (px4_msgs) StdoutLine: {'line': b'-- Up-to-date: /home/subhalaxmi/nidar_ws/install/px4_msgs/include/px4_msgs/px4_msgs/msg/detail/aux_global_position__functions.c\n'}
[14.526788] (px4_msgs) StdoutLine: {'line': b'-- Up-to-date: /home/subhalaxmi/nidar_ws/install/px4_msgs/include/px4_msgs/px4_msgs/msg/detail/wheel_encoders__struct.h\n'}
[14.528197] (px4_msgs) StdoutLine: {'line': b'-- Up-to-date: /home/subhalaxmi/nidar_ws/install/px4_msgs/include/px4_msgs/px4_msgs/msg/detail/gimbal_manager_information__functions.c\n'}
[14.528600] (px4_msgs) StdoutLine: {'line': b'-- Up-to-date: /home/subhalaxmi/nidar_ws/install/px4_msgs/include/px4_msgs/px4_msgs/msg/detail/vehicle_control_mode__type_support.h\n'}
[14.528780] (px4_msgs) StdoutLine: {'line': b'-- Up-to-date: /home/subhalaxmi/nidar_ws/install/px4_msgs/include/px4_msgs/px4_msgs/msg/detail/unregister_ext_component__struct.h\n'}
[14.529079] (px4_msgs) StdoutLine: {'line': b'-- Up-to-date: /home/subhalaxmi/nidar_ws/install/px4_msgs/include/px4_msgs/px4_msgs/msg/detail/velocity_limits__functions.h\n'}
[14.529347] (px4_msgs) StdoutLine: {'line': b'-- Up-to-date: /home/subhalaxmi/nidar_ws/install/px4_msgs/include/px4_msgs/px4_msgs/msg/detail/sensor_uwb__functions.h\n'}
[14.529621] (px4_msgs) StdoutLine: {'line': b'-- Up-to-date: /home/subhalaxmi/nidar_ws/install/px4_msgs/include/px4_msgs/px4_msgs/msg/detail/airspeed_validated__functions.h\n'}
[14.529888] (px4_msgs) StdoutLine: {'line': b'-- Up-to-date: /home/subhalaxmi/nidar_ws/install/px4_msgs/include/px4_msgs/px4_msgs/msg/detail/vehicle_angular_velocity__type_support.h\n'}
[14.530160] (px4_msgs) StdoutLine: {'line': b'-- Up-to-date: /home/subhalaxmi/nidar_ws/install/px4_msgs/include/px4_msgs/px4_msgs/msg/detail/actuator_outputs__struct.h\n'}
[14.530416] (px4_msgs) StdoutLine: {'line': b'-- Up-to-date: /home/subhalaxmi/nidar_ws/install/px4_msgs/include/px4_msgs/px4_msgs/msg/detail/sensor_mag__struct.h\n'}
[14.530703] (px4_msgs) StdoutLine: {'line': b'-- Up-to-date: /home/subhalaxmi/nidar_ws/install/px4_msgs/include/px4_msgs/px4_msgs/msg/detail/gimbal_device_set_attitude__functions.c\n'}
[14.531470] (px4_msgs) StdoutLine: {'line': b'-- Up-to-date: /home/subhalaxmi/nidar_ws/install/px4_msgs/include/px4_msgs/px4_msgs/msg/detail/sensor_gnss_status__struct.h\n'}
[14.531784] (px4_msgs) StdoutLine: {'line': b'-- Up-to-date: /home/subhalaxmi/nidar_ws/install/px4_msgs/include/px4_msgs/px4_msgs/msg/detail/sensor_mag__functions.c\n'}
[14.532115] (px4_msgs) StdoutLine: {'line': b'-- Up-to-date: /home/subhalaxmi/nidar_ws/install/px4_msgs/include/px4_msgs/px4_msgs/msg/detail/parameter_set_value_response__type_support.h\n'}
[14.532379] (px4_msgs) StdoutLine: {'line': b'-- Up-to-date: /home/subhalaxmi/nidar_ws/install/px4_msgs/include/px4_msgs/px4_msgs/msg/detail/vehicle_local_position_setpoint__functions.h\n'}
[14.532625] (px4_msgs) StdoutLine: {'line': b'-- Up-to-date: /home/subhalaxmi/nidar_ws/install/px4_msgs/include/px4_msgs/px4_msgs/msg/detail/failure_detector_status__struct.h\n'}
[14.532991] (px4_msgs) StdoutLine: {'line': b'-- Up-to-date: /home/subhalaxmi/nidar_ws/install/px4_msgs/include/px4_msgs/px4_msgs/msg/detail/rpm__functions.h\n'}
[14.533267] (px4_msgs) StdoutLine: {'line': b'-- Up-to-date: /home/subhalaxmi/nidar_ws/install/px4_msgs/include/px4_msgs/px4_msgs/msg/detail/log_message__functions.c\n'}
[14.533514] (px4_msgs) StdoutLine: {'line': b'-- Up-to-date: /home/subhalaxmi/nidar_ws/install/px4_msgs/include/px4_msgs/px4_msgs/msg/detail/gimbal_device_set_attitude__functions.h\n'}
[14.533769] (px4_msgs) StdoutLine: {'line': b'-- Up-to-date: /home/subhalaxmi/nidar_ws/install/px4_msgs/include/px4_msgs/px4_msgs/msg/detail/sensor_combined__functions.h\n'}
[14.534091] (px4_msgs) StdoutLine: {'line': b'-- Up-to-date: /home/subhalaxmi/nidar_ws/install/px4_msgs/include/px4_msgs/px4_msgs/msg/detail/offboard_control_mode__functions.h\n'}
[14.534354] (px4_msgs) StdoutLine: {'line': b'-- Up-to-date: /home/subhalaxmi/nidar_ws/install/px4_msgs/include/px4_msgs/px4_msgs/msg/detail/distance_sensor_mode_change_request__functions.c\n'}
[14.534594] (-) TimerEvent: {}
[14.537296] (px4_msgs) StdoutLine: {'line': b'-- Up-to-date: /home/subhalaxmi/nidar_ws/install/px4_msgs/include/px4_msgs/px4_msgs/msg/detail/parameter_update__functions.h\n'}
[14.537860] (px4_msgs) StdoutLine: {'line': b'-- Up-to-date: /home/subhalaxmi/nidar_ws/install/px4_msgs/include/px4_msgs/px4_msgs/msg/detail/fixed_wing_runway_control__type_support.h\n'}
[14.538289] (px4_msgs) StdoutLine: {'line': b'-- Up-to-date: /home/subhalaxmi/nidar_ws/install/px4_msgs/include/px4_msgs/px4_msgs/msg/detail/open_drone_id_arm_status__functions.c\n'}
[14.538570] (px4_msgs) StdoutLine: {'line': b'-- Up-to-date: /home/subhalaxmi/nidar_ws/install/px4_msgs/include/px4_msgs/px4_msgs/msg/detail/failure_detector_status__functions.h\n'}
[14.538859] (px4_msgs) StdoutLine: {'line': b'-- Up-to-date: /home/subhalaxmi/nidar_ws/install/px4_msgs/include/px4_msgs/px4_msgs/msg/detail/tiltrotor_extra_controls__functions.c\n'}
[14.539607] (px4_msgs) StdoutLine: {'line': b'-- Up-to-date: /home/subhalaxmi/nidar_ws/install/px4_msgs/include/px4_msgs/px4_msgs/msg/detail/vehicle_odometry__type_support.h\n'}
[14.539958] (px4_msgs) StdoutLine: {'line': b'-- Up-to-date: /home/subhalaxmi/nidar_ws/install/px4_msgs/include/px4_msgs/px4_msgs/msg/detail/ulog_stream_ack__struct.h\n'}
[14.540227] (px4_msgs) StdoutLine: {'line': b'-- Up-to-date: /home/subhalaxmi/nidar_ws/install/px4_msgs/include/px4_msgs/px4_msgs/msg/detail/vehicle_attitude__type_support.h\n'}
[14.540467] (px4_msgs) StdoutLine: {'line': b'-- Up-to-date: /home/subhalaxmi/nidar_ws/install/px4_msgs/include/px4_msgs/px4_msgs/msg/detail/parameter_set_value_response__struct.h\n'}
[14.540772] (px4_msgs) StdoutLine: {'line': b'-- Up-to-date: /home/subhalaxmi/nidar_ws/install/px4_msgs/include/px4_msgs/px4_msgs/msg/detail/rover_steering_setpoint__functions.c\n'}
[14.543046] (px4_msgs) StdoutLine: {'line': b'-- Up-to-date: /home/subhalaxmi/nidar_ws/install/px4_msgs/include/px4_msgs/px4_msgs/msg/detail/battery_info__struct.h\n'}
[14.543729] (px4_msgs) StdoutLine: {'line': b'-- Up-to-date: /home/subhalaxmi/nidar_ws/install/px4_msgs/include/px4_msgs/px4_msgs/msg/detail/rover_speed_status__struct.h\n'}
[14.544480] (px4_msgs) StdoutLine: {'line': b'-- Up-to-date: /home/subhalaxmi/nidar_ws/install/px4_msgs/include/px4_msgs/px4_msgs/msg/detail/control_allocator_status__struct.h\n'}
[14.545129] (px4_msgs) StdoutLine: {'line': b'-- Up-to-date: /home/subhalaxmi/nidar_ws/install/px4_msgs/include/px4_msgs/px4_msgs/msg/detail/parameter_set_value_response__functions.h\n'}
[14.545675] (px4_msgs) StdoutLine: {'line': b'-- Up-to-date: /home/subhalaxmi/nidar_ws/install/px4_msgs/include/px4_msgs/px4_msgs/msg/detail/sensor_gyro_fifo__type_support.h\n'}
[14.546408] (px4_msgs) StdoutLine: {'line': b'-- Up-to-date: /home/subhalaxmi/nidar_ws/install/px4_msgs/include/px4_msgs/px4_msgs/msg/detail/led_control__functions.h\n'}
[14.546620] (px4_msgs) StdoutLine: {'line': b'-- Up-to-date: /home/subhalaxmi/nidar_ws/install/px4_msgs/include/px4_msgs/px4_msgs/msg/detail/unregister_ext_component__functions.h\n'}
[14.546814] (px4_msgs) StdoutLine: {'line': b'-- Up-to-date: /home/subhalaxmi/nidar_ws/install/px4_msgs/include/px4_msgs/px4_msgs/msg/detail/airspeed__type_support.h\n'}
[14.547053] (px4_msgs) StdoutLine: {'line': b'-- Up-to-date: /home/subhalaxmi/nidar_ws/install/px4_msgs/include/px4_msgs/px4_msgs/msg/detail/rover_rate_setpoint__struct.h\n'}
[14.547248] (px4_msgs) StdoutLine: {'line': b'-- Up-to-date: /home/subhalaxmi/nidar_ws/install/px4_msgs/include/px4_msgs/px4_msgs/msg/detail/dataman_response__type_support.h\n'}
[14.547422] (px4_msgs) StdoutLine: {'line': b'-- Up-to-date: /home/subhalaxmi/nidar_ws/install/px4_msgs/include/px4_msgs/px4_msgs/msg/detail/mission_result__type_support.h\n'}
[14.547594] (px4_msgs) StdoutLine: {'line': b'-- Up-to-date: /home/subhalaxmi/nidar_ws/install/px4_msgs/include/px4_msgs/px4_msgs/msg/detail/action_request__struct.h\n'}
[14.547766] (px4_msgs) StdoutLine: {'line': b'-- Up-to-date: /home/subhalaxmi/nidar_ws/install/px4_msgs/include/px4_msgs/px4_msgs/msg/detail/esc_status__struct.h\n'}
[14.547971] (px4_msgs) StdoutLine: {'line': b'-- Up-to-date: /home/subhalaxmi/nidar_ws/install/px4_msgs/include/px4_msgs/px4_msgs/msg/detail/vehicle_imu_status__struct.h\n'}
[14.548245] (px4_msgs) StdoutLine: {'line': b'-- Up-to-date: /home/subhalaxmi/nidar_ws/install/px4_msgs/include/px4_msgs/px4_msgs/msg/detail/rate_ctrl_status__struct.h\n'}
[14.548921] (px4_msgs) StdoutLine: {'line': b'-- Up-to-date: /home/subhalaxmi/nidar_ws/install/px4_msgs/include/px4_msgs/px4_msgs/msg/detail/vehicle_optical_flow_vel__type_support.h\n'}
[14.549135] (px4_msgs) StdoutLine: {'line': b'-- Up-to-date: /home/subhalaxmi/nidar_ws/install/px4_msgs/include/px4_msgs/px4_msgs/msg/detail/rover_throttle_setpoint__type_support.h\n'}
[14.549312] (px4_msgs) StdoutLine: {'line': b'-- Up-to-date: /home/subhalaxmi/nidar_ws/install/px4_msgs/include/px4_msgs/px4_msgs/msg/detail/config_overrides__functions.c\n'}
[14.549488] (px4_msgs) StdoutLine: {'line': b'-- Up-to-date: /home/subhalaxmi/nidar_ws/install/px4_msgs/include/px4_msgs/px4_msgs/msg/detail/vehicle_constraints__type_support.h\n'}
[14.549657] (px4_msgs) StdoutLine: {'line': b'-- Up-to-date: /home/subhalaxmi/nidar_ws/install/px4_msgs/include/px4_msgs/px4_msgs/msg/detail/tiltrotor_extra_controls__functions.h\n'}
[14.549919] (px4_msgs) StdoutLine: {'line': b'-- Up-to-date: /home/subhalaxmi/nidar_ws/install/px4_msgs/include/px4_msgs/px4_msgs/msg/detail/ekf2_timestamps__functions.h\n'}
[14.550614] (px4_msgs) StdoutLine: {'line': b'-- Up-to-date: /home/subhalaxmi/nidar_ws/install/px4_msgs/include/px4_msgs/px4_msgs/msg/detail/camera_trigger__struct.h\n'}
[14.551382] (px4_msgs) StdoutLine: {'line': b'-- Up-to-date: /home/subhalaxmi/nidar_ws/install/px4_msgs/include/px4_msgs/px4_msgs/msg/detail/sensor_accel__struct.h\n'}
[14.551612] (px4_msgs) StdoutLine: {'line': b'-- Up-to-date: /home/subhalaxmi/nidar_ws/install/px4_msgs/include/px4_msgs/px4_msgs/msg/detail/input_rc__functions.h\n'}
[14.552189] (px4_msgs) StdoutLine: {'line': b'-- Up-to-date: /home/subhalaxmi/nidar_ws/install/px4_msgs/include/px4_msgs/px4_msgs/msg/detail/qshell_req__functions.h\n'}
[14.552435] (px4_msgs) StdoutLine: {'line': b'-- Up-to-date: /home/subhalaxmi/nidar_ws/install/px4_msgs/include/px4_msgs/px4_msgs/msg/detail/sensor_temp__type_support.h\n'}
[14.552615] (px4_msgs) StdoutLine: {'line': b'-- Up-to-date: /home/subhalaxmi/nidar_ws/install/px4_msgs/include/px4_msgs/px4_msgs/msg/detail/wind__struct.h\n'}
[14.552796] (px4_msgs) StdoutLine: {'line': b'-- Up-to-date: /home/subhalaxmi/nidar_ws/install/px4_msgs/include/px4_msgs/px4_msgs/msg/detail/estimator_states__struct.h\n'}
[14.553770] (px4_msgs) StdoutLine: {'line': b'-- Up-to-date: /home/subhalaxmi/nidar_ws/install/px4_msgs/include/px4_msgs/px4_msgs/msg/detail/landing_target_innovations__functions.h\n'}
[14.554450] (px4_msgs) StdoutLine: {'line': b'-- Up-to-date: /home/subhalaxmi/nidar_ws/install/px4_msgs/include/px4_msgs/px4_msgs/msg/detail/yaw_estimator_status__functions.h\n'}
[14.555545] (px4_msgs) StdoutLine: {'line': b'-- Up-to-date: /home/subhalaxmi/nidar_ws/install/px4_msgs/include/px4_msgs/px4_msgs/msg/detail/gpio_out__struct.h\n'}
[14.556133] (px4_msgs) StdoutLine: {'line': b'-- Up-to-date: /home/subhalaxmi/nidar_ws/install/px4_msgs/include/px4_msgs/px4_msgs/msg/detail/raptor_input__type_support.h\n'}
[14.556468] (px4_msgs) StdoutLine: {'line': b'-- Up-to-date: /home/subhalaxmi/nidar_ws/install/px4_msgs/include/px4_msgs/px4_msgs/msg/detail/gimbal_manager_information__struct.h\n'}
[14.556720] (px4_msgs) StdoutLine: {'line': b'-- Up-to-date: /home/subhalaxmi/nidar_ws/install/px4_msgs/include/px4_msgs/px4_msgs/msg/detail/estimator_bias__functions.c\n'}
[14.556940] (px4_msgs) StdoutLine: {'line': b'-- Up-to-date: /home/subhalaxmi/nidar_ws/install/px4_msgs/include/px4_msgs/px4_msgs/msg/detail/parameter_set_used_request__type_support.h\n'}
[14.557121] (px4_msgs) StdoutLine: {'line': b'-- Up-to-date: /home/subhalaxmi/nidar_ws/install/px4_msgs/include/px4_msgs/px4_msgs/msg/detail/vehicle_odometry__functions.h\n'}
[14.557293] (px4_msgs) StdoutLine: {'line': b'-- Up-to-date: /home/subhalaxmi/nidar_ws/install/px4_msgs/include/px4_msgs/px4_msgs/msg/detail/sensor_hygrometer__functions.c\n'}
[14.558191] (px4_msgs) StdoutLine: {'line': b'-- Up-to-date: /home/subhalaxmi/nidar_ws/install/px4_msgs/include/px4_msgs/px4_msgs/msg/detail/vehicle_control_mode__struct.h\n'}
[14.559605] (px4_msgs) StdoutLine: {'line': b'-- Up-to-date: /home/subhalaxmi/nidar_ws/install/px4_msgs/include/px4_msgs/px4_msgs/msg/detail/vehicle_imu__type_support.h\n'}
[14.560161] (px4_msgs) StdoutLine: {'line': b'-- Up-to-date: /home/subhalaxmi/nidar_ws/install/px4_msgs/include/px4_msgs/px4_msgs/msg/detail/fixed_wing_lateral_guidance_status__struct.h\n'}
[14.560366] (px4_msgs) StdoutLine: {'line': b'-- Up-to-date: /home/subhalaxmi/nidar_ws/install/px4_msgs/include/px4_msgs/px4_msgs/msg/detail/button_event__struct.h\n'}
[14.560553] (px4_msgs) StdoutLine: {'line': b'-- Up-to-date: /home/subhalaxmi/nidar_ws/install/px4_msgs/include/px4_msgs/px4_msgs/msg/detail/home_position__type_support.h\n'}
[14.560733] (px4_msgs) StdoutLine: {'line': b'-- Up-to-date: /home/subhalaxmi/nidar_ws/install/px4_msgs/include/px4_msgs/px4_msgs/msg/detail/vehicle_global_position__struct.h\n'}
[14.560958] (px4_msgs) StdoutLine: {'line': b'-- Up-to-date: /home/subhalaxmi/nidar_ws/install/px4_msgs/include/px4_msgs/px4_msgs/msg/detail/sensor_preflight_mag__functions.h\n'}
[14.561180] (px4_msgs) StdoutLine: {'line': b'-- Up-to-date: /home/subhalaxmi/nidar_ws/install/px4_msgs/include/px4_msgs/px4_msgs/msg/detail/power_button_state__struct.h\n'}
[14.561381] (px4_msgs) StdoutLine: {'line': b'-- Up-to-date: /home/subhalaxmi/nidar_ws/install/px4_msgs/include/px4_msgs/px4_msgs/msg/detail/sensor_correction__struct.h\n'}
[14.561571] (px4_msgs) StdoutLine: {'line': b'-- Up-to-date: /home/subhalaxmi/nidar_ws/install/px4_msgs/include/px4_msgs/px4_msgs/msg/detail/rc_channels__functions.h\n'}
[14.561761] (px4_msgs) StdoutLine: {'line': b'-- Up-to-date: /home/subhalaxmi/nidar_ws/install/px4_msgs/include/px4_msgs/px4_msgs/msg/detail/longitudinal_control_configuration__functions.h\n'}
[14.566500] (px4_msgs) StdoutLine: {'line': b'-- Up-to-date: /home/subhalaxmi/nidar_ws/install/px4_msgs/include/px4_msgs/px4_msgs/msg/detail/ping__struct.h\n'}
[14.567266] (px4_msgs) StdoutLine: {'line': b'-- Up-to-date: /home/subhalaxmi/nidar_ws/install/px4_msgs/include/px4_msgs/px4_msgs/msg/detail/gimbal_manager_set_manual_control__type_support.h\n'}
[14.567505] (px4_msgs) StdoutLine: {'line': b'-- Up-to-date: /home/subhalaxmi/nidar_ws/install/px4_msgs/include/px4_msgs/px4_msgs/msg/detail/camera_trigger__functions.c\n'}
[14.567719] (px4_msgs) StdoutLine: {'line': b'-- Up-to-date: /home/subhalaxmi/nidar_ws/install/px4_msgs/include/px4_msgs/px4_msgs/msg/detail/position_setpoint__functions.h\n'}
[14.567957] (px4_msgs) StdoutLine: {'line': b'-- Up-to-date: /home/subhalaxmi/nidar_ws/install/px4_msgs/include/px4_msgs/px4_msgs/msg/detail/mount_orientation__type_support.h\n'}
[14.568169] (px4_msgs) StdoutLine: {'line': b'-- Up-to-date: /home/subhalaxmi/nidar_ws/install/px4_msgs/include/px4_msgs/px4_msgs/msg/detail/navigator_status__functions.c\n'}
[14.568375] (px4_msgs) StdoutLine: {'line': b'-- Up-to-date: /home/subhalaxmi/nidar_ws/install/px4_msgs/include/px4_msgs/px4_msgs/msg/detail/flight_phase_estimation__type_support.h\n'}
[14.568574] (px4_msgs) StdoutLine: {'line': b'-- Up-to-date: /home/subhalaxmi/nidar_ws/install/px4_msgs/include/px4_msgs/px4_msgs/msg/detail/position_setpoint_triplet__struct.h\n'}
[14.568768] (px4_msgs) StdoutLine: {'line': b'-- Up-to-date: /home/subhalaxmi/nidar_ws/install/px4_msgs/include/px4_msgs/px4_msgs/msg/detail/mount_orientation__functions.c\n'}
[14.568993] (px4_msgs) StdoutLine: {'line': b'-- Up-to-date: /home/subhalaxmi/nidar_ws/install/px4_msgs/include/px4_msgs/px4_msgs/msg/detail/vtx__functions.c\n'}
[14.569228] (px4_msgs) StdoutLine: {'line': b'-- Up-to-date: /home/subhalaxmi/nidar_ws/install/px4_msgs/include/px4_msgs/px4_msgs/msg/detail/mission_result__functions.h\n'}
[14.569426] (px4_msgs) StdoutLine: {'line': b'-- Up-to-date: /home/subhalaxmi/nidar_ws/install/px4_msgs/include/px4_msgs/px4_msgs/msg/detail/vehicle_imu__struct.h\n'}
[14.569622] (px4_msgs) StdoutLine: {'line': b'-- Up-to-date: /home/subhalaxmi/nidar_ws/install/px4_msgs/include/px4_msgs/px4_msgs/msg/detail/open_drone_id_arm_status__type_support.h\n'}
[14.571120] (px4_msgs) StdoutLine: {'line': b'-- Up-to-date: /home/subhalaxmi/nidar_ws/install/px4_msgs/include/px4_msgs/px4_msgs/msg/detail/vehicle_local_position__functions.c\n'}
[14.573873] (px4_msgs) StdoutLine: {'line': b'-- Up-to-date: /home/subhalaxmi/nidar_ws/install/px4_msgs/include/px4_msgs/px4_msgs/msg/detail/airspeed_validated__type_support.h\n'}
[14.575472] (px4_msgs) StdoutLine: {'line': b'-- Up-to-date: /home/subhalaxmi/nidar_ws/install/px4_msgs/include/px4_msgs/px4_msgs/msg/detail/estimator_states__functions.h\n'}
[14.576304] (px4_msgs) StdoutLine: {'line': b'-- Up-to-date: /home/subhalaxmi/nidar_ws/install/px4_msgs/include/px4_msgs/px4_msgs/msg/detail/estimator_gps_status__type_support.h\n'}
[14.576641] (px4_msgs) StdoutLine: {'line': b'-- Up-to-date: /home/subhalaxmi/nidar_ws/install/px4_msgs/include/px4_msgs/px4_msgs/msg/detail/internal_combustion_engine_status__functions.c\n'}
[14.578769] (px4_msgs) StdoutLine: {'line': b'-- Up-to-date: /home/subhalaxmi/nidar_ws/install/px4_msgs/include/px4_msgs/px4_msgs/msg/detail/satellite_info__type_support.h\n'}
[14.580800] (px4_msgs) StdoutLine: {'line': b'-- Up-to-date: /home/subhalaxmi/nidar_ws/install/px4_msgs/include/px4_msgs/px4_msgs/msg/detail/generator_status__type_support.h\n'}
[14.582050] (px4_msgs) StdoutLine: {'line': b'-- Up-to-date: /home/subhalaxmi/nidar_ws/install/px4_msgs/include/px4_msgs/px4_msgs/msg/detail/cpuload__type_support.h\n'}
[14.582789] (px4_msgs) StdoutLine: {'line': b'-- Up-to-date: /home/subhalaxmi/nidar_ws/install/px4_msgs/include/px4_msgs/px4_msgs/msg/detail/actuator_servos_trim__struct.h\n'}
[14.583540] (px4_msgs) StdoutLine: {'line': b'-- Up-to-date: /home/subhalaxmi/nidar_ws/install/px4_msgs/include/px4_msgs/px4_msgs/msg/detail/transponder_report__type_support.h\n'}
[14.583978] (px4_msgs) StdoutLine: {'line': b'-- Up-to-date: /home/subhalaxmi/nidar_ws/install/px4_msgs/include/px4_msgs/px4_msgs/msg/detail/estimator_aid_source3d__type_support.h\n'}
[14.584436] (px4_msgs) StdoutLine: {'line': b'-- Up-to-date: /home/subhalaxmi/nidar_ws/install/px4_msgs/include/px4_msgs/px4_msgs/msg/detail/rc_parameter_map__type_support.h\n'}
[14.585147] (px4_msgs) StdoutLine: {'line': b'-- Up-to-date: /home/subhalaxmi/nidar_ws/install/px4_msgs/include/px4_msgs/px4_msgs/msg/detail/vehicle_attitude__functions.h\n'}
[14.585513] (px4_msgs) StdoutLine: {'line': b'-- Up-to-date: /home/subhalaxmi/nidar_ws/install/px4_msgs/include/px4_msgs/px4_msgs/msg/detail/onboard_computer_status__type_support.h\n'}
[14.585952] (px4_msgs) StdoutLine: {'line': b'-- Up-to-date: /home/subhalaxmi/nidar_ws/install/px4_msgs/include/px4_msgs/px4_msgs/msg/detail/sensor_temp__struct.h\n'}
[14.586857] (px4_msgs) StdoutLine: {'line': b'-- Up-to-date: /home/subhalaxmi/nidar_ws/install/px4_msgs/include/px4_msgs/px4_msgs/msg/detail/rover_steering_setpoint__struct.h\n'}
[14.588742] (px4_msgs) StdoutLine: {'line': b'-- Up-to-date: /home/subhalaxmi/nidar_ws/install/px4_msgs/include/px4_msgs/px4_msgs/msg/detail/rover_speed_status__functions.h\n'}
[14.589722] (px4_msgs) StdoutLine: {'line': b'-- Up-to-date: /home/subhalaxmi/nidar_ws/install/px4_msgs/include/px4_msgs/px4_msgs/msg/detail/tecs_status__functions.c\n'}
[14.591192] (px4_msgs) StdoutLine: {'line': b'-- Up-to-date: /home/subhalaxmi/nidar_ws/install/px4_msgs/include/px4_msgs/px4_msgs/msg/detail/airspeed_wind__functions.h\n'}
[14.591557] (px4_msgs) StdoutLine: {'line': b'-- Up-to-date: /home/subhalaxmi/nidar_ws/install/px4_msgs/include/px4_msgs/px4_msgs/msg/detail/goto_setpoint__struct.h\n'}
[14.592733] (px4_msgs) StdoutLine: {'line': b'-- Up-to-date: /home/subhalaxmi/nidar_ws/install/px4_msgs/include/px4_msgs/px4_msgs/msg/detail/landing_target_pose__struct.h\n'}
[14.593602] (px4_msgs) StdoutLine: {'line': b'-- Up-to-date: /home/subhalaxmi/nidar_ws/install/px4_msgs/include/px4_msgs/px4_msgs/msg/detail/camera_capture__functions.c\n'}
[14.594217] (px4_msgs) StdoutLine: {'line': b'-- Up-to-date: /home/subhalaxmi/nidar_ws/install/px4_msgs/include/px4_msgs/px4_msgs/msg/detail/debug_array__functions.h\n'}
[14.594712] (px4_msgs) StdoutLine: {'line': b'-- Up-to-date: /home/subhalaxmi/nidar_ws/install/px4_msgs/include/px4_msgs/px4_msgs/msg/detail/landing_gear_wheel__functions.h\n'}
[14.595025] (px4_msgs) StdoutLine: {'line': b'-- Up-to-date: /home/subhalaxmi/nidar_ws/install/px4_msgs/include/px4_msgs/px4_msgs/msg/detail/yaw_estimator_status__functions.c\n'}
[14.595269] (px4_msgs) StdoutLine: {'line': b'-- Up-to-date: /home/subhalaxmi/nidar_ws/install/px4_msgs/include/px4_msgs/px4_msgs/msg/detail/gimbal_device_attitude_status__type_support.h\n'}
[14.595510] (px4_msgs) StdoutLine: {'line': b'-- Up-to-date: /home/subhalaxmi/nidar_ws/install/px4_msgs/include/px4_msgs/px4_msgs/msg/detail/mavlink_tunnel__type_support.h\n'}
[14.595746] (px4_msgs) StdoutLine: {'line': b'-- Up-to-date: /home/subhalaxmi/nidar_ws/install/px4_msgs/include/px4_msgs/px4_msgs/msg/detail/sensor_gyro_fft__struct.h\n'}
[14.596015] (px4_msgs) StdoutLine: {'line': b'-- Up-to-date: /home/subhalaxmi/nidar_ws/install/px4_msgs/include/px4_msgs/px4_msgs/msg/detail/arming_check_request__functions.h\n'}
[14.596265] (px4_msgs) StdoutLine: {'line': b'-- Up-to-date: /home/subhalaxmi/nidar_ws/install/px4_msgs/include/px4_msgs/px4_msgs/msg/detail/follow_target__struct.h\n'}
[14.596670] (px4_msgs) StdoutLine: {'line': b'-- Up-to-date: /home/subhalaxmi/nidar_ws/install/px4_msgs/include/px4_msgs/px4_msgs/msg/detail/flight_phase_estimation__functions.h\n'}
[14.597614] (px4_msgs) StdoutLine: {'line': b'-- Up-to-date: /home/subhalaxmi/nidar_ws/install/px4_msgs/include/px4_msgs/px4_msgs/msg/detail/obstacle_distance__struct.h\n'}
[14.598158] (px4_msgs) StdoutLine: {'line': b'-- Up-to-date: /home/subhalaxmi/nidar_ws/install/px4_msgs/include/px4_msgs/px4_msgs/msg/detail/log_message__type_support.h\n'}
[14.599303] (px4_msgs) StdoutLine: {'line': b'-- Up-to-date: /home/subhalaxmi/nidar_ws/install/px4_msgs/include/px4_msgs/px4_msgs/msg/detail/estimator_bias3d__functions.c\n'}
[14.599950] (px4_msgs) StdoutLine: {'line': b'-- Up-to-date: /home/subhalaxmi/nidar_ws/install/px4_msgs/include/px4_msgs/px4_msgs/msg/detail/orb_test__struct.h\n'}
[14.600236] (px4_msgs) StdoutLine: {'line': b'-- Up-to-date: /home/subhalaxmi/nidar_ws/install/px4_msgs/include/px4_msgs/px4_msgs/msg/detail/pps_capture__functions.c\n'}
[14.600479] (px4_msgs) StdoutLine: {'line': b'-- Up-to-date: /home/subhalaxmi/nidar_ws/install/px4_msgs/include/px4_msgs/px4_msgs/msg/detail/message_format_response__functions.h\n'}
[14.600742] (px4_msgs) StdoutLine: {'line': b'-- Up-to-date: /home/subhalaxmi/nidar_ws/install/px4_msgs/include/px4_msgs/px4_msgs/msg/detail/vehicle_acceleration__struct.h\n'}
[14.601218] (px4_msgs) StdoutLine: {'line': b'-- Up-to-date: /home/subhalaxmi/nidar_ws/install/px4_msgs/include/px4_msgs/px4_msgs/msg/detail/task_stack_info__functions.c\n'}
[14.601650] (px4_msgs) StdoutLine: {'line': b'-- Up-to-date: /home/subhalaxmi/nidar_ws/install/px4_msgs/include/px4_msgs/px4_msgs/msg/detail/vehicle_local_position__struct.h\n'}
[14.601966] (px4_msgs) StdoutLine: {'line': b'-- Up-to-date: /home/subhalaxmi/nidar_ws/install/px4_msgs/include/px4_msgs/px4_msgs/msg/detail/ekf2_timestamps__functions.c\n'}
[14.602226] (px4_msgs) StdoutLine: {'line': b'-- Up-to-date: /home/subhalaxmi/nidar_ws/install/px4_msgs/include/px4_msgs/px4_msgs/msg/detail/vehicle_land_detected__type_support.h\n'}
[14.602442] (px4_msgs) StdoutLine: {'line': b'-- Up-to-date: /home/subhalaxmi/nidar_ws/install/px4_msgs/include/px4_msgs/px4_msgs/msg/detail/vehicle_attitude_setpoint__functions.c\n'}
[14.602643] (px4_msgs) StdoutLine: {'line': b'-- Up-to-date: /home/subhalaxmi/nidar_ws/install/px4_msgs/include/px4_msgs/px4_msgs/msg/detail/vehicle_command_ack__type_support.h\n'}
[14.602876] (px4_msgs) StdoutLine: {'line': b'-- Up-to-date: /home/subhalaxmi/nidar_ws/install/px4_msgs/include/px4_msgs/px4_msgs/msg/detail/camera_capture__functions.h\n'}
[14.603129] (px4_msgs) StdoutLine: {'line': b'-- Up-to-date: /home/subhalaxmi/nidar_ws/install/px4_msgs/include/px4_msgs/px4_msgs/msg/detail/landing_target_innovations__struct.h\n'}
[14.603352] (px4_msgs) StdoutLine: {'line': b'-- Up-to-date: /home/subhalaxmi/nidar_ws/install/px4_msgs/include/px4_msgs/px4_msgs/msg/detail/normalized_unsigned_setpoint__type_support.h\n'}
[14.603564] (px4_msgs) StdoutLine: {'line': b'-- Up-to-date: /home/subhalaxmi/nidar_ws/install/px4_msgs/include/px4_msgs/px4_msgs/msg/detail/orb_test__type_support.h\n'}
[14.603796] (px4_msgs) StdoutLine: {'line': b'-- Up-to-date: /home/subhalaxmi/nidar_ws/install/px4_msgs/include/px4_msgs/px4_msgs/msg/detail/ping__functions.c\n'}
[14.604656] (px4_msgs) StdoutLine: {'line': b'-- Up-to-date: /home/subhalaxmi/nidar_ws/install/px4_msgs/include/px4_msgs/px4_msgs/msg/detail/heater_status__functions.h\n'}
[14.605151] (px4_msgs) StdoutLine: {'line': b'-- Up-to-date: /home/subhalaxmi/nidar_ws/install/px4_msgs/include/px4_msgs/px4_msgs/msg/detail/sensor_gnss_relative__type_support.h\n'}
[14.605411] (px4_msgs) StdoutLine: {'line': b'-- Up-to-date: /home/subhalaxmi/nidar_ws/install/px4_msgs/include/px4_msgs/px4_msgs/msg/detail/pwm_input__struct.h\n'}
[14.605637] (px4_msgs) StdoutLine: {'line': b'-- Up-to-date: /home/subhalaxmi/nidar_ws/install/px4_msgs/include/px4_msgs/px4_msgs/msg/detail/airspeed__functions.c\n'}
[14.605849] (px4_msgs) StdoutLine: {'line': b'-- Up-to-date: /home/subhalaxmi/nidar_ws/install/px4_msgs/include/px4_msgs/px4_msgs/msg/detail/gain_compression__functions.h\n'}
[14.606470] (px4_msgs) StdoutLine: {'line': b'-- Up-to-date: /home/subhalaxmi/nidar_ws/install/px4_msgs/include/px4_msgs/px4_msgs/msg/detail/estimator_innovations__functions.c\n'}
[14.607068] (px4_msgs) StdoutLine: {'line': b'-- Up-to-date: /home/subhalaxmi/nidar_ws/install/px4_msgs/include/px4_msgs/px4_msgs/msg/detail/tune_control__struct.h\n'}
[14.607313] (px4_msgs) StdoutLine: {'line': b'-- Up-to-date: /home/subhalaxmi/nidar_ws/install/px4_msgs/include/px4_msgs/px4_msgs/msg/detail/estimator_status_flags__functions.c\n'}
[14.607572] (px4_msgs) StdoutLine: {'line': b'-- Up-to-date: /home/subhalaxmi/nidar_ws/install/px4_msgs/include/px4_msgs/px4_msgs/msg/detail/vehicle_optical_flow__functions.h\n'}
[14.607796] (px4_msgs) StdoutLine: {'line': b'-- Up-to-date: /home/subhalaxmi/nidar_ws/install/px4_msgs/include/px4_msgs/px4_msgs/msg/detail/action_request__functions.h\n'}
[14.608043] (px4_msgs) StdoutLine: {'line': b'-- Up-to-date: /home/subhalaxmi/nidar_ws/install/px4_msgs/include/px4_msgs/px4_msgs/msg/detail/sensor_selection__struct.h\n'}
[14.608237] (px4_msgs) StdoutLine: {'line': b'-- Up-to-date: /home/subhalaxmi/nidar_ws/install/px4_msgs/include/px4_msgs/px4_msgs/msg/detail/offboard_control_mode__type_support.h\n'}
[14.608481] (px4_msgs) StdoutLine: {'line': b'-- Up-to-date: /home/subhalaxmi/nidar_ws/install/px4_msgs/include/px4_msgs/px4_msgs/msg/detail/position_controller_status__functions.c\n'}
[14.610224] (px4_msgs) StdoutLine: {'line': b'-- Up-to-date: /home/subhalaxmi/nidar_ws/install/px4_msgs/include/px4_msgs/px4_msgs/msg/detail/actuator_test__functions.c\n'}
[14.610541] (px4_msgs) StdoutLine: {'line': b'-- Up-to-date: /home/subhalaxmi/nidar_ws/install/px4_msgs/include/px4_msgs/px4_msgs/msg/detail/landing_gear__functions.c\n'}
[14.610800] (px4_msgs) StdoutLine: {'line': b'-- Up-to-date: /home/subhalaxmi/nidar_ws/install/px4_msgs/include/px4_msgs/px4_msgs/msg/detail/open_drone_id_self_id__functions.h\n'}
[14.613270] (px4_msgs) StdoutLine: {'line': b'-- Up-to-date: /home/subhalaxmi/nidar_ws/install/px4_msgs/include/px4_msgs/px4_msgs/msg/detail/transponder_report__functions.c\n'}
[14.613925] (px4_msgs) StdoutLine: {'line': b'-- Up-to-date: /home/subhalaxmi/nidar_ws/install/px4_msgs/include/px4_msgs/px4_msgs/msg/detail/rc_channels__struct.h\n'}
[14.614216] (px4_msgs) StdoutLine: {'line': b'-- Up-to-date: /home/subhalaxmi/nidar_ws/install/px4_msgs/include/px4_msgs/px4_msgs/msg/detail/timesync_status__type_support.h\n'}
[14.614438] (px4_msgs) StdoutLine: {'line': b'-- Up-to-date: /home/subhalaxmi/nidar_ws/install/px4_msgs/include/px4_msgs/px4_msgs/msg/detail/magnetometer_bias_estimate__functions.h\n'}
[14.615202] (px4_msgs) StdoutLine: {'line': b'-- Up-to-date: /home/subhalaxmi/nidar_ws/install/px4_msgs/include/px4_msgs/px4_msgs/msg/detail/manual_control_switches__type_support.h\n'}
[14.615995] (px4_msgs) StdoutLine: {'line': b'-- Up-to-date: /home/subhalaxmi/nidar_ws/install/px4_msgs/include/px4_msgs/px4_msgs/msg/detail/gimbal_device_attitude_status__functions.h\n'}
[14.617427] (px4_msgs) StdoutLine: {'line': b'-- Up-to-date: /home/subhalaxmi/nidar_ws/install/px4_msgs/include/px4_msgs/px4_msgs/msg/detail/generator_status__struct.h\n'}
[14.619027] (px4_msgs) StdoutLine: {'line': b'-- Up-to-date: /home/subhalaxmi/nidar_ws/install/px4_msgs/include/px4_msgs/px4_msgs/msg/detail/cpuload__functions.c\n'}
[14.619331] (px4_msgs) StdoutLine: {'line': b'-- Up-to-date: /home/subhalaxmi/nidar_ws/install/px4_msgs/include/px4_msgs/px4_msgs/msg/detail/vehicle_command_ack__struct.h\n'}
[14.619543] (px4_msgs) StdoutLine: {'line': b'-- Up-to-date: /home/subhalaxmi/nidar_ws/install/px4_msgs/include/px4_msgs/px4_msgs/msg/detail/heater_status__struct.h\n'}
[14.619742] (px4_msgs) StdoutLine: {'line': b'-- Up-to-date: /home/subhalaxmi/nidar_ws/install/px4_msgs/include/px4_msgs/px4_msgs/msg/detail/vehicle_acceleration__functions.c\n'}
[14.620582] (px4_msgs) StdoutLine: {'line': b'-- Up-to-date: /home/subhalaxmi/nidar_ws/install/px4_msgs/include/px4_msgs/px4_msgs/msg/detail/navigator_status__functions.h\n'}
[14.620864] (px4_msgs) StdoutLine: {'line': b'-- Up-to-date: /home/subhalaxmi/nidar_ws/install/px4_msgs/include/px4_msgs/px4_msgs/msg/detail/actuator_armed__functions.c\n'}
[14.621101] (px4_msgs) StdoutLine: {'line': b'-- Up-to-date: /home/subhalaxmi/nidar_ws/install/px4_msgs/include/px4_msgs/px4_msgs/msg/detail/log_message__functions.h\n'}
[14.621302] (px4_msgs) StdoutLine: {'line': b'-- Up-to-date: /home/subhalaxmi/nidar_ws/install/px4_msgs/include/px4_msgs/px4_msgs/msg/detail/telemetry_status__type_support.h\n'}
[14.622051] (px4_msgs) StdoutLine: {'line': b'-- Up-to-date: /home/subhalaxmi/nidar_ws/install/px4_msgs/include/px4_msgs/px4_msgs/msg/detail/magnetometer_bias_estimate__type_support.h\n'}
[14.622348] (px4_msgs) StdoutLine: {'line': b'-- Up-to-date: /home/subhalaxmi/nidar_ws/install/px4_msgs/include/px4_msgs/px4_msgs/msg/detail/manual_control_setpoint__struct.h\n'}
[14.622599] (px4_msgs) StdoutLine: {'line': b'-- Up-to-date: /home/subhalaxmi/nidar_ws/install/px4_msgs/include/px4_msgs/px4_msgs/msg/detail/sensor_airflow__struct.h\n'}
[14.622981] (px4_msgs) StdoutLine: {'line': b'-- Up-to-date: /home/subhalaxmi/nidar_ws/install/px4_msgs/include/px4_msgs/px4_msgs/msg/detail/vehicle_angular_velocity__struct.h\n'}
[14.623423] (px4_msgs) StdoutLine: {'line': b'-- Up-to-date: /home/subhalaxmi/nidar_ws/install/px4_msgs/include/px4_msgs/px4_msgs/msg/detail/rpm__struct.h\n'}
[14.623683] (px4_msgs) StdoutLine: {'line': b'-- Up-to-date: /home/subhalaxmi/nidar_ws/install/px4_msgs/include/px4_msgs/px4_msgs/msg/detail/vehicle_optical_flow_vel__struct.h\n'}
[14.623959] (px4_msgs) StdoutLine: {'line': b'-- Up-to-date: /home/subhalaxmi/nidar_ws/install/px4_msgs/include/px4_msgs/px4_msgs/msg/detail/mag_worker_data__functions.c\n'}
[14.624287] (px4_msgs) StdoutLine: {'line': b'-- Up-to-date: /home/subhalaxmi/nidar_ws/install/px4_msgs/include/px4_msgs/px4_msgs/msg/detail/message_format_request__struct.h\n'}
[14.624527] (px4_msgs) StdoutLine: {'line': b'-- Up-to-date: /home/subhalaxmi/nidar_ws/install/px4_msgs/include/px4_msgs/px4_msgs/msg/detail/event__functions.c\n'}
[14.624820] (px4_msgs) StdoutLine: {'line': b'-- Up-to-date: /home/subhalaxmi/nidar_ws/install/px4_msgs/include/px4_msgs/px4_msgs/msg/detail/gimbal_manager_set_attitude__functions.c\n'}
[14.625066] (px4_msgs) StdoutLine: {'line': b'-- Up-to-date: /home/subhalaxmi/nidar_ws/install/px4_msgs/include/px4_msgs/px4_msgs/msg/detail/fixed_wing_runway_control__struct.h\n'}
[14.625267] (px4_msgs) StdoutLine: {'line': b'-- Up-to-date: /home/subhalaxmi/nidar_ws/install/px4_msgs/include/px4_msgs/px4_msgs/msg/detail/airspeed_wind__functions.c\n'}
[14.625847] (px4_msgs) StdoutLine: {'line': b'-- Up-to-date: /home/subhalaxmi/nidar_ws/install/px4_msgs/include/px4_msgs/px4_msgs/msg/detail/parameter_set_used_request__functions.c\n'}
[14.627064] (px4_msgs) StdoutLine: {'line': b'-- Up-to-date: /home/subhalaxmi/nidar_ws/install/px4_msgs/include/px4_msgs/px4_msgs/msg/detail/velocity_limits__functions.c\n'}
[14.628123] (px4_msgs) StdoutLine: {'line': b'-- Up-to-date: /home/subhalaxmi/nidar_ws/install/px4_msgs/include/px4_msgs/px4_msgs/msg/detail/mode_completed__functions.c\n'}
[14.628557] (px4_msgs) StdoutLine: {'line': b'-- Up-to-date: /home/subhalaxmi/nidar_ws/install/px4_msgs/include/px4_msgs/px4_msgs/msg/detail/vehicle_constraints__functions.c\n'}
[14.630869] (px4_msgs) StdoutLine: {'line': b'-- Up-to-date: /home/subhalaxmi/nidar_ws/install/px4_msgs/include/px4_msgs/px4_msgs/msg/detail/led_control__type_support.h\n'}
[14.633244] (px4_msgs) StdoutLine: {'line': b'-- Up-to-date: /home/subhalaxmi/nidar_ws/install/px4_msgs/include/px4_msgs/px4_msgs/msg/detail/sensor_accel__type_support.h\n'}
[14.636071] (-) TimerEvent: {}
[14.639519] (px4_msgs) StdoutLine: {'line': b'-- Up-to-date: /home/subhalaxmi/nidar_ws/install/px4_msgs/include/px4_msgs/px4_msgs/msg/detail/follow_target_status__functions.h\n'}
[14.640886] (px4_msgs) StdoutLine: {'line': b'-- Up-to-date: /home/subhalaxmi/nidar_ws/install/px4_msgs/include/px4_msgs/px4_msgs/msg/detail/estimator_innovations__functions.h\n'}
[14.642148] (px4_msgs) StdoutLine: {'line': b'-- Up-to-date: /home/subhalaxmi/nidar_ws/install/px4_msgs/include/px4_msgs/px4_msgs/msg/detail/magnetometer_bias_estimate__struct.h\n'}
[14.643571] (px4_msgs) StdoutLine: {'line': b'-- Up-to-date: /home/subhalaxmi/nidar_ws/install/px4_msgs/include/px4_msgs/px4_msgs/msg/detail/dataman_request__functions.h\n'}
[14.644490] (px4_msgs) StdoutLine: {'line': b'-- Up-to-date: /home/subhalaxmi/nidar_ws/install/px4_msgs/include/px4_msgs/px4_msgs/msg/detail/estimator_sensor_bias__functions.h\n'}
[14.646044] (px4_msgs) StdoutLine: {'line': b'-- Up-to-date: /home/subhalaxmi/nidar_ws/install/px4_msgs/include/px4_msgs/px4_msgs/msg/detail/follow_target__type_support.h\n'}
[14.648659] (px4_msgs) StdoutLine: {'line': b'-- Up-to-date: /home/subhalaxmi/nidar_ws/install/px4_msgs/include/px4_msgs/px4_msgs/msg/detail/aux_global_position__type_support.h\n'}
[14.649307] (px4_msgs) StdoutLine: {'line': b'-- Up-to-date: /home/subhalaxmi/nidar_ws/install/px4_msgs/include/px4_msgs/px4_msgs/msg/detail/hover_thrust_estimate__struct.h\n'}
[14.650906] (px4_msgs) StdoutLine: {'line': b'-- Up-to-date: /home/subhalaxmi/nidar_ws/install/px4_msgs/include/px4_msgs/px4_msgs/msg/detail/vehicle_angular_acceleration_setpoint__struct.h\n'}
[14.651719] (px4_msgs) StdoutLine: {'line': b'-- Up-to-date: /home/subhalaxmi/nidar_ws/install/px4_msgs/include/px4_msgs/px4_msgs/msg/detail/debug_value__functions.c\n'}
[14.652437] (px4_msgs) StdoutLine: {'line': b'-- Up-to-date: /home/subhalaxmi/nidar_ws/install/px4_msgs/include/px4_msgs/px4_msgs/msg/detail/sensor_combined__type_support.h\n'}
[14.652712] (px4_msgs) StdoutLine: {'line': b'-- Up-to-date: /home/subhalaxmi/nidar_ws/install/px4_msgs/include/px4_msgs/px4_msgs/msg/detail/gimbal_manager_status__struct.h\n'}
[14.653361] (px4_msgs) StdoutLine: {'line': b'-- Up-to-date: /home/subhalaxmi/nidar_ws/install/px4_msgs/include/px4_msgs/px4_msgs/msg/detail/landing_target_pose__functions.c\n'}
[14.653610] (px4_msgs) StdoutLine: {'line': b'-- Up-to-date: /home/subhalaxmi/nidar_ws/install/px4_msgs/include/px4_msgs/px4_msgs/msg/detail/cpuload__functions.h\n'}
[14.653865] (px4_msgs) StdoutLine: {'line': b'-- Up-to-date: /home/subhalaxmi/nidar_ws/install/px4_msgs/include/px4_msgs/px4_msgs/msg/detail/gripper__struct.h\n'}
[14.654140] (px4_msgs) StdoutLine: {'line': b'-- Up-to-date: /home/subhalaxmi/nidar_ws/install/px4_msgs/include/px4_msgs/px4_msgs/msg/detail/unregister_ext_component__functions.c\n'}
[14.654376] (px4_msgs) StdoutLine: {'line': b'-- Up-to-date: /home/subhalaxmi/nidar_ws/install/px4_msgs/include/px4_msgs/px4_msgs/msg/detail/raptor_status__functions.h\n'}
[14.654614] (px4_msgs) StdoutLine: {'line': b'-- Up-to-date: /home/subhalaxmi/nidar_ws/install/px4_msgs/include/px4_msgs/px4_msgs/msg/detail/actuator_servos__struct.h\n'}
[14.654872] (px4_msgs) StdoutLine: {'line': b'-- Up-to-date: /home/subhalaxmi/nidar_ws/install/px4_msgs/include/px4_msgs/px4_msgs/msg/detail/button_event__functions.c\n'}
[14.656051] (px4_msgs) StdoutLine: {'line': b'-- Up-to-date: /home/subhalaxmi/nidar_ws/install/px4_msgs/include/px4_msgs/px4_msgs/msg/detail/estimator_sensor_bias__functions.c\n'}
[14.656686] (px4_msgs) StdoutLine: {'line': b'-- Up-to-date: /home/subhalaxmi/nidar_ws/install/px4_msgs/include/px4_msgs/px4_msgs/msg/detail/differential_pressure__type_support.h\n'}
[14.657501] (px4_msgs) StdoutLine: {'line': b'-- Up-to-date: /home/subhalaxmi/nidar_ws/install/px4_msgs/include/px4_msgs/px4_msgs/msg/detail/trajectory_setpoint6dof__type_support.h\n'}
[14.657897] (px4_msgs) StdoutLine: {'line': b'-- Up-to-date: /home/subhalaxmi/nidar_ws/install/px4_msgs/include/px4_msgs/px4_msgs/msg/detail/parameter_set_value_request__functions.c\n'}
[14.658161] (px4_msgs) StdoutLine: {'line': b'-- Up-to-date: /home/subhalaxmi/nidar_ws/install/px4_msgs/include/px4_msgs/px4_msgs/msg/detail/orb_test_large__functions.c\n'}
[14.658408] (px4_msgs) StdoutLine: {'line': b'-- Up-to-date: /home/subhalaxmi/nidar_ws/install/px4_msgs/include/px4_msgs/px4_msgs/msg/detail/pwm_input__functions.c\n'}
[14.658628] (px4_msgs) StdoutLine: {'line': b'-- Up-to-date: /home/subhalaxmi/nidar_ws/install/px4_msgs/include/px4_msgs/px4_msgs/msg/detail/led_control__struct.h\n'}
[14.659754] (px4_msgs) StdoutLine: {'line': b'-- Up-to-date: /home/subhalaxmi/nidar_ws/install/px4_msgs/include/px4_msgs/px4_msgs/msg/detail/gimbal_device_information__struct.h\n'}
[14.660128] (px4_msgs) StdoutLine: {'line': b'-- Up-to-date: /home/subhalaxmi/nidar_ws/install/px4_msgs/include/px4_msgs/px4_msgs/msg/detail/esc_report__functions.h\n'}
[14.660349] (px4_msgs) StdoutLine: {'line': b'-- Up-to-date: /home/subhalaxmi/nidar_ws/install/px4_msgs/include/px4_msgs/px4_msgs/msg/detail/manual_control_switches__functions.c\n'}
[14.660572] (px4_msgs) StdoutLine: {'line': b'-- Up-to-date: /home/subhalaxmi/nidar_ws/install/px4_msgs/include/px4_msgs/px4_msgs/msg/detail/satellite_info__struct.h\n'}
[14.660782] (px4_msgs) StdoutLine: {'line': b'-- Up-to-date: /home/subhalaxmi/nidar_ws/install/px4_msgs/include/px4_msgs/px4_msgs/msg/detail/position_setpoint__type_support.h\n'}
[14.661022] (px4_msgs) StdoutLine: {'line': b'-- Up-to-date: /home/subhalaxmi/nidar_ws/install/px4_msgs/include/px4_msgs/px4_msgs/msg/detail/obstacle_distance__functions.h\n'}
[14.661234] (px4_msgs) StdoutLine: {'line': b'-- Up-to-date: /home/subhalaxmi/nidar_ws/install/px4_msgs/include/px4_msgs/px4_msgs/msg/detail/longitudinal_control_configuration__type_support.h\n'}
[14.661447] (px4_msgs) StdoutLine: {'line': b'-- Up-to-date: /home/subhalaxmi/nidar_ws/install/px4_msgs/include/px4_msgs/px4_msgs/msg/detail/home_position__functions.h\n'}
[14.662023] (px4_msgs) StdoutLine: {'line': b'-- Up-to-date: /home/subhalaxmi/nidar_ws/install/px4_msgs/include/px4_msgs/px4_msgs/msg/detail/open_drone_id_operator_id__type_support.h\n'}
[14.663648] (px4_msgs) StdoutLine: {'line': b'-- Up-to-date: /home/subhalaxmi/nidar_ws/install/px4_msgs/include/px4_msgs/px4_msgs/msg/detail/sensors_status__type_support.h\n'}
[14.664237] (px4_msgs) StdoutLine: {'line': b'-- Up-to-date: /home/subhalaxmi/nidar_ws/install/px4_msgs/include/px4_msgs/px4_msgs/msg/detail/estimator_gps_status__struct.h\n'}
[14.669328] (px4_msgs) StdoutLine: {'line': b'-- Up-to-date: /home/subhalaxmi/nidar_ws/install/px4_msgs/include/px4_msgs/px4_msgs/msg/detail/onboard_computer_status__struct.h\n'}
[14.669668] (px4_msgs) StdoutLine: {'line': b'-- Up-to-date: /home/subhalaxmi/nidar_ws/install/px4_msgs/include/px4_msgs/px4_msgs/msg/detail/debug_vect__type_support.h\n'}
[14.670555] (px4_msgs) StdoutLine: {'line': b'-- Up-to-date: /home/subhalaxmi/nidar_ws/install/px4_msgs/include/px4_msgs/px4_msgs/msg/detail/parameter_set_value_request__functions.h\n'}
[14.670831] (px4_msgs) StdoutLine: {'line': b'-- Up-to-date: /home/subhalaxmi/nidar_ws/install/px4_msgs/include/px4_msgs/px4_msgs/msg/detail/can_interface_status__struct.h\n'}
[14.671084] (px4_msgs) StdoutLine: {'line': b'-- Up-to-date: /home/subhalaxmi/nidar_ws/install/px4_msgs/include/px4_msgs/px4_msgs/msg/detail/gimbal_manager_information__functions.h\n'}
[14.671339] (px4_msgs) StdoutLine: {'line': b'-- Up-to-date: /home/subhalaxmi/nidar_ws/install/px4_msgs/include/px4_msgs/px4_msgs/msg/detail/landing_gear_wheel__functions.c\n'}
[14.671549] (px4_msgs) StdoutLine: {'line': b'-- Up-to-date: /home/subhalaxmi/nidar_ws/install/px4_msgs/include/px4_msgs/px4_msgs/msg/detail/rc_channels__type_support.h\n'}
[14.671745] (px4_msgs) StdoutLine: {'line': b'-- Up-to-date: /home/subhalaxmi/nidar_ws/install/px4_msgs/include/px4_msgs/px4_msgs/msg/detail/sensor_correction__type_support.h\n'}
[14.672112] (px4_msgs) StdoutLine: {'line': b'-- Up-to-date: /home/subhalaxmi/nidar_ws/install/px4_msgs/include/px4_msgs/px4_msgs/msg/detail/uavcan_parameter_value__struct.h\n'}
[14.672346] (px4_msgs) StdoutLine: {'line': b'-- Up-to-date: /home/subhalaxmi/nidar_ws/install/px4_msgs/include/px4_msgs/px4_msgs/msg/detail/differential_pressure__struct.h\n'}
[14.672532] (px4_msgs) StdoutLine: {'line': b'-- Up-to-date: /home/subhalaxmi/nidar_ws/install/px4_msgs/include/px4_msgs/px4_msgs/msg/detail/tecs_status__struct.h\n'}
[14.672957] (px4_msgs) StdoutLine: {'line': b'-- Up-to-date: /home/subhalaxmi/nidar_ws/install/px4_msgs/include/px4_msgs/px4_msgs/msg/detail/parameter_set_value_request__struct.h\n'}
[14.673610] (px4_msgs) StdoutLine: {'line': b'-- Up-to-date: /home/subhalaxmi/nidar_ws/install/px4_msgs/include/px4_msgs/px4_msgs/msg/detail/rtl_time_estimate__functions.c\n'}
[14.675499] (px4_msgs) StdoutLine: {'line': b'-- Up-to-date: /home/subhalaxmi/nidar_ws/install/px4_msgs/include/px4_msgs/px4_msgs/msg/detail/gimbal_manager_set_attitude__type_support.h\n'}
[14.676012] (px4_msgs) StdoutLine: {'line': b'-- Up-to-date: /home/subhalaxmi/nidar_ws/install/px4_msgs/include/px4_msgs/px4_msgs/msg/detail/actuator_motors__functions.h\n'}
[14.676336] (px4_msgs) StdoutLine: {'line': b'-- Up-to-date: /home/subhalaxmi/nidar_ws/install/px4_msgs/include/px4_msgs/px4_msgs/msg/detail/sensor_gnss_status__type_support.h\n'}
[14.676589] (px4_msgs) StdoutLine: {'line': b'-- Up-to-date: /home/subhalaxmi/nidar_ws/install/px4_msgs/include/px4_msgs/px4_msgs/msg/detail/actuator_servos__functions.c\n'}
[14.677719] (px4_msgs) StdoutLine: {'line': b'-- Up-to-date: /home/subhalaxmi/nidar_ws/install/px4_msgs/include/px4_msgs/px4_msgs/msg/detail/qshell_req__struct.h\n'}
[14.678095] (px4_msgs) StdoutLine: {'line': b'-- Up-to-date: /home/subhalaxmi/nidar_ws/install/px4_msgs/include/px4_msgs/px4_msgs/msg/detail/fixed_wing_lateral_setpoint__struct.h\n'}
[14.678392] (px4_msgs) StdoutLine: {'line': b'-- Up-to-date: /home/subhalaxmi/nidar_ws/install/px4_msgs/include/px4_msgs/px4_msgs/msg/detail/esc_status__functions.h\n'}
[14.678690] (px4_msgs) StdoutLine: {'line': b'-- Up-to-date: /home/subhalaxmi/nidar_ws/install/px4_msgs/include/px4_msgs/px4_msgs/msg/detail/estimator_aid_source1d__struct.h\n'}
[14.679670] (px4_msgs) StdoutLine: {'line': b'-- Up-to-date: /home/subhalaxmi/nidar_ws/install/px4_msgs/include/px4_msgs/px4_msgs/msg/detail/longitudinal_control_configuration__struct.h\n'}
[14.681028] (px4_msgs) StdoutLine: {'line': b'-- Up-to-date: /home/subhalaxmi/nidar_ws/install/px4_msgs/include/px4_msgs/px4_msgs/msg/detail/vehicle_local_position__type_support.h\n'}
[14.681293] (px4_msgs) StdoutLine: {'line': b'-- Up-to-date: /home/subhalaxmi/nidar_ws/install/px4_msgs/include/px4_msgs/px4_msgs/msg/detail/parameter_update__functions.c\n'}
[14.681636] (px4_msgs) StdoutLine: {'line': b'-- Up-to-date: /home/subhalaxmi/nidar_ws/install/px4_msgs/include/px4_msgs/px4_msgs/msg/detail/fixed_wing_longitudinal_setpoint__functions.h\n'}
[14.683982] (px4_msgs) StdoutLine: {'line': b'-- Up-to-date: /home/subhalaxmi/nidar_ws/install/px4_msgs/include/px4_msgs/px4_msgs/msg/detail/timesync_status__functions.c\n'}
[14.684336] (px4_msgs) StdoutLine: {'line': b'-- Up-to-date: /home/subhalaxmi/nidar_ws/install/px4_msgs/include/px4_msgs/px4_msgs/msg/detail/parameter_update__type_support.h\n'}
[14.684583] (px4_msgs) StdoutLine: {'line': b'-- Up-to-date: /home/subhalaxmi/nidar_ws/install/px4_msgs/include/px4_msgs/px4_msgs/msg/detail/sensor_correction__functions.c\n'}
[14.684866] (px4_msgs) StdoutLine: {'line': b'-- Up-to-date: /home/subhalaxmi/nidar_ws/install/px4_msgs/include/px4_msgs/px4_msgs/msg/detail/arming_check_reply__functions.h\n'}
[14.685130] (px4_msgs) StdoutLine: {'line': b'-- Up-to-date: /home/subhalaxmi/nidar_ws/install/px4_msgs/include/px4_msgs/px4_msgs/msg/detail/rc_parameter_map__functions.h\n'}
[14.685362] (px4_msgs) StdoutLine: {'line': b'-- Up-to-date: /home/subhalaxmi/nidar_ws/install/px4_msgs/include/px4_msgs/px4_msgs/msg/detail/arming_check_request__functions.c\n'}
[14.685627] (px4_msgs) StdoutLine: {'line': b'-- Up-to-date: /home/subhalaxmi/nidar_ws/install/px4_msgs/include/px4_msgs/px4_msgs/msg/detail/orb_test_medium__functions.h\n'}
[14.686394] (px4_msgs) StdoutLine: {'line': b'-- Up-to-date: /home/subhalaxmi/nidar_ws/install/px4_msgs/include/px4_msgs/px4_msgs/msg/detail/manual_control_switches__struct.h\n'}
[14.686841] (px4_msgs) StdoutLine: {'line': b'-- Up-to-date: /home/subhalaxmi/nidar_ws/install/px4_msgs/include/px4_msgs/px4_msgs/msg/detail/vehicle_roi__functions.c\n'}
[14.688043] (px4_msgs) StdoutLine: {'line': b'-- Up-to-date: /home/subhalaxmi/nidar_ws/install/px4_msgs/include/px4_msgs/px4_msgs/msg/detail/actuator_controls_status__struct.h\n'}
[14.690427] (px4_msgs) StdoutLine: {'line': b'-- Up-to-date: /home/subhalaxmi/nidar_ws/install/px4_msgs/include/px4_msgs/px4_msgs/msg/detail/message_format_request__type_support.h\n'}
[14.692493] (px4_msgs) StdoutLine: {'line': b'-- Up-to-date: /home/subhalaxmi/nidar_ws/install/px4_msgs/include/px4_msgs/px4_msgs/msg/detail/pure_pursuit_status__struct.h\n'}
[14.694044] (px4_msgs) StdoutLine: {'line': b'-- Up-to-date: /home/subhalaxmi/nidar_ws/install/px4_msgs/include/px4_msgs/px4_msgs/msg/detail/sensors_status_imu__struct.h\n'}
[14.694483] (px4_msgs) StdoutLine: {'line': b'-- Up-to-date: /home/subhalaxmi/nidar_ws/install/px4_msgs/include/px4_msgs/px4_msgs/msg/detail/gimbal_manager_status__functions.c\n'}
[14.694883] (px4_msgs) StdoutLine: {'line': b'-- Up-to-date: /home/subhalaxmi/nidar_ws/install/px4_msgs/include/px4_msgs/px4_msgs/msg/detail/config_overrides__functions.h\n'}
[14.697543] (px4_msgs) StdoutLine: {'line': b'-- Up-to-date: /home/subhalaxmi/nidar_ws/install/px4_msgs/include/px4_msgs/px4_msgs/msg/detail/fixed_wing_lateral_status__struct.h\n'}
[14.698740] (px4_msgs) StdoutLine: {'line': b'-- Up-to-date: /home/subhalaxmi/nidar_ws/install/px4_msgs/include/px4_msgs/px4_msgs/msg/detail/camera_status__struct.h\n'}
[14.699502] (px4_msgs) StdoutLine: {'line': b'-- Up-to-date: /home/subhalaxmi/nidar_ws/install/px4_msgs/include/px4_msgs/px4_msgs/msg/detail/follow_target_estimator__functions.c\n'}
[14.699792] (px4_msgs) StdoutLine: {'line': b'-- Up-to-date: /home/subhalaxmi/nidar_ws/install/px4_msgs/include/px4_msgs/px4_msgs/msg/detail/system_power__type_support.h\n'}
[14.700057] (px4_msgs) StdoutLine: {'line': b'-- Up-to-date: /home/subhalaxmi/nidar_ws/install/px4_msgs/include/px4_msgs/px4_msgs/msg/detail/health_report__functions.h\n'}
[14.701190] (px4_msgs) StdoutLine: {'line': b'-- Up-to-date: /home/subhalaxmi/nidar_ws/install/px4_msgs/include/px4_msgs/px4_msgs/msg/detail/estimator_bias3d__type_support.h\n'}
[14.701461] (px4_msgs) StdoutLine: {'line': b'-- Up-to-date: /home/subhalaxmi/nidar_ws/install/px4_msgs/include/px4_msgs/px4_msgs/msg/detail/estimator_innovations__struct.h\n'}
[14.701731] (px4_msgs) StdoutLine: {'line': b'-- Up-to-date: /home/subhalaxmi/nidar_ws/install/px4_msgs/include/px4_msgs/px4_msgs/msg/detail/vehicle_attitude__functions.c\n'}
[14.701988] (px4_msgs) StdoutLine: {'line': b'-- Up-to-date: /home/subhalaxmi/nidar_ws/install/px4_msgs/include/px4_msgs/px4_msgs/msg/detail/estimator_selector_status__functions.c\n'}
[14.702277] (px4_msgs) StdoutLine: {'line': b'-- Up-to-date: /home/subhalaxmi/nidar_ws/install/px4_msgs/include/px4_msgs/px4_msgs/msg/detail/rover_rate_status__type_support.h\n'}
[14.703269] (px4_msgs) StdoutLine: {'line': b'-- Up-to-date: /home/subhalaxmi/nidar_ws/install/px4_msgs/include/px4_msgs/px4_msgs/msg/detail/distance_sensor_mode_change_request__type_support.h\n'}
[14.704911] (px4_msgs) StdoutLine: {'line': b'-- Up-to-date: /home/subhalaxmi/nidar_ws/install/px4_msgs/include/px4_msgs/px4_msgs/msg/detail/vehicle_local_position_setpoint__type_support.h\n'}
[14.705954] (px4_msgs) StdoutLine: {'line': b'-- Up-to-date: /home/subhalaxmi/nidar_ws/install/px4_msgs/include/px4_msgs/px4_msgs/msg/detail/geofence_status__struct.h\n'}
[14.706240] (px4_msgs) StdoutLine: {'line': b'-- Up-to-date: /home/subhalaxmi/nidar_ws/install/px4_msgs/include/px4_msgs/px4_msgs/msg/detail/sensor_gps__functions.c\n'}
[14.706440] (px4_msgs) StdoutLine: {'line': b'-- Up-to-date: /home/subhalaxmi/nidar_ws/install/px4_msgs/include/px4_msgs/px4_msgs/msg/detail/sensor_gyro__struct.h\n'}
[14.706721] (px4_msgs) StdoutLine: {'line': b'-- Up-to-date: /home/subhalaxmi/nidar_ws/install/px4_msgs/include/px4_msgs/px4_msgs/msg/detail/position_setpoint__struct.h\n'}
[14.707005] (px4_msgs) StdoutLine: {'line': b'-- Up-to-date: /home/subhalaxmi/nidar_ws/install/px4_msgs/include/px4_msgs/px4_msgs/msg/detail/uavcan_parameter_request__struct.h\n'}
[14.707306] (px4_msgs) StdoutLine: {'line': b'-- Up-to-date: /home/subhalaxmi/nidar_ws/install/px4_msgs/include/px4_msgs/px4_msgs/msg/detail/sensor_temp__functions.h\n'}
[14.707556] (px4_msgs) StdoutLine: {'line': b'-- Up-to-date: /home/subhalaxmi/nidar_ws/install/px4_msgs/include/px4_msgs/px4_msgs/msg/detail/velocity_limits__struct.h\n'}
[14.707779] (px4_msgs) StdoutLine: {'line': b'-- Up-to-date: /home/subhalaxmi/nidar_ws/install/px4_msgs/include/px4_msgs/px4_msgs/msg/detail/message_format_response__functions.c\n'}
[14.709379] (px4_msgs) StdoutLine: {'line': b'-- Up-to-date: /home/subhalaxmi/nidar_ws/install/px4_msgs/include/px4_msgs/px4_msgs/msg/detail/rover_rate_status__struct.h\n'}
[14.709708] (px4_msgs) StdoutLine: {'line': b'-- Up-to-date: /home/subhalaxmi/nidar_ws/install/px4_msgs/include/px4_msgs/px4_msgs/msg/detail/autotune_attitude_control_status__functions.c\n'}
[14.714061] (px4_msgs) StdoutLine: {'line': b'-- Up-to-date: /home/subhalaxmi/nidar_ws/install/px4_msgs/include/px4_msgs/px4_msgs/msg/detail/obstacle_distance__type_support.h\n'}
[14.714446] (px4_msgs) StdoutLine: {'line': b'-- Up-to-date: /home/subhalaxmi/nidar_ws/install/px4_msgs/include/px4_msgs/px4_msgs/msg/detail/vehicle_magnetometer__functions.c\n'}
[14.714693] (px4_msgs) StdoutLine: {'line': b'-- Up-to-date: /home/subhalaxmi/nidar_ws/install/px4_msgs/include/px4_msgs/px4_msgs/msg/detail/dronecan_node_status__functions.h\n'}
[14.715537] (px4_msgs) StdoutLine: {'line': b'-- Up-to-date: /home/subhalaxmi/nidar_ws/install/px4_msgs/include/px4_msgs/px4_msgs/msg/detail/sensor_temp__functions.c\n'}
[14.715834] (px4_msgs) StdoutLine: {'line': b'-- Up-to-date: /home/subhalaxmi/nidar_ws/install/px4_msgs/include/px4_msgs/px4_msgs/msg/detail/camera_capture__type_support.h\n'}
[14.716101] (px4_msgs) StdoutLine: {'line': b'-- Up-to-date: /home/subhalaxmi/nidar_ws/install/px4_msgs/include/px4_msgs/px4_msgs/msg/detail/hover_thrust_estimate__functions.c\n'}
[14.716362] (px4_msgs) StdoutLine: {'line': b'-- Up-to-date: /home/subhalaxmi/nidar_ws/install/px4_msgs/include/px4_msgs/px4_msgs/msg/detail/radio_status__functions.c\n'}
[14.716585] (px4_msgs) StdoutLine: {'line': b'-- Up-to-date: /home/subhalaxmi/nidar_ws/install/px4_msgs/include/px4_msgs/px4_msgs/msg/detail/parameter_set_value_response__functions.c\n'}
[14.717860] (px4_msgs) StdoutLine: {'line': b'-- Up-to-date: /home/subhalaxmi/nidar_ws/install/px4_msgs/include/px4_msgs/px4_msgs/msg/detail/navigator_status__struct.h\n'}
[14.721566] (px4_msgs) StdoutLine: {'line': b'-- Up-to-date: /home/subhalaxmi/nidar_ws/install/px4_msgs/include/px4_msgs/px4_msgs/msg/detail/flight_phase_estimation__functions.c\n'}
[14.725190] (px4_msgs) StdoutLine: {'line': b'-- Up-to-date: /home/subhalaxmi/nidar_ws/install/px4_msgs/include/px4_msgs/px4_msgs/msg/detail/gpio_in__functions.c\n'}
[14.729169] (px4_msgs) StdoutLine: {'line': b'-- Up-to-date: /home/subhalaxmi/nidar_ws/install/px4_msgs/include/px4_msgs/px4_msgs/msg/detail/normalized_unsigned_setpoint__struct.h\n'}
[14.729620] (px4_msgs) StdoutLine: {'line': b'-- Up-to-date: /home/subhalaxmi/nidar_ws/install/px4_msgs/include/px4_msgs/px4_msgs/msg/detail/landing_gear_wheel__struct.h\n'}
[14.729927] (px4_msgs) StdoutLine: {'line': b'-- Up-to-date: /home/subhalaxmi/nidar_ws/install/px4_msgs/include/px4_msgs/px4_msgs/msg/detail/mode_completed__type_support.h\n'}
[14.730267] (px4_msgs) StdoutLine: {'line': b'-- Up-to-date: /home/subhalaxmi/nidar_ws/install/px4_msgs/include/px4_msgs/px4_msgs/msg/detail/rover_speed_setpoint__functions.c\n'}
[14.730562] (px4_msgs) StdoutLine: {'line': b'-- Up-to-date: /home/subhalaxmi/nidar_ws/install/px4_msgs/include/px4_msgs/px4_msgs/msg/detail/vehicle_status__struct.h\n'}
[14.732119] (px4_msgs) StdoutLine: {'line': b'-- Up-to-date: /home/subhalaxmi/nidar_ws/install/px4_msgs/include/px4_msgs/px4_msgs/msg/detail/qshell_retval__type_support.h\n'}
[14.732747] (px4_msgs) StdoutLine: {'line': b'-- Up-to-date: /home/subhalaxmi/nidar_ws/install/px4_msgs/include/px4_msgs/px4_msgs/msg/detail/register_ext_component_reply__functions.h\n'}
[14.737014] (-) TimerEvent: {}
[14.737560] (px4_msgs) StdoutLine: {'line': b'-- Up-to-date: /home/subhalaxmi/nidar_ws/install/px4_msgs/include/px4_msgs/px4_msgs/msg/detail/neural_control__functions.h\n'}
[14.739939] (px4_msgs) StdoutLine: {'line': b'-- Up-to-date: /home/subhalaxmi/nidar_ws/install/px4_msgs/include/px4_msgs/px4_msgs/msg/detail/manual_control_switches__functions.h\n'}
[14.741083] (px4_msgs) StdoutLine: {'line': b'-- Up-to-date: /home/subhalaxmi/nidar_ws/install/px4_msgs/include/px4_msgs/px4_msgs/msg/detail/debug_value__struct.h\n'}
[14.741664] (px4_msgs) StdoutLine: {'line': b'-- Up-to-date: /home/subhalaxmi/nidar_ws/install/px4_msgs/include/px4_msgs/px4_msgs/msg/detail/gimbal_controls__functions.c\n'}
[14.742820] (px4_msgs) StdoutLine: {'line': b'-- Up-to-date: /home/subhalaxmi/nidar_ws/install/px4_msgs/include/px4_msgs/px4_msgs/msg/detail/rover_position_setpoint__type_support.h\n'}
[14.744241] (px4_msgs) StdoutLine: {'line': b'-- Up-to-date: /home/subhalaxmi/nidar_ws/install/px4_msgs/include/px4_msgs/px4_msgs/msg/detail/open_drone_id_self_id__type_support.h\n'}
[14.744611] (px4_msgs) StdoutLine: {'line': b'-- Up-to-date: /home/subhalaxmi/nidar_ws/install/px4_msgs/include/px4_msgs/px4_msgs/msg/detail/estimator_states__type_support.h\n'}
[14.744892] (px4_msgs) StdoutLine: {'line': b'-- Up-to-date: /home/subhalaxmi/nidar_ws/install/px4_msgs/include/px4_msgs/px4_msgs/msg/detail/health_report__functions.c\n'}
[14.745209] (px4_msgs) StdoutLine: {'line': b'-- Up-to-date: /home/subhalaxmi/nidar_ws/install/px4_msgs/include/px4_msgs/px4_msgs/msg/detail/collision_constraints__functions.h\n'}
[14.745587] (px4_msgs) StdoutLine: {'line': b'-- Up-to-date: /home/subhalaxmi/nidar_ws/install/px4_msgs/include/px4_msgs/px4_msgs/msg/detail/sensor_uwb__type_support.h\n'}
[14.747366] (px4_msgs) StdoutLine: {'line': b'-- Up-to-date: /home/subhalaxmi/nidar_ws/install/px4_msgs/include/px4_msgs/px4_msgs/msg/detail/estimator_bias__struct.h\n'}
[14.748572] (px4_msgs) StdoutLine: {'line': b'-- Up-to-date: /home/subhalaxmi/nidar_ws/install/px4_msgs/include/px4_msgs/px4_msgs/msg/detail/open_drone_id_operator_id__functions.c\n'}
[14.749048] (px4_msgs) StdoutLine: {'line': b'-- Up-to-date: /home/subhalaxmi/nidar_ws/install/px4_msgs/include/px4_msgs/px4_msgs/msg/detail/mavlink_log__functions.h\n'}
[14.749296] (px4_msgs) StdoutLine: {'line': b'-- Up-to-date: /home/subhalaxmi/nidar_ws/install/px4_msgs/include/px4_msgs/px4_msgs/msg/detail/control_allocator_status__functions.h\n'}
[14.749513] (px4_msgs) StdoutLine: {'line': b'-- Up-to-date: /home/subhalaxmi/nidar_ws/install/px4_msgs/include/px4_msgs/px4_msgs/msg/detail/distance_sensor__functions.h\n'}
[14.750380] (px4_msgs) StdoutLine: {'line': b'-- Up-to-date: /home/subhalaxmi/nidar_ws/install/px4_msgs/include/px4_msgs/px4_msgs/msg/detail/follow_target_estimator__functions.h\n'}
[14.751297] (px4_msgs) StdoutLine: {'line': b'-- Up-to-date: /home/subhalaxmi/nidar_ws/install/px4_msgs/include/px4_msgs/px4_msgs/msg/detail/open_drone_id_self_id__struct.h\n'}
[14.751691] (px4_msgs) StdoutLine: {'line': b'-- Up-to-date: /home/subhalaxmi/nidar_ws/install/px4_msgs/include/px4_msgs/px4_msgs/msg/detail/manual_control_setpoint__functions.h\n'}
[14.753094] (px4_msgs) StdoutLine: {'line': b'-- Up-to-date: /home/subhalaxmi/nidar_ws/install/px4_msgs/include/px4_msgs/px4_msgs/msg/detail/estimator_selector_status__struct.h\n'}
[14.754216] (px4_msgs) StdoutLine: {'line': b'-- Up-to-date: /home/subhalaxmi/nidar_ws/install/px4_msgs/include/px4_msgs/px4_msgs/msg/detail/gimbal_device_set_attitude__struct.h\n'}
[14.754953] (px4_msgs) StdoutLine: {'line': b'-- Up-to-date: /home/subhalaxmi/nidar_ws/install/px4_msgs/include/px4_msgs/px4_msgs/msg/detail/vehicle_air_data__struct.h\n'}
[14.755270] (px4_msgs) StdoutLine: {'line': b'-- Up-to-date: /home/subhalaxmi/nidar_ws/install/px4_msgs/include/px4_msgs/px4_msgs/msg/detail/figure_eight_status__functions.h\n'}
[14.755655] (px4_msgs) StdoutLine: {'line': b'-- Up-to-date: /home/subhalaxmi/nidar_ws/install/px4_msgs/include/px4_msgs/px4_msgs/msg/detail/battery_info__functions.h\n'}
[14.755984] (px4_msgs) StdoutLine: {'line': b'-- Up-to-date: /home/subhalaxmi/nidar_ws/install/px4_msgs/include/px4_msgs/px4_msgs/msg/detail/mag_worker_data__type_support.h\n'}
[14.757095] (px4_msgs) StdoutLine: {'line': b'-- Up-to-date: /home/subhalaxmi/nidar_ws/install/px4_msgs/include/px4_msgs/px4_msgs/msg/detail/rover_rate_status__functions.c\n'}
[14.759470] (px4_msgs) StdoutLine: {'line': b'-- Up-to-date: /home/subhalaxmi/nidar_ws/install/px4_msgs/include/px4_msgs/px4_msgs/msg/detail/open_drone_id_system__type_support.h\n'}
[14.761622] (px4_msgs) StdoutLine: {'line': b'-- Up-to-date: /home/subhalaxmi/nidar_ws/install/px4_msgs/include/px4_msgs/px4_msgs/msg/detail/hover_thrust_estimate__type_support.h\n'}
[14.762576] (px4_msgs) StdoutLine: {'line': b'-- Up-to-date: /home/subhalaxmi/nidar_ws/install/px4_msgs/include/px4_msgs/px4_msgs/msg/detail/open_drone_id_operator_id__functions.h\n'}
[14.762979] (px4_msgs) StdoutLine: {'line': b'-- Up-to-date: /home/subhalaxmi/nidar_ws/install/px4_msgs/include/px4_msgs/px4_msgs/msg/detail/arming_check_reply__type_support.h\n'}
[14.763245] (px4_msgs) StdoutLine: {'line': b'-- Up-to-date: /home/subhalaxmi/nidar_ws/install/px4_msgs/include/px4_msgs/px4_msgs/msg/detail/landing_gear_wheel__type_support.h\n'}
[14.763486] (px4_msgs) StdoutLine: {'line': b'-- Up-to-date: /home/subhalaxmi/nidar_ws/install/px4_msgs/include/px4_msgs/px4_msgs/msg/detail/event__struct.h\n'}
[14.763769] (px4_msgs) StdoutLine: {'line': b'-- Up-to-date: /home/subhalaxmi/nidar_ws/install/px4_msgs/include/px4_msgs/px4_msgs/msg/detail/ekf2_timestamps__type_support.h\n'}
[14.764067] (px4_msgs) StdoutLine: {'line': b'-- Up-to-date: /home/subhalaxmi/nidar_ws/install/px4_msgs/include/px4_msgs/px4_msgs/msg/detail/figure_eight_status__functions.c\n'}
[14.764300] (px4_msgs) StdoutLine: {'line': b'-- Up-to-date: /home/subhalaxmi/nidar_ws/install/px4_msgs/include/px4_msgs/px4_msgs/msg/detail/power_monitor__functions.c\n'}
[14.764523] (px4_msgs) StdoutLine: {'line': b'-- Up-to-date: /home/subhalaxmi/nidar_ws/install/px4_msgs/include/px4_msgs/px4_msgs/msg/detail/gimbal_controls__struct.h\n'}
[14.765754] (px4_msgs) StdoutLine: {'line': b'-- Up-to-date: /home/subhalaxmi/nidar_ws/install/px4_msgs/include/px4_msgs/px4_msgs/msg/detail/fixed_wing_lateral_setpoint__functions.c\n'}
[14.767549] (px4_msgs) StdoutLine: {'line': b'-- Up-to-date: /home/subhalaxmi/nidar_ws/install/px4_msgs/include/px4_msgs/px4_msgs/msg/detail/sensor_selection__type_support.h\n'}
[14.768821] (px4_msgs) StdoutLine: {'line': b'-- Up-to-date: /home/subhalaxmi/nidar_ws/install/px4_msgs/include/px4_msgs/px4_msgs/msg/detail/actuator_controls_status__type_support.h\n'}
[14.770508] (px4_msgs) StdoutLine: {'line': b'-- Up-to-date: /home/subhalaxmi/nidar_ws/install/px4_msgs/include/px4_msgs/px4_msgs/msg/detail/sensor_mag__type_support.h\n'}
[14.772087] (px4_msgs) StdoutLine: {'line': b'-- Up-to-date: /home/subhalaxmi/nidar_ws/install/px4_msgs/include/px4_msgs/px4_msgs/msg/detail/camera_status__functions.c\n'}
[14.772852] (px4_msgs) StdoutLine: {'line': b'-- Up-to-date: /home/subhalaxmi/nidar_ws/install/px4_msgs/include/px4_msgs/px4_msgs/msg/detail/onboard_computer_status__functions.c\n'}
[14.773422] (px4_msgs) StdoutLine: {'line': b'-- Up-to-date: /home/subhalaxmi/nidar_ws/install/px4_msgs/include/px4_msgs/px4_msgs/msg/detail/lateral_control_configuration__type_support.h\n'}
[14.773659] (px4_msgs) StdoutLine: {'line': b'-- Up-to-date: /home/subhalaxmi/nidar_ws/install/px4_msgs/include/px4_msgs/px4_msgs/msg/detail/dataman_response__struct.h\n'}
[14.773886] (px4_msgs) StdoutLine: {'line': b'-- Up-to-date: /home/subhalaxmi/nidar_ws/install/px4_msgs/include/px4_msgs/px4_msgs/msg/detail/rover_position_setpoint__functions.c\n'}
[14.774111] (px4_msgs) StdoutLine: {'line': b'-- Up-to-date: /home/subhalaxmi/nidar_ws/install/px4_msgs/include/px4_msgs/px4_msgs/msg/detail/failure_detector_status__type_support.h\n'}
[14.774245] (px4_msgs) StdoutLine: {'line': b'-- Up-to-date: /home/subhalaxmi/nidar_ws/install/px4_msgs/include/px4_msgs/px4_msgs/msg/detail/rover_speed_setpoint__functions.h\n'}
[14.774372] (px4_msgs) StdoutLine: {'line': b'-- Up-to-date: /home/subhalaxmi/nidar_ws/install/px4_msgs/include/px4_msgs/px4_msgs/msg/detail/mode_completed__functions.h\n'}
[14.774494] (px4_msgs) StdoutLine: {'line': b'-- Up-to-date: /home/subhalaxmi/nidar_ws/install/px4_msgs/include/px4_msgs/px4_msgs/msg/detail/orb_test__functions.c\n'}
[14.774646] (px4_msgs) StdoutLine: {'line': b'-- Up-to-date: /home/subhalaxmi/nidar_ws/install/px4_msgs/include/px4_msgs/px4_msgs/msg/detail/mission_result__functions.c\n'}
[14.774764] (px4_msgs) StdoutLine: {'line': b'-- Up-to-date: /home/subhalaxmi/nidar_ws/install/px4_msgs/include/px4_msgs/px4_msgs/msg/detail/debug_array__type_support.h\n'}
[14.775049] (px4_msgs) StdoutLine: {'line': b'-- Up-to-date: /home/subhalaxmi/nidar_ws/install/px4_msgs/include/px4_msgs/px4_msgs/msg/detail/sensor_uwb__struct.h\n'}
[14.775269] (px4_msgs) StdoutLine: {'line': b'-- Up-to-date: /home/subhalaxmi/nidar_ws/install/px4_msgs/include/px4_msgs/px4_msgs/msg/detail/irlock_report__type_support.h\n'}
[14.775495] (px4_msgs) StdoutLine: {'line': b'-- Up-to-date: /home/subhalaxmi/nidar_ws/install/px4_msgs/include/px4_msgs/px4_msgs/msg/detail/rate_ctrl_status__type_support.h\n'}
[14.775706] (px4_msgs) StdoutLine: {'line': b'-- Up-to-date: /home/subhalaxmi/nidar_ws/install/px4_msgs/include/px4_msgs/px4_msgs/msg/detail/pure_pursuit_status__functions.h\n'}
[14.776581] (px4_msgs) StdoutLine: {'line': b'-- Up-to-date: /home/subhalaxmi/nidar_ws/install/px4_msgs/include/px4_msgs/px4_msgs/msg/detail/landing_gear__functions.h\n'}
[14.777580] (px4_msgs) StdoutLine: {'line': b'-- Up-to-date: /home/subhalaxmi/nidar_ws/install/px4_msgs/include/px4_msgs/px4_msgs/msg/detail/rover_position_setpoint__struct.h\n'}
[14.778202] (px4_msgs) StdoutLine: {'line': b'-- Up-to-date: /home/subhalaxmi/nidar_ws/install/px4_msgs/include/px4_msgs/px4_msgs/msg/detail/telemetry_status__struct.h\n'}
[14.779084] (px4_msgs) StdoutLine: {'line': b'-- Up-to-date: /home/subhalaxmi/nidar_ws/install/px4_msgs/include/px4_msgs/px4_msgs/msg/detail/esc_report__type_support.h\n'}
[14.780145] (px4_msgs) StdoutLine: {'line': b'-- Up-to-date: /home/subhalaxmi/nidar_ws/install/px4_msgs/include/px4_msgs/px4_msgs/msg/detail/sensor_hygrometer__functions.h\n'}
[14.781024] (px4_msgs) StdoutLine: {'line': b'-- Up-to-date: /home/subhalaxmi/nidar_ws/install/px4_msgs/include/px4_msgs/px4_msgs/msg/detail/esc_report__functions.c\n'}
[14.782958] (px4_msgs) StdoutLine: {'line': b'-- Up-to-date: /home/subhalaxmi/nidar_ws/install/px4_msgs/include/px4_msgs/px4_msgs/msg/detail/debug_array__functions.c\n'}
[14.784862] (px4_msgs) StdoutLine: {'line': b'-- Up-to-date: /home/subhalaxmi/nidar_ws/install/px4_msgs/include/px4_msgs/px4_msgs/msg/detail/tune_control__functions.h\n'}
[14.788734] (px4_msgs) StdoutLine: {'line': b'-- Up-to-date: /home/subhalaxmi/nidar_ws/install/px4_msgs/include/px4_msgs/px4_msgs/msg/detail/rpm__type_support.h\n'}
[14.790122] (px4_msgs) StdoutLine: {'line': b'-- Up-to-date: /home/subhalaxmi/nidar_ws/install/px4_msgs/include/px4_msgs/px4_msgs/msg/detail/arming_check_request__struct.h\n'}
[14.790771] (px4_msgs) StdoutLine: {'line': b'-- Up-to-date: /home/subhalaxmi/nidar_ws/install/px4_msgs/include/px4_msgs/px4_msgs/msg/detail/fixed_wing_lateral_status__functions.c\n'}
[14.793265] (px4_msgs) StdoutLine: {'line': b'-- Up-to-date: /home/subhalaxmi/nidar_ws/install/px4_msgs/include/px4_msgs/px4_msgs/msg/detail/arming_check_request__type_support.h\n'}
[14.795217] (px4_msgs) StdoutLine: {'line': b'-- Up-to-date: /home/subhalaxmi/nidar_ws/install/px4_msgs/include/px4_msgs/px4_msgs/msg/detail/landing_gear__struct.h\n'}
[14.795795] (px4_msgs) StdoutLine: {'line': b'-- Up-to-date: /home/subhalaxmi/nidar_ws/install/px4_msgs/include/px4_msgs/px4_msgs/msg/detail/actuator_armed__type_support.h\n'}
[14.796196] (px4_msgs) StdoutLine: {'line': b'-- Up-to-date: /home/subhalaxmi/nidar_ws/install/px4_msgs/include/px4_msgs/px4_msgs/msg/detail/actuator_test__functions.h\n'}
[14.796437] (px4_msgs) StdoutLine: {'line': b'-- Up-to-date: /home/subhalaxmi/nidar_ws/install/px4_msgs/include/px4_msgs/px4_msgs/msg/detail/vtol_vehicle_status__functions.h\n'}
[14.796647] (px4_msgs) StdoutLine: {'line': b'-- Up-to-date: /home/subhalaxmi/nidar_ws/install/px4_msgs/include/px4_msgs/px4_msgs/msg/detail/estimator_aid_source1d__functions.h\n'}
[14.796873] (px4_msgs) StdoutLine: {'line': b'-- Up-to-date: /home/subhalaxmi/nidar_ws/install/px4_msgs/include/px4_msgs/px4_msgs/msg/detail/device_information__struct.h\n'}
[14.797103] (px4_msgs) StdoutLine: {'line': b'-- Up-to-date: /home/subhalaxmi/nidar_ws/install/px4_msgs/include/px4_msgs/px4_msgs/msg/detail/distance_sensor_mode_change_request__functions.h\n'}
[14.797509] (px4_msgs) StdoutLine: {'line': b'-- Up-to-date: /home/subhalaxmi/nidar_ws/install/px4_msgs/include/px4_msgs/px4_msgs/msg/detail/airspeed__struct.h\n'}
[14.797969] (px4_msgs) StdoutLine: {'line': b'-- Up-to-date: /home/subhalaxmi/nidar_ws/install/px4_msgs/include/px4_msgs/px4_msgs/msg/detail/vehicle_air_data__functions.c\n'}
[14.798721] (px4_msgs) StdoutLine: {'line': b'-- Up-to-date: /home/subhalaxmi/nidar_ws/install/px4_msgs/include/px4_msgs/px4_msgs/msg/detail/sensor_gnss_status__functions.h\n'}
[14.798985] (px4_msgs) StdoutLine: {'line': b'-- Up-to-date: /home/subhalaxmi/nidar_ws/install/px4_msgs/include/px4_msgs/px4_msgs/msg/detail/failure_detector_status__functions.c\n'}
[14.799220] (px4_msgs) StdoutLine: {'line': b'-- Up-to-date: /home/subhalaxmi/nidar_ws/install/px4_msgs/include/px4_msgs/px4_msgs/msg/detail/failsafe_flags__type_support.h\n'}
[14.799531] (px4_msgs) StdoutLine: {'line': b'-- Up-to-date: /home/subhalaxmi/nidar_ws/install/px4_msgs/include/px4_msgs/px4_msgs/msg/detail/vehicle_angular_acceleration_setpoint__type_support.h\n'}
[14.799760] (px4_msgs) StdoutLine: {'line': b'-- Up-to-date: /home/subhalaxmi/nidar_ws/install/px4_msgs/include/px4_msgs/px4_msgs/msg/detail/estimator_sensor_bias__struct.h\n'}
[14.800659] (px4_msgs) StdoutLine: {'line': b'-- Up-to-date: /home/subhalaxmi/nidar_ws/install/px4_msgs/include/px4_msgs/px4_msgs/msg/detail/dataman_response__functions.c\n'}
[14.800987] (px4_msgs) StdoutLine: {'line': b'-- Up-to-date: /home/subhalaxmi/nidar_ws/install/px4_msgs/include/px4_msgs/px4_msgs/msg/detail/sensors_status__functions.c\n'}
[14.801767] (px4_msgs) StdoutLine: {'line': b'-- Up-to-date: /home/subhalaxmi/nidar_ws/install/px4_msgs/include/px4_msgs/px4_msgs/msg/detail/offboard_control_mode__struct.h\n'}
[14.802249] (px4_msgs) StdoutLine: {'line': b'-- Up-to-date: /home/subhalaxmi/nidar_ws/install/px4_msgs/include/px4_msgs/px4_msgs/msg/detail/camera_status__type_support.h\n'}
[14.802492] (px4_msgs) StdoutLine: {'line': b'-- Up-to-date: /home/subhalaxmi/nidar_ws/install/px4_msgs/include/px4_msgs/px4_msgs/msg/detail/ulog_stream__struct.h\n'}
[14.802863] (px4_msgs) StdoutLine: {'line': b'-- Up-to-date: /home/subhalaxmi/nidar_ws/install/px4_msgs/include/px4_msgs/px4_msgs/msg/detail/iridiumsbd_status__struct.h\n'}
[14.803760] (px4_msgs) StdoutLine: {'line': b'-- Up-to-date: /home/subhalaxmi/nidar_ws/install/px4_msgs/include/px4_msgs/px4_msgs/msg/detail/rover_attitude_setpoint__functions.c\n'}
[14.804504] (px4_msgs) StdoutLine: {'line': b'-- Up-to-date: /home/subhalaxmi/nidar_ws/install/px4_msgs/include/px4_msgs/px4_msgs/msg/detail/vehicle_command_ack__functions.h\n'}
[14.804940] (px4_msgs) StdoutLine: {'line': b'-- Up-to-date: /home/subhalaxmi/nidar_ws/install/px4_msgs/include/px4_msgs/px4_msgs/msg/detail/debug_value__functions.h\n'}
[14.805680] (px4_msgs) StdoutLine: {'line': b'-- Up-to-date: /home/subhalaxmi/nidar_ws/install/px4_msgs/include/px4_msgs/px4_msgs/msg/detail/neural_control__struct.h\n'}
[14.805960] (px4_msgs) StdoutLine: {'line': b'-- Up-to-date: /home/subhalaxmi/nidar_ws/install/px4_msgs/include/px4_msgs/px4_msgs/msg/detail/takeoff_status__functions.h\n'}
[14.806200] (px4_msgs) StdoutLine: {'line': b'-- Up-to-date: /home/subhalaxmi/nidar_ws/install/px4_msgs/include/px4_msgs/px4_msgs/msg/detail/vehicle_torque_setpoint__type_support.h\n'}
[14.806894] (px4_msgs) StdoutLine: {'line': b'-- Up-to-date: /home/subhalaxmi/nidar_ws/install/px4_msgs/include/px4_msgs/px4_msgs/msg/detail/position_controller_status__type_support.h\n'}
[14.807232] (px4_msgs) StdoutLine: {'line': b'-- Up-to-date: /home/subhalaxmi/nidar_ws/install/px4_msgs/include/px4_msgs/px4_msgs/msg/detail/failsafe_flags__struct.h\n'}
[14.807903] (px4_msgs) StdoutLine: {'line': b'-- Up-to-date: /home/subhalaxmi/nidar_ws/install/px4_msgs/include/px4_msgs/px4_msgs/msg/detail/event__type_support.h\n'}
[14.808204] (px4_msgs) StdoutLine: {'line': b'-- Up-to-date: /home/subhalaxmi/nidar_ws/install/px4_msgs/include/px4_msgs/px4_msgs/msg/detail/estimator_aid_source3d__functions.h\n'}
[14.808429] (px4_msgs) StdoutLine: {'line': b'-- Up-to-date: /home/subhalaxmi/nidar_ws/install/px4_msgs/include/px4_msgs/px4_msgs/msg/detail/heater_status__functions.c\n'}
[14.809069] (px4_msgs) StdoutLine: {'line': b'-- Up-to-date: /home/subhalaxmi/nidar_ws/install/px4_msgs/include/px4_msgs/px4_msgs/msg/detail/camera_trigger__type_support.h\n'}
[14.809706] (px4_msgs) StdoutLine: {'line': b'-- Up-to-date: /home/subhalaxmi/nidar_ws/install/px4_msgs/include/px4_msgs/px4_msgs/msg/detail/qshell_retval__struct.h\n'}
[14.810018] (px4_msgs) StdoutLine: {'line': b'-- Up-to-date: /home/subhalaxmi/nidar_ws/install/px4_msgs/include/px4_msgs/px4_msgs/msg/detail/vehicle_attitude_setpoint__functions.h\n'}
[14.810880] (px4_msgs) StdoutLine: {'line': b'-- Up-to-date: /home/subhalaxmi/nidar_ws/install/px4_msgs/include/px4_msgs/px4_msgs/msg/detail/airspeed__functions.h\n'}
[14.811650] (px4_msgs) StdoutLine: {'line': b'-- Up-to-date: /home/subhalaxmi/nidar_ws/install/px4_msgs/include/px4_msgs/px4_msgs/msg/detail/vehicle_command_ack__functions.c\n'}
[14.812377] (px4_msgs) StdoutLine: {'line': b'-- Up-to-date: /home/subhalaxmi/nidar_ws/install/px4_msgs/include/px4_msgs/px4_msgs/msg/detail/power_button_state__functions.c\n'}
[14.812615] (px4_msgs) StdoutLine: {'line': b'-- Up-to-date: /home/subhalaxmi/nidar_ws/install/px4_msgs/include/px4_msgs/px4_msgs/msg/detail/vehicle_air_data__functions.h\n'}
[14.813729] (px4_msgs) StdoutLine: {'line': b'-- Up-to-date: /home/subhalaxmi/nidar_ws/install/px4_msgs/include/px4_msgs/px4_msgs/msg/detail/fuel_tank_status__functions.c\n'}
[14.814137] (px4_msgs) StdoutLine: {'line': b'-- Up-to-date: /home/subhalaxmi/nidar_ws/install/px4_msgs/include/px4_msgs/px4_msgs/msg/detail/velocity_limits__type_support.h\n'}
[14.815107] (px4_msgs) StdoutLine: {'line': b'-- Up-to-date: /home/subhalaxmi/nidar_ws/install/px4_msgs/include/px4_msgs/px4_msgs/msg/detail/vehicle_control_mode__functions.c\n'}
[14.815538] (px4_msgs) StdoutLine: {'line': b'-- Up-to-date: /home/subhalaxmi/nidar_ws/install/px4_msgs/include/px4_msgs/px4_msgs/msg/detail/sensor_gyro_fft__functions.h\n'}
[14.815732] (px4_msgs) StdoutLine: {'line': b'-- Up-to-date: /home/subhalaxmi/nidar_ws/install/px4_msgs/include/px4_msgs/px4_msgs/msg/detail/fixed_wing_lateral_guidance_status__functions.h\n'}
[14.815901] (px4_msgs) StdoutLine: {'line': b'-- Up-to-date: /home/subhalaxmi/nidar_ws/install/px4_msgs/include/px4_msgs/px4_msgs/msg/detail/ulog_stream__functions.h\n'}
[14.816044] (px4_msgs) StdoutLine: {'line': b'-- Up-to-date: /home/subhalaxmi/nidar_ws/install/px4_msgs/include/px4_msgs/px4_msgs/msg/detail/position_controller_landing_status__functions.c\n'}
[14.816171] (px4_msgs) StdoutLine: {'line': b'-- Up-to-date: /home/subhalaxmi/nidar_ws/install/px4_msgs/include/px4_msgs/px4_msgs/msg/detail/vtol_vehicle_status__type_support.h\n'}
[14.816375] (px4_msgs) StdoutLine: {'line': b'-- Up-to-date: /home/subhalaxmi/nidar_ws/install/px4_msgs/include/px4_msgs/px4_msgs/msg/detail/battery_status__type_support.h\n'}
[14.816536] (px4_msgs) StdoutLine: {'line': b'-- Up-to-date: /home/subhalaxmi/nidar_ws/install/px4_msgs/include/px4_msgs/px4_msgs/msg/detail/position_controller_status__functions.h\n'}
[14.816659] (px4_msgs) StdoutLine: {'line': b'-- Up-to-date: /home/subhalaxmi/nidar_ws/install/px4_msgs/include/px4_msgs/px4_msgs/msg/detail/vehicle_rates_setpoint__functions.c\n'}
[14.816780] (px4_msgs) StdoutLine: {'line': b'-- Up-to-date: /home/subhalaxmi/nidar_ws/install/px4_msgs/include/px4_msgs/px4_msgs/msg/detail/estimator_status__functions.h\n'}
[14.819411] (px4_msgs) StdoutLine: {'line': b'-- Up-to-date: /home/subhalaxmi/nidar_ws/install/px4_msgs/include/px4_msgs/px4_msgs/msg/detail/logger_status__type_support.h\n'}
[14.820892] (px4_msgs) StdoutLine: {'line': b'-- Up-to-date: /home/subhalaxmi/nidar_ws/install/px4_msgs/include/px4_msgs/px4_msgs/msg/detail/sensor_selection__functions.c\n'}
[14.821072] (px4_msgs) StdoutLine: {'line': b'-- Up-to-date: /home/subhalaxmi/nidar_ws/install/px4_msgs/include/px4_msgs/px4_msgs/msg/detail/vtol_vehicle_status__functions.c\n'}
[14.821201] (px4_msgs) StdoutLine: {'line': b'-- Up-to-date: /home/subhalaxmi/nidar_ws/install/px4_msgs/include/px4_msgs/px4_msgs/msg/detail/home_position__struct.h\n'}
[14.821350] (px4_msgs) StdoutLine: {'line': b'-- Up-to-date: /home/subhalaxmi/nidar_ws/install/px4_msgs/include/px4_msgs/px4_msgs/msg/detail/tecs_status__functions.h\n'}
[14.821483] (px4_msgs) StdoutLine: {'line': b'-- Up-to-date: /home/subhalaxmi/nidar_ws/install/px4_msgs/include/px4_msgs/px4_msgs/msg/detail/estimator_sensor_bias__type_support.h\n'}
[14.821603] (px4_msgs) StdoutLine: {'line': b'-- Up-to-date: /home/subhalaxmi/nidar_ws/install/px4_msgs/include/px4_msgs/px4_msgs/msg/detail/gain_compression__functions.c\n'}
[14.821719] (px4_msgs) StdoutLine: {'line': b'-- Up-to-date: /home/subhalaxmi/nidar_ws/install/px4_msgs/include/px4_msgs/px4_msgs/msg/detail/sensor_gyro__functions.c\n'}
[14.821939] (px4_msgs) StdoutLine: {'line': b'-- Up-to-date: /home/subhalaxmi/nidar_ws/install/px4_msgs/include/px4_msgs/px4_msgs/msg/detail/qshell_retval__functions.h\n'}
[14.822069] (px4_msgs) StdoutLine: {'line': b'-- Up-to-date: /home/subhalaxmi/nidar_ws/install/px4_msgs/include/px4_msgs/px4_msgs/msg/detail/power_monitor__struct.h\n'}
[14.822186] (px4_msgs) StdoutLine: {'line': b'-- Up-to-date: /home/subhalaxmi/nidar_ws/install/px4_msgs/include/px4_msgs/px4_msgs/msg/detail/uavcan_parameter_request__functions.h\n'}
[14.822301] (px4_msgs) StdoutLine: {'line': b'-- Up-to-date: /home/subhalaxmi/nidar_ws/install/px4_msgs/include/px4_msgs/px4_msgs/msg/detail/estimator_bias__type_support.h\n'}
[14.822473] (px4_msgs) StdoutLine: {'line': b'-- Up-to-date: /home/subhalaxmi/nidar_ws/install/px4_msgs/include/px4_msgs/px4_msgs/msg/detail/can_interface_status__type_support.h\n'}
[14.822666] (px4_msgs) StdoutLine: {'line': b'-- Up-to-date: /home/subhalaxmi/nidar_ws/install/px4_msgs/include/px4_msgs/px4_msgs/msg/detail/goto_setpoint__type_support.h\n'}
[14.825102] (px4_msgs) StdoutLine: {'line': b'-- Up-to-date: /home/subhalaxmi/nidar_ws/install/px4_msgs/include/px4_msgs/px4_msgs/msg/detail/logger_status__functions.c\n'}
[14.826293] (px4_msgs) StdoutLine: {'line': b'-- Up-to-date: /home/subhalaxmi/nidar_ws/install/px4_msgs/include/px4_msgs/px4_msgs/msg/detail/position_controller_status__struct.h\n'}
[14.827277] (px4_msgs) StdoutLine: {'line': b'-- Up-to-date: /home/subhalaxmi/nidar_ws/install/px4_msgs/include/px4_msgs/px4_msgs/msg/detail/device_information__functions.h\n'}
[14.828046] (px4_msgs) StdoutLine: {'line': b'-- Up-to-date: /home/subhalaxmi/nidar_ws/install/px4_msgs/include/px4_msgs/px4_msgs/msg/detail/trajectory_setpoint6dof__functions.c\n'}
[14.828709] (px4_msgs) StdoutLine: {'line': b'-- Up-to-date: /home/subhalaxmi/nidar_ws/install/px4_msgs/include/px4_msgs/px4_msgs/msg/detail/geofence_result__struct.h\n'}
[14.829306] (px4_msgs) StdoutLine: {'line': b'-- Up-to-date: /home/subhalaxmi/nidar_ws/install/px4_msgs/include/px4_msgs/px4_msgs/msg/detail/raptor_input__functions.h\n'}
[14.832827] (px4_msgs) StdoutLine: {'line': b'-- Up-to-date: /home/subhalaxmi/nidar_ws/install/px4_msgs/include/px4_msgs/px4_msgs/msg/detail/rtl_status__type_support.h\n'}
[14.833635] (px4_msgs) StdoutLine: {'line': b'-- Up-to-date: /home/subhalaxmi/nidar_ws/install/px4_msgs/include/px4_msgs/px4_msgs/msg/detail/trajectory_setpoint__functions.h\n'}
[14.834287] (px4_msgs) StdoutLine: {'line': b'-- Up-to-date: /home/subhalaxmi/nidar_ws/install/px4_msgs/include/px4_msgs/px4_msgs/msg/detail/launch_detection_status__type_support.h\n'}
[14.834572] (px4_msgs) StdoutLine: {'line': b'-- Up-to-date: /home/subhalaxmi/nidar_ws/install/px4_msgs/include/px4_msgs/px4_msgs/msg/detail/ulog_stream__functions.c\n'}
[14.835088] (px4_msgs) StdoutLine: {'line': b'-- Up-to-date: /home/subhalaxmi/nidar_ws/install/px4_msgs/include/px4_msgs/px4_msgs/msg/detail/actuator_outputs__functions.h\n'}
[14.835486] (px4_msgs) StdoutLine: {'line': b'-- Up-to-date: /home/subhalaxmi/nidar_ws/install/px4_msgs/include/px4_msgs/px4_msgs/msg/detail/ulog_stream_ack__functions.h\n'}
[14.836083] (px4_msgs) StdoutLine: {'line': b'-- Up-to-date: /home/subhalaxmi/nidar_ws/install/px4_msgs/include/px4_msgs/px4_msgs/msg/detail/navigator_mission_item__functions.h\n'}
[14.837537] (-) TimerEvent: {}
[14.839251] (px4_msgs) StdoutLine: {'line': b'-- Up-to-date: /home/subhalaxmi/nidar_ws/install/px4_msgs/include/px4_msgs/px4_msgs/msg/detail/vehicle_roi__struct.h\n'}
[14.839676] (px4_msgs) StdoutLine: {'line': b'-- Up-to-date: /home/subhalaxmi/nidar_ws/install/px4_msgs/include/px4_msgs/px4_msgs/msg/detail/position_controller_landing_status__functions.h\n'}
[14.840189] (px4_msgs) StdoutLine: {'line': b'-- Up-to-date: /home/subhalaxmi/nidar_ws/install/px4_msgs/include/px4_msgs/px4_msgs/msg/detail/actuator_armed__struct.h\n'}
[14.840924] (px4_msgs) StdoutLine: {'line': b'-- Up-to-date: /home/subhalaxmi/nidar_ws/install/px4_msgs/include/px4_msgs/px4_msgs/msg/detail/actuator_test__struct.h\n'}
[14.841185] (px4_msgs) StdoutLine: {'line': b'-- Up-to-date: /home/subhalaxmi/nidar_ws/install/px4_msgs/include/px4_msgs/px4_msgs/msg/detail/log_message__struct.h\n'}
[14.843117] (px4_msgs) StdoutLine: {'line': b'-- Up-to-date: /home/subhalaxmi/nidar_ws/install/px4_msgs/include/px4_msgs/px4_msgs/msg/detail/unregister_ext_component__type_support.h\n'}
[14.843534] (px4_msgs) StdoutLine: {'line': b'-- Up-to-date: /home/subhalaxmi/nidar_ws/install/px4_msgs/include/px4_msgs/px4_msgs/msg/detail/vehicle_command__type_support.h\n'}
[14.843766] (px4_msgs) StdoutLine: {'line': b'-- Up-to-date: /home/subhalaxmi/nidar_ws/install/px4_msgs/include/px4_msgs/px4_msgs/msg/detail/vehicle_rates_setpoint__type_support.h\n'}
[14.844013] (px4_msgs) StdoutLine: {'line': b'-- Up-to-date: /home/subhalaxmi/nidar_ws/install/px4_msgs/include/px4_msgs/px4_msgs/msg/detail/vehicle_attitude_setpoint__type_support.h\n'}
[14.844231] (px4_msgs) StdoutLine: {'line': b'-- Up-to-date: /home/subhalaxmi/nidar_ws/install/px4_msgs/include/px4_msgs/px4_msgs/msg/detail/vehicle_global_position__functions.h\n'}
[14.844551] (px4_msgs) StdoutLine: {'line': b'-- Up-to-date: /home/subhalaxmi/nidar_ws/install/px4_msgs/include/px4_msgs/px4_msgs/msg/detail/tecs_status__type_support.h\n'}
[14.844757] (px4_msgs) StdoutLine: {'line': b'-- Up-to-date: /home/subhalaxmi/nidar_ws/install/px4_msgs/include/px4_msgs/px4_msgs/msg/detail/sensor_gps__type_support.h\n'}
[14.845916] (px4_msgs) StdoutLine: {'line': b'-- Up-to-date: /home/subhalaxmi/nidar_ws/install/px4_msgs/include/px4_msgs/px4_msgs/msg/detail/adc_report__type_support.h\n'}
[14.846232] (px4_msgs) StdoutLine: {'line': b'-- Up-to-date: /home/subhalaxmi/nidar_ws/install/px4_msgs/include/px4_msgs/px4_msgs/msg/detail/follow_target__functions.c\n'}
[14.846455] (px4_msgs) StdoutLine: {'line': b'-- Up-to-date: /home/subhalaxmi/nidar_ws/install/px4_msgs/include/px4_msgs/px4_msgs/msg/detail/rover_speed_setpoint__type_support.h\n'}
[14.846672] (px4_msgs) StdoutLine: {'line': b'-- Up-to-date: /home/subhalaxmi/nidar_ws/install/px4_msgs/include/px4_msgs/px4_msgs/msg/detail/gpio_in__struct.h\n'}
[14.847084] (px4_msgs) StdoutLine: {'line': b'-- Up-to-date: /home/subhalaxmi/nidar_ws/install/px4_msgs/include/px4_msgs/px4_msgs/msg/detail/mavlink_log__struct.h\n'}
[14.847629] (px4_msgs) StdoutLine: {'line': b'-- Up-to-date: /home/subhalaxmi/nidar_ws/install/px4_msgs/include/px4_msgs/px4_msgs/msg/detail/fuel_tank_status__struct.h\n'}
[14.847867] (px4_msgs) StdoutLine: {'line': b'-- Up-to-date: /home/subhalaxmi/nidar_ws/install/px4_msgs/include/px4_msgs/px4_msgs/msg/detail/uavcan_parameter_value__functions.h\n'}
[14.849072] (px4_msgs) StdoutLine: {'line': b'-- Up-to-date: /home/subhalaxmi/nidar_ws/install/px4_msgs/include/px4_msgs/px4_msgs/msg/detail/estimator_bias__functions.h\n'}
[14.850480] (px4_msgs) StdoutLine: {'line': b'-- Up-to-date: /home/subhalaxmi/nidar_ws/install/px4_msgs/include/px4_msgs/px4_msgs/msg/detail/fixed_wing_lateral_guidance_status__functions.c\n'}
[14.852098] (px4_msgs) StdoutLine: {'line': b'-- Up-to-date: /home/subhalaxmi/nidar_ws/install/px4_msgs/include/px4_msgs/px4_msgs/msg/detail/distance_sensor__type_support.h\n'}
[14.852383] (px4_msgs) StdoutLine: {'line': b'-- Up-to-date: /home/subhalaxmi/nidar_ws/install/px4_msgs/include/px4_msgs/px4_msgs/msg/detail/goto_setpoint__functions.h\n'}
[14.852622] (px4_msgs) StdoutLine: {'line': b'-- Up-to-date: /home/subhalaxmi/nidar_ws/install/px4_msgs/include/px4_msgs/px4_msgs/msg/detail/vehicle_status__functions.h\n'}
[14.852843] (px4_msgs) StdoutLine: {'line': b'-- Up-to-date: /home/subhalaxmi/nidar_ws/install/px4_msgs/include/px4_msgs/px4_msgs/msg/detail/open_drone_id_operator_id__struct.h\n'}
[14.853064] (px4_msgs) StdoutLine: {'line': b'-- Up-to-date: /home/subhalaxmi/nidar_ws/install/px4_msgs/include/px4_msgs/px4_msgs/msg/detail/gpio_out__type_support.h\n'}
[14.853258] (px4_msgs) StdoutLine: {'line': b'-- Up-to-date: /home/subhalaxmi/nidar_ws/install/px4_msgs/include/px4_msgs/px4_msgs/msg/detail/gripper__functions.h\n'}
[14.856172] (px4_msgs) StdoutLine: {'line': b'-- Up-to-date: /home/subhalaxmi/nidar_ws/install/px4_msgs/include/px4_msgs/px4_msgs/msg/detail/gain_compression__type_support.h\n'}
[14.856655] (px4_msgs) StdoutLine: {'line': b'-- Up-to-date: /home/subhalaxmi/nidar_ws/install/px4_msgs/include/px4_msgs/px4_msgs/msg/detail/ulog_stream_ack__type_support.h\n'}
[14.857048] (px4_msgs) StdoutLine: {'line': b'-- Up-to-date: /home/subhalaxmi/nidar_ws/install/px4_msgs/include/px4_msgs/px4_msgs/msg/detail/follow_target_status__functions.c\n'}
[14.857249] (px4_msgs) StdoutLine: {'line': b'-- Up-to-date: /home/subhalaxmi/nidar_ws/install/px4_msgs/include/px4_msgs/px4_msgs/msg/detail/obstacle_distance__functions.c\n'}
[14.857436] (px4_msgs) StdoutLine: {'line': b'-- Up-to-date: /home/subhalaxmi/nidar_ws/install/px4_msgs/include/px4_msgs/px4_msgs/msg/detail/sensors_status__functions.h\n'}
[14.857621] (px4_msgs) StdoutLine: {'line': b'-- Up-to-date: /home/subhalaxmi/nidar_ws/install/px4_msgs/include/px4_msgs/px4_msgs/msg/detail/navigator_mission_item__struct.h\n'}
[14.858039] (px4_msgs) StdoutLine: {'line': b'-- Up-to-date: /home/subhalaxmi/nidar_ws/install/px4_msgs/include/px4_msgs/px4_msgs/msg/detail/sensor_gps__functions.h\n'}
[14.859020] (px4_msgs) StdoutLine: {'line': b'-- Up-to-date: /home/subhalaxmi/nidar_ws/install/px4_msgs/include/px4_msgs/px4_msgs/msg/detail/goto_setpoint__functions.c\n'}
[14.859691] (px4_msgs) StdoutLine: {'line': b'-- Up-to-date: /home/subhalaxmi/nidar_ws/install/px4_msgs/include/px4_msgs/px4_msgs/msg/detail/parameter_set_used_request__functions.h\n'}
[14.859923] (px4_msgs) StdoutLine: {'line': b'-- Up-to-date: /home/subhalaxmi/nidar_ws/install/px4_msgs/include/px4_msgs/px4_msgs/msg/detail/rc_parameter_map__functions.c\n'}
[14.860116] (px4_msgs) StdoutLine: {'line': b'-- Up-to-date: /home/subhalaxmi/nidar_ws/install/px4_msgs/include/px4_msgs/px4_msgs/msg/detail/rtl_status__functions.c\n'}
[14.860306] (px4_msgs) StdoutLine: {'line': b'-- Up-to-date: /home/subhalaxmi/nidar_ws/install/px4_msgs/include/px4_msgs/px4_msgs/msg/detail/sensors_status_imu__functions.h\n'}
[14.860512] (px4_msgs) StdoutLine: {'line': b'-- Up-to-date: /home/subhalaxmi/nidar_ws/install/px4_msgs/include/px4_msgs/px4_msgs/msg/detail/sensor_combined__functions.c\n'}
[14.861158] (px4_msgs) StdoutLine: {'line': b'-- Up-to-date: /home/subhalaxmi/nidar_ws/install/px4_msgs/include/px4_msgs/px4_msgs/msg/detail/vehicle_optical_flow__functions.c\n'}
[14.861422] (px4_msgs) StdoutLine: {'line': b'-- Up-to-date: /home/subhalaxmi/nidar_ws/install/px4_msgs/include/px4_msgs/px4_msgs/msg/detail/sensor_uwb__functions.c\n'}
[14.861639] (px4_msgs) StdoutLine: {'line': b'-- Up-to-date: /home/subhalaxmi/nidar_ws/install/px4_msgs/include/px4_msgs/px4_msgs/msg/detail/uavcan_parameter_request__type_support.h\n'}
[14.861847] (px4_msgs) StdoutLine: {'line': b'-- Up-to-date: /home/subhalaxmi/nidar_ws/install/px4_msgs/include/px4_msgs/px4_msgs/msg/detail/autotune_attitude_control_status__struct.h\n'}
[14.862055] (px4_msgs) StdoutLine: {'line': b'-- Up-to-date: /home/subhalaxmi/nidar_ws/install/px4_msgs/include/px4_msgs/px4_msgs/msg/detail/mavlink_log__functions.c\n'}
[14.862240] (px4_msgs) StdoutLine: {'line': b'-- Up-to-date: /home/subhalaxmi/nidar_ws/install/px4_msgs/include/px4_msgs/px4_msgs/msg/detail/vtx__type_support.h\n'}
[14.862453] (px4_msgs) StdoutLine: {'line': b'-- Up-to-date: /home/subhalaxmi/nidar_ws/install/px4_msgs/include/px4_msgs/px4_msgs/msg/detail/vehicle_local_position_setpoint__struct.h\n'}
[14.862644] (px4_msgs) StdoutLine: {'line': b'-- Up-to-date: /home/subhalaxmi/nidar_ws/install/px4_msgs/include/px4_msgs/px4_msgs/msg/detail/rover_throttle_setpoint__functions.c\n'}
[14.864519] (px4_msgs) StdoutLine: {'line': b'-- Up-to-date: /home/subhalaxmi/nidar_ws/install/px4_msgs/include/px4_msgs/px4_msgs/msg/detail/pps_capture__functions.h\n'}
[14.865664] (px4_msgs) StdoutLine: {'line': b'-- Up-to-date: /home/subhalaxmi/nidar_ws/install/px4_msgs/include/px4_msgs/px4_msgs/msg/detail/esc_report__struct.h\n'}
[14.866021] (px4_msgs) StdoutLine: {'line': b'-- Up-to-date: /home/subhalaxmi/nidar_ws/install/px4_msgs/include/px4_msgs/px4_msgs/msg/detail/wind__type_support.h\n'}
[14.870071] (px4_msgs) StdoutLine: {'line': b'-- Up-to-date: /home/subhalaxmi/nidar_ws/install/px4_msgs/include/px4_msgs/px4_msgs/msg/detail/vehicle_torque_setpoint__struct.h\n'}
[14.871217] (px4_msgs) StdoutLine: {'line': b'-- Up-to-date: /home/subhalaxmi/nidar_ws/install/px4_msgs/include/px4_msgs/px4_msgs/msg/detail/rover_attitude_setpoint__functions.h\n'}
[14.871792] (px4_msgs) StdoutLine: {'line': b'-- Up-to-date: /home/subhalaxmi/nidar_ws/install/px4_msgs/include/px4_msgs/px4_msgs/msg/detail/landing_target_pose__type_support.h\n'}
[14.875508] (px4_msgs) StdoutLine: {'line': b'-- Up-to-date: /home/subhalaxmi/nidar_ws/install/px4_msgs/include/px4_msgs/px4_msgs/msg/detail/pps_capture__struct.h\n'}
[14.878696] (px4_msgs) StdoutLine: {'line': b'-- Up-to-date: /home/subhalaxmi/nidar_ws/install/px4_msgs/include/px4_msgs/px4_msgs/msg/detail/landing_target_pose__functions.h\n'}
[14.880858] (px4_msgs) StdoutLine: {'line': b'-- Up-to-date: /home/subhalaxmi/nidar_ws/install/px4_msgs/include/px4_msgs/px4_msgs/msg/detail/debug_key_value__functions.c\n'}
[14.881921] (px4_msgs) StdoutLine: {'line': b'-- Up-to-date: /home/subhalaxmi/nidar_ws/install/px4_msgs/include/px4_msgs/px4_msgs/msg/detail/health_report__type_support.h\n'}
[14.883613] (px4_msgs) StdoutLine: {'line': b'-- Up-to-date: /home/subhalaxmi/nidar_ws/install/px4_msgs/include/px4_msgs/px4_msgs/msg/detail/cellular_status__functions.c\n'}
[14.885797] (px4_msgs) StdoutLine: {'line': b'-- Up-to-date: /home/subhalaxmi/nidar_ws/install/px4_msgs/include/px4_msgs/px4_msgs/msg/detail/longitudinal_control_configuration__functions.c\n'}
[14.886113] (px4_msgs) StdoutLine: {'line': b'-- Up-to-date: /home/subhalaxmi/nidar_ws/install/px4_msgs/include/px4_msgs/px4_msgs/msg/detail/gps_dump__struct.h\n'}
[14.886341] (px4_msgs) StdoutLine: {'line': b'-- Up-to-date: /home/subhalaxmi/nidar_ws/install/px4_msgs/include/px4_msgs/px4_msgs/msg/detail/pure_pursuit_status__functions.c\n'}
[14.886562] (px4_msgs) StdoutLine: {'line': b'-- Up-to-date: /home/subhalaxmi/nidar_ws/install/px4_msgs/include/px4_msgs/px4_msgs/msg/detail/estimator_aid_source1d__type_support.h\n'}
[14.886777] (px4_msgs) StdoutLine: {'line': b'-- Up-to-date: /home/subhalaxmi/nidar_ws/install/px4_msgs/include/px4_msgs/px4_msgs/msg/detail/sensor_combined__struct.h\n'}
[14.889888] (px4_msgs) StdoutLine: {'line': b'-- Up-to-date: /home/subhalaxmi/nidar_ws/install/px4_msgs/include/px4_msgs/px4_msgs/msg/detail/irlock_report__struct.h\n'}
[14.890174] (px4_msgs) StdoutLine: {'line': b'-- Up-to-date: /home/subhalaxmi/nidar_ws/install/px4_msgs/include/px4_msgs/px4_msgs/msg/detail/uavcan_parameter_value__type_support.h\n'}
[14.891240] (px4_msgs) StdoutLine: {'line': b'-- Up-to-date: /home/subhalaxmi/nidar_ws/install/px4_msgs/include/px4_msgs/px4_msgs/msg/detail/vehicle_global_position__type_support.h\n'}
[14.895026] (px4_msgs) StdoutLine: {'line': b'-- Up-to-date: /home/subhalaxmi/nidar_ws/install/px4_msgs/include/px4_msgs/px4_msgs/msg/detail/sensor_baro__struct.h\n'}
[14.895297] (px4_msgs) StdoutLine: {'line': b'-- Up-to-date: /home/subhalaxmi/nidar_ws/install/px4_msgs/include/px4_msgs/px4_msgs/msg/detail/telemetry_status__functions.h\n'}
[14.895533] (px4_msgs) StdoutLine: {'line': b'-- Up-to-date: /home/subhalaxmi/nidar_ws/install/px4_msgs/include/px4_msgs/px4_msgs/msg/detail/vtx__functions.h\n'}
[14.895797] (px4_msgs) StdoutLine: {'line': b'-- Up-to-date: /home/subhalaxmi/nidar_ws/install/px4_msgs/include/px4_msgs/px4_msgs/msg/detail/ulog_stream__type_support.h\n'}
[14.896076] (px4_msgs) StdoutLine: {'line': b'-- Up-to-date: /home/subhalaxmi/nidar_ws/install/px4_msgs/include/px4_msgs/px4_msgs/msg/detail/trajectory_setpoint__type_support.h\n'}
[14.896279] (px4_msgs) StdoutLine: {'line': b'-- Up-to-date: /home/subhalaxmi/nidar_ws/install/px4_msgs/include/px4_msgs/px4_msgs/msg/detail/sensor_accel__functions.c\n'}
[14.896464] (px4_msgs) StdoutLine: {'line': b'-- Up-to-date: /home/subhalaxmi/nidar_ws/install/px4_msgs/include/px4_msgs/px4_msgs/msg/detail/vehicle_global_position__functions.c\n'}
[14.897463] (px4_msgs) StdoutLine: {'line': b'-- Up-to-date: /home/subhalaxmi/nidar_ws/install/px4_msgs/include/px4_msgs/px4_msgs/msg/detail/input_rc__type_support.h\n'}
[14.897703] (px4_msgs) StdoutLine: {'line': b'-- Up-to-date: /home/subhalaxmi/nidar_ws/install/px4_msgs/include/px4_msgs/px4_msgs/msg/detail/vtol_vehicle_status__struct.h\n'}
[14.898045] (px4_msgs) StdoutLine: {'line': b'-- Up-to-date: /home/subhalaxmi/nidar_ws/install/px4_msgs/include/px4_msgs/px4_msgs/msg/detail/lateral_control_configuration__functions.h\n'}
[14.898268] (px4_msgs) StdoutLine: {'line': b'-- Up-to-date: /home/subhalaxmi/nidar_ws/install/px4_msgs/include/px4_msgs/px4_msgs/msg/detail/raptor_status__functions.c\n'}
[14.898492] (px4_msgs) StdoutLine: {'line': b'-- Up-to-date: /home/subhalaxmi/nidar_ws/install/px4_msgs/include/px4_msgs/px4_msgs/msg/detail/estimator_status_flags__functions.h\n'}
[14.898675] (px4_msgs) StdoutLine: {'line': b'-- Up-to-date: /home/subhalaxmi/nidar_ws/install/px4_msgs/include/px4_msgs/px4_msgs/msg/detail/sensor_optical_flow__type_support.h\n'}
[14.898857] (px4_msgs) StdoutLine: {'line': b'-- Up-to-date: /home/subhalaxmi/nidar_ws/install/px4_msgs/include/px4_msgs/px4_msgs/msg/detail/follow_target_status__struct.h\n'}
[14.899061] (px4_msgs) StdoutLine: {'line': b'-- Up-to-date: /home/subhalaxmi/nidar_ws/install/px4_msgs/include/px4_msgs/px4_msgs/msg/detail/control_allocator_status__functions.c\n'}
[14.899265] (px4_msgs) StdoutLine: {'line': b'-- Up-to-date: /home/subhalaxmi/nidar_ws/install/px4_msgs/include/px4_msgs/px4_msgs/msg/detail/vehicle_attitude__struct.h\n'}
[14.899471] (px4_msgs) StdoutLine: {'line': b'-- Up-to-date: /home/subhalaxmi/nidar_ws/install/px4_msgs/include/px4_msgs/px4_msgs/msg/detail/logger_status__functions.h\n'}
[14.899685] (px4_msgs) StdoutLine: {'line': b'-- Up-to-date: /home/subhalaxmi/nidar_ws/install/px4_msgs/include/px4_msgs/px4_msgs/msg/detail/vehicle_attitude_setpoint__struct.h\n'}
[14.899929] (px4_msgs) StdoutLine: {'line': b'-- Up-to-date: /home/subhalaxmi/nidar_ws/install/px4_msgs/include/px4_msgs/px4_msgs/msg/detail/gps_inject_data__functions.c\n'}
[14.900155] (px4_msgs) StdoutLine: {'line': b'-- Up-to-date: /home/subhalaxmi/nidar_ws/install/px4_msgs/include/px4_msgs/px4_msgs/msg/detail/orb_test_medium__functions.c\n'}
[14.900347] (px4_msgs) StdoutLine: {'line': b'-- Up-to-date: /home/subhalaxmi/nidar_ws/install/px4_msgs/include/px4_msgs/px4_msgs/msg/detail/message_format_request__functions.c\n'}
[14.900526] (px4_msgs) StdoutLine: {'line': b'-- Up-to-date: /home/subhalaxmi/nidar_ws/install/px4_msgs/include/px4_msgs/px4_msgs/msg/detail/message_format_request__functions.h\n'}
[14.900700] (px4_msgs) StdoutLine: {'line': b'-- Up-to-date: /home/subhalaxmi/nidar_ws/install/px4_msgs/include/px4_msgs/px4_msgs/msg/detail/irlock_report__functions.h\n'}
[14.903005] (px4_msgs) StdoutLine: {'line': b'-- Up-to-date: /home/subhalaxmi/nidar_ws/install/px4_msgs/include/px4_msgs/px4_msgs/msg/detail/rtl_time_estimate__type_support.h\n'}
[14.903639] (px4_msgs) StdoutLine: {'line': b'-- Up-to-date: /home/subhalaxmi/nidar_ws/install/px4_msgs/include/px4_msgs/px4_msgs/msg/detail/sensor_optical_flow__functions.c\n'}
[14.904299] (px4_msgs) StdoutLine: {'line': b'-- Up-to-date: /home/subhalaxmi/nidar_ws/install/px4_msgs/include/px4_msgs/px4_msgs/msg/detail/debug_vect__functions.h\n'}
[14.904531] (px4_msgs) StdoutLine: {'line': b'-- Up-to-date: /home/subhalaxmi/nidar_ws/install/px4_msgs/include/px4_msgs/px4_msgs/msg/detail/vtx__struct.h\n'}
[14.904726] (px4_msgs) StdoutLine: {'line': b'-- Up-to-date: /home/subhalaxmi/nidar_ws/install/px4_msgs/include/px4_msgs/px4_msgs/msg/detail/landing_target_innovations__functions.c\n'}
[14.905445] (px4_msgs) StdoutLine: {'line': b'-- Up-to-date: /home/subhalaxmi/nidar_ws/install/px4_msgs/include/px4_msgs/px4_msgs/msg/detail/system_power__functions.c\n'}
[14.905875] (px4_msgs) StdoutLine: {'line': b'-- Up-to-date: /home/subhalaxmi/nidar_ws/install/px4_msgs/include/px4_msgs/px4_msgs/msg/detail/device_information__type_support.h\n'}
[14.906142] (px4_msgs) StdoutLine: {'line': b'-- Up-to-date: /home/subhalaxmi/nidar_ws/install/px4_msgs/include/px4_msgs/px4_msgs/msg/detail/vehicle_local_position_setpoint__functions.c\n'}
[14.906364] (px4_msgs) StdoutLine: {'line': b'-- Up-to-date: /home/subhalaxmi/nidar_ws/install/px4_msgs/include/px4_msgs/px4_msgs/msg/detail/sensor_correction__functions.h\n'}
[14.907196] (px4_msgs) StdoutLine: {'line': b'-- Up-to-date: /home/subhalaxmi/nidar_ws/install/px4_msgs/include/px4_msgs/px4_msgs/msg/detail/sensor_hygrometer__struct.h\n'}
[14.909555] (px4_msgs) StdoutLine: {'line': b'-- Up-to-date: /home/subhalaxmi/nidar_ws/install/px4_msgs/include/px4_msgs/px4_msgs/msg/detail/mode_completed__struct.h\n'}
[14.909877] (px4_msgs) StdoutLine: {'line': b'-- Up-to-date: /home/subhalaxmi/nidar_ws/install/px4_msgs/include/px4_msgs/px4_msgs/msg/detail/heater_status__type_support.h\n'}
[14.910113] (px4_msgs) StdoutLine: {'line': b'-- Up-to-date: /home/subhalaxmi/nidar_ws/install/px4_msgs/include/px4_msgs/px4_msgs/msg/detail/internal_combustion_engine_status__struct.h\n'}
[14.910337] (px4_msgs) StdoutLine: {'line': b'-- Up-to-date: /home/subhalaxmi/nidar_ws/install/px4_msgs/include/px4_msgs/px4_msgs/msg/detail/sensor_gnss_relative__struct.h\n'}
[14.912139] (px4_msgs) StdoutLine: {'line': b'-- Up-to-date: /home/subhalaxmi/nidar_ws/install/px4_msgs/include/px4_msgs/px4_msgs/msg/detail/parameter_reset_request__functions.c\n'}
[14.912552] (px4_msgs) StdoutLine: {'line': b'-- Up-to-date: /home/subhalaxmi/nidar_ws/install/px4_msgs/include/px4_msgs/px4_msgs/msg/detail/arming_check_reply__functions.c\n'}
[14.913379] (px4_msgs) StdoutLine: {'line': b'-- Up-to-date: /home/subhalaxmi/nidar_ws/install/px4_msgs/include/px4_msgs/px4_msgs/msg/detail/fuel_tank_status__type_support.h\n'}
[14.913612] (px4_msgs) StdoutLine: {'line': b'-- Up-to-date: /home/subhalaxmi/nidar_ws/install/px4_msgs/include/px4_msgs/px4_msgs/msg/detail/fuel_tank_status__functions.h\n'}
[14.913932] (px4_msgs) StdoutLine: {'line': b'-- Up-to-date: /home/subhalaxmi/nidar_ws/install/px4_msgs/include/px4_msgs/px4_msgs/msg/detail/mount_orientation__struct.h\n'}
[14.914146] (px4_msgs) StdoutLine: {'line': b'-- Up-to-date: /home/subhalaxmi/nidar_ws/install/px4_msgs/include/px4_msgs/px4_msgs/msg/detail/vehicle_angular_velocity__functions.h\n'}
[14.914324] (px4_msgs) StdoutLine: {'line': b'-- Up-to-date: /home/subhalaxmi/nidar_ws/install/px4_msgs/include/px4_msgs/px4_msgs/msg/detail/actuator_servos__functions.h\n'}
[14.914496] (px4_msgs) StdoutLine: {'line': b'-- Up-to-date: /home/subhalaxmi/nidar_ws/install/px4_msgs/include/px4_msgs/px4_msgs/msg/detail/action_request__type_support.h\n'}
[14.914672] (px4_msgs) StdoutLine: {'line': b'-- Up-to-date: /home/subhalaxmi/nidar_ws/install/px4_msgs/include/px4_msgs/px4_msgs/msg/detail/fixed_wing_lateral_status__type_support.h\n'}
[14.915583] (px4_msgs) StdoutLine: {'line': b'-- Up-to-date: /home/subhalaxmi/nidar_ws/install/px4_msgs/include/px4_msgs/px4_msgs/msg/detail/debug_array__struct.h\n'}
[14.915885] (px4_msgs) StdoutLine: {'line': b'-- Up-to-date: /home/subhalaxmi/nidar_ws/install/px4_msgs/include/px4_msgs/px4_msgs/msg/detail/sensor_accel_fifo__type_support.h\n'}
[14.916093] (px4_msgs) StdoutLine: {'line': b'-- Up-to-date: /home/subhalaxmi/nidar_ws/install/px4_msgs/include/px4_msgs/px4_msgs/msg/detail/battery_status__functions.h\n'}
[14.916300] (px4_msgs) StdoutLine: {'line': b'-- Up-to-date: /home/subhalaxmi/nidar_ws/install/px4_msgs/include/px4_msgs/px4_msgs/msg/detail/estimator_aid_source1d__functions.c\n'}
[14.916492] (px4_msgs) StdoutLine: {'line': b'-- Up-to-date: /home/subhalaxmi/nidar_ws/install/px4_msgs/include/px4_msgs/px4_msgs/msg/detail/open_drone_id_arm_status__functions.h\n'}
[14.916697] (px4_msgs) StdoutLine: {'line': b'-- Up-to-date: /home/subhalaxmi/nidar_ws/install/px4_msgs/include/px4_msgs/px4_msgs/msg/detail/gpio_out__functions.c\n'}
[14.916950] (px4_msgs) StdoutLine: {'line': b'-- Up-to-date: /home/subhalaxmi/nidar_ws/install/px4_msgs/include/px4_msgs/px4_msgs/msg/detail/fixed_wing_lateral_status__functions.h\n'}
[14.917175] (px4_msgs) StdoutLine: {'line': b'-- Up-to-date: /home/subhalaxmi/nidar_ws/install/px4_msgs/include/px4_msgs/px4_msgs/msg/detail/sensor_gnss_relative__functions.c\n'}
[14.918587] (px4_msgs) StdoutLine: {'line': b'-- Up-to-date: /home/subhalaxmi/nidar_ws/install/px4_msgs/include/px4_msgs/px4_msgs/msg/detail/distance_sensor__functions.c\n'}
[14.918950] (px4_msgs) StdoutLine: {'line': b'-- Up-to-date: /home/subhalaxmi/nidar_ws/install/px4_msgs/include/px4_msgs/px4_msgs/msg/detail/rover_throttle_setpoint__functions.h\n'}
[14.920779] (px4_msgs) StdoutLine: {'line': b'-- Up-to-date: /home/subhalaxmi/nidar_ws/install/px4_msgs/include/px4_msgs/px4_msgs/msg/detail/ekf2_timestamps__struct.h\n'}
[14.921868] (px4_msgs) StdoutLine: {'line': b'-- Up-to-date: /home/subhalaxmi/nidar_ws/install/px4_msgs/include/px4_msgs/px4_msgs/msg/detail/parameter_reset_request__functions.h\n'}
[14.922287] (px4_msgs) StdoutLine: {'line': b'-- Up-to-date: /home/subhalaxmi/nidar_ws/install/px4_msgs/include/px4_msgs/px4_msgs/msg/detail/estimator_aid_source3d__functions.c\n'}
[14.922667] (px4_msgs) StdoutLine: {'line': b'-- Up-to-date: /home/subhalaxmi/nidar_ws/install/px4_msgs/include/px4_msgs/px4_msgs/msg/detail/open_drone_id_system__functions.c\n'}
[14.923020] (px4_msgs) StdoutLine: {'line': b'-- Up-to-date: /home/subhalaxmi/nidar_ws/install/px4_msgs/include/px4_msgs/px4_msgs/msg/detail/rate_ctrl_status__functions.c\n'}
[14.923316] (px4_msgs) StdoutLine: {'line': b'-- Up-to-date: /home/subhalaxmi/nidar_ws/install/px4_msgs/include/px4_msgs/px4_msgs/msg/detail/rc_parameter_map__struct.h\n'}
[14.923592] (px4_msgs) StdoutLine: {'line': b'-- Up-to-date: /home/subhalaxmi/nidar_ws/install/px4_msgs/include/px4_msgs/px4_msgs/msg/detail/rover_rate_setpoint__functions.c\n'}
[14.923874] (px4_msgs) StdoutLine: {'line': b'-- Up-to-date: /home/subhalaxmi/nidar_ws/install/px4_msgs/include/px4_msgs/px4_msgs/msg/detail/qshell_req__type_support.h\n'}
[14.924337] (px4_msgs) StdoutLine: {'line': b'-- Up-to-date: /home/subhalaxmi/nidar_ws/install/px4_msgs/include/px4_msgs/px4_msgs/msg/detail/flight_phase_estimation__struct.h\n'}
[14.925706] (px4_msgs) StdoutLine: {'line': b'-- Up-to-date: /home/subhalaxmi/nidar_ws/install/px4_msgs/include/px4_msgs/px4_msgs/msg/detail/irlock_report__functions.c\n'}
[14.926584] (px4_msgs) StdoutLine: {'line': b'-- Up-to-date: /home/subhalaxmi/nidar_ws/install/px4_msgs/include/px4_msgs/px4_msgs/msg/detail/dataman_request__struct.h\n'}
[14.928633] (px4_msgs) StdoutLine: {'line': b'-- Up-to-date: /home/subhalaxmi/nidar_ws/install/px4_msgs/include/px4_msgs/px4_msgs/msg/detail/sensor_gyro_fft__type_support.h\n'}
[14.929932] (px4_msgs) StdoutLine: {'line': b'-- Up-to-date: /home/subhalaxmi/nidar_ws/install/px4_msgs/include/px4_msgs/px4_msgs/msg/detail/neural_control__functions.c\n'}
[14.931222] (px4_msgs) StdoutLine: {'line': b'-- Up-to-date: /home/subhalaxmi/nidar_ws/install/px4_msgs/include/px4_msgs/px4_msgs/msg/detail/vehicle_imu_status__functions.c\n'}
[14.932134] (px4_msgs) StdoutLine: {'line': b'-- Up-to-date: /home/subhalaxmi/nidar_ws/install/px4_msgs/include/px4_msgs/px4_msgs/msg/detail/hover_thrust_estimate__functions.h\n'}
[14.933608] (px4_msgs) StdoutLine: {'line': b'-- Up-to-date: /home/subhalaxmi/nidar_ws/install/px4_msgs/include/px4_msgs/px4_msgs/msg/detail/vehicle_thrust_setpoint__type_support.h\n'}
[14.934449] (px4_msgs) StdoutLine: {'line': b'-- Up-to-date: /home/subhalaxmi/nidar_ws/install/px4_msgs/include/px4_msgs/px4_msgs/msg/detail/vehicle_odometry__struct.h\n'}
[14.935551] (px4_msgs) StdoutLine: {'line': b'-- Up-to-date: /home/subhalaxmi/nidar_ws/install/px4_msgs/include/px4_msgs/px4_msgs/msg/detail/task_stack_info__type_support.h\n'}
[14.935973] (px4_msgs) StdoutLine: {'line': b'-- Up-to-date: /home/subhalaxmi/nidar_ws/install/px4_msgs/include/px4_msgs/px4_msgs/msg/detail/system_power__struct.h\n'}
[14.936793] (px4_msgs) StdoutLine: {'line': b'-- Up-to-date: /home/subhalaxmi/nidar_ws/install/px4_msgs/include/px4_msgs/px4_msgs/msg/detail/power_monitor__functions.h\n'}
[14.938033] (-) TimerEvent: {}
[14.938880] (px4_msgs) StdoutLine: {'line': b'-- Up-to-date: /home/subhalaxmi/nidar_ws/install/px4_msgs/include/px4_msgs/px4_msgs/msg/detail/orb_test_large__functions.h\n'}
[14.939379] (px4_msgs) StdoutLine: {'line': b'-- Up-to-date: /home/subhalaxmi/nidar_ws/install/px4_msgs/include/px4_msgs/px4_msgs/msg/detail/rover_speed_status__functions.c\n'}
[14.939582] (px4_msgs) StdoutLine: {'line': b'-- Up-to-date: /home/subhalaxmi/nidar_ws/install/px4_msgs/include/px4_msgs/px4_msgs/msg/detail/sensor_preflight_mag__functions.c\n'}
[14.939768] (px4_msgs) StdoutLine: {'line': b'-- Up-to-date: /home/subhalaxmi/nidar_ws/install/px4_msgs/include/px4_msgs/px4_msgs/msg/detail/message_format_response__struct.h\n'}
[14.940965] (px4_msgs) StdoutLine: {'line': b'-- Up-to-date: /home/subhalaxmi/nidar_ws/install/px4_msgs/include/px4_msgs/px4_msgs/msg/detail/raptor_status__struct.h\n'}
[14.941249] (px4_msgs) StdoutLine: {'line': b'-- Up-to-date: /home/subhalaxmi/nidar_ws/install/px4_msgs/include/px4_msgs/px4_msgs/msg/detail/orbit_status__struct.h\n'}
[14.941501] (px4_msgs) StdoutLine: {'line': b'-- Up-to-date: /home/subhalaxmi/nidar_ws/install/px4_msgs/include/px4_msgs/px4_msgs/msg/detail/vehicle_optical_flow_vel__functions.c\n'}
[14.941721] (px4_msgs) StdoutLine: {'line': b'-- Up-to-date: /home/subhalaxmi/nidar_ws/install/px4_msgs/include/px4_msgs/px4_msgs/msg/detail/sensor_airflow__functions.c\n'}
[14.943269] (px4_msgs) StdoutLine: {'line': b'-- Up-to-date: /home/subhalaxmi/nidar_ws/install/px4_msgs/include/px4_msgs/px4_msgs/msg/detail/position_controller_landing_status__struct.h\n'}
[14.943775] (px4_msgs) StdoutLine: {'line': b'-- Up-to-date: /home/subhalaxmi/nidar_ws/install/px4_msgs/include/px4_msgs/px4_msgs/msg/detail/pwm_input__type_support.h\n'}
[14.944107] (px4_msgs) StdoutLine: {'line': b'-- Up-to-date: /home/subhalaxmi/nidar_ws/install/px4_msgs/include/px4_msgs/px4_msgs/msg/detail/follow_target_status__type_support.h\n'}
[14.944629] (px4_msgs) StdoutLine: {'line': b'-- Up-to-date: /home/subhalaxmi/nidar_ws/install/px4_msgs/include/px4_msgs/px4_msgs/msg/detail/gimbal_manager_status__type_support.h\n'}
[14.944945] (px4_msgs) StdoutLine: {'line': b'-- Up-to-date: /home/subhalaxmi/nidar_ws/install/px4_msgs/include/px4_msgs/px4_msgs/msg/detail/px4io_status__functions.c\n'}
[14.945159] (px4_msgs) StdoutLine: {'line': b'-- Up-to-date: /home/subhalaxmi/nidar_ws/install/px4_msgs/include/px4_msgs/px4_msgs/msg/detail/debug_key_value__type_support.h\n'}
[14.945341] (px4_msgs) StdoutLine: {'line': b'-- Up-to-date: /home/subhalaxmi/nidar_ws/install/px4_msgs/include/px4_msgs/px4_msgs/msg/detail/sensor_gnss_relative__functions.h\n'}
[14.945557] (px4_msgs) StdoutLine: {'line': b'-- Up-to-date: /home/subhalaxmi/nidar_ws/install/px4_msgs/include/px4_msgs/px4_msgs/msg/detail/sensor_accel_fifo__struct.h\n'}
[14.945793] (px4_msgs) StdoutLine: {'line': b'-- Up-to-date: /home/subhalaxmi/nidar_ws/install/px4_msgs/include/px4_msgs/px4_msgs/msg/detail/mag_worker_data__functions.h\n'}
[14.947091] (px4_msgs) StdoutLine: {'line': b'-- Up-to-date: /home/subhalaxmi/nidar_ws/install/px4_msgs/include/px4_msgs/px4_msgs/msg/detail/radio_status__type_support.h\n'}
[14.947350] (px4_msgs) StdoutLine: {'line': b'-- Up-to-date: /home/subhalaxmi/nidar_ws/install/px4_msgs/include/px4_msgs/px4_msgs/msg/detail/dataman_request__type_support.h\n'}
[14.947633] (px4_msgs) StdoutLine: {'line': b'-- Up-to-date: /home/subhalaxmi/nidar_ws/install/px4_msgs/include/px4_msgs/px4_msgs/msg/detail/rtl_status__functions.h\n'}
[14.949547] (px4_msgs) StdoutLine: {'line': b'-- Up-to-date: /home/subhalaxmi/nidar_ws/install/px4_msgs/include/px4_msgs/px4_msgs/msg/detail/vehicle_torque_setpoint__functions.h\n'}
[14.949893] (px4_msgs) StdoutLine: {'line': b'-- Up-to-date: /home/subhalaxmi/nidar_ws/install/px4_msgs/include/px4_msgs/px4_msgs/msg/detail/geofence_result__functions.h\n'}
[14.950162] (px4_msgs) StdoutLine: {'line': b'-- Up-to-date: /home/subhalaxmi/nidar_ws/install/px4_msgs/include/px4_msgs/px4_msgs/msg/detail/differential_pressure__functions.h\n'}
[14.950376] (px4_msgs) StdoutLine: {'line': b'-- Up-to-date: /home/subhalaxmi/nidar_ws/install/px4_msgs/include/px4_msgs/px4_msgs/msg/detail/vehicle_rates_setpoint__struct.h\n'}
[14.950583] (px4_msgs) StdoutLine: {'line': b'-- Up-to-date: /home/subhalaxmi/nidar_ws/install/px4_msgs/include/px4_msgs/px4_msgs/msg/detail/gimbal_device_attitude_status__functions.c\n'}
[14.950796] (px4_msgs) StdoutLine: {'line': b'-- Up-to-date: /home/subhalaxmi/nidar_ws/install/px4_msgs/include/px4_msgs/px4_msgs/msg/detail/camera_status__functions.h\n'}
[14.951253] (px4_msgs) StdoutLine: {'line': b'-- Up-to-date: /home/subhalaxmi/nidar_ws/install/px4_msgs/include/px4_msgs/px4_msgs/msg/detail/vehicle_thrust_setpoint__struct.h\n'}
[14.951518] (px4_msgs) StdoutLine: {'line': b'-- Up-to-date: /home/subhalaxmi/nidar_ws/install/px4_msgs/include/px4_msgs/px4_msgs/msg/detail/actuator_test__type_support.h\n'}
[14.951730] (px4_msgs) StdoutLine: {'line': b'-- Up-to-date: /home/subhalaxmi/nidar_ws/install/px4_msgs/include/px4_msgs/px4_msgs/msg/detail/vehicle_acceleration__type_support.h\n'}
[14.951974] (px4_msgs) StdoutLine: {'line': b'-- Up-to-date: /home/subhalaxmi/nidar_ws/install/px4_msgs/include/px4_msgs/px4_msgs/msg/detail/sensor_gyro_fifo__struct.h\n'}
[14.952161] (px4_msgs) StdoutLine: {'line': b'-- Up-to-date: /home/subhalaxmi/nidar_ws/install/px4_msgs/include/px4_msgs/px4_msgs/msg/detail/gimbal_manager_set_manual_control__functions.c\n'}
[14.952763] (px4_msgs) StdoutLine: {'line': b'-- Up-to-date: /home/subhalaxmi/nidar_ws/install/px4_msgs/include/px4_msgs/px4_msgs/msg/detail/task_stack_info__functions.h\n'}
[14.956964] (px4_msgs) StdoutLine: {'line': b'-- Up-to-date: /home/subhalaxmi/nidar_ws/install/px4_msgs/include/px4_msgs/px4_msgs/msg/detail/takeoff_status__struct.h\n'}
[14.957664] (px4_msgs) StdoutLine: {'line': b'-- Up-to-date: /home/subhalaxmi/nidar_ws/install/px4_msgs/include/px4_msgs/px4_msgs/msg/detail/debug_key_value__functions.h\n'}
[14.958132] (px4_msgs) StdoutLine: {'line': b'-- Up-to-date: /home/subhalaxmi/nidar_ws/install/px4_msgs/include/px4_msgs/px4_msgs/msg/detail/control_allocator_status__type_support.h\n'}
[14.958366] (px4_msgs) StdoutLine: {'line': b'-- Up-to-date: /home/subhalaxmi/nidar_ws/install/px4_msgs/include/px4_msgs/px4_msgs/msg/detail/pwm_input__functions.h\n'}
[14.958576] (px4_msgs) StdoutLine: {'line': b'-- Up-to-date: /home/subhalaxmi/nidar_ws/install/px4_msgs/include/px4_msgs/px4_msgs/msg/detail/gps_dump__type_support.h\n'}
[14.958795] (px4_msgs) StdoutLine: {'line': b'-- Up-to-date: /home/subhalaxmi/nidar_ws/install/px4_msgs/include/px4_msgs/px4_msgs/msg/detail/estimator_aid_source2d__struct.h\n'}
[14.962520] (px4_msgs) StdoutLine: {'line': b'-- Up-to-date: /home/subhalaxmi/nidar_ws/install/px4_msgs/include/px4_msgs/px4_msgs/msg/detail/internal_combustion_engine_status__functions.h\n'}
[14.962778] (px4_msgs) StdoutLine: {'line': b'-- Up-to-date: /home/subhalaxmi/nidar_ws/install/px4_msgs/include/px4_msgs/px4_msgs/msg/detail/message_format_response__type_support.h\n'}
[14.963095] (px4_msgs) StdoutLine: {'line': b'-- Up-to-date: /home/subhalaxmi/nidar_ws/install/px4_msgs/include/px4_msgs/px4_msgs/msg/detail/sensor_gps__struct.h\n'}
[14.963348] (px4_msgs) StdoutLine: {'line': b'-- Up-to-date: /home/subhalaxmi/nidar_ws/install/px4_msgs/include/px4_msgs/px4_msgs/msg/detail/sensor_selection__functions.h\n'}
[14.963588] (px4_msgs) StdoutLine: {'line': b'-- Up-to-date: /home/subhalaxmi/nidar_ws/install/px4_msgs/include/px4_msgs/px4_msgs/msg/detail/raptor_input__functions.c\n'}
[14.963850] (px4_msgs) StdoutLine: {'line': b'-- Up-to-date: /home/subhalaxmi/nidar_ws/install/px4_msgs/include/px4_msgs/px4_msgs/msg/detail/parameter_reset_request__type_support.h\n'}
[14.965323] (px4_msgs) StdoutLine: {'line': b'-- Up-to-date: /home/subhalaxmi/nidar_ws/install/px4_msgs/include/px4_msgs/px4_msgs/msg/detail/wheel_encoders__type_support.h\n'}
[14.965673] (px4_msgs) StdoutLine: {'line': b'-- Up-to-date: /home/subhalaxmi/nidar_ws/install/px4_msgs/include/px4_msgs/px4_msgs/msg/detail/position_setpoint__functions.c\n'}
[14.968210] (px4_msgs) StdoutLine: {'line': b'-- Up-to-date: /home/subhalaxmi/nidar_ws/install/px4_msgs/include/px4_msgs/px4_msgs/msg/detail/vehicle_torque_setpoint__functions.c\n'}
[14.970099] (px4_msgs) StdoutLine: {'line': b'-- Up-to-date: /home/subhalaxmi/nidar_ws/install/px4_msgs/include/px4_msgs/px4_msgs/msg/detail/action_request__functions.c\n'}
[14.971062] (px4_msgs) StdoutLine: {'line': b'-- Up-to-date: /home/subhalaxmi/nidar_ws/install/px4_msgs/include/px4_msgs/px4_msgs/msg/detail/fixed_wing_longitudinal_setpoint__type_support.h\n'}
[14.971418] (px4_msgs) StdoutLine: {'line': b'-- Up-to-date: /home/subhalaxmi/nidar_ws/install/px4_msgs/include/px4_msgs/px4_msgs/msg/detail/gpio_request__struct.h\n'}
[14.973136] (px4_msgs) StdoutLine: {'line': b'-- Up-to-date: /home/subhalaxmi/nidar_ws/install/px4_msgs/include/px4_msgs/px4_msgs/msg/detail/raptor_input__struct.h\n'}
[14.976101] (px4_msgs) StdoutLine: {'line': b'-- Up-to-date: /home/subhalaxmi/nidar_ws/install/px4_msgs/include/px4_msgs/px4_msgs/msg/detail/pps_capture__type_support.h\n'}
[14.977800] (px4_msgs) StdoutLine: {'line': b'-- Up-to-date: /home/subhalaxmi/nidar_ws/install/px4_msgs/include/px4_msgs/px4_msgs/msg/detail/gpio_config__functions.c\n'}
[14.979530] (px4_msgs) StdoutLine: {'line': b'-- Up-to-date: /home/subhalaxmi/nidar_ws/install/px4_msgs/include/px4_msgs/px4_msgs/msg/detail/launch_detection_status__functions.h\n'}
[14.980944] (px4_msgs) StdoutLine: {'line': b'-- Up-to-date: /home/subhalaxmi/nidar_ws/install/px4_msgs/include/px4_msgs/px4_msgs/msg/detail/sensor_gyro_fifo__functions.h\n'}
[14.982910] (px4_msgs) StdoutLine: {'line': b'-- Up-to-date: /home/subhalaxmi/nidar_ws/install/px4_msgs/include/px4_msgs/px4_msgs/msg/detail/geofence_status__functions.h\n'}
[14.983170] (px4_msgs) StdoutLine: {'line': b'-- Up-to-date: /home/subhalaxmi/nidar_ws/install/px4_msgs/include/px4_msgs/px4_msgs/msg/detail/gimbal_manager_set_manual_control__functions.h\n'}
[14.983410] (px4_msgs) StdoutLine: {'line': b'-- Up-to-date: /home/subhalaxmi/nidar_ws/install/px4_msgs/include/px4_msgs/px4_msgs/msg/detail/aux_global_position__struct.h\n'}
[14.983642] (px4_msgs) StdoutLine: {'line': b'-- Up-to-date: /home/subhalaxmi/nidar_ws/install/px4_msgs/include/px4_msgs/px4_msgs/msg/detail/rover_rate_setpoint__functions.h\n'}
[14.987064] (px4_msgs) StdoutLine: {'line': b'-- Up-to-date: /home/subhalaxmi/nidar_ws/install/px4_msgs/include/px4_msgs/px4_msgs/msg/detail/collision_constraints__functions.c\n'}
[14.988948] (px4_msgs) StdoutLine: {'line': b'-- Up-to-date: /home/subhalaxmi/nidar_ws/install/px4_msgs/include/px4_msgs/px4_msgs/msg/detail/tune_control__functions.c\n'}
[14.989436] (px4_msgs) StdoutLine: {'line': b'-- Up-to-date: /home/subhalaxmi/nidar_ws/install/px4_msgs/include/px4_msgs/px4_msgs/msg/detail/cpuload__struct.h\n'}
[14.989696] (px4_msgs) StdoutLine: {'line': b'-- Up-to-date: /home/subhalaxmi/nidar_ws/install/px4_msgs/include/px4_msgs/px4_msgs/msg/detail/parameter_set_used_request__struct.h\n'}
[14.989975] (px4_msgs) StdoutLine: {'line': b'-- Up-to-date: /home/subhalaxmi/nidar_ws/install/px4_msgs/include/px4_msgs/px4_msgs/msg/detail/debug_vect__struct.h\n'}
[14.990308] (px4_msgs) StdoutLine: {'line': b'-- Up-to-date: /home/subhalaxmi/nidar_ws/install/px4_msgs/include/px4_msgs/px4_msgs/msg/detail/mag_worker_data__struct.h\n'}
[14.990562] (px4_msgs) StdoutLine: {'line': b'-- Up-to-date: /home/subhalaxmi/nidar_ws/install/px4_msgs/include/px4_msgs/px4_msgs/msg/detail/geofence_status__type_support.h\n'}
[14.993247] (px4_msgs) StdoutLine: {'line': b'-- Up-to-date: /home/subhalaxmi/nidar_ws/install/px4_msgs/include/px4_msgs/px4_msgs/msg/detail/arming_check_reply__struct.h\n'}
[14.997176] (px4_msgs) StdoutLine: {'line': b'-- Up-to-date: /home/subhalaxmi/nidar_ws/install/px4_msgs/include/px4_msgs/px4_msgs/msg/detail/orb_test_medium__type_support.h\n'}
[14.997598] (px4_msgs) StdoutLine: {'line': b'-- Up-to-date: /home/subhalaxmi/nidar_ws/install/px4_msgs/include/px4_msgs/px4_msgs/msg/detail/failsafe_flags__functions.c\n'}
[15.004282] (px4_msgs) StdoutLine: {'line': b'-- Up-to-date: /home/subhalaxmi/nidar_ws/install/px4_msgs/include/px4_msgs/px4_msgs/msg/detail/open_drone_id_self_id__functions.c\n'}
[15.004583] (px4_msgs) StdoutLine: {'line': b'-- Up-to-date: /home/subhalaxmi/nidar_ws/install/px4_msgs/include/px4_msgs/px4_msgs/msg/detail/esc_status__type_support.h\n'}
[15.004865] (px4_msgs) StdoutLine: {'line': b'-- Up-to-date: /home/subhalaxmi/nidar_ws/install/px4_msgs/include/px4_msgs/px4_msgs/msg/detail/yaw_estimator_status__type_support.h\n'}
[15.005413] (px4_msgs) StdoutLine: {'line': b'-- Up-to-date: /home/subhalaxmi/nidar_ws/install/px4_msgs/include/px4_msgs/px4_msgs/msg/detail/dataman_request__functions.c\n'}
[15.005636] (px4_msgs) StdoutLine: {'line': b'-- Up-to-date: /home/subhalaxmi/nidar_ws/install/px4_msgs/include/px4_msgs/px4_msgs/msg/detail/vehicle_thrust_setpoint__functions.h\n'}
[15.005848] (px4_msgs) StdoutLine: {'line': b'-- Up-to-date: /home/subhalaxmi/nidar_ws/install/px4_msgs/include/px4_msgs/px4_msgs/msg/detail/vehicle_angular_velocity__functions.c\n'}
[15.006207] (px4_msgs) StdoutLine: {'line': b'-- Up-to-date: /home/subhalaxmi/nidar_ws/install/px4_msgs/include/px4_msgs/px4_msgs/msg/detail/rover_steering_setpoint__functions.h\n'}
[15.006410] (px4_msgs) StdoutLine: {'line': b'-- Up-to-date: /home/subhalaxmi/nidar_ws/install/px4_msgs/include/px4_msgs/px4_msgs/msg/detail/position_setpoint_triplet__functions.h\n'}
[15.006605] (px4_msgs) StdoutLine: {'line': b'-- Up-to-date: /home/subhalaxmi/nidar_ws/install/px4_msgs/include/px4_msgs/px4_msgs/msg/detail/vehicle_land_detected__functions.h\n'}
[15.006827] (px4_msgs) StdoutLine: {'line': b'-- Up-to-date: /home/subhalaxmi/nidar_ws/install/px4_msgs/include/px4_msgs/px4_msgs/msg/detail/gps_inject_data__struct.h\n'}
[15.010955] (px4_msgs) StdoutLine: {'line': b'-- Up-to-date: /home/subhalaxmi/nidar_ws/install/px4_msgs/include/px4_msgs/px4_msgs/msg/detail/gpio_config__functions.h\n'}
[15.014006] (px4_msgs) StdoutLine: {'line': b'-- Up-to-date: /home/subhalaxmi/nidar_ws/install/px4_msgs/include/px4_msgs/px4_msgs/msg/detail/wind__functions.h\n'}
[15.014383] (px4_msgs) StdoutLine: {'line': b'-- Up-to-date: /home/subhalaxmi/nidar_ws/install/px4_msgs/include/px4_msgs/px4_msgs/msg/detail/logger_status__struct.h\n'}
[15.014691] (px4_msgs) StdoutLine: {'line': b'-- Up-to-date: /home/subhalaxmi/nidar_ws/install/px4_msgs/include/px4_msgs/px4_msgs/msg/detail/gps_inject_data__functions.h\n'}
[15.017922] (px4_msgs) StdoutLine: {'line': b'-- Up-to-date: /home/subhalaxmi/nidar_ws/install/px4_msgs/include/px4_msgs/px4_msgs/msg/detail/gimbal_controls__functions.h\n'}
[15.018759] (px4_msgs) StdoutLine: {'line': b'-- Up-to-date: /home/subhalaxmi/nidar_ws/install/px4_msgs/include/px4_msgs/px4_msgs/msg/detail/register_ext_component_request__functions.h\n'}
[15.019165] (px4_msgs) StdoutLine: {'line': b'-- Up-to-date: /home/subhalaxmi/nidar_ws/install/px4_msgs/include/px4_msgs/px4_msgs/msg/detail/actuator_motors__struct.h\n'}
[15.019549] (px4_msgs) StdoutLine: {'line': b'-- Up-to-date: /home/subhalaxmi/nidar_ws/install/px4_msgs/include/px4_msgs/px4_msgs/msg/detail/launch_detection_status__functions.c\n'}
[15.019786] (px4_msgs) StdoutLine: {'line': b'-- Up-to-date: /home/subhalaxmi/nidar_ws/install/px4_msgs/include/px4_msgs/px4_msgs/msg/detail/fixed_wing_lateral_setpoint__type_support.h\n'}
[15.024666] (px4_msgs) StdoutLine: {'line': b'-- Up-to-date: /home/subhalaxmi/nidar_ws/install/px4_msgs/include/px4_msgs/px4_msgs/msg/detail/navigator_mission_item__functions.c\n'}
[15.028172] (px4_msgs) StdoutLine: {'line': b'-- Up-to-date: /home/subhalaxmi/nidar_ws/install/px4_msgs/include/px4_msgs/px4_msgs/msg/detail/rover_rate_setpoint__type_support.h\n'}
[15.028484] (px4_msgs) StdoutLine: {'line': b'-- Up-to-date: /home/subhalaxmi/nidar_ws/install/px4_msgs/include/px4_msgs/px4_msgs/msg/detail/device_information__functions.c\n'}
[15.028714] (px4_msgs) StdoutLine: {'line': b'-- Up-to-date: /home/subhalaxmi/nidar_ws/install/px4_msgs/include/px4_msgs/px4_msgs/msg/detail/fixed_wing_runway_control__functions.c\n'}
[15.031176] (px4_msgs) StdoutLine: {'line': b'-- Up-to-date: /home/subhalaxmi/nidar_ws/install/px4_msgs/include/px4_msgs/px4_msgs/msg/detail/fixed_wing_longitudinal_setpoint__struct.h\n'}
[15.031489] (px4_msgs) StdoutLine: {'line': b'-- Up-to-date: /home/subhalaxmi/nidar_ws/install/px4_msgs/include/px4_msgs/px4_msgs/msg/detail/neural_control__type_support.h\n'}
[15.031719] (px4_msgs) StdoutLine: {'line': b'-- Up-to-date: /home/subhalaxmi/nidar_ws/install/px4_msgs/include/px4_msgs/px4_msgs/msg/detail/adc_report__functions.h\n'}
[15.033372] (px4_msgs) StdoutLine: {'line': b'-- Up-to-date: /home/subhalaxmi/nidar_ws/install/px4_msgs/include/px4_msgs/px4_msgs/msg/detail/gimbal_device_set_attitude__type_support.h\n'}
[15.033580] (px4_msgs) StdoutLine: {'line': b'-- Up-to-date: /home/subhalaxmi/nidar_ws/install/px4_msgs/include/px4_msgs/px4_msgs/msg/detail/dronecan_node_status__functions.c\n'}
[15.033751] (px4_msgs) StdoutLine: {'line': b'-- Up-to-date: /home/subhalaxmi/nidar_ws/install/px4_msgs/include/px4_msgs/px4_msgs/msg/detail/battery_status__functions.c\n'}
[15.033992] (px4_msgs) StdoutLine: {'line': b'-- Up-to-date: /home/subhalaxmi/nidar_ws/install/px4_msgs/include/px4_msgs/px4_msgs/msg/detail/vehicle_imu__functions.c\n'}
[15.034168] (px4_msgs) StdoutLine: {'line': b'-- Up-to-date: /home/subhalaxmi/nidar_ws/install/px4_msgs/include/px4_msgs/px4_msgs/msg/detail/dronecan_node_status__type_support.h\n'}
[15.034377] (px4_msgs) StdoutLine: {'line': b'-- Up-to-date: /home/subhalaxmi/nidar_ws/install/px4_msgs/include/px4_msgs/px4_msgs/msg/detail/airspeed_validated__functions.c\n'}
[15.034572] (px4_msgs) StdoutLine: {'line': b'-- Up-to-date: /home/subhalaxmi/nidar_ws/install/px4_msgs/include/px4_msgs/px4_msgs/msg/detail/sensor_accel__functions.h\n'}
[15.034788] (px4_msgs) StdoutLine: {'line': b'-- Up-to-date: /home/subhalaxmi/nidar_ws/install/px4_msgs/include/px4_msgs/px4_msgs/msg/detail/estimator_gps_status__functions.c\n'}
[15.038737] (-) TimerEvent: {}
[15.039994] (px4_msgs) StdoutLine: {'line': b'-- Up-to-date: /home/subhalaxmi/nidar_ws/install/px4_msgs/include/px4_msgs/px4_msgs/msg/detail/debug_vect__functions.c\n'}
[15.040307] (px4_msgs) StdoutLine: {'line': b'-- Up-to-date: /home/subhalaxmi/nidar_ws/install/px4_msgs/include/px4_msgs/px4_msgs/msg/detail/open_drone_id_arm_status__struct.h\n'}
[15.040514] (px4_msgs) StdoutLine: {'line': b'-- Up-to-date: /home/subhalaxmi/nidar_ws/install/px4_msgs/include/px4_msgs/px4_msgs/msg/detail/button_event__functions.h\n'}
[15.040714] (px4_msgs) StdoutLine: {'line': b'-- Up-to-date: /home/subhalaxmi/nidar_ws/install/px4_msgs/include/px4_msgs/px4_msgs/msg/detail/collision_constraints__type_support.h\n'}
[15.040938] (px4_msgs) StdoutLine: {'line': b'-- Up-to-date: /home/subhalaxmi/nidar_ws/install/px4_msgs/include/px4_msgs/px4_msgs/msg/detail/cellular_status__type_support.h\n'}
[15.041146] (px4_msgs) StdoutLine: {'line': b'-- Up-to-date: /home/subhalaxmi/nidar_ws/install/px4_msgs/include/px4_msgs/px4_msgs/msg/detail/gps_inject_data__type_support.h\n'}
[15.041343] (px4_msgs) StdoutLine: {'line': b'-- Up-to-date: /home/subhalaxmi/nidar_ws/install/px4_msgs/include/px4_msgs/px4_msgs/msg/detail/actuator_servos_trim__functions.c\n'}
[15.041540] (px4_msgs) StdoutLine: {'line': b'-- Up-to-date: /home/subhalaxmi/nidar_ws/install/px4_msgs/include/px4_msgs/px4_msgs/msg/detail/rover_attitude_status__struct.h\n'}
[15.041733] (px4_msgs) StdoutLine: {'line': b'-- Up-to-date: /home/subhalaxmi/nidar_ws/install/px4_msgs/include/px4_msgs/px4_msgs/msg/detail/distance_sensor_mode_change_request__struct.h\n'}
[15.046722] (px4_msgs) StdoutLine: {'line': b'-- Up-to-date: /home/subhalaxmi/nidar_ws/install/px4_msgs/include/px4_msgs/px4_msgs/msg/detail/register_ext_component_request__type_support.h\n'}
[15.048566] (px4_msgs) StdoutLine: {'line': b'-- Up-to-date: /home/subhalaxmi/nidar_ws/install/px4_msgs/include/px4_msgs/px4_msgs/msg/detail/register_ext_component_request__functions.c\n'}
[15.048957] (px4_msgs) StdoutLine: {'line': b'-- Up-to-date: /home/subhalaxmi/nidar_ws/install/px4_msgs/include/px4_msgs/px4_msgs/msg/detail/led_control__functions.c\n'}
[15.049256] (px4_msgs) StdoutLine: {'line': b'-- Up-to-date: /home/subhalaxmi/nidar_ws/install/px4_msgs/include/px4_msgs/px4_msgs/msg/detail/gpio_request__type_support.h\n'}
[15.049517] (px4_msgs) StdoutLine: {'line': b'-- Up-to-date: /home/subhalaxmi/nidar_ws/install/px4_msgs/include/px4_msgs/px4_msgs/msg/detail/fixed_wing_runway_control__functions.h\n'}
[15.049779] (px4_msgs) StdoutLine: {'line': b'-- Up-to-date: /home/subhalaxmi/nidar_ws/install/px4_msgs/include/px4_msgs/px4_msgs/msg/detail/rover_rate_status__functions.h\n'}
[15.054317] (px4_msgs) StdoutLine: {'line': b'-- Up-to-date: /home/subhalaxmi/nidar_ws/install/px4_msgs/include/px4_msgs/px4_msgs/msg/detail/sensor_gnss_status__functions.c\n'}
[15.054514] (px4_msgs) StdoutLine: {'line': b'-- Up-to-date: /home/subhalaxmi/nidar_ws/install/px4_msgs/include/px4_msgs/px4_msgs/msg/detail/vehicle_odometry__functions.c\n'}
[15.054770] (px4_msgs) StdoutLine: {'line': b'-- Up-to-date: /home/subhalaxmi/nidar_ws/install/px4_msgs/include/px4_msgs/px4_msgs/msg/detail/sensor_airflow__functions.h\n'}
[15.054980] (px4_msgs) StdoutLine: {'line': b'-- Up-to-date: /home/subhalaxmi/nidar_ws/install/px4_msgs/include/px4_msgs/px4_msgs/msg/detail/adc_report__functions.c\n'}
[15.055142] (px4_msgs) StdoutLine: {'line': b'-- Up-to-date: /home/subhalaxmi/nidar_ws/install/px4_msgs/include/px4_msgs/px4_msgs/msg/detail/mavlink_tunnel__functions.h\n'}
[15.055278] (px4_msgs) StdoutLine: {'line': b'-- Up-to-date: /home/subhalaxmi/nidar_ws/install/px4_msgs/include/px4_msgs/px4_msgs/msg/detail/vehicle_magnetometer__type_support.h\n'}
[15.055422] (px4_msgs) StdoutLine: {'line': b'-- Up-to-date: /home/subhalaxmi/nidar_ws/install/px4_msgs/include/px4_msgs/px4_msgs/msg/detail/input_rc__struct.h\n'}
[15.055559] (px4_msgs) StdoutLine: {'line': b'-- Up-to-date: /home/subhalaxmi/nidar_ws/install/px4_msgs/include/px4_msgs/px4_msgs/msg/detail/offboard_control_mode__functions.c\n'}
[15.055684] (px4_msgs) StdoutLine: {'line': b'-- Up-to-date: /home/subhalaxmi/nidar_ws/install/px4_msgs/include/px4_msgs/px4_msgs/msg/detail/camera_trigger__functions.h\n'}
[15.055816] (px4_msgs) StdoutLine: {'line': b'-- Up-to-date: /home/subhalaxmi/nidar_ws/install/px4_msgs/include/px4_msgs/px4_msgs/msg/detail/gimbal_device_information__functions.c\n'}
[15.056042] (px4_msgs) StdoutLine: {'line': b'-- Up-to-date: /home/subhalaxmi/nidar_ws/install/px4_msgs/include/px4_msgs/px4_msgs/msg/detail/rover_attitude_setpoint__struct.h\n'}
[15.056259] (px4_msgs) StdoutLine: {'line': b'-- Up-to-date: /home/subhalaxmi/nidar_ws/install/px4_msgs/include/px4_msgs/px4_msgs/msg/detail/estimator_event_flags__functions.c\n'}
[15.057020] (px4_msgs) StdoutLine: {'line': b'-- Up-to-date: /home/subhalaxmi/nidar_ws/install/px4_msgs/include/px4_msgs/px4_msgs/msg/detail/vehicle_air_data__type_support.h\n'}
[15.057727] (px4_msgs) StdoutLine: {'line': b'-- Up-to-date: /home/subhalaxmi/nidar_ws/install/px4_msgs/include/px4_msgs/px4_msgs/msg/detail/vehicle_land_detected__functions.c\n'}
[15.058576] (px4_msgs) StdoutLine: {'line': b'-- Up-to-date: /home/subhalaxmi/nidar_ws/install/px4_msgs/include/px4_msgs/px4_msgs/msg/detail/gimbal_manager_set_manual_control__struct.h\n'}
[15.059477] (px4_msgs) StdoutLine: {'line': b'-- Up-to-date: /home/subhalaxmi/nidar_ws/install/px4_msgs/include/px4_msgs/px4_msgs/msg/detail/orb_test_large__struct.h\n'}
[15.060011] (px4_msgs) StdoutLine: {'line': b'-- Up-to-date: /home/subhalaxmi/nidar_ws/install/px4_msgs/include/px4_msgs/px4_msgs/msg/detail/open_drone_id_system__functions.h\n'}
[15.060262] (px4_msgs) StdoutLine: {'line': b'-- Up-to-date: /home/subhalaxmi/nidar_ws/install/px4_msgs/include/px4_msgs/px4_msgs/msg/detail/wheel_encoders__functions.h\n'}
[15.060460] (px4_msgs) StdoutLine: {'line': b'-- Up-to-date: /home/subhalaxmi/nidar_ws/install/px4_msgs/include/px4_msgs/px4_msgs/msg/detail/vehicle_acceleration__functions.h\n'}
[15.060672] (px4_msgs) StdoutLine: {'line': b'-- Up-to-date: /home/subhalaxmi/nidar_ws/install/px4_msgs/include/px4_msgs/px4_msgs/msg/detail/parameter_update__struct.h\n'}
[15.060883] (px4_msgs) StdoutLine: {'line': b'-- Up-to-date: /home/subhalaxmi/nidar_ws/install/px4_msgs/include/px4_msgs/px4_msgs/msg/detail/sensor_gyro__type_support.h\n'}
[15.061082] (px4_msgs) StdoutLine: {'line': b'-- Up-to-date: /home/subhalaxmi/nidar_ws/install/px4_msgs/include/px4_msgs/px4_msgs/msg/detail/cellular_status__functions.h\n'}
[15.061266] (px4_msgs) StdoutLine: {'line': b'-- Up-to-date: /home/subhalaxmi/nidar_ws/install/px4_msgs/include/px4_msgs/px4_msgs/msg/detail/actuator_outputs__functions.c\n'}
[15.061444] (px4_msgs) StdoutLine: {'line': b'-- Up-to-date: /home/subhalaxmi/nidar_ws/install/px4_msgs/include/px4_msgs/px4_msgs/msg/detail/fixed_wing_lateral_guidance_status__type_support.h\n'}
[15.061641] (px4_msgs) StdoutLine: {'line': b'-- Up-to-date: /home/subhalaxmi/nidar_ws/install/px4_msgs/include/px4_msgs/px4_msgs/msg/detail/system_power__functions.h\n'}
[15.061854] (px4_msgs) StdoutLine: {'line': b'-- Up-to-date: /home/subhalaxmi/nidar_ws/install/px4_msgs/include/px4_msgs/px4_msgs/msg/detail/telemetry_status__functions.c\n'}
[15.062173] (px4_msgs) StdoutLine: {'line': b'-- Up-to-date: /home/subhalaxmi/nidar_ws/install/px4_msgs/include/px4_msgs/px4_msgs/msg/detail/wheel_encoders__functions.c\n'}
[15.062380] (px4_msgs) StdoutLine: {'line': b'-- Up-to-date: /home/subhalaxmi/nidar_ws/install/px4_msgs/include/px4_msgs/px4_msgs/msg/detail/gain_compression__struct.h\n'}
[15.062571] (px4_msgs) StdoutLine: {'line': b'-- Up-to-date: /home/subhalaxmi/nidar_ws/install/px4_msgs/include/px4_msgs/px4_msgs/msg/detail/power_button_state__functions.h\n'}
[15.062940] (px4_msgs) StdoutLine: {'line': b'-- Up-to-date: /home/subhalaxmi/nidar_ws/install/px4_msgs/include/px4_msgs/px4_msgs/msg/detail/mission_result__struct.h\n'}
[15.063187] (px4_msgs) StdoutLine: {'line': b'-- Up-to-date: /home/subhalaxmi/nidar_ws/install/px4_msgs/include/px4_msgs/px4_msgs/msg/detail/vehicle_command__functions.h\n'}
[15.063388] (px4_msgs) StdoutLine: {'line': b'-- Up-to-date: /home/subhalaxmi/nidar_ws/install/px4_msgs/include/px4_msgs/px4_msgs/msg/detail/register_ext_component_request__struct.h\n'}
[15.063698] (px4_msgs) StdoutLine: {'line': b'-- Up-to-date: /home/subhalaxmi/nidar_ws/install/px4_msgs/include/px4_msgs/px4_msgs/msg/detail/px4io_status__functions.h\n'}
[15.063969] (px4_msgs) StdoutLine: {'line': b'-- Up-to-date: /home/subhalaxmi/nidar_ws/install/px4_msgs/include/px4_msgs/px4_msgs/msg/detail/vehicle_roi__functions.h\n'}
[15.064170] (px4_msgs) StdoutLine: {'line': b'-- Up-to-date: /home/subhalaxmi/nidar_ws/install/px4_msgs/include/px4_msgs/px4_msgs/msg/detail/orb_test_large__type_support.h\n'}
[15.064357] (px4_msgs) StdoutLine: {'line': b'-- Up-to-date: /home/subhalaxmi/nidar_ws/install/px4_msgs/include/px4_msgs/px4_msgs/msg/detail/sensor_gyro_fifo__functions.c\n'}
[15.064537] (px4_msgs) StdoutLine: {'line': b'-- Up-to-date: /home/subhalaxmi/nidar_ws/install/px4_msgs/include/px4_msgs/px4_msgs/msg/detail/estimator_aid_source2d__type_support.h\n'}
[15.064713] (px4_msgs) StdoutLine: {'line': b'-- Up-to-date: /home/subhalaxmi/nidar_ws/install/px4_msgs/include/px4_msgs/px4_msgs/msg/detail/autotune_attitude_control_status__type_support.h\n'}
[15.064958] (px4_msgs) StdoutLine: {'line': b'-- Up-to-date: /home/subhalaxmi/nidar_ws/install/px4_msgs/include/px4_msgs/px4_msgs/msg/detail/sensor_accel_fifo__functions.c\n'}
[15.065216] (px4_msgs) StdoutLine: {'line': b'-- Up-to-date: /home/subhalaxmi/nidar_ws/install/px4_msgs/include/px4_msgs/px4_msgs/msg/detail/satellite_info__functions.h\n'}
[15.065431] (px4_msgs) StdoutLine: {'line': b'-- Up-to-date: /home/subhalaxmi/nidar_ws/install/px4_msgs/include/px4_msgs/px4_msgs/msg/detail/transponder_report__functions.h\n'}
[15.065627] (px4_msgs) StdoutLine: {'line': b'-- Up-to-date: /home/subhalaxmi/nidar_ws/install/px4_msgs/include/px4_msgs/px4_msgs/msg/detail/actuator_outputs__type_support.h\n'}
[15.065872] (px4_msgs) StdoutLine: {'line': b'-- Up-to-date: /home/subhalaxmi/nidar_ws/install/px4_msgs/include/px4_msgs/px4_msgs/msg/detail/dronecan_node_status__struct.h\n'}
[15.066153] (px4_msgs) StdoutLine: {'line': b'-- Up-to-date: /home/subhalaxmi/nidar_ws/install/px4_msgs/include/px4_msgs/px4_msgs/msg/detail/fixed_wing_lateral_setpoint__functions.h\n'}
[15.066347] (px4_msgs) StdoutLine: {'line': b'-- Up-to-date: /home/subhalaxmi/nidar_ws/install/px4_msgs/include/px4_msgs/px4_msgs/msg/detail/estimator_status__struct.h\n'}
[15.066528] (px4_msgs) StdoutLine: {'line': b'-- Up-to-date: /home/subhalaxmi/nidar_ws/install/px4_msgs/include/px4_msgs/px4_msgs/msg/detail/rover_steering_setpoint__type_support.h\n'}
[15.066713] (px4_msgs) StdoutLine: {'line': b'-- Up-to-date: /home/subhalaxmi/nidar_ws/install/px4_msgs/include/px4_msgs/px4_msgs/msg/detail/airspeed_wind__struct.h\n'}
[15.066952] (px4_msgs) StdoutLine: {'line': b'-- Up-to-date: /home/subhalaxmi/nidar_ws/install/px4_msgs/include/px4_msgs/px4_msgs/msg/detail/gpio_request__functions.c\n'}
[15.067147] (px4_msgs) StdoutLine: {'line': b'-- Up-to-date: /home/subhalaxmi/nidar_ws/install/px4_msgs/include/px4_msgs/px4_msgs/msg/detail/tiltrotor_extra_controls__struct.h\n'}
[15.067326] (px4_msgs) StdoutLine: {'line': b'-- Up-to-date: /home/subhalaxmi/nidar_ws/install/px4_msgs/include/px4_msgs/px4_msgs/msg/detail/generator_status__functions.h\n'}
[15.067509] (px4_msgs) StdoutLine: {'line': b'-- Up-to-date: /home/subhalaxmi/nidar_ws/install/px4_msgs/include/px4_msgs/px4_msgs/msg/detail/vehicle_thrust_setpoint__functions.c\n'}
[15.067691] (px4_msgs) StdoutLine: {'line': b'-- Up-to-date: /home/subhalaxmi/nidar_ws/install/px4_msgs/include/px4_msgs/px4_msgs/msg/detail/vehicle_magnetometer__struct.h\n'}
[15.068038] (px4_msgs) StdoutLine: {'line': b'-- Up-to-date: /home/subhalaxmi/nidar_ws/install/px4_msgs/include/px4_msgs/px4_msgs/msg/detail/mission__struct.h\n'}
[15.068297] (px4_msgs) StdoutLine: {'line': b'-- Up-to-date: /home/subhalaxmi/nidar_ws/install/px4_msgs/include/px4_msgs/px4_msgs/msg/detail/figure_eight_status__type_support.h\n'}
[15.068616] (px4_msgs) StdoutLine: {'line': b'-- Up-to-date: /home/subhalaxmi/nidar_ws/install/px4_msgs/include/px4_msgs/px4_msgs/msg/detail/rover_attitude_status__type_support.h\n'}
[15.068844] (px4_msgs) StdoutLine: {'line': b'-- Up-to-date: /home/subhalaxmi/nidar_ws/install/px4_msgs/include/px4_msgs/px4_msgs/msg/detail/sensor_baro__functions.h\n'}
[15.069109] (px4_msgs) StdoutLine: {'line': b'-- Up-to-date: /home/subhalaxmi/nidar_ws/install/px4_msgs/include/px4_msgs/px4_msgs/msg/detail/health_report__struct.h\n'}
[15.069297] (px4_msgs) StdoutLine: {'line': b'-- Up-to-date: /home/subhalaxmi/nidar_ws/install/px4_msgs/include/px4_msgs/px4_msgs/msg/detail/failsafe_flags__functions.h\n'}
[15.069491] (px4_msgs) StdoutLine: {'line': b'-- Up-to-date: /home/subhalaxmi/nidar_ws/install/px4_msgs/include/px4_msgs/px4_msgs/msg/detail/takeoff_status__functions.c\n'}
[15.069675] (px4_msgs) StdoutLine: {'line': b'-- Up-to-date: /home/subhalaxmi/nidar_ws/install/px4_msgs/include/px4_msgs/px4_msgs/msg/detail/rtl_time_estimate__functions.h\n'}
[15.069883] (px4_msgs) StdoutLine: {'line': b'-- Up-to-date: /home/subhalaxmi/nidar_ws/install/px4_msgs/include/px4_msgs/px4_msgs/msg/detail/cellular_status__struct.h\n'}
[15.070105] (px4_msgs) StdoutLine: {'line': b'-- Up-to-date: /home/subhalaxmi/nidar_ws/install/px4_msgs/include/px4_msgs/px4_msgs/msg/detail/mavlink_tunnel__functions.c\n'}
[15.070292] (px4_msgs) StdoutLine: {'line': b'-- Up-to-date: /home/subhalaxmi/nidar_ws/install/px4_msgs/include/px4_msgs/px4_msgs/msg/detail/airspeed_validated__struct.h\n'}
[15.070592] (px4_msgs) StdoutLine: {'line': b'-- Up-to-date: /home/subhalaxmi/nidar_ws/install/px4_msgs/include/px4_msgs/px4_msgs/msg/detail/ping__functions.h\n'}
[15.070813] (px4_msgs) StdoutLine: {'line': b'-- Up-to-date: /home/subhalaxmi/nidar_ws/install/px4_msgs/include/px4_msgs/px4_msgs/msg/detail/tune_control__type_support.h\n'}
[15.071143] (px4_msgs) StdoutLine: {'line': b'-- Up-to-date: /home/subhalaxmi/nidar_ws/install/px4_msgs/include/px4_msgs/px4_msgs/msg/detail/mavlink_log__type_support.h\n'}
[15.071398] (px4_msgs) StdoutLine: {'line': b'-- Up-to-date: /home/subhalaxmi/nidar_ws/install/px4_msgs/include/px4_msgs/px4_msgs/msg/detail/px4io_status__type_support.h\n'}
[15.072403] (px4_msgs) StdoutLine: {'line': b'-- Up-to-date: /home/subhalaxmi/nidar_ws/install/px4_msgs/include/px4_msgs/px4_msgs/msg/detail/estimator_bias3d__struct.h\n'}
[15.072742] (px4_msgs) StdoutLine: {'line': b'-- Up-to-date: /home/subhalaxmi/nidar_ws/install/px4_msgs/include/px4_msgs/px4_msgs/msg/detail/sensor_optical_flow__functions.h\n'}
[15.073054] (px4_msgs) StdoutLine: {'line': b'-- Up-to-date: /home/subhalaxmi/nidar_ws/install/px4_msgs/include/px4_msgs/px4_msgs/msg/detail/lateral_control_configuration__struct.h\n'}
[15.073355] (px4_msgs) StdoutLine: {'line': b'-- Up-to-date: /home/subhalaxmi/nidar_ws/install/px4_msgs/include/px4_msgs/px4_msgs/msg/detail/actuator_servos__type_support.h\n'}
[15.073598] (px4_msgs) StdoutLine: {'line': b'-- Up-to-date: /home/subhalaxmi/nidar_ws/install/px4_msgs/include/px4_msgs/px4_msgs/msg/detail/sensors_status__struct.h\n'}
[15.073876] (px4_msgs) StdoutLine: {'line': b'-- Up-to-date: /home/subhalaxmi/nidar_ws/install/px4_msgs/include/px4_msgs/px4_msgs/msg/detail/magnetometer_bias_estimate__functions.c\n'}
[15.074191] (px4_msgs) StdoutLine: {'line': b'-- Up-to-date: /home/subhalaxmi/nidar_ws/install/px4_msgs/include/px4_msgs/px4_msgs/msg/detail/gps_dump__functions.c\n'}
[15.074774] (px4_msgs) StdoutLine: {'line': b'-- Up-to-date: /home/subhalaxmi/nidar_ws/install/px4_msgs/include/px4_msgs/px4_msgs/msg/detail/sensor_airflow__type_support.h\n'}
[15.075074] (px4_msgs) StdoutLine: {'line': b'-- Up-to-date: /home/subhalaxmi/nidar_ws/install/px4_msgs/include/px4_msgs/px4_msgs/msg/detail/vehicle_imu_status__type_support.h\n'}
[15.075365] (px4_msgs) StdoutLine: {'line': b'-- Up-to-date: /home/subhalaxmi/nidar_ws/install/px4_msgs/include/px4_msgs/px4_msgs/msg/detail/orb_test__functions.h\n'}
[15.075594] (px4_msgs) StdoutLine: {'line': b'-- Up-to-date: /home/subhalaxmi/nidar_ws/install/px4_msgs/include/px4_msgs/px4_msgs/msg/detail/onboard_computer_status__functions.h\n'}
[15.075846] (px4_msgs) StdoutLine: {'line': b'-- Up-to-date: /home/subhalaxmi/nidar_ws/install/px4_msgs/include/px4_msgs/px4_msgs/msg/detail/config_overrides__struct.h\n'}
[15.076616] (px4_msgs) StdoutLine: {'line': b'-- Up-to-date: /home/subhalaxmi/nidar_ws/install/px4_msgs/include/px4_msgs/px4_msgs/msg/detail/gripper__type_support.h\n'}
[15.076901] (px4_msgs) StdoutLine: {'line': b'-- Up-to-date: /home/subhalaxmi/nidar_ws/install/px4_msgs/include/px4_msgs/px4_msgs/msg/detail/qshell_req__functions.c\n'}
[15.077126] (px4_msgs) StdoutLine: {'line': b'-- Up-to-date: /home/subhalaxmi/nidar_ws/install/px4_msgs/include/px4_msgs/px4_msgs/msg/detail/gimbal_manager_information__type_support.h\n'}
[15.077357] (px4_msgs) StdoutLine: {'line': b'-- Up-to-date: /home/subhalaxmi/nidar_ws/install/px4_msgs/include/px4_msgs/px4_msgs/msg/detail/debug_value__type_support.h\n'}
[15.077545] (px4_msgs) StdoutLine: {'line': b'-- Up-to-date: /home/subhalaxmi/nidar_ws/install/px4_msgs/include/px4_msgs/px4_msgs/msg/detail/mission__functions.h\n'}
[15.077753] (px4_msgs) StdoutLine: {'line': b'-- Up-to-date: /home/subhalaxmi/nidar_ws/install/px4_msgs/include/px4_msgs/px4_msgs/msg/detail/sensor_gyro__functions.h\n'}
[15.078613] (px4_msgs) StdoutLine: {'line': b'-- Up-to-date: /home/subhalaxmi/nidar_ws/install/px4_msgs/include/px4_msgs/px4_msgs/msg/detail/estimator_aid_source2d__functions.h\n'}
[15.080852] (px4_msgs) StdoutLine: {'line': b'-- Up-to-date: /home/subhalaxmi/nidar_ws/install/px4_msgs/include/px4_msgs/px4_msgs/msg/detail/gimbal_manager_status__functions.h\n'}
[15.083370] (px4_msgs) StdoutLine: {'line': b'-- Up-to-date: /home/subhalaxmi/nidar_ws/install/px4_msgs/include/px4_msgs/px4_msgs/msg/detail/vehicle_constraints__struct.h\n'}
[15.083644] (px4_msgs) StdoutLine: {'line': b'-- Up-to-date: /home/subhalaxmi/nidar_ws/install/px4_msgs/include/px4_msgs/px4_msgs/msg/detail/orb_test_medium__struct.h\n'}
[15.085025] (px4_msgs) StdoutLine: {'line': b'-- Up-to-date: /home/subhalaxmi/nidar_ws/install/px4_msgs/include/px4_msgs/px4_msgs/msg/detail/gimbal_device_information__type_support.h\n'}
[15.085269] (px4_msgs) StdoutLine: {'line': b'-- Up-to-date: /home/subhalaxmi/nidar_ws/install/px4_msgs/include/px4_msgs/px4_msgs/msg/detail/distance_sensor__struct.h\n'}
[15.085470] (px4_msgs) StdoutLine: {'line': b'-- Up-to-date: /home/subhalaxmi/nidar_ws/install/px4_msgs/include/px4_msgs/px4_msgs/msg/detail/can_interface_status__functions.c\n'}
[15.085682] (px4_msgs) StdoutLine: {'line': b'-- Up-to-date: /home/subhalaxmi/nidar_ws/install/px4_msgs/include/px4_msgs/px4_msgs/msg/detail/estimator_status_flags__type_support.h\n'}
[15.085995] (px4_msgs) StdoutLine: {'line': b'-- Up-to-date: /home/subhalaxmi/nidar_ws/install/px4_msgs/include/px4_msgs/px4_msgs/msg/detail/sensor_baro__type_support.h\n'}
[15.086212] (px4_msgs) StdoutLine: {'line': b'-- Up-to-date: /home/subhalaxmi/nidar_ws/install/px4_msgs/include/px4_msgs/px4_msgs/msg/detail/gimbal_device_information__functions.h\n'}
[15.086418] (px4_msgs) StdoutLine: {'line': b'-- Up-to-date: /home/subhalaxmi/nidar_ws/install/px4_msgs/include/px4_msgs/px4_msgs/msg/detail/landing_target_innovations__type_support.h\n'}
[15.086655] (px4_msgs) StdoutLine: {'line': b'-- Up-to-date: /home/subhalaxmi/nidar_ws/install/px4_msgs/include/px4_msgs/px4_msgs/msg/detail/position_setpoint_triplet__functions.c\n'}
[15.086959] (px4_msgs) StdoutLine: {'line': b'-- Up-to-date: /home/subhalaxmi/nidar_ws/install/px4_msgs/include/px4_msgs/px4_msgs/msg/detail/rover_position_setpoint__functions.h\n'}
[15.087210] (px4_msgs) StdoutLine: {'line': b'-- Up-to-date: /home/subhalaxmi/nidar_ws/install/px4_msgs/include/px4_msgs/px4_msgs/msg/detail/orbit_status__type_support.h\n'}
[15.087438] (px4_msgs) StdoutLine: {'line': b'-- Up-to-date: /home/subhalaxmi/nidar_ws/install/px4_msgs/include/px4_msgs/px4_msgs/msg/detail/adc_report__struct.h\n'}
[15.087643] (px4_msgs) StdoutLine: {'line': b'-- Up-to-date: /home/subhalaxmi/nidar_ws/install/px4_msgs/include/px4_msgs/px4_msgs/msg/detail/gpio_config__type_support.h\n'}
[15.092310] (px4_msgs) StdoutLine: {'line': b'-- Up-to-date: /home/subhalaxmi/nidar_ws/install/px4_msgs/include/px4_msgs/px4_msgs/msg/detail/actuator_servos_trim__functions.h\n'}
[15.092706] (px4_msgs) StdoutLine: {'line': b'-- Up-to-date: /home/subhalaxmi/nidar_ws/install/px4_msgs/include/px4_msgs/px4_msgs/msg/detail/timesync_status__functions.h\n'}
[15.093682] (px4_msgs) StdoutLine: {'line': b'-- Up-to-date: /home/subhalaxmi/nidar_ws/install/px4_msgs/include/px4_msgs/px4_msgs/msg/detail/manual_control_setpoint__functions.c\n'}
[15.094613] (px4_msgs) StdoutLine: {'line': b'-- Up-to-date: /home/subhalaxmi/nidar_ws/install/px4_msgs/include/px4_msgs/px4_msgs/msg/detail/actuator_controls_status__functions.c\n'}
[15.094939] (px4_msgs) StdoutLine: {'line': b'-- Up-to-date: /home/subhalaxmi/nidar_ws/install/px4_msgs/include/px4_msgs/px4_msgs/msg/detail/actuator_controls_status__functions.h\n'}
[15.095518] (px4_msgs) StdoutLine: {'line': b'-- Up-to-date: /home/subhalaxmi/nidar_ws/install/px4_msgs/include/px4_msgs/px4_msgs/msg/detail/trajectory_setpoint6dof__functions.h\n'}
[15.098775] (px4_msgs) StdoutLine: {'line': b'-- Up-to-date: /home/subhalaxmi/nidar_ws/install/px4_msgs/include/px4_msgs/px4_msgs/msg/detail/sensor_accel_fifo__functions.h\n'}
[15.099159] (px4_msgs) StdoutLine: {'line': b'-- Up-to-date: /home/subhalaxmi/nidar_ws/install/px4_msgs/include/px4_msgs/px4_msgs/msg/detail/yaw_estimator_status__struct.h\n'}
[15.099382] (px4_msgs) StdoutLine: {'line': b'-- Up-to-date: /home/subhalaxmi/nidar_ws/install/px4_msgs/include/px4_msgs/px4_msgs/msg/detail/register_ext_component_reply__functions.c\n'}
[15.099613] (px4_msgs) StdoutLine: {'line': b'-- Up-to-date: /home/subhalaxmi/nidar_ws/install/px4_msgs/include/px4_msgs/px4_msgs/msg/detail/orbit_status__functions.h\n'}
[15.099825] (px4_msgs) StdoutLine: {'line': b'-- Up-to-date: /home/subhalaxmi/nidar_ws/install/px4_msgs/include/px4_msgs/px4_msgs/msg/detail/wind__functions.c\n'}
[15.100038] (px4_msgs) StdoutLine: {'line': b'-- Up-to-date: /home/subhalaxmi/nidar_ws/install/px4_msgs/include/px4_msgs/px4_msgs/msg/detail/vehicle_imu__functions.h\n'}
[15.100249] (px4_msgs) StdoutLine: {'line': b'-- Up-to-date: /home/subhalaxmi/nidar_ws/install/px4_msgs/include/px4_msgs/px4_msgs/msg/detail/sensor_preflight_mag__type_support.h\n'}
[15.100516] (px4_msgs) StdoutLine: {'line': b'-- Up-to-date: /home/subhalaxmi/nidar_ws/install/px4_msgs/include/px4_msgs/px4_msgs/msg/detail/can_interface_status__functions.h\n'}
[15.100708] (px4_msgs) StdoutLine: {'line': b'-- Up-to-date: /home/subhalaxmi/nidar_ws/install/px4_msgs/include/px4_msgs/px4_msgs/msg/detail/ping__type_support.h\n'}
[15.102004] (px4_msgs) StdoutLine: {'line': b'-- Up-to-date: /home/subhalaxmi/nidar_ws/install/px4_msgs/include/px4_msgs/px4_msgs/msg/detail/battery_info__type_support.h\n'}
[15.102349] (px4_msgs) StdoutLine: {'line': b'-- Up-to-date: /home/subhalaxmi/nidar_ws/install/px4_msgs/include/px4_msgs/px4_msgs/msg/detail/gpio_request__functions.h\n'}
[15.102608] (px4_msgs) StdoutLine: {'line': b'-- Up-to-date: /home/subhalaxmi/nidar_ws/install/px4_msgs/include/px4_msgs/px4_msgs/msg/detail/gripper__functions.c\n'}
[15.102853] (px4_msgs) StdoutLine: {'line': b'-- Up-to-date: /home/subhalaxmi/nidar_ws/install/px4_msgs/include/px4_msgs/px4_msgs/msg/detail/debug_key_value__struct.h\n'}
[15.103201] (px4_msgs) StdoutLine: {'line': b'-- Up-to-date: /home/subhalaxmi/nidar_ws/install/px4_msgs/include/px4_msgs/px4_msgs/msg/detail/trajectory_setpoint6dof__struct.h\n'}
[15.103432] (px4_msgs) StdoutLine: {'line': b'-- Up-to-date: /home/subhalaxmi/nidar_ws/install/px4_msgs/include/px4_msgs/px4_msgs/msg/detail/rover_speed_setpoint__struct.h\n'}
[15.103699] (px4_msgs) StdoutLine: {'line': b'-- Up-to-date: /home/subhalaxmi/nidar_ws/install/px4_msgs/include/px4_msgs/px4_msgs/msg/detail/gpio_in__functions.h\n'}
[15.103962] (px4_msgs) StdoutLine: {'line': b'-- Up-to-date: /home/subhalaxmi/nidar_ws/install/px4_msgs/include/px4_msgs/px4_msgs/msg/detail/gpio_config__struct.h\n'}
[15.104179] (px4_msgs) StdoutLine: {'line': b'-- Up-to-date: /home/subhalaxmi/nidar_ws/install/px4_msgs/include/px4_msgs/px4_msgs/msg/detail/dataman_response__functions.h\n'}
[15.104378] (px4_msgs) StdoutLine: {'line': b'-- Up-to-date: /home/subhalaxmi/nidar_ws/install/px4_msgs/include/px4_msgs/px4_msgs/msg/detail/estimator_states__functions.c\n'}
[15.104595] (px4_msgs) StdoutLine: {'line': b'-- Up-to-date: /home/subhalaxmi/nidar_ws/install/px4_msgs/include/px4_msgs/px4_msgs/msg/detail/internal_combustion_engine_control__functions.c\n'}
[15.104787] (px4_msgs) StdoutLine: {'line': b'-- Up-to-date: /home/subhalaxmi/nidar_ws/install/px4_msgs/include/px4_msgs/px4_msgs/msg/detail/rover_throttle_setpoint__struct.h\n'}
[15.108008] (px4_msgs) StdoutLine: {'line': b'-- Up-to-date: /home/subhalaxmi/nidar_ws/install/px4_msgs/include/px4_msgs/px4_msgs/msg/detail/mission__functions.c\n'}
[15.108266] (px4_msgs) StdoutLine: {'line': b'-- Up-to-date: /home/subhalaxmi/nidar_ws/install/px4_msgs/include/px4_msgs/px4_msgs/msg/detail/landing_gear__type_support.h\n'}
[15.108515] (px4_msgs) StdoutLine: {'line': b'-- Up-to-date: /home/subhalaxmi/nidar_ws/install/px4_msgs/include/px4_msgs/px4_msgs/msg/detail/gimbal_manager_set_attitude__functions.h\n'}
[15.108713] (px4_msgs) StdoutLine: {'line': b'-- Up-to-date: /home/subhalaxmi/nidar_ws/install/px4_msgs/include/px4_msgs/px4_msgs/msg/detail/tiltrotor_extra_controls__type_support.h\n'}
[15.109084] (px4_msgs) StdoutLine: {'line': b'-- Up-to-date: /home/subhalaxmi/nidar_ws/install/px4_msgs/include/px4_msgs/px4_msgs/msg/detail/follow_target_estimator__type_support.h\n'}
[15.109390] (px4_msgs) StdoutLine: {'line': b'-- Up-to-date: /home/subhalaxmi/nidar_ws/install/px4_msgs/include/px4_msgs/px4_msgs/msg/detail/vehicle_local_position__functions.h\n'}
[15.109644] (px4_msgs) StdoutLine: {'line': b'-- Up-to-date: /home/subhalaxmi/nidar_ws/install/px4_msgs/include/px4_msgs/px4_msgs/msg/detail/vehicle_optical_flow_vel__functions.h\n'}
[15.110114] (px4_msgs) StdoutLine: {'line': b'-- Up-to-date: /home/subhalaxmi/nidar_ws/install/px4_msgs/include/px4_msgs/px4_msgs/msg/detail/task_stack_info__struct.h\n'}
[15.111784] (px4_msgs) StdoutLine: {'line': b'-- Up-to-date: /home/subhalaxmi/nidar_ws/install/px4_msgs/include/px4_msgs/px4_msgs/msg/detail/actuator_motors__type_support.h\n'}
[15.112102] (px4_msgs) StdoutLine: {'line': b'-- Up-to-date: /home/subhalaxmi/nidar_ws/install/px4_msgs/include/px4_msgs/px4_msgs/msg/detail/rc_channels__functions.c\n'}
[15.112346] (px4_msgs) StdoutLine: {'line': b'-- Up-to-date: /home/subhalaxmi/nidar_ws/install/px4_msgs/include/px4_msgs/px4_msgs/msg/detail/rover_attitude_status__functions.h\n'}
[15.112593] (px4_msgs) StdoutLine: {'line': b'-- Up-to-date: /home/subhalaxmi/nidar_ws/install/px4_msgs/include/px4_msgs/px4_msgs/msg/detail/internal_combustion_engine_status__type_support.h\n'}
[15.112825] (px4_msgs) StdoutLine: {'line': b'-- Up-to-date: /home/subhalaxmi/nidar_ws/install/px4_msgs/include/px4_msgs/px4_msgs/msg/detail/vehicle_command__struct.h\n'}
[15.113204] (px4_msgs) StdoutLine: {'line': b'-- Up-to-date: /home/subhalaxmi/nidar_ws/install/px4_msgs/include/px4_msgs/px4_msgs/msg/detail/vehicle_status__type_support.h\n'}
[15.113551] (px4_msgs) StdoutLine: {'line': b'-- Up-to-date: /home/subhalaxmi/nidar_ws/install/px4_msgs/include/px4_msgs/px4_msgs/msg/detail/iridiumsbd_status__type_support.h\n'}
[15.113865] (px4_msgs) StdoutLine: {'line': b'-- Up-to-date: /home/subhalaxmi/nidar_ws/install/px4_msgs/include/px4_msgs/px4_msgs/msg/detail/trajectory_setpoint__functions.c\n'}
[15.114201] (px4_msgs) StdoutLine: {'line': b'-- Up-to-date: /home/subhalaxmi/nidar_ws/install/px4_msgs/include/px4_msgs/px4_msgs/msg/detail/input_rc__functions.c\n'}
[15.114495] (px4_msgs) StdoutLine: {'line': b'-- Up-to-date: /home/subhalaxmi/nidar_ws/install/px4_msgs/include/px4_msgs/px4_msgs/msg/detail/figure_eight_status__struct.h\n'}
[15.114759] (px4_msgs) StdoutLine: {'line': b'-- Up-to-date: /home/subhalaxmi/nidar_ws/install/px4_msgs/include/px4_msgs/px4_msgs/msg/detail/follow_target_estimator__struct.h\n'}
[15.115103] (px4_msgs) StdoutLine: {'line': b'-- Up-to-date: /home/subhalaxmi/nidar_ws/install/px4_msgs/include/px4_msgs/px4_msgs/msg/detail/actuator_motors__functions.c\n'}
[15.115496] (px4_msgs) StdoutLine: {'line': b'-- Up-to-date: /home/subhalaxmi/nidar_ws/install/px4_msgs/include/px4_msgs/px4_msgs/msg/detail/rate_ctrl_status__functions.h\n'}
[15.115874] (px4_msgs) StdoutLine: {'line': b'-- Up-to-date: /home/subhalaxmi/nidar_ws/install/px4_msgs/include/px4_msgs/px4_msgs/msg/detail/vehicle_optical_flow__type_support.h\n'}
[15.116176] (px4_msgs) StdoutLine: {'line': b'-- Up-to-date: /home/subhalaxmi/nidar_ws/install/px4_msgs/include/px4_msgs/px4_msgs/msg/detail/px4io_status__struct.h\n'}
[15.116404] (px4_msgs) StdoutLine: {'line': b'-- Up-to-date: /home/subhalaxmi/nidar_ws/install/px4_msgs/include/px4_msgs/px4_msgs/msg/detail/navigator_status__type_support.h\n'}
[15.116617] (px4_msgs) StdoutLine: {'line': b'-- Up-to-date: /home/subhalaxmi/nidar_ws/install/px4_msgs/include/px4_msgs/px4_msgs/msg/detail/lateral_control_configuration__functions.c\n'}
[15.116862] (px4_msgs) StdoutLine: {'line': b'-- Up-to-date: /home/subhalaxmi/nidar_ws/install/px4_msgs/include/px4_msgs/px4_msgs/msg/detail/differential_pressure__functions.c\n'}
[15.117167] (px4_msgs) StdoutLine: {'line': b'-- Up-to-date: /home/subhalaxmi/nidar_ws/install/px4_msgs/include/px4_msgs/px4_msgs/msg/detail/vehicle_imu_status__functions.h\n'}
[15.117458] (px4_msgs) StdoutLine: {'line': b'-- Up-to-date: /home/subhalaxmi/nidar_ws/install/px4_msgs/include/px4_msgs/px4_msgs/msg/detail/actuator_armed__functions.h\n'}
[15.117715] (px4_msgs) StdoutLine: {'line': b'-- Up-to-date: /home/subhalaxmi/nidar_ws/install/px4_msgs/include/px4_msgs/px4_msgs/msg/detail/satellite_info__functions.c\n'}
[15.118058] (px4_msgs) StdoutLine: {'line': b'-- Up-to-date: /home/subhalaxmi/nidar_ws/install/px4_msgs/include/px4_msgs/px4_msgs/msg/detail/sensor_hygrometer__type_support.h\n'}
[15.118318] (px4_msgs) StdoutLine: {'line': b'-- Up-to-date: /home/subhalaxmi/nidar_ws/install/px4_msgs/include/px4_msgs/px4_msgs/msg/detail/gpio_in__type_support.h\n'}
[15.118553] (px4_msgs) StdoutLine: {'line': b'-- Up-to-date: /home/subhalaxmi/nidar_ws/install/px4_msgs/include/px4_msgs/px4_msgs/msg/detail/sensor_mag__functions.h\n'}
[15.118782] (px4_msgs) StdoutLine: {'line': b'-- Up-to-date: /home/subhalaxmi/nidar_ws/install/px4_msgs/include/px4_msgs/px4_msgs/msg/detail/internal_combustion_engine_control__type_support.h\n'}
[15.119176] (px4_msgs) StdoutLine: {'line': b'-- Up-to-date: /home/subhalaxmi/nidar_ws/install/px4_msgs/include/px4_msgs/px4_msgs/msg/detail/vehicle_status__functions.c\n'}
[15.119785] (px4_msgs) StdoutLine: {'line': b'-- Up-to-date: /home/subhalaxmi/nidar_ws/install/px4_msgs/include/px4_msgs/px4_msgs/msg/detail/sensors_status_imu__functions.c\n'}
[15.120883] (px4_msgs) StdoutLine: {'line': b'-- Up-to-date: /home/subhalaxmi/nidar_ws/install/px4_msgs/include/px4_msgs/px4_msgs/msg/detail/geofence_result__functions.c\n'}
[15.122060] (px4_msgs) StdoutLine: {'line': b'-- Up-to-date: /home/subhalaxmi/nidar_ws/install/px4_msgs/include/px4_msgs/px4_msgs/msg/detail/esc_status__functions.c\n'}
[15.122573] (px4_msgs) StdoutLine: {'line': b'-- Up-to-date: /home/subhalaxmi/nidar_ws/install/px4_msgs/include/px4_msgs/px4_msgs/msg/detail/vehicle_angular_acceleration_setpoint__functions.c\n'}
[15.123014] (px4_msgs) StdoutLine: {'line': b'-- Up-to-date: /home/subhalaxmi/nidar_ws/install/px4_msgs/include/px4_msgs/px4_msgs/msg/detail/raptor_status__type_support.h\n'}
[15.123452] (px4_msgs) StdoutLine: {'line': b'-- Up-to-date: /home/subhalaxmi/nidar_ws/install/px4_msgs/include/px4_msgs/px4_msgs/msg/detail/sensor_baro__functions.c\n'}
[15.123719] (px4_msgs) StdoutLine: {'line': b'-- Up-to-date: /home/subhalaxmi/nidar_ws/install/px4_msgs/include/px4_msgs/px4_msgs/msg/detail/sensor_preflight_mag__struct.h\n'}
[15.124103] (px4_msgs) StdoutLine: {'line': b'-- Up-to-date: /home/subhalaxmi/nidar_ws/install/px4_msgs/include/px4_msgs/px4_msgs/msg/detail/internal_combustion_engine_control__struct.h\n'}
[15.124614] (px4_msgs) StdoutLine: {'line': b'-- Up-to-date: /home/subhalaxmi/nidar_ws/install/px4_msgs/include/px4_msgs/px4_msgs/msg/detail/register_ext_component_reply__struct.h\n'}
[15.125031] (px4_msgs) StdoutLine: {'line': b'-- Up-to-date: /home/subhalaxmi/nidar_ws/install/px4_msgs/include/px4_msgs/px4_msgs/msg/detail/uavcan_parameter_value__functions.c\n'}
[15.125348] (px4_msgs) StdoutLine: {'line': b'-- Up-to-date: /home/subhalaxmi/nidar_ws/install/px4_msgs/include/px4_msgs/px4_msgs/msg/detail/vehicle_land_detected__struct.h\n'}
[15.125752] (px4_msgs) StdoutLine: {'line': b'-- Up-to-date: /home/subhalaxmi/nidar_ws/install/px4_msgs/include/px4_msgs/px4_msgs/msg/detail/orbit_status__functions.c\n'}
[15.126157] (px4_msgs) StdoutLine: {'line': b'-- Up-to-date: /home/subhalaxmi/nidar_ws/install/px4_msgs/include/px4_msgs/px4_msgs/msg/detail/parameter_reset_request__struct.h\n'}
[15.126689] (px4_msgs) StdoutLine: {'line': b'-- Up-to-date: /home/subhalaxmi/nidar_ws/install/px4_msgs/include/px4_msgs/px4_msgs/msg/detail/rtl_time_estimate__struct.h\n'}
[15.128926] (px4_msgs) StdoutLine: {'line': b'-- Up-to-date: /home/subhalaxmi/nidar_ws/install/px4_msgs/include/px4_msgs/px4_msgs/msg/detail/vehicle_optical_flow__struct.h\n'}
[15.129283] (px4_msgs) StdoutLine: {'line': b'-- Up-to-date: /home/subhalaxmi/nidar_ws/install/px4_msgs/include/px4_msgs/px4_msgs/msg/detail/vehicle_rates_setpoint__functions.h\n'}
[15.129515] (px4_msgs) StdoutLine: {'line': b'-- Up-to-date: /home/subhalaxmi/nidar_ws/install/px4_msgs/include/px4_msgs/px4_msgs/msg/detail/parameter_set_value_request__type_support.h\n'}
[15.129741] (px4_msgs) StdoutLine: {'line': b'-- Up-to-date: /home/subhalaxmi/nidar_ws/install/px4_msgs/include/px4_msgs/px4_msgs/msg/detail/geofence_result__type_support.h\n'}
[15.129996] (px4_msgs) StdoutLine: {'line': b'-- Up-to-date: /home/subhalaxmi/nidar_ws/install/px4_msgs/include/px4_msgs/px4_msgs/msg/detail/estimator_event_flags__functions.h\n'}
[15.130242] (px4_msgs) StdoutLine: {'line': b'-- Up-to-date: /home/subhalaxmi/nidar_ws/install/px4_msgs/include/px4_msgs/px4_msgs/msg/detail/autotune_attitude_control_status__functions.h\n'}
[15.130969] (px4_msgs) StdoutLine: {'line': b'-- Up-to-date: /home/subhalaxmi/nidar_ws/install/px4_msgs/include/px4_msgs/px4_msgs/msg/detail/vehicle_constraints__functions.h\n'}
[15.131231] (px4_msgs) StdoutLine: {'line': b'-- Up-to-date: /home/subhalaxmi/nidar_ws/install/px4_msgs/include/px4_msgs/px4_msgs/msg/detail/power_button_state__type_support.h\n'}
[15.131433] (px4_msgs) StdoutLine: {'line': b'-- Up-to-date: /home/subhalaxmi/nidar_ws/install/px4_msgs/include/px4_msgs/px4_msgs/msg/detail/estimator_innovations__type_support.h\n'}
[15.131643] (px4_msgs) StdoutLine: {'line': b'-- Up-to-date: /home/subhalaxmi/nidar_ws/install/px4_msgs/include/px4_msgs/px4_msgs/msg/detail/battery_status__struct.h\n'}
[15.131852] (px4_msgs) StdoutLine: {'line': b'-- Up-to-date: /home/subhalaxmi/nidar_ws/install/px4_msgs/include/px4_msgs/px4_msgs/msg/detail/estimator_status_flags__struct.h\n'}
[15.132060] (px4_msgs) StdoutLine: {'line': b'-- Up-to-date: /home/subhalaxmi/nidar_ws/install/px4_msgs/include/px4_msgs/px4_msgs/msg/detail/estimator_selector_status__functions.h\n'}
[15.132249] (px4_msgs) StdoutLine: {'line': b'-- Up-to-date: /home/subhalaxmi/nidar_ws/install/px4_msgs/include/px4_msgs/px4_msgs/msg/detail/mission__type_support.h\n'}
[15.132434] (px4_msgs) StdoutLine: {'line': b'-- Up-to-date: /home/subhalaxmi/nidar_ws/install/px4_msgs/include/px4_msgs/px4_msgs/msg/detail/transponder_report__struct.h\n'}
[15.132616] (px4_msgs) StdoutLine: {'line': b'-- Up-to-date: /home/subhalaxmi/nidar_ws/install/px4_msgs/include/px4_msgs/px4_msgs/msg/detail/position_setpoint_triplet__type_support.h\n'}
[15.132856] (px4_msgs) StdoutLine: {'line': b'-- Up-to-date: /home/subhalaxmi/nidar_ws/install/px4_msgs/include/px4_msgs/px4_msgs/msg/detail/fixed_wing_longitudinal_setpoint__functions.c\n'}
[15.133352] (px4_msgs) StdoutLine: {'line': b'-- Up-to-date: /home/subhalaxmi/nidar_ws/install/px4_msgs/include/px4_msgs/px4_msgs/msg/detail/estimator_selector_status__type_support.h\n'}
[15.133602] (px4_msgs) StdoutLine: {'line': b'-- Up-to-date: /home/subhalaxmi/nidar_ws/install/px4_msgs/include/px4_msgs/px4_msgs/msg/detail/iridiumsbd_status__functions.h\n'}
[15.134832] (px4_msgs) StdoutLine: {'line': b'-- Up-to-date: /home/subhalaxmi/nidar_ws/install/px4_msgs/include/px4_msgs/px4_msgs/msg/detail/radio_status__functions.h\n'}
[15.135492] (px4_msgs) StdoutLine: {'line': b'-- Up-to-date: /home/subhalaxmi/nidar_ws/install/px4_msgs/include/px4_msgs/px4_msgs/msg/detail/gpio_out__functions.h\n'}
[15.135836] (px4_msgs) StdoutLine: {'line': b'-- Up-to-date: /home/subhalaxmi/nidar_ws/install/px4_msgs/include/px4_msgs/px4_msgs/msg/detail/gimbal_manager_set_attitude__struct.h\n'}
[15.136161] (px4_msgs) StdoutLine: {'line': b'-- Up-to-date: /home/subhalaxmi/nidar_ws/install/px4_msgs/include/px4_msgs/px4_msgs/msg/detail/estimator_aid_source3d__struct.h\n'}
[15.136395] (px4_msgs) StdoutLine: {'line': b'-- Up-to-date: /home/subhalaxmi/nidar_ws/install/px4_msgs/include/px4_msgs/px4_msgs/msg/detail/estimator_gps_status__functions.h\n'}
[15.136611] (px4_msgs) StdoutLine: {'line': b'-- Up-to-date: /home/subhalaxmi/nidar_ws/install/px4_msgs/include/px4_msgs/px4_msgs/msg/detail/register_ext_component_reply__type_support.h\n'}
[15.136832] (px4_msgs) StdoutLine: {'line': b'-- Up-to-date: /home/subhalaxmi/nidar_ws/install/px4_msgs/include/px4_msgs/px4_msgs/msg/detail/actuator_servos_trim__type_support.h\n'}
[15.137056] (px4_msgs) StdoutLine: {'line': b'-- Up-to-date: /home/subhalaxmi/nidar_ws/install/px4_msgs/include/px4_msgs/px4_msgs/msg/detail/sensor_gyro_fft__functions.c\n'}
[15.137314] (px4_msgs) StdoutLine: {'line': b'-- Up-to-date: /home/subhalaxmi/nidar_ws/install/px4_msgs/include/px4_msgs/px4_msgs/msg/detail/follow_target__functions.h\n'}
[15.137503] (px4_msgs) StdoutLine: {'line': b'-- Up-to-date: /home/subhalaxmi/nidar_ws/install/px4_msgs/include/px4_msgs/px4_msgs/msg/detail/sensor_optical_flow__struct.h\n'}
[15.137686] (px4_msgs) StdoutLine: {'line': b'-- Up-to-date: /home/subhalaxmi/nidar_ws/install/px4_msgs/include/px4_msgs/px4_msgs/msg/detail/internal_combustion_engine_control__functions.h\n'}
[15.137896] (px4_msgs) StdoutLine: {'line': b'-- Up-to-date: /home/subhalaxmi/nidar_ws/install/px4_msgs/include/px4_msgs/px4_msgs/msg/detail/pure_pursuit_status__type_support.h\n'}
[15.138093] (px4_msgs) StdoutLine: {'line': b'-- Up-to-date: /home/subhalaxmi/nidar_ws/install/px4_msgs/include/px4_msgs/px4_msgs/msg/detail/normalized_unsigned_setpoint__functions.c\n'}
[15.138289] (px4_msgs) StdoutLine: {'line': b'-- Up-to-date: /home/subhalaxmi/nidar_ws/install/px4_msgs/include/px4_msgs/px4_msgs/msg/detail/open_drone_id_system__struct.h\n'}
[15.138479] (px4_msgs) StdoutLine: {'line': b'-- Up-to-date: /home/subhalaxmi/nidar_ws/install/px4_msgs/include/px4_msgs/px4_msgs/msg/detail/mount_orientation__functions.h\n'}
[15.138661] (px4_msgs) StdoutLine: {'line': b'-- Up-to-date: /home/subhalaxmi/nidar_ws/install/px4_msgs/include/px4_msgs/px4_msgs/msg/detail/ulog_stream_ack__functions.c\n'}
[15.138867] (-) TimerEvent: {}
[15.139609] (px4_msgs) StdoutLine: {'line': b'-- Up-to-date: /home/subhalaxmi/nidar_ws/install/px4_msgs/include/px4_msgs/px4_msgs/msg/detail/power_monitor__type_support.h\n'}
[15.139971] (px4_msgs) StdoutLine: {'line': b'-- Up-to-date: /home/subhalaxmi/nidar_ws/install/px4_msgs/include/px4_msgs/px4_msgs/msg/detail/estimator_status__type_support.h\n'}
[15.140242] (px4_msgs) StdoutLine: {'line': b'-- Up-to-date: /home/subhalaxmi/nidar_ws/install/px4_msgs/include/px4_msgs/px4_msgs/msg/detail/vehicle_roi__type_support.h\n'}
[15.140532] (px4_msgs) StdoutLine: {'line': b'-- Up-to-date: /home/subhalaxmi/nidar_ws/install/px4_msgs/include/px4_msgs/px4_msgs/msg/detail/gimbal_device_attitude_status__struct.h\n'}
[15.140774] (px4_msgs) StdoutLine: {'line': b'-- Up-to-date: /home/subhalaxmi/nidar_ws/install/px4_msgs/include/px4_msgs/px4_msgs/msg/detail/radio_status__struct.h\n'}
[15.141058] (px4_msgs) StdoutLine: {'line': b'-- Up-to-date: /home/subhalaxmi/nidar_ws/install/px4_msgs/include/px4_msgs/px4_msgs/msg/detail/collision_constraints__struct.h\n'}
[15.141286] (px4_msgs) StdoutLine: {'line': b'-- Up-to-date: /home/subhalaxmi/nidar_ws/install/px4_msgs/include/px4_msgs/px4_msgs/msg/detail/geofence_status__functions.c\n'}
[15.141484] (px4_msgs) StdoutLine: {'line': b'-- Up-to-date: /home/subhalaxmi/nidar_ws/install/px4_msgs/include/px4_msgs/px4_msgs/msg/detail/rover_attitude_status__functions.c\n'}
[15.141714] (px4_msgs) StdoutLine: {'line': b'-- Up-to-date: /home/subhalaxmi/nidar_ws/install/px4_msgs/include/px4_msgs/px4_msgs/msg/detail/vehicle_angular_acceleration_setpoint__functions.h\n'}
[15.141986] (px4_msgs) StdoutLine: {'line': b'-- Up-to-date: /home/subhalaxmi/nidar_ws/install/px4_msgs/include/px4_msgs/px4_msgs/msg/detail/rtl_status__struct.h\n'}
[15.142784] (px4_msgs) StdoutLine: {'line': b'-- Up-to-date: /home/subhalaxmi/nidar_ws/install/px4_msgs/include/px4_msgs/px4_msgs/msg/detail/vehicle_magnetometer__functions.h\n'}
[15.145577] (px4_msgs) StdoutLine: {'line': b'-- Up-to-date: /home/subhalaxmi/nidar_ws/install/px4_msgs/include/px4_msgs/px4_msgs/msg/detail/camera_capture__struct.h\n'}
[15.145883] (px4_msgs) StdoutLine: {'line': b'-- Up-to-date: /home/subhalaxmi/nidar_ws/install/px4_msgs/include/px4_msgs/px4_msgs/msg/detail/gimbal_controls__type_support.h\n'}
[15.146191] (px4_msgs) StdoutLine: {'line': b'-- Up-to-date: /home/subhalaxmi/nidar_ws/install/px4_msgs/include/px4_msgs/px4_msgs/msg/detail/config_overrides__type_support.h\n'}
[15.146617] (px4_msgs) StdoutLine: {'line': b'-- Up-to-date: /home/subhalaxmi/nidar_ws/install/px4_msgs/include/px4_msgs/px4_msgs/msg/detail/home_position__functions.c\n'}
[15.147881] (px4_msgs) StdoutLine: {'line': b'-- Up-to-date: /home/subhalaxmi/nidar_ws/install/px4_msgs/include/px4_msgs/px4_msgs/msg/detail/mavlink_tunnel__struct.h\n'}
[15.150680] (px4_msgs) StdoutLine: {'line': b'-- Up-to-date: /home/subhalaxmi/nidar_ws/install/px4_msgs/include/px4_msgs/px4_msgs/msg/detail/rover_speed_status__type_support.h\n'}
[15.150995] (px4_msgs) StdoutLine: {'line': b'-- Up-to-date: /home/subhalaxmi/nidar_ws/install/px4_msgs/include/px4_msgs/px4_msgs/msg/detail/estimator_event_flags__struct.h\n'}
[15.151271] (px4_msgs) StdoutLine: {'line': b'-- Up-to-date: /home/subhalaxmi/nidar_ws/install/px4_msgs/include/px4_msgs/px4_msgs/msg/detail/iridiumsbd_status__functions.c\n'}
[15.151495] (px4_msgs) StdoutLine: {'line': b'-- Up-to-date: /home/subhalaxmi/nidar_ws/install/px4_msgs/include/px4_msgs/px4_msgs/msg/detail/position_controller_landing_status__type_support.h\n'}
[15.151731] (px4_msgs) StdoutLine: {'line': b'-- Up-to-date: /home/subhalaxmi/nidar_ws/install/px4_msgs/include/px4_msgs/px4_msgs/msg/detail/gps_dump__functions.h\n'}
[15.152010] (px4_msgs) StdoutLine: {'line': b'-- Up-to-date: /home/subhalaxmi/nidar_ws/install/px4_msgs/include/px4_msgs/px4_msgs/msg/detail/event__functions.h\n'}
[15.158510] (px4_msgs) StdoutLine: {'line': b'-- Up-to-date: /home/subhalaxmi/nidar_ws/install/px4_msgs/include/px4_msgs/px4_msgs/msg/detail/battery_info__functions.c\n'}
[15.158776] (px4_msgs) StdoutLine: {'line': b'-- Up-to-date: /home/subhalaxmi/nidar_ws/install/px4_msgs/include/px4_msgs/px4_msgs/msg/detail/trajectory_setpoint__struct.h\n'}
[15.159102] (px4_msgs) StdoutLine: {'line': b'-- Up-to-date: /home/subhalaxmi/nidar_ws/install/px4_msgs/include/px4_msgs/px4_msgs/msg/detail/uavcan_parameter_request__functions.c\n'}
[15.159321] (px4_msgs) StdoutLine: {'line': b'-- Up-to-date: /home/subhalaxmi/nidar_ws/install/px4_msgs/include/px4_msgs/px4_msgs/msg/detail/timesync_status__struct.h\n'}
[15.159605] (px4_msgs) StdoutLine: {'line': b'-- Up-to-date: /home/subhalaxmi/nidar_ws/install/px4_msgs/include/px4_msgs/px4_msgs/msg/open_drone_id_arm_status.h\n'}
[15.159800] (px4_msgs) StdoutLine: {'line': b'-- Up-to-date: /home/subhalaxmi/nidar_ws/install/px4_msgs/include/px4_msgs/px4_msgs/msg/parameter_set_value_request.h\n'}
[15.160077] (px4_msgs) StdoutLine: {'line': b'-- Up-to-date: /home/subhalaxmi/nidar_ws/install/px4_msgs/include/px4_msgs/px4_msgs/msg/message_format_response.h\n'}
[15.160300] (px4_msgs) StdoutLine: {'line': b'-- Up-to-date: /home/subhalaxmi/nidar_ws/install/px4_msgs/include/px4_msgs/px4_msgs/msg/debug_array.h\n'}
[15.160523] (px4_msgs) StdoutLine: {'line': b'-- Up-to-date: /home/subhalaxmi/nidar_ws/install/px4_msgs/include/px4_msgs/px4_msgs/msg/debug_key_value.h\n'}
[15.160740] (px4_msgs) StdoutLine: {'line': b'-- Up-to-date: /home/subhalaxmi/nidar_ws/install/px4_msgs/include/px4_msgs/px4_msgs/msg/estimator_gps_status.h\n'}
[15.168865] (px4_msgs) StdoutLine: {'line': b'-- Up-to-date: /home/subhalaxmi/nidar_ws/install/px4_msgs/include/px4_msgs/px4_msgs/msg/tecs_status.h\n'}
[15.169282] (px4_msgs) StdoutLine: {'line': b'-- Up-to-date: /home/subhalaxmi/nidar_ws/install/px4_msgs/include/px4_msgs/px4_msgs/msg/vehicle_local_position.h\n'}
[15.169494] (px4_msgs) StdoutLine: {'line': b'-- Up-to-date: /home/subhalaxmi/nidar_ws/install/px4_msgs/include/px4_msgs/px4_msgs/msg/sensor_gyro_fifo.h\n'}
[15.169924] (px4_msgs) StdoutLine: {'line': b'-- Up-to-date: /home/subhalaxmi/nidar_ws/install/px4_msgs/include/px4_msgs/px4_msgs/msg/camera_capture.h\n'}
[15.170473] (px4_msgs) StdoutLine: {'line': b'-- Up-to-date: /home/subhalaxmi/nidar_ws/install/px4_msgs/include/px4_msgs/px4_msgs/msg/heater_status.h\n'}
[15.174297] (px4_msgs) StdoutLine: {'line': b'-- Up-to-date: /home/subhalaxmi/nidar_ws/install/px4_msgs/include/px4_msgs/px4_msgs/msg/open_drone_id_self_id.h\n'}
[15.174569] (px4_msgs) StdoutLine: {'line': b'-- Up-to-date: /home/subhalaxmi/nidar_ws/install/px4_msgs/include/px4_msgs/px4_msgs/msg/estimator_aid_source2d.h\n'}
[15.175521] (px4_msgs) StdoutLine: {'line': b'-- Up-to-date: /home/subhalaxmi/nidar_ws/install/px4_msgs/include/px4_msgs/px4_msgs/msg/rover_speed_setpoint.h\n'}
[15.175894] (px4_msgs) StdoutLine: {'line': b'-- Up-to-date: /home/subhalaxmi/nidar_ws/install/px4_msgs/include/px4_msgs/px4_msgs/msg/gimbal_manager_status.h\n'}
[15.176256] (px4_msgs) StdoutLine: {'line': b'-- Up-to-date: /home/subhalaxmi/nidar_ws/install/px4_msgs/include/px4_msgs/px4_msgs/msg/tune_control.h\n'}
[15.176734] (px4_msgs) StdoutLine: {'line': b'-- Up-to-date: /home/subhalaxmi/nidar_ws/install/px4_msgs/include/px4_msgs/px4_msgs/msg/logger_status.h\n'}
[15.179006] (px4_msgs) StdoutLine: {'line': b'-- Up-to-date: /home/subhalaxmi/nidar_ws/install/px4_msgs/include/px4_msgs/px4_msgs/msg/sensor_optical_flow.h\n'}
[15.179314] (px4_msgs) StdoutLine: {'line': b'-- Up-to-date: /home/subhalaxmi/nidar_ws/install/px4_msgs/include/px4_msgs/px4_msgs/msg/vehicle_rates_setpoint.h\n'}
[15.180096] (px4_msgs) StdoutLine: {'line': b'-- Up-to-date: /home/subhalaxmi/nidar_ws/install/px4_msgs/include/px4_msgs/px4_msgs/msg/vehicle_attitude.h\n'}
[15.180369] (px4_msgs) StdoutLine: {'line': b'-- Up-to-date: /home/subhalaxmi/nidar_ws/install/px4_msgs/include/px4_msgs/px4_msgs/msg/vehicle_torque_setpoint.h\n'}
[15.181789] (px4_msgs) StdoutLine: {'line': b'-- Up-to-date: /home/subhalaxmi/nidar_ws/install/px4_msgs/include/px4_msgs/px4_msgs/msg/dataman_request.h\n'}
[15.182098] (px4_msgs) StdoutLine: {'line': b'-- Up-to-date: /home/subhalaxmi/nidar_ws/install/px4_msgs/include/px4_msgs/px4_msgs/msg/mode_completed.h\n'}
[15.182346] (px4_msgs) StdoutLine: {'line': b'-- Up-to-date: /home/subhalaxmi/nidar_ws/install/px4_msgs/include/px4_msgs/px4_msgs/msg/rover_steering_setpoint.h\n'}
[15.182547] (px4_msgs) StdoutLine: {'line': b'-- Up-to-date: /home/subhalaxmi/nidar_ws/install/px4_msgs/include/px4_msgs/px4_msgs/msg/gpio_request.h\n'}
[15.182742] (px4_msgs) StdoutLine: {'line': b'-- Up-to-date: /home/subhalaxmi/nidar_ws/install/px4_msgs/include/px4_msgs/px4_msgs/msg/gps_inject_data.h\n'}
[15.186075] (px4_msgs) StdoutLine: {'line': b'-- Up-to-date: /home/subhalaxmi/nidar_ws/install/px4_msgs/include/px4_msgs/px4_msgs/msg/actuator_armed.h\n'}
[15.186360] (px4_msgs) StdoutLine: {'line': b'-- Up-to-date: /home/subhalaxmi/nidar_ws/install/px4_msgs/include/px4_msgs/px4_msgs/msg/gps_dump.h\n'}
[15.186585] (px4_msgs) StdoutLine: {'line': b'-- Up-to-date: /home/subhalaxmi/nidar_ws/install/px4_msgs/include/px4_msgs/px4_msgs/msg/sensor_gps.h\n'}
[15.186720] (px4_msgs) StdoutLine: {'line': b'-- Up-to-date: /home/subhalaxmi/nidar_ws/install/px4_msgs/include/px4_msgs/px4_msgs/msg/lateral_control_configuration.h\n'}
[15.187104] (px4_msgs) StdoutLine: {'line': b'-- Up-to-date: /home/subhalaxmi/nidar_ws/install/px4_msgs/include/px4_msgs/px4_msgs/msg/sensor_mag.h\n'}
[15.187340] (px4_msgs) StdoutLine: {'line': b'-- Up-to-date: /home/subhalaxmi/nidar_ws/install/px4_msgs/include/px4_msgs/px4_msgs/msg/fixed_wing_lateral_status.h\n'}
[15.187512] (px4_msgs) StdoutLine: {'line': b'-- Up-to-date: /home/subhalaxmi/nidar_ws/install/px4_msgs/include/px4_msgs/px4_msgs/msg/actuator_outputs.h\n'}
[15.187678] (px4_msgs) StdoutLine: {'line': b'-- Up-to-date: /home/subhalaxmi/nidar_ws/install/px4_msgs/include/px4_msgs/px4_msgs/msg/estimator_sensor_bias.h\n'}
[15.188012] (px4_msgs) StdoutLine: {'line': b'-- Up-to-date: /home/subhalaxmi/nidar_ws/install/px4_msgs/include/px4_msgs/px4_msgs/msg/estimator_status_flags.h\n'}
[15.191127] (px4_msgs) StdoutLine: {'line': b'-- Up-to-date: /home/subhalaxmi/nidar_ws/install/px4_msgs/include/px4_msgs/px4_msgs/msg/mission_result.h\n'}
[15.191384] (px4_msgs) StdoutLine: {'line': b'-- Up-to-date: /home/subhalaxmi/nidar_ws/install/px4_msgs/include/px4_msgs/px4_msgs/msg/tiltrotor_extra_controls.h\n'}
[15.191600] (px4_msgs) StdoutLine: {'line': b'-- Up-to-date: /home/subhalaxmi/nidar_ws/install/px4_msgs/include/px4_msgs/px4_msgs/msg/sensor_accel_fifo.h\n'}
[15.191825] (px4_msgs) StdoutLine: {'line': b'-- Up-to-date: /home/subhalaxmi/nidar_ws/install/px4_msgs/include/px4_msgs/px4_msgs/msg/collision_constraints.h\n'}
[15.192075] (px4_msgs) StdoutLine: {'line': b'-- Up-to-date: /home/subhalaxmi/nidar_ws/install/px4_msgs/include/px4_msgs/px4_msgs/msg/estimator_event_flags.h\n'}
[15.192385] (px4_msgs) StdoutLine: {'line': b'-- Up-to-date: /home/subhalaxmi/nidar_ws/install/px4_msgs/include/px4_msgs/px4_msgs/msg/vehicle_air_data.h\n'}
[15.192634] (px4_msgs) StdoutLine: {'line': b'-- Up-to-date: /home/subhalaxmi/nidar_ws/install/px4_msgs/include/px4_msgs/px4_msgs/msg/estimator_bias3d.h\n'}
[15.193673] (px4_msgs) StdoutLine: {'line': b'-- Up-to-date: /home/subhalaxmi/nidar_ws/install/px4_msgs/include/px4_msgs/px4_msgs/msg/vehicle_magnetometer.h\n'}
[15.194377] (px4_msgs) StdoutLine: {'line': b'-- Up-to-date: /home/subhalaxmi/nidar_ws/install/px4_msgs/include/px4_msgs/px4_msgs/msg/differential_pressure.h\n'}
[15.195232] (px4_msgs) StdoutLine: {'line': b'-- Up-to-date: /home/subhalaxmi/nidar_ws/install/px4_msgs/include/px4_msgs/px4_msgs/msg/gain_compression.h\n'}
[15.195518] (px4_msgs) StdoutLine: {'line': b'-- Up-to-date: /home/subhalaxmi/nidar_ws/install/px4_msgs/include/px4_msgs/px4_msgs/msg/position_controller_landing_status.h\n'}
[15.195718] (px4_msgs) StdoutLine: {'line': b'-- Up-to-date: /home/subhalaxmi/nidar_ws/install/px4_msgs/include/px4_msgs/px4_msgs/msg/internal_combustion_engine_status.h\n'}
[15.195943] (px4_msgs) StdoutLine: {'line': b'-- Up-to-date: /home/subhalaxmi/nidar_ws/install/px4_msgs/include/px4_msgs/px4_msgs/msg/estimator_innovations.h\n'}
[15.196177] (px4_msgs) StdoutLine: {'line': b'-- Up-to-date: /home/subhalaxmi/nidar_ws/install/px4_msgs/include/px4_msgs/px4_msgs/msg/sensor_preflight_mag.h\n'}
[15.196404] (px4_msgs) StdoutLine: {'line': b'-- Up-to-date: /home/subhalaxmi/nidar_ws/install/px4_msgs/include/px4_msgs/px4_msgs/msg/qshell_retval.h\n'}
[15.196636] (px4_msgs) StdoutLine: {'line': b'-- Up-to-date: /home/subhalaxmi/nidar_ws/install/px4_msgs/include/px4_msgs/px4_msgs/msg/rate_ctrl_status.h\n'}
[15.196885] (px4_msgs) StdoutLine: {'line': b'-- Up-to-date: /home/subhalaxmi/nidar_ws/install/px4_msgs/include/px4_msgs/px4_msgs/msg/sensor_uwb.h\n'}
[15.197253] (px4_msgs) StdoutLine: {'line': b'-- Up-to-date: /home/subhalaxmi/nidar_ws/install/px4_msgs/include/px4_msgs/px4_msgs/msg/px4io_status.h\n'}
[15.197535] (px4_msgs) StdoutLine: {'line': b'-- Up-to-date: /home/subhalaxmi/nidar_ws/install/px4_msgs/include/px4_msgs/px4_msgs/msg/airspeed_validated.h\n'}
[15.197751] (px4_msgs) StdoutLine: {'line': b'-- Up-to-date: /home/subhalaxmi/nidar_ws/install/px4_msgs/include/px4_msgs/px4_msgs/msg/can_interface_status.h\n'}
[15.198011] (px4_msgs) StdoutLine: {'line': b'-- Up-to-date: /home/subhalaxmi/nidar_ws/install/px4_msgs/include/px4_msgs/px4_msgs/srv\n'}
[15.198229] (px4_msgs) StdoutLine: {'line': b'-- Up-to-date: /home/subhalaxmi/nidar_ws/install/px4_msgs/include/px4_msgs/px4_msgs/srv/vehicle_command.h\n'}
[15.198501] (px4_msgs) StdoutLine: {'line': b'-- Up-to-date: /home/subhalaxmi/nidar_ws/install/px4_msgs/include/px4_msgs/px4_msgs/srv/detail\n'}
[15.198786] (px4_msgs) StdoutLine: {'line': b'-- Up-to-date: /home/subhalaxmi/nidar_ws/install/px4_msgs/include/px4_msgs/px4_msgs/srv/detail/vehicle_command__functions.c\n'}
[15.199088] (px4_msgs) StdoutLine: {'line': b'-- Up-to-date: /home/subhalaxmi/nidar_ws/install/px4_msgs/include/px4_msgs/px4_msgs/srv/detail/vehicle_command__type_support.h\n'}
[15.199554] (px4_msgs) StdoutLine: {'line': b'-- Up-to-date: /home/subhalaxmi/nidar_ws/install/px4_msgs/include/px4_msgs/px4_msgs/srv/detail/vehicle_command__functions.h\n'}
[15.199897] (px4_msgs) StdoutLine: {'line': b'-- Up-to-date: /home/subhalaxmi/nidar_ws/install/px4_msgs/include/px4_msgs/px4_msgs/srv/detail/vehicle_command__struct.h\n'}
[15.200263] (px4_msgs) StdoutLine: {'line': b'-- Up-to-date: /home/subhalaxmi/nidar_ws/install/px4_msgs/share/px4_msgs/environment/library_path.sh\n'}
[15.200623] (px4_msgs) StdoutLine: {'line': b'-- Up-to-date: /home/subhalaxmi/nidar_ws/install/px4_msgs/share/px4_msgs/environment/library_path.dsv\n'}
[15.200977] (px4_msgs) StdoutLine: {'line': b'-- Up-to-date: /home/subhalaxmi/nidar_ws/install/px4_msgs/lib/libpx4_msgs__rosidl_generator_c.so\n'}
[15.201256] (px4_msgs) StdoutLine: {'line': b'-- Up-to-date: /home/subhalaxmi/nidar_ws/install/px4_msgs/include/px4_msgs/px4_msgs\n'}
[15.201552] (px4_msgs) StdoutLine: {'line': b'-- Up-to-date: /home/subhalaxmi/nidar_ws/install/px4_msgs/include/px4_msgs/px4_msgs/msg\n'}
[15.203118] (px4_msgs) StdoutLine: {'line': b'-- Up-to-date: /home/subhalaxmi/nidar_ws/install/px4_msgs/include/px4_msgs/px4_msgs/msg/rosidl_typesupport_fastrtps_c__visibility_control.h\n'}
[15.203535] (px4_msgs) StdoutLine: {'line': b'-- Up-to-date: /home/subhalaxmi/nidar_ws/install/px4_msgs/include/px4_msgs/px4_msgs/msg/detail\n'}
[15.205056] (px4_msgs) StdoutLine: {'line': b'-- Up-to-date: /home/subhalaxmi/nidar_ws/install/px4_msgs/include/px4_msgs/px4_msgs/msg/detail/vehicle_rates_setpoint__rosidl_typesupport_fastrtps_c.h\n'}
[15.206612] (px4_msgs) StdoutLine: {'line': b'-- Up-to-date: /home/subhalaxmi/nidar_ws/install/px4_msgs/include/px4_msgs/px4_msgs/msg/detail/offboard_control_mode__rosidl_typesupport_fastrtps_c.h\n'}
[15.209690] (px4_msgs) StdoutLine: {'line': b'-- Up-to-date: /home/subhalaxmi/nidar_ws/install/px4_msgs/include/px4_msgs/px4_msgs/msg/detail/takeoff_status__rosidl_typesupport_fastrtps_c.h\n'}
[15.210102] (px4_msgs) StdoutLine: {'line': b'-- Up-to-date: /home/subhalaxmi/nidar_ws/install/px4_msgs/include/px4_msgs/px4_msgs/msg/detail/irlock_report__rosidl_typesupport_fastrtps_c.h\n'}
[15.210497] (px4_msgs) StdoutLine: {'line': b'-- Up-to-date: /home/subhalaxmi/nidar_ws/install/px4_msgs/include/px4_msgs/px4_msgs/msg/detail/led_control__rosidl_typesupport_fastrtps_c.h\n'}
[15.211675] (px4_msgs) StdoutLine: {'line': b'-- Up-to-date: /home/subhalaxmi/nidar_ws/install/px4_msgs/include/px4_msgs/px4_msgs/msg/detail/position_controller_landing_status__rosidl_typesupport_fastrtps_c.h\n'}
[15.212630] (px4_msgs) StdoutLine: {'line': b'-- Up-to-date: /home/subhalaxmi/nidar_ws/install/px4_msgs/include/px4_msgs/px4_msgs/msg/detail/gimbal_manager_set_manual_control__rosidl_typesupport_fastrtps_c.h\n'}
[15.213197] (px4_msgs) StdoutLine: {'line': b'-- Up-to-date: /home/subhalaxmi/nidar_ws/install/px4_msgs/include/px4_msgs/px4_msgs/msg/detail/rover_throttle_setpoint__rosidl_typesupport_fastrtps_c.h\n'}
[15.213886] (px4_msgs) StdoutLine: {'line': b'-- Up-to-date: /home/subhalaxmi/nidar_ws/install/px4_msgs/include/px4_msgs/px4_msgs/msg/detail/sensor_temp__rosidl_typesupport_fastrtps_c.h\n'}
[15.214156] (px4_msgs) StdoutLine: {'line': b'-- Up-to-date: /home/subhalaxmi/nidar_ws/install/px4_msgs/include/px4_msgs/px4_msgs/msg/detail/mission__rosidl_typesupport_fastrtps_c.h\n'}
[15.216949] (px4_msgs) StdoutLine: {'line': b'-- Up-to-date: /home/subhalaxmi/nidar_ws/install/px4_msgs/include/px4_msgs/px4_msgs/msg/detail/fixed_wing_lateral_status__rosidl_typesupport_fastrtps_c.h\n'}
[15.217276] (px4_msgs) StdoutLine: {'line': b'-- Up-to-date: /home/subhalaxmi/nidar_ws/install/px4_msgs/include/px4_msgs/px4_msgs/msg/detail/rover_attitude_status__rosidl_typesupport_fastrtps_c.h\n'}
[15.217470] (px4_msgs) StdoutLine: {'line': b'-- Up-to-date: /home/subhalaxmi/nidar_ws/install/px4_msgs/include/px4_msgs/px4_msgs/msg/detail/flight_phase_estimation__rosidl_typesupport_fastrtps_c.h\n'}
[15.217675] (px4_msgs) StdoutLine: {'line': b'-- Up-to-date: /home/subhalaxmi/nidar_ws/install/px4_msgs/include/px4_msgs/px4_msgs/msg/detail/orb_test_large__rosidl_typesupport_fastrtps_c.h\n'}
[15.217890] (px4_msgs) StdoutLine: {'line': b'-- Up-to-date: /home/subhalaxmi/nidar_ws/install/px4_msgs/include/px4_msgs/px4_msgs/msg/detail/cpuload__rosidl_typesupport_fastrtps_c.h\n'}
[15.218197] (px4_msgs) StdoutLine: {'line': b'-- Up-to-date: /home/subhalaxmi/nidar_ws/install/px4_msgs/include/px4_msgs/px4_msgs/msg/detail/mag_worker_data__rosidl_typesupport_fastrtps_c.h\n'}
[15.218385] (px4_msgs) StdoutLine: {'line': b'-- Up-to-date: /home/subhalaxmi/nidar_ws/install/px4_msgs/include/px4_msgs/px4_msgs/msg/detail/px4io_status__rosidl_typesupport_fastrtps_c.h\n'}
[15.218561] (px4_msgs) StdoutLine: {'line': b'-- Up-to-date: /home/subhalaxmi/nidar_ws/install/px4_msgs/include/px4_msgs/px4_msgs/msg/detail/vehicle_optical_flow_vel__rosidl_typesupport_fastrtps_c.h\n'}
[15.218756] (px4_msgs) StdoutLine: {'line': b'-- Up-to-date: /home/subhalaxmi/nidar_ws/install/px4_msgs/include/px4_msgs/px4_msgs/msg/detail/fixed_wing_lateral_setpoint__rosidl_typesupport_fastrtps_c.h\n'}
[15.218974] (px4_msgs) StdoutLine: {'line': b'-- Up-to-date: /home/subhalaxmi/nidar_ws/install/px4_msgs/include/px4_msgs/px4_msgs/msg/detail/rover_position_setpoint__rosidl_typesupport_fastrtps_c.h\n'}
[15.219215] (px4_msgs) StdoutLine: {'line': b'-- Up-to-date: /home/subhalaxmi/nidar_ws/install/px4_msgs/include/px4_msgs/px4_msgs/msg/detail/vtx__rosidl_typesupport_fastrtps_c.h\n'}
[15.219450] (px4_msgs) StdoutLine: {'line': b'-- Up-to-date: /home/subhalaxmi/nidar_ws/install/px4_msgs/include/px4_msgs/px4_msgs/msg/detail/qshell_req__rosidl_typesupport_fastrtps_c.h\n'}
[15.219674] (px4_msgs) StdoutLine: {'line': b'-- Up-to-date: /home/subhalaxmi/nidar_ws/install/px4_msgs/include/px4_msgs/px4_msgs/msg/detail/velocity_limits__rosidl_typesupport_fastrtps_c.h\n'}
[15.219918] (px4_msgs) StdoutLine: {'line': b'-- Up-to-date: /home/subhalaxmi/nidar_ws/install/px4_msgs/include/px4_msgs/px4_msgs/msg/detail/estimator_bias__rosidl_typesupport_fastrtps_c.h\n'}
[15.220200] (px4_msgs) StdoutLine: {'line': b'-- Up-to-date: /home/subhalaxmi/nidar_ws/install/px4_msgs/include/px4_msgs/px4_msgs/msg/detail/gimbal_manager_set_attitude__rosidl_typesupport_fastrtps_c.h\n'}
[15.220444] (px4_msgs) StdoutLine: {'line': b'-- Up-to-date: /home/subhalaxmi/nidar_ws/install/px4_msgs/include/px4_msgs/px4_msgs/msg/detail/sensor_gyro__rosidl_typesupport_fastrtps_c.h\n'}
[15.224111] (px4_msgs) StdoutLine: {'line': b'-- Up-to-date: /home/subhalaxmi/nidar_ws/install/px4_msgs/include/px4_msgs/px4_msgs/msg/detail/logger_status__rosidl_typesupport_fastrtps_c.h\n'}
[15.224505] (px4_msgs) StdoutLine: {'line': b'-- Up-to-date: /home/subhalaxmi/nidar_ws/install/px4_msgs/include/px4_msgs/px4_msgs/msg/detail/manual_control_setpoint__rosidl_typesupport_fastrtps_c.h\n'}
[15.224776] (px4_msgs) StdoutLine: {'line': b'-- Up-to-date: /home/subhalaxmi/nidar_ws/install/px4_msgs/include/px4_msgs/px4_msgs/msg/detail/orb_test_medium__rosidl_typesupport_fastrtps_c.h\n'}
[15.225289] (px4_msgs) StdoutLine: {'line': b'-- Up-to-date: /home/subhalaxmi/nidar_ws/install/px4_msgs/include/px4_msgs/px4_msgs/msg/detail/estimator_aid_source3d__rosidl_typesupport_fastrtps_c.h\n'}
[15.225523] (px4_msgs) StdoutLine: {'line': b'-- Up-to-date: /home/subhalaxmi/nidar_ws/install/px4_msgs/include/px4_msgs/px4_msgs/msg/detail/rover_steering_setpoint__rosidl_typesupport_fastrtps_c.h\n'}
[15.225725] (px4_msgs) StdoutLine: {'line': b'-- Up-to-date: /home/subhalaxmi/nidar_ws/install/px4_msgs/include/px4_msgs/px4_msgs/msg/detail/follow_target__rosidl_typesupport_fastrtps_c.h\n'}
[15.225947] (px4_msgs) StdoutLine: {'line': b'-- Up-to-date: /home/subhalaxmi/nidar_ws/install/px4_msgs/include/px4_msgs/px4_msgs/msg/detail/vehicle_constraints__rosidl_typesupport_fastrtps_c.h\n'}
[15.226239] (px4_msgs) StdoutLine: {'line': b'-- Up-to-date: /home/subhalaxmi/nidar_ws/install/px4_msgs/include/px4_msgs/px4_msgs/msg/detail/vehicle_local_position__rosidl_typesupport_fastrtps_c.h\n'}
[15.226441] (px4_msgs) StdoutLine: {'line': b'-- Up-to-date: /home/subhalaxmi/nidar_ws/install/px4_msgs/include/px4_msgs/px4_msgs/msg/detail/satellite_info__rosidl_typesupport_fastrtps_c.h\n'}
[15.226626] (px4_msgs) StdoutLine: {'line': b'-- Up-to-date: /home/subhalaxmi/nidar_ws/install/px4_msgs/include/px4_msgs/px4_msgs/msg/detail/rover_speed_setpoint__rosidl_typesupport_fastrtps_c.h\n'}
[15.226823] (px4_msgs) StdoutLine: {'line': b'-- Up-to-date: /home/subhalaxmi/nidar_ws/install/px4_msgs/include/px4_msgs/px4_msgs/msg/detail/radio_status__rosidl_typesupport_fastrtps_c.h\n'}
[15.227023] (px4_msgs) StdoutLine: {'line': b'-- Up-to-date: /home/subhalaxmi/nidar_ws/install/px4_msgs/include/px4_msgs/px4_msgs/msg/detail/gimbal_device_set_attitude__rosidl_typesupport_fastrtps_c.h\n'}
[15.227225] (px4_msgs) StdoutLine: {'line': b'-- Up-to-date: /home/subhalaxmi/nidar_ws/install/px4_msgs/include/px4_msgs/px4_msgs/msg/detail/vehicle_optical_flow__rosidl_typesupport_fastrtps_c.h\n'}
[15.227504] (px4_msgs) StdoutLine: {'line': b'-- Up-to-date: /home/subhalaxmi/nidar_ws/install/px4_msgs/include/px4_msgs/px4_msgs/msg/detail/tecs_status__rosidl_typesupport_fastrtps_c.h\n'}
[15.227731] (px4_msgs) StdoutLine: {'line': b'-- Up-to-date: /home/subhalaxmi/nidar_ws/install/px4_msgs/include/px4_msgs/px4_msgs/msg/detail/arming_check_reply__rosidl_typesupport_fastrtps_c.h\n'}
[15.228364] (px4_msgs) StdoutLine: {'line': b'-- Up-to-date: /home/subhalaxmi/nidar_ws/install/px4_msgs/include/px4_msgs/px4_msgs/msg/detail/neural_control__rosidl_typesupport_fastrtps_c.h\n'}
[15.228702] (px4_msgs) StdoutLine: {'line': b'-- Up-to-date: /home/subhalaxmi/nidar_ws/install/px4_msgs/include/px4_msgs/px4_msgs/msg/detail/vehicle_magnetometer__rosidl_typesupport_fastrtps_c.h\n'}
[15.228991] (px4_msgs) StdoutLine: {'line': b'-- Up-to-date: /home/subhalaxmi/nidar_ws/install/px4_msgs/include/px4_msgs/px4_msgs/msg/detail/open_drone_id_operator_id__rosidl_typesupport_fastrtps_c.h\n'}
[15.229235] (px4_msgs) StdoutLine: {'line': b'-- Up-to-date: /home/subhalaxmi/nidar_ws/install/px4_msgs/include/px4_msgs/px4_msgs/msg/detail/uavcan_parameter_value__rosidl_typesupport_fastrtps_c.h\n'}
[15.229449] (px4_msgs) StdoutLine: {'line': b'-- Up-to-date: /home/subhalaxmi/nidar_ws/install/px4_msgs/include/px4_msgs/px4_msgs/msg/detail/wheel_encoders__rosidl_typesupport_fastrtps_c.h\n'}
[15.229781] (px4_msgs) StdoutLine: {'line': b'-- Up-to-date: /home/subhalaxmi/nidar_ws/install/px4_msgs/include/px4_msgs/px4_msgs/msg/detail/adc_report__rosidl_typesupport_fastrtps_c.h\n'}
[15.230038] (px4_msgs) StdoutLine: {'line': b'-- Up-to-date: /home/subhalaxmi/nidar_ws/install/px4_msgs/include/px4_msgs/px4_msgs/msg/detail/rpm__rosidl_typesupport_fastrtps_c.h\n'}
[15.230268] (px4_msgs) StdoutLine: {'line': b'-- Up-to-date: /home/subhalaxmi/nidar_ws/install/px4_msgs/include/px4_msgs/px4_msgs/msg/detail/mode_completed__rosidl_typesupport_fastrtps_c.h\n'}
[15.230491] (px4_msgs) StdoutLine: {'line': b'-- Up-to-date: /home/subhalaxmi/nidar_ws/install/px4_msgs/include/px4_msgs/px4_msgs/msg/detail/gps_dump__rosidl_typesupport_fastrtps_c.h\n'}
[15.230717] (px4_msgs) StdoutLine: {'line': b'-- Up-to-date: /home/subhalaxmi/nidar_ws/install/px4_msgs/include/px4_msgs/px4_msgs/msg/detail/sensor_hygrometer__rosidl_typesupport_fastrtps_c.h\n'}
[15.231365] (px4_msgs) StdoutLine: {'line': b'-- Up-to-date: /home/subhalaxmi/nidar_ws/install/px4_msgs/include/px4_msgs/px4_msgs/msg/detail/system_power__rosidl_typesupport_fastrtps_c.h\n'}
[15.231633] (px4_msgs) StdoutLine: {'line': b'-- Up-to-date: /home/subhalaxmi/nidar_ws/install/px4_msgs/include/px4_msgs/px4_msgs/msg/detail/sensor_mag__rosidl_typesupport_fastrtps_c.h\n'}
[15.231831] (px4_msgs) StdoutLine: {'line': b'-- Up-to-date: /home/subhalaxmi/nidar_ws/install/px4_msgs/include/px4_msgs/px4_msgs/msg/detail/fixed_wing_lateral_guidance_status__rosidl_typesupport_fastrtps_c.h\n'}
[15.232170] (px4_msgs) StdoutLine: {'line': b'-- Up-to-date: /home/subhalaxmi/nidar_ws/install/px4_msgs/include/px4_msgs/px4_msgs/msg/detail/raptor_status__rosidl_typesupport_fastrtps_c.h\n'}
[15.232302] (px4_msgs) StdoutLine: {'line': b'-- Up-to-date: /home/subhalaxmi/nidar_ws/install/px4_msgs/include/px4_msgs/px4_msgs/msg/detail/navigator_status__rosidl_typesupport_fastrtps_c.h\n'}
[15.232419] (px4_msgs) StdoutLine: {'line': b'-- Up-to-date: /home/subhalaxmi/nidar_ws/install/px4_msgs/include/px4_msgs/px4_msgs/msg/detail/dataman_response__rosidl_typesupport_fastrtps_c.h\n'}
[15.232533] (px4_msgs) StdoutLine: {'line': b'-- Up-to-date: /home/subhalaxmi/nidar_ws/install/px4_msgs/include/px4_msgs/px4_msgs/msg/detail/parameter_set_value_request__rosidl_typesupport_fastrtps_c.h\n'}
[15.232647] (px4_msgs) StdoutLine: {'line': b'-- Up-to-date: /home/subhalaxmi/nidar_ws/install/px4_msgs/include/px4_msgs/px4_msgs/msg/detail/onboard_computer_status__rosidl_typesupport_fastrtps_c.h\n'}
[15.232837] (px4_msgs) StdoutLine: {'line': b'-- Up-to-date: /home/subhalaxmi/nidar_ws/install/px4_msgs/include/px4_msgs/px4_msgs/msg/detail/position_controller_status__rosidl_typesupport_fastrtps_c.h\n'}
[15.233018] (px4_msgs) StdoutLine: {'line': b'-- Up-to-date: /home/subhalaxmi/nidar_ws/install/px4_msgs/include/px4_msgs/px4_msgs/msg/detail/actuator_motors__rosidl_typesupport_fastrtps_c.h\n'}
[15.233346] (px4_msgs) StdoutLine: {'line': b'-- Up-to-date: /home/subhalaxmi/nidar_ws/install/px4_msgs/include/px4_msgs/px4_msgs/msg/detail/battery_info__rosidl_typesupport_fastrtps_c.h\n'}
[15.233577] (px4_msgs) StdoutLine: {'line': b'-- Up-to-date: /home/subhalaxmi/nidar_ws/install/px4_msgs/include/px4_msgs/px4_msgs/msg/detail/heater_status__rosidl_typesupport_fastrtps_c.h\n'}
[15.233790] (px4_msgs) StdoutLine: {'line': b'-- Up-to-date: /home/subhalaxmi/nidar_ws/install/px4_msgs/include/px4_msgs/px4_msgs/msg/detail/timesync_status__rosidl_typesupport_fastrtps_c.h\n'}
[15.234063] (px4_msgs) StdoutLine: {'line': b'-- Up-to-date: /home/subhalaxmi/nidar_ws/install/px4_msgs/include/px4_msgs/px4_msgs/msg/detail/launch_detection_status__rosidl_typesupport_fastrtps_c.h\n'}
[15.234376] (px4_msgs) StdoutLine: {'line': b'-- Up-to-date: /home/subhalaxmi/nidar_ws/install/px4_msgs/include/px4_msgs/px4_msgs/msg/detail/parameter_reset_request__rosidl_typesupport_fastrtps_c.h\n'}
[15.234640] (px4_msgs) StdoutLine: {'line': b'-- Up-to-date: /home/subhalaxmi/nidar_ws/install/px4_msgs/include/px4_msgs/px4_msgs/msg/detail/vehicle_angular_acceleration_setpoint__rosidl_typesupport_fastrtps_c.h\n'}
[15.234895] (px4_msgs) StdoutLine: {'line': b'-- Up-to-date: /home/subhalaxmi/nidar_ws/install/px4_msgs/include/px4_msgs/px4_msgs/msg/detail/debug_vect__rosidl_typesupport_fastrtps_c.h\n'}
[15.235147] (px4_msgs) StdoutLine: {'line': b'-- Up-to-date: /home/subhalaxmi/nidar_ws/install/px4_msgs/include/px4_msgs/px4_msgs/msg/detail/sensor_gps__rosidl_typesupport_fastrtps_c.h\n'}
[15.235402] (px4_msgs) StdoutLine: {'line': b'-- Up-to-date: /home/subhalaxmi/nidar_ws/install/px4_msgs/include/px4_msgs/px4_msgs/msg/detail/actuator_armed__rosidl_typesupport_fastrtps_c.h\n'}
[15.235686] (px4_msgs) StdoutLine: {'line': b'-- Up-to-date: /home/subhalaxmi/nidar_ws/install/px4_msgs/include/px4_msgs/px4_msgs/msg/detail/geofence_status__rosidl_typesupport_fastrtps_c.h\n'}
[15.235901] (px4_msgs) StdoutLine: {'line': b'-- Up-to-date: /home/subhalaxmi/nidar_ws/install/px4_msgs/include/px4_msgs/px4_msgs/msg/detail/gimbal_manager_information__rosidl_typesupport_fastrtps_c.h\n'}
[15.236101] (px4_msgs) StdoutLine: {'line': b'-- Up-to-date: /home/subhalaxmi/nidar_ws/install/px4_msgs/include/px4_msgs/px4_msgs/msg/detail/cellular_status__rosidl_typesupport_fastrtps_c.h\n'}
[15.236283] (px4_msgs) StdoutLine: {'line': b'-- Up-to-date: /home/subhalaxmi/nidar_ws/install/px4_msgs/include/px4_msgs/px4_msgs/msg/detail/vehicle_attitude_setpoint__rosidl_typesupport_fastrtps_c.h\n'}
[15.236459] (px4_msgs) StdoutLine: {'line': b'-- Up-to-date: /home/subhalaxmi/nidar_ws/install/px4_msgs/include/px4_msgs/px4_msgs/msg/detail/action_request__rosidl_typesupport_fastrtps_c.h\n'}
[15.236732] (px4_msgs) StdoutLine: {'line': b'-- Up-to-date: /home/subhalaxmi/nidar_ws/install/px4_msgs/include/px4_msgs/px4_msgs/msg/detail/gimbal_manager_status__rosidl_typesupport_fastrtps_c.h\n'}
[15.236946] (px4_msgs) StdoutLine: {'line': b'-- Up-to-date: /home/subhalaxmi/nidar_ws/install/px4_msgs/include/px4_msgs/px4_msgs/msg/detail/rover_rate_setpoint__rosidl_typesupport_fastrtps_c.h\n'}
[15.237134] (px4_msgs) StdoutLine: {'line': b'-- Up-to-date: /home/subhalaxmi/nidar_ws/install/px4_msgs/include/px4_msgs/px4_msgs/msg/detail/esc_status__rosidl_typesupport_fastrtps_c.h\n'}
[15.237308] (px4_msgs) StdoutLine: {'line': b'-- Up-to-date: /home/subhalaxmi/nidar_ws/install/px4_msgs/include/px4_msgs/px4_msgs/msg/detail/ulog_stream_ack__rosidl_typesupport_fastrtps_c.h\n'}
[15.239249] (-) TimerEvent: {}
[15.239465] (px4_msgs) StdoutLine: {'line': b'-- Up-to-date: /home/subhalaxmi/nidar_ws/install/px4_msgs/include/px4_msgs/px4_msgs/msg/detail/vehicle_angular_velocity__rosidl_typesupport_fastrtps_c.h\n'}
[15.239695] (px4_msgs) StdoutLine: {'line': b'-- Up-to-date: /home/subhalaxmi/nidar_ws/install/px4_msgs/include/px4_msgs/px4_msgs/msg/detail/debug_value__rosidl_typesupport_fastrtps_c.h\n'}
[15.239870] (px4_msgs) StdoutLine: {'line': b'-- Up-to-date: /home/subhalaxmi/nidar_ws/install/px4_msgs/include/px4_msgs/px4_msgs/msg/detail/transponder_report__rosidl_typesupport_fastrtps_c.h\n'}
[15.240125] (px4_msgs) StdoutLine: {'line': b'-- Up-to-date: /home/subhalaxmi/nidar_ws/install/px4_msgs/include/px4_msgs/px4_msgs/msg/detail/log_message__rosidl_typesupport_fastrtps_c.h\n'}
[15.240417] (px4_msgs) StdoutLine: {'line': b'-- Up-to-date: /home/subhalaxmi/nidar_ws/install/px4_msgs/include/px4_msgs/px4_msgs/msg/detail/dronecan_node_status__rosidl_typesupport_fastrtps_c.h\n'}
[15.240617] (px4_msgs) StdoutLine: {'line': b'-- Up-to-date: /home/subhalaxmi/nidar_ws/install/px4_msgs/include/px4_msgs/px4_msgs/msg/detail/dataman_request__rosidl_typesupport_fastrtps_c.h\n'}
[15.240791] (px4_msgs) StdoutLine: {'line': b'-- Up-to-date: /home/subhalaxmi/nidar_ws/install/px4_msgs/include/px4_msgs/px4_msgs/msg/detail/mavlink_log__rosidl_typesupport_fastrtps_c.h\n'}
[15.243112] (px4_msgs) StdoutLine: {'line': b'-- Up-to-date: /home/subhalaxmi/nidar_ws/install/px4_msgs/include/px4_msgs/px4_msgs/msg/detail/health_report__rosidl_typesupport_fastrtps_c.h\n'}
[15.243402] (px4_msgs) StdoutLine: {'line': b'-- Up-to-date: /home/subhalaxmi/nidar_ws/install/px4_msgs/include/px4_msgs/px4_msgs/msg/detail/sensor_optical_flow__rosidl_typesupport_fastrtps_c.h\n'}
[15.243747] (px4_msgs) StdoutLine: {'line': b'-- Up-to-date: /home/subhalaxmi/nidar_ws/install/px4_msgs/include/px4_msgs/px4_msgs/msg/detail/parameter_set_used_request__rosidl_typesupport_fastrtps_c.h\n'}
[15.244016] (px4_msgs) StdoutLine: {'line': b'-- Up-to-date: /home/subhalaxmi/nidar_ws/install/px4_msgs/include/px4_msgs/px4_msgs/msg/detail/estimator_aid_source2d__rosidl_typesupport_fastrtps_c.h\n'}
[15.244188] (px4_msgs) StdoutLine: {'line': b'-- Up-to-date: /home/subhalaxmi/nidar_ws/install/px4_msgs/include/px4_msgs/px4_msgs/msg/detail/sensor_gnss_status__rosidl_typesupport_fastrtps_c.h\n'}
[15.244311] (px4_msgs) StdoutLine: {'line': b'-- Up-to-date: /home/subhalaxmi/nidar_ws/install/px4_msgs/include/px4_msgs/px4_msgs/msg/detail/obstacle_distance__rosidl_typesupport_fastrtps_c.h\n'}
[15.244447] (px4_msgs) StdoutLine: {'line': b'-- Up-to-date: /home/subhalaxmi/nidar_ws/install/px4_msgs/include/px4_msgs/px4_msgs/msg/detail/qshell_retval__rosidl_typesupport_fastrtps_c.h\n'}
[15.244655] (px4_msgs) StdoutLine: {'line': b'-- Up-to-date: /home/subhalaxmi/nidar_ws/install/px4_msgs/include/px4_msgs/px4_msgs/msg/detail/estimator_innovations__rosidl_typesupport_fastrtps_c.h\n'}
[15.244776] (px4_msgs) StdoutLine: {'line': b'-- Up-to-date: /home/subhalaxmi/nidar_ws/install/px4_msgs/include/px4_msgs/px4_msgs/msg/detail/estimator_selector_status__rosidl_typesupport_fastrtps_c.h\n'}
[15.244923] (px4_msgs) StdoutLine: {'line': b'-- Up-to-date: /home/subhalaxmi/nidar_ws/install/px4_msgs/include/px4_msgs/px4_msgs/msg/detail/event__rosidl_typesupport_fastrtps_c.h\n'}
[15.245038] (px4_msgs) StdoutLine: {'line': b'-- Up-to-date: /home/subhalaxmi/nidar_ws/install/px4_msgs/include/px4_msgs/px4_msgs/msg/detail/vehicle_local_position_setpoint__rosidl_typesupport_fastrtps_c.h\n'}
[15.245222] (px4_msgs) StdoutLine: {'line': b'-- Up-to-date: /home/subhalaxmi/nidar_ws/install/px4_msgs/include/px4_msgs/px4_msgs/msg/detail/vehicle_global_position__rosidl_typesupport_fastrtps_c.h\n'}
[15.245433] (px4_msgs) StdoutLine: {'line': b'-- Up-to-date: /home/subhalaxmi/nidar_ws/install/px4_msgs/include/px4_msgs/px4_msgs/msg/detail/raptor_input__rosidl_typesupport_fastrtps_c.h\n'}
[15.245653] (px4_msgs) StdoutLine: {'line': b'-- Up-to-date: /home/subhalaxmi/nidar_ws/install/px4_msgs/include/px4_msgs/px4_msgs/msg/detail/sensor_airflow__rosidl_typesupport_fastrtps_c.h\n'}
[15.246186] (px4_msgs) StdoutLine: {'line': b'-- Up-to-date: /home/subhalaxmi/nidar_ws/install/px4_msgs/include/px4_msgs/px4_msgs/msg/detail/mission_result__rosidl_typesupport_fastrtps_c.h\n'}
[15.247172] (px4_msgs) StdoutLine: {'line': b'-- Up-to-date: /home/subhalaxmi/nidar_ws/install/px4_msgs/include/px4_msgs/px4_msgs/msg/detail/unregister_ext_component__rosidl_typesupport_fastrtps_c.h\n'}
[15.247416] (px4_msgs) StdoutLine: {'line': b'-- Up-to-date: /home/subhalaxmi/nidar_ws/install/px4_msgs/include/px4_msgs/px4_msgs/msg/detail/camera_status__rosidl_typesupport_fastrtps_c.h\n'}
[15.247563] (px4_msgs) StdoutLine: {'line': b'-- Up-to-date: /home/subhalaxmi/nidar_ws/install/px4_msgs/include/px4_msgs/px4_msgs/msg/detail/estimator_sensor_bias__rosidl_typesupport_fastrtps_c.h\n'}
[15.247697] (px4_msgs) StdoutLine: {'line': b'-- Up-to-date: /home/subhalaxmi/nidar_ws/install/px4_msgs/include/px4_msgs/px4_msgs/msg/detail/landing_gear__rosidl_typesupport_fastrtps_c.h\n'}
[15.248398] (px4_msgs) StdoutLine: {'line': b'-- Up-to-date: /home/subhalaxmi/nidar_ws/install/px4_msgs/include/px4_msgs/px4_msgs/msg/detail/config_overrides__rosidl_typesupport_fastrtps_c.h\n'}
[15.248761] (px4_msgs) StdoutLine: {'line': b'-- Up-to-date: /home/subhalaxmi/nidar_ws/install/px4_msgs/include/px4_msgs/px4_msgs/msg/detail/follow_target_status__rosidl_typesupport_fastrtps_c.h\n'}
[15.249103] (px4_msgs) StdoutLine: {'line': b'-- Up-to-date: /home/subhalaxmi/nidar_ws/install/px4_msgs/include/px4_msgs/px4_msgs/msg/detail/vehicle_torque_setpoint__rosidl_typesupport_fastrtps_c.h\n'}
[15.249476] (px4_msgs) StdoutLine: {'line': b'-- Up-to-date: /home/subhalaxmi/nidar_ws/install/px4_msgs/include/px4_msgs/px4_msgs/msg/detail/gpio_in__rosidl_typesupport_fastrtps_c.h\n'}
[15.249619] (px4_msgs) StdoutLine: {'line': b'-- Up-to-date: /home/subhalaxmi/nidar_ws/install/px4_msgs/include/px4_msgs/px4_msgs/msg/detail/task_stack_info__rosidl_typesupport_fastrtps_c.h\n'}
[15.249752] (px4_msgs) StdoutLine: {'line': b'-- Up-to-date: /home/subhalaxmi/nidar_ws/install/px4_msgs/include/px4_msgs/px4_msgs/msg/detail/internal_combustion_engine_status__rosidl_typesupport_fastrtps_c.h\n'}
[15.249987] (px4_msgs) StdoutLine: {'line': b'-- Up-to-date: /home/subhalaxmi/nidar_ws/install/px4_msgs/include/px4_msgs/px4_msgs/msg/detail/tune_control__rosidl_typesupport_fastrtps_c.h\n'}
[15.250232] (px4_msgs) StdoutLine: {'line': b'-- Up-to-date: /home/subhalaxmi/nidar_ws/install/px4_msgs/include/px4_msgs/px4_msgs/msg/detail/ekf2_timestamps__rosidl_typesupport_fastrtps_c.h\n'}
[15.250661] (px4_msgs) StdoutLine: {'line': b'-- Up-to-date: /home/subhalaxmi/nidar_ws/install/px4_msgs/include/px4_msgs/px4_msgs/msg/detail/mount_orientation__rosidl_typesupport_fastrtps_c.h\n'}
[15.251014] (px4_msgs) StdoutLine: {'line': b'-- Up-to-date: /home/subhalaxmi/nidar_ws/install/px4_msgs/include/px4_msgs/px4_msgs/msg/detail/longitudinal_control_configuration__rosidl_typesupport_fastrtps_c.h\n'}
[15.251315] (px4_msgs) StdoutLine: {'line': b'-- Up-to-date: /home/subhalaxmi/nidar_ws/install/px4_msgs/include/px4_msgs/px4_msgs/msg/detail/pure_pursuit_status__rosidl_typesupport_fastrtps_c.h\n'}
[15.251742] (px4_msgs) StdoutLine: {'line': b'-- Up-to-date: /home/subhalaxmi/nidar_ws/install/px4_msgs/include/px4_msgs/px4_msgs/msg/detail/geofence_result__rosidl_typesupport_fastrtps_c.h\n'}
[15.252170] (px4_msgs) StdoutLine: {'line': b'-- Up-to-date: /home/subhalaxmi/nidar_ws/install/px4_msgs/include/px4_msgs/px4_msgs/msg/detail/yaw_estimator_status__rosidl_typesupport_fastrtps_c.h\n'}
[15.252554] (px4_msgs) StdoutLine: {'line': b'-- Up-to-date: /home/subhalaxmi/nidar_ws/install/px4_msgs/include/px4_msgs/px4_msgs/msg/detail/mavlink_tunnel__rosidl_typesupport_fastrtps_c.h\n'}
[15.253083] (px4_msgs) StdoutLine: {'line': b'-- Up-to-date: /home/subhalaxmi/nidar_ws/install/px4_msgs/include/px4_msgs/px4_msgs/msg/detail/vehicle_status__rosidl_typesupport_fastrtps_c.h\n'}
[15.253420] (px4_msgs) StdoutLine: {'line': b'-- Up-to-date: /home/subhalaxmi/nidar_ws/install/px4_msgs/include/px4_msgs/px4_msgs/msg/detail/vehicle_thrust_setpoint__rosidl_typesupport_fastrtps_c.h\n'}
[15.254015] (px4_msgs) StdoutLine: {'line': b'-- Up-to-date: /home/subhalaxmi/nidar_ws/install/px4_msgs/include/px4_msgs/px4_msgs/msg/detail/sensor_preflight_mag__rosidl_typesupport_fastrtps_c.h\n'}
[15.254568] (px4_msgs) StdoutLine: {'line': b'-- Up-to-date: /home/subhalaxmi/nidar_ws/install/px4_msgs/include/px4_msgs/px4_msgs/msg/detail/sensor_accel_fifo__rosidl_typesupport_fastrtps_c.h\n'}
[15.255089] (px4_msgs) StdoutLine: {'line': b'-- Up-to-date: /home/subhalaxmi/nidar_ws/install/px4_msgs/include/px4_msgs/px4_msgs/msg/detail/landing_target_innovations__rosidl_typesupport_fastrtps_c.h\n'}
[15.255920] (px4_msgs) StdoutLine: {'line': b'-- Up-to-date: /home/subhalaxmi/nidar_ws/install/px4_msgs/include/px4_msgs/px4_msgs/msg/detail/gimbal_device_attitude_status__rosidl_typesupport_fastrtps_c.h\n'}
[15.257776] (px4_msgs) StdoutLine: {'line': b'-- Up-to-date: /home/subhalaxmi/nidar_ws/install/px4_msgs/include/px4_msgs/px4_msgs/msg/detail/home_position__rosidl_typesupport_fastrtps_c.h\n'}
[15.258683] (px4_msgs) StdoutLine: {'line': b'-- Up-to-date: /home/subhalaxmi/nidar_ws/install/px4_msgs/include/px4_msgs/px4_msgs/msg/detail/estimator_states__rosidl_typesupport_fastrtps_c.h\n'}
[15.259175] (px4_msgs) StdoutLine: {'line': b'-- Up-to-date: /home/subhalaxmi/nidar_ws/install/px4_msgs/include/px4_msgs/px4_msgs/msg/detail/sensor_combined__rosidl_typesupport_fastrtps_c.h\n'}
[15.259553] (px4_msgs) StdoutLine: {'line': b'-- Up-to-date: /home/subhalaxmi/nidar_ws/install/px4_msgs/include/px4_msgs/px4_msgs/msg/detail/estimator_status__rosidl_typesupport_fastrtps_c.h\n'}
[15.260034] (px4_msgs) StdoutLine: {'line': b'-- Up-to-date: /home/subhalaxmi/nidar_ws/install/px4_msgs/include/px4_msgs/px4_msgs/msg/detail/magnetometer_bias_estimate__rosidl_typesupport_fastrtps_c.h\n'}
[15.260354] (px4_msgs) StdoutLine: {'line': b'-- Up-to-date: /home/subhalaxmi/nidar_ws/install/px4_msgs/include/px4_msgs/px4_msgs/msg/detail/sensor_gyro_fifo__rosidl_typesupport_fastrtps_c.h\n'}
[15.260683] (px4_msgs) StdoutLine: {'line': b'-- Up-to-date: /home/subhalaxmi/nidar_ws/install/px4_msgs/include/px4_msgs/px4_msgs/msg/detail/tiltrotor_extra_controls__rosidl_typesupport_fastrtps_c.h\n'}
[15.261196] (px4_msgs) StdoutLine: {'line': b'-- Up-to-date: /home/subhalaxmi/nidar_ws/install/px4_msgs/include/px4_msgs/px4_msgs/msg/detail/uavcan_parameter_request__rosidl_typesupport_fastrtps_c.h\n'}
[15.261500] (px4_msgs) StdoutLine: {'line': b'-- Up-to-date: /home/subhalaxmi/nidar_ws/install/px4_msgs/include/px4_msgs/px4_msgs/msg/detail/position_setpoint_triplet__rosidl_typesupport_fastrtps_c.h\n'}
[15.261874] (px4_msgs) StdoutLine: {'line': b'-- Up-to-date: /home/subhalaxmi/nidar_ws/install/px4_msgs/include/px4_msgs/px4_msgs/msg/detail/actuator_outputs__rosidl_typesupport_fastrtps_c.h\n'}
[15.263091] (px4_msgs) StdoutLine: {'line': b'-- Up-to-date: /home/subhalaxmi/nidar_ws/install/px4_msgs/include/px4_msgs/px4_msgs/msg/detail/ping__rosidl_typesupport_fastrtps_c.h\n'}
[15.264277] (px4_msgs) StdoutLine: {'line': b'-- Up-to-date: /home/subhalaxmi/nidar_ws/install/px4_msgs/include/px4_msgs/px4_msgs/msg/detail/gripper__rosidl_typesupport_fastrtps_c.h\n'}
[15.266871] (px4_msgs) StdoutLine: {'line': b'-- Up-to-date: /home/subhalaxmi/nidar_ws/install/px4_msgs/include/px4_msgs/px4_msgs/msg/detail/debug_key_value__rosidl_typesupport_fastrtps_c.h\n'}
[15.267253] (px4_msgs) StdoutLine: {'line': b'-- Up-to-date: /home/subhalaxmi/nidar_ws/install/px4_msgs/include/px4_msgs/px4_msgs/msg/detail/failure_detector_status__rosidl_typesupport_fastrtps_c.h\n'}
[15.267537] (px4_msgs) StdoutLine: {'line': b'-- Up-to-date: /home/subhalaxmi/nidar_ws/install/px4_msgs/include/px4_msgs/px4_msgs/msg/detail/goto_setpoint__rosidl_typesupport_fastrtps_c.h\n'}
[15.268140] (px4_msgs) StdoutLine: {'line': b'-- Up-to-date: /home/subhalaxmi/nidar_ws/install/px4_msgs/include/px4_msgs/px4_msgs/msg/detail/figure_eight_status__rosidl_typesupport_fastrtps_c.h\n'}
[15.268543] (px4_msgs) StdoutLine: {'line': b'-- Up-to-date: /home/subhalaxmi/nidar_ws/install/px4_msgs/include/px4_msgs/px4_msgs/msg/detail/actuator_servos_trim__rosidl_typesupport_fastrtps_c.h\n'}
[15.268900] (px4_msgs) StdoutLine: {'line': b'-- Up-to-date: /home/subhalaxmi/nidar_ws/install/px4_msgs/include/px4_msgs/px4_msgs/msg/detail/device_information__rosidl_typesupport_fastrtps_c.h\n'}
[15.269769] (px4_msgs) StdoutLine: {'line': b'-- Up-to-date: /home/subhalaxmi/nidar_ws/install/px4_msgs/include/px4_msgs/px4_msgs/msg/detail/sensor_gyro_fft__rosidl_typesupport_fastrtps_c.h\n'}
[15.270211] (px4_msgs) StdoutLine: {'line': b'-- Up-to-date: /home/subhalaxmi/nidar_ws/install/px4_msgs/include/px4_msgs/px4_msgs/msg/detail/lateral_control_configuration__rosidl_typesupport_fastrtps_c.h\n'}
[15.270483] (px4_msgs) StdoutLine: {'line': b'-- Up-to-date: /home/subhalaxmi/nidar_ws/install/px4_msgs/include/px4_msgs/px4_msgs/msg/detail/vehicle_attitude__rosidl_typesupport_fastrtps_c.h\n'}
[15.270864] (px4_msgs) StdoutLine: {'line': b'-- Up-to-date: /home/subhalaxmi/nidar_ws/install/px4_msgs/include/px4_msgs/px4_msgs/msg/detail/iridiumsbd_status__rosidl_typesupport_fastrtps_c.h\n'}
[15.271268] (px4_msgs) StdoutLine: {'line': b'-- Up-to-date: /home/subhalaxmi/nidar_ws/install/px4_msgs/include/px4_msgs/px4_msgs/msg/detail/manual_control_switches__rosidl_typesupport_fastrtps_c.h\n'}
[15.271512] (px4_msgs) StdoutLine: {'line': b'-- Up-to-date: /home/subhalaxmi/nidar_ws/install/px4_msgs/include/px4_msgs/px4_msgs/msg/detail/distance_sensor__rosidl_typesupport_fastrtps_c.h\n'}
[15.271737] (px4_msgs) StdoutLine: {'line': b'-- Up-to-date: /home/subhalaxmi/nidar_ws/install/px4_msgs/include/px4_msgs/px4_msgs/msg/detail/generator_status__rosidl_typesupport_fastrtps_c.h\n'}
[15.271967] (px4_msgs) StdoutLine: {'line': b'-- Up-to-date: /home/subhalaxmi/nidar_ws/install/px4_msgs/include/px4_msgs/px4_msgs/msg/detail/airspeed_wind__rosidl_typesupport_fastrtps_c.h\n'}
[15.272174] (px4_msgs) StdoutLine: {'line': b'-- Up-to-date: /home/subhalaxmi/nidar_ws/install/px4_msgs/include/px4_msgs/px4_msgs/msg/detail/gimbal_controls__rosidl_typesupport_fastrtps_c.h\n'}
[15.272432] (px4_msgs) StdoutLine: {'line': b'-- Up-to-date: /home/subhalaxmi/nidar_ws/install/px4_msgs/include/px4_msgs/px4_msgs/msg/detail/autotune_attitude_control_status__rosidl_typesupport_fastrtps_c.h\n'}
[15.272618] (px4_msgs) StdoutLine: {'line': b'-- Up-to-date: /home/subhalaxmi/nidar_ws/install/px4_msgs/include/px4_msgs/px4_msgs/msg/detail/position_setpoint__rosidl_typesupport_fastrtps_c.h\n'}
[15.272794] (px4_msgs) StdoutLine: {'line': b'-- Up-to-date: /home/subhalaxmi/nidar_ws/install/px4_msgs/include/px4_msgs/px4_msgs/msg/detail/vehicle_roi__rosidl_typesupport_fastrtps_c.h\n'}
[15.273011] (px4_msgs) StdoutLine: {'line': b'-- Up-to-date: /home/subhalaxmi/nidar_ws/install/px4_msgs/include/px4_msgs/px4_msgs/msg/detail/airspeed__rosidl_typesupport_fastrtps_c.h\n'}
[15.273193] (px4_msgs) StdoutLine: {'line': b'-- Up-to-date: /home/subhalaxmi/nidar_ws/install/px4_msgs/include/px4_msgs/px4_msgs/msg/detail/failsafe_flags__rosidl_typesupport_fastrtps_c.h\n'}
[15.273368] (px4_msgs) StdoutLine: {'line': b'-- Up-to-date: /home/subhalaxmi/nidar_ws/install/px4_msgs/include/px4_msgs/px4_msgs/msg/detail/sensor_correction__rosidl_typesupport_fastrtps_c.h\n'}
[15.273537] (px4_msgs) StdoutLine: {'line': b'-- Up-to-date: /home/subhalaxmi/nidar_ws/install/px4_msgs/include/px4_msgs/px4_msgs/msg/detail/sensor_uwb__rosidl_typesupport_fastrtps_c.h\n'}
[15.273775] (px4_msgs) StdoutLine: {'line': b'-- Up-to-date: /home/subhalaxmi/nidar_ws/install/px4_msgs/include/px4_msgs/px4_msgs/msg/detail/telemetry_status__rosidl_typesupport_fastrtps_c.h\n'}
[15.273978] (px4_msgs) StdoutLine: {'line': b'-- Up-to-date: /home/subhalaxmi/nidar_ws/install/px4_msgs/include/px4_msgs/px4_msgs/msg/detail/wind__rosidl_typesupport_fastrtps_c.h\n'}
[15.274159] (px4_msgs) StdoutLine: {'line': b'-- Up-to-date: /home/subhalaxmi/nidar_ws/install/px4_msgs/include/px4_msgs/px4_msgs/msg/detail/input_rc__rosidl_typesupport_fastrtps_c.h\n'}
[15.274334] (px4_msgs) StdoutLine: {'line': b'-- Up-to-date: /home/subhalaxmi/nidar_ws/install/px4_msgs/include/px4_msgs/px4_msgs/msg/detail/differential_pressure__rosidl_typesupport_fastrtps_c.h\n'}
[15.274540] (px4_msgs) StdoutLine: {'line': b'-- Up-to-date: /home/subhalaxmi/nidar_ws/install/px4_msgs/include/px4_msgs/px4_msgs/msg/detail/sensors_status_imu__rosidl_typesupport_fastrtps_c.h\n'}
[15.274824] (px4_msgs) StdoutLine: {'line': b'-- Up-to-date: /home/subhalaxmi/nidar_ws/install/px4_msgs/include/px4_msgs/px4_msgs/msg/detail/trajectory_setpoint__rosidl_typesupport_fastrtps_c.h\n'}
[15.275023] (px4_msgs) StdoutLine: {'line': b'-- Up-to-date: /home/subhalaxmi/nidar_ws/install/px4_msgs/include/px4_msgs/px4_msgs/msg/detail/fixed_wing_runway_control__rosidl_typesupport_fastrtps_c.h\n'}
[15.275201] (px4_msgs) StdoutLine: {'line': b'-- Up-to-date: /home/subhalaxmi/nidar_ws/install/px4_msgs/include/px4_msgs/px4_msgs/msg/detail/estimator_bias3d__rosidl_typesupport_fastrtps_c.h\n'}
[15.275400] (px4_msgs) StdoutLine: {'line': b'-- Up-to-date: /home/subhalaxmi/nidar_ws/install/px4_msgs/include/px4_msgs/px4_msgs/msg/detail/vehicle_acceleration__rosidl_typesupport_fastrtps_c.h\n'}
[15.275663] (px4_msgs) StdoutLine: {'line': b'-- Up-to-date: /home/subhalaxmi/nidar_ws/install/px4_msgs/include/px4_msgs/px4_msgs/msg/detail/rover_speed_status__rosidl_typesupport_fastrtps_c.h\n'}
[15.275999] (px4_msgs) StdoutLine: {'line': b'-- Up-to-date: /home/subhalaxmi/nidar_ws/install/px4_msgs/include/px4_msgs/px4_msgs/msg/detail/control_allocator_status__rosidl_typesupport_fastrtps_c.h\n'}
[15.276133] (px4_msgs) StdoutLine: {'line': b'-- Up-to-date: /home/subhalaxmi/nidar_ws/install/px4_msgs/include/px4_msgs/px4_msgs/msg/detail/gpio_out__rosidl_typesupport_fastrtps_c.h\n'}
[15.276264] (px4_msgs) StdoutLine: {'line': b'-- Up-to-date: /home/subhalaxmi/nidar_ws/install/px4_msgs/include/px4_msgs/px4_msgs/msg/detail/actuator_test__rosidl_typesupport_fastrtps_c.h\n'}
[15.276376] (px4_msgs) StdoutLine: {'line': b'-- Up-to-date: /home/subhalaxmi/nidar_ws/install/px4_msgs/include/px4_msgs/px4_msgs/msg/detail/power_button_state__rosidl_typesupport_fastrtps_c.h\n'}
[15.276484] (px4_msgs) StdoutLine: {'line': b'-- Up-to-date: /home/subhalaxmi/nidar_ws/install/px4_msgs/include/px4_msgs/px4_msgs/msg/detail/sensors_status__rosidl_typesupport_fastrtps_c.h\n'}
[15.276589] (px4_msgs) StdoutLine: {'line': b'-- Up-to-date: /home/subhalaxmi/nidar_ws/install/px4_msgs/include/px4_msgs/px4_msgs/msg/detail/estimator_event_flags__rosidl_typesupport_fastrtps_c.h\n'}
[15.276692] (px4_msgs) StdoutLine: {'line': b'-- Up-to-date: /home/subhalaxmi/nidar_ws/install/px4_msgs/include/px4_msgs/px4_msgs/msg/detail/button_event__rosidl_typesupport_fastrtps_c.h\n'}
[15.276822] (px4_msgs) StdoutLine: {'line': b'-- Up-to-date: /home/subhalaxmi/nidar_ws/install/px4_msgs/include/px4_msgs/px4_msgs/msg/detail/sensor_accel__rosidl_typesupport_fastrtps_c.h\n'}
[15.277102] (px4_msgs) StdoutLine: {'line': b'-- Up-to-date: /home/subhalaxmi/nidar_ws/install/px4_msgs/include/px4_msgs/px4_msgs/msg/detail/parameter_update__rosidl_typesupport_fastrtps_c.h\n'}
[15.277219] (px4_msgs) StdoutLine: {'line': b'-- Up-to-date: /home/subhalaxmi/nidar_ws/install/px4_msgs/include/px4_msgs/px4_msgs/msg/detail/register_ext_component_reply__rosidl_typesupport_fastrtps_c.h\n'}
[15.277327] (px4_msgs) StdoutLine: {'line': b'-- Up-to-date: /home/subhalaxmi/nidar_ws/install/px4_msgs/include/px4_msgs/px4_msgs/msg/detail/gpio_request__rosidl_typesupport_fastrtps_c.h\n'}
[15.277430] (px4_msgs) StdoutLine: {'line': b'-- Up-to-date: /home/subhalaxmi/nidar_ws/install/px4_msgs/include/px4_msgs/px4_msgs/msg/detail/gimbal_device_information__rosidl_typesupport_fastrtps_c.h\n'}
[15.277534] (px4_msgs) StdoutLine: {'line': b'-- Up-to-date: /home/subhalaxmi/nidar_ws/install/px4_msgs/include/px4_msgs/px4_msgs/msg/detail/aux_global_position__rosidl_typesupport_fastrtps_c.h\n'}
[15.277637] (px4_msgs) StdoutLine: {'line': b'-- Up-to-date: /home/subhalaxmi/nidar_ws/install/px4_msgs/include/px4_msgs/px4_msgs/msg/detail/battery_status__rosidl_typesupport_fastrtps_c.h\n'}
[15.277740] (px4_msgs) StdoutLine: {'line': b'-- Up-to-date: /home/subhalaxmi/nidar_ws/install/px4_msgs/include/px4_msgs/px4_msgs/msg/detail/gpio_config__rosidl_typesupport_fastrtps_c.h\n'}
[15.277905] (px4_msgs) StdoutLine: {'line': b'-- Up-to-date: /home/subhalaxmi/nidar_ws/install/px4_msgs/include/px4_msgs/px4_msgs/msg/detail/distance_sensor_mode_change_request__rosidl_typesupport_fastrtps_c.h\n'}
[15.278090] (px4_msgs) StdoutLine: {'line': b'-- Up-to-date: /home/subhalaxmi/nidar_ws/install/px4_msgs/include/px4_msgs/px4_msgs/msg/detail/debug_array__rosidl_typesupport_fastrtps_c.h\n'}
[15.278396] (px4_msgs) StdoutLine: {'line': b'-- Up-to-date: /home/subhalaxmi/nidar_ws/install/px4_msgs/include/px4_msgs/px4_msgs/msg/detail/gain_compression__rosidl_typesupport_fastrtps_c.h\n'}
[15.278626] (px4_msgs) StdoutLine: {'line': b'-- Up-to-date: /home/subhalaxmi/nidar_ws/install/px4_msgs/include/px4_msgs/px4_msgs/msg/detail/sensor_selection__rosidl_typesupport_fastrtps_c.h\n'}
[15.278877] (px4_msgs) StdoutLine: {'line': b'-- Up-to-date: /home/subhalaxmi/nidar_ws/install/px4_msgs/include/px4_msgs/px4_msgs/msg/detail/vehicle_odometry__rosidl_typesupport_fastrtps_c.h\n'}
[15.279274] (px4_msgs) StdoutLine: {'line': b'-- Up-to-date: /home/subhalaxmi/nidar_ws/install/px4_msgs/include/px4_msgs/px4_msgs/msg/detail/fuel_tank_status__rosidl_typesupport_fastrtps_c.h\n'}
[15.279534] (px4_msgs) StdoutLine: {'line': b'-- Up-to-date: /home/subhalaxmi/nidar_ws/install/px4_msgs/include/px4_msgs/px4_msgs/msg/detail/arming_check_request__rosidl_typesupport_fastrtps_c.h\n'}
[15.279827] (px4_msgs) StdoutLine: {'line': b'-- Up-to-date: /home/subhalaxmi/nidar_ws/install/px4_msgs/include/px4_msgs/px4_msgs/msg/detail/actuator_controls_status__rosidl_typesupport_fastrtps_c.h\n'}
[15.280167] (px4_msgs) StdoutLine: {'line': b'-- Up-to-date: /home/subhalaxmi/nidar_ws/install/px4_msgs/include/px4_msgs/px4_msgs/msg/detail/esc_report__rosidl_typesupport_fastrtps_c.h\n'}
[15.281108] (px4_msgs) StdoutLine: {'line': b'-- Up-to-date: /home/subhalaxmi/nidar_ws/install/px4_msgs/include/px4_msgs/px4_msgs/msg/detail/camera_trigger__rosidl_typesupport_fastrtps_c.h\n'}
[15.281426] (px4_msgs) StdoutLine: {'line': b'-- Up-to-date: /home/subhalaxmi/nidar_ws/install/px4_msgs/include/px4_msgs/px4_msgs/msg/detail/rc_channels__rosidl_typesupport_fastrtps_c.h\n'}
[15.281790] (px4_msgs) StdoutLine: {'line': b'-- Up-to-date: /home/subhalaxmi/nidar_ws/install/px4_msgs/include/px4_msgs/px4_msgs/msg/detail/follow_target_estimator__rosidl_typesupport_fastrtps_c.h\n'}
[15.282088] (px4_msgs) StdoutLine: {'line': b'-- Up-to-date: /home/subhalaxmi/nidar_ws/install/px4_msgs/include/px4_msgs/px4_msgs/msg/detail/camera_capture__rosidl_typesupport_fastrtps_c.h\n'}
[15.283095] (px4_msgs) StdoutLine: {'line': b'-- Up-to-date: /home/subhalaxmi/nidar_ws/install/px4_msgs/include/px4_msgs/px4_msgs/msg/detail/orb_test__rosidl_typesupport_fastrtps_c.h\n'}
[15.283446] (px4_msgs) StdoutLine: {'line': b'-- Up-to-date: /home/subhalaxmi/nidar_ws/install/px4_msgs/include/px4_msgs/px4_msgs/msg/detail/rover_attitude_setpoint__rosidl_typesupport_fastrtps_c.h\n'}
[15.283835] (px4_msgs) StdoutLine: {'line': b'-- Up-to-date: /home/subhalaxmi/nidar_ws/install/px4_msgs/include/px4_msgs/px4_msgs/msg/detail/collision_constraints__rosidl_typesupport_fastrtps_c.h\n'}
[15.284146] (px4_msgs) StdoutLine: {'line': b'-- Up-to-date: /home/subhalaxmi/nidar_ws/install/px4_msgs/include/px4_msgs/px4_msgs/msg/detail/can_interface_status__rosidl_typesupport_fastrtps_c.h\n'}
[15.284400] (px4_msgs) StdoutLine: {'line': b'-- Up-to-date: /home/subhalaxmi/nidar_ws/install/px4_msgs/include/px4_msgs/px4_msgs/msg/detail/vehicle_air_data__rosidl_typesupport_fastrtps_c.h\n'}
[15.284718] (px4_msgs) StdoutLine: {'line': b'-- Up-to-date: /home/subhalaxmi/nidar_ws/install/px4_msgs/include/px4_msgs/px4_msgs/msg/detail/pwm_input__rosidl_typesupport_fastrtps_c.h\n'}
[15.285047] (px4_msgs) StdoutLine: {'line': b'-- Up-to-date: /home/subhalaxmi/nidar_ws/install/px4_msgs/include/px4_msgs/px4_msgs/msg/detail/estimator_status_flags__rosidl_typesupport_fastrtps_c.h\n'}
[15.285280] (px4_msgs) StdoutLine: {'line': b'-- Up-to-date: /home/subhalaxmi/nidar_ws/install/px4_msgs/include/px4_msgs/px4_msgs/msg/detail/actuator_servos__rosidl_typesupport_fastrtps_c.h\n'}
[15.285538] (px4_msgs) StdoutLine: {'line': b'-- Up-to-date: /home/subhalaxmi/nidar_ws/install/px4_msgs/include/px4_msgs/px4_msgs/msg/detail/sensor_baro__rosidl_typesupport_fastrtps_c.h\n'}
[15.285737] (px4_msgs) StdoutLine: {'line': b'-- Up-to-date: /home/subhalaxmi/nidar_ws/install/px4_msgs/include/px4_msgs/px4_msgs/msg/detail/vehicle_land_detected__rosidl_typesupport_fastrtps_c.h\n'}
[15.286039] (px4_msgs) StdoutLine: {'line': b'-- Up-to-date: /home/subhalaxmi/nidar_ws/install/px4_msgs/include/px4_msgs/px4_msgs/msg/detail/open_drone_id_arm_status__rosidl_typesupport_fastrtps_c.h\n'}
[15.286263] (px4_msgs) StdoutLine: {'line': b'-- Up-to-date: /home/subhalaxmi/nidar_ws/install/px4_msgs/include/px4_msgs/px4_msgs/msg/detail/pps_capture__rosidl_typesupport_fastrtps_c.h\n'}
[15.286443] (px4_msgs) StdoutLine: {'line': b'-- Up-to-date: /home/subhalaxmi/nidar_ws/install/px4_msgs/include/px4_msgs/px4_msgs/msg/detail/message_format_response__rosidl_typesupport_fastrtps_c.h\n'}
[15.286614] (px4_msgs) StdoutLine: {'line': b'-- Up-to-date: /home/subhalaxmi/nidar_ws/install/px4_msgs/include/px4_msgs/px4_msgs/msg/detail/landing_target_pose__rosidl_typesupport_fastrtps_c.h\n'}
[15.286786] (px4_msgs) StdoutLine: {'line': b'-- Up-to-date: /home/subhalaxmi/nidar_ws/install/px4_msgs/include/px4_msgs/px4_msgs/msg/detail/vehicle_command_ack__rosidl_typesupport_fastrtps_c.h\n'}
[15.286982] (px4_msgs) StdoutLine: {'line': b'-- Up-to-date: /home/subhalaxmi/nidar_ws/install/px4_msgs/include/px4_msgs/px4_msgs/msg/detail/vtol_vehicle_status__rosidl_typesupport_fastrtps_c.h\n'}
[15.287231] (px4_msgs) StdoutLine: {'line': b'-- Up-to-date: /home/subhalaxmi/nidar_ws/install/px4_msgs/include/px4_msgs/px4_msgs/msg/detail/rover_rate_status__rosidl_typesupport_fastrtps_c.h\n'}
[15.290697] (px4_msgs) StdoutLine: {'line': b'-- Up-to-date: /home/subhalaxmi/nidar_ws/install/px4_msgs/include/px4_msgs/px4_msgs/msg/detail/normalized_unsigned_setpoint__rosidl_typesupport_fastrtps_c.h\n'}
[15.291067] (px4_msgs) StdoutLine: {'line': b'-- Up-to-date: /home/subhalaxmi/nidar_ws/install/px4_msgs/include/px4_msgs/px4_msgs/msg/detail/landing_gear_wheel__rosidl_typesupport_fastrtps_c.h\n'}
[15.292447] (px4_msgs) StdoutLine: {'line': b'-- Up-to-date: /home/subhalaxmi/nidar_ws/install/px4_msgs/include/px4_msgs/px4_msgs/msg/detail/sensor_gnss_relative__rosidl_typesupport_fastrtps_c.h\n'}
[15.292713] (px4_msgs) StdoutLine: {'line': b'-- Up-to-date: /home/subhalaxmi/nidar_ws/install/px4_msgs/include/px4_msgs/px4_msgs/msg/detail/parameter_set_value_response__rosidl_typesupport_fastrtps_c.h\n'}
[15.293004] (px4_msgs) StdoutLine: {'line': b'-- Up-to-date: /home/subhalaxmi/nidar_ws/install/px4_msgs/include/px4_msgs/px4_msgs/msg/detail/vehicle_control_mode__rosidl_typesupport_fastrtps_c.h\n'}
[15.293233] (px4_msgs) StdoutLine: {'line': b'-- Up-to-date: /home/subhalaxmi/nidar_ws/install/px4_msgs/include/px4_msgs/px4_msgs/msg/detail/navigator_mission_item__rosidl_typesupport_fastrtps_c.h\n'}
[15.293487] (px4_msgs) StdoutLine: {'line': b'-- Up-to-date: /home/subhalaxmi/nidar_ws/install/px4_msgs/include/px4_msgs/px4_msgs/msg/detail/vehicle_imu__rosidl_typesupport_fastrtps_c.h\n'}
[15.293680] (px4_msgs) StdoutLine: {'line': b'-- Up-to-date: /home/subhalaxmi/nidar_ws/install/px4_msgs/include/px4_msgs/px4_msgs/msg/detail/rc_parameter_map__rosidl_typesupport_fastrtps_c.h\n'}
[15.295937] (px4_msgs) StdoutLine: {'line': b'-- Up-to-date: /home/subhalaxmi/nidar_ws/install/px4_msgs/include/px4_msgs/px4_msgs/msg/detail/open_drone_id_system__rosidl_typesupport_fastrtps_c.h\n'}
[15.297023] (px4_msgs) StdoutLine: {'line': b'-- Up-to-date: /home/subhalaxmi/nidar_ws/install/px4_msgs/include/px4_msgs/px4_msgs/msg/detail/message_format_request__rosidl_typesupport_fastrtps_c.h\n'}
[15.297370] (px4_msgs) StdoutLine: {'line': b'-- Up-to-date: /home/subhalaxmi/nidar_ws/install/px4_msgs/include/px4_msgs/px4_msgs/msg/detail/internal_combustion_engine_control__rosidl_typesupport_fastrtps_c.h\n'}
[15.297604] (px4_msgs) StdoutLine: {'line': b'-- Up-to-date: /home/subhalaxmi/nidar_ws/install/px4_msgs/include/px4_msgs/px4_msgs/msg/detail/estimator_aid_source1d__rosidl_typesupport_fastrtps_c.h\n'}
[15.297845] (px4_msgs) StdoutLine: {'line': b'-- Up-to-date: /home/subhalaxmi/nidar_ws/install/px4_msgs/include/px4_msgs/px4_msgs/msg/detail/vehicle_imu_status__rosidl_typesupport_fastrtps_c.h\n'}
[15.298198] (px4_msgs) StdoutLine: {'line': b'-- Up-to-date: /home/subhalaxmi/nidar_ws/install/px4_msgs/include/px4_msgs/px4_msgs/msg/detail/hover_thrust_estimate__rosidl_typesupport_fastrtps_c.h\n'}
[15.298473] (px4_msgs) StdoutLine: {'line': b'-- Up-to-date: /home/subhalaxmi/nidar_ws/install/px4_msgs/include/px4_msgs/px4_msgs/msg/detail/rtl_status__rosidl_typesupport_fastrtps_c.h\n'}
[15.303113] (px4_msgs) StdoutLine: {'line': b'-- Up-to-date: /home/subhalaxmi/nidar_ws/install/px4_msgs/include/px4_msgs/px4_msgs/msg/detail/orbit_status__rosidl_typesupport_fastrtps_c.h\n'}
[15.303583] (px4_msgs) StdoutLine: {'line': b'-- Up-to-date: /home/subhalaxmi/nidar_ws/install/px4_msgs/include/px4_msgs/px4_msgs/msg/detail/ulog_stream__rosidl_typesupport_fastrtps_c.h\n'}
[15.305046] (px4_msgs) StdoutLine: {'line': b'-- Up-to-date: /home/subhalaxmi/nidar_ws/install/px4_msgs/include/px4_msgs/px4_msgs/msg/detail/airspeed_validated__rosidl_typesupport_fastrtps_c.h\n'}
[15.305882] (px4_msgs) StdoutLine: {'line': b'-- Up-to-date: /home/subhalaxmi/nidar_ws/install/px4_msgs/include/px4_msgs/px4_msgs/msg/detail/rtl_time_estimate__rosidl_typesupport_fastrtps_c.h\n'}
[15.309429] (px4_msgs) StdoutLine: {'line': b'-- Up-to-date: /home/subhalaxmi/nidar_ws/install/px4_msgs/include/px4_msgs/px4_msgs/msg/detail/fixed_wing_longitudinal_setpoint__rosidl_typesupport_fastrtps_c.h\n'}
[15.311114] (px4_msgs) StdoutLine: {'line': b'-- Up-to-date: /home/subhalaxmi/nidar_ws/install/px4_msgs/include/px4_msgs/px4_msgs/msg/detail/rate_ctrl_status__rosidl_typesupport_fastrtps_c.h\n'}
[15.312322] (px4_msgs) StdoutLine: {'line': b'-- Up-to-date: /home/subhalaxmi/nidar_ws/install/px4_msgs/include/px4_msgs/px4_msgs/msg/detail/vehicle_command__rosidl_typesupport_fastrtps_c.h\n'}
[15.312600] (px4_msgs) StdoutLine: {'line': b'-- Up-to-date: /home/subhalaxmi/nidar_ws/install/px4_msgs/include/px4_msgs/px4_msgs/msg/detail/register_ext_component_request__rosidl_typesupport_fastrtps_c.h\n'}
[15.312794] (px4_msgs) StdoutLine: {'line': b'-- Up-to-date: /home/subhalaxmi/nidar_ws/install/px4_msgs/include/px4_msgs/px4_msgs/msg/detail/trajectory_setpoint6dof__rosidl_typesupport_fastrtps_c.h\n'}
[15.313032] (px4_msgs) StdoutLine: {'line': b'-- Up-to-date: /home/subhalaxmi/nidar_ws/install/px4_msgs/include/px4_msgs/px4_msgs/msg/detail/open_drone_id_self_id__rosidl_typesupport_fastrtps_c.h\n'}
[15.313691] (px4_msgs) StdoutLine: {'line': b'-- Up-to-date: /home/subhalaxmi/nidar_ws/install/px4_msgs/include/px4_msgs/px4_msgs/msg/detail/estimator_gps_status__rosidl_typesupport_fastrtps_c.h\n'}
[15.313944] (px4_msgs) StdoutLine: {'line': b'-- Up-to-date: /home/subhalaxmi/nidar_ws/install/px4_msgs/include/px4_msgs/px4_msgs/msg/detail/power_monitor__rosidl_typesupport_fastrtps_c.h\n'}
[15.314250] (px4_msgs) StdoutLine: {'line': b'-- Up-to-date: /home/subhalaxmi/nidar_ws/install/px4_msgs/include/px4_msgs/px4_msgs/msg/detail/gps_inject_data__rosidl_typesupport_fastrtps_c.h\n'}
[15.314448] (px4_msgs) StdoutLine: {'line': b'-- Up-to-date: /home/subhalaxmi/nidar_ws/install/px4_msgs/include/px4_msgs/px4_msgs/srv\n'}
[15.314640] (px4_msgs) StdoutLine: {'line': b'-- Up-to-date: /home/subhalaxmi/nidar_ws/install/px4_msgs/include/px4_msgs/px4_msgs/srv/detail\n'}
[15.314844] (px4_msgs) StdoutLine: {'line': b'-- Up-to-date: /home/subhalaxmi/nidar_ws/install/px4_msgs/include/px4_msgs/px4_msgs/srv/detail/vehicle_command__rosidl_typesupport_fastrtps_c.h\n'}
[15.315141] (px4_msgs) StdoutLine: {'line': b'-- Up-to-date: /home/subhalaxmi/nidar_ws/install/px4_msgs/lib/libpx4_msgs__rosidl_typesupport_fastrtps_c.so\n'}
[15.317455] (px4_msgs) StdoutLine: {'line': b'-- Up-to-date: /home/subhalaxmi/nidar_ws/install/px4_msgs/include/px4_msgs/px4_msgs\n'}
[15.317735] (px4_msgs) StdoutLine: {'line': b'-- Up-to-date: /home/subhalaxmi/nidar_ws/install/px4_msgs/include/px4_msgs/px4_msgs/msg\n'}
[15.319204] (px4_msgs) StdoutLine: {'line': b'-- Up-to-date: /home/subhalaxmi/nidar_ws/install/px4_msgs/include/px4_msgs/px4_msgs/msg/internal_combustion_engine_status.hpp\n'}
[15.319530] (px4_msgs) StdoutLine: {'line': b'-- Up-to-date: /home/subhalaxmi/nidar_ws/install/px4_msgs/include/px4_msgs/px4_msgs/msg/vehicle_roi.hpp\n'}
[15.319763] (px4_msgs) StdoutLine: {'line': b'-- Up-to-date: /home/subhalaxmi/nidar_ws/install/px4_msgs/include/px4_msgs/px4_msgs/msg/obstacle_distance.hpp\n'}
[15.321422] (px4_msgs) StdoutLine: {'line': b'-- Up-to-date: /home/subhalaxmi/nidar_ws/install/px4_msgs/include/px4_msgs/px4_msgs/msg/tecs_status.hpp\n'}
[15.321734] (px4_msgs) StdoutLine: {'line': b'-- Up-to-date: /home/subhalaxmi/nidar_ws/install/px4_msgs/include/px4_msgs/px4_msgs/msg/timesync_status.hpp\n'}
[15.322007] (px4_msgs) StdoutLine: {'line': b'-- Up-to-date: /home/subhalaxmi/nidar_ws/install/px4_msgs/include/px4_msgs/px4_msgs/msg/gimbal_controls.hpp\n'}
[15.322351] (px4_msgs) StdoutLine: {'line': b'-- Up-to-date: /home/subhalaxmi/nidar_ws/install/px4_msgs/include/px4_msgs/px4_msgs/msg/launch_detection_status.hpp\n'}
[15.322612] (px4_msgs) StdoutLine: {'line': b'-- Up-to-date: /home/subhalaxmi/nidar_ws/install/px4_msgs/include/px4_msgs/px4_msgs/msg/sensor_gyro.hpp\n'}
[15.322860] (px4_msgs) StdoutLine: {'line': b'-- Up-to-date: /home/subhalaxmi/nidar_ws/install/px4_msgs/include/px4_msgs/px4_msgs/msg/vehicle_optical_flow.hpp\n'}
[15.323109] (px4_msgs) StdoutLine: {'line': b'-- Up-to-date: /home/subhalaxmi/nidar_ws/install/px4_msgs/include/px4_msgs/px4_msgs/msg/vehicle_odometry.hpp\n'}
[15.323408] (px4_msgs) StdoutLine: {'line': b'-- Up-to-date: /home/subhalaxmi/nidar_ws/install/px4_msgs/include/px4_msgs/px4_msgs/msg/sensor_correction.hpp\n'}
[15.323626] (px4_msgs) StdoutLine: {'line': b'-- Up-to-date: /home/subhalaxmi/nidar_ws/install/px4_msgs/include/px4_msgs/px4_msgs/msg/gimbal_manager_status.hpp\n'}
[15.324957] (px4_msgs) StdoutLine: {'line': b'-- Up-to-date: /home/subhalaxmi/nidar_ws/install/px4_msgs/include/px4_msgs/px4_msgs/msg/autotune_attitude_control_status.hpp\n'}
[15.325449] (px4_msgs) StdoutLine: {'line': b'-- Up-to-date: /home/subhalaxmi/nidar_ws/install/px4_msgs/include/px4_msgs/px4_msgs/msg/vehicle_magnetometer.hpp\n'}
[15.325834] (px4_msgs) StdoutLine: {'line': b'-- Up-to-date: /home/subhalaxmi/nidar_ws/install/px4_msgs/include/px4_msgs/px4_msgs/msg/tune_control.hpp\n'}
[15.326116] (px4_msgs) StdoutLine: {'line': b'-- Up-to-date: /home/subhalaxmi/nidar_ws/install/px4_msgs/include/px4_msgs/px4_msgs/msg/fixed_wing_lateral_status.hpp\n'}
[15.326329] (px4_msgs) StdoutLine: {'line': b'-- Up-to-date: /home/subhalaxmi/nidar_ws/install/px4_msgs/include/px4_msgs/px4_msgs/msg/sensor_baro.hpp\n'}
[15.326526] (px4_msgs) StdoutLine: {'line': b'-- Up-to-date: /home/subhalaxmi/nidar_ws/install/px4_msgs/include/px4_msgs/px4_msgs/msg/gain_compression.hpp\n'}
[15.326715] (px4_msgs) StdoutLine: {'line': b'-- Up-to-date: /home/subhalaxmi/nidar_ws/install/px4_msgs/include/px4_msgs/px4_msgs/msg/failsafe_flags.hpp\n'}
[15.326946] (px4_msgs) StdoutLine: {'line': b'-- Up-to-date: /home/subhalaxmi/nidar_ws/install/px4_msgs/include/px4_msgs/px4_msgs/msg/estimator_status.hpp\n'}
[15.327174] (px4_msgs) StdoutLine: {'line': b'-- Up-to-date: /home/subhalaxmi/nidar_ws/install/px4_msgs/include/px4_msgs/px4_msgs/msg/estimator_innovations.hpp\n'}
[15.327403] (px4_msgs) StdoutLine: {'line': b'-- Up-to-date: /home/subhalaxmi/nidar_ws/install/px4_msgs/include/px4_msgs/px4_msgs/msg/unregister_ext_component.hpp\n'}
[15.327648] (px4_msgs) StdoutLine: {'line': b'-- Up-to-date: /home/subhalaxmi/nidar_ws/install/px4_msgs/include/px4_msgs/px4_msgs/msg/estimator_bias.hpp\n'}
[15.328172] (px4_msgs) StdoutLine: {'line': b'-- Up-to-date: /home/subhalaxmi/nidar_ws/install/px4_msgs/include/px4_msgs/px4_msgs/msg/gimbal_manager_set_manual_control.hpp\n'}
[15.328728] (px4_msgs) StdoutLine: {'line': b'-- Up-to-date: /home/subhalaxmi/nidar_ws/install/px4_msgs/include/px4_msgs/px4_msgs/msg/sensor_accel.hpp\n'}
[15.330979] (px4_msgs) StdoutLine: {'line': b'-- Up-to-date: /home/subhalaxmi/nidar_ws/install/px4_msgs/include/px4_msgs/px4_msgs/msg/parameter_set_value_response.hpp\n'}
[15.331365] (px4_msgs) StdoutLine: {'line': b'-- Up-to-date: /home/subhalaxmi/nidar_ws/install/px4_msgs/include/px4_msgs/px4_msgs/msg/mavlink_tunnel.hpp\n'}
[15.331620] (px4_msgs) StdoutLine: {'line': b'-- Up-to-date: /home/subhalaxmi/nidar_ws/install/px4_msgs/include/px4_msgs/px4_msgs/msg/register_ext_component_reply.hpp\n'}
[15.331888] (px4_msgs) StdoutLine: {'line': b'-- Up-to-date: /home/subhalaxmi/nidar_ws/install/px4_msgs/include/px4_msgs/px4_msgs/msg/airspeed_wind.hpp\n'}
[15.332145] (px4_msgs) StdoutLine: {'line': b'-- Up-to-date: /home/subhalaxmi/nidar_ws/install/px4_msgs/include/px4_msgs/px4_msgs/msg/vehicle_angular_acceleration_setpoint.hpp\n'}
[15.332374] (px4_msgs) StdoutLine: {'line': b'-- Up-to-date: /home/subhalaxmi/nidar_ws/install/px4_msgs/include/px4_msgs/px4_msgs/msg/ekf2_timestamps.hpp\n'}
[15.332609] (px4_msgs) StdoutLine: {'line': b'-- Up-to-date: /home/subhalaxmi/nidar_ws/install/px4_msgs/include/px4_msgs/px4_msgs/msg/camera_trigger.hpp\n'}
[15.333741] (px4_msgs) StdoutLine: {'line': b'-- Up-to-date: /home/subhalaxmi/nidar_ws/install/px4_msgs/include/px4_msgs/px4_msgs/msg/vehicle_torque_setpoint.hpp\n'}
[15.334181] (px4_msgs) StdoutLine: {'line': b'-- Up-to-date: /home/subhalaxmi/nidar_ws/install/px4_msgs/include/px4_msgs/px4_msgs/msg/position_setpoint.hpp\n'}
[15.334383] (px4_msgs) StdoutLine: {'line': b'-- Up-to-date: /home/subhalaxmi/nidar_ws/install/px4_msgs/include/px4_msgs/px4_msgs/msg/vehicle_rates_setpoint.hpp\n'}
[15.334557] (px4_msgs) StdoutLine: {'line': b'-- Up-to-date: /home/subhalaxmi/nidar_ws/install/px4_msgs/include/px4_msgs/px4_msgs/msg/vehicle_imu_status.hpp\n'}
[15.334728] (px4_msgs) StdoutLine: {'line': b'-- Up-to-date: /home/subhalaxmi/nidar_ws/install/px4_msgs/include/px4_msgs/px4_msgs/msg/figure_eight_status.hpp\n'}
[15.335044] (px4_msgs) StdoutLine: {'line': b'-- Up-to-date: /home/subhalaxmi/nidar_ws/install/px4_msgs/include/px4_msgs/px4_msgs/msg/vehicle_command.hpp\n'}
[15.335292] (px4_msgs) StdoutLine: {'line': b'-- Up-to-date: /home/subhalaxmi/nidar_ws/install/px4_msgs/include/px4_msgs/px4_msgs/msg/estimator_aid_source2d.hpp\n'}
[15.335475] (px4_msgs) StdoutLine: {'line': b'-- Up-to-date: /home/subhalaxmi/nidar_ws/install/px4_msgs/include/px4_msgs/px4_msgs/msg/vehicle_attitude.hpp\n'}
[15.335662] (px4_msgs) StdoutLine: {'line': b'-- Up-to-date: /home/subhalaxmi/nidar_ws/install/px4_msgs/include/px4_msgs/px4_msgs/msg/logger_status.hpp\n'}
[15.335877] (px4_msgs) StdoutLine: {'line': b'-- Up-to-date: /home/subhalaxmi/nidar_ws/install/px4_msgs/include/px4_msgs/px4_msgs/msg/orb_test.hpp\n'}
[15.336100] (px4_msgs) StdoutLine: {'line': b'-- Up-to-date: /home/subhalaxmi/nidar_ws/install/px4_msgs/include/px4_msgs/px4_msgs/msg/gimbal_device_set_attitude.hpp\n'}
[15.336295] (px4_msgs) StdoutLine: {'line': b'-- Up-to-date: /home/subhalaxmi/nidar_ws/install/px4_msgs/include/px4_msgs/px4_msgs/msg/action_request.hpp\n'}
[15.336512] (px4_msgs) StdoutLine: {'line': b'-- Up-to-date: /home/subhalaxmi/nidar_ws/install/px4_msgs/include/px4_msgs/px4_msgs/msg/landing_gear.hpp\n'}
[15.336694] (px4_msgs) StdoutLine: {'line': b'-- Up-to-date: /home/subhalaxmi/nidar_ws/install/px4_msgs/include/px4_msgs/px4_msgs/msg/landing_target_pose.hpp\n'}
[15.337010] (px4_msgs) StdoutLine: {'line': b'-- Up-to-date: /home/subhalaxmi/nidar_ws/install/px4_msgs/include/px4_msgs/px4_msgs/msg/rover_rate_status.hpp\n'}
[15.337226] (px4_msgs) StdoutLine: {'line': b'-- Up-to-date: /home/subhalaxmi/nidar_ws/install/px4_msgs/include/px4_msgs/px4_msgs/msg/heater_status.hpp\n'}
[15.337425] (px4_msgs) StdoutLine: {'line': b'-- Up-to-date: /home/subhalaxmi/nidar_ws/install/px4_msgs/include/px4_msgs/px4_msgs/msg/button_event.hpp\n'}
[15.338438] (px4_msgs) StdoutLine: {'line': b'-- Up-to-date: /home/subhalaxmi/nidar_ws/install/px4_msgs/include/px4_msgs/px4_msgs/msg/gimbal_device_attitude_status.hpp\n'}
[15.338738] (px4_msgs) StdoutLine: {'line': b'-- Up-to-date: /home/subhalaxmi/nidar_ws/install/px4_msgs/include/px4_msgs/px4_msgs/msg/navigator_mission_item.hpp\n'}
[15.339091] (px4_msgs) StdoutLine: {'line': b'-- Up-to-date: /home/subhalaxmi/nidar_ws/install/px4_msgs/include/px4_msgs/px4_msgs/msg/rtl_time_estimate.hpp\n'}
[15.342962] (-) TimerEvent: {}
[15.343378] (px4_msgs) StdoutLine: {'line': b'-- Up-to-date: /home/subhalaxmi/nidar_ws/install/px4_msgs/include/px4_msgs/px4_msgs/msg/lateral_control_configuration.hpp\n'}
[15.343762] (px4_msgs) StdoutLine: {'line': b'-- Up-to-date: /home/subhalaxmi/nidar_ws/install/px4_msgs/include/px4_msgs/px4_msgs/msg/px4io_status.hpp\n'}
[15.344246] (px4_msgs) StdoutLine: {'line': b'-- Up-to-date: /home/subhalaxmi/nidar_ws/install/px4_msgs/include/px4_msgs/px4_msgs/msg/rover_rate_setpoint.hpp\n'}
[15.344759] (px4_msgs) StdoutLine: {'line': b'-- Up-to-date: /home/subhalaxmi/nidar_ws/install/px4_msgs/include/px4_msgs/px4_msgs/msg/iridiumsbd_status.hpp\n'}
[15.347966] (px4_msgs) StdoutLine: {'line': b'-- Up-to-date: /home/subhalaxmi/nidar_ws/install/px4_msgs/include/px4_msgs/px4_msgs/msg/sensor_accel_fifo.hpp\n'}
[15.348223] (px4_msgs) StdoutLine: {'line': b'-- Up-to-date: /home/subhalaxmi/nidar_ws/install/px4_msgs/include/px4_msgs/px4_msgs/msg/airspeed.hpp\n'}
[15.353977] (px4_msgs) StdoutLine: {'line': b'-- Up-to-date: /home/subhalaxmi/nidar_ws/install/px4_msgs/include/px4_msgs/px4_msgs/msg/position_setpoint_triplet.hpp\n'}
[15.354244] (px4_msgs) StdoutLine: {'line': b'-- Up-to-date: /home/subhalaxmi/nidar_ws/install/px4_msgs/include/px4_msgs/px4_msgs/msg/rover_speed_setpoint.hpp\n'}
[15.354448] (px4_msgs) StdoutLine: {'line': b'-- Up-to-date: /home/subhalaxmi/nidar_ws/install/px4_msgs/include/px4_msgs/px4_msgs/msg/estimator_sensor_bias.hpp\n'}
[15.354654] (px4_msgs) StdoutLine: {'line': b'-- Up-to-date: /home/subhalaxmi/nidar_ws/install/px4_msgs/include/px4_msgs/px4_msgs/msg/distance_sensor_mode_change_request.hpp\n'}
[15.355165] (px4_msgs) StdoutLine: {'line': b'-- Up-to-date: /home/subhalaxmi/nidar_ws/install/px4_msgs/include/px4_msgs/px4_msgs/msg/mavlink_log.hpp\n'}
[15.356449] (px4_msgs) StdoutLine: {'line': b'-- Up-to-date: /home/subhalaxmi/nidar_ws/install/px4_msgs/include/px4_msgs/px4_msgs/msg/fixed_wing_lateral_setpoint.hpp\n'}
[15.356664] (px4_msgs) StdoutLine: {'line': b'-- Up-to-date: /home/subhalaxmi/nidar_ws/install/px4_msgs/include/px4_msgs/px4_msgs/msg/register_ext_component_request.hpp\n'}
[15.356874] (px4_msgs) StdoutLine: {'line': b'-- Up-to-date: /home/subhalaxmi/nidar_ws/install/px4_msgs/include/px4_msgs/px4_msgs/msg/goto_setpoint.hpp\n'}
[15.357078] (px4_msgs) StdoutLine: {'line': b'-- Up-to-date: /home/subhalaxmi/nidar_ws/install/px4_msgs/include/px4_msgs/px4_msgs/msg/fixed_wing_longitudinal_setpoint.hpp\n'}
[15.357274] (px4_msgs) StdoutLine: {'line': b'-- Up-to-date: /home/subhalaxmi/nidar_ws/install/px4_msgs/include/px4_msgs/px4_msgs/msg/health_report.hpp\n'}
[15.357479] (px4_msgs) StdoutLine: {'line': b'-- Up-to-date: /home/subhalaxmi/nidar_ws/install/px4_msgs/include/px4_msgs/px4_msgs/msg/vehicle_status.hpp\n'}
[15.357674] (px4_msgs) StdoutLine: {'line': b'-- Up-to-date: /home/subhalaxmi/nidar_ws/install/px4_msgs/include/px4_msgs/px4_msgs/msg/uavcan_parameter_value.hpp\n'}
[15.358652] (px4_msgs) StdoutLine: {'line': b'-- Up-to-date: /home/subhalaxmi/nidar_ws/install/px4_msgs/include/px4_msgs/px4_msgs/msg/sensors_status_imu.hpp\n'}
[15.359068] (px4_msgs) StdoutLine: {'line': b'-- Up-to-date: /home/subhalaxmi/nidar_ws/install/px4_msgs/include/px4_msgs/px4_msgs/msg/gpio_request.hpp\n'}
[15.359296] (px4_msgs) StdoutLine: {'line': b'-- Up-to-date: /home/subhalaxmi/nidar_ws/install/px4_msgs/include/px4_msgs/px4_msgs/msg/open_drone_id_system.hpp\n'}
[15.359483] (px4_msgs) StdoutLine: {'line': b'-- Up-to-date: /home/subhalaxmi/nidar_ws/install/px4_msgs/include/px4_msgs/px4_msgs/msg/raptor_status.hpp\n'}
[15.359664] (px4_msgs) StdoutLine: {'line': b'-- Up-to-date: /home/subhalaxmi/nidar_ws/install/px4_msgs/include/px4_msgs/px4_msgs/msg/rover_attitude_status.hpp\n'}
[15.359902] (px4_msgs) StdoutLine: {'line': b'-- Up-to-date: /home/subhalaxmi/nidar_ws/install/px4_msgs/include/px4_msgs/px4_msgs/msg/fixed_wing_lateral_guidance_status.hpp\n'}
[15.360112] (px4_msgs) StdoutLine: {'line': b'-- Up-to-date: /home/subhalaxmi/nidar_ws/install/px4_msgs/include/px4_msgs/px4_msgs/msg/gps_dump.hpp\n'}
[15.360328] (px4_msgs) StdoutLine: {'line': b'-- Up-to-date: /home/subhalaxmi/nidar_ws/install/px4_msgs/include/px4_msgs/px4_msgs/msg/hover_thrust_estimate.hpp\n'}
[15.360596] (px4_msgs) StdoutLine: {'line': b'-- Up-to-date: /home/subhalaxmi/nidar_ws/install/px4_msgs/include/px4_msgs/px4_msgs/msg/follow_target_estimator.hpp\n'}
[15.360822] (px4_msgs) StdoutLine: {'line': b'-- Up-to-date: /home/subhalaxmi/nidar_ws/install/px4_msgs/include/px4_msgs/px4_msgs/msg/vehicle_local_position_setpoint.hpp\n'}
[15.364175] (px4_msgs) StdoutLine: {'line': b'-- Up-to-date: /home/subhalaxmi/nidar_ws/install/px4_msgs/include/px4_msgs/px4_msgs/msg/satellite_info.hpp\n'}
[15.364411] (px4_msgs) StdoutLine: {'line': b'-- Up-to-date: /home/subhalaxmi/nidar_ws/install/px4_msgs/include/px4_msgs/px4_msgs/msg/actuator_servos.hpp\n'}
[15.364701] (px4_msgs) StdoutLine: {'line': b'-- Up-to-date: /home/subhalaxmi/nidar_ws/install/px4_msgs/include/px4_msgs/px4_msgs/msg/vehicle_control_mode.hpp\n'}
[15.364921] (px4_msgs) StdoutLine: {'line': b'-- Up-to-date: /home/subhalaxmi/nidar_ws/install/px4_msgs/include/px4_msgs/px4_msgs/msg/mount_orientation.hpp\n'}
[15.365112] (px4_msgs) StdoutLine: {'line': b'-- Up-to-date: /home/subhalaxmi/nidar_ws/install/px4_msgs/include/px4_msgs/px4_msgs/msg/gps_inject_data.hpp\n'}
[15.365286] (px4_msgs) StdoutLine: {'line': b'-- Up-to-date: /home/subhalaxmi/nidar_ws/install/px4_msgs/include/px4_msgs/px4_msgs/msg/sensor_gps.hpp\n'}
[15.365459] (px4_msgs) StdoutLine: {'line': b'-- Up-to-date: /home/subhalaxmi/nidar_ws/install/px4_msgs/include/px4_msgs/px4_msgs/msg/dataman_response.hpp\n'}
[15.365627] (px4_msgs) StdoutLine: {'line': b'-- Up-to-date: /home/subhalaxmi/nidar_ws/install/px4_msgs/include/px4_msgs/px4_msgs/msg/rover_throttle_setpoint.hpp\n'}
[15.365821] (px4_msgs) StdoutLine: {'line': b'-- Up-to-date: /home/subhalaxmi/nidar_ws/install/px4_msgs/include/px4_msgs/px4_msgs/msg/transponder_report.hpp\n'}
[15.366147] (px4_msgs) StdoutLine: {'line': b'-- Up-to-date: /home/subhalaxmi/nidar_ws/install/px4_msgs/include/px4_msgs/px4_msgs/msg/orb_test_large.hpp\n'}
[15.366348] (px4_msgs) StdoutLine: {'line': b'-- Up-to-date: /home/subhalaxmi/nidar_ws/install/px4_msgs/include/px4_msgs/px4_msgs/msg/telemetry_status.hpp\n'}
[15.368933] (px4_msgs) StdoutLine: {'line': b'-- Up-to-date: /home/subhalaxmi/nidar_ws/install/px4_msgs/include/px4_msgs/px4_msgs/msg/vehicle_imu.hpp\n'}
[15.369418] (px4_msgs) StdoutLine: {'line': b'-- Up-to-date: /home/subhalaxmi/nidar_ws/install/px4_msgs/include/px4_msgs/px4_msgs/msg/event.hpp\n'}
[15.369628] (px4_msgs) StdoutLine: {'line': b'-- Up-to-date: /home/subhalaxmi/nidar_ws/install/px4_msgs/include/px4_msgs/px4_msgs/msg/cpuload.hpp\n'}
[15.369822] (px4_msgs) StdoutLine: {'line': b'-- Up-to-date: /home/subhalaxmi/nidar_ws/install/px4_msgs/include/px4_msgs/px4_msgs/msg/pure_pursuit_status.hpp\n'}
[15.370018] (px4_msgs) StdoutLine: {'line': b'-- Up-to-date: /home/subhalaxmi/nidar_ws/install/px4_msgs/include/px4_msgs/px4_msgs/msg/distance_sensor.hpp\n'}
[15.370192] (px4_msgs) StdoutLine: {'line': b'-- Up-to-date: /home/subhalaxmi/nidar_ws/install/px4_msgs/include/px4_msgs/px4_msgs/msg/parameter_set_value_request.hpp\n'}
[15.370371] (px4_msgs) StdoutLine: {'line': b'-- Up-to-date: /home/subhalaxmi/nidar_ws/install/px4_msgs/include/px4_msgs/px4_msgs/msg/wheel_encoders.hpp\n'}
[15.370540] (px4_msgs) StdoutLine: {'line': b'-- Up-to-date: /home/subhalaxmi/nidar_ws/install/px4_msgs/include/px4_msgs/px4_msgs/msg/debug_value.hpp\n'}
[15.370704] (px4_msgs) StdoutLine: {'line': b'-- Up-to-date: /home/subhalaxmi/nidar_ws/install/px4_msgs/include/px4_msgs/px4_msgs/msg/rover_position_setpoint.hpp\n'}
[15.370934] (px4_msgs) StdoutLine: {'line': b'-- Up-to-date: /home/subhalaxmi/nidar_ws/install/px4_msgs/include/px4_msgs/px4_msgs/msg/takeoff_status.hpp\n'}
[15.371186] (px4_msgs) StdoutLine: {'line': b'-- Up-to-date: /home/subhalaxmi/nidar_ws/install/px4_msgs/include/px4_msgs/px4_msgs/msg/led_control.hpp\n'}
[15.371428] (px4_msgs) StdoutLine: {'line': b'-- Up-to-date: /home/subhalaxmi/nidar_ws/install/px4_msgs/include/px4_msgs/px4_msgs/msg/follow_target.hpp\n'}
[15.371603] (px4_msgs) StdoutLine: {'line': b'-- Up-to-date: /home/subhalaxmi/nidar_ws/install/px4_msgs/include/px4_msgs/px4_msgs/msg/vehicle_command_ack.hpp\n'}
[15.371795] (px4_msgs) StdoutLine: {'line': b'-- Up-to-date: /home/subhalaxmi/nidar_ws/install/px4_msgs/include/px4_msgs/px4_msgs/msg/vehicle_thrust_setpoint.hpp\n'}
[15.372147] (px4_msgs) StdoutLine: {'line': b'-- Up-to-date: /home/subhalaxmi/nidar_ws/install/px4_msgs/include/px4_msgs/px4_msgs/msg/pwm_input.hpp\n'}
[15.372596] (px4_msgs) StdoutLine: {'line': b'-- Up-to-date: /home/subhalaxmi/nidar_ws/install/px4_msgs/include/px4_msgs/px4_msgs/msg/rc_parameter_map.hpp\n'}
[15.372944] (px4_msgs) StdoutLine: {'line': b'-- Up-to-date: /home/subhalaxmi/nidar_ws/install/px4_msgs/include/px4_msgs/px4_msgs/msg/battery_status.hpp\n'}
[15.373163] (px4_msgs) StdoutLine: {'line': b'-- Up-to-date: /home/subhalaxmi/nidar_ws/install/px4_msgs/include/px4_msgs/px4_msgs/msg/esc_report.hpp\n'}
[15.373350] (px4_msgs) StdoutLine: {'line': b'-- Up-to-date: /home/subhalaxmi/nidar_ws/install/px4_msgs/include/px4_msgs/px4_msgs/msg/debug_array.hpp\n'}
[15.373531] (px4_msgs) StdoutLine: {'line': b'-- Up-to-date: /home/subhalaxmi/nidar_ws/install/px4_msgs/include/px4_msgs/px4_msgs/msg/ping.hpp\n'}
[15.373716] (px4_msgs) StdoutLine: {'line': b'-- Up-to-date: /home/subhalaxmi/nidar_ws/install/px4_msgs/include/px4_msgs/px4_msgs/msg/actuator_outputs.hpp\n'}
[15.376219] (px4_msgs) StdoutLine: {'line': b'-- Up-to-date: /home/subhalaxmi/nidar_ws/install/px4_msgs/include/px4_msgs/px4_msgs/msg/sensor_uwb.hpp\n'}
[15.376447] (px4_msgs) StdoutLine: {'line': b'-- Up-to-date: /home/subhalaxmi/nidar_ws/install/px4_msgs/include/px4_msgs/px4_msgs/msg/open_drone_id_operator_id.hpp\n'}
[15.376646] (px4_msgs) StdoutLine: {'line': b'-- Up-to-date: /home/subhalaxmi/nidar_ws/install/px4_msgs/include/px4_msgs/px4_msgs/msg/uavcan_parameter_request.hpp\n'}
[15.376972] (px4_msgs) StdoutLine: {'line': b'-- Up-to-date: /home/subhalaxmi/nidar_ws/install/px4_msgs/include/px4_msgs/px4_msgs/msg/yaw_estimator_status.hpp\n'}
[15.377253] (px4_msgs) StdoutLine: {'line': b'-- Up-to-date: /home/subhalaxmi/nidar_ws/install/px4_msgs/include/px4_msgs/px4_msgs/msg/power_monitor.hpp\n'}
[15.377455] (px4_msgs) StdoutLine: {'line': b'-- Up-to-date: /home/subhalaxmi/nidar_ws/install/px4_msgs/include/px4_msgs/px4_msgs/msg/estimator_states.hpp\n'}
[15.377653] (px4_msgs) StdoutLine: {'line': b'-- Up-to-date: /home/subhalaxmi/nidar_ws/install/px4_msgs/include/px4_msgs/px4_msgs/msg/sensor_temp.hpp\n'}
[15.379897] (px4_msgs) StdoutLine: {'line': b'-- Up-to-date: /home/subhalaxmi/nidar_ws/install/px4_msgs/include/px4_msgs/px4_msgs/msg/orb_test_medium.hpp\n'}
[15.380206] (px4_msgs) StdoutLine: {'line': b'-- Up-to-date: /home/subhalaxmi/nidar_ws/install/px4_msgs/include/px4_msgs/px4_msgs/msg/failure_detector_status.hpp\n'}
[15.380402] (px4_msgs) StdoutLine: {'line': b'-- Up-to-date: /home/subhalaxmi/nidar_ws/install/px4_msgs/include/px4_msgs/px4_msgs/msg/gimbal_device_information.hpp\n'}
[15.380591] (px4_msgs) StdoutLine: {'line': b'-- Up-to-date: /home/subhalaxmi/nidar_ws/install/px4_msgs/include/px4_msgs/px4_msgs/msg/camera_status.hpp\n'}
[15.380829] (px4_msgs) StdoutLine: {'line': b'-- Up-to-date: /home/subhalaxmi/nidar_ws/install/px4_msgs/include/px4_msgs/px4_msgs/msg/velocity_limits.hpp\n'}
[15.381150] (px4_msgs) StdoutLine: {'line': b'-- Up-to-date: /home/subhalaxmi/nidar_ws/install/px4_msgs/include/px4_msgs/px4_msgs/msg/rover_speed_status.hpp\n'}
[15.381358] (px4_msgs) StdoutLine: {'line': b'-- Up-to-date: /home/subhalaxmi/nidar_ws/install/px4_msgs/include/px4_msgs/px4_msgs/msg/fixed_wing_runway_control.hpp\n'}
[15.381552] (px4_msgs) StdoutLine: {'line': b'-- Up-to-date: /home/subhalaxmi/nidar_ws/install/px4_msgs/include/px4_msgs/px4_msgs/msg/sensor_gyro_fft.hpp\n'}
[15.381790] (px4_msgs) StdoutLine: {'line': b'-- Up-to-date: /home/subhalaxmi/nidar_ws/install/px4_msgs/include/px4_msgs/px4_msgs/msg/sensors_status.hpp\n'}
[15.383073] (px4_msgs) StdoutLine: {'line': b'-- Up-to-date: /home/subhalaxmi/nidar_ws/install/px4_msgs/include/px4_msgs/px4_msgs/msg/debug_vect.hpp\n'}
[15.383336] (px4_msgs) StdoutLine: {'line': b'-- Up-to-date: /home/subhalaxmi/nidar_ws/install/px4_msgs/include/px4_msgs/px4_msgs/msg/rtl_status.hpp\n'}
[15.383545] (px4_msgs) StdoutLine: {'line': b'-- Up-to-date: /home/subhalaxmi/nidar_ws/install/px4_msgs/include/px4_msgs/px4_msgs/msg/vehicle_local_position.hpp\n'}
[15.383773] (px4_msgs) StdoutLine: {'line': b'-- Up-to-date: /home/subhalaxmi/nidar_ws/install/px4_msgs/include/px4_msgs/px4_msgs/msg/actuator_motors.hpp\n'}
[15.387337] (px4_msgs) StdoutLine: {'line': b'-- Up-to-date: /home/subhalaxmi/nidar_ws/install/px4_msgs/include/px4_msgs/px4_msgs/msg/differential_pressure.hpp\n'}
[15.389531] (px4_msgs) StdoutLine: {'line': b'-- Up-to-date: /home/subhalaxmi/nidar_ws/install/px4_msgs/include/px4_msgs/px4_msgs/msg/parameter_update.hpp\n'}
[15.389890] (px4_msgs) StdoutLine: {'line': b'-- Up-to-date: /home/subhalaxmi/nidar_ws/install/px4_msgs/include/px4_msgs/px4_msgs/msg/message_format_response.hpp\n'}
[15.390314] (px4_msgs) StdoutLine: {'line': b'-- Up-to-date: /home/subhalaxmi/nidar_ws/install/px4_msgs/include/px4_msgs/px4_msgs/msg/manual_control_setpoint.hpp\n'}
[15.390584] (px4_msgs) StdoutLine: {'line': b'-- Up-to-date: /home/subhalaxmi/nidar_ws/install/px4_msgs/include/px4_msgs/px4_msgs/msg/vehicle_global_position.hpp\n'}
[15.390826] (px4_msgs) StdoutLine: {'line': b'-- Up-to-date: /home/subhalaxmi/nidar_ws/install/px4_msgs/include/px4_msgs/px4_msgs/msg/orbit_status.hpp\n'}
[15.391955] (px4_msgs) StdoutLine: {'line': b'-- Up-to-date: /home/subhalaxmi/nidar_ws/install/px4_msgs/include/px4_msgs/px4_msgs/msg/parameter_reset_request.hpp\n'}
[15.392308] (px4_msgs) StdoutLine: {'line': b'-- Up-to-date: /home/subhalaxmi/nidar_ws/install/px4_msgs/include/px4_msgs/px4_msgs/msg/mission.hpp\n'}
[15.392534] (px4_msgs) StdoutLine: {'line': b'-- Up-to-date: /home/subhalaxmi/nidar_ws/install/px4_msgs/include/px4_msgs/px4_msgs/msg/position_controller_status.hpp\n'}
[15.392751] (px4_msgs) StdoutLine: {'line': b'-- Up-to-date: /home/subhalaxmi/nidar_ws/install/px4_msgs/include/px4_msgs/px4_msgs/msg/longitudinal_control_configuration.hpp\n'}
[15.393043] (px4_msgs) StdoutLine: {'line': b'-- Up-to-date: /home/subhalaxmi/nidar_ws/install/px4_msgs/include/px4_msgs/px4_msgs/msg/input_rc.hpp\n'}
[15.393380] (px4_msgs) StdoutLine: {'line': b'-- Up-to-date: /home/subhalaxmi/nidar_ws/install/px4_msgs/include/px4_msgs/px4_msgs/msg/position_controller_landing_status.hpp\n'}
[15.393648] (px4_msgs) StdoutLine: {'line': b'-- Up-to-date: /home/subhalaxmi/nidar_ws/install/px4_msgs/include/px4_msgs/px4_msgs/msg/device_information.hpp\n'}
[15.393945] (px4_msgs) StdoutLine: {'line': b'-- Up-to-date: /home/subhalaxmi/nidar_ws/install/px4_msgs/include/px4_msgs/px4_msgs/msg/magnetometer_bias_estimate.hpp\n'}
[15.394247] (px4_msgs) StdoutLine: {'line': b'-- Up-to-date: /home/subhalaxmi/nidar_ws/install/px4_msgs/include/px4_msgs/px4_msgs/msg/geofence_result.hpp\n'}
[15.394563] (px4_msgs) StdoutLine: {'line': b'-- Up-to-date: /home/subhalaxmi/nidar_ws/install/px4_msgs/include/px4_msgs/px4_msgs/msg/vehicle_acceleration.hpp\n'}
[15.394792] (px4_msgs) StdoutLine: {'line': b'-- Up-to-date: /home/subhalaxmi/nidar_ws/install/px4_msgs/include/px4_msgs/px4_msgs/msg/sensor_mag.hpp\n'}
[15.399289] (px4_msgs) StdoutLine: {'line': b'-- Up-to-date: /home/subhalaxmi/nidar_ws/install/px4_msgs/include/px4_msgs/px4_msgs/msg/raptor_input.hpp\n'}
[15.400242] (px4_msgs) StdoutLine: {'line': b'-- Up-to-date: /home/subhalaxmi/nidar_ws/install/px4_msgs/include/px4_msgs/px4_msgs/msg/estimator_bias3d.hpp\n'}
[15.404179] (px4_msgs) StdoutLine: {'line': b'-- Up-to-date: /home/subhalaxmi/nidar_ws/install/px4_msgs/include/px4_msgs/px4_msgs/msg/power_button_state.hpp\n'}
[15.404991] (px4_msgs) StdoutLine: {'line': b'-- Up-to-date: /home/subhalaxmi/nidar_ws/install/px4_msgs/include/px4_msgs/px4_msgs/msg/gimbal_manager_information.hpp\n'}
[15.405384] (px4_msgs) StdoutLine: {'line': b'-- Up-to-date: /home/subhalaxmi/nidar_ws/install/px4_msgs/include/px4_msgs/px4_msgs/msg/manual_control_switches.hpp\n'}
[15.405595] (px4_msgs) StdoutLine: {'line': b'-- Up-to-date: /home/subhalaxmi/nidar_ws/install/px4_msgs/include/px4_msgs/px4_msgs/msg/wind.hpp\n'}
[15.405786] (px4_msgs) StdoutLine: {'line': b'-- Up-to-date: /home/subhalaxmi/nidar_ws/install/px4_msgs/include/px4_msgs/px4_msgs/msg/gpio_config.hpp\n'}
[15.408760] (px4_msgs) StdoutLine: {'line': b'-- Up-to-date: /home/subhalaxmi/nidar_ws/install/px4_msgs/include/px4_msgs/px4_msgs/msg/open_drone_id_arm_status.hpp\n'}
[15.408997] (px4_msgs) StdoutLine: {'line': b'-- Up-to-date: /home/subhalaxmi/nidar_ws/install/px4_msgs/include/px4_msgs/px4_msgs/msg/geofence_status.hpp\n'}
[15.409219] (px4_msgs) StdoutLine: {'line': b'-- Up-to-date: /home/subhalaxmi/nidar_ws/install/px4_msgs/include/px4_msgs/px4_msgs/msg/fuel_tank_status.hpp\n'}
[15.409427] (px4_msgs) StdoutLine: {'line': b'-- Up-to-date: /home/subhalaxmi/nidar_ws/install/px4_msgs/include/px4_msgs/px4_msgs/msg/qshell_req.hpp\n'}
[15.409628] (px4_msgs) StdoutLine: {'line': b'-- Up-to-date: /home/subhalaxmi/nidar_ws/install/px4_msgs/include/px4_msgs/px4_msgs/msg/sensor_combined.hpp\n'}
[15.409855] (px4_msgs) StdoutLine: {'line': b'-- Up-to-date: /home/subhalaxmi/nidar_ws/install/px4_msgs/include/px4_msgs/px4_msgs/msg/qshell_retval.hpp\n'}
[15.410145] (px4_msgs) StdoutLine: {'line': b'-- Up-to-date: /home/subhalaxmi/nidar_ws/install/px4_msgs/include/px4_msgs/px4_msgs/msg/system_power.hpp\n'}
[15.410335] (px4_msgs) StdoutLine: {'line': b'-- Up-to-date: /home/subhalaxmi/nidar_ws/install/px4_msgs/include/px4_msgs/px4_msgs/msg/arming_check_request.hpp\n'}
[15.410541] (px4_msgs) StdoutLine: {'line': b'-- Up-to-date: /home/subhalaxmi/nidar_ws/install/px4_msgs/include/px4_msgs/px4_msgs/msg/vehicle_angular_velocity.hpp\n'}
[15.412951] (px4_msgs) StdoutLine: {'line': b'-- Up-to-date: /home/subhalaxmi/nidar_ws/install/px4_msgs/include/px4_msgs/px4_msgs/msg/adc_report.hpp\n'}
[15.413295] (px4_msgs) StdoutLine: {'line': b'-- Up-to-date: /home/subhalaxmi/nidar_ws/install/px4_msgs/include/px4_msgs/px4_msgs/msg/vtx.hpp\n'}
[15.413647] (px4_msgs) StdoutLine: {'line': b'-- Up-to-date: /home/subhalaxmi/nidar_ws/install/px4_msgs/include/px4_msgs/px4_msgs/msg/gripper.hpp\n'}
[15.413877] (px4_msgs) StdoutLine: {'line': b'-- Up-to-date: /home/subhalaxmi/nidar_ws/install/px4_msgs/include/px4_msgs/px4_msgs/msg/dataman_request.hpp\n'}
[15.414114] (px4_msgs) StdoutLine: {'line': b'-- Up-to-date: /home/subhalaxmi/nidar_ws/install/px4_msgs/include/px4_msgs/px4_msgs/msg/pps_capture.hpp\n'}
[15.414305] (px4_msgs) StdoutLine: {'line': b'-- Up-to-date: /home/subhalaxmi/nidar_ws/install/px4_msgs/include/px4_msgs/px4_msgs/msg/control_allocator_status.hpp\n'}
[15.414501] (px4_msgs) StdoutLine: {'line': b'-- Up-to-date: /home/subhalaxmi/nidar_ws/install/px4_msgs/include/px4_msgs/px4_msgs/msg/vehicle_attitude_setpoint.hpp\n'}
[15.414702] (px4_msgs) StdoutLine: {'line': b'-- Up-to-date: /home/subhalaxmi/nidar_ws/install/px4_msgs/include/px4_msgs/px4_msgs/msg/home_position.hpp\n'}
[15.415031] (px4_msgs) StdoutLine: {'line': b'-- Up-to-date: /home/subhalaxmi/nidar_ws/install/px4_msgs/include/px4_msgs/px4_msgs/msg/battery_info.hpp\n'}
[15.415242] (px4_msgs) StdoutLine: {'line': b'-- Up-to-date: /home/subhalaxmi/nidar_ws/install/px4_msgs/include/px4_msgs/px4_msgs/msg/estimator_aid_source3d.hpp\n'}
[15.415426] (px4_msgs) StdoutLine: {'line': b'-- Up-to-date: /home/subhalaxmi/nidar_ws/install/px4_msgs/include/px4_msgs/px4_msgs/msg/sensor_preflight_mag.hpp\n'}
[15.415605] (px4_msgs) StdoutLine: {'line': b'-- Up-to-date: /home/subhalaxmi/nidar_ws/install/px4_msgs/include/px4_msgs/px4_msgs/msg/navigator_status.hpp\n'}
[15.418838] (px4_msgs) StdoutLine: {'line': b'-- Up-to-date: /home/subhalaxmi/nidar_ws/install/px4_msgs/include/px4_msgs/px4_msgs/msg/message_format_request.hpp\n'}
[15.419343] (px4_msgs) StdoutLine: {'line': b'-- Up-to-date: /home/subhalaxmi/nidar_ws/install/px4_msgs/include/px4_msgs/px4_msgs/msg/log_message.hpp\n'}
[15.419551] (px4_msgs) StdoutLine: {'line': b'-- Up-to-date: /home/subhalaxmi/nidar_ws/install/px4_msgs/include/px4_msgs/px4_msgs/msg/open_drone_id_self_id.hpp\n'}
[15.419737] (px4_msgs) StdoutLine: {'line': b'-- Up-to-date: /home/subhalaxmi/nidar_ws/install/px4_msgs/include/px4_msgs/px4_msgs/msg/estimator_selector_status.hpp\n'}
[15.420033] (px4_msgs) StdoutLine: {'line': b'-- Up-to-date: /home/subhalaxmi/nidar_ws/install/px4_msgs/include/px4_msgs/px4_msgs/msg/airspeed_validated.hpp\n'}
[15.420229] (px4_msgs) StdoutLine: {'line': b'-- Up-to-date: /home/subhalaxmi/nidar_ws/install/px4_msgs/include/px4_msgs/px4_msgs/msg/flight_phase_estimation.hpp\n'}
[15.420409] (px4_msgs) StdoutLine: {'line': b'-- Up-to-date: /home/subhalaxmi/nidar_ws/install/px4_msgs/include/px4_msgs/px4_msgs/msg/gpio_out.hpp\n'}
[15.420591] (px4_msgs) StdoutLine: {'line': b'-- Up-to-date: /home/subhalaxmi/nidar_ws/install/px4_msgs/include/px4_msgs/px4_msgs/msg/neural_control.hpp\n'}
[15.420773] (px4_msgs) StdoutLine: {'line': b'-- Up-to-date: /home/subhalaxmi/nidar_ws/install/px4_msgs/include/px4_msgs/px4_msgs/msg/vehicle_constraints.hpp\n'}
[15.420985] (px4_msgs) StdoutLine: {'line': b'-- Up-to-date: /home/subhalaxmi/nidar_ws/install/px4_msgs/include/px4_msgs/px4_msgs/msg/detail\n'}
[15.421209] (px4_msgs) StdoutLine: {'line': b'-- Up-to-date: /home/subhalaxmi/nidar_ws/install/px4_msgs/include/px4_msgs/px4_msgs/msg/detail/follow_target__struct.hpp\n'}
[15.421412] (px4_msgs) StdoutLine: {'line': b'-- Up-to-date: /home/subhalaxmi/nidar_ws/install/px4_msgs/include/px4_msgs/px4_msgs/msg/detail/rover_attitude_setpoint__type_support.hpp\n'}
[15.421625] (px4_msgs) StdoutLine: {'line': b'-- Up-to-date: /home/subhalaxmi/nidar_ws/install/px4_msgs/include/px4_msgs/px4_msgs/msg/detail/register_ext_component_request__builder.hpp\n'}
[15.421835] (px4_msgs) StdoutLine: {'line': b'-- Up-to-date: /home/subhalaxmi/nidar_ws/install/px4_msgs/include/px4_msgs/px4_msgs/msg/detail/airspeed_wind__traits.hpp\n'}
[15.422051] (px4_msgs) StdoutLine: {'line': b'-- Up-to-date: /home/subhalaxmi/nidar_ws/install/px4_msgs/include/px4_msgs/px4_msgs/msg/detail/message_format_request__struct.hpp\n'}
[15.422353] (px4_msgs) StdoutLine: {'line': b'-- Up-to-date: /home/subhalaxmi/nidar_ws/install/px4_msgs/include/px4_msgs/px4_msgs/msg/detail/sensor_baro__builder.hpp\n'}
[15.422596] (px4_msgs) StdoutLine: {'line': b'-- Up-to-date: /home/subhalaxmi/nidar_ws/install/px4_msgs/include/px4_msgs/px4_msgs/msg/detail/register_ext_component_request__struct.hpp\n'}
[15.424113] (px4_msgs) StdoutLine: {'line': b'-- Up-to-date: /home/subhalaxmi/nidar_ws/install/px4_msgs/include/px4_msgs/px4_msgs/msg/detail/open_drone_id_operator_id__type_support.hpp\n'}
[15.426028] (px4_msgs) StdoutLine: {'line': b'-- Up-to-date: /home/subhalaxmi/nidar_ws/install/px4_msgs/include/px4_msgs/px4_msgs/msg/detail/actuator_servos_trim__struct.hpp\n'}
[15.426405] (px4_msgs) StdoutLine: {'line': b'-- Up-to-date: /home/subhalaxmi/nidar_ws/install/px4_msgs/include/px4_msgs/px4_msgs/msg/detail/register_ext_component_reply__builder.hpp\n'}
[15.426764] (px4_msgs) StdoutLine: {'line': b'-- Up-to-date: /home/subhalaxmi/nidar_ws/install/px4_msgs/include/px4_msgs/px4_msgs/msg/detail/rover_steering_setpoint__type_support.hpp\n'}
[15.427100] (px4_msgs) StdoutLine: {'line': b'-- Up-to-date: /home/subhalaxmi/nidar_ws/install/px4_msgs/include/px4_msgs/px4_msgs/msg/detail/follow_target_estimator__type_support.hpp\n'}
[15.427674] (px4_msgs) StdoutLine: {'line': b'-- Up-to-date: /home/subhalaxmi/nidar_ws/install/px4_msgs/include/px4_msgs/px4_msgs/msg/detail/vehicle_roi__builder.hpp\n'}
[15.435268] (px4_msgs) StdoutLine: {'line': b'-- Up-to-date: /home/subhalaxmi/nidar_ws/install/px4_msgs/include/px4_msgs/px4_msgs/msg/detail/position_controller_status__traits.hpp\n'}
[15.435665] (px4_msgs) StdoutLine: {'line': b'-- Up-to-date: /home/subhalaxmi/nidar_ws/install/px4_msgs/include/px4_msgs/px4_msgs/msg/detail/navigator_mission_item__traits.hpp\n'}
[15.436031] (px4_msgs) StdoutLine: {'line': b'-- Up-to-date: /home/subhalaxmi/nidar_ws/install/px4_msgs/include/px4_msgs/px4_msgs/msg/detail/camera_capture__struct.hpp\n'}
[15.436326] (px4_msgs) StdoutLine: {'line': b'-- Up-to-date: /home/subhalaxmi/nidar_ws/install/px4_msgs/include/px4_msgs/px4_msgs/msg/detail/log_message__traits.hpp\n'}
[15.436622] (px4_msgs) StdoutLine: {'line': b'-- Up-to-date: /home/subhalaxmi/nidar_ws/install/px4_msgs/include/px4_msgs/px4_msgs/msg/detail/sensor_correction__type_support.hpp\n'}
[15.436868] (px4_msgs) StdoutLine: {'line': b'-- Up-to-date: /home/subhalaxmi/nidar_ws/install/px4_msgs/include/px4_msgs/px4_msgs/msg/detail/sensor_gyro__builder.hpp\n'}
[15.437111] (px4_msgs) StdoutLine: {'line': b'-- Up-to-date: /home/subhalaxmi/nidar_ws/install/px4_msgs/include/px4_msgs/px4_msgs/msg/detail/battery_status__type_support.hpp\n'}
[15.437326] (px4_msgs) StdoutLine: {'line': b'-- Up-to-date: /home/subhalaxmi/nidar_ws/install/px4_msgs/include/px4_msgs/px4_msgs/msg/detail/orbit_status__traits.hpp\n'}
[15.437567] (px4_msgs) StdoutLine: {'line': b'-- Up-to-date: /home/subhalaxmi/nidar_ws/install/px4_msgs/include/px4_msgs/px4_msgs/msg/detail/debug_key_value__struct.hpp\n'}
[15.437786] (px4_msgs) StdoutLine: {'line': b'-- Up-to-date: /home/subhalaxmi/nidar_ws/install/px4_msgs/include/px4_msgs/px4_msgs/msg/detail/parameter_set_value_response__type_support.hpp\n'}
[15.444619] (-) TimerEvent: {}
[15.444884] (px4_msgs) StdoutLine: {'line': b'-- Up-to-date: /home/subhalaxmi/nidar_ws/install/px4_msgs/include/px4_msgs/px4_msgs/msg/detail/rover_rate_status__type_support.hpp\n'}
[15.445179] (px4_msgs) StdoutLine: {'line': b'-- Up-to-date: /home/subhalaxmi/nidar_ws/install/px4_msgs/include/px4_msgs/px4_msgs/msg/detail/ulog_stream_ack__type_support.hpp\n'}
[15.445382] (px4_msgs) StdoutLine: {'line': b'-- Up-to-date: /home/subhalaxmi/nidar_ws/install/px4_msgs/include/px4_msgs/px4_msgs/msg/detail/fuel_tank_status__traits.hpp\n'}
[15.445571] (px4_msgs) StdoutLine: {'line': b'-- Up-to-date: /home/subhalaxmi/nidar_ws/install/px4_msgs/include/px4_msgs/px4_msgs/msg/detail/flight_phase_estimation__struct.hpp\n'}
[15.445754] (px4_msgs) StdoutLine: {'line': b'-- Up-to-date: /home/subhalaxmi/nidar_ws/install/px4_msgs/include/px4_msgs/px4_msgs/msg/detail/landing_gear__traits.hpp\n'}
[15.447790] (px4_msgs) StdoutLine: {'line': b'-- Up-to-date: /home/subhalaxmi/nidar_ws/install/px4_msgs/include/px4_msgs/px4_msgs/msg/detail/parameter_update__traits.hpp\n'}
[15.449148] (px4_msgs) StdoutLine: {'line': b'-- Up-to-date: /home/subhalaxmi/nidar_ws/install/px4_msgs/include/px4_msgs/px4_msgs/msg/detail/rtl_time_estimate__struct.hpp\n'}
[15.449391] (px4_msgs) StdoutLine: {'line': b'-- Up-to-date: /home/subhalaxmi/nidar_ws/install/px4_msgs/include/px4_msgs/px4_msgs/msg/detail/sensor_optical_flow__type_support.hpp\n'}
[15.449588] (px4_msgs) StdoutLine: {'line': b'-- Up-to-date: /home/subhalaxmi/nidar_ws/install/px4_msgs/include/px4_msgs/px4_msgs/msg/detail/neural_control__traits.hpp\n'}
[15.451030] (px4_msgs) StdoutLine: {'line': b'-- Up-to-date: /home/subhalaxmi/nidar_ws/install/px4_msgs/include/px4_msgs/px4_msgs/msg/detail/sensor_selection__builder.hpp\n'}
[15.454286] (px4_msgs) StdoutLine: {'line': b'-- Up-to-date: /home/subhalaxmi/nidar_ws/install/px4_msgs/include/px4_msgs/px4_msgs/msg/detail/manual_control_setpoint__traits.hpp\n'}
[15.454647] (px4_msgs) StdoutLine: {'line': b'-- Up-to-date: /home/subhalaxmi/nidar_ws/install/px4_msgs/include/px4_msgs/px4_msgs/msg/detail/sensor_preflight_mag__struct.hpp\n'}
[15.454907] (px4_msgs) StdoutLine: {'line': b'-- Up-to-date: /home/subhalaxmi/nidar_ws/install/px4_msgs/include/px4_msgs/px4_msgs/msg/detail/debug_value__traits.hpp\n'}
[15.455128] (px4_msgs) StdoutLine: {'line': b'-- Up-to-date: /home/subhalaxmi/nidar_ws/install/px4_msgs/include/px4_msgs/px4_msgs/msg/detail/navigator_mission_item__type_support.hpp\n'}
[15.455311] (px4_msgs) StdoutLine: {'line': b'-- Up-to-date: /home/subhalaxmi/nidar_ws/install/px4_msgs/include/px4_msgs/px4_msgs/msg/detail/task_stack_info__builder.hpp\n'}
[15.455515] (px4_msgs) StdoutLine: {'line': b'-- Up-to-date: /home/subhalaxmi/nidar_ws/install/px4_msgs/include/px4_msgs/px4_msgs/msg/detail/vtol_vehicle_status__traits.hpp\n'}
[15.455692] (px4_msgs) StdoutLine: {'line': b'-- Up-to-date: /home/subhalaxmi/nidar_ws/install/px4_msgs/include/px4_msgs/px4_msgs/msg/detail/offboard_control_mode__struct.hpp\n'}
[15.455912] (px4_msgs) StdoutLine: {'line': b'-- Up-to-date: /home/subhalaxmi/nidar_ws/install/px4_msgs/include/px4_msgs/px4_msgs/msg/detail/onboard_computer_status__struct.hpp\n'}
[15.456111] (px4_msgs) StdoutLine: {'line': b'-- Up-to-date: /home/subhalaxmi/nidar_ws/install/px4_msgs/include/px4_msgs/px4_msgs/msg/detail/sensor_uwb__traits.hpp\n'}
[15.456309] (px4_msgs) StdoutLine: {'line': b'-- Up-to-date: /home/subhalaxmi/nidar_ws/install/px4_msgs/include/px4_msgs/px4_msgs/msg/detail/hover_thrust_estimate__traits.hpp\n'}
[15.456508] (px4_msgs) StdoutLine: {'line': b'-- Up-to-date: /home/subhalaxmi/nidar_ws/install/px4_msgs/include/px4_msgs/px4_msgs/msg/detail/log_message__type_support.hpp\n'}
[15.456737] (px4_msgs) StdoutLine: {'line': b'-- Up-to-date: /home/subhalaxmi/nidar_ws/install/px4_msgs/include/px4_msgs/px4_msgs/msg/detail/internal_combustion_engine_status__struct.hpp\n'}
[15.460010] (px4_msgs) StdoutLine: {'line': b'-- Up-to-date: /home/subhalaxmi/nidar_ws/install/px4_msgs/include/px4_msgs/px4_msgs/msg/detail/can_interface_status__struct.hpp\n'}
[15.460354] (px4_msgs) StdoutLine: {'line': b'-- Up-to-date: /home/subhalaxmi/nidar_ws/install/px4_msgs/include/px4_msgs/px4_msgs/msg/detail/open_drone_id_system__traits.hpp\n'}
[15.460590] (px4_msgs) StdoutLine: {'line': b'-- Up-to-date: /home/subhalaxmi/nidar_ws/install/px4_msgs/include/px4_msgs/px4_msgs/msg/detail/vtol_vehicle_status__type_support.hpp\n'}
[15.460795] (px4_msgs) StdoutLine: {'line': b'-- Up-to-date: /home/subhalaxmi/nidar_ws/install/px4_msgs/include/px4_msgs/px4_msgs/msg/detail/mode_completed__builder.hpp\n'}
[15.461036] (px4_msgs) StdoutLine: {'line': b'-- Up-to-date: /home/subhalaxmi/nidar_ws/install/px4_msgs/include/px4_msgs/px4_msgs/msg/detail/pps_capture__type_support.hpp\n'}
[15.461227] (px4_msgs) StdoutLine: {'line': b'-- Up-to-date: /home/subhalaxmi/nidar_ws/install/px4_msgs/include/px4_msgs/px4_msgs/msg/detail/gimbal_manager_set_manual_control__type_support.hpp\n'}
[15.461411] (px4_msgs) StdoutLine: {'line': b'-- Up-to-date: /home/subhalaxmi/nidar_ws/install/px4_msgs/include/px4_msgs/px4_msgs/msg/detail/mission_result__builder.hpp\n'}
[15.461709] (px4_msgs) StdoutLine: {'line': b'-- Up-to-date: /home/subhalaxmi/nidar_ws/install/px4_msgs/include/px4_msgs/px4_msgs/msg/detail/gimbal_controls__type_support.hpp\n'}
[15.461944] (px4_msgs) StdoutLine: {'line': b'-- Up-to-date: /home/subhalaxmi/nidar_ws/install/px4_msgs/include/px4_msgs/px4_msgs/msg/detail/rover_steering_setpoint__struct.hpp\n'}
[15.462137] (px4_msgs) StdoutLine: {'line': b'-- Up-to-date: /home/subhalaxmi/nidar_ws/install/px4_msgs/include/px4_msgs/px4_msgs/msg/detail/sensor_combined__struct.hpp\n'}
[15.462322] (px4_msgs) StdoutLine: {'line': b'-- Up-to-date: /home/subhalaxmi/nidar_ws/install/px4_msgs/include/px4_msgs/px4_msgs/msg/detail/vehicle_thrust_setpoint__struct.hpp\n'}
[15.462503] (px4_msgs) StdoutLine: {'line': b'-- Up-to-date: /home/subhalaxmi/nidar_ws/install/px4_msgs/include/px4_msgs/px4_msgs/msg/detail/message_format_request__traits.hpp\n'}
[15.465105] (px4_msgs) StdoutLine: {'line': b'-- Up-to-date: /home/subhalaxmi/nidar_ws/install/px4_msgs/include/px4_msgs/px4_msgs/msg/detail/timesync_status__struct.hpp\n'}
[15.465456] (px4_msgs) StdoutLine: {'line': b'-- Up-to-date: /home/subhalaxmi/nidar_ws/install/px4_msgs/include/px4_msgs/px4_msgs/msg/detail/sensor_preflight_mag__traits.hpp\n'}
[15.465656] (px4_msgs) StdoutLine: {'line': b'-- Up-to-date: /home/subhalaxmi/nidar_ws/install/px4_msgs/include/px4_msgs/px4_msgs/msg/detail/gps_inject_data__builder.hpp\n'}
[15.465868] (px4_msgs) StdoutLine: {'line': b'-- Up-to-date: /home/subhalaxmi/nidar_ws/install/px4_msgs/include/px4_msgs/px4_msgs/msg/detail/actuator_motors__struct.hpp\n'}
[15.466259] (px4_msgs) StdoutLine: {'line': b'-- Up-to-date: /home/subhalaxmi/nidar_ws/install/px4_msgs/include/px4_msgs/px4_msgs/msg/detail/estimator_aid_source1d__struct.hpp\n'}
[15.466647] (px4_msgs) StdoutLine: {'line': b'-- Up-to-date: /home/subhalaxmi/nidar_ws/install/px4_msgs/include/px4_msgs/px4_msgs/msg/detail/vehicle_attitude__type_support.hpp\n'}
[15.466890] (px4_msgs) StdoutLine: {'line': b'-- Up-to-date: /home/subhalaxmi/nidar_ws/install/px4_msgs/include/px4_msgs/px4_msgs/msg/detail/aux_global_position__struct.hpp\n'}
[15.467170] (px4_msgs) StdoutLine: {'line': b'-- Up-to-date: /home/subhalaxmi/nidar_ws/install/px4_msgs/include/px4_msgs/px4_msgs/msg/detail/ulog_stream_ack__struct.hpp\n'}
[15.467391] (px4_msgs) StdoutLine: {'line': b'-- Up-to-date: /home/subhalaxmi/nidar_ws/install/px4_msgs/include/px4_msgs/px4_msgs/msg/detail/actuator_controls_status__type_support.hpp\n'}
[15.467609] (px4_msgs) StdoutLine: {'line': b'-- Up-to-date: /home/subhalaxmi/nidar_ws/install/px4_msgs/include/px4_msgs/px4_msgs/msg/detail/sensor_gyro_fifo__traits.hpp\n'}
[15.467798] (px4_msgs) StdoutLine: {'line': b'-- Up-to-date: /home/subhalaxmi/nidar_ws/install/px4_msgs/include/px4_msgs/px4_msgs/msg/detail/actuator_armed__type_support.hpp\n'}
[15.468660] (px4_msgs) StdoutLine: {'line': b'-- Up-to-date: /home/subhalaxmi/nidar_ws/install/px4_msgs/include/px4_msgs/px4_msgs/msg/detail/onboard_computer_status__traits.hpp\n'}
[15.468931] (px4_msgs) StdoutLine: {'line': b'-- Up-to-date: /home/subhalaxmi/nidar_ws/install/px4_msgs/include/px4_msgs/px4_msgs/msg/detail/manual_control_switches__traits.hpp\n'}
[15.469125] (px4_msgs) StdoutLine: {'line': b'-- Up-to-date: /home/subhalaxmi/nidar_ws/install/px4_msgs/include/px4_msgs/px4_msgs/msg/detail/register_ext_component_reply__traits.hpp\n'}
[15.469694] (px4_msgs) StdoutLine: {'line': b'-- Up-to-date: /home/subhalaxmi/nidar_ws/install/px4_msgs/include/px4_msgs/px4_msgs/msg/detail/camera_capture__type_support.hpp\n'}
[15.470296] (px4_msgs) StdoutLine: {'line': b'-- Up-to-date: /home/subhalaxmi/nidar_ws/install/px4_msgs/include/px4_msgs/px4_msgs/msg/detail/gimbal_manager_set_manual_control__builder.hpp\n'}
[15.470522] (px4_msgs) StdoutLine: {'line': b'-- Up-to-date: /home/subhalaxmi/nidar_ws/install/px4_msgs/include/px4_msgs/px4_msgs/msg/detail/vehicle_local_position_setpoint__struct.hpp\n'}
[15.470721] (px4_msgs) StdoutLine: {'line': b'-- Up-to-date: /home/subhalaxmi/nidar_ws/install/px4_msgs/include/px4_msgs/px4_msgs/msg/detail/dataman_response__traits.hpp\n'}
[15.470982] (px4_msgs) StdoutLine: {'line': b'-- Up-to-date: /home/subhalaxmi/nidar_ws/install/px4_msgs/include/px4_msgs/px4_msgs/msg/detail/register_ext_component_request__type_support.hpp\n'}
[15.471243] (px4_msgs) StdoutLine: {'line': b'-- Up-to-date: /home/subhalaxmi/nidar_ws/install/px4_msgs/include/px4_msgs/px4_msgs/msg/detail/lateral_control_configuration__struct.hpp\n'}
[15.471513] (px4_msgs) StdoutLine: {'line': b'-- Up-to-date: /home/subhalaxmi/nidar_ws/install/px4_msgs/include/px4_msgs/px4_msgs/msg/detail/vehicle_acceleration__traits.hpp\n'}
[15.471727] (px4_msgs) StdoutLine: {'line': b'-- Up-to-date: /home/subhalaxmi/nidar_ws/install/px4_msgs/include/px4_msgs/px4_msgs/msg/detail/internal_combustion_engine_control__type_support.hpp\n'}
[15.472373] (px4_msgs) StdoutLine: {'line': b'-- Up-to-date: /home/subhalaxmi/nidar_ws/install/px4_msgs/include/px4_msgs/px4_msgs/msg/detail/normalized_unsigned_setpoint__struct.hpp\n'}
[15.473236] (px4_msgs) StdoutLine: {'line': b'-- Up-to-date: /home/subhalaxmi/nidar_ws/install/px4_msgs/include/px4_msgs/px4_msgs/msg/detail/mag_worker_data__traits.hpp\n'}
[15.473436] (px4_msgs) StdoutLine: {'line': b'-- Up-to-date: /home/subhalaxmi/nidar_ws/install/px4_msgs/include/px4_msgs/px4_msgs/msg/detail/collision_constraints__struct.hpp\n'}
[15.473619] (px4_msgs) StdoutLine: {'line': b'-- Up-to-date: /home/subhalaxmi/nidar_ws/install/px4_msgs/include/px4_msgs/px4_msgs/msg/detail/vehicle_local_position_setpoint__type_support.hpp\n'}
[15.473859] (px4_msgs) StdoutLine: {'line': b'-- Up-to-date: /home/subhalaxmi/nidar_ws/install/px4_msgs/include/px4_msgs/px4_msgs/msg/detail/internal_combustion_engine_control__builder.hpp\n'}
[15.474124] (px4_msgs) StdoutLine: {'line': b'-- Up-to-date: /home/subhalaxmi/nidar_ws/install/px4_msgs/include/px4_msgs/px4_msgs/msg/detail/landing_gear_wheel__builder.hpp\n'}
[15.477040] (px4_msgs) StdoutLine: {'line': b'-- Up-to-date: /home/subhalaxmi/nidar_ws/install/px4_msgs/include/px4_msgs/px4_msgs/msg/detail/estimator_sensor_bias__traits.hpp\n'}
[15.477512] (px4_msgs) StdoutLine: {'line': b'-- Up-to-date: /home/subhalaxmi/nidar_ws/install/px4_msgs/include/px4_msgs/px4_msgs/msg/detail/debug_array__struct.hpp\n'}
[15.477717] (px4_msgs) StdoutLine: {'line': b'-- Up-to-date: /home/subhalaxmi/nidar_ws/install/px4_msgs/include/px4_msgs/px4_msgs/msg/detail/iridiumsbd_status__traits.hpp\n'}
[15.477938] (px4_msgs) StdoutLine: {'line': b'-- Up-to-date: /home/subhalaxmi/nidar_ws/install/px4_msgs/include/px4_msgs/px4_msgs/msg/detail/vehicle_optical_flow__type_support.hpp\n'}
[15.478128] (px4_msgs) StdoutLine: {'line': b'-- Up-to-date: /home/subhalaxmi/nidar_ws/install/px4_msgs/include/px4_msgs/px4_msgs/msg/detail/esc_report__builder.hpp\n'}
[15.478341] (px4_msgs) StdoutLine: {'line': b'-- Up-to-date: /home/subhalaxmi/nidar_ws/install/px4_msgs/include/px4_msgs/px4_msgs/msg/detail/mavlink_tunnel__builder.hpp\n'}
[15.478547] (px4_msgs) StdoutLine: {'line': b'-- Up-to-date: /home/subhalaxmi/nidar_ws/install/px4_msgs/include/px4_msgs/px4_msgs/msg/detail/wind__struct.hpp\n'}
[15.480178] (px4_msgs) StdoutLine: {'line': b'-- Up-to-date: /home/subhalaxmi/nidar_ws/install/px4_msgs/include/px4_msgs/px4_msgs/msg/detail/actuator_outputs__struct.hpp\n'}
[15.480574] (px4_msgs) StdoutLine: {'line': b'-- Up-to-date: /home/subhalaxmi/nidar_ws/install/px4_msgs/include/px4_msgs/px4_msgs/msg/detail/radio_status__traits.hpp\n'}
[15.480783] (px4_msgs) StdoutLine: {'line': b'-- Up-to-date: /home/subhalaxmi/nidar_ws/install/px4_msgs/include/px4_msgs/px4_msgs/msg/detail/vehicle_attitude_setpoint__traits.hpp\n'}
[15.481066] (px4_msgs) StdoutLine: {'line': b'-- Up-to-date: /home/subhalaxmi/nidar_ws/install/px4_msgs/include/px4_msgs/px4_msgs/msg/detail/satellite_info__builder.hpp\n'}
[15.481450] (px4_msgs) StdoutLine: {'line': b'-- Up-to-date: /home/subhalaxmi/nidar_ws/install/px4_msgs/include/px4_msgs/px4_msgs/msg/detail/message_format_response__traits.hpp\n'}
[15.482586] (px4_msgs) StdoutLine: {'line': b'-- Up-to-date: /home/subhalaxmi/nidar_ws/install/px4_msgs/include/px4_msgs/px4_msgs/msg/detail/fixed_wing_longitudinal_setpoint__struct.hpp\n'}
[15.483220] (px4_msgs) StdoutLine: {'line': b'-- Up-to-date: /home/subhalaxmi/nidar_ws/install/px4_msgs/include/px4_msgs/px4_msgs/msg/detail/orbit_status__type_support.hpp\n'}
[15.483498] (px4_msgs) StdoutLine: {'line': b'-- Up-to-date: /home/subhalaxmi/nidar_ws/install/px4_msgs/include/px4_msgs/px4_msgs/msg/detail/rover_attitude_status__builder.hpp\n'}
[15.484222] (px4_msgs) StdoutLine: {'line': b'-- Up-to-date: /home/subhalaxmi/nidar_ws/install/px4_msgs/include/px4_msgs/px4_msgs/msg/detail/manual_control_switches__type_support.hpp\n'}
[15.484505] (px4_msgs) StdoutLine: {'line': b'-- Up-to-date: /home/subhalaxmi/nidar_ws/install/px4_msgs/include/px4_msgs/px4_msgs/msg/detail/magnetometer_bias_estimate__builder.hpp\n'}
[15.484731] (px4_msgs) StdoutLine: {'line': b'-- Up-to-date: /home/subhalaxmi/nidar_ws/install/px4_msgs/include/px4_msgs/px4_msgs/msg/detail/position_controller_status__type_support.hpp\n'}
[15.486361] (px4_msgs) StdoutLine: {'line': b'-- Up-to-date: /home/subhalaxmi/nidar_ws/install/px4_msgs/include/px4_msgs/px4_msgs/msg/detail/estimator_aid_source2d__struct.hpp\n'}
[15.486674] (px4_msgs) StdoutLine: {'line': b'-- Up-to-date: /home/subhalaxmi/nidar_ws/install/px4_msgs/include/px4_msgs/px4_msgs/msg/detail/vehicle_land_detected__type_support.hpp\n'}
[15.487070] (px4_msgs) StdoutLine: {'line': b'-- Up-to-date: /home/subhalaxmi/nidar_ws/install/px4_msgs/include/px4_msgs/px4_msgs/msg/detail/rover_speed_status__builder.hpp\n'}
[15.487400] (px4_msgs) StdoutLine: {'line': b'-- Up-to-date: /home/subhalaxmi/nidar_ws/install/px4_msgs/include/px4_msgs/px4_msgs/msg/detail/register_ext_component_request__traits.hpp\n'}
[15.488285] (px4_msgs) StdoutLine: {'line': b'-- Up-to-date: /home/subhalaxmi/nidar_ws/install/px4_msgs/include/px4_msgs/px4_msgs/msg/detail/rtl_time_estimate__builder.hpp\n'}
[15.488569] (px4_msgs) StdoutLine: {'line': b'-- Up-to-date: /home/subhalaxmi/nidar_ws/install/px4_msgs/include/px4_msgs/px4_msgs/msg/detail/geofence_status__struct.hpp\n'}
[15.488865] (px4_msgs) StdoutLine: {'line': b'-- Up-to-date: /home/subhalaxmi/nidar_ws/install/px4_msgs/include/px4_msgs/px4_msgs/msg/detail/vehicle_rates_setpoint__struct.hpp\n'}
[15.489221] (px4_msgs) StdoutLine: {'line': b'-- Up-to-date: /home/subhalaxmi/nidar_ws/install/px4_msgs/include/px4_msgs/px4_msgs/msg/detail/offboard_control_mode__type_support.hpp\n'}
[15.489516] (px4_msgs) StdoutLine: {'line': b'-- Up-to-date: /home/subhalaxmi/nidar_ws/install/px4_msgs/include/px4_msgs/px4_msgs/msg/detail/vehicle_imu_status__type_support.hpp\n'}
[15.489759] (px4_msgs) StdoutLine: {'line': b'-- Up-to-date: /home/subhalaxmi/nidar_ws/install/px4_msgs/include/px4_msgs/px4_msgs/msg/detail/position_setpoint_triplet__struct.hpp\n'}
[15.491265] (px4_msgs) StdoutLine: {'line': b'-- Up-to-date: /home/subhalaxmi/nidar_ws/install/px4_msgs/include/px4_msgs/px4_msgs/msg/detail/pure_pursuit_status__struct.hpp\n'}
[15.491985] (px4_msgs) StdoutLine: {'line': b'-- Up-to-date: /home/subhalaxmi/nidar_ws/install/px4_msgs/include/px4_msgs/px4_msgs/msg/detail/fixed_wing_lateral_status__builder.hpp\n'}
[15.492518] (px4_msgs) StdoutLine: {'line': b'-- Up-to-date: /home/subhalaxmi/nidar_ws/install/px4_msgs/include/px4_msgs/px4_msgs/msg/detail/parameter_set_value_response__builder.hpp\n'}
[15.493017] (px4_msgs) StdoutLine: {'line': b'-- Up-to-date: /home/subhalaxmi/nidar_ws/install/px4_msgs/include/px4_msgs/px4_msgs/msg/detail/gimbal_manager_status__struct.hpp\n'}
[15.495311] (px4_msgs) StdoutLine: {'line': b'-- Up-to-date: /home/subhalaxmi/nidar_ws/install/px4_msgs/include/px4_msgs/px4_msgs/msg/detail/can_interface_status__type_support.hpp\n'}
[15.495713] (px4_msgs) StdoutLine: {'line': b'-- Up-to-date: /home/subhalaxmi/nidar_ws/install/px4_msgs/include/px4_msgs/px4_msgs/msg/detail/gimbal_manager_status__traits.hpp\n'}
[15.496151] (px4_msgs) StdoutLine: {'line': b'-- Up-to-date: /home/subhalaxmi/nidar_ws/install/px4_msgs/include/px4_msgs/px4_msgs/msg/detail/open_drone_id_operator_id__struct.hpp\n'}
[15.498441] (px4_msgs) StdoutLine: {'line': b'-- Up-to-date: /home/subhalaxmi/nidar_ws/install/px4_msgs/include/px4_msgs/px4_msgs/msg/detail/estimator_aid_source3d__builder.hpp\n'}
[15.499307] (px4_msgs) StdoutLine: {'line': b'-- Up-to-date: /home/subhalaxmi/nidar_ws/install/px4_msgs/include/px4_msgs/px4_msgs/msg/detail/vehicle_optical_flow_vel__type_support.hpp\n'}
[15.499845] (px4_msgs) StdoutLine: {'line': b'-- Up-to-date: /home/subhalaxmi/nidar_ws/install/px4_msgs/include/px4_msgs/px4_msgs/msg/detail/navigator_status__traits.hpp\n'}
[15.501928] (px4_msgs) StdoutLine: {'line': b'-- Up-to-date: /home/subhalaxmi/nidar_ws/install/px4_msgs/include/px4_msgs/px4_msgs/msg/detail/estimator_selector_status__traits.hpp\n'}
[15.502171] (px4_msgs) StdoutLine: {'line': b'-- Up-to-date: /home/subhalaxmi/nidar_ws/install/px4_msgs/include/px4_msgs/px4_msgs/msg/detail/orb_test_large__struct.hpp\n'}
[15.502370] (px4_msgs) StdoutLine: {'line': b'-- Up-to-date: /home/subhalaxmi/nidar_ws/install/px4_msgs/include/px4_msgs/px4_msgs/msg/detail/follow_target_status__type_support.hpp\n'}
[15.503534] (px4_msgs) StdoutLine: {'line': b'-- Up-to-date: /home/subhalaxmi/nidar_ws/install/px4_msgs/include/px4_msgs/px4_msgs/msg/detail/rover_position_setpoint__struct.hpp\n'}
[15.503842] (px4_msgs) StdoutLine: {'line': b'-- Up-to-date: /home/subhalaxmi/nidar_ws/install/px4_msgs/include/px4_msgs/px4_msgs/msg/detail/vehicle_status__traits.hpp\n'}
[15.504154] (px4_msgs) StdoutLine: {'line': b'-- Up-to-date: /home/subhalaxmi/nidar_ws/install/px4_msgs/include/px4_msgs/px4_msgs/msg/detail/fixed_wing_lateral_guidance_status__struct.hpp\n'}
[15.504720] (px4_msgs) StdoutLine: {'line': b'-- Up-to-date: /home/subhalaxmi/nidar_ws/install/px4_msgs/include/px4_msgs/px4_msgs/msg/detail/internal_combustion_engine_status__builder.hpp\n'}
[15.504986] (px4_msgs) StdoutLine: {'line': b'-- Up-to-date: /home/subhalaxmi/nidar_ws/install/px4_msgs/include/px4_msgs/px4_msgs/msg/detail/airspeed_validated__builder.hpp\n'}
[15.506047] (px4_msgs) StdoutLine: {'line': b'-- Up-to-date: /home/subhalaxmi/nidar_ws/install/px4_msgs/include/px4_msgs/px4_msgs/msg/detail/vehicle_local_position_setpoint__traits.hpp\n'}
[15.507229] (px4_msgs) StdoutLine: {'line': b'-- Up-to-date: /home/subhalaxmi/nidar_ws/install/px4_msgs/include/px4_msgs/px4_msgs/msg/detail/satellite_info__traits.hpp\n'}
[15.507480] (px4_msgs) StdoutLine: {'line': b'-- Up-to-date: /home/subhalaxmi/nidar_ws/install/px4_msgs/include/px4_msgs/px4_msgs/msg/detail/flight_phase_estimation__type_support.hpp\n'}
[15.507679] (px4_msgs) StdoutLine: {'line': b'-- Up-to-date: /home/subhalaxmi/nidar_ws/install/px4_msgs/include/px4_msgs/px4_msgs/msg/detail/rpm__builder.hpp\n'}
[15.507938] (px4_msgs) StdoutLine: {'line': b'-- Up-to-date: /home/subhalaxmi/nidar_ws/install/px4_msgs/include/px4_msgs/px4_msgs/msg/detail/satellite_info__struct.hpp\n'}
[15.509001] (px4_msgs) StdoutLine: {'line': b'-- Up-to-date: /home/subhalaxmi/nidar_ws/install/px4_msgs/include/px4_msgs/px4_msgs/msg/detail/px4io_status__struct.hpp\n'}
[15.509334] (px4_msgs) StdoutLine: {'line': b'-- Up-to-date: /home/subhalaxmi/nidar_ws/install/px4_msgs/include/px4_msgs/px4_msgs/msg/detail/geofence_result__traits.hpp\n'}
[15.510736] (px4_msgs) StdoutLine: {'line': b'-- Up-to-date: /home/subhalaxmi/nidar_ws/install/px4_msgs/include/px4_msgs/px4_msgs/msg/detail/sensor_gnss_relative__builder.hpp\n'}
[15.511139] (px4_msgs) StdoutLine: {'line': b'-- Up-to-date: /home/subhalaxmi/nidar_ws/install/px4_msgs/include/px4_msgs/px4_msgs/msg/detail/system_power__struct.hpp\n'}
[15.511349] (px4_msgs) StdoutLine: {'line': b'-- Up-to-date: /home/subhalaxmi/nidar_ws/install/px4_msgs/include/px4_msgs/px4_msgs/msg/detail/sensor_accel__struct.hpp\n'}
[15.511536] (px4_msgs) StdoutLine: {'line': b'-- Up-to-date: /home/subhalaxmi/nidar_ws/install/px4_msgs/include/px4_msgs/px4_msgs/msg/detail/airspeed__builder.hpp\n'}
[15.511813] (px4_msgs) StdoutLine: {'line': b'-- Up-to-date: /home/subhalaxmi/nidar_ws/install/px4_msgs/include/px4_msgs/px4_msgs/msg/detail/actuator_servos_trim__type_support.hpp\n'}
[15.512472] (px4_msgs) StdoutLine: {'line': b'-- Up-to-date: /home/subhalaxmi/nidar_ws/install/px4_msgs/include/px4_msgs/px4_msgs/msg/detail/ekf2_timestamps__traits.hpp\n'}
[15.512670] (px4_msgs) StdoutLine: {'line': b'-- Up-to-date: /home/subhalaxmi/nidar_ws/install/px4_msgs/include/px4_msgs/px4_msgs/msg/detail/unregister_ext_component__struct.hpp\n'}
[15.512874] (px4_msgs) StdoutLine: {'line': b'-- Up-to-date: /home/subhalaxmi/nidar_ws/install/px4_msgs/include/px4_msgs/px4_msgs/msg/detail/landing_target_pose__builder.hpp\n'}
[15.513066] (px4_msgs) StdoutLine: {'line': b'-- Up-to-date: /home/subhalaxmi/nidar_ws/install/px4_msgs/include/px4_msgs/px4_msgs/msg/detail/parameter_set_value_response__traits.hpp\n'}
[15.513242] (px4_msgs) StdoutLine: {'line': b'-- Up-to-date: /home/subhalaxmi/nidar_ws/install/px4_msgs/include/px4_msgs/px4_msgs/msg/detail/estimator_status__type_support.hpp\n'}
[15.513422] (px4_msgs) StdoutLine: {'line': b'-- Up-to-date: /home/subhalaxmi/nidar_ws/install/px4_msgs/include/px4_msgs/px4_msgs/msg/detail/vehicle_roi__type_support.hpp\n'}
[15.513638] (px4_msgs) StdoutLine: {'line': b'-- Up-to-date: /home/subhalaxmi/nidar_ws/install/px4_msgs/include/px4_msgs/px4_msgs/msg/detail/pwm_input__traits.hpp\n'}
[15.513866] (px4_msgs) StdoutLine: {'line': b'-- Up-to-date: /home/subhalaxmi/nidar_ws/install/px4_msgs/include/px4_msgs/px4_msgs/msg/detail/timesync_status__traits.hpp\n'}
[15.515873] (px4_msgs) StdoutLine: {'line': b'-- Up-to-date: /home/subhalaxmi/nidar_ws/install/px4_msgs/include/px4_msgs/px4_msgs/msg/detail/estimator_sensor_bias__builder.hpp\n'}
[15.516154] (px4_msgs) StdoutLine: {'line': b'-- Up-to-date: /home/subhalaxmi/nidar_ws/install/px4_msgs/include/px4_msgs/px4_msgs/msg/detail/estimator_aid_source1d__builder.hpp\n'}
[15.516610] (px4_msgs) StdoutLine: {'line': b'-- Up-to-date: /home/subhalaxmi/nidar_ws/install/px4_msgs/include/px4_msgs/px4_msgs/msg/detail/vehicle_angular_velocity__traits.hpp\n'}
[15.516852] (px4_msgs) StdoutLine: {'line': b'-- Up-to-date: /home/subhalaxmi/nidar_ws/install/px4_msgs/include/px4_msgs/px4_msgs/msg/detail/irlock_report__builder.hpp\n'}
[15.518188] (px4_msgs) StdoutLine: {'line': b'-- Up-to-date: /home/subhalaxmi/nidar_ws/install/px4_msgs/include/px4_msgs/px4_msgs/msg/detail/parameter_set_used_request__builder.hpp\n'}
[15.518407] (px4_msgs) StdoutLine: {'line': b'-- Up-to-date: /home/subhalaxmi/nidar_ws/install/px4_msgs/include/px4_msgs/px4_msgs/msg/detail/estimator_states__struct.hpp\n'}
[15.518598] (px4_msgs) StdoutLine: {'line': b'-- Up-to-date: /home/subhalaxmi/nidar_ws/install/px4_msgs/include/px4_msgs/px4_msgs/msg/detail/landing_target_innovations__traits.hpp\n'}
[15.518848] (px4_msgs) StdoutLine: {'line': b'-- Up-to-date: /home/subhalaxmi/nidar_ws/install/px4_msgs/include/px4_msgs/px4_msgs/msg/detail/logger_status__traits.hpp\n'}
[15.520065] (px4_msgs) StdoutLine: {'line': b'-- Up-to-date: /home/subhalaxmi/nidar_ws/install/px4_msgs/include/px4_msgs/px4_msgs/msg/detail/gpio_request__builder.hpp\n'}
[15.521985] (px4_msgs) StdoutLine: {'line': b'-- Up-to-date: /home/subhalaxmi/nidar_ws/install/px4_msgs/include/px4_msgs/px4_msgs/msg/detail/led_control__builder.hpp\n'}
[15.522203] (px4_msgs) StdoutLine: {'line': b'-- Up-to-date: /home/subhalaxmi/nidar_ws/install/px4_msgs/include/px4_msgs/px4_msgs/msg/detail/camera_trigger__builder.hpp\n'}
[15.522387] (px4_msgs) StdoutLine: {'line': b'-- Up-to-date: /home/subhalaxmi/nidar_ws/install/px4_msgs/include/px4_msgs/px4_msgs/msg/detail/sensor_mag__type_support.hpp\n'}
[15.522568] (px4_msgs) StdoutLine: {'line': b'-- Up-to-date: /home/subhalaxmi/nidar_ws/install/px4_msgs/include/px4_msgs/px4_msgs/msg/detail/rover_attitude_status__type_support.hpp\n'}
[15.522742] (px4_msgs) StdoutLine: {'line': b'-- Up-to-date: /home/subhalaxmi/nidar_ws/install/px4_msgs/include/px4_msgs/px4_msgs/msg/detail/estimator_aid_source2d__builder.hpp\n'}
[15.525162] (px4_msgs) StdoutLine: {'line': b'-- Up-to-date: /home/subhalaxmi/nidar_ws/install/px4_msgs/include/px4_msgs/px4_msgs/msg/detail/gpio_config__type_support.hpp\n'}
[15.531660] (px4_msgs) StdoutLine: {'line': b'-- Up-to-date: /home/subhalaxmi/nidar_ws/install/px4_msgs/include/px4_msgs/px4_msgs/msg/detail/pps_capture__struct.hpp\n'}
[15.532164] (px4_msgs) StdoutLine: {'line': b'-- Up-to-date: /home/subhalaxmi/nidar_ws/install/px4_msgs/include/px4_msgs/px4_msgs/msg/detail/sensor_optical_flow__builder.hpp\n'}
[15.532552] (px4_msgs) StdoutLine: {'line': b'-- Up-to-date: /home/subhalaxmi/nidar_ws/install/px4_msgs/include/px4_msgs/px4_msgs/msg/detail/rover_speed_setpoint__builder.hpp\n'}
[15.534077] (px4_msgs) StdoutLine: {'line': b'-- Up-to-date: /home/subhalaxmi/nidar_ws/install/px4_msgs/include/px4_msgs/px4_msgs/msg/detail/config_overrides__traits.hpp\n'}
[15.535065] (px4_msgs) StdoutLine: {'line': b'-- Up-to-date: /home/subhalaxmi/nidar_ws/install/px4_msgs/include/px4_msgs/px4_msgs/msg/detail/trajectory_setpoint__builder.hpp\n'}
[15.545970] (px4_msgs) StdoutLine: {'line': b'-- Up-to-date: /home/subhalaxmi/nidar_ws/install/px4_msgs/include/px4_msgs/px4_msgs/msg/detail/failure_detector_status__type_support.hpp\n'}
[15.546487] (-) TimerEvent: {}
[15.546735] (px4_msgs) StdoutLine: {'line': b'-- Up-to-date: /home/subhalaxmi/nidar_ws/install/px4_msgs/include/px4_msgs/px4_msgs/msg/detail/tune_control__builder.hpp\n'}
[15.547007] (px4_msgs) StdoutLine: {'line': b'-- Up-to-date: /home/subhalaxmi/nidar_ws/install/px4_msgs/include/px4_msgs/px4_msgs/msg/detail/parameter_set_used_request__type_support.hpp\n'}
[15.547205] (px4_msgs) StdoutLine: {'line': b'-- Up-to-date: /home/subhalaxmi/nidar_ws/install/px4_msgs/include/px4_msgs/px4_msgs/msg/detail/vehicle_rates_setpoint__traits.hpp\n'}
[15.547454] (px4_msgs) StdoutLine: {'line': b'-- Up-to-date: /home/subhalaxmi/nidar_ws/install/px4_msgs/include/px4_msgs/px4_msgs/msg/detail/rate_ctrl_status__type_support.hpp\n'}
[15.552560] (px4_msgs) StdoutLine: {'line': b'-- Up-to-date: /home/subhalaxmi/nidar_ws/install/px4_msgs/include/px4_msgs/px4_msgs/msg/detail/rc_parameter_map__builder.hpp\n'}
[15.552984] (px4_msgs) StdoutLine: {'line': b'-- Up-to-date: /home/subhalaxmi/nidar_ws/install/px4_msgs/include/px4_msgs/px4_msgs/msg/detail/orb_test__type_support.hpp\n'}
[15.553221] (px4_msgs) StdoutLine: {'line': b'-- Up-to-date: /home/subhalaxmi/nidar_ws/install/px4_msgs/include/px4_msgs/px4_msgs/msg/detail/landing_target_pose__type_support.hpp\n'}
[15.553416] (px4_msgs) StdoutLine: {'line': b'-- Up-to-date: /home/subhalaxmi/nidar_ws/install/px4_msgs/include/px4_msgs/px4_msgs/msg/detail/takeoff_status__builder.hpp\n'}
[15.553601] (px4_msgs) StdoutLine: {'line': b'-- Up-to-date: /home/subhalaxmi/nidar_ws/install/px4_msgs/include/px4_msgs/px4_msgs/msg/detail/estimator_status_flags__type_support.hpp\n'}
[15.553788] (px4_msgs) StdoutLine: {'line': b'-- Up-to-date: /home/subhalaxmi/nidar_ws/install/px4_msgs/include/px4_msgs/px4_msgs/msg/detail/parameter_update__struct.hpp\n'}
[15.554973] (px4_msgs) StdoutLine: {'line': b'-- Up-to-date: /home/subhalaxmi/nidar_ws/install/px4_msgs/include/px4_msgs/px4_msgs/msg/detail/sensor_baro__type_support.hpp\n'}
[15.556969] (px4_msgs) StdoutLine: {'line': b'-- Up-to-date: /home/subhalaxmi/nidar_ws/install/px4_msgs/include/px4_msgs/px4_msgs/msg/detail/estimator_states__builder.hpp\n'}
[15.557311] (px4_msgs) StdoutLine: {'line': b'-- Up-to-date: /home/subhalaxmi/nidar_ws/install/px4_msgs/include/px4_msgs/px4_msgs/msg/detail/position_controller_status__struct.hpp\n'}
[15.557554] (px4_msgs) StdoutLine: {'line': b'-- Up-to-date: /home/subhalaxmi/nidar_ws/install/px4_msgs/include/px4_msgs/px4_msgs/msg/detail/offboard_control_mode__builder.hpp\n'}
[15.557789] (px4_msgs) StdoutLine: {'line': b'-- Up-to-date: /home/subhalaxmi/nidar_ws/install/px4_msgs/include/px4_msgs/px4_msgs/msg/detail/vehicle_control_mode__traits.hpp\n'}
[15.558044] (px4_msgs) StdoutLine: {'line': b'-- Up-to-date: /home/subhalaxmi/nidar_ws/install/px4_msgs/include/px4_msgs/px4_msgs/msg/detail/qshell_retval__builder.hpp\n'}
[15.558247] (px4_msgs) StdoutLine: {'line': b'-- Up-to-date: /home/subhalaxmi/nidar_ws/install/px4_msgs/include/px4_msgs/px4_msgs/msg/detail/gimbal_manager_information__builder.hpp\n'}
[15.558449] (px4_msgs) StdoutLine: {'line': b'-- Up-to-date: /home/subhalaxmi/nidar_ws/install/px4_msgs/include/px4_msgs/px4_msgs/msg/detail/distance_sensor_mode_change_request__traits.hpp\n'}
[15.561088] (px4_msgs) StdoutLine: {'line': b'-- Up-to-date: /home/subhalaxmi/nidar_ws/install/px4_msgs/include/px4_msgs/px4_msgs/msg/detail/ulog_stream_ack__traits.hpp\n'}
[15.561329] (px4_msgs) StdoutLine: {'line': b'-- Up-to-date: /home/subhalaxmi/nidar_ws/install/px4_msgs/include/px4_msgs/px4_msgs/msg/detail/rover_throttle_setpoint__type_support.hpp\n'}
[15.561518] (px4_msgs) StdoutLine: {'line': b'-- Up-to-date: /home/subhalaxmi/nidar_ws/install/px4_msgs/include/px4_msgs/px4_msgs/msg/detail/neural_control__builder.hpp\n'}
[15.561728] (px4_msgs) StdoutLine: {'line': b'-- Up-to-date: /home/subhalaxmi/nidar_ws/install/px4_msgs/include/px4_msgs/px4_msgs/msg/detail/mavlink_log__traits.hpp\n'}
[15.562328] (px4_msgs) StdoutLine: {'line': b'-- Up-to-date: /home/subhalaxmi/nidar_ws/install/px4_msgs/include/px4_msgs/px4_msgs/msg/detail/debug_vect__traits.hpp\n'}
[15.562539] (px4_msgs) StdoutLine: {'line': b'-- Up-to-date: /home/subhalaxmi/nidar_ws/install/px4_msgs/include/px4_msgs/px4_msgs/msg/detail/rc_channels__struct.hpp\n'}
[15.562722] (px4_msgs) StdoutLine: {'line': b'-- Up-to-date: /home/subhalaxmi/nidar_ws/install/px4_msgs/include/px4_msgs/px4_msgs/msg/detail/airspeed_validated__type_support.hpp\n'}
[15.562925] (px4_msgs) StdoutLine: {'line': b'-- Up-to-date: /home/subhalaxmi/nidar_ws/install/px4_msgs/include/px4_msgs/px4_msgs/msg/detail/wind__traits.hpp\n'}
[15.563133] (px4_msgs) StdoutLine: {'line': b'-- Up-to-date: /home/subhalaxmi/nidar_ws/install/px4_msgs/include/px4_msgs/px4_msgs/msg/detail/vehicle_status__builder.hpp\n'}
[15.563312] (px4_msgs) StdoutLine: {'line': b'-- Up-to-date: /home/subhalaxmi/nidar_ws/install/px4_msgs/include/px4_msgs/px4_msgs/msg/detail/airspeed__struct.hpp\n'}
[15.563506] (px4_msgs) StdoutLine: {'line': b'-- Up-to-date: /home/subhalaxmi/nidar_ws/install/px4_msgs/include/px4_msgs/px4_msgs/msg/detail/figure_eight_status__struct.hpp\n'}
[15.563694] (px4_msgs) StdoutLine: {'line': b'-- Up-to-date: /home/subhalaxmi/nidar_ws/install/px4_msgs/include/px4_msgs/px4_msgs/msg/detail/sensors_status__struct.hpp\n'}
[15.567170] (px4_msgs) StdoutLine: {'line': b'-- Up-to-date: /home/subhalaxmi/nidar_ws/install/px4_msgs/include/px4_msgs/px4_msgs/msg/detail/estimator_aid_source3d__traits.hpp\n'}
[15.567561] (px4_msgs) StdoutLine: {'line': b'-- Up-to-date: /home/subhalaxmi/nidar_ws/install/px4_msgs/include/px4_msgs/px4_msgs/msg/detail/goto_setpoint__type_support.hpp\n'}
[15.567961] (px4_msgs) StdoutLine: {'line': b'-- Up-to-date: /home/subhalaxmi/nidar_ws/install/px4_msgs/include/px4_msgs/px4_msgs/msg/detail/gpio_out__type_support.hpp\n'}
[15.568259] (px4_msgs) StdoutLine: {'line': b'-- Up-to-date: /home/subhalaxmi/nidar_ws/install/px4_msgs/include/px4_msgs/px4_msgs/msg/detail/sensor_preflight_mag__type_support.hpp\n'}
[15.569135] (px4_msgs) StdoutLine: {'line': b'-- Up-to-date: /home/subhalaxmi/nidar_ws/install/px4_msgs/include/px4_msgs/px4_msgs/msg/detail/cellular_status__traits.hpp\n'}
[15.575316] (px4_msgs) StdoutLine: {'line': b'-- Up-to-date: /home/subhalaxmi/nidar_ws/install/px4_msgs/include/px4_msgs/px4_msgs/msg/detail/vehicle_acceleration__struct.hpp\n'}
[15.575735] (px4_msgs) StdoutLine: {'line': b'-- Up-to-date: /home/subhalaxmi/nidar_ws/install/px4_msgs/include/px4_msgs/px4_msgs/msg/detail/sensor_combined__type_support.hpp\n'}
[15.576131] (px4_msgs) StdoutLine: {'line': b'-- Up-to-date: /home/subhalaxmi/nidar_ws/install/px4_msgs/include/px4_msgs/px4_msgs/msg/detail/longitudinal_control_configuration__traits.hpp\n'}
[15.576397] (px4_msgs) StdoutLine: {'line': b'-- Up-to-date: /home/subhalaxmi/nidar_ws/install/px4_msgs/include/px4_msgs/px4_msgs/msg/detail/arming_check_reply__struct.hpp\n'}
[15.578063] (px4_msgs) StdoutLine: {'line': b'-- Up-to-date: /home/subhalaxmi/nidar_ws/install/px4_msgs/include/px4_msgs/px4_msgs/msg/detail/gpio_config__struct.hpp\n'}
[15.578386] (px4_msgs) StdoutLine: {'line': b'-- Up-to-date: /home/subhalaxmi/nidar_ws/install/px4_msgs/include/px4_msgs/px4_msgs/msg/detail/gimbal_manager_set_attitude__builder.hpp\n'}
[15.578672] (px4_msgs) StdoutLine: {'line': b'-- Up-to-date: /home/subhalaxmi/nidar_ws/install/px4_msgs/include/px4_msgs/px4_msgs/msg/detail/transponder_report__struct.hpp\n'}
[15.579179] (px4_msgs) StdoutLine: {'line': b'-- Up-to-date: /home/subhalaxmi/nidar_ws/install/px4_msgs/include/px4_msgs/px4_msgs/msg/detail/gimbal_manager_set_attitude__type_support.hpp\n'}
[15.579749] (px4_msgs) StdoutLine: {'line': b'-- Up-to-date: /home/subhalaxmi/nidar_ws/install/px4_msgs/include/px4_msgs/px4_msgs/msg/detail/sensor_uwb__type_support.hpp\n'}
[15.580906] (px4_msgs) StdoutLine: {'line': b'-- Up-to-date: /home/subhalaxmi/nidar_ws/install/px4_msgs/include/px4_msgs/px4_msgs/msg/detail/sensor_gnss_status__builder.hpp\n'}
[15.582109] (px4_msgs) StdoutLine: {'line': b'-- Up-to-date: /home/subhalaxmi/nidar_ws/install/px4_msgs/include/px4_msgs/px4_msgs/msg/detail/position_controller_landing_status__type_support.hpp\n'}
[15.585951] (px4_msgs) StdoutLine: {'line': b'-- Up-to-date: /home/subhalaxmi/nidar_ws/install/px4_msgs/include/px4_msgs/px4_msgs/msg/detail/differential_pressure__traits.hpp\n'}
[15.586254] (px4_msgs) StdoutLine: {'line': b'-- Up-to-date: /home/subhalaxmi/nidar_ws/install/px4_msgs/include/px4_msgs/px4_msgs/msg/detail/gimbal_device_information__type_support.hpp\n'}
[15.586445] (px4_msgs) StdoutLine: {'line': b'-- Up-to-date: /home/subhalaxmi/nidar_ws/install/px4_msgs/include/px4_msgs/px4_msgs/msg/detail/vtol_vehicle_status__builder.hpp\n'}
[15.586653] (px4_msgs) StdoutLine: {'line': b'-- Up-to-date: /home/subhalaxmi/nidar_ws/install/px4_msgs/include/px4_msgs/px4_msgs/msg/detail/actuator_test__struct.hpp\n'}
[15.587670] (px4_msgs) StdoutLine: {'line': b'-- Up-to-date: /home/subhalaxmi/nidar_ws/install/px4_msgs/include/px4_msgs/px4_msgs/msg/detail/ulog_stream__struct.hpp\n'}
[15.587969] (px4_msgs) StdoutLine: {'line': b'-- Up-to-date: /home/subhalaxmi/nidar_ws/install/px4_msgs/include/px4_msgs/px4_msgs/msg/detail/collision_constraints__type_support.hpp\n'}
[15.588292] (px4_msgs) StdoutLine: {'line': b'-- Up-to-date: /home/subhalaxmi/nidar_ws/install/px4_msgs/include/px4_msgs/px4_msgs/msg/detail/arming_check_reply__traits.hpp\n'}
[15.588484] (px4_msgs) StdoutLine: {'line': b'-- Up-to-date: /home/subhalaxmi/nidar_ws/install/px4_msgs/include/px4_msgs/px4_msgs/msg/detail/camera_status__builder.hpp\n'}
[15.588666] (px4_msgs) StdoutLine: {'line': b'-- Up-to-date: /home/subhalaxmi/nidar_ws/install/px4_msgs/include/px4_msgs/px4_msgs/msg/detail/vehicle_attitude_setpoint__type_support.hpp\n'}
[15.588861] (px4_msgs) StdoutLine: {'line': b'-- Up-to-date: /home/subhalaxmi/nidar_ws/install/px4_msgs/include/px4_msgs/px4_msgs/msg/detail/vehicle_global_position__struct.hpp\n'}
[15.589064] (px4_msgs) StdoutLine: {'line': b'-- Up-to-date: /home/subhalaxmi/nidar_ws/install/px4_msgs/include/px4_msgs/px4_msgs/msg/detail/sensors_status_imu__builder.hpp\n'}
[15.589253] (px4_msgs) StdoutLine: {'line': b'-- Up-to-date: /home/subhalaxmi/nidar_ws/install/px4_msgs/include/px4_msgs/px4_msgs/msg/detail/geofence_status__type_support.hpp\n'}
[15.589464] (px4_msgs) StdoutLine: {'line': b'-- Up-to-date: /home/subhalaxmi/nidar_ws/install/px4_msgs/include/px4_msgs/px4_msgs/msg/detail/actuator_servos__builder.hpp\n'}
[15.589667] (px4_msgs) StdoutLine: {'line': b'-- Up-to-date: /home/subhalaxmi/nidar_ws/install/px4_msgs/include/px4_msgs/px4_msgs/msg/detail/ping__struct.hpp\n'}
[15.589887] (px4_msgs) StdoutLine: {'line': b'-- Up-to-date: /home/subhalaxmi/nidar_ws/install/px4_msgs/include/px4_msgs/px4_msgs/msg/detail/orb_test_medium__struct.hpp\n'}
[15.590083] (px4_msgs) StdoutLine: {'line': b'-- Up-to-date: /home/subhalaxmi/nidar_ws/install/px4_msgs/include/px4_msgs/px4_msgs/msg/detail/ulog_stream__traits.hpp\n'}
[15.593303] (px4_msgs) StdoutLine: {'line': b'-- Up-to-date: /home/subhalaxmi/nidar_ws/install/px4_msgs/include/px4_msgs/px4_msgs/msg/detail/rtl_status__builder.hpp\n'}
[15.593561] (px4_msgs) StdoutLine: {'line': b'-- Up-to-date: /home/subhalaxmi/nidar_ws/install/px4_msgs/include/px4_msgs/px4_msgs/msg/detail/tune_control__traits.hpp\n'}
[15.593735] (px4_msgs) StdoutLine: {'line': b'-- Up-to-date: /home/subhalaxmi/nidar_ws/install/px4_msgs/include/px4_msgs/px4_msgs/msg/detail/tiltrotor_extra_controls__builder.hpp\n'}
[15.593964] (px4_msgs) StdoutLine: {'line': b'-- Up-to-date: /home/subhalaxmi/nidar_ws/install/px4_msgs/include/px4_msgs/px4_msgs/msg/detail/fixed_wing_runway_control__struct.hpp\n'}
[15.594159] (px4_msgs) StdoutLine: {'line': b'-- Up-to-date: /home/subhalaxmi/nidar_ws/install/px4_msgs/include/px4_msgs/px4_msgs/msg/detail/landing_gear__type_support.hpp\n'}
[15.594354] (px4_msgs) StdoutLine: {'line': b'-- Up-to-date: /home/subhalaxmi/nidar_ws/install/px4_msgs/include/px4_msgs/px4_msgs/msg/detail/parameter_set_used_request__traits.hpp\n'}
[15.594534] (px4_msgs) StdoutLine: {'line': b'-- Up-to-date: /home/subhalaxmi/nidar_ws/install/px4_msgs/include/px4_msgs/px4_msgs/msg/detail/fuel_tank_status__builder.hpp\n'}
[15.594715] (px4_msgs) StdoutLine: {'line': b'-- Up-to-date: /home/subhalaxmi/nidar_ws/install/px4_msgs/include/px4_msgs/px4_msgs/msg/detail/trajectory_setpoint6dof__struct.hpp\n'}
[15.594948] (px4_msgs) StdoutLine: {'line': b'-- Up-to-date: /home/subhalaxmi/nidar_ws/install/px4_msgs/include/px4_msgs/px4_msgs/msg/detail/mount_orientation__traits.hpp\n'}
[15.595136] (px4_msgs) StdoutLine: {'line': b'-- Up-to-date: /home/subhalaxmi/nidar_ws/install/px4_msgs/include/px4_msgs/px4_msgs/msg/detail/navigator_status__builder.hpp\n'}
[15.595331] (px4_msgs) StdoutLine: {'line': b'-- Up-to-date: /home/subhalaxmi/nidar_ws/install/px4_msgs/include/px4_msgs/px4_msgs/msg/detail/sensor_accel_fifo__builder.hpp\n'}
[15.595535] (px4_msgs) StdoutLine: {'line': b'-- Up-to-date: /home/subhalaxmi/nidar_ws/install/px4_msgs/include/px4_msgs/px4_msgs/msg/detail/estimator_gps_status__traits.hpp\n'}
[15.595745] (px4_msgs) StdoutLine: {'line': b'-- Up-to-date: /home/subhalaxmi/nidar_ws/install/px4_msgs/include/px4_msgs/px4_msgs/msg/detail/message_format_response__struct.hpp\n'}
[15.597531] (px4_msgs) StdoutLine: {'line': b'-- Up-to-date: /home/subhalaxmi/nidar_ws/install/px4_msgs/include/px4_msgs/px4_msgs/msg/detail/open_drone_id_arm_status__builder.hpp\n'}
[15.597742] (px4_msgs) StdoutLine: {'line': b'-- Up-to-date: /home/subhalaxmi/nidar_ws/install/px4_msgs/include/px4_msgs/px4_msgs/msg/detail/vehicle_status__struct.hpp\n'}
[15.597972] (px4_msgs) StdoutLine: {'line': b'-- Up-to-date: /home/subhalaxmi/nidar_ws/install/px4_msgs/include/px4_msgs/px4_msgs/msg/detail/navigator_mission_item__builder.hpp\n'}
[15.598191] (px4_msgs) StdoutLine: {'line': b'-- Up-to-date: /home/subhalaxmi/nidar_ws/install/px4_msgs/include/px4_msgs/px4_msgs/msg/detail/differential_pressure__struct.hpp\n'}
[15.598401] (px4_msgs) StdoutLine: {'line': b'-- Up-to-date: /home/subhalaxmi/nidar_ws/install/px4_msgs/include/px4_msgs/px4_msgs/msg/detail/message_format_request__type_support.hpp\n'}
[15.598602] (px4_msgs) StdoutLine: {'line': b'-- Up-to-date: /home/subhalaxmi/nidar_ws/install/px4_msgs/include/px4_msgs/px4_msgs/msg/detail/vehicle_imu_status__traits.hpp\n'}
[15.598791] (px4_msgs) StdoutLine: {'line': b'-- Up-to-date: /home/subhalaxmi/nidar_ws/install/px4_msgs/include/px4_msgs/px4_msgs/msg/detail/vehicle_local_position__traits.hpp\n'}
[15.600048] (px4_msgs) StdoutLine: {'line': b'-- Up-to-date: /home/subhalaxmi/nidar_ws/install/px4_msgs/include/px4_msgs/px4_msgs/msg/detail/camera_trigger__type_support.hpp\n'}
[15.600282] (px4_msgs) StdoutLine: {'line': b'-- Up-to-date: /home/subhalaxmi/nidar_ws/install/px4_msgs/include/px4_msgs/px4_msgs/msg/detail/rc_channels__type_support.hpp\n'}
[15.600454] (px4_msgs) StdoutLine: {'line': b'-- Up-to-date: /home/subhalaxmi/nidar_ws/install/px4_msgs/include/px4_msgs/px4_msgs/msg/detail/gimbal_device_information__struct.hpp\n'}
[15.600622] (px4_msgs) StdoutLine: {'line': b'-- Up-to-date: /home/subhalaxmi/nidar_ws/install/px4_msgs/include/px4_msgs/px4_msgs/msg/detail/sensor_gyro__type_support.hpp\n'}
[15.600790] (px4_msgs) StdoutLine: {'line': b'-- Up-to-date: /home/subhalaxmi/nidar_ws/install/px4_msgs/include/px4_msgs/px4_msgs/msg/detail/vehicle_thrust_setpoint__type_support.hpp\n'}
[15.600994] (px4_msgs) StdoutLine: {'line': b'-- Up-to-date: /home/subhalaxmi/nidar_ws/install/px4_msgs/include/px4_msgs/px4_msgs/msg/detail/rc_parameter_map__type_support.hpp\n'}
[15.601159] (px4_msgs) StdoutLine: {'line': b'-- Up-to-date: /home/subhalaxmi/nidar_ws/install/px4_msgs/include/px4_msgs/px4_msgs/msg/detail/system_power__builder.hpp\n'}
[15.601326] (px4_msgs) StdoutLine: {'line': b'-- Up-to-date: /home/subhalaxmi/nidar_ws/install/px4_msgs/include/px4_msgs/px4_msgs/msg/detail/input_rc__traits.hpp\n'}
[15.601498] (px4_msgs) StdoutLine: {'line': b'-- Up-to-date: /home/subhalaxmi/nidar_ws/install/px4_msgs/include/px4_msgs/px4_msgs/msg/detail/arming_check_request__builder.hpp\n'}
[15.604557] (px4_msgs) StdoutLine: {'line': b'-- Up-to-date: /home/subhalaxmi/nidar_ws/install/px4_msgs/include/px4_msgs/px4_msgs/msg/detail/vehicle_torque_setpoint__builder.hpp\n'}
[15.605135] (px4_msgs) StdoutLine: {'line': b'-- Up-to-date: /home/subhalaxmi/nidar_ws/install/px4_msgs/include/px4_msgs/px4_msgs/msg/detail/estimator_status__builder.hpp\n'}
[15.605366] (px4_msgs) StdoutLine: {'line': b'-- Up-to-date: /home/subhalaxmi/nidar_ws/install/px4_msgs/include/px4_msgs/px4_msgs/msg/detail/actuator_servos_trim__builder.hpp\n'}
[15.605546] (px4_msgs) StdoutLine: {'line': b'-- Up-to-date: /home/subhalaxmi/nidar_ws/install/px4_msgs/include/px4_msgs/px4_msgs/msg/detail/vehicle_control_mode__type_support.hpp\n'}
[15.605744] (px4_msgs) StdoutLine: {'line': b'-- Up-to-date: /home/subhalaxmi/nidar_ws/install/px4_msgs/include/px4_msgs/px4_msgs/msg/detail/sensor_temp__type_support.hpp\n'}
[15.605962] (px4_msgs) StdoutLine: {'line': b'-- Up-to-date: /home/subhalaxmi/nidar_ws/install/px4_msgs/include/px4_msgs/px4_msgs/msg/detail/actuator_armed__traits.hpp\n'}
[15.606204] (px4_msgs) StdoutLine: {'line': b'-- Up-to-date: /home/subhalaxmi/nidar_ws/install/px4_msgs/include/px4_msgs/px4_msgs/msg/detail/qshell_req__struct.hpp\n'}
[15.606443] (px4_msgs) StdoutLine: {'line': b'-- Up-to-date: /home/subhalaxmi/nidar_ws/install/px4_msgs/include/px4_msgs/px4_msgs/msg/detail/rover_rate_setpoint__struct.hpp\n'}
[15.606675] (px4_msgs) StdoutLine: {'line': b'-- Up-to-date: /home/subhalaxmi/nidar_ws/install/px4_msgs/include/px4_msgs/px4_msgs/msg/detail/estimator_status_flags__traits.hpp\n'}
[15.609074] (px4_msgs) StdoutLine: {'line': b'-- Up-to-date: /home/subhalaxmi/nidar_ws/install/px4_msgs/include/px4_msgs/px4_msgs/msg/detail/mission_result__traits.hpp\n'}
[15.609312] (px4_msgs) StdoutLine: {'line': b'-- Up-to-date: /home/subhalaxmi/nidar_ws/install/px4_msgs/include/px4_msgs/px4_msgs/msg/detail/sensor_gyro_fifo__builder.hpp\n'}
[15.609495] (px4_msgs) StdoutLine: {'line': b'-- Up-to-date: /home/subhalaxmi/nidar_ws/install/px4_msgs/include/px4_msgs/px4_msgs/msg/detail/telemetry_status__type_support.hpp\n'}
[15.609672] (px4_msgs) StdoutLine: {'line': b'-- Up-to-date: /home/subhalaxmi/nidar_ws/install/px4_msgs/include/px4_msgs/px4_msgs/msg/detail/qshell_retval__struct.hpp\n'}
[15.610932] (px4_msgs) StdoutLine: {'line': b'-- Up-to-date: /home/subhalaxmi/nidar_ws/install/px4_msgs/include/px4_msgs/px4_msgs/msg/detail/debug_value__builder.hpp\n'}
[15.611214] (px4_msgs) StdoutLine: {'line': b'-- Up-to-date: /home/subhalaxmi/nidar_ws/install/px4_msgs/include/px4_msgs/px4_msgs/msg/detail/estimator_bias3d__builder.hpp\n'}
[15.611442] (px4_msgs) StdoutLine: {'line': b'-- Up-to-date: /home/subhalaxmi/nidar_ws/install/px4_msgs/include/px4_msgs/px4_msgs/msg/detail/sensor_optical_flow__struct.hpp\n'}
[15.611661] (px4_msgs) StdoutLine: {'line': b'-- Up-to-date: /home/subhalaxmi/nidar_ws/install/px4_msgs/include/px4_msgs/px4_msgs/msg/detail/actuator_controls_status__struct.hpp\n'}
[15.611995] (px4_msgs) StdoutLine: {'line': b'-- Up-to-date: /home/subhalaxmi/nidar_ws/install/px4_msgs/include/px4_msgs/px4_msgs/msg/detail/vtx__type_support.hpp\n'}
[15.612208] (px4_msgs) StdoutLine: {'line': b'-- Up-to-date: /home/subhalaxmi/nidar_ws/install/px4_msgs/include/px4_msgs/px4_msgs/msg/detail/vehicle_imu__struct.hpp\n'}
[15.612386] (px4_msgs) StdoutLine: {'line': b'-- Up-to-date: /home/subhalaxmi/nidar_ws/install/px4_msgs/include/px4_msgs/px4_msgs/msg/detail/task_stack_info__traits.hpp\n'}
[15.612590] (px4_msgs) StdoutLine: {'line': b'-- Up-to-date: /home/subhalaxmi/nidar_ws/install/px4_msgs/include/px4_msgs/px4_msgs/msg/detail/mission_result__type_support.hpp\n'}
[15.613693] (px4_msgs) StdoutLine: {'line': b'-- Up-to-date: /home/subhalaxmi/nidar_ws/install/px4_msgs/include/px4_msgs/px4_msgs/msg/detail/trajectory_setpoint6dof__traits.hpp\n'}
[15.614134] (px4_msgs) StdoutLine: {'line': b'-- Up-to-date: /home/subhalaxmi/nidar_ws/install/px4_msgs/include/px4_msgs/px4_msgs/msg/detail/airspeed_validated__struct.hpp\n'}
[15.614374] (px4_msgs) StdoutLine: {'line': b'-- Up-to-date: /home/subhalaxmi/nidar_ws/install/px4_msgs/include/px4_msgs/px4_msgs/msg/detail/open_drone_id_system__type_support.hpp\n'}
[15.614641] (px4_msgs) StdoutLine: {'line': b'-- Up-to-date: /home/subhalaxmi/nidar_ws/install/px4_msgs/include/px4_msgs/px4_msgs/msg/detail/wind__builder.hpp\n'}
[15.614872] (px4_msgs) StdoutLine: {'line': b'-- Up-to-date: /home/subhalaxmi/nidar_ws/install/px4_msgs/include/px4_msgs/px4_msgs/msg/detail/distance_sensor__builder.hpp\n'}
[15.615115] (px4_msgs) StdoutLine: {'line': b'-- Up-to-date: /home/subhalaxmi/nidar_ws/install/px4_msgs/include/px4_msgs/px4_msgs/msg/detail/actuator_armed__builder.hpp\n'}
[15.615333] (px4_msgs) StdoutLine: {'line': b'-- Up-to-date: /home/subhalaxmi/nidar_ws/install/px4_msgs/include/px4_msgs/px4_msgs/msg/detail/sensor_mag__builder.hpp\n'}
[15.618444] (px4_msgs) StdoutLine: {'line': b'-- Up-to-date: /home/subhalaxmi/nidar_ws/install/px4_msgs/include/px4_msgs/px4_msgs/msg/detail/velocity_limits__struct.hpp\n'}
[15.618891] (px4_msgs) StdoutLine: {'line': b'-- Up-to-date: /home/subhalaxmi/nidar_ws/install/px4_msgs/include/px4_msgs/px4_msgs/msg/detail/collision_constraints__builder.hpp\n'}
[15.619243] (px4_msgs) StdoutLine: {'line': b'-- Up-to-date: /home/subhalaxmi/nidar_ws/install/px4_msgs/include/px4_msgs/px4_msgs/msg/detail/estimator_selector_status__struct.hpp\n'}
[15.619554] (px4_msgs) StdoutLine: {'line': b'-- Up-to-date: /home/subhalaxmi/nidar_ws/install/px4_msgs/include/px4_msgs/px4_msgs/msg/detail/vehicle_air_data__struct.hpp\n'}
[15.619874] (px4_msgs) StdoutLine: {'line': b'-- Up-to-date: /home/subhalaxmi/nidar_ws/install/px4_msgs/include/px4_msgs/px4_msgs/msg/detail/rover_rate_status__traits.hpp\n'}
[15.620159] (px4_msgs) StdoutLine: {'line': b'-- Up-to-date: /home/subhalaxmi/nidar_ws/install/px4_msgs/include/px4_msgs/px4_msgs/msg/detail/fuel_tank_status__type_support.hpp\n'}
[15.620467] (px4_msgs) StdoutLine: {'line': b'-- Up-to-date: /home/subhalaxmi/nidar_ws/install/px4_msgs/include/px4_msgs/px4_msgs/msg/detail/geofence_result__struct.hpp\n'}
[15.620788] (px4_msgs) StdoutLine: {'line': b'-- Up-to-date: /home/subhalaxmi/nidar_ws/install/px4_msgs/include/px4_msgs/px4_msgs/msg/detail/vehicle_magnetometer__type_support.hpp\n'}
[15.624105] (px4_msgs) StdoutLine: {'line': b'-- Up-to-date: /home/subhalaxmi/nidar_ws/install/px4_msgs/include/px4_msgs/px4_msgs/msg/detail/landing_gear_wheel__type_support.hpp\n'}
[15.625196] (px4_msgs) StdoutLine: {'line': b'-- Up-to-date: /home/subhalaxmi/nidar_ws/install/px4_msgs/include/px4_msgs/px4_msgs/msg/detail/debug_vect__type_support.hpp\n'}
[15.625637] (px4_msgs) StdoutLine: {'line': b'-- Up-to-date: /home/subhalaxmi/nidar_ws/install/px4_msgs/include/px4_msgs/px4_msgs/msg/detail/estimator_bias3d__type_support.hpp\n'}
[15.625957] (px4_msgs) StdoutLine: {'line': b'-- Up-to-date: /home/subhalaxmi/nidar_ws/install/px4_msgs/include/px4_msgs/px4_msgs/msg/detail/power_button_state__struct.hpp\n'}
[15.626236] (px4_msgs) StdoutLine: {'line': b'-- Up-to-date: /home/subhalaxmi/nidar_ws/install/px4_msgs/include/px4_msgs/px4_msgs/msg/detail/gps_inject_data__type_support.hpp\n'}
[15.626462] (px4_msgs) StdoutLine: {'line': b'-- Up-to-date: /home/subhalaxmi/nidar_ws/install/px4_msgs/include/px4_msgs/px4_msgs/msg/detail/distance_sensor__traits.hpp\n'}
[15.626667] (px4_msgs) StdoutLine: {'line': b'-- Up-to-date: /home/subhalaxmi/nidar_ws/install/px4_msgs/include/px4_msgs/px4_msgs/msg/detail/vehicle_optical_flow__struct.hpp\n'}
[15.630125] (px4_msgs) StdoutLine: {'line': b'-- Up-to-date: /home/subhalaxmi/nidar_ws/install/px4_msgs/include/px4_msgs/px4_msgs/msg/detail/orb_test_large__type_support.hpp\n'}
[15.630917] (px4_msgs) StdoutLine: {'line': b'-- Up-to-date: /home/subhalaxmi/nidar_ws/install/px4_msgs/include/px4_msgs/px4_msgs/msg/detail/sensors_status_imu__struct.hpp\n'}
[15.633874] (px4_msgs) StdoutLine: {'line': b'-- Up-to-date: /home/subhalaxmi/nidar_ws/install/px4_msgs/include/px4_msgs/px4_msgs/msg/detail/debug_value__type_support.hpp\n'}
[15.634118] (px4_msgs) StdoutLine: {'line': b'-- Up-to-date: /home/subhalaxmi/nidar_ws/install/px4_msgs/include/px4_msgs/px4_msgs/msg/detail/register_ext_component_reply__type_support.hpp\n'}
[15.634305] (px4_msgs) StdoutLine: {'line': b'-- Up-to-date: /home/subhalaxmi/nidar_ws/install/px4_msgs/include/px4_msgs/px4_msgs/msg/detail/follow_target_status__struct.hpp\n'}
[15.634500] (px4_msgs) StdoutLine: {'line': b'-- Up-to-date: /home/subhalaxmi/nidar_ws/install/px4_msgs/include/px4_msgs/px4_msgs/msg/detail/unregister_ext_component__type_support.hpp\n'}
[15.634684] (px4_msgs) StdoutLine: {'line': b'-- Up-to-date: /home/subhalaxmi/nidar_ws/install/px4_msgs/include/px4_msgs/px4_msgs/msg/detail/trajectory_setpoint6dof__type_support.hpp\n'}
[15.634890] (px4_msgs) StdoutLine: {'line': b'-- Up-to-date: /home/subhalaxmi/nidar_ws/install/px4_msgs/include/px4_msgs/px4_msgs/msg/detail/orb_test__struct.hpp\n'}
[15.635125] (px4_msgs) StdoutLine: {'line': b'-- Up-to-date: /home/subhalaxmi/nidar_ws/install/px4_msgs/include/px4_msgs/px4_msgs/msg/detail/button_event__traits.hpp\n'}
[15.635314] (px4_msgs) StdoutLine: {'line': b'-- Up-to-date: /home/subhalaxmi/nidar_ws/install/px4_msgs/include/px4_msgs/px4_msgs/msg/detail/uavcan_parameter_request__struct.hpp\n'}
[15.635623] (px4_msgs) StdoutLine: {'line': b'-- Up-to-date: /home/subhalaxmi/nidar_ws/install/px4_msgs/include/px4_msgs/px4_msgs/msg/detail/vehicle_status__type_support.hpp\n'}
[15.636143] (px4_msgs) StdoutLine: {'line': b'-- Up-to-date: /home/subhalaxmi/nidar_ws/install/px4_msgs/include/px4_msgs/px4_msgs/msg/detail/cellular_status__type_support.hpp\n'}
[15.636387] (px4_msgs) StdoutLine: {'line': b'-- Up-to-date: /home/subhalaxmi/nidar_ws/install/px4_msgs/include/px4_msgs/px4_msgs/msg/detail/vehicle_torque_setpoint__type_support.hpp\n'}
[15.637037] (px4_msgs) StdoutLine: {'line': b'-- Up-to-date: /home/subhalaxmi/nidar_ws/install/px4_msgs/include/px4_msgs/px4_msgs/msg/detail/magnetometer_bias_estimate__type_support.hpp\n'}
[15.637248] (px4_msgs) StdoutLine: {'line': b'-- Up-to-date: /home/subhalaxmi/nidar_ws/install/px4_msgs/include/px4_msgs/px4_msgs/msg/detail/orb_test__traits.hpp\n'}
[15.637443] (px4_msgs) StdoutLine: {'line': b'-- Up-to-date: /home/subhalaxmi/nidar_ws/install/px4_msgs/include/px4_msgs/px4_msgs/msg/detail/vtol_vehicle_status__struct.hpp\n'}
[15.637624] (px4_msgs) StdoutLine: {'line': b'-- Up-to-date: /home/subhalaxmi/nidar_ws/install/px4_msgs/include/px4_msgs/px4_msgs/msg/detail/uavcan_parameter_request__traits.hpp\n'}
[15.637814] (px4_msgs) StdoutLine: {'line': b'-- Up-to-date: /home/subhalaxmi/nidar_ws/install/px4_msgs/include/px4_msgs/px4_msgs/msg/detail/estimator_bias__struct.hpp\n'}
[15.640923] (px4_msgs) StdoutLine: {'line': b'-- Up-to-date: /home/subhalaxmi/nidar_ws/install/px4_msgs/include/px4_msgs/px4_msgs/msg/detail/gripper__struct.hpp\n'}
[15.641320] (px4_msgs) StdoutLine: {'line': b'-- Up-to-date: /home/subhalaxmi/nidar_ws/install/px4_msgs/include/px4_msgs/px4_msgs/msg/detail/rover_speed_status__traits.hpp\n'}
[15.641516] (px4_msgs) StdoutLine: {'line': b'-- Up-to-date: /home/subhalaxmi/nidar_ws/install/px4_msgs/include/px4_msgs/px4_msgs/msg/detail/distance_sensor_mode_change_request__builder.hpp\n'}
[15.641851] (px4_msgs) StdoutLine: {'line': b'-- Up-to-date: /home/subhalaxmi/nidar_ws/install/px4_msgs/include/px4_msgs/px4_msgs/msg/detail/battery_info__struct.hpp\n'}
[15.642063] (px4_msgs) StdoutLine: {'line': b'-- Up-to-date: /home/subhalaxmi/nidar_ws/install/px4_msgs/include/px4_msgs/px4_msgs/msg/detail/manual_control_setpoint__type_support.hpp\n'}
[15.642245] (px4_msgs) StdoutLine: {'line': b'-- Up-to-date: /home/subhalaxmi/nidar_ws/install/px4_msgs/include/px4_msgs/px4_msgs/msg/detail/ulog_stream_ack__builder.hpp\n'}
[15.642425] (px4_msgs) StdoutLine: {'line': b'-- Up-to-date: /home/subhalaxmi/nidar_ws/install/px4_msgs/include/px4_msgs/px4_msgs/msg/detail/sensor_gyro_fft__traits.hpp\n'}
[15.642600] (px4_msgs) StdoutLine: {'line': b'-- Up-to-date: /home/subhalaxmi/nidar_ws/install/px4_msgs/include/px4_msgs/px4_msgs/msg/detail/transponder_report__builder.hpp\n'}
[15.642771] (px4_msgs) StdoutLine: {'line': b'-- Up-to-date: /home/subhalaxmi/nidar_ws/install/px4_msgs/include/px4_msgs/px4_msgs/msg/detail/battery_status__traits.hpp\n'}
[15.642986] (px4_msgs) StdoutLine: {'line': b'-- Up-to-date: /home/subhalaxmi/nidar_ws/install/px4_msgs/include/px4_msgs/px4_msgs/msg/detail/vehicle_rates_setpoint__type_support.hpp\n'}
[15.643172] (px4_msgs) StdoutLine: {'line': b'-- Up-to-date: /home/subhalaxmi/nidar_ws/install/px4_msgs/include/px4_msgs/px4_msgs/msg/detail/arming_check_request__type_support.hpp\n'}
[15.643346] (px4_msgs) StdoutLine: {'line': b'-- Up-to-date: /home/subhalaxmi/nidar_ws/install/px4_msgs/include/px4_msgs/px4_msgs/msg/detail/landing_target_innovations__type_support.hpp\n'}
[15.643627] (px4_msgs) StdoutLine: {'line': b'-- Up-to-date: /home/subhalaxmi/nidar_ws/install/px4_msgs/include/px4_msgs/px4_msgs/msg/detail/follow_target_status__builder.hpp\n'}
[15.643845] (px4_msgs) StdoutLine: {'line': b'-- Up-to-date: /home/subhalaxmi/nidar_ws/install/px4_msgs/include/px4_msgs/px4_msgs/msg/detail/actuator_test__traits.hpp\n'}
[15.644089] (px4_msgs) StdoutLine: {'line': b'-- Up-to-date: /home/subhalaxmi/nidar_ws/install/px4_msgs/include/px4_msgs/px4_msgs/msg/detail/estimator_bias3d__traits.hpp\n'}
[15.644337] (px4_msgs) StdoutLine: {'line': b'-- Up-to-date: /home/subhalaxmi/nidar_ws/install/px4_msgs/include/px4_msgs/px4_msgs/msg/detail/failure_detector_status__struct.hpp\n'}
[15.644517] (px4_msgs) StdoutLine: {'line': b'-- Up-to-date: /home/subhalaxmi/nidar_ws/install/px4_msgs/include/px4_msgs/px4_msgs/msg/detail/vehicle_roi__struct.hpp\n'}
[15.644703] (px4_msgs) StdoutLine: {'line': b'-- Up-to-date: /home/subhalaxmi/nidar_ws/install/px4_msgs/include/px4_msgs/px4_msgs/msg/detail/mission_result__struct.hpp\n'}
[15.644915] (px4_msgs) StdoutLine: {'line': b'-- Up-to-date: /home/subhalaxmi/nidar_ws/install/px4_msgs/include/px4_msgs/px4_msgs/msg/detail/action_request__builder.hpp\n'}
[15.645118] (px4_msgs) StdoutLine: {'line': b'-- Up-to-date: /home/subhalaxmi/nidar_ws/install/px4_msgs/include/px4_msgs/px4_msgs/msg/detail/mission__struct.hpp\n'}
[15.645317] (px4_msgs) StdoutLine: {'line': b'-- Up-to-date: /home/subhalaxmi/nidar_ws/install/px4_msgs/include/px4_msgs/px4_msgs/msg/detail/figure_eight_status__builder.hpp\n'}
[15.645499] (px4_msgs) StdoutLine: {'line': b'-- Up-to-date: /home/subhalaxmi/nidar_ws/install/px4_msgs/include/px4_msgs/px4_msgs/msg/detail/vtx__traits.hpp\n'}
[15.645707] (px4_msgs) StdoutLine: {'line': b'-- Up-to-date: /home/subhalaxmi/nidar_ws/install/px4_msgs/include/px4_msgs/px4_msgs/msg/detail/gain_compression__struct.hpp\n'}
[15.646053] (px4_msgs) StdoutLine: {'line': b'-- Up-to-date: /home/subhalaxmi/nidar_ws/install/px4_msgs/include/px4_msgs/px4_msgs/msg/detail/orb_test_large__traits.hpp\n'}
[15.646253] (px4_msgs) StdoutLine: {'line': b'-- Up-to-date: /home/subhalaxmi/nidar_ws/install/px4_msgs/include/px4_msgs/px4_msgs/msg/detail/fixed_wing_longitudinal_setpoint__builder.hpp\n'}
[15.646446] (px4_msgs) StdoutLine: {'line': b'-- Up-to-date: /home/subhalaxmi/nidar_ws/install/px4_msgs/include/px4_msgs/px4_msgs/msg/detail/launch_detection_status__type_support.hpp\n'}
[15.646634] (-) TimerEvent: {}
[15.647752] (px4_msgs) StdoutLine: {'line': b'-- Up-to-date: /home/subhalaxmi/nidar_ws/install/px4_msgs/include/px4_msgs/px4_msgs/msg/detail/launch_detection_status__struct.hpp\n'}
[15.648059] (px4_msgs) StdoutLine: {'line': b'-- Up-to-date: /home/subhalaxmi/nidar_ws/install/px4_msgs/include/px4_msgs/px4_msgs/msg/detail/input_rc__struct.hpp\n'}
[15.648302] (px4_msgs) StdoutLine: {'line': b'-- Up-to-date: /home/subhalaxmi/nidar_ws/install/px4_msgs/include/px4_msgs/px4_msgs/msg/detail/raptor_input__traits.hpp\n'}
[15.648608] (px4_msgs) StdoutLine: {'line': b'-- Up-to-date: /home/subhalaxmi/nidar_ws/install/px4_msgs/include/px4_msgs/px4_msgs/msg/detail/position_controller_landing_status__struct.hpp\n'}
[15.648950] (px4_msgs) StdoutLine: {'line': b'-- Up-to-date: /home/subhalaxmi/nidar_ws/install/px4_msgs/include/px4_msgs/px4_msgs/msg/detail/timesync_status__builder.hpp\n'}
[15.649363] (px4_msgs) StdoutLine: {'line': b'-- Up-to-date: /home/subhalaxmi/nidar_ws/install/px4_msgs/include/px4_msgs/px4_msgs/msg/detail/sensors_status__traits.hpp\n'}
[15.651214] (px4_msgs) StdoutLine: {'line': b'-- Up-to-date: /home/subhalaxmi/nidar_ws/install/px4_msgs/include/px4_msgs/px4_msgs/msg/detail/qshell_req__builder.hpp\n'}
[15.651450] (px4_msgs) StdoutLine: {'line': b'-- Up-to-date: /home/subhalaxmi/nidar_ws/install/px4_msgs/include/px4_msgs/px4_msgs/msg/detail/onboard_computer_status__type_support.hpp\n'}
[15.651653] (px4_msgs) StdoutLine: {'line': b'-- Up-to-date: /home/subhalaxmi/nidar_ws/install/px4_msgs/include/px4_msgs/px4_msgs/msg/detail/actuator_outputs__traits.hpp\n'}
[15.651883] (px4_msgs) StdoutLine: {'line': b'-- Up-to-date: /home/subhalaxmi/nidar_ws/install/px4_msgs/include/px4_msgs/px4_msgs/msg/detail/arming_check_reply__type_support.hpp\n'}
[15.652294] (px4_msgs) StdoutLine: {'line': b'-- Up-to-date: /home/subhalaxmi/nidar_ws/install/px4_msgs/include/px4_msgs/px4_msgs/msg/detail/wheel_encoders__struct.hpp\n'}
[15.652485] (px4_msgs) StdoutLine: {'line': b'-- Up-to-date: /home/subhalaxmi/nidar_ws/install/px4_msgs/include/px4_msgs/px4_msgs/msg/detail/vtx__builder.hpp\n'}
[15.652666] (px4_msgs) StdoutLine: {'line': b'-- Up-to-date: /home/subhalaxmi/nidar_ws/install/px4_msgs/include/px4_msgs/px4_msgs/msg/detail/sensor_gnss_status__struct.hpp\n'}
[15.652857] (px4_msgs) StdoutLine: {'line': b'-- Up-to-date: /home/subhalaxmi/nidar_ws/install/px4_msgs/include/px4_msgs/px4_msgs/msg/detail/figure_eight_status__traits.hpp\n'}
[15.653051] (px4_msgs) StdoutLine: {'line': b'-- Up-to-date: /home/subhalaxmi/nidar_ws/install/px4_msgs/include/px4_msgs/px4_msgs/msg/detail/autotune_attitude_control_status__type_support.hpp\n'}
[15.653231] (px4_msgs) StdoutLine: {'line': b'-- Up-to-date: /home/subhalaxmi/nidar_ws/install/px4_msgs/include/px4_msgs/px4_msgs/msg/detail/gpio_out__struct.hpp\n'}
[15.653407] (px4_msgs) StdoutLine: {'line': b'-- Up-to-date: /home/subhalaxmi/nidar_ws/install/px4_msgs/include/px4_msgs/px4_msgs/msg/detail/home_position__struct.hpp\n'}
[15.653585] (px4_msgs) StdoutLine: {'line': b'-- Up-to-date: /home/subhalaxmi/nidar_ws/install/px4_msgs/include/px4_msgs/px4_msgs/msg/detail/launch_detection_status__builder.hpp\n'}
[15.653757] (px4_msgs) StdoutLine: {'line': b'-- Up-to-date: /home/subhalaxmi/nidar_ws/install/px4_msgs/include/px4_msgs/px4_msgs/msg/detail/actuator_motors__type_support.hpp\n'}
[15.653962] (px4_msgs) StdoutLine: {'line': b'-- Up-to-date: /home/subhalaxmi/nidar_ws/install/px4_msgs/include/px4_msgs/px4_msgs/msg/detail/can_interface_status__builder.hpp\n'}
[15.654196] (px4_msgs) StdoutLine: {'line': b'-- Up-to-date: /home/subhalaxmi/nidar_ws/install/px4_msgs/include/px4_msgs/px4_msgs/msg/detail/vehicle_angular_velocity__builder.hpp\n'}
[15.654377] (px4_msgs) StdoutLine: {'line': b'-- Up-to-date: /home/subhalaxmi/nidar_ws/install/px4_msgs/include/px4_msgs/px4_msgs/msg/detail/button_event__type_support.hpp\n'}
[15.654552] (px4_msgs) StdoutLine: {'line': b'-- Up-to-date: /home/subhalaxmi/nidar_ws/install/px4_msgs/include/px4_msgs/px4_msgs/msg/detail/led_control__type_support.hpp\n'}
[15.654728] (px4_msgs) StdoutLine: {'line': b'-- Up-to-date: /home/subhalaxmi/nidar_ws/install/px4_msgs/include/px4_msgs/px4_msgs/msg/detail/input_rc__type_support.hpp\n'}
[15.655006] (px4_msgs) StdoutLine: {'line': b'-- Up-to-date: /home/subhalaxmi/nidar_ws/install/px4_msgs/include/px4_msgs/px4_msgs/msg/detail/sensor_gyro_fifo__struct.hpp\n'}
[15.655202] (px4_msgs) StdoutLine: {'line': b'-- Up-to-date: /home/subhalaxmi/nidar_ws/install/px4_msgs/include/px4_msgs/px4_msgs/msg/detail/actuator_motors__traits.hpp\n'}
[15.655394] (px4_msgs) StdoutLine: {'line': b'-- Up-to-date: /home/subhalaxmi/nidar_ws/install/px4_msgs/include/px4_msgs/px4_msgs/msg/detail/vehicle_optical_flow__builder.hpp\n'}
[15.655591] (px4_msgs) StdoutLine: {'line': b'-- Up-to-date: /home/subhalaxmi/nidar_ws/install/px4_msgs/include/px4_msgs/px4_msgs/msg/detail/sensor_accel__traits.hpp\n'}
[15.655843] (px4_msgs) StdoutLine: {'line': b'-- Up-to-date: /home/subhalaxmi/nidar_ws/install/px4_msgs/include/px4_msgs/px4_msgs/msg/detail/ulog_stream__builder.hpp\n'}
[15.656059] (px4_msgs) StdoutLine: {'line': b'-- Up-to-date: /home/subhalaxmi/nidar_ws/install/px4_msgs/include/px4_msgs/px4_msgs/msg/detail/open_drone_id_arm_status__type_support.hpp\n'}
[15.656233] (px4_msgs) StdoutLine: {'line': b'-- Up-to-date: /home/subhalaxmi/nidar_ws/install/px4_msgs/include/px4_msgs/px4_msgs/msg/detail/mavlink_log__type_support.hpp\n'}
[15.656406] (px4_msgs) StdoutLine: {'line': b'-- Up-to-date: /home/subhalaxmi/nidar_ws/install/px4_msgs/include/px4_msgs/px4_msgs/msg/detail/vehicle_command_ack__traits.hpp\n'}
[15.656578] (px4_msgs) StdoutLine: {'line': b'-- Up-to-date: /home/subhalaxmi/nidar_ws/install/px4_msgs/include/px4_msgs/px4_msgs/msg/detail/estimator_aid_source1d__type_support.hpp\n'}
[15.661297] (px4_msgs) StdoutLine: {'line': b'-- Up-to-date: /home/subhalaxmi/nidar_ws/install/px4_msgs/include/px4_msgs/px4_msgs/msg/detail/esc_status__type_support.hpp\n'}
[15.664014] (px4_msgs) StdoutLine: {'line': b'-- Up-to-date: /home/subhalaxmi/nidar_ws/install/px4_msgs/include/px4_msgs/px4_msgs/msg/detail/heater_status__builder.hpp\n'}
[15.665586] (px4_msgs) StdoutLine: {'line': b'-- Up-to-date: /home/subhalaxmi/nidar_ws/install/px4_msgs/include/px4_msgs/px4_msgs/msg/detail/gimbal_manager_set_manual_control__traits.hpp\n'}
[15.666234] (px4_msgs) StdoutLine: {'line': b'-- Up-to-date: /home/subhalaxmi/nidar_ws/install/px4_msgs/include/px4_msgs/px4_msgs/msg/detail/actuator_outputs__builder.hpp\n'}
[15.667062] (px4_msgs) StdoutLine: {'line': b'-- Up-to-date: /home/subhalaxmi/nidar_ws/install/px4_msgs/include/px4_msgs/px4_msgs/msg/detail/ping__traits.hpp\n'}
[15.670116] (px4_msgs) StdoutLine: {'line': b'-- Up-to-date: /home/subhalaxmi/nidar_ws/install/px4_msgs/include/px4_msgs/px4_msgs/msg/detail/parameter_set_value_request__builder.hpp\n'}
[15.670655] (px4_msgs) StdoutLine: {'line': b'-- Up-to-date: /home/subhalaxmi/nidar_ws/install/px4_msgs/include/px4_msgs/px4_msgs/msg/detail/rover_rate_setpoint__traits.hpp\n'}
[15.671071] (px4_msgs) StdoutLine: {'line': b'-- Up-to-date: /home/subhalaxmi/nidar_ws/install/px4_msgs/include/px4_msgs/px4_msgs/msg/detail/sensor_mag__traits.hpp\n'}
[15.671358] (px4_msgs) StdoutLine: {'line': b'-- Up-to-date: /home/subhalaxmi/nidar_ws/install/px4_msgs/include/px4_msgs/px4_msgs/msg/detail/vehicle_local_position__type_support.hpp\n'}
[15.671592] (px4_msgs) StdoutLine: {'line': b'-- Up-to-date: /home/subhalaxmi/nidar_ws/install/px4_msgs/include/px4_msgs/px4_msgs/msg/detail/sensor_gnss_relative__type_support.hpp\n'}
[15.674903] (px4_msgs) StdoutLine: {'line': b'-- Up-to-date: /home/subhalaxmi/nidar_ws/install/px4_msgs/include/px4_msgs/px4_msgs/msg/detail/vehicle_attitude__traits.hpp\n'}
[15.675266] (px4_msgs) StdoutLine: {'line': b'-- Up-to-date: /home/subhalaxmi/nidar_ws/install/px4_msgs/include/px4_msgs/px4_msgs/msg/detail/follow_target_estimator__builder.hpp\n'}
[15.675517] (px4_msgs) StdoutLine: {'line': b'-- Up-to-date: /home/subhalaxmi/nidar_ws/install/px4_msgs/include/px4_msgs/px4_msgs/msg/detail/position_setpoint__type_support.hpp\n'}
[15.675716] (px4_msgs) StdoutLine: {'line': b'-- Up-to-date: /home/subhalaxmi/nidar_ws/install/px4_msgs/include/px4_msgs/px4_msgs/msg/detail/rate_ctrl_status__struct.hpp\n'}
[15.675922] (px4_msgs) StdoutLine: {'line': b'-- Up-to-date: /home/subhalaxmi/nidar_ws/install/px4_msgs/include/px4_msgs/px4_msgs/msg/detail/parameter_reset_request__struct.hpp\n'}
[15.676102] (px4_msgs) StdoutLine: {'line': b'-- Up-to-date: /home/subhalaxmi/nidar_ws/install/px4_msgs/include/px4_msgs/px4_msgs/msg/detail/sensor_selection__traits.hpp\n'}
[15.676277] (px4_msgs) StdoutLine: {'line': b'-- Up-to-date: /home/subhalaxmi/nidar_ws/install/px4_msgs/include/px4_msgs/px4_msgs/msg/detail/config_overrides__struct.hpp\n'}
[15.676446] (px4_msgs) StdoutLine: {'line': b'-- Up-to-date: /home/subhalaxmi/nidar_ws/install/px4_msgs/include/px4_msgs/px4_msgs/msg/detail/gpio_in__builder.hpp\n'}
[15.676619] (px4_msgs) StdoutLine: {'line': b'-- Up-to-date: /home/subhalaxmi/nidar_ws/install/px4_msgs/include/px4_msgs/px4_msgs/msg/detail/sensor_gps__builder.hpp\n'}
[15.676786] (px4_msgs) StdoutLine: {'line': b'-- Up-to-date: /home/subhalaxmi/nidar_ws/install/px4_msgs/include/px4_msgs/px4_msgs/msg/detail/parameter_update__builder.hpp\n'}
[15.676987] (px4_msgs) StdoutLine: {'line': b'-- Up-to-date: /home/subhalaxmi/nidar_ws/install/px4_msgs/include/px4_msgs/px4_msgs/msg/detail/dataman_request__builder.hpp\n'}
[15.677186] (px4_msgs) StdoutLine: {'line': b'-- Up-to-date: /home/subhalaxmi/nidar_ws/install/px4_msgs/include/px4_msgs/px4_msgs/msg/detail/goto_setpoint__traits.hpp\n'}
[15.678378] (px4_msgs) StdoutLine: {'line': b'-- Up-to-date: /home/subhalaxmi/nidar_ws/install/px4_msgs/include/px4_msgs/px4_msgs/msg/detail/follow_target_estimator__struct.hpp\n'}
[15.678684] (px4_msgs) StdoutLine: {'line': b'-- Up-to-date: /home/subhalaxmi/nidar_ws/install/px4_msgs/include/px4_msgs/px4_msgs/msg/detail/position_setpoint__traits.hpp\n'}
[15.678968] (px4_msgs) StdoutLine: {'line': b'-- Up-to-date: /home/subhalaxmi/nidar_ws/install/px4_msgs/include/px4_msgs/px4_msgs/msg/detail/longitudinal_control_configuration__builder.hpp\n'}
[15.679189] (px4_msgs) StdoutLine: {'line': b'-- Up-to-date: /home/subhalaxmi/nidar_ws/install/px4_msgs/include/px4_msgs/px4_msgs/msg/detail/debug_array__traits.hpp\n'}
[15.681876] (px4_msgs) StdoutLine: {'line': b'-- Up-to-date: /home/subhalaxmi/nidar_ws/install/px4_msgs/include/px4_msgs/px4_msgs/msg/detail/fixed_wing_runway_control__builder.hpp\n'}
[15.682335] (px4_msgs) StdoutLine: {'line': b'-- Up-to-date: /home/subhalaxmi/nidar_ws/install/px4_msgs/include/px4_msgs/px4_msgs/msg/detail/airspeed_wind__builder.hpp\n'}
[15.682534] (px4_msgs) StdoutLine: {'line': b'-- Up-to-date: /home/subhalaxmi/nidar_ws/install/px4_msgs/include/px4_msgs/px4_msgs/msg/detail/estimator_sensor_bias__type_support.hpp\n'}
[15.682746] (px4_msgs) StdoutLine: {'line': b'-- Up-to-date: /home/subhalaxmi/nidar_ws/install/px4_msgs/include/px4_msgs/px4_msgs/msg/detail/rover_position_setpoint__traits.hpp\n'}
[15.683052] (px4_msgs) StdoutLine: {'line': b'-- Up-to-date: /home/subhalaxmi/nidar_ws/install/px4_msgs/include/px4_msgs/px4_msgs/msg/detail/landing_target_innovations__builder.hpp\n'}
[15.683267] (px4_msgs) StdoutLine: {'line': b'-- Up-to-date: /home/subhalaxmi/nidar_ws/install/px4_msgs/include/px4_msgs/px4_msgs/msg/detail/vehicle_global_position__builder.hpp\n'}
[15.683465] (px4_msgs) StdoutLine: {'line': b'-- Up-to-date: /home/subhalaxmi/nidar_ws/install/px4_msgs/include/px4_msgs/px4_msgs/msg/detail/message_format_response__builder.hpp\n'}
[15.683712] (px4_msgs) StdoutLine: {'line': b'-- Up-to-date: /home/subhalaxmi/nidar_ws/install/px4_msgs/include/px4_msgs/px4_msgs/msg/detail/tiltrotor_extra_controls__struct.hpp\n'}
[15.683932] (px4_msgs) StdoutLine: {'line': b'-- Up-to-date: /home/subhalaxmi/nidar_ws/install/px4_msgs/include/px4_msgs/px4_msgs/msg/detail/vehicle_control_mode__builder.hpp\n'}
[15.684122] (px4_msgs) StdoutLine: {'line': b'-- Up-to-date: /home/subhalaxmi/nidar_ws/install/px4_msgs/include/px4_msgs/px4_msgs/msg/detail/vehicle_optical_flow_vel__traits.hpp\n'}
[15.684301] (px4_msgs) StdoutLine: {'line': b'-- Up-to-date: /home/subhalaxmi/nidar_ws/install/px4_msgs/include/px4_msgs/px4_msgs/msg/detail/gps_dump__type_support.hpp\n'}
[15.686937] (px4_msgs) StdoutLine: {'line': b'-- Up-to-date: /home/subhalaxmi/nidar_ws/install/px4_msgs/include/px4_msgs/px4_msgs/msg/detail/rpm__traits.hpp\n'}
[15.687346] (px4_msgs) StdoutLine: {'line': b'-- Up-to-date: /home/subhalaxmi/nidar_ws/install/px4_msgs/include/px4_msgs/px4_msgs/msg/detail/battery_status__struct.hpp\n'}
[15.687536] (px4_msgs) StdoutLine: {'line': b'-- Up-to-date: /home/subhalaxmi/nidar_ws/install/px4_msgs/include/px4_msgs/px4_msgs/msg/detail/sensor_selection__type_support.hpp\n'}
[15.687707] (px4_msgs) StdoutLine: {'line': b'-- Up-to-date: /home/subhalaxmi/nidar_ws/install/px4_msgs/include/px4_msgs/px4_msgs/msg/detail/mission__traits.hpp\n'}
[15.687906] (px4_msgs) StdoutLine: {'line': b'-- Up-to-date: /home/subhalaxmi/nidar_ws/install/px4_msgs/include/px4_msgs/px4_msgs/msg/detail/system_power__traits.hpp\n'}
[15.688141] (px4_msgs) StdoutLine: {'line': b'-- Up-to-date: /home/subhalaxmi/nidar_ws/install/px4_msgs/include/px4_msgs/px4_msgs/msg/detail/tecs_status__traits.hpp\n'}
[15.688312] (px4_msgs) StdoutLine: {'line': b'-- Up-to-date: /home/subhalaxmi/nidar_ws/install/px4_msgs/include/px4_msgs/px4_msgs/msg/detail/telemetry_status__struct.hpp\n'}
[15.688476] (px4_msgs) StdoutLine: {'line': b'-- Up-to-date: /home/subhalaxmi/nidar_ws/install/px4_msgs/include/px4_msgs/px4_msgs/msg/detail/vehicle_control_mode__struct.hpp\n'}
[15.688641] (px4_msgs) StdoutLine: {'line': b'-- Up-to-date: /home/subhalaxmi/nidar_ws/install/px4_msgs/include/px4_msgs/px4_msgs/msg/detail/power_button_state__traits.hpp\n'}
[15.688848] (px4_msgs) StdoutLine: {'line': b'-- Up-to-date: /home/subhalaxmi/nidar_ws/install/px4_msgs/include/px4_msgs/px4_msgs/msg/detail/parameter_set_value_request__type_support.hpp\n'}
[15.689045] (px4_msgs) StdoutLine: {'line': b'-- Up-to-date: /home/subhalaxmi/nidar_ws/install/px4_msgs/include/px4_msgs/px4_msgs/msg/detail/actuator_servos__type_support.hpp\n'}
[15.689219] (px4_msgs) StdoutLine: {'line': b'-- Up-to-date: /home/subhalaxmi/nidar_ws/install/px4_msgs/include/px4_msgs/px4_msgs/msg/detail/sensor_optical_flow__traits.hpp\n'}
[15.689394] (px4_msgs) StdoutLine: {'line': b'-- Up-to-date: /home/subhalaxmi/nidar_ws/install/px4_msgs/include/px4_msgs/px4_msgs/msg/detail/internal_combustion_engine_control__struct.hpp\n'}
[15.689962] (px4_msgs) StdoutLine: {'line': b'-- Up-to-date: /home/subhalaxmi/nidar_ws/install/px4_msgs/include/px4_msgs/px4_msgs/msg/detail/mag_worker_data__builder.hpp\n'}
[15.690248] (px4_msgs) StdoutLine: {'line': b'-- Up-to-date: /home/subhalaxmi/nidar_ws/install/px4_msgs/include/px4_msgs/px4_msgs/msg/detail/vehicle_local_position__builder.hpp\n'}
[15.690449] (px4_msgs) StdoutLine: {'line': b'-- Up-to-date: /home/subhalaxmi/nidar_ws/install/px4_msgs/include/px4_msgs/px4_msgs/msg/detail/distance_sensor__type_support.hpp\n'}
[15.690629] (px4_msgs) StdoutLine: {'line': b'-- Up-to-date: /home/subhalaxmi/nidar_ws/install/px4_msgs/include/px4_msgs/px4_msgs/msg/detail/fixed_wing_lateral_status__type_support.hpp\n'}
[15.691608] (px4_msgs) StdoutLine: {'line': b'-- Up-to-date: /home/subhalaxmi/nidar_ws/install/px4_msgs/include/px4_msgs/px4_msgs/msg/detail/sensor_gps__traits.hpp\n'}
[15.691834] (px4_msgs) StdoutLine: {'line': b'-- Up-to-date: /home/subhalaxmi/nidar_ws/install/px4_msgs/include/px4_msgs/px4_msgs/msg/detail/rover_attitude_setpoint__traits.hpp\n'}
[15.692055] (px4_msgs) StdoutLine: {'line': b'-- Up-to-date: /home/subhalaxmi/nidar_ws/install/px4_msgs/include/px4_msgs/px4_msgs/msg/detail/mission__builder.hpp\n'}
[15.692236] (px4_msgs) StdoutLine: {'line': b'-- Up-to-date: /home/subhalaxmi/nidar_ws/install/px4_msgs/include/px4_msgs/px4_msgs/msg/detail/estimator_innovations__builder.hpp\n'}
[15.692427] (px4_msgs) StdoutLine: {'line': b'-- Up-to-date: /home/subhalaxmi/nidar_ws/install/px4_msgs/include/px4_msgs/px4_msgs/msg/detail/open_drone_id_system__builder.hpp\n'}
[15.692619] (px4_msgs) StdoutLine: {'line': b'-- Up-to-date: /home/subhalaxmi/nidar_ws/install/px4_msgs/include/px4_msgs/px4_msgs/msg/detail/battery_info__builder.hpp\n'}
[15.694244] (px4_msgs) StdoutLine: {'line': b'-- Up-to-date: /home/subhalaxmi/nidar_ws/install/px4_msgs/include/px4_msgs/px4_msgs/msg/detail/pure_pursuit_status__builder.hpp\n'}
[15.694726] (px4_msgs) StdoutLine: {'line': b'-- Up-to-date: /home/subhalaxmi/nidar_ws/install/px4_msgs/include/px4_msgs/px4_msgs/msg/detail/gimbal_device_attitude_status__type_support.hpp\n'}
[15.694999] (px4_msgs) StdoutLine: {'line': b'-- Up-to-date: /home/subhalaxmi/nidar_ws/install/px4_msgs/include/px4_msgs/px4_msgs/msg/detail/actuator_test__type_support.hpp\n'}
[15.697351] (px4_msgs) StdoutLine: {'line': b'-- Up-to-date: /home/subhalaxmi/nidar_ws/install/px4_msgs/include/px4_msgs/px4_msgs/msg/detail/generator_status__struct.hpp\n'}
[15.697734] (px4_msgs) StdoutLine: {'line': b'-- Up-to-date: /home/subhalaxmi/nidar_ws/install/px4_msgs/include/px4_msgs/px4_msgs/msg/detail/vehicle_angular_velocity__struct.hpp\n'}
[15.698117] (px4_msgs) StdoutLine: {'line': b'-- Up-to-date: /home/subhalaxmi/nidar_ws/install/px4_msgs/include/px4_msgs/px4_msgs/msg/detail/sensor_gyro_fft__builder.hpp\n'}
[15.698322] (px4_msgs) StdoutLine: {'line': b'-- Up-to-date: /home/subhalaxmi/nidar_ws/install/px4_msgs/include/px4_msgs/px4_msgs/msg/detail/pwm_input__builder.hpp\n'}
[15.698525] (px4_msgs) StdoutLine: {'line': b'-- Up-to-date: /home/subhalaxmi/nidar_ws/install/px4_msgs/include/px4_msgs/px4_msgs/msg/detail/dataman_request__type_support.hpp\n'}
[15.698785] (px4_msgs) StdoutLine: {'line': b'-- Up-to-date: /home/subhalaxmi/nidar_ws/install/px4_msgs/include/px4_msgs/px4_msgs/msg/detail/landing_target_pose__struct.hpp\n'}
[15.699046] (px4_msgs) StdoutLine: {'line': b'-- Up-to-date: /home/subhalaxmi/nidar_ws/install/px4_msgs/include/px4_msgs/px4_msgs/msg/detail/vehicle_attitude__builder.hpp\n'}
[15.699270] (px4_msgs) StdoutLine: {'line': b'-- Up-to-date: /home/subhalaxmi/nidar_ws/install/px4_msgs/include/px4_msgs/px4_msgs/msg/detail/raptor_status__struct.hpp\n'}
[15.699471] (px4_msgs) StdoutLine: {'line': b'-- Up-to-date: /home/subhalaxmi/nidar_ws/install/px4_msgs/include/px4_msgs/px4_msgs/msg/detail/vehicle_attitude__struct.hpp\n'}
[15.699668] (px4_msgs) StdoutLine: {'line': b'-- Up-to-date: /home/subhalaxmi/nidar_ws/install/px4_msgs/include/px4_msgs/px4_msgs/msg/detail/heater_status__type_support.hpp\n'}
[15.699868] (px4_msgs) StdoutLine: {'line': b'-- Up-to-date: /home/subhalaxmi/nidar_ws/install/px4_msgs/include/px4_msgs/px4_msgs/msg/detail/fixed_wing_lateral_status__struct.hpp\n'}
[15.700098] (px4_msgs) StdoutLine: {'line': b'-- Up-to-date: /home/subhalaxmi/nidar_ws/install/px4_msgs/include/px4_msgs/px4_msgs/msg/detail/lateral_control_configuration__builder.hpp\n'}
[15.702283] (px4_msgs) StdoutLine: {'line': b'-- Up-to-date: /home/subhalaxmi/nidar_ws/install/px4_msgs/include/px4_msgs/px4_msgs/msg/detail/dataman_request__traits.hpp\n'}
[15.702623] (px4_msgs) StdoutLine: {'line': b'-- Up-to-date: /home/subhalaxmi/nidar_ws/install/px4_msgs/include/px4_msgs/px4_msgs/msg/detail/obstacle_distance__traits.hpp\n'}
[15.702833] (px4_msgs) StdoutLine: {'line': b'-- Up-to-date: /home/subhalaxmi/nidar_ws/install/px4_msgs/include/px4_msgs/px4_msgs/msg/detail/sensor_airflow__struct.hpp\n'}
[15.703038] (px4_msgs) StdoutLine: {'line': b'-- Up-to-date: /home/subhalaxmi/nidar_ws/install/px4_msgs/include/px4_msgs/px4_msgs/msg/detail/ping__builder.hpp\n'}
[15.703230] (px4_msgs) StdoutLine: {'line': b'-- Up-to-date: /home/subhalaxmi/nidar_ws/install/px4_msgs/include/px4_msgs/px4_msgs/msg/detail/esc_status__builder.hpp\n'}
[15.705032] (px4_msgs) StdoutLine: {'line': b'-- Up-to-date: /home/subhalaxmi/nidar_ws/install/px4_msgs/include/px4_msgs/px4_msgs/msg/detail/control_allocator_status__traits.hpp\n'}
[15.707463] (px4_msgs) StdoutLine: {'line': b'-- Up-to-date: /home/subhalaxmi/nidar_ws/install/px4_msgs/include/px4_msgs/px4_msgs/msg/detail/power_button_state__builder.hpp\n'}
[15.707789] (px4_msgs) StdoutLine: {'line': b'-- Up-to-date: /home/subhalaxmi/nidar_ws/install/px4_msgs/include/px4_msgs/px4_msgs/msg/detail/estimator_event_flags__type_support.hpp\n'}
[15.709241] (px4_msgs) StdoutLine: {'line': b'-- Up-to-date: /home/subhalaxmi/nidar_ws/install/px4_msgs/include/px4_msgs/px4_msgs/msg/detail/takeoff_status__traits.hpp\n'}
[15.709473] (px4_msgs) StdoutLine: {'line': b'-- Up-to-date: /home/subhalaxmi/nidar_ws/install/px4_msgs/include/px4_msgs/px4_msgs/msg/detail/rover_speed_setpoint__traits.hpp\n'}
[15.709677] (px4_msgs) StdoutLine: {'line': b'-- Up-to-date: /home/subhalaxmi/nidar_ws/install/px4_msgs/include/px4_msgs/px4_msgs/msg/detail/failsafe_flags__builder.hpp\n'}
[15.711946] (px4_msgs) StdoutLine: {'line': b'-- Up-to-date: /home/subhalaxmi/nidar_ws/install/px4_msgs/include/px4_msgs/px4_msgs/msg/detail/power_monitor__struct.hpp\n'}
[15.713585] (px4_msgs) StdoutLine: {'line': b'-- Up-to-date: /home/subhalaxmi/nidar_ws/install/px4_msgs/include/px4_msgs/px4_msgs/msg/detail/battery_info__traits.hpp\n'}
[15.713950] (px4_msgs) StdoutLine: {'line': b'-- Up-to-date: /home/subhalaxmi/nidar_ws/install/px4_msgs/include/px4_msgs/px4_msgs/msg/detail/gimbal_manager_set_attitude__traits.hpp\n'}
[15.714189] (px4_msgs) StdoutLine: {'line': b'-- Up-to-date: /home/subhalaxmi/nidar_ws/install/px4_msgs/include/px4_msgs/px4_msgs/msg/detail/gpio_request__traits.hpp\n'}
[15.714382] (px4_msgs) StdoutLine: {'line': b'-- Up-to-date: /home/subhalaxmi/nidar_ws/install/px4_msgs/include/px4_msgs/px4_msgs/msg/detail/velocity_limits__traits.hpp\n'}
[15.714566] (px4_msgs) StdoutLine: {'line': b'-- Up-to-date: /home/subhalaxmi/nidar_ws/install/px4_msgs/include/px4_msgs/px4_msgs/msg/detail/manual_control_setpoint__builder.hpp\n'}
[15.716942] (px4_msgs) StdoutLine: {'line': b'-- Up-to-date: /home/subhalaxmi/nidar_ws/install/px4_msgs/include/px4_msgs/px4_msgs/msg/detail/differential_pressure__type_support.hpp\n'}
[15.717558] (px4_msgs) StdoutLine: {'line': b'-- Up-to-date: /home/subhalaxmi/nidar_ws/install/px4_msgs/include/px4_msgs/px4_msgs/msg/detail/sensor_combined__traits.hpp\n'}
[15.717788] (px4_msgs) StdoutLine: {'line': b'-- Up-to-date: /home/subhalaxmi/nidar_ws/install/px4_msgs/include/px4_msgs/px4_msgs/msg/detail/unregister_ext_component__traits.hpp\n'}
[15.718160] (px4_msgs) StdoutLine: {'line': b'-- Up-to-date: /home/subhalaxmi/nidar_ws/install/px4_msgs/include/px4_msgs/px4_msgs/msg/detail/gimbal_manager_status__builder.hpp\n'}
[15.718386] (px4_msgs) StdoutLine: {'line': b'-- Up-to-date: /home/subhalaxmi/nidar_ws/install/px4_msgs/include/px4_msgs/px4_msgs/msg/detail/position_setpoint_triplet__type_support.hpp\n'}
[15.718572] (px4_msgs) StdoutLine: {'line': b'-- Up-to-date: /home/subhalaxmi/nidar_ws/install/px4_msgs/include/px4_msgs/px4_msgs/msg/detail/landing_gear__struct.hpp\n'}
[15.718852] (px4_msgs) StdoutLine: {'line': b'-- Up-to-date: /home/subhalaxmi/nidar_ws/install/px4_msgs/include/px4_msgs/px4_msgs/msg/detail/vehicle_magnetometer__builder.hpp\n'}
[15.720219] (px4_msgs) StdoutLine: {'line': b'-- Up-to-date: /home/subhalaxmi/nidar_ws/install/px4_msgs/include/px4_msgs/px4_msgs/msg/detail/power_button_state__type_support.hpp\n'}
[15.720829] (px4_msgs) StdoutLine: {'line': b'-- Up-to-date: /home/subhalaxmi/nidar_ws/install/px4_msgs/include/px4_msgs/px4_msgs/msg/detail/logger_status__struct.hpp\n'}
[15.721173] (px4_msgs) StdoutLine: {'line': b'-- Up-to-date: /home/subhalaxmi/nidar_ws/install/px4_msgs/include/px4_msgs/px4_msgs/msg/detail/landing_gear_wheel__struct.hpp\n'}
[15.721481] (px4_msgs) StdoutLine: {'line': b'-- Up-to-date: /home/subhalaxmi/nidar_ws/install/px4_msgs/include/px4_msgs/px4_msgs/msg/detail/vehicle_command__struct.hpp\n'}
[15.724355] (px4_msgs) StdoutLine: {'line': b'-- Up-to-date: /home/subhalaxmi/nidar_ws/install/px4_msgs/include/px4_msgs/px4_msgs/msg/detail/rover_attitude_status__traits.hpp\n'}
[15.729577] (px4_msgs) StdoutLine: {'line': b'-- Up-to-date: /home/subhalaxmi/nidar_ws/install/px4_msgs/include/px4_msgs/px4_msgs/msg/detail/rover_rate_status__struct.hpp\n'}
[15.730357] (px4_msgs) StdoutLine: {'line': b'-- Up-to-date: /home/subhalaxmi/nidar_ws/install/px4_msgs/include/px4_msgs/px4_msgs/msg/detail/mag_worker_data__type_support.hpp\n'}
[15.730890] (px4_msgs) StdoutLine: {'line': b'-- Up-to-date: /home/subhalaxmi/nidar_ws/install/px4_msgs/include/px4_msgs/px4_msgs/msg/detail/actuator_servos_trim__traits.hpp\n'}
[15.731389] (px4_msgs) StdoutLine: {'line': b'-- Up-to-date: /home/subhalaxmi/nidar_ws/install/px4_msgs/include/px4_msgs/px4_msgs/msg/detail/logger_status__type_support.hpp\n'}
[15.732977] (px4_msgs) StdoutLine: {'line': b'-- Up-to-date: /home/subhalaxmi/nidar_ws/install/px4_msgs/include/px4_msgs/px4_msgs/msg/detail/estimator_bias__type_support.hpp\n'}
[15.733429] (px4_msgs) StdoutLine: {'line': b'-- Up-to-date: /home/subhalaxmi/nidar_ws/install/px4_msgs/include/px4_msgs/px4_msgs/msg/detail/cellular_status__builder.hpp\n'}
[15.733633] (px4_msgs) StdoutLine: {'line': b'-- Up-to-date: /home/subhalaxmi/nidar_ws/install/px4_msgs/include/px4_msgs/px4_msgs/msg/detail/aux_global_position__type_support.hpp\n'}
[15.733878] (px4_msgs) StdoutLine: {'line': b'-- Up-to-date: /home/subhalaxmi/nidar_ws/install/px4_msgs/include/px4_msgs/px4_msgs/msg/detail/generator_status__type_support.hpp\n'}
[15.734109] (px4_msgs) StdoutLine: {'line': b'-- Up-to-date: /home/subhalaxmi/nidar_ws/install/px4_msgs/include/px4_msgs/px4_msgs/msg/detail/home_position__type_support.hpp\n'}
[15.734310] (px4_msgs) StdoutLine: {'line': b'-- Up-to-date: /home/subhalaxmi/nidar_ws/install/px4_msgs/include/px4_msgs/px4_msgs/msg/detail/geofence_status__builder.hpp\n'}
[15.734523] (px4_msgs) StdoutLine: {'line': b'-- Up-to-date: /home/subhalaxmi/nidar_ws/install/px4_msgs/include/px4_msgs/px4_msgs/msg/detail/sensor_airflow__traits.hpp\n'}
[15.734789] (px4_msgs) StdoutLine: {'line': b'-- Up-to-date: /home/subhalaxmi/nidar_ws/install/px4_msgs/include/px4_msgs/px4_msgs/msg/detail/battery_info__type_support.hpp\n'}
[15.736261] (px4_msgs) StdoutLine: {'line': b'-- Up-to-date: /home/subhalaxmi/nidar_ws/install/px4_msgs/include/px4_msgs/px4_msgs/msg/detail/vehicle_thrust_setpoint__traits.hpp\n'}
[15.736492] (px4_msgs) StdoutLine: {'line': b'-- Up-to-date: /home/subhalaxmi/nidar_ws/install/px4_msgs/include/px4_msgs/px4_msgs/msg/detail/sensor_baro__traits.hpp\n'}
[15.736701] (px4_msgs) StdoutLine: {'line': b'-- Up-to-date: /home/subhalaxmi/nidar_ws/install/px4_msgs/include/px4_msgs/px4_msgs/msg/detail/sensor_hygrometer__builder.hpp\n'}
[15.736934] (px4_msgs) StdoutLine: {'line': b'-- Up-to-date: /home/subhalaxmi/nidar_ws/install/px4_msgs/include/px4_msgs/px4_msgs/msg/detail/parameter_reset_request__builder.hpp\n'}
[15.737134] (px4_msgs) StdoutLine: {'line': b'-- Up-to-date: /home/subhalaxmi/nidar_ws/install/px4_msgs/include/px4_msgs/px4_msgs/msg/detail/led_control__traits.hpp\n'}
[15.737324] (px4_msgs) StdoutLine: {'line': b'-- Up-to-date: /home/subhalaxmi/nidar_ws/install/px4_msgs/include/px4_msgs/px4_msgs/msg/detail/action_request__struct.hpp\n'}
[15.737552] (px4_msgs) StdoutLine: {'line': b'-- Up-to-date: /home/subhalaxmi/nidar_ws/install/px4_msgs/include/px4_msgs/px4_msgs/msg/detail/estimator_aid_source2d__type_support.hpp\n'}
[15.737772] (px4_msgs) StdoutLine: {'line': b'-- Up-to-date: /home/subhalaxmi/nidar_ws/install/px4_msgs/include/px4_msgs/px4_msgs/msg/detail/pps_capture__builder.hpp\n'}
[15.741606] (px4_msgs) StdoutLine: {'line': b'-- Up-to-date: /home/subhalaxmi/nidar_ws/install/px4_msgs/include/px4_msgs/px4_msgs/msg/detail/logger_status__builder.hpp\n'}
[15.741990] (px4_msgs) StdoutLine: {'line': b'-- Up-to-date: /home/subhalaxmi/nidar_ws/install/px4_msgs/include/px4_msgs/px4_msgs/msg/detail/vehicle_odometry__traits.hpp\n'}
[15.742268] (px4_msgs) StdoutLine: {'line': b'-- Up-to-date: /home/subhalaxmi/nidar_ws/install/px4_msgs/include/px4_msgs/px4_msgs/msg/detail/rover_position_setpoint__type_support.hpp\n'}
[15.742503] (px4_msgs) StdoutLine: {'line': b'-- Up-to-date: /home/subhalaxmi/nidar_ws/install/px4_msgs/include/px4_msgs/px4_msgs/msg/detail/gpio_in__struct.hpp\n'}
[15.743176] (px4_msgs) StdoutLine: {'line': b'-- Up-to-date: /home/subhalaxmi/nidar_ws/install/px4_msgs/include/px4_msgs/px4_msgs/msg/detail/control_allocator_status__type_support.hpp\n'}
[15.743475] (px4_msgs) StdoutLine: {'line': b'-- Up-to-date: /home/subhalaxmi/nidar_ws/install/px4_msgs/include/px4_msgs/px4_msgs/msg/detail/open_drone_id_operator_id__builder.hpp\n'}
[15.743744] (px4_msgs) StdoutLine: {'line': b'-- Up-to-date: /home/subhalaxmi/nidar_ws/install/px4_msgs/include/px4_msgs/px4_msgs/msg/detail/estimator_bias__traits.hpp\n'}
[15.743971] (px4_msgs) StdoutLine: {'line': b'-- Up-to-date: /home/subhalaxmi/nidar_ws/install/px4_msgs/include/px4_msgs/px4_msgs/msg/detail/follow_target_estimator__traits.hpp\n'}
[15.744159] (px4_msgs) StdoutLine: {'line': b'-- Up-to-date: /home/subhalaxmi/nidar_ws/install/px4_msgs/include/px4_msgs/px4_msgs/msg/detail/velocity_limits__builder.hpp\n'}
[15.744336] (px4_msgs) StdoutLine: {'line': b'-- Up-to-date: /home/subhalaxmi/nidar_ws/install/px4_msgs/include/px4_msgs/px4_msgs/msg/detail/mavlink_tunnel__struct.hpp\n'}
[15.744515] (px4_msgs) StdoutLine: {'line': b'-- Up-to-date: /home/subhalaxmi/nidar_ws/install/px4_msgs/include/px4_msgs/px4_msgs/msg/detail/takeoff_status__type_support.hpp\n'}
[15.744694] (px4_msgs) StdoutLine: {'line': b'-- Up-to-date: /home/subhalaxmi/nidar_ws/install/px4_msgs/include/px4_msgs/px4_msgs/msg/detail/flight_phase_estimation__builder.hpp\n'}
[15.744901] (px4_msgs) StdoutLine: {'line': b'-- Up-to-date: /home/subhalaxmi/nidar_ws/install/px4_msgs/include/px4_msgs/px4_msgs/msg/detail/home_position__traits.hpp\n'}
[15.745146] (px4_msgs) StdoutLine: {'line': b'-- Up-to-date: /home/subhalaxmi/nidar_ws/install/px4_msgs/include/px4_msgs/px4_msgs/msg/detail/actuator_servos__struct.hpp\n'}
[15.745325] (px4_msgs) StdoutLine: {'line': b'-- Up-to-date: /home/subhalaxmi/nidar_ws/install/px4_msgs/include/px4_msgs/px4_msgs/msg/detail/navigator_status__type_support.hpp\n'}
[15.745526] (px4_msgs) StdoutLine: {'line': b'-- Up-to-date: /home/subhalaxmi/nidar_ws/install/px4_msgs/include/px4_msgs/px4_msgs/msg/detail/parameter_reset_request__traits.hpp\n'}
[15.745710] (px4_msgs) StdoutLine: {'line': b'-- Up-to-date: /home/subhalaxmi/nidar_ws/install/px4_msgs/include/px4_msgs/px4_msgs/msg/detail/rpm__type_support.hpp\n'}
[15.746182] (px4_msgs) StdoutLine: {'line': b'-- Up-to-date: /home/subhalaxmi/nidar_ws/install/px4_msgs/include/px4_msgs/px4_msgs/msg/detail/magnetometer_bias_estimate__struct.hpp\n'}
[15.746380] (px4_msgs) StdoutLine: {'line': b'-- Up-to-date: /home/subhalaxmi/nidar_ws/install/px4_msgs/include/px4_msgs/px4_msgs/msg/detail/can_interface_status__traits.hpp\n'}
[15.746555] (px4_msgs) StdoutLine: {'line': b'-- Up-to-date: /home/subhalaxmi/nidar_ws/install/px4_msgs/include/px4_msgs/px4_msgs/msg/detail/normalized_unsigned_setpoint__traits.hpp\n'}
[15.746719] (-) TimerEvent: {}
[15.746950] (px4_msgs) StdoutLine: {'line': b'-- Up-to-date: /home/subhalaxmi/nidar_ws/install/px4_msgs/include/px4_msgs/px4_msgs/msg/detail/yaw_estimator_status__traits.hpp\n'}
[15.747211] (px4_msgs) StdoutLine: {'line': b'-- Up-to-date: /home/subhalaxmi/nidar_ws/install/px4_msgs/include/px4_msgs/px4_msgs/msg/detail/distance_sensor__struct.hpp\n'}
[15.747578] (px4_msgs) StdoutLine: {'line': b'-- Up-to-date: /home/subhalaxmi/nidar_ws/install/px4_msgs/include/px4_msgs/px4_msgs/msg/detail/estimator_event_flags__builder.hpp\n'}
[15.747893] (px4_msgs) StdoutLine: {'line': b'-- Up-to-date: /home/subhalaxmi/nidar_ws/install/px4_msgs/include/px4_msgs/px4_msgs/msg/detail/debug_value__struct.hpp\n'}
[15.748130] (px4_msgs) StdoutLine: {'line': b'-- Up-to-date: /home/subhalaxmi/nidar_ws/install/px4_msgs/include/px4_msgs/px4_msgs/msg/detail/rover_attitude_setpoint__struct.hpp\n'}
[15.748332] (px4_msgs) StdoutLine: {'line': b'-- Up-to-date: /home/subhalaxmi/nidar_ws/install/px4_msgs/include/px4_msgs/px4_msgs/msg/detail/iridiumsbd_status__struct.hpp\n'}
[15.748871] (px4_msgs) StdoutLine: {'line': b'-- Up-to-date: /home/subhalaxmi/nidar_ws/install/px4_msgs/include/px4_msgs/px4_msgs/msg/detail/device_information__struct.hpp\n'}
[15.749141] (px4_msgs) StdoutLine: {'line': b'-- Up-to-date: /home/subhalaxmi/nidar_ws/install/px4_msgs/include/px4_msgs/px4_msgs/msg/detail/aux_global_position__builder.hpp\n'}
[15.749330] (px4_msgs) StdoutLine: {'line': b'-- Up-to-date: /home/subhalaxmi/nidar_ws/install/px4_msgs/include/px4_msgs/px4_msgs/msg/detail/lateral_control_configuration__traits.hpp\n'}
[15.749513] (px4_msgs) StdoutLine: {'line': b'-- Up-to-date: /home/subhalaxmi/nidar_ws/install/px4_msgs/include/px4_msgs/px4_msgs/msg/detail/onboard_computer_status__builder.hpp\n'}
[15.749702] (px4_msgs) StdoutLine: {'line': b'-- Up-to-date: /home/subhalaxmi/nidar_ws/install/px4_msgs/include/px4_msgs/px4_msgs/msg/detail/rover_rate_status__builder.hpp\n'}
[15.749933] (px4_msgs) StdoutLine: {'line': b'-- Up-to-date: /home/subhalaxmi/nidar_ws/install/px4_msgs/include/px4_msgs/px4_msgs/msg/detail/flight_phase_estimation__traits.hpp\n'}
[15.750831] (px4_msgs) StdoutLine: {'line': b'-- Up-to-date: /home/subhalaxmi/nidar_ws/install/px4_msgs/include/px4_msgs/px4_msgs/msg/detail/vehicle_odometry__struct.hpp\n'}
[15.751107] (px4_msgs) StdoutLine: {'line': b'-- Up-to-date: /home/subhalaxmi/nidar_ws/install/px4_msgs/include/px4_msgs/px4_msgs/msg/detail/esc_report__struct.hpp\n'}
[15.751299] (px4_msgs) StdoutLine: {'line': b'-- Up-to-date: /home/subhalaxmi/nidar_ws/install/px4_msgs/include/px4_msgs/px4_msgs/msg/detail/mount_orientation__type_support.hpp\n'}
[15.752039] (px4_msgs) StdoutLine: {'line': b'-- Up-to-date: /home/subhalaxmi/nidar_ws/install/px4_msgs/include/px4_msgs/px4_msgs/msg/detail/task_stack_info__struct.hpp\n'}
[15.752856] (px4_msgs) StdoutLine: {'line': b'-- Up-to-date: /home/subhalaxmi/nidar_ws/install/px4_msgs/include/px4_msgs/px4_msgs/msg/detail/vehicle_acceleration__type_support.hpp\n'}
[15.753202] (px4_msgs) StdoutLine: {'line': b'-- Up-to-date: /home/subhalaxmi/nidar_ws/install/px4_msgs/include/px4_msgs/px4_msgs/msg/detail/px4io_status__builder.hpp\n'}
[15.753443] (px4_msgs) StdoutLine: {'line': b'-- Up-to-date: /home/subhalaxmi/nidar_ws/install/px4_msgs/include/px4_msgs/px4_msgs/msg/detail/fixed_wing_lateral_guidance_status__traits.hpp\n'}
[15.753622] (px4_msgs) StdoutLine: {'line': b'-- Up-to-date: /home/subhalaxmi/nidar_ws/install/px4_msgs/include/px4_msgs/px4_msgs/msg/detail/event__traits.hpp\n'}
[15.753794] (px4_msgs) StdoutLine: {'line': b'-- Up-to-date: /home/subhalaxmi/nidar_ws/install/px4_msgs/include/px4_msgs/px4_msgs/msg/detail/event__type_support.hpp\n'}
[15.754026] (px4_msgs) StdoutLine: {'line': b'-- Up-to-date: /home/subhalaxmi/nidar_ws/install/px4_msgs/include/px4_msgs/px4_msgs/msg/detail/px4io_status__traits.hpp\n'}
[15.754236] (px4_msgs) StdoutLine: {'line': b'-- Up-to-date: /home/subhalaxmi/nidar_ws/install/px4_msgs/include/px4_msgs/px4_msgs/msg/detail/vehicle_global_position__traits.hpp\n'}
[15.754430] (px4_msgs) StdoutLine: {'line': b'-- Up-to-date: /home/subhalaxmi/nidar_ws/install/px4_msgs/include/px4_msgs/px4_msgs/msg/detail/debug_vect__struct.hpp\n'}
[15.754627] (px4_msgs) StdoutLine: {'line': b'-- Up-to-date: /home/subhalaxmi/nidar_ws/install/px4_msgs/include/px4_msgs/px4_msgs/msg/detail/landing_target_innovations__struct.hpp\n'}
[15.758898] (px4_msgs) StdoutLine: {'line': b'-- Up-to-date: /home/subhalaxmi/nidar_ws/install/px4_msgs/include/px4_msgs/px4_msgs/msg/detail/internal_combustion_engine_control__traits.hpp\n'}
[15.759395] (px4_msgs) StdoutLine: {'line': b'-- Up-to-date: /home/subhalaxmi/nidar_ws/install/px4_msgs/include/px4_msgs/px4_msgs/msg/detail/takeoff_status__struct.hpp\n'}
[15.759628] (px4_msgs) StdoutLine: {'line': b'-- Up-to-date: /home/subhalaxmi/nidar_ws/install/px4_msgs/include/px4_msgs/px4_msgs/msg/detail/sensor_temp__struct.hpp\n'}
[15.759856] (px4_msgs) StdoutLine: {'line': b'-- Up-to-date: /home/subhalaxmi/nidar_ws/install/px4_msgs/include/px4_msgs/px4_msgs/msg/detail/button_event__struct.hpp\n'}
[15.760132] (px4_msgs) StdoutLine: {'line': b'-- Up-to-date: /home/subhalaxmi/nidar_ws/install/px4_msgs/include/px4_msgs/px4_msgs/msg/detail/actuator_motors__builder.hpp\n'}
[15.760303] (px4_msgs) StdoutLine: {'line': b'-- Up-to-date: /home/subhalaxmi/nidar_ws/install/px4_msgs/include/px4_msgs/px4_msgs/msg/detail/gripper__traits.hpp\n'}
[15.760474] (px4_msgs) StdoutLine: {'line': b'-- Up-to-date: /home/subhalaxmi/nidar_ws/install/px4_msgs/include/px4_msgs/px4_msgs/msg/detail/follow_target__builder.hpp\n'}
[15.760644] (px4_msgs) StdoutLine: {'line': b'-- Up-to-date: /home/subhalaxmi/nidar_ws/install/px4_msgs/include/px4_msgs/px4_msgs/msg/detail/rover_position_setpoint__builder.hpp\n'}
[15.760828] (px4_msgs) StdoutLine: {'line': b'-- Up-to-date: /home/subhalaxmi/nidar_ws/install/px4_msgs/include/px4_msgs/px4_msgs/msg/detail/vehicle_angular_acceleration_setpoint__traits.hpp\n'}
[15.761046] (px4_msgs) StdoutLine: {'line': b'-- Up-to-date: /home/subhalaxmi/nidar_ws/install/px4_msgs/include/px4_msgs/px4_msgs/msg/detail/landing_gear_wheel__traits.hpp\n'}
[15.761403] (px4_msgs) StdoutLine: {'line': b'-- Up-to-date: /home/subhalaxmi/nidar_ws/install/px4_msgs/include/px4_msgs/px4_msgs/msg/detail/manual_control_setpoint__struct.hpp\n'}
[15.762027] (px4_msgs) StdoutLine: {'line': b'-- Up-to-date: /home/subhalaxmi/nidar_ws/install/px4_msgs/include/px4_msgs/px4_msgs/msg/detail/ping__type_support.hpp\n'}
[15.763938] (px4_msgs) StdoutLine: {'line': b'-- Up-to-date: /home/subhalaxmi/nidar_ws/install/px4_msgs/include/px4_msgs/px4_msgs/msg/detail/adc_report__type_support.hpp\n'}
[15.764488] (px4_msgs) StdoutLine: {'line': b'-- Up-to-date: /home/subhalaxmi/nidar_ws/install/px4_msgs/include/px4_msgs/px4_msgs/msg/detail/cpuload__struct.hpp\n'}
[15.767644] (px4_msgs) StdoutLine: {'line': b'-- Up-to-date: /home/subhalaxmi/nidar_ws/install/px4_msgs/include/px4_msgs/px4_msgs/msg/detail/orb_test_medium__traits.hpp\n'}
[15.768170] (px4_msgs) StdoutLine: {'line': b'-- Up-to-date: /home/subhalaxmi/nidar_ws/install/px4_msgs/include/px4_msgs/px4_msgs/msg/detail/gpio_in__traits.hpp\n'}
[15.771461] (px4_msgs) StdoutLine: {'line': b'-- Up-to-date: /home/subhalaxmi/nidar_ws/install/px4_msgs/include/px4_msgs/px4_msgs/msg/detail/gimbal_manager_status__type_support.hpp\n'}
[15.771871] (px4_msgs) StdoutLine: {'line': b'-- Up-to-date: /home/subhalaxmi/nidar_ws/install/px4_msgs/include/px4_msgs/px4_msgs/msg/detail/open_drone_id_operator_id__traits.hpp\n'}
[15.772293] (px4_msgs) StdoutLine: {'line': b'-- Up-to-date: /home/subhalaxmi/nidar_ws/install/px4_msgs/include/px4_msgs/px4_msgs/msg/detail/orbit_status__builder.hpp\n'}
[15.772564] (px4_msgs) StdoutLine: {'line': b'-- Up-to-date: /home/subhalaxmi/nidar_ws/install/px4_msgs/include/px4_msgs/px4_msgs/msg/detail/adc_report__struct.hpp\n'}
[15.773108] (px4_msgs) StdoutLine: {'line': b'-- Up-to-date: /home/subhalaxmi/nidar_ws/install/px4_msgs/include/px4_msgs/px4_msgs/msg/detail/qshell_req__type_support.hpp\n'}
[15.773448] (px4_msgs) StdoutLine: {'line': b'-- Up-to-date: /home/subhalaxmi/nidar_ws/install/px4_msgs/include/px4_msgs/px4_msgs/msg/detail/gimbal_device_information__builder.hpp\n'}
[15.779211] (px4_msgs) StdoutLine: {'line': b'-- Up-to-date: /home/subhalaxmi/nidar_ws/install/px4_msgs/include/px4_msgs/px4_msgs/msg/detail/estimator_status__struct.hpp\n'}
[15.779496] (px4_msgs) StdoutLine: {'line': b'-- Up-to-date: /home/subhalaxmi/nidar_ws/install/px4_msgs/include/px4_msgs/px4_msgs/msg/detail/debug_array__type_support.hpp\n'}
[15.779683] (px4_msgs) StdoutLine: {'line': b'-- Up-to-date: /home/subhalaxmi/nidar_ws/install/px4_msgs/include/px4_msgs/px4_msgs/msg/detail/gpio_request__struct.hpp\n'}
[15.779879] (px4_msgs) StdoutLine: {'line': b'-- Up-to-date: /home/subhalaxmi/nidar_ws/install/px4_msgs/include/px4_msgs/px4_msgs/msg/detail/rtl_status__struct.hpp\n'}
[15.780155] (px4_msgs) StdoutLine: {'line': b'-- Up-to-date: /home/subhalaxmi/nidar_ws/install/px4_msgs/include/px4_msgs/px4_msgs/msg/detail/landing_target_pose__traits.hpp\n'}
[15.780340] (px4_msgs) StdoutLine: {'line': b'-- Up-to-date: /home/subhalaxmi/nidar_ws/install/px4_msgs/include/px4_msgs/px4_msgs/msg/detail/led_control__struct.hpp\n'}
[15.780521] (px4_msgs) StdoutLine: {'line': b'-- Up-to-date: /home/subhalaxmi/nidar_ws/install/px4_msgs/include/px4_msgs/px4_msgs/msg/detail/dronecan_node_status__builder.hpp\n'}
[15.780730] (px4_msgs) StdoutLine: {'line': b'-- Up-to-date: /home/subhalaxmi/nidar_ws/install/px4_msgs/include/px4_msgs/px4_msgs/msg/detail/heater_status__struct.hpp\n'}
[15.781597] (px4_msgs) StdoutLine: {'line': b'-- Up-to-date: /home/subhalaxmi/nidar_ws/install/px4_msgs/include/px4_msgs/px4_msgs/msg/detail/normalized_unsigned_setpoint__type_support.hpp\n'}
[15.781901] (px4_msgs) StdoutLine: {'line': b'-- Up-to-date: /home/subhalaxmi/nidar_ws/install/px4_msgs/include/px4_msgs/px4_msgs/msg/detail/irlock_report__traits.hpp\n'}
[15.784963] (px4_msgs) StdoutLine: {'line': b'-- Up-to-date: /home/subhalaxmi/nidar_ws/install/px4_msgs/include/px4_msgs/px4_msgs/msg/detail/rover_speed_status__type_support.hpp\n'}
[15.785188] (px4_msgs) StdoutLine: {'line': b'-- Up-to-date: /home/subhalaxmi/nidar_ws/install/px4_msgs/include/px4_msgs/px4_msgs/msg/detail/vehicle_imu_status__builder.hpp\n'}
[15.785370] (px4_msgs) StdoutLine: {'line': b'-- Up-to-date: /home/subhalaxmi/nidar_ws/install/px4_msgs/include/px4_msgs/px4_msgs/msg/detail/rover_steering_setpoint__builder.hpp\n'}
[15.785553] (px4_msgs) StdoutLine: {'line': b'-- Up-to-date: /home/subhalaxmi/nidar_ws/install/px4_msgs/include/px4_msgs/px4_msgs/msg/detail/dataman_response__struct.hpp\n'}
[15.785729] (px4_msgs) StdoutLine: {'line': b'-- Up-to-date: /home/subhalaxmi/nidar_ws/install/px4_msgs/include/px4_msgs/px4_msgs/msg/detail/event__struct.hpp\n'}
[15.786069] (px4_msgs) StdoutLine: {'line': b'-- Up-to-date: /home/subhalaxmi/nidar_ws/install/px4_msgs/include/px4_msgs/px4_msgs/msg/detail/ekf2_timestamps__builder.hpp\n'}
[15.786273] (px4_msgs) StdoutLine: {'line': b'-- Up-to-date: /home/subhalaxmi/nidar_ws/install/px4_msgs/include/px4_msgs/px4_msgs/msg/detail/estimator_gps_status__struct.hpp\n'}
[15.786451] (px4_msgs) StdoutLine: {'line': b'-- Up-to-date: /home/subhalaxmi/nidar_ws/install/px4_msgs/include/px4_msgs/px4_msgs/msg/detail/obstacle_distance__type_support.hpp\n'}
[15.786658] (px4_msgs) StdoutLine: {'line': b'-- Up-to-date: /home/subhalaxmi/nidar_ws/install/px4_msgs/include/px4_msgs/px4_msgs/msg/detail/iridiumsbd_status__type_support.hpp\n'}
[15.786954] (px4_msgs) StdoutLine: {'line': b'-- Up-to-date: /home/subhalaxmi/nidar_ws/install/px4_msgs/include/px4_msgs/px4_msgs/msg/detail/estimator_selector_status__type_support.hpp\n'}
[15.787238] (px4_msgs) StdoutLine: {'line': b'-- Up-to-date: /home/subhalaxmi/nidar_ws/install/px4_msgs/include/px4_msgs/px4_msgs/msg/detail/camera_trigger__traits.hpp\n'}
[15.787450] (px4_msgs) StdoutLine: {'line': b'-- Up-to-date: /home/subhalaxmi/nidar_ws/install/px4_msgs/include/px4_msgs/px4_msgs/msg/detail/yaw_estimator_status__type_support.hpp\n'}
[15.787650] (px4_msgs) StdoutLine: {'line': b'-- Up-to-date: /home/subhalaxmi/nidar_ws/install/px4_msgs/include/px4_msgs/px4_msgs/msg/detail/vehicle_angular_acceleration_setpoint__type_support.hpp\n'}
[15.787897] (px4_msgs) StdoutLine: {'line': b'-- Up-to-date: /home/subhalaxmi/nidar_ws/install/px4_msgs/include/px4_msgs/px4_msgs/msg/detail/power_monitor__type_support.hpp\n'}
[15.789144] (px4_msgs) StdoutLine: {'line': b'-- Up-to-date: /home/subhalaxmi/nidar_ws/install/px4_msgs/include/px4_msgs/px4_msgs/msg/detail/vehicle_command__type_support.hpp\n'}
[15.789436] (px4_msgs) StdoutLine: {'line': b'-- Up-to-date: /home/subhalaxmi/nidar_ws/install/px4_msgs/include/px4_msgs/px4_msgs/msg/detail/gimbal_device_attitude_status__struct.hpp\n'}
[15.791033] (px4_msgs) StdoutLine: {'line': b'-- Up-to-date: /home/subhalaxmi/nidar_ws/install/px4_msgs/include/px4_msgs/px4_msgs/msg/detail/sensor_selection__struct.hpp\n'}
[15.791304] (px4_msgs) StdoutLine: {'line': b'-- Up-to-date: /home/subhalaxmi/nidar_ws/install/px4_msgs/include/px4_msgs/px4_msgs/msg/detail/gimbal_device_set_attitude__struct.hpp\n'}
[15.791487] (px4_msgs) StdoutLine: {'line': b'-- Up-to-date: /home/subhalaxmi/nidar_ws/install/px4_msgs/include/px4_msgs/px4_msgs/msg/detail/radio_status__struct.hpp\n'}
[15.791759] (px4_msgs) StdoutLine: {'line': b'-- Up-to-date: /home/subhalaxmi/nidar_ws/install/px4_msgs/include/px4_msgs/px4_msgs/msg/detail/gimbal_manager_set_manual_control__struct.hpp\n'}
[15.792020] (px4_msgs) StdoutLine: {'line': b'-- Up-to-date: /home/subhalaxmi/nidar_ws/install/px4_msgs/include/px4_msgs/px4_msgs/msg/detail/estimator_gps_status__type_support.hpp\n'}
[15.792200] (px4_msgs) StdoutLine: {'line': b'-- Up-to-date: /home/subhalaxmi/nidar_ws/install/px4_msgs/include/px4_msgs/px4_msgs/msg/detail/uavcan_parameter_value__builder.hpp\n'}
[15.792368] (px4_msgs) StdoutLine: {'line': b'-- Up-to-date: /home/subhalaxmi/nidar_ws/install/px4_msgs/include/px4_msgs/px4_msgs/msg/detail/orbit_status__struct.hpp\n'}
[15.792535] (px4_msgs) StdoutLine: {'line': b'-- Up-to-date: /home/subhalaxmi/nidar_ws/install/px4_msgs/include/px4_msgs/px4_msgs/msg/detail/gpio_out__builder.hpp\n'}
[15.792702] (px4_msgs) StdoutLine: {'line': b'-- Up-to-date: /home/subhalaxmi/nidar_ws/install/px4_msgs/include/px4_msgs/px4_msgs/msg/detail/message_format_request__builder.hpp\n'}
[15.792909] (px4_msgs) StdoutLine: {'line': b'-- Up-to-date: /home/subhalaxmi/nidar_ws/install/px4_msgs/include/px4_msgs/px4_msgs/msg/detail/obstacle_distance__builder.hpp\n'}
[15.793129] (px4_msgs) StdoutLine: {'line': b'-- Up-to-date: /home/subhalaxmi/nidar_ws/install/px4_msgs/include/px4_msgs/px4_msgs/msg/detail/estimator_aid_source2d__traits.hpp\n'}
[15.794857] (px4_msgs) StdoutLine: {'line': b'-- Up-to-date: /home/subhalaxmi/nidar_ws/install/px4_msgs/include/px4_msgs/px4_msgs/msg/detail/radio_status__type_support.hpp\n'}
[15.795472] (px4_msgs) StdoutLine: {'line': b'-- Up-to-date: /home/subhalaxmi/nidar_ws/install/px4_msgs/include/px4_msgs/px4_msgs/msg/detail/parameter_set_value_request__traits.hpp\n'}
[15.795835] (px4_msgs) StdoutLine: {'line': b'-- Up-to-date: /home/subhalaxmi/nidar_ws/install/px4_msgs/include/px4_msgs/px4_msgs/msg/detail/fixed_wing_longitudinal_setpoint__traits.hpp\n'}
[15.796483] (px4_msgs) StdoutLine: {'line': b'-- Up-to-date: /home/subhalaxmi/nidar_ws/install/px4_msgs/include/px4_msgs/px4_msgs/msg/detail/vehicle_magnetometer__traits.hpp\n'}
[15.796841] (px4_msgs) StdoutLine: {'line': b'-- Up-to-date: /home/subhalaxmi/nidar_ws/install/px4_msgs/include/px4_msgs/px4_msgs/msg/detail/fuel_tank_status__struct.hpp\n'}
[15.798038] (px4_msgs) StdoutLine: {'line': b'-- Up-to-date: /home/subhalaxmi/nidar_ws/install/px4_msgs/include/px4_msgs/px4_msgs/msg/detail/sensor_hygrometer__type_support.hpp\n'}
[15.798291] (px4_msgs) StdoutLine: {'line': b'-- Up-to-date: /home/subhalaxmi/nidar_ws/install/px4_msgs/include/px4_msgs/px4_msgs/msg/detail/navigator_mission_item__struct.hpp\n'}
[15.798482] (px4_msgs) StdoutLine: {'line': b'-- Up-to-date: /home/subhalaxmi/nidar_ws/install/px4_msgs/include/px4_msgs/px4_msgs/msg/detail/raptor_status__builder.hpp\n'}
[15.798667] (px4_msgs) StdoutLine: {'line': b'-- Up-to-date: /home/subhalaxmi/nidar_ws/install/px4_msgs/include/px4_msgs/px4_msgs/msg/detail/sensor_mag__struct.hpp\n'}
[15.799668] (px4_msgs) StdoutLine: {'line': b'-- Up-to-date: /home/subhalaxmi/nidar_ws/install/px4_msgs/include/px4_msgs/px4_msgs/msg/detail/mavlink_tunnel__traits.hpp\n'}
[15.799991] (px4_msgs) StdoutLine: {'line': b'-- Up-to-date: /home/subhalaxmi/nidar_ws/install/px4_msgs/include/px4_msgs/px4_msgs/msg/detail/rtl_time_estimate__traits.hpp\n'}
[15.800208] (px4_msgs) StdoutLine: {'line': b'-- Up-to-date: /home/subhalaxmi/nidar_ws/install/px4_msgs/include/px4_msgs/px4_msgs/msg/detail/vehicle_angular_acceleration_setpoint__builder.hpp\n'}
[15.800395] (px4_msgs) StdoutLine: {'line': b'-- Up-to-date: /home/subhalaxmi/nidar_ws/install/px4_msgs/include/px4_msgs/px4_msgs/msg/detail/config_overrides__builder.hpp\n'}
[15.800576] (px4_msgs) StdoutLine: {'line': b'-- Up-to-date: /home/subhalaxmi/nidar_ws/install/px4_msgs/include/px4_msgs/px4_msgs/msg/detail/vehicle_odometry__builder.hpp\n'}
[15.800753] (px4_msgs) StdoutLine: {'line': b'-- Up-to-date: /home/subhalaxmi/nidar_ws/install/px4_msgs/include/px4_msgs/px4_msgs/msg/detail/rc_channels__builder.hpp\n'}
[15.804117] (px4_msgs) StdoutLine: {'line': b'-- Up-to-date: /home/subhalaxmi/nidar_ws/install/px4_msgs/include/px4_msgs/px4_msgs/msg/detail/autotune_attitude_control_status__builder.hpp\n'}
[15.804378] (px4_msgs) StdoutLine: {'line': b'-- Up-to-date: /home/subhalaxmi/nidar_ws/install/px4_msgs/include/px4_msgs/px4_msgs/msg/detail/gpio_config__builder.hpp\n'}
[15.804573] (px4_msgs) StdoutLine: {'line': b'-- Up-to-date: /home/subhalaxmi/nidar_ws/install/px4_msgs/include/px4_msgs/px4_msgs/msg/detail/open_drone_id_self_id__traits.hpp\n'}
[15.804792] (px4_msgs) StdoutLine: {'line': b'-- Up-to-date: /home/subhalaxmi/nidar_ws/install/px4_msgs/include/px4_msgs/px4_msgs/msg/detail/register_ext_component_reply__struct.hpp\n'}
[15.805108] (px4_msgs) StdoutLine: {'line': b'-- Up-to-date: /home/subhalaxmi/nidar_ws/install/px4_msgs/include/px4_msgs/px4_msgs/msg/detail/airspeed__traits.hpp\n'}
[15.805285] (px4_msgs) StdoutLine: {'line': b'-- Up-to-date: /home/subhalaxmi/nidar_ws/install/px4_msgs/include/px4_msgs/px4_msgs/msg/detail/estimator_innovations__struct.hpp\n'}
[15.805456] (px4_msgs) StdoutLine: {'line': b'-- Up-to-date: /home/subhalaxmi/nidar_ws/install/px4_msgs/include/px4_msgs/px4_msgs/msg/detail/mission__type_support.hpp\n'}
[15.805624] (px4_msgs) StdoutLine: {'line': b'-- Up-to-date: /home/subhalaxmi/nidar_ws/install/px4_msgs/include/px4_msgs/px4_msgs/msg/detail/trajectory_setpoint6dof__builder.hpp\n'}
[15.805790] (px4_msgs) StdoutLine: {'line': b'-- Up-to-date: /home/subhalaxmi/nidar_ws/install/px4_msgs/include/px4_msgs/px4_msgs/msg/detail/hover_thrust_estimate__type_support.hpp\n'}
[15.806079] (px4_msgs) StdoutLine: {'line': b'-- Up-to-date: /home/subhalaxmi/nidar_ws/install/px4_msgs/include/px4_msgs/px4_msgs/msg/detail/camera_capture__traits.hpp\n'}
[15.806292] (px4_msgs) StdoutLine: {'line': b'-- Up-to-date: /home/subhalaxmi/nidar_ws/install/px4_msgs/include/px4_msgs/px4_msgs/msg/detail/failure_detector_status__traits.hpp\n'}
[15.806515] (px4_msgs) StdoutLine: {'line': b'-- Up-to-date: /home/subhalaxmi/nidar_ws/install/px4_msgs/include/px4_msgs/px4_msgs/msg/detail/gimbal_device_set_attitude__builder.hpp\n'}
[15.806719] (px4_msgs) StdoutLine: {'line': b'-- Up-to-date: /home/subhalaxmi/nidar_ws/install/px4_msgs/include/px4_msgs/px4_msgs/msg/detail/geofence_result__type_support.hpp\n'}
[15.806957] (px4_msgs) StdoutLine: {'line': b'-- Up-to-date: /home/subhalaxmi/nidar_ws/install/px4_msgs/include/px4_msgs/px4_msgs/msg/detail/open_drone_id_system__struct.hpp\n'}
[15.807164] (px4_msgs) StdoutLine: {'line': b'-- Up-to-date: /home/subhalaxmi/nidar_ws/install/px4_msgs/include/px4_msgs/px4_msgs/msg/detail/device_information__builder.hpp\n'}
[15.807421] (px4_msgs) StdoutLine: {'line': b'-- Up-to-date: /home/subhalaxmi/nidar_ws/install/px4_msgs/include/px4_msgs/px4_msgs/msg/detail/input_rc__builder.hpp\n'}
[15.808898] (px4_msgs) StdoutLine: {'line': b'-- Up-to-date: /home/subhalaxmi/nidar_ws/install/px4_msgs/include/px4_msgs/px4_msgs/msg/detail/rate_ctrl_status__traits.hpp\n'}
[15.809567] (px4_msgs) StdoutLine: {'line': b'-- Up-to-date: /home/subhalaxmi/nidar_ws/install/px4_msgs/include/px4_msgs/px4_msgs/msg/detail/dronecan_node_status__type_support.hpp\n'}
[15.810049] (px4_msgs) StdoutLine: {'line': b'-- Up-to-date: /home/subhalaxmi/nidar_ws/install/px4_msgs/include/px4_msgs/px4_msgs/msg/detail/vehicle_optical_flow_vel__struct.hpp\n'}
[15.810279] (px4_msgs) StdoutLine: {'line': b'-- Up-to-date: /home/subhalaxmi/nidar_ws/install/px4_msgs/include/px4_msgs/px4_msgs/msg/detail/gripper__builder.hpp\n'}
[15.810476] (px4_msgs) StdoutLine: {'line': b'-- Up-to-date: /home/subhalaxmi/nidar_ws/install/px4_msgs/include/px4_msgs/px4_msgs/msg/detail/autotune_attitude_control_status__traits.hpp\n'}
[15.810666] (px4_msgs) StdoutLine: {'line': b'-- Up-to-date: /home/subhalaxmi/nidar_ws/install/px4_msgs/include/px4_msgs/px4_msgs/msg/detail/gain_compression__traits.hpp\n'}
[15.813321] (px4_msgs) StdoutLine: {'line': b'-- Up-to-date: /home/subhalaxmi/nidar_ws/install/px4_msgs/include/px4_msgs/px4_msgs/msg/detail/yaw_estimator_status__builder.hpp\n'}
[15.813565] (px4_msgs) StdoutLine: {'line': b'-- Up-to-date: /home/subhalaxmi/nidar_ws/install/px4_msgs/include/px4_msgs/px4_msgs/msg/detail/dataman_response__builder.hpp\n'}
[15.813857] (px4_msgs) StdoutLine: {'line': b'-- Up-to-date: /home/subhalaxmi/nidar_ws/install/px4_msgs/include/px4_msgs/px4_msgs/msg/detail/config_overrides__type_support.hpp\n'}
[15.814101] (px4_msgs) StdoutLine: {'line': b'-- Up-to-date: /home/subhalaxmi/nidar_ws/install/px4_msgs/include/px4_msgs/px4_msgs/msg/detail/uavcan_parameter_value__struct.hpp\n'}
[15.819132] (px4_msgs) StdoutLine: {'line': b'-- Up-to-date: /home/subhalaxmi/nidar_ws/install/px4_msgs/include/px4_msgs/px4_msgs/msg/detail/sensor_airflow__type_support.hpp\n'}
[15.820501] (px4_msgs) StdoutLine: {'line': b'-- Up-to-date: /home/subhalaxmi/nidar_ws/install/px4_msgs/include/px4_msgs/px4_msgs/msg/detail/gimbal_controls__traits.hpp\n'}
[15.821500] (px4_msgs) StdoutLine: {'line': b'-- Up-to-date: /home/subhalaxmi/nidar_ws/install/px4_msgs/include/px4_msgs/px4_msgs/msg/detail/estimator_bias3d__struct.hpp\n'}
[15.827265] (px4_msgs) StdoutLine: {'line': b'-- Up-to-date: /home/subhalaxmi/nidar_ws/install/px4_msgs/include/px4_msgs/px4_msgs/msg/detail/gps_inject_data__traits.hpp\n'}
[15.829143] (px4_msgs) StdoutLine: {'line': b'-- Up-to-date: /home/subhalaxmi/nidar_ws/install/px4_msgs/include/px4_msgs/px4_msgs/msg/detail/offboard_control_mode__traits.hpp\n'}
[15.829393] (px4_msgs) StdoutLine: {'line': b'-- Up-to-date: /home/subhalaxmi/nidar_ws/install/px4_msgs/include/px4_msgs/px4_msgs/msg/detail/figure_eight_status__type_support.hpp\n'}
[15.829607] (px4_msgs) StdoutLine: {'line': b'-- Up-to-date: /home/subhalaxmi/nidar_ws/install/px4_msgs/include/px4_msgs/px4_msgs/msg/detail/yaw_estimator_status__struct.hpp\n'}
[15.829851] (px4_msgs) StdoutLine: {'line': b'-- Up-to-date: /home/subhalaxmi/nidar_ws/install/px4_msgs/include/px4_msgs/px4_msgs/msg/detail/iridiumsbd_status__builder.hpp\n'}
[15.830762] (px4_msgs) StdoutLine: {'line': b'-- Up-to-date: /home/subhalaxmi/nidar_ws/install/px4_msgs/include/px4_msgs/px4_msgs/msg/detail/manual_control_switches__struct.hpp\n'}
[15.831039] (px4_msgs) StdoutLine: {'line': b'-- Up-to-date: /home/subhalaxmi/nidar_ws/install/px4_msgs/include/px4_msgs/px4_msgs/msg/detail/open_drone_id_arm_status__traits.hpp\n'}
[15.831279] (px4_msgs) StdoutLine: {'line': b'-- Up-to-date: /home/subhalaxmi/nidar_ws/install/px4_msgs/include/px4_msgs/px4_msgs/msg/detail/vehicle_command_ack__type_support.hpp\n'}
[15.832476] (px4_msgs) StdoutLine: {'line': b'-- Up-to-date: /home/subhalaxmi/nidar_ws/install/px4_msgs/include/px4_msgs/px4_msgs/msg/detail/vehicle_command_ack__struct.hpp\n'}
[15.833141] (px4_msgs) StdoutLine: {'line': b'-- Up-to-date: /home/subhalaxmi/nidar_ws/install/px4_msgs/include/px4_msgs/px4_msgs/msg/detail/estimator_gps_status__builder.hpp\n'}
[15.833371] (px4_msgs) StdoutLine: {'line': b'-- Up-to-date: /home/subhalaxmi/nidar_ws/install/px4_msgs/include/px4_msgs/px4_msgs/msg/detail/sensor_gnss_status__traits.hpp\n'}
[15.836465] (px4_msgs) StdoutLine: {'line': b'-- Up-to-date: /home/subhalaxmi/nidar_ws/install/px4_msgs/include/px4_msgs/px4_msgs/msg/detail/tune_control__type_support.hpp\n'}
[15.836735] (px4_msgs) StdoutLine: {'line': b'-- Up-to-date: /home/subhalaxmi/nidar_ws/install/px4_msgs/include/px4_msgs/px4_msgs/msg/detail/failsafe_flags__traits.hpp\n'}
[15.836988] (px4_msgs) StdoutLine: {'line': b'-- Up-to-date: /home/subhalaxmi/nidar_ws/install/px4_msgs/include/px4_msgs/px4_msgs/msg/detail/power_monitor__traits.hpp\n'}
[15.837180] (px4_msgs) StdoutLine: {'line': b'-- Up-to-date: /home/subhalaxmi/nidar_ws/install/px4_msgs/include/px4_msgs/px4_msgs/msg/detail/vehicle_constraints__traits.hpp\n'}
[15.837365] (px4_msgs) StdoutLine: {'line': b'-- Up-to-date: /home/subhalaxmi/nidar_ws/install/px4_msgs/include/px4_msgs/px4_msgs/msg/detail/sensor_correction__struct.hpp\n'}
[15.837552] (px4_msgs) StdoutLine: {'line': b'-- Up-to-date: /home/subhalaxmi/nidar_ws/install/px4_msgs/include/px4_msgs/px4_msgs/msg/detail/vehicle_air_data__builder.hpp\n'}
[15.837732] (px4_msgs) StdoutLine: {'line': b'-- Up-to-date: /home/subhalaxmi/nidar_ws/install/px4_msgs/include/px4_msgs/px4_msgs/msg/detail/estimator_innovations__traits.hpp\n'}
[15.839231] (px4_msgs) StdoutLine: {'line': b'-- Up-to-date: /home/subhalaxmi/nidar_ws/install/px4_msgs/include/px4_msgs/px4_msgs/msg/detail/esc_status__struct.hpp\n'}
[15.839517] (px4_msgs) StdoutLine: {'line': b'-- Up-to-date: /home/subhalaxmi/nidar_ws/install/px4_msgs/include/px4_msgs/px4_msgs/msg/detail/vehicle_odometry__type_support.hpp\n'}
[15.839731] (px4_msgs) StdoutLine: {'line': b'-- Up-to-date: /home/subhalaxmi/nidar_ws/install/px4_msgs/include/px4_msgs/px4_msgs/msg/detail/follow_target__traits.hpp\n'}
[15.839997] (px4_msgs) StdoutLine: {'line': b'-- Up-to-date: /home/subhalaxmi/nidar_ws/install/px4_msgs/include/px4_msgs/px4_msgs/msg/detail/estimator_event_flags__struct.hpp\n'}
[15.840269] (px4_msgs) StdoutLine: {'line': b'-- Up-to-date: /home/subhalaxmi/nidar_ws/install/px4_msgs/include/px4_msgs/px4_msgs/msg/detail/sensor_gyro__struct.hpp\n'}
[15.840483] (px4_msgs) StdoutLine: {'line': b'-- Up-to-date: /home/subhalaxmi/nidar_ws/install/px4_msgs/include/px4_msgs/px4_msgs/msg/detail/estimator_status_flags__builder.hpp\n'}
[15.840694] (px4_msgs) StdoutLine: {'line': b'-- Up-to-date: /home/subhalaxmi/nidar_ws/install/px4_msgs/include/px4_msgs/px4_msgs/msg/detail/airspeed_wind__struct.hpp\n'}
[15.840942] (px4_msgs) StdoutLine: {'line': b'-- Up-to-date: /home/subhalaxmi/nidar_ws/install/px4_msgs/include/px4_msgs/px4_msgs/msg/detail/sensor_gyro_fifo__type_support.hpp\n'}
[15.841130] (px4_msgs) StdoutLine: {'line': b'-- Up-to-date: /home/subhalaxmi/nidar_ws/install/px4_msgs/include/px4_msgs/px4_msgs/msg/detail/sensor_accel_fifo__traits.hpp\n'}
[15.841299] (px4_msgs) StdoutLine: {'line': b'-- Up-to-date: /home/subhalaxmi/nidar_ws/install/px4_msgs/include/px4_msgs/px4_msgs/msg/detail/rover_throttle_setpoint__traits.hpp\n'}
[15.841466] (px4_msgs) StdoutLine: {'line': b'-- Up-to-date: /home/subhalaxmi/nidar_ws/install/px4_msgs/include/px4_msgs/px4_msgs/msg/detail/actuator_test__builder.hpp\n'}
[15.842495] (px4_msgs) StdoutLine: {'line': b'-- Up-to-date: /home/subhalaxmi/nidar_ws/install/px4_msgs/include/px4_msgs/px4_msgs/msg/detail/device_information__traits.hpp\n'}
[15.842707] (px4_msgs) StdoutLine: {'line': b'-- Up-to-date: /home/subhalaxmi/nidar_ws/install/px4_msgs/include/px4_msgs/px4_msgs/msg/detail/debug_key_value__builder.hpp\n'}
[15.843623] (px4_msgs) StdoutLine: {'line': b'-- Up-to-date: /home/subhalaxmi/nidar_ws/install/px4_msgs/include/px4_msgs/px4_msgs/msg/detail/debug_key_value__type_support.hpp\n'}
[15.843945] (px4_msgs) StdoutLine: {'line': b'-- Up-to-date: /home/subhalaxmi/nidar_ws/install/px4_msgs/include/px4_msgs/px4_msgs/msg/detail/mode_completed__struct.hpp\n'}
[15.844275] (px4_msgs) StdoutLine: {'line': b'-- Up-to-date: /home/subhalaxmi/nidar_ws/install/px4_msgs/include/px4_msgs/px4_msgs/msg/detail/rc_parameter_map__struct.hpp\n'}
[15.844498] (px4_msgs) StdoutLine: {'line': b'-- Up-to-date: /home/subhalaxmi/nidar_ws/install/px4_msgs/include/px4_msgs/px4_msgs/msg/detail/position_setpoint__builder.hpp\n'}
[15.844709] (px4_msgs) StdoutLine: {'line': b'-- Up-to-date: /home/subhalaxmi/nidar_ws/install/px4_msgs/include/px4_msgs/px4_msgs/msg/detail/estimator_status_flags__struct.hpp\n'}
[15.846579] (px4_msgs) StdoutLine: {'line': b'-- Up-to-date: /home/subhalaxmi/nidar_ws/install/px4_msgs/include/px4_msgs/px4_msgs/msg/detail/gps_dump__traits.hpp\n'}
[15.846783] (-) TimerEvent: {}
[15.847097] (px4_msgs) StdoutLine: {'line': b'-- Up-to-date: /home/subhalaxmi/nidar_ws/install/px4_msgs/include/px4_msgs/px4_msgs/msg/detail/sensor_hygrometer__struct.hpp\n'}
[15.847337] (px4_msgs) StdoutLine: {'line': b'-- Up-to-date: /home/subhalaxmi/nidar_ws/install/px4_msgs/include/px4_msgs/px4_msgs/msg/detail/sensor_gyro_fft__type_support.hpp\n'}
[15.847525] (px4_msgs) StdoutLine: {'line': b'-- Up-to-date: /home/subhalaxmi/nidar_ws/install/px4_msgs/include/px4_msgs/px4_msgs/msg/detail/wheel_encoders__type_support.hpp\n'}
[15.847706] (px4_msgs) StdoutLine: {'line': b'-- Up-to-date: /home/subhalaxmi/nidar_ws/install/px4_msgs/include/px4_msgs/px4_msgs/msg/detail/vehicle_magnetometer__struct.hpp\n'}
[15.848460] (px4_msgs) StdoutLine: {'line': b'-- Up-to-date: /home/subhalaxmi/nidar_ws/install/px4_msgs/include/px4_msgs/px4_msgs/msg/detail/sensor_baro__struct.hpp\n'}
[15.849918] (px4_msgs) StdoutLine: {'line': b'-- Up-to-date: /home/subhalaxmi/nidar_ws/install/px4_msgs/include/px4_msgs/px4_msgs/msg/detail/neural_control__type_support.hpp\n'}
[15.850379] (px4_msgs) StdoutLine: {'line': b'-- Up-to-date: /home/subhalaxmi/nidar_ws/install/px4_msgs/include/px4_msgs/px4_msgs/msg/detail/sensor_temp__builder.hpp\n'}
[15.850598] (px4_msgs) StdoutLine: {'line': b'-- Up-to-date: /home/subhalaxmi/nidar_ws/install/px4_msgs/include/px4_msgs/px4_msgs/msg/detail/action_request__traits.hpp\n'}
[15.850819] (px4_msgs) StdoutLine: {'line': b'-- Up-to-date: /home/subhalaxmi/nidar_ws/install/px4_msgs/include/px4_msgs/px4_msgs/msg/detail/magnetometer_bias_estimate__traits.hpp\n'}
[15.851039] (px4_msgs) StdoutLine: {'line': b'-- Up-to-date: /home/subhalaxmi/nidar_ws/install/px4_msgs/include/px4_msgs/px4_msgs/msg/detail/differential_pressure__builder.hpp\n'}
[15.851233] (px4_msgs) StdoutLine: {'line': b'-- Up-to-date: /home/subhalaxmi/nidar_ws/install/px4_msgs/include/px4_msgs/px4_msgs/msg/detail/internal_combustion_engine_status__traits.hpp\n'}
[15.851442] (px4_msgs) StdoutLine: {'line': b'-- Up-to-date: /home/subhalaxmi/nidar_ws/install/px4_msgs/include/px4_msgs/px4_msgs/msg/detail/vehicle_imu__traits.hpp\n'}
[15.851626] (px4_msgs) StdoutLine: {'line': b'-- Up-to-date: /home/subhalaxmi/nidar_ws/install/px4_msgs/include/px4_msgs/px4_msgs/msg/detail/camera_capture__builder.hpp\n'}
[15.854042] (px4_msgs) StdoutLine: {'line': b'-- Up-to-date: /home/subhalaxmi/nidar_ws/install/px4_msgs/include/px4_msgs/px4_msgs/msg/detail/esc_report__type_support.hpp\n'}
[15.854490] (px4_msgs) StdoutLine: {'line': b'-- Up-to-date: /home/subhalaxmi/nidar_ws/install/px4_msgs/include/px4_msgs/px4_msgs/msg/detail/autotune_attitude_control_status__struct.hpp\n'}
[15.854746] (px4_msgs) StdoutLine: {'line': b'-- Up-to-date: /home/subhalaxmi/nidar_ws/install/px4_msgs/include/px4_msgs/px4_msgs/msg/detail/arming_check_request__traits.hpp\n'}
[15.855046] (px4_msgs) StdoutLine: {'line': b'-- Up-to-date: /home/subhalaxmi/nidar_ws/install/px4_msgs/include/px4_msgs/px4_msgs/msg/detail/actuator_controls_status__traits.hpp\n'}
[15.855584] (px4_msgs) StdoutLine: {'line': b'-- Up-to-date: /home/subhalaxmi/nidar_ws/install/px4_msgs/include/px4_msgs/px4_msgs/msg/detail/trajectory_setpoint__type_support.hpp\n'}
[15.855795] (px4_msgs) StdoutLine: {'line': b'-- Up-to-date: /home/subhalaxmi/nidar_ws/install/px4_msgs/include/px4_msgs/px4_msgs/msg/detail/geofence_status__traits.hpp\n'}
[15.856052] (px4_msgs) StdoutLine: {'line': b'-- Up-to-date: /home/subhalaxmi/nidar_ws/install/px4_msgs/include/px4_msgs/px4_msgs/msg/detail/camera_status__type_support.hpp\n'}
[15.856239] (px4_msgs) StdoutLine: {'line': b'-- Up-to-date: /home/subhalaxmi/nidar_ws/install/px4_msgs/include/px4_msgs/px4_msgs/msg/detail/open_drone_id_self_id__struct.hpp\n'}
[15.856420] (px4_msgs) StdoutLine: {'line': b'-- Up-to-date: /home/subhalaxmi/nidar_ws/install/px4_msgs/include/px4_msgs/px4_msgs/msg/detail/parameter_reset_request__type_support.hpp\n'}
[15.856606] (px4_msgs) StdoutLine: {'line': b'-- Up-to-date: /home/subhalaxmi/nidar_ws/install/px4_msgs/include/px4_msgs/px4_msgs/msg/detail/airspeed_wind__type_support.hpp\n'}
[15.856823] (px4_msgs) StdoutLine: {'line': b'-- Up-to-date: /home/subhalaxmi/nidar_ws/install/px4_msgs/include/px4_msgs/px4_msgs/msg/detail/airspeed_validated__traits.hpp\n'}
[15.857353] (px4_msgs) StdoutLine: {'line': b'-- Up-to-date: /home/subhalaxmi/nidar_ws/install/px4_msgs/include/px4_msgs/px4_msgs/msg/detail/irlock_report__struct.hpp\n'}
[15.859962] (px4_msgs) StdoutLine: {'line': b'-- Up-to-date: /home/subhalaxmi/nidar_ws/install/px4_msgs/include/px4_msgs/px4_msgs/msg/detail/qshell_retval__traits.hpp\n'}
[15.860356] (px4_msgs) StdoutLine: {'line': b'-- Up-to-date: /home/subhalaxmi/nidar_ws/install/px4_msgs/include/px4_msgs/px4_msgs/msg/detail/rover_rate_setpoint__builder.hpp\n'}
[15.860592] (px4_msgs) StdoutLine: {'line': b'-- Up-to-date: /home/subhalaxmi/nidar_ws/install/px4_msgs/include/px4_msgs/px4_msgs/msg/detail/camera_trigger__struct.hpp\n'}
[15.860869] (px4_msgs) StdoutLine: {'line': b'-- Up-to-date: /home/subhalaxmi/nidar_ws/install/px4_msgs/include/px4_msgs/px4_msgs/msg/detail/sensor_gnss_relative__traits.hpp\n'}
[15.863425] (px4_msgs) StdoutLine: {'line': b'-- Up-to-date: /home/subhalaxmi/nidar_ws/install/px4_msgs/include/px4_msgs/px4_msgs/msg/detail/sensor_airflow__builder.hpp\n'}
[15.863828] (px4_msgs) StdoutLine: {'line': b'-- Up-to-date: /home/subhalaxmi/nidar_ws/install/px4_msgs/include/px4_msgs/px4_msgs/msg/detail/cpuload__type_support.hpp\n'}
[15.864228] (px4_msgs) StdoutLine: {'line': b'-- Up-to-date: /home/subhalaxmi/nidar_ws/install/px4_msgs/include/px4_msgs/px4_msgs/msg/detail/fixed_wing_lateral_status__traits.hpp\n'}
[15.864552] (px4_msgs) StdoutLine: {'line': b'-- Up-to-date: /home/subhalaxmi/nidar_ws/install/px4_msgs/include/px4_msgs/px4_msgs/msg/detail/ekf2_timestamps__type_support.hpp\n'}
[15.864907] (px4_msgs) StdoutLine: {'line': b'-- Up-to-date: /home/subhalaxmi/nidar_ws/install/px4_msgs/include/px4_msgs/px4_msgs/msg/detail/pwm_input__type_support.hpp\n'}
[15.874366] (px4_msgs) StdoutLine: {'line': b'-- Up-to-date: /home/subhalaxmi/nidar_ws/install/px4_msgs/include/px4_msgs/px4_msgs/msg/detail/longitudinal_control_configuration__struct.hpp\n'}
[15.875166] (px4_msgs) StdoutLine: {'line': b'-- Up-to-date: /home/subhalaxmi/nidar_ws/install/px4_msgs/include/px4_msgs/px4_msgs/msg/detail/launch_detection_status__traits.hpp\n'}
[15.875698] (px4_msgs) StdoutLine: {'line': b'-- Up-to-date: /home/subhalaxmi/nidar_ws/install/px4_msgs/include/px4_msgs/px4_msgs/msg/detail/dronecan_node_status__struct.hpp\n'}
[15.877519] (px4_msgs) StdoutLine: {'line': b'-- Up-to-date: /home/subhalaxmi/nidar_ws/install/px4_msgs/include/px4_msgs/px4_msgs/msg/detail/vehicle_imu_status__struct.hpp\n'}
[15.877769] (px4_msgs) StdoutLine: {'line': b'-- Up-to-date: /home/subhalaxmi/nidar_ws/install/px4_msgs/include/px4_msgs/px4_msgs/msg/detail/vehicle_thrust_setpoint__builder.hpp\n'}
[15.883655] (px4_msgs) StdoutLine: {'line': b'-- Up-to-date: /home/subhalaxmi/nidar_ws/install/px4_msgs/include/px4_msgs/px4_msgs/msg/detail/distance_sensor_mode_change_request__struct.hpp\n'}
[15.884001] (px4_msgs) StdoutLine: {'line': b'-- Up-to-date: /home/subhalaxmi/nidar_ws/install/px4_msgs/include/px4_msgs/px4_msgs/msg/detail/rc_channels__traits.hpp\n'}
[15.884243] (px4_msgs) StdoutLine: {'line': b'-- Up-to-date: /home/subhalaxmi/nidar_ws/install/px4_msgs/include/px4_msgs/px4_msgs/msg/detail/health_report__type_support.hpp\n'}
[15.884449] (px4_msgs) StdoutLine: {'line': b'-- Up-to-date: /home/subhalaxmi/nidar_ws/install/px4_msgs/include/px4_msgs/px4_msgs/msg/detail/position_setpoint_triplet__traits.hpp\n'}
[15.884647] (px4_msgs) StdoutLine: {'line': b'-- Up-to-date: /home/subhalaxmi/nidar_ws/install/px4_msgs/include/px4_msgs/px4_msgs/msg/detail/uavcan_parameter_request__type_support.hpp\n'}
[15.884873] (px4_msgs) StdoutLine: {'line': b'-- Up-to-date: /home/subhalaxmi/nidar_ws/install/px4_msgs/include/px4_msgs/px4_msgs/msg/detail/fixed_wing_lateral_guidance_status__type_support.hpp\n'}
[15.885730] (px4_msgs) StdoutLine: {'line': b'-- Up-to-date: /home/subhalaxmi/nidar_ws/install/px4_msgs/include/px4_msgs/px4_msgs/msg/detail/gain_compression__builder.hpp\n'}
[15.886044] (px4_msgs) StdoutLine: {'line': b'-- Up-to-date: /home/subhalaxmi/nidar_ws/install/px4_msgs/include/px4_msgs/px4_msgs/msg/detail/neural_control__struct.hpp\n'}
[15.886238] (px4_msgs) StdoutLine: {'line': b'-- Up-to-date: /home/subhalaxmi/nidar_ws/install/px4_msgs/include/px4_msgs/px4_msgs/msg/detail/gain_compression__type_support.hpp\n'}
[15.886426] (px4_msgs) StdoutLine: {'line': b'-- Up-to-date: /home/subhalaxmi/nidar_ws/install/px4_msgs/include/px4_msgs/px4_msgs/msg/detail/generator_status__traits.hpp\n'}
[15.886629] (px4_msgs) StdoutLine: {'line': b'-- Up-to-date: /home/subhalaxmi/nidar_ws/install/px4_msgs/include/px4_msgs/px4_msgs/msg/detail/estimator_aid_source3d__struct.hpp\n'}
[15.886845] (px4_msgs) StdoutLine: {'line': b'-- Up-to-date: /home/subhalaxmi/nidar_ws/install/px4_msgs/include/px4_msgs/px4_msgs/msg/detail/pps_capture__traits.hpp\n'}
[15.888231] (px4_msgs) StdoutLine: {'line': b'-- Up-to-date: /home/subhalaxmi/nidar_ws/install/px4_msgs/include/px4_msgs/px4_msgs/msg/detail/gpio_config__traits.hpp\n'}
[15.888448] (px4_msgs) StdoutLine: {'line': b'-- Up-to-date: /home/subhalaxmi/nidar_ws/install/px4_msgs/include/px4_msgs/px4_msgs/msg/detail/timesync_status__type_support.hpp\n'}
[15.888639] (px4_msgs) StdoutLine: {'line': b'-- Up-to-date: /home/subhalaxmi/nidar_ws/install/px4_msgs/include/px4_msgs/px4_msgs/msg/detail/trajectory_setpoint__struct.hpp\n'}
[15.888851] (px4_msgs) StdoutLine: {'line': b'-- Up-to-date: /home/subhalaxmi/nidar_ws/install/px4_msgs/include/px4_msgs/px4_msgs/msg/detail/vehicle_attitude_setpoint__builder.hpp\n'}
[15.889050] (px4_msgs) StdoutLine: {'line': b'-- Up-to-date: /home/subhalaxmi/nidar_ws/install/px4_msgs/include/px4_msgs/px4_msgs/msg/detail/adc_report__traits.hpp\n'}
[15.889251] (px4_msgs) StdoutLine: {'line': b'-- Up-to-date: /home/subhalaxmi/nidar_ws/install/px4_msgs/include/px4_msgs/px4_msgs/msg/detail/actuator_outputs__type_support.hpp\n'}
[15.889455] (px4_msgs) StdoutLine: {'line': b'-- Up-to-date: /home/subhalaxmi/nidar_ws/install/px4_msgs/include/px4_msgs/px4_msgs/msg/detail/heater_status__traits.hpp\n'}
[15.889663] (px4_msgs) StdoutLine: {'line': b'-- Up-to-date: /home/subhalaxmi/nidar_ws/install/px4_msgs/include/px4_msgs/px4_msgs/msg/detail/generator_status__builder.hpp\n'}
[15.891448] (px4_msgs) StdoutLine: {'line': b'-- Up-to-date: /home/subhalaxmi/nidar_ws/install/px4_msgs/include/px4_msgs/px4_msgs/msg/detail/adc_report__builder.hpp\n'}
[15.891764] (px4_msgs) StdoutLine: {'line': b'-- Up-to-date: /home/subhalaxmi/nidar_ws/install/px4_msgs/include/px4_msgs/px4_msgs/msg/detail/estimator_states__type_support.hpp\n'}
[15.892102] (px4_msgs) StdoutLine: {'line': b'-- Up-to-date: /home/subhalaxmi/nidar_ws/install/px4_msgs/include/px4_msgs/px4_msgs/msg/detail/vehicle_optical_flow__traits.hpp\n'}
[15.892304] (px4_msgs) StdoutLine: {'line': b'-- Up-to-date: /home/subhalaxmi/nidar_ws/install/px4_msgs/include/px4_msgs/px4_msgs/msg/detail/health_report__traits.hpp\n'}
[15.892483] (px4_msgs) StdoutLine: {'line': b'-- Up-to-date: /home/subhalaxmi/nidar_ws/install/px4_msgs/include/px4_msgs/px4_msgs/msg/detail/raptor_status__type_support.hpp\n'}
[15.892656] (px4_msgs) StdoutLine: {'line': b'-- Up-to-date: /home/subhalaxmi/nidar_ws/install/px4_msgs/include/px4_msgs/px4_msgs/msg/detail/vehicle_roi__traits.hpp\n'}
[15.892845] (px4_msgs) StdoutLine: {'line': b'-- Up-to-date: /home/subhalaxmi/nidar_ws/install/px4_msgs/include/px4_msgs/px4_msgs/msg/detail/gps_inject_data__struct.hpp\n'}
[15.893030] (px4_msgs) StdoutLine: {'line': b'-- Up-to-date: /home/subhalaxmi/nidar_ws/install/px4_msgs/include/px4_msgs/px4_msgs/msg/detail/vtx__struct.hpp\n'}
[15.893196] (px4_msgs) StdoutLine: {'line': b'-- Up-to-date: /home/subhalaxmi/nidar_ws/install/px4_msgs/include/px4_msgs/px4_msgs/msg/detail/tecs_status__builder.hpp\n'}
[15.893362] (px4_msgs) StdoutLine: {'line': b'-- Up-to-date: /home/subhalaxmi/nidar_ws/install/px4_msgs/include/px4_msgs/px4_msgs/msg/detail/gimbal_device_attitude_status__traits.hpp\n'}
[15.893539] (px4_msgs) StdoutLine: {'line': b'-- Up-to-date: /home/subhalaxmi/nidar_ws/install/px4_msgs/include/px4_msgs/px4_msgs/msg/detail/parameter_set_value_request__struct.hpp\n'}
[15.893752] (px4_msgs) StdoutLine: {'line': b'-- Up-to-date: /home/subhalaxmi/nidar_ws/install/px4_msgs/include/px4_msgs/px4_msgs/msg/detail/esc_status__traits.hpp\n'}
[15.894022] (px4_msgs) StdoutLine: {'line': b'-- Up-to-date: /home/subhalaxmi/nidar_ws/install/px4_msgs/include/px4_msgs/px4_msgs/msg/detail/sensor_accel_fifo__struct.hpp\n'}
[15.894261] (px4_msgs) StdoutLine: {'line': b'-- Up-to-date: /home/subhalaxmi/nidar_ws/install/px4_msgs/include/px4_msgs/px4_msgs/msg/detail/uavcan_parameter_value__traits.hpp\n'}
[15.894494] (px4_msgs) StdoutLine: {'line': b'-- Up-to-date: /home/subhalaxmi/nidar_ws/install/px4_msgs/include/px4_msgs/px4_msgs/msg/detail/message_format_response__type_support.hpp\n'}
[15.898118] (px4_msgs) StdoutLine: {'line': b'-- Up-to-date: /home/subhalaxmi/nidar_ws/install/px4_msgs/include/px4_msgs/px4_msgs/msg/detail/raptor_status__traits.hpp\n'}
[15.898394] (px4_msgs) StdoutLine: {'line': b'-- Up-to-date: /home/subhalaxmi/nidar_ws/install/px4_msgs/include/px4_msgs/px4_msgs/msg/detail/fixed_wing_runway_control__traits.hpp\n'}
[15.898628] (px4_msgs) StdoutLine: {'line': b'-- Up-to-date: /home/subhalaxmi/nidar_ws/install/px4_msgs/include/px4_msgs/px4_msgs/msg/detail/open_drone_id_self_id__builder.hpp\n'}
[15.898836] (px4_msgs) StdoutLine: {'line': b'-- Up-to-date: /home/subhalaxmi/nidar_ws/install/px4_msgs/include/px4_msgs/px4_msgs/msg/detail/aux_global_position__traits.hpp\n'}
[15.899033] (px4_msgs) StdoutLine: {'line': b'-- Up-to-date: /home/subhalaxmi/nidar_ws/install/px4_msgs/include/px4_msgs/px4_msgs/msg/detail/rover_speed_setpoint__struct.hpp\n'}
[15.899242] (px4_msgs) StdoutLine: {'line': b'-- Up-to-date: /home/subhalaxmi/nidar_ws/install/px4_msgs/include/px4_msgs/px4_msgs/msg/detail/hover_thrust_estimate__struct.hpp\n'}
[15.899412] (px4_msgs) StdoutLine: {'line': b'-- Up-to-date: /home/subhalaxmi/nidar_ws/install/px4_msgs/include/px4_msgs/px4_msgs/msg/detail/orb_test_large__builder.hpp\n'}
[15.899611] (px4_msgs) StdoutLine: {'line': b'-- Up-to-date: /home/subhalaxmi/nidar_ws/install/px4_msgs/include/px4_msgs/px4_msgs/msg/detail/fixed_wing_lateral_setpoint__traits.hpp\n'}
[15.899827] (px4_msgs) StdoutLine: {'line': b'-- Up-to-date: /home/subhalaxmi/nidar_ws/install/px4_msgs/include/px4_msgs/px4_msgs/msg/detail/sensor_combined__builder.hpp\n'}
[15.900161] (px4_msgs) StdoutLine: {'line': b'-- Up-to-date: /home/subhalaxmi/nidar_ws/install/px4_msgs/include/px4_msgs/px4_msgs/msg/detail/gpio_in__type_support.hpp\n'}
[15.900364] (px4_msgs) StdoutLine: {'line': b'-- Up-to-date: /home/subhalaxmi/nidar_ws/install/px4_msgs/include/px4_msgs/px4_msgs/msg/detail/rover_attitude_status__struct.hpp\n'}
[15.900532] (px4_msgs) StdoutLine: {'line': b'-- Up-to-date: /home/subhalaxmi/nidar_ws/install/px4_msgs/include/px4_msgs/px4_msgs/msg/detail/mag_worker_data__struct.hpp\n'}
[15.900729] (px4_msgs) StdoutLine: {'line': b'-- Up-to-date: /home/subhalaxmi/nidar_ws/install/px4_msgs/include/px4_msgs/px4_msgs/msg/detail/tecs_status__struct.hpp\n'}
[15.901015] (px4_msgs) StdoutLine: {'line': b'-- Up-to-date: /home/subhalaxmi/nidar_ws/install/px4_msgs/include/px4_msgs/px4_msgs/msg/detail/sensor_gnss_relative__struct.hpp\n'}
[15.901197] (px4_msgs) StdoutLine: {'line': b'-- Up-to-date: /home/subhalaxmi/nidar_ws/install/px4_msgs/include/px4_msgs/px4_msgs/msg/detail/gimbal_manager_information__type_support.hpp\n'}
[15.901381] (px4_msgs) StdoutLine: {'line': b'-- Up-to-date: /home/subhalaxmi/nidar_ws/install/px4_msgs/include/px4_msgs/px4_msgs/msg/detail/home_position__builder.hpp\n'}
[15.901547] (px4_msgs) StdoutLine: {'line': b'-- Up-to-date: /home/subhalaxmi/nidar_ws/install/px4_msgs/include/px4_msgs/px4_msgs/msg/detail/sensor_preflight_mag__builder.hpp\n'}
[15.901713] (px4_msgs) StdoutLine: {'line': b'-- Up-to-date: /home/subhalaxmi/nidar_ws/install/px4_msgs/include/px4_msgs/px4_msgs/msg/detail/longitudinal_control_configuration__type_support.hpp\n'}
[15.901905] (px4_msgs) StdoutLine: {'line': b'-- Up-to-date: /home/subhalaxmi/nidar_ws/install/px4_msgs/include/px4_msgs/px4_msgs/msg/detail/sensor_accel__type_support.hpp\n'}
[15.902079] (px4_msgs) StdoutLine: {'line': b'-- Up-to-date: /home/subhalaxmi/nidar_ws/install/px4_msgs/include/px4_msgs/px4_msgs/msg/detail/vehicle_land_detected__traits.hpp\n'}
[15.902242] (px4_msgs) StdoutLine: {'line': b'-- Up-to-date: /home/subhalaxmi/nidar_ws/install/px4_msgs/include/px4_msgs/px4_msgs/msg/detail/control_allocator_status__struct.hpp\n'}
[15.902404] (px4_msgs) StdoutLine: {'line': b'-- Up-to-date: /home/subhalaxmi/nidar_ws/install/px4_msgs/include/px4_msgs/px4_msgs/msg/detail/task_stack_info__type_support.hpp\n'}
[15.902568] (px4_msgs) StdoutLine: {'line': b'-- Up-to-date: /home/subhalaxmi/nidar_ws/install/px4_msgs/include/px4_msgs/px4_msgs/msg/detail/sensor_uwb__builder.hpp\n'}
[15.902765] (px4_msgs) StdoutLine: {'line': b'-- Up-to-date: /home/subhalaxmi/nidar_ws/install/px4_msgs/include/px4_msgs/px4_msgs/msg/detail/wheel_encoders__traits.hpp\n'}
[15.903157] (px4_msgs) StdoutLine: {'line': b'-- Up-to-date: /home/subhalaxmi/nidar_ws/install/px4_msgs/include/px4_msgs/px4_msgs/msg/detail/sensor_gnss_status__type_support.hpp\n'}
[15.903346] (px4_msgs) StdoutLine: {'line': b'-- Up-to-date: /home/subhalaxmi/nidar_ws/install/px4_msgs/include/px4_msgs/px4_msgs/msg/detail/estimator_aid_source1d__traits.hpp\n'}
[15.903535] (px4_msgs) StdoutLine: {'line': b'-- Up-to-date: /home/subhalaxmi/nidar_ws/install/px4_msgs/include/px4_msgs/px4_msgs/msg/detail/sensors_status__builder.hpp\n'}
[15.903708] (px4_msgs) StdoutLine: {'line': b'-- Up-to-date: /home/subhalaxmi/nidar_ws/install/px4_msgs/include/px4_msgs/px4_msgs/msg/detail/raptor_input__struct.hpp\n'}
[15.903925] (px4_msgs) StdoutLine: {'line': b'-- Up-to-date: /home/subhalaxmi/nidar_ws/install/px4_msgs/include/px4_msgs/px4_msgs/msg/detail/pure_pursuit_status__traits.hpp\n'}
[15.907864] (px4_msgs) StdoutLine: {'line': b'-- Up-to-date: /home/subhalaxmi/nidar_ws/install/px4_msgs/include/px4_msgs/px4_msgs/msg/detail/landing_gear__builder.hpp\n'}
[15.909057] (px4_msgs) StdoutLine: {'line': b'-- Up-to-date: /home/subhalaxmi/nidar_ws/install/px4_msgs/include/px4_msgs/px4_msgs/msg/detail/health_report__struct.hpp\n'}
[15.909275] (px4_msgs) StdoutLine: {'line': b'-- Up-to-date: /home/subhalaxmi/nidar_ws/install/px4_msgs/include/px4_msgs/px4_msgs/msg/detail/vehicle_rates_setpoint__builder.hpp\n'}
[15.909453] (px4_msgs) StdoutLine: {'line': b'-- Up-to-date: /home/subhalaxmi/nidar_ws/install/px4_msgs/include/px4_msgs/px4_msgs/msg/detail/wheel_encoders__builder.hpp\n'}
[15.909983] (px4_msgs) StdoutLine: {'line': b'-- Up-to-date: /home/subhalaxmi/nidar_ws/install/px4_msgs/include/px4_msgs/px4_msgs/msg/detail/device_information__type_support.hpp\n'}
[15.910553] (px4_msgs) StdoutLine: {'line': b'-- Up-to-date: /home/subhalaxmi/nidar_ws/install/px4_msgs/include/px4_msgs/px4_msgs/msg/detail/rc_parameter_map__traits.hpp\n'}
[15.910750] (px4_msgs) StdoutLine: {'line': b'-- Up-to-date: /home/subhalaxmi/nidar_ws/install/px4_msgs/include/px4_msgs/px4_msgs/msg/detail/gimbal_controls__builder.hpp\n'}
[15.910965] (px4_msgs) StdoutLine: {'line': b'-- Up-to-date: /home/subhalaxmi/nidar_ws/install/px4_msgs/include/px4_msgs/px4_msgs/msg/detail/trajectory_setpoint__traits.hpp\n'}
[15.911187] (px4_msgs) StdoutLine: {'line': b'-- Up-to-date: /home/subhalaxmi/nidar_ws/install/px4_msgs/include/px4_msgs/px4_msgs/msg/detail/estimator_selector_status__builder.hpp\n'}
[15.911369] (px4_msgs) StdoutLine: {'line': b'-- Up-to-date: /home/subhalaxmi/nidar_ws/install/px4_msgs/include/px4_msgs/px4_msgs/msg/detail/sensor_uwb__struct.hpp\n'}
[15.911547] (px4_msgs) StdoutLine: {'line': b'-- Up-to-date: /home/subhalaxmi/nidar_ws/install/px4_msgs/include/px4_msgs/px4_msgs/msg/detail/transponder_report__type_support.hpp\n'}
[15.911724] (px4_msgs) StdoutLine: {'line': b'-- Up-to-date: /home/subhalaxmi/nidar_ws/install/px4_msgs/include/px4_msgs/px4_msgs/msg/detail/tiltrotor_extra_controls__type_support.hpp\n'}
[15.911959] (px4_msgs) StdoutLine: {'line': b'-- Up-to-date: /home/subhalaxmi/nidar_ws/install/px4_msgs/include/px4_msgs/px4_msgs/msg/detail/vehicle_imu__type_support.hpp\n'}
[15.912249] (px4_msgs) StdoutLine: {'line': b'-- Up-to-date: /home/subhalaxmi/nidar_ws/install/px4_msgs/include/px4_msgs/px4_msgs/msg/detail/arming_check_request__struct.hpp\n'}
[15.912434] (px4_msgs) StdoutLine: {'line': b'-- Up-to-date: /home/subhalaxmi/nidar_ws/install/px4_msgs/include/px4_msgs/px4_msgs/msg/detail/gimbal_device_information__traits.hpp\n'}
[15.912614] (px4_msgs) StdoutLine: {'line': b'-- Up-to-date: /home/subhalaxmi/nidar_ws/install/px4_msgs/include/px4_msgs/px4_msgs/msg/detail/fixed_wing_lateral_guidance_status__builder.hpp\n'}
[15.912785] (px4_msgs) StdoutLine: {'line': b'-- Up-to-date: /home/subhalaxmi/nidar_ws/install/px4_msgs/include/px4_msgs/px4_msgs/msg/detail/sensor_correction__traits.hpp\n'}
[15.913020] (px4_msgs) StdoutLine: {'line': b'-- Up-to-date: /home/subhalaxmi/nidar_ws/install/px4_msgs/include/px4_msgs/px4_msgs/msg/detail/ulog_stream__type_support.hpp\n'}
[15.913215] (px4_msgs) StdoutLine: {'line': b'-- Up-to-date: /home/subhalaxmi/nidar_ws/install/px4_msgs/include/px4_msgs/px4_msgs/msg/detail/collision_constraints__traits.hpp\n'}
[15.913402] (px4_msgs) StdoutLine: {'line': b'-- Up-to-date: /home/subhalaxmi/nidar_ws/install/px4_msgs/include/px4_msgs/px4_msgs/msg/detail/vehicle_constraints__builder.hpp\n'}
[15.913580] (px4_msgs) StdoutLine: {'line': b'-- Up-to-date: /home/subhalaxmi/nidar_ws/install/px4_msgs/include/px4_msgs/px4_msgs/msg/detail/vehicle_command__traits.hpp\n'}
[15.913762] (px4_msgs) StdoutLine: {'line': b'-- Up-to-date: /home/subhalaxmi/nidar_ws/install/px4_msgs/include/px4_msgs/px4_msgs/msg/detail/position_controller_landing_status__builder.hpp\n'}
[15.916226] (px4_msgs) StdoutLine: {'line': b'-- Up-to-date: /home/subhalaxmi/nidar_ws/install/px4_msgs/include/px4_msgs/px4_msgs/msg/detail/cellular_status__struct.hpp\n'}
[15.916833] (px4_msgs) StdoutLine: {'line': b'-- Up-to-date: /home/subhalaxmi/nidar_ws/install/px4_msgs/include/px4_msgs/px4_msgs/msg/detail/airspeed__type_support.hpp\n'}
[15.917264] (px4_msgs) StdoutLine: {'line': b'-- Up-to-date: /home/subhalaxmi/nidar_ws/install/px4_msgs/include/px4_msgs/px4_msgs/msg/detail/dronecan_node_status__traits.hpp\n'}
[15.917680] (px4_msgs) StdoutLine: {'line': b'-- Up-to-date: /home/subhalaxmi/nidar_ws/install/px4_msgs/include/px4_msgs/px4_msgs/msg/detail/mount_orientation__builder.hpp\n'}
[15.918004] (px4_msgs) StdoutLine: {'line': b'-- Up-to-date: /home/subhalaxmi/nidar_ws/install/px4_msgs/include/px4_msgs/px4_msgs/msg/detail/rtl_status__type_support.hpp\n'}
[15.925194] (px4_msgs) StdoutLine: {'line': b'-- Up-to-date: /home/subhalaxmi/nidar_ws/install/px4_msgs/include/px4_msgs/px4_msgs/msg/detail/dataman_request__struct.hpp\n'}
[15.925476] (px4_msgs) StdoutLine: {'line': b'-- Up-to-date: /home/subhalaxmi/nidar_ws/install/px4_msgs/include/px4_msgs/px4_msgs/msg/detail/wind__type_support.hpp\n'}
[15.925711] (px4_msgs) StdoutLine: {'line': b'-- Up-to-date: /home/subhalaxmi/nidar_ws/install/px4_msgs/include/px4_msgs/px4_msgs/msg/detail/parameter_update__type_support.hpp\n'}
[15.927099] (px4_msgs) StdoutLine: {'line': b'-- Up-to-date: /home/subhalaxmi/nidar_ws/install/px4_msgs/include/px4_msgs/px4_msgs/msg/detail/telemetry_status__builder.hpp\n'}
[15.930182] (px4_msgs) StdoutLine: {'line': b'-- Up-to-date: /home/subhalaxmi/nidar_ws/install/px4_msgs/include/px4_msgs/px4_msgs/msg/detail/distance_sensor_mode_change_request__type_support.hpp\n'}
[15.930443] (px4_msgs) StdoutLine: {'line': b'-- Up-to-date: /home/subhalaxmi/nidar_ws/install/px4_msgs/include/px4_msgs/px4_msgs/msg/detail/failsafe_flags__type_support.hpp\n'}
[15.930653] (px4_msgs) StdoutLine: {'line': b'-- Up-to-date: /home/subhalaxmi/nidar_ws/install/px4_msgs/include/px4_msgs/px4_msgs/msg/detail/rate_ctrl_status__builder.hpp\n'}
[15.930910] (px4_msgs) StdoutLine: {'line': b'-- Up-to-date: /home/subhalaxmi/nidar_ws/install/px4_msgs/include/px4_msgs/px4_msgs/msg/detail/sensor_gyro__traits.hpp\n'}
[15.931154] (px4_msgs) StdoutLine: {'line': b'-- Up-to-date: /home/subhalaxmi/nidar_ws/install/px4_msgs/include/px4_msgs/px4_msgs/msg/detail/obstacle_distance__struct.hpp\n'}
[15.931360] (px4_msgs) StdoutLine: {'line': b'-- Up-to-date: /home/subhalaxmi/nidar_ws/install/px4_msgs/include/px4_msgs/px4_msgs/msg/detail/position_setpoint__struct.hpp\n'}
[15.931596] (px4_msgs) StdoutLine: {'line': b'-- Up-to-date: /home/subhalaxmi/nidar_ws/install/px4_msgs/include/px4_msgs/px4_msgs/msg/detail/normalized_unsigned_setpoint__builder.hpp\n'}
[15.931832] (px4_msgs) StdoutLine: {'line': b'-- Up-to-date: /home/subhalaxmi/nidar_ws/install/px4_msgs/include/px4_msgs/px4_msgs/msg/detail/failsafe_flags__struct.hpp\n'}
[15.932056] (px4_msgs) StdoutLine: {'line': b'-- Up-to-date: /home/subhalaxmi/nidar_ws/install/px4_msgs/include/px4_msgs/px4_msgs/msg/detail/esc_report__traits.hpp\n'}
[15.932305] (px4_msgs) StdoutLine: {'line': b'-- Up-to-date: /home/subhalaxmi/nidar_ws/install/px4_msgs/include/px4_msgs/px4_msgs/msg/detail/vehicle_air_data__type_support.hpp\n'}
[15.932491] (px4_msgs) StdoutLine: {'line': b'-- Up-to-date: /home/subhalaxmi/nidar_ws/install/px4_msgs/include/px4_msgs/px4_msgs/msg/detail/goto_setpoint__struct.hpp\n'}
[15.932657] (px4_msgs) StdoutLine: {'line': b'-- Up-to-date: /home/subhalaxmi/nidar_ws/install/px4_msgs/include/px4_msgs/px4_msgs/msg/detail/position_controller_landing_status__traits.hpp\n'}
[15.932871] (px4_msgs) StdoutLine: {'line': b'-- Up-to-date: /home/subhalaxmi/nidar_ws/install/px4_msgs/include/px4_msgs/px4_msgs/msg/detail/vehicle_global_position__type_support.hpp\n'}
[15.933273] (px4_msgs) StdoutLine: {'line': b'-- Up-to-date: /home/subhalaxmi/nidar_ws/install/px4_msgs/include/px4_msgs/px4_msgs/msg/detail/position_controller_status__builder.hpp\n'}
[15.933461] (px4_msgs) StdoutLine: {'line': b'-- Up-to-date: /home/subhalaxmi/nidar_ws/install/px4_msgs/include/px4_msgs/px4_msgs/msg/detail/goto_setpoint__builder.hpp\n'}
[15.933642] (px4_msgs) StdoutLine: {'line': b'-- Up-to-date: /home/subhalaxmi/nidar_ws/install/px4_msgs/include/px4_msgs/px4_msgs/msg/detail/vehicle_angular_velocity__type_support.hpp\n'}
[15.933835] (px4_msgs) StdoutLine: {'line': b'-- Up-to-date: /home/subhalaxmi/nidar_ws/install/px4_msgs/include/px4_msgs/px4_msgs/msg/detail/gimbal_manager_information__struct.hpp\n'}
[15.934026] (px4_msgs) StdoutLine: {'line': b'-- Up-to-date: /home/subhalaxmi/nidar_ws/install/px4_msgs/include/px4_msgs/px4_msgs/msg/detail/parameter_set_value_response__struct.hpp\n'}
[15.934194] (px4_msgs) StdoutLine: {'line': b'-- Up-to-date: /home/subhalaxmi/nidar_ws/install/px4_msgs/include/px4_msgs/px4_msgs/msg/detail/vehicle_land_detected__builder.hpp\n'}
[15.934385] (px4_msgs) StdoutLine: {'line': b'-- Up-to-date: /home/subhalaxmi/nidar_ws/install/px4_msgs/include/px4_msgs/px4_msgs/msg/detail/follow_target__type_support.hpp\n'}
[15.934563] (px4_msgs) StdoutLine: {'line': b'-- Up-to-date: /home/subhalaxmi/nidar_ws/install/px4_msgs/include/px4_msgs/px4_msgs/msg/detail/failure_detector_status__builder.hpp\n'}
[15.937258] (px4_msgs) StdoutLine: {'line': b'-- Up-to-date: /home/subhalaxmi/nidar_ws/install/px4_msgs/include/px4_msgs/px4_msgs/msg/detail/button_event__builder.hpp\n'}
[15.937599] (px4_msgs) StdoutLine: {'line': b'-- Up-to-date: /home/subhalaxmi/nidar_ws/install/px4_msgs/include/px4_msgs/px4_msgs/msg/detail/qshell_retval__type_support.hpp\n'}
[15.937821] (px4_msgs) StdoutLine: {'line': b'-- Up-to-date: /home/subhalaxmi/nidar_ws/install/px4_msgs/include/px4_msgs/px4_msgs/msg/detail/mavlink_log__builder.hpp\n'}
[15.938045] (px4_msgs) StdoutLine: {'line': b'-- Up-to-date: /home/subhalaxmi/nidar_ws/install/px4_msgs/include/px4_msgs/px4_msgs/msg/detail/sensors_status_imu__type_support.hpp\n'}
[15.938227] (px4_msgs) StdoutLine: {'line': b'-- Up-to-date: /home/subhalaxmi/nidar_ws/install/px4_msgs/include/px4_msgs/px4_msgs/msg/detail/gimbal_controls__struct.hpp\n'}
[15.938414] (px4_msgs) StdoutLine: {'line': b'-- Up-to-date: /home/subhalaxmi/nidar_ws/install/px4_msgs/include/px4_msgs/px4_msgs/msg/detail/uavcan_parameter_request__builder.hpp\n'}
[15.938609] (px4_msgs) StdoutLine: {'line': b'-- Up-to-date: /home/subhalaxmi/nidar_ws/install/px4_msgs/include/px4_msgs/px4_msgs/msg/detail/vehicle_constraints__type_support.hpp\n'}
[15.938884] (px4_msgs) StdoutLine: {'line': b'-- Up-to-date: /home/subhalaxmi/nidar_ws/install/px4_msgs/include/px4_msgs/px4_msgs/msg/detail/follow_target_status__traits.hpp\n'}
[15.939081] (px4_msgs) StdoutLine: {'line': b'-- Up-to-date: /home/subhalaxmi/nidar_ws/install/px4_msgs/include/px4_msgs/px4_msgs/msg/detail/cpuload__traits.hpp\n'}
[15.939256] (px4_msgs) StdoutLine: {'line': b'-- Up-to-date: /home/subhalaxmi/nidar_ws/install/px4_msgs/include/px4_msgs/px4_msgs/msg/detail/sensor_hygrometer__traits.hpp\n'}
[15.939438] (px4_msgs) StdoutLine: {'line': b'-- Up-to-date: /home/subhalaxmi/nidar_ws/install/px4_msgs/include/px4_msgs/px4_msgs/msg/detail/vehicle_optical_flow_vel__builder.hpp\n'}
[15.939627] (px4_msgs) StdoutLine: {'line': b'-- Up-to-date: /home/subhalaxmi/nidar_ws/install/px4_msgs/include/px4_msgs/px4_msgs/msg/detail/event__builder.hpp\n'}
[15.939847] (px4_msgs) StdoutLine: {'line': b'-- Up-to-date: /home/subhalaxmi/nidar_ws/install/px4_msgs/include/px4_msgs/px4_msgs/msg/detail/rover_speed_status__struct.hpp\n'}
[15.940234] (px4_msgs) StdoutLine: {'line': b'-- Up-to-date: /home/subhalaxmi/nidar_ws/install/px4_msgs/include/px4_msgs/px4_msgs/msg/detail/rover_rate_setpoint__type_support.hpp\n'}
[15.940603] (px4_msgs) StdoutLine: {'line': b'-- Up-to-date: /home/subhalaxmi/nidar_ws/install/px4_msgs/include/px4_msgs/px4_msgs/msg/detail/actuator_controls_status__builder.hpp\n'}
[15.940821] (px4_msgs) StdoutLine: {'line': b'-- Up-to-date: /home/subhalaxmi/nidar_ws/install/px4_msgs/include/px4_msgs/px4_msgs/msg/detail/satellite_info__type_support.hpp\n'}
[15.941068] (px4_msgs) StdoutLine: {'line': b'-- Up-to-date: /home/subhalaxmi/nidar_ws/install/px4_msgs/include/px4_msgs/px4_msgs/msg/detail/actuator_armed__struct.hpp\n'}
[15.941330] (px4_msgs) StdoutLine: {'line': b'-- Up-to-date: /home/subhalaxmi/nidar_ws/install/px4_msgs/include/px4_msgs/px4_msgs/msg/detail/estimator_aid_source3d__type_support.hpp\n'}
[15.941508] (px4_msgs) StdoutLine: {'line': b'-- Up-to-date: /home/subhalaxmi/nidar_ws/install/px4_msgs/include/px4_msgs/px4_msgs/msg/detail/vehicle_torque_setpoint__struct.hpp\n'}
[15.941679] (px4_msgs) StdoutLine: {'line': b'-- Up-to-date: /home/subhalaxmi/nidar_ws/install/px4_msgs/include/px4_msgs/px4_msgs/msg/detail/internal_combustion_engine_status__type_support.hpp\n'}
[15.941963] (px4_msgs) StdoutLine: {'line': b'-- Up-to-date: /home/subhalaxmi/nidar_ws/install/px4_msgs/include/px4_msgs/px4_msgs/msg/detail/open_drone_id_arm_status__struct.hpp\n'}
[15.942177] (px4_msgs) StdoutLine: {'line': b'-- Up-to-date: /home/subhalaxmi/nidar_ws/install/px4_msgs/include/px4_msgs/px4_msgs/msg/detail/battery_status__builder.hpp\n'}
[15.942361] (px4_msgs) StdoutLine: {'line': b'-- Up-to-date: /home/subhalaxmi/nidar_ws/install/px4_msgs/include/px4_msgs/px4_msgs/msg/detail/vehicle_torque_setpoint__traits.hpp\n'}
[15.942534] (px4_msgs) StdoutLine: {'line': b'-- Up-to-date: /home/subhalaxmi/nidar_ws/install/px4_msgs/include/px4_msgs/px4_msgs/msg/detail/irlock_report__type_support.hpp\n'}
[15.942714] (px4_msgs) StdoutLine: {'line': b'-- Up-to-date: /home/subhalaxmi/nidar_ws/install/px4_msgs/include/px4_msgs/px4_msgs/msg/detail/cpuload__builder.hpp\n'}
[15.945380] (px4_msgs) StdoutLine: {'line': b'-- Up-to-date: /home/subhalaxmi/nidar_ws/install/px4_msgs/include/px4_msgs/px4_msgs/msg/detail/vehicle_angular_acceleration_setpoint__struct.hpp\n'}
[15.945627] (px4_msgs) StdoutLine: {'line': b'-- Up-to-date: /home/subhalaxmi/nidar_ws/install/px4_msgs/include/px4_msgs/px4_msgs/msg/detail/estimator_sensor_bias__struct.hpp\n'}
[15.945918] (px4_msgs) StdoutLine: {'line': b'-- Up-to-date: /home/subhalaxmi/nidar_ws/install/px4_msgs/include/px4_msgs/px4_msgs/msg/detail/mavlink_log__struct.hpp\n'}
[15.946120] (px4_msgs) StdoutLine: {'line': b'-- Up-to-date: /home/subhalaxmi/nidar_ws/install/px4_msgs/include/px4_msgs/px4_msgs/msg/detail/dataman_response__type_support.hpp\n'}
[15.946309] (px4_msgs) StdoutLine: {'line': b'-- Up-to-date: /home/subhalaxmi/nidar_ws/install/px4_msgs/include/px4_msgs/px4_msgs/msg/detail/fixed_wing_lateral_setpoint__struct.hpp\n'}
[15.946507] (px4_msgs) StdoutLine: {'line': b'-- Up-to-date: /home/subhalaxmi/nidar_ws/install/px4_msgs/include/px4_msgs/px4_msgs/msg/detail/sensor_correction__builder.hpp\n'}
[15.946733] (px4_msgs) StdoutLine: {'line': b'-- Up-to-date: /home/subhalaxmi/nidar_ws/install/px4_msgs/include/px4_msgs/px4_msgs/msg/detail/camera_status__struct.hpp\n'}
[15.947071] (-) TimerEvent: {}
[15.947304] (px4_msgs) StdoutLine: {'line': b'-- Up-to-date: /home/subhalaxmi/nidar_ws/install/px4_msgs/include/px4_msgs/px4_msgs/msg/detail/unregister_ext_component__builder.hpp\n'}
[15.947522] (px4_msgs) StdoutLine: {'line': b'-- Up-to-date: /home/subhalaxmi/nidar_ws/install/px4_msgs/include/px4_msgs/px4_msgs/msg/detail/mode_completed__type_support.hpp\n'}
[15.947744] (px4_msgs) StdoutLine: {'line': b'-- Up-to-date: /home/subhalaxmi/nidar_ws/install/px4_msgs/include/px4_msgs/px4_msgs/msg/detail/rover_speed_setpoint__type_support.hpp\n'}
[15.949297] (px4_msgs) StdoutLine: {'line': b'-- Up-to-date: /home/subhalaxmi/nidar_ws/install/px4_msgs/include/px4_msgs/px4_msgs/msg/detail/orb_test__builder.hpp\n'}
[15.949548] (px4_msgs) StdoutLine: {'line': b'-- Up-to-date: /home/subhalaxmi/nidar_ws/install/px4_msgs/include/px4_msgs/px4_msgs/msg/detail/gripper__type_support.hpp\n'}
[15.949762] (px4_msgs) StdoutLine: {'line': b'-- Up-to-date: /home/subhalaxmi/nidar_ws/install/px4_msgs/include/px4_msgs/px4_msgs/msg/detail/fixed_wing_lateral_setpoint__builder.hpp\n'}
[15.950006] (px4_msgs) StdoutLine: {'line': b'-- Up-to-date: /home/subhalaxmi/nidar_ws/install/px4_msgs/include/px4_msgs/px4_msgs/msg/detail/debug_array__builder.hpp\n'}
[15.950267] (px4_msgs) StdoutLine: {'line': b'-- Up-to-date: /home/subhalaxmi/nidar_ws/install/px4_msgs/include/px4_msgs/px4_msgs/msg/detail/action_request__type_support.hpp\n'}
[15.950480] (px4_msgs) StdoutLine: {'line': b'-- Up-to-date: /home/subhalaxmi/nidar_ws/install/px4_msgs/include/px4_msgs/px4_msgs/msg/detail/estimator_status__traits.hpp\n'}
[15.951942] (px4_msgs) StdoutLine: {'line': b'-- Up-to-date: /home/subhalaxmi/nidar_ws/install/px4_msgs/include/px4_msgs/px4_msgs/msg/detail/rover_attitude_setpoint__builder.hpp\n'}
[15.952305] (px4_msgs) StdoutLine: {'line': b'-- Up-to-date: /home/subhalaxmi/nidar_ws/install/px4_msgs/include/px4_msgs/px4_msgs/msg/detail/log_message__builder.hpp\n'}
[15.952484] (px4_msgs) StdoutLine: {'line': b'-- Up-to-date: /home/subhalaxmi/nidar_ws/install/px4_msgs/include/px4_msgs/px4_msgs/msg/detail/vehicle_command__builder.hpp\n'}
[15.952679] (px4_msgs) StdoutLine: {'line': b'-- Up-to-date: /home/subhalaxmi/nidar_ws/install/px4_msgs/include/px4_msgs/px4_msgs/msg/detail/navigator_status__struct.hpp\n'}
[15.952887] (px4_msgs) StdoutLine: {'line': b'-- Up-to-date: /home/subhalaxmi/nidar_ws/install/px4_msgs/include/px4_msgs/px4_msgs/msg/detail/debug_key_value__traits.hpp\n'}
[15.953081] (px4_msgs) StdoutLine: {'line': b'-- Up-to-date: /home/subhalaxmi/nidar_ws/install/px4_msgs/include/px4_msgs/px4_msgs/msg/detail/rover_steering_setpoint__traits.hpp\n'}
[15.953294] (px4_msgs) StdoutLine: {'line': b'-- Up-to-date: /home/subhalaxmi/nidar_ws/install/px4_msgs/include/px4_msgs/px4_msgs/msg/detail/power_monitor__builder.hpp\n'}
[15.953560] (px4_msgs) StdoutLine: {'line': b'-- Up-to-date: /home/subhalaxmi/nidar_ws/install/px4_msgs/include/px4_msgs/px4_msgs/msg/detail/sensors_status__type_support.hpp\n'}
[15.953732] (px4_msgs) StdoutLine: {'line': b'-- Up-to-date: /home/subhalaxmi/nidar_ws/install/px4_msgs/include/px4_msgs/px4_msgs/msg/detail/pure_pursuit_status__type_support.hpp\n'}
[15.953945] (px4_msgs) StdoutLine: {'line': b'-- Up-to-date: /home/subhalaxmi/nidar_ws/install/px4_msgs/include/px4_msgs/px4_msgs/msg/detail/sensor_gyro_fft__struct.hpp\n'}
[15.954136] (px4_msgs) StdoutLine: {'line': b'-- Up-to-date: /home/subhalaxmi/nidar_ws/install/px4_msgs/include/px4_msgs/px4_msgs/msg/detail/rpm__struct.hpp\n'}
[15.955153] (px4_msgs) StdoutLine: {'line': b'-- Up-to-date: /home/subhalaxmi/nidar_ws/install/px4_msgs/include/px4_msgs/px4_msgs/msg/detail/camera_status__traits.hpp\n'}
[15.955458] (px4_msgs) StdoutLine: {'line': b'-- Up-to-date: /home/subhalaxmi/nidar_ws/install/px4_msgs/include/px4_msgs/px4_msgs/msg/detail/pwm_input__struct.hpp\n'}
[15.955670] (px4_msgs) StdoutLine: {'line': b'-- Up-to-date: /home/subhalaxmi/nidar_ws/install/px4_msgs/include/px4_msgs/px4_msgs/msg/detail/estimator_event_flags__traits.hpp\n'}
[15.957059] (px4_msgs) StdoutLine: {'line': b'-- Up-to-date: /home/subhalaxmi/nidar_ws/install/px4_msgs/include/px4_msgs/px4_msgs/msg/detail/orb_test_medium__builder.hpp\n'}
[15.957402] (px4_msgs) StdoutLine: {'line': b'-- Up-to-date: /home/subhalaxmi/nidar_ws/install/px4_msgs/include/px4_msgs/px4_msgs/msg/detail/mode_completed__traits.hpp\n'}
[15.957600] (px4_msgs) StdoutLine: {'line': b'-- Up-to-date: /home/subhalaxmi/nidar_ws/install/px4_msgs/include/px4_msgs/px4_msgs/msg/detail/geofence_result__builder.hpp\n'}
[15.957780] (px4_msgs) StdoutLine: {'line': b'-- Up-to-date: /home/subhalaxmi/nidar_ws/install/px4_msgs/include/px4_msgs/px4_msgs/msg/detail/parameter_set_used_request__struct.hpp\n'}
[15.964012] (px4_msgs) StdoutLine: {'line': b'-- Up-to-date: /home/subhalaxmi/nidar_ws/install/px4_msgs/include/px4_msgs/px4_msgs/msg/detail/gps_dump__builder.hpp\n'}
[15.967574] (px4_msgs) StdoutLine: {'line': b'-- Up-to-date: /home/subhalaxmi/nidar_ws/install/px4_msgs/include/px4_msgs/px4_msgs/msg/detail/sensor_accel__builder.hpp\n'}
[15.967873] (px4_msgs) StdoutLine: {'line': b'-- Up-to-date: /home/subhalaxmi/nidar_ws/install/px4_msgs/include/px4_msgs/px4_msgs/msg/detail/raptor_input__type_support.hpp\n'}
[15.968339] (px4_msgs) StdoutLine: {'line': b'-- Up-to-date: /home/subhalaxmi/nidar_ws/install/px4_msgs/include/px4_msgs/px4_msgs/msg/detail/gps_dump__struct.hpp\n'}
[15.968573] (px4_msgs) StdoutLine: {'line': b'-- Up-to-date: /home/subhalaxmi/nidar_ws/install/px4_msgs/include/px4_msgs/px4_msgs/msg/detail/vehicle_land_detected__struct.hpp\n'}
[15.968772] (px4_msgs) StdoutLine: {'line': b'-- Up-to-date: /home/subhalaxmi/nidar_ws/install/px4_msgs/include/px4_msgs/px4_msgs/msg/detail/gpio_out__traits.hpp\n'}
[15.969055] (px4_msgs) StdoutLine: {'line': b'-- Up-to-date: /home/subhalaxmi/nidar_ws/install/px4_msgs/include/px4_msgs/px4_msgs/msg/detail/vehicle_attitude_setpoint__struct.hpp\n'}
[15.969265] (px4_msgs) StdoutLine: {'line': b'-- Up-to-date: /home/subhalaxmi/nidar_ws/install/px4_msgs/include/px4_msgs/px4_msgs/msg/detail/sensor_gps__type_support.hpp\n'}
[15.969477] (px4_msgs) StdoutLine: {'line': b'-- Up-to-date: /home/subhalaxmi/nidar_ws/install/px4_msgs/include/px4_msgs/px4_msgs/msg/detail/gpio_request__type_support.hpp\n'}
[15.969670] (px4_msgs) StdoutLine: {'line': b'-- Up-to-date: /home/subhalaxmi/nidar_ws/install/px4_msgs/include/px4_msgs/px4_msgs/msg/detail/vehicle_imu__builder.hpp\n'}
[15.970423] (px4_msgs) StdoutLine: {'line': b'-- Up-to-date: /home/subhalaxmi/nidar_ws/install/px4_msgs/include/px4_msgs/px4_msgs/msg/detail/vehicle_constraints__struct.hpp\n'}
[15.971207] (px4_msgs) StdoutLine: {'line': b'-- Up-to-date: /home/subhalaxmi/nidar_ws/install/px4_msgs/include/px4_msgs/px4_msgs/msg/detail/estimator_innovations__type_support.hpp\n'}
[15.971795] (px4_msgs) StdoutLine: {'line': b'-- Up-to-date: /home/subhalaxmi/nidar_ws/install/px4_msgs/include/px4_msgs/px4_msgs/msg/detail/estimator_bias__builder.hpp\n'}
[15.972263] (px4_msgs) StdoutLine: {'line': b'-- Up-to-date: /home/subhalaxmi/nidar_ws/install/px4_msgs/include/px4_msgs/px4_msgs/msg/detail/estimator_states__traits.hpp\n'}
[15.972714] (px4_msgs) StdoutLine: {'line': b'-- Up-to-date: /home/subhalaxmi/nidar_ws/install/px4_msgs/include/px4_msgs/px4_msgs/msg/detail/log_message__struct.hpp\n'}
[15.976398] (px4_msgs) StdoutLine: {'line': b'-- Up-to-date: /home/subhalaxmi/nidar_ws/install/px4_msgs/include/px4_msgs/px4_msgs/msg/detail/rover_throttle_setpoint__struct.hpp\n'}
[15.977193] (px4_msgs) StdoutLine: {'line': b'-- Up-to-date: /home/subhalaxmi/nidar_ws/install/px4_msgs/include/px4_msgs/px4_msgs/msg/detail/rover_throttle_setpoint__builder.hpp\n'}
[15.977541] (px4_msgs) StdoutLine: {'line': b'-- Up-to-date: /home/subhalaxmi/nidar_ws/install/px4_msgs/include/px4_msgs/px4_msgs/msg/detail/vehicle_command_ack__builder.hpp\n'}
[15.977743] (px4_msgs) StdoutLine: {'line': b'-- Up-to-date: /home/subhalaxmi/nidar_ws/install/px4_msgs/include/px4_msgs/px4_msgs/msg/detail/gimbal_device_set_attitude__type_support.hpp\n'}
[15.977959] (px4_msgs) StdoutLine: {'line': b'-- Up-to-date: /home/subhalaxmi/nidar_ws/install/px4_msgs/include/px4_msgs/px4_msgs/msg/detail/vehicle_local_position__struct.hpp\n'}
[15.979349] (px4_msgs) StdoutLine: {'line': b'-- Up-to-date: /home/subhalaxmi/nidar_ws/install/px4_msgs/include/px4_msgs/px4_msgs/msg/detail/mount_orientation__struct.hpp\n'}
[15.979598] (px4_msgs) StdoutLine: {'line': b'-- Up-to-date: /home/subhalaxmi/nidar_ws/install/px4_msgs/include/px4_msgs/px4_msgs/msg/detail/vehicle_acceleration__builder.hpp\n'}
[15.979789] (px4_msgs) StdoutLine: {'line': b'-- Up-to-date: /home/subhalaxmi/nidar_ws/install/px4_msgs/include/px4_msgs/px4_msgs/msg/detail/manual_control_switches__builder.hpp\n'}
[15.982272] (px4_msgs) StdoutLine: {'line': b'-- Up-to-date: /home/subhalaxmi/nidar_ws/install/px4_msgs/include/px4_msgs/px4_msgs/msg/detail/gimbal_device_attitude_status__builder.hpp\n'}
[15.983106] (px4_msgs) StdoutLine: {'line': b'-- Up-to-date: /home/subhalaxmi/nidar_ws/install/px4_msgs/include/px4_msgs/px4_msgs/msg/detail/ekf2_timestamps__struct.hpp\n'}
[15.983305] (px4_msgs) StdoutLine: {'line': b'-- Up-to-date: /home/subhalaxmi/nidar_ws/install/px4_msgs/include/px4_msgs/px4_msgs/msg/detail/rtl_status__traits.hpp\n'}
[15.983527] (px4_msgs) StdoutLine: {'line': b'-- Up-to-date: /home/subhalaxmi/nidar_ws/install/px4_msgs/include/px4_msgs/px4_msgs/msg/detail/telemetry_status__traits.hpp\n'}
[15.984863] (px4_msgs) StdoutLine: {'line': b'-- Up-to-date: /home/subhalaxmi/nidar_ws/install/px4_msgs/include/px4_msgs/px4_msgs/msg/detail/fixed_wing_lateral_setpoint__type_support.hpp\n'}
[15.985298] (px4_msgs) StdoutLine: {'line': b'-- Up-to-date: /home/subhalaxmi/nidar_ws/install/px4_msgs/include/px4_msgs/px4_msgs/msg/detail/radio_status__builder.hpp\n'}
[15.985589] (px4_msgs) StdoutLine: {'line': b'-- Up-to-date: /home/subhalaxmi/nidar_ws/install/px4_msgs/include/px4_msgs/px4_msgs/msg/detail/hover_thrust_estimate__builder.hpp\n'}
[15.985776] (px4_msgs) StdoutLine: {'line': b'-- Up-to-date: /home/subhalaxmi/nidar_ws/install/px4_msgs/include/px4_msgs/px4_msgs/msg/detail/arming_check_reply__builder.hpp\n'}
[15.986014] (px4_msgs) StdoutLine: {'line': b'-- Up-to-date: /home/subhalaxmi/nidar_ws/install/px4_msgs/include/px4_msgs/px4_msgs/msg/detail/tune_control__struct.hpp\n'}
[15.986191] (px4_msgs) StdoutLine: {'line': b'-- Up-to-date: /home/subhalaxmi/nidar_ws/install/px4_msgs/include/px4_msgs/px4_msgs/msg/detail/mavlink_tunnel__type_support.hpp\n'}
[15.986359] (px4_msgs) StdoutLine: {'line': b'-- Up-to-date: /home/subhalaxmi/nidar_ws/install/px4_msgs/include/px4_msgs/px4_msgs/msg/detail/px4io_status__type_support.hpp\n'}
[15.986623] (px4_msgs) StdoutLine: {'line': b'-- Up-to-date: /home/subhalaxmi/nidar_ws/install/px4_msgs/include/px4_msgs/px4_msgs/msg/detail/fixed_wing_longitudinal_setpoint__type_support.hpp\n'}
[15.986836] (px4_msgs) StdoutLine: {'line': b'-- Up-to-date: /home/subhalaxmi/nidar_ws/install/px4_msgs/include/px4_msgs/px4_msgs/msg/detail/tecs_status__type_support.hpp\n'}
[15.987029] (px4_msgs) StdoutLine: {'line': b'-- Up-to-date: /home/subhalaxmi/nidar_ws/install/px4_msgs/include/px4_msgs/px4_msgs/msg/detail/sensor_accel_fifo__type_support.hpp\n'}
[15.987203] (px4_msgs) StdoutLine: {'line': b'-- Up-to-date: /home/subhalaxmi/nidar_ws/install/px4_msgs/include/px4_msgs/px4_msgs/msg/detail/vehicle_air_data__traits.hpp\n'}
[15.987378] (px4_msgs) StdoutLine: {'line': b'-- Up-to-date: /home/subhalaxmi/nidar_ws/install/px4_msgs/include/px4_msgs/px4_msgs/msg/detail/raptor_input__builder.hpp\n'}
[15.987551] (px4_msgs) StdoutLine: {'line': b'-- Up-to-date: /home/subhalaxmi/nidar_ws/install/px4_msgs/include/px4_msgs/px4_msgs/msg/detail/uavcan_parameter_value__type_support.hpp\n'}
[15.987837] (px4_msgs) StdoutLine: {'line': b'-- Up-to-date: /home/subhalaxmi/nidar_ws/install/px4_msgs/include/px4_msgs/px4_msgs/msg/detail/rtl_time_estimate__type_support.hpp\n'}
[15.988054] (px4_msgs) StdoutLine: {'line': b'-- Up-to-date: /home/subhalaxmi/nidar_ws/install/px4_msgs/include/px4_msgs/px4_msgs/msg/detail/open_drone_id_self_id__type_support.hpp\n'}
[15.989183] (px4_msgs) StdoutLine: {'line': b'-- Up-to-date: /home/subhalaxmi/nidar_ws/install/px4_msgs/include/px4_msgs/px4_msgs/msg/detail/debug_vect__builder.hpp\n'}
[15.989504] (px4_msgs) StdoutLine: {'line': b'-- Up-to-date: /home/subhalaxmi/nidar_ws/install/px4_msgs/include/px4_msgs/px4_msgs/msg/detail/vehicle_local_position_setpoint__builder.hpp\n'}
[15.989719] (px4_msgs) StdoutLine: {'line': b'-- Up-to-date: /home/subhalaxmi/nidar_ws/install/px4_msgs/include/px4_msgs/px4_msgs/msg/detail/actuator_servos__traits.hpp\n'}
[15.989970] (px4_msgs) StdoutLine: {'line': b'-- Up-to-date: /home/subhalaxmi/nidar_ws/install/px4_msgs/include/px4_msgs/px4_msgs/msg/detail/sensors_status_imu__traits.hpp\n'}
[15.990201] (px4_msgs) StdoutLine: {'line': b'-- Up-to-date: /home/subhalaxmi/nidar_ws/install/px4_msgs/include/px4_msgs/px4_msgs/msg/detail/orb_test_medium__type_support.hpp\n'}
[15.991136] (px4_msgs) StdoutLine: {'line': b'-- Up-to-date: /home/subhalaxmi/nidar_ws/install/px4_msgs/include/px4_msgs/px4_msgs/msg/detail/velocity_limits__type_support.hpp\n'}
[15.991332] (px4_msgs) StdoutLine: {'line': b'-- Up-to-date: /home/subhalaxmi/nidar_ws/install/px4_msgs/include/px4_msgs/px4_msgs/msg/detail/gimbal_manager_information__traits.hpp\n'}
[15.991689] (px4_msgs) StdoutLine: {'line': b'-- Up-to-date: /home/subhalaxmi/nidar_ws/install/px4_msgs/include/px4_msgs/px4_msgs/msg/detail/position_setpoint_triplet__builder.hpp\n'}
[15.991924] (px4_msgs) StdoutLine: {'line': b'-- Up-to-date: /home/subhalaxmi/nidar_ws/install/px4_msgs/include/px4_msgs/px4_msgs/msg/detail/gimbal_manager_set_attitude__struct.hpp\n'}
[15.992112] (px4_msgs) StdoutLine: {'line': b'-- Up-to-date: /home/subhalaxmi/nidar_ws/install/px4_msgs/include/px4_msgs/px4_msgs/msg/detail/tiltrotor_extra_controls__traits.hpp\n'}
[15.992291] (px4_msgs) StdoutLine: {'line': b'-- Up-to-date: /home/subhalaxmi/nidar_ws/install/px4_msgs/include/px4_msgs/px4_msgs/msg/detail/transponder_report__traits.hpp\n'}
[15.993474] (px4_msgs) StdoutLine: {'line': b'-- Up-to-date: /home/subhalaxmi/nidar_ws/install/px4_msgs/include/px4_msgs/px4_msgs/msg/detail/sensor_temp__traits.hpp\n'}
[15.993733] (px4_msgs) StdoutLine: {'line': b'-- Up-to-date: /home/subhalaxmi/nidar_ws/install/px4_msgs/include/px4_msgs/px4_msgs/msg/detail/fixed_wing_runway_control__type_support.hpp\n'}
[15.993983] (px4_msgs) StdoutLine: {'line': b'-- Up-to-date: /home/subhalaxmi/nidar_ws/install/px4_msgs/include/px4_msgs/px4_msgs/msg/detail/gimbal_device_set_attitude__traits.hpp\n'}
[15.994194] (px4_msgs) StdoutLine: {'line': b'-- Up-to-date: /home/subhalaxmi/nidar_ws/install/px4_msgs/include/px4_msgs/px4_msgs/msg/detail/control_allocator_status__builder.hpp\n'}
[15.994422] (px4_msgs) StdoutLine: {'line': b'-- Up-to-date: /home/subhalaxmi/nidar_ws/install/px4_msgs/include/px4_msgs/px4_msgs/msg/detail/system_power__type_support.hpp\n'}
[15.994630] (px4_msgs) StdoutLine: {'line': b'-- Up-to-date: /home/subhalaxmi/nidar_ws/install/px4_msgs/include/px4_msgs/px4_msgs/msg/detail/qshell_req__traits.hpp\n'}
[15.995011] (px4_msgs) StdoutLine: {'line': b'-- Up-to-date: /home/subhalaxmi/nidar_ws/install/px4_msgs/include/px4_msgs/px4_msgs/msg/detail/health_report__builder.hpp\n'}
[15.995222] (px4_msgs) StdoutLine: {'line': b'-- Up-to-date: /home/subhalaxmi/nidar_ws/install/px4_msgs/include/px4_msgs/px4_msgs/msg/detail/lateral_control_configuration__type_support.hpp\n'}
[15.995401] (px4_msgs) StdoutLine: {'line': b'-- Up-to-date: /home/subhalaxmi/nidar_ws/install/px4_msgs/include/px4_msgs/px4_msgs/msg/detail/sensor_gps__struct.hpp\n'}
[15.995575] (px4_msgs) StdoutLine: {'line': b'-- Up-to-date: /home/subhalaxmi/nidar_ws/install/px4_msgs/include/px4_msgs/px4_msgs/msg/trajectory_setpoint6dof.hpp\n'}
[15.995743] (px4_msgs) StdoutLine: {'line': b'-- Up-to-date: /home/subhalaxmi/nidar_ws/install/px4_msgs/include/px4_msgs/px4_msgs/msg/radio_status.hpp\n'}
[15.995944] (px4_msgs) StdoutLine: {'line': b'-- Up-to-date: /home/subhalaxmi/nidar_ws/install/px4_msgs/include/px4_msgs/px4_msgs/msg/onboard_computer_status.hpp\n'}
[15.996138] (px4_msgs) StdoutLine: {'line': b'-- Up-to-date: /home/subhalaxmi/nidar_ws/install/px4_msgs/include/px4_msgs/px4_msgs/msg/task_stack_info.hpp\n'}
[15.996337] (px4_msgs) StdoutLine: {'line': b'-- Up-to-date: /home/subhalaxmi/nidar_ws/install/px4_msgs/include/px4_msgs/px4_msgs/msg/rosidl_generator_cpp__visibility_control.hpp\n'}
[15.996596] (px4_msgs) StdoutLine: {'line': b'-- Up-to-date: /home/subhalaxmi/nidar_ws/install/px4_msgs/include/px4_msgs/px4_msgs/msg/rover_attitude_setpoint.hpp\n'}
[15.996767] (px4_msgs) StdoutLine: {'line': b'-- Up-to-date: /home/subhalaxmi/nidar_ws/install/px4_msgs/include/px4_msgs/px4_msgs/msg/can_interface_status.hpp\n'}
[15.999486] (px4_msgs) StdoutLine: {'line': b'-- Up-to-date: /home/subhalaxmi/nidar_ws/install/px4_msgs/include/px4_msgs/px4_msgs/msg/offboard_control_mode.hpp\n'}
[15.999707] (px4_msgs) StdoutLine: {'line': b'-- Up-to-date: /home/subhalaxmi/nidar_ws/install/px4_msgs/include/px4_msgs/px4_msgs/msg/rpm.hpp\n'}
[15.999935] (px4_msgs) StdoutLine: {'line': b'-- Up-to-date: /home/subhalaxmi/nidar_ws/install/px4_msgs/include/px4_msgs/px4_msgs/msg/mag_worker_data.hpp\n'}
[16.000128] (px4_msgs) StdoutLine: {'line': b'-- Up-to-date: /home/subhalaxmi/nidar_ws/install/px4_msgs/include/px4_msgs/px4_msgs/msg/normalized_unsigned_setpoint.hpp\n'}
[16.000306] (px4_msgs) StdoutLine: {'line': b'-- Up-to-date: /home/subhalaxmi/nidar_ws/install/px4_msgs/include/px4_msgs/px4_msgs/msg/parameter_set_used_request.hpp\n'}
[16.000631] (px4_msgs) StdoutLine: {'line': b'-- Up-to-date: /home/subhalaxmi/nidar_ws/install/px4_msgs/include/px4_msgs/px4_msgs/msg/mode_completed.hpp\n'}
[16.000819] (px4_msgs) StdoutLine: {'line': b'-- Up-to-date: /home/subhalaxmi/nidar_ws/install/px4_msgs/include/px4_msgs/px4_msgs/msg/mission_result.hpp\n'}
[16.001006] (px4_msgs) StdoutLine: {'line': b'-- Up-to-date: /home/subhalaxmi/nidar_ws/install/px4_msgs/include/px4_msgs/px4_msgs/msg/sensor_gyro_fifo.hpp\n'}
[16.001174] (px4_msgs) StdoutLine: {'line': b'-- Up-to-date: /home/subhalaxmi/nidar_ws/install/px4_msgs/include/px4_msgs/px4_msgs/msg/follow_target_status.hpp\n'}
[16.001340] (px4_msgs) StdoutLine: {'line': b'-- Up-to-date: /home/subhalaxmi/nidar_ws/install/px4_msgs/include/px4_msgs/px4_msgs/msg/cellular_status.hpp\n'}
[16.001530] (px4_msgs) StdoutLine: {'line': b'-- Up-to-date: /home/subhalaxmi/nidar_ws/install/px4_msgs/include/px4_msgs/px4_msgs/msg/debug_key_value.hpp\n'}
[16.001697] (px4_msgs) StdoutLine: {'line': b'-- Up-to-date: /home/subhalaxmi/nidar_ws/install/px4_msgs/include/px4_msgs/px4_msgs/msg/actuator_servos_trim.hpp\n'}
[16.003343] (px4_msgs) StdoutLine: {'line': b'-- Up-to-date: /home/subhalaxmi/nidar_ws/install/px4_msgs/include/px4_msgs/px4_msgs/msg/dronecan_node_status.hpp\n'}
[16.003684] (px4_msgs) StdoutLine: {'line': b'-- Up-to-date: /home/subhalaxmi/nidar_ws/install/px4_msgs/include/px4_msgs/px4_msgs/msg/estimator_aid_source1d.hpp\n'}
[16.004237] (px4_msgs) StdoutLine: {'line': b'-- Up-to-date: /home/subhalaxmi/nidar_ws/install/px4_msgs/include/px4_msgs/px4_msgs/msg/irlock_report.hpp\n'}
[16.006118] (px4_msgs) StdoutLine: {'line': b'-- Up-to-date: /home/subhalaxmi/nidar_ws/install/px4_msgs/include/px4_msgs/px4_msgs/msg/sensor_optical_flow.hpp\n'}
[16.006503] (px4_msgs) StdoutLine: {'line': b'-- Up-to-date: /home/subhalaxmi/nidar_ws/install/px4_msgs/include/px4_msgs/px4_msgs/msg/camera_capture.hpp\n'}
[16.006724] (px4_msgs) StdoutLine: {'line': b'-- Up-to-date: /home/subhalaxmi/nidar_ws/install/px4_msgs/include/px4_msgs/px4_msgs/msg/sensor_airflow.hpp\n'}
[16.008105] (px4_msgs) StdoutLine: {'line': b'-- Up-to-date: /home/subhalaxmi/nidar_ws/install/px4_msgs/include/px4_msgs/px4_msgs/msg/gimbal_manager_set_attitude.hpp\n'}
[16.008411] (px4_msgs) StdoutLine: {'line': b'-- Up-to-date: /home/subhalaxmi/nidar_ws/install/px4_msgs/include/px4_msgs/px4_msgs/msg/vehicle_land_detected.hpp\n'}
[16.008690] (px4_msgs) StdoutLine: {'line': b'-- Up-to-date: /home/subhalaxmi/nidar_ws/install/px4_msgs/include/px4_msgs/px4_msgs/msg/gpio_in.hpp\n'}
[16.009109] (px4_msgs) StdoutLine: {'line': b'-- Up-to-date: /home/subhalaxmi/nidar_ws/install/px4_msgs/include/px4_msgs/px4_msgs/msg/aux_global_position.hpp\n'}
[16.009365] (px4_msgs) StdoutLine: {'line': b'-- Up-to-date: /home/subhalaxmi/nidar_ws/install/px4_msgs/include/px4_msgs/px4_msgs/msg/actuator_armed.hpp\n'}
[16.009660] (px4_msgs) StdoutLine: {'line': b'-- Up-to-date: /home/subhalaxmi/nidar_ws/install/px4_msgs/include/px4_msgs/px4_msgs/msg/actuator_controls_status.hpp\n'}
[16.010641] (px4_msgs) StdoutLine: {'line': b'-- Up-to-date: /home/subhalaxmi/nidar_ws/install/px4_msgs/include/px4_msgs/px4_msgs/msg/ulog_stream_ack.hpp\n'}
[16.016296] (px4_msgs) StdoutLine: {'line': b'-- Up-to-date: /home/subhalaxmi/nidar_ws/install/px4_msgs/include/px4_msgs/px4_msgs/msg/ulog_stream.hpp\n'}
[16.016617] (px4_msgs) StdoutLine: {'line': b'-- Up-to-date: /home/subhalaxmi/nidar_ws/install/px4_msgs/include/px4_msgs/px4_msgs/msg/sensor_hygrometer.hpp\n'}
[16.016899] (px4_msgs) StdoutLine: {'line': b'-- Up-to-date: /home/subhalaxmi/nidar_ws/install/px4_msgs/include/px4_msgs/px4_msgs/msg/vtol_vehicle_status.hpp\n'}
[16.017187] (px4_msgs) StdoutLine: {'line': b'-- Up-to-date: /home/subhalaxmi/nidar_ws/install/px4_msgs/include/px4_msgs/px4_msgs/msg/config_overrides.hpp\n'}
[16.017394] (px4_msgs) StdoutLine: {'line': b'-- Up-to-date: /home/subhalaxmi/nidar_ws/install/px4_msgs/include/px4_msgs/px4_msgs/msg/collision_constraints.hpp\n'}
[16.017613] (px4_msgs) StdoutLine: {'line': b'-- Up-to-date: /home/subhalaxmi/nidar_ws/install/px4_msgs/include/px4_msgs/px4_msgs/msg/rate_ctrl_status.hpp\n'}
[16.019423] (px4_msgs) StdoutLine: {'line': b'-- Up-to-date: /home/subhalaxmi/nidar_ws/install/px4_msgs/include/px4_msgs/px4_msgs/msg/landing_gear_wheel.hpp\n'}
[16.020599] (px4_msgs) StdoutLine: {'line': b'-- Up-to-date: /home/subhalaxmi/nidar_ws/install/px4_msgs/include/px4_msgs/px4_msgs/msg/arming_check_reply.hpp\n'}
[16.021220] (px4_msgs) StdoutLine: {'line': b'-- Up-to-date: /home/subhalaxmi/nidar_ws/install/px4_msgs/include/px4_msgs/px4_msgs/msg/internal_combustion_engine_control.hpp\n'}
[16.021594] (px4_msgs) StdoutLine: {'line': b'-- Up-to-date: /home/subhalaxmi/nidar_ws/install/px4_msgs/include/px4_msgs/px4_msgs/msg/rc_channels.hpp\n'}
[16.022026] (px4_msgs) StdoutLine: {'line': b'-- Up-to-date: /home/subhalaxmi/nidar_ws/install/px4_msgs/include/px4_msgs/px4_msgs/msg/vehicle_air_data.hpp\n'}
[16.022236] (px4_msgs) StdoutLine: {'line': b'-- Up-to-date: /home/subhalaxmi/nidar_ws/install/px4_msgs/include/px4_msgs/px4_msgs/msg/vehicle_optical_flow_vel.hpp\n'}
[16.022422] (px4_msgs) StdoutLine: {'line': b'-- Up-to-date: /home/subhalaxmi/nidar_ws/install/px4_msgs/include/px4_msgs/px4_msgs/msg/estimator_gps_status.hpp\n'}
[16.022600] (px4_msgs) StdoutLine: {'line': b'-- Up-to-date: /home/subhalaxmi/nidar_ws/install/px4_msgs/include/px4_msgs/px4_msgs/msg/tiltrotor_extra_controls.hpp\n'}
[16.022814] (px4_msgs) StdoutLine: {'line': b'-- Up-to-date: /home/subhalaxmi/nidar_ws/install/px4_msgs/include/px4_msgs/px4_msgs/msg/landing_target_innovations.hpp\n'}
[16.023107] (px4_msgs) StdoutLine: {'line': b'-- Up-to-date: /home/subhalaxmi/nidar_ws/install/px4_msgs/include/px4_msgs/px4_msgs/msg/sensor_gnss_status.hpp\n'}
[16.024674] (px4_msgs) StdoutLine: {'line': b'-- Up-to-date: /home/subhalaxmi/nidar_ws/install/px4_msgs/include/px4_msgs/px4_msgs/msg/generator_status.hpp\n'}
[16.025102] (px4_msgs) StdoutLine: {'line': b'-- Up-to-date: /home/subhalaxmi/nidar_ws/install/px4_msgs/include/px4_msgs/px4_msgs/msg/sensor_selection.hpp\n'}
[16.025299] (px4_msgs) StdoutLine: {'line': b'-- Up-to-date: /home/subhalaxmi/nidar_ws/install/px4_msgs/include/px4_msgs/px4_msgs/msg/estimator_status_flags.hpp\n'}
[16.025480] (px4_msgs) StdoutLine: {'line': b'-- Up-to-date: /home/subhalaxmi/nidar_ws/install/px4_msgs/include/px4_msgs/px4_msgs/msg/rover_steering_setpoint.hpp\n'}
[16.025652] (px4_msgs) StdoutLine: {'line': b'-- Up-to-date: /home/subhalaxmi/nidar_ws/install/px4_msgs/include/px4_msgs/px4_msgs/msg/esc_status.hpp\n'}
[16.025842] (px4_msgs) StdoutLine: {'line': b'-- Up-to-date: /home/subhalaxmi/nidar_ws/install/px4_msgs/include/px4_msgs/px4_msgs/msg/actuator_test.hpp\n'}
[16.026123] (px4_msgs) StdoutLine: {'line': b'-- Up-to-date: /home/subhalaxmi/nidar_ws/install/px4_msgs/include/px4_msgs/px4_msgs/msg/estimator_event_flags.hpp\n'}
[16.026380] (px4_msgs) StdoutLine: {'line': b'-- Up-to-date: /home/subhalaxmi/nidar_ws/install/px4_msgs/include/px4_msgs/px4_msgs/msg/sensor_gnss_relative.hpp\n'}
[16.026559] (px4_msgs) StdoutLine: {'line': b'-- Up-to-date: /home/subhalaxmi/nidar_ws/install/px4_msgs/include/px4_msgs/px4_msgs/msg/trajectory_setpoint.hpp\n'}
[16.026733] (px4_msgs) StdoutLine: {'line': b'-- Up-to-date: /home/subhalaxmi/nidar_ws/install/px4_msgs/include/px4_msgs/px4_msgs/srv\n'}
[16.026941] (px4_msgs) StdoutLine: {'line': b'-- Up-to-date: /home/subhalaxmi/nidar_ws/install/px4_msgs/include/px4_msgs/px4_msgs/srv/vehicle_command.hpp\n'}
[16.027126] (px4_msgs) StdoutLine: {'line': b'-- Up-to-date: /home/subhalaxmi/nidar_ws/install/px4_msgs/include/px4_msgs/px4_msgs/srv/detail\n'}
[16.027307] (px4_msgs) StdoutLine: {'line': b'-- Up-to-date: /home/subhalaxmi/nidar_ws/install/px4_msgs/include/px4_msgs/px4_msgs/srv/detail/vehicle_command__struct.hpp\n'}
[16.027542] (px4_msgs) StdoutLine: {'line': b'-- Up-to-date: /home/subhalaxmi/nidar_ws/install/px4_msgs/include/px4_msgs/px4_msgs/srv/detail/vehicle_command__type_support.hpp\n'}
[16.027886] (px4_msgs) StdoutLine: {'line': b'-- Up-to-date: /home/subhalaxmi/nidar_ws/install/px4_msgs/include/px4_msgs/px4_msgs/srv/detail/vehicle_command__traits.hpp\n'}
[16.028079] (px4_msgs) StdoutLine: {'line': b'-- Up-to-date: /home/subhalaxmi/nidar_ws/install/px4_msgs/include/px4_msgs/px4_msgs/srv/detail/vehicle_command__builder.hpp\n'}
[16.028244] (px4_msgs) StdoutLine: {'line': b'-- Up-to-date: /home/subhalaxmi/nidar_ws/install/px4_msgs/include/px4_msgs/px4_msgs\n'}
[16.028413] (px4_msgs) StdoutLine: {'line': b'-- Up-to-date: /home/subhalaxmi/nidar_ws/install/px4_msgs/include/px4_msgs/px4_msgs/msg\n'}
[16.030227] (px4_msgs) StdoutLine: {'line': b'-- Up-to-date: /home/subhalaxmi/nidar_ws/install/px4_msgs/include/px4_msgs/px4_msgs/msg/detail\n'}
[16.030475] (px4_msgs) StdoutLine: {'line': b'-- Up-to-date: /home/subhalaxmi/nidar_ws/install/px4_msgs/include/px4_msgs/px4_msgs/msg/detail/estimator_aid_source3d__rosidl_typesupport_fastrtps_cpp.hpp\n'}
[16.030838] (px4_msgs) StdoutLine: {'line': b'-- Up-to-date: /home/subhalaxmi/nidar_ws/install/px4_msgs/include/px4_msgs/px4_msgs/msg/detail/cpuload__rosidl_typesupport_fastrtps_cpp.hpp\n'}
[16.031228] (px4_msgs) StdoutLine: {'line': b'-- Up-to-date: /home/subhalaxmi/nidar_ws/install/px4_msgs/include/px4_msgs/px4_msgs/msg/detail/open_drone_id_operator_id__rosidl_typesupport_fastrtps_cpp.hpp\n'}
[16.031477] (px4_msgs) StdoutLine: {'line': b'-- Up-to-date: /home/subhalaxmi/nidar_ws/install/px4_msgs/include/px4_msgs/px4_msgs/msg/detail/sensor_gps__rosidl_typesupport_fastrtps_cpp.hpp\n'}
[16.031687] (px4_msgs) StdoutLine: {'line': b'-- Up-to-date: /home/subhalaxmi/nidar_ws/install/px4_msgs/include/px4_msgs/px4_msgs/msg/detail/vehicle_optical_flow__rosidl_typesupport_fastrtps_cpp.hpp\n'}
[16.031910] (px4_msgs) StdoutLine: {'line': b'-- Up-to-date: /home/subhalaxmi/nidar_ws/install/px4_msgs/include/px4_msgs/px4_msgs/msg/detail/trajectory_setpoint6dof__rosidl_typesupport_fastrtps_cpp.hpp\n'}
[16.032131] (px4_msgs) StdoutLine: {'line': b'-- Up-to-date: /home/subhalaxmi/nidar_ws/install/px4_msgs/include/px4_msgs/px4_msgs/msg/detail/rtl_time_estimate__rosidl_typesupport_fastrtps_cpp.hpp\n'}
[16.032473] (px4_msgs) StdoutLine: {'line': b'-- Up-to-date: /home/subhalaxmi/nidar_ws/install/px4_msgs/include/px4_msgs/px4_msgs/msg/detail/gpio_request__rosidl_typesupport_fastrtps_cpp.hpp\n'}
[16.032675] (px4_msgs) StdoutLine: {'line': b'-- Up-to-date: /home/subhalaxmi/nidar_ws/install/px4_msgs/include/px4_msgs/px4_msgs/msg/detail/orb_test_large__rosidl_typesupport_fastrtps_cpp.hpp\n'}
[16.032900] (px4_msgs) StdoutLine: {'line': b'-- Up-to-date: /home/subhalaxmi/nidar_ws/install/px4_msgs/include/px4_msgs/px4_msgs/msg/detail/landing_target_innovations__rosidl_typesupport_fastrtps_cpp.hpp\n'}
[16.033098] (px4_msgs) StdoutLine: {'line': b'-- Up-to-date: /home/subhalaxmi/nidar_ws/install/px4_msgs/include/px4_msgs/px4_msgs/msg/detail/estimator_bias__rosidl_typesupport_fastrtps_cpp.hpp\n'}
[16.033273] (px4_msgs) StdoutLine: {'line': b'-- Up-to-date: /home/subhalaxmi/nidar_ws/install/px4_msgs/include/px4_msgs/px4_msgs/msg/detail/vehicle_local_position_setpoint__rosidl_typesupport_fastrtps_cpp.hpp\n'}
[16.033867] (px4_msgs) StdoutLine: {'line': b'-- Up-to-date: /home/subhalaxmi/nidar_ws/install/px4_msgs/include/px4_msgs/px4_msgs/msg/detail/failsafe_flags__rosidl_typesupport_fastrtps_cpp.hpp\n'}
[16.034129] (px4_msgs) StdoutLine: {'line': b'-- Up-to-date: /home/subhalaxmi/nidar_ws/install/px4_msgs/include/px4_msgs/px4_msgs/msg/detail/sensors_status__rosidl_typesupport_fastrtps_cpp.hpp\n'}
[16.034373] (px4_msgs) StdoutLine: {'line': b'-- Up-to-date: /home/subhalaxmi/nidar_ws/install/px4_msgs/include/px4_msgs/px4_msgs/msg/detail/collision_constraints__rosidl_typesupport_fastrtps_cpp.hpp\n'}
[16.034911] (px4_msgs) StdoutLine: {'line': b'-- Up-to-date: /home/subhalaxmi/nidar_ws/install/px4_msgs/include/px4_msgs/px4_msgs/msg/detail/actuator_servos_trim__rosidl_typesupport_fastrtps_cpp.hpp\n'}
[16.035121] (px4_msgs) StdoutLine: {'line': b'-- Up-to-date: /home/subhalaxmi/nidar_ws/install/px4_msgs/include/px4_msgs/px4_msgs/msg/detail/sensor_combined__rosidl_typesupport_fastrtps_cpp.hpp\n'}
[16.035635] (px4_msgs) StdoutLine: {'line': b'-- Up-to-date: /home/subhalaxmi/nidar_ws/install/px4_msgs/include/px4_msgs/px4_msgs/msg/detail/estimator_innovations__rosidl_typesupport_fastrtps_cpp.hpp\n'}
[16.036022] (px4_msgs) StdoutLine: {'line': b'-- Up-to-date: /home/subhalaxmi/nidar_ws/install/px4_msgs/include/px4_msgs/px4_msgs/msg/detail/ulog_stream__rosidl_typesupport_fastrtps_cpp.hpp\n'}
[16.036227] (px4_msgs) StdoutLine: {'line': b'-- Up-to-date: /home/subhalaxmi/nidar_ws/install/px4_msgs/include/px4_msgs/px4_msgs/msg/detail/debug_value__rosidl_typesupport_fastrtps_cpp.hpp\n'}
[16.036411] (px4_msgs) StdoutLine: {'line': b'-- Up-to-date: /home/subhalaxmi/nidar_ws/install/px4_msgs/include/px4_msgs/px4_msgs/msg/detail/fixed_wing_lateral_guidance_status__rosidl_typesupport_fastrtps_cpp.hpp\n'}
[16.037323] (px4_msgs) StdoutLine: {'line': b'-- Up-to-date: /home/subhalaxmi/nidar_ws/install/px4_msgs/include/px4_msgs/px4_msgs/msg/detail/sensor_baro__rosidl_typesupport_fastrtps_cpp.hpp\n'}
[16.037544] (px4_msgs) StdoutLine: {'line': b'-- Up-to-date: /home/subhalaxmi/nidar_ws/install/px4_msgs/include/px4_msgs/px4_msgs/msg/detail/vehicle_local_position__rosidl_typesupport_fastrtps_cpp.hpp\n'}
[16.037727] (px4_msgs) StdoutLine: {'line': b'-- Up-to-date: /home/subhalaxmi/nidar_ws/install/px4_msgs/include/px4_msgs/px4_msgs/msg/detail/sensor_hygrometer__rosidl_typesupport_fastrtps_cpp.hpp\n'}
[16.037938] (px4_msgs) StdoutLine: {'line': b'-- Up-to-date: /home/subhalaxmi/nidar_ws/install/px4_msgs/include/px4_msgs/px4_msgs/msg/detail/vehicle_constraints__rosidl_typesupport_fastrtps_cpp.hpp\n'}
[16.038130] (px4_msgs) StdoutLine: {'line': b'-- Up-to-date: /home/subhalaxmi/nidar_ws/install/px4_msgs/include/px4_msgs/px4_msgs/msg/detail/dronecan_node_status__rosidl_typesupport_fastrtps_cpp.hpp\n'}
[16.038384] (px4_msgs) StdoutLine: {'line': b'-- Up-to-date: /home/subhalaxmi/nidar_ws/install/px4_msgs/include/px4_msgs/px4_msgs/msg/detail/debug_array__rosidl_typesupport_fastrtps_cpp.hpp\n'}
[16.038569] (px4_msgs) StdoutLine: {'line': b'-- Up-to-date: /home/subhalaxmi/nidar_ws/install/px4_msgs/include/px4_msgs/px4_msgs/msg/detail/manual_control_setpoint__rosidl_typesupport_fastrtps_cpp.hpp\n'}
[16.038745] (px4_msgs) StdoutLine: {'line': b'-- Up-to-date: /home/subhalaxmi/nidar_ws/install/px4_msgs/include/px4_msgs/px4_msgs/msg/detail/neural_control__rosidl_typesupport_fastrtps_cpp.hpp\n'}
[16.039798] (px4_msgs) StdoutLine: {'line': b'-- Up-to-date: /home/subhalaxmi/nidar_ws/install/px4_msgs/include/px4_msgs/px4_msgs/msg/detail/follow_target__rosidl_typesupport_fastrtps_cpp.hpp\n'}
[16.041242] (px4_msgs) StdoutLine: {'line': b'-- Up-to-date: /home/subhalaxmi/nidar_ws/install/px4_msgs/include/px4_msgs/px4_msgs/msg/detail/actuator_motors__rosidl_typesupport_fastrtps_cpp.hpp\n'}
[16.041448] (px4_msgs) StdoutLine: {'line': b'-- Up-to-date: /home/subhalaxmi/nidar_ws/install/px4_msgs/include/px4_msgs/px4_msgs/msg/detail/rate_ctrl_status__rosidl_typesupport_fastrtps_cpp.hpp\n'}
[16.041626] (px4_msgs) StdoutLine: {'line': b'-- Up-to-date: /home/subhalaxmi/nidar_ws/install/px4_msgs/include/px4_msgs/px4_msgs/msg/detail/gimbal_device_set_attitude__rosidl_typesupport_fastrtps_cpp.hpp\n'}
[16.041993] (px4_msgs) StdoutLine: {'line': b'-- Up-to-date: /home/subhalaxmi/nidar_ws/install/px4_msgs/include/px4_msgs/px4_msgs/msg/detail/mode_completed__rosidl_typesupport_fastrtps_cpp.hpp\n'}
[16.042198] (px4_msgs) StdoutLine: {'line': b'-- Up-to-date: /home/subhalaxmi/nidar_ws/install/px4_msgs/include/px4_msgs/px4_msgs/msg/detail/estimator_status__rosidl_typesupport_fastrtps_cpp.hpp\n'}
[16.042393] (px4_msgs) StdoutLine: {'line': b'-- Up-to-date: /home/subhalaxmi/nidar_ws/install/px4_msgs/include/px4_msgs/px4_msgs/msg/detail/estimator_aid_source2d__rosidl_typesupport_fastrtps_cpp.hpp\n'}
[16.042633] (px4_msgs) StdoutLine: {'line': b'-- Up-to-date: /home/subhalaxmi/nidar_ws/install/px4_msgs/include/px4_msgs/px4_msgs/msg/detail/battery_info__rosidl_typesupport_fastrtps_cpp.hpp\n'}
[16.042824] (px4_msgs) StdoutLine: {'line': b'-- Up-to-date: /home/subhalaxmi/nidar_ws/install/px4_msgs/include/px4_msgs/px4_msgs/msg/detail/flight_phase_estimation__rosidl_typesupport_fastrtps_cpp.hpp\n'}
[16.043022] (px4_msgs) StdoutLine: {'line': b'-- Up-to-date: /home/subhalaxmi/nidar_ws/install/px4_msgs/include/px4_msgs/px4_msgs/msg/detail/estimator_event_flags__rosidl_typesupport_fastrtps_cpp.hpp\n'}
[16.043195] (px4_msgs) StdoutLine: {'line': b'-- Up-to-date: /home/subhalaxmi/nidar_ws/install/px4_msgs/include/px4_msgs/px4_msgs/msg/detail/event__rosidl_typesupport_fastrtps_cpp.hpp\n'}
[16.043361] (px4_msgs) StdoutLine: {'line': b'-- Up-to-date: /home/subhalaxmi/nidar_ws/install/px4_msgs/include/px4_msgs/px4_msgs/msg/detail/sensor_mag__rosidl_typesupport_fastrtps_cpp.hpp\n'}
[16.043526] (px4_msgs) StdoutLine: {'line': b'-- Up-to-date: /home/subhalaxmi/nidar_ws/install/px4_msgs/include/px4_msgs/px4_msgs/msg/detail/vehicle_torque_setpoint__rosidl_typesupport_fastrtps_cpp.hpp\n'}
[16.043708] (px4_msgs) StdoutLine: {'line': b'-- Up-to-date: /home/subhalaxmi/nidar_ws/install/px4_msgs/include/px4_msgs/px4_msgs/msg/detail/tecs_status__rosidl_typesupport_fastrtps_cpp.hpp\n'}
[16.043907] (px4_msgs) StdoutLine: {'line': b'-- Up-to-date: /home/subhalaxmi/nidar_ws/install/px4_msgs/include/px4_msgs/px4_msgs/msg/detail/position_setpoint_triplet__rosidl_typesupport_fastrtps_cpp.hpp\n'}
[16.044425] (px4_msgs) StdoutLine: {'line': b'-- Up-to-date: /home/subhalaxmi/nidar_ws/install/px4_msgs/include/px4_msgs/px4_msgs/msg/detail/sensor_gyro_fifo__rosidl_typesupport_fastrtps_cpp.hpp\n'}
[16.044635] (px4_msgs) StdoutLine: {'line': b'-- Up-to-date: /home/subhalaxmi/nidar_ws/install/px4_msgs/include/px4_msgs/px4_msgs/msg/detail/manual_control_switches__rosidl_typesupport_fastrtps_cpp.hpp\n'}
[16.044847] (px4_msgs) StdoutLine: {'line': b'-- Up-to-date: /home/subhalaxmi/nidar_ws/install/px4_msgs/include/px4_msgs/px4_msgs/msg/detail/gimbal_manager_information__rosidl_typesupport_fastrtps_cpp.hpp\n'}
[16.045067] (px4_msgs) StdoutLine: {'line': b'-- Up-to-date: /home/subhalaxmi/nidar_ws/install/px4_msgs/include/px4_msgs/px4_msgs/msg/detail/longitudinal_control_configuration__rosidl_typesupport_fastrtps_cpp.hpp\n'}
[16.045264] (px4_msgs) StdoutLine: {'line': b'-- Up-to-date: /home/subhalaxmi/nidar_ws/install/px4_msgs/include/px4_msgs/px4_msgs/msg/detail/esc_status__rosidl_typesupport_fastrtps_cpp.hpp\n'}
[16.046224] (px4_msgs) StdoutLine: {'line': b'-- Up-to-date: /home/subhalaxmi/nidar_ws/install/px4_msgs/include/px4_msgs/px4_msgs/msg/detail/estimator_selector_status__rosidl_typesupport_fastrtps_cpp.hpp\n'}
[16.046464] (px4_msgs) StdoutLine: {'line': b'-- Up-to-date: /home/subhalaxmi/nidar_ws/install/px4_msgs/include/px4_msgs/px4_msgs/msg/detail/mavlink_log__rosidl_typesupport_fastrtps_cpp.hpp\n'}
[16.046664] (px4_msgs) StdoutLine: {'line': b'-- Up-to-date: /home/subhalaxmi/nidar_ws/install/px4_msgs/include/px4_msgs/px4_msgs/msg/detail/parameter_set_value_response__rosidl_typesupport_fastrtps_cpp.hpp\n'}
[16.047643] (-) TimerEvent: {}
[16.047951] (px4_msgs) StdoutLine: {'line': b'-- Up-to-date: /home/subhalaxmi/nidar_ws/install/px4_msgs/include/px4_msgs/px4_msgs/msg/detail/lateral_control_configuration__rosidl_typesupport_fastrtps_cpp.hpp\n'}
[16.048267] (px4_msgs) StdoutLine: {'line': b'-- Up-to-date: /home/subhalaxmi/nidar_ws/install/px4_msgs/include/px4_msgs/px4_msgs/msg/detail/dds_fastrtps\n'}
[16.048621] (px4_msgs) StdoutLine: {'line': b'-- Up-to-date: /home/subhalaxmi/nidar_ws/install/px4_msgs/include/px4_msgs/px4_msgs/msg/detail/estimator_status_flags__rosidl_typesupport_fastrtps_cpp.hpp\n'}
[16.048853] (px4_msgs) StdoutLine: {'line': b'-- Up-to-date: /home/subhalaxmi/nidar_ws/install/px4_msgs/include/px4_msgs/px4_msgs/msg/detail/failure_detector_status__rosidl_typesupport_fastrtps_cpp.hpp\n'}
[16.049155] (px4_msgs) StdoutLine: {'line': b'-- Up-to-date: /home/subhalaxmi/nidar_ws/install/px4_msgs/include/px4_msgs/px4_msgs/msg/detail/vehicle_thrust_setpoint__rosidl_typesupport_fastrtps_cpp.hpp\n'}
[16.049341] (px4_msgs) StdoutLine: {'line': b'-- Up-to-date: /home/subhalaxmi/nidar_ws/install/px4_msgs/include/px4_msgs/px4_msgs/msg/detail/action_request__rosidl_typesupport_fastrtps_cpp.hpp\n'}
[16.049785] (px4_msgs) StdoutLine: {'line': b'-- Up-to-date: /home/subhalaxmi/nidar_ws/install/px4_msgs/include/px4_msgs/px4_msgs/msg/detail/vehicle_status__rosidl_typesupport_fastrtps_cpp.hpp\n'}
[16.051266] (px4_msgs) StdoutLine: {'line': b'-- Up-to-date: /home/subhalaxmi/nidar_ws/install/px4_msgs/include/px4_msgs/px4_msgs/msg/detail/rc_channels__rosidl_typesupport_fastrtps_cpp.hpp\n'}
[16.051547] (px4_msgs) StdoutLine: {'line': b'-- Up-to-date: /home/subhalaxmi/nidar_ws/install/px4_msgs/include/px4_msgs/px4_msgs/msg/detail/actuator_outputs__rosidl_typesupport_fastrtps_cpp.hpp\n'}
[16.051774] (px4_msgs) StdoutLine: {'line': b'-- Up-to-date: /home/subhalaxmi/nidar_ws/install/px4_msgs/include/px4_msgs/px4_msgs/msg/detail/open_drone_id_self_id__rosidl_typesupport_fastrtps_cpp.hpp\n'}
[16.052337] (px4_msgs) StdoutLine: {'line': b'-- Up-to-date: /home/subhalaxmi/nidar_ws/install/px4_msgs/include/px4_msgs/px4_msgs/msg/detail/device_information__rosidl_typesupport_fastrtps_cpp.hpp\n'}
[16.052605] (px4_msgs) StdoutLine: {'line': b'-- Up-to-date: /home/subhalaxmi/nidar_ws/install/px4_msgs/include/px4_msgs/px4_msgs/msg/detail/fixed_wing_runway_control__rosidl_typesupport_fastrtps_cpp.hpp\n'}
[16.054274] (px4_msgs) StdoutLine: {'line': b'-- Up-to-date: /home/subhalaxmi/nidar_ws/install/px4_msgs/include/px4_msgs/px4_msgs/msg/detail/vehicle_command__rosidl_typesupport_fastrtps_cpp.hpp\n'}
[16.054643] (px4_msgs) StdoutLine: {'line': b'-- Up-to-date: /home/subhalaxmi/nidar_ws/install/px4_msgs/include/px4_msgs/px4_msgs/msg/detail/position_controller_status__rosidl_typesupport_fastrtps_cpp.hpp\n'}
[16.054944] (px4_msgs) StdoutLine: {'line': b'-- Up-to-date: /home/subhalaxmi/nidar_ws/install/px4_msgs/include/px4_msgs/px4_msgs/msg/detail/mount_orientation__rosidl_typesupport_fastrtps_cpp.hpp\n'}
[16.055304] (px4_msgs) StdoutLine: {'line': b'-- Up-to-date: /home/subhalaxmi/nidar_ws/install/px4_msgs/include/px4_msgs/px4_msgs/msg/detail/distance_sensor_mode_change_request__rosidl_typesupport_fastrtps_cpp.hpp\n'}
[16.056097] (px4_msgs) StdoutLine: {'line': b'-- Up-to-date: /home/subhalaxmi/nidar_ws/install/px4_msgs/include/px4_msgs/px4_msgs/msg/detail/fixed_wing_longitudinal_setpoint__rosidl_typesupport_fastrtps_cpp.hpp\n'}
[16.056694] (px4_msgs) StdoutLine: {'line': b'-- Up-to-date: /home/subhalaxmi/nidar_ws/install/px4_msgs/include/px4_msgs/px4_msgs/msg/detail/battery_status__rosidl_typesupport_fastrtps_cpp.hpp\n'}
[16.057323] (px4_msgs) StdoutLine: {'line': b'-- Up-to-date: /home/subhalaxmi/nidar_ws/install/px4_msgs/include/px4_msgs/px4_msgs/msg/detail/arming_check_reply__rosidl_typesupport_fastrtps_cpp.hpp\n'}
[16.058331] (px4_msgs) StdoutLine: {'line': b'-- Up-to-date: /home/subhalaxmi/nidar_ws/install/px4_msgs/include/px4_msgs/px4_msgs/msg/detail/pwm_input__rosidl_typesupport_fastrtps_cpp.hpp\n'}
[16.059982] (px4_msgs) StdoutLine: {'line': b'-- Up-to-date: /home/subhalaxmi/nidar_ws/install/px4_msgs/include/px4_msgs/px4_msgs/msg/detail/telemetry_status__rosidl_typesupport_fastrtps_cpp.hpp\n'}
[16.060496] (px4_msgs) StdoutLine: {'line': b'-- Up-to-date: /home/subhalaxmi/nidar_ws/install/px4_msgs/include/px4_msgs/px4_msgs/msg/detail/aux_global_position__rosidl_typesupport_fastrtps_cpp.hpp\n'}
[16.060785] (px4_msgs) StdoutLine: {'line': b'-- Up-to-date: /home/subhalaxmi/nidar_ws/install/px4_msgs/include/px4_msgs/px4_msgs/msg/detail/camera_status__rosidl_typesupport_fastrtps_cpp.hpp\n'}
[16.061153] (px4_msgs) StdoutLine: {'line': b'-- Up-to-date: /home/subhalaxmi/nidar_ws/install/px4_msgs/include/px4_msgs/px4_msgs/msg/detail/generator_status__rosidl_typesupport_fastrtps_cpp.hpp\n'}
[16.062213] (px4_msgs) StdoutLine: {'line': b'-- Up-to-date: /home/subhalaxmi/nidar_ws/install/px4_msgs/include/px4_msgs/px4_msgs/msg/detail/gps_dump__rosidl_typesupport_fastrtps_cpp.hpp\n'}
[16.062476] (px4_msgs) StdoutLine: {'line': b'-- Up-to-date: /home/subhalaxmi/nidar_ws/install/px4_msgs/include/px4_msgs/px4_msgs/msg/detail/rtl_status__rosidl_typesupport_fastrtps_cpp.hpp\n'}
[16.062953] (px4_msgs) StdoutLine: {'line': b'-- Up-to-date: /home/subhalaxmi/nidar_ws/install/px4_msgs/include/px4_msgs/px4_msgs/msg/detail/gripper__rosidl_typesupport_fastrtps_cpp.hpp\n'}
[16.065094] (px4_msgs) StdoutLine: {'line': b'-- Up-to-date: /home/subhalaxmi/nidar_ws/install/px4_msgs/include/px4_msgs/px4_msgs/msg/detail/sensor_gyro_fft__rosidl_typesupport_fastrtps_cpp.hpp\n'}
[16.065402] (px4_msgs) StdoutLine: {'line': b'-- Up-to-date: /home/subhalaxmi/nidar_ws/install/px4_msgs/include/px4_msgs/px4_msgs/msg/detail/vtol_vehicle_status__rosidl_typesupport_fastrtps_cpp.hpp\n'}
[16.065604] (px4_msgs) StdoutLine: {'line': b'-- Up-to-date: /home/subhalaxmi/nidar_ws/install/px4_msgs/include/px4_msgs/px4_msgs/msg/detail/vtx__rosidl_typesupport_fastrtps_cpp.hpp\n'}
[16.065845] (px4_msgs) StdoutLine: {'line': b'-- Up-to-date: /home/subhalaxmi/nidar_ws/install/px4_msgs/include/px4_msgs/px4_msgs/msg/detail/yaw_estimator_status__rosidl_typesupport_fastrtps_cpp.hpp\n'}
[16.066087] (px4_msgs) StdoutLine: {'line': b'-- Up-to-date: /home/subhalaxmi/nidar_ws/install/px4_msgs/include/px4_msgs/px4_msgs/msg/detail/rover_speed_status__rosidl_typesupport_fastrtps_cpp.hpp\n'}
[16.066296] (px4_msgs) StdoutLine: {'line': b'-- Up-to-date: /home/subhalaxmi/nidar_ws/install/px4_msgs/include/px4_msgs/px4_msgs/msg/detail/mavlink_tunnel__rosidl_typesupport_fastrtps_cpp.hpp\n'}
[16.066567] (px4_msgs) StdoutLine: {'line': b'-- Up-to-date: /home/subhalaxmi/nidar_ws/install/px4_msgs/include/px4_msgs/px4_msgs/msg/detail/debug_key_value__rosidl_typesupport_fastrtps_cpp.hpp\n'}
[16.066750] (px4_msgs) StdoutLine: {'line': b'-- Up-to-date: /home/subhalaxmi/nidar_ws/install/px4_msgs/include/px4_msgs/px4_msgs/msg/detail/dataman_response__rosidl_typesupport_fastrtps_cpp.hpp\n'}
[16.066969] (px4_msgs) StdoutLine: {'line': b'-- Up-to-date: /home/subhalaxmi/nidar_ws/install/px4_msgs/include/px4_msgs/px4_msgs/msg/detail/vehicle_angular_velocity__rosidl_typesupport_fastrtps_cpp.hpp\n'}
[16.067158] (px4_msgs) StdoutLine: {'line': b'-- Up-to-date: /home/subhalaxmi/nidar_ws/install/px4_msgs/include/px4_msgs/px4_msgs/msg/detail/sensor_accel__rosidl_typesupport_fastrtps_cpp.hpp\n'}
[16.067337] (px4_msgs) StdoutLine: {'line': b'-- Up-to-date: /home/subhalaxmi/nidar_ws/install/px4_msgs/include/px4_msgs/px4_msgs/msg/detail/open_drone_id_arm_status__rosidl_typesupport_fastrtps_cpp.hpp\n'}
[16.067514] (px4_msgs) StdoutLine: {'line': b'-- Up-to-date: /home/subhalaxmi/nidar_ws/install/px4_msgs/include/px4_msgs/px4_msgs/msg/detail/vehicle_angular_acceleration_setpoint__rosidl_typesupport_fastrtps_cpp.hpp\n'}
[16.067690] (px4_msgs) StdoutLine: {'line': b'-- Up-to-date: /home/subhalaxmi/nidar_ws/install/px4_msgs/include/px4_msgs/px4_msgs/msg/detail/qshell_retval__rosidl_typesupport_fastrtps_cpp.hpp\n'}
[16.067900] (px4_msgs) StdoutLine: {'line': b'-- Up-to-date: /home/subhalaxmi/nidar_ws/install/px4_msgs/include/px4_msgs/px4_msgs/msg/detail/internal_combustion_engine_control__rosidl_typesupport_fastrtps_cpp.hpp\n'}
[16.068235] (px4_msgs) StdoutLine: {'line': b'-- Up-to-date: /home/subhalaxmi/nidar_ws/install/px4_msgs/include/px4_msgs/px4_msgs/msg/detail/register_ext_component_reply__rosidl_typesupport_fastrtps_cpp.hpp\n'}
[16.068560] (px4_msgs) StdoutLine: {'line': b'-- Up-to-date: /home/subhalaxmi/nidar_ws/install/px4_msgs/include/px4_msgs/px4_msgs/msg/detail/gain_compression__rosidl_typesupport_fastrtps_cpp.hpp\n'}
[16.068758] (px4_msgs) StdoutLine: {'line': b'-- Up-to-date: /home/subhalaxmi/nidar_ws/install/px4_msgs/include/px4_msgs/px4_msgs/msg/detail/follow_target_status__rosidl_typesupport_fastrtps_cpp.hpp\n'}
[16.069025] (px4_msgs) StdoutLine: {'line': b'-- Up-to-date: /home/subhalaxmi/nidar_ws/install/px4_msgs/include/px4_msgs/px4_msgs/msg/detail/navigator_mission_item__rosidl_typesupport_fastrtps_cpp.hpp\n'}
[16.069254] (px4_msgs) StdoutLine: {'line': b'-- Up-to-date: /home/subhalaxmi/nidar_ws/install/px4_msgs/include/px4_msgs/px4_msgs/msg/detail/vehicle_control_mode__rosidl_typesupport_fastrtps_cpp.hpp\n'}
[16.069443] (px4_msgs) StdoutLine: {'line': b'-- Up-to-date: /home/subhalaxmi/nidar_ws/install/px4_msgs/include/px4_msgs/px4_msgs/msg/detail/figure_eight_status__rosidl_typesupport_fastrtps_cpp.hpp\n'}
[16.069613] (px4_msgs) StdoutLine: {'line': b'-- Up-to-date: /home/subhalaxmi/nidar_ws/install/px4_msgs/include/px4_msgs/px4_msgs/msg/detail/vehicle_attitude_setpoint__rosidl_typesupport_fastrtps_cpp.hpp\n'}
[16.069923] (px4_msgs) StdoutLine: {'line': b'-- Up-to-date: /home/subhalaxmi/nidar_ws/install/px4_msgs/include/px4_msgs/px4_msgs/msg/detail/orb_test__rosidl_typesupport_fastrtps_cpp.hpp\n'}
[16.070132] (px4_msgs) StdoutLine: {'line': b'-- Up-to-date: /home/subhalaxmi/nidar_ws/install/px4_msgs/include/px4_msgs/px4_msgs/msg/detail/led_control__rosidl_typesupport_fastrtps_cpp.hpp\n'}
[16.070329] (px4_msgs) StdoutLine: {'line': b'-- Up-to-date: /home/subhalaxmi/nidar_ws/install/px4_msgs/include/px4_msgs/px4_msgs/msg/detail/sensor_temp__rosidl_typesupport_fastrtps_cpp.hpp\n'}
[16.070552] (px4_msgs) StdoutLine: {'line': b'-- Up-to-date: /home/subhalaxmi/nidar_ws/install/px4_msgs/include/px4_msgs/px4_msgs/msg/detail/pps_capture__rosidl_typesupport_fastrtps_cpp.hpp\n'}
[16.070752] (px4_msgs) StdoutLine: {'line': b'-- Up-to-date: /home/subhalaxmi/nidar_ws/install/px4_msgs/include/px4_msgs/px4_msgs/msg/detail/task_stack_info__rosidl_typesupport_fastrtps_cpp.hpp\n'}
[16.071003] (px4_msgs) StdoutLine: {'line': b'-- Up-to-date: /home/subhalaxmi/nidar_ws/install/px4_msgs/include/px4_msgs/px4_msgs/msg/detail/fixed_wing_lateral_status__rosidl_typesupport_fastrtps_cpp.hpp\n'}
[16.071230] (px4_msgs) StdoutLine: {'line': b'-- Up-to-date: /home/subhalaxmi/nidar_ws/install/px4_msgs/include/px4_msgs/px4_msgs/msg/detail/unregister_ext_component__rosidl_typesupport_fastrtps_cpp.hpp\n'}
[16.072930] (px4_msgs) StdoutLine: {'line': b'-- Up-to-date: /home/subhalaxmi/nidar_ws/install/px4_msgs/include/px4_msgs/px4_msgs/msg/detail/rover_rate_status__rosidl_typesupport_fastrtps_cpp.hpp\n'}
[16.074387] (px4_msgs) StdoutLine: {'line': b'-- Up-to-date: /home/subhalaxmi/nidar_ws/install/px4_msgs/include/px4_msgs/px4_msgs/msg/detail/distance_sensor__rosidl_typesupport_fastrtps_cpp.hpp\n'}
[16.074611] (px4_msgs) StdoutLine: {'line': b'-- Up-to-date: /home/subhalaxmi/nidar_ws/install/px4_msgs/include/px4_msgs/px4_msgs/msg/detail/mission_result__rosidl_typesupport_fastrtps_cpp.hpp\n'}
[16.074850] (px4_msgs) StdoutLine: {'line': b'-- Up-to-date: /home/subhalaxmi/nidar_ws/install/px4_msgs/include/px4_msgs/px4_msgs/msg/detail/vehicle_acceleration__rosidl_typesupport_fastrtps_cpp.hpp\n'}
[16.075046] (px4_msgs) StdoutLine: {'line': b'-- Up-to-date: /home/subhalaxmi/nidar_ws/install/px4_msgs/include/px4_msgs/px4_msgs/msg/detail/pure_pursuit_status__rosidl_typesupport_fastrtps_cpp.hpp\n'}
[16.075213] (px4_msgs) StdoutLine: {'line': b'-- Up-to-date: /home/subhalaxmi/nidar_ws/install/px4_msgs/include/px4_msgs/px4_msgs/msg/detail/normalized_unsigned_setpoint__rosidl_typesupport_fastrtps_cpp.hpp\n'}
[16.075380] (px4_msgs) StdoutLine: {'line': b'-- Up-to-date: /home/subhalaxmi/nidar_ws/install/px4_msgs/include/px4_msgs/px4_msgs/msg/detail/rover_attitude_setpoint__rosidl_typesupport_fastrtps_cpp.hpp\n'}
[16.075547] (px4_msgs) StdoutLine: {'line': b'-- Up-to-date: /home/subhalaxmi/nidar_ws/install/px4_msgs/include/px4_msgs/px4_msgs/msg/detail/vehicle_imu__rosidl_typesupport_fastrtps_cpp.hpp\n'}
[16.075720] (px4_msgs) StdoutLine: {'line': b'-- Up-to-date: /home/subhalaxmi/nidar_ws/install/px4_msgs/include/px4_msgs/px4_msgs/msg/detail/rover_rate_setpoint__rosidl_typesupport_fastrtps_cpp.hpp\n'}
[16.079219] (px4_msgs) StdoutLine: {'line': b'-- Up-to-date: /home/subhalaxmi/nidar_ws/install/px4_msgs/include/px4_msgs/px4_msgs/msg/detail/transponder_report__rosidl_typesupport_fastrtps_cpp.hpp\n'}
[16.079455] (px4_msgs) StdoutLine: {'line': b'-- Up-to-date: /home/subhalaxmi/nidar_ws/install/px4_msgs/include/px4_msgs/px4_msgs/msg/detail/vehicle_command_ack__rosidl_typesupport_fastrtps_cpp.hpp\n'}
[16.080734] (px4_msgs) StdoutLine: {'line': b'-- Up-to-date: /home/subhalaxmi/nidar_ws/install/px4_msgs/include/px4_msgs/px4_msgs/msg/detail/gps_inject_data__rosidl_typesupport_fastrtps_cpp.hpp\n'}
[16.081151] (px4_msgs) StdoutLine: {'line': b'-- Up-to-date: /home/subhalaxmi/nidar_ws/install/px4_msgs/include/px4_msgs/px4_msgs/msg/detail/ekf2_timestamps__rosidl_typesupport_fastrtps_cpp.hpp\n'}
[16.082465] (px4_msgs) StdoutLine: {'line': b'-- Up-to-date: /home/subhalaxmi/nidar_ws/install/px4_msgs/include/px4_msgs/px4_msgs/msg/detail/differential_pressure__rosidl_typesupport_fastrtps_cpp.hpp\n'}
[16.083875] (px4_msgs) StdoutLine: {'line': b'-- Up-to-date: /home/subhalaxmi/nidar_ws/install/px4_msgs/include/px4_msgs/px4_msgs/msg/detail/vehicle_imu_status__rosidl_typesupport_fastrtps_cpp.hpp\n'}
[16.084339] (px4_msgs) StdoutLine: {'line': b'-- Up-to-date: /home/subhalaxmi/nidar_ws/install/px4_msgs/include/px4_msgs/px4_msgs/msg/detail/fixed_wing_lateral_setpoint__rosidl_typesupport_fastrtps_cpp.hpp\n'}
[16.084562] (px4_msgs) StdoutLine: {'line': b'-- Up-to-date: /home/subhalaxmi/nidar_ws/install/px4_msgs/include/px4_msgs/px4_msgs/msg/detail/sensor_gyro__rosidl_typesupport_fastrtps_cpp.hpp\n'}
[16.084736] (px4_msgs) StdoutLine: {'line': b'-- Up-to-date: /home/subhalaxmi/nidar_ws/install/px4_msgs/include/px4_msgs/px4_msgs/msg/detail/camera_trigger__rosidl_typesupport_fastrtps_cpp.hpp\n'}
[16.084940] (px4_msgs) StdoutLine: {'line': b'-- Up-to-date: /home/subhalaxmi/nidar_ws/install/px4_msgs/include/px4_msgs/px4_msgs/msg/detail/ping__rosidl_typesupport_fastrtps_cpp.hpp\n'}
[16.085113] (px4_msgs) StdoutLine: {'line': b'-- Up-to-date: /home/subhalaxmi/nidar_ws/install/px4_msgs/include/px4_msgs/px4_msgs/msg/detail/rc_parameter_map__rosidl_typesupport_fastrtps_cpp.hpp\n'}
[16.085279] (px4_msgs) StdoutLine: {'line': b'-- Up-to-date: /home/subhalaxmi/nidar_ws/install/px4_msgs/include/px4_msgs/px4_msgs/msg/detail/timesync_status__rosidl_typesupport_fastrtps_cpp.hpp\n'}
[16.085446] (px4_msgs) StdoutLine: {'line': b'-- Up-to-date: /home/subhalaxmi/nidar_ws/install/px4_msgs/include/px4_msgs/px4_msgs/msg/detail/estimator_aid_source1d__rosidl_typesupport_fastrtps_cpp.hpp\n'}
[16.085724] (px4_msgs) StdoutLine: {'line': b'-- Up-to-date: /home/subhalaxmi/nidar_ws/install/px4_msgs/include/px4_msgs/px4_msgs/msg/detail/orbit_status__rosidl_typesupport_fastrtps_cpp.hpp\n'}
[16.085951] (px4_msgs) StdoutLine: {'line': b'-- Up-to-date: /home/subhalaxmi/nidar_ws/install/px4_msgs/include/px4_msgs/px4_msgs/msg/detail/button_event__rosidl_typesupport_fastrtps_cpp.hpp\n'}
[16.086140] (px4_msgs) StdoutLine: {'line': b'-- Up-to-date: /home/subhalaxmi/nidar_ws/install/px4_msgs/include/px4_msgs/px4_msgs/msg/detail/power_button_state__rosidl_typesupport_fastrtps_cpp.hpp\n'}
[16.086309] (px4_msgs) StdoutLine: {'line': b'-- Up-to-date: /home/subhalaxmi/nidar_ws/install/px4_msgs/include/px4_msgs/px4_msgs/msg/detail/home_position__rosidl_typesupport_fastrtps_cpp.hpp\n'}
[16.086469] (px4_msgs) StdoutLine: {'line': b'-- Up-to-date: /home/subhalaxmi/nidar_ws/install/px4_msgs/include/px4_msgs/px4_msgs/msg/detail/iridiumsbd_status__rosidl_typesupport_fastrtps_cpp.hpp\n'}
[16.086631] (px4_msgs) StdoutLine: {'line': b'-- Up-to-date: /home/subhalaxmi/nidar_ws/install/px4_msgs/include/px4_msgs/px4_msgs/msg/detail/power_monitor__rosidl_typesupport_fastrtps_cpp.hpp\n'}
[16.089217] (px4_msgs) StdoutLine: {'line': b'-- Up-to-date: /home/subhalaxmi/nidar_ws/install/px4_msgs/include/px4_msgs/px4_msgs/msg/detail/autotune_attitude_control_status__rosidl_typesupport_fastrtps_cpp.hpp\n'}
[16.089595] (px4_msgs) StdoutLine: {'line': b'-- Up-to-date: /home/subhalaxmi/nidar_ws/install/px4_msgs/include/px4_msgs/px4_msgs/msg/detail/gimbal_controls__rosidl_typesupport_fastrtps_cpp.hpp\n'}
[16.089873] (px4_msgs) StdoutLine: {'line': b'-- Up-to-date: /home/subhalaxmi/nidar_ws/install/px4_msgs/include/px4_msgs/px4_msgs/msg/detail/sensor_correction__rosidl_typesupport_fastrtps_cpp.hpp\n'}
[16.090124] (px4_msgs) StdoutLine: {'line': b'-- Up-to-date: /home/subhalaxmi/nidar_ws/install/px4_msgs/include/px4_msgs/px4_msgs/msg/detail/position_setpoint__rosidl_typesupport_fastrtps_cpp.hpp\n'}
[16.090331] (px4_msgs) StdoutLine: {'line': b'-- Up-to-date: /home/subhalaxmi/nidar_ws/install/px4_msgs/include/px4_msgs/px4_msgs/msg/detail/goto_setpoint__rosidl_typesupport_fastrtps_cpp.hpp\n'}
[16.090531] (px4_msgs) StdoutLine: {'line': b'-- Up-to-date: /home/subhalaxmi/nidar_ws/install/px4_msgs/include/px4_msgs/px4_msgs/msg/detail/message_format_response__rosidl_typesupport_fastrtps_cpp.hpp\n'}
[16.090739] (px4_msgs) StdoutLine: {'line': b'-- Up-to-date: /home/subhalaxmi/nidar_ws/install/px4_msgs/include/px4_msgs/px4_msgs/msg/detail/system_power__rosidl_typesupport_fastrtps_cpp.hpp\n'}
[16.091081] (px4_msgs) StdoutLine: {'line': b'-- Up-to-date: /home/subhalaxmi/nidar_ws/install/px4_msgs/include/px4_msgs/px4_msgs/msg/detail/takeoff_status__rosidl_typesupport_fastrtps_cpp.hpp\n'}
[16.091292] (px4_msgs) StdoutLine: {'line': b'-- Up-to-date: /home/subhalaxmi/nidar_ws/install/px4_msgs/include/px4_msgs/px4_msgs/msg/detail/tiltrotor_extra_controls__rosidl_typesupport_fastrtps_cpp.hpp\n'}
[16.091546] (px4_msgs) StdoutLine: {'line': b'-- Up-to-date: /home/subhalaxmi/nidar_ws/install/px4_msgs/include/px4_msgs/px4_msgs/msg/detail/navigator_status__rosidl_typesupport_fastrtps_cpp.hpp\n'}
[16.091740] (px4_msgs) StdoutLine: {'line': b'-- Up-to-date: /home/subhalaxmi/nidar_ws/install/px4_msgs/include/px4_msgs/px4_msgs/msg/detail/estimator_bias3d__rosidl_typesupport_fastrtps_cpp.hpp\n'}
[16.091965] (px4_msgs) StdoutLine: {'line': b'-- Up-to-date: /home/subhalaxmi/nidar_ws/install/px4_msgs/include/px4_msgs/px4_msgs/msg/detail/input_rc__rosidl_typesupport_fastrtps_cpp.hpp\n'}
[16.092266] (px4_msgs) StdoutLine: {'line': b'-- Up-to-date: /home/subhalaxmi/nidar_ws/install/px4_msgs/include/px4_msgs/px4_msgs/msg/detail/actuator_controls_status__rosidl_typesupport_fastrtps_cpp.hpp\n'}
[16.092452] (px4_msgs) StdoutLine: {'line': b'-- Up-to-date: /home/subhalaxmi/nidar_ws/install/px4_msgs/include/px4_msgs/px4_msgs/msg/detail/vehicle_odometry__rosidl_typesupport_fastrtps_cpp.hpp\n'}
[16.092630] (px4_msgs) StdoutLine: {'line': b'-- Up-to-date: /home/subhalaxmi/nidar_ws/install/px4_msgs/include/px4_msgs/px4_msgs/msg/detail/gimbal_device_information__rosidl_typesupport_fastrtps_cpp.hpp\n'}
[16.092820] (px4_msgs) StdoutLine: {'line': b'-- Up-to-date: /home/subhalaxmi/nidar_ws/install/px4_msgs/include/px4_msgs/px4_msgs/msg/detail/fuel_tank_status__rosidl_typesupport_fastrtps_cpp.hpp\n'}
[16.093019] (px4_msgs) StdoutLine: {'line': b'-- Up-to-date: /home/subhalaxmi/nidar_ws/install/px4_msgs/include/px4_msgs/px4_msgs/msg/detail/arming_check_request__rosidl_typesupport_fastrtps_cpp.hpp\n'}
[16.093198] (px4_msgs) StdoutLine: {'line': b'-- Up-to-date: /home/subhalaxmi/nidar_ws/install/px4_msgs/include/px4_msgs/px4_msgs/msg/detail/airspeed_wind__rosidl_typesupport_fastrtps_cpp.hpp\n'}
[16.093376] (px4_msgs) StdoutLine: {'line': b'-- Up-to-date: /home/subhalaxmi/nidar_ws/install/px4_msgs/include/px4_msgs/px4_msgs/msg/detail/vehicle_attitude__rosidl_typesupport_fastrtps_cpp.hpp\n'}
[16.093552] (px4_msgs) StdoutLine: {'line': b'-- Up-to-date: /home/subhalaxmi/nidar_ws/install/px4_msgs/include/px4_msgs/px4_msgs/msg/detail/parameter_update__rosidl_typesupport_fastrtps_cpp.hpp\n'}
[16.093728] (px4_msgs) StdoutLine: {'line': b'-- Up-to-date: /home/subhalaxmi/nidar_ws/install/px4_msgs/include/px4_msgs/px4_msgs/msg/detail/position_controller_landing_status__rosidl_typesupport_fastrtps_cpp.hpp\n'}
[16.094125] (px4_msgs) StdoutLine: {'line': b'-- Up-to-date: /home/subhalaxmi/nidar_ws/install/px4_msgs/include/px4_msgs/px4_msgs/msg/detail/radio_status__rosidl_typesupport_fastrtps_cpp.hpp\n'}
[16.094344] (px4_msgs) StdoutLine: {'line': b'-- Up-to-date: /home/subhalaxmi/nidar_ws/install/px4_msgs/include/px4_msgs/px4_msgs/msg/detail/wheel_encoders__rosidl_typesupport_fastrtps_cpp.hpp\n'}
[16.094521] (px4_msgs) StdoutLine: {'line': b'-- Up-to-date: /home/subhalaxmi/nidar_ws/install/px4_msgs/include/px4_msgs/px4_msgs/msg/detail/parameter_reset_request__rosidl_typesupport_fastrtps_cpp.hpp\n'}
[16.094695] (px4_msgs) StdoutLine: {'line': b'-- Up-to-date: /home/subhalaxmi/nidar_ws/install/px4_msgs/include/px4_msgs/px4_msgs/msg/detail/gpio_config__rosidl_typesupport_fastrtps_cpp.hpp\n'}
[16.094896] (px4_msgs) StdoutLine: {'line': b'-- Up-to-date: /home/subhalaxmi/nidar_ws/install/px4_msgs/include/px4_msgs/px4_msgs/msg/detail/can_interface_status__rosidl_typesupport_fastrtps_cpp.hpp\n'}
[16.095076] (px4_msgs) StdoutLine: {'line': b'-- Up-to-date: /home/subhalaxmi/nidar_ws/install/px4_msgs/include/px4_msgs/px4_msgs/msg/detail/geofence_result__rosidl_typesupport_fastrtps_cpp.hpp\n'}
[16.095426] (px4_msgs) StdoutLine: {'line': b'-- Up-to-date: /home/subhalaxmi/nidar_ws/install/px4_msgs/include/px4_msgs/px4_msgs/msg/detail/vehicle_optical_flow_vel__rosidl_typesupport_fastrtps_cpp.hpp\n'}
[16.095617] (px4_msgs) StdoutLine: {'line': b'-- Up-to-date: /home/subhalaxmi/nidar_ws/install/px4_msgs/include/px4_msgs/px4_msgs/msg/detail/trajectory_setpoint__rosidl_typesupport_fastrtps_cpp.hpp\n'}
[16.095835] (px4_msgs) StdoutLine: {'line': b'-- Up-to-date: /home/subhalaxmi/nidar_ws/install/px4_msgs/include/px4_msgs/px4_msgs/msg/detail/rover_position_setpoint__rosidl_typesupport_fastrtps_cpp.hpp\n'}
[16.096062] (px4_msgs) StdoutLine: {'line': b'-- Up-to-date: /home/subhalaxmi/nidar_ws/install/px4_msgs/include/px4_msgs/px4_msgs/msg/detail/ulog_stream_ack__rosidl_typesupport_fastrtps_cpp.hpp\n'}
[16.096242] (px4_msgs) StdoutLine: {'line': b'-- Up-to-date: /home/subhalaxmi/nidar_ws/install/px4_msgs/include/px4_msgs/px4_msgs/msg/detail/hover_thrust_estimate__rosidl_typesupport_fastrtps_cpp.hpp\n'}
[16.096415] (px4_msgs) StdoutLine: {'line': b'-- Up-to-date: /home/subhalaxmi/nidar_ws/install/px4_msgs/include/px4_msgs/px4_msgs/msg/detail/rover_throttle_setpoint__rosidl_typesupport_fastrtps_cpp.hpp\n'}
[16.096584] (px4_msgs) StdoutLine: {'line': b'-- Up-to-date: /home/subhalaxmi/nidar_ws/install/px4_msgs/include/px4_msgs/px4_msgs/msg/detail/gimbal_manager_status__rosidl_typesupport_fastrtps_cpp.hpp\n'}
[16.096752] (px4_msgs) StdoutLine: {'line': b'-- Up-to-date: /home/subhalaxmi/nidar_ws/install/px4_msgs/include/px4_msgs/px4_msgs/msg/detail/parameter_set_value_request__rosidl_typesupport_fastrtps_cpp.hpp\n'}
[16.098185] (px4_msgs) StdoutLine: {'line': b'-- Up-to-date: /home/subhalaxmi/nidar_ws/install/px4_msgs/include/px4_msgs/px4_msgs/msg/detail/internal_combustion_engine_status__rosidl_typesupport_fastrtps_cpp.hpp\n'}
[16.098471] (px4_msgs) StdoutLine: {'line': b'-- Up-to-date: /home/subhalaxmi/nidar_ws/install/px4_msgs/include/px4_msgs/px4_msgs/msg/detail/sensor_gnss_status__rosidl_typesupport_fastrtps_cpp.hpp\n'}
[16.098681] (px4_msgs) StdoutLine: {'line': b'-- Up-to-date: /home/subhalaxmi/nidar_ws/install/px4_msgs/include/px4_msgs/px4_msgs/msg/detail/message_format_request__rosidl_typesupport_fastrtps_cpp.hpp\n'}
[16.098963] (px4_msgs) StdoutLine: {'line': b'-- Up-to-date: /home/subhalaxmi/nidar_ws/install/px4_msgs/include/px4_msgs/px4_msgs/msg/detail/camera_capture__rosidl_typesupport_fastrtps_cpp.hpp\n'}
[16.099389] (px4_msgs) StdoutLine: {'line': b'-- Up-to-date: /home/subhalaxmi/nidar_ws/install/px4_msgs/include/px4_msgs/px4_msgs/msg/detail/tune_control__rosidl_typesupport_fastrtps_cpp.hpp\n'}
[16.101234] (px4_msgs) StdoutLine: {'line': b'-- Up-to-date: /home/subhalaxmi/nidar_ws/install/px4_msgs/include/px4_msgs/px4_msgs/msg/detail/adc_report__rosidl_typesupport_fastrtps_cpp.hpp\n'}
[16.101456] (px4_msgs) StdoutLine: {'line': b'-- Up-to-date: /home/subhalaxmi/nidar_ws/install/px4_msgs/include/px4_msgs/px4_msgs/msg/detail/launch_detection_status__rosidl_typesupport_fastrtps_cpp.hpp\n'}
[16.101652] (px4_msgs) StdoutLine: {'line': b'-- Up-to-date: /home/subhalaxmi/nidar_ws/install/px4_msgs/include/px4_msgs/px4_msgs/msg/detail/satellite_info__rosidl_typesupport_fastrtps_cpp.hpp\n'}
[16.101876] (px4_msgs) StdoutLine: {'line': b'-- Up-to-date: /home/subhalaxmi/nidar_ws/install/px4_msgs/include/px4_msgs/px4_msgs/msg/detail/log_message__rosidl_typesupport_fastrtps_cpp.hpp\n'}
[16.102089] (px4_msgs) StdoutLine: {'line': b'-- Up-to-date: /home/subhalaxmi/nidar_ws/install/px4_msgs/include/px4_msgs/px4_msgs/msg/detail/mag_worker_data__rosidl_typesupport_fastrtps_cpp.hpp\n'}
[16.102273] (px4_msgs) StdoutLine: {'line': b'-- Up-to-date: /home/subhalaxmi/nidar_ws/install/px4_msgs/include/px4_msgs/px4_msgs/msg/detail/airspeed__rosidl_typesupport_fastrtps_cpp.hpp\n'}
[16.102581] (px4_msgs) StdoutLine: {'line': b'-- Up-to-date: /home/subhalaxmi/nidar_ws/install/px4_msgs/include/px4_msgs/px4_msgs/msg/detail/irlock_report__rosidl_typesupport_fastrtps_cpp.hpp\n'}
[16.102787] (px4_msgs) StdoutLine: {'line': b'-- Up-to-date: /home/subhalaxmi/nidar_ws/install/px4_msgs/include/px4_msgs/px4_msgs/msg/detail/px4io_status__rosidl_typesupport_fastrtps_cpp.hpp\n'}
[16.103019] (px4_msgs) StdoutLine: {'line': b'-- Up-to-date: /home/subhalaxmi/nidar_ws/install/px4_msgs/include/px4_msgs/px4_msgs/msg/detail/open_drone_id_system__rosidl_typesupport_fastrtps_cpp.hpp\n'}
[16.103244] (px4_msgs) StdoutLine: {'line': b'-- Up-to-date: /home/subhalaxmi/nidar_ws/install/px4_msgs/include/px4_msgs/px4_msgs/msg/detail/airspeed_validated__rosidl_typesupport_fastrtps_cpp.hpp\n'}
[16.103443] (px4_msgs) StdoutLine: {'line': b'-- Up-to-date: /home/subhalaxmi/nidar_ws/install/px4_msgs/include/px4_msgs/px4_msgs/msg/detail/velocity_limits__rosidl_typesupport_fastrtps_cpp.hpp\n'}
[16.103642] (px4_msgs) StdoutLine: {'line': b'-- Up-to-date: /home/subhalaxmi/nidar_ws/install/px4_msgs/include/px4_msgs/px4_msgs/msg/detail/actuator_armed__rosidl_typesupport_fastrtps_cpp.hpp\n'}
[16.104099] (px4_msgs) StdoutLine: {'line': b'-- Up-to-date: /home/subhalaxmi/nidar_ws/install/px4_msgs/include/px4_msgs/px4_msgs/msg/detail/control_allocator_status__rosidl_typesupport_fastrtps_cpp.hpp\n'}
[16.104304] (px4_msgs) StdoutLine: {'line': b'-- Up-to-date: /home/subhalaxmi/nidar_ws/install/px4_msgs/include/px4_msgs/px4_msgs/msg/detail/sensor_preflight_mag__rosidl_typesupport_fastrtps_cpp.hpp\n'}
[16.104502] (px4_msgs) StdoutLine: {'line': b'-- Up-to-date: /home/subhalaxmi/nidar_ws/install/px4_msgs/include/px4_msgs/px4_msgs/msg/detail/actuator_test__rosidl_typesupport_fastrtps_cpp.hpp\n'}
[16.104861] (px4_msgs) StdoutLine: {'line': b'-- Up-to-date: /home/subhalaxmi/nidar_ws/install/px4_msgs/include/px4_msgs/px4_msgs/msg/detail/estimator_gps_status__rosidl_typesupport_fastrtps_cpp.hpp\n'}
[16.105589] (px4_msgs) StdoutLine: {'line': b'-- Up-to-date: /home/subhalaxmi/nidar_ws/install/px4_msgs/include/px4_msgs/px4_msgs/msg/detail/debug_vect__rosidl_typesupport_fastrtps_cpp.hpp\n'}
[16.108315] (px4_msgs) StdoutLine: {'line': b'-- Up-to-date: /home/subhalaxmi/nidar_ws/install/px4_msgs/include/px4_msgs/px4_msgs/msg/detail/rover_steering_setpoint__rosidl_typesupport_fastrtps_cpp.hpp\n'}
[16.108693] (px4_msgs) StdoutLine: {'line': b'-- Up-to-date: /home/subhalaxmi/nidar_ws/install/px4_msgs/include/px4_msgs/px4_msgs/msg/detail/gpio_out__rosidl_typesupport_fastrtps_cpp.hpp\n'}
[16.109024] (px4_msgs) StdoutLine: {'line': b'-- Up-to-date: /home/subhalaxmi/nidar_ws/install/px4_msgs/include/px4_msgs/px4_msgs/msg/detail/gimbal_manager_set_attitude__rosidl_typesupport_fastrtps_cpp.hpp\n'}
[16.109223] (px4_msgs) StdoutLine: {'line': b'-- Up-to-date: /home/subhalaxmi/nidar_ws/install/px4_msgs/include/px4_msgs/px4_msgs/msg/detail/gpio_in__rosidl_typesupport_fastrtps_cpp.hpp\n'}
[16.109417] (px4_msgs) StdoutLine: {'line': b'-- Up-to-date: /home/subhalaxmi/nidar_ws/install/px4_msgs/include/px4_msgs/px4_msgs/msg/detail/landing_gear_wheel__rosidl_typesupport_fastrtps_cpp.hpp\n'}
[16.109604] (px4_msgs) StdoutLine: {'line': b'-- Up-to-date: /home/subhalaxmi/nidar_ws/install/px4_msgs/include/px4_msgs/px4_msgs/msg/detail/gimbal_device_attitude_status__rosidl_typesupport_fastrtps_cpp.hpp\n'}
[16.109791] (px4_msgs) StdoutLine: {'line': b'-- Up-to-date: /home/subhalaxmi/nidar_ws/install/px4_msgs/include/px4_msgs/px4_msgs/msg/detail/dataman_request__rosidl_typesupport_fastrtps_cpp.hpp\n'}
[16.110018] (px4_msgs) StdoutLine: {'line': b'-- Up-to-date: /home/subhalaxmi/nidar_ws/install/px4_msgs/include/px4_msgs/px4_msgs/msg/detail/follow_target_estimator__rosidl_typesupport_fastrtps_cpp.hpp\n'}
[16.110198] (px4_msgs) StdoutLine: {'line': b'-- Up-to-date: /home/subhalaxmi/nidar_ws/install/px4_msgs/include/px4_msgs/px4_msgs/msg/detail/actuator_servos__rosidl_typesupport_fastrtps_cpp.hpp\n'}
[16.110376] (px4_msgs) StdoutLine: {'line': b'-- Up-to-date: /home/subhalaxmi/nidar_ws/install/px4_msgs/include/px4_msgs/px4_msgs/msg/detail/health_report__rosidl_typesupport_fastrtps_cpp.hpp\n'}
[16.110556] (px4_msgs) StdoutLine: {'line': b'-- Up-to-date: /home/subhalaxmi/nidar_ws/install/px4_msgs/include/px4_msgs/px4_msgs/msg/detail/vehicle_global_position__rosidl_typesupport_fastrtps_cpp.hpp\n'}
[16.110740] (px4_msgs) StdoutLine: {'line': b'-- Up-to-date: /home/subhalaxmi/nidar_ws/install/px4_msgs/include/px4_msgs/px4_msgs/msg/detail/raptor_status__rosidl_typesupport_fastrtps_cpp.hpp\n'}
[16.110988] (px4_msgs) StdoutLine: {'line': b'-- Up-to-date: /home/subhalaxmi/nidar_ws/install/px4_msgs/include/px4_msgs/px4_msgs/msg/detail/register_ext_component_request__rosidl_typesupport_fastrtps_cpp.hpp\n'}
[16.111244] (px4_msgs) StdoutLine: {'line': b'-- Up-to-date: /home/subhalaxmi/nidar_ws/install/px4_msgs/include/px4_msgs/px4_msgs/msg/detail/sensor_gnss_relative__rosidl_typesupport_fastrtps_cpp.hpp\n'}
[16.111513] (px4_msgs) StdoutLine: {'line': b'-- Up-to-date: /home/subhalaxmi/nidar_ws/install/px4_msgs/include/px4_msgs/px4_msgs/msg/detail/parameter_set_used_request__rosidl_typesupport_fastrtps_cpp.hpp\n'}
[16.112018] (px4_msgs) StdoutLine: {'line': b'-- Up-to-date: /home/subhalaxmi/nidar_ws/install/px4_msgs/include/px4_msgs/px4_msgs/msg/detail/rover_attitude_status__rosidl_typesupport_fastrtps_cpp.hpp\n'}
[16.112613] (px4_msgs) StdoutLine: {'line': b'-- Up-to-date: /home/subhalaxmi/nidar_ws/install/px4_msgs/include/px4_msgs/px4_msgs/msg/detail/sensor_selection__rosidl_typesupport_fastrtps_cpp.hpp\n'}
[16.112891] (px4_msgs) StdoutLine: {'line': b'-- Up-to-date: /home/subhalaxmi/nidar_ws/install/px4_msgs/include/px4_msgs/px4_msgs/msg/detail/sensor_airflow__rosidl_typesupport_fastrtps_cpp.hpp\n'}
[16.113166] (px4_msgs) StdoutLine: {'line': b'-- Up-to-date: /home/subhalaxmi/nidar_ws/install/px4_msgs/include/px4_msgs/px4_msgs/msg/detail/landing_gear__rosidl_typesupport_fastrtps_cpp.hpp\n'}
[16.113390] (px4_msgs) StdoutLine: {'line': b'-- Up-to-date: /home/subhalaxmi/nidar_ws/install/px4_msgs/include/px4_msgs/px4_msgs/msg/detail/gimbal_manager_set_manual_control__rosidl_typesupport_fastrtps_cpp.hpp\n'}
[16.113643] (px4_msgs) StdoutLine: {'line': b'-- Up-to-date: /home/subhalaxmi/nidar_ws/install/px4_msgs/include/px4_msgs/px4_msgs/msg/detail/mission__rosidl_typesupport_fastrtps_cpp.hpp\n'}
[16.114454] (px4_msgs) StdoutLine: {'line': b'-- Up-to-date: /home/subhalaxmi/nidar_ws/install/px4_msgs/include/px4_msgs/px4_msgs/msg/detail/orb_test_medium__rosidl_typesupport_fastrtps_cpp.hpp\n'}
[16.118214] (px4_msgs) StdoutLine: {'line': b'-- Up-to-date: /home/subhalaxmi/nidar_ws/install/px4_msgs/include/px4_msgs/px4_msgs/msg/detail/estimator_sensor_bias__rosidl_typesupport_fastrtps_cpp.hpp\n'}
[16.118637] (px4_msgs) StdoutLine: {'line': b'-- Up-to-date: /home/subhalaxmi/nidar_ws/install/px4_msgs/include/px4_msgs/px4_msgs/msg/detail/sensor_uwb__rosidl_typesupport_fastrtps_cpp.hpp\n'}
[16.118921] (px4_msgs) StdoutLine: {'line': b'-- Up-to-date: /home/subhalaxmi/nidar_ws/install/px4_msgs/include/px4_msgs/px4_msgs/msg/detail/heater_status__rosidl_typesupport_fastrtps_cpp.hpp\n'}
[16.119245] (px4_msgs) StdoutLine: {'line': b'-- Up-to-date: /home/subhalaxmi/nidar_ws/install/px4_msgs/include/px4_msgs/px4_msgs/msg/detail/estimator_states__rosidl_typesupport_fastrtps_cpp.hpp\n'}
[16.119506] (px4_msgs) StdoutLine: {'line': b'-- Up-to-date: /home/subhalaxmi/nidar_ws/install/px4_msgs/include/px4_msgs/px4_msgs/msg/detail/sensor_optical_flow__rosidl_typesupport_fastrtps_cpp.hpp\n'}
[16.119970] (px4_msgs) StdoutLine: {'line': b'-- Up-to-date: /home/subhalaxmi/nidar_ws/install/px4_msgs/include/px4_msgs/px4_msgs/msg/detail/cellular_status__rosidl_typesupport_fastrtps_cpp.hpp\n'}
[16.120241] (px4_msgs) StdoutLine: {'line': b'-- Up-to-date: /home/subhalaxmi/nidar_ws/install/px4_msgs/include/px4_msgs/px4_msgs/msg/detail/rpm__rosidl_typesupport_fastrtps_cpp.hpp\n'}
[16.121292] (px4_msgs) StdoutLine: {'line': b'-- Up-to-date: /home/subhalaxmi/nidar_ws/install/px4_msgs/include/px4_msgs/px4_msgs/msg/detail/uavcan_parameter_request__rosidl_typesupport_fastrtps_cpp.hpp\n'}
[16.121783] (px4_msgs) StdoutLine: {'line': b'-- Up-to-date: /home/subhalaxmi/nidar_ws/install/px4_msgs/include/px4_msgs/px4_msgs/msg/detail/config_overrides__rosidl_typesupport_fastrtps_cpp.hpp\n'}
[16.122184] (px4_msgs) StdoutLine: {'line': b'-- Up-to-date: /home/subhalaxmi/nidar_ws/install/px4_msgs/include/px4_msgs/px4_msgs/msg/detail/vehicle_magnetometer__rosidl_typesupport_fastrtps_cpp.hpp\n'}
[16.122591] (px4_msgs) StdoutLine: {'line': b'-- Up-to-date: /home/subhalaxmi/nidar_ws/install/px4_msgs/include/px4_msgs/px4_msgs/msg/detail/raptor_input__rosidl_typesupport_fastrtps_cpp.hpp\n'}
[16.123257] (px4_msgs) StdoutLine: {'line': b'-- Up-to-date: /home/subhalaxmi/nidar_ws/install/px4_msgs/include/px4_msgs/px4_msgs/msg/detail/onboard_computer_status__rosidl_typesupport_fastrtps_cpp.hpp\n'}
[16.123609] (px4_msgs) StdoutLine: {'line': b'-- Up-to-date: /home/subhalaxmi/nidar_ws/install/px4_msgs/include/px4_msgs/px4_msgs/msg/detail/vehicle_air_data__rosidl_typesupport_fastrtps_cpp.hpp\n'}
[16.123792] (px4_msgs) StdoutLine: {'line': b'-- Up-to-date: /home/subhalaxmi/nidar_ws/install/px4_msgs/include/px4_msgs/px4_msgs/msg/detail/geofence_status__rosidl_typesupport_fastrtps_cpp.hpp\n'}
[16.124026] (px4_msgs) StdoutLine: {'line': b'-- Up-to-date: /home/subhalaxmi/nidar_ws/install/px4_msgs/include/px4_msgs/px4_msgs/msg/detail/landing_target_pose__rosidl_typesupport_fastrtps_cpp.hpp\n'}
[16.124314] (px4_msgs) StdoutLine: {'line': b'-- Up-to-date: /home/subhalaxmi/nidar_ws/install/px4_msgs/include/px4_msgs/px4_msgs/msg/detail/vehicle_land_detected__rosidl_typesupport_fastrtps_cpp.hpp\n'}
[16.124491] (px4_msgs) StdoutLine: {'line': b'-- Up-to-date: /home/subhalaxmi/nidar_ws/install/px4_msgs/include/px4_msgs/px4_msgs/msg/detail/uavcan_parameter_value__rosidl_typesupport_fastrtps_cpp.hpp\n'}
[16.124658] (px4_msgs) StdoutLine: {'line': b'-- Up-to-date: /home/subhalaxmi/nidar_ws/install/px4_msgs/include/px4_msgs/px4_msgs/msg/detail/magnetometer_bias_estimate__rosidl_typesupport_fastrtps_cpp.hpp\n'}
[16.124842] (px4_msgs) StdoutLine: {'line': b'-- Up-to-date: /home/subhalaxmi/nidar_ws/install/px4_msgs/include/px4_msgs/px4_msgs/msg/detail/vehicle_rates_setpoint__rosidl_typesupport_fastrtps_cpp.hpp\n'}
[16.125053] (px4_msgs) StdoutLine: {'line': b'-- Up-to-date: /home/subhalaxmi/nidar_ws/install/px4_msgs/include/px4_msgs/px4_msgs/msg/detail/esc_report__rosidl_typesupport_fastrtps_cpp.hpp\n'}
[16.125229] (px4_msgs) StdoutLine: {'line': b'-- Up-to-date: /home/subhalaxmi/nidar_ws/install/px4_msgs/include/px4_msgs/px4_msgs/msg/detail/obstacle_distance__rosidl_typesupport_fastrtps_cpp.hpp\n'}
[16.125397] (px4_msgs) StdoutLine: {'line': b'-- Up-to-date: /home/subhalaxmi/nidar_ws/install/px4_msgs/include/px4_msgs/px4_msgs/msg/detail/logger_status__rosidl_typesupport_fastrtps_cpp.hpp\n'}
[16.125568] (px4_msgs) StdoutLine: {'line': b'-- Up-to-date: /home/subhalaxmi/nidar_ws/install/px4_msgs/include/px4_msgs/px4_msgs/msg/detail/rover_speed_setpoint__rosidl_typesupport_fastrtps_cpp.hpp\n'}
[16.125901] (px4_msgs) StdoutLine: {'line': b'-- Up-to-date: /home/subhalaxmi/nidar_ws/install/px4_msgs/include/px4_msgs/px4_msgs/msg/detail/vehicle_roi__rosidl_typesupport_fastrtps_cpp.hpp\n'}
[16.126155] (px4_msgs) StdoutLine: {'line': b'-- Up-to-date: /home/subhalaxmi/nidar_ws/install/px4_msgs/include/px4_msgs/px4_msgs/msg/detail/sensors_status_imu__rosidl_typesupport_fastrtps_cpp.hpp\n'}
[16.126328] (px4_msgs) StdoutLine: {'line': b'-- Up-to-date: /home/subhalaxmi/nidar_ws/install/px4_msgs/include/px4_msgs/px4_msgs/msg/detail/qshell_req__rosidl_typesupport_fastrtps_cpp.hpp\n'}
[16.126497] (px4_msgs) StdoutLine: {'line': b'-- Up-to-date: /home/subhalaxmi/nidar_ws/install/px4_msgs/include/px4_msgs/px4_msgs/msg/detail/wind__rosidl_typesupport_fastrtps_cpp.hpp\n'}
[16.126664] (px4_msgs) StdoutLine: {'line': b'-- Up-to-date: /home/subhalaxmi/nidar_ws/install/px4_msgs/include/px4_msgs/px4_msgs/msg/detail/sensor_accel_fifo__rosidl_typesupport_fastrtps_cpp.hpp\n'}
[16.129925] (px4_msgs) StdoutLine: {'line': b'-- Up-to-date: /home/subhalaxmi/nidar_ws/install/px4_msgs/include/px4_msgs/px4_msgs/msg/detail/offboard_control_mode__rosidl_typesupport_fastrtps_cpp.hpp\n'}
[16.130306] (px4_msgs) StdoutLine: {'line': b'-- Up-to-date: /home/subhalaxmi/nidar_ws/install/px4_msgs/include/px4_msgs/px4_msgs/msg/rosidl_typesupport_fastrtps_cpp__visibility_control.h\n'}
[16.130491] (px4_msgs) StdoutLine: {'line': b'-- Up-to-date: /home/subhalaxmi/nidar_ws/install/px4_msgs/include/px4_msgs/px4_msgs/srv\n'}
[16.130666] (px4_msgs) StdoutLine: {'line': b'-- Up-to-date: /home/subhalaxmi/nidar_ws/install/px4_msgs/include/px4_msgs/px4_msgs/srv/detail\n'}
[16.131069] (px4_msgs) StdoutLine: {'line': b'-- Up-to-date: /home/subhalaxmi/nidar_ws/install/px4_msgs/include/px4_msgs/px4_msgs/srv/detail/dds_fastrtps\n'}
[16.131442] (px4_msgs) StdoutLine: {'line': b'-- Up-to-date: /home/subhalaxmi/nidar_ws/install/px4_msgs/include/px4_msgs/px4_msgs/srv/detail/vehicle_command__rosidl_typesupport_fastrtps_cpp.hpp\n'}
[16.131627] (px4_msgs) StdoutLine: {'line': b'-- Up-to-date: /home/subhalaxmi/nidar_ws/install/px4_msgs/lib/libpx4_msgs__rosidl_typesupport_fastrtps_cpp.so\n'}
[16.131797] (px4_msgs) StdoutLine: {'line': b'-- Up-to-date: /home/subhalaxmi/nidar_ws/install/px4_msgs/include/px4_msgs/px4_msgs\n'}
[16.132026] (px4_msgs) StdoutLine: {'line': b'-- Up-to-date: /home/subhalaxmi/nidar_ws/install/px4_msgs/include/px4_msgs/px4_msgs/msg\n'}
[16.132197] (px4_msgs) StdoutLine: {'line': b'-- Up-to-date: /home/subhalaxmi/nidar_ws/install/px4_msgs/include/px4_msgs/px4_msgs/msg/rosidl_typesupport_introspection_c__visibility_control.h\n'}
[16.132469] (px4_msgs) StdoutLine: {'line': b'-- Up-to-date: /home/subhalaxmi/nidar_ws/install/px4_msgs/include/px4_msgs/px4_msgs/msg/detail\n'}
[16.132643] (px4_msgs) StdoutLine: {'line': b'-- Up-to-date: /home/subhalaxmi/nidar_ws/install/px4_msgs/include/px4_msgs/px4_msgs/msg/detail/estimator_bias__type_support.c\n'}
[16.132826] (px4_msgs) StdoutLine: {'line': b'-- Up-to-date: /home/subhalaxmi/nidar_ws/install/px4_msgs/include/px4_msgs/px4_msgs/msg/detail/offboard_control_mode__rosidl_typesupport_introspection_c.h\n'}
[16.133014] (px4_msgs) StdoutLine: {'line': b'-- Up-to-date: /home/subhalaxmi/nidar_ws/install/px4_msgs/include/px4_msgs/px4_msgs/msg/detail/mount_orientation__type_support.c\n'}
[16.133184] (px4_msgs) StdoutLine: {'line': b'-- Up-to-date: /home/subhalaxmi/nidar_ws/install/px4_msgs/include/px4_msgs/px4_msgs/msg/detail/fixed_wing_longitudinal_setpoint__type_support.c\n'}
[16.133349] (px4_msgs) StdoutLine: {'line': b'-- Up-to-date: /home/subhalaxmi/nidar_ws/install/px4_msgs/include/px4_msgs/px4_msgs/msg/detail/vehicle_imu__rosidl_typesupport_introspection_c.h\n'}
[16.133517] (px4_msgs) StdoutLine: {'line': b'-- Up-to-date: /home/subhalaxmi/nidar_ws/install/px4_msgs/include/px4_msgs/px4_msgs/msg/detail/vehicle_rates_setpoint__type_support.c\n'}
[16.133686] (px4_msgs) StdoutLine: {'line': b'-- Up-to-date: /home/subhalaxmi/nidar_ws/install/px4_msgs/include/px4_msgs/px4_msgs/msg/detail/device_information__rosidl_typesupport_introspection_c.h\n'}
[16.133989] (px4_msgs) StdoutLine: {'line': b'-- Up-to-date: /home/subhalaxmi/nidar_ws/install/px4_msgs/include/px4_msgs/px4_msgs/msg/detail/sensor_airflow__rosidl_typesupport_introspection_c.h\n'}
[16.134252] (px4_msgs) StdoutLine: {'line': b'-- Up-to-date: /home/subhalaxmi/nidar_ws/install/px4_msgs/include/px4_msgs/px4_msgs/msg/detail/rover_rate_setpoint__type_support.c\n'}
[16.134428] (px4_msgs) StdoutLine: {'line': b'-- Up-to-date: /home/subhalaxmi/nidar_ws/install/px4_msgs/include/px4_msgs/px4_msgs/msg/detail/vehicle_local_position__type_support.c\n'}
[16.134598] (px4_msgs) StdoutLine: {'line': b'-- Up-to-date: /home/subhalaxmi/nidar_ws/install/px4_msgs/include/px4_msgs/px4_msgs/msg/detail/sensor_uwb__type_support.c\n'}
[16.134767] (px4_msgs) StdoutLine: {'line': b'-- Up-to-date: /home/subhalaxmi/nidar_ws/install/px4_msgs/include/px4_msgs/px4_msgs/msg/detail/sensor_gyro_fft__type_support.c\n'}
[16.134966] (px4_msgs) StdoutLine: {'line': b'-- Up-to-date: /home/subhalaxmi/nidar_ws/install/px4_msgs/include/px4_msgs/px4_msgs/msg/detail/internal_combustion_engine_control__rosidl_typesupport_introspection_c.h\n'}
[16.135138] (px4_msgs) StdoutLine: {'line': b'-- Up-to-date: /home/subhalaxmi/nidar_ws/install/px4_msgs/include/px4_msgs/px4_msgs/msg/detail/vehicle_imu_status__type_support.c\n'}
[16.135302] (px4_msgs) StdoutLine: {'line': b'-- Up-to-date: /home/subhalaxmi/nidar_ws/install/px4_msgs/include/px4_msgs/px4_msgs/msg/detail/sensor_correction__type_support.c\n'}
[16.135464] (px4_msgs) StdoutLine: {'line': b'-- Up-to-date: /home/subhalaxmi/nidar_ws/install/px4_msgs/include/px4_msgs/px4_msgs/msg/detail/sensor_gyro__type_support.c\n'}
[16.135647] (px4_msgs) StdoutLine: {'line': b'-- Up-to-date: /home/subhalaxmi/nidar_ws/install/px4_msgs/include/px4_msgs/px4_msgs/msg/detail/vehicle_optical_flow__type_support.c\n'}
[16.135827] (px4_msgs) StdoutLine: {'line': b'-- Up-to-date: /home/subhalaxmi/nidar_ws/install/px4_msgs/include/px4_msgs/px4_msgs/msg/detail/satellite_info__type_support.c\n'}
[16.136012] (px4_msgs) StdoutLine: {'line': b'-- Up-to-date: /home/subhalaxmi/nidar_ws/install/px4_msgs/include/px4_msgs/px4_msgs/msg/detail/manual_control_switches__rosidl_typesupport_introspection_c.h\n'}
[16.136176] (px4_msgs) StdoutLine: {'line': b'-- Up-to-date: /home/subhalaxmi/nidar_ws/install/px4_msgs/include/px4_msgs/px4_msgs/msg/detail/sensor_gyro_fft__rosidl_typesupport_introspection_c.h\n'}
[16.136339] (px4_msgs) StdoutLine: {'line': b'-- Up-to-date: /home/subhalaxmi/nidar_ws/install/px4_msgs/include/px4_msgs/px4_msgs/msg/detail/actuator_outputs__rosidl_typesupport_introspection_c.h\n'}
[16.136507] (px4_msgs) StdoutLine: {'line': b'-- Up-to-date: /home/subhalaxmi/nidar_ws/install/px4_msgs/include/px4_msgs/px4_msgs/msg/detail/vehicle_global_position__type_support.c\n'}
[16.136672] (px4_msgs) StdoutLine: {'line': b'-- Up-to-date: /home/subhalaxmi/nidar_ws/install/px4_msgs/include/px4_msgs/px4_msgs/msg/detail/orb_test__type_support.c\n'}
[16.136877] (px4_msgs) StdoutLine: {'line': b'-- Up-to-date: /home/subhalaxmi/nidar_ws/install/px4_msgs/include/px4_msgs/px4_msgs/msg/detail/sensor_gnss_relative__rosidl_typesupport_introspection_c.h\n'}
[16.137170] (px4_msgs) StdoutLine: {'line': b'-- Up-to-date: /home/subhalaxmi/nidar_ws/install/px4_msgs/include/px4_msgs/px4_msgs/msg/detail/gpio_out__type_support.c\n'}
[16.137370] (px4_msgs) StdoutLine: {'line': b'-- Up-to-date: /home/subhalaxmi/nidar_ws/install/px4_msgs/include/px4_msgs/px4_msgs/msg/detail/aux_global_position__rosidl_typesupport_introspection_c.h\n'}
[16.137537] (px4_msgs) StdoutLine: {'line': b'-- Up-to-date: /home/subhalaxmi/nidar_ws/install/px4_msgs/include/px4_msgs/px4_msgs/msg/detail/actuator_outputs__type_support.c\n'}
[16.137706] (px4_msgs) StdoutLine: {'line': b'-- Up-to-date: /home/subhalaxmi/nidar_ws/install/px4_msgs/include/px4_msgs/px4_msgs/msg/detail/estimator_aid_source1d__rosidl_typesupport_introspection_c.h\n'}
[16.138174] (px4_msgs) StdoutLine: {'line': b'-- Up-to-date: /home/subhalaxmi/nidar_ws/install/px4_msgs/include/px4_msgs/px4_msgs/msg/detail/gpio_config__type_support.c\n'}
[16.138382] (px4_msgs) StdoutLine: {'line': b'-- Up-to-date: /home/subhalaxmi/nidar_ws/install/px4_msgs/include/px4_msgs/px4_msgs/msg/detail/debug_value__rosidl_typesupport_introspection_c.h\n'}
[16.138559] (px4_msgs) StdoutLine: {'line': b'-- Up-to-date: /home/subhalaxmi/nidar_ws/install/px4_msgs/include/px4_msgs/px4_msgs/msg/detail/vehicle_local_position_setpoint__rosidl_typesupport_introspection_c.h\n'}
[16.138726] (px4_msgs) StdoutLine: {'line': b'-- Up-to-date: /home/subhalaxmi/nidar_ws/install/px4_msgs/include/px4_msgs/px4_msgs/msg/detail/differential_pressure__type_support.c\n'}
[16.138920] (px4_msgs) StdoutLine: {'line': b'-- Up-to-date: /home/subhalaxmi/nidar_ws/install/px4_msgs/include/px4_msgs/px4_msgs/msg/detail/estimator_selector_status__rosidl_typesupport_introspection_c.h\n'}
[16.139101] (px4_msgs) StdoutLine: {'line': b'-- Up-to-date: /home/subhalaxmi/nidar_ws/install/px4_msgs/include/px4_msgs/px4_msgs/msg/detail/gpio_config__rosidl_typesupport_introspection_c.h\n'}
[16.139271] (px4_msgs) StdoutLine: {'line': b'-- Up-to-date: /home/subhalaxmi/nidar_ws/install/px4_msgs/include/px4_msgs/px4_msgs/msg/detail/estimator_states__type_support.c\n'}
[16.139443] (px4_msgs) StdoutLine: {'line': b'-- Up-to-date: /home/subhalaxmi/nidar_ws/install/px4_msgs/include/px4_msgs/px4_msgs/msg/detail/estimator_gps_status__rosidl_typesupport_introspection_c.h\n'}
[16.142044] (px4_msgs) StdoutLine: {'line': b'-- Up-to-date: /home/subhalaxmi/nidar_ws/install/px4_msgs/include/px4_msgs/px4_msgs/msg/detail/gimbal_manager_set_attitude__rosidl_typesupport_introspection_c.h\n'}
[16.142327] (px4_msgs) StdoutLine: {'line': b'-- Up-to-date: /home/subhalaxmi/nidar_ws/install/px4_msgs/include/px4_msgs/px4_msgs/msg/detail/navigator_mission_item__rosidl_typesupport_introspection_c.h\n'}
[16.142643] (px4_msgs) StdoutLine: {'line': b'-- Up-to-date: /home/subhalaxmi/nidar_ws/install/px4_msgs/include/px4_msgs/px4_msgs/msg/detail/estimator_status_flags__type_support.c\n'}
[16.142860] (px4_msgs) StdoutLine: {'line': b'-- Up-to-date: /home/subhalaxmi/nidar_ws/install/px4_msgs/include/px4_msgs/px4_msgs/msg/detail/debug_array__rosidl_typesupport_introspection_c.h\n'}
[16.143079] (px4_msgs) StdoutLine: {'line': b'-- Up-to-date: /home/subhalaxmi/nidar_ws/install/px4_msgs/include/px4_msgs/px4_msgs/msg/detail/mavlink_tunnel__rosidl_typesupport_introspection_c.h\n'}
[16.143280] (px4_msgs) StdoutLine: {'line': b'-- Up-to-date: /home/subhalaxmi/nidar_ws/install/px4_msgs/include/px4_msgs/px4_msgs/msg/detail/parameter_reset_request__rosidl_typesupport_introspection_c.h\n'}
[16.143466] (px4_msgs) StdoutLine: {'line': b'-- Up-to-date: /home/subhalaxmi/nidar_ws/install/px4_msgs/include/px4_msgs/px4_msgs/msg/detail/iridiumsbd_status__rosidl_typesupport_introspection_c.h\n'}
[16.143636] (px4_msgs) StdoutLine: {'line': b'-- Up-to-date: /home/subhalaxmi/nidar_ws/install/px4_msgs/include/px4_msgs/px4_msgs/msg/detail/follow_target__rosidl_typesupport_introspection_c.h\n'}
[16.143871] (px4_msgs) StdoutLine: {'line': b'-- Up-to-date: /home/subhalaxmi/nidar_ws/install/px4_msgs/include/px4_msgs/px4_msgs/msg/detail/pwm_input__rosidl_typesupport_introspection_c.h\n'}
[16.144138] (px4_msgs) StdoutLine: {'line': b'-- Up-to-date: /home/subhalaxmi/nidar_ws/install/px4_msgs/include/px4_msgs/px4_msgs/msg/detail/estimator_sensor_bias__type_support.c\n'}
[16.144345] (px4_msgs) StdoutLine: {'line': b'-- Up-to-date: /home/subhalaxmi/nidar_ws/install/px4_msgs/include/px4_msgs/px4_msgs/msg/detail/irlock_report__type_support.c\n'}
[16.144512] (px4_msgs) StdoutLine: {'line': b'-- Up-to-date: /home/subhalaxmi/nidar_ws/install/px4_msgs/include/px4_msgs/px4_msgs/msg/detail/figure_eight_status__type_support.c\n'}
[16.144675] (px4_msgs) StdoutLine: {'line': b'-- Up-to-date: /home/subhalaxmi/nidar_ws/install/px4_msgs/include/px4_msgs/px4_msgs/msg/detail/follow_target_estimator__rosidl_typesupport_introspection_c.h\n'}
[16.144851] (px4_msgs) StdoutLine: {'line': b'-- Up-to-date: /home/subhalaxmi/nidar_ws/install/px4_msgs/include/px4_msgs/px4_msgs/msg/detail/system_power__rosidl_typesupport_introspection_c.h\n'}
[16.145040] (px4_msgs) StdoutLine: {'line': b'-- Up-to-date: /home/subhalaxmi/nidar_ws/install/px4_msgs/include/px4_msgs/px4_msgs/msg/detail/estimator_aid_source3d__rosidl_typesupport_introspection_c.h\n'}
[16.145212] (px4_msgs) StdoutLine: {'line': b'-- Up-to-date: /home/subhalaxmi/nidar_ws/install/px4_msgs/include/px4_msgs/px4_msgs/msg/detail/position_controller_landing_status__rosidl_typesupport_introspection_c.h\n'}
[16.145406] (px4_msgs) StdoutLine: {'line': b'-- Up-to-date: /home/subhalaxmi/nidar_ws/install/px4_msgs/include/px4_msgs/px4_msgs/msg/detail/led_control__type_support.c\n'}
[16.145684] (px4_msgs) StdoutLine: {'line': b'-- Up-to-date: /home/subhalaxmi/nidar_ws/install/px4_msgs/include/px4_msgs/px4_msgs/msg/detail/mode_completed__rosidl_typesupport_introspection_c.h\n'}
[16.145868] (px4_msgs) StdoutLine: {'line': b'-- Up-to-date: /home/subhalaxmi/nidar_ws/install/px4_msgs/include/px4_msgs/px4_msgs/msg/detail/obstacle_distance__rosidl_typesupport_introspection_c.h\n'}
[16.146043] (px4_msgs) StdoutLine: {'line': b'-- Up-to-date: /home/subhalaxmi/nidar_ws/install/px4_msgs/include/px4_msgs/px4_msgs/msg/detail/estimator_bias3d__type_support.c\n'}
[16.146201] (px4_msgs) StdoutLine: {'line': b'-- Up-to-date: /home/subhalaxmi/nidar_ws/install/px4_msgs/include/px4_msgs/px4_msgs/msg/detail/log_message__rosidl_typesupport_introspection_c.h\n'}
[16.146369] (px4_msgs) StdoutLine: {'line': b'-- Up-to-date: /home/subhalaxmi/nidar_ws/install/px4_msgs/include/px4_msgs/px4_msgs/msg/detail/heater_status__type_support.c\n'}
[16.146563] (px4_msgs) StdoutLine: {'line': b'-- Up-to-date: /home/subhalaxmi/nidar_ws/install/px4_msgs/include/px4_msgs/px4_msgs/msg/detail/magnetometer_bias_estimate__type_support.c\n'}
[16.146833] (px4_msgs) StdoutLine: {'line': b'-- Up-to-date: /home/subhalaxmi/nidar_ws/install/px4_msgs/include/px4_msgs/px4_msgs/msg/detail/parameter_reset_request__type_support.c\n'}
[16.147479] (px4_msgs) StdoutLine: {'line': b'-- Up-to-date: /home/subhalaxmi/nidar_ws/install/px4_msgs/include/px4_msgs/px4_msgs/msg/detail/camera_status__rosidl_typesupport_introspection_c.h\n'}
[16.147660] (-) TimerEvent: {}
[16.147882] (px4_msgs) StdoutLine: {'line': b'-- Up-to-date: /home/subhalaxmi/nidar_ws/install/px4_msgs/include/px4_msgs/px4_msgs/msg/detail/navigator_status__type_support.c\n'}
[16.148176] (px4_msgs) StdoutLine: {'line': b'-- Up-to-date: /home/subhalaxmi/nidar_ws/install/px4_msgs/include/px4_msgs/px4_msgs/msg/detail/position_controller_landing_status__type_support.c\n'}
[16.148436] (px4_msgs) StdoutLine: {'line': b'-- Up-to-date: /home/subhalaxmi/nidar_ws/install/px4_msgs/include/px4_msgs/px4_msgs/msg/detail/logger_status__rosidl_typesupport_introspection_c.h\n'}
[16.148637] (px4_msgs) StdoutLine: {'line': b'-- Up-to-date: /home/subhalaxmi/nidar_ws/install/px4_msgs/include/px4_msgs/px4_msgs/msg/detail/gain_compression__type_support.c\n'}
[16.148846] (px4_msgs) StdoutLine: {'line': b'-- Up-to-date: /home/subhalaxmi/nidar_ws/install/px4_msgs/include/px4_msgs/px4_msgs/msg/detail/button_event__rosidl_typesupport_introspection_c.h\n'}
[16.152175] (px4_msgs) StdoutLine: {'line': b'-- Up-to-date: /home/subhalaxmi/nidar_ws/install/px4_msgs/include/px4_msgs/px4_msgs/msg/detail/home_position__type_support.c\n'}
[16.152405] (px4_msgs) StdoutLine: {'line': b'-- Up-to-date: /home/subhalaxmi/nidar_ws/install/px4_msgs/include/px4_msgs/px4_msgs/msg/detail/arming_check_reply__rosidl_typesupport_introspection_c.h\n'}
[16.152683] (px4_msgs) StdoutLine: {'line': b'-- Up-to-date: /home/subhalaxmi/nidar_ws/install/px4_msgs/include/px4_msgs/px4_msgs/msg/detail/task_stack_info__type_support.c\n'}
[16.152879] (px4_msgs) StdoutLine: {'line': b'-- Up-to-date: /home/subhalaxmi/nidar_ws/install/px4_msgs/include/px4_msgs/px4_msgs/msg/detail/goto_setpoint__type_support.c\n'}
[16.153056] (px4_msgs) StdoutLine: {'line': b'-- Up-to-date: /home/subhalaxmi/nidar_ws/install/px4_msgs/include/px4_msgs/px4_msgs/msg/detail/message_format_request__rosidl_typesupport_introspection_c.h\n'}
[16.153425] (px4_msgs) StdoutLine: {'line': b'-- Up-to-date: /home/subhalaxmi/nidar_ws/install/px4_msgs/include/px4_msgs/px4_msgs/msg/detail/vehicle_angular_velocity__type_support.c\n'}
[16.153950] (px4_msgs) StdoutLine: {'line': b'-- Up-to-date: /home/subhalaxmi/nidar_ws/install/px4_msgs/include/px4_msgs/px4_msgs/msg/detail/raptor_input__rosidl_typesupport_introspection_c.h\n'}
[16.154220] (px4_msgs) StdoutLine: {'line': b'-- Up-to-date: /home/subhalaxmi/nidar_ws/install/px4_msgs/include/px4_msgs/px4_msgs/msg/detail/estimator_status__rosidl_typesupport_introspection_c.h\n'}
[16.159496] (px4_msgs) StdoutLine: {'line': b'-- Up-to-date: /home/subhalaxmi/nidar_ws/install/px4_msgs/include/px4_msgs/px4_msgs/msg/detail/manual_control_setpoint__rosidl_typesupport_introspection_c.h\n'}
[16.159889] (px4_msgs) StdoutLine: {'line': b'-- Up-to-date: /home/subhalaxmi/nidar_ws/install/px4_msgs/include/px4_msgs/px4_msgs/msg/detail/mavlink_log__rosidl_typesupport_introspection_c.h\n'}
[16.160412] (px4_msgs) StdoutLine: {'line': b'-- Up-to-date: /home/subhalaxmi/nidar_ws/install/px4_msgs/include/px4_msgs/px4_msgs/msg/detail/rtl_status__type_support.c\n'}
[16.160891] (px4_msgs) StdoutLine: {'line': b'-- Up-to-date: /home/subhalaxmi/nidar_ws/install/px4_msgs/include/px4_msgs/px4_msgs/msg/detail/follow_target_estimator__type_support.c\n'}
[16.164602] (px4_msgs) StdoutLine: {'line': b'-- Up-to-date: /home/subhalaxmi/nidar_ws/install/px4_msgs/include/px4_msgs/px4_msgs/msg/detail/vehicle_attitude_setpoint__rosidl_typesupport_introspection_c.h\n'}
[16.165338] (px4_msgs) StdoutLine: {'line': b'-- Up-to-date: /home/subhalaxmi/nidar_ws/install/px4_msgs/include/px4_msgs/px4_msgs/msg/detail/fixed_wing_lateral_setpoint__type_support.c\n'}
[16.165683] (px4_msgs) StdoutLine: {'line': b'-- Up-to-date: /home/subhalaxmi/nidar_ws/install/px4_msgs/include/px4_msgs/px4_msgs/msg/detail/sensor_gyro_fifo__rosidl_typesupport_introspection_c.h\n'}
[16.168281] (px4_msgs) StdoutLine: {'line': b'-- Up-to-date: /home/subhalaxmi/nidar_ws/install/px4_msgs/include/px4_msgs/px4_msgs/msg/detail/sensor_combined__type_support.c\n'}
[16.168582] (px4_msgs) StdoutLine: {'line': b'-- Up-to-date: /home/subhalaxmi/nidar_ws/install/px4_msgs/include/px4_msgs/px4_msgs/msg/detail/vtx__rosidl_typesupport_introspection_c.h\n'}
[16.170255] (px4_msgs) StdoutLine: {'line': b'-- Up-to-date: /home/subhalaxmi/nidar_ws/install/px4_msgs/include/px4_msgs/px4_msgs/msg/detail/sensor_preflight_mag__rosidl_typesupport_introspection_c.h\n'}
[16.170648] (px4_msgs) StdoutLine: {'line': b'-- Up-to-date: /home/subhalaxmi/nidar_ws/install/px4_msgs/include/px4_msgs/px4_msgs/msg/detail/mode_completed__type_support.c\n'}
[16.170870] (px4_msgs) StdoutLine: {'line': b'-- Up-to-date: /home/subhalaxmi/nidar_ws/install/px4_msgs/include/px4_msgs/px4_msgs/msg/detail/sensor_optical_flow__type_support.c\n'}
[16.172262] (px4_msgs) StdoutLine: {'line': b'-- Up-to-date: /home/subhalaxmi/nidar_ws/install/px4_msgs/include/px4_msgs/px4_msgs/msg/detail/gripper__rosidl_typesupport_introspection_c.h\n'}
[16.172943] (px4_msgs) StdoutLine: {'line': b'-- Up-to-date: /home/subhalaxmi/nidar_ws/install/px4_msgs/include/px4_msgs/px4_msgs/msg/detail/figure_eight_status__rosidl_typesupport_introspection_c.h\n'}
[16.173184] (px4_msgs) StdoutLine: {'line': b'-- Up-to-date: /home/subhalaxmi/nidar_ws/install/px4_msgs/include/px4_msgs/px4_msgs/msg/detail/sensor_airflow__type_support.c\n'}
[16.173384] (px4_msgs) StdoutLine: {'line': b'-- Up-to-date: /home/subhalaxmi/nidar_ws/install/px4_msgs/include/px4_msgs/px4_msgs/msg/detail/tune_control__rosidl_typesupport_introspection_c.h\n'}
[16.176266] (px4_msgs) StdoutLine: {'line': b'-- Up-to-date: /home/subhalaxmi/nidar_ws/install/px4_msgs/include/px4_msgs/px4_msgs/msg/detail/fixed_wing_lateral_guidance_status__rosidl_typesupport_introspection_c.h\n'}
[16.176621] (px4_msgs) StdoutLine: {'line': b'-- Up-to-date: /home/subhalaxmi/nidar_ws/install/px4_msgs/include/px4_msgs/px4_msgs/msg/detail/position_setpoint_triplet__rosidl_typesupport_introspection_c.h\n'}
[16.176851] (px4_msgs) StdoutLine: {'line': b'-- Up-to-date: /home/subhalaxmi/nidar_ws/install/px4_msgs/include/px4_msgs/px4_msgs/msg/detail/estimator_innovations__type_support.c\n'}
[16.177085] (px4_msgs) StdoutLine: {'line': b'-- Up-to-date: /home/subhalaxmi/nidar_ws/install/px4_msgs/include/px4_msgs/px4_msgs/msg/detail/rc_parameter_map__rosidl_typesupport_introspection_c.h\n'}
[16.177296] (px4_msgs) StdoutLine: {'line': b'-- Up-to-date: /home/subhalaxmi/nidar_ws/install/px4_msgs/include/px4_msgs/px4_msgs/msg/detail/vtx__type_support.c\n'}
[16.177476] (px4_msgs) StdoutLine: {'line': b'-- Up-to-date: /home/subhalaxmi/nidar_ws/install/px4_msgs/include/px4_msgs/px4_msgs/msg/detail/parameter_set_value_request__type_support.c\n'}
[16.177645] (px4_msgs) StdoutLine: {'line': b'-- Up-to-date: /home/subhalaxmi/nidar_ws/install/px4_msgs/include/px4_msgs/px4_msgs/msg/detail/control_allocator_status__rosidl_typesupport_introspection_c.h\n'}
[16.183534] (px4_msgs) StdoutLine: {'line': b'-- Up-to-date: /home/subhalaxmi/nidar_ws/install/px4_msgs/include/px4_msgs/px4_msgs/msg/detail/actuator_armed__type_support.c\n'}
[16.184018] (px4_msgs) StdoutLine: {'line': b'-- Up-to-date: /home/subhalaxmi/nidar_ws/install/px4_msgs/include/px4_msgs/px4_msgs/msg/detail/heater_status__rosidl_typesupport_introspection_c.h\n'}
[16.184254] (px4_msgs) StdoutLine: {'line': b'-- Up-to-date: /home/subhalaxmi/nidar_ws/install/px4_msgs/include/px4_msgs/px4_msgs/msg/detail/gain_compression__rosidl_typesupport_introspection_c.h\n'}
[16.184508] (px4_msgs) StdoutLine: {'line': b'-- Up-to-date: /home/subhalaxmi/nidar_ws/install/px4_msgs/include/px4_msgs/px4_msgs/msg/detail/arming_check_reply__type_support.c\n'}
[16.185022] (px4_msgs) StdoutLine: {'line': b'-- Up-to-date: /home/subhalaxmi/nidar_ws/install/px4_msgs/include/px4_msgs/px4_msgs/msg/detail/rover_attitude_setpoint__rosidl_typesupport_introspection_c.h\n'}
[16.185216] (px4_msgs) StdoutLine: {'line': b'-- Up-to-date: /home/subhalaxmi/nidar_ws/install/px4_msgs/include/px4_msgs/px4_msgs/msg/detail/vehicle_control_mode__type_support.c\n'}
[16.185398] (px4_msgs) StdoutLine: {'line': b'-- Up-to-date: /home/subhalaxmi/nidar_ws/install/px4_msgs/include/px4_msgs/px4_msgs/msg/detail/autotune_attitude_control_status__rosidl_typesupport_introspection_c.h\n'}
[16.185571] (px4_msgs) StdoutLine: {'line': b'-- Up-to-date: /home/subhalaxmi/nidar_ws/install/px4_msgs/include/px4_msgs/px4_msgs/msg/detail/gimbal_manager_set_manual_control__rosidl_typesupport_introspection_c.h\n'}
[16.185742] (px4_msgs) StdoutLine: {'line': b'-- Up-to-date: /home/subhalaxmi/nidar_ws/install/px4_msgs/include/px4_msgs/px4_msgs/msg/detail/uavcan_parameter_value__type_support.c\n'}
[16.186980] (px4_msgs) StdoutLine: {'line': b'-- Up-to-date: /home/subhalaxmi/nidar_ws/install/px4_msgs/include/px4_msgs/px4_msgs/msg/detail/velocity_limits__rosidl_typesupport_introspection_c.h\n'}
[16.187215] (px4_msgs) StdoutLine: {'line': b'-- Up-to-date: /home/subhalaxmi/nidar_ws/install/px4_msgs/include/px4_msgs/px4_msgs/msg/detail/estimator_innovations__rosidl_typesupport_introspection_c.h\n'}
[16.187402] (px4_msgs) StdoutLine: {'line': b'-- Up-to-date: /home/subhalaxmi/nidar_ws/install/px4_msgs/include/px4_msgs/px4_msgs/msg/detail/rover_steering_setpoint__rosidl_typesupport_introspection_c.h\n'}
[16.187592] (px4_msgs) StdoutLine: {'line': b'-- Up-to-date: /home/subhalaxmi/nidar_ws/install/px4_msgs/include/px4_msgs/px4_msgs/msg/detail/longitudinal_control_configuration__type_support.c\n'}
[16.187772] (px4_msgs) StdoutLine: {'line': b'-- Up-to-date: /home/subhalaxmi/nidar_ws/install/px4_msgs/include/px4_msgs/px4_msgs/msg/detail/rc_parameter_map__type_support.c\n'}
[16.188039] (px4_msgs) StdoutLine: {'line': b'-- Up-to-date: /home/subhalaxmi/nidar_ws/install/px4_msgs/include/px4_msgs/px4_msgs/msg/detail/orb_test__rosidl_typesupport_introspection_c.h\n'}
[16.188234] (px4_msgs) StdoutLine: {'line': b'-- Up-to-date: /home/subhalaxmi/nidar_ws/install/px4_msgs/include/px4_msgs/px4_msgs/msg/detail/action_request__rosidl_typesupport_introspection_c.h\n'}
[16.188412] (px4_msgs) StdoutLine: {'line': b'-- Up-to-date: /home/subhalaxmi/nidar_ws/install/px4_msgs/include/px4_msgs/px4_msgs/msg/detail/parameter_set_used_request__type_support.c\n'}
[16.188591] (px4_msgs) StdoutLine: {'line': b'-- Up-to-date: /home/subhalaxmi/nidar_ws/install/px4_msgs/include/px4_msgs/px4_msgs/msg/detail/sensor_gnss_relative__type_support.c\n'}
[16.188773] (px4_msgs) StdoutLine: {'line': b'-- Up-to-date: /home/subhalaxmi/nidar_ws/install/px4_msgs/include/px4_msgs/px4_msgs/msg/detail/estimator_status_flags__rosidl_typesupport_introspection_c.h\n'}
[16.189136] (px4_msgs) StdoutLine: {'line': b'-- Up-to-date: /home/subhalaxmi/nidar_ws/install/px4_msgs/include/px4_msgs/px4_msgs/msg/detail/gimbal_device_information__rosidl_typesupport_introspection_c.h\n'}
[16.189338] (px4_msgs) StdoutLine: {'line': b'-- Up-to-date: /home/subhalaxmi/nidar_ws/install/px4_msgs/include/px4_msgs/px4_msgs/msg/detail/radio_status__type_support.c\n'}
[16.189511] (px4_msgs) StdoutLine: {'line': b'-- Up-to-date: /home/subhalaxmi/nidar_ws/install/px4_msgs/include/px4_msgs/px4_msgs/msg/detail/adc_report__type_support.c\n'}
[16.189675] (px4_msgs) StdoutLine: {'line': b'-- Up-to-date: /home/subhalaxmi/nidar_ws/install/px4_msgs/include/px4_msgs/px4_msgs/msg/detail/cpuload__rosidl_typesupport_introspection_c.h\n'}
[16.189896] (px4_msgs) StdoutLine: {'line': b'-- Up-to-date: /home/subhalaxmi/nidar_ws/install/px4_msgs/include/px4_msgs/px4_msgs/msg/detail/distance_sensor__type_support.c\n'}
[16.190164] (px4_msgs) StdoutLine: {'line': b'-- Up-to-date: /home/subhalaxmi/nidar_ws/install/px4_msgs/include/px4_msgs/px4_msgs/msg/detail/open_drone_id_arm_status__rosidl_typesupport_introspection_c.h\n'}
[16.190364] (px4_msgs) StdoutLine: {'line': b'-- Up-to-date: /home/subhalaxmi/nidar_ws/install/px4_msgs/include/px4_msgs/px4_msgs/msg/detail/orb_test_large__type_support.c\n'}
[16.190546] (px4_msgs) StdoutLine: {'line': b'-- Up-to-date: /home/subhalaxmi/nidar_ws/install/px4_msgs/include/px4_msgs/px4_msgs/msg/detail/landing_gear_wheel__rosidl_typesupport_introspection_c.h\n'}
[16.190716] (px4_msgs) StdoutLine: {'line': b'-- Up-to-date: /home/subhalaxmi/nidar_ws/install/px4_msgs/include/px4_msgs/px4_msgs/msg/detail/vehicle_angular_acceleration_setpoint__type_support.c\n'}
[16.190926] (px4_msgs) StdoutLine: {'line': b'-- Up-to-date: /home/subhalaxmi/nidar_ws/install/px4_msgs/include/px4_msgs/px4_msgs/msg/detail/control_allocator_status__type_support.c\n'}
[16.191106] (px4_msgs) StdoutLine: {'line': b'-- Up-to-date: /home/subhalaxmi/nidar_ws/install/px4_msgs/include/px4_msgs/px4_msgs/msg/detail/parameter_update__type_support.c\n'}
[16.191272] (px4_msgs) StdoutLine: {'line': b'-- Up-to-date: /home/subhalaxmi/nidar_ws/install/px4_msgs/include/px4_msgs/px4_msgs/msg/detail/fixed_wing_runway_control__rosidl_typesupport_introspection_c.h\n'}
[16.191448] (px4_msgs) StdoutLine: {'line': b'-- Up-to-date: /home/subhalaxmi/nidar_ws/install/px4_msgs/include/px4_msgs/px4_msgs/msg/detail/collision_constraints__type_support.c\n'}
[16.191862] (px4_msgs) StdoutLine: {'line': b'-- Up-to-date: /home/subhalaxmi/nidar_ws/install/px4_msgs/include/px4_msgs/px4_msgs/msg/detail/camera_capture__type_support.c\n'}
[16.192086] (px4_msgs) StdoutLine: {'line': b'-- Up-to-date: /home/subhalaxmi/nidar_ws/install/px4_msgs/include/px4_msgs/px4_msgs/msg/detail/rover_rate_setpoint__rosidl_typesupport_introspection_c.h\n'}
[16.192267] (px4_msgs) StdoutLine: {'line': b'-- Up-to-date: /home/subhalaxmi/nidar_ws/install/px4_msgs/include/px4_msgs/px4_msgs/msg/detail/pps_capture__rosidl_typesupport_introspection_c.h\n'}
[16.192436] (px4_msgs) StdoutLine: {'line': b'-- Up-to-date: /home/subhalaxmi/nidar_ws/install/px4_msgs/include/px4_msgs/px4_msgs/msg/detail/orbit_status__type_support.c\n'}
[16.192601] (px4_msgs) StdoutLine: {'line': b'-- Up-to-date: /home/subhalaxmi/nidar_ws/install/px4_msgs/include/px4_msgs/px4_msgs/msg/detail/camera_capture__rosidl_typesupport_introspection_c.h\n'}
[16.192794] (px4_msgs) StdoutLine: {'line': b'-- Up-to-date: /home/subhalaxmi/nidar_ws/install/px4_msgs/include/px4_msgs/px4_msgs/msg/detail/battery_status__rosidl_typesupport_introspection_c.h\n'}
[16.193074] (px4_msgs) StdoutLine: {'line': b'-- Up-to-date: /home/subhalaxmi/nidar_ws/install/px4_msgs/include/px4_msgs/px4_msgs/msg/detail/radio_status__rosidl_typesupport_introspection_c.h\n'}
[16.193244] (px4_msgs) StdoutLine: {'line': b'-- Up-to-date: /home/subhalaxmi/nidar_ws/install/px4_msgs/include/px4_msgs/px4_msgs/msg/detail/health_report__type_support.c\n'}
[16.193409] (px4_msgs) StdoutLine: {'line': b'-- Up-to-date: /home/subhalaxmi/nidar_ws/install/px4_msgs/include/px4_msgs/px4_msgs/msg/detail/esc_report__rosidl_typesupport_introspection_c.h\n'}
[16.193571] (px4_msgs) StdoutLine: {'line': b'-- Up-to-date: /home/subhalaxmi/nidar_ws/install/px4_msgs/include/px4_msgs/px4_msgs/msg/detail/airspeed_wind__rosidl_typesupport_introspection_c.h\n'}
[16.193730] (px4_msgs) StdoutLine: {'line': b'-- Up-to-date: /home/subhalaxmi/nidar_ws/install/px4_msgs/include/px4_msgs/px4_msgs/msg/detail/ulog_stream__rosidl_typesupport_introspection_c.h\n'}
[16.194993] (px4_msgs) StdoutLine: {'line': b'-- Up-to-date: /home/subhalaxmi/nidar_ws/install/px4_msgs/include/px4_msgs/px4_msgs/msg/detail/raptor_status__type_support.c\n'}
[16.195212] (px4_msgs) StdoutLine: {'line': b'-- Up-to-date: /home/subhalaxmi/nidar_ws/install/px4_msgs/include/px4_msgs/px4_msgs/msg/detail/vehicle_magnetometer__rosidl_typesupport_introspection_c.h\n'}
[16.195408] (px4_msgs) StdoutLine: {'line': b'-- Up-to-date: /home/subhalaxmi/nidar_ws/install/px4_msgs/include/px4_msgs/px4_msgs/msg/detail/rtl_time_estimate__type_support.c\n'}
[16.195592] (px4_msgs) StdoutLine: {'line': b'-- Up-to-date: /home/subhalaxmi/nidar_ws/install/px4_msgs/include/px4_msgs/px4_msgs/msg/detail/vehicle_roi__rosidl_typesupport_introspection_c.h\n'}
[16.195777] (px4_msgs) StdoutLine: {'line': b'-- Up-to-date: /home/subhalaxmi/nidar_ws/install/px4_msgs/include/px4_msgs/px4_msgs/msg/detail/launch_detection_status__type_support.c\n'}
[16.195985] (px4_msgs) StdoutLine: {'line': b'-- Up-to-date: /home/subhalaxmi/nidar_ws/install/px4_msgs/include/px4_msgs/px4_msgs/msg/detail/vtol_vehicle_status__type_support.c\n'}
[16.196262] (px4_msgs) StdoutLine: {'line': b'-- Up-to-date: /home/subhalaxmi/nidar_ws/install/px4_msgs/include/px4_msgs/px4_msgs/msg/detail/mission__rosidl_typesupport_introspection_c.h\n'}
[16.196437] (px4_msgs) StdoutLine: {'line': b'-- Up-to-date: /home/subhalaxmi/nidar_ws/install/px4_msgs/include/px4_msgs/px4_msgs/msg/detail/takeoff_status__rosidl_typesupport_introspection_c.h\n'}
[16.196603] (px4_msgs) StdoutLine: {'line': b'-- Up-to-date: /home/subhalaxmi/nidar_ws/install/px4_msgs/include/px4_msgs/px4_msgs/msg/detail/mavlink_tunnel__type_support.c\n'}
[16.196772] (px4_msgs) StdoutLine: {'line': b'-- Up-to-date: /home/subhalaxmi/nidar_ws/install/px4_msgs/include/px4_msgs/px4_msgs/msg/detail/estimator_bias__rosidl_typesupport_introspection_c.h\n'}
[16.197815] (px4_msgs) StdoutLine: {'line': b'-- Up-to-date: /home/subhalaxmi/nidar_ws/install/px4_msgs/include/px4_msgs/px4_msgs/msg/detail/position_setpoint__rosidl_typesupport_introspection_c.h\n'}
[16.198063] (px4_msgs) StdoutLine: {'line': b'-- Up-to-date: /home/subhalaxmi/nidar_ws/install/px4_msgs/include/px4_msgs/px4_msgs/msg/detail/sensor_accel__type_support.c\n'}
[16.198283] (px4_msgs) StdoutLine: {'line': b'-- Up-to-date: /home/subhalaxmi/nidar_ws/install/px4_msgs/include/px4_msgs/px4_msgs/msg/detail/vehicle_local_position_setpoint__type_support.c\n'}
[16.198550] (px4_msgs) StdoutLine: {'line': b'-- Up-to-date: /home/subhalaxmi/nidar_ws/install/px4_msgs/include/px4_msgs/px4_msgs/msg/detail/battery_status__type_support.c\n'}
[16.198904] (px4_msgs) StdoutLine: {'line': b'-- Up-to-date: /home/subhalaxmi/nidar_ws/install/px4_msgs/include/px4_msgs/px4_msgs/msg/detail/mag_worker_data__type_support.c\n'}
[16.199210] (px4_msgs) StdoutLine: {'line': b'-- Up-to-date: /home/subhalaxmi/nidar_ws/install/px4_msgs/include/px4_msgs/px4_msgs/msg/detail/gimbal_manager_information__type_support.c\n'}
[16.199598] (px4_msgs) StdoutLine: {'line': b'-- Up-to-date: /home/subhalaxmi/nidar_ws/install/px4_msgs/include/px4_msgs/px4_msgs/msg/detail/telemetry_status__rosidl_typesupport_introspection_c.h\n'}
[16.200742] (px4_msgs) StdoutLine: {'line': b'-- Up-to-date: /home/subhalaxmi/nidar_ws/install/px4_msgs/include/px4_msgs/px4_msgs/msg/detail/mission_result__type_support.c\n'}
[16.201019] (px4_msgs) StdoutLine: {'line': b'-- Up-to-date: /home/subhalaxmi/nidar_ws/install/px4_msgs/include/px4_msgs/px4_msgs/msg/detail/follow_target__type_support.c\n'}
[16.201205] (px4_msgs) StdoutLine: {'line': b'-- Up-to-date: /home/subhalaxmi/nidar_ws/install/px4_msgs/include/px4_msgs/px4_msgs/msg/detail/actuator_test__rosidl_typesupport_introspection_c.h\n'}
[16.201376] (px4_msgs) StdoutLine: {'line': b'-- Up-to-date: /home/subhalaxmi/nidar_ws/install/px4_msgs/include/px4_msgs/px4_msgs/msg/detail/message_format_request__type_support.c\n'}
[16.201537] (px4_msgs) StdoutLine: {'line': b'-- Up-to-date: /home/subhalaxmi/nidar_ws/install/px4_msgs/include/px4_msgs/px4_msgs/msg/detail/rover_throttle_setpoint__rosidl_typesupport_introspection_c.h\n'}
[16.202640] (px4_msgs) StdoutLine: {'line': b'-- Up-to-date: /home/subhalaxmi/nidar_ws/install/px4_msgs/include/px4_msgs/px4_msgs/msg/detail/power_button_state__type_support.c\n'}
[16.202902] (px4_msgs) StdoutLine: {'line': b'-- Up-to-date: /home/subhalaxmi/nidar_ws/install/px4_msgs/include/px4_msgs/px4_msgs/msg/detail/failure_detector_status__type_support.c\n'}
[16.203100] (px4_msgs) StdoutLine: {'line': b'-- Up-to-date: /home/subhalaxmi/nidar_ws/install/px4_msgs/include/px4_msgs/px4_msgs/msg/detail/raptor_input__type_support.c\n'}
[16.203282] (px4_msgs) StdoutLine: {'line': b'-- Up-to-date: /home/subhalaxmi/nidar_ws/install/px4_msgs/include/px4_msgs/px4_msgs/msg/detail/open_drone_id_operator_id__rosidl_typesupport_introspection_c.h\n'}
[16.203482] (px4_msgs) StdoutLine: {'line': b'-- Up-to-date: /home/subhalaxmi/nidar_ws/install/px4_msgs/include/px4_msgs/px4_msgs/msg/detail/estimator_event_flags__rosidl_typesupport_introspection_c.h\n'}
[16.203663] (px4_msgs) StdoutLine: {'line': b'-- Up-to-date: /home/subhalaxmi/nidar_ws/install/px4_msgs/include/px4_msgs/px4_msgs/msg/detail/rover_attitude_status__rosidl_typesupport_introspection_c.h\n'}
[16.205025] (px4_msgs) StdoutLine: {'line': b'-- Up-to-date: /home/subhalaxmi/nidar_ws/install/px4_msgs/include/px4_msgs/px4_msgs/msg/detail/trajectory_setpoint__type_support.c\n'}
[16.205413] (px4_msgs) StdoutLine: {'line': b'-- Up-to-date: /home/subhalaxmi/nidar_ws/install/px4_msgs/include/px4_msgs/px4_msgs/msg/detail/landing_target_pose__type_support.c\n'}
[16.205644] (px4_msgs) StdoutLine: {'line': b'-- Up-to-date: /home/subhalaxmi/nidar_ws/install/px4_msgs/include/px4_msgs/px4_msgs/msg/detail/rpm__type_support.c\n'}
[16.205868] (px4_msgs) StdoutLine: {'line': b'-- Up-to-date: /home/subhalaxmi/nidar_ws/install/px4_msgs/include/px4_msgs/px4_msgs/msg/detail/distance_sensor__rosidl_typesupport_introspection_c.h\n'}
[16.206105] (px4_msgs) StdoutLine: {'line': b'-- Up-to-date: /home/subhalaxmi/nidar_ws/install/px4_msgs/include/px4_msgs/px4_msgs/msg/detail/sensor_mag__type_support.c\n'}
[16.206306] (px4_msgs) StdoutLine: {'line': b'-- Up-to-date: /home/subhalaxmi/nidar_ws/install/px4_msgs/include/px4_msgs/px4_msgs/msg/detail/gpio_out__rosidl_typesupport_introspection_c.h\n'}
[16.206495] (px4_msgs) StdoutLine: {'line': b'-- Up-to-date: /home/subhalaxmi/nidar_ws/install/px4_msgs/include/px4_msgs/px4_msgs/msg/detail/sensor_preflight_mag__type_support.c\n'}
[16.206685] (px4_msgs) StdoutLine: {'line': b'-- Up-to-date: /home/subhalaxmi/nidar_ws/install/px4_msgs/include/px4_msgs/px4_msgs/msg/detail/uavcan_parameter_request__rosidl_typesupport_introspection_c.h\n'}
[16.208515] (px4_msgs) StdoutLine: {'line': b'-- Up-to-date: /home/subhalaxmi/nidar_ws/install/px4_msgs/include/px4_msgs/px4_msgs/msg/detail/landing_gear__rosidl_typesupport_introspection_c.h\n'}
[16.208737] (px4_msgs) StdoutLine: {'line': b'-- Up-to-date: /home/subhalaxmi/nidar_ws/install/px4_msgs/include/px4_msgs/px4_msgs/msg/detail/sensor_gyro__rosidl_typesupport_introspection_c.h\n'}
[16.208955] (px4_msgs) StdoutLine: {'line': b'-- Up-to-date: /home/subhalaxmi/nidar_ws/install/px4_msgs/include/px4_msgs/px4_msgs/msg/detail/actuator_motors__type_support.c\n'}
[16.209145] (px4_msgs) StdoutLine: {'line': b'-- Up-to-date: /home/subhalaxmi/nidar_ws/install/px4_msgs/include/px4_msgs/px4_msgs/msg/detail/vehicle_acceleration__rosidl_typesupport_introspection_c.h\n'}
[16.209334] (px4_msgs) StdoutLine: {'line': b'-- Up-to-date: /home/subhalaxmi/nidar_ws/install/px4_msgs/include/px4_msgs/px4_msgs/msg/detail/debug_key_value__type_support.c\n'}
[16.209530] (px4_msgs) StdoutLine: {'line': b'-- Up-to-date: /home/subhalaxmi/nidar_ws/install/px4_msgs/include/px4_msgs/px4_msgs/msg/detail/can_interface_status__rosidl_typesupport_introspection_c.h\n'}
[16.209721] (px4_msgs) StdoutLine: {'line': b'-- Up-to-date: /home/subhalaxmi/nidar_ws/install/px4_msgs/include/px4_msgs/px4_msgs/msg/detail/gimbal_device_set_attitude__rosidl_typesupport_introspection_c.h\n'}
[16.209937] (px4_msgs) StdoutLine: {'line': b'-- Up-to-date: /home/subhalaxmi/nidar_ws/install/px4_msgs/include/px4_msgs/px4_msgs/msg/detail/sensor_hygrometer__rosidl_typesupport_introspection_c.h\n'}
[16.210120] (px4_msgs) StdoutLine: {'line': b'-- Up-to-date: /home/subhalaxmi/nidar_ws/install/px4_msgs/include/px4_msgs/px4_msgs/msg/detail/hover_thrust_estimate__type_support.c\n'}
[16.210300] (px4_msgs) StdoutLine: {'line': b'-- Up-to-date: /home/subhalaxmi/nidar_ws/install/px4_msgs/include/px4_msgs/px4_msgs/msg/detail/rpm__rosidl_typesupport_introspection_c.h\n'}
[16.210478] (px4_msgs) StdoutLine: {'line': b'-- Up-to-date: /home/subhalaxmi/nidar_ws/install/px4_msgs/include/px4_msgs/px4_msgs/msg/detail/logger_status__type_support.c\n'}
[16.210678] (px4_msgs) StdoutLine: {'line': b'-- Up-to-date: /home/subhalaxmi/nidar_ws/install/px4_msgs/include/px4_msgs/px4_msgs/msg/detail/estimator_aid_source2d__type_support.c\n'}
[16.210887] (px4_msgs) StdoutLine: {'line': b'-- Up-to-date: /home/subhalaxmi/nidar_ws/install/px4_msgs/include/px4_msgs/px4_msgs/msg/detail/rover_attitude_setpoint__type_support.c\n'}
[16.212202] (px4_msgs) StdoutLine: {'line': b'-- Up-to-date: /home/subhalaxmi/nidar_ws/install/px4_msgs/include/px4_msgs/px4_msgs/msg/detail/vehicle_local_position__rosidl_typesupport_introspection_c.h\n'}
[16.212451] (px4_msgs) StdoutLine: {'line': b'-- Up-to-date: /home/subhalaxmi/nidar_ws/install/px4_msgs/include/px4_msgs/px4_msgs/msg/detail/parameter_update__rosidl_typesupport_introspection_c.h\n'}
[16.212720] (px4_msgs) StdoutLine: {'line': b'-- Up-to-date: /home/subhalaxmi/nidar_ws/install/px4_msgs/include/px4_msgs/px4_msgs/msg/detail/parameter_set_value_request__rosidl_typesupport_introspection_c.h\n'}
[16.212953] (px4_msgs) StdoutLine: {'line': b'-- Up-to-date: /home/subhalaxmi/nidar_ws/install/px4_msgs/include/px4_msgs/px4_msgs/msg/detail/health_report__rosidl_typesupport_introspection_c.h\n'}
[16.213150] (px4_msgs) StdoutLine: {'line': b'-- Up-to-date: /home/subhalaxmi/nidar_ws/install/px4_msgs/include/px4_msgs/px4_msgs/msg/detail/vehicle_command__type_support.c\n'}
[16.213329] (px4_msgs) StdoutLine: {'line': b'-- Up-to-date: /home/subhalaxmi/nidar_ws/install/px4_msgs/include/px4_msgs/px4_msgs/msg/detail/sensor_hygrometer__type_support.c\n'}
[16.213501] (px4_msgs) StdoutLine: {'line': b'-- Up-to-date: /home/subhalaxmi/nidar_ws/install/px4_msgs/include/px4_msgs/px4_msgs/msg/detail/orb_test_medium__rosidl_typesupport_introspection_c.h\n'}
[16.213695] (px4_msgs) StdoutLine: {'line': b'-- Up-to-date: /home/subhalaxmi/nidar_ws/install/px4_msgs/include/px4_msgs/px4_msgs/msg/detail/vehicle_command__rosidl_typesupport_introspection_c.h\n'}
[16.213978] (px4_msgs) StdoutLine: {'line': b'-- Up-to-date: /home/subhalaxmi/nidar_ws/install/px4_msgs/include/px4_msgs/px4_msgs/msg/detail/airspeed_validated__rosidl_typesupport_introspection_c.h\n'}
[16.214176] (px4_msgs) StdoutLine: {'line': b'-- Up-to-date: /home/subhalaxmi/nidar_ws/install/px4_msgs/include/px4_msgs/px4_msgs/msg/detail/vehicle_air_data__rosidl_typesupport_introspection_c.h\n'}
[16.214628] (px4_msgs) StdoutLine: {'line': b'-- Up-to-date: /home/subhalaxmi/nidar_ws/install/px4_msgs/include/px4_msgs/px4_msgs/msg/detail/tecs_status__rosidl_typesupport_introspection_c.h\n'}
[16.216451] (px4_msgs) StdoutLine: {'line': b'-- Up-to-date: /home/subhalaxmi/nidar_ws/install/px4_msgs/include/px4_msgs/px4_msgs/msg/detail/camera_trigger__type_support.c\n'}
[16.216701] (px4_msgs) StdoutLine: {'line': b'-- Up-to-date: /home/subhalaxmi/nidar_ws/install/px4_msgs/include/px4_msgs/px4_msgs/msg/detail/action_request__type_support.c\n'}
[16.216925] (px4_msgs) StdoutLine: {'line': b'-- Up-to-date: /home/subhalaxmi/nidar_ws/install/px4_msgs/include/px4_msgs/px4_msgs/msg/detail/message_format_response__type_support.c\n'}
[16.217126] (px4_msgs) StdoutLine: {'line': b'-- Up-to-date: /home/subhalaxmi/nidar_ws/install/px4_msgs/include/px4_msgs/px4_msgs/msg/detail/yaw_estimator_status__rosidl_typesupport_introspection_c.h\n'}
[16.217311] (px4_msgs) StdoutLine: {'line': b'-- Up-to-date: /home/subhalaxmi/nidar_ws/install/px4_msgs/include/px4_msgs/px4_msgs/msg/detail/sensor_baro__rosidl_typesupport_introspection_c.h\n'}
[16.217515] (px4_msgs) StdoutLine: {'line': b'-- Up-to-date: /home/subhalaxmi/nidar_ws/install/px4_msgs/include/px4_msgs/px4_msgs/msg/detail/aux_global_position__type_support.c\n'}
[16.217792] (px4_msgs) StdoutLine: {'line': b'-- Up-to-date: /home/subhalaxmi/nidar_ws/install/px4_msgs/include/px4_msgs/px4_msgs/msg/detail/parameter_set_used_request__rosidl_typesupport_introspection_c.h\n'}
[16.218047] (px4_msgs) StdoutLine: {'line': b'-- Up-to-date: /home/subhalaxmi/nidar_ws/install/px4_msgs/include/px4_msgs/px4_msgs/msg/detail/power_monitor__type_support.c\n'}
[16.218252] (px4_msgs) StdoutLine: {'line': b'-- Up-to-date: /home/subhalaxmi/nidar_ws/install/px4_msgs/include/px4_msgs/px4_msgs/msg/detail/vehicle_angular_acceleration_setpoint__rosidl_typesupport_introspection_c.h\n'}
[16.220400] (px4_msgs) StdoutLine: {'line': b'-- Up-to-date: /home/subhalaxmi/nidar_ws/install/px4_msgs/include/px4_msgs/px4_msgs/msg/detail/landing_gear__type_support.c\n'}
[16.220701] (px4_msgs) StdoutLine: {'line': b'-- Up-to-date: /home/subhalaxmi/nidar_ws/install/px4_msgs/include/px4_msgs/px4_msgs/msg/detail/fixed_wing_lateral_status__type_support.c\n'}
[16.221011] (px4_msgs) StdoutLine: {'line': b'-- Up-to-date: /home/subhalaxmi/nidar_ws/install/px4_msgs/include/px4_msgs/px4_msgs/msg/detail/dataman_request__type_support.c\n'}
[16.221247] (px4_msgs) StdoutLine: {'line': b'-- Up-to-date: /home/subhalaxmi/nidar_ws/install/px4_msgs/include/px4_msgs/px4_msgs/msg/detail/px4io_status__type_support.c\n'}
[16.221497] (px4_msgs) StdoutLine: {'line': b'-- Up-to-date: /home/subhalaxmi/nidar_ws/install/px4_msgs/include/px4_msgs/px4_msgs/msg/detail/sensor_gyro_fifo__type_support.c\n'}
[16.222416] (px4_msgs) StdoutLine: {'line': b'-- Up-to-date: /home/subhalaxmi/nidar_ws/install/px4_msgs/include/px4_msgs/px4_msgs/msg/detail/gimbal_device_attitude_status__rosidl_typesupport_introspection_c.h\n'}
[16.223048] (px4_msgs) StdoutLine: {'line': b'-- Up-to-date: /home/subhalaxmi/nidar_ws/install/px4_msgs/include/px4_msgs/px4_msgs/msg/detail/vehicle_optical_flow_vel__type_support.c\n'}
[16.223342] (px4_msgs) StdoutLine: {'line': b'-- Up-to-date: /home/subhalaxmi/nidar_ws/install/px4_msgs/include/px4_msgs/px4_msgs/msg/detail/ping__type_support.c\n'}
[16.223600] (px4_msgs) StdoutLine: {'line': b'-- Up-to-date: /home/subhalaxmi/nidar_ws/install/px4_msgs/include/px4_msgs/px4_msgs/msg/detail/pure_pursuit_status__type_support.c\n'}
[16.224342] (px4_msgs) StdoutLine: {'line': b'-- Up-to-date: /home/subhalaxmi/nidar_ws/install/px4_msgs/include/px4_msgs/px4_msgs/msg/detail/wheel_encoders__type_support.c\n'}
[16.226181] (px4_msgs) StdoutLine: {'line': b'-- Up-to-date: /home/subhalaxmi/nidar_ws/install/px4_msgs/include/px4_msgs/px4_msgs/msg/detail/can_interface_status__type_support.c\n'}
[16.226905] (px4_msgs) StdoutLine: {'line': b'-- Up-to-date: /home/subhalaxmi/nidar_ws/install/px4_msgs/include/px4_msgs/px4_msgs/msg/detail/vehicle_angular_velocity__rosidl_typesupport_introspection_c.h\n'}
[16.227329] (px4_msgs) StdoutLine: {'line': b'-- Up-to-date: /home/subhalaxmi/nidar_ws/install/px4_msgs/include/px4_msgs/px4_msgs/msg/detail/adc_report__rosidl_typesupport_introspection_c.h\n'}
[16.227602] (px4_msgs) StdoutLine: {'line': b'-- Up-to-date: /home/subhalaxmi/nidar_ws/install/px4_msgs/include/px4_msgs/px4_msgs/msg/detail/position_controller_status__type_support.c\n'}
[16.227876] (px4_msgs) StdoutLine: {'line': b'-- Up-to-date: /home/subhalaxmi/nidar_ws/install/px4_msgs/include/px4_msgs/px4_msgs/msg/detail/sensors_status__type_support.c\n'}
[16.228225] (px4_msgs) StdoutLine: {'line': b'-- Up-to-date: /home/subhalaxmi/nidar_ws/install/px4_msgs/include/px4_msgs/px4_msgs/msg/detail/qshell_req__type_support.c\n'}
[16.228550] (px4_msgs) StdoutLine: {'line': b'-- Up-to-date: /home/subhalaxmi/nidar_ws/install/px4_msgs/include/px4_msgs/px4_msgs/msg/detail/power_button_state__rosidl_typesupport_introspection_c.h\n'}
[16.229936] (px4_msgs) StdoutLine: {'line': b'-- Up-to-date: /home/subhalaxmi/nidar_ws/install/px4_msgs/include/px4_msgs/px4_msgs/msg/detail/normalized_unsigned_setpoint__rosidl_typesupport_introspection_c.h\n'}
[16.230691] (px4_msgs) StdoutLine: {'line': b'-- Up-to-date: /home/subhalaxmi/nidar_ws/install/px4_msgs/include/px4_msgs/px4_msgs/msg/detail/rover_rate_status__type_support.c\n'}
[16.231572] (px4_msgs) StdoutLine: {'line': b'-- Up-to-date: /home/subhalaxmi/nidar_ws/install/px4_msgs/include/px4_msgs/px4_msgs/msg/detail/fuel_tank_status__rosidl_typesupport_introspection_c.h\n'}
[16.232089] (px4_msgs) StdoutLine: {'line': b'-- Up-to-date: /home/subhalaxmi/nidar_ws/install/px4_msgs/include/px4_msgs/px4_msgs/msg/detail/battery_info__rosidl_typesupport_introspection_c.h\n'}
[16.235070] (px4_msgs) StdoutLine: {'line': b'-- Up-to-date: /home/subhalaxmi/nidar_ws/install/px4_msgs/include/px4_msgs/px4_msgs/msg/detail/airspeed__rosidl_typesupport_introspection_c.h\n'}
[16.235311] (px4_msgs) StdoutLine: {'line': b'-- Up-to-date: /home/subhalaxmi/nidar_ws/install/px4_msgs/include/px4_msgs/px4_msgs/msg/detail/ping__rosidl_typesupport_introspection_c.h\n'}
[16.235517] (px4_msgs) StdoutLine: {'line': b'-- Up-to-date: /home/subhalaxmi/nidar_ws/install/px4_msgs/include/px4_msgs/px4_msgs/msg/detail/sensor_gnss_status__type_support.c\n'}
[16.235717] (px4_msgs) StdoutLine: {'line': b'-- Up-to-date: /home/subhalaxmi/nidar_ws/install/px4_msgs/include/px4_msgs/px4_msgs/msg/detail/esc_status__type_support.c\n'}
[16.235943] (px4_msgs) StdoutLine: {'line': b'-- Up-to-date: /home/subhalaxmi/nidar_ws/install/px4_msgs/include/px4_msgs/px4_msgs/msg/detail/open_drone_id_system__rosidl_typesupport_introspection_c.h\n'}
[16.236130] (px4_msgs) StdoutLine: {'line': b'-- Up-to-date: /home/subhalaxmi/nidar_ws/install/px4_msgs/include/px4_msgs/px4_msgs/msg/detail/register_ext_component_request__type_support.c\n'}
[16.236312] (px4_msgs) StdoutLine: {'line': b'-- Up-to-date: /home/subhalaxmi/nidar_ws/install/px4_msgs/include/px4_msgs/px4_msgs/msg/detail/esc_status__rosidl_typesupport_introspection_c.h\n'}
[16.236495] (px4_msgs) StdoutLine: {'line': b'-- Up-to-date: /home/subhalaxmi/nidar_ws/install/px4_msgs/include/px4_msgs/px4_msgs/msg/detail/actuator_controls_status__rosidl_typesupport_introspection_c.h\n'}
[16.236685] (px4_msgs) StdoutLine: {'line': b'-- Up-to-date: /home/subhalaxmi/nidar_ws/install/px4_msgs/include/px4_msgs/px4_msgs/msg/detail/rtl_time_estimate__rosidl_typesupport_introspection_c.h\n'}
[16.236914] (px4_msgs) StdoutLine: {'line': b'-- Up-to-date: /home/subhalaxmi/nidar_ws/install/px4_msgs/include/px4_msgs/px4_msgs/msg/detail/orbit_status__rosidl_typesupport_introspection_c.h\n'}
[16.237114] (px4_msgs) StdoutLine: {'line': b'-- Up-to-date: /home/subhalaxmi/nidar_ws/install/px4_msgs/include/px4_msgs/px4_msgs/msg/detail/gripper__type_support.c\n'}
[16.237301] (px4_msgs) StdoutLine: {'line': b'-- Up-to-date: /home/subhalaxmi/nidar_ws/install/px4_msgs/include/px4_msgs/px4_msgs/msg/detail/rover_position_setpoint__type_support.c\n'}
[16.237485] (px4_msgs) StdoutLine: {'line': b'-- Up-to-date: /home/subhalaxmi/nidar_ws/install/px4_msgs/include/px4_msgs/px4_msgs/msg/detail/manual_control_setpoint__type_support.c\n'}
[16.237669] (px4_msgs) StdoutLine: {'line': b'-- Up-to-date: /home/subhalaxmi/nidar_ws/install/px4_msgs/include/px4_msgs/px4_msgs/msg/detail/takeoff_status__type_support.c\n'}
[16.237887] (px4_msgs) StdoutLine: {'line': b'-- Up-to-date: /home/subhalaxmi/nidar_ws/install/px4_msgs/include/px4_msgs/px4_msgs/msg/detail/vehicle_attitude__rosidl_typesupport_introspection_c.h\n'}
[16.238105] (px4_msgs) StdoutLine: {'line': b'-- Up-to-date: /home/subhalaxmi/nidar_ws/install/px4_msgs/include/px4_msgs/px4_msgs/msg/detail/qshell_retval__rosidl_typesupport_introspection_c.h\n'}
[16.238303] (px4_msgs) StdoutLine: {'line': b'-- Up-to-date: /home/subhalaxmi/nidar_ws/install/px4_msgs/include/px4_msgs/px4_msgs/msg/detail/tiltrotor_extra_controls__type_support.c\n'}
[16.238502] (px4_msgs) StdoutLine: {'line': b'-- Up-to-date: /home/subhalaxmi/nidar_ws/install/px4_msgs/include/px4_msgs/px4_msgs/msg/detail/estimator_sensor_bias__rosidl_typesupport_introspection_c.h\n'}
[16.238690] (px4_msgs) StdoutLine: {'line': b'-- Up-to-date: /home/subhalaxmi/nidar_ws/install/px4_msgs/include/px4_msgs/px4_msgs/msg/detail/dataman_request__rosidl_typesupport_introspection_c.h\n'}
[16.238909] (px4_msgs) StdoutLine: {'line': b'-- Up-to-date: /home/subhalaxmi/nidar_ws/install/px4_msgs/include/px4_msgs/px4_msgs/msg/detail/rover_speed_status__type_support.c\n'}
[16.239122] (px4_msgs) StdoutLine: {'line': b'-- Up-to-date: /home/subhalaxmi/nidar_ws/install/px4_msgs/include/px4_msgs/px4_msgs/msg/detail/unregister_ext_component__rosidl_typesupport_introspection_c.h\n'}
[16.239414] (px4_msgs) StdoutLine: {'line': b'-- Up-to-date: /home/subhalaxmi/nidar_ws/install/px4_msgs/include/px4_msgs/px4_msgs/msg/detail/navigator_mission_item__type_support.c\n'}
[16.239663] (px4_msgs) StdoutLine: {'line': b'-- Up-to-date: /home/subhalaxmi/nidar_ws/install/px4_msgs/include/px4_msgs/px4_msgs/msg/detail/cpuload__type_support.c\n'}
[16.240015] (px4_msgs) StdoutLine: {'line': b'-- Up-to-date: /home/subhalaxmi/nidar_ws/install/px4_msgs/include/px4_msgs/px4_msgs/msg/detail/arming_check_request__rosidl_typesupport_introspection_c.h\n'}
[16.240410] (px4_msgs) StdoutLine: {'line': b'-- Up-to-date: /home/subhalaxmi/nidar_ws/install/px4_msgs/include/px4_msgs/px4_msgs/msg/detail/estimator_selector_status__type_support.c\n'}
[16.240621] (px4_msgs) StdoutLine: {'line': b'-- Up-to-date: /home/subhalaxmi/nidar_ws/install/px4_msgs/include/px4_msgs/px4_msgs/msg/detail/flight_phase_estimation__type_support.c\n'}
[16.240848] (px4_msgs) StdoutLine: {'line': b'-- Up-to-date: /home/subhalaxmi/nidar_ws/install/px4_msgs/include/px4_msgs/px4_msgs/msg/detail/yaw_estimator_status__type_support.c\n'}
[16.241354] (px4_msgs) StdoutLine: {'line': b'-- Up-to-date: /home/subhalaxmi/nidar_ws/install/px4_msgs/include/px4_msgs/px4_msgs/msg/detail/vehicle_constraints__rosidl_typesupport_introspection_c.h\n'}
[16.241588] (px4_msgs) StdoutLine: {'line': b'-- Up-to-date: /home/subhalaxmi/nidar_ws/install/px4_msgs/include/px4_msgs/px4_msgs/msg/detail/sensor_mag__rosidl_typesupport_introspection_c.h\n'}
[16.242016] (px4_msgs) StdoutLine: {'line': b'-- Up-to-date: /home/subhalaxmi/nidar_ws/install/px4_msgs/include/px4_msgs/px4_msgs/msg/detail/sensor_accel_fifo__type_support.c\n'}
[16.242433] (px4_msgs) StdoutLine: {'line': b'-- Up-to-date: /home/subhalaxmi/nidar_ws/install/px4_msgs/include/px4_msgs/px4_msgs/msg/detail/rover_speed_status__rosidl_typesupport_introspection_c.h\n'}
[16.242677] (px4_msgs) StdoutLine: {'line': b'-- Up-to-date: /home/subhalaxmi/nidar_ws/install/px4_msgs/include/px4_msgs/px4_msgs/msg/detail/system_power__type_support.c\n'}
[16.243212] (px4_msgs) StdoutLine: {'line': b'-- Up-to-date: /home/subhalaxmi/nidar_ws/install/px4_msgs/include/px4_msgs/px4_msgs/msg/detail/actuator_controls_status__type_support.c\n'}
[16.244018] (px4_msgs) StdoutLine: {'line': b'-- Up-to-date: /home/subhalaxmi/nidar_ws/install/px4_msgs/include/px4_msgs/px4_msgs/msg/detail/rc_channels__rosidl_typesupport_introspection_c.h\n'}
[16.244825] (px4_msgs) StdoutLine: {'line': b'-- Up-to-date: /home/subhalaxmi/nidar_ws/install/px4_msgs/include/px4_msgs/px4_msgs/msg/detail/estimator_bias3d__rosidl_typesupport_introspection_c.h\n'}
[16.245507] (px4_msgs) StdoutLine: {'line': b'-- Up-to-date: /home/subhalaxmi/nidar_ws/install/px4_msgs/include/px4_msgs/px4_msgs/msg/detail/qshell_retval__type_support.c\n'}
[16.245756] (px4_msgs) StdoutLine: {'line': b'-- Up-to-date: /home/subhalaxmi/nidar_ws/install/px4_msgs/include/px4_msgs/px4_msgs/msg/detail/dataman_response__type_support.c\n'}
[16.246014] (px4_msgs) StdoutLine: {'line': b'-- Up-to-date: /home/subhalaxmi/nidar_ws/install/px4_msgs/include/px4_msgs/px4_msgs/msg/detail/ulog_stream__type_support.c\n'}
[16.246833] (px4_msgs) StdoutLine: {'line': b'-- Up-to-date: /home/subhalaxmi/nidar_ws/install/px4_msgs/include/px4_msgs/px4_msgs/msg/detail/estimator_aid_source1d__type_support.c\n'}
[16.247150] (px4_msgs) StdoutLine: {'line': b'-- Up-to-date: /home/subhalaxmi/nidar_ws/install/px4_msgs/include/px4_msgs/px4_msgs/msg/detail/onboard_computer_status__rosidl_typesupport_introspection_c.h\n'}
[16.247424] (px4_msgs) StdoutLine: {'line': b'-- Up-to-date: /home/subhalaxmi/nidar_ws/install/px4_msgs/include/px4_msgs/px4_msgs/msg/detail/mount_orientation__rosidl_typesupport_introspection_c.h\n'}
[16.247705] (-) TimerEvent: {}
[16.248010] (px4_msgs) StdoutLine: {'line': b'-- Up-to-date: /home/subhalaxmi/nidar_ws/install/px4_msgs/include/px4_msgs/px4_msgs/msg/detail/vehicle_odometry__rosidl_typesupport_introspection_c.h\n'}
[16.255280] (px4_msgs) StdoutLine: {'line': b'-- Up-to-date: /home/subhalaxmi/nidar_ws/install/px4_msgs/include/px4_msgs/px4_msgs/msg/detail/internal_combustion_engine_status__rosidl_typesupport_introspection_c.h\n'}
[16.255543] (px4_msgs) StdoutLine: {'line': b'-- Up-to-date: /home/subhalaxmi/nidar_ws/install/px4_msgs/include/px4_msgs/px4_msgs/msg/detail/gimbal_device_attitude_status__type_support.c\n'}
[16.255751] (px4_msgs) StdoutLine: {'line': b'-- Up-to-date: /home/subhalaxmi/nidar_ws/install/px4_msgs/include/px4_msgs/px4_msgs/msg/detail/geofence_result__type_support.c\n'}
[16.256084] (px4_msgs) StdoutLine: {'line': b'-- Up-to-date: /home/subhalaxmi/nidar_ws/install/px4_msgs/include/px4_msgs/px4_msgs/msg/detail/sensors_status_imu__rosidl_typesupport_introspection_c.h\n'}
[16.256337] (px4_msgs) StdoutLine: {'line': b'-- Up-to-date: /home/subhalaxmi/nidar_ws/install/px4_msgs/include/px4_msgs/px4_msgs/msg/detail/rover_steering_setpoint__type_support.c\n'}
[16.256569] (px4_msgs) StdoutLine: {'line': b'-- Up-to-date: /home/subhalaxmi/nidar_ws/install/px4_msgs/include/px4_msgs/px4_msgs/msg/detail/distance_sensor_mode_change_request__rosidl_typesupport_introspection_c.h\n'}
[16.256790] (px4_msgs) StdoutLine: {'line': b'-- Up-to-date: /home/subhalaxmi/nidar_ws/install/px4_msgs/include/px4_msgs/px4_msgs/msg/detail/vehicle_status__type_support.c\n'}
[16.257080] (px4_msgs) StdoutLine: {'line': b'-- Up-to-date: /home/subhalaxmi/nidar_ws/install/px4_msgs/include/px4_msgs/px4_msgs/msg/detail/failsafe_flags__type_support.c\n'}
[16.257314] (px4_msgs) StdoutLine: {'line': b'-- Up-to-date: /home/subhalaxmi/nidar_ws/install/px4_msgs/include/px4_msgs/px4_msgs/msg/detail/gimbal_manager_set_manual_control__type_support.c\n'}
[16.257525] (px4_msgs) StdoutLine: {'line': b'-- Up-to-date: /home/subhalaxmi/nidar_ws/install/px4_msgs/include/px4_msgs/px4_msgs/msg/detail/wheel_encoders__rosidl_typesupport_introspection_c.h\n'}
[16.257740] (px4_msgs) StdoutLine: {'line': b'-- Up-to-date: /home/subhalaxmi/nidar_ws/install/px4_msgs/include/px4_msgs/px4_msgs/msg/detail/open_drone_id_self_id__type_support.c\n'}
[16.257999] (px4_msgs) StdoutLine: {'line': b'-- Up-to-date: /home/subhalaxmi/nidar_ws/install/px4_msgs/include/px4_msgs/px4_msgs/msg/detail/open_drone_id_system__type_support.c\n'}
[16.263068] (px4_msgs) StdoutLine: {'line': b'-- Up-to-date: /home/subhalaxmi/nidar_ws/install/px4_msgs/include/px4_msgs/px4_msgs/msg/detail/actuator_motors__rosidl_typesupport_introspection_c.h\n'}
[16.266100] (px4_msgs) StdoutLine: {'line': b'-- Up-to-date: /home/subhalaxmi/nidar_ws/install/px4_msgs/include/px4_msgs/px4_msgs/msg/detail/offboard_control_mode__type_support.c\n'}
[16.266386] (px4_msgs) StdoutLine: {'line': b'-- Up-to-date: /home/subhalaxmi/nidar_ws/install/px4_msgs/include/px4_msgs/px4_msgs/msg/detail/vehicle_odometry__type_support.c\n'}
[16.266651] (px4_msgs) StdoutLine: {'line': b'-- Up-to-date: /home/subhalaxmi/nidar_ws/install/px4_msgs/include/px4_msgs/px4_msgs/msg/detail/flight_phase_estimation__rosidl_typesupport_introspection_c.h\n'}
[16.266894] (px4_msgs) StdoutLine: {'line': b'-- Up-to-date: /home/subhalaxmi/nidar_ws/install/px4_msgs/include/px4_msgs/px4_msgs/msg/detail/iridiumsbd_status__type_support.c\n'}
[16.267116] (px4_msgs) StdoutLine: {'line': b'-- Up-to-date: /home/subhalaxmi/nidar_ws/install/px4_msgs/include/px4_msgs/px4_msgs/msg/detail/vehicle_torque_setpoint__rosidl_typesupport_introspection_c.h\n'}
[16.267319] (px4_msgs) StdoutLine: {'line': b'-- Up-to-date: /home/subhalaxmi/nidar_ws/install/px4_msgs/include/px4_msgs/px4_msgs/msg/detail/orb_test_medium__type_support.c\n'}
[16.267526] (px4_msgs) StdoutLine: {'line': b'-- Up-to-date: /home/subhalaxmi/nidar_ws/install/px4_msgs/include/px4_msgs/px4_msgs/msg/detail/parameter_set_value_response__type_support.c\n'}
[16.267730] (px4_msgs) StdoutLine: {'line': b'-- Up-to-date: /home/subhalaxmi/nidar_ws/install/px4_msgs/include/px4_msgs/px4_msgs/msg/detail/gimbal_controls__type_support.c\n'}
[16.267968] (px4_msgs) StdoutLine: {'line': b'-- Up-to-date: /home/subhalaxmi/nidar_ws/install/px4_msgs/include/px4_msgs/px4_msgs/msg/detail/tecs_status__type_support.c\n'}
[16.268222] (px4_msgs) StdoutLine: {'line': b'-- Up-to-date: /home/subhalaxmi/nidar_ws/install/px4_msgs/include/px4_msgs/px4_msgs/msg/detail/estimator_states__rosidl_typesupport_introspection_c.h\n'}
[16.268460] (px4_msgs) StdoutLine: {'line': b'-- Up-to-date: /home/subhalaxmi/nidar_ws/install/px4_msgs/include/px4_msgs/px4_msgs/msg/detail/register_ext_component_reply__rosidl_typesupport_introspection_c.h\n'}
[16.268659] (px4_msgs) StdoutLine: {'line': b'-- Up-to-date: /home/subhalaxmi/nidar_ws/install/px4_msgs/include/px4_msgs/px4_msgs/msg/detail/open_drone_id_arm_status__type_support.c\n'}
[16.268865] (px4_msgs) StdoutLine: {'line': b'-- Up-to-date: /home/subhalaxmi/nidar_ws/install/px4_msgs/include/px4_msgs/px4_msgs/msg/detail/vehicle_land_detected__rosidl_typesupport_introspection_c.h\n'}
[16.269174] (px4_msgs) StdoutLine: {'line': b'-- Up-to-date: /home/subhalaxmi/nidar_ws/install/px4_msgs/include/px4_msgs/px4_msgs/msg/detail/parameter_set_value_response__rosidl_typesupport_introspection_c.h\n'}
[16.269412] (px4_msgs) StdoutLine: {'line': b'-- Up-to-date: /home/subhalaxmi/nidar_ws/install/px4_msgs/include/px4_msgs/px4_msgs/msg/detail/message_format_response__rosidl_typesupport_introspection_c.h\n'}
[16.269761] (px4_msgs) StdoutLine: {'line': b'-- Up-to-date: /home/subhalaxmi/nidar_ws/install/px4_msgs/include/px4_msgs/px4_msgs/msg/detail/sensor_uwb__rosidl_typesupport_introspection_c.h\n'}
[16.270071] (px4_msgs) StdoutLine: {'line': b'-- Up-to-date: /home/subhalaxmi/nidar_ws/install/px4_msgs/include/px4_msgs/px4_msgs/msg/detail/gimbal_device_information__type_support.c\n'}
[16.270365] (px4_msgs) StdoutLine: {'line': b'-- Up-to-date: /home/subhalaxmi/nidar_ws/install/px4_msgs/include/px4_msgs/px4_msgs/msg/detail/landing_target_innovations__rosidl_typesupport_introspection_c.h\n'}
[16.270595] (px4_msgs) StdoutLine: {'line': b'-- Up-to-date: /home/subhalaxmi/nidar_ws/install/px4_msgs/include/px4_msgs/px4_msgs/msg/detail/magnetometer_bias_estimate__rosidl_typesupport_introspection_c.h\n'}
[16.270836] (px4_msgs) StdoutLine: {'line': b'-- Up-to-date: /home/subhalaxmi/nidar_ws/install/px4_msgs/include/px4_msgs/px4_msgs/msg/detail/vehicle_control_mode__rosidl_typesupport_introspection_c.h\n'}
[16.271178] (px4_msgs) StdoutLine: {'line': b'-- Up-to-date: /home/subhalaxmi/nidar_ws/install/px4_msgs/include/px4_msgs/px4_msgs/msg/detail/hover_thrust_estimate__rosidl_typesupport_introspection_c.h\n'}
[16.271585] (px4_msgs) StdoutLine: {'line': b'-- Up-to-date: /home/subhalaxmi/nidar_ws/install/px4_msgs/include/px4_msgs/px4_msgs/msg/detail/sensor_selection__rosidl_typesupport_introspection_c.h\n'}
[16.271883] (px4_msgs) StdoutLine: {'line': b'-- Up-to-date: /home/subhalaxmi/nidar_ws/install/px4_msgs/include/px4_msgs/px4_msgs/msg/detail/position_setpoint_triplet__type_support.c\n'}
[16.272106] (px4_msgs) StdoutLine: {'line': b'-- Up-to-date: /home/subhalaxmi/nidar_ws/install/px4_msgs/include/px4_msgs/px4_msgs/msg/detail/vehicle_air_data__type_support.c\n'}
[16.272295] (px4_msgs) StdoutLine: {'line': b'-- Up-to-date: /home/subhalaxmi/nidar_ws/install/px4_msgs/include/px4_msgs/px4_msgs/msg/detail/task_stack_info__rosidl_typesupport_introspection_c.h\n'}
[16.272772] (px4_msgs) StdoutLine: {'line': b'-- Up-to-date: /home/subhalaxmi/nidar_ws/install/px4_msgs/include/px4_msgs/px4_msgs/msg/detail/gps_inject_data__type_support.c\n'}
[16.275296] (px4_msgs) StdoutLine: {'line': b'-- Up-to-date: /home/subhalaxmi/nidar_ws/install/px4_msgs/include/px4_msgs/px4_msgs/msg/detail/pps_capture__type_support.c\n'}
[16.275677] (px4_msgs) StdoutLine: {'line': b'-- Up-to-date: /home/subhalaxmi/nidar_ws/install/px4_msgs/include/px4_msgs/px4_msgs/msg/detail/power_monitor__rosidl_typesupport_introspection_c.h\n'}
[16.276102] (px4_msgs) StdoutLine: {'line': b'-- Up-to-date: /home/subhalaxmi/nidar_ws/install/px4_msgs/include/px4_msgs/px4_msgs/msg/detail/vehicle_torque_setpoint__type_support.c\n'}
[16.276418] (px4_msgs) StdoutLine: {'line': b'-- Up-to-date: /home/subhalaxmi/nidar_ws/install/px4_msgs/include/px4_msgs/px4_msgs/msg/detail/differential_pressure__rosidl_typesupport_introspection_c.h\n'}
[16.276641] (px4_msgs) StdoutLine: {'line': b'-- Up-to-date: /home/subhalaxmi/nidar_ws/install/px4_msgs/include/px4_msgs/px4_msgs/msg/detail/failure_detector_status__rosidl_typesupport_introspection_c.h\n'}
[16.276875] (px4_msgs) StdoutLine: {'line': b'-- Up-to-date: /home/subhalaxmi/nidar_ws/install/px4_msgs/include/px4_msgs/px4_msgs/msg/detail/camera_status__type_support.c\n'}
[16.277108] (px4_msgs) StdoutLine: {'line': b'-- Up-to-date: /home/subhalaxmi/nidar_ws/install/px4_msgs/include/px4_msgs/px4_msgs/msg/detail/vehicle_command_ack__rosidl_typesupport_introspection_c.h\n'}
[16.277335] (px4_msgs) StdoutLine: {'line': b'-- Up-to-date: /home/subhalaxmi/nidar_ws/install/px4_msgs/include/px4_msgs/px4_msgs/msg/detail/tune_control__type_support.c\n'}
[16.277566] (px4_msgs) StdoutLine: {'line': b'-- Up-to-date: /home/subhalaxmi/nidar_ws/install/px4_msgs/include/px4_msgs/px4_msgs/msg/detail/airspeed_validated__type_support.c\n'}
[16.277800] (px4_msgs) StdoutLine: {'line': b'-- Up-to-date: /home/subhalaxmi/nidar_ws/install/px4_msgs/include/px4_msgs/px4_msgs/msg/detail/estimator_gps_status__type_support.c\n'}
[16.278246] (px4_msgs) StdoutLine: {'line': b'-- Up-to-date: /home/subhalaxmi/nidar_ws/install/px4_msgs/include/px4_msgs/px4_msgs/msg/detail/vehicle_status__rosidl_typesupport_introspection_c.h\n'}
[16.282493] (px4_msgs) StdoutLine: {'line': b'-- Up-to-date: /home/subhalaxmi/nidar_ws/install/px4_msgs/include/px4_msgs/px4_msgs/msg/detail/telemetry_status__type_support.c\n'}
[16.282945] (px4_msgs) StdoutLine: {'line': b'-- Up-to-date: /home/subhalaxmi/nidar_ws/install/px4_msgs/include/px4_msgs/px4_msgs/msg/detail/sensor_gnss_status__rosidl_typesupport_introspection_c.h\n'}
[16.283264] (px4_msgs) StdoutLine: {'line': b'-- Up-to-date: /home/subhalaxmi/nidar_ws/install/px4_msgs/include/px4_msgs/px4_msgs/msg/detail/pwm_input__type_support.c\n'}
[16.283563] (px4_msgs) StdoutLine: {'line': b'-- Up-to-date: /home/subhalaxmi/nidar_ws/install/px4_msgs/include/px4_msgs/px4_msgs/msg/detail/vehicle_optical_flow_vel__rosidl_typesupport_introspection_c.h\n'}
[16.283872] (px4_msgs) StdoutLine: {'line': b'-- Up-to-date: /home/subhalaxmi/nidar_ws/install/px4_msgs/include/px4_msgs/px4_msgs/msg/detail/sensor_combined__rosidl_typesupport_introspection_c.h\n'}
[16.285207] (px4_msgs) StdoutLine: {'line': b'-- Up-to-date: /home/subhalaxmi/nidar_ws/install/px4_msgs/include/px4_msgs/px4_msgs/msg/detail/vehicle_attitude__type_support.c\n'}
[16.285535] (px4_msgs) StdoutLine: {'line': b'-- Up-to-date: /home/subhalaxmi/nidar_ws/install/px4_msgs/include/px4_msgs/px4_msgs/msg/detail/mission_result__rosidl_typesupport_introspection_c.h\n'}
[16.285785] (px4_msgs) StdoutLine: {'line': b'-- Up-to-date: /home/subhalaxmi/nidar_ws/install/px4_msgs/include/px4_msgs/px4_msgs/msg/detail/distance_sensor_mode_change_request__type_support.c\n'}
[16.286122] (px4_msgs) StdoutLine: {'line': b'-- Up-to-date: /home/subhalaxmi/nidar_ws/install/px4_msgs/include/px4_msgs/px4_msgs/msg/detail/pure_pursuit_status__rosidl_typesupport_introspection_c.h\n'}
[16.286457] (px4_msgs) StdoutLine: {'line': b'-- Up-to-date: /home/subhalaxmi/nidar_ws/install/px4_msgs/include/px4_msgs/px4_msgs/msg/detail/actuator_test__type_support.c\n'}
[16.288194] (px4_msgs) StdoutLine: {'line': b'-- Up-to-date: /home/subhalaxmi/nidar_ws/install/px4_msgs/include/px4_msgs/px4_msgs/msg/detail/vehicle_optical_flow__rosidl_typesupport_introspection_c.h\n'}
[16.288841] (px4_msgs) StdoutLine: {'line': b'-- Up-to-date: /home/subhalaxmi/nidar_ws/install/px4_msgs/include/px4_msgs/px4_msgs/msg/detail/actuator_servos_trim__rosidl_typesupport_introspection_c.h\n'}
[16.289298] (px4_msgs) StdoutLine: {'line': b'-- Up-to-date: /home/subhalaxmi/nidar_ws/install/px4_msgs/include/px4_msgs/px4_msgs/msg/detail/estimator_aid_source3d__type_support.c\n'}
[16.289966] (px4_msgs) StdoutLine: {'line': b'-- Up-to-date: /home/subhalaxmi/nidar_ws/install/px4_msgs/include/px4_msgs/px4_msgs/msg/detail/qshell_req__rosidl_typesupport_introspection_c.h\n'}
[16.294387] (px4_msgs) StdoutLine: {'line': b'-- Up-to-date: /home/subhalaxmi/nidar_ws/install/px4_msgs/include/px4_msgs/px4_msgs/msg/detail/gpio_request__rosidl_typesupport_introspection_c.h\n'}
[16.295536] (px4_msgs) StdoutLine: {'line': b'-- Up-to-date: /home/subhalaxmi/nidar_ws/install/px4_msgs/include/px4_msgs/px4_msgs/msg/detail/velocity_limits__type_support.c\n'}
[16.298178] (px4_msgs) StdoutLine: {'line': b'-- Up-to-date: /home/subhalaxmi/nidar_ws/install/px4_msgs/include/px4_msgs/px4_msgs/msg/detail/gimbal_device_set_attitude__type_support.c\n'}
[16.298582] (px4_msgs) StdoutLine: {'line': b'-- Up-to-date: /home/subhalaxmi/nidar_ws/install/px4_msgs/include/px4_msgs/px4_msgs/msg/detail/wind__type_support.c\n'}
[16.298880] (px4_msgs) StdoutLine: {'line': b'-- Up-to-date: /home/subhalaxmi/nidar_ws/install/px4_msgs/include/px4_msgs/px4_msgs/msg/detail/timesync_status__type_support.c\n'}
[16.299174] (px4_msgs) StdoutLine: {'line': b'-- Up-to-date: /home/subhalaxmi/nidar_ws/install/px4_msgs/include/px4_msgs/px4_msgs/msg/detail/gps_dump__type_support.c\n'}
[16.299420] (px4_msgs) StdoutLine: {'line': b'-- Up-to-date: /home/subhalaxmi/nidar_ws/install/px4_msgs/include/px4_msgs/px4_msgs/msg/detail/rc_channels__type_support.c\n'}
[16.299882] (px4_msgs) StdoutLine: {'line': b'-- Up-to-date: /home/subhalaxmi/nidar_ws/install/px4_msgs/include/px4_msgs/px4_msgs/msg/detail/ekf2_timestamps__rosidl_typesupport_introspection_c.h\n'}
[16.305621] (px4_msgs) StdoutLine: {'line': b'-- Up-to-date: /home/subhalaxmi/nidar_ws/install/px4_msgs/include/px4_msgs/px4_msgs/msg/detail/wind__rosidl_typesupport_introspection_c.h\n'}
[16.306085] (px4_msgs) StdoutLine: {'line': b'-- Up-to-date: /home/subhalaxmi/nidar_ws/install/px4_msgs/include/px4_msgs/px4_msgs/msg/detail/airspeed__type_support.c\n'}
[16.306360] (px4_msgs) StdoutLine: {'line': b'-- Up-to-date: /home/subhalaxmi/nidar_ws/install/px4_msgs/include/px4_msgs/px4_msgs/msg/detail/landing_gear_wheel__type_support.c\n'}
[16.306585] (px4_msgs) StdoutLine: {'line': b'-- Up-to-date: /home/subhalaxmi/nidar_ws/install/px4_msgs/include/px4_msgs/px4_msgs/msg/detail/trajectory_setpoint__rosidl_typesupport_introspection_c.h\n'}
[16.306822] (px4_msgs) StdoutLine: {'line': b'-- Up-to-date: /home/subhalaxmi/nidar_ws/install/px4_msgs/include/px4_msgs/px4_msgs/msg/detail/vehicle_thrust_setpoint__type_support.c\n'}
[16.307065] (px4_msgs) StdoutLine: {'line': b'-- Up-to-date: /home/subhalaxmi/nidar_ws/install/px4_msgs/include/px4_msgs/px4_msgs/msg/detail/rtl_status__rosidl_typesupport_introspection_c.h\n'}
[16.307276] (px4_msgs) StdoutLine: {'line': b'-- Up-to-date: /home/subhalaxmi/nidar_ws/install/px4_msgs/include/px4_msgs/px4_msgs/msg/detail/vehicle_land_detected__type_support.c\n'}
[16.307482] (px4_msgs) StdoutLine: {'line': b'-- Up-to-date: /home/subhalaxmi/nidar_ws/install/px4_msgs/include/px4_msgs/px4_msgs/msg/detail/estimator_aid_source2d__rosidl_typesupport_introspection_c.h\n'}
[16.307689] (px4_msgs) StdoutLine: {'line': b'-- Up-to-date: /home/subhalaxmi/nidar_ws/install/px4_msgs/include/px4_msgs/px4_msgs/msg/detail/debug_key_value__rosidl_typesupport_introspection_c.h\n'}
[16.311116] (px4_msgs) StdoutLine: {'line': b'-- Up-to-date: /home/subhalaxmi/nidar_ws/install/px4_msgs/include/px4_msgs/px4_msgs/msg/detail/cellular_status__type_support.c\n'}
[16.311449] (px4_msgs) StdoutLine: {'line': b'-- Up-to-date: /home/subhalaxmi/nidar_ws/install/px4_msgs/include/px4_msgs/px4_msgs/msg/detail/follow_target_status__type_support.c\n'}
[16.311664] (px4_msgs) StdoutLine: {'line': b'-- Up-to-date: /home/subhalaxmi/nidar_ws/install/px4_msgs/include/px4_msgs/px4_msgs/msg/detail/uavcan_parameter_request__type_support.c\n'}
[16.311893] (px4_msgs) StdoutLine: {'line': b'-- Up-to-date: /home/subhalaxmi/nidar_ws/install/px4_msgs/include/px4_msgs/px4_msgs/msg/detail/battery_info__type_support.c\n'}
[16.312128] (px4_msgs) StdoutLine: {'line': b'-- Up-to-date: /home/subhalaxmi/nidar_ws/install/px4_msgs/include/px4_msgs/px4_msgs/msg/detail/internal_combustion_engine_control__type_support.c\n'}
[16.312323] (px4_msgs) StdoutLine: {'line': b'-- Up-to-date: /home/subhalaxmi/nidar_ws/install/px4_msgs/include/px4_msgs/px4_msgs/msg/detail/register_ext_component_request__rosidl_typesupport_introspection_c.h\n'}
[16.312534] (px4_msgs) StdoutLine: {'line': b'-- Up-to-date: /home/subhalaxmi/nidar_ws/install/px4_msgs/include/px4_msgs/px4_msgs/msg/detail/vehicle_command_ack__type_support.c\n'}
[16.312720] (px4_msgs) StdoutLine: {'line': b'-- Up-to-date: /home/subhalaxmi/nidar_ws/install/px4_msgs/include/px4_msgs/px4_msgs/msg/detail/gimbal_manager_set_attitude__type_support.c\n'}
[16.313259] (px4_msgs) StdoutLine: {'line': b'-- Up-to-date: /home/subhalaxmi/nidar_ws/install/px4_msgs/include/px4_msgs/px4_msgs/msg/detail/onboard_computer_status__type_support.c\n'}
[16.313573] (px4_msgs) StdoutLine: {'line': b'-- Up-to-date: /home/subhalaxmi/nidar_ws/install/px4_msgs/include/px4_msgs/px4_msgs/msg/detail/vtol_vehicle_status__rosidl_typesupport_introspection_c.h\n'}
[16.313845] (px4_msgs) StdoutLine: {'line': b'-- Up-to-date: /home/subhalaxmi/nidar_ws/install/px4_msgs/include/px4_msgs/px4_msgs/msg/detail/gimbal_manager_status__type_support.c\n'}
[16.315052] (px4_msgs) StdoutLine: {'line': b'-- Up-to-date: /home/subhalaxmi/nidar_ws/install/px4_msgs/include/px4_msgs/px4_msgs/msg/detail/vehicle_magnetometer__type_support.c\n'}
[16.315336] (px4_msgs) StdoutLine: {'line': b'-- Up-to-date: /home/subhalaxmi/nidar_ws/install/px4_msgs/include/px4_msgs/px4_msgs/msg/detail/goto_setpoint__rosidl_typesupport_introspection_c.h\n'}
[16.315575] (px4_msgs) StdoutLine: {'line': b'-- Up-to-date: /home/subhalaxmi/nidar_ws/install/px4_msgs/include/px4_msgs/px4_msgs/msg/detail/debug_vect__type_support.c\n'}
[16.315814] (px4_msgs) StdoutLine: {'line': b'-- Up-to-date: /home/subhalaxmi/nidar_ws/install/px4_msgs/include/px4_msgs/px4_msgs/msg/detail/ulog_stream_ack__rosidl_typesupport_introspection_c.h\n'}
[16.316049] (px4_msgs) StdoutLine: {'line': b'-- Up-to-date: /home/subhalaxmi/nidar_ws/install/px4_msgs/include/px4_msgs/px4_msgs/msg/detail/manual_control_switches__type_support.c\n'}
[16.316255] (px4_msgs) StdoutLine: {'line': b'-- Up-to-date: /home/subhalaxmi/nidar_ws/install/px4_msgs/include/px4_msgs/px4_msgs/msg/detail/actuator_servos__type_support.c\n'}
[16.316454] (px4_msgs) StdoutLine: {'line': b'-- Up-to-date: /home/subhalaxmi/nidar_ws/install/px4_msgs/include/px4_msgs/px4_msgs/msg/detail/event__type_support.c\n'}
[16.316661] (px4_msgs) StdoutLine: {'line': b'-- Up-to-date: /home/subhalaxmi/nidar_ws/install/px4_msgs/include/px4_msgs/px4_msgs/msg/detail/config_overrides__type_support.c\n'}
[16.316884] (px4_msgs) StdoutLine: {'line': b'-- Up-to-date: /home/subhalaxmi/nidar_ws/install/px4_msgs/include/px4_msgs/px4_msgs/msg/detail/fixed_wing_runway_control__type_support.c\n'}
[16.317090] (px4_msgs) StdoutLine: {'line': b'-- Up-to-date: /home/subhalaxmi/nidar_ws/install/px4_msgs/include/px4_msgs/px4_msgs/msg/detail/normalized_unsigned_setpoint__type_support.c\n'}
[16.317273] (px4_msgs) StdoutLine: {'line': b'-- Up-to-date: /home/subhalaxmi/nidar_ws/install/px4_msgs/include/px4_msgs/px4_msgs/msg/detail/neural_control__type_support.c\n'}
[16.317482] (px4_msgs) StdoutLine: {'line': b'-- Up-to-date: /home/subhalaxmi/nidar_ws/install/px4_msgs/include/px4_msgs/px4_msgs/msg/detail/tiltrotor_extra_controls__rosidl_typesupport_introspection_c.h\n'}
[16.317664] (px4_msgs) StdoutLine: {'line': b'-- Up-to-date: /home/subhalaxmi/nidar_ws/install/px4_msgs/include/px4_msgs/px4_msgs/msg/detail/sensor_selection__type_support.c\n'}
[16.320035] (px4_msgs) StdoutLine: {'line': b'-- Up-to-date: /home/subhalaxmi/nidar_ws/install/px4_msgs/include/px4_msgs/px4_msgs/msg/detail/estimator_event_flags__type_support.c\n'}
[16.320466] (px4_msgs) StdoutLine: {'line': b'-- Up-to-date: /home/subhalaxmi/nidar_ws/install/px4_msgs/include/px4_msgs/px4_msgs/msg/detail/debug_array__type_support.c\n'}
[16.320885] (px4_msgs) StdoutLine: {'line': b'-- Up-to-date: /home/subhalaxmi/nidar_ws/install/px4_msgs/include/px4_msgs/px4_msgs/msg/detail/autotune_attitude_control_status__type_support.c\n'}
[16.323544] (px4_msgs) StdoutLine: {'line': b'-- Up-to-date: /home/subhalaxmi/nidar_ws/install/px4_msgs/include/px4_msgs/px4_msgs/msg/detail/cellular_status__rosidl_typesupport_introspection_c.h\n'}
[16.323869] (px4_msgs) StdoutLine: {'line': b'-- Up-to-date: /home/subhalaxmi/nidar_ws/install/px4_msgs/include/px4_msgs/px4_msgs/msg/detail/actuator_servos_trim__type_support.c\n'}
[16.324144] (px4_msgs) StdoutLine: {'line': b'-- Up-to-date: /home/subhalaxmi/nidar_ws/install/px4_msgs/include/px4_msgs/px4_msgs/msg/detail/rate_ctrl_status__type_support.c\n'}
[16.324381] (px4_msgs) StdoutLine: {'line': b'-- Up-to-date: /home/subhalaxmi/nidar_ws/install/px4_msgs/include/px4_msgs/px4_msgs/msg/detail/position_controller_status__rosidl_typesupport_introspection_c.h\n'}
[16.324612] (px4_msgs) StdoutLine: {'line': b'-- Up-to-date: /home/subhalaxmi/nidar_ws/install/px4_msgs/include/px4_msgs/px4_msgs/msg/detail/sensors_status__rosidl_typesupport_introspection_c.h\n'}
[16.324854] (px4_msgs) StdoutLine: {'line': b'-- Up-to-date: /home/subhalaxmi/nidar_ws/install/px4_msgs/include/px4_msgs/px4_msgs/msg/detail/gps_inject_data__rosidl_typesupport_introspection_c.h\n'}
[16.325244] (px4_msgs) StdoutLine: {'line': b'-- Up-to-date: /home/subhalaxmi/nidar_ws/install/px4_msgs/include/px4_msgs/px4_msgs/msg/detail/camera_trigger__rosidl_typesupport_introspection_c.h\n'}
[16.325537] (px4_msgs) StdoutLine: {'line': b'-- Up-to-date: /home/subhalaxmi/nidar_ws/install/px4_msgs/include/px4_msgs/px4_msgs/msg/detail/rover_speed_setpoint__rosidl_typesupport_introspection_c.h\n'}
[16.325827] (px4_msgs) StdoutLine: {'line': b'-- Up-to-date: /home/subhalaxmi/nidar_ws/install/px4_msgs/include/px4_msgs/px4_msgs/msg/detail/neural_control__rosidl_typesupport_introspection_c.h\n'}
[16.326136] (px4_msgs) StdoutLine: {'line': b'-- Up-to-date: /home/subhalaxmi/nidar_ws/install/px4_msgs/include/px4_msgs/px4_msgs/msg/detail/fuel_tank_status__type_support.c\n'}
[16.326450] (px4_msgs) StdoutLine: {'line': b'-- Up-to-date: /home/subhalaxmi/nidar_ws/install/px4_msgs/include/px4_msgs/px4_msgs/msg/detail/geofence_status__type_support.c\n'}
[16.326693] (px4_msgs) StdoutLine: {'line': b'-- Up-to-date: /home/subhalaxmi/nidar_ws/install/px4_msgs/include/px4_msgs/px4_msgs/msg/detail/irlock_report__rosidl_typesupport_introspection_c.h\n'}
[16.326927] (px4_msgs) StdoutLine: {'line': b'-- Up-to-date: /home/subhalaxmi/nidar_ws/install/px4_msgs/include/px4_msgs/px4_msgs/msg/detail/vehicle_imu_status__rosidl_typesupport_introspection_c.h\n'}
[16.327134] (px4_msgs) StdoutLine: {'line': b'-- Up-to-date: /home/subhalaxmi/nidar_ws/install/px4_msgs/include/px4_msgs/px4_msgs/msg/detail/sensor_correction__rosidl_typesupport_introspection_c.h\n'}
[16.327323] (px4_msgs) StdoutLine: {'line': b'-- Up-to-date: /home/subhalaxmi/nidar_ws/install/px4_msgs/include/px4_msgs/px4_msgs/msg/detail/geofence_result__rosidl_typesupport_introspection_c.h\n'}
[16.327511] (px4_msgs) StdoutLine: {'line': b'-- Up-to-date: /home/subhalaxmi/nidar_ws/install/px4_msgs/include/px4_msgs/px4_msgs/msg/detail/sensor_baro__type_support.c\n'}
[16.327695] (px4_msgs) StdoutLine: {'line': b'-- Up-to-date: /home/subhalaxmi/nidar_ws/install/px4_msgs/include/px4_msgs/px4_msgs/msg/detail/obstacle_distance__type_support.c\n'}
[16.329057] (px4_msgs) StdoutLine: {'line': b'-- Up-to-date: /home/subhalaxmi/nidar_ws/install/px4_msgs/include/px4_msgs/px4_msgs/msg/detail/landing_target_innovations__type_support.c\n'}
[16.331357] (px4_msgs) StdoutLine: {'line': b'-- Up-to-date: /home/subhalaxmi/nidar_ws/install/px4_msgs/include/px4_msgs/px4_msgs/msg/detail/landing_target_pose__rosidl_typesupport_introspection_c.h\n'}
[16.331631] (px4_msgs) StdoutLine: {'line': b'-- Up-to-date: /home/subhalaxmi/nidar_ws/install/px4_msgs/include/px4_msgs/px4_msgs/msg/detail/dronecan_node_status__rosidl_typesupport_introspection_c.h\n'}
[16.331855] (px4_msgs) StdoutLine: {'line': b'-- Up-to-date: /home/subhalaxmi/nidar_ws/install/px4_msgs/include/px4_msgs/px4_msgs/msg/detail/launch_detection_status__rosidl_typesupport_introspection_c.h\n'}
[16.332117] (px4_msgs) StdoutLine: {'line': b'-- Up-to-date: /home/subhalaxmi/nidar_ws/install/px4_msgs/include/px4_msgs/px4_msgs/msg/detail/mag_worker_data__rosidl_typesupport_introspection_c.h\n'}
[16.332387] (px4_msgs) StdoutLine: {'line': b'-- Up-to-date: /home/subhalaxmi/nidar_ws/install/px4_msgs/include/px4_msgs/px4_msgs/msg/detail/transponder_report__rosidl_typesupport_introspection_c.h\n'}
[16.332645] (px4_msgs) StdoutLine: {'line': b'-- Up-to-date: /home/subhalaxmi/nidar_ws/install/px4_msgs/include/px4_msgs/px4_msgs/msg/detail/config_overrides__rosidl_typesupport_introspection_c.h\n'}
[16.332891] (px4_msgs) StdoutLine: {'line': b'-- Up-to-date: /home/subhalaxmi/nidar_ws/install/px4_msgs/include/px4_msgs/px4_msgs/msg/detail/gimbal_controls__rosidl_typesupport_introspection_c.h\n'}
[16.333136] (px4_msgs) StdoutLine: {'line': b'-- Up-to-date: /home/subhalaxmi/nidar_ws/install/px4_msgs/include/px4_msgs/px4_msgs/msg/detail/vehicle_imu__type_support.c\n'}
[16.333362] (px4_msgs) StdoutLine: {'line': b'-- Up-to-date: /home/subhalaxmi/nidar_ws/install/px4_msgs/include/px4_msgs/px4_msgs/msg/detail/rover_attitude_status__type_support.c\n'}
[16.333549] (px4_msgs) StdoutLine: {'line': b'-- Up-to-date: /home/subhalaxmi/nidar_ws/install/px4_msgs/include/px4_msgs/px4_msgs/msg/detail/input_rc__type_support.c\n'}
[16.333728] (px4_msgs) StdoutLine: {'line': b'-- Up-to-date: /home/subhalaxmi/nidar_ws/install/px4_msgs/include/px4_msgs/px4_msgs/msg/detail/esc_report__type_support.c\n'}
[16.335456] (px4_msgs) StdoutLine: {'line': b'-- Up-to-date: /home/subhalaxmi/nidar_ws/install/px4_msgs/include/px4_msgs/px4_msgs/msg/detail/vehicle_global_position__rosidl_typesupport_introspection_c.h\n'}
[16.335822] (px4_msgs) StdoutLine: {'line': b'-- Up-to-date: /home/subhalaxmi/nidar_ws/install/px4_msgs/include/px4_msgs/px4_msgs/msg/detail/sensors_status_imu__type_support.c\n'}
[16.337244] (px4_msgs) StdoutLine: {'line': b'-- Up-to-date: /home/subhalaxmi/nidar_ws/install/px4_msgs/include/px4_msgs/px4_msgs/msg/detail/collision_constraints__rosidl_typesupport_introspection_c.h\n'}
[16.337552] (px4_msgs) StdoutLine: {'line': b'-- Up-to-date: /home/subhalaxmi/nidar_ws/install/px4_msgs/include/px4_msgs/px4_msgs/msg/detail/fixed_wing_longitudinal_setpoint__rosidl_typesupport_introspection_c.h\n'}
[16.337822] (px4_msgs) StdoutLine: {'line': b'-- Up-to-date: /home/subhalaxmi/nidar_ws/install/px4_msgs/include/px4_msgs/px4_msgs/msg/detail/dataman_response__rosidl_typesupport_introspection_c.h\n'}
[16.338098] (px4_msgs) StdoutLine: {'line': b'-- Up-to-date: /home/subhalaxmi/nidar_ws/install/px4_msgs/include/px4_msgs/px4_msgs/msg/detail/estimator_status__type_support.c\n'}
[16.338344] (px4_msgs) StdoutLine: {'line': b'-- Up-to-date: /home/subhalaxmi/nidar_ws/install/px4_msgs/include/px4_msgs/px4_msgs/msg/detail/vehicle_roi__type_support.c\n'}
[16.338590] (px4_msgs) StdoutLine: {'line': b'-- Up-to-date: /home/subhalaxmi/nidar_ws/install/px4_msgs/include/px4_msgs/px4_msgs/msg/detail/raptor_status__rosidl_typesupport_introspection_c.h\n'}
[16.338872] (px4_msgs) StdoutLine: {'line': b'-- Up-to-date: /home/subhalaxmi/nidar_ws/install/px4_msgs/include/px4_msgs/px4_msgs/msg/detail/sensor_gps__rosidl_typesupport_introspection_c.h\n'}
[16.341881] (px4_msgs) StdoutLine: {'line': b'-- Up-to-date: /home/subhalaxmi/nidar_ws/install/px4_msgs/include/px4_msgs/px4_msgs/msg/detail/vehicle_constraints__type_support.c\n'}
[16.342593] (px4_msgs) StdoutLine: {'line': b'-- Up-to-date: /home/subhalaxmi/nidar_ws/install/px4_msgs/include/px4_msgs/px4_msgs/msg/detail/lateral_control_configuration__rosidl_typesupport_introspection_c.h\n'}
[16.343055] (px4_msgs) StdoutLine: {'line': b'-- Up-to-date: /home/subhalaxmi/nidar_ws/install/px4_msgs/include/px4_msgs/px4_msgs/msg/detail/trajectory_setpoint6dof__type_support.c\n'}
[16.343515] (px4_msgs) StdoutLine: {'line': b'-- Up-to-date: /home/subhalaxmi/nidar_ws/install/px4_msgs/include/px4_msgs/px4_msgs/msg/detail/rover_throttle_setpoint__type_support.c\n'}
[16.347429] (px4_msgs) StdoutLine: {'line': b'-- Up-to-date: /home/subhalaxmi/nidar_ws/install/px4_msgs/include/px4_msgs/px4_msgs/msg/detail/sensor_accel_fifo__rosidl_typesupport_introspection_c.h\n'}
[16.349353] (-) TimerEvent: {}
[16.349779] (px4_msgs) StdoutLine: {'line': b'-- Up-to-date: /home/subhalaxmi/nidar_ws/install/px4_msgs/include/px4_msgs/px4_msgs/msg/detail/sensor_temp__rosidl_typesupport_introspection_c.h\n'}
[16.354231] (px4_msgs) StdoutLine: {'line': b'-- Up-to-date: /home/subhalaxmi/nidar_ws/install/px4_msgs/include/px4_msgs/px4_msgs/msg/detail/generator_status__type_support.c\n'}
[16.356279] (px4_msgs) StdoutLine: {'line': b'-- Up-to-date: /home/subhalaxmi/nidar_ws/install/px4_msgs/include/px4_msgs/px4_msgs/msg/detail/vehicle_thrust_setpoint__rosidl_typesupport_introspection_c.h\n'}
[16.357208] (px4_msgs) StdoutLine: {'line': b'-- Up-to-date: /home/subhalaxmi/nidar_ws/install/px4_msgs/include/px4_msgs/px4_msgs/msg/detail/sensor_optical_flow__rosidl_typesupport_introspection_c.h\n'}
[16.359513] (px4_msgs) StdoutLine: {'line': b'-- Up-to-date: /home/subhalaxmi/nidar_ws/install/px4_msgs/include/px4_msgs/px4_msgs/msg/detail/timesync_status__rosidl_typesupport_introspection_c.h\n'}
[16.361131] (px4_msgs) StdoutLine: {'line': b'-- Up-to-date: /home/subhalaxmi/nidar_ws/install/px4_msgs/include/px4_msgs/px4_msgs/msg/detail/sensor_temp__type_support.c\n'}
[16.361401] (px4_msgs) StdoutLine: {'line': b'-- Up-to-date: /home/subhalaxmi/nidar_ws/install/px4_msgs/include/px4_msgs/px4_msgs/msg/detail/follow_target_status__rosidl_typesupport_introspection_c.h\n'}
[16.361645] (px4_msgs) StdoutLine: {'line': b'-- Up-to-date: /home/subhalaxmi/nidar_ws/install/px4_msgs/include/px4_msgs/px4_msgs/msg/detail/open_drone_id_self_id__rosidl_typesupport_introspection_c.h\n'}
[16.361930] (px4_msgs) StdoutLine: {'line': b'-- Up-to-date: /home/subhalaxmi/nidar_ws/install/px4_msgs/include/px4_msgs/px4_msgs/msg/detail/button_event__type_support.c\n'}
[16.363559] (px4_msgs) StdoutLine: {'line': b'-- Up-to-date: /home/subhalaxmi/nidar_ws/install/px4_msgs/include/px4_msgs/px4_msgs/msg/detail/gpio_in__type_support.c\n'}
[16.363862] (px4_msgs) StdoutLine: {'line': b'-- Up-to-date: /home/subhalaxmi/nidar_ws/install/px4_msgs/include/px4_msgs/px4_msgs/msg/detail/rover_speed_setpoint__type_support.c\n'}
[16.364108] (px4_msgs) StdoutLine: {'line': b'-- Up-to-date: /home/subhalaxmi/nidar_ws/install/px4_msgs/include/px4_msgs/px4_msgs/msg/detail/rover_rate_status__rosidl_typesupport_introspection_c.h\n'}
[16.368338] (px4_msgs) StdoutLine: {'line': b'-- Up-to-date: /home/subhalaxmi/nidar_ws/install/px4_msgs/include/px4_msgs/px4_msgs/msg/detail/airspeed_wind__type_support.c\n'}
[16.368656] (px4_msgs) StdoutLine: {'line': b'-- Up-to-date: /home/subhalaxmi/nidar_ws/install/px4_msgs/include/px4_msgs/px4_msgs/msg/detail/input_rc__rosidl_typesupport_introspection_c.h\n'}
[16.368915] (px4_msgs) StdoutLine: {'line': b'-- Up-to-date: /home/subhalaxmi/nidar_ws/install/px4_msgs/include/px4_msgs/px4_msgs/msg/detail/debug_vect__rosidl_typesupport_introspection_c.h\n'}
[16.375798] (px4_msgs) StdoutLine: {'line': b'-- Up-to-date: /home/subhalaxmi/nidar_ws/install/px4_msgs/include/px4_msgs/px4_msgs/msg/detail/log_message__type_support.c\n'}
[16.376066] (px4_msgs) StdoutLine: {'line': b'-- Up-to-date: /home/subhalaxmi/nidar_ws/install/px4_msgs/include/px4_msgs/px4_msgs/msg/detail/vehicle_attitude_setpoint__type_support.c\n'}
[16.376291] (px4_msgs) StdoutLine: {'line': b'-- Up-to-date: /home/subhalaxmi/nidar_ws/install/px4_msgs/include/px4_msgs/px4_msgs/msg/detail/geofence_status__rosidl_typesupport_introspection_c.h\n'}
[16.376511] (px4_msgs) StdoutLine: {'line': b'-- Up-to-date: /home/subhalaxmi/nidar_ws/install/px4_msgs/include/px4_msgs/px4_msgs/msg/detail/register_ext_component_reply__type_support.c\n'}
[16.376757] (px4_msgs) StdoutLine: {'line': b'-- Up-to-date: /home/subhalaxmi/nidar_ws/install/px4_msgs/include/px4_msgs/px4_msgs/msg/detail/position_setpoint__type_support.c\n'}
[16.378387] (px4_msgs) StdoutLine: {'line': b'-- Up-to-date: /home/subhalaxmi/nidar_ws/install/px4_msgs/include/px4_msgs/px4_msgs/msg/detail/actuator_servos__rosidl_typesupport_introspection_c.h\n'}
[16.378745] (px4_msgs) StdoutLine: {'line': b'-- Up-to-date: /home/subhalaxmi/nidar_ws/install/px4_msgs/include/px4_msgs/px4_msgs/msg/detail/debug_value__type_support.c\n'}
[16.379024] (px4_msgs) StdoutLine: {'line': b'-- Up-to-date: /home/subhalaxmi/nidar_ws/install/px4_msgs/include/px4_msgs/px4_msgs/msg/detail/fixed_wing_lateral_setpoint__rosidl_typesupport_introspection_c.h\n'}
[16.379249] (px4_msgs) StdoutLine: {'line': b'-- Up-to-date: /home/subhalaxmi/nidar_ws/install/px4_msgs/include/px4_msgs/px4_msgs/msg/detail/internal_combustion_engine_status__type_support.c\n'}
[16.379464] (px4_msgs) StdoutLine: {'line': b'-- Up-to-date: /home/subhalaxmi/nidar_ws/install/px4_msgs/include/px4_msgs/px4_msgs/msg/detail/sensor_accel__rosidl_typesupport_introspection_c.h\n'}
[16.379667] (px4_msgs) StdoutLine: {'line': b'-- Up-to-date: /home/subhalaxmi/nidar_ws/install/px4_msgs/include/px4_msgs/px4_msgs/msg/detail/failsafe_flags__rosidl_typesupport_introspection_c.h\n'}
[16.379896] (px4_msgs) StdoutLine: {'line': b'-- Up-to-date: /home/subhalaxmi/nidar_ws/install/px4_msgs/include/px4_msgs/px4_msgs/msg/detail/dronecan_node_status__type_support.c\n'}
[16.380105] (px4_msgs) StdoutLine: {'line': b'-- Up-to-date: /home/subhalaxmi/nidar_ws/install/px4_msgs/include/px4_msgs/px4_msgs/msg/detail/actuator_armed__rosidl_typesupport_introspection_c.h\n'}
[16.380312] (px4_msgs) StdoutLine: {'line': b'-- Up-to-date: /home/subhalaxmi/nidar_ws/install/px4_msgs/include/px4_msgs/px4_msgs/msg/detail/px4io_status__rosidl_typesupport_introspection_c.h\n'}
[16.380526] (px4_msgs) StdoutLine: {'line': b'-- Up-to-date: /home/subhalaxmi/nidar_ws/install/px4_msgs/include/px4_msgs/px4_msgs/msg/detail/ekf2_timestamps__type_support.c\n'}
[16.380745] (px4_msgs) StdoutLine: {'line': b'-- Up-to-date: /home/subhalaxmi/nidar_ws/install/px4_msgs/include/px4_msgs/px4_msgs/msg/detail/led_control__rosidl_typesupport_introspection_c.h\n'}
[16.384225] (px4_msgs) StdoutLine: {'line': b'-- Up-to-date: /home/subhalaxmi/nidar_ws/install/px4_msgs/include/px4_msgs/px4_msgs/msg/detail/home_position__rosidl_typesupport_introspection_c.h\n'}
[16.384524] (px4_msgs) StdoutLine: {'line': b'-- Up-to-date: /home/subhalaxmi/nidar_ws/install/px4_msgs/include/px4_msgs/px4_msgs/msg/detail/gpio_request__type_support.c\n'}
[16.384765] (px4_msgs) StdoutLine: {'line': b'-- Up-to-date: /home/subhalaxmi/nidar_ws/install/px4_msgs/include/px4_msgs/px4_msgs/msg/detail/arming_check_request__type_support.c\n'}
[16.385099] (px4_msgs) StdoutLine: {'line': b'-- Up-to-date: /home/subhalaxmi/nidar_ws/install/px4_msgs/include/px4_msgs/px4_msgs/msg/detail/gimbal_manager_status__rosidl_typesupport_introspection_c.h\n'}
[16.386560] (px4_msgs) StdoutLine: {'line': b'-- Up-to-date: /home/subhalaxmi/nidar_ws/install/px4_msgs/include/px4_msgs/px4_msgs/msg/detail/ulog_stream_ack__type_support.c\n'}
[16.386831] (px4_msgs) StdoutLine: {'line': b'-- Up-to-date: /home/subhalaxmi/nidar_ws/install/px4_msgs/include/px4_msgs/px4_msgs/msg/detail/rate_ctrl_status__rosidl_typesupport_introspection_c.h\n'}
[16.387357] (px4_msgs) StdoutLine: {'line': b'-- Up-to-date: /home/subhalaxmi/nidar_ws/install/px4_msgs/include/px4_msgs/px4_msgs/msg/detail/satellite_info__rosidl_typesupport_introspection_c.h\n'}
[16.389763] (px4_msgs) StdoutLine: {'line': b'-- Up-to-date: /home/subhalaxmi/nidar_ws/install/px4_msgs/include/px4_msgs/px4_msgs/msg/detail/transponder_report__type_support.c\n'}
[16.390522] (px4_msgs) StdoutLine: {'line': b'-- Up-to-date: /home/subhalaxmi/nidar_ws/install/px4_msgs/include/px4_msgs/px4_msgs/msg/detail/trajectory_setpoint6dof__rosidl_typesupport_introspection_c.h\n'}
[16.390878] (px4_msgs) StdoutLine: {'line': b'-- Up-to-date: /home/subhalaxmi/nidar_ws/install/px4_msgs/include/px4_msgs/px4_msgs/msg/detail/navigator_status__rosidl_typesupport_introspection_c.h\n'}
[16.391933] (px4_msgs) StdoutLine: {'line': b'-- Up-to-date: /home/subhalaxmi/nidar_ws/install/px4_msgs/include/px4_msgs/px4_msgs/msg/detail/fixed_wing_lateral_guidance_status__type_support.c\n'}
[16.392279] (px4_msgs) StdoutLine: {'line': b'-- Up-to-date: /home/subhalaxmi/nidar_ws/install/px4_msgs/include/px4_msgs/px4_msgs/msg/detail/vehicle_rates_setpoint__rosidl_typesupport_introspection_c.h\n'}
[16.392540] (px4_msgs) StdoutLine: {'line': b'-- Up-to-date: /home/subhalaxmi/nidar_ws/install/px4_msgs/include/px4_msgs/px4_msgs/msg/detail/gimbal_manager_information__rosidl_typesupport_introspection_c.h\n'}
[16.392756] (px4_msgs) StdoutLine: {'line': b'-- Up-to-date: /home/subhalaxmi/nidar_ws/install/px4_msgs/include/px4_msgs/px4_msgs/msg/detail/device_information__type_support.c\n'}
[16.394139] (px4_msgs) StdoutLine: {'line': b'-- Up-to-date: /home/subhalaxmi/nidar_ws/install/px4_msgs/include/px4_msgs/px4_msgs/msg/detail/unregister_ext_component__type_support.c\n'}
[16.394372] (px4_msgs) StdoutLine: {'line': b'-- Up-to-date: /home/subhalaxmi/nidar_ws/install/px4_msgs/include/px4_msgs/px4_msgs/msg/detail/uavcan_parameter_value__rosidl_typesupport_introspection_c.h\n'}
[16.394591] (px4_msgs) StdoutLine: {'line': b'-- Up-to-date: /home/subhalaxmi/nidar_ws/install/px4_msgs/include/px4_msgs/px4_msgs/msg/detail/fixed_wing_lateral_status__rosidl_typesupport_introspection_c.h\n'}
[16.394829] (px4_msgs) StdoutLine: {'line': b'-- Up-to-date: /home/subhalaxmi/nidar_ws/install/px4_msgs/include/px4_msgs/px4_msgs/msg/detail/event__rosidl_typesupport_introspection_c.h\n'}
[16.395045] (px4_msgs) StdoutLine: {'line': b'-- Up-to-date: /home/subhalaxmi/nidar_ws/install/px4_msgs/include/px4_msgs/px4_msgs/msg/detail/open_drone_id_operator_id__type_support.c\n'}
[16.397783] (px4_msgs) StdoutLine: {'line': b'-- Up-to-date: /home/subhalaxmi/nidar_ws/install/px4_msgs/include/px4_msgs/px4_msgs/msg/detail/generator_status__rosidl_typesupport_introspection_c.h\n'}
[16.398263] (px4_msgs) StdoutLine: {'line': b'-- Up-to-date: /home/subhalaxmi/nidar_ws/install/px4_msgs/include/px4_msgs/px4_msgs/msg/detail/sensor_gps__type_support.c\n'}
[16.398566] (px4_msgs) StdoutLine: {'line': b'-- Up-to-date: /home/subhalaxmi/nidar_ws/install/px4_msgs/include/px4_msgs/px4_msgs/msg/detail/vehicle_acceleration__type_support.c\n'}
[16.398867] (px4_msgs) StdoutLine: {'line': b'-- Up-to-date: /home/subhalaxmi/nidar_ws/install/px4_msgs/include/px4_msgs/px4_msgs/msg/detail/rover_position_setpoint__rosidl_typesupport_introspection_c.h\n'}
[16.399679] (px4_msgs) StdoutLine: {'line': b'-- Up-to-date: /home/subhalaxmi/nidar_ws/install/px4_msgs/include/px4_msgs/px4_msgs/msg/detail/mission__type_support.c\n'}
[16.400038] (px4_msgs) StdoutLine: {'line': b'-- Up-to-date: /home/subhalaxmi/nidar_ws/install/px4_msgs/include/px4_msgs/px4_msgs/msg/detail/gps_dump__rosidl_typesupport_introspection_c.h\n'}
[16.400327] (px4_msgs) StdoutLine: {'line': b'-- Up-to-date: /home/subhalaxmi/nidar_ws/install/px4_msgs/include/px4_msgs/px4_msgs/msg/detail/orb_test_large__rosidl_typesupport_introspection_c.h\n'}
[16.400571] (px4_msgs) StdoutLine: {'line': b'-- Up-to-date: /home/subhalaxmi/nidar_ws/install/px4_msgs/include/px4_msgs/px4_msgs/msg/detail/mavlink_log__type_support.c\n'}
[16.400819] (px4_msgs) StdoutLine: {'line': b'-- Up-to-date: /home/subhalaxmi/nidar_ws/install/px4_msgs/include/px4_msgs/px4_msgs/msg/detail/lateral_control_configuration__type_support.c\n'}
[16.401104] (px4_msgs) StdoutLine: {'line': b'-- Up-to-date: /home/subhalaxmi/nidar_ws/install/px4_msgs/include/px4_msgs/px4_msgs/msg/detail/longitudinal_control_configuration__rosidl_typesupport_introspection_c.h\n'}
[16.401358] (px4_msgs) StdoutLine: {'line': b'-- Up-to-date: /home/subhalaxmi/nidar_ws/install/px4_msgs/include/px4_msgs/px4_msgs/msg/detail/gpio_in__rosidl_typesupport_introspection_c.h\n'}
[16.401604] (px4_msgs) StdoutLine: {'line': b'-- Up-to-date: /home/subhalaxmi/nidar_ws/install/px4_msgs/include/px4_msgs/px4_msgs/srv\n'}
[16.403969] (px4_msgs) StdoutLine: {'line': b'-- Up-to-date: /home/subhalaxmi/nidar_ws/install/px4_msgs/include/px4_msgs/px4_msgs/srv/detail\n'}
[16.404513] (px4_msgs) StdoutLine: {'line': b'-- Up-to-date: /home/subhalaxmi/nidar_ws/install/px4_msgs/include/px4_msgs/px4_msgs/srv/detail/vehicle_command__type_support.c\n'}
[16.404985] (px4_msgs) StdoutLine: {'line': b'-- Up-to-date: /home/subhalaxmi/nidar_ws/install/px4_msgs/include/px4_msgs/px4_msgs/srv/detail/vehicle_command__rosidl_typesupport_introspection_c.h\n'}
[16.405448] (px4_msgs) StdoutLine: {'line': b'-- Up-to-date: /home/subhalaxmi/nidar_ws/install/px4_msgs/lib/libpx4_msgs__rosidl_typesupport_introspection_c.so\n'}
[16.405822] (px4_msgs) StdoutLine: {'line': b'-- Up-to-date: /home/subhalaxmi/nidar_ws/install/px4_msgs/lib/libpx4_msgs__rosidl_typesupport_c.so\n'}
[16.409355] (px4_msgs) StdoutLine: {'line': b'-- Up-to-date: /home/subhalaxmi/nidar_ws/install/px4_msgs/include/px4_msgs/px4_msgs\n'}
[16.410128] (px4_msgs) StdoutLine: {'line': b'-- Up-to-date: /home/subhalaxmi/nidar_ws/install/px4_msgs/include/px4_msgs/px4_msgs/msg\n'}
[16.413914] (px4_msgs) StdoutLine: {'line': b'-- Up-to-date: /home/subhalaxmi/nidar_ws/install/px4_msgs/include/px4_msgs/px4_msgs/msg/detail\n'}
[16.415504] (px4_msgs) StdoutLine: {'line': b'-- Up-to-date: /home/subhalaxmi/nidar_ws/install/px4_msgs/include/px4_msgs/px4_msgs/msg/detail/rover_position_setpoint__rosidl_typesupport_introspection_cpp.hpp\n'}
[16.418176] (px4_msgs) StdoutLine: {'line': b'-- Up-to-date: /home/subhalaxmi/nidar_ws/install/px4_msgs/include/px4_msgs/px4_msgs/msg/detail/estimator_status_flags__type_support.cpp\n'}
[16.418460] (px4_msgs) StdoutLine: {'line': b'-- Up-to-date: /home/subhalaxmi/nidar_ws/install/px4_msgs/include/px4_msgs/px4_msgs/msg/detail/battery_info__rosidl_typesupport_introspection_cpp.hpp\n'}
[16.418693] (px4_msgs) StdoutLine: {'line': b'-- Up-to-date: /home/subhalaxmi/nidar_ws/install/px4_msgs/include/px4_msgs/px4_msgs/msg/detail/dronecan_node_status__rosidl_typesupport_introspection_cpp.hpp\n'}
[16.418969] (px4_msgs) StdoutLine: {'line': b'-- Up-to-date: /home/subhalaxmi/nidar_ws/install/px4_msgs/include/px4_msgs/px4_msgs/msg/detail/gpio_config__rosidl_typesupport_introspection_cpp.hpp\n'}
[16.419993] (px4_msgs) StdoutLine: {'line': b'-- Up-to-date: /home/subhalaxmi/nidar_ws/install/px4_msgs/include/px4_msgs/px4_msgs/msg/detail/control_allocator_status__type_support.cpp\n'}
[16.424932] (px4_msgs) StdoutLine: {'line': b'-- Up-to-date: /home/subhalaxmi/nidar_ws/install/px4_msgs/include/px4_msgs/px4_msgs/msg/detail/vehicle_local_position_setpoint__rosidl_typesupport_introspection_cpp.hpp\n'}
[16.425457] (px4_msgs) StdoutLine: {'line': b'-- Up-to-date: /home/subhalaxmi/nidar_ws/install/px4_msgs/include/px4_msgs/px4_msgs/msg/detail/landing_gear__rosidl_typesupport_introspection_cpp.hpp\n'}
[16.425740] (px4_msgs) StdoutLine: {'line': b'-- Up-to-date: /home/subhalaxmi/nidar_ws/install/px4_msgs/include/px4_msgs/px4_msgs/msg/detail/arming_check_request__type_support.cpp\n'}
[16.426036] (px4_msgs) StdoutLine: {'line': b'-- Up-to-date: /home/subhalaxmi/nidar_ws/install/px4_msgs/include/px4_msgs/px4_msgs/msg/detail/power_button_state__rosidl_typesupport_introspection_cpp.hpp\n'}
[16.426331] (px4_msgs) StdoutLine: {'line': b'-- Up-to-date: /home/subhalaxmi/nidar_ws/install/px4_msgs/include/px4_msgs/px4_msgs/msg/detail/log_message__type_support.cpp\n'}
[16.426581] (px4_msgs) StdoutLine: {'line': b'-- Up-to-date: /home/subhalaxmi/nidar_ws/install/px4_msgs/include/px4_msgs/px4_msgs/msg/detail/pwm_input__rosidl_typesupport_introspection_cpp.hpp\n'}
[16.426829] (px4_msgs) StdoutLine: {'line': b'-- Up-to-date: /home/subhalaxmi/nidar_ws/install/px4_msgs/include/px4_msgs/px4_msgs/msg/detail/fixed_wing_runway_control__type_support.cpp\n'}
[16.429057] (px4_msgs) StdoutLine: {'line': b'-- Up-to-date: /home/subhalaxmi/nidar_ws/install/px4_msgs/include/px4_msgs/px4_msgs/msg/detail/open_drone_id_self_id__type_support.cpp\n'}
[16.429573] (px4_msgs) StdoutLine: {'line': b'-- Up-to-date: /home/subhalaxmi/nidar_ws/install/px4_msgs/include/px4_msgs/px4_msgs/msg/detail/hover_thrust_estimate__type_support.cpp\n'}
[16.429882] (px4_msgs) StdoutLine: {'line': b'-- Up-to-date: /home/subhalaxmi/nidar_ws/install/px4_msgs/include/px4_msgs/px4_msgs/msg/detail/register_ext_component_request__rosidl_typesupport_introspection_cpp.hpp\n'}
[16.430215] (px4_msgs) StdoutLine: {'line': b'-- Up-to-date: /home/subhalaxmi/nidar_ws/install/px4_msgs/include/px4_msgs/px4_msgs/msg/detail/vehicle_angular_velocity__type_support.cpp\n'}
[16.430512] (px4_msgs) StdoutLine: {'line': b'-- Up-to-date: /home/subhalaxmi/nidar_ws/install/px4_msgs/include/px4_msgs/px4_msgs/msg/detail/fixed_wing_lateral_guidance_status__type_support.cpp\n'}
[16.430765] (px4_msgs) StdoutLine: {'line': b'-- Up-to-date: /home/subhalaxmi/nidar_ws/install/px4_msgs/include/px4_msgs/px4_msgs/msg/detail/landing_gear_wheel__rosidl_typesupport_introspection_cpp.hpp\n'}
[16.434230] (px4_msgs) StdoutLine: {'line': b'-- Up-to-date: /home/subhalaxmi/nidar_ws/install/px4_msgs/include/px4_msgs/px4_msgs/msg/detail/adc_report__type_support.cpp\n'}
[16.434511] (px4_msgs) StdoutLine: {'line': b'-- Up-to-date: /home/subhalaxmi/nidar_ws/install/px4_msgs/include/px4_msgs/px4_msgs/msg/detail/timesync_status__type_support.cpp\n'}
[16.434744] (px4_msgs) StdoutLine: {'line': b'-- Up-to-date: /home/subhalaxmi/nidar_ws/install/px4_msgs/include/px4_msgs/px4_msgs/msg/detail/timesync_status__rosidl_typesupport_introspection_cpp.hpp\n'}
[16.435004] (px4_msgs) StdoutLine: {'line': b'-- Up-to-date: /home/subhalaxmi/nidar_ws/install/px4_msgs/include/px4_msgs/px4_msgs/msg/detail/estimator_aid_source2d__rosidl_typesupport_introspection_cpp.hpp\n'}
[16.435230] (px4_msgs) StdoutLine: {'line': b'-- Up-to-date: /home/subhalaxmi/nidar_ws/install/px4_msgs/include/px4_msgs/px4_msgs/msg/detail/rover_rate_setpoint__rosidl_typesupport_introspection_cpp.hpp\n'}
[16.435484] (px4_msgs) StdoutLine: {'line': b'-- Up-to-date: /home/subhalaxmi/nidar_ws/install/px4_msgs/include/px4_msgs/px4_msgs/msg/detail/figure_eight_status__type_support.cpp\n'}
[16.436246] (px4_msgs) StdoutLine: {'line': b'-- Up-to-date: /home/subhalaxmi/nidar_ws/install/px4_msgs/include/px4_msgs/px4_msgs/msg/detail/sensors_status__type_support.cpp\n'}
[16.436638] (px4_msgs) StdoutLine: {'line': b'-- Up-to-date: /home/subhalaxmi/nidar_ws/install/px4_msgs/include/px4_msgs/px4_msgs/msg/detail/distance_sensor_mode_change_request__type_support.cpp\n'}
[16.437143] (px4_msgs) StdoutLine: {'line': b'-- Up-to-date: /home/subhalaxmi/nidar_ws/install/px4_msgs/include/px4_msgs/px4_msgs/msg/detail/camera_capture__rosidl_typesupport_introspection_cpp.hpp\n'}
[16.439893] (px4_msgs) StdoutLine: {'line': b'-- Up-to-date: /home/subhalaxmi/nidar_ws/install/px4_msgs/include/px4_msgs/px4_msgs/msg/detail/estimator_innovations__type_support.cpp\n'}
[16.440325] (px4_msgs) StdoutLine: {'line': b'-- Up-to-date: /home/subhalaxmi/nidar_ws/install/px4_msgs/include/px4_msgs/px4_msgs/msg/detail/rover_throttle_setpoint__rosidl_typesupport_introspection_cpp.hpp\n'}
[16.440611] (px4_msgs) StdoutLine: {'line': b'-- Up-to-date: /home/subhalaxmi/nidar_ws/install/px4_msgs/include/px4_msgs/px4_msgs/msg/detail/follow_target_estimator__rosidl_typesupport_introspection_cpp.hpp\n'}
[16.440953] (px4_msgs) StdoutLine: {'line': b'-- Up-to-date: /home/subhalaxmi/nidar_ws/install/px4_msgs/include/px4_msgs/px4_msgs/msg/detail/vehicle_status__type_support.cpp\n'}
[16.441289] (px4_msgs) StdoutLine: {'line': b'-- Up-to-date: /home/subhalaxmi/nidar_ws/install/px4_msgs/include/px4_msgs/px4_msgs/msg/detail/home_position__rosidl_typesupport_introspection_cpp.hpp\n'}
[16.441585] (px4_msgs) StdoutLine: {'line': b'-- Up-to-date: /home/subhalaxmi/nidar_ws/install/px4_msgs/include/px4_msgs/px4_msgs/msg/detail/device_information__rosidl_typesupport_introspection_cpp.hpp\n'}
[16.441936] (px4_msgs) StdoutLine: {'line': b'-- Up-to-date: /home/subhalaxmi/nidar_ws/install/px4_msgs/include/px4_msgs/px4_msgs/msg/detail/rover_speed_status__type_support.cpp\n'}
[16.442289] (px4_msgs) StdoutLine: {'line': b'-- Up-to-date: /home/subhalaxmi/nidar_ws/install/px4_msgs/include/px4_msgs/px4_msgs/msg/detail/open_drone_id_arm_status__type_support.cpp\n'}
[16.442548] (px4_msgs) StdoutLine: {'line': b'-- Up-to-date: /home/subhalaxmi/nidar_ws/install/px4_msgs/include/px4_msgs/px4_msgs/msg/detail/sensor_correction__rosidl_typesupport_introspection_cpp.hpp\n'}
[16.442824] (px4_msgs) StdoutLine: {'line': b'-- Up-to-date: /home/subhalaxmi/nidar_ws/install/px4_msgs/include/px4_msgs/px4_msgs/msg/detail/input_rc__rosidl_typesupport_introspection_cpp.hpp\n'}
[16.445203] (px4_msgs) StdoutLine: {'line': b'-- Up-to-date: /home/subhalaxmi/nidar_ws/install/px4_msgs/include/px4_msgs/px4_msgs/msg/detail/gimbal_device_attitude_status__rosidl_typesupport_introspection_cpp.hpp\n'}
[16.445486] (px4_msgs) StdoutLine: {'line': b'-- Up-to-date: /home/subhalaxmi/nidar_ws/install/px4_msgs/include/px4_msgs/px4_msgs/msg/detail/message_format_response__rosidl_typesupport_introspection_cpp.hpp\n'}
[16.445746] (px4_msgs) StdoutLine: {'line': b'-- Up-to-date: /home/subhalaxmi/nidar_ws/install/px4_msgs/include/px4_msgs/px4_msgs/msg/detail/follow_target__rosidl_typesupport_introspection_cpp.hpp\n'}
[16.446075] (px4_msgs) StdoutLine: {'line': b'-- Up-to-date: /home/subhalaxmi/nidar_ws/install/px4_msgs/include/px4_msgs/px4_msgs/msg/detail/ping__type_support.cpp\n'}
[16.446318] (px4_msgs) StdoutLine: {'line': b'-- Up-to-date: /home/subhalaxmi/nidar_ws/install/px4_msgs/include/px4_msgs/px4_msgs/msg/detail/obstacle_distance__type_support.cpp\n'}
[16.446542] (px4_msgs) StdoutLine: {'line': b'-- Up-to-date: /home/subhalaxmi/nidar_ws/install/px4_msgs/include/px4_msgs/px4_msgs/msg/detail/radio_status__type_support.cpp\n'}
[16.446746] (px4_msgs) StdoutLine: {'line': b'-- Up-to-date: /home/subhalaxmi/nidar_ws/install/px4_msgs/include/px4_msgs/px4_msgs/msg/detail/flight_phase_estimation__type_support.cpp\n'}
[16.448091] (px4_msgs) StdoutLine: {'line': b'-- Up-to-date: /home/subhalaxmi/nidar_ws/install/px4_msgs/include/px4_msgs/px4_msgs/msg/detail/cellular_status__rosidl_typesupport_introspection_cpp.hpp\n'}
[16.453108] (-) TimerEvent: {}
[16.453551] (px4_msgs) StdoutLine: {'line': b'-- Up-to-date: /home/subhalaxmi/nidar_ws/install/px4_msgs/include/px4_msgs/px4_msgs/msg/detail/rtl_time_estimate__type_support.cpp\n'}
[16.454001] (px4_msgs) StdoutLine: {'line': b'-- Up-to-date: /home/subhalaxmi/nidar_ws/install/px4_msgs/include/px4_msgs/px4_msgs/msg/detail/gpio_request__rosidl_typesupport_introspection_cpp.hpp\n'}
[16.454329] (px4_msgs) StdoutLine: {'line': b'-- Up-to-date: /home/subhalaxmi/nidar_ws/install/px4_msgs/include/px4_msgs/px4_msgs/msg/detail/geofence_result__type_support.cpp\n'}
[16.454606] (px4_msgs) StdoutLine: {'line': b'-- Up-to-date: /home/subhalaxmi/nidar_ws/install/px4_msgs/include/px4_msgs/px4_msgs/msg/detail/launch_detection_status__type_support.cpp\n'}
[16.454866] (px4_msgs) StdoutLine: {'line': b'-- Up-to-date: /home/subhalaxmi/nidar_ws/install/px4_msgs/include/px4_msgs/px4_msgs/msg/detail/vehicle_imu_status__rosidl_typesupport_introspection_cpp.hpp\n'}
[16.455189] (px4_msgs) StdoutLine: {'line': b'-- Up-to-date: /home/subhalaxmi/nidar_ws/install/px4_msgs/include/px4_msgs/px4_msgs/msg/detail/led_control__rosidl_typesupport_introspection_cpp.hpp\n'}
[16.455520] (px4_msgs) StdoutLine: {'line': b'-- Up-to-date: /home/subhalaxmi/nidar_ws/install/px4_msgs/include/px4_msgs/px4_msgs/msg/detail/fuel_tank_status__rosidl_typesupport_introspection_cpp.hpp\n'}
[16.460086] (px4_msgs) StdoutLine: {'line': b'-- Up-to-date: /home/subhalaxmi/nidar_ws/install/px4_msgs/include/px4_msgs/px4_msgs/msg/detail/cpuload__type_support.cpp\n'}
[16.461283] (px4_msgs) StdoutLine: {'line': b'-- Up-to-date: /home/subhalaxmi/nidar_ws/install/px4_msgs/include/px4_msgs/px4_msgs/msg/detail/gimbal_manager_information__type_support.cpp\n'}
[16.461989] (px4_msgs) StdoutLine: {'line': b'-- Up-to-date: /home/subhalaxmi/nidar_ws/install/px4_msgs/include/px4_msgs/px4_msgs/msg/detail/power_button_state__type_support.cpp\n'}
[16.465651] (px4_msgs) StdoutLine: {'line': b'-- Up-to-date: /home/subhalaxmi/nidar_ws/install/px4_msgs/include/px4_msgs/px4_msgs/msg/detail/follow_target_status__type_support.cpp\n'}
[16.466748] (px4_msgs) StdoutLine: {'line': b'-- Up-to-date: /home/subhalaxmi/nidar_ws/install/px4_msgs/include/px4_msgs/px4_msgs/msg/detail/parameter_set_value_request__type_support.cpp\n'}
[16.467630] (px4_msgs) StdoutLine: {'line': b'-- Up-to-date: /home/subhalaxmi/nidar_ws/install/px4_msgs/include/px4_msgs/px4_msgs/msg/detail/vehicle_attitude__rosidl_typesupport_introspection_cpp.hpp\n'}
[16.468789] (px4_msgs) StdoutLine: {'line': b'-- Up-to-date: /home/subhalaxmi/nidar_ws/install/px4_msgs/include/px4_msgs/px4_msgs/msg/detail/internal_combustion_engine_status__type_support.cpp\n'}
[16.471025] (px4_msgs) StdoutLine: {'line': b'-- Up-to-date: /home/subhalaxmi/nidar_ws/install/px4_msgs/include/px4_msgs/px4_msgs/msg/detail/sensor_optical_flow__rosidl_typesupport_introspection_cpp.hpp\n'}
[16.471485] (px4_msgs) StdoutLine: {'line': b'-- Up-to-date: /home/subhalaxmi/nidar_ws/install/px4_msgs/include/px4_msgs/px4_msgs/msg/detail/transponder_report__type_support.cpp\n'}
[16.471953] (px4_msgs) StdoutLine: {'line': b'-- Up-to-date: /home/subhalaxmi/nidar_ws/install/px4_msgs/include/px4_msgs/px4_msgs/msg/detail/vehicle_air_data__rosidl_typesupport_introspection_cpp.hpp\n'}
[16.472277] (px4_msgs) StdoutLine: {'line': b'-- Up-to-date: /home/subhalaxmi/nidar_ws/install/px4_msgs/include/px4_msgs/px4_msgs/msg/detail/open_drone_id_operator_id__type_support.cpp\n'}
[16.472639] (px4_msgs) StdoutLine: {'line': b'-- Up-to-date: /home/subhalaxmi/nidar_ws/install/px4_msgs/include/px4_msgs/px4_msgs/msg/detail/mavlink_log__rosidl_typesupport_introspection_cpp.hpp\n'}
[16.478000] (px4_msgs) StdoutLine: {'line': b'-- Up-to-date: /home/subhalaxmi/nidar_ws/install/px4_msgs/include/px4_msgs/px4_msgs/msg/detail/pure_pursuit_status__rosidl_typesupport_introspection_cpp.hpp\n'}
[16.478855] (px4_msgs) StdoutLine: {'line': b'-- Up-to-date: /home/subhalaxmi/nidar_ws/install/px4_msgs/include/px4_msgs/px4_msgs/msg/detail/gimbal_manager_information__rosidl_typesupport_introspection_cpp.hpp\n'}
[16.479103] (px4_msgs) StdoutLine: {'line': b'-- Up-to-date: /home/subhalaxmi/nidar_ws/install/px4_msgs/include/px4_msgs/px4_msgs/msg/detail/estimator_selector_status__rosidl_typesupport_introspection_cpp.hpp\n'}
[16.479300] (px4_msgs) StdoutLine: {'line': b'-- Up-to-date: /home/subhalaxmi/nidar_ws/install/px4_msgs/include/px4_msgs/px4_msgs/msg/detail/open_drone_id_operator_id__rosidl_typesupport_introspection_cpp.hpp\n'}
[16.479486] (px4_msgs) StdoutLine: {'line': b'-- Up-to-date: /home/subhalaxmi/nidar_ws/install/px4_msgs/include/px4_msgs/px4_msgs/msg/detail/tecs_status__type_support.cpp\n'}
[16.479663] (px4_msgs) StdoutLine: {'line': b'-- Up-to-date: /home/subhalaxmi/nidar_ws/install/px4_msgs/include/px4_msgs/px4_msgs/msg/detail/velocity_limits__rosidl_typesupport_introspection_cpp.hpp\n'}
[16.479870] (px4_msgs) StdoutLine: {'line': b'-- Up-to-date: /home/subhalaxmi/nidar_ws/install/px4_msgs/include/px4_msgs/px4_msgs/msg/detail/rpm__rosidl_typesupport_introspection_cpp.hpp\n'}
[16.480059] (px4_msgs) StdoutLine: {'line': b'-- Up-to-date: /home/subhalaxmi/nidar_ws/install/px4_msgs/include/px4_msgs/px4_msgs/msg/detail/sensor_gnss_status__rosidl_typesupport_introspection_cpp.hpp\n'}
[16.480234] (px4_msgs) StdoutLine: {'line': b'-- Up-to-date: /home/subhalaxmi/nidar_ws/install/px4_msgs/include/px4_msgs/px4_msgs/msg/detail/debug_value__rosidl_typesupport_introspection_cpp.hpp\n'}
[16.480404] (px4_msgs) StdoutLine: {'line': b'-- Up-to-date: /home/subhalaxmi/nidar_ws/install/px4_msgs/include/px4_msgs/px4_msgs/msg/detail/vehicle_odometry__type_support.cpp\n'}
[16.480571] (px4_msgs) StdoutLine: {'line': b'-- Up-to-date: /home/subhalaxmi/nidar_ws/install/px4_msgs/include/px4_msgs/px4_msgs/msg/detail/follow_target__type_support.cpp\n'}
[16.480766] (px4_msgs) StdoutLine: {'line': b'-- Up-to-date: /home/subhalaxmi/nidar_ws/install/px4_msgs/include/px4_msgs/px4_msgs/msg/detail/vtx__rosidl_typesupport_introspection_cpp.hpp\n'}
[16.481090] (px4_msgs) StdoutLine: {'line': b'-- Up-to-date: /home/subhalaxmi/nidar_ws/install/px4_msgs/include/px4_msgs/px4_msgs/msg/detail/mission__type_support.cpp\n'}
[16.481369] (px4_msgs) StdoutLine: {'line': b'-- Up-to-date: /home/subhalaxmi/nidar_ws/install/px4_msgs/include/px4_msgs/px4_msgs/msg/detail/manual_control_switches__rosidl_typesupport_introspection_cpp.hpp\n'}
[16.481639] (px4_msgs) StdoutLine: {'line': b'-- Up-to-date: /home/subhalaxmi/nidar_ws/install/px4_msgs/include/px4_msgs/px4_msgs/msg/detail/pps_capture__rosidl_typesupport_introspection_cpp.hpp\n'}
[16.483177] (px4_msgs) StdoutLine: {'line': b'-- Up-to-date: /home/subhalaxmi/nidar_ws/install/px4_msgs/include/px4_msgs/px4_msgs/msg/detail/rover_steering_setpoint__type_support.cpp\n'}
[16.483476] (px4_msgs) StdoutLine: {'line': b'-- Up-to-date: /home/subhalaxmi/nidar_ws/install/px4_msgs/include/px4_msgs/px4_msgs/msg/detail/orb_test_large__type_support.cpp\n'}
[16.483702] (px4_msgs) StdoutLine: {'line': b'-- Up-to-date: /home/subhalaxmi/nidar_ws/install/px4_msgs/include/px4_msgs/px4_msgs/msg/detail/task_stack_info__type_support.cpp\n'}
[16.483944] (px4_msgs) StdoutLine: {'line': b'-- Up-to-date: /home/subhalaxmi/nidar_ws/install/px4_msgs/include/px4_msgs/px4_msgs/msg/detail/mavlink_tunnel__rosidl_typesupport_introspection_cpp.hpp\n'}
[16.484181] (px4_msgs) StdoutLine: {'line': b'-- Up-to-date: /home/subhalaxmi/nidar_ws/install/px4_msgs/include/px4_msgs/px4_msgs/msg/detail/mode_completed__rosidl_typesupport_introspection_cpp.hpp\n'}
[16.484428] (px4_msgs) StdoutLine: {'line': b'-- Up-to-date: /home/subhalaxmi/nidar_ws/install/px4_msgs/include/px4_msgs/px4_msgs/msg/detail/sensor_gnss_relative__type_support.cpp\n'}
[16.484662] (px4_msgs) StdoutLine: {'line': b'-- Up-to-date: /home/subhalaxmi/nidar_ws/install/px4_msgs/include/px4_msgs/px4_msgs/msg/detail/gain_compression__type_support.cpp\n'}
[16.484889] (px4_msgs) StdoutLine: {'line': b'-- Up-to-date: /home/subhalaxmi/nidar_ws/install/px4_msgs/include/px4_msgs/px4_msgs/msg/detail/autotune_attitude_control_status__rosidl_typesupport_introspection_cpp.hpp\n'}
[16.485174] (px4_msgs) StdoutLine: {'line': b'-- Up-to-date: /home/subhalaxmi/nidar_ws/install/px4_msgs/include/px4_msgs/px4_msgs/msg/detail/logger_status__type_support.cpp\n'}
[16.485423] (px4_msgs) StdoutLine: {'line': b'-- Up-to-date: /home/subhalaxmi/nidar_ws/install/px4_msgs/include/px4_msgs/px4_msgs/msg/detail/raptor_input__rosidl_typesupport_introspection_cpp.hpp\n'}
[16.485647] (px4_msgs) StdoutLine: {'line': b'-- Up-to-date: /home/subhalaxmi/nidar_ws/install/px4_msgs/include/px4_msgs/px4_msgs/msg/detail/message_format_request__type_support.cpp\n'}
[16.492693] (px4_msgs) StdoutLine: {'line': b'-- Up-to-date: /home/subhalaxmi/nidar_ws/install/px4_msgs/include/px4_msgs/px4_msgs/msg/detail/rover_attitude_status__rosidl_typesupport_introspection_cpp.hpp\n'}
[16.493016] (px4_msgs) StdoutLine: {'line': b'-- Up-to-date: /home/subhalaxmi/nidar_ws/install/px4_msgs/include/px4_msgs/px4_msgs/msg/detail/geofence_result__rosidl_typesupport_introspection_cpp.hpp\n'}
[16.493217] (px4_msgs) StdoutLine: {'line': b'-- Up-to-date: /home/subhalaxmi/nidar_ws/install/px4_msgs/include/px4_msgs/px4_msgs/msg/detail/orb_test_large__rosidl_typesupport_introspection_cpp.hpp\n'}
[16.493389] (px4_msgs) StdoutLine: {'line': b'-- Up-to-date: /home/subhalaxmi/nidar_ws/install/px4_msgs/include/px4_msgs/px4_msgs/msg/detail/mission_result__rosidl_typesupport_introspection_cpp.hpp\n'}
[16.493553] (px4_msgs) StdoutLine: {'line': b'-- Up-to-date: /home/subhalaxmi/nidar_ws/install/px4_msgs/include/px4_msgs/px4_msgs/msg/detail/vehicle_global_position__type_support.cpp\n'}
[16.493719] (px4_msgs) StdoutLine: {'line': b'-- Up-to-date: /home/subhalaxmi/nidar_ws/install/px4_msgs/include/px4_msgs/px4_msgs/msg/detail/vehicle_control_mode__rosidl_typesupport_introspection_cpp.hpp\n'}
[16.493923] (px4_msgs) StdoutLine: {'line': b'-- Up-to-date: /home/subhalaxmi/nidar_ws/install/px4_msgs/include/px4_msgs/px4_msgs/msg/detail/health_report__rosidl_typesupport_introspection_cpp.hpp\n'}
[16.494131] (px4_msgs) StdoutLine: {'line': b'-- Up-to-date: /home/subhalaxmi/nidar_ws/install/px4_msgs/include/px4_msgs/px4_msgs/msg/detail/gimbal_manager_set_attitude__type_support.cpp\n'}
[16.494331] (px4_msgs) StdoutLine: {'line': b'-- Up-to-date: /home/subhalaxmi/nidar_ws/install/px4_msgs/include/px4_msgs/px4_msgs/msg/detail/gpio_out__type_support.cpp\n'}
[16.494527] (px4_msgs) StdoutLine: {'line': b'-- Up-to-date: /home/subhalaxmi/nidar_ws/install/px4_msgs/include/px4_msgs/px4_msgs/msg/detail/uavcan_parameter_value__rosidl_typesupport_introspection_cpp.hpp\n'}
[16.495924] (px4_msgs) StdoutLine: {'line': b'-- Up-to-date: /home/subhalaxmi/nidar_ws/install/px4_msgs/include/px4_msgs/px4_msgs/msg/detail/wind__rosidl_typesupport_introspection_cpp.hpp\n'}
[16.499248] (px4_msgs) StdoutLine: {'line': b'-- Up-to-date: /home/subhalaxmi/nidar_ws/install/px4_msgs/include/px4_msgs/px4_msgs/msg/detail/satellite_info__type_support.cpp\n'}
[16.499497] (px4_msgs) StdoutLine: {'line': b'-- Up-to-date: /home/subhalaxmi/nidar_ws/install/px4_msgs/include/px4_msgs/px4_msgs/msg/detail/wheel_encoders__rosidl_typesupport_introspection_cpp.hpp\n'}
[16.499737] (px4_msgs) StdoutLine: {'line': b'-- Up-to-date: /home/subhalaxmi/nidar_ws/install/px4_msgs/include/px4_msgs/px4_msgs/msg/detail/sensor_gyro_fft__type_support.cpp\n'}
[16.499989] (px4_msgs) StdoutLine: {'line': b'-- Up-to-date: /home/subhalaxmi/nidar_ws/install/px4_msgs/include/px4_msgs/px4_msgs/msg/detail/internal_combustion_engine_status__rosidl_typesupport_introspection_cpp.hpp\n'}
[16.500187] (px4_msgs) StdoutLine: {'line': b'-- Up-to-date: /home/subhalaxmi/nidar_ws/install/px4_msgs/include/px4_msgs/px4_msgs/msg/detail/actuator_servos__type_support.cpp\n'}
[16.500376] (px4_msgs) StdoutLine: {'line': b'-- Up-to-date: /home/subhalaxmi/nidar_ws/install/px4_msgs/include/px4_msgs/px4_msgs/msg/detail/sensor_uwb__rosidl_typesupport_introspection_cpp.hpp\n'}
[16.500573] (px4_msgs) StdoutLine: {'line': b'-- Up-to-date: /home/subhalaxmi/nidar_ws/install/px4_msgs/include/px4_msgs/px4_msgs/msg/detail/gpio_in__type_support.cpp\n'}
[16.500832] (px4_msgs) StdoutLine: {'line': b'-- Up-to-date: /home/subhalaxmi/nidar_ws/install/px4_msgs/include/px4_msgs/px4_msgs/msg/detail/sensor_accel__type_support.cpp\n'}
[16.501047] (px4_msgs) StdoutLine: {'line': b'-- Up-to-date: /home/subhalaxmi/nidar_ws/install/px4_msgs/include/px4_msgs/px4_msgs/msg/detail/parameter_reset_request__rosidl_typesupport_introspection_cpp.hpp\n'}
[16.501218] (px4_msgs) StdoutLine: {'line': b'-- Up-to-date: /home/subhalaxmi/nidar_ws/install/px4_msgs/include/px4_msgs/px4_msgs/msg/detail/normalized_unsigned_setpoint__type_support.cpp\n'}
[16.501418] (px4_msgs) StdoutLine: {'line': b'-- Up-to-date: /home/subhalaxmi/nidar_ws/install/px4_msgs/include/px4_msgs/px4_msgs/msg/detail/satellite_info__rosidl_typesupport_introspection_cpp.hpp\n'}
[16.501610] (px4_msgs) StdoutLine: {'line': b'-- Up-to-date: /home/subhalaxmi/nidar_ws/install/px4_msgs/include/px4_msgs/px4_msgs/msg/detail/wheel_encoders__type_support.cpp\n'}
[16.501779] (px4_msgs) StdoutLine: {'line': b'-- Up-to-date: /home/subhalaxmi/nidar_ws/install/px4_msgs/include/px4_msgs/px4_msgs/msg/detail/button_event__rosidl_typesupport_introspection_cpp.hpp\n'}
[16.504442] (px4_msgs) StdoutLine: {'line': b'-- Up-to-date: /home/subhalaxmi/nidar_ws/install/px4_msgs/include/px4_msgs/px4_msgs/msg/detail/vehicle_rates_setpoint__rosidl_typesupport_introspection_cpp.hpp\n'}
[16.504830] (px4_msgs) StdoutLine: {'line': b'-- Up-to-date: /home/subhalaxmi/nidar_ws/install/px4_msgs/include/px4_msgs/px4_msgs/msg/detail/qshell_req__rosidl_typesupport_introspection_cpp.hpp\n'}
[16.510282] (px4_msgs) StdoutLine: {'line': b'-- Up-to-date: /home/subhalaxmi/nidar_ws/install/px4_msgs/include/px4_msgs/px4_msgs/msg/detail/gain_compression__rosidl_typesupport_introspection_cpp.hpp\n'}
[16.510529] (px4_msgs) StdoutLine: {'line': b'-- Up-to-date: /home/subhalaxmi/nidar_ws/install/px4_msgs/include/px4_msgs/px4_msgs/msg/detail/airspeed__type_support.cpp\n'}
[16.510733] (px4_msgs) StdoutLine: {'line': b'-- Up-to-date: /home/subhalaxmi/nidar_ws/install/px4_msgs/include/px4_msgs/px4_msgs/msg/detail/vehicle_land_detected__rosidl_typesupport_introspection_cpp.hpp\n'}
[16.511015] (px4_msgs) StdoutLine: {'line': b'-- Up-to-date: /home/subhalaxmi/nidar_ws/install/px4_msgs/include/px4_msgs/px4_msgs/msg/detail/raptor_input__type_support.cpp\n'}
[16.511256] (px4_msgs) StdoutLine: {'line': b'-- Up-to-date: /home/subhalaxmi/nidar_ws/install/px4_msgs/include/px4_msgs/px4_msgs/msg/detail/actuator_test__type_support.cpp\n'}
[16.511464] (px4_msgs) StdoutLine: {'line': b'-- Up-to-date: /home/subhalaxmi/nidar_ws/install/px4_msgs/include/px4_msgs/px4_msgs/msg/detail/yaw_estimator_status__rosidl_typesupport_introspection_cpp.hpp\n'}
[16.513199] (px4_msgs) StdoutLine: {'line': b'-- Up-to-date: /home/subhalaxmi/nidar_ws/install/px4_msgs/include/px4_msgs/px4_msgs/msg/detail/gimbal_device_set_attitude__type_support.cpp\n'}
[16.513636] (px4_msgs) StdoutLine: {'line': b'-- Up-to-date: /home/subhalaxmi/nidar_ws/install/px4_msgs/include/px4_msgs/px4_msgs/msg/detail/vehicle_land_detected__type_support.cpp\n'}
[16.520390] (px4_msgs) StdoutLine: {'line': b'-- Up-to-date: /home/subhalaxmi/nidar_ws/install/px4_msgs/include/px4_msgs/px4_msgs/msg/detail/dataman_request__rosidl_typesupport_introspection_cpp.hpp\n'}
[16.520672] (px4_msgs) StdoutLine: {'line': b'-- Up-to-date: /home/subhalaxmi/nidar_ws/install/px4_msgs/include/px4_msgs/px4_msgs/msg/detail/airspeed_validated__rosidl_typesupport_introspection_cpp.hpp\n'}
[16.520894] (px4_msgs) StdoutLine: {'line': b'-- Up-to-date: /home/subhalaxmi/nidar_ws/install/px4_msgs/include/px4_msgs/px4_msgs/msg/detail/sensor_airflow__type_support.cpp\n'}
[16.521098] (px4_msgs) StdoutLine: {'line': b'-- Up-to-date: /home/subhalaxmi/nidar_ws/install/px4_msgs/include/px4_msgs/px4_msgs/msg/detail/sensor_selection__type_support.cpp\n'}
[16.521279] (px4_msgs) StdoutLine: {'line': b'-- Up-to-date: /home/subhalaxmi/nidar_ws/install/px4_msgs/include/px4_msgs/px4_msgs/msg/detail/landing_gear_wheel__type_support.cpp\n'}
[16.521457] (px4_msgs) StdoutLine: {'line': b'-- Up-to-date: /home/subhalaxmi/nidar_ws/install/px4_msgs/include/px4_msgs/px4_msgs/msg/detail/vehicle_imu_status__type_support.cpp\n'}
[16.521632] (px4_msgs) StdoutLine: {'line': b'-- Up-to-date: /home/subhalaxmi/nidar_ws/install/px4_msgs/include/px4_msgs/px4_msgs/msg/detail/actuator_servos_trim__rosidl_typesupport_introspection_cpp.hpp\n'}
[16.521821] (px4_msgs) StdoutLine: {'line': b'-- Up-to-date: /home/subhalaxmi/nidar_ws/install/px4_msgs/include/px4_msgs/px4_msgs/msg/detail/gripper__type_support.cpp\n'}
[16.522278] (px4_msgs) StdoutLine: {'line': b'-- Up-to-date: /home/subhalaxmi/nidar_ws/install/px4_msgs/include/px4_msgs/px4_msgs/msg/detail/esc_status__type_support.cpp\n'}
[16.522484] (px4_msgs) StdoutLine: {'line': b'-- Up-to-date: /home/subhalaxmi/nidar_ws/install/px4_msgs/include/px4_msgs/px4_msgs/msg/detail/gimbal_manager_set_manual_control__type_support.cpp\n'}
[16.522683] (px4_msgs) StdoutLine: {'line': b'-- Up-to-date: /home/subhalaxmi/nidar_ws/install/px4_msgs/include/px4_msgs/px4_msgs/msg/detail/vehicle_command__rosidl_typesupport_introspection_cpp.hpp\n'}
[16.524042] (px4_msgs) StdoutLine: {'line': b'-- Up-to-date: /home/subhalaxmi/nidar_ws/install/px4_msgs/include/px4_msgs/px4_msgs/msg/detail/uavcan_parameter_value__type_support.cpp\n'}
[16.524294] (px4_msgs) StdoutLine: {'line': b'-- Up-to-date: /home/subhalaxmi/nidar_ws/install/px4_msgs/include/px4_msgs/px4_msgs/msg/detail/arming_check_request__rosidl_typesupport_introspection_cpp.hpp\n'}
[16.524466] (px4_msgs) StdoutLine: {'line': b'-- Up-to-date: /home/subhalaxmi/nidar_ws/install/px4_msgs/include/px4_msgs/px4_msgs/msg/detail/control_allocator_status__rosidl_typesupport_introspection_cpp.hpp\n'}
[16.524648] (px4_msgs) StdoutLine: {'line': b'-- Up-to-date: /home/subhalaxmi/nidar_ws/install/px4_msgs/include/px4_msgs/px4_msgs/msg/detail/lateral_control_configuration__rosidl_typesupport_introspection_cpp.hpp\n'}
[16.524825] (px4_msgs) StdoutLine: {'line': b'-- Up-to-date: /home/subhalaxmi/nidar_ws/install/px4_msgs/include/px4_msgs/px4_msgs/msg/detail/estimator_status__type_support.cpp\n'}
[16.525014] (px4_msgs) StdoutLine: {'line': b'-- Up-to-date: /home/subhalaxmi/nidar_ws/install/px4_msgs/include/px4_msgs/px4_msgs/msg/detail/dataman_request__type_support.cpp\n'}
[16.525203] (px4_msgs) StdoutLine: {'line': b'-- Up-to-date: /home/subhalaxmi/nidar_ws/install/px4_msgs/include/px4_msgs/px4_msgs/msg/detail/neural_control__type_support.cpp\n'}
[16.525367] (px4_msgs) StdoutLine: {'line': b'-- Up-to-date: /home/subhalaxmi/nidar_ws/install/px4_msgs/include/px4_msgs/px4_msgs/msg/detail/vehicle_magnetometer__type_support.cpp\n'}
[16.525539] (px4_msgs) StdoutLine: {'line': b'-- Up-to-date: /home/subhalaxmi/nidar_ws/install/px4_msgs/include/px4_msgs/px4_msgs/msg/detail/vehicle_thrust_setpoint__type_support.cpp\n'}
[16.525699] (px4_msgs) StdoutLine: {'line': b'-- Up-to-date: /home/subhalaxmi/nidar_ws/install/px4_msgs/include/px4_msgs/px4_msgs/msg/detail/generator_status__rosidl_typesupport_introspection_cpp.hpp\n'}
[16.527126] (px4_msgs) StdoutLine: {'line': b'-- Up-to-date: /home/subhalaxmi/nidar_ws/install/px4_msgs/include/px4_msgs/px4_msgs/msg/detail/sensors_status__rosidl_typesupport_introspection_cpp.hpp\n'}
[16.527587] (px4_msgs) StdoutLine: {'line': b'-- Up-to-date: /home/subhalaxmi/nidar_ws/install/px4_msgs/include/px4_msgs/px4_msgs/msg/detail/estimator_bias3d__type_support.cpp\n'}
[16.527771] (px4_msgs) StdoutLine: {'line': b'-- Up-to-date: /home/subhalaxmi/nidar_ws/install/px4_msgs/include/px4_msgs/px4_msgs/msg/detail/vehicle_acceleration__type_support.cpp\n'}
[16.527967] (px4_msgs) StdoutLine: {'line': b'-- Up-to-date: /home/subhalaxmi/nidar_ws/install/px4_msgs/include/px4_msgs/px4_msgs/msg/detail/can_interface_status__rosidl_typesupport_introspection_cpp.hpp\n'}
[16.528138] (px4_msgs) StdoutLine: {'line': b'-- Up-to-date: /home/subhalaxmi/nidar_ws/install/px4_msgs/include/px4_msgs/px4_msgs/msg/detail/can_interface_status__type_support.cpp\n'}
[16.528299] (px4_msgs) StdoutLine: {'line': b'-- Up-to-date: /home/subhalaxmi/nidar_ws/install/px4_msgs/include/px4_msgs/px4_msgs/msg/detail/rate_ctrl_status__rosidl_typesupport_introspection_cpp.hpp\n'}
[16.531183] (px4_msgs) StdoutLine: {'line': b'-- Up-to-date: /home/subhalaxmi/nidar_ws/install/px4_msgs/include/px4_msgs/px4_msgs/msg/detail/position_setpoint__type_support.cpp\n'}
[16.532204] (px4_msgs) StdoutLine: {'line': b'-- Up-to-date: /home/subhalaxmi/nidar_ws/install/px4_msgs/include/px4_msgs/px4_msgs/msg/detail/sensor_mag__rosidl_typesupport_introspection_cpp.hpp\n'}
[16.533887] (px4_msgs) StdoutLine: {'line': b'-- Up-to-date: /home/subhalaxmi/nidar_ws/install/px4_msgs/include/px4_msgs/px4_msgs/msg/detail/sensor_correction__type_support.cpp\n'}
[16.534268] (px4_msgs) StdoutLine: {'line': b'-- Up-to-date: /home/subhalaxmi/nidar_ws/install/px4_msgs/include/px4_msgs/px4_msgs/msg/detail/unregister_ext_component__rosidl_typesupport_introspection_cpp.hpp\n'}
[16.534567] (px4_msgs) StdoutLine: {'line': b'-- Up-to-date: /home/subhalaxmi/nidar_ws/install/px4_msgs/include/px4_msgs/px4_msgs/msg/detail/estimator_status_flags__rosidl_typesupport_introspection_cpp.hpp\n'}
[16.534915] (px4_msgs) StdoutLine: {'line': b'-- Up-to-date: /home/subhalaxmi/nidar_ws/install/px4_msgs/include/px4_msgs/px4_msgs/msg/detail/config_overrides__rosidl_typesupport_introspection_cpp.hpp\n'}
[16.535782] (px4_msgs) StdoutLine: {'line': b'-- Up-to-date: /home/subhalaxmi/nidar_ws/install/px4_msgs/include/px4_msgs/px4_msgs/msg/detail/open_drone_id_arm_status__rosidl_typesupport_introspection_cpp.hpp\n'}
[16.544209] (px4_msgs) StdoutLine: {'line': b'-- Up-to-date: /home/subhalaxmi/nidar_ws/install/px4_msgs/include/px4_msgs/px4_msgs/msg/detail/vehicle_local_position__type_support.cpp\n'}
[16.544496] (px4_msgs) StdoutLine: {'line': b'-- Up-to-date: /home/subhalaxmi/nidar_ws/install/px4_msgs/include/px4_msgs/px4_msgs/msg/detail/parameter_update__rosidl_typesupport_introspection_cpp.hpp\n'}
[16.544875] (px4_msgs) StdoutLine: {'line': b'-- Up-to-date: /home/subhalaxmi/nidar_ws/install/px4_msgs/include/px4_msgs/px4_msgs/msg/detail/mission_result__type_support.cpp\n'}
[16.549792] (px4_msgs) StdoutLine: {'line': b'-- Up-to-date: /home/subhalaxmi/nidar_ws/install/px4_msgs/include/px4_msgs/px4_msgs/msg/detail/ekf2_timestamps__type_support.cpp\n'}
[16.550142] (px4_msgs) StdoutLine: {'line': b'-- Up-to-date: /home/subhalaxmi/nidar_ws/install/px4_msgs/include/px4_msgs/px4_msgs/msg/detail/rover_speed_setpoint__rosidl_typesupport_introspection_cpp.hpp\n'}
[16.550301] (px4_msgs) StdoutLine: {'line': b'-- Up-to-date: /home/subhalaxmi/nidar_ws/install/px4_msgs/include/px4_msgs/px4_msgs/msg/detail/sensor_accel_fifo__rosidl_typesupport_introspection_cpp.hpp\n'}
[16.550503] (px4_msgs) StdoutLine: {'line': b'-- Up-to-date: /home/subhalaxmi/nidar_ws/install/px4_msgs/include/px4_msgs/px4_msgs/msg/detail/follow_target_status__rosidl_typesupport_introspection_cpp.hpp\n'}
[16.550696] (px4_msgs) StdoutLine: {'line': b'-- Up-to-date: /home/subhalaxmi/nidar_ws/install/px4_msgs/include/px4_msgs/px4_msgs/msg/detail/tune_control__rosidl_typesupport_introspection_cpp.hpp\n'}
[16.552469] (px4_msgs) StdoutLine: {'line': b'-- Up-to-date: /home/subhalaxmi/nidar_ws/install/px4_msgs/include/px4_msgs/px4_msgs/msg/detail/aux_global_position__type_support.cpp\n'}
[16.552907] (px4_msgs) StdoutLine: {'line': b'-- Up-to-date: /home/subhalaxmi/nidar_ws/install/px4_msgs/include/px4_msgs/px4_msgs/msg/detail/vehicle_global_position__rosidl_typesupport_introspection_cpp.hpp\n'}
[16.553287] (-) TimerEvent: {}
[16.553555] (px4_msgs) StdoutLine: {'line': b'-- Up-to-date: /home/subhalaxmi/nidar_ws/install/px4_msgs/include/px4_msgs/px4_msgs/msg/detail/sensors_status_imu__rosidl_typesupport_introspection_cpp.hpp\n'}
[16.554018] (px4_msgs) StdoutLine: {'line': b'-- Up-to-date: /home/subhalaxmi/nidar_ws/install/px4_msgs/include/px4_msgs/px4_msgs/msg/detail/battery_status__type_support.cpp\n'}
[16.555543] (px4_msgs) StdoutLine: {'line': b'-- Up-to-date: /home/subhalaxmi/nidar_ws/install/px4_msgs/include/px4_msgs/px4_msgs/msg/detail/gps_inject_data__type_support.cpp\n'}
[16.555731] (px4_msgs) StdoutLine: {'line': b'-- Up-to-date: /home/subhalaxmi/nidar_ws/install/px4_msgs/include/px4_msgs/px4_msgs/msg/detail/vehicle_optical_flow_vel__rosidl_typesupport_introspection_cpp.hpp\n'}
[16.556078] (px4_msgs) StdoutLine: {'line': b'-- Up-to-date: /home/subhalaxmi/nidar_ws/install/px4_msgs/include/px4_msgs/px4_msgs/msg/detail/failure_detector_status__rosidl_typesupport_introspection_cpp.hpp\n'}
[16.556254] (px4_msgs) StdoutLine: {'line': b'-- Up-to-date: /home/subhalaxmi/nidar_ws/install/px4_msgs/include/px4_msgs/px4_msgs/msg/detail/vehicle_command_ack__type_support.cpp\n'}
[16.556452] (px4_msgs) StdoutLine: {'line': b'-- Up-to-date: /home/subhalaxmi/nidar_ws/install/px4_msgs/include/px4_msgs/px4_msgs/msg/detail/navigator_mission_item__rosidl_typesupport_introspection_cpp.hpp\n'}
[16.556601] (px4_msgs) StdoutLine: {'line': b'-- Up-to-date: /home/subhalaxmi/nidar_ws/install/px4_msgs/include/px4_msgs/px4_msgs/msg/detail/vehicle_imu__type_support.cpp\n'}
[16.556798] (px4_msgs) StdoutLine: {'line': b'-- Up-to-date: /home/subhalaxmi/nidar_ws/install/px4_msgs/include/px4_msgs/px4_msgs/msg/detail/gimbal_device_information__type_support.cpp\n'}
[16.557546] (px4_msgs) StdoutLine: {'line': b'-- Up-to-date: /home/subhalaxmi/nidar_ws/install/px4_msgs/include/px4_msgs/px4_msgs/msg/detail/landing_target_innovations__rosidl_typesupport_introspection_cpp.hpp\n'}
[16.558194] (px4_msgs) StdoutLine: {'line': b'-- Up-to-date: /home/subhalaxmi/nidar_ws/install/px4_msgs/include/px4_msgs/px4_msgs/msg/detail/airspeed_validated__type_support.cpp\n'}
[16.558545] (px4_msgs) StdoutLine: {'line': b'-- Up-to-date: /home/subhalaxmi/nidar_ws/install/px4_msgs/include/px4_msgs/px4_msgs/msg/detail/position_setpoint__rosidl_typesupport_introspection_cpp.hpp\n'}
[16.558850] (px4_msgs) StdoutLine: {'line': b'-- Up-to-date: /home/subhalaxmi/nidar_ws/install/px4_msgs/include/px4_msgs/px4_msgs/msg/detail/actuator_armed__type_support.cpp\n'}
[16.563127] (px4_msgs) StdoutLine: {'line': b'-- Up-to-date: /home/subhalaxmi/nidar_ws/install/px4_msgs/include/px4_msgs/px4_msgs/msg/detail/mount_orientation__rosidl_typesupport_introspection_cpp.hpp\n'}
[16.565176] (px4_msgs) StdoutLine: {'line': b'-- Up-to-date: /home/subhalaxmi/nidar_ws/install/px4_msgs/include/px4_msgs/px4_msgs/msg/detail/position_controller_landing_status__type_support.cpp\n'}
[16.568159] (px4_msgs) StdoutLine: {'line': b'-- Up-to-date: /home/subhalaxmi/nidar_ws/install/px4_msgs/include/px4_msgs/px4_msgs/msg/detail/event__type_support.cpp\n'}
[16.568476] (px4_msgs) StdoutLine: {'line': b'-- Up-to-date: /home/subhalaxmi/nidar_ws/install/px4_msgs/include/px4_msgs/px4_msgs/msg/detail/vehicle_thrust_setpoint__rosidl_typesupport_introspection_cpp.hpp\n'}
[16.573678] (px4_msgs) StdoutLine: {'line': b'-- Up-to-date: /home/subhalaxmi/nidar_ws/install/px4_msgs/include/px4_msgs/px4_msgs/msg/detail/register_ext_component_request__type_support.cpp\n'}
[16.573999] (px4_msgs) StdoutLine: {'line': b'-- Up-to-date: /home/subhalaxmi/nidar_ws/install/px4_msgs/include/px4_msgs/px4_msgs/msg/detail/battery_info__type_support.cpp\n'}
[16.574352] (px4_msgs) StdoutLine: {'line': b'-- Up-to-date: /home/subhalaxmi/nidar_ws/install/px4_msgs/include/px4_msgs/px4_msgs/msg/detail/manual_control_switches__type_support.cpp\n'}
[16.574688] (px4_msgs) StdoutLine: {'line': b'-- Up-to-date: /home/subhalaxmi/nidar_ws/install/px4_msgs/include/px4_msgs/px4_msgs/msg/detail/estimator_sensor_bias__type_support.cpp\n'}
[16.574898] (px4_msgs) StdoutLine: {'line': b'-- Up-to-date: /home/subhalaxmi/nidar_ws/install/px4_msgs/include/px4_msgs/px4_msgs/msg/detail/sensor_baro__rosidl_typesupport_introspection_cpp.hpp\n'}
[16.575865] (px4_msgs) StdoutLine: {'line': b'-- Up-to-date: /home/subhalaxmi/nidar_ws/install/px4_msgs/include/px4_msgs/px4_msgs/msg/detail/gimbal_controls__type_support.cpp\n'}
[16.576226] (px4_msgs) StdoutLine: {'line': b'-- Up-to-date: /home/subhalaxmi/nidar_ws/install/px4_msgs/include/px4_msgs/px4_msgs/msg/detail/gripper__rosidl_typesupport_introspection_cpp.hpp\n'}
[16.576457] (px4_msgs) StdoutLine: {'line': b'-- Up-to-date: /home/subhalaxmi/nidar_ws/install/px4_msgs/include/px4_msgs/px4_msgs/msg/detail/orbit_status__type_support.cpp\n'}
[16.576630] (px4_msgs) StdoutLine: {'line': b'-- Up-to-date: /home/subhalaxmi/nidar_ws/install/px4_msgs/include/px4_msgs/px4_msgs/msg/detail/estimator_gps_status__type_support.cpp\n'}
[16.576821] (px4_msgs) StdoutLine: {'line': b'-- Up-to-date: /home/subhalaxmi/nidar_ws/install/px4_msgs/include/px4_msgs/px4_msgs/msg/detail/failsafe_flags__type_support.cpp\n'}
[16.577150] (px4_msgs) StdoutLine: {'line': b'-- Up-to-date: /home/subhalaxmi/nidar_ws/install/px4_msgs/include/px4_msgs/px4_msgs/msg/detail/geofence_status__type_support.cpp\n'}
[16.577309] (px4_msgs) StdoutLine: {'line': b'-- Up-to-date: /home/subhalaxmi/nidar_ws/install/px4_msgs/include/px4_msgs/px4_msgs/msg/detail/generator_status__type_support.cpp\n'}
[16.577453] (px4_msgs) StdoutLine: {'line': b'-- Up-to-date: /home/subhalaxmi/nidar_ws/install/px4_msgs/include/px4_msgs/px4_msgs/msg/detail/gimbal_manager_set_manual_control__rosidl_typesupport_introspection_cpp.hpp\n'}
[16.578082] (px4_msgs) StdoutLine: {'line': b'-- Up-to-date: /home/subhalaxmi/nidar_ws/install/px4_msgs/include/px4_msgs/px4_msgs/msg/detail/camera_status__type_support.cpp\n'}
[16.578818] (px4_msgs) StdoutLine: {'line': b'-- Up-to-date: /home/subhalaxmi/nidar_ws/install/px4_msgs/include/px4_msgs/px4_msgs/msg/detail/vehicle_control_mode__type_support.cpp\n'}
[16.580414] (px4_msgs) StdoutLine: {'line': b'-- Up-to-date: /home/subhalaxmi/nidar_ws/install/px4_msgs/include/px4_msgs/px4_msgs/msg/detail/distance_sensor__rosidl_typesupport_introspection_cpp.hpp\n'}
[16.580751] (px4_msgs) StdoutLine: {'line': b'-- Up-to-date: /home/subhalaxmi/nidar_ws/install/px4_msgs/include/px4_msgs/px4_msgs/msg/detail/navigator_status__rosidl_typesupport_introspection_cpp.hpp\n'}
[16.581024] (px4_msgs) StdoutLine: {'line': b'-- Up-to-date: /home/subhalaxmi/nidar_ws/install/px4_msgs/include/px4_msgs/px4_msgs/msg/detail/vehicle_torque_setpoint__type_support.cpp\n'}
[16.581261] (px4_msgs) StdoutLine: {'line': b'-- Up-to-date: /home/subhalaxmi/nidar_ws/install/px4_msgs/include/px4_msgs/px4_msgs/msg/detail/px4io_status__rosidl_typesupport_introspection_cpp.hpp\n'}
[16.581419] (px4_msgs) StdoutLine: {'line': b'-- Up-to-date: /home/subhalaxmi/nidar_ws/install/px4_msgs/include/px4_msgs/px4_msgs/msg/detail/vtol_vehicle_status__type_support.cpp\n'}
[16.581565] (px4_msgs) StdoutLine: {'line': b'-- Up-to-date: /home/subhalaxmi/nidar_ws/install/px4_msgs/include/px4_msgs/px4_msgs/msg/detail/mavlink_log__type_support.cpp\n'}
[16.581707] (px4_msgs) StdoutLine: {'line': b'-- Up-to-date: /home/subhalaxmi/nidar_ws/install/px4_msgs/include/px4_msgs/px4_msgs/msg/detail/vehicle_angular_acceleration_setpoint__rosidl_typesupport_introspection_cpp.hpp\n'}
[16.587878] (px4_msgs) StdoutLine: {'line': b'-- Up-to-date: /home/subhalaxmi/nidar_ws/install/px4_msgs/include/px4_msgs/px4_msgs/msg/detail/fixed_wing_longitudinal_setpoint__rosidl_typesupport_introspection_cpp.hpp\n'}
[16.588372] (px4_msgs) StdoutLine: {'line': b'-- Up-to-date: /home/subhalaxmi/nidar_ws/install/px4_msgs/include/px4_msgs/px4_msgs/msg/detail/vehicle_local_position_setpoint__type_support.cpp\n'}
[16.588729] (px4_msgs) StdoutLine: {'line': b'-- Up-to-date: /home/subhalaxmi/nidar_ws/install/px4_msgs/include/px4_msgs/px4_msgs/msg/detail/position_setpoint_triplet__type_support.cpp\n'}
[16.591951] (px4_msgs) StdoutLine: {'line': b'-- Up-to-date: /home/subhalaxmi/nidar_ws/install/px4_msgs/include/px4_msgs/px4_msgs/msg/detail/gimbal_manager_status__type_support.cpp\n'}
[16.594151] (px4_msgs) StdoutLine: {'line': b'-- Up-to-date: /home/subhalaxmi/nidar_ws/install/px4_msgs/include/px4_msgs/px4_msgs/msg/detail/mount_orientation__type_support.cpp\n'}
[16.595795] (px4_msgs) StdoutLine: {'line': b'-- Up-to-date: /home/subhalaxmi/nidar_ws/install/px4_msgs/include/px4_msgs/px4_msgs/msg/detail/gpio_config__type_support.cpp\n'}
[16.602520] (px4_msgs) StdoutLine: {'line': b'-- Up-to-date: /home/subhalaxmi/nidar_ws/install/px4_msgs/include/px4_msgs/px4_msgs/msg/detail/estimator_aid_source3d__rosidl_typesupport_introspection_cpp.hpp\n'}
[16.602649] (px4_msgs) StdoutLine: {'line': b'-- Up-to-date: /home/subhalaxmi/nidar_ws/install/px4_msgs/include/px4_msgs/px4_msgs/msg/detail/vehicle_constraints__type_support.cpp\n'}
[16.602756] (px4_msgs) StdoutLine: {'line': b'-- Up-to-date: /home/subhalaxmi/nidar_ws/install/px4_msgs/include/px4_msgs/px4_msgs/msg/detail/fixed_wing_runway_control__rosidl_typesupport_introspection_cpp.hpp\n'}
[16.602929] (px4_msgs) StdoutLine: {'line': b'-- Up-to-date: /home/subhalaxmi/nidar_ws/install/px4_msgs/include/px4_msgs/px4_msgs/msg/detail/input_rc__type_support.cpp\n'}
[16.603125] (px4_msgs) StdoutLine: {'line': b'-- Up-to-date: /home/subhalaxmi/nidar_ws/install/px4_msgs/include/px4_msgs/px4_msgs/msg/detail/actuator_outputs__rosidl_typesupport_introspection_cpp.hpp\n'}
[16.603320] (px4_msgs) StdoutLine: {'line': b'-- Up-to-date: /home/subhalaxmi/nidar_ws/install/px4_msgs/include/px4_msgs/px4_msgs/msg/detail/collision_constraints__type_support.cpp\n'}
[16.603478] (px4_msgs) StdoutLine: {'line': b'-- Up-to-date: /home/subhalaxmi/nidar_ws/install/px4_msgs/include/px4_msgs/px4_msgs/msg/detail/estimator_aid_source3d__type_support.cpp\n'}
[16.603584] (px4_msgs) StdoutLine: {'line': b'-- Up-to-date: /home/subhalaxmi/nidar_ws/install/px4_msgs/include/px4_msgs/px4_msgs/msg/detail/sensors_status_imu__type_support.cpp\n'}
[16.603685] (px4_msgs) StdoutLine: {'line': b'-- Up-to-date: /home/subhalaxmi/nidar_ws/install/px4_msgs/include/px4_msgs/px4_msgs/msg/detail/rover_steering_setpoint__rosidl_typesupport_introspection_cpp.hpp\n'}
[16.603785] (px4_msgs) StdoutLine: {'line': b'-- Up-to-date: /home/subhalaxmi/nidar_ws/install/px4_msgs/include/px4_msgs/px4_msgs/msg/detail/rc_channels__type_support.cpp\n'}
[16.603915] (px4_msgs) StdoutLine: {'line': b'-- Up-to-date: /home/subhalaxmi/nidar_ws/install/px4_msgs/include/px4_msgs/px4_msgs/msg/detail/onboard_computer_status__type_support.cpp\n'}
[16.604027] (px4_msgs) StdoutLine: {'line': b'-- Up-to-date: /home/subhalaxmi/nidar_ws/install/px4_msgs/include/px4_msgs/px4_msgs/msg/detail/vehicle_command_ack__rosidl_typesupport_introspection_cpp.hpp\n'}
[16.604127] (px4_msgs) StdoutLine: {'line': b'-- Up-to-date: /home/subhalaxmi/nidar_ws/install/px4_msgs/include/px4_msgs/px4_msgs/msg/detail/sensor_preflight_mag__type_support.cpp\n'}
[16.604225] (px4_msgs) StdoutLine: {'line': b'-- Up-to-date: /home/subhalaxmi/nidar_ws/install/px4_msgs/include/px4_msgs/px4_msgs/msg/detail/mode_completed__type_support.cpp\n'}
[16.604368] (px4_msgs) StdoutLine: {'line': b'-- Up-to-date: /home/subhalaxmi/nidar_ws/install/px4_msgs/include/px4_msgs/px4_msgs/msg/detail/vehicle_torque_setpoint__rosidl_typesupport_introspection_cpp.hpp\n'}
[16.604563] (px4_msgs) StdoutLine: {'line': b'-- Up-to-date: /home/subhalaxmi/nidar_ws/install/px4_msgs/include/px4_msgs/px4_msgs/msg/detail/fixed_wing_lateral_status__type_support.cpp\n'}
[16.604763] (px4_msgs) StdoutLine: {'line': b'-- Up-to-date: /home/subhalaxmi/nidar_ws/install/px4_msgs/include/px4_msgs/px4_msgs/msg/detail/gimbal_controls__rosidl_typesupport_introspection_cpp.hpp\n'}
[16.606530] (px4_msgs) StdoutLine: {'line': b'-- Up-to-date: /home/subhalaxmi/nidar_ws/install/px4_msgs/include/px4_msgs/px4_msgs/msg/detail/px4io_status__type_support.cpp\n'}
[16.606770] (px4_msgs) StdoutLine: {'line': b'-- Up-to-date: /home/subhalaxmi/nidar_ws/install/px4_msgs/include/px4_msgs/px4_msgs/msg/detail/gps_dump__rosidl_typesupport_introspection_cpp.hpp\n'}
[16.607033] (px4_msgs) StdoutLine: {'line': b'-- Up-to-date: /home/subhalaxmi/nidar_ws/install/px4_msgs/include/px4_msgs/px4_msgs/msg/detail/magnetometer_bias_estimate__type_support.cpp\n'}
[16.607284] (px4_msgs) StdoutLine: {'line': b'-- Up-to-date: /home/subhalaxmi/nidar_ws/install/px4_msgs/include/px4_msgs/px4_msgs/msg/detail/vtx__type_support.cpp\n'}
[16.607460] (px4_msgs) StdoutLine: {'line': b'-- Up-to-date: /home/subhalaxmi/nidar_ws/install/px4_msgs/include/px4_msgs/px4_msgs/msg/detail/orb_test__type_support.cpp\n'}
[16.608298] (px4_msgs) StdoutLine: {'line': b'-- Up-to-date: /home/subhalaxmi/nidar_ws/install/px4_msgs/include/px4_msgs/px4_msgs/msg/detail/pps_capture__type_support.cpp\n'}
[16.608520] (px4_msgs) StdoutLine: {'line': b'-- Up-to-date: /home/subhalaxmi/nidar_ws/install/px4_msgs/include/px4_msgs/px4_msgs/msg/detail/sensor_optical_flow__type_support.cpp\n'}
[16.608870] (px4_msgs) StdoutLine: {'line': b'-- Up-to-date: /home/subhalaxmi/nidar_ws/install/px4_msgs/include/px4_msgs/px4_msgs/msg/detail/estimator_event_flags__type_support.cpp\n'}
[16.609446] (px4_msgs) StdoutLine: {'line': b'-- Up-to-date: /home/subhalaxmi/nidar_ws/install/px4_msgs/include/px4_msgs/px4_msgs/msg/detail/vehicle_roi__rosidl_typesupport_introspection_cpp.hpp\n'}
[16.609648] (px4_msgs) StdoutLine: {'line': b'-- Up-to-date: /home/subhalaxmi/nidar_ws/install/px4_msgs/include/px4_msgs/px4_msgs/msg/detail/actuator_servos__rosidl_typesupport_introspection_cpp.hpp\n'}
[16.609835] (px4_msgs) StdoutLine: {'line': b'-- Up-to-date: /home/subhalaxmi/nidar_ws/install/px4_msgs/include/px4_msgs/px4_msgs/msg/detail/flight_phase_estimation__rosidl_typesupport_introspection_cpp.hpp\n'}
[16.610999] (px4_msgs) StdoutLine: {'line': b'-- Up-to-date: /home/subhalaxmi/nidar_ws/install/px4_msgs/include/px4_msgs/px4_msgs/msg/detail/estimator_event_flags__rosidl_typesupport_introspection_cpp.hpp\n'}
[16.612645] (px4_msgs) StdoutLine: {'line': b'-- Up-to-date: /home/subhalaxmi/nidar_ws/install/px4_msgs/include/px4_msgs/px4_msgs/msg/detail/orbit_status__rosidl_typesupport_introspection_cpp.hpp\n'}
[16.613069] (px4_msgs) StdoutLine: {'line': b'-- Up-to-date: /home/subhalaxmi/nidar_ws/install/px4_msgs/include/px4_msgs/px4_msgs/msg/detail/sensor_gnss_relative__rosidl_typesupport_introspection_cpp.hpp\n'}
[16.617531] (px4_msgs) StdoutLine: {'line': b'-- Up-to-date: /home/subhalaxmi/nidar_ws/install/px4_msgs/include/px4_msgs/px4_msgs/msg/detail/tecs_status__rosidl_typesupport_introspection_cpp.hpp\n'}
[16.618381] (px4_msgs) StdoutLine: {'line': b'-- Up-to-date: /home/subhalaxmi/nidar_ws/install/px4_msgs/include/px4_msgs/px4_msgs/msg/detail/mission__rosidl_typesupport_introspection_cpp.hpp\n'}
[16.620418] (px4_msgs) StdoutLine: {'line': b'-- Up-to-date: /home/subhalaxmi/nidar_ws/install/px4_msgs/include/px4_msgs/px4_msgs/msg/detail/ulog_stream_ack__type_support.cpp\n'}
[16.620558] (px4_msgs) StdoutLine: {'line': b'-- Up-to-date: /home/subhalaxmi/nidar_ws/install/px4_msgs/include/px4_msgs/px4_msgs/msg/detail/rover_rate_status__type_support.cpp\n'}
[16.622022] (px4_msgs) StdoutLine: {'line': b'-- Up-to-date: /home/subhalaxmi/nidar_ws/install/px4_msgs/include/px4_msgs/px4_msgs/msg/detail/internal_combustion_engine_control__type_support.cpp\n'}
[16.622679] (px4_msgs) StdoutLine: {'line': b'-- Up-to-date: /home/subhalaxmi/nidar_ws/install/px4_msgs/include/px4_msgs/px4_msgs/msg/detail/normalized_unsigned_setpoint__rosidl_typesupport_introspection_cpp.hpp\n'}
[16.625097] (px4_msgs) StdoutLine: {'line': b'-- Up-to-date: /home/subhalaxmi/nidar_ws/install/px4_msgs/include/px4_msgs/px4_msgs/msg/detail/rover_speed_status__rosidl_typesupport_introspection_cpp.hpp\n'}
[16.625365] (px4_msgs) StdoutLine: {'line': b'-- Up-to-date: /home/subhalaxmi/nidar_ws/install/px4_msgs/include/px4_msgs/px4_msgs/msg/detail/cpuload__rosidl_typesupport_introspection_cpp.hpp\n'}
[16.625521] (px4_msgs) StdoutLine: {'line': b'-- Up-to-date: /home/subhalaxmi/nidar_ws/install/px4_msgs/include/px4_msgs/px4_msgs/msg/detail/arming_check_reply__type_support.cpp\n'}
[16.625667] (px4_msgs) StdoutLine: {'line': b'-- Up-to-date: /home/subhalaxmi/nidar_ws/install/px4_msgs/include/px4_msgs/px4_msgs/msg/detail/failure_detector_status__type_support.cpp\n'}
[16.625820] (px4_msgs) StdoutLine: {'line': b'-- Up-to-date: /home/subhalaxmi/nidar_ws/install/px4_msgs/include/px4_msgs/px4_msgs/msg/detail/rate_ctrl_status__type_support.cpp\n'}
[16.626030] (px4_msgs) StdoutLine: {'line': b'-- Up-to-date: /home/subhalaxmi/nidar_ws/install/px4_msgs/include/px4_msgs/px4_msgs/msg/detail/transponder_report__rosidl_typesupport_introspection_cpp.hpp\n'}
[16.626236] (px4_msgs) StdoutLine: {'line': b'-- Up-to-date: /home/subhalaxmi/nidar_ws/install/px4_msgs/include/px4_msgs/px4_msgs/msg/detail/adc_report__rosidl_typesupport_introspection_cpp.hpp\n'}
[16.626400] (px4_msgs) StdoutLine: {'line': b'-- Up-to-date: /home/subhalaxmi/nidar_ws/install/px4_msgs/include/px4_msgs/px4_msgs/msg/detail/internal_combustion_engine_control__rosidl_typesupport_introspection_cpp.hpp\n'}
[16.626576] (px4_msgs) StdoutLine: {'line': b'-- Up-to-date: /home/subhalaxmi/nidar_ws/install/px4_msgs/include/px4_msgs/px4_msgs/msg/detail/parameter_set_value_response__rosidl_typesupport_introspection_cpp.hpp\n'}
[16.629268] (px4_msgs) StdoutLine: {'line': b'-- Up-to-date: /home/subhalaxmi/nidar_ws/install/px4_msgs/include/px4_msgs/px4_msgs/msg/detail/gps_dump__type_support.cpp\n'}
[16.629883] (px4_msgs) StdoutLine: {'line': b'-- Up-to-date: /home/subhalaxmi/nidar_ws/install/px4_msgs/include/px4_msgs/px4_msgs/msg/detail/autotune_attitude_control_status__type_support.cpp\n'}
[16.630262] (px4_msgs) StdoutLine: {'line': b'-- Up-to-date: /home/subhalaxmi/nidar_ws/install/px4_msgs/include/px4_msgs/px4_msgs/msg/detail/failsafe_flags__rosidl_typesupport_introspection_cpp.hpp\n'}
[16.630468] (px4_msgs) StdoutLine: {'line': b'-- Up-to-date: /home/subhalaxmi/nidar_ws/install/px4_msgs/include/px4_msgs/px4_msgs/msg/detail/pwm_input__type_support.cpp\n'}
[16.630644] (px4_msgs) StdoutLine: {'line': b'-- Up-to-date: /home/subhalaxmi/nidar_ws/install/px4_msgs/include/px4_msgs/px4_msgs/msg/detail/sensor_combined__rosidl_typesupport_introspection_cpp.hpp\n'}
[16.630826] (px4_msgs) StdoutLine: {'line': b'-- Up-to-date: /home/subhalaxmi/nidar_ws/install/px4_msgs/include/px4_msgs/px4_msgs/msg/detail/rc_channels__rosidl_typesupport_introspection_cpp.hpp\n'}
[16.631016] (px4_msgs) StdoutLine: {'line': b'-- Up-to-date: /home/subhalaxmi/nidar_ws/install/px4_msgs/include/px4_msgs/px4_msgs/msg/detail/gps_inject_data__rosidl_typesupport_introspection_cpp.hpp\n'}
[16.631184] (px4_msgs) StdoutLine: {'line': b'-- Up-to-date: /home/subhalaxmi/nidar_ws/install/px4_msgs/include/px4_msgs/px4_msgs/msg/detail/estimator_selector_status__type_support.cpp\n'}
[16.631365] (px4_msgs) StdoutLine: {'line': b'-- Up-to-date: /home/subhalaxmi/nidar_ws/install/px4_msgs/include/px4_msgs/px4_msgs/msg/detail/offboard_control_mode__rosidl_typesupport_introspection_cpp.hpp\n'}
[16.631535] (px4_msgs) StdoutLine: {'line': b'-- Up-to-date: /home/subhalaxmi/nidar_ws/install/px4_msgs/include/px4_msgs/px4_msgs/msg/detail/vehicle_attitude__type_support.cpp\n'}
[16.631700] (px4_msgs) StdoutLine: {'line': b'-- Up-to-date: /home/subhalaxmi/nidar_ws/install/px4_msgs/include/px4_msgs/px4_msgs/msg/detail/trajectory_setpoint6dof__rosidl_typesupport_introspection_cpp.hpp\n'}
[16.632053] (px4_msgs) StdoutLine: {'line': b'-- Up-to-date: /home/subhalaxmi/nidar_ws/install/px4_msgs/include/px4_msgs/px4_msgs/msg/detail/vtol_vehicle_status__rosidl_typesupport_introspection_cpp.hpp\n'}
[16.632255] (px4_msgs) StdoutLine: {'line': b'-- Up-to-date: /home/subhalaxmi/nidar_ws/install/px4_msgs/include/px4_msgs/px4_msgs/msg/detail/message_format_response__type_support.cpp\n'}
[16.632536] (px4_msgs) StdoutLine: {'line': b'-- Up-to-date: /home/subhalaxmi/nidar_ws/install/px4_msgs/include/px4_msgs/px4_msgs/msg/detail/takeoff_status__rosidl_typesupport_introspection_cpp.hpp\n'}
[16.632752] (px4_msgs) StdoutLine: {'line': b'-- Up-to-date: /home/subhalaxmi/nidar_ws/install/px4_msgs/include/px4_msgs/px4_msgs/msg/detail/fixed_wing_lateral_setpoint__rosidl_typesupport_introspection_cpp.hpp\n'}
[16.633071] (px4_msgs) StdoutLine: {'line': b'-- Up-to-date: /home/subhalaxmi/nidar_ws/install/px4_msgs/include/px4_msgs/px4_msgs/msg/detail/estimator_bias__type_support.cpp\n'}
[16.635572] (px4_msgs) StdoutLine: {'line': b'-- Up-to-date: /home/subhalaxmi/nidar_ws/install/px4_msgs/include/px4_msgs/px4_msgs/msg/detail/onboard_computer_status__rosidl_typesupport_introspection_cpp.hpp\n'}
[16.636031] (px4_msgs) StdoutLine: {'line': b'-- Up-to-date: /home/subhalaxmi/nidar_ws/install/px4_msgs/include/px4_msgs/px4_msgs/msg/detail/actuator_controls_status__type_support.cpp\n'}
[16.636639] (px4_msgs) StdoutLine: {'line': b'-- Up-to-date: /home/subhalaxmi/nidar_ws/install/px4_msgs/include/px4_msgs/px4_msgs/msg/detail/radio_status__rosidl_typesupport_introspection_cpp.hpp\n'}
[16.636982] (px4_msgs) StdoutLine: {'line': b'-- Up-to-date: /home/subhalaxmi/nidar_ws/install/px4_msgs/include/px4_msgs/px4_msgs/msg/detail/task_stack_info__rosidl_typesupport_introspection_cpp.hpp\n'}
[16.637384] (px4_msgs) StdoutLine: {'line': b'-- Up-to-date: /home/subhalaxmi/nidar_ws/install/px4_msgs/include/px4_msgs/px4_msgs/msg/detail/vehicle_local_position__rosidl_typesupport_introspection_cpp.hpp\n'}
[16.639360] (px4_msgs) StdoutLine: {'line': b'-- Up-to-date: /home/subhalaxmi/nidar_ws/install/px4_msgs/include/px4_msgs/px4_msgs/msg/detail/sensor_temp__type_support.cpp\n'}
[16.640125] (px4_msgs) StdoutLine: {'line': b'-- Up-to-date: /home/subhalaxmi/nidar_ws/install/px4_msgs/include/px4_msgs/px4_msgs/msg/detail/esc_status__rosidl_typesupport_introspection_cpp.hpp\n'}
[16.641371] (px4_msgs) StdoutLine: {'line': b'-- Up-to-date: /home/subhalaxmi/nidar_ws/install/px4_msgs/include/px4_msgs/px4_msgs/msg/detail/sensor_preflight_mag__rosidl_typesupport_introspection_cpp.hpp\n'}
[16.642188] (px4_msgs) StdoutLine: {'line': b'-- Up-to-date: /home/subhalaxmi/nidar_ws/install/px4_msgs/include/px4_msgs/px4_msgs/msg/detail/action_request__rosidl_typesupport_introspection_cpp.hpp\n'}
[16.644583] (px4_msgs) StdoutLine: {'line': b'-- Up-to-date: /home/subhalaxmi/nidar_ws/install/px4_msgs/include/px4_msgs/px4_msgs/msg/detail/debug_array__rosidl_typesupport_introspection_cpp.hpp\n'}
[16.645062] (px4_msgs) StdoutLine: {'line': b'-- Up-to-date: /home/subhalaxmi/nidar_ws/install/px4_msgs/include/px4_msgs/px4_msgs/msg/detail/register_ext_component_reply__type_support.cpp\n'}
[16.645292] (px4_msgs) StdoutLine: {'line': b'-- Up-to-date: /home/subhalaxmi/nidar_ws/install/px4_msgs/include/px4_msgs/px4_msgs/msg/detail/action_request__type_support.cpp\n'}
[16.645491] (px4_msgs) StdoutLine: {'line': b'-- Up-to-date: /home/subhalaxmi/nidar_ws/install/px4_msgs/include/px4_msgs/px4_msgs/msg/detail/qshell_retval__type_support.cpp\n'}
[16.645688] (px4_msgs) StdoutLine: {'line': b'-- Up-to-date: /home/subhalaxmi/nidar_ws/install/px4_msgs/include/px4_msgs/px4_msgs/msg/detail/gimbal_manager_set_attitude__rosidl_typesupport_introspection_cpp.hpp\n'}
[16.647080] (px4_msgs) StdoutLine: {'line': b'-- Up-to-date: /home/subhalaxmi/nidar_ws/install/px4_msgs/include/px4_msgs/px4_msgs/msg/detail/sensor_gyro_fifo__type_support.cpp\n'}
[16.649309] (px4_msgs) StdoutLine: {'line': b'-- Up-to-date: /home/subhalaxmi/nidar_ws/install/px4_msgs/include/px4_msgs/px4_msgs/msg/detail/vehicle_constraints__rosidl_typesupport_introspection_cpp.hpp\n'}
[16.650847] (px4_msgs) StdoutLine: {'line': b'-- Up-to-date: /home/subhalaxmi/nidar_ws/install/px4_msgs/include/px4_msgs/px4_msgs/msg/detail/neural_control__rosidl_typesupport_introspection_cpp.hpp\n'}
[16.651510] (px4_msgs) StdoutLine: {'line': b'-- Up-to-date: /home/subhalaxmi/nidar_ws/install/px4_msgs/include/px4_msgs/px4_msgs/msg/detail/open_drone_id_system__rosidl_typesupport_introspection_cpp.hpp\n'}
[16.654067] (-) TimerEvent: {}
[16.654320] (px4_msgs) StdoutLine: {'line': b'-- Up-to-date: /home/subhalaxmi/nidar_ws/install/px4_msgs/include/px4_msgs/px4_msgs/msg/detail/uavcan_parameter_request__type_support.cpp\n'}
[16.654577] (px4_msgs) StdoutLine: {'line': b'-- Up-to-date: /home/subhalaxmi/nidar_ws/install/px4_msgs/include/px4_msgs/px4_msgs/msg/detail/raptor_status__rosidl_typesupport_introspection_cpp.hpp\n'}
[16.654784] (px4_msgs) StdoutLine: {'line': b'-- Up-to-date: /home/subhalaxmi/nidar_ws/install/px4_msgs/include/px4_msgs/px4_msgs/msg/detail/estimator_states__rosidl_typesupport_introspection_cpp.hpp\n'}
[16.655017] (px4_msgs) StdoutLine: {'line': b'-- Up-to-date: /home/subhalaxmi/nidar_ws/install/px4_msgs/include/px4_msgs/px4_msgs/msg/detail/log_message__rosidl_typesupport_introspection_cpp.hpp\n'}
[16.655968] (px4_msgs) StdoutLine: {'line': b'-- Up-to-date: /home/subhalaxmi/nidar_ws/install/px4_msgs/include/px4_msgs/px4_msgs/msg/detail/health_report__type_support.cpp\n'}
[16.656298] (px4_msgs) StdoutLine: {'line': b'-- Up-to-date: /home/subhalaxmi/nidar_ws/install/px4_msgs/include/px4_msgs/px4_msgs/msg/detail/power_monitor__rosidl_typesupport_introspection_cpp.hpp\n'}
[16.656531] (px4_msgs) StdoutLine: {'line': b'-- Up-to-date: /home/subhalaxmi/nidar_ws/install/px4_msgs/include/px4_msgs/px4_msgs/msg/detail/airspeed_wind__type_support.cpp\n'}
[16.657972] (px4_msgs) StdoutLine: {'line': b'-- Up-to-date: /home/subhalaxmi/nidar_ws/install/px4_msgs/include/px4_msgs/px4_msgs/msg/detail/fixed_wing_lateral_guidance_status__rosidl_typesupport_introspection_cpp.hpp\n'}
[16.658272] (px4_msgs) StdoutLine: {'line': b'-- Up-to-date: /home/subhalaxmi/nidar_ws/install/px4_msgs/include/px4_msgs/px4_msgs/msg/detail/vehicle_rates_setpoint__type_support.cpp\n'}
[16.658514] (px4_msgs) StdoutLine: {'line': b'-- Up-to-date: /home/subhalaxmi/nidar_ws/install/px4_msgs/include/px4_msgs/px4_msgs/msg/detail/sensor_accel_fifo__type_support.cpp\n'}
[16.658756] (px4_msgs) StdoutLine: {'line': b'-- Up-to-date: /home/subhalaxmi/nidar_ws/install/px4_msgs/include/px4_msgs/px4_msgs/msg/detail/ekf2_timestamps__rosidl_typesupport_introspection_cpp.hpp\n'}
[16.659039] (px4_msgs) StdoutLine: {'line': b'-- Up-to-date: /home/subhalaxmi/nidar_ws/install/px4_msgs/include/px4_msgs/px4_msgs/msg/detail/sensor_accel__rosidl_typesupport_introspection_cpp.hpp\n'}
[16.659267] (px4_msgs) StdoutLine: {'line': b'-- Up-to-date: /home/subhalaxmi/nidar_ws/install/px4_msgs/include/px4_msgs/px4_msgs/msg/detail/sensor_selection__rosidl_typesupport_introspection_cpp.hpp\n'}
[16.659484] (px4_msgs) StdoutLine: {'line': b'-- Up-to-date: /home/subhalaxmi/nidar_ws/install/px4_msgs/include/px4_msgs/px4_msgs/msg/detail/differential_pressure__rosidl_typesupport_introspection_cpp.hpp\n'}
[16.659696] (px4_msgs) StdoutLine: {'line': b'-- Up-to-date: /home/subhalaxmi/nidar_ws/install/px4_msgs/include/px4_msgs/px4_msgs/msg/detail/open_drone_id_self_id__rosidl_typesupport_introspection_cpp.hpp\n'}
[16.661261] (px4_msgs) StdoutLine: {'line': b'-- Up-to-date: /home/subhalaxmi/nidar_ws/install/px4_msgs/include/px4_msgs/px4_msgs/msg/detail/debug_array__type_support.cpp\n'}
[16.661758] (px4_msgs) StdoutLine: {'line': b'-- Up-to-date: /home/subhalaxmi/nidar_ws/install/px4_msgs/include/px4_msgs/px4_msgs/msg/detail/vehicle_acceleration__rosidl_typesupport_introspection_cpp.hpp\n'}
[16.664752] (px4_msgs) StdoutLine: {'line': b'-- Up-to-date: /home/subhalaxmi/nidar_ws/install/px4_msgs/include/px4_msgs/px4_msgs/msg/detail/actuator_controls_status__rosidl_typesupport_introspection_cpp.hpp\n'}
[16.665309] (px4_msgs) StdoutLine: {'line': b'-- Up-to-date: /home/subhalaxmi/nidar_ws/install/px4_msgs/include/px4_msgs/px4_msgs/msg/detail/estimator_innovations__rosidl_typesupport_introspection_cpp.hpp\n'}
[16.668729] (px4_msgs) StdoutLine: {'line': b'-- Up-to-date: /home/subhalaxmi/nidar_ws/install/px4_msgs/include/px4_msgs/px4_msgs/msg/detail/gimbal_manager_status__rosidl_typesupport_introspection_cpp.hpp\n'}
[16.671608] (px4_msgs) StdoutLine: {'line': b'-- Up-to-date: /home/subhalaxmi/nidar_ws/install/px4_msgs/include/px4_msgs/px4_msgs/msg/detail/rover_attitude_status__type_support.cpp\n'}
[16.673758] (px4_msgs) StdoutLine: {'line': b'-- Up-to-date: /home/subhalaxmi/nidar_ws/install/px4_msgs/include/px4_msgs/px4_msgs/msg/detail/landing_target_pose__rosidl_typesupport_introspection_cpp.hpp\n'}
[16.674341] (px4_msgs) StdoutLine: {'line': b'-- Up-to-date: /home/subhalaxmi/nidar_ws/install/px4_msgs/include/px4_msgs/px4_msgs/msg/detail/ulog_stream__rosidl_typesupport_introspection_cpp.hpp\n'}
[16.675131] (px4_msgs) StdoutLine: {'line': b'-- Up-to-date: /home/subhalaxmi/nidar_ws/install/px4_msgs/include/px4_msgs/px4_msgs/msg/detail/tune_control__type_support.cpp\n'}
[16.683642] (px4_msgs) StdoutLine: {'line': b'-- Up-to-date: /home/subhalaxmi/nidar_ws/install/px4_msgs/include/px4_msgs/px4_msgs/msg/detail/differential_pressure__type_support.cpp\n'}
[16.684749] (px4_msgs) StdoutLine: {'line': b'-- Up-to-date: /home/subhalaxmi/nidar_ws/install/px4_msgs/include/px4_msgs/px4_msgs/msg/detail/trajectory_setpoint__rosidl_typesupport_introspection_cpp.hpp\n'}
[16.685388] (px4_msgs) StdoutLine: {'line': b'-- Up-to-date: /home/subhalaxmi/nidar_ws/install/px4_msgs/include/px4_msgs/px4_msgs/msg/detail/sensor_hygrometer__type_support.cpp\n'}
[16.687459] (px4_msgs) StdoutLine: {'line': b'-- Up-to-date: /home/subhalaxmi/nidar_ws/install/px4_msgs/include/px4_msgs/px4_msgs/msg/detail/orb_test__rosidl_typesupport_introspection_cpp.hpp\n'}
[16.687914] (px4_msgs) StdoutLine: {'line': b'-- Up-to-date: /home/subhalaxmi/nidar_ws/install/px4_msgs/include/px4_msgs/px4_msgs/msg/detail/system_power__rosidl_typesupport_introspection_cpp.hpp\n'}
[16.688594] (px4_msgs) StdoutLine: {'line': b'-- Up-to-date: /home/subhalaxmi/nidar_ws/install/px4_msgs/include/px4_msgs/px4_msgs/msg/detail/dronecan_node_status__type_support.cpp\n'}
[16.688920] (px4_msgs) StdoutLine: {'line': b'-- Up-to-date: /home/subhalaxmi/nidar_ws/install/px4_msgs/include/px4_msgs/px4_msgs/msg/detail/raptor_status__type_support.cpp\n'}
[16.689245] (px4_msgs) StdoutLine: {'line': b'-- Up-to-date: /home/subhalaxmi/nidar_ws/install/px4_msgs/include/px4_msgs/px4_msgs/msg/detail/camera_trigger__type_support.cpp\n'}
[16.689474] (px4_msgs) StdoutLine: {'line': b'-- Up-to-date: /home/subhalaxmi/nidar_ws/install/px4_msgs/include/px4_msgs/px4_msgs/msg/detail/goto_setpoint__type_support.cpp\n'}
[16.689683] (px4_msgs) StdoutLine: {'line': b'-- Up-to-date: /home/subhalaxmi/nidar_ws/install/px4_msgs/include/px4_msgs/px4_msgs/msg/detail/sensor_gps__rosidl_typesupport_introspection_cpp.hpp\n'}
[16.690723] (px4_msgs) StdoutLine: {'line': b'-- Up-to-date: /home/subhalaxmi/nidar_ws/install/px4_msgs/include/px4_msgs/px4_msgs/msg/detail/vehicle_angular_velocity__rosidl_typesupport_introspection_cpp.hpp\n'}
[16.691474] (px4_msgs) StdoutLine: {'line': b'-- Up-to-date: /home/subhalaxmi/nidar_ws/install/px4_msgs/include/px4_msgs/px4_msgs/msg/detail/velocity_limits__type_support.cpp\n'}
[16.691960] (px4_msgs) StdoutLine: {'line': b'-- Up-to-date: /home/subhalaxmi/nidar_ws/install/px4_msgs/include/px4_msgs/px4_msgs/msg/detail/device_information__type_support.cpp\n'}
[16.692494] (px4_msgs) StdoutLine: {'line': b'-- Up-to-date: /home/subhalaxmi/nidar_ws/install/px4_msgs/include/px4_msgs/px4_msgs/msg/detail/aux_global_position__rosidl_typesupport_introspection_cpp.hpp\n'}
[16.692938] (px4_msgs) StdoutLine: {'line': b'-- Up-to-date: /home/subhalaxmi/nidar_ws/install/px4_msgs/include/px4_msgs/px4_msgs/msg/detail/sensor_gnss_status__type_support.cpp\n'}
[16.693349] (px4_msgs) StdoutLine: {'line': b'-- Up-to-date: /home/subhalaxmi/nidar_ws/install/px4_msgs/include/px4_msgs/px4_msgs/msg/detail/home_position__type_support.cpp\n'}
[16.693623] (px4_msgs) StdoutLine: {'line': b'-- Up-to-date: /home/subhalaxmi/nidar_ws/install/px4_msgs/include/px4_msgs/px4_msgs/msg/detail/vehicle_optical_flow__type_support.cpp\n'}
[16.693890] (px4_msgs) StdoutLine: {'line': b'-- Up-to-date: /home/subhalaxmi/nidar_ws/install/px4_msgs/include/px4_msgs/px4_msgs/msg/detail/magnetometer_bias_estimate__rosidl_typesupport_introspection_cpp.hpp\n'}
[16.694333] (px4_msgs) StdoutLine: {'line': b'-- Up-to-date: /home/subhalaxmi/nidar_ws/install/px4_msgs/include/px4_msgs/px4_msgs/msg/detail/heater_status__type_support.cpp\n'}
[16.694550] (px4_msgs) StdoutLine: {'line': b'-- Up-to-date: /home/subhalaxmi/nidar_ws/install/px4_msgs/include/px4_msgs/px4_msgs/msg/detail/camera_status__rosidl_typesupport_introspection_cpp.hpp\n'}
[16.694727] (px4_msgs) StdoutLine: {'line': b'-- Up-to-date: /home/subhalaxmi/nidar_ws/install/px4_msgs/include/px4_msgs/px4_msgs/msg/detail/actuator_servos_trim__type_support.cpp\n'}
[16.694931] (px4_msgs) StdoutLine: {'line': b'-- Up-to-date: /home/subhalaxmi/nidar_ws/install/px4_msgs/include/px4_msgs/px4_msgs/msg/detail/debug_key_value__type_support.cpp\n'}
[16.695416] (px4_msgs) StdoutLine: {'line': b'-- Up-to-date: /home/subhalaxmi/nidar_ws/install/px4_msgs/include/px4_msgs/px4_msgs/msg/detail/vehicle_roi__type_support.cpp\n'}
[16.695635] (px4_msgs) StdoutLine: {'line': b'-- Up-to-date: /home/subhalaxmi/nidar_ws/install/px4_msgs/include/px4_msgs/px4_msgs/msg/detail/trajectory_setpoint6dof__type_support.cpp\n'}
[16.695884] (px4_msgs) StdoutLine: {'line': b'-- Up-to-date: /home/subhalaxmi/nidar_ws/install/px4_msgs/include/px4_msgs/px4_msgs/msg/detail/parameter_update__type_support.cpp\n'}
[16.696080] (px4_msgs) StdoutLine: {'line': b'-- Up-to-date: /home/subhalaxmi/nidar_ws/install/px4_msgs/include/px4_msgs/px4_msgs/msg/detail/manual_control_setpoint__rosidl_typesupport_introspection_cpp.hpp\n'}
[16.696290] (px4_msgs) StdoutLine: {'line': b'-- Up-to-date: /home/subhalaxmi/nidar_ws/install/px4_msgs/include/px4_msgs/px4_msgs/msg/detail/unregister_ext_component__type_support.cpp\n'}
[16.696658] (px4_msgs) StdoutLine: {'line': b'-- Up-to-date: /home/subhalaxmi/nidar_ws/install/px4_msgs/include/px4_msgs/px4_msgs/msg/detail/orb_test_medium__type_support.cpp\n'}
[16.696854] (px4_msgs) StdoutLine: {'line': b'-- Up-to-date: /home/subhalaxmi/nidar_ws/install/px4_msgs/include/px4_msgs/px4_msgs/msg/detail/actuator_test__rosidl_typesupport_introspection_cpp.hpp\n'}
[16.697046] (px4_msgs) StdoutLine: {'line': b'-- Up-to-date: /home/subhalaxmi/nidar_ws/install/px4_msgs/include/px4_msgs/px4_msgs/msg/detail/battery_status__rosidl_typesupport_introspection_cpp.hpp\n'}
[16.697211] (px4_msgs) StdoutLine: {'line': b'-- Up-to-date: /home/subhalaxmi/nidar_ws/install/px4_msgs/include/px4_msgs/px4_msgs/msg/detail/esc_report__type_support.cpp\n'}
[16.697400] (px4_msgs) StdoutLine: {'line': b'-- Up-to-date: /home/subhalaxmi/nidar_ws/install/px4_msgs/include/px4_msgs/px4_msgs/msg/detail/sensor_gyro_fifo__rosidl_typesupport_introspection_cpp.hpp\n'}
[16.697719] (px4_msgs) StdoutLine: {'line': b'-- Up-to-date: /home/subhalaxmi/nidar_ws/install/px4_msgs/include/px4_msgs/px4_msgs/msg/detail/landing_target_innovations__type_support.cpp\n'}
[16.697954] (px4_msgs) StdoutLine: {'line': b'-- Up-to-date: /home/subhalaxmi/nidar_ws/install/px4_msgs/include/px4_msgs/px4_msgs/msg/detail/vehicle_command__type_support.cpp\n'}
[16.698156] (px4_msgs) StdoutLine: {'line': b'-- Up-to-date: /home/subhalaxmi/nidar_ws/install/px4_msgs/include/px4_msgs/px4_msgs/msg/detail/vehicle_status__rosidl_typesupport_introspection_cpp.hpp\n'}
[16.698362] (px4_msgs) StdoutLine: {'line': b'-- Up-to-date: /home/subhalaxmi/nidar_ws/install/px4_msgs/include/px4_msgs/px4_msgs/msg/detail/mavlink_tunnel__type_support.cpp\n'}
[16.698560] (px4_msgs) StdoutLine: {'line': b'-- Up-to-date: /home/subhalaxmi/nidar_ws/install/px4_msgs/include/px4_msgs/px4_msgs/msg/detail/trajectory_setpoint__type_support.cpp\n'}
[16.698769] (px4_msgs) StdoutLine: {'line': b'-- Up-to-date: /home/subhalaxmi/nidar_ws/install/px4_msgs/include/px4_msgs/px4_msgs/msg/detail/irlock_report__rosidl_typesupport_introspection_cpp.hpp\n'}
[16.699007] (px4_msgs) StdoutLine: {'line': b'-- Up-to-date: /home/subhalaxmi/nidar_ws/install/px4_msgs/include/px4_msgs/px4_msgs/msg/detail/vehicle_optical_flow__rosidl_typesupport_introspection_cpp.hpp\n'}
[16.699333] (px4_msgs) StdoutLine: {'line': b'-- Up-to-date: /home/subhalaxmi/nidar_ws/install/px4_msgs/include/px4_msgs/px4_msgs/msg/detail/irlock_report__type_support.cpp\n'}
[16.699510] (px4_msgs) StdoutLine: {'line': b'-- Up-to-date: /home/subhalaxmi/nidar_ws/install/px4_msgs/include/px4_msgs/px4_msgs/msg/detail/open_drone_id_system__type_support.cpp\n'}
[16.699676] (px4_msgs) StdoutLine: {'line': b'-- Up-to-date: /home/subhalaxmi/nidar_ws/install/px4_msgs/include/px4_msgs/px4_msgs/msg/detail/event__rosidl_typesupport_introspection_cpp.hpp\n'}
[16.699858] (px4_msgs) StdoutLine: {'line': b'-- Up-to-date: /home/subhalaxmi/nidar_ws/install/px4_msgs/include/px4_msgs/px4_msgs/msg/detail/sensor_gyro__rosidl_typesupport_introspection_cpp.hpp\n'}
[16.700053] (px4_msgs) StdoutLine: {'line': b'-- Up-to-date: /home/subhalaxmi/nidar_ws/install/px4_msgs/include/px4_msgs/px4_msgs/msg/detail/rover_position_setpoint__type_support.cpp\n'}
[16.700455] (px4_msgs) StdoutLine: {'line': b'-- Up-to-date: /home/subhalaxmi/nidar_ws/install/px4_msgs/include/px4_msgs/px4_msgs/msg/detail/position_setpoint_triplet__rosidl_typesupport_introspection_cpp.hpp\n'}
[16.700765] (px4_msgs) StdoutLine: {'line': b'-- Up-to-date: /home/subhalaxmi/nidar_ws/install/px4_msgs/include/px4_msgs/px4_msgs/msg/detail/wind__type_support.cpp\n'}
[16.701004] (px4_msgs) StdoutLine: {'line': b'-- Up-to-date: /home/subhalaxmi/nidar_ws/install/px4_msgs/include/px4_msgs/px4_msgs/msg/detail/register_ext_component_reply__rosidl_typesupport_introspection_cpp.hpp\n'}
[16.701189] (px4_msgs) StdoutLine: {'line': b'-- Up-to-date: /home/subhalaxmi/nidar_ws/install/px4_msgs/include/px4_msgs/px4_msgs/msg/detail/vehicle_odometry__rosidl_typesupport_introspection_cpp.hpp\n'}
[16.701365] (px4_msgs) StdoutLine: {'line': b'-- Up-to-date: /home/subhalaxmi/nidar_ws/install/px4_msgs/include/px4_msgs/px4_msgs/msg/detail/pure_pursuit_status__type_support.cpp\n'}
[16.701531] (px4_msgs) StdoutLine: {'line': b'-- Up-to-date: /home/subhalaxmi/nidar_ws/install/px4_msgs/include/px4_msgs/px4_msgs/msg/detail/sensor_temp__rosidl_typesupport_introspection_cpp.hpp\n'}
[16.701697] (px4_msgs) StdoutLine: {'line': b'-- Up-to-date: /home/subhalaxmi/nidar_ws/install/px4_msgs/include/px4_msgs/px4_msgs/msg/detail/rtl_status__type_support.cpp\n'}
[16.701904] (px4_msgs) StdoutLine: {'line': b'-- Up-to-date: /home/subhalaxmi/nidar_ws/install/px4_msgs/include/px4_msgs/px4_msgs/msg/detail/goto_setpoint__rosidl_typesupport_introspection_cpp.hpp\n'}
[16.702238] (px4_msgs) StdoutLine: {'line': b'-- Up-to-date: /home/subhalaxmi/nidar_ws/install/px4_msgs/include/px4_msgs/px4_msgs/msg/detail/power_monitor__type_support.cpp\n'}
[16.702419] (px4_msgs) StdoutLine: {'line': b'-- Up-to-date: /home/subhalaxmi/nidar_ws/install/px4_msgs/include/px4_msgs/px4_msgs/msg/detail/rover_attitude_setpoint__type_support.cpp\n'}
[16.702595] (px4_msgs) StdoutLine: {'line': b'-- Up-to-date: /home/subhalaxmi/nidar_ws/install/px4_msgs/include/px4_msgs/px4_msgs/msg/detail/debug_vect__type_support.cpp\n'}
[16.702762] (px4_msgs) StdoutLine: {'line': b'-- Up-to-date: /home/subhalaxmi/nidar_ws/install/px4_msgs/include/px4_msgs/px4_msgs/msg/detail/debug_key_value__rosidl_typesupport_introspection_cpp.hpp\n'}
[16.703182] (px4_msgs) StdoutLine: {'line': b'-- Up-to-date: /home/subhalaxmi/nidar_ws/install/px4_msgs/include/px4_msgs/px4_msgs/msg/detail/parameter_set_used_request__rosidl_typesupport_introspection_cpp.hpp\n'}
[16.703407] (px4_msgs) StdoutLine: {'line': b'-- Up-to-date: /home/subhalaxmi/nidar_ws/install/px4_msgs/include/px4_msgs/px4_msgs/msg/detail/estimator_aid_source2d__type_support.cpp\n'}
[16.703612] (px4_msgs) StdoutLine: {'line': b'-- Up-to-date: /home/subhalaxmi/nidar_ws/install/px4_msgs/include/px4_msgs/px4_msgs/msg/detail/estimator_sensor_bias__rosidl_typesupport_introspection_cpp.hpp\n'}
[16.705308] (px4_msgs) StdoutLine: {'line': b'-- Up-to-date: /home/subhalaxmi/nidar_ws/install/px4_msgs/include/px4_msgs/px4_msgs/msg/detail/launch_detection_status__rosidl_typesupport_introspection_cpp.hpp\n'}
[16.705900] (px4_msgs) StdoutLine: {'line': b'-- Up-to-date: /home/subhalaxmi/nidar_ws/install/px4_msgs/include/px4_msgs/px4_msgs/msg/detail/takeoff_status__type_support.cpp\n'}
[16.706431] (px4_msgs) StdoutLine: {'line': b'-- Up-to-date: /home/subhalaxmi/nidar_ws/install/px4_msgs/include/px4_msgs/px4_msgs/msg/detail/position_controller_status__type_support.cpp\n'}
[16.706916] (px4_msgs) StdoutLine: {'line': b'-- Up-to-date: /home/subhalaxmi/nidar_ws/install/px4_msgs/include/px4_msgs/px4_msgs/msg/detail/offboard_control_mode__type_support.cpp\n'}
[16.708973] (px4_msgs) StdoutLine: {'line': b'-- Up-to-date: /home/subhalaxmi/nidar_ws/install/px4_msgs/include/px4_msgs/px4_msgs/msg/detail/figure_eight_status__rosidl_typesupport_introspection_cpp.hpp\n'}
[16.709457] (px4_msgs) StdoutLine: {'line': b'-- Up-to-date: /home/subhalaxmi/nidar_ws/install/px4_msgs/include/px4_msgs/px4_msgs/msg/detail/rover_rate_setpoint__type_support.cpp\n'}
[16.709942] (px4_msgs) StdoutLine: {'line': b'-- Up-to-date: /home/subhalaxmi/nidar_ws/install/px4_msgs/include/px4_msgs/px4_msgs/msg/detail/geofence_status__rosidl_typesupport_introspection_cpp.hpp\n'}
[16.710537] (px4_msgs) StdoutLine: {'line': b'-- Up-to-date: /home/subhalaxmi/nidar_ws/install/px4_msgs/include/px4_msgs/px4_msgs/msg/detail/gimbal_device_information__rosidl_typesupport_introspection_cpp.hpp\n'}
[16.711883] (px4_msgs) StdoutLine: {'line': b'-- Up-to-date: /home/subhalaxmi/nidar_ws/install/px4_msgs/include/px4_msgs/px4_msgs/msg/detail/camera_capture__type_support.cpp\n'}
[16.712699] (px4_msgs) StdoutLine: {'line': b'-- Up-to-date: /home/subhalaxmi/nidar_ws/install/px4_msgs/include/px4_msgs/px4_msgs/msg/detail/gpio_out__rosidl_typesupport_introspection_cpp.hpp\n'}
[16.713115] (px4_msgs) StdoutLine: {'line': b'-- Up-to-date: /home/subhalaxmi/nidar_ws/install/px4_msgs/include/px4_msgs/px4_msgs/msg/detail/vehicle_air_data__type_support.cpp\n'}
[16.713617] (px4_msgs) StdoutLine: {'line': b'-- Up-to-date: /home/subhalaxmi/nidar_ws/install/px4_msgs/include/px4_msgs/px4_msgs/msg/detail/fixed_wing_lateral_setpoint__type_support.cpp\n'}
[16.713994] (px4_msgs) StdoutLine: {'line': b'-- Up-to-date: /home/subhalaxmi/nidar_ws/install/px4_msgs/include/px4_msgs/px4_msgs/msg/detail/ulog_stream_ack__rosidl_typesupport_introspection_cpp.hpp\n'}
[16.714490] (px4_msgs) StdoutLine: {'line': b'-- Up-to-date: /home/subhalaxmi/nidar_ws/install/px4_msgs/include/px4_msgs/px4_msgs/msg/detail/parameter_set_value_response__type_support.cpp\n'}
[16.714756] (px4_msgs) StdoutLine: {'line': b'-- Up-to-date: /home/subhalaxmi/nidar_ws/install/px4_msgs/include/px4_msgs/px4_msgs/msg/detail/vehicle_attitude_setpoint__rosidl_typesupport_introspection_cpp.hpp\n'}
[16.715025] (px4_msgs) StdoutLine: {'line': b'-- Up-to-date: /home/subhalaxmi/nidar_ws/install/px4_msgs/include/px4_msgs/px4_msgs/msg/detail/dataman_response__rosidl_typesupport_introspection_cpp.hpp\n'}
[16.715248] (px4_msgs) StdoutLine: {'line': b'-- Up-to-date: /home/subhalaxmi/nidar_ws/install/px4_msgs/include/px4_msgs/px4_msgs/msg/detail/sensor_airflow__rosidl_typesupport_introspection_cpp.hpp\n'}
[16.715459] (px4_msgs) StdoutLine: {'line': b'-- Up-to-date: /home/subhalaxmi/nidar_ws/install/px4_msgs/include/px4_msgs/px4_msgs/msg/detail/qshell_req__type_support.cpp\n'}
[16.715680] (px4_msgs) StdoutLine: {'line': b'-- Up-to-date: /home/subhalaxmi/nidar_ws/install/px4_msgs/include/px4_msgs/px4_msgs/msg/detail/heater_status__rosidl_typesupport_introspection_cpp.hpp\n'}
[16.715937] (px4_msgs) StdoutLine: {'line': b'-- Up-to-date: /home/subhalaxmi/nidar_ws/install/px4_msgs/include/px4_msgs/px4_msgs/msg/detail/vehicle_optical_flow_vel__type_support.cpp\n'}
[16.717008] (px4_msgs) StdoutLine: {'line': b'-- Up-to-date: /home/subhalaxmi/nidar_ws/install/px4_msgs/include/px4_msgs/px4_msgs/msg/detail/sensor_combined__type_support.cpp\n'}
[16.717739] (px4_msgs) StdoutLine: {'line': b'-- Up-to-date: /home/subhalaxmi/nidar_ws/install/px4_msgs/include/px4_msgs/px4_msgs/msg/detail/rtl_time_estimate__rosidl_typesupport_introspection_cpp.hpp\n'}
[16.718569] (px4_msgs) StdoutLine: {'line': b'-- Up-to-date: /home/subhalaxmi/nidar_ws/install/px4_msgs/include/px4_msgs/px4_msgs/msg/detail/logger_status__rosidl_typesupport_introspection_cpp.hpp\n'}
[16.719051] (px4_msgs) StdoutLine: {'line': b'-- Up-to-date: /home/subhalaxmi/nidar_ws/install/px4_msgs/include/px4_msgs/px4_msgs/msg/detail/rc_parameter_map__type_support.cpp\n'}
[16.719552] (px4_msgs) StdoutLine: {'line': b'-- Up-to-date: /home/subhalaxmi/nidar_ws/install/px4_msgs/include/px4_msgs/px4_msgs/msg/detail/vehicle_attitude_setpoint__type_support.cpp\n'}
[16.719779] (px4_msgs) StdoutLine: {'line': b'-- Up-to-date: /home/subhalaxmi/nidar_ws/install/px4_msgs/include/px4_msgs/px4_msgs/msg/detail/sensor_mag__type_support.cpp\n'}
[16.720009] (px4_msgs) StdoutLine: {'line': b'-- Up-to-date: /home/subhalaxmi/nidar_ws/install/px4_msgs/include/px4_msgs/px4_msgs/msg/detail/sensor_baro__type_support.cpp\n'}
[16.720220] (px4_msgs) StdoutLine: {'line': b'-- Up-to-date: /home/subhalaxmi/nidar_ws/install/px4_msgs/include/px4_msgs/px4_msgs/msg/detail/qshell_retval__rosidl_typesupport_introspection_cpp.hpp\n'}
[16.720395] (px4_msgs) StdoutLine: {'line': b'-- Up-to-date: /home/subhalaxmi/nidar_ws/install/px4_msgs/include/px4_msgs/px4_msgs/msg/detail/tiltrotor_extra_controls__rosidl_typesupport_introspection_cpp.hpp\n'}
[16.720581] (px4_msgs) StdoutLine: {'line': b'-- Up-to-date: /home/subhalaxmi/nidar_ws/install/px4_msgs/include/px4_msgs/px4_msgs/msg/detail/debug_value__type_support.cpp\n'}
[16.720748] (px4_msgs) StdoutLine: {'line': b'-- Up-to-date: /home/subhalaxmi/nidar_ws/install/px4_msgs/include/px4_msgs/px4_msgs/msg/detail/follow_target_estimator__type_support.cpp\n'}
[16.721221] (px4_msgs) StdoutLine: {'line': b'-- Up-to-date: /home/subhalaxmi/nidar_ws/install/px4_msgs/include/px4_msgs/px4_msgs/msg/detail/iridiumsbd_status__rosidl_typesupport_introspection_cpp.hpp\n'}
[16.721412] (px4_msgs) StdoutLine: {'line': b'-- Up-to-date: /home/subhalaxmi/nidar_ws/install/px4_msgs/include/px4_msgs/px4_msgs/msg/detail/orb_test_medium__rosidl_typesupport_introspection_cpp.hpp\n'}
[16.721578] (px4_msgs) StdoutLine: {'line': b'-- Up-to-date: /home/subhalaxmi/nidar_ws/install/px4_msgs/include/px4_msgs/px4_msgs/msg/detail/iridiumsbd_status__type_support.cpp\n'}
[16.721982] (px4_msgs) StdoutLine: {'line': b'-- Up-to-date: /home/subhalaxmi/nidar_ws/install/px4_msgs/include/px4_msgs/px4_msgs/msg/detail/manual_control_setpoint__type_support.cpp\n'}
[16.722228] (px4_msgs) StdoutLine: {'line': b'-- Up-to-date: /home/subhalaxmi/nidar_ws/install/px4_msgs/include/px4_msgs/px4_msgs/msg/detail/position_controller_landing_status__rosidl_typesupport_introspection_cpp.hpp\n'}
[16.722401] (px4_msgs) StdoutLine: {'line': b'-- Up-to-date: /home/subhalaxmi/nidar_ws/install/px4_msgs/include/px4_msgs/px4_msgs/msg/detail/distance_sensor__type_support.cpp\n'}
[16.722566] (px4_msgs) StdoutLine: {'line': b'-- Up-to-date: /home/subhalaxmi/nidar_ws/install/px4_msgs/include/px4_msgs/px4_msgs/msg/detail/debug_vect__rosidl_typesupport_introspection_cpp.hpp\n'}
[16.722729] (px4_msgs) StdoutLine: {'line': b'-- Up-to-date: /home/subhalaxmi/nidar_ws/install/px4_msgs/include/px4_msgs/px4_msgs/msg/detail/estimator_bias__rosidl_typesupport_introspection_cpp.hpp\n'}
[16.722919] (px4_msgs) StdoutLine: {'line': b'-- Up-to-date: /home/subhalaxmi/nidar_ws/install/px4_msgs/include/px4_msgs/px4_msgs/msg/detail/rover_rate_status__rosidl_typesupport_introspection_cpp.hpp\n'}
[16.723098] (px4_msgs) StdoutLine: {'line': b'-- Up-to-date: /home/subhalaxmi/nidar_ws/install/px4_msgs/include/px4_msgs/px4_msgs/msg/detail/estimator_states__type_support.cpp\n'}
[16.723270] (px4_msgs) StdoutLine: {'line': b'-- Up-to-date: /home/subhalaxmi/nidar_ws/install/px4_msgs/include/px4_msgs/px4_msgs/msg/detail/rc_parameter_map__rosidl_typesupport_introspection_cpp.hpp\n'}
[16.723458] (px4_msgs) StdoutLine: {'line': b'-- Up-to-date: /home/subhalaxmi/nidar_ws/install/px4_msgs/include/px4_msgs/px4_msgs/msg/detail/camera_trigger__rosidl_typesupport_introspection_cpp.hpp\n'}
[16.723621] (px4_msgs) StdoutLine: {'line': b'-- Up-to-date: /home/subhalaxmi/nidar_ws/install/px4_msgs/include/px4_msgs/px4_msgs/msg/detail/vehicle_angular_acceleration_setpoint__type_support.cpp\n'}
[16.723783] (px4_msgs) StdoutLine: {'line': b'-- Up-to-date: /home/subhalaxmi/nidar_ws/install/px4_msgs/include/px4_msgs/px4_msgs/msg/detail/landing_gear__type_support.cpp\n'}
[16.723978] (px4_msgs) StdoutLine: {'line': b'-- Up-to-date: /home/subhalaxmi/nidar_ws/install/px4_msgs/include/px4_msgs/px4_msgs/msg/detail/vehicle_magnetometer__rosidl_typesupport_introspection_cpp.hpp\n'}
[16.724169] (px4_msgs) StdoutLine: {'line': b'-- Up-to-date: /home/subhalaxmi/nidar_ws/install/px4_msgs/include/px4_msgs/px4_msgs/msg/detail/navigator_mission_item__type_support.cpp\n'}
[16.724366] (px4_msgs) StdoutLine: {'line': b'-- Up-to-date: /home/subhalaxmi/nidar_ws/install/px4_msgs/include/px4_msgs/px4_msgs/msg/detail/ulog_stream__type_support.cpp\n'}
[16.724556] (px4_msgs) StdoutLine: {'line': b'-- Up-to-date: /home/subhalaxmi/nidar_ws/install/px4_msgs/include/px4_msgs/px4_msgs/msg/detail/mag_worker_data__type_support.cpp\n'}
[16.724745] (px4_msgs) StdoutLine: {'line': b'-- Up-to-date: /home/subhalaxmi/nidar_ws/install/px4_msgs/include/px4_msgs/px4_msgs/msg/detail/obstacle_distance__rosidl_typesupport_introspection_cpp.hpp\n'}
[16.725005] (px4_msgs) StdoutLine: {'line': b'-- Up-to-date: /home/subhalaxmi/nidar_ws/install/px4_msgs/include/px4_msgs/px4_msgs/msg/detail/collision_constraints__rosidl_typesupport_introspection_cpp.hpp\n'}
[16.725200] (px4_msgs) StdoutLine: {'line': b'-- Up-to-date: /home/subhalaxmi/nidar_ws/install/px4_msgs/include/px4_msgs/px4_msgs/msg/detail/led_control__type_support.cpp\n'}
[16.725399] (px4_msgs) StdoutLine: {'line': b'-- Up-to-date: /home/subhalaxmi/nidar_ws/install/px4_msgs/include/px4_msgs/px4_msgs/msg/detail/gimbal_device_attitude_status__type_support.cpp\n'}
[16.725589] (px4_msgs) StdoutLine: {'line': b'-- Up-to-date: /home/subhalaxmi/nidar_ws/install/px4_msgs/include/px4_msgs/px4_msgs/msg/detail/landing_target_pose__type_support.cpp\n'}
[16.725753] (px4_msgs) StdoutLine: {'line': b'-- Up-to-date: /home/subhalaxmi/nidar_ws/install/px4_msgs/include/px4_msgs/px4_msgs/msg/detail/config_overrides__type_support.cpp\n'}
[16.725950] (px4_msgs) StdoutLine: {'line': b'-- Up-to-date: /home/subhalaxmi/nidar_ws/install/px4_msgs/include/px4_msgs/px4_msgs/msg/detail/actuator_motors__rosidl_typesupport_introspection_cpp.hpp\n'}
[16.726134] (px4_msgs) StdoutLine: {'line': b'-- Up-to-date: /home/subhalaxmi/nidar_ws/install/px4_msgs/include/px4_msgs/px4_msgs/msg/detail/parameter_set_value_request__rosidl_typesupport_introspection_cpp.hpp\n'}
[16.726300] (px4_msgs) StdoutLine: {'line': b'-- Up-to-date: /home/subhalaxmi/nidar_ws/install/px4_msgs/include/px4_msgs/px4_msgs/msg/detail/hover_thrust_estimate__rosidl_typesupport_introspection_cpp.hpp\n'}
[16.726471] (px4_msgs) StdoutLine: {'line': b'-- Up-to-date: /home/subhalaxmi/nidar_ws/install/px4_msgs/include/px4_msgs/px4_msgs/msg/detail/esc_report__rosidl_typesupport_introspection_cpp.hpp\n'}
[16.726645] (px4_msgs) StdoutLine: {'line': b'-- Up-to-date: /home/subhalaxmi/nidar_ws/install/px4_msgs/include/px4_msgs/px4_msgs/msg/detail/estimator_status__rosidl_typesupport_introspection_cpp.hpp\n'}
[16.727089] (px4_msgs) StdoutLine: {'line': b'-- Up-to-date: /home/subhalaxmi/nidar_ws/install/px4_msgs/include/px4_msgs/px4_msgs/msg/detail/longitudinal_control_configuration__rosidl_typesupport_introspection_cpp.hpp\n'}
[16.727344] (px4_msgs) StdoutLine: {'line': b'-- Up-to-date: /home/subhalaxmi/nidar_ws/install/px4_msgs/include/px4_msgs/px4_msgs/msg/detail/arming_check_reply__rosidl_typesupport_introspection_cpp.hpp\n'}
[16.727516] (px4_msgs) StdoutLine: {'line': b'-- Up-to-date: /home/subhalaxmi/nidar_ws/install/px4_msgs/include/px4_msgs/px4_msgs/msg/detail/estimator_aid_source1d__rosidl_typesupport_introspection_cpp.hpp\n'}
[16.727714] (px4_msgs) StdoutLine: {'line': b'-- Up-to-date: /home/subhalaxmi/nidar_ws/install/px4_msgs/include/px4_msgs/px4_msgs/msg/detail/dataman_response__type_support.cpp\n'}
[16.727911] (px4_msgs) StdoutLine: {'line': b'-- Up-to-date: /home/subhalaxmi/nidar_ws/install/px4_msgs/include/px4_msgs/px4_msgs/msg/detail/sensor_uwb__type_support.cpp\n'}
[16.728431] (px4_msgs) StdoutLine: {'line': b'-- Up-to-date: /home/subhalaxmi/nidar_ws/install/px4_msgs/include/px4_msgs/px4_msgs/msg/detail/parameter_reset_request__type_support.cpp\n'}
[16.728652] (px4_msgs) StdoutLine: {'line': b'-- Up-to-date: /home/subhalaxmi/nidar_ws/install/px4_msgs/include/px4_msgs/px4_msgs/msg/detail/estimator_bias3d__rosidl_typesupport_introspection_cpp.hpp\n'}
[16.728842] (px4_msgs) StdoutLine: {'line': b'-- Up-to-date: /home/subhalaxmi/nidar_ws/install/px4_msgs/include/px4_msgs/px4_msgs/msg/detail/telemetry_status__type_support.cpp\n'}
[16.729035] (px4_msgs) StdoutLine: {'line': b'-- Up-to-date: /home/subhalaxmi/nidar_ws/install/px4_msgs/include/px4_msgs/px4_msgs/msg/detail/actuator_outputs__type_support.cpp\n'}
[16.729202] (px4_msgs) StdoutLine: {'line': b'-- Up-to-date: /home/subhalaxmi/nidar_ws/install/px4_msgs/include/px4_msgs/px4_msgs/msg/detail/ping__rosidl_typesupport_introspection_cpp.hpp\n'}
[16.729371] (px4_msgs) StdoutLine: {'line': b'-- Up-to-date: /home/subhalaxmi/nidar_ws/install/px4_msgs/include/px4_msgs/px4_msgs/msg/detail/fuel_tank_status__type_support.cpp\n'}
[16.729536] (px4_msgs) StdoutLine: {'line': b'-- Up-to-date: /home/subhalaxmi/nidar_ws/install/px4_msgs/include/px4_msgs/px4_msgs/msg/detail/airspeed_wind__rosidl_typesupport_introspection_cpp.hpp\n'}
[16.729939] (px4_msgs) StdoutLine: {'line': b'-- Up-to-date: /home/subhalaxmi/nidar_ws/install/px4_msgs/include/px4_msgs/px4_msgs/msg/detail/rtl_status__rosidl_typesupport_introspection_cpp.hpp\n'}
[16.730306] (px4_msgs) StdoutLine: {'line': b'-- Up-to-date: /home/subhalaxmi/nidar_ws/install/px4_msgs/include/px4_msgs/px4_msgs/msg/detail/airspeed__rosidl_typesupport_introspection_cpp.hpp\n'}
[16.730521] (px4_msgs) StdoutLine: {'line': b'-- Up-to-date: /home/subhalaxmi/nidar_ws/install/px4_msgs/include/px4_msgs/px4_msgs/msg/detail/actuator_armed__rosidl_typesupport_introspection_cpp.hpp\n'}
[16.732060] (px4_msgs) StdoutLine: {'line': b'-- Up-to-date: /home/subhalaxmi/nidar_ws/install/px4_msgs/include/px4_msgs/px4_msgs/msg/detail/rover_throttle_setpoint__type_support.cpp\n'}
[16.732642] (px4_msgs) StdoutLine: {'line': b'-- Up-to-date: /home/subhalaxmi/nidar_ws/install/px4_msgs/include/px4_msgs/px4_msgs/msg/detail/sensor_hygrometer__rosidl_typesupport_introspection_cpp.hpp\n'}
[16.733269] (px4_msgs) StdoutLine: {'line': b'-- Up-to-date: /home/subhalaxmi/nidar_ws/install/px4_msgs/include/px4_msgs/px4_msgs/msg/detail/yaw_estimator_status__type_support.cpp\n'}
[16.736371] (px4_msgs) StdoutLine: {'line': b'-- Up-to-date: /home/subhalaxmi/nidar_ws/install/px4_msgs/include/px4_msgs/px4_msgs/msg/detail/estimator_aid_source1d__type_support.cpp\n'}
[16.736951] (px4_msgs) StdoutLine: {'line': b'-- Up-to-date: /home/subhalaxmi/nidar_ws/install/px4_msgs/include/px4_msgs/px4_msgs/msg/detail/gpio_request__type_support.cpp\n'}
[16.737353] (px4_msgs) StdoutLine: {'line': b'-- Up-to-date: /home/subhalaxmi/nidar_ws/install/px4_msgs/include/px4_msgs/px4_msgs/msg/detail/vehicle_imu__rosidl_typesupport_introspection_cpp.hpp\n'}
[16.738001] (px4_msgs) StdoutLine: {'line': b'-- Up-to-date: /home/subhalaxmi/nidar_ws/install/px4_msgs/include/px4_msgs/px4_msgs/msg/detail/cellular_status__type_support.cpp\n'}
[16.739134] (px4_msgs) StdoutLine: {'line': b'-- Up-to-date: /home/subhalaxmi/nidar_ws/install/px4_msgs/include/px4_msgs/px4_msgs/msg/detail/parameter_set_used_request__type_support.cpp\n'}
[16.739785] (px4_msgs) StdoutLine: {'line': b'-- Up-to-date: /home/subhalaxmi/nidar_ws/install/px4_msgs/include/px4_msgs/px4_msgs/msg/detail/rpm__type_support.cpp\n'}
[16.740498] (px4_msgs) StdoutLine: {'line': b'-- Up-to-date: /home/subhalaxmi/nidar_ws/install/px4_msgs/include/px4_msgs/px4_msgs/msg/detail/distance_sensor_mode_change_request__rosidl_typesupport_introspection_cpp.hpp\n'}
[16.740882] (px4_msgs) StdoutLine: {'line': b'-- Up-to-date: /home/subhalaxmi/nidar_ws/install/px4_msgs/include/px4_msgs/px4_msgs/msg/detail/fixed_wing_longitudinal_setpoint__type_support.cpp\n'}
[16.741167] (px4_msgs) StdoutLine: {'line': b'-- Up-to-date: /home/subhalaxmi/nidar_ws/install/px4_msgs/include/px4_msgs/px4_msgs/msg/detail/gpio_in__rosidl_typesupport_introspection_cpp.hpp\n'}
[16.741559] (px4_msgs) StdoutLine: {'line': b'-- Up-to-date: /home/subhalaxmi/nidar_ws/install/px4_msgs/include/px4_msgs/px4_msgs/msg/detail/telemetry_status__rosidl_typesupport_introspection_cpp.hpp\n'}
[16.741818] (px4_msgs) StdoutLine: {'line': b'-- Up-to-date: /home/subhalaxmi/nidar_ws/install/px4_msgs/include/px4_msgs/px4_msgs/msg/detail/rover_speed_setpoint__type_support.cpp\n'}
[16.742091] (px4_msgs) StdoutLine: {'line': b'-- Up-to-date: /home/subhalaxmi/nidar_ws/install/px4_msgs/include/px4_msgs/px4_msgs/msg/detail/button_event__type_support.cpp\n'}
[16.742371] (px4_msgs) StdoutLine: {'line': b'-- Up-to-date: /home/subhalaxmi/nidar_ws/install/px4_msgs/include/px4_msgs/px4_msgs/msg/detail/tiltrotor_extra_controls__type_support.cpp\n'}
[16.742639] (px4_msgs) StdoutLine: {'line': b'-- Up-to-date: /home/subhalaxmi/nidar_ws/install/px4_msgs/include/px4_msgs/px4_msgs/msg/detail/sensor_gyro__type_support.cpp\n'}
[16.742942] (px4_msgs) StdoutLine: {'line': b'-- Up-to-date: /home/subhalaxmi/nidar_ws/install/px4_msgs/include/px4_msgs/px4_msgs/msg/detail/actuator_motors__type_support.cpp\n'}
[16.743189] (px4_msgs) StdoutLine: {'line': b'-- Up-to-date: /home/subhalaxmi/nidar_ws/install/px4_msgs/include/px4_msgs/px4_msgs/msg/detail/navigator_status__type_support.cpp\n'}
[16.743392] (px4_msgs) StdoutLine: {'line': b'-- Up-to-date: /home/subhalaxmi/nidar_ws/install/px4_msgs/include/px4_msgs/px4_msgs/msg/detail/estimator_gps_status__rosidl_typesupport_introspection_cpp.hpp\n'}
[16.743599] (px4_msgs) StdoutLine: {'line': b'-- Up-to-date: /home/subhalaxmi/nidar_ws/install/px4_msgs/include/px4_msgs/px4_msgs/msg/detail/sensor_gyro_fft__rosidl_typesupport_introspection_cpp.hpp\n'}
[16.743908] (px4_msgs) StdoutLine: {'line': b'-- Up-to-date: /home/subhalaxmi/nidar_ws/install/px4_msgs/include/px4_msgs/px4_msgs/msg/detail/message_format_request__rosidl_typesupport_introspection_cpp.hpp\n'}
[16.744383] (px4_msgs) StdoutLine: {'line': b'-- Up-to-date: /home/subhalaxmi/nidar_ws/install/px4_msgs/include/px4_msgs/px4_msgs/msg/detail/sensor_gps__type_support.cpp\n'}
[16.744796] (px4_msgs) StdoutLine: {'line': b'-- Up-to-date: /home/subhalaxmi/nidar_ws/install/px4_msgs/include/px4_msgs/px4_msgs/msg/detail/longitudinal_control_configuration__type_support.cpp\n'}
[16.745323] (px4_msgs) StdoutLine: {'line': b'-- Up-to-date: /home/subhalaxmi/nidar_ws/install/px4_msgs/include/px4_msgs/px4_msgs/msg/detail/mag_worker_data__rosidl_typesupport_introspection_cpp.hpp\n'}
[16.745687] (px4_msgs) StdoutLine: {'line': b'-- Up-to-date: /home/subhalaxmi/nidar_ws/install/px4_msgs/include/px4_msgs/px4_msgs/msg/detail/gimbal_device_set_attitude__rosidl_typesupport_introspection_cpp.hpp\n'}
[16.746227] (px4_msgs) StdoutLine: {'line': b'-- Up-to-date: /home/subhalaxmi/nidar_ws/install/px4_msgs/include/px4_msgs/px4_msgs/msg/detail/rover_attitude_setpoint__rosidl_typesupport_introspection_cpp.hpp\n'}
[16.746603] (px4_msgs) StdoutLine: {'line': b'-- Up-to-date: /home/subhalaxmi/nidar_ws/install/px4_msgs/include/px4_msgs/px4_msgs/msg/detail/lateral_control_configuration__type_support.cpp\n'}
[16.747055] (px4_msgs) StdoutLine: {'line': b'-- Up-to-date: /home/subhalaxmi/nidar_ws/install/px4_msgs/include/px4_msgs/px4_msgs/msg/detail/system_power__type_support.cpp\n'}
[16.747353] (px4_msgs) StdoutLine: {'line': b'-- Up-to-date: /home/subhalaxmi/nidar_ws/install/px4_msgs/include/px4_msgs/px4_msgs/msg/detail/uavcan_parameter_request__rosidl_typesupport_introspection_cpp.hpp\n'}
[16.747580] (px4_msgs) StdoutLine: {'line': b'-- Up-to-date: /home/subhalaxmi/nidar_ws/install/px4_msgs/include/px4_msgs/px4_msgs/msg/detail/position_controller_status__rosidl_typesupport_introspection_cpp.hpp\n'}
[16.747777] (px4_msgs) StdoutLine: {'line': b'-- Up-to-date: /home/subhalaxmi/nidar_ws/install/px4_msgs/include/px4_msgs/px4_msgs/msg/detail/fixed_wing_lateral_status__rosidl_typesupport_introspection_cpp.hpp\n'}
[16.748041] (px4_msgs) StdoutLine: {'line': b'-- Up-to-date: /home/subhalaxmi/nidar_ws/install/px4_msgs/include/px4_msgs/px4_msgs/srv\n'}
[16.748259] (px4_msgs) StdoutLine: {'line': b'-- Up-to-date: /home/subhalaxmi/nidar_ws/install/px4_msgs/include/px4_msgs/px4_msgs/srv/detail\n'}
[16.748465] (px4_msgs) StdoutLine: {'line': b'-- Up-to-date: /home/subhalaxmi/nidar_ws/install/px4_msgs/include/px4_msgs/px4_msgs/srv/detail/vehicle_command__rosidl_typesupport_introspection_cpp.hpp\n'}
[16.748676] (px4_msgs) StdoutLine: {'line': b'-- Up-to-date: /home/subhalaxmi/nidar_ws/install/px4_msgs/include/px4_msgs/px4_msgs/srv/detail/vehicle_command__type_support.cpp\n'}
[16.748935] (px4_msgs) StdoutLine: {'line': b'-- Up-to-date: /home/subhalaxmi/nidar_ws/install/px4_msgs/lib/libpx4_msgs__rosidl_typesupport_introspection_cpp.so\n'}
[16.749167] (px4_msgs) StdoutLine: {'line': b'-- Up-to-date: /home/subhalaxmi/nidar_ws/install/px4_msgs/lib/libpx4_msgs__rosidl_typesupport_cpp.so\n'}
[16.749383] (px4_msgs) StdoutLine: {'line': b'-- Up-to-date: /home/subhalaxmi/nidar_ws/install/px4_msgs/share/px4_msgs/environment/pythonpath.sh\n'}
[16.749578] (px4_msgs) StdoutLine: {'line': b'-- Up-to-date: /home/subhalaxmi/nidar_ws/install/px4_msgs/share/px4_msgs/environment/pythonpath.dsv\n'}
[16.749768] (px4_msgs) StdoutLine: {'line': b'-- Up-to-date: /home/subhalaxmi/nidar_ws/install/px4_msgs/local/lib/python3.10/dist-packages/px4_msgs-2.0.1-py3.10.egg-info\n'}
[16.750004] (px4_msgs) StdoutLine: {'line': b'-- Installing: /home/subhalaxmi/nidar_ws/install/px4_msgs/local/lib/python3.10/dist-packages/px4_msgs-2.0.1-py3.10.egg-info/PKG-INFO\n'}
[16.751292] (px4_msgs) StdoutLine: {'line': b'-- Installing: /home/subhalaxmi/nidar_ws/install/px4_msgs/local/lib/python3.10/dist-packages/px4_msgs-2.0.1-py3.10.egg-info/SOURCES.txt\n'}
[16.751508] (px4_msgs) StdoutLine: {'line': b'-- Installing: /home/subhalaxmi/nidar_ws/install/px4_msgs/local/lib/python3.10/dist-packages/px4_msgs-2.0.1-py3.10.egg-info/top_level.txt\n'}
[16.751713] (px4_msgs) StdoutLine: {'line': b'-- Installing: /home/subhalaxmi/nidar_ws/install/px4_msgs/local/lib/python3.10/dist-packages/px4_msgs-2.0.1-py3.10.egg-info/dependency_links.txt\n'}
[16.751984] (px4_msgs) StdoutLine: {'line': b'-- Up-to-date: /home/subhalaxmi/nidar_ws/install/px4_msgs/local/lib/python3.10/dist-packages/px4_msgs\n'}
[16.752194] (px4_msgs) StdoutLine: {'line': b'-- Up-to-date: /home/subhalaxmi/nidar_ws/install/px4_msgs/local/lib/python3.10/dist-packages/px4_msgs/px4_msgs_s__rosidl_typesupport_introspection_c.cpython-310-x86_64-linux-gnu.so\n'}
[16.752374] (px4_msgs) StdoutLine: {'line': b'-- Up-to-date: /home/subhalaxmi/nidar_ws/install/px4_msgs/local/lib/python3.10/dist-packages/px4_msgs/libpx4_msgs__rosidl_generator_py.so\n'}
[16.752545] (px4_msgs) StdoutLine: {'line': b'-- Up-to-date: /home/subhalaxmi/nidar_ws/install/px4_msgs/local/lib/python3.10/dist-packages/px4_msgs/__init__.py\n'}
[16.752715] (px4_msgs) StdoutLine: {'line': b'-- Up-to-date: /home/subhalaxmi/nidar_ws/install/px4_msgs/local/lib/python3.10/dist-packages/px4_msgs/msg\n'}
[16.752919] (px4_msgs) StdoutLine: {'line': b'-- Up-to-date: /home/subhalaxmi/nidar_ws/install/px4_msgs/local/lib/python3.10/dist-packages/px4_msgs/msg/_orb_test_medium_s.c\n'}
[16.753104] (px4_msgs) StdoutLine: {'line': b'-- Up-to-date: /home/subhalaxmi/nidar_ws/install/px4_msgs/local/lib/python3.10/dist-packages/px4_msgs/msg/_vehicle_thrust_setpoint_s.c\n'}
[16.753269] (px4_msgs) StdoutLine: {'line': b'-- Up-to-date: /home/subhalaxmi/nidar_ws/install/px4_msgs/local/lib/python3.10/dist-packages/px4_msgs/msg/_rover_attitude_status_s.c\n'}
[16.753437] (px4_msgs) StdoutLine: {'line': b'-- Up-to-date: /home/subhalaxmi/nidar_ws/install/px4_msgs/local/lib/python3.10/dist-packages/px4_msgs/msg/_landing_target_pose.py\n'}
[16.753627] (px4_msgs) StdoutLine: {'line': b'-- Up-to-date: /home/subhalaxmi/nidar_ws/install/px4_msgs/local/lib/python3.10/dist-packages/px4_msgs/msg/_fuel_tank_status_s.c\n'}
[16.753790] (px4_msgs) StdoutLine: {'line': b'-- Up-to-date: /home/subhalaxmi/nidar_ws/install/px4_msgs/local/lib/python3.10/dist-packages/px4_msgs/msg/_health_report_s.c\n'}
[16.754166] (-) TimerEvent: {}
[16.754561] (px4_msgs) StdoutLine: {'line': b'-- Up-to-date: /home/subhalaxmi/nidar_ws/install/px4_msgs/local/lib/python3.10/dist-packages/px4_msgs/msg/_sensor_combined.py\n'}
[16.754905] (px4_msgs) StdoutLine: {'line': b'-- Up-to-date: /home/subhalaxmi/nidar_ws/install/px4_msgs/local/lib/python3.10/dist-packages/px4_msgs/msg/_message_format_response.py\n'}
[16.755135] (px4_msgs) StdoutLine: {'line': b'-- Up-to-date: /home/subhalaxmi/nidar_ws/install/px4_msgs/local/lib/python3.10/dist-packages/px4_msgs/msg/_button_event.py\n'}
[16.755336] (px4_msgs) StdoutLine: {'line': b'-- Up-to-date: /home/subhalaxmi/nidar_ws/install/px4_msgs/local/lib/python3.10/dist-packages/px4_msgs/msg/_sensor_combined_s.c\n'}
[16.755522] (px4_msgs) StdoutLine: {'line': b'-- Up-to-date: /home/subhalaxmi/nidar_ws/install/px4_msgs/local/lib/python3.10/dist-packages/px4_msgs/msg/_uavcan_parameter_value.py\n'}
[16.755705] (px4_msgs) StdoutLine: {'line': b'-- Up-to-date: /home/subhalaxmi/nidar_ws/install/px4_msgs/local/lib/python3.10/dist-packages/px4_msgs/msg/_normalized_unsigned_setpoint.py\n'}
[16.755932] (px4_msgs) StdoutLine: {'line': b'-- Up-to-date: /home/subhalaxmi/nidar_ws/install/px4_msgs/local/lib/python3.10/dist-packages/px4_msgs/msg/_adc_report_s.c\n'}
[16.756145] (px4_msgs) StdoutLine: {'line': b'-- Up-to-date: /home/subhalaxmi/nidar_ws/install/px4_msgs/local/lib/python3.10/dist-packages/px4_msgs/msg/_debug_array.py\n'}
[16.756359] (px4_msgs) StdoutLine: {'line': b'-- Up-to-date: /home/subhalaxmi/nidar_ws/install/px4_msgs/local/lib/python3.10/dist-packages/px4_msgs/msg/_gimbal_controls_s.c\n'}
[16.756563] (px4_msgs) StdoutLine: {'line': b'-- Up-to-date: /home/subhalaxmi/nidar_ws/install/px4_msgs/local/lib/python3.10/dist-packages/px4_msgs/msg/_timesync_status_s.c\n'}
[16.756731] (px4_msgs) StdoutLine: {'line': b'-- Up-to-date: /home/subhalaxmi/nidar_ws/install/px4_msgs/local/lib/python3.10/dist-packages/px4_msgs/msg/_actuator_servos_trim.py\n'}
[16.756940] (px4_msgs) StdoutLine: {'line': b'-- Up-to-date: /home/subhalaxmi/nidar_ws/install/px4_msgs/local/lib/python3.10/dist-packages/px4_msgs/msg/_message_format_response_s.c\n'}
[16.757113] (px4_msgs) StdoutLine: {'line': b'-- Up-to-date: /home/subhalaxmi/nidar_ws/install/px4_msgs/local/lib/python3.10/dist-packages/px4_msgs/msg/_can_interface_status_s.c\n'}
[16.757227] (px4_msgs) StdoutLine: {'line': b'-- Up-to-date: /home/subhalaxmi/nidar_ws/install/px4_msgs/local/lib/python3.10/dist-packages/px4_msgs/msg/_yaw_estimator_status_s.c\n'}
[16.757329] (px4_msgs) StdoutLine: {'line': b'-- Up-to-date: /home/subhalaxmi/nidar_ws/install/px4_msgs/local/lib/python3.10/dist-packages/px4_msgs/msg/_qshell_req.py\n'}
[16.757430] (px4_msgs) StdoutLine: {'line': b'-- Up-to-date: /home/subhalaxmi/nidar_ws/install/px4_msgs/local/lib/python3.10/dist-packages/px4_msgs/msg/_arming_check_reply.py\n'}
[16.757530] (px4_msgs) StdoutLine: {'line': b'-- Up-to-date: /home/subhalaxmi/nidar_ws/install/px4_msgs/local/lib/python3.10/dist-packages/px4_msgs/msg/_estimator_states_s.c\n'}
[16.757629] (px4_msgs) StdoutLine: {'line': b'-- Up-to-date: /home/subhalaxmi/nidar_ws/install/px4_msgs/local/lib/python3.10/dist-packages/px4_msgs/msg/_vehicle_odometry_s.c\n'}
[16.757771] (px4_msgs) StdoutLine: {'line': b'-- Up-to-date: /home/subhalaxmi/nidar_ws/install/px4_msgs/local/lib/python3.10/dist-packages/px4_msgs/msg/_landing_target_pose_s.c\n'}
[16.758000] (px4_msgs) StdoutLine: {'line': b'-- Up-to-date: /home/subhalaxmi/nidar_ws/install/px4_msgs/local/lib/python3.10/dist-packages/px4_msgs/msg/_input_rc_s.c\n'}
[16.758224] (px4_msgs) StdoutLine: {'line': b'-- Up-to-date: /home/subhalaxmi/nidar_ws/install/px4_msgs/local/lib/python3.10/dist-packages/px4_msgs/msg/_vehicle_optical_flow_s.c\n'}
[16.758415] (px4_msgs) StdoutLine: {'line': b'-- Up-to-date: /home/subhalaxmi/nidar_ws/install/px4_msgs/local/lib/python3.10/dist-packages/px4_msgs/msg/_obstacle_distance_s.c\n'}
[16.758599] (px4_msgs) StdoutLine: {'line': b'-- Up-to-date: /home/subhalaxmi/nidar_ws/install/px4_msgs/local/lib/python3.10/dist-packages/px4_msgs/msg/_dataman_request.py\n'}
[16.758776] (px4_msgs) StdoutLine: {'line': b'-- Up-to-date: /home/subhalaxmi/nidar_ws/install/px4_msgs/local/lib/python3.10/dist-packages/px4_msgs/msg/_parameter_set_value_request_s.c\n'}
[16.758993] (px4_msgs) StdoutLine: {'line': b'-- Up-to-date: /home/subhalaxmi/nidar_ws/install/px4_msgs/local/lib/python3.10/dist-packages/px4_msgs/msg/_mission_result.py\n'}
[16.759175] (px4_msgs) StdoutLine: {'line': b'-- Up-to-date: /home/subhalaxmi/nidar_ws/install/px4_msgs/local/lib/python3.10/dist-packages/px4_msgs/msg/_estimator_innovations_s.c\n'}
[16.759358] (px4_msgs) StdoutLine: {'line': b'-- Up-to-date: /home/subhalaxmi/nidar_ws/install/px4_msgs/local/lib/python3.10/dist-packages/px4_msgs/msg/_vehicle_odometry.py\n'}
[16.759548] (px4_msgs) StdoutLine: {'line': b'-- Up-to-date: /home/subhalaxmi/nidar_ws/install/px4_msgs/local/lib/python3.10/dist-packages/px4_msgs/msg/_fixed_wing_runway_control_s.c\n'}
[16.759740] (px4_msgs) StdoutLine: {'line': b'-- Up-to-date: /home/subhalaxmi/nidar_ws/install/px4_msgs/local/lib/python3.10/dist-packages/px4_msgs/msg/_tiltrotor_extra_controls_s.c\n'}
[16.759955] (px4_msgs) StdoutLine: {'line': b'-- Up-to-date: /home/subhalaxmi/nidar_ws/install/px4_msgs/local/lib/python3.10/dist-packages/px4_msgs/msg/_rpm.py\n'}
[16.760136] (px4_msgs) StdoutLine: {'line': b'-- Up-to-date: /home/subhalaxmi/nidar_ws/install/px4_msgs/local/lib/python3.10/dist-packages/px4_msgs/msg/_rover_speed_status_s.c\n'}
[16.760311] (px4_msgs) StdoutLine: {'line': b'-- Up-to-date: /home/subhalaxmi/nidar_ws/install/px4_msgs/local/lib/python3.10/dist-packages/px4_msgs/msg/_fixed_wing_lateral_status.py\n'}
[16.760491] (px4_msgs) StdoutLine: {'line': b'-- Up-to-date: /home/subhalaxmi/nidar_ws/install/px4_msgs/local/lib/python3.10/dist-packages/px4_msgs/msg/_vehicle_attitude_s.c\n'}
[16.760666] (px4_msgs) StdoutLine: {'line': b'-- Up-to-date: /home/subhalaxmi/nidar_ws/install/px4_msgs/local/lib/python3.10/dist-packages/px4_msgs/msg/_collision_constraints_s.c\n'}
[16.760861] (px4_msgs) StdoutLine: {'line': b'-- Up-to-date: /home/subhalaxmi/nidar_ws/install/px4_msgs/local/lib/python3.10/dist-packages/px4_msgs/msg/_vehicle_rates_setpoint.py\n'}
[16.761092] (px4_msgs) StdoutLine: {'line': b'-- Up-to-date: /home/subhalaxmi/nidar_ws/install/px4_msgs/local/lib/python3.10/dist-packages/px4_msgs/msg/_task_stack_info.py\n'}
[16.761298] (px4_msgs) StdoutLine: {'line': b'-- Up-to-date: /home/subhalaxmi/nidar_ws/install/px4_msgs/local/lib/python3.10/dist-packages/px4_msgs/msg/_button_event_s.c\n'}
[16.761739] (px4_msgs) StdoutLine: {'line': b'-- Up-to-date: /home/subhalaxmi/nidar_ws/install/px4_msgs/local/lib/python3.10/dist-packages/px4_msgs/msg/_landing_gear_wheel_s.c\n'}
[16.762081] (px4_msgs) StdoutLine: {'line': b'-- Up-to-date: /home/subhalaxmi/nidar_ws/install/px4_msgs/local/lib/python3.10/dist-packages/px4_msgs/msg/_vtx_s.c\n'}
[16.762270] (px4_msgs) StdoutLine: {'line': b'-- Up-to-date: /home/subhalaxmi/nidar_ws/install/px4_msgs/local/lib/python3.10/dist-packages/px4_msgs/msg/_dronecan_node_status.py\n'}
[16.762448] (px4_msgs) StdoutLine: {'line': b'-- Up-to-date: /home/subhalaxmi/nidar_ws/install/px4_msgs/local/lib/python3.10/dist-packages/px4_msgs/msg/_action_request.py\n'}
[16.762648] (px4_msgs) StdoutLine: {'line': b'-- Up-to-date: /home/subhalaxmi/nidar_ws/install/px4_msgs/local/lib/python3.10/dist-packages/px4_msgs/msg/_ulog_stream_ack_s.c\n'}
[16.762844] (px4_msgs) StdoutLine: {'line': b'-- Up-to-date: /home/subhalaxmi/nidar_ws/install/px4_msgs/local/lib/python3.10/dist-packages/px4_msgs/msg/_pwm_input.py\n'}
[16.763057] (px4_msgs) StdoutLine: {'line': b'-- Up-to-date: /home/subhalaxmi/nidar_ws/install/px4_msgs/local/lib/python3.10/dist-packages/px4_msgs/msg/_landing_gear.py\n'}
[16.763236] (px4_msgs) StdoutLine: {'line': b'-- Up-to-date: /home/subhalaxmi/nidar_ws/install/px4_msgs/local/lib/python3.10/dist-packages/px4_msgs/msg/_position_setpoint_triplet.py\n'}
[16.763463] (px4_msgs) StdoutLine: {'line': b'-- Up-to-date: /home/subhalaxmi/nidar_ws/install/px4_msgs/local/lib/python3.10/dist-packages/px4_msgs/msg/_cpuload.py\n'}
[16.763644] (px4_msgs) StdoutLine: {'line': b'-- Up-to-date: /home/subhalaxmi/nidar_ws/install/px4_msgs/local/lib/python3.10/dist-packages/px4_msgs/msg/_raptor_input.py\n'}
[16.764158] (px4_msgs) StdoutLine: {'line': b'-- Up-to-date: /home/subhalaxmi/nidar_ws/install/px4_msgs/local/lib/python3.10/dist-packages/px4_msgs/msg/_vehicle_air_data_s.c\n'}
[16.764395] (px4_msgs) StdoutLine: {'line': b'-- Up-to-date: /home/subhalaxmi/nidar_ws/install/px4_msgs/local/lib/python3.10/dist-packages/px4_msgs/msg/_unregister_ext_component.py\n'}
[16.765080] (px4_msgs) StdoutLine: {'line': b'-- Up-to-date: /home/subhalaxmi/nidar_ws/install/px4_msgs/local/lib/python3.10/dist-packages/px4_msgs/msg/_gimbal_manager_set_manual_control_s.c\n'}
[16.765366] (px4_msgs) StdoutLine: {'line': b'-- Up-to-date: /home/subhalaxmi/nidar_ws/install/px4_msgs/local/lib/python3.10/dist-packages/px4_msgs/msg/_parameter_update_s.c\n'}
[16.765559] (px4_msgs) StdoutLine: {'line': b'-- Up-to-date: /home/subhalaxmi/nidar_ws/install/px4_msgs/local/lib/python3.10/dist-packages/px4_msgs/msg/_estimator_aid_source2d_s.c\n'}
[16.765741] (px4_msgs) StdoutLine: {'line': b'-- Up-to-date: /home/subhalaxmi/nidar_ws/install/px4_msgs/local/lib/python3.10/dist-packages/px4_msgs/msg/_pwm_input_s.c\n'}
[16.765950] (px4_msgs) StdoutLine: {'line': b'-- Up-to-date: /home/subhalaxmi/nidar_ws/install/px4_msgs/local/lib/python3.10/dist-packages/px4_msgs/msg/_task_stack_info_s.c\n'}
[16.766133] (px4_msgs) StdoutLine: {'line': b'-- Up-to-date: /home/subhalaxmi/nidar_ws/install/px4_msgs/local/lib/python3.10/dist-packages/px4_msgs/msg/_camera_trigger_s.c\n'}
[16.766308] (px4_msgs) StdoutLine: {'line': b'-- Up-to-date: /home/subhalaxmi/nidar_ws/install/px4_msgs/local/lib/python3.10/dist-packages/px4_msgs/msg/_actuator_motors_s.c\n'}
[16.766486] (px4_msgs) StdoutLine: {'line': b'-- Up-to-date: /home/subhalaxmi/nidar_ws/install/px4_msgs/local/lib/python3.10/dist-packages/px4_msgs/msg/_debug_value.py\n'}
[16.766661] (px4_msgs) StdoutLine: {'line': b'-- Up-to-date: /home/subhalaxmi/nidar_ws/install/px4_msgs/local/lib/python3.10/dist-packages/px4_msgs/msg/_follow_target_estimator_s.c\n'}
[16.766858] (px4_msgs) StdoutLine: {'line': b'-- Up-to-date: /home/subhalaxmi/nidar_ws/install/px4_msgs/local/lib/python3.10/dist-packages/px4_msgs/msg/_generator_status_s.c\n'}
[16.767057] (px4_msgs) StdoutLine: {'line': b'-- Up-to-date: /home/subhalaxmi/nidar_ws/install/px4_msgs/local/lib/python3.10/dist-packages/px4_msgs/msg/_parameter_set_value_response_s.c\n'}
[16.767234] (px4_msgs) StdoutLine: {'line': b'-- Up-to-date: /home/subhalaxmi/nidar_ws/install/px4_msgs/local/lib/python3.10/dist-packages/px4_msgs/msg/_sensor_optical_flow.py\n'}
[16.767408] (px4_msgs) StdoutLine: {'line': b'-- Up-to-date: /home/subhalaxmi/nidar_ws/install/px4_msgs/local/lib/python3.10/dist-packages/px4_msgs/msg/_camera_capture.py\n'}
[16.767586] (px4_msgs) StdoutLine: {'line': b'-- Up-to-date: /home/subhalaxmi/nidar_ws/install/px4_msgs/local/lib/python3.10/dist-packages/px4_msgs/msg/_config_overrides.py\n'}
[16.767760] (px4_msgs) StdoutLine: {'line': b'-- Up-to-date: /home/subhalaxmi/nidar_ws/install/px4_msgs/local/lib/python3.10/dist-packages/px4_msgs/msg/_gimbal_controls.py\n'}
[16.767960] (px4_msgs) StdoutLine: {'line': b'-- Up-to-date: /home/subhalaxmi/nidar_ws/install/px4_msgs/local/lib/python3.10/dist-packages/px4_msgs/msg/_wind.py\n'}
[16.768158] (px4_msgs) StdoutLine: {'line': b'-- Up-to-date: /home/subhalaxmi/nidar_ws/install/px4_msgs/local/lib/python3.10/dist-packages/px4_msgs/msg/_position_setpoint.py\n'}
[16.768384] (px4_msgs) StdoutLine: {'line': b'-- Up-to-date: /home/subhalaxmi/nidar_ws/install/px4_msgs/local/lib/python3.10/dist-packages/px4_msgs/msg/_sensor_gnss_relative_s.c\n'}
[16.768588] (px4_msgs) StdoutLine: {'line': b'-- Up-to-date: /home/subhalaxmi/nidar_ws/install/px4_msgs/local/lib/python3.10/dist-packages/px4_msgs/msg/_system_power_s.c\n'}
[16.768814] (px4_msgs) StdoutLine: {'line': b'-- Up-to-date: /home/subhalaxmi/nidar_ws/install/px4_msgs/local/lib/python3.10/dist-packages/px4_msgs/msg/_fixed_wing_longitudinal_setpoint_s.c\n'}
[16.769033] (px4_msgs) StdoutLine: {'line': b'-- Up-to-date: /home/subhalaxmi/nidar_ws/install/px4_msgs/local/lib/python3.10/dist-packages/px4_msgs/msg/_transponder_report_s.c\n'}
[16.769219] (px4_msgs) StdoutLine: {'line': b'-- Up-to-date: /home/subhalaxmi/nidar_ws/install/px4_msgs/local/lib/python3.10/dist-packages/px4_msgs/msg/_register_ext_component_reply.py\n'}
[16.769395] (px4_msgs) StdoutLine: {'line': b'-- Up-to-date: /home/subhalaxmi/nidar_ws/install/px4_msgs/local/lib/python3.10/dist-packages/px4_msgs/msg/_vehicle_local_position_setpoint.py\n'}
[16.769595] (px4_msgs) StdoutLine: {'line': b'-- Up-to-date: /home/subhalaxmi/nidar_ws/install/px4_msgs/local/lib/python3.10/dist-packages/px4_msgs/msg/_camera_status_s.c\n'}
[16.769768] (px4_msgs) StdoutLine: {'line': b'-- Up-to-date: /home/subhalaxmi/nidar_ws/install/px4_msgs/local/lib/python3.10/dist-packages/px4_msgs/msg/_actuator_outputs_s.c\n'}
[16.769977] (px4_msgs) StdoutLine: {'line': b'-- Up-to-date: /home/subhalaxmi/nidar_ws/install/px4_msgs/local/lib/python3.10/dist-packages/px4_msgs/msg/_pure_pursuit_status.py\n'}
[16.770182] (px4_msgs) StdoutLine: {'line': b'-- Up-to-date: /home/subhalaxmi/nidar_ws/install/px4_msgs/local/lib/python3.10/dist-packages/px4_msgs/msg/_orb_test_s.c\n'}
[16.770387] (px4_msgs) StdoutLine: {'line': b'-- Up-to-date: /home/subhalaxmi/nidar_ws/install/px4_msgs/local/lib/python3.10/dist-packages/px4_msgs/msg/_rtl_status.py\n'}
[16.770586] (px4_msgs) StdoutLine: {'line': b'-- Up-to-date: /home/subhalaxmi/nidar_ws/install/px4_msgs/local/lib/python3.10/dist-packages/px4_msgs/msg/_vehicle_constraints_s.c\n'}
[16.770879] (px4_msgs) StdoutLine: {'line': b'-- Up-to-date: /home/subhalaxmi/nidar_ws/install/px4_msgs/local/lib/python3.10/dist-packages/px4_msgs/msg/_estimator_gps_status_s.c\n'}
[16.771128] (px4_msgs) StdoutLine: {'line': b'-- Up-to-date: /home/subhalaxmi/nidar_ws/install/px4_msgs/local/lib/python3.10/dist-packages/px4_msgs/msg/_transponder_report.py\n'}
[16.771329] (px4_msgs) StdoutLine: {'line': b'-- Up-to-date: /home/subhalaxmi/nidar_ws/install/px4_msgs/local/lib/python3.10/dist-packages/px4_msgs/msg/_vehicle_angular_acceleration_setpoint_s.c\n'}
[16.771532] (px4_msgs) StdoutLine: {'line': b'-- Up-to-date: /home/subhalaxmi/nidar_ws/install/px4_msgs/local/lib/python3.10/dist-packages/px4_msgs/msg/_distance_sensor_mode_change_request.py\n'}
[16.771723] (px4_msgs) StdoutLine: {'line': b'-- Up-to-date: /home/subhalaxmi/nidar_ws/install/px4_msgs/local/lib/python3.10/dist-packages/px4_msgs/msg/_sensor_gyro_fifo_s.c\n'}
[16.771953] (px4_msgs) StdoutLine: {'line': b'-- Up-to-date: /home/subhalaxmi/nidar_ws/install/px4_msgs/local/lib/python3.10/dist-packages/px4_msgs/msg/_gimbal_device_set_attitude_s.c\n'}
[16.772159] (px4_msgs) StdoutLine: {'line': b'-- Up-to-date: /home/subhalaxmi/nidar_ws/install/px4_msgs/local/lib/python3.10/dist-packages/px4_msgs/msg/_failure_detector_status_s.c\n'}
[16.772346] (px4_msgs) StdoutLine: {'line': b'-- Up-to-date: /home/subhalaxmi/nidar_ws/install/px4_msgs/local/lib/python3.10/dist-packages/px4_msgs/msg/_estimator_selector_status_s.c\n'}
[16.772542] (px4_msgs) StdoutLine: {'line': b'-- Up-to-date: /home/subhalaxmi/nidar_ws/install/px4_msgs/local/lib/python3.10/dist-packages/px4_msgs/msg/_fixed_wing_lateral_setpoint.py\n'}
[16.772736] (px4_msgs) StdoutLine: {'line': b'-- Up-to-date: /home/subhalaxmi/nidar_ws/install/px4_msgs/local/lib/python3.10/dist-packages/px4_msgs/msg/_manual_control_switches_s.c\n'}
[16.772980] (px4_msgs) StdoutLine: {'line': b'-- Up-to-date: /home/subhalaxmi/nidar_ws/install/px4_msgs/local/lib/python3.10/dist-packages/px4_msgs/msg/_failure_detector_status.py\n'}
[16.773214] (px4_msgs) StdoutLine: {'line': b'-- Up-to-date: /home/subhalaxmi/nidar_ws/install/px4_msgs/local/lib/python3.10/dist-packages/px4_msgs/msg/_rpm_s.c\n'}
[16.773512] (px4_msgs) StdoutLine: {'line': b'-- Up-to-date: /home/subhalaxmi/nidar_ws/install/px4_msgs/local/lib/python3.10/dist-packages/px4_msgs/msg/_differential_pressure.py\n'}
[16.773743] (px4_msgs) StdoutLine: {'line': b'-- Up-to-date: /home/subhalaxmi/nidar_ws/install/px4_msgs/local/lib/python3.10/dist-packages/px4_msgs/msg/_airspeed_validated.py\n'}
[16.773982] (px4_msgs) StdoutLine: {'line': b'-- Up-to-date: /home/subhalaxmi/nidar_ws/install/px4_msgs/local/lib/python3.10/dist-packages/px4_msgs/msg/_sensor_correction_s.c\n'}
[16.774139] (px4_msgs) StdoutLine: {'line': b'-- Up-to-date: /home/subhalaxmi/nidar_ws/install/px4_msgs/local/lib/python3.10/dist-packages/px4_msgs/msg/_internal_combustion_engine_control.py\n'}
[16.774244] (px4_msgs) StdoutLine: {'line': b'-- Up-to-date: /home/subhalaxmi/nidar_ws/install/px4_msgs/local/lib/python3.10/dist-packages/px4_msgs/msg/_estimator_sensor_bias_s.c\n'}
[16.774347] (px4_msgs) StdoutLine: {'line': b'-- Up-to-date: /home/subhalaxmi/nidar_ws/install/px4_msgs/local/lib/python3.10/dist-packages/px4_msgs/msg/_figure_eight_status_s.c\n'}
[16.774465] (px4_msgs) StdoutLine: {'line': b'-- Up-to-date: /home/subhalaxmi/nidar_ws/install/px4_msgs/local/lib/python3.10/dist-packages/px4_msgs/msg/_sensor_gnss_relative.py\n'}
[16.774569] (px4_msgs) StdoutLine: {'line': b'-- Up-to-date: /home/subhalaxmi/nidar_ws/install/px4_msgs/local/lib/python3.10/dist-packages/px4_msgs/msg/_velocity_limits.py\n'}
[16.774672] (px4_msgs) StdoutLine: {'line': b'-- Up-to-date: /home/subhalaxmi/nidar_ws/install/px4_msgs/local/lib/python3.10/dist-packages/px4_msgs/msg/_rover_attitude_setpoint_s.c\n'}
[16.774772] (px4_msgs) StdoutLine: {'line': b'-- Up-to-date: /home/subhalaxmi/nidar_ws/install/px4_msgs/local/lib/python3.10/dist-packages/px4_msgs/msg/_mag_worker_data_s.c\n'}
[16.774965] (px4_msgs) StdoutLine: {'line': b'-- Up-to-date: /home/subhalaxmi/nidar_ws/install/px4_msgs/local/lib/python3.10/dist-packages/px4_msgs/msg/_tune_control.py\n'}
[16.775093] (px4_msgs) StdoutLine: {'line': b'-- Up-to-date: /home/subhalaxmi/nidar_ws/install/px4_msgs/local/lib/python3.10/dist-packages/px4_msgs/msg/_telemetry_status.py\n'}
[16.775233] (px4_msgs) StdoutLine: {'line': b'-- Up-to-date: /home/subhalaxmi/nidar_ws/install/px4_msgs/local/lib/python3.10/dist-packages/px4_msgs/msg/_timesync_status.py\n'}
[16.775334] (px4_msgs) StdoutLine: {'line': b'-- Up-to-date: /home/subhalaxmi/nidar_ws/install/px4_msgs/local/lib/python3.10/dist-packages/px4_msgs/msg/_parameter_set_value_request.py\n'}
[16.775457] (px4_msgs) StdoutLine: {'line': b'-- Up-to-date: /home/subhalaxmi/nidar_ws/install/px4_msgs/local/lib/python3.10/dist-packages/px4_msgs/msg/_tiltrotor_extra_controls.py\n'}
[16.775604] (px4_msgs) StdoutLine: {'line': b'-- Up-to-date: /home/subhalaxmi/nidar_ws/install/px4_msgs/local/lib/python3.10/dist-packages/px4_msgs/msg/_satellite_info.py\n'}
[16.775707] (px4_msgs) StdoutLine: {'line': b'-- Up-to-date: /home/subhalaxmi/nidar_ws/install/px4_msgs/local/lib/python3.10/dist-packages/px4_msgs/msg/_geofence_result_s.c\n'}
[16.775920] (px4_msgs) StdoutLine: {'line': b'-- Up-to-date: /home/subhalaxmi/nidar_ws/install/px4_msgs/local/lib/python3.10/dist-packages/px4_msgs/msg/_raptor_status_s.c\n'}
[16.776143] (px4_msgs) StdoutLine: {'line': b'-- Up-to-date: /home/subhalaxmi/nidar_ws/install/px4_msgs/local/lib/python3.10/dist-packages/px4_msgs/msg/_gripper_s.c\n'}
[16.776338] (px4_msgs) StdoutLine: {'line': b'-- Up-to-date: /home/subhalaxmi/nidar_ws/install/px4_msgs/local/lib/python3.10/dist-packages/px4_msgs/msg/_position_controller_landing_status.py\n'}
[16.776452] (px4_msgs) StdoutLine: {'line': b'-- Up-to-date: /home/subhalaxmi/nidar_ws/install/px4_msgs/local/lib/python3.10/dist-packages/px4_msgs/msg/_rover_rate_setpoint_s.c\n'}
[16.776571] (px4_msgs) StdoutLine: {'line': b'-- Up-to-date: /home/subhalaxmi/nidar_ws/install/px4_msgs/local/lib/python3.10/dist-packages/px4_msgs/msg/_vehicle_angular_velocity.py\n'}
[16.776674] (px4_msgs) StdoutLine: {'line': b'-- Up-to-date: /home/subhalaxmi/nidar_ws/install/px4_msgs/local/lib/python3.10/dist-packages/px4_msgs/msg/_sensor_gyro_fifo.py\n'}
[16.776837] (px4_msgs) StdoutLine: {'line': b'-- Up-to-date: /home/subhalaxmi/nidar_ws/install/px4_msgs/local/lib/python3.10/dist-packages/px4_msgs/msg/_home_position_s.c\n'}
[16.777077] (px4_msgs) StdoutLine: {'line': b'-- Up-to-date: /home/subhalaxmi/nidar_ws/install/px4_msgs/local/lib/python3.10/dist-packages/px4_msgs/msg/_estimator_sensor_bias.py\n'}
[16.777349] (px4_msgs) StdoutLine: {'line': b'-- Up-to-date: /home/subhalaxmi/nidar_ws/install/px4_msgs/local/lib/python3.10/dist-packages/px4_msgs/msg/_cellular_status.py\n'}
[16.777554] (px4_msgs) StdoutLine: {'line': b'-- Up-to-date: /home/subhalaxmi/nidar_ws/install/px4_msgs/local/lib/python3.10/dist-packages/px4_msgs/msg/_geofence_status_s.c\n'}
[16.777856] (px4_msgs) StdoutLine: {'line': b'-- Up-to-date: /home/subhalaxmi/nidar_ws/install/px4_msgs/local/lib/python3.10/dist-packages/px4_msgs/msg/_gimbal_manager_set_manual_control.py\n'}
[16.777996] (px4_msgs) StdoutLine: {'line': b'-- Up-to-date: /home/subhalaxmi/nidar_ws/install/px4_msgs/local/lib/python3.10/dist-packages/px4_msgs/msg/_estimator_event_flags_s.c\n'}
[16.778099] (px4_msgs) StdoutLine: {'line': b'-- Up-to-date: /home/subhalaxmi/nidar_ws/install/px4_msgs/local/lib/python3.10/dist-packages/px4_msgs/msg/_vehicle_global_position_s.c\n'}
[16.778242] (px4_msgs) StdoutLine: {'line': b'-- Up-to-date: /home/subhalaxmi/nidar_ws/install/px4_msgs/local/lib/python3.10/dist-packages/px4_msgs/msg/_rover_position_setpoint.py\n'}
[16.778724] (px4_msgs) StdoutLine: {'line': b'-- Up-to-date: /home/subhalaxmi/nidar_ws/install/px4_msgs/local/lib/python3.10/dist-packages/px4_msgs/msg/_gpio_request_s.c\n'}
[16.779231] (px4_msgs) StdoutLine: {'line': b'-- Up-to-date: /home/subhalaxmi/nidar_ws/install/px4_msgs/local/lib/python3.10/dist-packages/px4_msgs/msg/_vehicle_constraints.py\n'}
[16.779531] (px4_msgs) StdoutLine: {'line': b'-- Up-to-date: /home/subhalaxmi/nidar_ws/install/px4_msgs/local/lib/python3.10/dist-packages/px4_msgs/msg/_distance_sensor.py\n'}
[16.780082] (px4_msgs) StdoutLine: {'line': b'-- Up-to-date: /home/subhalaxmi/nidar_ws/install/px4_msgs/local/lib/python3.10/dist-packages/px4_msgs/msg/_sensor_hygrometer.py\n'}
[16.780380] (px4_msgs) StdoutLine: {'line': b'-- Up-to-date: /home/subhalaxmi/nidar_ws/install/px4_msgs/local/lib/python3.10/dist-packages/px4_msgs/msg/_landing_target_innovations.py\n'}
[16.780769] (px4_msgs) StdoutLine: {'line': b'-- Up-to-date: /home/subhalaxmi/nidar_ws/install/px4_msgs/local/lib/python3.10/dist-packages/px4_msgs/msg/_gimbal_manager_set_attitude.py\n'}
[16.783432] (px4_msgs) StdoutLine: {'line': b'-- Up-to-date: /home/subhalaxmi/nidar_ws/install/px4_msgs/local/lib/python3.10/dist-packages/px4_msgs/msg/_rover_rate_status.py\n'}
[16.783822] (px4_msgs) StdoutLine: {'line': b'-- Up-to-date: /home/subhalaxmi/nidar_ws/install/px4_msgs/local/lib/python3.10/dist-packages/px4_msgs/msg/_vehicle_magnetometer.py\n'}
[16.784383] (px4_msgs) StdoutLine: {'line': b'-- Up-to-date: /home/subhalaxmi/nidar_ws/install/px4_msgs/local/lib/python3.10/dist-packages/px4_msgs/msg/_qshell_req_s.c\n'}
[16.784794] (px4_msgs) StdoutLine: {'line': b'-- Up-to-date: /home/subhalaxmi/nidar_ws/install/px4_msgs/local/lib/python3.10/dist-packages/px4_msgs/msg/_sensor_optical_flow_s.c\n'}
[16.787135] (px4_msgs) StdoutLine: {'line': b'-- Up-to-date: /home/subhalaxmi/nidar_ws/install/px4_msgs/local/lib/python3.10/dist-packages/px4_msgs/msg/_flight_phase_estimation_s.c\n'}
[16.787823] (px4_msgs) StdoutLine: {'line': b'-- Up-to-date: /home/subhalaxmi/nidar_ws/install/px4_msgs/local/lib/python3.10/dist-packages/px4_msgs/msg/_adc_report.py\n'}
[16.788236] (px4_msgs) StdoutLine: {'line': b'-- Up-to-date: /home/subhalaxmi/nidar_ws/install/px4_msgs/local/lib/python3.10/dist-packages/px4_msgs/msg/_follow_target.py\n'}
[16.788608] (px4_msgs) StdoutLine: {'line': b'-- Up-to-date: /home/subhalaxmi/nidar_ws/install/px4_msgs/local/lib/python3.10/dist-packages/px4_msgs/msg/_gimbal_device_attitude_status_s.c\n'}
[16.788940] (px4_msgs) StdoutLine: {'line': b'-- Up-to-date: /home/subhalaxmi/nidar_ws/install/px4_msgs/local/lib/python3.10/dist-packages/px4_msgs/msg/_flight_phase_estimation.py\n'}
[16.789199] (px4_msgs) StdoutLine: {'line': b'-- Up-to-date: /home/subhalaxmi/nidar_ws/install/px4_msgs/local/lib/python3.10/dist-packages/px4_msgs/msg/_magnetometer_bias_estimate.py\n'}
[16.789438] (px4_msgs) StdoutLine: {'line': b'-- Up-to-date: /home/subhalaxmi/nidar_ws/install/px4_msgs/local/lib/python3.10/dist-packages/px4_msgs/msg/_position_setpoint_s.c\n'}
[16.790374] (px4_msgs) StdoutLine: {'line': b'-- Up-to-date: /home/subhalaxmi/nidar_ws/install/px4_msgs/local/lib/python3.10/dist-packages/px4_msgs/msg/_takeoff_status_s.c\n'}
[16.790665] (px4_msgs) StdoutLine: {'line': b'-- Up-to-date: /home/subhalaxmi/nidar_ws/install/px4_msgs/local/lib/python3.10/dist-packages/px4_msgs/msg/_radio_status_s.c\n'}
[16.791263] (px4_msgs) StdoutLine: {'line': b'-- Up-to-date: /home/subhalaxmi/nidar_ws/install/px4_msgs/local/lib/python3.10/dist-packages/px4_msgs/msg/_longitudinal_control_configuration.py\n'}
[16.791746] (px4_msgs) StdoutLine: {'line': b'-- Up-to-date: /home/subhalaxmi/nidar_ws/install/px4_msgs/local/lib/python3.10/dist-packages/px4_msgs/msg/_gimbal_device_attitude_status.py\n'}
[16.792297] (px4_msgs) StdoutLine: {'line': b'-- Up-to-date: /home/subhalaxmi/nidar_ws/install/px4_msgs/local/lib/python3.10/dist-packages/px4_msgs/msg/_power_button_state.py\n'}
[16.793290] (px4_msgs) StdoutLine: {'line': b'-- Up-to-date: /home/subhalaxmi/nidar_ws/install/px4_msgs/local/lib/python3.10/dist-packages/px4_msgs/msg/_actuator_controls_status.py\n'}
[16.794260] (px4_msgs) StdoutLine: {'line': b'-- Up-to-date: /home/subhalaxmi/nidar_ws/install/px4_msgs/local/lib/python3.10/dist-packages/px4_msgs/msg/_distance_sensor_s.c\n'}
[16.794899] (px4_msgs) StdoutLine: {'line': b'-- Up-to-date: /home/subhalaxmi/nidar_ws/install/px4_msgs/local/lib/python3.10/dist-packages/px4_msgs/msg/_rover_throttle_setpoint_s.c\n'}
[16.795097] (px4_msgs) StdoutLine: {'line': b'-- Up-to-date: /home/subhalaxmi/nidar_ws/install/px4_msgs/local/lib/python3.10/dist-packages/px4_msgs/msg/_rc_parameter_map_s.c\n'}
[16.795295] (px4_msgs) StdoutLine: {'line': b'-- Up-to-date: /home/subhalaxmi/nidar_ws/install/px4_msgs/local/lib/python3.10/dist-packages/px4_msgs/msg/_onboard_computer_status_s.c\n'}
[16.795468] (px4_msgs) StdoutLine: {'line': b'-- Up-to-date: /home/subhalaxmi/nidar_ws/install/px4_msgs/local/lib/python3.10/dist-packages/px4_msgs/msg/_airspeed_s.c\n'}
[16.795686] (px4_msgs) StdoutLine: {'line': b'-- Up-to-date: /home/subhalaxmi/nidar_ws/install/px4_msgs/local/lib/python3.10/dist-packages/px4_msgs/msg/__init__.py\n'}
[16.796053] (px4_msgs) StdoutLine: {'line': b'-- Up-to-date: /home/subhalaxmi/nidar_ws/install/px4_msgs/local/lib/python3.10/dist-packages/px4_msgs/msg/_generator_status.py\n'}
[16.796294] (px4_msgs) StdoutLine: {'line': b'-- Up-to-date: /home/subhalaxmi/nidar_ws/install/px4_msgs/local/lib/python3.10/dist-packages/px4_msgs/msg/_rc_parameter_map.py\n'}
[16.796497] (px4_msgs) StdoutLine: {'line': b'-- Up-to-date: /home/subhalaxmi/nidar_ws/install/px4_msgs/local/lib/python3.10/dist-packages/px4_msgs/msg/_mavlink_tunnel_s.c\n'}
[16.797207] (px4_msgs) StdoutLine: {'line': b'-- Up-to-date: /home/subhalaxmi/nidar_ws/install/px4_msgs/local/lib/python3.10/dist-packages/px4_msgs/msg/_gimbal_manager_information_s.c\n'}
[16.797589] (px4_msgs) StdoutLine: {'line': b'-- Up-to-date: /home/subhalaxmi/nidar_ws/install/px4_msgs/local/lib/python3.10/dist-packages/px4_msgs/msg/_vehicle_command_s.c\n'}
[16.797878] (px4_msgs) StdoutLine: {'line': b'-- Up-to-date: /home/subhalaxmi/nidar_ws/install/px4_msgs/local/lib/python3.10/dist-packages/px4_msgs/msg/_uavcan_parameter_value_s.c\n'}
[16.798110] (px4_msgs) StdoutLine: {'line': b'-- Up-to-date: /home/subhalaxmi/nidar_ws/install/px4_msgs/local/lib/python3.10/dist-packages/px4_msgs/msg/_gpio_config.py\n'}
[16.798371] (px4_msgs) StdoutLine: {'line': b'-- Up-to-date: /home/subhalaxmi/nidar_ws/install/px4_msgs/local/lib/python3.10/dist-packages/px4_msgs/msg/_vehicle_local_position_s.c\n'}
[16.798542] (px4_msgs) StdoutLine: {'line': b'-- Up-to-date: /home/subhalaxmi/nidar_ws/install/px4_msgs/local/lib/python3.10/dist-packages/px4_msgs/msg/_sensor_gyro_fft.py\n'}
[16.798709] (px4_msgs) StdoutLine: {'line': b'-- Up-to-date: /home/subhalaxmi/nidar_ws/install/px4_msgs/local/lib/python3.10/dist-packages/px4_msgs/msg/_iridiumsbd_status.py\n'}
[16.798904] (px4_msgs) StdoutLine: {'line': b'-- Up-to-date: /home/subhalaxmi/nidar_ws/install/px4_msgs/local/lib/python3.10/dist-packages/px4_msgs/msg/_obstacle_distance.py\n'}
[16.799085] (px4_msgs) StdoutLine: {'line': b'-- Up-to-date: /home/subhalaxmi/nidar_ws/install/px4_msgs/local/lib/python3.10/dist-packages/px4_msgs/msg/_orbit_status.py\n'}
[16.799315] (px4_msgs) StdoutLine: {'line': b'-- Up-to-date: /home/subhalaxmi/nidar_ws/install/px4_msgs/local/lib/python3.10/dist-packages/px4_msgs/msg/_tecs_status.py\n'}
[16.799590] (px4_msgs) StdoutLine: {'line': b'-- Up-to-date: /home/subhalaxmi/nidar_ws/install/px4_msgs/local/lib/python3.10/dist-packages/px4_msgs/msg/_vehicle_angular_acceleration_setpoint.py\n'}
[16.800359] (px4_msgs) StdoutLine: {'line': b'-- Up-to-date: /home/subhalaxmi/nidar_ws/install/px4_msgs/local/lib/python3.10/dist-packages/px4_msgs/msg/_rover_rate_setpoint.py\n'}
[16.800704] (px4_msgs) StdoutLine: {'line': b'-- Up-to-date: /home/subhalaxmi/nidar_ws/install/px4_msgs/local/lib/python3.10/dist-packages/px4_msgs/msg/_rate_ctrl_status.py\n'}
[16.800989] (px4_msgs) StdoutLine: {'line': b'-- Up-to-date: /home/subhalaxmi/nidar_ws/install/px4_msgs/local/lib/python3.10/dist-packages/px4_msgs/msg/_vehicle_control_mode.py\n'}
[16.801124] (px4_msgs) StdoutLine: {'line': b'-- Up-to-date: /home/subhalaxmi/nidar_ws/install/px4_msgs/local/lib/python3.10/dist-packages/px4_msgs/msg/_fixed_wing_longitudinal_setpoint.py\n'}
[16.801307] (px4_msgs) StdoutLine: {'line': b'-- Up-to-date: /home/subhalaxmi/nidar_ws/install/px4_msgs/local/lib/python3.10/dist-packages/px4_msgs/msg/_follow_target_estimator.py\n'}
[16.801449] (px4_msgs) StdoutLine: {'line': b'-- Up-to-date: /home/subhalaxmi/nidar_ws/install/px4_msgs/local/lib/python3.10/dist-packages/px4_msgs/msg/_sensor_selection.py\n'}
[16.801565] (px4_msgs) StdoutLine: {'line': b'-- Up-to-date: /home/subhalaxmi/nidar_ws/install/px4_msgs/local/lib/python3.10/dist-packages/px4_msgs/msg/_hover_thrust_estimate_s.c\n'}
[16.801756] (px4_msgs) StdoutLine: {'line': b'-- Up-to-date: /home/subhalaxmi/nidar_ws/install/px4_msgs/local/lib/python3.10/dist-packages/px4_msgs/msg/_mag_worker_data.py\n'}
[16.801932] (px4_msgs) StdoutLine: {'line': b'-- Up-to-date: /home/subhalaxmi/nidar_ws/install/px4_msgs/local/lib/python3.10/dist-packages/px4_msgs/msg/_collision_constraints.py\n'}
[16.802039] (px4_msgs) StdoutLine: {'line': b'-- Up-to-date: /home/subhalaxmi/nidar_ws/install/px4_msgs/local/lib/python3.10/dist-packages/px4_msgs/msg/_vehicle_torque_setpoint_s.c\n'}
[16.802139] (px4_msgs) StdoutLine: {'line': b'-- Up-to-date: /home/subhalaxmi/nidar_ws/install/px4_msgs/local/lib/python3.10/dist-packages/px4_msgs/msg/_device_information_s.c\n'}
[16.802237] (px4_msgs) StdoutLine: {'line': b'-- Up-to-date: /home/subhalaxmi/nidar_ws/install/px4_msgs/local/lib/python3.10/dist-packages/px4_msgs/msg/_figure_eight_status.py\n'}
[16.802344] (px4_msgs) StdoutLine: {'line': b'-- Up-to-date: /home/subhalaxmi/nidar_ws/install/px4_msgs/local/lib/python3.10/dist-packages/px4_msgs/msg/_message_format_request.py\n'}
[16.802497] (px4_msgs) StdoutLine: {'line': b'-- Up-to-date: /home/subhalaxmi/nidar_ws/install/px4_msgs/local/lib/python3.10/dist-packages/px4_msgs/msg/_sensor_accel_s.c\n'}
[16.802659] (px4_msgs) StdoutLine: {'line': b'-- Up-to-date: /home/subhalaxmi/nidar_ws/install/px4_msgs/local/lib/python3.10/dist-packages/px4_msgs/msg/_led_control.py\n'}
[16.802851] (px4_msgs) StdoutLine: {'line': b'-- Up-to-date: /home/subhalaxmi/nidar_ws/install/px4_msgs/local/lib/python3.10/dist-packages/px4_msgs/msg/_rover_speed_setpoint_s.c\n'}
[16.803206] (px4_msgs) StdoutLine: {'line': b'-- Up-to-date: /home/subhalaxmi/nidar_ws/install/px4_msgs/local/lib/python3.10/dist-packages/px4_msgs/msg/_event.py\n'}
[16.803376] (px4_msgs) StdoutLine: {'line': b'-- Up-to-date: /home/subhalaxmi/nidar_ws/install/px4_msgs/local/lib/python3.10/dist-packages/px4_msgs/msg/_wheel_encoders.py\n'}
[16.803549] (px4_msgs) StdoutLine: {'line': b'-- Up-to-date: /home/subhalaxmi/nidar_ws/install/px4_msgs/local/lib/python3.10/dist-packages/px4_msgs/msg/_control_allocator_status.py\n'}
[16.803727] (px4_msgs) StdoutLine: {'line': b'-- Up-to-date: /home/subhalaxmi/nidar_ws/install/px4_msgs/local/lib/python3.10/dist-packages/px4_msgs/msg/_orb_test_large_s.c\n'}
[16.803960] (px4_msgs) StdoutLine: {'line': b'-- Up-to-date: /home/subhalaxmi/nidar_ws/install/px4_msgs/local/lib/python3.10/dist-packages/px4_msgs/msg/_wind_s.c\n'}
[16.804246] (px4_msgs) StdoutLine: {'line': b'-- Up-to-date: /home/subhalaxmi/nidar_ws/install/px4_msgs/local/lib/python3.10/dist-packages/px4_msgs/msg/_gain_compression.py\n'}
[16.804410] (px4_msgs) StdoutLine: {'line': b'-- Up-to-date: /home/subhalaxmi/nidar_ws/install/px4_msgs/local/lib/python3.10/dist-packages/px4_msgs/msg/_estimator_status_s.c\n'}
[16.804517] (px4_msgs) StdoutLine: {'line': b'-- Up-to-date: /home/subhalaxmi/nidar_ws/install/px4_msgs/local/lib/python3.10/dist-packages/px4_msgs/msg/_log_message_s.c\n'}
[16.804617] (px4_msgs) StdoutLine: {'line': b'-- Up-to-date: /home/subhalaxmi/nidar_ws/install/px4_msgs/local/lib/python3.10/dist-packages/px4_msgs/msg/_mode_completed_s.c\n'}
[16.804717] (px4_msgs) StdoutLine: {'line': b'-- Up-to-date: /home/subhalaxmi/nidar_ws/install/px4_msgs/local/lib/python3.10/dist-packages/px4_msgs/msg/_trajectory_setpoint6dof.py\n'}
[16.804840] (px4_msgs) StdoutLine: {'line': b'-- Up-to-date: /home/subhalaxmi/nidar_ws/install/px4_msgs/local/lib/python3.10/dist-packages/px4_msgs/msg/_autotune_attitude_control_status.py\n'}
[16.805047] (px4_msgs) StdoutLine: {'line': b'-- Up-to-date: /home/subhalaxmi/nidar_ws/install/px4_msgs/local/lib/python3.10/dist-packages/px4_msgs/msg/_rtl_time_estimate.py\n'}
[16.805290] (px4_msgs) StdoutLine: {'line': b'-- Up-to-date: /home/subhalaxmi/nidar_ws/install/px4_msgs/local/lib/python3.10/dist-packages/px4_msgs/msg/_satellite_info_s.c\n'}
[16.805504] (px4_msgs) StdoutLine: {'line': b'-- Up-to-date: /home/subhalaxmi/nidar_ws/install/px4_msgs/local/lib/python3.10/dist-packages/px4_msgs/msg/_manual_control_setpoint.py\n'}
[16.805798] (px4_msgs) StdoutLine: {'line': b'-- Up-to-date: /home/subhalaxmi/nidar_ws/install/px4_msgs/local/lib/python3.10/dist-packages/px4_msgs/msg/_gpio_request.py\n'}
[16.805988] (px4_msgs) StdoutLine: {'line': b'-- Up-to-date: /home/subhalaxmi/nidar_ws/install/px4_msgs/local/lib/python3.10/dist-packages/px4_msgs/msg/_esc_report_s.c\n'}
[16.806095] (px4_msgs) StdoutLine: {'line': b'-- Up-to-date: /home/subhalaxmi/nidar_ws/install/px4_msgs/local/lib/python3.10/dist-packages/px4_msgs/msg/_estimator_innovations.py\n'}
[16.806198] (px4_msgs) StdoutLine: {'line': b'-- Up-to-date: /home/subhalaxmi/nidar_ws/install/px4_msgs/local/lib/python3.10/dist-packages/px4_msgs/msg/_estimator_bias.py\n'}
[16.806397] (px4_msgs) StdoutLine: {'line': b'-- Up-to-date: /home/subhalaxmi/nidar_ws/install/px4_msgs/local/lib/python3.10/dist-packages/px4_msgs/msg/_neural_control_s.c\n'}
[16.806574] (px4_msgs) StdoutLine: {'line': b'-- Up-to-date: /home/subhalaxmi/nidar_ws/install/px4_msgs/local/lib/python3.10/dist-packages/px4_msgs/msg/_sensors_status_s.c\n'}
[16.806678] (px4_msgs) StdoutLine: {'line': b'-- Up-to-date: /home/subhalaxmi/nidar_ws/install/px4_msgs/local/lib/python3.10/dist-packages/px4_msgs/msg/_gps_inject_data_s.c\n'}
[16.806777] (px4_msgs) StdoutLine: {'line': b'-- Up-to-date: /home/subhalaxmi/nidar_ws/install/px4_msgs/local/lib/python3.10/dist-packages/px4_msgs/msg/_failsafe_flags.py\n'}
[16.807339] (px4_msgs) StdoutLine: {'line': b'-- Up-to-date: /home/subhalaxmi/nidar_ws/install/px4_msgs/local/lib/python3.10/dist-packages/px4_msgs/msg/_mission_result_s.c\n'}
[16.807860] (px4_msgs) StdoutLine: {'line': b'-- Up-to-date: /home/subhalaxmi/nidar_ws/install/px4_msgs/local/lib/python3.10/dist-packages/px4_msgs/msg/_cellular_status_s.c\n'}
[16.808126] (px4_msgs) StdoutLine: {'line': b'-- Up-to-date: /home/subhalaxmi/nidar_ws/install/px4_msgs/local/lib/python3.10/dist-packages/px4_msgs/msg/_camera_capture_s.c\n'}
[16.808331] (px4_msgs) StdoutLine: {'line': b'-- Up-to-date: /home/subhalaxmi/nidar_ws/install/px4_msgs/local/lib/python3.10/dist-packages/px4_msgs/msg/_debug_vect_s.c\n'}
[16.808560] (px4_msgs) StdoutLine: {'line': b'-- Up-to-date: /home/subhalaxmi/nidar_ws/install/px4_msgs/local/lib/python3.10/dist-packages/px4_msgs/msg/_trajectory_setpoint.py\n'}
[16.808977] (px4_msgs) StdoutLine: {'line': b'-- Up-to-date: /home/subhalaxmi/nidar_ws/install/px4_msgs/local/lib/python3.10/dist-packages/px4_msgs/msg/_battery_info_s.c\n'}
[16.809287] (px4_msgs) StdoutLine: {'line': b'-- Up-to-date: /home/subhalaxmi/nidar_ws/install/px4_msgs/local/lib/python3.10/dist-packages/px4_msgs/msg/_gimbal_manager_status.py\n'}
[16.809522] (px4_msgs) StdoutLine: {'line': b'-- Up-to-date: /home/subhalaxmi/nidar_ws/install/px4_msgs/local/lib/python3.10/dist-packages/px4_msgs/msg/_position_controller_status.py\n'}
[16.809788] (px4_msgs) StdoutLine: {'line': b'-- Up-to-date: /home/subhalaxmi/nidar_ws/install/px4_msgs/local/lib/python3.10/dist-packages/px4_msgs/msg/_gimbal_device_set_attitude.py\n'}
[16.810260] (px4_msgs) StdoutLine: {'line': b'-- Up-to-date: /home/subhalaxmi/nidar_ws/install/px4_msgs/local/lib/python3.10/dist-packages/px4_msgs/msg/_mount_orientation.py\n'}
[16.810506] (px4_msgs) StdoutLine: {'line': b'-- Up-to-date: /home/subhalaxmi/nidar_ws/install/px4_msgs/local/lib/python3.10/dist-packages/px4_msgs/msg/_landing_gear_s.c\n'}
[16.811563] (px4_msgs) StdoutLine: {'line': b'-- Up-to-date: /home/subhalaxmi/nidar_ws/install/px4_msgs/local/lib/python3.10/dist-packages/px4_msgs/msg/_debug_key_value_s.c\n'}
[16.812176] (px4_msgs) StdoutLine: {'line': b'-- Up-to-date: /home/subhalaxmi/nidar_ws/install/px4_msgs/local/lib/python3.10/dist-packages/px4_msgs/msg/_normalized_unsigned_setpoint_s.c\n'}
[16.812498] (px4_msgs) StdoutLine: {'line': b'-- Up-to-date: /home/subhalaxmi/nidar_ws/install/px4_msgs/local/lib/python3.10/dist-packages/px4_msgs/msg/_estimator_states.py\n'}
[16.812766] (px4_msgs) StdoutLine: {'line': b'-- Up-to-date: /home/subhalaxmi/nidar_ws/install/px4_msgs/local/lib/python3.10/dist-packages/px4_msgs/msg/_vehicle_status.py\n'}
[16.814620] (px4_msgs) StdoutLine: {'line': b'-- Up-to-date: /home/subhalaxmi/nidar_ws/install/px4_msgs/local/lib/python3.10/dist-packages/px4_msgs/msg/_estimator_aid_source1d_s.c\n'}
[16.816772] (px4_msgs) StdoutLine: {'line': b'-- Up-to-date: /home/subhalaxmi/nidar_ws/install/px4_msgs/local/lib/python3.10/dist-packages/px4_msgs/msg/_vehicle_control_mode_s.c\n'}
[16.818159] (px4_msgs) StdoutLine: {'line': b'-- Up-to-date: /home/subhalaxmi/nidar_ws/install/px4_msgs/local/lib/python3.10/dist-packages/px4_msgs/msg/_rover_steering_setpoint_s.c\n'}
[16.818595] (px4_msgs) StdoutLine: {'line': b'-- Up-to-date: /home/subhalaxmi/nidar_ws/install/px4_msgs/local/lib/python3.10/dist-packages/px4_msgs/msg/_arming_check_request.py\n'}
[16.819172] (px4_msgs) StdoutLine: {'line': b'-- Up-to-date: /home/subhalaxmi/nidar_ws/install/px4_msgs/local/lib/python3.10/dist-packages/px4_msgs/msg/_dronecan_node_status_s.c\n'}
[16.819522] (px4_msgs) StdoutLine: {'line': b'-- Up-to-date: /home/subhalaxmi/nidar_ws/install/px4_msgs/local/lib/python3.10/dist-packages/px4_msgs/msg/_power_monitor.py\n'}
[16.819655] (px4_msgs) StdoutLine: {'line': b'-- Up-to-date: /home/subhalaxmi/nidar_ws/install/px4_msgs/local/lib/python3.10/dist-packages/px4_msgs/msg/_launch_detection_status_s.c\n'}
[16.819765] (px4_msgs) StdoutLine: {'line': b'-- Up-to-date: /home/subhalaxmi/nidar_ws/install/px4_msgs/local/lib/python3.10/dist-packages/px4_msgs/msg/_vehicle_torque_setpoint.py\n'}
[16.819971] (px4_msgs) StdoutLine: {'line': b'-- Up-to-date: /home/subhalaxmi/nidar_ws/install/px4_msgs/local/lib/python3.10/dist-packages/px4_msgs/msg/_home_position.py\n'}
[16.820178] (px4_msgs) StdoutLine: {'line': b'-- Up-to-date: /home/subhalaxmi/nidar_ws/install/px4_msgs/local/lib/python3.10/dist-packages/px4_msgs/msg/_position_controller_status_s.c\n'}
[16.820455] (px4_msgs) StdoutLine: {'line': b'-- Up-to-date: /home/subhalaxmi/nidar_ws/install/px4_msgs/local/lib/python3.10/dist-packages/px4_msgs/msg/_power_button_state_s.c\n'}
[16.820879] (px4_msgs) StdoutLine: {'line': b'-- Up-to-date: /home/subhalaxmi/nidar_ws/install/px4_msgs/local/lib/python3.10/dist-packages/px4_msgs/msg/_actuator_motors.py\n'}
[16.821130] (px4_msgs) StdoutLine: {'line': b'-- Up-to-date: /home/subhalaxmi/nidar_ws/install/px4_msgs/local/lib/python3.10/dist-packages/px4_msgs/msg/_fixed_wing_lateral_guidance_status_s.c\n'}
[16.821485] (px4_msgs) StdoutLine: {'line': b'-- Up-to-date: /home/subhalaxmi/nidar_ws/install/px4_msgs/local/lib/python3.10/dist-packages/px4_msgs/msg/_distance_sensor_mode_change_request_s.c\n'}
[16.821712] (px4_msgs) StdoutLine: {'line': b'-- Up-to-date: /home/subhalaxmi/nidar_ws/install/px4_msgs/local/lib/python3.10/dist-packages/px4_msgs/msg/_vtol_vehicle_status.py\n'}
[16.822184] (px4_msgs) StdoutLine: {'line': b'-- Up-to-date: /home/subhalaxmi/nidar_ws/install/px4_msgs/local/lib/python3.10/dist-packages/px4_msgs/msg/_tecs_status_s.c\n'}
[16.822604] (px4_msgs) StdoutLine: {'line': b'-- Up-to-date: /home/subhalaxmi/nidar_ws/install/px4_msgs/local/lib/python3.10/dist-packages/px4_msgs/msg/_lateral_control_configuration.py\n'}
[16.823122] (px4_msgs) StdoutLine: {'line': b'-- Up-to-date: /home/subhalaxmi/nidar_ws/install/px4_msgs/local/lib/python3.10/dist-packages/px4_msgs/msg/_control_allocator_status_s.c\n'}
[16.824107] (px4_msgs) StdoutLine: {'line': b'-- Up-to-date: /home/subhalaxmi/nidar_ws/install/px4_msgs/local/lib/python3.10/dist-packages/px4_msgs/msg/_can_interface_status.py\n'}
[16.824269] (px4_msgs) StdoutLine: {'line': b'-- Up-to-date: /home/subhalaxmi/nidar_ws/install/px4_msgs/local/lib/python3.10/dist-packages/px4_msgs/msg/_airspeed_wind.py\n'}
[16.824381] (px4_msgs) StdoutLine: {'line': b'-- Up-to-date: /home/subhalaxmi/nidar_ws/install/px4_msgs/local/lib/python3.10/dist-packages/px4_msgs/msg/_estimator_bias3d_s.c\n'}
[16.824485] (px4_msgs) StdoutLine: {'line': b'-- Up-to-date: /home/subhalaxmi/nidar_ws/install/px4_msgs/local/lib/python3.10/dist-packages/px4_msgs/msg/_gpio_out_s.c\n'}
[16.824723] (px4_msgs) StdoutLine: {'line': b'-- Up-to-date: /home/subhalaxmi/nidar_ws/install/px4_msgs/local/lib/python3.10/dist-packages/px4_msgs/msg/_parameter_set_used_request_s.c\n'}
[16.824877] (px4_msgs) StdoutLine: {'line': b'-- Up-to-date: /home/subhalaxmi/nidar_ws/install/px4_msgs/local/lib/python3.10/dist-packages/px4_msgs/msg/_iridiumsbd_status_s.c\n'}
[16.825086] (px4_msgs) StdoutLine: {'line': b'-- Up-to-date: /home/subhalaxmi/nidar_ws/install/px4_msgs/local/lib/python3.10/dist-packages/px4_msgs/msg/_sensor_gps.py\n'}
[16.825308] (px4_msgs) StdoutLine: {'line': b'-- Up-to-date: /home/subhalaxmi/nidar_ws/install/px4_msgs/local/lib/python3.10/dist-packages/px4_msgs/msg/_landing_target_innovations_s.c\n'}
[16.825442] (px4_msgs) StdoutLine: {'line': b'-- Up-to-date: /home/subhalaxmi/nidar_ws/install/px4_msgs/local/lib/python3.10/dist-packages/px4_msgs/msg/_gimbal_device_information_s.c\n'}
[16.825564] (px4_msgs) StdoutLine: {'line': b'-- Up-to-date: /home/subhalaxmi/nidar_ws/install/px4_msgs/local/lib/python3.10/dist-packages/px4_msgs/msg/_goto_setpoint_s.c\n'}
[16.825749] (px4_msgs) StdoutLine: {'line': b'-- Up-to-date: /home/subhalaxmi/nidar_ws/install/px4_msgs/local/lib/python3.10/dist-packages/px4_msgs/msg/_gimbal_manager_set_attitude_s.c\n'}
[16.825886] (px4_msgs) StdoutLine: {'line': b'-- Up-to-date: /home/subhalaxmi/nidar_ws/install/px4_msgs/local/lib/python3.10/dist-packages/px4_msgs/msg/_event_s.c\n'}
[16.826037] (px4_msgs) StdoutLine: {'line': b'-- Up-to-date: /home/subhalaxmi/nidar_ws/install/px4_msgs/local/lib/python3.10/dist-packages/px4_msgs/msg/_sensor_accel_fifo.py\n'}
[16.826240] (px4_msgs) StdoutLine: {'line': b'-- Up-to-date: /home/subhalaxmi/nidar_ws/install/px4_msgs/local/lib/python3.10/dist-packages/px4_msgs/msg/_sensor_gyro_fft_s.c\n'}
[16.826425] (px4_msgs) StdoutLine: {'line': b'-- Up-to-date: /home/subhalaxmi/nidar_ws/install/px4_msgs/local/lib/python3.10/dist-packages/px4_msgs/msg/_estimator_status_flags_s.c\n'}
[16.827142] (px4_msgs) StdoutLine: {'line': b'-- Up-to-date: /home/subhalaxmi/nidar_ws/install/px4_msgs/local/lib/python3.10/dist-packages/px4_msgs/msg/_geofence_status.py\n'}
[16.827387] (px4_msgs) StdoutLine: {'line': b'-- Up-to-date: /home/subhalaxmi/nidar_ws/install/px4_msgs/local/lib/python3.10/dist-packages/px4_msgs/msg/_ping.py\n'}
[16.827506] (px4_msgs) StdoutLine: {'line': b'-- Up-to-date: /home/subhalaxmi/nidar_ws/install/px4_msgs/local/lib/python3.10/dist-packages/px4_msgs/msg/_trajectory_setpoint6dof_s.c\n'}
[16.827613] (px4_msgs) StdoutLine: {'line': b'-- Up-to-date: /home/subhalaxmi/nidar_ws/install/px4_msgs/local/lib/python3.10/dist-packages/px4_msgs/msg/_ping_s.c\n'}
[16.827788] (px4_msgs) StdoutLine: {'line': b'-- Up-to-date: /home/subhalaxmi/nidar_ws/install/px4_msgs/local/lib/python3.10/dist-packages/px4_msgs/msg/_navigator_mission_item.py\n'}
[16.828043] (px4_msgs) StdoutLine: {'line': b'-- Up-to-date: /home/subhalaxmi/nidar_ws/install/px4_msgs/local/lib/python3.10/dist-packages/px4_msgs/msg/_rtl_time_estimate_s.c\n'}
[16.828148] (px4_msgs) StdoutLine: {'line': b'-- Up-to-date: /home/subhalaxmi/nidar_ws/install/px4_msgs/local/lib/python3.10/dist-packages/px4_msgs/msg/_health_report.py\n'}
[16.828248] (px4_msgs) StdoutLine: {'line': b'-- Up-to-date: /home/subhalaxmi/nidar_ws/install/px4_msgs/local/lib/python3.10/dist-packages/px4_msgs/msg/_trajectory_setpoint_s.c\n'}
[16.828375] (px4_msgs) StdoutLine: {'line': b'-- Up-to-date: /home/subhalaxmi/nidar_ws/install/px4_msgs/local/lib/python3.10/dist-packages/px4_msgs/msg/_battery_status.py\n'}
[16.828478] (px4_msgs) StdoutLine: {'line': b'-- Up-to-date: /home/subhalaxmi/nidar_ws/install/px4_msgs/local/lib/python3.10/dist-packages/px4_msgs/msg/_register_ext_component_reply_s.c\n'}
[16.828580] (px4_msgs) StdoutLine: {'line': b'-- Up-to-date: /home/subhalaxmi/nidar_ws/install/px4_msgs/local/lib/python3.10/dist-packages/px4_msgs/msg/_actuator_test.py\n'}
[16.828706] (px4_msgs) StdoutLine: {'line': b'-- Up-to-date: /home/subhalaxmi/nidar_ws/install/px4_msgs/local/lib/python3.10/dist-packages/px4_msgs/msg/_manual_control_setpoint_s.c\n'}
[16.828824] (px4_msgs) StdoutLine: {'line': b'-- Up-to-date: /home/subhalaxmi/nidar_ws/install/px4_msgs/local/lib/python3.10/dist-packages/px4_msgs/msg/_autotune_attitude_control_status_s.c\n'}
[16.829015] (px4_msgs) StdoutLine: {'line': b'-- Up-to-date: /home/subhalaxmi/nidar_ws/install/px4_msgs/local/lib/python3.10/dist-packages/px4_msgs/msg/_px4io_status.py\n'}
[16.829175] (px4_msgs) StdoutLine: {'line': b'-- Up-to-date: /home/subhalaxmi/nidar_ws/install/px4_msgs/local/lib/python3.10/dist-packages/px4_msgs/msg/_mavlink_log.py\n'}
[16.829277] (px4_msgs) StdoutLine: {'line': b'-- Up-to-date: /home/subhalaxmi/nidar_ws/install/px4_msgs/local/lib/python3.10/dist-packages/px4_msgs/msg/_estimator_bias3d.py\n'}
[16.829376] (px4_msgs) StdoutLine: {'line': b'-- Up-to-date: /home/subhalaxmi/nidar_ws/install/px4_msgs/local/lib/python3.10/dist-packages/px4_msgs/msg/_magnetometer_bias_estimate_s.c\n'}
[16.829474] (px4_msgs) StdoutLine: {'line': b'-- Up-to-date: /home/subhalaxmi/nidar_ws/install/px4_msgs/local/lib/python3.10/dist-packages/px4_msgs/msg/_open_drone_id_arm_status_s.c\n'}
[16.829572] (px4_msgs) StdoutLine: {'line': b'-- Up-to-date: /home/subhalaxmi/nidar_ws/install/px4_msgs/local/lib/python3.10/dist-packages/px4_msgs/msg/_sensor_preflight_mag_s.c\n'}
[16.829672] (px4_msgs) StdoutLine: {'line': b'-- Up-to-date: /home/subhalaxmi/nidar_ws/install/px4_msgs/local/lib/python3.10/dist-packages/px4_msgs/msg/_orb_test_medium.py\n'}
[16.829770] (px4_msgs) StdoutLine: {'line': b'-- Up-to-date: /home/subhalaxmi/nidar_ws/install/px4_msgs/local/lib/python3.10/dist-packages/px4_msgs/msg/_parameter_reset_request.py\n'}
[16.829920] (px4_msgs) StdoutLine: {'line': b'-- Up-to-date: /home/subhalaxmi/nidar_ws/install/px4_msgs/local/lib/python3.10/dist-packages/px4_msgs/msg/_irlock_report.py\n'}
[16.830744] (px4_msgs) StdoutLine: {'line': b'-- Up-to-date: /home/subhalaxmi/nidar_ws/install/px4_msgs/local/lib/python3.10/dist-packages/px4_msgs/msg/_offboard_control_mode.py\n'}
[16.831219] (px4_msgs) StdoutLine: {'line': b'-- Up-to-date: /home/subhalaxmi/nidar_ws/install/px4_msgs/local/lib/python3.10/dist-packages/px4_msgs/msg/_vehicle_roi_s.c\n'}
[16.831575] (px4_msgs) StdoutLine: {'line': b'-- Up-to-date: /home/subhalaxmi/nidar_ws/install/px4_msgs/local/lib/python3.10/dist-packages/px4_msgs/msg/_qshell_retval_s.c\n'}
[16.831776] (px4_msgs) StdoutLine: {'line': b'-- Up-to-date: /home/subhalaxmi/nidar_ws/install/px4_msgs/local/lib/python3.10/dist-packages/px4_msgs/msg/_device_information.py\n'}
[16.832055] (px4_msgs) StdoutLine: {'line': b'-- Up-to-date: /home/subhalaxmi/nidar_ws/install/px4_msgs/local/lib/python3.10/dist-packages/px4_msgs/msg/_cpuload_s.c\n'}
[16.832283] (px4_msgs) StdoutLine: {'line': b'-- Up-to-date: /home/subhalaxmi/nidar_ws/install/px4_msgs/local/lib/python3.10/dist-packages/px4_msgs/msg/_irlock_report_s.c\n'}
[16.832409] (px4_msgs) StdoutLine: {'line': b'-- Up-to-date: /home/subhalaxmi/nidar_ws/install/px4_msgs/local/lib/python3.10/dist-packages/px4_msgs/msg/_debug_array_s.c\n'}
[16.832513] (px4_msgs) StdoutLine: {'line': b'-- Up-to-date: /home/subhalaxmi/nidar_ws/install/px4_msgs/local/lib/python3.10/dist-packages/px4_msgs/msg/_open_drone_id_arm_status.py\n'}
[16.832614] (px4_msgs) StdoutLine: {'line': b'-- Up-to-date: /home/subhalaxmi/nidar_ws/install/px4_msgs/local/lib/python3.10/dist-packages/px4_msgs/msg/_pps_capture.py\n'}
[16.832715] (px4_msgs) StdoutLine: {'line': b'-- Up-to-date: /home/subhalaxmi/nidar_ws/install/px4_msgs/local/lib/python3.10/dist-packages/px4_msgs/msg/_open_drone_id_system_s.c\n'}
[16.833100] (px4_msgs) StdoutLine: {'line': b'-- Up-to-date: /home/subhalaxmi/nidar_ws/install/px4_msgs/local/lib/python3.10/dist-packages/px4_msgs/msg/_sensor_temp_s.c\n'}
[16.833319] (px4_msgs) StdoutLine: {'line': b'-- Up-to-date: /home/subhalaxmi/nidar_ws/install/px4_msgs/local/lib/python3.10/dist-packages/px4_msgs/msg/_vtx.py\n'}
[16.833482] (px4_msgs) StdoutLine: {'line': b'-- Up-to-date: /home/subhalaxmi/nidar_ws/install/px4_msgs/local/lib/python3.10/dist-packages/px4_msgs/msg/_gimbal_manager_status_s.c\n'}
[16.833881] (px4_msgs) StdoutLine: {'line': b'-- Up-to-date: /home/subhalaxmi/nidar_ws/install/px4_msgs/local/lib/python3.10/dist-packages/px4_msgs/msg/_sensor_airflow_s.c\n'}
[16.834289] (px4_msgs) StdoutLine: {'line': b'-- Up-to-date: /home/subhalaxmi/nidar_ws/install/px4_msgs/local/lib/python3.10/dist-packages/px4_msgs/msg/_position_setpoint_triplet_s.c\n'}
[16.834690] (px4_msgs) StdoutLine: {'line': b'-- Up-to-date: /home/subhalaxmi/nidar_ws/install/px4_msgs/local/lib/python3.10/dist-packages/px4_msgs/msg/_ekf2_timestamps_s.c\n'}
[16.834984] (px4_msgs) StdoutLine: {'line': b'-- Up-to-date: /home/subhalaxmi/nidar_ws/install/px4_msgs/local/lib/python3.10/dist-packages/px4_msgs/msg/_rover_speed_status.py\n'}
[16.835204] (px4_msgs) StdoutLine: {'line': b'-- Up-to-date: /home/subhalaxmi/nidar_ws/install/px4_msgs/local/lib/python3.10/dist-packages/px4_msgs/msg/_navigator_status_s.c\n'}
[16.835415] (px4_msgs) StdoutLine: {'line': b'-- Up-to-date: /home/subhalaxmi/nidar_ws/install/px4_msgs/local/lib/python3.10/dist-packages/px4_msgs/msg/_esc_status_s.c\n'}
[16.835614] (px4_msgs) StdoutLine: {'line': b'-- Up-to-date: /home/subhalaxmi/nidar_ws/install/px4_msgs/local/lib/python3.10/dist-packages/px4_msgs/msg/_vehicle_acceleration_s.c\n'}
[16.835892] (px4_msgs) StdoutLine: {'line': b'-- Up-to-date: /home/subhalaxmi/nidar_ws/install/px4_msgs/local/lib/python3.10/dist-packages/px4_msgs/msg/_orb_test.py\n'}
[16.836229] (px4_msgs) StdoutLine: {'line': b'-- Up-to-date: /home/subhalaxmi/nidar_ws/install/px4_msgs/local/lib/python3.10/dist-packages/px4_msgs/msg/_follow_target_status.py\n'}
[16.836465] (px4_msgs) StdoutLine: {'line': b'-- Up-to-date: /home/subhalaxmi/nidar_ws/install/px4_msgs/local/lib/python3.10/dist-packages/px4_msgs/msg/_estimator_event_flags.py\n'}
[16.836690] (px4_msgs) StdoutLine: {'line': b'-- Up-to-date: /home/subhalaxmi/nidar_ws/install/px4_msgs/local/lib/python3.10/dist-packages/px4_msgs/msg/_gps_dump_s.c\n'}
[16.836973] (px4_msgs) StdoutLine: {'line': b'-- Up-to-date: /home/subhalaxmi/nidar_ws/install/px4_msgs/local/lib/python3.10/dist-packages/px4_msgs/msg/_ulog_stream.py\n'}
[16.837305] (px4_msgs) StdoutLine: {'line': b'-- Up-to-date: /home/subhalaxmi/nidar_ws/install/px4_msgs/local/lib/python3.10/dist-packages/px4_msgs/msg/_gripper.py\n'}
[16.837559] (px4_msgs) StdoutLine: {'line': b'-- Up-to-date: /home/subhalaxmi/nidar_ws/install/px4_msgs/local/lib/python3.10/dist-packages/px4_msgs/msg/_orbit_status_s.c\n'}
[16.837789] (px4_msgs) StdoutLine: {'line': b'-- Up-to-date: /home/subhalaxmi/nidar_ws/install/px4_msgs/local/lib/python3.10/dist-packages/px4_msgs/msg/_goto_setpoint.py\n'}
[16.838534] (px4_msgs) StdoutLine: {'line': b'-- Up-to-date: /home/subhalaxmi/nidar_ws/install/px4_msgs/local/lib/python3.10/dist-packages/px4_msgs/msg/_airspeed.py\n'}
[16.838849] (px4_msgs) StdoutLine: {'line': b'-- Up-to-date: /home/subhalaxmi/nidar_ws/install/px4_msgs/local/lib/python3.10/dist-packages/px4_msgs/msg/_uavcan_parameter_request.py\n'}
[16.839234] (px4_msgs) StdoutLine: {'line': b'-- Up-to-date: /home/subhalaxmi/nidar_ws/install/px4_msgs/local/lib/python3.10/dist-packages/px4_msgs/msg/_open_drone_id_operator_id.py\n'}
[16.839643] (px4_msgs) StdoutLine: {'line': b'-- Up-to-date: /home/subhalaxmi/nidar_ws/install/px4_msgs/local/lib/python3.10/dist-packages/px4_msgs/msg/_estimator_status_flags.py\n'}
[16.839968] (px4_msgs) StdoutLine: {'line': b'-- Up-to-date: /home/subhalaxmi/nidar_ws/install/px4_msgs/local/lib/python3.10/dist-packages/px4_msgs/msg/_register_ext_component_request_s.c\n'}
[16.841493] (px4_msgs) StdoutLine: {'line': b'-- Up-to-date: /home/subhalaxmi/nidar_ws/install/px4_msgs/local/lib/python3.10/dist-packages/px4_msgs/msg/_gps_inject_data.py\n'}
[16.842280] (px4_msgs) StdoutLine: {'line': b'-- Up-to-date: /home/subhalaxmi/nidar_ws/install/px4_msgs/local/lib/python3.10/dist-packages/px4_msgs/msg/_vehicle_land_detected.py\n'}
[16.842970] (px4_msgs) StdoutLine: {'line': b'-- Up-to-date: /home/subhalaxmi/nidar_ws/install/px4_msgs/local/lib/python3.10/dist-packages/px4_msgs/msg/_rover_attitude_setpoint.py\n'}
[16.843225] (px4_msgs) StdoutLine: {'line': b'-- Up-to-date: /home/subhalaxmi/nidar_ws/install/px4_msgs/local/lib/python3.10/dist-packages/px4_msgs/msg/_offboard_control_mode_s.c\n'}
[16.843358] (px4_msgs) StdoutLine: {'line': b'-- Up-to-date: /home/subhalaxmi/nidar_ws/install/px4_msgs/local/lib/python3.10/dist-packages/px4_msgs/msg/_gimbal_device_information.py\n'}
[16.843473] (px4_msgs) StdoutLine: {'line': b'-- Up-to-date: /home/subhalaxmi/nidar_ws/install/px4_msgs/local/lib/python3.10/dist-packages/px4_msgs/msg/_ulog_stream_s.c\n'}
[16.843589] (px4_msgs) StdoutLine: {'line': b'-- Up-to-date: /home/subhalaxmi/nidar_ws/install/px4_msgs/local/lib/python3.10/dist-packages/px4_msgs/msg/_navigator_mission_item_s.c\n'}
[16.843696] (px4_msgs) StdoutLine: {'line': b'-- Up-to-date: /home/subhalaxmi/nidar_ws/install/px4_msgs/local/lib/python3.10/dist-packages/px4_msgs/msg/_sensor_gnss_status_s.c\n'}
[16.843823] (px4_msgs) StdoutLine: {'line': b'-- Up-to-date: /home/subhalaxmi/nidar_ws/install/px4_msgs/local/lib/python3.10/dist-packages/px4_msgs/msg/_estimator_aid_source2d.py\n'}
[16.844050] (px4_msgs) StdoutLine: {'line': b'-- Up-to-date: /home/subhalaxmi/nidar_ws/install/px4_msgs/local/lib/python3.10/dist-packages/px4_msgs/msg/_pure_pursuit_status_s.c\n'}
[16.844253] (px4_msgs) StdoutLine: {'line': b'-- Up-to-date: /home/subhalaxmi/nidar_ws/install/px4_msgs/local/lib/python3.10/dist-packages/px4_msgs/msg/_sensor_uwb.py\n'}
[16.844458] (px4_msgs) StdoutLine: {'line': b'-- Up-to-date: /home/subhalaxmi/nidar_ws/install/px4_msgs/local/lib/python3.10/dist-packages/px4_msgs/msg/_debug_key_value.py\n'}
[16.844628] (px4_msgs) StdoutLine: {'line': b'-- Up-to-date: /home/subhalaxmi/nidar_ws/install/px4_msgs/local/lib/python3.10/dist-packages/px4_msgs/msg/_open_drone_id_system.py\n'}
[16.844764] (px4_msgs) StdoutLine: {'line': b'-- Up-to-date: /home/subhalaxmi/nidar_ws/install/px4_msgs/local/lib/python3.10/dist-packages/px4_msgs/msg/_follow_target_s.c\n'}
[16.844901] (px4_msgs) StdoutLine: {'line': b'-- Up-to-date: /home/subhalaxmi/nidar_ws/install/px4_msgs/local/lib/python3.10/dist-packages/px4_msgs/msg/_estimator_aid_source3d_s.c\n'}
[16.845014] (px4_msgs) StdoutLine: {'line': b'-- Up-to-date: /home/subhalaxmi/nidar_ws/install/px4_msgs/local/lib/python3.10/dist-packages/px4_msgs/msg/_position_controller_landing_status_s.c\n'}
[16.845149] (px4_msgs) StdoutLine: {'line': b'-- Up-to-date: /home/subhalaxmi/nidar_ws/install/px4_msgs/local/lib/python3.10/dist-packages/px4_msgs/msg/_mavlink_tunnel.py\n'}
[16.845282] (px4_msgs) StdoutLine: {'line': b'-- Up-to-date: /home/subhalaxmi/nidar_ws/install/px4_msgs/local/lib/python3.10/dist-packages/px4_msgs/msg/_vehicle_imu_status.py\n'}
[16.845461] (px4_msgs) StdoutLine: {'line': b'-- Up-to-date: /home/subhalaxmi/nidar_ws/install/px4_msgs/local/lib/python3.10/dist-packages/px4_msgs/msg/_radio_status.py\n'}
[16.845569] (px4_msgs) StdoutLine: {'line': b'-- Up-to-date: /home/subhalaxmi/nidar_ws/install/px4_msgs/local/lib/python3.10/dist-packages/px4_msgs/msg/_vehicle_status_s.c\n'}
[16.845737] (px4_msgs) StdoutLine: {'line': b'-- Up-to-date: /home/subhalaxmi/nidar_ws/install/px4_msgs/local/lib/python3.10/dist-packages/px4_msgs/msg/_rover_position_setpoint_s.c\n'}
[16.845916] (px4_msgs) StdoutLine: {'line': b'-- Up-to-date: /home/subhalaxmi/nidar_ws/install/px4_msgs/local/lib/python3.10/dist-packages/px4_msgs/msg/_led_control_s.c\n'}
[16.846106] (px4_msgs) StdoutLine: {'line': b'-- Up-to-date: /home/subhalaxmi/nidar_ws/install/px4_msgs/local/lib/python3.10/dist-packages/px4_msgs/msg/_input_rc.py\n'}
[16.846233] (px4_msgs) StdoutLine: {'line': b'-- Up-to-date: /home/subhalaxmi/nidar_ws/install/px4_msgs/local/lib/python3.10/dist-packages/px4_msgs/msg/_sensors_status_imu_s.c\n'}
[16.846365] (px4_msgs) StdoutLine: {'line': b'-- Up-to-date: /home/subhalaxmi/nidar_ws/install/px4_msgs/local/lib/python3.10/dist-packages/px4_msgs/msg/_open_drone_id_operator_id_s.c\n'}
[16.846694] (px4_msgs) StdoutLine: {'line': b'-- Up-to-date: /home/subhalaxmi/nidar_ws/install/px4_msgs/local/lib/python3.10/dist-packages/px4_msgs/msg/_open_drone_id_self_id_s.c\n'}
[16.847194] (px4_msgs) StdoutLine: {'line': b'-- Up-to-date: /home/subhalaxmi/nidar_ws/install/px4_msgs/local/lib/python3.10/dist-packages/px4_msgs/msg/_onboard_computer_status.py\n'}
[16.847939] (px4_msgs) StdoutLine: {'line': b'-- Up-to-date: /home/subhalaxmi/nidar_ws/install/px4_msgs/local/lib/python3.10/dist-packages/px4_msgs/msg/_vehicle_attitude.py\n'}
[16.848388] (px4_msgs) StdoutLine: {'line': b'-- Up-to-date: /home/subhalaxmi/nidar_ws/install/px4_msgs/local/lib/python3.10/dist-packages/px4_msgs/msg/_unregister_ext_component_s.c\n'}
[16.849106] (px4_msgs) StdoutLine: {'line': b'-- Up-to-date: /home/subhalaxmi/nidar_ws/install/px4_msgs/local/lib/python3.10/dist-packages/px4_msgs/msg/_vehicle_acceleration.py\n'}
[16.849478] (px4_msgs) StdoutLine: {'line': b'-- Up-to-date: /home/subhalaxmi/nidar_ws/install/px4_msgs/local/lib/python3.10/dist-packages/px4_msgs/msg/_lateral_control_configuration_s.c\n'}
[16.849907] (px4_msgs) StdoutLine: {'line': b'-- Up-to-date: /home/subhalaxmi/nidar_ws/install/px4_msgs/local/lib/python3.10/dist-packages/px4_msgs/msg/_fixed_wing_lateral_guidance_status.py\n'}
[16.850328] (px4_msgs) StdoutLine: {'line': b'-- Up-to-date: /home/subhalaxmi/nidar_ws/install/px4_msgs/local/lib/python3.10/dist-packages/px4_msgs/msg/_vehicle_magnetometer_s.c\n'}
[16.850560] (px4_msgs) StdoutLine: {'line': b'-- Up-to-date: /home/subhalaxmi/nidar_ws/install/px4_msgs/local/lib/python3.10/dist-packages/px4_msgs/msg/_internal_combustion_engine_status.py\n'}
[16.851069] (px4_msgs) StdoutLine: {'line': b'-- Up-to-date: /home/subhalaxmi/nidar_ws/install/px4_msgs/local/lib/python3.10/dist-packages/px4_msgs/msg/_gpio_config_s.c\n'}
[16.851213] (px4_msgs) StdoutLine: {'line': b'-- Up-to-date: /home/subhalaxmi/nidar_ws/install/px4_msgs/local/lib/python3.10/dist-packages/px4_msgs/msg/_estimator_bias_s.c\n'}
[16.851318] (px4_msgs) StdoutLine: {'line': b'-- Up-to-date: /home/subhalaxmi/nidar_ws/install/px4_msgs/local/lib/python3.10/dist-packages/px4_msgs/msg/_sensor_gnss_status.py\n'}
[16.851445] (px4_msgs) StdoutLine: {'line': b'-- Up-to-date: /home/subhalaxmi/nidar_ws/install/px4_msgs/local/lib/python3.10/dist-packages/px4_msgs/msg/_rover_rate_status_s.c\n'}
[16.851622] (px4_msgs) StdoutLine: {'line': b'-- Up-to-date: /home/subhalaxmi/nidar_ws/install/px4_msgs/local/lib/python3.10/dist-packages/px4_msgs/msg/_sensor_gyro.py\n'}
[16.851799] (px4_msgs) StdoutLine: {'line': b'-- Up-to-date: /home/subhalaxmi/nidar_ws/install/px4_msgs/local/lib/python3.10/dist-packages/px4_msgs/msg/_pps_capture_s.c\n'}
[16.852028] (px4_msgs) StdoutLine: {'line': b'-- Up-to-date: /home/subhalaxmi/nidar_ws/install/px4_msgs/local/lib/python3.10/dist-packages/px4_msgs/msg/_action_request_s.c\n'}
[16.852402] (px4_msgs) StdoutLine: {'line': b'-- Up-to-date: /home/subhalaxmi/nidar_ws/install/px4_msgs/local/lib/python3.10/dist-packages/px4_msgs/msg/_sensor_uwb_s.c\n'}
[16.852601] (px4_msgs) StdoutLine: {'line': b'-- Up-to-date: /home/subhalaxmi/nidar_ws/install/px4_msgs/local/lib/python3.10/dist-packages/px4_msgs/msg/_vehicle_optical_flow_vel_s.c\n'}
[16.852713] (px4_msgs) StdoutLine: {'line': b'-- Up-to-date: /home/subhalaxmi/nidar_ws/install/px4_msgs/local/lib/python3.10/dist-packages/px4_msgs/msg/_uavcan_parameter_request_s.c\n'}
[16.852831] (px4_msgs) StdoutLine: {'line': b'-- Up-to-date: /home/subhalaxmi/nidar_ws/install/px4_msgs/local/lib/python3.10/dist-packages/px4_msgs/msg/_actuator_armed_s.c\n'}
[16.852956] (px4_msgs) StdoutLine: {'line': b'-- Up-to-date: /home/subhalaxmi/nidar_ws/install/px4_msgs/local/lib/python3.10/dist-packages/px4_msgs/msg/_dataman_response_s.c\n'}
[16.853076] (px4_msgs) StdoutLine: {'line': b'-- Up-to-date: /home/subhalaxmi/nidar_ws/install/px4_msgs/local/lib/python3.10/dist-packages/px4_msgs/msg/_sensor_hygrometer_s.c\n'}
[16.853225] (px4_msgs) StdoutLine: {'line': b'-- Up-to-date: /home/subhalaxmi/nidar_ws/install/px4_msgs/local/lib/python3.10/dist-packages/px4_msgs/msg/_camera_status.py\n'}
[16.853330] (px4_msgs) StdoutLine: {'line': b'-- Up-to-date: /home/subhalaxmi/nidar_ws/install/px4_msgs/local/lib/python3.10/dist-packages/px4_msgs/msg/_telemetry_status_s.c\n'}
[16.853431] (px4_msgs) StdoutLine: {'line': b'-- Up-to-date: /home/subhalaxmi/nidar_ws/install/px4_msgs/local/lib/python3.10/dist-packages/px4_msgs/msg/_yaw_estimator_status.py\n'}
[16.853532] (px4_msgs) StdoutLine: {'line': b'-- Up-to-date: /home/subhalaxmi/nidar_ws/install/px4_msgs/local/lib/python3.10/dist-packages/px4_msgs/msg/_power_monitor_s.c\n'}
[16.853671] (px4_msgs) StdoutLine: {'line': b'-- Up-to-date: /home/subhalaxmi/nidar_ws/install/px4_msgs/local/lib/python3.10/dist-packages/px4_msgs/msg/_estimator_aid_source1d.py\n'}
[16.853972] (px4_msgs) StdoutLine: {'line': b'-- Up-to-date: /home/subhalaxmi/nidar_ws/install/px4_msgs/local/lib/python3.10/dist-packages/px4_msgs/msg/_vehicle_imu_status_s.c\n'}
[16.854175] (-) TimerEvent: {}
[16.854422] (px4_msgs) StdoutLine: {'line': b'-- Up-to-date: /home/subhalaxmi/nidar_ws/install/px4_msgs/local/lib/python3.10/dist-packages/px4_msgs/msg/_gimbal_manager_information.py\n'}
[16.854794] (px4_msgs) StdoutLine: {'line': b'-- Up-to-date: /home/subhalaxmi/nidar_ws/install/px4_msgs/local/lib/python3.10/dist-packages/px4_msgs/msg/_actuator_outputs.py\n'}
[16.855008] (px4_msgs) StdoutLine: {'line': b'-- Up-to-date: /home/subhalaxmi/nidar_ws/install/px4_msgs/local/lib/python3.10/dist-packages/px4_msgs/msg/_rover_throttle_setpoint.py\n'}
[16.855186] (px4_msgs) StdoutLine: {'line': b'-- Up-to-date: /home/subhalaxmi/nidar_ws/install/px4_msgs/local/lib/python3.10/dist-packages/px4_msgs/msg/_rc_channels.py\n'}
[16.855300] (px4_msgs) StdoutLine: {'line': b'-- Up-to-date: /home/subhalaxmi/nidar_ws/install/px4_msgs/local/lib/python3.10/dist-packages/px4_msgs/msg/_debug_value_s.c\n'}
[16.855414] (px4_msgs) StdoutLine: {'line': b'-- Up-to-date: /home/subhalaxmi/nidar_ws/install/px4_msgs/local/lib/python3.10/dist-packages/px4_msgs/msg/_mission_s.c\n'}
[16.855569] (px4_msgs) StdoutLine: {'line': b'-- Up-to-date: /home/subhalaxmi/nidar_ws/install/px4_msgs/local/lib/python3.10/dist-packages/px4_msgs/msg/_estimator_status.py\n'}
[16.855739] (px4_msgs) StdoutLine: {'line': b'-- Up-to-date: /home/subhalaxmi/nidar_ws/install/px4_msgs/local/lib/python3.10/dist-packages/px4_msgs/msg/_vehicle_optical_flow_vel.py\n'}
[16.855957] (px4_msgs) StdoutLine: {'line': b'-- Up-to-date: /home/subhalaxmi/nidar_ws/install/px4_msgs/local/lib/python3.10/dist-packages/px4_msgs/msg/_fixed_wing_lateral_setpoint_s.c\n'}
[16.856142] (px4_msgs) StdoutLine: {'line': b'-- Up-to-date: /home/subhalaxmi/nidar_ws/install/px4_msgs/local/lib/python3.10/dist-packages/px4_msgs/msg/_vehicle_roi.py\n'}
[16.856313] (px4_msgs) StdoutLine: {'line': b'-- Up-to-date: /home/subhalaxmi/nidar_ws/install/px4_msgs/local/lib/python3.10/dist-packages/px4_msgs/msg/_parameter_reset_request_s.c\n'}
[16.856489] (px4_msgs) StdoutLine: {'line': b'-- Up-to-date: /home/subhalaxmi/nidar_ws/install/px4_msgs/local/lib/python3.10/dist-packages/px4_msgs/msg/_sensor_gps_s.c\n'}
[16.856597] (px4_msgs) StdoutLine: {'line': b'-- Up-to-date: /home/subhalaxmi/nidar_ws/install/px4_msgs/local/lib/python3.10/dist-packages/px4_msgs/msg/_sensors_status.py\n'}
[16.856697] (px4_msgs) StdoutLine: {'line': b'-- Up-to-date: /home/subhalaxmi/nidar_ws/install/px4_msgs/local/lib/python3.10/dist-packages/px4_msgs/msg/_estimator_aid_source3d.py\n'}
[16.856796] (px4_msgs) StdoutLine: {'line': b'-- Up-to-date: /home/subhalaxmi/nidar_ws/install/px4_msgs/local/lib/python3.10/dist-packages/px4_msgs/msg/_vehicle_attitude_setpoint_s.c\n'}
[16.856927] (px4_msgs) StdoutLine: {'line': b'-- Up-to-date: /home/subhalaxmi/nidar_ws/install/px4_msgs/local/lib/python3.10/dist-packages/px4_msgs/msg/_gpio_out.py\n'}
[16.857028] (px4_msgs) StdoutLine: {'line': b'-- Up-to-date: /home/subhalaxmi/nidar_ws/install/px4_msgs/local/lib/python3.10/dist-packages/px4_msgs/msg/_gps_dump.py\n'}
[16.857127] (px4_msgs) StdoutLine: {'line': b'-- Up-to-date: /home/subhalaxmi/nidar_ws/install/px4_msgs/local/lib/python3.10/dist-packages/px4_msgs/msg/_vehicle_thrust_setpoint.py\n'}
[16.857242] (px4_msgs) StdoutLine: {'line': b'-- Up-to-date: /home/subhalaxmi/nidar_ws/install/px4_msgs/local/lib/python3.10/dist-packages/px4_msgs/msg/_takeoff_status.py\n'}
[16.857378] (px4_msgs) StdoutLine: {'line': b'-- Up-to-date: /home/subhalaxmi/nidar_ws/install/px4_msgs/local/lib/python3.10/dist-packages/px4_msgs/msg/_vehicle_rates_setpoint_s.c\n'}
[16.857563] (px4_msgs) StdoutLine: {'line': b'-- Up-to-date: /home/subhalaxmi/nidar_ws/install/px4_msgs/local/lib/python3.10/dist-packages/px4_msgs/msg/_velocity_limits_s.c\n'}
[16.857702] (px4_msgs) StdoutLine: {'line': b'-- Up-to-date: /home/subhalaxmi/nidar_ws/install/px4_msgs/local/lib/python3.10/dist-packages/px4_msgs/msg/_vehicle_command_ack.py\n'}
[16.857880] (px4_msgs) StdoutLine: {'line': b'-- Up-to-date: /home/subhalaxmi/nidar_ws/install/px4_msgs/local/lib/python3.10/dist-packages/px4_msgs/msg/_vehicle_command.py\n'}
[16.857997] (px4_msgs) StdoutLine: {'line': b'-- Up-to-date: /home/subhalaxmi/nidar_ws/install/px4_msgs/local/lib/python3.10/dist-packages/px4_msgs/msg/_logger_status.py\n'}
[16.858123] (px4_msgs) StdoutLine: {'line': b'-- Up-to-date: /home/subhalaxmi/nidar_ws/install/px4_msgs/local/lib/python3.10/dist-packages/px4_msgs/msg/_sensor_correction.py\n'}
[16.858239] (px4_msgs) StdoutLine: {'line': b'-- Up-to-date: /home/subhalaxmi/nidar_ws/install/px4_msgs/local/lib/python3.10/dist-packages/px4_msgs/msg/_airspeed_wind_s.c\n'}
[16.858351] (px4_msgs) StdoutLine: {'line': b'-- Up-to-date: /home/subhalaxmi/nidar_ws/install/px4_msgs/local/lib/python3.10/dist-packages/px4_msgs/msg/_ekf2_timestamps.py\n'}
[16.858475] (px4_msgs) StdoutLine: {'line': b'-- Up-to-date: /home/subhalaxmi/nidar_ws/install/px4_msgs/local/lib/python3.10/dist-packages/px4_msgs/msg/_sensor_temp.py\n'}
[16.858575] (px4_msgs) StdoutLine: {'line': b'-- Up-to-date: /home/subhalaxmi/nidar_ws/install/px4_msgs/local/lib/python3.10/dist-packages/px4_msgs/msg/_sensor_preflight_mag.py\n'}
[16.858675] (px4_msgs) StdoutLine: {'line': b'-- Up-to-date: /home/subhalaxmi/nidar_ws/install/px4_msgs/local/lib/python3.10/dist-packages/px4_msgs/msg/_manual_control_switches.py\n'}
[16.858773] (px4_msgs) StdoutLine: {'line': b'-- Up-to-date: /home/subhalaxmi/nidar_ws/install/px4_msgs/local/lib/python3.10/dist-packages/px4_msgs/msg/_vehicle_command_ack_s.c\n'}
[16.859013] (px4_msgs) StdoutLine: {'line': b'-- Up-to-date: /home/subhalaxmi/nidar_ws/install/px4_msgs/local/lib/python3.10/dist-packages/px4_msgs/msg/_sensors_status_imu.py\n'}
[16.859131] (px4_msgs) StdoutLine: {'line': b'-- Up-to-date: /home/subhalaxmi/nidar_ws/install/px4_msgs/local/lib/python3.10/dist-packages/px4_msgs/msg/_aux_global_position_s.c\n'}
[16.859232] (px4_msgs) StdoutLine: {'line': b'-- Up-to-date: /home/subhalaxmi/nidar_ws/install/px4_msgs/local/lib/python3.10/dist-packages/px4_msgs/msg/_follow_target_status_s.c\n'}
[16.859331] (px4_msgs) StdoutLine: {'line': b'-- Up-to-date: /home/subhalaxmi/nidar_ws/install/px4_msgs/local/lib/python3.10/dist-packages/px4_msgs/msg/_sensor_gyro_s.c\n'}
[16.859460] (px4_msgs) StdoutLine: {'line': b'-- Up-to-date: /home/subhalaxmi/nidar_ws/install/px4_msgs/local/lib/python3.10/dist-packages/px4_msgs/msg/_actuator_controls_status_s.c\n'}
[16.859626] (px4_msgs) StdoutLine: {'line': b'-- Up-to-date: /home/subhalaxmi/nidar_ws/install/px4_msgs/local/lib/python3.10/dist-packages/px4_msgs/msg/_navigator_status.py\n'}
[16.859799] (px4_msgs) StdoutLine: {'line': b'-- Up-to-date: /home/subhalaxmi/nidar_ws/install/px4_msgs/local/lib/python3.10/dist-packages/px4_msgs/msg/_aux_global_position.py\n'}
[16.860022] (px4_msgs) StdoutLine: {'line': b'-- Up-to-date: /home/subhalaxmi/nidar_ws/install/px4_msgs/local/lib/python3.10/dist-packages/px4_msgs/msg/_px4io_status_s.c\n'}
[16.860201] (px4_msgs) StdoutLine: {'line': b'-- Up-to-date: /home/subhalaxmi/nidar_ws/install/px4_msgs/local/lib/python3.10/dist-packages/px4_msgs/msg/_rover_steering_setpoint.py\n'}
[16.860376] (px4_msgs) StdoutLine: {'line': b'-- Up-to-date: /home/subhalaxmi/nidar_ws/install/px4_msgs/local/lib/python3.10/dist-packages/px4_msgs/msg/_mavlink_log_s.c\n'}
[16.860563] (px4_msgs) StdoutLine: {'line': b'-- Up-to-date: /home/subhalaxmi/nidar_ws/install/px4_msgs/local/lib/python3.10/dist-packages/px4_msgs/msg/_launch_detection_status.py\n'}
[16.860743] (px4_msgs) StdoutLine: {'line': b'-- Up-to-date: /home/subhalaxmi/nidar_ws/install/px4_msgs/local/lib/python3.10/dist-packages/px4_msgs/msg/_vehicle_air_data.py\n'}
[16.860900] (px4_msgs) StdoutLine: {'line': b'-- Up-to-date: /home/subhalaxmi/nidar_ws/install/px4_msgs/local/lib/python3.10/dist-packages/px4_msgs/msg/_geofence_result.py\n'}
[16.861012] (px4_msgs) StdoutLine: {'line': b'-- Up-to-date: /home/subhalaxmi/nidar_ws/install/px4_msgs/local/lib/python3.10/dist-packages/px4_msgs/msg/_rc_channels_s.c\n'}
[16.861165] (px4_msgs) StdoutLine: {'line': b'-- Up-to-date: /home/subhalaxmi/nidar_ws/install/px4_msgs/local/lib/python3.10/dist-packages/px4_msgs/msg/_arming_check_reply_s.c\n'}
[16.861316] (px4_msgs) StdoutLine: {'line': b'-- Up-to-date: /home/subhalaxmi/nidar_ws/install/px4_msgs/local/lib/python3.10/dist-packages/px4_msgs/msg/_fixed_wing_runway_control.py\n'}
[16.861458] (px4_msgs) StdoutLine: {'line': b'-- Up-to-date: /home/subhalaxmi/nidar_ws/install/px4_msgs/local/lib/python3.10/dist-packages/px4_msgs/msg/_raptor_status.py\n'}
[16.861591] (px4_msgs) StdoutLine: {'line': b'-- Up-to-date: /home/subhalaxmi/nidar_ws/install/px4_msgs/local/lib/python3.10/dist-packages/px4_msgs/msg/_airspeed_validated_s.c\n'}
[16.861730] (px4_msgs) StdoutLine: {'line': b'-- Up-to-date: /home/subhalaxmi/nidar_ws/install/px4_msgs/local/lib/python3.10/dist-packages/px4_msgs/msg/_sensor_accel_fifo_s.c\n'}
[16.861899] (px4_msgs) StdoutLine: {'line': b'-- Up-to-date: /home/subhalaxmi/nidar_ws/install/px4_msgs/local/lib/python3.10/dist-packages/px4_msgs/msg/_estimator_selector_status.py\n'}
[16.862011] (px4_msgs) StdoutLine: {'line': b'-- Up-to-date: /home/subhalaxmi/nidar_ws/install/px4_msgs/local/lib/python3.10/dist-packages/px4_msgs/msg/_sensor_baro_s.c\n'}
[16.862140] (px4_msgs) StdoutLine: {'line': b'-- Up-to-date: /home/subhalaxmi/nidar_ws/install/px4_msgs/local/lib/python3.10/dist-packages/px4_msgs/msg/_actuator_servos.py\n'}
[16.862280] (px4_msgs) StdoutLine: {'line': b'-- Up-to-date: /home/subhalaxmi/nidar_ws/install/px4_msgs/local/lib/python3.10/dist-packages/px4_msgs/msg/_internal_combustion_engine_control_s.c\n'}
[16.862408] (px4_msgs) StdoutLine: {'line': b'-- Up-to-date: /home/subhalaxmi/nidar_ws/install/px4_msgs/local/lib/python3.10/dist-packages/px4_msgs/msg/_sensor_mag.py\n'}
[16.862510] (px4_msgs) StdoutLine: {'line': b'-- Up-to-date: /home/subhalaxmi/nidar_ws/install/px4_msgs/local/lib/python3.10/dist-packages/px4_msgs/msg/_qshell_retval.py\n'}
[16.862638] (px4_msgs) StdoutLine: {'line': b'-- Up-to-date: /home/subhalaxmi/nidar_ws/install/px4_msgs/local/lib/python3.10/dist-packages/px4_msgs/msg/_vehicle_local_position.py\n'}
[16.862751] (px4_msgs) StdoutLine: {'line': b'-- Up-to-date: /home/subhalaxmi/nidar_ws/install/px4_msgs/local/lib/python3.10/dist-packages/px4_msgs/msg/_vehicle_attitude_setpoint.py\n'}
[16.862885] (px4_msgs) StdoutLine: {'line': b'-- Up-to-date: /home/subhalaxmi/nidar_ws/install/px4_msgs/local/lib/python3.10/dist-packages/px4_msgs/msg/_mount_orientation_s.c\n'}
[16.862994] (px4_msgs) StdoutLine: {'line': b'-- Up-to-date: /home/subhalaxmi/nidar_ws/install/px4_msgs/local/lib/python3.10/dist-packages/px4_msgs/msg/_longitudinal_control_configuration_s.c\n'}
[16.863134] (px4_msgs) StdoutLine: {'line': b'-- Up-to-date: /home/subhalaxmi/nidar_ws/install/px4_msgs/local/lib/python3.10/dist-packages/px4_msgs/msg/_sensor_mag_s.c\n'}
[16.863298] (px4_msgs) StdoutLine: {'line': b'-- Up-to-date: /home/subhalaxmi/nidar_ws/install/px4_msgs/local/lib/python3.10/dist-packages/px4_msgs/msg/_vehicle_land_detected_s.c\n'}
[16.863499] (px4_msgs) StdoutLine: {'line': b'-- Up-to-date: /home/subhalaxmi/nidar_ws/install/px4_msgs/local/lib/python3.10/dist-packages/px4_msgs/msg/_esc_report.py\n'}
[16.863663] (px4_msgs) StdoutLine: {'line': b'-- Up-to-date: /home/subhalaxmi/nidar_ws/install/px4_msgs/local/lib/python3.10/dist-packages/px4_msgs/msg/_mission.py\n'}
[16.863837] (px4_msgs) StdoutLine: {'line': b'-- Up-to-date: /home/subhalaxmi/nidar_ws/install/px4_msgs/local/lib/python3.10/dist-packages/px4_msgs/msg/_dataman_response.py\n'}
[16.864036] (px4_msgs) StdoutLine: {'line': b'-- Up-to-date: /home/subhalaxmi/nidar_ws/install/px4_msgs/local/lib/python3.10/dist-packages/px4_msgs/msg/_open_drone_id_self_id.py\n'}
[16.864210] (px4_msgs) StdoutLine: {'line': b'-- Up-to-date: /home/subhalaxmi/nidar_ws/install/px4_msgs/local/lib/python3.10/dist-packages/px4_msgs/msg/_camera_trigger.py\n'}
[16.864384] (px4_msgs) StdoutLine: {'line': b'-- Up-to-date: /home/subhalaxmi/nidar_ws/install/px4_msgs/local/lib/python3.10/dist-packages/px4_msgs/msg/_vtol_vehicle_status_s.c\n'}
[16.864561] (px4_msgs) StdoutLine: {'line': b'-- Up-to-date: /home/subhalaxmi/nidar_ws/install/px4_msgs/local/lib/python3.10/dist-packages/px4_msgs/msg/_esc_status.py\n'}
[16.864736] (px4_msgs) StdoutLine: {'line': b'-- Up-to-date: /home/subhalaxmi/nidar_ws/install/px4_msgs/local/lib/python3.10/dist-packages/px4_msgs/msg/_system_power.py\n'}
[16.864948] (px4_msgs) StdoutLine: {'line': b'-- Up-to-date: /home/subhalaxmi/nidar_ws/install/px4_msgs/local/lib/python3.10/dist-packages/px4_msgs/msg/_fuel_tank_status.py\n'}
[16.865254] (px4_msgs) StdoutLine: {'line': b'-- Up-to-date: /home/subhalaxmi/nidar_ws/install/px4_msgs/local/lib/python3.10/dist-packages/px4_msgs/msg/_actuator_servos_trim_s.c\n'}
[16.865472] (px4_msgs) StdoutLine: {'line': b'-- Up-to-date: /home/subhalaxmi/nidar_ws/install/px4_msgs/local/lib/python3.10/dist-packages/px4_msgs/msg/_parameter_set_used_request.py\n'}
[16.865678] (px4_msgs) StdoutLine: {'line': b'-- Up-to-date: /home/subhalaxmi/nidar_ws/install/px4_msgs/local/lib/python3.10/dist-packages/px4_msgs/msg/_orb_test_large.py\n'}
[16.865907] (px4_msgs) StdoutLine: {'line': b'-- Up-to-date: /home/subhalaxmi/nidar_ws/install/px4_msgs/local/lib/python3.10/dist-packages/px4_msgs/msg/_parameter_update.py\n'}
[16.866152] (px4_msgs) StdoutLine: {'line': b'-- Up-to-date: /home/subhalaxmi/nidar_ws/install/px4_msgs/local/lib/python3.10/dist-packages/px4_msgs/msg/_actuator_servos_s.c\n'}
[16.866310] (px4_msgs) StdoutLine: {'line': b'-- Up-to-date: /home/subhalaxmi/nidar_ws/install/px4_msgs/local/lib/python3.10/dist-packages/px4_msgs/msg/_vehicle_optical_flow.py\n'}
[16.866418] (px4_msgs) StdoutLine: {'line': b'-- Up-to-date: /home/subhalaxmi/nidar_ws/install/px4_msgs/local/lib/python3.10/dist-packages/px4_msgs/msg/_battery_info.py\n'}
[16.866521] (px4_msgs) StdoutLine: {'line': b'-- Up-to-date: /home/subhalaxmi/nidar_ws/install/px4_msgs/local/lib/python3.10/dist-packages/px4_msgs/msg/_vehicle_imu_s.c\n'}
[16.866646] (px4_msgs) StdoutLine: {'line': b'-- Up-to-date: /home/subhalaxmi/nidar_ws/install/px4_msgs/local/lib/python3.10/dist-packages/px4_msgs/msg/_heater_status.py\n'}
[16.866771] (px4_msgs) StdoutLine: {'line': b'-- Up-to-date: /home/subhalaxmi/nidar_ws/install/px4_msgs/local/lib/python3.10/dist-packages/px4_msgs/msg/_config_overrides_s.c\n'}
[16.866996] (px4_msgs) StdoutLine: {'line': b'-- Up-to-date: /home/subhalaxmi/nidar_ws/install/px4_msgs/local/lib/python3.10/dist-packages/px4_msgs/msg/_vehicle_global_position.py\n'}
[16.867116] (px4_msgs) StdoutLine: {'line': b'-- Up-to-date: /home/subhalaxmi/nidar_ws/install/px4_msgs/local/lib/python3.10/dist-packages/px4_msgs/msg/_actuator_armed.py\n'}
[16.867219] (px4_msgs) StdoutLine: {'line': b'-- Up-to-date: /home/subhalaxmi/nidar_ws/install/px4_msgs/local/lib/python3.10/dist-packages/px4_msgs/msg/_ulog_stream_ack.py\n'}
[16.867319] (px4_msgs) StdoutLine: {'line': b'-- Up-to-date: /home/subhalaxmi/nidar_ws/install/px4_msgs/local/lib/python3.10/dist-packages/px4_msgs/msg/_message_format_request_s.c\n'}
[16.867440] (px4_msgs) StdoutLine: {'line': b'-- Up-to-date: /home/subhalaxmi/nidar_ws/install/px4_msgs/local/lib/python3.10/dist-packages/px4_msgs/msg/_sensor_airflow.py\n'}
[16.867598] (px4_msgs) StdoutLine: {'line': b'-- Up-to-date: /home/subhalaxmi/nidar_ws/install/px4_msgs/local/lib/python3.10/dist-packages/px4_msgs/msg/_wheel_encoders_s.c\n'}
[16.867773] (px4_msgs) StdoutLine: {'line': b'-- Up-to-date: /home/subhalaxmi/nidar_ws/install/px4_msgs/local/lib/python3.10/dist-packages/px4_msgs/msg/_tune_control_s.c\n'}
[16.868005] (px4_msgs) StdoutLine: {'line': b'-- Up-to-date: /home/subhalaxmi/nidar_ws/install/px4_msgs/local/lib/python3.10/dist-packages/px4_msgs/msg/_battery_status_s.c\n'}
[16.868196] (px4_msgs) StdoutLine: {'line': b'-- Up-to-date: /home/subhalaxmi/nidar_ws/install/px4_msgs/local/lib/python3.10/dist-packages/px4_msgs/msg/_estimator_gps_status.py\n'}
[16.868370] (px4_msgs) StdoutLine: {'line': b'-- Up-to-date: /home/subhalaxmi/nidar_ws/install/px4_msgs/local/lib/python3.10/dist-packages/px4_msgs/msg/_hover_thrust_estimate.py\n'}
[16.868919] (px4_msgs) StdoutLine: {'line': b'-- Up-to-date: /home/subhalaxmi/nidar_ws/install/px4_msgs/local/lib/python3.10/dist-packages/px4_msgs/msg/_dataman_request_s.c\n'}
[16.869331] (px4_msgs) StdoutLine: {'line': b'-- Up-to-date: /home/subhalaxmi/nidar_ws/install/px4_msgs/local/lib/python3.10/dist-packages/px4_msgs/msg/_failsafe_flags_s.c\n'}
[16.869477] (px4_msgs) StdoutLine: {'line': b'-- Up-to-date: /home/subhalaxmi/nidar_ws/install/px4_msgs/local/lib/python3.10/dist-packages/px4_msgs/msg/_vehicle_angular_velocity_s.c\n'}
[16.869639] (px4_msgs) StdoutLine: {'line': b'-- Up-to-date: /home/subhalaxmi/nidar_ws/install/px4_msgs/local/lib/python3.10/dist-packages/px4_msgs/msg/_heater_status_s.c\n'}
[16.869769] (px4_msgs) StdoutLine: {'line': b'-- Up-to-date: /home/subhalaxmi/nidar_ws/install/px4_msgs/local/lib/python3.10/dist-packages/px4_msgs/msg/_actuator_test_s.c\n'}
[16.869988] (px4_msgs) StdoutLine: {'line': b'-- Up-to-date: /home/subhalaxmi/nidar_ws/install/px4_msgs/local/lib/python3.10/dist-packages/px4_msgs/msg/_arming_check_request_s.c\n'}
[16.870228] (px4_msgs) StdoutLine: {'line': b'-- Up-to-date: /home/subhalaxmi/nidar_ws/install/px4_msgs/local/lib/python3.10/dist-packages/px4_msgs/msg/_landing_gear_wheel.py\n'}
[16.870375] (px4_msgs) StdoutLine: {'line': b'-- Up-to-date: /home/subhalaxmi/nidar_ws/install/px4_msgs/local/lib/python3.10/dist-packages/px4_msgs/msg/_neural_control.py\n'}
[16.870484] (px4_msgs) StdoutLine: {'line': b'-- Up-to-date: /home/subhalaxmi/nidar_ws/install/px4_msgs/local/lib/python3.10/dist-packages/px4_msgs/msg/_sensor_baro.py\n'}
[16.870588] (px4_msgs) StdoutLine: {'line': b'-- Up-to-date: /home/subhalaxmi/nidar_ws/install/px4_msgs/local/lib/python3.10/dist-packages/px4_msgs/msg/_parameter_set_value_response.py\n'}
[16.870698] (px4_msgs) StdoutLine: {'line': b'-- Up-to-date: /home/subhalaxmi/nidar_ws/install/px4_msgs/local/lib/python3.10/dist-packages/px4_msgs/msg/_gain_compression_s.c\n'}
[16.870864] (px4_msgs) StdoutLine: {'line': b'-- Up-to-date: /home/subhalaxmi/nidar_ws/install/px4_msgs/local/lib/python3.10/dist-packages/px4_msgs/msg/_raptor_input_s.c\n'}
[16.871156] (px4_msgs) StdoutLine: {'line': b'-- Up-to-date: /home/subhalaxmi/nidar_ws/install/px4_msgs/local/lib/python3.10/dist-packages/px4_msgs/msg/_vehicle_local_position_setpoint_s.c\n'}
[16.871501] (px4_msgs) StdoutLine: {'line': b'-- Up-to-date: /home/subhalaxmi/nidar_ws/install/px4_msgs/local/lib/python3.10/dist-packages/px4_msgs/msg/_debug_vect.py\n'}
[16.872053] (px4_msgs) StdoutLine: {'line': b'-- Up-to-date: /home/subhalaxmi/nidar_ws/install/px4_msgs/local/lib/python3.10/dist-packages/px4_msgs/msg/_gpio_in_s.c\n'}
[16.872549] (px4_msgs) StdoutLine: {'line': b'-- Up-to-date: /home/subhalaxmi/nidar_ws/install/px4_msgs/local/lib/python3.10/dist-packages/px4_msgs/msg/_sensor_accel.py\n'}
[16.872837] (px4_msgs) StdoutLine: {'line': b'-- Up-to-date: /home/subhalaxmi/nidar_ws/install/px4_msgs/local/lib/python3.10/dist-packages/px4_msgs/msg/_register_ext_component_request.py\n'}
[16.873297] (px4_msgs) StdoutLine: {'line': b'-- Up-to-date: /home/subhalaxmi/nidar_ws/install/px4_msgs/local/lib/python3.10/dist-packages/px4_msgs/msg/_differential_pressure_s.c\n'}
[16.873616] (px4_msgs) StdoutLine: {'line': b'-- Up-to-date: /home/subhalaxmi/nidar_ws/install/px4_msgs/local/lib/python3.10/dist-packages/px4_msgs/msg/_rate_ctrl_status_s.c\n'}
[16.875658] (px4_msgs) StdoutLine: {'line': b'-- Up-to-date: /home/subhalaxmi/nidar_ws/install/px4_msgs/local/lib/python3.10/dist-packages/px4_msgs/msg/_logger_status_s.c\n'}
[16.876682] (px4_msgs) StdoutLine: {'line': b'-- Up-to-date: /home/subhalaxmi/nidar_ws/install/px4_msgs/local/lib/python3.10/dist-packages/px4_msgs/msg/_gpio_in.py\n'}
[16.877686] (px4_msgs) StdoutLine: {'line': b'-- Up-to-date: /home/subhalaxmi/nidar_ws/install/px4_msgs/local/lib/python3.10/dist-packages/px4_msgs/msg/_log_message.py\n'}
[16.878334] (px4_msgs) StdoutLine: {'line': b'-- Up-to-date: /home/subhalaxmi/nidar_ws/install/px4_msgs/local/lib/python3.10/dist-packages/px4_msgs/msg/_mode_completed.py\n'}
[16.878610] (px4_msgs) StdoutLine: {'line': b'-- Up-to-date: /home/subhalaxmi/nidar_ws/install/px4_msgs/local/lib/python3.10/dist-packages/px4_msgs/msg/_rover_attitude_status.py\n'}
[16.878857] (px4_msgs) StdoutLine: {'line': b'-- Up-to-date: /home/subhalaxmi/nidar_ws/install/px4_msgs/local/lib/python3.10/dist-packages/px4_msgs/msg/_fixed_wing_lateral_status_s.c\n'}
[16.879150] (px4_msgs) StdoutLine: {'line': b'-- Up-to-date: /home/subhalaxmi/nidar_ws/install/px4_msgs/local/lib/python3.10/dist-packages/px4_msgs/msg/_internal_combustion_engine_status_s.c\n'}
[16.879368] (px4_msgs) StdoutLine: {'line': b'-- Up-to-date: /home/subhalaxmi/nidar_ws/install/px4_msgs/local/lib/python3.10/dist-packages/px4_msgs/msg/_rover_speed_setpoint.py\n'}
[16.879572] (px4_msgs) StdoutLine: {'line': b'-- Up-to-date: /home/subhalaxmi/nidar_ws/install/px4_msgs/local/lib/python3.10/dist-packages/px4_msgs/msg/_vehicle_imu.py\n'}
[16.879846] (px4_msgs) StdoutLine: {'line': b'-- Up-to-date: /home/subhalaxmi/nidar_ws/install/px4_msgs/local/lib/python3.10/dist-packages/px4_msgs/msg/_sensor_selection_s.c\n'}
[16.880161] (px4_msgs) StdoutLine: {'line': b'-- Up-to-date: /home/subhalaxmi/nidar_ws/install/px4_msgs/local/lib/python3.10/dist-packages/px4_msgs/msg/_rtl_status_s.c\n'}
[16.880464] (px4_msgs) StdoutLine: {'line': b'-- Up-to-date: /home/subhalaxmi/nidar_ws/install/px4_msgs/local/lib/python3.10/dist-packages/px4_msgs/px4_msgs_s__rosidl_typesupport_c.cpython-310-x86_64-linux-gnu.so\n'}
[16.880704] (px4_msgs) StdoutLine: {'line': b'-- Up-to-date: /home/subhalaxmi/nidar_ws/install/px4_msgs/local/lib/python3.10/dist-packages/px4_msgs/px4_msgs_s__rosidl_typesupport_fastrtps_c.cpython-310-x86_64-linux-gnu.so\n'}
[16.881044] (px4_msgs) StdoutLine: {'line': b'-- Up-to-date: /home/subhalaxmi/nidar_ws/install/px4_msgs/local/lib/python3.10/dist-packages/px4_msgs/srv\n'}
[16.881288] (px4_msgs) StdoutLine: {'line': b'-- Up-to-date: /home/subhalaxmi/nidar_ws/install/px4_msgs/local/lib/python3.10/dist-packages/px4_msgs/srv/__init__.py\n'}
[16.881521] (px4_msgs) StdoutLine: {'line': b'-- Up-to-date: /home/subhalaxmi/nidar_ws/install/px4_msgs/local/lib/python3.10/dist-packages/px4_msgs/srv/_vehicle_command_s.c\n'}
[16.882013] (px4_msgs) StdoutLine: {'line': b'-- Up-to-date: /home/subhalaxmi/nidar_ws/install/px4_msgs/local/lib/python3.10/dist-packages/px4_msgs/srv/_vehicle_command.py\n'}
[16.882494] (px4_msgs) StdoutLine: {'line': b'-- Up-to-date: /home/subhalaxmi/nidar_ws/install/px4_msgs/local/lib/python3.10/dist-packages/px4_msgs/_px4_msgs_s.ep.rosidl_typesupport_fastrtps_c.c\n'}
[16.883111] (px4_msgs) StdoutLine: {'line': b'-- Up-to-date: /home/subhalaxmi/nidar_ws/install/px4_msgs/local/lib/python3.10/dist-packages/px4_msgs/_px4_msgs_s.ep.rosidl_typesupport_c.c\n'}
[16.883562] (px4_msgs) StdoutLine: {'line': b'-- Up-to-date: /home/subhalaxmi/nidar_ws/install/px4_msgs/local/lib/python3.10/dist-packages/px4_msgs/_px4_msgs_s.ep.rosidl_typesupport_introspection_c.c\n'}
[16.885653] (px4_msgs) StdoutLine: {'line': b"Listing '/home/subhalaxmi/nidar_ws/install/px4_msgs/local/lib/python3.10/dist-packages/px4_msgs'...\n"}
[16.885974] (px4_msgs) StdoutLine: {'line': b"Listing '/home/subhalaxmi/nidar_ws/install/px4_msgs/local/lib/python3.10/dist-packages/px4_msgs/msg'...\n"}
[16.886212] (px4_msgs) StdoutLine: {'line': b"Listing '/home/subhalaxmi/nidar_ws/install/px4_msgs/local/lib/python3.10/dist-packages/px4_msgs/srv'...\n"}
[16.886417] (px4_msgs) StdoutLine: {'line': b'-- Up-to-date: /home/subhalaxmi/nidar_ws/install/px4_msgs/local/lib/python3.10/dist-packages/px4_msgs/px4_msgs_s__rosidl_typesupport_fastrtps_c.cpython-310-x86_64-linux-gnu.so\n'}
[16.886616] (px4_msgs) StdoutLine: {'line': b'-- Up-to-date: /home/subhalaxmi/nidar_ws/install/px4_msgs/local/lib/python3.10/dist-packages/px4_msgs/px4_msgs_s__rosidl_typesupport_introspection_c.cpython-310-x86_64-linux-gnu.so\n'}
[16.886824] (px4_msgs) StdoutLine: {'line': b'-- Up-to-date: /home/subhalaxmi/nidar_ws/install/px4_msgs/local/lib/python3.10/dist-packages/px4_msgs/px4_msgs_s__rosidl_typesupport_c.cpython-310-x86_64-linux-gnu.so\n'}
[16.887062] (px4_msgs) StdoutLine: {'line': b'-- Up-to-date: /home/subhalaxmi/nidar_ws/install/px4_msgs/lib/libpx4_msgs__rosidl_generator_py.so\n'}
[16.887265] (px4_msgs) StdoutLine: {'line': b'-- Up-to-date: /home/subhalaxmi/nidar_ws/install/px4_msgs/share/px4_msgs/msg/ActionRequest.idl\n'}
[16.887462] (px4_msgs) StdoutLine: {'line': b'-- Up-to-date: /home/subhalaxmi/nidar_ws/install/px4_msgs/share/px4_msgs/msg/ActuatorArmed.idl\n'}
[16.887664] (px4_msgs) StdoutLine: {'line': b'-- Up-to-date: /home/subhalaxmi/nidar_ws/install/px4_msgs/share/px4_msgs/msg/ActuatorControlsStatus.idl\n'}
[16.887962] (px4_msgs) StdoutLine: {'line': b'-- Up-to-date: /home/subhalaxmi/nidar_ws/install/px4_msgs/share/px4_msgs/msg/ActuatorMotors.idl\n'}
[16.888559] (px4_msgs) StdoutLine: {'line': b'-- Up-to-date: /home/subhalaxmi/nidar_ws/install/px4_msgs/share/px4_msgs/msg/ActuatorOutputs.idl\n'}
[16.888849] (px4_msgs) StdoutLine: {'line': b'-- Up-to-date: /home/subhalaxmi/nidar_ws/install/px4_msgs/share/px4_msgs/msg/ActuatorServos.idl\n'}
[16.889085] (px4_msgs) StdoutLine: {'line': b'-- Up-to-date: /home/subhalaxmi/nidar_ws/install/px4_msgs/share/px4_msgs/msg/ActuatorServosTrim.idl\n'}
[16.889287] (px4_msgs) StdoutLine: {'line': b'-- Up-to-date: /home/subhalaxmi/nidar_ws/install/px4_msgs/share/px4_msgs/msg/ActuatorTest.idl\n'}
[16.889478] (px4_msgs) StdoutLine: {'line': b'-- Up-to-date: /home/subhalaxmi/nidar_ws/install/px4_msgs/share/px4_msgs/msg/AdcReport.idl\n'}
[16.889664] (px4_msgs) StdoutLine: {'line': b'-- Up-to-date: /home/subhalaxmi/nidar_ws/install/px4_msgs/share/px4_msgs/msg/Airspeed.idl\n'}
[16.889878] (px4_msgs) StdoutLine: {'line': b'-- Up-to-date: /home/subhalaxmi/nidar_ws/install/px4_msgs/share/px4_msgs/msg/AirspeedValidated.idl\n'}
[16.890091] (px4_msgs) StdoutLine: {'line': b'-- Up-to-date: /home/subhalaxmi/nidar_ws/install/px4_msgs/share/px4_msgs/msg/AirspeedWind.idl\n'}
[16.890290] (px4_msgs) StdoutLine: {'line': b'-- Up-to-date: /home/subhalaxmi/nidar_ws/install/px4_msgs/share/px4_msgs/msg/ArmingCheckReply.idl\n'}
[16.890496] (px4_msgs) StdoutLine: {'line': b'-- Up-to-date: /home/subhalaxmi/nidar_ws/install/px4_msgs/share/px4_msgs/msg/ArmingCheckRequest.idl\n'}
[16.890697] (px4_msgs) StdoutLine: {'line': b'-- Up-to-date: /home/subhalaxmi/nidar_ws/install/px4_msgs/share/px4_msgs/msg/AutotuneAttitudeControlStatus.idl\n'}
[16.891975] (px4_msgs) StdoutLine: {'line': b'-- Up-to-date: /home/subhalaxmi/nidar_ws/install/px4_msgs/share/px4_msgs/msg/AuxGlobalPosition.idl\n'}
[16.893677] (px4_msgs) StdoutLine: {'line': b'-- Up-to-date: /home/subhalaxmi/nidar_ws/install/px4_msgs/share/px4_msgs/msg/BatteryInfo.idl\n'}
[16.893946] (px4_msgs) StdoutLine: {'line': b'-- Up-to-date: /home/subhalaxmi/nidar_ws/install/px4_msgs/share/px4_msgs/msg/BatteryStatus.idl\n'}
[16.894154] (px4_msgs) StdoutLine: {'line': b'-- Up-to-date: /home/subhalaxmi/nidar_ws/install/px4_msgs/share/px4_msgs/msg/ButtonEvent.idl\n'}
[16.894348] (px4_msgs) StdoutLine: {'line': b'-- Up-to-date: /home/subhalaxmi/nidar_ws/install/px4_msgs/share/px4_msgs/msg/CameraCapture.idl\n'}
[16.894564] (px4_msgs) StdoutLine: {'line': b'-- Up-to-date: /home/subhalaxmi/nidar_ws/install/px4_msgs/share/px4_msgs/msg/CameraStatus.idl\n'}
[16.894792] (px4_msgs) StdoutLine: {'line': b'-- Up-to-date: /home/subhalaxmi/nidar_ws/install/px4_msgs/share/px4_msgs/msg/CameraTrigger.idl\n'}
[16.895115] (px4_msgs) StdoutLine: {'line': b'-- Up-to-date: /home/subhalaxmi/nidar_ws/install/px4_msgs/share/px4_msgs/msg/CanInterfaceStatus.idl\n'}
[16.895355] (px4_msgs) StdoutLine: {'line': b'-- Up-to-date: /home/subhalaxmi/nidar_ws/install/px4_msgs/share/px4_msgs/msg/CellularStatus.idl\n'}
[16.895577] (px4_msgs) StdoutLine: {'line': b'-- Up-to-date: /home/subhalaxmi/nidar_ws/install/px4_msgs/share/px4_msgs/msg/CollisionConstraints.idl\n'}
[16.895796] (px4_msgs) StdoutLine: {'line': b'-- Up-to-date: /home/subhalaxmi/nidar_ws/install/px4_msgs/share/px4_msgs/msg/ConfigOverrides.idl\n'}
[16.896793] (px4_msgs) StdoutLine: {'line': b'-- Up-to-date: /home/subhalaxmi/nidar_ws/install/px4_msgs/share/px4_msgs/msg/ControlAllocatorStatus.idl\n'}
[16.897128] (px4_msgs) StdoutLine: {'line': b'-- Up-to-date: /home/subhalaxmi/nidar_ws/install/px4_msgs/share/px4_msgs/msg/Cpuload.idl\n'}
[16.897435] (px4_msgs) StdoutLine: {'line': b'-- Up-to-date: /home/subhalaxmi/nidar_ws/install/px4_msgs/share/px4_msgs/msg/DatamanRequest.idl\n'}
[16.897756] (px4_msgs) StdoutLine: {'line': b'-- Up-to-date: /home/subhalaxmi/nidar_ws/install/px4_msgs/share/px4_msgs/msg/DatamanResponse.idl\n'}
[16.898119] (px4_msgs) StdoutLine: {'line': b'-- Up-to-date: /home/subhalaxmi/nidar_ws/install/px4_msgs/share/px4_msgs/msg/DebugArray.idl\n'}
[16.898394] (px4_msgs) StdoutLine: {'line': b'-- Up-to-date: /home/subhalaxmi/nidar_ws/install/px4_msgs/share/px4_msgs/msg/DebugKeyValue.idl\n'}
[16.898703] (px4_msgs) StdoutLine: {'line': b'-- Up-to-date: /home/subhalaxmi/nidar_ws/install/px4_msgs/share/px4_msgs/msg/DebugValue.idl\n'}
[16.902714] (px4_msgs) StdoutLine: {'line': b'-- Up-to-date: /home/subhalaxmi/nidar_ws/install/px4_msgs/share/px4_msgs/msg/DebugVect.idl\n'}
[16.903597] (px4_msgs) StdoutLine: {'line': b'-- Up-to-date: /home/subhalaxmi/nidar_ws/install/px4_msgs/share/px4_msgs/msg/DeviceInformation.idl\n'}
[16.904005] (px4_msgs) StdoutLine: {'line': b'-- Up-to-date: /home/subhalaxmi/nidar_ws/install/px4_msgs/share/px4_msgs/msg/DifferentialPressure.idl\n'}
[16.904281] (px4_msgs) StdoutLine: {'line': b'-- Up-to-date: /home/subhalaxmi/nidar_ws/install/px4_msgs/share/px4_msgs/msg/DistanceSensor.idl\n'}
[16.904602] (px4_msgs) StdoutLine: {'line': b'-- Up-to-date: /home/subhalaxmi/nidar_ws/install/px4_msgs/share/px4_msgs/msg/DistanceSensorModeChangeRequest.idl\n'}
[16.904900] (px4_msgs) StdoutLine: {'line': b'-- Up-to-date: /home/subhalaxmi/nidar_ws/install/px4_msgs/share/px4_msgs/msg/DronecanNodeStatus.idl\n'}
[16.905147] (px4_msgs) StdoutLine: {'line': b'-- Up-to-date: /home/subhalaxmi/nidar_ws/install/px4_msgs/share/px4_msgs/msg/Ekf2Timestamps.idl\n'}
[16.905371] (px4_msgs) StdoutLine: {'line': b'-- Up-to-date: /home/subhalaxmi/nidar_ws/install/px4_msgs/share/px4_msgs/msg/EscReport.idl\n'}
[16.905586] (px4_msgs) StdoutLine: {'line': b'-- Up-to-date: /home/subhalaxmi/nidar_ws/install/px4_msgs/share/px4_msgs/msg/EscStatus.idl\n'}
[16.905793] (px4_msgs) StdoutLine: {'line': b'-- Up-to-date: /home/subhalaxmi/nidar_ws/install/px4_msgs/share/px4_msgs/msg/EstimatorAidSource1d.idl\n'}
[16.906040] (px4_msgs) StdoutLine: {'line': b'-- Up-to-date: /home/subhalaxmi/nidar_ws/install/px4_msgs/share/px4_msgs/msg/EstimatorAidSource2d.idl\n'}
[16.906247] (px4_msgs) StdoutLine: {'line': b'-- Up-to-date: /home/subhalaxmi/nidar_ws/install/px4_msgs/share/px4_msgs/msg/EstimatorAidSource3d.idl\n'}
[16.906470] (px4_msgs) StdoutLine: {'line': b'-- Up-to-date: /home/subhalaxmi/nidar_ws/install/px4_msgs/share/px4_msgs/msg/EstimatorBias.idl\n'}
[16.906845] (px4_msgs) StdoutLine: {'line': b'-- Up-to-date: /home/subhalaxmi/nidar_ws/install/px4_msgs/share/px4_msgs/msg/EstimatorBias3d.idl\n'}
[16.907254] (px4_msgs) StdoutLine: {'line': b'-- Up-to-date: /home/subhalaxmi/nidar_ws/install/px4_msgs/share/px4_msgs/msg/EstimatorEventFlags.idl\n'}
[16.907722] (px4_msgs) StdoutLine: {'line': b'-- Up-to-date: /home/subhalaxmi/nidar_ws/install/px4_msgs/share/px4_msgs/msg/EstimatorGpsStatus.idl\n'}
[16.908739] (px4_msgs) StdoutLine: {'line': b'-- Up-to-date: /home/subhalaxmi/nidar_ws/install/px4_msgs/share/px4_msgs/msg/EstimatorInnovations.idl\n'}
[16.909352] (px4_msgs) StdoutLine: {'line': b'-- Up-to-date: /home/subhalaxmi/nidar_ws/install/px4_msgs/share/px4_msgs/msg/EstimatorSelectorStatus.idl\n'}
[16.911137] (px4_msgs) StdoutLine: {'line': b'-- Up-to-date: /home/subhalaxmi/nidar_ws/install/px4_msgs/share/px4_msgs/msg/EstimatorSensorBias.idl\n'}
[16.911484] (px4_msgs) StdoutLine: {'line': b'-- Up-to-date: /home/subhalaxmi/nidar_ws/install/px4_msgs/share/px4_msgs/msg/EstimatorStates.idl\n'}
[16.911820] (px4_msgs) StdoutLine: {'line': b'-- Up-to-date: /home/subhalaxmi/nidar_ws/install/px4_msgs/share/px4_msgs/msg/EstimatorStatus.idl\n'}
[16.912091] (px4_msgs) StdoutLine: {'line': b'-- Up-to-date: /home/subhalaxmi/nidar_ws/install/px4_msgs/share/px4_msgs/msg/EstimatorStatusFlags.idl\n'}
[16.912309] (px4_msgs) StdoutLine: {'line': b'-- Up-to-date: /home/subhalaxmi/nidar_ws/install/px4_msgs/share/px4_msgs/msg/Event.idl\n'}
[16.912514] (px4_msgs) StdoutLine: {'line': b'-- Up-to-date: /home/subhalaxmi/nidar_ws/install/px4_msgs/share/px4_msgs/msg/FailsafeFlags.idl\n'}
[16.912752] (px4_msgs) StdoutLine: {'line': b'-- Up-to-date: /home/subhalaxmi/nidar_ws/install/px4_msgs/share/px4_msgs/msg/FailureDetectorStatus.idl\n'}
[16.912994] (px4_msgs) StdoutLine: {'line': b'-- Up-to-date: /home/subhalaxmi/nidar_ws/install/px4_msgs/share/px4_msgs/msg/FigureEightStatus.idl\n'}
[16.913201] (px4_msgs) StdoutLine: {'line': b'-- Up-to-date: /home/subhalaxmi/nidar_ws/install/px4_msgs/share/px4_msgs/msg/FixedWingLateralGuidanceStatus.idl\n'}
[16.913404] (px4_msgs) StdoutLine: {'line': b'-- Up-to-date: /home/subhalaxmi/nidar_ws/install/px4_msgs/share/px4_msgs/msg/FixedWingLateralSetpoint.idl\n'}
[16.913736] (px4_msgs) StdoutLine: {'line': b'-- Up-to-date: /home/subhalaxmi/nidar_ws/install/px4_msgs/share/px4_msgs/msg/FixedWingLateralStatus.idl\n'}
[16.913981] (px4_msgs) StdoutLine: {'line': b'-- Up-to-date: /home/subhalaxmi/nidar_ws/install/px4_msgs/share/px4_msgs/msg/FixedWingLongitudinalSetpoint.idl\n'}
[16.914183] (px4_msgs) StdoutLine: {'line': b'-- Up-to-date: /home/subhalaxmi/nidar_ws/install/px4_msgs/share/px4_msgs/msg/FixedWingRunwayControl.idl\n'}
[16.914378] (px4_msgs) StdoutLine: {'line': b'-- Up-to-date: /home/subhalaxmi/nidar_ws/install/px4_msgs/share/px4_msgs/msg/FlightPhaseEstimation.idl\n'}
[16.914567] (px4_msgs) StdoutLine: {'line': b'-- Up-to-date: /home/subhalaxmi/nidar_ws/install/px4_msgs/share/px4_msgs/msg/FollowTarget.idl\n'}
[16.914788] (px4_msgs) StdoutLine: {'line': b'-- Up-to-date: /home/subhalaxmi/nidar_ws/install/px4_msgs/share/px4_msgs/msg/FollowTargetEstimator.idl\n'}
[16.915028] (px4_msgs) StdoutLine: {'line': b'-- Up-to-date: /home/subhalaxmi/nidar_ws/install/px4_msgs/share/px4_msgs/msg/FollowTargetStatus.idl\n'}
[16.916791] (px4_msgs) StdoutLine: {'line': b'-- Up-to-date: /home/subhalaxmi/nidar_ws/install/px4_msgs/share/px4_msgs/msg/FuelTankStatus.idl\n'}
[16.917143] (px4_msgs) StdoutLine: {'line': b'-- Up-to-date: /home/subhalaxmi/nidar_ws/install/px4_msgs/share/px4_msgs/msg/GainCompression.idl\n'}
[16.917376] (px4_msgs) StdoutLine: {'line': b'-- Up-to-date: /home/subhalaxmi/nidar_ws/install/px4_msgs/share/px4_msgs/msg/GeneratorStatus.idl\n'}
[16.917618] (px4_msgs) StdoutLine: {'line': b'-- Up-to-date: /home/subhalaxmi/nidar_ws/install/px4_msgs/share/px4_msgs/msg/GeofenceResult.idl\n'}
[16.917877] (px4_msgs) StdoutLine: {'line': b'-- Up-to-date: /home/subhalaxmi/nidar_ws/install/px4_msgs/share/px4_msgs/msg/GeofenceStatus.idl\n'}
[16.919085] (px4_msgs) StdoutLine: {'line': b'-- Up-to-date: /home/subhalaxmi/nidar_ws/install/px4_msgs/share/px4_msgs/msg/GimbalControls.idl\n'}
[16.919312] (px4_msgs) StdoutLine: {'line': b'-- Up-to-date: /home/subhalaxmi/nidar_ws/install/px4_msgs/share/px4_msgs/msg/GimbalDeviceAttitudeStatus.idl\n'}
[16.919511] (px4_msgs) StdoutLine: {'line': b'-- Up-to-date: /home/subhalaxmi/nidar_ws/install/px4_msgs/share/px4_msgs/msg/GimbalDeviceInformation.idl\n'}
[16.919727] (px4_msgs) StdoutLine: {'line': b'-- Up-to-date: /home/subhalaxmi/nidar_ws/install/px4_msgs/share/px4_msgs/msg/GimbalDeviceSetAttitude.idl\n'}
[16.921278] (px4_msgs) StdoutLine: {'line': b'-- Up-to-date: /home/subhalaxmi/nidar_ws/install/px4_msgs/share/px4_msgs/msg/GimbalManagerInformation.idl\n'}
[16.921836] (px4_msgs) StdoutLine: {'line': b'-- Up-to-date: /home/subhalaxmi/nidar_ws/install/px4_msgs/share/px4_msgs/msg/GimbalManagerSetAttitude.idl\n'}
[16.922649] (px4_msgs) StdoutLine: {'line': b'-- Up-to-date: /home/subhalaxmi/nidar_ws/install/px4_msgs/share/px4_msgs/msg/GimbalManagerSetManualControl.idl\n'}
[16.923529] (px4_msgs) StdoutLine: {'line': b'-- Up-to-date: /home/subhalaxmi/nidar_ws/install/px4_msgs/share/px4_msgs/msg/GimbalManagerStatus.idl\n'}
[16.924198] (px4_msgs) StdoutLine: {'line': b'-- Up-to-date: /home/subhalaxmi/nidar_ws/install/px4_msgs/share/px4_msgs/msg/GotoSetpoint.idl\n'}
[16.924605] (px4_msgs) StdoutLine: {'line': b'-- Up-to-date: /home/subhalaxmi/nidar_ws/install/px4_msgs/share/px4_msgs/msg/GpioConfig.idl\n'}
[16.924953] (px4_msgs) StdoutLine: {'line': b'-- Up-to-date: /home/subhalaxmi/nidar_ws/install/px4_msgs/share/px4_msgs/msg/GpioIn.idl\n'}
[16.925278] (px4_msgs) StdoutLine: {'line': b'-- Up-to-date: /home/subhalaxmi/nidar_ws/install/px4_msgs/share/px4_msgs/msg/GpioOut.idl\n'}
[16.925572] (px4_msgs) StdoutLine: {'line': b'-- Up-to-date: /home/subhalaxmi/nidar_ws/install/px4_msgs/share/px4_msgs/msg/GpioRequest.idl\n'}
[16.927375] (px4_msgs) StdoutLine: {'line': b'-- Up-to-date: /home/subhalaxmi/nidar_ws/install/px4_msgs/share/px4_msgs/msg/GpsDump.idl\n'}
[16.927998] (px4_msgs) StdoutLine: {'line': b'-- Up-to-date: /home/subhalaxmi/nidar_ws/install/px4_msgs/share/px4_msgs/msg/GpsInjectData.idl\n'}
[16.928566] (px4_msgs) StdoutLine: {'line': b'-- Up-to-date: /home/subhalaxmi/nidar_ws/install/px4_msgs/share/px4_msgs/msg/Gripper.idl\n'}
[16.929248] (px4_msgs) StdoutLine: {'line': b'-- Up-to-date: /home/subhalaxmi/nidar_ws/install/px4_msgs/share/px4_msgs/msg/HealthReport.idl\n'}
[16.929876] (px4_msgs) StdoutLine: {'line': b'-- Up-to-date: /home/subhalaxmi/nidar_ws/install/px4_msgs/share/px4_msgs/msg/HeaterStatus.idl\n'}
[16.930687] (px4_msgs) StdoutLine: {'line': b'-- Up-to-date: /home/subhalaxmi/nidar_ws/install/px4_msgs/share/px4_msgs/msg/HomePosition.idl\n'}
[16.930956] (px4_msgs) StdoutLine: {'line': b'-- Up-to-date: /home/subhalaxmi/nidar_ws/install/px4_msgs/share/px4_msgs/msg/HoverThrustEstimate.idl\n'}
[16.931182] (px4_msgs) StdoutLine: {'line': b'-- Up-to-date: /home/subhalaxmi/nidar_ws/install/px4_msgs/share/px4_msgs/msg/InputRc.idl\n'}
[16.931387] (px4_msgs) StdoutLine: {'line': b'-- Up-to-date: /home/subhalaxmi/nidar_ws/install/px4_msgs/share/px4_msgs/msg/InternalCombustionEngineControl.idl\n'}
[16.931649] (px4_msgs) StdoutLine: {'line': b'-- Up-to-date: /home/subhalaxmi/nidar_ws/install/px4_msgs/share/px4_msgs/msg/InternalCombustionEngineStatus.idl\n'}
[16.932375] (px4_msgs) StdoutLine: {'line': b'-- Up-to-date: /home/subhalaxmi/nidar_ws/install/px4_msgs/share/px4_msgs/msg/IridiumsbdStatus.idl\n'}
[16.932649] (px4_msgs) StdoutLine: {'line': b'-- Up-to-date: /home/subhalaxmi/nidar_ws/install/px4_msgs/share/px4_msgs/msg/IrlockReport.idl\n'}
[16.934366] (px4_msgs) StdoutLine: {'line': b'-- Up-to-date: /home/subhalaxmi/nidar_ws/install/px4_msgs/share/px4_msgs/msg/LandingGear.idl\n'}
[16.934687] (px4_msgs) StdoutLine: {'line': b'-- Up-to-date: /home/subhalaxmi/nidar_ws/install/px4_msgs/share/px4_msgs/msg/LandingGearWheel.idl\n'}
[16.934970] (px4_msgs) StdoutLine: {'line': b'-- Up-to-date: /home/subhalaxmi/nidar_ws/install/px4_msgs/share/px4_msgs/msg/LandingTargetInnovations.idl\n'}
[16.935202] (px4_msgs) StdoutLine: {'line': b'-- Up-to-date: /home/subhalaxmi/nidar_ws/install/px4_msgs/share/px4_msgs/msg/LandingTargetPose.idl\n'}
[16.935415] (px4_msgs) StdoutLine: {'line': b'-- Up-to-date: /home/subhalaxmi/nidar_ws/install/px4_msgs/share/px4_msgs/msg/LateralControlConfiguration.idl\n'}
[16.935625] (px4_msgs) StdoutLine: {'line': b'-- Up-to-date: /home/subhalaxmi/nidar_ws/install/px4_msgs/share/px4_msgs/msg/LaunchDetectionStatus.idl\n'}
[16.935906] (px4_msgs) StdoutLine: {'line': b'-- Up-to-date: /home/subhalaxmi/nidar_ws/install/px4_msgs/share/px4_msgs/msg/LedControl.idl\n'}
[16.936650] (px4_msgs) StdoutLine: {'line': b'-- Up-to-date: /home/subhalaxmi/nidar_ws/install/px4_msgs/share/px4_msgs/msg/LogMessage.idl\n'}
[16.938020] (px4_msgs) StdoutLine: {'line': b'-- Up-to-date: /home/subhalaxmi/nidar_ws/install/px4_msgs/share/px4_msgs/msg/LoggerStatus.idl\n'}
[16.938310] (px4_msgs) StdoutLine: {'line': b'-- Up-to-date: /home/subhalaxmi/nidar_ws/install/px4_msgs/share/px4_msgs/msg/LongitudinalControlConfiguration.idl\n'}
[16.938633] (px4_msgs) StdoutLine: {'line': b'-- Up-to-date: /home/subhalaxmi/nidar_ws/install/px4_msgs/share/px4_msgs/msg/MagWorkerData.idl\n'}
[16.939427] (px4_msgs) StdoutLine: {'line': b'-- Up-to-date: /home/subhalaxmi/nidar_ws/install/px4_msgs/share/px4_msgs/msg/MagnetometerBiasEstimate.idl\n'}
[16.939729] (px4_msgs) StdoutLine: {'line': b'-- Up-to-date: /home/subhalaxmi/nidar_ws/install/px4_msgs/share/px4_msgs/msg/ManualControlSetpoint.idl\n'}
[16.940044] (px4_msgs) StdoutLine: {'line': b'-- Up-to-date: /home/subhalaxmi/nidar_ws/install/px4_msgs/share/px4_msgs/msg/ManualControlSwitches.idl\n'}
[16.940291] (px4_msgs) StdoutLine: {'line': b'-- Up-to-date: /home/subhalaxmi/nidar_ws/install/px4_msgs/share/px4_msgs/msg/MavlinkLog.idl\n'}
[16.940653] (px4_msgs) StdoutLine: {'line': b'-- Up-to-date: /home/subhalaxmi/nidar_ws/install/px4_msgs/share/px4_msgs/msg/MavlinkTunnel.idl\n'}
[16.940955] (px4_msgs) StdoutLine: {'line': b'-- Up-to-date: /home/subhalaxmi/nidar_ws/install/px4_msgs/share/px4_msgs/msg/MessageFormatRequest.idl\n'}
[16.941231] (px4_msgs) StdoutLine: {'line': b'-- Up-to-date: /home/subhalaxmi/nidar_ws/install/px4_msgs/share/px4_msgs/msg/MessageFormatResponse.idl\n'}
[16.941548] (px4_msgs) StdoutLine: {'line': b'-- Up-to-date: /home/subhalaxmi/nidar_ws/install/px4_msgs/share/px4_msgs/msg/Mission.idl\n'}
[16.941892] (px4_msgs) StdoutLine: {'line': b'-- Up-to-date: /home/subhalaxmi/nidar_ws/install/px4_msgs/share/px4_msgs/msg/MissionResult.idl\n'}
[16.942191] (px4_msgs) StdoutLine: {'line': b'-- Up-to-date: /home/subhalaxmi/nidar_ws/install/px4_msgs/share/px4_msgs/msg/ModeCompleted.idl\n'}
[16.942610] (px4_msgs) StdoutLine: {'line': b'-- Up-to-date: /home/subhalaxmi/nidar_ws/install/px4_msgs/share/px4_msgs/msg/MountOrientation.idl\n'}
[16.943009] (px4_msgs) StdoutLine: {'line': b'-- Up-to-date: /home/subhalaxmi/nidar_ws/install/px4_msgs/share/px4_msgs/msg/NavigatorMissionItem.idl\n'}
[16.943300] (px4_msgs) StdoutLine: {'line': b'-- Up-to-date: /home/subhalaxmi/nidar_ws/install/px4_msgs/share/px4_msgs/msg/NavigatorStatus.idl\n'}
[16.943539] (px4_msgs) StdoutLine: {'line': b'-- Up-to-date: /home/subhalaxmi/nidar_ws/install/px4_msgs/share/px4_msgs/msg/NeuralControl.idl\n'}
[16.945058] (px4_msgs) StdoutLine: {'line': b'-- Up-to-date: /home/subhalaxmi/nidar_ws/install/px4_msgs/share/px4_msgs/msg/NormalizedUnsignedSetpoint.idl\n'}
[16.945580] (px4_msgs) StdoutLine: {'line': b'-- Up-to-date: /home/subhalaxmi/nidar_ws/install/px4_msgs/share/px4_msgs/msg/ObstacleDistance.idl\n'}
[16.945987] (px4_msgs) StdoutLine: {'line': b'-- Up-to-date: /home/subhalaxmi/nidar_ws/install/px4_msgs/share/px4_msgs/msg/OffboardControlMode.idl\n'}
[16.946658] (px4_msgs) StdoutLine: {'line': b'-- Up-to-date: /home/subhalaxmi/nidar_ws/install/px4_msgs/share/px4_msgs/msg/OnboardComputerStatus.idl\n'}
[16.947979] (px4_msgs) StdoutLine: {'line': b'-- Up-to-date: /home/subhalaxmi/nidar_ws/install/px4_msgs/share/px4_msgs/msg/OpenDroneIdArmStatus.idl\n'}
[16.948916] (px4_msgs) StdoutLine: {'line': b'-- Up-to-date: /home/subhalaxmi/nidar_ws/install/px4_msgs/share/px4_msgs/msg/OpenDroneIdOperatorId.idl\n'}
[16.949253] (px4_msgs) StdoutLine: {'line': b'-- Up-to-date: /home/subhalaxmi/nidar_ws/install/px4_msgs/share/px4_msgs/msg/OpenDroneIdSelfId.idl\n'}
[16.949510] (px4_msgs) StdoutLine: {'line': b'-- Up-to-date: /home/subhalaxmi/nidar_ws/install/px4_msgs/share/px4_msgs/msg/OpenDroneIdSystem.idl\n'}
[16.949765] (px4_msgs) StdoutLine: {'line': b'-- Up-to-date: /home/subhalaxmi/nidar_ws/install/px4_msgs/share/px4_msgs/msg/OrbTest.idl\n'}
[16.950039] (px4_msgs) StdoutLine: {'line': b'-- Up-to-date: /home/subhalaxmi/nidar_ws/install/px4_msgs/share/px4_msgs/msg/OrbTestLarge.idl\n'}
[16.950265] (px4_msgs) StdoutLine: {'line': b'-- Up-to-date: /home/subhalaxmi/nidar_ws/install/px4_msgs/share/px4_msgs/msg/OrbTestMedium.idl\n'}
[16.950487] (px4_msgs) StdoutLine: {'line': b'-- Up-to-date: /home/subhalaxmi/nidar_ws/install/px4_msgs/share/px4_msgs/msg/OrbitStatus.idl\n'}
[16.950704] (px4_msgs) StdoutLine: {'line': b'-- Up-to-date: /home/subhalaxmi/nidar_ws/install/px4_msgs/share/px4_msgs/msg/ParameterResetRequest.idl\n'}
[16.951171] (px4_msgs) StdoutLine: {'line': b'-- Up-to-date: /home/subhalaxmi/nidar_ws/install/px4_msgs/share/px4_msgs/msg/ParameterSetUsedRequest.idl\n'}
[16.951475] (px4_msgs) StdoutLine: {'line': b'-- Up-to-date: /home/subhalaxmi/nidar_ws/install/px4_msgs/share/px4_msgs/msg/ParameterSetValueRequest.idl\n'}
[16.951723] (px4_msgs) StdoutLine: {'line': b'-- Up-to-date: /home/subhalaxmi/nidar_ws/install/px4_msgs/share/px4_msgs/msg/ParameterSetValueResponse.idl\n'}
[16.952047] (px4_msgs) StdoutLine: {'line': b'-- Up-to-date: /home/subhalaxmi/nidar_ws/install/px4_msgs/share/px4_msgs/msg/ParameterUpdate.idl\n'}
[16.952387] (px4_msgs) StdoutLine: {'line': b'-- Up-to-date: /home/subhalaxmi/nidar_ws/install/px4_msgs/share/px4_msgs/msg/Ping.idl\n'}
[16.952899] (px4_msgs) StdoutLine: {'line': b'-- Up-to-date: /home/subhalaxmi/nidar_ws/install/px4_msgs/share/px4_msgs/msg/PositionControllerLandingStatus.idl\n'}
[16.953475] (px4_msgs) StdoutLine: {'line': b'-- Up-to-date: /home/subhalaxmi/nidar_ws/install/px4_msgs/share/px4_msgs/msg/PositionControllerStatus.idl\n'}
[16.954296] (-) TimerEvent: {}
[16.955009] (px4_msgs) StdoutLine: {'line': b'-- Up-to-date: /home/subhalaxmi/nidar_ws/install/px4_msgs/share/px4_msgs/msg/PositionSetpoint.idl\n'}
[16.955813] (px4_msgs) StdoutLine: {'line': b'-- Up-to-date: /home/subhalaxmi/nidar_ws/install/px4_msgs/share/px4_msgs/msg/PositionSetpointTriplet.idl\n'}
[16.956075] (px4_msgs) StdoutLine: {'line': b'-- Up-to-date: /home/subhalaxmi/nidar_ws/install/px4_msgs/share/px4_msgs/msg/PowerButtonState.idl\n'}
[16.956421] (px4_msgs) StdoutLine: {'line': b'-- Up-to-date: /home/subhalaxmi/nidar_ws/install/px4_msgs/share/px4_msgs/msg/PowerMonitor.idl\n'}
[16.956653] (px4_msgs) StdoutLine: {'line': b'-- Up-to-date: /home/subhalaxmi/nidar_ws/install/px4_msgs/share/px4_msgs/msg/PpsCapture.idl\n'}
[16.956902] (px4_msgs) StdoutLine: {'line': b'-- Up-to-date: /home/subhalaxmi/nidar_ws/install/px4_msgs/share/px4_msgs/msg/PurePursuitStatus.idl\n'}
[16.957138] (px4_msgs) StdoutLine: {'line': b'-- Up-to-date: /home/subhalaxmi/nidar_ws/install/px4_msgs/share/px4_msgs/msg/PwmInput.idl\n'}
[16.957344] (px4_msgs) StdoutLine: {'line': b'-- Up-to-date: /home/subhalaxmi/nidar_ws/install/px4_msgs/share/px4_msgs/msg/Px4ioStatus.idl\n'}
[16.957721] (px4_msgs) StdoutLine: {'line': b'-- Up-to-date: /home/subhalaxmi/nidar_ws/install/px4_msgs/share/px4_msgs/msg/QshellReq.idl\n'}
[16.957997] (px4_msgs) StdoutLine: {'line': b'-- Up-to-date: /home/subhalaxmi/nidar_ws/install/px4_msgs/share/px4_msgs/msg/QshellRetval.idl\n'}
[16.958226] (px4_msgs) StdoutLine: {'line': b'-- Up-to-date: /home/subhalaxmi/nidar_ws/install/px4_msgs/share/px4_msgs/msg/RadioStatus.idl\n'}
[16.958430] (px4_msgs) StdoutLine: {'line': b'-- Up-to-date: /home/subhalaxmi/nidar_ws/install/px4_msgs/share/px4_msgs/msg/RaptorInput.idl\n'}
[16.958633] (px4_msgs) StdoutLine: {'line': b'-- Up-to-date: /home/subhalaxmi/nidar_ws/install/px4_msgs/share/px4_msgs/msg/RaptorStatus.idl\n'}
[16.958862] (px4_msgs) StdoutLine: {'line': b'-- Up-to-date: /home/subhalaxmi/nidar_ws/install/px4_msgs/share/px4_msgs/msg/RateCtrlStatus.idl\n'}
[16.959122] (px4_msgs) StdoutLine: {'line': b'-- Up-to-date: /home/subhalaxmi/nidar_ws/install/px4_msgs/share/px4_msgs/msg/RcChannels.idl\n'}
[16.959334] (px4_msgs) StdoutLine: {'line': b'-- Up-to-date: /home/subhalaxmi/nidar_ws/install/px4_msgs/share/px4_msgs/msg/RcParameterMap.idl\n'}
[16.959639] (px4_msgs) StdoutLine: {'line': b'-- Up-to-date: /home/subhalaxmi/nidar_ws/install/px4_msgs/share/px4_msgs/msg/RegisterExtComponentReply.idl\n'}
[16.959903] (px4_msgs) StdoutLine: {'line': b'-- Up-to-date: /home/subhalaxmi/nidar_ws/install/px4_msgs/share/px4_msgs/msg/RegisterExtComponentRequest.idl\n'}
[16.960117] (px4_msgs) StdoutLine: {'line': b'-- Up-to-date: /home/subhalaxmi/nidar_ws/install/px4_msgs/share/px4_msgs/msg/RoverAttitudeSetpoint.idl\n'}
[16.960312] (px4_msgs) StdoutLine: {'line': b'-- Up-to-date: /home/subhalaxmi/nidar_ws/install/px4_msgs/share/px4_msgs/msg/RoverAttitudeStatus.idl\n'}
[16.960510] (px4_msgs) StdoutLine: {'line': b'-- Up-to-date: /home/subhalaxmi/nidar_ws/install/px4_msgs/share/px4_msgs/msg/RoverPositionSetpoint.idl\n'}
[16.960707] (px4_msgs) StdoutLine: {'line': b'-- Up-to-date: /home/subhalaxmi/nidar_ws/install/px4_msgs/share/px4_msgs/msg/RoverRateSetpoint.idl\n'}
[16.960988] (px4_msgs) StdoutLine: {'line': b'-- Up-to-date: /home/subhalaxmi/nidar_ws/install/px4_msgs/share/px4_msgs/msg/RoverRateStatus.idl\n'}
[16.961195] (px4_msgs) StdoutLine: {'line': b'-- Up-to-date: /home/subhalaxmi/nidar_ws/install/px4_msgs/share/px4_msgs/msg/RoverSpeedSetpoint.idl\n'}
[16.961414] (px4_msgs) StdoutLine: {'line': b'-- Up-to-date: /home/subhalaxmi/nidar_ws/install/px4_msgs/share/px4_msgs/msg/RoverSpeedStatus.idl\n'}
[16.961614] (px4_msgs) StdoutLine: {'line': b'-- Up-to-date: /home/subhalaxmi/nidar_ws/install/px4_msgs/share/px4_msgs/msg/RoverSteeringSetpoint.idl\n'}
[16.961917] (px4_msgs) StdoutLine: {'line': b'-- Up-to-date: /home/subhalaxmi/nidar_ws/install/px4_msgs/share/px4_msgs/msg/RoverThrottleSetpoint.idl\n'}
[16.962204] (px4_msgs) StdoutLine: {'line': b'-- Up-to-date: /home/subhalaxmi/nidar_ws/install/px4_msgs/share/px4_msgs/msg/Rpm.idl\n'}
[16.962432] (px4_msgs) StdoutLine: {'line': b'-- Up-to-date: /home/subhalaxmi/nidar_ws/install/px4_msgs/share/px4_msgs/msg/RtlStatus.idl\n'}
[16.962629] (px4_msgs) StdoutLine: {'line': b'-- Up-to-date: /home/subhalaxmi/nidar_ws/install/px4_msgs/share/px4_msgs/msg/RtlTimeEstimate.idl\n'}
[16.962865] (px4_msgs) StdoutLine: {'line': b'-- Up-to-date: /home/subhalaxmi/nidar_ws/install/px4_msgs/share/px4_msgs/msg/SatelliteInfo.idl\n'}
[16.963091] (px4_msgs) StdoutLine: {'line': b'-- Up-to-date: /home/subhalaxmi/nidar_ws/install/px4_msgs/share/px4_msgs/msg/SensorAccel.idl\n'}
[16.963320] (px4_msgs) StdoutLine: {'line': b'-- Up-to-date: /home/subhalaxmi/nidar_ws/install/px4_msgs/share/px4_msgs/msg/SensorAccelFifo.idl\n'}
[16.963519] (px4_msgs) StdoutLine: {'line': b'-- Up-to-date: /home/subhalaxmi/nidar_ws/install/px4_msgs/share/px4_msgs/msg/SensorAirflow.idl\n'}
[16.963715] (px4_msgs) StdoutLine: {'line': b'-- Up-to-date: /home/subhalaxmi/nidar_ws/install/px4_msgs/share/px4_msgs/msg/SensorBaro.idl\n'}
[16.964032] (px4_msgs) StdoutLine: {'line': b'-- Up-to-date: /home/subhalaxmi/nidar_ws/install/px4_msgs/share/px4_msgs/msg/SensorCombined.idl\n'}
[16.964287] (px4_msgs) StdoutLine: {'line': b'-- Up-to-date: /home/subhalaxmi/nidar_ws/install/px4_msgs/share/px4_msgs/msg/SensorCorrection.idl\n'}
[16.964530] (px4_msgs) StdoutLine: {'line': b'-- Up-to-date: /home/subhalaxmi/nidar_ws/install/px4_msgs/share/px4_msgs/msg/SensorGnssRelative.idl\n'}
[16.964733] (px4_msgs) StdoutLine: {'line': b'-- Up-to-date: /home/subhalaxmi/nidar_ws/install/px4_msgs/share/px4_msgs/msg/SensorGnssStatus.idl\n'}
[16.965053] (px4_msgs) StdoutLine: {'line': b'-- Up-to-date: /home/subhalaxmi/nidar_ws/install/px4_msgs/share/px4_msgs/msg/SensorGps.idl\n'}
[16.965275] (px4_msgs) StdoutLine: {'line': b'-- Up-to-date: /home/subhalaxmi/nidar_ws/install/px4_msgs/share/px4_msgs/msg/SensorGyro.idl\n'}
[16.965469] (px4_msgs) StdoutLine: {'line': b'-- Up-to-date: /home/subhalaxmi/nidar_ws/install/px4_msgs/share/px4_msgs/msg/SensorGyroFft.idl\n'}
[16.965679] (px4_msgs) StdoutLine: {'line': b'-- Up-to-date: /home/subhalaxmi/nidar_ws/install/px4_msgs/share/px4_msgs/msg/SensorGyroFifo.idl\n'}
[16.965922] (px4_msgs) StdoutLine: {'line': b'-- Up-to-date: /home/subhalaxmi/nidar_ws/install/px4_msgs/share/px4_msgs/msg/SensorHygrometer.idl\n'}
[16.966134] (px4_msgs) StdoutLine: {'line': b'-- Up-to-date: /home/subhalaxmi/nidar_ws/install/px4_msgs/share/px4_msgs/msg/SensorMag.idl\n'}
[16.966327] (px4_msgs) StdoutLine: {'line': b'-- Up-to-date: /home/subhalaxmi/nidar_ws/install/px4_msgs/share/px4_msgs/msg/SensorOpticalFlow.idl\n'}
[16.966528] (px4_msgs) StdoutLine: {'line': b'-- Up-to-date: /home/subhalaxmi/nidar_ws/install/px4_msgs/share/px4_msgs/msg/SensorPreflightMag.idl\n'}
[16.966763] (px4_msgs) StdoutLine: {'line': b'-- Up-to-date: /home/subhalaxmi/nidar_ws/install/px4_msgs/share/px4_msgs/msg/SensorSelection.idl\n'}
[16.967001] (px4_msgs) StdoutLine: {'line': b'-- Up-to-date: /home/subhalaxmi/nidar_ws/install/px4_msgs/share/px4_msgs/msg/SensorTemp.idl\n'}
[16.967213] (px4_msgs) StdoutLine: {'line': b'-- Up-to-date: /home/subhalaxmi/nidar_ws/install/px4_msgs/share/px4_msgs/msg/SensorUwb.idl\n'}
[16.967543] (px4_msgs) StdoutLine: {'line': b'-- Up-to-date: /home/subhalaxmi/nidar_ws/install/px4_msgs/share/px4_msgs/msg/SensorsStatus.idl\n'}
[16.967777] (px4_msgs) StdoutLine: {'line': b'-- Up-to-date: /home/subhalaxmi/nidar_ws/install/px4_msgs/share/px4_msgs/msg/SensorsStatusImu.idl\n'}
[16.968107] (px4_msgs) StdoutLine: {'line': b'-- Up-to-date: /home/subhalaxmi/nidar_ws/install/px4_msgs/share/px4_msgs/msg/SystemPower.idl\n'}
[16.968332] (px4_msgs) StdoutLine: {'line': b'-- Up-to-date: /home/subhalaxmi/nidar_ws/install/px4_msgs/share/px4_msgs/msg/TakeoffStatus.idl\n'}
[16.968543] (px4_msgs) StdoutLine: {'line': b'-- Up-to-date: /home/subhalaxmi/nidar_ws/install/px4_msgs/share/px4_msgs/msg/TaskStackInfo.idl\n'}
[16.968745] (px4_msgs) StdoutLine: {'line': b'-- Up-to-date: /home/subhalaxmi/nidar_ws/install/px4_msgs/share/px4_msgs/msg/TecsStatus.idl\n'}
[16.969474] (px4_msgs) StdoutLine: {'line': b'-- Up-to-date: /home/subhalaxmi/nidar_ws/install/px4_msgs/share/px4_msgs/msg/TelemetryStatus.idl\n'}
[16.969721] (px4_msgs) StdoutLine: {'line': b'-- Up-to-date: /home/subhalaxmi/nidar_ws/install/px4_msgs/share/px4_msgs/msg/TiltrotorExtraControls.idl\n'}
[16.970340] (px4_msgs) StdoutLine: {'line': b'-- Up-to-date: /home/subhalaxmi/nidar_ws/install/px4_msgs/share/px4_msgs/msg/TimesyncStatus.idl\n'}
[16.974156] (px4_msgs) StdoutLine: {'line': b'-- Up-to-date: /home/subhalaxmi/nidar_ws/install/px4_msgs/share/px4_msgs/msg/TrajectorySetpoint.idl\n'}
[16.974786] (px4_msgs) StdoutLine: {'line': b'-- Up-to-date: /home/subhalaxmi/nidar_ws/install/px4_msgs/share/px4_msgs/msg/TrajectorySetpoint6dof.idl\n'}
[16.976907] (px4_msgs) StdoutLine: {'line': b'-- Up-to-date: /home/subhalaxmi/nidar_ws/install/px4_msgs/share/px4_msgs/msg/TransponderReport.idl\n'}
[16.977400] (px4_msgs) StdoutLine: {'line': b'-- Up-to-date: /home/subhalaxmi/nidar_ws/install/px4_msgs/share/px4_msgs/msg/TuneControl.idl\n'}
[16.978219] (px4_msgs) StdoutLine: {'line': b'-- Up-to-date: /home/subhalaxmi/nidar_ws/install/px4_msgs/share/px4_msgs/msg/UavcanParameterRequest.idl\n'}
[16.981019] (px4_msgs) StdoutLine: {'line': b'-- Up-to-date: /home/subhalaxmi/nidar_ws/install/px4_msgs/share/px4_msgs/msg/UavcanParameterValue.idl\n'}
[16.981609] (px4_msgs) StdoutLine: {'line': b'-- Up-to-date: /home/subhalaxmi/nidar_ws/install/px4_msgs/share/px4_msgs/msg/UlogStream.idl\n'}
[16.981936] (px4_msgs) StdoutLine: {'line': b'-- Up-to-date: /home/subhalaxmi/nidar_ws/install/px4_msgs/share/px4_msgs/msg/UlogStreamAck.idl\n'}
[16.982213] (px4_msgs) StdoutLine: {'line': b'-- Up-to-date: /home/subhalaxmi/nidar_ws/install/px4_msgs/share/px4_msgs/msg/UnregisterExtComponent.idl\n'}
[16.982531] (px4_msgs) StdoutLine: {'line': b'-- Up-to-date: /home/subhalaxmi/nidar_ws/install/px4_msgs/share/px4_msgs/msg/VehicleAcceleration.idl\n'}
[16.982785] (px4_msgs) StdoutLine: {'line': b'-- Up-to-date: /home/subhalaxmi/nidar_ws/install/px4_msgs/share/px4_msgs/msg/VehicleAirData.idl\n'}
[16.983129] (px4_msgs) StdoutLine: {'line': b'-- Up-to-date: /home/subhalaxmi/nidar_ws/install/px4_msgs/share/px4_msgs/msg/VehicleAngularAccelerationSetpoint.idl\n'}
[16.983421] (px4_msgs) StdoutLine: {'line': b'-- Up-to-date: /home/subhalaxmi/nidar_ws/install/px4_msgs/share/px4_msgs/msg/VehicleAngularVelocity.idl\n'}
[16.983663] (px4_msgs) StdoutLine: {'line': b'-- Up-to-date: /home/subhalaxmi/nidar_ws/install/px4_msgs/share/px4_msgs/msg/VehicleAttitude.idl\n'}
[16.984317] (px4_msgs) StdoutLine: {'line': b'-- Up-to-date: /home/subhalaxmi/nidar_ws/install/px4_msgs/share/px4_msgs/msg/VehicleAttitudeSetpoint.idl\n'}
[16.984945] (px4_msgs) StdoutLine: {'line': b'-- Up-to-date: /home/subhalaxmi/nidar_ws/install/px4_msgs/share/px4_msgs/msg/VehicleCommand.idl\n'}
[16.991019] (px4_msgs) StdoutLine: {'line': b'-- Up-to-date: /home/subhalaxmi/nidar_ws/install/px4_msgs/share/px4_msgs/msg/VehicleCommandAck.idl\n'}
[16.991336] (px4_msgs) StdoutLine: {'line': b'-- Up-to-date: /home/subhalaxmi/nidar_ws/install/px4_msgs/share/px4_msgs/msg/VehicleConstraints.idl\n'}
[16.991543] (px4_msgs) StdoutLine: {'line': b'-- Up-to-date: /home/subhalaxmi/nidar_ws/install/px4_msgs/share/px4_msgs/msg/VehicleControlMode.idl\n'}
[16.991729] (px4_msgs) StdoutLine: {'line': b'-- Up-to-date: /home/subhalaxmi/nidar_ws/install/px4_msgs/share/px4_msgs/msg/VehicleGlobalPosition.idl\n'}
[16.995184] (px4_msgs) StdoutLine: {'line': b'-- Up-to-date: /home/subhalaxmi/nidar_ws/install/px4_msgs/share/px4_msgs/msg/VehicleImu.idl\n'}
[16.995440] (px4_msgs) StdoutLine: {'line': b'-- Up-to-date: /home/subhalaxmi/nidar_ws/install/px4_msgs/share/px4_msgs/msg/VehicleImuStatus.idl\n'}
[16.995627] (px4_msgs) StdoutLine: {'line': b'-- Up-to-date: /home/subhalaxmi/nidar_ws/install/px4_msgs/share/px4_msgs/msg/VehicleLandDetected.idl\n'}
[16.995887] (px4_msgs) StdoutLine: {'line': b'-- Up-to-date: /home/subhalaxmi/nidar_ws/install/px4_msgs/share/px4_msgs/msg/VehicleLocalPosition.idl\n'}
[16.996120] (px4_msgs) StdoutLine: {'line': b'-- Up-to-date: /home/subhalaxmi/nidar_ws/install/px4_msgs/share/px4_msgs/msg/VehicleLocalPositionSetpoint.idl\n'}
[16.996304] (px4_msgs) StdoutLine: {'line': b'-- Up-to-date: /home/subhalaxmi/nidar_ws/install/px4_msgs/share/px4_msgs/msg/VehicleMagnetometer.idl\n'}
[16.998199] (px4_msgs) StdoutLine: {'line': b'-- Up-to-date: /home/subhalaxmi/nidar_ws/install/px4_msgs/share/px4_msgs/msg/VehicleOdometry.idl\n'}
[16.998455] (px4_msgs) StdoutLine: {'line': b'-- Up-to-date: /home/subhalaxmi/nidar_ws/install/px4_msgs/share/px4_msgs/msg/VehicleOpticalFlow.idl\n'}
[16.998669] (px4_msgs) StdoutLine: {'line': b'-- Up-to-date: /home/subhalaxmi/nidar_ws/install/px4_msgs/share/px4_msgs/msg/VehicleOpticalFlowVel.idl\n'}
[16.998895] (px4_msgs) StdoutLine: {'line': b'-- Up-to-date: /home/subhalaxmi/nidar_ws/install/px4_msgs/share/px4_msgs/msg/VehicleRatesSetpoint.idl\n'}
[16.999211] (px4_msgs) StdoutLine: {'line': b'-- Up-to-date: /home/subhalaxmi/nidar_ws/install/px4_msgs/share/px4_msgs/msg/VehicleRoi.idl\n'}
[17.001932] (px4_msgs) StdoutLine: {'line': b'-- Up-to-date: /home/subhalaxmi/nidar_ws/install/px4_msgs/share/px4_msgs/msg/VehicleStatus.idl\n'}
[17.002417] (px4_msgs) StdoutLine: {'line': b'-- Up-to-date: /home/subhalaxmi/nidar_ws/install/px4_msgs/share/px4_msgs/msg/VehicleThrustSetpoint.idl\n'}
[17.002787] (px4_msgs) StdoutLine: {'line': b'-- Up-to-date: /home/subhalaxmi/nidar_ws/install/px4_msgs/share/px4_msgs/msg/VehicleTorqueSetpoint.idl\n'}
[17.003171] (px4_msgs) StdoutLine: {'line': b'-- Up-to-date: /home/subhalaxmi/nidar_ws/install/px4_msgs/share/px4_msgs/msg/VelocityLimits.idl\n'}
[17.003479] (px4_msgs) StdoutLine: {'line': b'-- Up-to-date: /home/subhalaxmi/nidar_ws/install/px4_msgs/share/px4_msgs/msg/VtolVehicleStatus.idl\n'}
[17.003897] (px4_msgs) StdoutLine: {'line': b'-- Up-to-date: /home/subhalaxmi/nidar_ws/install/px4_msgs/share/px4_msgs/msg/Vtx.idl\n'}
[17.004257] (px4_msgs) StdoutLine: {'line': b'-- Up-to-date: /home/subhalaxmi/nidar_ws/install/px4_msgs/share/px4_msgs/msg/WheelEncoders.idl\n'}
[17.004509] (px4_msgs) StdoutLine: {'line': b'-- Up-to-date: /home/subhalaxmi/nidar_ws/install/px4_msgs/share/px4_msgs/msg/Wind.idl\n'}
[17.004827] (px4_msgs) StdoutLine: {'line': b'-- Up-to-date: /home/subhalaxmi/nidar_ws/install/px4_msgs/share/px4_msgs/msg/YawEstimatorStatus.idl\n'}
[17.005172] (px4_msgs) StdoutLine: {'line': b'-- Up-to-date: /home/subhalaxmi/nidar_ws/install/px4_msgs/share/px4_msgs/srv/VehicleCommand.idl\n'}
[17.005451] (px4_msgs) StdoutLine: {'line': b'-- Up-to-date: /home/subhalaxmi/nidar_ws/install/px4_msgs/share/px4_msgs/msg/ActionRequest.msg\n'}
[17.005706] (px4_msgs) StdoutLine: {'line': b'-- Up-to-date: /home/subhalaxmi/nidar_ws/install/px4_msgs/share/px4_msgs/msg/ActuatorArmed.msg\n'}
[17.006193] (px4_msgs) StdoutLine: {'line': b'-- Up-to-date: /home/subhalaxmi/nidar_ws/install/px4_msgs/share/px4_msgs/msg/ActuatorControlsStatus.msg\n'}
[17.006550] (px4_msgs) StdoutLine: {'line': b'-- Up-to-date: /home/subhalaxmi/nidar_ws/install/px4_msgs/share/px4_msgs/msg/ActuatorMotors.msg\n'}
[17.007029] (px4_msgs) StdoutLine: {'line': b'-- Up-to-date: /home/subhalaxmi/nidar_ws/install/px4_msgs/share/px4_msgs/msg/ActuatorOutputs.msg\n'}
[17.007983] (px4_msgs) StdoutLine: {'line': b'-- Up-to-date: /home/subhalaxmi/nidar_ws/install/px4_msgs/share/px4_msgs/msg/ActuatorServos.msg\n'}
[17.008765] (px4_msgs) StdoutLine: {'line': b'-- Up-to-date: /home/subhalaxmi/nidar_ws/install/px4_msgs/share/px4_msgs/msg/ActuatorServosTrim.msg\n'}
[17.009265] (px4_msgs) StdoutLine: {'line': b'-- Up-to-date: /home/subhalaxmi/nidar_ws/install/px4_msgs/share/px4_msgs/msg/ActuatorTest.msg\n'}
[17.009616] (px4_msgs) StdoutLine: {'line': b'-- Up-to-date: /home/subhalaxmi/nidar_ws/install/px4_msgs/share/px4_msgs/msg/AdcReport.msg\n'}
[17.010009] (px4_msgs) StdoutLine: {'line': b'-- Up-to-date: /home/subhalaxmi/nidar_ws/install/px4_msgs/share/px4_msgs/msg/Airspeed.msg\n'}
[17.010451] (px4_msgs) StdoutLine: {'line': b'-- Up-to-date: /home/subhalaxmi/nidar_ws/install/px4_msgs/share/px4_msgs/msg/AirspeedValidated.msg\n'}
[17.010799] (px4_msgs) StdoutLine: {'line': b'-- Up-to-date: /home/subhalaxmi/nidar_ws/install/px4_msgs/share/px4_msgs/msg/AirspeedWind.msg\n'}
[17.011184] (px4_msgs) StdoutLine: {'line': b'-- Up-to-date: /home/subhalaxmi/nidar_ws/install/px4_msgs/share/px4_msgs/msg/ArmingCheckReply.msg\n'}
[17.011442] (px4_msgs) StdoutLine: {'line': b'-- Up-to-date: /home/subhalaxmi/nidar_ws/install/px4_msgs/share/px4_msgs/msg/ArmingCheckRequest.msg\n'}
[17.011669] (px4_msgs) StdoutLine: {'line': b'-- Up-to-date: /home/subhalaxmi/nidar_ws/install/px4_msgs/share/px4_msgs/msg/AutotuneAttitudeControlStatus.msg\n'}
[17.012035] (px4_msgs) StdoutLine: {'line': b'-- Up-to-date: /home/subhalaxmi/nidar_ws/install/px4_msgs/share/px4_msgs/msg/AuxGlobalPosition.msg\n'}
[17.012377] (px4_msgs) StdoutLine: {'line': b'-- Up-to-date: /home/subhalaxmi/nidar_ws/install/px4_msgs/share/px4_msgs/msg/BatteryInfo.msg\n'}
[17.012615] (px4_msgs) StdoutLine: {'line': b'-- Up-to-date: /home/subhalaxmi/nidar_ws/install/px4_msgs/share/px4_msgs/msg/BatteryStatus.msg\n'}
[17.012962] (px4_msgs) StdoutLine: {'line': b'-- Up-to-date: /home/subhalaxmi/nidar_ws/install/px4_msgs/share/px4_msgs/msg/ButtonEvent.msg\n'}
[17.013446] (px4_msgs) StdoutLine: {'line': b'-- Up-to-date: /home/subhalaxmi/nidar_ws/install/px4_msgs/share/px4_msgs/msg/CameraCapture.msg\n'}
[17.013997] (px4_msgs) StdoutLine: {'line': b'-- Up-to-date: /home/subhalaxmi/nidar_ws/install/px4_msgs/share/px4_msgs/msg/CameraStatus.msg\n'}
[17.014690] (px4_msgs) StdoutLine: {'line': b'-- Up-to-date: /home/subhalaxmi/nidar_ws/install/px4_msgs/share/px4_msgs/msg/CameraTrigger.msg\n'}
[17.015423] (px4_msgs) StdoutLine: {'line': b'-- Up-to-date: /home/subhalaxmi/nidar_ws/install/px4_msgs/share/px4_msgs/msg/CanInterfaceStatus.msg\n'}
[17.016034] (px4_msgs) StdoutLine: {'line': b'-- Up-to-date: /home/subhalaxmi/nidar_ws/install/px4_msgs/share/px4_msgs/msg/CellularStatus.msg\n'}
[17.016478] (px4_msgs) StdoutLine: {'line': b'-- Up-to-date: /home/subhalaxmi/nidar_ws/install/px4_msgs/share/px4_msgs/msg/CollisionConstraints.msg\n'}
[17.016710] (px4_msgs) StdoutLine: {'line': b'-- Up-to-date: /home/subhalaxmi/nidar_ws/install/px4_msgs/share/px4_msgs/msg/ConfigOverrides.msg\n'}
[17.016995] (px4_msgs) StdoutLine: {'line': b'-- Up-to-date: /home/subhalaxmi/nidar_ws/install/px4_msgs/share/px4_msgs/msg/ControlAllocatorStatus.msg\n'}
[17.017315] (px4_msgs) StdoutLine: {'line': b'-- Up-to-date: /home/subhalaxmi/nidar_ws/install/px4_msgs/share/px4_msgs/msg/Cpuload.msg\n'}
[17.017542] (px4_msgs) StdoutLine: {'line': b'-- Up-to-date: /home/subhalaxmi/nidar_ws/install/px4_msgs/share/px4_msgs/msg/DatamanRequest.msg\n'}
[17.017752] (px4_msgs) StdoutLine: {'line': b'-- Up-to-date: /home/subhalaxmi/nidar_ws/install/px4_msgs/share/px4_msgs/msg/DatamanResponse.msg\n'}
[17.018015] (px4_msgs) StdoutLine: {'line': b'-- Up-to-date: /home/subhalaxmi/nidar_ws/install/px4_msgs/share/px4_msgs/msg/DebugArray.msg\n'}
[17.018207] (px4_msgs) StdoutLine: {'line': b'-- Up-to-date: /home/subhalaxmi/nidar_ws/install/px4_msgs/share/px4_msgs/msg/DebugKeyValue.msg\n'}
[17.019146] (px4_msgs) StdoutLine: {'line': b'-- Up-to-date: /home/subhalaxmi/nidar_ws/install/px4_msgs/share/px4_msgs/msg/DebugValue.msg\n'}
[17.019469] (px4_msgs) StdoutLine: {'line': b'-- Up-to-date: /home/subhalaxmi/nidar_ws/install/px4_msgs/share/px4_msgs/msg/DebugVect.msg\n'}
[17.019691] (px4_msgs) StdoutLine: {'line': b'-- Up-to-date: /home/subhalaxmi/nidar_ws/install/px4_msgs/share/px4_msgs/msg/DeviceInformation.msg\n'}
[17.019890] (px4_msgs) StdoutLine: {'line': b'-- Up-to-date: /home/subhalaxmi/nidar_ws/install/px4_msgs/share/px4_msgs/msg/DifferentialPressure.msg\n'}
[17.020076] (px4_msgs) StdoutLine: {'line': b'-- Up-to-date: /home/subhalaxmi/nidar_ws/install/px4_msgs/share/px4_msgs/msg/DistanceSensor.msg\n'}
[17.020284] (px4_msgs) StdoutLine: {'line': b'-- Up-to-date: /home/subhalaxmi/nidar_ws/install/px4_msgs/share/px4_msgs/msg/DistanceSensorModeChangeRequest.msg\n'}
[17.020461] (px4_msgs) StdoutLine: {'line': b'-- Up-to-date: /home/subhalaxmi/nidar_ws/install/px4_msgs/share/px4_msgs/msg/DronecanNodeStatus.msg\n'}
[17.020663] (px4_msgs) StdoutLine: {'line': b'-- Up-to-date: /home/subhalaxmi/nidar_ws/install/px4_msgs/share/px4_msgs/msg/Ekf2Timestamps.msg\n'}
[17.020849] (px4_msgs) StdoutLine: {'line': b'-- Up-to-date: /home/subhalaxmi/nidar_ws/install/px4_msgs/share/px4_msgs/msg/EscReport.msg\n'}
[17.021049] (px4_msgs) StdoutLine: {'line': b'-- Up-to-date: /home/subhalaxmi/nidar_ws/install/px4_msgs/share/px4_msgs/msg/EscStatus.msg\n'}
[17.021234] (px4_msgs) StdoutLine: {'line': b'-- Up-to-date: /home/subhalaxmi/nidar_ws/install/px4_msgs/share/px4_msgs/msg/EstimatorAidSource1d.msg\n'}
[17.021445] (px4_msgs) StdoutLine: {'line': b'-- Up-to-date: /home/subhalaxmi/nidar_ws/install/px4_msgs/share/px4_msgs/msg/EstimatorAidSource2d.msg\n'}
[17.021724] (px4_msgs) StdoutLine: {'line': b'-- Up-to-date: /home/subhalaxmi/nidar_ws/install/px4_msgs/share/px4_msgs/msg/EstimatorAidSource3d.msg\n'}
[17.021948] (px4_msgs) StdoutLine: {'line': b'-- Up-to-date: /home/subhalaxmi/nidar_ws/install/px4_msgs/share/px4_msgs/msg/EstimatorBias.msg\n'}
[17.022144] (px4_msgs) StdoutLine: {'line': b'-- Up-to-date: /home/subhalaxmi/nidar_ws/install/px4_msgs/share/px4_msgs/msg/EstimatorBias3d.msg\n'}
[17.022337] (px4_msgs) StdoutLine: {'line': b'-- Up-to-date: /home/subhalaxmi/nidar_ws/install/px4_msgs/share/px4_msgs/msg/EstimatorEventFlags.msg\n'}
[17.022569] (px4_msgs) StdoutLine: {'line': b'-- Up-to-date: /home/subhalaxmi/nidar_ws/install/px4_msgs/share/px4_msgs/msg/EstimatorGpsStatus.msg\n'}
[17.022759] (px4_msgs) StdoutLine: {'line': b'-- Up-to-date: /home/subhalaxmi/nidar_ws/install/px4_msgs/share/px4_msgs/msg/EstimatorInnovations.msg\n'}
[17.023073] (px4_msgs) StdoutLine: {'line': b'-- Up-to-date: /home/subhalaxmi/nidar_ws/install/px4_msgs/share/px4_msgs/msg/EstimatorSelectorStatus.msg\n'}
[17.023275] (px4_msgs) StdoutLine: {'line': b'-- Up-to-date: /home/subhalaxmi/nidar_ws/install/px4_msgs/share/px4_msgs/msg/EstimatorSensorBias.msg\n'}
[17.023461] (px4_msgs) StdoutLine: {'line': b'-- Up-to-date: /home/subhalaxmi/nidar_ws/install/px4_msgs/share/px4_msgs/msg/EstimatorStates.msg\n'}
[17.023638] (px4_msgs) StdoutLine: {'line': b'-- Up-to-date: /home/subhalaxmi/nidar_ws/install/px4_msgs/share/px4_msgs/msg/EstimatorStatus.msg\n'}
[17.023848] (px4_msgs) StdoutLine: {'line': b'-- Up-to-date: /home/subhalaxmi/nidar_ws/install/px4_msgs/share/px4_msgs/msg/EstimatorStatusFlags.msg\n'}
[17.024059] (px4_msgs) StdoutLine: {'line': b'-- Up-to-date: /home/subhalaxmi/nidar_ws/install/px4_msgs/share/px4_msgs/msg/Event.msg\n'}
[17.024242] (px4_msgs) StdoutLine: {'line': b'-- Up-to-date: /home/subhalaxmi/nidar_ws/install/px4_msgs/share/px4_msgs/msg/FailsafeFlags.msg\n'}
[17.024442] (px4_msgs) StdoutLine: {'line': b'-- Up-to-date: /home/subhalaxmi/nidar_ws/install/px4_msgs/share/px4_msgs/msg/FailureDetectorStatus.msg\n'}
[17.024636] (px4_msgs) StdoutLine: {'line': b'-- Up-to-date: /home/subhalaxmi/nidar_ws/install/px4_msgs/share/px4_msgs/msg/FigureEightStatus.msg\n'}
[17.024854] (px4_msgs) StdoutLine: {'line': b'-- Up-to-date: /home/subhalaxmi/nidar_ws/install/px4_msgs/share/px4_msgs/msg/FixedWingLateralGuidanceStatus.msg\n'}
[17.025061] (px4_msgs) StdoutLine: {'line': b'-- Up-to-date: /home/subhalaxmi/nidar_ws/install/px4_msgs/share/px4_msgs/msg/FixedWingLateralSetpoint.msg\n'}
[17.025251] (px4_msgs) StdoutLine: {'line': b'-- Up-to-date: /home/subhalaxmi/nidar_ws/install/px4_msgs/share/px4_msgs/msg/FixedWingLateralStatus.msg\n'}
[17.025525] (px4_msgs) StdoutLine: {'line': b'-- Up-to-date: /home/subhalaxmi/nidar_ws/install/px4_msgs/share/px4_msgs/msg/FixedWingLongitudinalSetpoint.msg\n'}
[17.025710] (px4_msgs) StdoutLine: {'line': b'-- Up-to-date: /home/subhalaxmi/nidar_ws/install/px4_msgs/share/px4_msgs/msg/FixedWingRunwayControl.msg\n'}
[17.025908] (px4_msgs) StdoutLine: {'line': b'-- Up-to-date: /home/subhalaxmi/nidar_ws/install/px4_msgs/share/px4_msgs/msg/FlightPhaseEstimation.msg\n'}
[17.026099] (px4_msgs) StdoutLine: {'line': b'-- Up-to-date: /home/subhalaxmi/nidar_ws/install/px4_msgs/share/px4_msgs/msg/FollowTarget.msg\n'}
[17.026291] (px4_msgs) StdoutLine: {'line': b'-- Up-to-date: /home/subhalaxmi/nidar_ws/install/px4_msgs/share/px4_msgs/msg/FollowTargetEstimator.msg\n'}
[17.026464] (px4_msgs) StdoutLine: {'line': b'-- Up-to-date: /home/subhalaxmi/nidar_ws/install/px4_msgs/share/px4_msgs/msg/FollowTargetStatus.msg\n'}
[17.026646] (px4_msgs) StdoutLine: {'line': b'-- Up-to-date: /home/subhalaxmi/nidar_ws/install/px4_msgs/share/px4_msgs/msg/FuelTankStatus.msg\n'}
[17.026838] (px4_msgs) StdoutLine: {'line': b'-- Up-to-date: /home/subhalaxmi/nidar_ws/install/px4_msgs/share/px4_msgs/msg/GainCompression.msg\n'}
[17.027048] (px4_msgs) StdoutLine: {'line': b'-- Up-to-date: /home/subhalaxmi/nidar_ws/install/px4_msgs/share/px4_msgs/msg/GeneratorStatus.msg\n'}
[17.027248] (px4_msgs) StdoutLine: {'line': b'-- Up-to-date: /home/subhalaxmi/nidar_ws/install/px4_msgs/share/px4_msgs/msg/GeofenceResult.msg\n'}
[17.027432] (px4_msgs) StdoutLine: {'line': b'-- Up-to-date: /home/subhalaxmi/nidar_ws/install/px4_msgs/share/px4_msgs/msg/GeofenceStatus.msg\n'}
[17.027898] (px4_msgs) StdoutLine: {'line': b'-- Up-to-date: /home/subhalaxmi/nidar_ws/install/px4_msgs/share/px4_msgs/msg/GimbalControls.msg\n'}
[17.028464] (px4_msgs) StdoutLine: {'line': b'-- Up-to-date: /home/subhalaxmi/nidar_ws/install/px4_msgs/share/px4_msgs/msg/GimbalDeviceAttitudeStatus.msg\n'}
[17.028758] (px4_msgs) StdoutLine: {'line': b'-- Up-to-date: /home/subhalaxmi/nidar_ws/install/px4_msgs/share/px4_msgs/msg/GimbalDeviceInformation.msg\n'}
[17.029040] (px4_msgs) StdoutLine: {'line': b'-- Up-to-date: /home/subhalaxmi/nidar_ws/install/px4_msgs/share/px4_msgs/msg/GimbalDeviceSetAttitude.msg\n'}
[17.029260] (px4_msgs) StdoutLine: {'line': b'-- Up-to-date: /home/subhalaxmi/nidar_ws/install/px4_msgs/share/px4_msgs/msg/GimbalManagerInformation.msg\n'}
[17.029545] (px4_msgs) StdoutLine: {'line': b'-- Up-to-date: /home/subhalaxmi/nidar_ws/install/px4_msgs/share/px4_msgs/msg/GimbalManagerSetAttitude.msg\n'}
[17.029789] (px4_msgs) StdoutLine: {'line': b'-- Up-to-date: /home/subhalaxmi/nidar_ws/install/px4_msgs/share/px4_msgs/msg/GimbalManagerSetManualControl.msg\n'}
[17.030265] (px4_msgs) StdoutLine: {'line': b'-- Up-to-date: /home/subhalaxmi/nidar_ws/install/px4_msgs/share/px4_msgs/msg/GimbalManagerStatus.msg\n'}
[17.030489] (px4_msgs) StdoutLine: {'line': b'-- Up-to-date: /home/subhalaxmi/nidar_ws/install/px4_msgs/share/px4_msgs/msg/GotoSetpoint.msg\n'}
[17.030871] (px4_msgs) StdoutLine: {'line': b'-- Up-to-date: /home/subhalaxmi/nidar_ws/install/px4_msgs/share/px4_msgs/msg/GpioConfig.msg\n'}
[17.031261] (px4_msgs) StdoutLine: {'line': b'-- Up-to-date: /home/subhalaxmi/nidar_ws/install/px4_msgs/share/px4_msgs/msg/GpioIn.msg\n'}
[17.031510] (px4_msgs) StdoutLine: {'line': b'-- Up-to-date: /home/subhalaxmi/nidar_ws/install/px4_msgs/share/px4_msgs/msg/GpioOut.msg\n'}
[17.031725] (px4_msgs) StdoutLine: {'line': b'-- Up-to-date: /home/subhalaxmi/nidar_ws/install/px4_msgs/share/px4_msgs/msg/GpioRequest.msg\n'}
[17.032060] (px4_msgs) StdoutLine: {'line': b'-- Up-to-date: /home/subhalaxmi/nidar_ws/install/px4_msgs/share/px4_msgs/msg/GpsDump.msg\n'}
[17.032289] (px4_msgs) StdoutLine: {'line': b'-- Up-to-date: /home/subhalaxmi/nidar_ws/install/px4_msgs/share/px4_msgs/msg/GpsInjectData.msg\n'}
[17.032502] (px4_msgs) StdoutLine: {'line': b'-- Up-to-date: /home/subhalaxmi/nidar_ws/install/px4_msgs/share/px4_msgs/msg/Gripper.msg\n'}
[17.032725] (px4_msgs) StdoutLine: {'line': b'-- Up-to-date: /home/subhalaxmi/nidar_ws/install/px4_msgs/share/px4_msgs/msg/HealthReport.msg\n'}
[17.033177] (px4_msgs) StdoutLine: {'line': b'-- Up-to-date: /home/subhalaxmi/nidar_ws/install/px4_msgs/share/px4_msgs/msg/HeaterStatus.msg\n'}
[17.033619] (px4_msgs) StdoutLine: {'line': b'-- Up-to-date: /home/subhalaxmi/nidar_ws/install/px4_msgs/share/px4_msgs/msg/HomePosition.msg\n'}
[17.034032] (px4_msgs) StdoutLine: {'line': b'-- Up-to-date: /home/subhalaxmi/nidar_ws/install/px4_msgs/share/px4_msgs/msg/HoverThrustEstimate.msg\n'}
[17.034412] (px4_msgs) StdoutLine: {'line': b'-- Up-to-date: /home/subhalaxmi/nidar_ws/install/px4_msgs/share/px4_msgs/msg/InputRc.msg\n'}
[17.034742] (px4_msgs) StdoutLine: {'line': b'-- Up-to-date: /home/subhalaxmi/nidar_ws/install/px4_msgs/share/px4_msgs/msg/InternalCombustionEngineControl.msg\n'}
[17.035355] (px4_msgs) StdoutLine: {'line': b'-- Up-to-date: /home/subhalaxmi/nidar_ws/install/px4_msgs/share/px4_msgs/msg/InternalCombustionEngineStatus.msg\n'}
[17.036714] (px4_msgs) StdoutLine: {'line': b'-- Up-to-date: /home/subhalaxmi/nidar_ws/install/px4_msgs/share/px4_msgs/msg/IridiumsbdStatus.msg\n'}
[17.037699] (px4_msgs) StdoutLine: {'line': b'-- Up-to-date: /home/subhalaxmi/nidar_ws/install/px4_msgs/share/px4_msgs/msg/IrlockReport.msg\n'}
[17.038207] (px4_msgs) StdoutLine: {'line': b'-- Up-to-date: /home/subhalaxmi/nidar_ws/install/px4_msgs/share/px4_msgs/msg/LandingGear.msg\n'}
[17.038618] (px4_msgs) StdoutLine: {'line': b'-- Up-to-date: /home/subhalaxmi/nidar_ws/install/px4_msgs/share/px4_msgs/msg/LandingGearWheel.msg\n'}
[17.038948] (px4_msgs) StdoutLine: {'line': b'-- Up-to-date: /home/subhalaxmi/nidar_ws/install/px4_msgs/share/px4_msgs/msg/LandingTargetInnovations.msg\n'}
[17.039221] (px4_msgs) StdoutLine: {'line': b'-- Up-to-date: /home/subhalaxmi/nidar_ws/install/px4_msgs/share/px4_msgs/msg/LandingTargetPose.msg\n'}
[17.039451] (px4_msgs) StdoutLine: {'line': b'-- Up-to-date: /home/subhalaxmi/nidar_ws/install/px4_msgs/share/px4_msgs/msg/LateralControlConfiguration.msg\n'}
[17.039656] (px4_msgs) StdoutLine: {'line': b'-- Up-to-date: /home/subhalaxmi/nidar_ws/install/px4_msgs/share/px4_msgs/msg/LaunchDetectionStatus.msg\n'}
[17.039942] (px4_msgs) StdoutLine: {'line': b'-- Up-to-date: /home/subhalaxmi/nidar_ws/install/px4_msgs/share/px4_msgs/msg/LedControl.msg\n'}
[17.040211] (px4_msgs) StdoutLine: {'line': b'-- Up-to-date: /home/subhalaxmi/nidar_ws/install/px4_msgs/share/px4_msgs/msg/LogMessage.msg\n'}
[17.040541] (px4_msgs) StdoutLine: {'line': b'-- Up-to-date: /home/subhalaxmi/nidar_ws/install/px4_msgs/share/px4_msgs/msg/LoggerStatus.msg\n'}
[17.040789] (px4_msgs) StdoutLine: {'line': b'-- Up-to-date: /home/subhalaxmi/nidar_ws/install/px4_msgs/share/px4_msgs/msg/LongitudinalControlConfiguration.msg\n'}
[17.041071] (px4_msgs) StdoutLine: {'line': b'-- Up-to-date: /home/subhalaxmi/nidar_ws/install/px4_msgs/share/px4_msgs/msg/MagWorkerData.msg\n'}
[17.041307] (px4_msgs) StdoutLine: {'line': b'-- Up-to-date: /home/subhalaxmi/nidar_ws/install/px4_msgs/share/px4_msgs/msg/MagnetometerBiasEstimate.msg\n'}
[17.041735] (px4_msgs) StdoutLine: {'line': b'-- Up-to-date: /home/subhalaxmi/nidar_ws/install/px4_msgs/share/px4_msgs/msg/ManualControlSetpoint.msg\n'}
[17.042239] (px4_msgs) StdoutLine: {'line': b'-- Up-to-date: /home/subhalaxmi/nidar_ws/install/px4_msgs/share/px4_msgs/msg/ManualControlSwitches.msg\n'}
[17.042987] (px4_msgs) StdoutLine: {'line': b'-- Up-to-date: /home/subhalaxmi/nidar_ws/install/px4_msgs/share/px4_msgs/msg/MavlinkLog.msg\n'}
[17.043538] (px4_msgs) StdoutLine: {'line': b'-- Up-to-date: /home/subhalaxmi/nidar_ws/install/px4_msgs/share/px4_msgs/msg/MavlinkTunnel.msg\n'}
[17.044109] (px4_msgs) StdoutLine: {'line': b'-- Up-to-date: /home/subhalaxmi/nidar_ws/install/px4_msgs/share/px4_msgs/msg/MessageFormatRequest.msg\n'}
[17.044545] (px4_msgs) StdoutLine: {'line': b'-- Up-to-date: /home/subhalaxmi/nidar_ws/install/px4_msgs/share/px4_msgs/msg/MessageFormatResponse.msg\n'}
[17.045336] (px4_msgs) StdoutLine: {'line': b'-- Up-to-date: /home/subhalaxmi/nidar_ws/install/px4_msgs/share/px4_msgs/msg/Mission.msg\n'}
[17.045661] (px4_msgs) StdoutLine: {'line': b'-- Up-to-date: /home/subhalaxmi/nidar_ws/install/px4_msgs/share/px4_msgs/msg/MissionResult.msg\n'}
[17.045931] (px4_msgs) StdoutLine: {'line': b'-- Up-to-date: /home/subhalaxmi/nidar_ws/install/px4_msgs/share/px4_msgs/msg/ModeCompleted.msg\n'}
[17.046156] (px4_msgs) StdoutLine: {'line': b'-- Up-to-date: /home/subhalaxmi/nidar_ws/install/px4_msgs/share/px4_msgs/msg/MountOrientation.msg\n'}
[17.046352] (px4_msgs) StdoutLine: {'line': b'-- Up-to-date: /home/subhalaxmi/nidar_ws/install/px4_msgs/share/px4_msgs/msg/NavigatorMissionItem.msg\n'}
[17.046576] (px4_msgs) StdoutLine: {'line': b'-- Up-to-date: /home/subhalaxmi/nidar_ws/install/px4_msgs/share/px4_msgs/msg/NavigatorStatus.msg\n'}
[17.046786] (px4_msgs) StdoutLine: {'line': b'-- Up-to-date: /home/subhalaxmi/nidar_ws/install/px4_msgs/share/px4_msgs/msg/NeuralControl.msg\n'}
[17.047031] (px4_msgs) StdoutLine: {'line': b'-- Up-to-date: /home/subhalaxmi/nidar_ws/install/px4_msgs/share/px4_msgs/msg/NormalizedUnsignedSetpoint.msg\n'}
[17.047229] (px4_msgs) StdoutLine: {'line': b'-- Up-to-date: /home/subhalaxmi/nidar_ws/install/px4_msgs/share/px4_msgs/msg/ObstacleDistance.msg\n'}
[17.047535] (px4_msgs) StdoutLine: {'line': b'-- Up-to-date: /home/subhalaxmi/nidar_ws/install/px4_msgs/share/px4_msgs/msg/OffboardControlMode.msg\n'}
[17.047741] (px4_msgs) StdoutLine: {'line': b'-- Up-to-date: /home/subhalaxmi/nidar_ws/install/px4_msgs/share/px4_msgs/msg/OnboardComputerStatus.msg\n'}
[17.047990] (px4_msgs) StdoutLine: {'line': b'-- Up-to-date: /home/subhalaxmi/nidar_ws/install/px4_msgs/share/px4_msgs/msg/OpenDroneIdArmStatus.msg\n'}
[17.048218] (px4_msgs) StdoutLine: {'line': b'-- Up-to-date: /home/subhalaxmi/nidar_ws/install/px4_msgs/share/px4_msgs/msg/OpenDroneIdOperatorId.msg\n'}
[17.048431] (px4_msgs) StdoutLine: {'line': b'-- Up-to-date: /home/subhalaxmi/nidar_ws/install/px4_msgs/share/px4_msgs/msg/OpenDroneIdSelfId.msg\n'}
[17.048628] (px4_msgs) StdoutLine: {'line': b'-- Up-to-date: /home/subhalaxmi/nidar_ws/install/px4_msgs/share/px4_msgs/msg/OpenDroneIdSystem.msg\n'}
[17.048836] (px4_msgs) StdoutLine: {'line': b'-- Up-to-date: /home/subhalaxmi/nidar_ws/install/px4_msgs/share/px4_msgs/msg/OrbTest.msg\n'}
[17.049064] (px4_msgs) StdoutLine: {'line': b'-- Up-to-date: /home/subhalaxmi/nidar_ws/install/px4_msgs/share/px4_msgs/msg/OrbTestLarge.msg\n'}
[17.049267] (px4_msgs) StdoutLine: {'line': b'-- Up-to-date: /home/subhalaxmi/nidar_ws/install/px4_msgs/share/px4_msgs/msg/OrbTestMedium.msg\n'}
[17.049457] (px4_msgs) StdoutLine: {'line': b'-- Up-to-date: /home/subhalaxmi/nidar_ws/install/px4_msgs/share/px4_msgs/msg/OrbitStatus.msg\n'}
[17.049759] (px4_msgs) StdoutLine: {'line': b'-- Up-to-date: /home/subhalaxmi/nidar_ws/install/px4_msgs/share/px4_msgs/msg/ParameterResetRequest.msg\n'}
[17.049999] (px4_msgs) StdoutLine: {'line': b'-- Up-to-date: /home/subhalaxmi/nidar_ws/install/px4_msgs/share/px4_msgs/msg/ParameterSetUsedRequest.msg\n'}
[17.050202] (px4_msgs) StdoutLine: {'line': b'-- Up-to-date: /home/subhalaxmi/nidar_ws/install/px4_msgs/share/px4_msgs/msg/ParameterSetValueRequest.msg\n'}
[17.050402] (px4_msgs) StdoutLine: {'line': b'-- Up-to-date: /home/subhalaxmi/nidar_ws/install/px4_msgs/share/px4_msgs/msg/ParameterSetValueResponse.msg\n'}
[17.050597] (px4_msgs) StdoutLine: {'line': b'-- Up-to-date: /home/subhalaxmi/nidar_ws/install/px4_msgs/share/px4_msgs/msg/ParameterUpdate.msg\n'}
[17.050784] (px4_msgs) StdoutLine: {'line': b'-- Up-to-date: /home/subhalaxmi/nidar_ws/install/px4_msgs/share/px4_msgs/msg/Ping.msg\n'}
[17.051000] (px4_msgs) StdoutLine: {'line': b'-- Up-to-date: /home/subhalaxmi/nidar_ws/install/px4_msgs/share/px4_msgs/msg/PositionControllerLandingStatus.msg\n'}
[17.051198] (px4_msgs) StdoutLine: {'line': b'-- Up-to-date: /home/subhalaxmi/nidar_ws/install/px4_msgs/share/px4_msgs/msg/PositionControllerStatus.msg\n'}
[17.051387] (px4_msgs) StdoutLine: {'line': b'-- Up-to-date: /home/subhalaxmi/nidar_ws/install/px4_msgs/share/px4_msgs/msg/PositionSetpoint.msg\n'}
[17.051576] (px4_msgs) StdoutLine: {'line': b'-- Up-to-date: /home/subhalaxmi/nidar_ws/install/px4_msgs/share/px4_msgs/msg/PositionSetpointTriplet.msg\n'}
[17.051758] (px4_msgs) StdoutLine: {'line': b'-- Up-to-date: /home/subhalaxmi/nidar_ws/install/px4_msgs/share/px4_msgs/msg/PowerButtonState.msg\n'}
[17.052070] (px4_msgs) StdoutLine: {'line': b'-- Up-to-date: /home/subhalaxmi/nidar_ws/install/px4_msgs/share/px4_msgs/msg/PowerMonitor.msg\n'}
[17.052262] (px4_msgs) StdoutLine: {'line': b'-- Up-to-date: /home/subhalaxmi/nidar_ws/install/px4_msgs/share/px4_msgs/msg/PpsCapture.msg\n'}
[17.052505] (px4_msgs) StdoutLine: {'line': b'-- Up-to-date: /home/subhalaxmi/nidar_ws/install/px4_msgs/share/px4_msgs/msg/PurePursuitStatus.msg\n'}
[17.052711] (px4_msgs) StdoutLine: {'line': b'-- Up-to-date: /home/subhalaxmi/nidar_ws/install/px4_msgs/share/px4_msgs/msg/PwmInput.msg\n'}
[17.052920] (px4_msgs) StdoutLine: {'line': b'-- Up-to-date: /home/subhalaxmi/nidar_ws/install/px4_msgs/share/px4_msgs/msg/Px4ioStatus.msg\n'}
[17.053127] (px4_msgs) StdoutLine: {'line': b'-- Up-to-date: /home/subhalaxmi/nidar_ws/install/px4_msgs/share/px4_msgs/msg/QshellReq.msg\n'}
[17.053311] (px4_msgs) StdoutLine: {'line': b'-- Up-to-date: /home/subhalaxmi/nidar_ws/install/px4_msgs/share/px4_msgs/msg/QshellRetval.msg\n'}
[17.053491] (px4_msgs) StdoutLine: {'line': b'-- Up-to-date: /home/subhalaxmi/nidar_ws/install/px4_msgs/share/px4_msgs/msg/RadioStatus.msg\n'}
[17.053672] (px4_msgs) StdoutLine: {'line': b'-- Up-to-date: /home/subhalaxmi/nidar_ws/install/px4_msgs/share/px4_msgs/msg/RaptorInput.msg\n'}
[17.053881] (px4_msgs) StdoutLine: {'line': b'-- Up-to-date: /home/subhalaxmi/nidar_ws/install/px4_msgs/share/px4_msgs/msg/RaptorStatus.msg\n'}
[17.054094] (px4_msgs) StdoutLine: {'line': b'-- Up-to-date: /home/subhalaxmi/nidar_ws/install/px4_msgs/share/px4_msgs/msg/RateCtrlStatus.msg\n'}
[17.054389] (-) TimerEvent: {}
[17.054630] (px4_msgs) StdoutLine: {'line': b'-- Up-to-date: /home/subhalaxmi/nidar_ws/install/px4_msgs/share/px4_msgs/msg/RcChannels.msg\n'}
[17.054937] (px4_msgs) StdoutLine: {'line': b'-- Up-to-date: /home/subhalaxmi/nidar_ws/install/px4_msgs/share/px4_msgs/msg/RcParameterMap.msg\n'}
[17.055167] (px4_msgs) StdoutLine: {'line': b'-- Up-to-date: /home/subhalaxmi/nidar_ws/install/px4_msgs/share/px4_msgs/msg/RegisterExtComponentReply.msg\n'}
[17.055379] (px4_msgs) StdoutLine: {'line': b'-- Up-to-date: /home/subhalaxmi/nidar_ws/install/px4_msgs/share/px4_msgs/msg/RegisterExtComponentRequest.msg\n'}
[17.055586] (px4_msgs) StdoutLine: {'line': b'-- Up-to-date: /home/subhalaxmi/nidar_ws/install/px4_msgs/share/px4_msgs/msg/RoverAttitudeSetpoint.msg\n'}
[17.055788] (px4_msgs) StdoutLine: {'line': b'-- Up-to-date: /home/subhalaxmi/nidar_ws/install/px4_msgs/share/px4_msgs/msg/RoverAttitudeStatus.msg\n'}
[17.056026] (px4_msgs) StdoutLine: {'line': b'-- Up-to-date: /home/subhalaxmi/nidar_ws/install/px4_msgs/share/px4_msgs/msg/RoverPositionSetpoint.msg\n'}
[17.056223] (px4_msgs) StdoutLine: {'line': b'-- Up-to-date: /home/subhalaxmi/nidar_ws/install/px4_msgs/share/px4_msgs/msg/RoverRateSetpoint.msg\n'}
[17.056417] (px4_msgs) StdoutLine: {'line': b'-- Up-to-date: /home/subhalaxmi/nidar_ws/install/px4_msgs/share/px4_msgs/msg/RoverRateStatus.msg\n'}
[17.056701] (px4_msgs) StdoutLine: {'line': b'-- Up-to-date: /home/subhalaxmi/nidar_ws/install/px4_msgs/share/px4_msgs/msg/RoverSpeedSetpoint.msg\n'}
[17.056926] (px4_msgs) StdoutLine: {'line': b'-- Up-to-date: /home/subhalaxmi/nidar_ws/install/px4_msgs/share/px4_msgs/msg/RoverSpeedStatus.msg\n'}
[17.057134] (px4_msgs) StdoutLine: {'line': b'-- Up-to-date: /home/subhalaxmi/nidar_ws/install/px4_msgs/share/px4_msgs/msg/RoverSteeringSetpoint.msg\n'}
[17.057328] (px4_msgs) StdoutLine: {'line': b'-- Up-to-date: /home/subhalaxmi/nidar_ws/install/px4_msgs/share/px4_msgs/msg/RoverThrottleSetpoint.msg\n'}
[17.057519] (px4_msgs) StdoutLine: {'line': b'-- Up-to-date: /home/subhalaxmi/nidar_ws/install/px4_msgs/share/px4_msgs/msg/Rpm.msg\n'}
[17.057712] (px4_msgs) StdoutLine: {'line': b'-- Up-to-date: /home/subhalaxmi/nidar_ws/install/px4_msgs/share/px4_msgs/msg/RtlStatus.msg\n'}
[17.057928] (px4_msgs) StdoutLine: {'line': b'-- Up-to-date: /home/subhalaxmi/nidar_ws/install/px4_msgs/share/px4_msgs/msg/RtlTimeEstimate.msg\n'}
[17.058130] (px4_msgs) StdoutLine: {'line': b'-- Up-to-date: /home/subhalaxmi/nidar_ws/install/px4_msgs/share/px4_msgs/msg/SatelliteInfo.msg\n'}
[17.058323] (px4_msgs) StdoutLine: {'line': b'-- Up-to-date: /home/subhalaxmi/nidar_ws/install/px4_msgs/share/px4_msgs/msg/SensorAccel.msg\n'}
[17.058520] (px4_msgs) StdoutLine: {'line': b'-- Up-to-date: /home/subhalaxmi/nidar_ws/install/px4_msgs/share/px4_msgs/msg/SensorAccelFifo.msg\n'}
[17.058844] (px4_msgs) StdoutLine: {'line': b'-- Up-to-date: /home/subhalaxmi/nidar_ws/install/px4_msgs/share/px4_msgs/msg/SensorAirflow.msg\n'}
[17.059140] (px4_msgs) StdoutLine: {'line': b'-- Up-to-date: /home/subhalaxmi/nidar_ws/install/px4_msgs/share/px4_msgs/msg/SensorBaro.msg\n'}
[17.059354] (px4_msgs) StdoutLine: {'line': b'-- Up-to-date: /home/subhalaxmi/nidar_ws/install/px4_msgs/share/px4_msgs/msg/SensorCombined.msg\n'}
[17.059551] (px4_msgs) StdoutLine: {'line': b'-- Up-to-date: /home/subhalaxmi/nidar_ws/install/px4_msgs/share/px4_msgs/msg/SensorCorrection.msg\n'}
[17.059748] (px4_msgs) StdoutLine: {'line': b'-- Up-to-date: /home/subhalaxmi/nidar_ws/install/px4_msgs/share/px4_msgs/msg/SensorGnssRelative.msg\n'}
[17.059975] (px4_msgs) StdoutLine: {'line': b'-- Up-to-date: /home/subhalaxmi/nidar_ws/install/px4_msgs/share/px4_msgs/msg/SensorGnssStatus.msg\n'}
[17.060500] (px4_msgs) StdoutLine: {'line': b'-- Up-to-date: /home/subhalaxmi/nidar_ws/install/px4_msgs/share/px4_msgs/msg/SensorGps.msg\n'}
[17.060895] (px4_msgs) StdoutLine: {'line': b'-- Up-to-date: /home/subhalaxmi/nidar_ws/install/px4_msgs/share/px4_msgs/msg/SensorGyro.msg\n'}
[17.061200] (px4_msgs) StdoutLine: {'line': b'-- Up-to-date: /home/subhalaxmi/nidar_ws/install/px4_msgs/share/px4_msgs/msg/SensorGyroFft.msg\n'}
[17.061677] (px4_msgs) StdoutLine: {'line': b'-- Up-to-date: /home/subhalaxmi/nidar_ws/install/px4_msgs/share/px4_msgs/msg/SensorGyroFifo.msg\n'}
[17.062016] (px4_msgs) StdoutLine: {'line': b'-- Up-to-date: /home/subhalaxmi/nidar_ws/install/px4_msgs/share/px4_msgs/msg/SensorHygrometer.msg\n'}
[17.062274] (px4_msgs) StdoutLine: {'line': b'-- Up-to-date: /home/subhalaxmi/nidar_ws/install/px4_msgs/share/px4_msgs/msg/SensorMag.msg\n'}
[17.062691] (px4_msgs) StdoutLine: {'line': b'-- Up-to-date: /home/subhalaxmi/nidar_ws/install/px4_msgs/share/px4_msgs/msg/SensorOpticalFlow.msg\n'}
[17.063049] (px4_msgs) StdoutLine: {'line': b'-- Up-to-date: /home/subhalaxmi/nidar_ws/install/px4_msgs/share/px4_msgs/msg/SensorPreflightMag.msg\n'}
[17.063360] (px4_msgs) StdoutLine: {'line': b'-- Up-to-date: /home/subhalaxmi/nidar_ws/install/px4_msgs/share/px4_msgs/msg/SensorSelection.msg\n'}
[17.063606] (px4_msgs) StdoutLine: {'line': b'-- Up-to-date: /home/subhalaxmi/nidar_ws/install/px4_msgs/share/px4_msgs/msg/SensorTemp.msg\n'}
[17.064041] (px4_msgs) StdoutLine: {'line': b'-- Up-to-date: /home/subhalaxmi/nidar_ws/install/px4_msgs/share/px4_msgs/msg/SensorUwb.msg\n'}
[17.064319] (px4_msgs) StdoutLine: {'line': b'-- Up-to-date: /home/subhalaxmi/nidar_ws/install/px4_msgs/share/px4_msgs/msg/SensorsStatus.msg\n'}
[17.064627] (px4_msgs) StdoutLine: {'line': b'-- Up-to-date: /home/subhalaxmi/nidar_ws/install/px4_msgs/share/px4_msgs/msg/SensorsStatusImu.msg\n'}
[17.065317] (px4_msgs) StdoutLine: {'line': b'-- Up-to-date: /home/subhalaxmi/nidar_ws/install/px4_msgs/share/px4_msgs/msg/SystemPower.msg\n'}
[17.065645] (px4_msgs) StdoutLine: {'line': b'-- Up-to-date: /home/subhalaxmi/nidar_ws/install/px4_msgs/share/px4_msgs/msg/TakeoffStatus.msg\n'}
[17.065983] (px4_msgs) StdoutLine: {'line': b'-- Up-to-date: /home/subhalaxmi/nidar_ws/install/px4_msgs/share/px4_msgs/msg/TaskStackInfo.msg\n'}
[17.066229] (px4_msgs) StdoutLine: {'line': b'-- Up-to-date: /home/subhalaxmi/nidar_ws/install/px4_msgs/share/px4_msgs/msg/TecsStatus.msg\n'}
[17.066601] (px4_msgs) StdoutLine: {'line': b'-- Up-to-date: /home/subhalaxmi/nidar_ws/install/px4_msgs/share/px4_msgs/msg/TelemetryStatus.msg\n'}
[17.067099] (px4_msgs) StdoutLine: {'line': b'-- Up-to-date: /home/subhalaxmi/nidar_ws/install/px4_msgs/share/px4_msgs/msg/TiltrotorExtraControls.msg\n'}
[17.067927] (px4_msgs) StdoutLine: {'line': b'-- Up-to-date: /home/subhalaxmi/nidar_ws/install/px4_msgs/share/px4_msgs/msg/TimesyncStatus.msg\n'}
[17.068742] (px4_msgs) StdoutLine: {'line': b'-- Up-to-date: /home/subhalaxmi/nidar_ws/install/px4_msgs/share/px4_msgs/msg/TrajectorySetpoint.msg\n'}
[17.069769] (px4_msgs) StdoutLine: {'line': b'-- Up-to-date: /home/subhalaxmi/nidar_ws/install/px4_msgs/share/px4_msgs/msg/TrajectorySetpoint6dof.msg\n'}
[17.070289] (px4_msgs) StdoutLine: {'line': b'-- Up-to-date: /home/subhalaxmi/nidar_ws/install/px4_msgs/share/px4_msgs/msg/TransponderReport.msg\n'}
[17.070566] (px4_msgs) StdoutLine: {'line': b'-- Up-to-date: /home/subhalaxmi/nidar_ws/install/px4_msgs/share/px4_msgs/msg/TuneControl.msg\n'}
[17.070799] (px4_msgs) StdoutLine: {'line': b'-- Up-to-date: /home/subhalaxmi/nidar_ws/install/px4_msgs/share/px4_msgs/msg/UavcanParameterRequest.msg\n'}
[17.071081] (px4_msgs) StdoutLine: {'line': b'-- Up-to-date: /home/subhalaxmi/nidar_ws/install/px4_msgs/share/px4_msgs/msg/UavcanParameterValue.msg\n'}
[17.071407] (px4_msgs) StdoutLine: {'line': b'-- Up-to-date: /home/subhalaxmi/nidar_ws/install/px4_msgs/share/px4_msgs/msg/UlogStream.msg\n'}
[17.071671] (px4_msgs) StdoutLine: {'line': b'-- Up-to-date: /home/subhalaxmi/nidar_ws/install/px4_msgs/share/px4_msgs/msg/UlogStreamAck.msg\n'}
[17.071959] (px4_msgs) StdoutLine: {'line': b'-- Up-to-date: /home/subhalaxmi/nidar_ws/install/px4_msgs/share/px4_msgs/msg/UnregisterExtComponent.msg\n'}
[17.072218] (px4_msgs) StdoutLine: {'line': b'-- Up-to-date: /home/subhalaxmi/nidar_ws/install/px4_msgs/share/px4_msgs/msg/VehicleAcceleration.msg\n'}
[17.072580] (px4_msgs) StdoutLine: {'line': b'-- Up-to-date: /home/subhalaxmi/nidar_ws/install/px4_msgs/share/px4_msgs/msg/VehicleAirData.msg\n'}
[17.072880] (px4_msgs) StdoutLine: {'line': b'-- Up-to-date: /home/subhalaxmi/nidar_ws/install/px4_msgs/share/px4_msgs/msg/VehicleAngularAccelerationSetpoint.msg\n'}
[17.073163] (px4_msgs) StdoutLine: {'line': b'-- Up-to-date: /home/subhalaxmi/nidar_ws/install/px4_msgs/share/px4_msgs/msg/VehicleAngularVelocity.msg\n'}
[17.073924] (px4_msgs) StdoutLine: {'line': b'-- Up-to-date: /home/subhalaxmi/nidar_ws/install/px4_msgs/share/px4_msgs/msg/VehicleAttitude.msg\n'}
[17.074580] (px4_msgs) StdoutLine: {'line': b'-- Up-to-date: /home/subhalaxmi/nidar_ws/install/px4_msgs/share/px4_msgs/msg/VehicleAttitudeSetpoint.msg\n'}
[17.075276] (px4_msgs) StdoutLine: {'line': b'-- Up-to-date: /home/subhalaxmi/nidar_ws/install/px4_msgs/share/px4_msgs/msg/VehicleCommand.msg\n'}
[17.075820] (px4_msgs) StdoutLine: {'line': b'-- Up-to-date: /home/subhalaxmi/nidar_ws/install/px4_msgs/share/px4_msgs/msg/VehicleCommandAck.msg\n'}
[17.076484] (px4_msgs) StdoutLine: {'line': b'-- Up-to-date: /home/subhalaxmi/nidar_ws/install/px4_msgs/share/px4_msgs/msg/VehicleConstraints.msg\n'}
[17.076716] (px4_msgs) StdoutLine: {'line': b'-- Up-to-date: /home/subhalaxmi/nidar_ws/install/px4_msgs/share/px4_msgs/msg/VehicleControlMode.msg\n'}
[17.076966] (px4_msgs) StdoutLine: {'line': b'-- Up-to-date: /home/subhalaxmi/nidar_ws/install/px4_msgs/share/px4_msgs/msg/VehicleGlobalPosition.msg\n'}
[17.077177] (px4_msgs) StdoutLine: {'line': b'-- Up-to-date: /home/subhalaxmi/nidar_ws/install/px4_msgs/share/px4_msgs/msg/VehicleImu.msg\n'}
[17.077525] (px4_msgs) StdoutLine: {'line': b'-- Up-to-date: /home/subhalaxmi/nidar_ws/install/px4_msgs/share/px4_msgs/msg/VehicleImuStatus.msg\n'}
[17.077757] (px4_msgs) StdoutLine: {'line': b'-- Up-to-date: /home/subhalaxmi/nidar_ws/install/px4_msgs/share/px4_msgs/msg/VehicleLandDetected.msg\n'}
[17.077996] (px4_msgs) StdoutLine: {'line': b'-- Up-to-date: /home/subhalaxmi/nidar_ws/install/px4_msgs/share/px4_msgs/msg/VehicleLocalPosition.msg\n'}
[17.078203] (px4_msgs) StdoutLine: {'line': b'-- Up-to-date: /home/subhalaxmi/nidar_ws/install/px4_msgs/share/px4_msgs/msg/VehicleLocalPositionSetpoint.msg\n'}
[17.078423] (px4_msgs) StdoutLine: {'line': b'-- Up-to-date: /home/subhalaxmi/nidar_ws/install/px4_msgs/share/px4_msgs/msg/VehicleMagnetometer.msg\n'}
[17.078710] (px4_msgs) StdoutLine: {'line': b'-- Up-to-date: /home/subhalaxmi/nidar_ws/install/px4_msgs/share/px4_msgs/msg/VehicleOdometry.msg\n'}
[17.078957] (px4_msgs) StdoutLine: {'line': b'-- Up-to-date: /home/subhalaxmi/nidar_ws/install/px4_msgs/share/px4_msgs/msg/VehicleOpticalFlow.msg\n'}
[17.079162] (px4_msgs) StdoutLine: {'line': b'-- Up-to-date: /home/subhalaxmi/nidar_ws/install/px4_msgs/share/px4_msgs/msg/VehicleOpticalFlowVel.msg\n'}
[17.079358] (px4_msgs) StdoutLine: {'line': b'-- Up-to-date: /home/subhalaxmi/nidar_ws/install/px4_msgs/share/px4_msgs/msg/VehicleRatesSetpoint.msg\n'}
[17.079578] (px4_msgs) StdoutLine: {'line': b'-- Up-to-date: /home/subhalaxmi/nidar_ws/install/px4_msgs/share/px4_msgs/msg/VehicleRoi.msg\n'}
[17.079775] (px4_msgs) StdoutLine: {'line': b'-- Up-to-date: /home/subhalaxmi/nidar_ws/install/px4_msgs/share/px4_msgs/msg/VehicleStatus.msg\n'}
[17.080140] (px4_msgs) StdoutLine: {'line': b'-- Up-to-date: /home/subhalaxmi/nidar_ws/install/px4_msgs/share/px4_msgs/msg/VehicleThrustSetpoint.msg\n'}
[17.080354] (px4_msgs) StdoutLine: {'line': b'-- Up-to-date: /home/subhalaxmi/nidar_ws/install/px4_msgs/share/px4_msgs/msg/VehicleTorqueSetpoint.msg\n'}
[17.080541] (px4_msgs) StdoutLine: {'line': b'-- Up-to-date: /home/subhalaxmi/nidar_ws/install/px4_msgs/share/px4_msgs/msg/VelocityLimits.msg\n'}
[17.080718] (px4_msgs) StdoutLine: {'line': b'-- Up-to-date: /home/subhalaxmi/nidar_ws/install/px4_msgs/share/px4_msgs/msg/VtolVehicleStatus.msg\n'}
[17.080967] (px4_msgs) StdoutLine: {'line': b'-- Up-to-date: /home/subhalaxmi/nidar_ws/install/px4_msgs/share/px4_msgs/msg/Vtx.msg\n'}
[17.081305] (px4_msgs) StdoutLine: {'line': b'-- Up-to-date: /home/subhalaxmi/nidar_ws/install/px4_msgs/share/px4_msgs/msg/WheelEncoders.msg\n'}
[17.081526] (px4_msgs) StdoutLine: {'line': b'-- Up-to-date: /home/subhalaxmi/nidar_ws/install/px4_msgs/share/px4_msgs/msg/Wind.msg\n'}
[17.081737] (px4_msgs) StdoutLine: {'line': b'-- Up-to-date: /home/subhalaxmi/nidar_ws/install/px4_msgs/share/px4_msgs/msg/YawEstimatorStatus.msg\n'}
[17.082025] (px4_msgs) StdoutLine: {'line': b'-- Up-to-date: /home/subhalaxmi/nidar_ws/install/px4_msgs/share/px4_msgs/srv/VehicleCommand.srv\n'}
[17.082336] (px4_msgs) StdoutLine: {'line': b'-- Up-to-date: /home/subhalaxmi/nidar_ws/install/px4_msgs/share/px4_msgs/srv/VehicleCommand_Request.msg\n'}
[17.082640] (px4_msgs) StdoutLine: {'line': b'-- Up-to-date: /home/subhalaxmi/nidar_ws/install/px4_msgs/share/px4_msgs/srv/VehicleCommand_Response.msg\n'}
[17.082869] (px4_msgs) StdoutLine: {'line': b'-- Up-to-date: /home/subhalaxmi/nidar_ws/install/px4_msgs/share/ament_index/resource_index/package_run_dependencies/px4_msgs\n'}
[17.083103] (px4_msgs) StdoutLine: {'line': b'-- Up-to-date: /home/subhalaxmi/nidar_ws/install/px4_msgs/share/ament_index/resource_index/parent_prefix_path/px4_msgs\n'}
[17.083311] (px4_msgs) StdoutLine: {'line': b'-- Up-to-date: /home/subhalaxmi/nidar_ws/install/px4_msgs/share/px4_msgs/environment/ament_prefix_path.sh\n'}
[17.083511] (px4_msgs) StdoutLine: {'line': b'-- Up-to-date: /home/subhalaxmi/nidar_ws/install/px4_msgs/share/px4_msgs/environment/ament_prefix_path.dsv\n'}
[17.083961] (px4_msgs) StdoutLine: {'line': b'-- Up-to-date: /home/subhalaxmi/nidar_ws/install/px4_msgs/share/px4_msgs/environment/path.sh\n'}
[17.084510] (px4_msgs) StdoutLine: {'line': b'-- Up-to-date: /home/subhalaxmi/nidar_ws/install/px4_msgs/share/px4_msgs/environment/path.dsv\n'}
[17.084870] (px4_msgs) StdoutLine: {'line': b'-- Up-to-date: /home/subhalaxmi/nidar_ws/install/px4_msgs/share/px4_msgs/local_setup.bash\n'}
[17.085152] (px4_msgs) StdoutLine: {'line': b'-- Up-to-date: /home/subhalaxmi/nidar_ws/install/px4_msgs/share/px4_msgs/local_setup.sh\n'}
[17.085374] (px4_msgs) StdoutLine: {'line': b'-- Up-to-date: /home/subhalaxmi/nidar_ws/install/px4_msgs/share/px4_msgs/local_setup.zsh\n'}
[17.085566] (px4_msgs) StdoutLine: {'line': b'-- Up-to-date: /home/subhalaxmi/nidar_ws/install/px4_msgs/share/px4_msgs/local_setup.dsv\n'}
[17.085774] (px4_msgs) StdoutLine: {'line': b'-- Installing: /home/subhalaxmi/nidar_ws/install/px4_msgs/share/px4_msgs/package.dsv\n'}
[17.086064] (px4_msgs) StdoutLine: {'line': b'-- Up-to-date: /home/subhalaxmi/nidar_ws/install/px4_msgs/share/ament_index/resource_index/packages/px4_msgs\n'}
[17.086267] (px4_msgs) StdoutLine: {'line': b'-- Up-to-date: /home/subhalaxmi/nidar_ws/install/px4_msgs/share/px4_msgs/cmake/export_px4_msgs__rosidl_generator_cExport.cmake\n'}
[17.086458] (px4_msgs) StdoutLine: {'line': b'-- Up-to-date: /home/subhalaxmi/nidar_ws/install/px4_msgs/share/px4_msgs/cmake/export_px4_msgs__rosidl_generator_cExport-noconfig.cmake\n'}
[17.086688] (px4_msgs) StdoutLine: {'line': b'-- Up-to-date: /home/subhalaxmi/nidar_ws/install/px4_msgs/share/px4_msgs/cmake/export_px4_msgs__rosidl_typesupport_fastrtps_cExport.cmake\n'}
[17.086909] (px4_msgs) StdoutLine: {'line': b'-- Up-to-date: /home/subhalaxmi/nidar_ws/install/px4_msgs/share/px4_msgs/cmake/export_px4_msgs__rosidl_typesupport_fastrtps_cExport-noconfig.cmake\n'}
[17.087119] (px4_msgs) StdoutLine: {'line': b'-- Up-to-date: /home/subhalaxmi/nidar_ws/install/px4_msgs/share/px4_msgs/cmake/export_px4_msgs__rosidl_generator_cppExport.cmake\n'}
[17.087307] (px4_msgs) StdoutLine: {'line': b'-- Up-to-date: /home/subhalaxmi/nidar_ws/install/px4_msgs/share/px4_msgs/cmake/export_px4_msgs__rosidl_typesupport_fastrtps_cppExport.cmake\n'}
[17.087510] (px4_msgs) StdoutLine: {'line': b'-- Up-to-date: /home/subhalaxmi/nidar_ws/install/px4_msgs/share/px4_msgs/cmake/export_px4_msgs__rosidl_typesupport_fastrtps_cppExport-noconfig.cmake\n'}
[17.087712] (px4_msgs) StdoutLine: {'line': b'-- Up-to-date: /home/subhalaxmi/nidar_ws/install/px4_msgs/share/px4_msgs/cmake/px4_msgs__rosidl_typesupport_introspection_cExport.cmake\n'}
[17.087955] (px4_msgs) StdoutLine: {'line': b'-- Up-to-date: /home/subhalaxmi/nidar_ws/install/px4_msgs/share/px4_msgs/cmake/px4_msgs__rosidl_typesupport_introspection_cExport-noconfig.cmake\n'}
[17.088167] (px4_msgs) StdoutLine: {'line': b'-- Up-to-date: /home/subhalaxmi/nidar_ws/install/px4_msgs/share/px4_msgs/cmake/px4_msgs__rosidl_typesupport_cExport.cmake\n'}
[17.088362] (px4_msgs) StdoutLine: {'line': b'-- Up-to-date: /home/subhalaxmi/nidar_ws/install/px4_msgs/share/px4_msgs/cmake/px4_msgs__rosidl_typesupport_cExport-noconfig.cmake\n'}
[17.088553] (px4_msgs) StdoutLine: {'line': b'-- Up-to-date: /home/subhalaxmi/nidar_ws/install/px4_msgs/share/px4_msgs/cmake/px4_msgs__rosidl_typesupport_introspection_cppExport.cmake\n'}
[17.088750] (px4_msgs) StdoutLine: {'line': b'-- Up-to-date: /home/subhalaxmi/nidar_ws/install/px4_msgs/share/px4_msgs/cmake/px4_msgs__rosidl_typesupport_introspection_cppExport-noconfig.cmake\n'}
[17.089130] (px4_msgs) StdoutLine: {'line': b'-- Up-to-date: /home/subhalaxmi/nidar_ws/install/px4_msgs/share/px4_msgs/cmake/px4_msgs__rosidl_typesupport_cppExport.cmake\n'}
[17.089689] (px4_msgs) StdoutLine: {'line': b'-- Up-to-date: /home/subhalaxmi/nidar_ws/install/px4_msgs/share/px4_msgs/cmake/px4_msgs__rosidl_typesupport_cppExport-noconfig.cmake\n'}
[17.089993] (px4_msgs) StdoutLine: {'line': b'-- Up-to-date: /home/subhalaxmi/nidar_ws/install/px4_msgs/share/px4_msgs/cmake/export_px4_msgs__rosidl_generator_pyExport.cmake\n'}
[17.090227] (px4_msgs) StdoutLine: {'line': b'-- Up-to-date: /home/subhalaxmi/nidar_ws/install/px4_msgs/share/px4_msgs/cmake/export_px4_msgs__rosidl_generator_pyExport-noconfig.cmake\n'}
[17.090448] (px4_msgs) StdoutLine: {'line': b'-- Up-to-date: /home/subhalaxmi/nidar_ws/install/px4_msgs/share/px4_msgs/cmake/rosidl_cmake-extras.cmake\n'}
[17.090658] (px4_msgs) StdoutLine: {'line': b'-- Up-to-date: /home/subhalaxmi/nidar_ws/install/px4_msgs/share/px4_msgs/cmake/ament_cmake_export_dependencies-extras.cmake\n'}
[17.091001] (px4_msgs) StdoutLine: {'line': b'-- Up-to-date: /home/subhalaxmi/nidar_ws/install/px4_msgs/share/px4_msgs/cmake/ament_cmake_export_include_directories-extras.cmake\n'}
[17.091263] (px4_msgs) StdoutLine: {'line': b'-- Up-to-date: /home/subhalaxmi/nidar_ws/install/px4_msgs/share/px4_msgs/cmake/ament_cmake_export_libraries-extras.cmake\n'}
[17.091474] (px4_msgs) StdoutLine: {'line': b'-- Up-to-date: /home/subhalaxmi/nidar_ws/install/px4_msgs/share/px4_msgs/cmake/ament_cmake_export_targets-extras.cmake\n'}
[17.091681] (px4_msgs) StdoutLine: {'line': b'-- Up-to-date: /home/subhalaxmi/nidar_ws/install/px4_msgs/share/px4_msgs/cmake/rosidl_cmake_export_typesupport_targets-extras.cmake\n'}
[17.091962] (px4_msgs) StdoutLine: {'line': b'-- Up-to-date: /home/subhalaxmi/nidar_ws/install/px4_msgs/share/px4_msgs/cmake/rosidl_cmake_export_typesupport_libraries-extras.cmake\n'}
[17.092314] (px4_msgs) StdoutLine: {'line': b'-- Up-to-date: /home/subhalaxmi/nidar_ws/install/px4_msgs/share/px4_msgs/cmake/px4_msgsConfig.cmake\n'}
[17.092550] (px4_msgs) StdoutLine: {'line': b'-- Up-to-date: /home/subhalaxmi/nidar_ws/install/px4_msgs/share/px4_msgs/cmake/px4_msgsConfig-version.cmake\n'}
[17.092770] (px4_msgs) StdoutLine: {'line': b'-- Up-to-date: /home/subhalaxmi/nidar_ws/install/px4_msgs/share/px4_msgs/package.xml\n'}
[17.093035] (px4_msgs) CommandEnded: {'returncode': 0}
[17.094316] (px4_msgs) JobEnded: {'identifier': 'px4_msgs', 'rc': 0}
[17.095640] (nidar_flight) JobStarted: {'identifier': 'nidar_flight'}
[17.154882] (-) TimerEvent: {}
[17.255395] (-) TimerEvent: {}
[17.356032] (-) TimerEvent: {}
[17.457499] (-) TimerEvent: {}
[17.559346] (-) TimerEvent: {}
[17.660431] (-) TimerEvent: {}
[17.761854] (-) TimerEvent: {}
[17.862772] (-) TimerEvent: {}
[17.963391] (-) TimerEvent: {}
[18.064299] (-) TimerEvent: {}
[18.165349] (-) TimerEvent: {}
[18.267077] (-) TimerEvent: {}
[18.367600] (-) TimerEvent: {}
[18.468105] (-) TimerEvent: {}
[18.571063] (-) TimerEvent: {}
[18.672324] (-) TimerEvent: {}
[18.773517] (-) TimerEvent: {}
[18.874231] (-) TimerEvent: {}
[18.974788] (-) TimerEvent: {}
[19.075551] (-) TimerEvent: {}
[19.176544] (-) TimerEvent: {}
[19.277088] (-) TimerEvent: {}
[19.378961] (-) TimerEvent: {}
[19.482102] (-) TimerEvent: {}
[19.585346] (-) TimerEvent: {}
[19.612664] (nidar_flight) Command: {'cmd': ['/usr/bin/python3', '-W', 'ignore:setup.py install is deprecated', '-W', 'ignore:easy_install command is deprecated', 'setup.py', 'egg_info', '--egg-base', '../../build/nidar_flight', 'build', '--build-base', '/home/subhalaxmi/nidar_ws/build/nidar_flight/build', 'install', '--record', '/home/subhalaxmi/nidar_ws/build/nidar_flight/install.log', '--single-version-externally-managed', 'install_data'], 'cwd': '/home/subhalaxmi/nidar_ws/src/nidar_flight', 'env': {'GJS_DEBUG_TOPICS': 'JS ERROR;JS LOG', 'LESSOPEN': '| /usr/bin/lesspipe %s', 'LANGUAGE': 'en_IN:en', 'USER': 'subhalaxmi', 'XDG_SESSION_TYPE': 'wayland', 'SHLVL': '1', 'LD_LIBRARY_PATH': '/home/subhalaxmi/nidar_ws/install/px4_msgs/lib:/opt/ros/humble/opt/rviz_ogre_vendor/lib:/opt/ros/humble/lib/x86_64-linux-gnu:/opt/ros/humble/lib', 'HOME': '/home/subhalaxmi', 'OLDPWD': '/home/subhalaxmi/nidar_ws', 'DESKTOP_SESSION': 'ubuntu', 'GIO_LAUNCHED_DESKTOP_FILE': '/usr/share/applications/terminator.desktop', 'ROS_PYTHON_VERSION': '3', 'GNOME_SHELL_SESSION_MODE': 'ubuntu', 'GTK_MODULES': 'gail:atk-bridge', 'MANAGERPID': '1036', 'SYSTEMD_EXEC_PID': '1178', 'DBUS_SESSION_BUS_ADDRESS': 'unix:path=/run/user/1000/bus', 'COLORTERM': 'truecolor', 'TERMINATOR_DBUS_NAME': 'net.tenshu.Terminator25ef4b219e3b005583550f2b0f9f990c3', 'GIO_LAUNCHED_DESKTOP_FILE_PID': '17318', 'IM_CONFIG_PHASE': '1', 'WAYLAND_DISPLAY': 'wayland-0', 'COLCON_PREFIX_PATH': '/home/subhalaxmi/nidar_ws/install:/home/subhalaxmi/rover_ws/install:/home/subhalaxmi/autonav_ws/install:/home/subhalaxmi/my_robot_ws/install:/home/subhalaxmi/ros2_ws/install', 'ROS_DISTRO': 'humble', 'LOGNAME': 'subhalaxmi', 'JOURNAL_STREAM': '8:8924', '_': '/usr/bin/colcon', 'ROS_VERSION': '2', 'XDG_SESSION_CLASS': 'user', 'USERNAME': 'subhalaxmi', 'TERM': 'xterm-256color', 'GNOME_DESKTOP_SESSION_ID': 'this-is-deprecated', 'ROS_LOCALHOST_ONLY': '0', 'PATH': '/home/subhalaxmi/.local/bin:/home/subhalaxmi/.local/bin:/opt/ros/humble/bin:/home/subhalaxmi/.local/bin:/usr/local/sbin:/usr/local/bin:/usr/sbin:/usr/bin:/sbin:/bin:/usr/games:/usr/local/games:/snap/bin:/snap/bin', 'SESSION_MANAGER': 'local/subhalaxmi-Lenovo-G50-80:@/tmp/.ICE-unix/1147,unix/subhalaxmi-Lenovo-G50-80:/tmp/.ICE-unix/1147', 'INVOCATION_ID': '5668d60ff2944fae98086cdc9fc421e1', 'XDG_MENU_PREFIX': 'gnome-', 'GNOME_SETUP_DISPLAY': ':1', 'XDG_RUNTIME_DIR': '/run/user/1000', 'DISPLAY': ':0', 'TERMINATOR_DBUS_PATH': '/net/tenshu/Terminator2', 'LANG': 'en_US.UTF-8', 'XDG_CURRENT_DESKTOP': 'ubuntu:GNOME', 'IBUS_DISABLE_SNOOPER': '1', 'XMODIFIERS': '@im=ibus', 'XDG_SESSION_DESKTOP': 'ubuntu', 'XAUTHORITY': '/run/user/1000/.mutter-Xwaylandauth.519EM3', 'LS_COLORS': 'rs=0:di=01;34:ln=01;36:mh=00:pi=40;33:so=01;35:do=01;35:bd=40;33;01:cd=40;33;01:or=40;31;01:mi=00:su=37;41:sg=30;43:ca=30;41:tw=30;42:ow=34;42:st=37;44:ex=01;32:*.tar=01;31:*.tgz=01;31:*.arc=01;31:*.arj=01;31:*.taz=01;31:*.lha=01;31:*.lz4=01;31:*.lzh=01;31:*.lzma=01;31:*.tlz=01;31:*.txz=01;31:*.tzo=01;31:*.t7z=01;31:*.zip=01;31:*.z=01;31:*.dz=01;31:*.gz=01;31:*.lrz=01;31:*.lz=01;31:*.lzo=01;31:*.xz=01;31:*.zst=01;31:*.tzst=01;31:*.bz2=01;31:*.bz=01;31:*.tbz=01;31:*.tbz2=01;31:*.tz=01;31:*.deb=01;31:*.rpm=01;31:*.jar=01;31:*.war=01;31:*.ear=01;31:*.sar=01;31:*.rar=01;31:*.alz=01;31:*.ace=01;31:*.zoo=01;31:*.cpio=01;31:*.7z=01;31:*.rz=01;31:*.cab=01;31:*.wim=01;31:*.swm=01;31:*.dwm=01;31:*.esd=01;31:*.jpg=01;35:*.jpeg=01;35:*.mjpg=01;35:*.mjpeg=01;35:*.gif=01;35:*.bmp=01;35:*.pbm=01;35:*.pgm=01;35:*.ppm=01;35:*.tga=01;35:*.xbm=01;35:*.xpm=01;35:*.tif=01;35:*.tiff=01;35:*.png=01;35:*.svg=01;35:*.svgz=01;35:*.mng=01;35:*.pcx=01;35:*.mov=01;35:*.mpg=01;35:*.mpeg=01;35:*.m2v=01;35:*.mkv=01;35:*.webm=01;35:*.webp=01;35:*.ogm=01;35:*.mp4=01;35:*.m4v=01;35:*.mp4v=01;35:*.vob=01;35:*.qt=01;35:*.nuv=01;35:*.wmv=01;35:*.asf=01;35:*.rm=01;35:*.rmvb=01;35:*.flc=01;35:*.avi=01;35:*.fli=01;35:*.flv=01;35:*.gl=01;35:*.dl=01;35:*.xcf=01;35:*.xwd=01;35:*.yuv=01;35:*.cgm=01;35:*.emf=01;35:*.ogv=01;35:*.ogx=01;35:*.aac=00;36:*.au=00;36:*.flac=00;36:*.m4a=00;36:*.mid=00;36:*.midi=00;36:*.mka=00;36:*.mp3=00;36:*.mpc=00;36:*.ogg=00;36:*.ra=00;36:*.wav=00;36:*.oga=00;36:*.opus=00;36:*.spx=00;36:*.xspf=00;36:', 'SSH_AGENT_LAUNCHER': 'gnome-keyring', 'SSH_AUTH_SOCK': '/run/user/1000/keyring/ssh', 'AMENT_PREFIX_PATH': '/home/subhalaxmi/nidar_ws/install/nidar_flight:/home/subhalaxmi/nidar_ws/install/px4_msgs:/home/subhalaxmi/nidar_ws/install/my_drone_bringup:/home/subhalaxmi/nidar_ws/install/drone_pkg:/home/subhalaxmi/rover_ws/install/rover_ctrl:/home/subhalaxmi/autonav_ws/install/my_rover_description:/home/subhalaxmi/autonav_ws/install/my_rover_bringup:/home/subhalaxmi/my_robot_ws/install/my_robot_bringup:/home/subhalaxmi/my_robot_ws/install/my_robot_description:/home/subhalaxmi/my_robot_ws/install/line_follower:/home/subhalaxmi/ros2_ws/install/my_py_pkg:/opt/ros/humble', 'SHELL': '/bin/bash', 'TERMINATOR_UUID': 'urn:uuid:58195a0c-9f6d-451e-898e-fa7162240c90', 'QT_ACCESSIBILITY': '1', 'GDMSESSION': 'ubuntu', 'LESSCLOSE': '/usr/bin/lesspipe %s %s', 'GJS_DEBUG_OUTPUT': 'stderr', 'QT_IM_MODULE': 'ibus', 'PWD': '/home/subhalaxmi/nidar_ws/build/nidar_flight', 'LC_ALL': 'en_US.UTF-8', 'XDG_CONFIG_DIRS': '/etc/xdg/xdg-ubuntu:/etc/xdg', 'XDG_DATA_DIRS': '/usr/share/ubuntu:/usr/local/share/:/usr/share/:/var/lib/snapd/desktop', 'PYTHONPATH': '/home/subhalaxmi/nidar_ws/build/nidar_flight/prefix_override:/usr/lib/python3/dist-packages/colcon_core/task/python/colcon_distutils_commands:/home/subhalaxmi/nidar_ws/install/nidar_flight/lib/python3.10/site-packages:/home/subhalaxmi/nidar_ws/install/nidar_flight/lib/python3.10/site-packages:/home/subhalaxmi/nidar_ws/install/px4_msgs/local/lib/python3.10/dist-packages:/home/subhalaxmi/nidar_ws/install/my_drone_bringup/lib/python3.10/site-packages:/home/subhalaxmi/nidar_ws/install/drone_pkg/lib/python3.10/site-packages:/home/subhalaxmi/my_robot_ws/install/line_follower/lib/python3.10/site-packages:/home/subhalaxmi/ros2_ws/install/my_py_pkg/lib/python3.10/site-packages:/opt/ros/humble/lib/python3.10/site-packages:/opt/ros/humble/local/lib/python3.10/dist-packages', 'COLCON': '1', 'VTE_VERSION': '6800', 'CMAKE_PREFIX_PATH': '/home/subhalaxmi/nidar_ws/install/px4_msgs:/home/subhalaxmi/nidar_ws/install/my_drone_bringup:/home/subhalaxmi/rover_ws/install/rover_ctrl:/home/subhalaxmi/autonav_ws/install/my_rover_description:/home/subhalaxmi/autonav_ws/install/my_rover_bringup:/home/subhalaxmi/my_robot_ws/install/my_robot_bringup:/home/subhalaxmi/my_robot_ws/install/my_robot_description'}, 'shell': False}
[19.685701] (-) TimerEvent: {}
[19.787301] (-) TimerEvent: {}
[19.889046] (-) TimerEvent: {}
[19.990375] (-) TimerEvent: {}
[20.090953] (-) TimerEvent: {}
[20.191626] (-) TimerEvent: {}
[20.292970] (-) TimerEvent: {}
[20.393699] (-) TimerEvent: {}
[20.497026] (-) TimerEvent: {}
[20.598661] (-) TimerEvent: {}
[20.700489] (-) TimerEvent: {}
[20.802913] (-) TimerEvent: {}
[20.903315] (-) TimerEvent: {}
[20.988494] (nidar_flight) StdoutLine: {'line': b'running egg_info\n'}
[20.992039] (nidar_flight) StdoutLine: {'line': b'writing ../../build/nidar_flight/nidar_flight.egg-info/PKG-INFO\n'}
[20.992690] (nidar_flight) StdoutLine: {'line': b'writing dependency_links to ../../build/nidar_flight/nidar_flight.egg-info/dependency_links.txt\n'}
[20.993486] (nidar_flight) StdoutLine: {'line': b'writing entry points to ../../build/nidar_flight/nidar_flight.egg-info/entry_points.txt\n'}
[20.996533] (nidar_flight) StdoutLine: {'line': b'writing requirements to ../../build/nidar_flight/nidar_flight.egg-info/requires.txt\n'}
[20.997626] (nidar_flight) StdoutLine: {'line': b'writing top-level names to ../../build/nidar_flight/nidar_flight.egg-info/top_level.txt\n'}
[21.001641] (nidar_flight) StdoutLine: {'line': b"reading manifest file '../../build/nidar_flight/nidar_flight.egg-info/SOURCES.txt'\n"}
[21.003422] (-) TimerEvent: {}
[21.004569] (nidar_flight) StdoutLine: {'line': b"writing manifest file '../../build/nidar_flight/nidar_flight.egg-info/SOURCES.txt'\n"}
[21.005297] (nidar_flight) StdoutLine: {'line': b'running build\n'}
[21.005614] (nidar_flight) StdoutLine: {'line': b'running build_py\n'}
[21.007191] (nidar_flight) StdoutLine: {'line': b'copying nidar_flight/takeoff_node.py -> /home/subhalaxmi/nidar_ws/build/nidar_flight/build/lib/nidar_flight\n'}
[21.007987] (nidar_flight) StdoutLine: {'line': b'running install\n'}
[21.009007] (nidar_flight) StdoutLine: {'line': b'running install_lib\n'}
[21.014423] (nidar_flight) StdoutLine: {'line': b'copying /home/subhalaxmi/nidar_ws/build/nidar_flight/build/lib/nidar_flight/takeoff_node.py -> /home/subhalaxmi/nidar_ws/install/nidar_flight/lib/python3.10/site-packages/nidar_flight\n'}
[21.016179] (nidar_flight) StdoutLine: {'line': b'byte-compiling /home/subhalaxmi/nidar_ws/install/nidar_flight/lib/python3.10/site-packages/nidar_flight/takeoff_node.py to takeoff_node.cpython-310.pyc\n'}
[21.021154] (nidar_flight) StdoutLine: {'line': b'running install_data\n'}
[21.021501] (nidar_flight) StdoutLine: {'line': b'running install_egg_info\n'}
[21.026442] (nidar_flight) StdoutLine: {'line': b"removing '/home/subhalaxmi/nidar_ws/install/nidar_flight/lib/python3.10/site-packages/nidar_flight-0.0.0-py3.10.egg-info' (and everything under it)\n"}
[21.027311] (nidar_flight) StdoutLine: {'line': b'Copying ../../build/nidar_flight/nidar_flight.egg-info to /home/subhalaxmi/nidar_ws/install/nidar_flight/lib/python3.10/site-packages/nidar_flight-0.0.0-py3.10.egg-info\n'}
[21.032147] (nidar_flight) StdoutLine: {'line': b'running install_scripts\n'}
[21.104729] (-) TimerEvent: {}
[21.111862] (nidar_flight) StdoutLine: {'line': b'Installing takeoff_node script to /home/subhalaxmi/nidar_ws/install/nidar_flight/lib/nidar_flight\n'}
[21.112605] (nidar_flight) StdoutLine: {'line': b"writing list of installed files to '/home/subhalaxmi/nidar_ws/build/nidar_flight/install.log'\n"}
[21.204796] (-) TimerEvent: {}
[21.207427] (nidar_flight) CommandEnded: {'returncode': 0}
[21.236913] (nidar_flight) JobEnded: {'identifier': 'nidar_flight', 'rc': 0}
[21.237936] (-) EventReactorShutdown: {}
