[0.000000] (-) TimerEvent: {}
[0.001509] (drone_pkg) JobQueued: {'identifier': 'drone_pkg', 'dependencies': OrderedDict()}
[0.001903] (px4_msgs) JobQueued: {'identifier': 'px4_msgs', 'dependencies': OrderedDict()}
[0.002487] (my_drone_bringup) JobQueued: {'identifier': 'my_drone_bringup', 'dependencies': OrderedDict([('drone_pkg', '/home/subhalaxmi/nidar_ws/install/drone_pkg')])}
[0.003147] (nidar_flight) JobQueued: {'identifier': 'nidar_flight', 'dependencies': OrderedDict([('px4_msgs', '/home/subhalaxmi/nidar_ws/install/px4_msgs')])}
[0.003651] (drone_pkg) JobStarted: {'identifier': 'drone_pkg'}
[0.049292] (px4_msgs) JobStarted: {'identifier': 'px4_msgs'}
[0.100771] (-) TimerEvent: {}
[0.201873] (-) TimerEvent: {}
[0.303210] (-) TimerEvent: {}
[0.405208] (-) TimerEvent: {}
[0.506450] (-) TimerEvent: {}
[0.607444] (-) TimerEvent: {}
[0.708865] (-) TimerEvent: {}
[0.809470] (-) TimerEvent: {}
[0.910340] (-) TimerEvent: {}
[1.013288] (-) TimerEvent: {}
[1.114081] (-) TimerEvent: {}
[1.215050] (-) TimerEvent: {}
[1.288808] (px4_msgs) JobProgress: {'identifier': 'px4_msgs', 'progress': 'cmake'}
[1.297821] (px4_msgs) JobProgress: {'identifier': 'px4_msgs', 'progress': 'build'}
[1.299165] (px4_msgs) Command: {'cmd': ['/usr/bin/cmake', '--build', '/home/subhalaxmi/nidar_ws/build/px4_msgs', '--', '-j4', '-l4'], 'cwd': '/home/subhalaxmi/nidar_ws/build/px4_msgs', 'env': OrderedDict([('GJS_DEBUG_TOPICS', 'JS ERROR;JS LOG'), ('LESSOPEN', '| /usr/bin/lesspipe %s'), ('LANGUAGE', 'en_IN:en'), ('USER', 'subhalaxmi'), ('XDG_SESSION_TYPE', 'wayland'), ('SHLVL', '1'), ('LD_LIBRARY_PATH', '/home/subhalaxmi/nidar_ws/install/px4_msgs/lib:/opt/ros/humble/opt/rviz_ogre_vendor/lib:/opt/ros/humble/lib/x86_64-linux-gnu:/opt/ros/humble/lib'), ('HOME', '/home/subhalaxmi'), ('OLDPWD', '/home/subhalaxmi/nidar_ws'), ('DESKTOP_SESSION', 'ubuntu'), ('GIO_LAUNCHED_DESKTOP_FILE', '/usr/share/applications/terminator.desktop'), ('ROS_PYTHON_VERSION', '3'), ('GNOME_SHELL_SESSION_MODE', 'ubuntu'), ('GTK_MODULES', 'gail:atk-bridge'), ('MANAGERPID', '1036'), ('SYSTEMD_EXEC_PID', '1178'), ('DBUS_SESSION_BUS_ADDRESS', 'unix:path=/run/user/1000/bus'), ('COLORTERM', 'truecolor'), ('TERMINATOR_DBUS_NAME', 'net.tenshu.Terminator25ef4b219e3b005583550f2b0f9f990c3'), ('GIO_LAUNCHED_DESKTOP_FILE_PID', '17318'), ('IM_CONFIG_PHASE', '1'), ('WAYLAND_DISPLAY', 'wayland-0'), ('COLCON_PREFIX_PATH', '/home/subhalaxmi/nidar_ws/install:/home/subhalaxmi/rover_ws/install:/home/subhalaxmi/autonav_ws/install:/home/subhalaxmi/my_robot_ws/install:/home/subhalaxmi/ros2_ws/install'), ('ROS_DISTRO', 'humble'), ('LOGNAME', 'subhalaxmi'), ('JOURNAL_STREAM', '8:8924'), ('_', '/usr/bin/colcon'), ('ROS_VERSION', '2'), ('XDG_SESSION_CLASS', 'user'), ('USERNAME', 'subhalaxmi'), ('TERM', 'xterm-256color'), ('GNOME_DESKTOP_SESSION_ID', 'this-is-deprecated'), ('ROS_LOCALHOST_ONLY', '0'), ('PATH', '/home/subhalaxmi/.local/bin:/opt/ros/humble/bin:/home/subhalaxmi/.local/bin:/usr/local/sbin:/usr/local/bin:/usr/sbin:/usr/bin:/sbin:/bin:/usr/games:/usr/local/games:/snap/bin:/snap/bin'), ('SESSION_MANAGER', 'local/subhalaxmi-Lenovo-G50-80:@/tmp/.ICE-unix/1147,unix/subhalaxmi-Lenovo-G50-80:/tmp/.ICE-unix/1147'), ('INVOCATION_ID', '5668d60ff2944fae98086cdc9fc421e1'), ('XDG_MENU_PREFIX', 'gnome-'), ('GNOME_SETUP_DISPLAY', ':1'), ('XDG_RUNTIME_DIR', '/run/user/1000'), ('DISPLAY', ':0'), ('TERMINATOR_DBUS_PATH', '/net/tenshu/Terminator2'), ('LANG', 'en_US.UTF-8'), ('XDG_CURRENT_DESKTOP', 'ubuntu:GNOME'), ('IBUS_DISABLE_SNOOPER', '1'), ('XMODIFIERS', '@im=ibus'), ('XDG_SESSION_DESKTOP', 'ubuntu'), ('XAUTHORITY', '/run/user/1000/.mutter-Xwaylandauth.519EM3'), ('LS_COLORS', 'rs=0:di=01;34:ln=01;36:mh=00:pi=40;33:so=01;35:do=01;35:bd=40;33;01:cd=40;33;01:or=40;31;01:mi=00:su=37;41:sg=30;43:ca=30;41:tw=30;42:ow=34;42:st=37;44:ex=01;32:*.tar=01;31:*.tgz=01;31:*.arc=01;31:*.arj=01;31:*.taz=01;31:*.lha=01;31:*.lz4=01;31:*.lzh=01;31:*.lzma=01;31:*.tlz=01;31:*.txz=01;31:*.tzo=01;31:*.t7z=01;31:*.zip=01;31:*.z=01;31:*.dz=01;31:*.gz=01;31:*.lrz=01;31:*.lz=01;31:*.lzo=01;31:*.xz=01;31:*.zst=01;31:*.tzst=01;31:*.bz2=01;31:*.bz=01;31:*.tbz=01;31:*.tbz2=01;31:*.tz=01;31:*.deb=01;31:*.rpm=01;31:*.jar=01;31:*.war=01;31:*.ear=01;31:*.sar=01;31:*.rar=01;31:*.alz=01;31:*.ace=01;31:*.zoo=01;31:*.cpio=01;31:*.7z=01;31:*.rz=01;31:*.cab=01;31:*.wim=01;31:*.swm=01;31:*.dwm=01;31:*.esd=01;31:*.jpg=01;35:*.jpeg=01;35:*.mjpg=01;35:*.mjpeg=01;35:*.gif=01;35:*.bmp=01;35:*.pbm=01;35:*.pgm=01;35:*.ppm=01;35:*.tga=01;35:*.xbm=01;35:*.xpm=01;35:*.tif=01;35:*.tiff=01;35:*.png=01;35:*.svg=01;35:*.svgz=01;35:*.mng=01;35:*.pcx=01;35:*.mov=01;35:*.mpg=01;35:*.mpeg=01;35:*.m2v=01;35:*.mkv=01;35:*.webm=01;35:*.webp=01;35:*.ogm=01;35:*.mp4=01;35:*.m4v=01;35:*.mp4v=01;35:*.vob=01;35:*.qt=01;35:*.nuv=01;35:*.wmv=01;35:*.asf=01;35:*.rm=01;35:*.rmvb=01;35:*.flc=01;35:*.avi=01;35:*.fli=01;35:*.flv=01;35:*.gl=01;35:*.dl=01;35:*.xcf=01;35:*.xwd=01;35:*.yuv=01;35:*.cgm=01;35:*.emf=01;35:*.ogv=01;35:*.ogx=01;35:*.aac=00;36:*.au=00;36:*.flac=00;36:*.m4a=00;36:*.mid=00;36:*.midi=00;36:*.mka=00;36:*.mp3=00;36:*.mpc=00;36:*.ogg=00;36:*.ra=00;36:*.wav=00;36:*.oga=00;36:*.opus=00;36:*.spx=00;36:*.xspf=00;36:'), ('SSH_AGENT_LAUNCHER', 'gnome-keyring'), ('SSH_AUTH_SOCK', '/run/user/1000/keyring/ssh'), ('AMENT_PREFIX_PATH', '/home/subhalaxmi/nidar_ws/install/px4_msgs:/home/subhalaxmi/nidar_ws/install/my_drone_bringup:/home/subhalaxmi/nidar_ws/install/drone_pkg:/home/subhalaxmi/rover_ws/install/rover_ctrl:/home/subhalaxmi/autonav_ws/install/my_rover_description:/home/subhalaxmi/autonav_ws/install/my_rover_bringup:/home/subhalaxmi/my_robot_ws/install/my_robot_bringup:/home/subhalaxmi/my_robot_ws/install/my_robot_description:/home/subhalaxmi/my_robot_ws/install/line_follower:/home/subhalaxmi/ros2_ws/install/my_py_pkg:/opt/ros/humble'), ('SHELL', '/bin/bash'), ('TERMINATOR_UUID', 'urn:uuid:58195a0c-9f6d-451e-898e-fa7162240c90'), ('QT_ACCESSIBILITY', '1'), ('GDMSESSION', 'ubuntu'), ('LESSCLOSE', '/usr/bin/lesspipe %s %s'), ('GJS_DEBUG_OUTPUT', 'stderr'), ('QT_IM_MODULE', 'ibus'), ('PWD', '/home/subhalaxmi/nidar_ws/build/px4_msgs'), ('LC_ALL', 'en_US.UTF-8'), ('XDG_CONFIG_DIRS', '/etc/xdg/xdg-ubuntu:/etc/xdg'), ('XDG_DATA_DIRS', '/usr/share/ubuntu:/usr/local/share/:/usr/share/:/var/lib/snapd/desktop'), ('PYTHONPATH', '/home/subhalaxmi/nidar_ws/install/px4_msgs/local/lib/python3.10/dist-packages:/home/subhalaxmi/nidar_ws/install/my_drone_bringup/lib/python3.10/site-packages:/home/subhalaxmi/nidar_ws/install/drone_pkg/lib/python3.10/site-packages:/home/subhalaxmi/my_robot_ws/install/line_follower/lib/python3.10/site-packages:/home/subhalaxmi/ros2_ws/install/my_py_pkg/lib/python3.10/site-packages:/opt/ros/humble/lib/python3.10/site-packages:/opt/ros/humble/local/lib/python3.10/dist-packages'), ('COLCON', '1'), ('VTE_VERSION', '6800'), ('CMAKE_PREFIX_PATH', '/home/subhalaxmi/nidar_ws/install/px4_msgs:/home/subhalaxmi/nidar_ws/install/my_drone_bringup:/home/subhalaxmi/rover_ws/install/rover_ctrl:/home/subhalaxmi/autonav_ws/install/my_rover_description:/home/subhalaxmi/autonav_ws/install/my_rover_bringup:/home/subhalaxmi/my_robot_ws/install/my_robot_bringup:/home/subhalaxmi/my_robot_ws/install/my_robot_description:/home/subhalaxmi/nidar_ws/install/drone_pkg:/home/subhalaxmi/my_robot_ws/install/line_follower:/home/subhalaxmi/ros2_ws/install/my_py_pkg:/opt/ros/humble')]), 'shell': False}
[1.316404] (-) TimerEvent: {}
[1.420217] (-) TimerEvent: {}
[1.523568] (-) TimerEvent: {}
[1.624035] (-) TimerEvent: {}
[1.726040] (-) TimerEvent: {}
[1.826769] (-) TimerEvent: {}
[1.927654] (-) TimerEvent: {}
[2.028874] (-) TimerEvent: {}
[2.129529] (-) TimerEvent: {}
[2.230602] (-) TimerEvent: {}
[2.331207] (-) TimerEvent: {}
[2.432589] (-) TimerEvent: {}
[2.533927] (-) TimerEvent: {}
[2.634973] (-) TimerEvent: {}
[2.735931] (-) TimerEvent: {}
[2.837985] (-) TimerEvent: {}
[2.941621] (-) TimerEvent: {}
[3.042124] (-) TimerEvent: {}
[3.142675] (-) TimerEvent: {}
[3.246575] (-) TimerEvent: {}
[3.347304] (-) TimerEvent: {}
[3.447879] (-) TimerEvent: {}
[3.490384] (drone_pkg) Command: {'cmd': ['/usr/bin/python3', '-W', 'ignore:setup.py install is deprecated', '-W', 'ignore:easy_install command is deprecated', 'setup.py', 'egg_info', '--egg-base', '../../build/drone_pkg', 'build', '--build-base', '/home/subhalaxmi/nidar_ws/build/drone_pkg/build', 'install', '--record', '/home/subhalaxmi/nidar_ws/build/drone_pkg/install.log', '--single-version-externally-managed', 'install_data'], 'cwd': '/home/subhalaxmi/nidar_ws/src/drone_pkg', 'env': {'GJS_DEBUG_TOPICS': 'JS ERROR;JS LOG', 'LESSOPEN': '| /usr/bin/lesspipe %s', 'LANGUAGE': 'en_IN:en', 'USER': 'subhalaxmi', 'XDG_SESSION_TYPE': 'wayland', 'SHLVL': '1', 'LD_LIBRARY_PATH': '/home/subhalaxmi/nidar_ws/install/px4_msgs/lib:/opt/ros/humble/opt/rviz_ogre_vendor/lib:/opt/ros/humble/lib/x86_64-linux-gnu:/opt/ros/humble/lib', 'HOME': '/home/subhalaxmi', 'OLDPWD': '/home/subhalaxmi/nidar_ws', 'DESKTOP_SESSION': 'ubuntu', 'GIO_LAUNCHED_DESKTOP_FILE': '/usr/share/applications/terminator.desktop', 'ROS_PYTHON_VERSION': '3', 'GNOME_SHELL_SESSION_MODE': 'ubuntu', 'GTK_MODULES': 'gail:atk-bridge', 'MANAGERPID': '1036', 'SYSTEMD_EXEC_PID': '1178', 'DBUS_SESSION_BUS_ADDRESS': 'unix:path=/run/user/1000/bus', 'COLORTERM': 'truecolor', 'TERMINATOR_DBUS_NAME': 'net.tenshu.Terminator25ef4b219e3b005583550f2b0f9f990c3', 'GIO_LAUNCHED_DESKTOP_FILE_PID': '17318', 'IM_CONFIG_PHASE': '1', 'WAYLAND_DISPLAY': 'wayland-0', 'COLCON_PREFIX_PATH': '/home/subhalaxmi/nidar_ws/install:/home/subhalaxmi/rover_ws/install:/home/subhalaxmi/autonav_ws/install:/home/subhalaxmi/my_robot_ws/install:/home/subhalaxmi/ros2_ws/install', 'ROS_DISTRO': 'humble', 'LOGNAME': 'subhalaxmi', 'JOURNAL_STREAM': '8:8924', '_': '/usr/bin/colcon', 'ROS_VERSION': '2', 'XDG_SESSION_CLASS': 'user', 'USERNAME': 'subhalaxmi', 'TERM': 'xterm-256color', 'GNOME_DESKTOP_SESSION_ID': 'this-is-deprecated', 'ROS_LOCALHOST_ONLY': '0', 'PATH': '/home/subhalaxmi/.local/bin:/opt/ros/humble/bin:/home/subhalaxmi/.local/bin:/usr/local/sbin:/usr/local/bin:/usr/sbin:/usr/bin:/sbin:/bin:/usr/games:/usr/local/games:/snap/bin:/snap/bin', 'SESSION_MANAGER': 'local/subhalaxmi-Lenovo-G50-80:@/tmp/.ICE-unix/1147,unix/subhalaxmi-Lenovo-G50-80:/tmp/.ICE-unix/1147', 'INVOCATION_ID': '5668d60ff2944fae98086cdc9fc421e1', 'XDG_MENU_PREFIX': 'gnome-', 'GNOME_SETUP_DISPLAY': ':1', 'XDG_RUNTIME_DIR': '/run/user/1000', 'DISPLAY': ':0', 'TERMINATOR_DBUS_PATH': '/net/tenshu/Terminator2', 'LANG': 'en_US.UTF-8', 'XDG_CURRENT_DESKTOP': 'ubuntu:GNOME', 'IBUS_DISABLE_SNOOPER': '1', 'XMODIFIERS': '@im=ibus', 'XDG_SESSION_DESKTOP': 'ubuntu', 'XAUTHORITY': '/run/user/1000/.mutter-Xwaylandauth.519EM3', 'LS_COLORS': 'rs=0:di=01;34:ln=01;36:mh=00:pi=40;33:so=01;35:do=01;35:bd=40;33;01:cd=40;33;01:or=40;31;01:mi=00:su=37;41:sg=30;43:ca=30;41:tw=30;42:ow=34;42:st=37;44:ex=01;32:*.tar=01;31:*.tgz=01;31:*.arc=01;31:*.arj=01;31:*.taz=01;31:*.lha=01;31:*.lz4=01;31:*.lzh=01;31:*.lzma=01;31:*.tlz=01;31:*.txz=01;31:*.tzo=01;31:*.t7z=01;31:*.zip=01;31:*.z=01;31:*.dz=01;31:*.gz=01;31:*.lrz=01;31:*.lz=01;31:*.lzo=01;31:*.xz=01;31:*.zst=01;31:*.tzst=01;31:*.bz2=01;31:*.bz=01;31:*.tbz=01;31:*.tbz2=01;31:*.tz=01;31:*.deb=01;31:*.rpm=01;31:*.jar=01;31:*.war=01;31:*.ear=01;31:*.sar=01;31:*.rar=01;31:*.alz=01;31:*.ace=01;31:*.zoo=01;31:*.cpio=01;31:*.7z=01;31:*.rz=01;31:*.cab=01;31:*.wim=01;31:*.swm=01;31:*.dwm=01;31:*.esd=01;31:*.jpg=01;35:*.jpeg=01;35:*.mjpg=01;35:*.mjpeg=01;35:*.gif=01;35:*.bmp=01;35:*.pbm=01;35:*.pgm=01;35:*.ppm=01;35:*.tga=01;35:*.xbm=01;35:*.xpm=01;35:*.tif=01;35:*.tiff=01;35:*.png=01;35:*.svg=01;35:*.svgz=01;35:*.mng=01;35:*.pcx=01;35:*.mov=01;35:*.mpg=01;35:*.mpeg=01;35:*.m2v=01;35:*.mkv=01;35:*.webm=01;35:*.webp=01;35:*.ogm=01;35:*.mp4=01;35:*.m4v=01;35:*.mp4v=01;35:*.vob=01;35:*.qt=01;35:*.nuv=01;35:*.wmv=01;35:*.asf=01;35:*.rm=01;35:*.rmvb=01;35:*.flc=01;35:*.avi=01;35:*.fli=01;35:*.flv=01;35:*.gl=01;35:*.dl=01;35:*.xcf=01;35:*.xwd=01;35:*.yuv=01;35:*.cgm=01;35:*.emf=01;35:*.ogv=01;35:*.ogx=01;35:*.aac=00;36:*.au=00;36:*.flac=00;36:*.m4a=00;36:*.mid=00;36:*.midi=00;36:*.mka=00;36:*.mp3=00;36:*.mpc=00;36:*.ogg=00;36:*.ra=00;36:*.wav=00;36:*.oga=00;36:*.opus=00;36:*.spx=00;36:*.xspf=00;36:', 'SSH_AGENT_LAUNCHER': 'gnome-keyring', 'SSH_AUTH_SOCK': '/run/user/1000/keyring/ssh', 'AMENT_PREFIX_PATH': '/home/subhalaxmi/nidar_ws/install/px4_msgs:/home/subhalaxmi/nidar_ws/install/my_drone_bringup:/home/subhalaxmi/nidar_ws/install/drone_pkg:/home/subhalaxmi/rover_ws/install/rover_ctrl:/home/subhalaxmi/autonav_ws/install/my_rover_description:/home/subhalaxmi/autonav_ws/install/my_rover_bringup:/home/subhalaxmi/my_robot_ws/install/my_robot_bringup:/home/subhalaxmi/my_robot_ws/install/my_robot_description:/home/subhalaxmi/my_robot_ws/install/line_follower:/home/subhalaxmi/ros2_ws/install/my_py_pkg:/opt/ros/humble', 'SHELL': '/bin/bash', 'TERMINATOR_UUID': 'urn:uuid:58195a0c-9f6d-451e-898e-fa7162240c90', 'QT_ACCESSIBILITY': '1', 'GDMSESSION': 'ubuntu', 'LESSCLOSE': '/usr/bin/lesspipe %s %s', 'GJS_DEBUG_OUTPUT': 'stderr', 'QT_IM_MODULE': 'ibus', 'PWD': '/home/subhalaxmi/nidar_ws/build/drone_pkg', 'LC_ALL': 'en_US.UTF-8', 'XDG_CONFIG_DIRS': '/etc/xdg/xdg-ubuntu:/etc/xdg', 'XDG_DATA_DIRS': '/usr/share/ubuntu:/usr/local/share/:/usr/share/:/var/lib/snapd/desktop', 'PYTHONPATH': '/home/subhalaxmi/nidar_ws/build/drone_pkg/prefix_override:/usr/lib/python3/dist-packages/colcon_core/task/python/colcon_distutils_commands:/home/subhalaxmi/nidar_ws/install/drone_pkg/lib/python3.10/site-packages:/home/subhalaxmi/nidar_ws/install/px4_msgs/local/lib/python3.10/dist-packages:/home/subhalaxmi/nidar_ws/install/my_drone_bringup/lib/python3.10/site-packages:/home/subhalaxmi/nidar_ws/install/drone_pkg/lib/python3.10/site-packages:/home/subhalaxmi/my_robot_ws/install/line_follower/lib/python3.10/site-packages:/home/subhalaxmi/ros2_ws/install/my_py_pkg/lib/python3.10/site-packages:/opt/ros/humble/lib/python3.10/site-packages:/opt/ros/humble/local/lib/python3.10/dist-packages', 'COLCON': '1', 'VTE_VERSION': '6800', 'CMAKE_PREFIX_PATH': '/home/subhalaxmi/nidar_ws/install/px4_msgs:/home/subhalaxmi/nidar_ws/install/my_drone_bringup:/home/subhalaxmi/rover_ws/install/rover_ctrl:/home/subhalaxmi/autonav_ws/install/my_rover_description:/home/subhalaxmi/autonav_ws/install/my_rover_bringup:/home/subhalaxmi/my_robot_ws/install/my_robot_bringup:/home/subhalaxmi/my_robot_ws/install/my_robot_description'}, 'shell': False}
[3.548939] (-) TimerEvent: {}
[3.650828] (-) TimerEvent: {}
[3.753039] (-) TimerEvent: {}
[3.854435] (-) TimerEvent: {}
[3.957070] (-) TimerEvent: {}
[4.058188] (-) TimerEvent: {}
[4.161362] (-) TimerEvent: {}
[4.262000] (-) TimerEvent: {}
[4.362819] (-) TimerEvent: {}
[4.466440] (-) TimerEvent: {}
[4.568791] (-) TimerEvent: {}
[4.670768] (-) TimerEvent: {}
[4.772760] (-) TimerEvent: {}
[4.876338] (-) TimerEvent: {}
[4.956256] (drone_pkg) StdoutLine: {'line': b'running egg_info\n'}
[4.963461] (drone_pkg) StdoutLine: {'line': b'writing ../../build/drone_pkg/drone_pkg.egg-info/PKG-INFO\n'}
[4.963813] (drone_pkg) StdoutLine: {'line': b'writing dependency_links to ../../build/drone_pkg/drone_pkg.egg-info/dependency_links.txt\n'}
[4.965805] (drone_pkg) StdoutLine: {'line': b'writing entry points to ../../build/drone_pkg/drone_pkg.egg-info/entry_points.txt\n'}
[4.966166] (drone_pkg) StdoutLine: {'line': b'writing requirements to ../../build/drone_pkg/drone_pkg.egg-info/requires.txt\n'}
[4.966427] (drone_pkg) StdoutLine: {'line': b'writing top-level names to ../../build/drone_pkg/drone_pkg.egg-info/top_level.txt\n'}
[4.971625] (drone_pkg) StdoutLine: {'line': b"reading manifest file '../../build/drone_pkg/drone_pkg.egg-info/SOURCES.txt'\n"}
[4.976754] (-) TimerEvent: {}
[4.977953] (drone_pkg) StdoutLine: {'line': b"writing manifest file '../../build/drone_pkg/drone_pkg.egg-info/SOURCES.txt'\n"}
[4.980407] (drone_pkg) StdoutLine: {'line': b'running build\n'}
[4.982341] (drone_pkg) StdoutLine: {'line': b'running build_py\n'}
[4.986068] (drone_pkg) StdoutLine: {'line': b'running install\n'}
[4.988069] (drone_pkg) StdoutLine: {'line': b'running install_lib\n'}
[4.992155] (drone_pkg) StdoutLine: {'line': b'running install_data\n'}
[4.992844] (drone_pkg) StdoutLine: {'line': b'running install_egg_info\n'}
[5.002301] (drone_pkg) StdoutLine: {'line': b"removing '/home/subhalaxmi/nidar_ws/install/drone_pkg/lib/python3.10/site-packages/drone_pkg-0.0.0-py3.10.egg-info' (and everything under it)\n"}
[5.006731] (drone_pkg) StdoutLine: {'line': b'Copying ../../build/drone_pkg/drone_pkg.egg-info to /home/subhalaxmi/nidar_ws/install/drone_pkg/lib/python3.10/site-packages/drone_pkg-0.0.0-py3.10.egg-info\n'}
[5.012182] (drone_pkg) StdoutLine: {'line': b'running install_scripts\n'}
[5.078183] (-) TimerEvent: {}
[5.101987] (drone_pkg) StdoutLine: {'line': b'Installing altitude_publisher script to /home/subhalaxmi/nidar_ws/install/drone_pkg/lib/drone_pkg\n'}
[5.102703] (drone_pkg) StdoutLine: {'line': b'Installing altitude_subscriber script to /home/subhalaxmi/nidar_ws/install/drone_pkg/lib/drone_pkg\n'}
[5.103756] (drone_pkg) StdoutLine: {'line': b'Installing arm_client script to /home/subhalaxmi/nidar_ws/install/drone_pkg/lib/drone_pkg\n'}
[5.105510] (drone_pkg) StdoutLine: {'line': b'Installing arm_server script to /home/subhalaxmi/nidar_ws/install/drone_pkg/lib/drone_pkg\n'}
[5.105876] (drone_pkg) StdoutLine: {'line': b'Installing simple_node script to /home/subhalaxmi/nidar_ws/install/drone_pkg/lib/drone_pkg\n'}
[5.111279] (drone_pkg) StdoutLine: {'line': b"writing list of installed files to '/home/subhalaxmi/nidar_ws/build/drone_pkg/install.log'\n"}
[5.178463] (-) TimerEvent: {}
[5.204823] (drone_pkg) CommandEnded: {'returncode': 0}
[5.265930] (drone_pkg) JobEnded: {'identifier': 'drone_pkg', 'rc': 0}
[5.268793] (my_drone_bringup) JobStarted: {'identifier': 'my_drone_bringup'}
[5.278632] (-) TimerEvent: {}
[5.308559] (my_drone_bringup) JobProgress: {'identifier': 'my_drone_bringup', 'progress': 'cmake'}
[5.315401] (my_drone_bringup) JobProgress: {'identifier': 'my_drone_bringup', 'progress': 'build'}
[5.315602] (my_drone_bringup) Command: {'cmd': ['/usr/bin/cmake', '--build', '/home/subhalaxmi/nidar_ws/build/my_drone_bringup', '--', '-j4', '-l4'], 'cwd': '/home/subhalaxmi/nidar_ws/build/my_drone_bringup', 'env': OrderedDict([('GJS_DEBUG_TOPICS', 'JS ERROR;JS LOG'), ('LESSOPEN', '| /usr/bin/lesspipe %s'), ('LANGUAGE', 'en_IN:en'), ('USER', 'subhalaxmi'), ('XDG_SESSION_TYPE', 'wayland'), ('SHLVL', '1'), ('LD_LIBRARY_PATH', '/home/subhalaxmi/nidar_ws/install/px4_msgs/lib:/opt/ros/humble/opt/rviz_ogre_vendor/lib:/opt/ros/humble/lib/x86_64-linux-gnu:/opt/ros/humble/lib'), ('HOME', '/home/subhalaxmi'), ('OLDPWD', '/home/subhalaxmi/nidar_ws'), ('DESKTOP_SESSION', 'ubuntu'), ('GIO_LAUNCHED_DESKTOP_FILE', '/usr/share/applications/terminator.desktop'), ('ROS_PYTHON_VERSION', '3'), ('GNOME_SHELL_SESSION_MODE', 'ubuntu'), ('GTK_MODULES', 'gail:atk-bridge'), ('MANAGERPID', '1036'), ('SYSTEMD_EXEC_PID', '1178'), ('DBUS_SESSION_BUS_ADDRESS', 'unix:path=/run/user/1000/bus'), ('COLORTERM', 'truecolor'), ('TERMINATOR_DBUS_NAME', 'net.tenshu.Terminator25ef4b219e3b005583550f2b0f9f990c3'), ('GIO_LAUNCHED_DESKTOP_FILE_PID', '17318'), ('IM_CONFIG_PHASE', '1'), ('WAYLAND_DISPLAY', 'wayland-0'), ('COLCON_PREFIX_PATH', '/home/subhalaxmi/nidar_ws/install:/home/subhalaxmi/rover_ws/install:/home/subhalaxmi/autonav_ws/install:/home/subhalaxmi/my_robot_ws/install:/home/subhalaxmi/ros2_ws/install'), ('ROS_DISTRO', 'humble'), ('LOGNAME', 'subhalaxmi'), ('JOURNAL_STREAM', '8:8924'), ('_', '/usr/bin/colcon'), ('ROS_VERSION', '2'), ('XDG_SESSION_CLASS', 'user'), ('USERNAME', 'subhalaxmi'), ('TERM', 'xterm-256color'), ('GNOME_DESKTOP_SESSION_ID', 'this-is-deprecated'), ('ROS_LOCALHOST_ONLY', '0'), ('PATH', '/home/subhalaxmi/.local/bin:/opt/ros/humble/bin:/home/subhalaxmi/.local/bin:/usr/local/sbin:/usr/local/bin:/usr/sbin:/usr/bin:/sbin:/bin:/usr/games:/usr/local/games:/snap/bin:/snap/bin'), ('SESSION_MANAGER', 'local/subhalaxmi-Lenovo-G50-80:@/tmp/.ICE-unix/1147,unix/subhalaxmi-Lenovo-G50-80:/tmp/.ICE-unix/1147'), ('INVOCATION_ID', '5668d60ff2944fae98086cdc9fc421e1'), ('XDG_MENU_PREFIX', 'gnome-'), ('GNOME_SETUP_DISPLAY', ':1'), ('XDG_RUNTIME_DIR', '/run/user/1000'), ('DISPLAY', ':0'), ('TERMINATOR_DBUS_PATH', '/net/tenshu/Terminator2'), ('LANG', 'en_US.UTF-8'), ('XDG_CURRENT_DESKTOP', 'ubuntu:GNOME'), ('IBUS_DISABLE_SNOOPER', '1'), ('XMODIFIERS', '@im=ibus'), ('XDG_SESSION_DESKTOP', 'ubuntu'), ('XAUTHORITY', '/run/user/1000/.mutter-Xwaylandauth.519EM3'), ('LS_COLORS', 'rs=0:di=01;34:ln=01;36:mh=00:pi=40;33:so=01;35:do=01;35:bd=40;33;01:cd=40;33;01:or=40;31;01:mi=00:su=37;41:sg=30;43:ca=30;41:tw=30;42:ow=34;42:st=37;44:ex=01;32:*.tar=01;31:*.tgz=01;31:*.arc=01;31:*.arj=01;31:*.taz=01;31:*.lha=01;31:*.lz4=01;31:*.lzh=01;31:*.lzma=01;31:*.tlz=01;31:*.txz=01;31:*.tzo=01;31:*.t7z=01;31:*.zip=01;31:*.z=01;31:*.dz=01;31:*.gz=01;31:*.lrz=01;31:*.lz=01;31:*.lzo=01;31:*.xz=01;31:*.zst=01;31:*.tzst=01;31:*.bz2=01;31:*.bz=01;31:*.tbz=01;31:*.tbz2=01;31:*.tz=01;31:*.deb=01;31:*.rpm=01;31:*.jar=01;31:*.war=01;31:*.ear=01;31:*.sar=01;31:*.rar=01;31:*.alz=01;31:*.ace=01;31:*.zoo=01;31:*.cpio=01;31:*.7z=01;31:*.rz=01;31:*.cab=01;31:*.wim=01;31:*.swm=01;31:*.dwm=01;31:*.esd=01;31:*.jpg=01;35:*.jpeg=01;35:*.mjpg=01;35:*.mjpeg=01;35:*.gif=01;35:*.bmp=01;35:*.pbm=01;35:*.pgm=01;35:*.ppm=01;35:*.tga=01;35:*.xbm=01;35:*.xpm=01;35:*.tif=01;35:*.tiff=01;35:*.png=01;35:*.svg=01;35:*.svgz=01;35:*.mng=01;35:*.pcx=01;35:*.mov=01;35:*.mpg=01;35:*.mpeg=01;35:*.m2v=01;35:*.mkv=01;35:*.webm=01;35:*.webp=01;35:*.ogm=01;35:*.mp4=01;35:*.m4v=01;35:*.mp4v=01;35:*.vob=01;35:*.qt=01;35:*.nuv=01;35:*.wmv=01;35:*.asf=01;35:*.rm=01;35:*.rmvb=01;35:*.flc=01;35:*.avi=01;35:*.fli=01;35:*.flv=01;35:*.gl=01;35:*.dl=01;35:*.xcf=01;35:*.xwd=01;35:*.yuv=01;35:*.cgm=01;35:*.emf=01;35:*.ogv=01;35:*.ogx=01;35:*.aac=00;36:*.au=00;36:*.flac=00;36:*.m4a=00;36:*.mid=00;36:*.midi=00;36:*.mka=00;36:*.mp3=00;36:*.mpc=00;36:*.ogg=00;36:*.ra=00;36:*.wav=00;36:*.oga=00;36:*.opus=00;36:*.spx=00;36:*.xspf=00;36:'), ('SSH_AGENT_LAUNCHER', 'gnome-keyring'), ('SSH_AUTH_SOCK', '/run/user/1000/keyring/ssh'), ('AMENT_PREFIX_PATH', '/home/subhalaxmi/nidar_ws/install/drone_pkg:/home/subhalaxmi/nidar_ws/install/px4_msgs:/home/subhalaxmi/nidar_ws/install/my_drone_bringup:/home/subhalaxmi/rover_ws/install/rover_ctrl:/home/subhalaxmi/autonav_ws/install/my_rover_description:/home/subhalaxmi/autonav_ws/install/my_rover_bringup:/home/subhalaxmi/my_robot_ws/install/my_robot_bringup:/home/subhalaxmi/my_robot_ws/install/my_robot_description:/home/subhalaxmi/my_robot_ws/install/line_follower:/home/subhalaxmi/ros2_ws/install/my_py_pkg:/opt/ros/humble'), ('SHELL', '/bin/bash'), ('TERMINATOR_UUID', 'urn:uuid:58195a0c-9f6d-451e-898e-fa7162240c90'), ('QT_ACCESSIBILITY', '1'), ('GDMSESSION', 'ubuntu'), ('LESSCLOSE', '/usr/bin/lesspipe %s %s'), ('GJS_DEBUG_OUTPUT', 'stderr'), ('QT_IM_MODULE', 'ibus'), ('PWD', '/home/subhalaxmi/nidar_ws/build/my_drone_bringup'), ('LC_ALL', 'en_US.UTF-8'), ('XDG_CONFIG_DIRS', '/etc/xdg/xdg-ubuntu:/etc/xdg'), ('XDG_DATA_DIRS', '/usr/share/ubuntu:/usr/local/share/:/usr/share/:/var/lib/snapd/desktop'), ('PYTHONPATH', '/home/subhalaxmi/nidar_ws/install/drone_pkg/lib/python3.10/site-packages:/home/subhalaxmi/nidar_ws/install/px4_msgs/local/lib/python3.10/dist-packages:/home/subhalaxmi/nidar_ws/install/my_drone_bringup/lib/python3.10/site-packages:/home/subhalaxmi/my_robot_ws/install/line_follower/lib/python3.10/site-packages:/home/subhalaxmi/ros2_ws/install/my_py_pkg/lib/python3.10/site-packages:/opt/ros/humble/lib/python3.10/site-packages:/opt/ros/humble/local/lib/python3.10/dist-packages'), ('COLCON', '1'), ('VTE_VERSION', '6800'), ('CMAKE_PREFIX_PATH', '/home/subhalaxmi/nidar_ws/install/px4_msgs:/home/subhalaxmi/nidar_ws/install/my_drone_bringup:/home/subhalaxmi/rover_ws/install/rover_ctrl:/home/subhalaxmi/autonav_ws/install/my_rover_description:/home/subhalaxmi/autonav_ws/install/my_rover_bringup:/home/subhalaxmi/my_robot_ws/install/my_robot_bringup:/home/subhalaxmi/my_robot_ws/install/my_robot_description:/home/subhalaxmi/nidar_ws/install/drone_pkg:/home/subhalaxmi/my_robot_ws/install/line_follower:/home/subhalaxmi/ros2_ws/install/my_py_pkg:/opt/ros/humble')]), 'shell': False}
[5.378747] (-) TimerEvent: {}
[5.479539] (-) TimerEvent: {}
[5.534574] (my_drone_bringup) CommandEnded: {'returncode': 0}
[5.539019] (my_drone_bringup) JobProgress: {'identifier': 'my_drone_bringup', 'progress': 'install'}
[5.568738] (my_drone_bringup) Command: {'cmd': ['/usr/bin/cmake', '--install', '/home/subhalaxmi/nidar_ws/build/my_drone_bringup'], 'cwd': '/home/subhalaxmi/nidar_ws/build/my_drone_bringup', 'env': OrderedDict([('GJS_DEBUG_TOPICS', 'JS ERROR;JS LOG'), ('LESSOPEN', '| /usr/bin/lesspipe %s'), ('LANGUAGE', 'en_IN:en'), ('USER', 'subhalaxmi'), ('XDG_SESSION_TYPE', 'wayland'), ('SHLVL', '1'), ('LD_LIBRARY_PATH', '/home/subhalaxmi/nidar_ws/install/px4_msgs/lib:/opt/ros/humble/opt/rviz_ogre_vendor/lib:/opt/ros/humble/lib/x86_64-linux-gnu:/opt/ros/humble/lib'), ('HOME', '/home/subhalaxmi'), ('OLDPWD', '/home/subhalaxmi/nidar_ws'), ('DESKTOP_SESSION', 'ubuntu'), ('GIO_LAUNCHED_DESKTOP_FILE', '/usr/share/applications/terminator.desktop'), ('ROS_PYTHON_VERSION', '3'), ('GNOME_SHELL_SESSION_MODE', 'ubuntu'), ('GTK_MODULES', 'gail:atk-bridge'), ('MANAGERPID', '1036'), ('SYSTEMD_EXEC_PID', '1178'), ('DBUS_SESSION_BUS_ADDRESS', 'unix:path=/run/user/1000/bus'), ('COLORTERM', 'truecolor'), ('TERMINATOR_DBUS_NAME', 'net.tenshu.Terminator25ef4b219e3b005583550f2b0f9f990c3'), ('GIO_LAUNCHED_DESKTOP_FILE_PID', '17318'), ('IM_CONFIG_PHASE', '1'), ('WAYLAND_DISPLAY', 'wayland-0'), ('COLCON_PREFIX_PATH', '/home/subhalaxmi/nidar_ws/install:/home/subhalaxmi/rover_ws/install:/home/subhalaxmi/autonav_ws/install:/home/subhalaxmi/my_robot_ws/install:/home/subhalaxmi/ros2_ws/install'), ('ROS_DISTRO', 'humble'), ('LOGNAME', 'subhalaxmi'), ('JOURNAL_STREAM', '8:8924'), ('_', '/usr/bin/colcon'), ('ROS_VERSION', '2'), ('XDG_SESSION_CLASS', 'user'), ('USERNAME', 'subhalaxmi'), ('TERM', 'xterm-256color'), ('GNOME_DESKTOP_SESSION_ID', 'this-is-deprecated'), ('ROS_LOCALHOST_ONLY', '0'), ('PATH', '/home/subhalaxmi/.local/bin:/opt/ros/humble/bin:/home/subhalaxmi/.local/bin:/usr/local/sbin:/usr/local/bin:/usr/sbin:/usr/bin:/sbin:/bin:/usr/games:/usr/local/games:/snap/bin:/snap/bin'), ('SESSION_MANAGER', 'local/subhalaxmi-Lenovo-G50-80:@/tmp/.ICE-unix/1147,unix/subhalaxmi-Lenovo-G50-80:/tmp/.ICE-unix/1147'), ('INVOCATION_ID', '5668d60ff2944fae98086cdc9fc421e1'), ('XDG_MENU_PREFIX', 'gnome-'), ('GNOME_SETUP_DISPLAY', ':1'), ('XDG_RUNTIME_DIR', '/run/user/1000'), ('DISPLAY', ':0'), ('TERMINATOR_DBUS_PATH', '/net/tenshu/Terminator2'), ('LANG', 'en_US.UTF-8'), ('XDG_CURRENT_DESKTOP', 'ubuntu:GNOME'), ('IBUS_DISABLE_SNOOPER', '1'), ('XMODIFIERS', '@im=ibus'), ('XDG_SESSION_DESKTOP', 'ubuntu'), ('XAUTHORITY', '/run/user/1000/.mutter-Xwaylandauth.519EM3'), ('LS_COLORS', 'rs=0:di=01;34:ln=01;36:mh=00:pi=40;33:so=01;35:do=01;35:bd=40;33;01:cd=40;33;01:or=40;31;01:mi=00:su=37;41:sg=30;43:ca=30;41:tw=30;42:ow=34;42:st=37;44:ex=01;32:*.tar=01;31:*.tgz=01;31:*.arc=01;31:*.arj=01;31:*.taz=01;31:*.lha=01;31:*.lz4=01;31:*.lzh=01;31:*.lzma=01;31:*.tlz=01;31:*.txz=01;31:*.tzo=01;31:*.t7z=01;31:*.zip=01;31:*.z=01;31:*.dz=01;31:*.gz=01;31:*.lrz=01;31:*.lz=01;31:*.lzo=01;31:*.xz=01;31:*.zst=01;31:*.tzst=01;31:*.bz2=01;31:*.bz=01;31:*.tbz=01;31:*.tbz2=01;31:*.tz=01;31:*.deb=01;31:*.rpm=01;31:*.jar=01;31:*.war=01;31:*.ear=01;31:*.sar=01;31:*.rar=01;31:*.alz=01;31:*.ace=01;31:*.zoo=01;31:*.cpio=01;31:*.7z=01;31:*.rz=01;31:*.cab=01;31:*.wim=01;31:*.swm=01;31:*.dwm=01;31:*.esd=01;31:*.jpg=01;35:*.jpeg=01;35:*.mjpg=01;35:*.mjpeg=01;35:*.gif=01;35:*.bmp=01;35:*.pbm=01;35:*.pgm=01;35:*.ppm=01;35:*.tga=01;35:*.xbm=01;35:*.xpm=01;35:*.tif=01;35:*.tiff=01;35:*.png=01;35:*.svg=01;35:*.svgz=01;35:*.mng=01;35:*.pcx=01;35:*.mov=01;35:*.mpg=01;35:*.mpeg=01;35:*.m2v=01;35:*.mkv=01;35:*.webm=01;35:*.webp=01;35:*.ogm=01;35:*.mp4=01;35:*.m4v=01;35:*.mp4v=01;35:*.vob=01;35:*.qt=01;35:*.nuv=01;35:*.wmv=01;35:*.asf=01;35:*.rm=01;35:*.rmvb=01;35:*.flc=01;35:*.avi=01;35:*.fli=01;35:*.flv=01;35:*.gl=01;35:*.dl=01;35:*.xcf=01;35:*.xwd=01;35:*.yuv=01;35:*.cgm=01;35:*.emf=01;35:*.ogv=01;35:*.ogx=01;35:*.aac=00;36:*.au=00;36:*.flac=00;36:*.m4a=00;36:*.mid=00;36:*.midi=00;36:*.mka=00;36:*.mp3=00;36:*.mpc=00;36:*.ogg=00;36:*.ra=00;36:*.wav=00;36:*.oga=00;36:*.opus=00;36:*.spx=00;36:*.xspf=00;36:'), ('SSH_AGENT_LAUNCHER', 'gnome-keyring'), ('SSH_AUTH_SOCK', '/run/user/1000/keyring/ssh'), ('AMENT_PREFIX_PATH', '/home/subhalaxmi/nidar_ws/install/drone_pkg:/home/subhalaxmi/nidar_ws/install/px4_msgs:/home/subhalaxmi/nidar_ws/install/my_drone_bringup:/home/subhalaxmi/rover_ws/install/rover_ctrl:/home/subhalaxmi/autonav_ws/install/my_rover_description:/home/subhalaxmi/autonav_ws/install/my_rover_bringup:/home/subhalaxmi/my_robot_ws/install/my_robot_bringup:/home/subhalaxmi/my_robot_ws/install/my_robot_description:/home/subhalaxmi/my_robot_ws/install/line_follower:/home/subhalaxmi/ros2_ws/install/my_py_pkg:/opt/ros/humble'), ('SHELL', '/bin/bash'), ('TERMINATOR_UUID', 'urn:uuid:58195a0c-9f6d-451e-898e-fa7162240c90'), ('QT_ACCESSIBILITY', '1'), ('GDMSESSION', 'ubuntu'), ('LESSCLOSE', '/usr/bin/lesspipe %s %s'), ('GJS_DEBUG_OUTPUT', 'stderr'), ('QT_IM_MODULE', 'ibus'), ('PWD', '/home/subhalaxmi/nidar_ws/build/my_drone_bringup'), ('LC_ALL', 'en_US.UTF-8'), ('XDG_CONFIG_DIRS', '/etc/xdg/xdg-ubuntu:/etc/xdg'), ('XDG_DATA_DIRS', '/usr/share/ubuntu:/usr/local/share/:/usr/share/:/var/lib/snapd/desktop'), ('PYTHONPATH', '/home/subhalaxmi/nidar_ws/install/drone_pkg/lib/python3.10/site-packages:/home/subhalaxmi/nidar_ws/install/px4_msgs/local/lib/python3.10/dist-packages:/home/subhalaxmi/nidar_ws/install/my_drone_bringup/lib/python3.10/site-packages:/home/subhalaxmi/my_robot_ws/install/line_follower/lib/python3.10/site-packages:/home/subhalaxmi/ros2_ws/install/my_py_pkg/lib/python3.10/site-packages:/opt/ros/humble/lib/python3.10/site-packages:/opt/ros/humble/local/lib/python3.10/dist-packages'), ('COLCON', '1'), ('VTE_VERSION', '6800'), ('CMAKE_PREFIX_PATH', '/home/subhalaxmi/nidar_ws/install/px4_msgs:/home/subhalaxmi/nidar_ws/install/my_drone_bringup:/home/subhalaxmi/rover_ws/install/rover_ctrl:/home/subhalaxmi/autonav_ws/install/my_rover_description:/home/subhalaxmi/autonav_ws/install/my_rover_bringup:/home/subhalaxmi/my_robot_ws/install/my_robot_bringup:/home/subhalaxmi/my_robot_ws/install/my_robot_description:/home/subhalaxmi/nidar_ws/install/drone_pkg:/home/subhalaxmi/my_robot_ws/install/line_follower:/home/subhalaxmi/ros2_ws/install/my_py_pkg:/opt/ros/humble')]), 'shell': False}
[5.582505] (-) TimerEvent: {}
[5.599101] (my_drone_bringup) StdoutLine: {'line': b'-- Install configuration: ""\n'}
[5.605867] (my_drone_bringup) StdoutLine: {'line': b'-- Up-to-date: /home/subhalaxmi/nidar_ws/install/my_drone_bringup/share/my_drone_bringup//launch\n'}
[5.607693] (my_drone_bringup) StdoutLine: {'line': b'-- Up-to-date: /home/subhalaxmi/nidar_ws/install/my_drone_bringup/share/my_drone_bringup//launch/drone.launch.py\n'}
[5.607952] (my_drone_bringup) StdoutLine: {'line': b'-- Up-to-date: /home/subhalaxmi/nidar_ws/install/my_drone_bringup/share/ament_index/resource_index/package_run_dependencies/my_drone_bringup\n'}
[5.609764] (my_drone_bringup) StdoutLine: {'line': b'-- Up-to-date: /home/subhalaxmi/nidar_ws/install/my_drone_bringup/share/ament_index/resource_index/parent_prefix_path/my_drone_bringup\n'}
[5.610004] (my_drone_bringup) StdoutLine: {'line': b'-- Up-to-date: /home/subhalaxmi/nidar_ws/install/my_drone_bringup/share/my_drone_bringup/environment/ament_prefix_path.sh\n'}
[5.614240] (my_drone_bringup) StdoutLine: {'line': b'-- Up-to-date: /home/subhalaxmi/nidar_ws/install/my_drone_bringup/share/my_drone_bringup/environment/ament_prefix_path.dsv\n'}
[5.614652] (my_drone_bringup) StdoutLine: {'line': b'-- Up-to-date: /home/subhalaxmi/nidar_ws/install/my_drone_bringup/share/my_drone_bringup/environment/path.sh\n'}
[5.618016] (my_drone_bringup) StdoutLine: {'line': b'-- Up-to-date: /home/subhalaxmi/nidar_ws/install/my_drone_bringup/share/my_drone_bringup/environment/path.dsv\n'}
[5.623201] (my_drone_bringup) StdoutLine: {'line': b'-- Up-to-date: /home/subhalaxmi/nidar_ws/install/my_drone_bringup/share/my_drone_bringup/local_setup.bash\n'}
[5.625196] (my_drone_bringup) StdoutLine: {'line': b'-- Up-to-date: /home/subhalaxmi/nidar_ws/install/my_drone_bringup/share/my_drone_bringup/local_setup.sh\n'}
[5.625971] (my_drone_bringup) StdoutLine: {'line': b'-- Up-to-date: /home/subhalaxmi/nidar_ws/install/my_drone_bringup/share/my_drone_bringup/local_setup.zsh\n'}
[5.627083] (my_drone_bringup) StdoutLine: {'line': b'-- Up-to-date: /home/subhalaxmi/nidar_ws/install/my_drone_bringup/share/my_drone_bringup/local_setup.dsv\n'}
[5.627685] (my_drone_bringup) StdoutLine: {'line': b'-- Up-to-date: /home/subhalaxmi/nidar_ws/install/my_drone_bringup/share/my_drone_bringup/package.dsv\n'}
[5.627934] (my_drone_bringup) StdoutLine: {'line': b'-- Up-to-date: /home/subhalaxmi/nidar_ws/install/my_drone_bringup/share/ament_index/resource_index/packages/my_drone_bringup\n'}
[5.628169] (my_drone_bringup) StdoutLine: {'line': b'-- Up-to-date: /home/subhalaxmi/nidar_ws/install/my_drone_bringup/share/my_drone_bringup/cmake/my_drone_bringupConfig.cmake\n'}
[5.628405] (my_drone_bringup) StdoutLine: {'line': b'-- Up-to-date: /home/subhalaxmi/nidar_ws/install/my_drone_bringup/share/my_drone_bringup/cmake/my_drone_bringupConfig-version.cmake\n'}
[5.628613] (my_drone_bringup) StdoutLine: {'line': b'-- Up-to-date: /home/subhalaxmi/nidar_ws/install/my_drone_bringup/share/my_drone_bringup/package.xml\n'}
[5.628816] (my_drone_bringup) CommandEnded: {'returncode': 0}
[5.683121] (-) TimerEvent: {}
[5.710503] (my_drone_bringup) JobEnded: {'identifier': 'my_drone_bringup', 'rc': 0}
[5.785383] (-) TimerEvent: {}
[5.886555] (-) TimerEvent: {}
[5.989517] (-) TimerEvent: {}
[6.090501] (-) TimerEvent: {}
[6.193680] (-) TimerEvent: {}
[6.295548] (-) TimerEvent: {}
[6.397731] (-) TimerEvent: {}
[6.500558] (-) TimerEvent: {}
[6.601917] (-) TimerEvent: {}
[6.703627] (-) TimerEvent: {}
[6.804160] (-) TimerEvent: {}
[6.906282] (-) TimerEvent: {}
[7.007208] (-) TimerEvent: {}
[7.108632] (-) TimerEvent: {}
[7.213199] (-) TimerEvent: {}
[7.313653] (-) TimerEvent: {}
[7.414256] (-) TimerEvent: {}
[7.515911] (-) TimerEvent: {}
[7.618321] (-) TimerEvent: {}
[7.719729] (-) TimerEvent: {}
[7.822291] (-) TimerEvent: {}
[7.923567] (-) TimerEvent: {}
[8.024032] (-) TimerEvent: {}
[8.125074] (-) TimerEvent: {}
[8.226945] (-) TimerEvent: {}
[8.327485] (-) TimerEvent: {}
[8.376163] (px4_msgs) StdoutLine: {'line': b'[  0%] Built target px4_msgs__cpp\n'}
[8.428366] (-) TimerEvent: {}
[8.529618] (-) TimerEvent: {}
[8.630302] (-) TimerEvent: {}
[8.730799] (-) TimerEvent: {}
[8.831444] (-) TimerEvent: {}
[8.904309] (px4_msgs) StdoutLine: {'line': b'[  0%] Built target ament_cmake_python_copy_px4_msgs\n'}
[8.931669] (-) TimerEvent: {}
[9.032149] (-) TimerEvent: {}
[9.132844] (-) TimerEvent: {}
[9.233951] (-) TimerEvent: {}
[9.275676] (px4_msgs) StdoutLine: {'line': b'\x1b[35m\x1b[1mConsolidate compiler generated dependencies of target px4_msgs__rosidl_typesupport_fastrtps_cpp\x1b[0m\n'}
[9.334176] (-) TimerEvent: {}
[9.436908] (-) TimerEvent: {}
[9.537442] (-) TimerEvent: {}
[9.639583] (-) TimerEvent: {}
[9.740148] (-) TimerEvent: {}
[9.796714] (px4_msgs) StdoutLine: {'line': b'[ 12%] Built target px4_msgs__rosidl_typesupport_fastrtps_cpp\n'}
[9.840365] (-) TimerEvent: {}
[9.941962] (-) TimerEvent: {}
[10.044869] (-) TimerEvent: {}
[10.122734] (px4_msgs) StdoutLine: {'line': b'\x1b[35m\x1b[1mConsolidate compiler generated dependencies of target px4_msgs__rosidl_typesupport_introspection_cpp\x1b[0m\n'}
[10.146562] (-) TimerEvent: {}
[10.248285] (-) TimerEvent: {}
[10.348848] (-) TimerEvent: {}
[10.452335] (-) TimerEvent: {}
[10.552909] (-) TimerEvent: {}
[10.614285] (px4_msgs) StdoutLine: {'line': b'[ 25%] Built target px4_msgs__rosidl_typesupport_introspection_cpp\n'}
[10.653038] (-) TimerEvent: {}
[10.753689] (-) TimerEvent: {}
[10.854158] (-) TimerEvent: {}
[10.955642] (-) TimerEvent: {}
[11.057212] (-) TimerEvent: {}
[11.160193] (-) TimerEvent: {}
[11.260623] (-) TimerEvent: {}
[11.361273] (-) TimerEvent: {}
[11.461861] (-) TimerEvent: {}
[11.564448] (-) TimerEvent: {}
[11.665436] (-) TimerEvent: {}
[11.767223] (-) TimerEvent: {}
[11.868205] (-) TimerEvent: {}
[11.912614] (px4_msgs) StdoutLine: {'line': b'running egg_info\n'}
[11.914882] (px4_msgs) StdoutLine: {'line': b'writing px4_msgs.egg-info/PKG-INFO\n'}
[11.917232] (px4_msgs) StdoutLine: {'line': b'writing dependency_links to px4_msgs.egg-info/dependency_links.txt\n'}
[11.917709] (px4_msgs) StdoutLine: {'line': b'writing top-level names to px4_msgs.egg-info/top_level.txt\n'}
[11.939884] (px4_msgs) StdoutLine: {'line': b"reading manifest file 'px4_msgs.egg-info/SOURCES.txt'\n"}
[11.947724] (px4_msgs) StdoutLine: {'line': b"writing manifest file 'px4_msgs.egg-info/SOURCES.txt'\n"}
[11.971279] (-) TimerEvent: {}
[12.057807] (px4_msgs) StdoutLine: {'line': b'[ 25%] Built target ament_cmake_python_build_px4_msgs_egg\n'}
[12.074200] (-) TimerEvent: {}
[12.174651] (-) TimerEvent: {}
[12.275417] (-) TimerEvent: {}
[12.376261] (-) TimerEvent: {}
[12.430254] (px4_msgs) StdoutLine: {'line': b'\x1b[35m\x1b[1mConsolidate compiler generated dependencies of target px4_msgs__rosidl_typesupport_cpp\x1b[0m\n'}
[12.477598] (-) TimerEvent: {}
[12.578080] (-) TimerEvent: {}
[12.678827] (-) TimerEvent: {}
[12.782477] (-) TimerEvent: {}
[12.883194] (-) TimerEvent: {}
[12.891812] (px4_msgs) StdoutLine: {'line': b'[ 37%] Built target px4_msgs__rosidl_typesupport_cpp\n'}
[12.983305] (-) TimerEvent: {}
[13.083932] (-) TimerEvent: {}
[13.184639] (-) TimerEvent: {}
[13.192315] (px4_msgs) StdoutLine: {'line': b'\x1b[35m\x1b[1mConsolidate compiler generated dependencies of target px4_msgs__rosidl_generator_c\x1b[0m\n'}
[13.285178] (-) TimerEvent: {}
[13.390075] (-) TimerEvent: {}
[13.470955] (px4_msgs) StdoutLine: {'line': b'[ 49%] Built target px4_msgs__rosidl_generator_c\n'}
[13.490465] (-) TimerEvent: {}
[13.592781] (-) TimerEvent: {}
[13.698127] (-) TimerEvent: {}
[13.799662] (-) TimerEvent: {}
[13.900285] (-) TimerEvent: {}
[13.947353] (px4_msgs) StdoutLine: {'line': b'\x1b[35m\x1b[1mConsolidate compiler generated dependencies of target px4_msgs__rosidl_typesupport_fastrtps_c\x1b[0m\n'}
[14.000413] (-) TimerEvent: {}
[14.104303] (-) TimerEvent: {}
[14.205166] (-) TimerEvent: {}
[14.309357] (-) TimerEvent: {}
[14.412343] (-) TimerEvent: {}
[14.512781] (-) TimerEvent: {}
[14.558354] (px4_msgs) StdoutLine: {'line': b'[ 62%] Built target px4_msgs__rosidl_typesupport_fastrtps_c\n'}
[14.613014] (-) TimerEvent: {}
[14.714477] (-) TimerEvent: {}
[14.755794] (px4_msgs) StdoutLine: {'line': b'\x1b[35m\x1b[1mConsolidate compiler generated dependencies of target px4_msgs__rosidl_typesupport_c\x1b[0m\n'}
[14.814603] (-) TimerEvent: {}
[14.906681] (px4_msgs) StdoutLine: {'line': b'[ 75%] Built target px4_msgs__rosidl_typesupport_c\n'}
[14.915578] (-) TimerEvent: {}
[15.016038] (-) TimerEvent: {}
[15.117440] (-) TimerEvent: {}
[15.150311] (px4_msgs) StdoutLine: {'line': b'\x1b[35m\x1b[1mConsolidate compiler generated dependencies of target px4_msgs__rosidl_typesupport_introspection_c\x1b[0m\n'}
[15.219194] (-) TimerEvent: {}
[15.319659] (-) TimerEvent: {}
[15.386775] (px4_msgs) StdoutLine: {'line': b'[ 88%] Built target px4_msgs__rosidl_typesupport_introspection_c\n'}
[15.419813] (-) TimerEvent: {}
[15.479147] (px4_msgs) StdoutLine: {'line': b'[ 88%] Built target px4_msgs\n'}
[15.524200] (-) TimerEvent: {}
[15.624870] (-) TimerEvent: {}
[15.636084] (px4_msgs) StdoutLine: {'line': b'[ 88%] Built target px4_msgs__py\n'}
[15.725093] (-) TimerEvent: {}
[15.827190] (-) TimerEvent: {}
[15.928868] (-) TimerEvent: {}
[16.029470] (px4_msgs) StdoutLine: {'line': b'\x1b[35m\x1b[1mConsolidate compiler generated dependencies of target px4_msgs__rosidl_generator_py\x1b[0m\n'}
[16.029841] (-) TimerEvent: {}
[16.133939] (-) TimerEvent: {}
[16.234921] (-) TimerEvent: {}
[16.338647] (-) TimerEvent: {}
[16.442213] (-) TimerEvent: {}
[16.542669] (-) TimerEvent: {}
[16.615241] (px4_msgs) StdoutLine: {'line': b'[100%] Built target px4_msgs__rosidl_generator_py\n'}
[16.642950] (-) TimerEvent: {}
[16.655534] (px4_msgs) StdoutLine: {'line': b'\x1b[35m\x1b[1mConsolidate compiler generated dependencies of target px4_msgs__rosidl_typesupport_fastrtps_c__pyext\x1b[0m\n'}
[16.724909] (px4_msgs) StdoutLine: {'line': b'[100%] Built target px4_msgs__rosidl_typesupport_fastrtps_c__pyext\n'}
[16.743056] (-) TimerEvent: {}
[16.768007] (px4_msgs) StdoutLine: {'line': b'\x1b[35m\x1b[1mConsolidate compiler generated dependencies of target px4_msgs__rosidl_typesupport_c__pyext\x1b[0m\n'}
[16.826282] (px4_msgs) StdoutLine: {'line': b'[100%] Built target px4_msgs__rosidl_typesupport_c__pyext\n'}
[16.843183] (-) TimerEvent: {}
[16.888018] (px4_msgs) StdoutLine: {'line': b'\x1b[35m\x1b[1mConsolidate compiler generated dependencies of target px4_msgs__rosidl_typesupport_introspection_c__pyext\x1b[0m\n'}
[16.943310] (-) TimerEvent: {}
[16.964763] (px4_msgs) StdoutLine: {'line': b'[100%] Built target px4_msgs__rosidl_typesupport_introspection_c__pyext\n'}
[17.006470] (px4_msgs) CommandEnded: {'returncode': 0}
[17.010700] (px4_msgs) JobProgress: {'identifier': 'px4_msgs', 'progress': 'install'}
[17.015158] (px4_msgs) Command: {'cmd': ['/usr/bin/cmake', '--install', '/home/subhalaxmi/nidar_ws/build/px4_msgs'], 'cwd': '/home/subhalaxmi/nidar_ws/build/px4_msgs', 'env': OrderedDict([('GJS_DEBUG_TOPICS', 'JS ERROR;JS LOG'), ('LESSOPEN', '| /usr/bin/lesspipe %s'), ('LANGUAGE', 'en_IN:en'), ('USER', 'subhalaxmi'), ('XDG_SESSION_TYPE', 'wayland'), ('SHLVL', '1'), ('LD_LIBRARY_PATH', '/home/subhalaxmi/nidar_ws/install/px4_msgs/lib:/opt/ros/humble/opt/rviz_ogre_vendor/lib:/opt/ros/humble/lib/x86_64-linux-gnu:/opt/ros/humble/lib'), ('HOME', '/home/subhalaxmi'), ('OLDPWD', '/home/subhalaxmi/nidar_ws'), ('DESKTOP_SESSION', 'ubuntu'), ('GIO_LAUNCHED_DESKTOP_FILE', '/usr/share/applications/terminator.desktop'), ('ROS_PYTHON_VERSION', '3'), ('GNOME_SHELL_SESSION_MODE', 'ubuntu'), ('GTK_MODULES', 'gail:atk-bridge'), ('MANAGERPID', '1036'), ('SYSTEMD_EXEC_PID', '1178'), ('DBUS_SESSION_BUS_ADDRESS', 'unix:path=/run/user/1000/bus'), ('COLORTERM', 'truecolor'), ('TERMINATOR_DBUS_NAME', 'net.tenshu.Terminator25ef4b219e3b005583550f2b0f9f990c3'), ('GIO_LAUNCHED_DESKTOP_FILE_PID', '17318'), ('IM_CONFIG_PHASE', '1'), ('WAYLAND_DISPLAY', 'wayland-0'), ('COLCON_PREFIX_PATH', '/home/subhalaxmi/nidar_ws/install:/home/subhalaxmi/rover_ws/install:/home/subhalaxmi/autonav_ws/install:/home/subhalaxmi/my_robot_ws/install:/home/subhalaxmi/ros2_ws/install'), ('ROS_DISTRO', 'humble'), ('LOGNAME', 'subhalaxmi'), ('JOURNAL_STREAM', '8:8924'), ('_', '/usr/bin/colcon'), ('ROS_VERSION', '2'), ('XDG_SESSION_CLASS', 'user'), ('USERNAME', 'subhalaxmi'), ('TERM', 'xterm-256color'), ('GNOME_DESKTOP_SESSION_ID', 'this-is-deprecated'), ('ROS_LOCALHOST_ONLY', '0'), ('PATH', '/home/subhalaxmi/.local/bin:/opt/ros/humble/bin:/home/subhalaxmi/.local/bin:/usr/local/sbin:/usr/local/bin:/usr/sbin:/usr/bin:/sbin:/bin:/usr/games:/usr/local/games:/snap/bin:/snap/bin'), ('SESSION_MANAGER', 'local/subhalaxmi-Lenovo-G50-80:@/tmp/.ICE-unix/1147,unix/subhalaxmi-Lenovo-G50-80:/tmp/.ICE-unix/1147'), ('INVOCATION_ID', '5668d60ff2944fae98086cdc9fc421e1'), ('XDG_MENU_PREFIX', 'gnome-'), ('GNOME_SETUP_DISPLAY', ':1'), ('XDG_RUNTIME_DIR', '/run/user/1000'), ('DISPLAY', ':0'), ('TERMINATOR_DBUS_PATH', '/net/tenshu/Terminator2'), ('LANG', 'en_US.UTF-8'), ('XDG_CURRENT_DESKTOP', 'ubuntu:GNOME'), ('IBUS_DISABLE_SNOOPER', '1'), ('XMODIFIERS', '@im=ibus'), ('XDG_SESSION_DESKTOP', 'ubuntu'), ('XAUTHORITY', '/run/user/1000/.mutter-Xwaylandauth.519EM3'), ('LS_COLORS', 'rs=0:di=01;34:ln=01;36:mh=00:pi=40;33:so=01;35:do=01;35:bd=40;33;01:cd=40;33;01:or=40;31;01:mi=00:su=37;41:sg=30;43:ca=30;41:tw=30;42:ow=34;42:st=37;44:ex=01;32:*.tar=01;31:*.tgz=01;31:*.arc=01;31:*.arj=01;31:*.taz=01;31:*.lha=01;31:*.lz4=01;31:*.lzh=01;31:*.lzma=01;31:*.tlz=01;31:*.txz=01;31:*.tzo=01;31:*.t7z=01;31:*.zip=01;31:*.z=01;31:*.dz=01;31:*.gz=01;31:*.lrz=01;31:*.lz=01;31:*.lzo=01;31:*.xz=01;31:*.zst=01;31:*.tzst=01;31:*.bz2=01;31:*.bz=01;31:*.tbz=01;31:*.tbz2=01;31:*.tz=01;31:*.deb=01;31:*.rpm=01;31:*.jar=01;31:*.war=01;31:*.ear=01;31:*.sar=01;31:*.rar=01;31:*.alz=01;31:*.ace=01;31:*.zoo=01;31:*.cpio=01;31:*.7z=01;31:*.rz=01;31:*.cab=01;31:*.wim=01;31:*.swm=01;31:*.dwm=01;31:*.esd=01;31:*.jpg=01;35:*.jpeg=01;35:*.mjpg=01;35:*.mjpeg=01;35:*.gif=01;35:*.bmp=01;35:*.pbm=01;35:*.pgm=01;35:*.ppm=01;35:*.tga=01;35:*.xbm=01;35:*.xpm=01;35:*.tif=01;35:*.tiff=01;35:*.png=01;35:*.svg=01;35:*.svgz=01;35:*.mng=01;35:*.pcx=01;35:*.mov=01;35:*.mpg=01;35:*.mpeg=01;35:*.m2v=01;35:*.mkv=01;35:*.webm=01;35:*.webp=01;35:*.ogm=01;35:*.mp4=01;35:*.m4v=01;35:*.mp4v=01;35:*.vob=01;35:*.qt=01;35:*.nuv=01;35:*.wmv=01;35:*.asf=01;35:*.rm=01;35:*.rmvb=01;35:*.flc=01;35:*.avi=01;35:*.fli=01;35:*.flv=01;35:*.gl=01;35:*.dl=01;35:*.xcf=01;35:*.xwd=01;35:*.yuv=01;35:*.cgm=01;35:*.emf=01;35:*.ogv=01;35:*.ogx=01;35:*.aac=00;36:*.au=00;36:*.flac=00;36:*.m4a=00;36:*.mid=00;36:*.midi=00;36:*.mka=00;36:*.mp3=00;36:*.mpc=00;36:*.ogg=00;36:*.ra=00;36:*.wav=00;36:*.oga=00;36:*.opus=00;36:*.spx=00;36:*.xspf=00;36:'), ('SSH_AGENT_LAUNCHER', 'gnome-keyring'), ('SSH_AUTH_SOCK', '/run/user/1000/keyring/ssh'), ('AMENT_PREFIX_PATH', '/home/subhalaxmi/nidar_ws/install/px4_msgs:/home/subhalaxmi/nidar_ws/install/my_drone_bringup:/home/subhalaxmi/nidar_ws/install/drone_pkg:/home/subhalaxmi/rover_ws/install/rover_ctrl:/home/subhalaxmi/autonav_ws/install/my_rover_description:/home/subhalaxmi/autonav_ws/install/my_rover_bringup:/home/subhalaxmi/my_robot_ws/install/my_robot_bringup:/home/subhalaxmi/my_robot_ws/install/my_robot_description:/home/subhalaxmi/my_robot_ws/install/line_follower:/home/subhalaxmi/ros2_ws/install/my_py_pkg:/opt/ros/humble'), ('SHELL', '/bin/bash'), ('TERMINATOR_UUID', 'urn:uuid:58195a0c-9f6d-451e-898e-fa7162240c90'), ('QT_ACCESSIBILITY', '1'), ('GDMSESSION', 'ubuntu'), ('LESSCLOSE', '/usr/bin/lesspipe %s %s'), ('GJS_DEBUG_OUTPUT', 'stderr'), ('QT_IM_MODULE', 'ibus'), ('PWD', '/home/subhalaxmi/nidar_ws/build/px4_msgs'), ('LC_ALL', 'en_US.UTF-8'), ('XDG_CONFIG_DIRS', '/etc/xdg/xdg-ubuntu:/etc/xdg'), ('XDG_DATA_DIRS', '/usr/share/ubuntu:/usr/local/share/:/usr/share/:/var/lib/snapd/desktop'), ('PYTHONPATH', '/home/subhalaxmi/nidar_ws/install/px4_msgs/local/lib/python3.10/dist-packages:/home/subhalaxmi/nidar_ws/install/my_drone_bringup/lib/python3.10/site-packages:/home/subhalaxmi/nidar_ws/install/drone_pkg/lib/python3.10/site-packages:/home/subhalaxmi/my_robot_ws/install/line_follower/lib/python3.10/site-packages:/home/subhalaxmi/ros2_ws/install/my_py_pkg/lib/python3.10/site-packages:/opt/ros/humble/lib/python3.10/site-packages:/opt/ros/humble/local/lib/python3.10/dist-packages'), ('COLCON', '1'), ('VTE_VERSION', '6800'), ('CMAKE_PREFIX_PATH', '/home/subhalaxmi/nidar_ws/install/px4_msgs:/home/subhalaxmi/nidar_ws/install/my_drone_bringup:/home/subhalaxmi/rover_ws/install/rover_ctrl:/home/subhalaxmi/autonav_ws/install/my_rover_description:/home/subhalaxmi/autonav_ws/install/my_rover_bringup:/home/subhalaxmi/my_robot_ws/install/my_robot_bringup:/home/subhalaxmi/my_robot_ws/install/my_robot_description:/home/subhalaxmi/nidar_ws/install/drone_pkg:/home/subhalaxmi/my_robot_ws/install/line_follower:/home/subhalaxmi/ros2_ws/install/my_py_pkg:/opt/ros/humble')]), 'shell': False}
[17.044907] (-) TimerEvent: {}
[17.050724] (px4_msgs) StdoutLine: {'line': b'-- Install configuration: ""\n'}
[17.051068] (px4_msgs) StdoutLine: {'line': b'-- Up-to-date: /home/subhalaxmi/nidar_ws/install/px4_msgs/share/ament_index/resource_index/rosidl_interfaces/px4_msgs\n'}
[17.051334] (px4_msgs) StdoutLine: {'line': b'-- Up-to-date: /home/subhalaxmi/nidar_ws/install/px4_msgs/include/px4_msgs/px4_msgs\n'}
[17.051555] (px4_msgs) StdoutLine: {'line': b'-- Up-to-date: /home/subhalaxmi/nidar_ws/install/px4_msgs/include/px4_msgs/px4_msgs/msg\n'}
[17.056264] (px4_msgs) StdoutLine: {'line': b'-- Up-to-date: /home/subhalaxmi/nidar_ws/install/px4_msgs/include/px4_msgs/px4_msgs/msg/vehicle_acceleration.h\n'}
[17.062202] (px4_msgs) StdoutLine: {'line': b'-- Up-to-date: /home/subhalaxmi/nidar_ws/install/px4_msgs/include/px4_msgs/px4_msgs/msg/device_information.h\n'}
[17.065450] (px4_msgs) StdoutLine: {'line': b'-- Up-to-date: /home/subhalaxmi/nidar_ws/install/px4_msgs/include/px4_msgs/px4_msgs/msg/airspeed.h\n'}
[17.067464] (px4_msgs) StdoutLine: {'line': b'-- Up-to-date: /home/subhalaxmi/nidar_ws/install/px4_msgs/include/px4_msgs/px4_msgs/msg/estimator_bias.h\n'}
[17.068588] (px4_msgs) StdoutLine: {'line': b'-- Up-to-date: /home/subhalaxmi/nidar_ws/install/px4_msgs/include/px4_msgs/px4_msgs/msg/health_report.h\n'}
[17.069189] (px4_msgs) StdoutLine: {'line': b'-- Up-to-date: /home/subhalaxmi/nidar_ws/install/px4_msgs/include/px4_msgs/px4_msgs/msg/rtl_time_estimate.h\n'}
[17.070451] (px4_msgs) StdoutLine: {'line': b'-- Up-to-date: /home/subhalaxmi/nidar_ws/install/px4_msgs/include/px4_msgs/px4_msgs/msg/rosidl_generator_c__visibility_control.h\n'}
[17.072607] (px4_msgs) StdoutLine: {'line': b'-- Up-to-date: /home/subhalaxmi/nidar_ws/install/px4_msgs/include/px4_msgs/px4_msgs/msg/goto_setpoint.h\n'}
[17.072837] (px4_msgs) StdoutLine: {'line': b'-- Up-to-date: /home/subhalaxmi/nidar_ws/install/px4_msgs/include/px4_msgs/px4_msgs/msg/qshell_req.h\n'}
[17.073038] (px4_msgs) StdoutLine: {'line': b'-- Up-to-date: /home/subhalaxmi/nidar_ws/install/px4_msgs/include/px4_msgs/px4_msgs/msg/vehicle_roi.h\n'}
[17.073738] (px4_msgs) StdoutLine: {'line': b'-- Up-to-date: /home/subhalaxmi/nidar_ws/install/px4_msgs/include/px4_msgs/px4_msgs/msg/gripper.h\n'}
[17.075450] (px4_msgs) StdoutLine: {'line': b'-- Up-to-date: /home/subhalaxmi/nidar_ws/install/px4_msgs/include/px4_msgs/px4_msgs/msg/fuel_tank_status.h\n'}
[17.076231] (px4_msgs) StdoutLine: {'line': b'-- Up-to-date: /home/subhalaxmi/nidar_ws/install/px4_msgs/include/px4_msgs/px4_msgs/msg/rover_rate_setpoint.h\n'}
[17.076497] (px4_msgs) StdoutLine: {'line': b'-- Up-to-date: /home/subhalaxmi/nidar_ws/install/px4_msgs/include/px4_msgs/px4_msgs/msg/offboard_control_mode.h\n'}
[17.077392] (px4_msgs) StdoutLine: {'line': b'-- Up-to-date: /home/subhalaxmi/nidar_ws/install/px4_msgs/include/px4_msgs/px4_msgs/msg/control_allocator_status.h\n'}
[17.077927] (px4_msgs) StdoutLine: {'line': b'-- Up-to-date: /home/subhalaxmi/nidar_ws/install/px4_msgs/include/px4_msgs/px4_msgs/msg/esc_status.h\n'}
[17.078726] (px4_msgs) StdoutLine: {'line': b'-- Up-to-date: /home/subhalaxmi/nidar_ws/install/px4_msgs/include/px4_msgs/px4_msgs/msg/mount_orientation.h\n'}
[17.079227] (px4_msgs) StdoutLine: {'line': b'-- Up-to-date: /home/subhalaxmi/nidar_ws/install/px4_msgs/include/px4_msgs/px4_msgs/msg/actuator_motors.h\n'}
[17.079444] (px4_msgs) StdoutLine: {'line': b'-- Up-to-date: /home/subhalaxmi/nidar_ws/install/px4_msgs/include/px4_msgs/px4_msgs/msg/landing_target_pose.h\n'}
[17.079632] (px4_msgs) StdoutLine: {'line': b'-- Up-to-date: /home/subhalaxmi/nidar_ws/install/px4_msgs/include/px4_msgs/px4_msgs/msg/rover_speed_status.h\n'}
[17.079814] (px4_msgs) StdoutLine: {'line': b'-- Up-to-date: /home/subhalaxmi/nidar_ws/install/px4_msgs/include/px4_msgs/px4_msgs/msg/raptor_input.h\n'}
[17.079994] (px4_msgs) StdoutLine: {'line': b'-- Up-to-date: /home/subhalaxmi/nidar_ws/install/px4_msgs/include/px4_msgs/px4_msgs/msg/orb_test.h\n'}
[17.080196] (px4_msgs) StdoutLine: {'line': b'-- Up-to-date: /home/subhalaxmi/nidar_ws/install/px4_msgs/include/px4_msgs/px4_msgs/msg/normalized_unsigned_setpoint.h\n'}
[17.080395] (px4_msgs) StdoutLine: {'line': b'-- Up-to-date: /home/subhalaxmi/nidar_ws/install/px4_msgs/include/px4_msgs/px4_msgs/msg/dronecan_node_status.h\n'}
[17.080576] (px4_msgs) StdoutLine: {'line': b'-- Up-to-date: /home/subhalaxmi/nidar_ws/install/px4_msgs/include/px4_msgs/px4_msgs/msg/esc_report.h\n'}
[17.080754] (px4_msgs) StdoutLine: {'line': b'-- Up-to-date: /home/subhalaxmi/nidar_ws/install/px4_msgs/include/px4_msgs/px4_msgs/msg/debug_value.h\n'}
[17.080935] (px4_msgs) StdoutLine: {'line': b'-- Up-to-date: /home/subhalaxmi/nidar_ws/install/px4_msgs/include/px4_msgs/px4_msgs/msg/sensor_airflow.h\n'}
[17.081132] (px4_msgs) StdoutLine: {'line': b'-- Up-to-date: /home/subhalaxmi/nidar_ws/install/px4_msgs/include/px4_msgs/px4_msgs/msg/gimbal_controls.h\n'}
[17.083360] (px4_msgs) StdoutLine: {'line': b'-- Up-to-date: /home/subhalaxmi/nidar_ws/install/px4_msgs/include/px4_msgs/px4_msgs/msg/follow_target_status.h\n'}
[17.083651] (px4_msgs) StdoutLine: {'line': b'-- Up-to-date: /home/subhalaxmi/nidar_ws/install/px4_msgs/include/px4_msgs/px4_msgs/msg/distance_sensor_mode_change_request.h\n'}
[17.083915] (px4_msgs) StdoutLine: {'line': b'-- Up-to-date: /home/subhalaxmi/nidar_ws/install/px4_msgs/include/px4_msgs/px4_msgs/msg/landing_gear.h\n'}
[17.084726] (px4_msgs) StdoutLine: {'line': b'-- Up-to-date: /home/subhalaxmi/nidar_ws/install/px4_msgs/include/px4_msgs/px4_msgs/msg/arming_check_request.h\n'}
[17.085547] (px4_msgs) StdoutLine: {'line': b'-- Up-to-date: /home/subhalaxmi/nidar_ws/install/px4_msgs/include/px4_msgs/px4_msgs/msg/sensor_baro.h\n'}
[17.086281] (px4_msgs) StdoutLine: {'line': b'-- Up-to-date: /home/subhalaxmi/nidar_ws/install/px4_msgs/include/px4_msgs/px4_msgs/msg/navigator_status.h\n'}
[17.086915] (px4_msgs) StdoutLine: {'line': b'-- Up-to-date: /home/subhalaxmi/nidar_ws/install/px4_msgs/include/px4_msgs/px4_msgs/msg/figure_eight_status.h\n'}
[17.087367] (px4_msgs) StdoutLine: {'line': b'-- Up-to-date: /home/subhalaxmi/nidar_ws/install/px4_msgs/include/px4_msgs/px4_msgs/msg/onboard_computer_status.h\n'}
[17.087628] (px4_msgs) StdoutLine: {'line': b'-- Up-to-date: /home/subhalaxmi/nidar_ws/install/px4_msgs/include/px4_msgs/px4_msgs/msg/mission.h\n'}
[17.087848] (px4_msgs) StdoutLine: {'line': b'-- Up-to-date: /home/subhalaxmi/nidar_ws/install/px4_msgs/include/px4_msgs/px4_msgs/msg/sensor_temp.h\n'}
[17.090012] (px4_msgs) StdoutLine: {'line': b'-- Up-to-date: /home/subhalaxmi/nidar_ws/install/px4_msgs/include/px4_msgs/px4_msgs/msg/mavlink_tunnel.h\n'}
[17.091271] (px4_msgs) StdoutLine: {'line': b'-- Up-to-date: /home/subhalaxmi/nidar_ws/install/px4_msgs/include/px4_msgs/px4_msgs/msg/gimbal_manager_set_attitude.h\n'}
[17.091965] (px4_msgs) StdoutLine: {'line': b'-- Up-to-date: /home/subhalaxmi/nidar_ws/install/px4_msgs/include/px4_msgs/px4_msgs/msg/vehicle_status.h\n'}
[17.092406] (px4_msgs) StdoutLine: {'line': b'-- Up-to-date: /home/subhalaxmi/nidar_ws/install/px4_msgs/include/px4_msgs/px4_msgs/msg/vehicle_angular_acceleration_setpoint.h\n'}
[17.092758] (px4_msgs) StdoutLine: {'line': b'-- Up-to-date: /home/subhalaxmi/nidar_ws/install/px4_msgs/include/px4_msgs/px4_msgs/msg/ping.h\n'}
[17.093476] (px4_msgs) StdoutLine: {'line': b'-- Up-to-date: /home/subhalaxmi/nidar_ws/install/px4_msgs/include/px4_msgs/px4_msgs/msg/yaw_estimator_status.h\n'}
[17.094090] (px4_msgs) StdoutLine: {'line': b'-- Up-to-date: /home/subhalaxmi/nidar_ws/install/px4_msgs/include/px4_msgs/px4_msgs/msg/unregister_ext_component.h\n'}
[17.096358] (px4_msgs) StdoutLine: {'line': b'-- Up-to-date: /home/subhalaxmi/nidar_ws/install/px4_msgs/include/px4_msgs/px4_msgs/msg/vehicle_angular_velocity.h\n'}
[17.096913] (px4_msgs) StdoutLine: {'line': b'-- Up-to-date: /home/subhalaxmi/nidar_ws/install/px4_msgs/include/px4_msgs/px4_msgs/msg/geofence_status.h\n'}
[17.100196] (px4_msgs) StdoutLine: {'line': b'-- Up-to-date: /home/subhalaxmi/nidar_ws/install/px4_msgs/include/px4_msgs/px4_msgs/msg/open_drone_id_operator_id.h\n'}
[17.100889] (px4_msgs) StdoutLine: {'line': b'-- Up-to-date: /home/subhalaxmi/nidar_ws/install/px4_msgs/include/px4_msgs/px4_msgs/msg/orb_test_large.h\n'}
[17.104097] (px4_msgs) StdoutLine: {'line': b'-- Up-to-date: /home/subhalaxmi/nidar_ws/install/px4_msgs/include/px4_msgs/px4_msgs/msg/magnetometer_bias_estimate.h\n'}
[17.104405] (px4_msgs) StdoutLine: {'line': b'-- Up-to-date: /home/subhalaxmi/nidar_ws/install/px4_msgs/include/px4_msgs/px4_msgs/msg/gimbal_manager_information.h\n'}
[17.104641] (px4_msgs) StdoutLine: {'line': b'-- Up-to-date: /home/subhalaxmi/nidar_ws/install/px4_msgs/include/px4_msgs/px4_msgs/msg/fixed_wing_lateral_guidance_status.h\n'}
[17.106137] (px4_msgs) StdoutLine: {'line': b'-- Up-to-date: /home/subhalaxmi/nidar_ws/install/px4_msgs/include/px4_msgs/px4_msgs/msg/estimator_aid_source1d.h\n'}
[17.107044] (px4_msgs) StdoutLine: {'line': b'-- Up-to-date: /home/subhalaxmi/nidar_ws/install/px4_msgs/include/px4_msgs/px4_msgs/msg/mavlink_log.h\n'}
[17.107289] (px4_msgs) StdoutLine: {'line': b'-- Up-to-date: /home/subhalaxmi/nidar_ws/install/px4_msgs/include/px4_msgs/px4_msgs/msg/parameter_set_value_response.h\n'}
[17.107492] (px4_msgs) StdoutLine: {'line': b'-- Up-to-date: /home/subhalaxmi/nidar_ws/install/px4_msgs/include/px4_msgs/px4_msgs/msg/fixed_wing_runway_control.h\n'}
[17.109995] (px4_msgs) StdoutLine: {'line': b'-- Up-to-date: /home/subhalaxmi/nidar_ws/install/px4_msgs/include/px4_msgs/px4_msgs/msg/sensor_combined.h\n'}
[17.110585] (px4_msgs) StdoutLine: {'line': b'-- Up-to-date: /home/subhalaxmi/nidar_ws/install/px4_msgs/include/px4_msgs/px4_msgs/msg/led_control.h\n'}
[17.110824] (px4_msgs) StdoutLine: {'line': b'-- Up-to-date: /home/subhalaxmi/nidar_ws/install/px4_msgs/include/px4_msgs/px4_msgs/msg/action_request.h\n'}
[17.111750] (px4_msgs) StdoutLine: {'line': b'-- Up-to-date: /home/subhalaxmi/nidar_ws/install/px4_msgs/include/px4_msgs/px4_msgs/msg/vehicle_command.h\n'}
[17.112995] (px4_msgs) StdoutLine: {'line': b'-- Up-to-date: /home/subhalaxmi/nidar_ws/install/px4_msgs/include/px4_msgs/px4_msgs/msg/position_setpoint.h\n'}
[17.114422] (px4_msgs) StdoutLine: {'line': b'-- Up-to-date: /home/subhalaxmi/nidar_ws/install/px4_msgs/include/px4_msgs/px4_msgs/msg/cellular_status.h\n'}
[17.116725] (px4_msgs) StdoutLine: {'line': b'-- Up-to-date: /home/subhalaxmi/nidar_ws/install/px4_msgs/include/px4_msgs/px4_msgs/msg/hover_thrust_estimate.h\n'}
[17.117970] (px4_msgs) StdoutLine: {'line': b'-- Up-to-date: /home/subhalaxmi/nidar_ws/install/px4_msgs/include/px4_msgs/px4_msgs/msg/battery_info.h\n'}
[17.118697] (px4_msgs) StdoutLine: {'line': b'-- Up-to-date: /home/subhalaxmi/nidar_ws/install/px4_msgs/include/px4_msgs/px4_msgs/msg/satellite_info.h\n'}
[17.120338] (px4_msgs) StdoutLine: {'line': b'-- Up-to-date: /home/subhalaxmi/nidar_ws/install/px4_msgs/include/px4_msgs/px4_msgs/msg/camera_trigger.h\n'}
[17.120639] (px4_msgs) StdoutLine: {'line': b'-- Up-to-date: /home/subhalaxmi/nidar_ws/install/px4_msgs/include/px4_msgs/px4_msgs/msg/mag_worker_data.h\n'}
[17.122938] (px4_msgs) StdoutLine: {'line': b'-- Up-to-date: /home/subhalaxmi/nidar_ws/install/px4_msgs/include/px4_msgs/px4_msgs/msg/arming_check_reply.h\n'}
[17.124949] (px4_msgs) StdoutLine: {'line': b'-- Up-to-date: /home/subhalaxmi/nidar_ws/install/px4_msgs/include/px4_msgs/px4_msgs/msg/vehicle_constraints.h\n'}
[17.126699] (px4_msgs) StdoutLine: {'line': b'-- Up-to-date: /home/subhalaxmi/nidar_ws/install/px4_msgs/include/px4_msgs/px4_msgs/msg/sensors_status_imu.h\n'}
[17.127152] (px4_msgs) StdoutLine: {'line': b'-- Up-to-date: /home/subhalaxmi/nidar_ws/install/px4_msgs/include/px4_msgs/px4_msgs/msg/rover_rate_status.h\n'}
[17.127598] (px4_msgs) StdoutLine: {'line': b'-- Up-to-date: /home/subhalaxmi/nidar_ws/install/px4_msgs/include/px4_msgs/px4_msgs/msg/register_ext_component_reply.h\n'}
[17.127959] (px4_msgs) StdoutLine: {'line': b'-- Up-to-date: /home/subhalaxmi/nidar_ws/install/px4_msgs/include/px4_msgs/px4_msgs/msg/distance_sensor.h\n'}
[17.129933] (px4_msgs) StdoutLine: {'line': b'-- Up-to-date: /home/subhalaxmi/nidar_ws/install/px4_msgs/include/px4_msgs/px4_msgs/msg/timesync_status.h\n'}
[17.130240] (px4_msgs) StdoutLine: {'line': b'-- Up-to-date: /home/subhalaxmi/nidar_ws/install/px4_msgs/include/px4_msgs/px4_msgs/msg/vtol_vehicle_status.h\n'}
[17.130488] (px4_msgs) StdoutLine: {'line': b'-- Up-to-date: /home/subhalaxmi/nidar_ws/install/px4_msgs/include/px4_msgs/px4_msgs/msg/iridiumsbd_status.h\n'}
[17.130716] (px4_msgs) StdoutLine: {'line': b'-- Up-to-date: /home/subhalaxmi/nidar_ws/install/px4_msgs/include/px4_msgs/px4_msgs/msg/manual_control_switches.h\n'}
[17.131204] (px4_msgs) StdoutLine: {'line': b'-- Up-to-date: /home/subhalaxmi/nidar_ws/install/px4_msgs/include/px4_msgs/px4_msgs/msg/fixed_wing_lateral_setpoint.h\n'}
[17.131739] (px4_msgs) StdoutLine: {'line': b'-- Up-to-date: /home/subhalaxmi/nidar_ws/install/px4_msgs/include/px4_msgs/px4_msgs/msg/vehicle_odometry.h\n'}
[17.132295] (px4_msgs) StdoutLine: {'line': b'-- Up-to-date: /home/subhalaxmi/nidar_ws/install/px4_msgs/include/px4_msgs/px4_msgs/msg/uavcan_parameter_request.h\n'}
[17.133909] (px4_msgs) StdoutLine: {'line': b'-- Up-to-date: /home/subhalaxmi/nidar_ws/install/px4_msgs/include/px4_msgs/px4_msgs/msg/failsafe_flags.h\n'}
[17.135053] (px4_msgs) StdoutLine: {'line': b'-- Up-to-date: /home/subhalaxmi/nidar_ws/install/px4_msgs/include/px4_msgs/px4_msgs/msg/follow_target_estimator.h\n'}
[17.136134] (px4_msgs) StdoutLine: {'line': b'-- Up-to-date: /home/subhalaxmi/nidar_ws/install/px4_msgs/include/px4_msgs/px4_msgs/msg/landing_target_innovations.h\n'}
[17.136469] (px4_msgs) StdoutLine: {'line': b'-- Up-to-date: /home/subhalaxmi/nidar_ws/install/px4_msgs/include/px4_msgs/px4_msgs/msg/config_overrides.h\n'}
[17.136731] (px4_msgs) StdoutLine: {'line': b'-- Up-to-date: /home/subhalaxmi/nidar_ws/install/px4_msgs/include/px4_msgs/px4_msgs/msg/takeoff_status.h\n'}
[17.136925] (px4_msgs) StdoutLine: {'line': b'-- Up-to-date: /home/subhalaxmi/nidar_ws/install/px4_msgs/include/px4_msgs/px4_msgs/msg/longitudinal_control_configuration.h\n'}
[17.137142] (px4_msgs) StdoutLine: {'line': b'-- Up-to-date: /home/subhalaxmi/nidar_ws/install/px4_msgs/include/px4_msgs/px4_msgs/msg/telemetry_status.h\n'}
[17.138998] (px4_msgs) StdoutLine: {'line': b'-- Up-to-date: /home/subhalaxmi/nidar_ws/install/px4_msgs/include/px4_msgs/px4_msgs/msg/manual_control_setpoint.h\n'}
[17.139301] (px4_msgs) StdoutLine: {'line': b'-- Up-to-date: /home/subhalaxmi/nidar_ws/install/px4_msgs/include/px4_msgs/px4_msgs/msg/rc_parameter_map.h\n'}
[17.139585] (px4_msgs) StdoutLine: {'line': b'-- Up-to-date: /home/subhalaxmi/nidar_ws/install/px4_msgs/include/px4_msgs/px4_msgs/msg/failure_detector_status.h\n'}
[17.140047] (px4_msgs) StdoutLine: {'line': b'-- Up-to-date: /home/subhalaxmi/nidar_ws/install/px4_msgs/include/px4_msgs/px4_msgs/msg/actuator_test.h\n'}
[17.140424] (px4_msgs) StdoutLine: {'line': b'-- Up-to-date: /home/subhalaxmi/nidar_ws/install/px4_msgs/include/px4_msgs/px4_msgs/msg/gimbal_manager_set_manual_control.h\n'}
[17.140629] (px4_msgs) StdoutLine: {'line': b'-- Up-to-date: /home/subhalaxmi/nidar_ws/install/px4_msgs/include/px4_msgs/px4_msgs/msg/vehicle_land_detected.h\n'}
[17.140828] (px4_msgs) StdoutLine: {'line': b'-- Up-to-date: /home/subhalaxmi/nidar_ws/install/px4_msgs/include/px4_msgs/px4_msgs/msg/radio_status.h\n'}
[17.141012] (px4_msgs) StdoutLine: {'line': b'-- Up-to-date: /home/subhalaxmi/nidar_ws/install/px4_msgs/include/px4_msgs/px4_msgs/msg/pure_pursuit_status.h\n'}
[17.141227] (px4_msgs) StdoutLine: {'line': b'-- Up-to-date: /home/subhalaxmi/nidar_ws/install/px4_msgs/include/px4_msgs/px4_msgs/msg/gpio_config.h\n'}
[17.141430] (px4_msgs) StdoutLine: {'line': b'-- Up-to-date: /home/subhalaxmi/nidar_ws/install/px4_msgs/include/px4_msgs/px4_msgs/msg/battery_status.h\n'}
[17.141657] (px4_msgs) StdoutLine: {'line': b'-- Up-to-date: /home/subhalaxmi/nidar_ws/install/px4_msgs/include/px4_msgs/px4_msgs/msg/estimator_status.h\n'}
[17.141851] (px4_msgs) StdoutLine: {'line': b'-- Up-to-date: /home/subhalaxmi/nidar_ws/install/px4_msgs/include/px4_msgs/px4_msgs/msg/vehicle_command_ack.h\n'}
[17.142070] (px4_msgs) StdoutLine: {'line': b'-- Up-to-date: /home/subhalaxmi/nidar_ws/install/px4_msgs/include/px4_msgs/px4_msgs/msg/debug_vect.h\n'}
[17.142293] (px4_msgs) StdoutLine: {'line': b'-- Up-to-date: /home/subhalaxmi/nidar_ws/install/px4_msgs/include/px4_msgs/px4_msgs/msg/rover_position_setpoint.h\n'}
[17.142481] (px4_msgs) StdoutLine: {'line': b'-- Up-to-date: /home/subhalaxmi/nidar_ws/install/px4_msgs/include/px4_msgs/px4_msgs/msg/flight_phase_estimation.h\n'}
[17.142847] (px4_msgs) StdoutLine: {'line': b'-- Up-to-date: /home/subhalaxmi/nidar_ws/install/px4_msgs/include/px4_msgs/px4_msgs/msg/register_ext_component_request.h\n'}
[17.147636] (-) TimerEvent: {}
[17.152425] (px4_msgs) StdoutLine: {'line': b'-- Up-to-date: /home/subhalaxmi/nidar_ws/install/px4_msgs/include/px4_msgs/px4_msgs/msg/position_setpoint_triplet.h\n'}
[17.154191] (px4_msgs) StdoutLine: {'line': b'-- Up-to-date: /home/subhalaxmi/nidar_ws/install/px4_msgs/include/px4_msgs/px4_msgs/msg/power_button_state.h\n'}
[17.154727] (px4_msgs) StdoutLine: {'line': b'-- Up-to-date: /home/subhalaxmi/nidar_ws/install/px4_msgs/include/px4_msgs/px4_msgs/msg/pps_capture.h\n'}
[17.155147] (px4_msgs) StdoutLine: {'line': b'-- Up-to-date: /home/subhalaxmi/nidar_ws/install/px4_msgs/include/px4_msgs/px4_msgs/msg/autotune_attitude_control_status.h\n'}
[17.155701] (px4_msgs) StdoutLine: {'line': b'-- Up-to-date: /home/subhalaxmi/nidar_ws/install/px4_msgs/include/px4_msgs/px4_msgs/msg/trajectory_setpoint.h\n'}
[17.156208] (px4_msgs) StdoutLine: {'line': b'-- Up-to-date: /home/subhalaxmi/nidar_ws/install/px4_msgs/include/px4_msgs/px4_msgs/msg/open_drone_id_system.h\n'}
[17.159623] (px4_msgs) StdoutLine: {'line': b'-- Up-to-date: /home/subhalaxmi/nidar_ws/install/px4_msgs/include/px4_msgs/px4_msgs/msg/neural_control.h\n'}
[17.159977] (px4_msgs) StdoutLine: {'line': b'-- Up-to-date: /home/subhalaxmi/nidar_ws/install/px4_msgs/include/px4_msgs/px4_msgs/msg/rc_channels.h\n'}
[17.160232] (px4_msgs) StdoutLine: {'line': b'-- Up-to-date: /home/subhalaxmi/nidar_ws/install/px4_msgs/include/px4_msgs/px4_msgs/msg/pwm_input.h\n'}
[17.161691] (px4_msgs) StdoutLine: {'line': b'-- Up-to-date: /home/subhalaxmi/nidar_ws/install/px4_msgs/include/px4_msgs/px4_msgs/msg/parameter_set_used_request.h\n'}
[17.161940] (px4_msgs) StdoutLine: {'line': b'-- Up-to-date: /home/subhalaxmi/nidar_ws/install/px4_msgs/include/px4_msgs/px4_msgs/msg/airspeed_wind.h\n'}
[17.162145] (px4_msgs) StdoutLine: {'line': b'-- Up-to-date: /home/subhalaxmi/nidar_ws/install/px4_msgs/include/px4_msgs/px4_msgs/msg/vehicle_optical_flow_vel.h\n'}
[17.163691] (px4_msgs) StdoutLine: {'line': b'-- Up-to-date: /home/subhalaxmi/nidar_ws/install/px4_msgs/include/px4_msgs/px4_msgs/msg/vehicle_local_position_setpoint.h\n'}
[17.164125] (px4_msgs) StdoutLine: {'line': b'-- Up-to-date: /home/subhalaxmi/nidar_ws/install/px4_msgs/include/px4_msgs/px4_msgs/msg/follow_target.h\n'}
[17.164353] (px4_msgs) StdoutLine: {'line': b'-- Up-to-date: /home/subhalaxmi/nidar_ws/install/px4_msgs/include/px4_msgs/px4_msgs/msg/vehicle_thrust_setpoint.h\n'}
[17.164549] (px4_msgs) StdoutLine: {'line': b'-- Up-to-date: /home/subhalaxmi/nidar_ws/install/px4_msgs/include/px4_msgs/px4_msgs/msg/gpio_in.h\n'}
[17.164749] (px4_msgs) StdoutLine: {'line': b'-- Up-to-date: /home/subhalaxmi/nidar_ws/install/px4_msgs/include/px4_msgs/px4_msgs/msg/geofence_result.h\n'}
[17.164935] (px4_msgs) StdoutLine: {'line': b'-- Up-to-date: /home/subhalaxmi/nidar_ws/install/px4_msgs/include/px4_msgs/px4_msgs/msg/gimbal_device_set_attitude.h\n'}
[17.165138] (px4_msgs) StdoutLine: {'line': b'-- Up-to-date: /home/subhalaxmi/nidar_ws/install/px4_msgs/include/px4_msgs/px4_msgs/msg/rover_attitude_status.h\n'}
[17.165349] (px4_msgs) StdoutLine: {'line': b'-- Up-to-date: /home/subhalaxmi/nidar_ws/install/px4_msgs/include/px4_msgs/px4_msgs/msg/generator_status.h\n'}
[17.165533] (px4_msgs) StdoutLine: {'line': b'-- Up-to-date: /home/subhalaxmi/nidar_ws/install/px4_msgs/include/px4_msgs/px4_msgs/msg/sensor_hygrometer.h\n'}
[17.165713] (px4_msgs) StdoutLine: {'line': b'-- Up-to-date: /home/subhalaxmi/nidar_ws/install/px4_msgs/include/px4_msgs/px4_msgs/msg/button_event.h\n'}
[17.165894] (px4_msgs) StdoutLine: {'line': b'-- Up-to-date: /home/subhalaxmi/nidar_ws/install/px4_msgs/include/px4_msgs/px4_msgs/msg/sensor_accel.h\n'}
[17.167584] (px4_msgs) StdoutLine: {'line': b'-- Up-to-date: /home/subhalaxmi/nidar_ws/install/px4_msgs/include/px4_msgs/px4_msgs/msg/ulog_stream.h\n'}
[17.168173] (px4_msgs) StdoutLine: {'line': b'-- Up-to-date: /home/subhalaxmi/nidar_ws/install/px4_msgs/include/px4_msgs/px4_msgs/msg/parameter_update.h\n'}
[17.168399] (px4_msgs) StdoutLine: {'line': b'-- Up-to-date: /home/subhalaxmi/nidar_ws/install/px4_msgs/include/px4_msgs/px4_msgs/msg/dataman_response.h\n'}
[17.168616] (px4_msgs) StdoutLine: {'line': b'-- Up-to-date: /home/subhalaxmi/nidar_ws/install/px4_msgs/include/px4_msgs/px4_msgs/msg/transponder_report.h\n'}
[17.168841] (px4_msgs) StdoutLine: {'line': b'-- Up-to-date: /home/subhalaxmi/nidar_ws/install/px4_msgs/include/px4_msgs/px4_msgs/msg/gimbal_device_information.h\n'}
[17.169051] (px4_msgs) StdoutLine: {'line': b'-- Up-to-date: /home/subhalaxmi/nidar_ws/install/px4_msgs/include/px4_msgs/px4_msgs/msg/uavcan_parameter_value.h\n'}
[17.170915] (px4_msgs) StdoutLine: {'line': b'-- Up-to-date: /home/subhalaxmi/nidar_ws/install/px4_msgs/include/px4_msgs/px4_msgs/msg/navigator_mission_item.h\n'}
[17.171467] (px4_msgs) StdoutLine: {'line': b'-- Up-to-date: /home/subhalaxmi/nidar_ws/install/px4_msgs/include/px4_msgs/px4_msgs/msg/vehicle_imu_status.h\n'}
[17.171697] (px4_msgs) StdoutLine: {'line': b'-- Up-to-date: /home/subhalaxmi/nidar_ws/install/px4_msgs/include/px4_msgs/px4_msgs/msg/sensor_selection.h\n'}
[17.171975] (px4_msgs) StdoutLine: {'line': b'-- Up-to-date: /home/subhalaxmi/nidar_ws/install/px4_msgs/include/px4_msgs/px4_msgs/msg/system_power.h\n'}
[17.172192] (px4_msgs) StdoutLine: {'line': b'-- Up-to-date: /home/subhalaxmi/nidar_ws/install/px4_msgs/include/px4_msgs/px4_msgs/msg/orb_test_medium.h\n'}
[17.172417] (px4_msgs) StdoutLine: {'line': b'-- Up-to-date: /home/subhalaxmi/nidar_ws/install/px4_msgs/include/px4_msgs/px4_msgs/msg/log_message.h\n'}
[17.172870] (px4_msgs) StdoutLine: {'line': b'-- Up-to-date: /home/subhalaxmi/nidar_ws/install/px4_msgs/include/px4_msgs/px4_msgs/msg/vehicle_attitude_setpoint.h\n'}
[17.173416] (px4_msgs) StdoutLine: {'line': b'-- Up-to-date: /home/subhalaxmi/nidar_ws/install/px4_msgs/include/px4_msgs/px4_msgs/msg/rtl_status.h\n'}
[17.173696] (px4_msgs) StdoutLine: {'line': b'-- Up-to-date: /home/subhalaxmi/nidar_ws/install/px4_msgs/include/px4_msgs/px4_msgs/msg/adc_report.h\n'}
[17.173927] (px4_msgs) StdoutLine: {'line': b'-- Up-to-date: /home/subhalaxmi/nidar_ws/install/px4_msgs/include/px4_msgs/px4_msgs/msg/power_monitor.h\n'}
[17.176321] (px4_msgs) StdoutLine: {'line': b'-- Up-to-date: /home/subhalaxmi/nidar_ws/install/px4_msgs/include/px4_msgs/px4_msgs/msg/launch_detection_status.h\n'}
[17.178036] (px4_msgs) StdoutLine: {'line': b'-- Up-to-date: /home/subhalaxmi/nidar_ws/install/px4_msgs/include/px4_msgs/px4_msgs/msg/trajectory_setpoint6dof.h\n'}
[17.178500] (px4_msgs) StdoutLine: {'line': b'-- Up-to-date: /home/subhalaxmi/nidar_ws/install/px4_msgs/include/px4_msgs/px4_msgs/msg/fixed_wing_longitudinal_setpoint.h\n'}
[17.179200] (px4_msgs) StdoutLine: {'line': b'-- Up-to-date: /home/subhalaxmi/nidar_ws/install/px4_msgs/include/px4_msgs/px4_msgs/msg/position_controller_status.h\n'}
[17.184972] (px4_msgs) StdoutLine: {'line': b'-- Up-to-date: /home/subhalaxmi/nidar_ws/install/px4_msgs/include/px4_msgs/px4_msgs/msg/gpio_out.h\n'}
[17.185732] (px4_msgs) StdoutLine: {'line': b'-- Up-to-date: /home/subhalaxmi/nidar_ws/install/px4_msgs/include/px4_msgs/px4_msgs/msg/home_position.h\n'}
[17.186022] (px4_msgs) StdoutLine: {'line': b'-- Up-to-date: /home/subhalaxmi/nidar_ws/install/px4_msgs/include/px4_msgs/px4_msgs/msg/ulog_stream_ack.h\n'}
[17.186283] (px4_msgs) StdoutLine: {'line': b'-- Up-to-date: /home/subhalaxmi/nidar_ws/install/px4_msgs/include/px4_msgs/px4_msgs/msg/estimator_selector_status.h\n'}
[17.186487] (px4_msgs) StdoutLine: {'line': b'-- Up-to-date: /home/subhalaxmi/nidar_ws/install/px4_msgs/include/px4_msgs/px4_msgs/msg/irlock_report.h\n'}
[17.186704] (px4_msgs) StdoutLine: {'line': b'-- Up-to-date: /home/subhalaxmi/nidar_ws/install/px4_msgs/include/px4_msgs/px4_msgs/msg/actuator_servos_trim.h\n'}
[17.186897] (px4_msgs) StdoutLine: {'line': b'-- Up-to-date: /home/subhalaxmi/nidar_ws/install/px4_msgs/include/px4_msgs/px4_msgs/msg/parameter_reset_request.h\n'}
[17.187089] (px4_msgs) StdoutLine: {'line': b'-- Up-to-date: /home/subhalaxmi/nidar_ws/install/px4_msgs/include/px4_msgs/px4_msgs/msg/rpm.h\n'}
[17.189221] (px4_msgs) StdoutLine: {'line': b'-- Up-to-date: /home/subhalaxmi/nidar_ws/install/px4_msgs/include/px4_msgs/px4_msgs/msg/gimbal_device_attitude_status.h\n'}
[17.189923] (px4_msgs) StdoutLine: {'line': b'-- Up-to-date: /home/subhalaxmi/nidar_ws/install/px4_msgs/include/px4_msgs/px4_msgs/msg/actuator_controls_status.h\n'}
[17.190376] (px4_msgs) StdoutLine: {'line': b'-- Up-to-date: /home/subhalaxmi/nidar_ws/install/px4_msgs/include/px4_msgs/px4_msgs/msg/internal_combustion_engine_control.h\n'}
[17.191398] (px4_msgs) StdoutLine: {'line': b'-- Up-to-date: /home/subhalaxmi/nidar_ws/install/px4_msgs/include/px4_msgs/px4_msgs/msg/rover_throttle_setpoint.h\n'}
[17.191650] (px4_msgs) StdoutLine: {'line': b'-- Up-to-date: /home/subhalaxmi/nidar_ws/install/px4_msgs/include/px4_msgs/px4_msgs/msg/estimator_aid_source3d.h\n'}
[17.193016] (px4_msgs) StdoutLine: {'line': b'-- Up-to-date: /home/subhalaxmi/nidar_ws/install/px4_msgs/include/px4_msgs/px4_msgs/msg/estimator_states.h\n'}
[17.194880] (px4_msgs) StdoutLine: {'line': b'-- Up-to-date: /home/subhalaxmi/nidar_ws/install/px4_msgs/include/px4_msgs/px4_msgs/msg/sensor_gyro_fft.h\n'}
[17.195591] (px4_msgs) StdoutLine: {'line': b'-- Up-to-date: /home/subhalaxmi/nidar_ws/install/px4_msgs/include/px4_msgs/px4_msgs/msg/vehicle_optical_flow.h\n'}
[17.195813] (px4_msgs) StdoutLine: {'line': b'-- Up-to-date: /home/subhalaxmi/nidar_ws/install/px4_msgs/include/px4_msgs/px4_msgs/msg/orbit_status.h\n'}
[17.196486] (px4_msgs) StdoutLine: {'line': b'-- Up-to-date: /home/subhalaxmi/nidar_ws/install/px4_msgs/include/px4_msgs/px4_msgs/msg/event.h\n'}
[17.196747] (px4_msgs) StdoutLine: {'line': b'-- Up-to-date: /home/subhalaxmi/nidar_ws/install/px4_msgs/include/px4_msgs/px4_msgs/msg/vehicle_control_mode.h\n'}
[17.197493] (px4_msgs) StdoutLine: {'line': b'-- Up-to-date: /home/subhalaxmi/nidar_ws/install/px4_msgs/include/px4_msgs/px4_msgs/msg/vehicle_global_position.h\n'}
[17.198436] (px4_msgs) StdoutLine: {'line': b'-- Up-to-date: /home/subhalaxmi/nidar_ws/install/px4_msgs/include/px4_msgs/px4_msgs/msg/raptor_status.h\n'}
[17.199025] (px4_msgs) StdoutLine: {'line': b'-- Up-to-date: /home/subhalaxmi/nidar_ws/install/px4_msgs/include/px4_msgs/px4_msgs/msg/sensor_gnss_status.h\n'}
[17.199275] (px4_msgs) StdoutLine: {'line': b'-- Up-to-date: /home/subhalaxmi/nidar_ws/install/px4_msgs/include/px4_msgs/px4_msgs/msg/sensor_gyro.h\n'}
[17.199475] (px4_msgs) StdoutLine: {'line': b'-- Up-to-date: /home/subhalaxmi/nidar_ws/install/px4_msgs/include/px4_msgs/px4_msgs/msg/vehicle_imu.h\n'}
[17.199662] (px4_msgs) StdoutLine: {'line': b'-- Up-to-date: /home/subhalaxmi/nidar_ws/install/px4_msgs/include/px4_msgs/px4_msgs/msg/message_format_request.h\n'}
[17.199844] (px4_msgs) StdoutLine: {'line': b'-- Up-to-date: /home/subhalaxmi/nidar_ws/install/px4_msgs/include/px4_msgs/px4_msgs/msg/aux_global_position.h\n'}
[17.200024] (px4_msgs) StdoutLine: {'line': b'-- Up-to-date: /home/subhalaxmi/nidar_ws/install/px4_msgs/include/px4_msgs/px4_msgs/msg/vtx.h\n'}
[17.200256] (px4_msgs) StdoutLine: {'line': b'-- Up-to-date: /home/subhalaxmi/nidar_ws/install/px4_msgs/include/px4_msgs/px4_msgs/msg/obstacle_distance.h\n'}
[17.202026] (px4_msgs) StdoutLine: {'line': b'-- Up-to-date: /home/subhalaxmi/nidar_ws/install/px4_msgs/include/px4_msgs/px4_msgs/msg/velocity_limits.h\n'}
[17.204410] (px4_msgs) StdoutLine: {'line': b'-- Up-to-date: /home/subhalaxmi/nidar_ws/install/px4_msgs/include/px4_msgs/px4_msgs/msg/landing_gear_wheel.h\n'}
[17.204833] (px4_msgs) StdoutLine: {'line': b'-- Up-to-date: /home/subhalaxmi/nidar_ws/install/px4_msgs/include/px4_msgs/px4_msgs/msg/sensor_gnss_relative.h\n'}
[17.205174] (px4_msgs) StdoutLine: {'line': b'-- Up-to-date: /home/subhalaxmi/nidar_ws/install/px4_msgs/include/px4_msgs/px4_msgs/msg/cpuload.h\n'}
[17.206860] (px4_msgs) StdoutLine: {'line': b'-- Up-to-date: /home/subhalaxmi/nidar_ws/install/px4_msgs/include/px4_msgs/px4_msgs/msg/ekf2_timestamps.h\n'}
[17.207681] (px4_msgs) StdoutLine: {'line': b'-- Up-to-date: /home/subhalaxmi/nidar_ws/install/px4_msgs/include/px4_msgs/px4_msgs/msg/wind.h\n'}
[17.209836] (px4_msgs) StdoutLine: {'line': b'-- Up-to-date: /home/subhalaxmi/nidar_ws/install/px4_msgs/include/px4_msgs/px4_msgs/msg/input_rc.h\n'}
[17.211125] (px4_msgs) StdoutLine: {'line': b'-- Up-to-date: /home/subhalaxmi/nidar_ws/install/px4_msgs/include/px4_msgs/px4_msgs/msg/sensor_correction.h\n'}
[17.211754] (px4_msgs) StdoutLine: {'line': b'-- Up-to-date: /home/subhalaxmi/nidar_ws/install/px4_msgs/include/px4_msgs/px4_msgs/msg/sensors_status.h\n'}
[17.211967] (px4_msgs) StdoutLine: {'line': b'-- Up-to-date: /home/subhalaxmi/nidar_ws/install/px4_msgs/include/px4_msgs/px4_msgs/msg/task_stack_info.h\n'}
[17.212190] (px4_msgs) StdoutLine: {'line': b'-- Up-to-date: /home/subhalaxmi/nidar_ws/install/px4_msgs/include/px4_msgs/px4_msgs/msg/wheel_encoders.h\n'}
[17.212505] (px4_msgs) StdoutLine: {'line': b'-- Up-to-date: /home/subhalaxmi/nidar_ws/install/px4_msgs/include/px4_msgs/px4_msgs/msg/actuator_servos.h\n'}
[17.212906] (px4_msgs) StdoutLine: {'line': b'-- Up-to-date: /home/subhalaxmi/nidar_ws/install/px4_msgs/include/px4_msgs/px4_msgs/msg/rover_attitude_setpoint.h\n'}
[17.214410] (px4_msgs) StdoutLine: {'line': b'-- Up-to-date: /home/subhalaxmi/nidar_ws/install/px4_msgs/include/px4_msgs/px4_msgs/msg/camera_status.h\n'}
[17.214647] (px4_msgs) StdoutLine: {'line': b'-- Up-to-date: /home/subhalaxmi/nidar_ws/install/px4_msgs/include/px4_msgs/px4_msgs/msg/detail\n'}
[17.215264] (px4_msgs) StdoutLine: {'line': b'-- Up-to-date: /home/subhalaxmi/nidar_ws/install/px4_msgs/include/px4_msgs/px4_msgs/msg/detail/airspeed_wind__type_support.h\n'}
[17.216067] (px4_msgs) StdoutLine: {'line': b'-- Up-to-date: /home/subhalaxmi/nidar_ws/install/px4_msgs/include/px4_msgs/px4_msgs/msg/detail/sensors_status_imu__type_support.h\n'}
[17.217321] (px4_msgs) StdoutLine: {'line': b'-- Up-to-date: /home/subhalaxmi/nidar_ws/install/px4_msgs/include/px4_msgs/px4_msgs/msg/detail/navigator_mission_item__type_support.h\n'}
[17.217582] (px4_msgs) StdoutLine: {'line': b'-- Up-to-date: /home/subhalaxmi/nidar_ws/install/px4_msgs/include/px4_msgs/px4_msgs/msg/detail/normalized_unsigned_setpoint__functions.h\n'}
[17.217781] (px4_msgs) StdoutLine: {'line': b'-- Up-to-date: /home/subhalaxmi/nidar_ws/install/px4_msgs/include/px4_msgs/px4_msgs/msg/detail/generator_status__functions.c\n'}
[17.218911] (px4_msgs) StdoutLine: {'line': b'-- Up-to-date: /home/subhalaxmi/nidar_ws/install/px4_msgs/include/px4_msgs/px4_msgs/msg/detail/takeoff_status__type_support.h\n'}
[17.219156] (px4_msgs) StdoutLine: {'line': b'-- Up-to-date: /home/subhalaxmi/nidar_ws/install/px4_msgs/include/px4_msgs/px4_msgs/msg/detail/launch_detection_status__struct.h\n'}
[17.220119] (px4_msgs) StdoutLine: {'line': b'-- Up-to-date: /home/subhalaxmi/nidar_ws/install/px4_msgs/include/px4_msgs/px4_msgs/msg/detail/qshell_retval__functions.c\n'}
[17.220703] (px4_msgs) StdoutLine: {'line': b'-- Up-to-date: /home/subhalaxmi/nidar_ws/install/px4_msgs/include/px4_msgs/px4_msgs/msg/detail/aux_global_position__functions.h\n'}
[17.221262] (px4_msgs) StdoutLine: {'line': b'-- Up-to-date: /home/subhalaxmi/nidar_ws/install/px4_msgs/include/px4_msgs/px4_msgs/msg/detail/manual_control_setpoint__type_support.h\n'}
[17.221467] (px4_msgs) StdoutLine: {'line': b'-- Up-to-date: /home/subhalaxmi/nidar_ws/install/px4_msgs/include/px4_msgs/px4_msgs/msg/detail/estimator_event_flags__type_support.h\n'}
[17.221679] (px4_msgs) StdoutLine: {'line': b'-- Up-to-date: /home/subhalaxmi/nidar_ws/install/px4_msgs/include/px4_msgs/px4_msgs/msg/detail/rover_attitude_setpoint__type_support.h\n'}
[17.221889] (px4_msgs) StdoutLine: {'line': b'-- Up-to-date: /home/subhalaxmi/nidar_ws/install/px4_msgs/include/px4_msgs/px4_msgs/msg/detail/estimator_bias3d__functions.h\n'}
[17.222093] (px4_msgs) StdoutLine: {'line': b'-- Up-to-date: /home/subhalaxmi/nidar_ws/install/px4_msgs/include/px4_msgs/px4_msgs/msg/detail/vehicle_control_mode__functions.h\n'}
[17.222341] (px4_msgs) StdoutLine: {'line': b'-- Up-to-date: /home/subhalaxmi/nidar_ws/install/px4_msgs/include/px4_msgs/px4_msgs/msg/detail/estimator_aid_source2d__functions.c\n'}
[17.222701] (px4_msgs) StdoutLine: {'line': b'-- Up-to-date: /home/subhalaxmi/nidar_ws/install/px4_msgs/include/px4_msgs/px4_msgs/msg/detail/rpm__functions.c\n'}
[17.223725] (px4_msgs) StdoutLine: {'line': b'-- Up-to-date: /home/subhalaxmi/nidar_ws/install/px4_msgs/include/px4_msgs/px4_msgs/msg/detail/button_event__type_support.h\n'}
[17.225412] (px4_msgs) StdoutLine: {'line': b'-- Up-to-date: /home/subhalaxmi/nidar_ws/install/px4_msgs/include/px4_msgs/px4_msgs/msg/detail/vehicle_command__functions.c\n'}
[17.225779] (px4_msgs) StdoutLine: {'line': b'-- Up-to-date: /home/subhalaxmi/nidar_ws/install/px4_msgs/include/px4_msgs/px4_msgs/msg/detail/estimator_status__functions.c\n'}
[17.226039] (px4_msgs) StdoutLine: {'line': b'-- Up-to-date: /home/subhalaxmi/nidar_ws/install/px4_msgs/include/px4_msgs/px4_msgs/msg/detail/aux_global_position__functions.c\n'}
[17.227488] (px4_msgs) StdoutLine: {'line': b'-- Up-to-date: /home/subhalaxmi/nidar_ws/install/px4_msgs/include/px4_msgs/px4_msgs/msg/detail/wheel_encoders__struct.h\n'}
[17.229046] (px4_msgs) StdoutLine: {'line': b'-- Up-to-date: /home/subhalaxmi/nidar_ws/install/px4_msgs/include/px4_msgs/px4_msgs/msg/detail/gimbal_manager_information__functions.c\n'}
[17.229835] (px4_msgs) StdoutLine: {'line': b'-- Up-to-date: /home/subhalaxmi/nidar_ws/install/px4_msgs/include/px4_msgs/px4_msgs/msg/detail/vehicle_control_mode__type_support.h\n'}
[17.230938] (px4_msgs) StdoutLine: {'line': b'-- Up-to-date: /home/subhalaxmi/nidar_ws/install/px4_msgs/include/px4_msgs/px4_msgs/msg/detail/unregister_ext_component__struct.h\n'}
[17.231276] (px4_msgs) StdoutLine: {'line': b'-- Up-to-date: /home/subhalaxmi/nidar_ws/install/px4_msgs/include/px4_msgs/px4_msgs/msg/detail/velocity_limits__functions.h\n'}
[17.231493] (px4_msgs) StdoutLine: {'line': b'-- Up-to-date: /home/subhalaxmi/nidar_ws/install/px4_msgs/include/px4_msgs/px4_msgs/msg/detail/sensor_uwb__functions.h\n'}
[17.231685] (px4_msgs) StdoutLine: {'line': b'-- Up-to-date: /home/subhalaxmi/nidar_ws/install/px4_msgs/include/px4_msgs/px4_msgs/msg/detail/airspeed_validated__functions.h\n'}
[17.232979] (px4_msgs) StdoutLine: {'line': b'-- Up-to-date: /home/subhalaxmi/nidar_ws/install/px4_msgs/include/px4_msgs/px4_msgs/msg/detail/vehicle_angular_velocity__type_support.h\n'}
[17.233527] (px4_msgs) StdoutLine: {'line': b'-- Up-to-date: /home/subhalaxmi/nidar_ws/install/px4_msgs/include/px4_msgs/px4_msgs/msg/detail/actuator_outputs__struct.h\n'}
[17.235061] (px4_msgs) StdoutLine: {'line': b'-- Up-to-date: /home/subhalaxmi/nidar_ws/install/px4_msgs/include/px4_msgs/px4_msgs/msg/detail/sensor_mag__struct.h\n'}
[17.236146] (px4_msgs) StdoutLine: {'line': b'-- Up-to-date: /home/subhalaxmi/nidar_ws/install/px4_msgs/include/px4_msgs/px4_msgs/msg/detail/gimbal_device_set_attitude__functions.c\n'}
[17.236370] (px4_msgs) StdoutLine: {'line': b'-- Up-to-date: /home/subhalaxmi/nidar_ws/install/px4_msgs/include/px4_msgs/px4_msgs/msg/detail/sensor_gnss_status__struct.h\n'}
[17.236561] (px4_msgs) StdoutLine: {'line': b'-- Up-to-date: /home/subhalaxmi/nidar_ws/install/px4_msgs/include/px4_msgs/px4_msgs/msg/detail/sensor_mag__functions.c\n'}
[17.236742] (px4_msgs) StdoutLine: {'line': b'-- Up-to-date: /home/subhalaxmi/nidar_ws/install/px4_msgs/include/px4_msgs/px4_msgs/msg/detail/parameter_set_value_response__type_support.h\n'}
[17.236921] (px4_msgs) StdoutLine: {'line': b'-- Up-to-date: /home/subhalaxmi/nidar_ws/install/px4_msgs/include/px4_msgs/px4_msgs/msg/detail/vehicle_local_position_setpoint__functions.h\n'}
[17.237234] (px4_msgs) StdoutLine: {'line': b'-- Up-to-date: /home/subhalaxmi/nidar_ws/install/px4_msgs/include/px4_msgs/px4_msgs/msg/detail/failure_detector_status__struct.h\n'}
[17.238442] (px4_msgs) StdoutLine: {'line': b'-- Up-to-date: /home/subhalaxmi/nidar_ws/install/px4_msgs/include/px4_msgs/px4_msgs/msg/detail/rpm__functions.h\n'}
[17.239510] (px4_msgs) StdoutLine: {'line': b'-- Up-to-date: /home/subhalaxmi/nidar_ws/install/px4_msgs/include/px4_msgs/px4_msgs/msg/detail/log_message__functions.c\n'}
[17.240248] (px4_msgs) StdoutLine: {'line': b'-- Up-to-date: /home/subhalaxmi/nidar_ws/install/px4_msgs/include/px4_msgs/px4_msgs/msg/detail/gimbal_device_set_attitude__functions.h\n'}
[17.240472] (px4_msgs) StdoutLine: {'line': b'-- Up-to-date: /home/subhalaxmi/nidar_ws/install/px4_msgs/include/px4_msgs/px4_msgs/msg/detail/sensor_combined__functions.h\n'}
[17.240662] (px4_msgs) StdoutLine: {'line': b'-- Up-to-date: /home/subhalaxmi/nidar_ws/install/px4_msgs/include/px4_msgs/px4_msgs/msg/detail/offboard_control_mode__functions.h\n'}
[17.240847] (px4_msgs) StdoutLine: {'line': b'-- Up-to-date: /home/subhalaxmi/nidar_ws/install/px4_msgs/include/px4_msgs/px4_msgs/msg/detail/distance_sensor_mode_change_request__functions.c\n'}
[17.241030] (px4_msgs) StdoutLine: {'line': b'-- Up-to-date: /home/subhalaxmi/nidar_ws/install/px4_msgs/include/px4_msgs/px4_msgs/msg/detail/parameter_update__functions.h\n'}
[17.242468] (px4_msgs) StdoutLine: {'line': b'-- Up-to-date: /home/subhalaxmi/nidar_ws/install/px4_msgs/include/px4_msgs/px4_msgs/msg/detail/fixed_wing_runway_control__type_support.h\n'}
[17.243786] (px4_msgs) StdoutLine: {'line': b'-- Up-to-date: /home/subhalaxmi/nidar_ws/install/px4_msgs/include/px4_msgs/px4_msgs/msg/detail/open_drone_id_arm_status__functions.c\n'}
[17.244086] (px4_msgs) StdoutLine: {'line': b'-- Up-to-date: /home/subhalaxmi/nidar_ws/install/px4_msgs/include/px4_msgs/px4_msgs/msg/detail/failure_detector_status__functions.h\n'}
[17.244983] (px4_msgs) StdoutLine: {'line': b'-- Up-to-date: /home/subhalaxmi/nidar_ws/install/px4_msgs/include/px4_msgs/px4_msgs/msg/detail/tiltrotor_extra_controls__functions.c\n'}
[17.245695] (px4_msgs) StdoutLine: {'line': b'-- Up-to-date: /home/subhalaxmi/nidar_ws/install/px4_msgs/include/px4_msgs/px4_msgs/msg/detail/vehicle_odometry__type_support.h\n'}
[17.246736] (px4_msgs) StdoutLine: {'line': b'-- Up-to-date: /home/subhalaxmi/nidar_ws/install/px4_msgs/include/px4_msgs/px4_msgs/msg/detail/ulog_stream_ack__struct.h\n'}
[17.250050] (-) TimerEvent: {}
[17.251040] (px4_msgs) StdoutLine: {'line': b'-- Up-to-date: /home/subhalaxmi/nidar_ws/install/px4_msgs/include/px4_msgs/px4_msgs/msg/detail/vehicle_attitude__type_support.h\n'}
[17.251385] (px4_msgs) StdoutLine: {'line': b'-- Up-to-date: /home/subhalaxmi/nidar_ws/install/px4_msgs/include/px4_msgs/px4_msgs/msg/detail/parameter_set_value_response__struct.h\n'}
[17.251597] (px4_msgs) StdoutLine: {'line': b'-- Up-to-date: /home/subhalaxmi/nidar_ws/install/px4_msgs/include/px4_msgs/px4_msgs/msg/detail/rover_steering_setpoint__functions.c\n'}
[17.251794] (px4_msgs) StdoutLine: {'line': b'-- Up-to-date: /home/subhalaxmi/nidar_ws/install/px4_msgs/include/px4_msgs/px4_msgs/msg/detail/battery_info__struct.h\n'}
[17.251983] (px4_msgs) StdoutLine: {'line': b'-- Up-to-date: /home/subhalaxmi/nidar_ws/install/px4_msgs/include/px4_msgs/px4_msgs/msg/detail/rover_speed_status__struct.h\n'}
[17.252627] (px4_msgs) StdoutLine: {'line': b'-- Up-to-date: /home/subhalaxmi/nidar_ws/install/px4_msgs/include/px4_msgs/px4_msgs/msg/detail/control_allocator_status__struct.h\n'}
[17.252904] (px4_msgs) StdoutLine: {'line': b'-- Up-to-date: /home/subhalaxmi/nidar_ws/install/px4_msgs/include/px4_msgs/px4_msgs/msg/detail/parameter_set_value_response__functions.h\n'}
[17.253133] (px4_msgs) StdoutLine: {'line': b'-- Up-to-date: /home/subhalaxmi/nidar_ws/install/px4_msgs/include/px4_msgs/px4_msgs/msg/detail/sensor_gyro_fifo__type_support.h\n'}
[17.256627] (px4_msgs) StdoutLine: {'line': b'-- Up-to-date: /home/subhalaxmi/nidar_ws/install/px4_msgs/include/px4_msgs/px4_msgs/msg/detail/led_control__functions.h\n'}
[17.256973] (px4_msgs) StdoutLine: {'line': b'-- Up-to-date: /home/subhalaxmi/nidar_ws/install/px4_msgs/include/px4_msgs/px4_msgs/msg/detail/unregister_ext_component__functions.h\n'}
[17.257212] (px4_msgs) StdoutLine: {'line': b'-- Up-to-date: /home/subhalaxmi/nidar_ws/install/px4_msgs/include/px4_msgs/px4_msgs/msg/detail/airspeed__type_support.h\n'}
[17.257431] (px4_msgs) StdoutLine: {'line': b'-- Up-to-date: /home/subhalaxmi/nidar_ws/install/px4_msgs/include/px4_msgs/px4_msgs/msg/detail/rover_rate_setpoint__struct.h\n'}
[17.260381] (px4_msgs) StdoutLine: {'line': b'-- Up-to-date: /home/subhalaxmi/nidar_ws/install/px4_msgs/include/px4_msgs/px4_msgs/msg/detail/dataman_response__type_support.h\n'}
[17.261744] (px4_msgs) StdoutLine: {'line': b'-- Up-to-date: /home/subhalaxmi/nidar_ws/install/px4_msgs/include/px4_msgs/px4_msgs/msg/detail/mission_result__type_support.h\n'}
[17.261952] (px4_msgs) StdoutLine: {'line': b'-- Up-to-date: /home/subhalaxmi/nidar_ws/install/px4_msgs/include/px4_msgs/px4_msgs/msg/detail/action_request__struct.h\n'}
[17.262147] (px4_msgs) StdoutLine: {'line': b'-- Up-to-date: /home/subhalaxmi/nidar_ws/install/px4_msgs/include/px4_msgs/px4_msgs/msg/detail/esc_status__struct.h\n'}
[17.262352] (px4_msgs) StdoutLine: {'line': b'-- Up-to-date: /home/subhalaxmi/nidar_ws/install/px4_msgs/include/px4_msgs/px4_msgs/msg/detail/vehicle_imu_status__struct.h\n'}
[17.262532] (px4_msgs) StdoutLine: {'line': b'-- Up-to-date: /home/subhalaxmi/nidar_ws/install/px4_msgs/include/px4_msgs/px4_msgs/msg/detail/rate_ctrl_status__struct.h\n'}
[17.262733] (px4_msgs) StdoutLine: {'line': b'-- Up-to-date: /home/subhalaxmi/nidar_ws/install/px4_msgs/include/px4_msgs/px4_msgs/msg/detail/vehicle_optical_flow_vel__type_support.h\n'}
[17.265992] (px4_msgs) StdoutLine: {'line': b'-- Up-to-date: /home/subhalaxmi/nidar_ws/install/px4_msgs/include/px4_msgs/px4_msgs/msg/detail/rover_throttle_setpoint__type_support.h\n'}
[17.267214] (px4_msgs) StdoutLine: {'line': b'-- Up-to-date: /home/subhalaxmi/nidar_ws/install/px4_msgs/include/px4_msgs/px4_msgs/msg/detail/config_overrides__functions.c\n'}
[17.267464] (px4_msgs) StdoutLine: {'line': b'-- Up-to-date: /home/subhalaxmi/nidar_ws/install/px4_msgs/include/px4_msgs/px4_msgs/msg/detail/vehicle_constraints__type_support.h\n'}
[17.267658] (px4_msgs) StdoutLine: {'line': b'-- Up-to-date: /home/subhalaxmi/nidar_ws/install/px4_msgs/include/px4_msgs/px4_msgs/msg/detail/tiltrotor_extra_controls__functions.h\n'}
[17.267846] (px4_msgs) StdoutLine: {'line': b'-- Up-to-date: /home/subhalaxmi/nidar_ws/install/px4_msgs/include/px4_msgs/px4_msgs/msg/detail/ekf2_timestamps__functions.h\n'}
[17.268029] (px4_msgs) StdoutLine: {'line': b'-- Up-to-date: /home/subhalaxmi/nidar_ws/install/px4_msgs/include/px4_msgs/px4_msgs/msg/detail/camera_trigger__struct.h\n'}
[17.268591] (px4_msgs) StdoutLine: {'line': b'-- Up-to-date: /home/subhalaxmi/nidar_ws/install/px4_msgs/include/px4_msgs/px4_msgs/msg/detail/sensor_accel__struct.h\n'}
[17.268863] (px4_msgs) StdoutLine: {'line': b'-- Up-to-date: /home/subhalaxmi/nidar_ws/install/px4_msgs/include/px4_msgs/px4_msgs/msg/detail/input_rc__functions.h\n'}
[17.270302] (px4_msgs) StdoutLine: {'line': b'-- Up-to-date: /home/subhalaxmi/nidar_ws/install/px4_msgs/include/px4_msgs/px4_msgs/msg/detail/qshell_req__functions.h\n'}
[17.270555] (px4_msgs) StdoutLine: {'line': b'-- Up-to-date: /home/subhalaxmi/nidar_ws/install/px4_msgs/include/px4_msgs/px4_msgs/msg/detail/sensor_temp__type_support.h\n'}
[17.270754] (px4_msgs) StdoutLine: {'line': b'-- Up-to-date: /home/subhalaxmi/nidar_ws/install/px4_msgs/include/px4_msgs/px4_msgs/msg/detail/wind__struct.h\n'}
[17.271920] (px4_msgs) StdoutLine: {'line': b'-- Up-to-date: /home/subhalaxmi/nidar_ws/install/px4_msgs/include/px4_msgs/px4_msgs/msg/detail/estimator_states__struct.h\n'}
[17.272346] (px4_msgs) StdoutLine: {'line': b'-- Up-to-date: /home/subhalaxmi/nidar_ws/install/px4_msgs/include/px4_msgs/px4_msgs/msg/detail/landing_target_innovations__functions.h\n'}
[17.273926] (px4_msgs) StdoutLine: {'line': b'-- Up-to-date: /home/subhalaxmi/nidar_ws/install/px4_msgs/include/px4_msgs/px4_msgs/msg/detail/yaw_estimator_status__functions.h\n'}
[17.276054] (px4_msgs) StdoutLine: {'line': b'-- Up-to-date: /home/subhalaxmi/nidar_ws/install/px4_msgs/include/px4_msgs/px4_msgs/msg/detail/gpio_out__struct.h\n'}
[17.277613] (px4_msgs) StdoutLine: {'line': b'-- Up-to-date: /home/subhalaxmi/nidar_ws/install/px4_msgs/include/px4_msgs/px4_msgs/msg/detail/raptor_input__type_support.h\n'}
[17.283264] (px4_msgs) StdoutLine: {'line': b'-- Up-to-date: /home/subhalaxmi/nidar_ws/install/px4_msgs/include/px4_msgs/px4_msgs/msg/detail/gimbal_manager_information__struct.h\n'}
[17.283555] (px4_msgs) StdoutLine: {'line': b'-- Up-to-date: /home/subhalaxmi/nidar_ws/install/px4_msgs/include/px4_msgs/px4_msgs/msg/detail/estimator_bias__functions.c\n'}
[17.283797] (px4_msgs) StdoutLine: {'line': b'-- Up-to-date: /home/subhalaxmi/nidar_ws/install/px4_msgs/include/px4_msgs/px4_msgs/msg/detail/parameter_set_used_request__type_support.h\n'}
[17.284007] (px4_msgs) StdoutLine: {'line': b'-- Up-to-date: /home/subhalaxmi/nidar_ws/install/px4_msgs/include/px4_msgs/px4_msgs/msg/detail/vehicle_odometry__functions.h\n'}
[17.285431] (px4_msgs) StdoutLine: {'line': b'-- Up-to-date: /home/subhalaxmi/nidar_ws/install/px4_msgs/include/px4_msgs/px4_msgs/msg/detail/sensor_hygrometer__functions.c\n'}
[17.287235] (px4_msgs) StdoutLine: {'line': b'-- Up-to-date: /home/subhalaxmi/nidar_ws/install/px4_msgs/include/px4_msgs/px4_msgs/msg/detail/vehicle_control_mode__struct.h\n'}
[17.288893] (px4_msgs) StdoutLine: {'line': b'-- Up-to-date: /home/subhalaxmi/nidar_ws/install/px4_msgs/include/px4_msgs/px4_msgs/msg/detail/vehicle_imu__type_support.h\n'}
[17.290362] (px4_msgs) StdoutLine: {'line': b'-- Up-to-date: /home/subhalaxmi/nidar_ws/install/px4_msgs/include/px4_msgs/px4_msgs/msg/detail/fixed_wing_lateral_guidance_status__struct.h\n'}
[17.291347] (px4_msgs) StdoutLine: {'line': b'-- Up-to-date: /home/subhalaxmi/nidar_ws/install/px4_msgs/include/px4_msgs/px4_msgs/msg/detail/button_event__struct.h\n'}
[17.292712] (px4_msgs) StdoutLine: {'line': b'-- Up-to-date: /home/subhalaxmi/nidar_ws/install/px4_msgs/include/px4_msgs/px4_msgs/msg/detail/home_position__type_support.h\n'}
[17.294546] (px4_msgs) StdoutLine: {'line': b'-- Up-to-date: /home/subhalaxmi/nidar_ws/install/px4_msgs/include/px4_msgs/px4_msgs/msg/detail/vehicle_global_position__struct.h\n'}
[17.297508] (px4_msgs) StdoutLine: {'line': b'-- Up-to-date: /home/subhalaxmi/nidar_ws/install/px4_msgs/include/px4_msgs/px4_msgs/msg/detail/sensor_preflight_mag__functions.h\n'}
[17.297797] (px4_msgs) StdoutLine: {'line': b'-- Up-to-date: /home/subhalaxmi/nidar_ws/install/px4_msgs/include/px4_msgs/px4_msgs/msg/detail/power_button_state__struct.h\n'}
[17.298002] (px4_msgs) StdoutLine: {'line': b'-- Up-to-date: /home/subhalaxmi/nidar_ws/install/px4_msgs/include/px4_msgs/px4_msgs/msg/detail/sensor_correction__struct.h\n'}
[17.298229] (px4_msgs) StdoutLine: {'line': b'-- Up-to-date: /home/subhalaxmi/nidar_ws/install/px4_msgs/include/px4_msgs/px4_msgs/msg/detail/rc_channels__functions.h\n'}
[17.298433] (px4_msgs) StdoutLine: {'line': b'-- Up-to-date: /home/subhalaxmi/nidar_ws/install/px4_msgs/include/px4_msgs/px4_msgs/msg/detail/longitudinal_control_configuration__functions.h\n'}
[17.298979] (px4_msgs) StdoutLine: {'line': b'-- Up-to-date: /home/subhalaxmi/nidar_ws/install/px4_msgs/include/px4_msgs/px4_msgs/msg/detail/ping__struct.h\n'}
[17.299264] (px4_msgs) StdoutLine: {'line': b'-- Up-to-date: /home/subhalaxmi/nidar_ws/install/px4_msgs/include/px4_msgs/px4_msgs/msg/detail/gimbal_manager_set_manual_control__type_support.h\n'}
[17.300952] (px4_msgs) StdoutLine: {'line': b'-- Up-to-date: /home/subhalaxmi/nidar_ws/install/px4_msgs/include/px4_msgs/px4_msgs/msg/detail/camera_trigger__functions.c\n'}
[17.301246] (px4_msgs) StdoutLine: {'line': b'-- Up-to-date: /home/subhalaxmi/nidar_ws/install/px4_msgs/include/px4_msgs/px4_msgs/msg/detail/position_setpoint__functions.h\n'}
[17.301466] (px4_msgs) StdoutLine: {'line': b'-- Up-to-date: /home/subhalaxmi/nidar_ws/install/px4_msgs/include/px4_msgs/px4_msgs/msg/detail/mount_orientation__type_support.h\n'}
[17.301658] (px4_msgs) StdoutLine: {'line': b'-- Up-to-date: /home/subhalaxmi/nidar_ws/install/px4_msgs/include/px4_msgs/px4_msgs/msg/detail/navigator_status__functions.c\n'}
[17.301884] (px4_msgs) StdoutLine: {'line': b'-- Up-to-date: /home/subhalaxmi/nidar_ws/install/px4_msgs/include/px4_msgs/px4_msgs/msg/detail/flight_phase_estimation__type_support.h\n'}
[17.302084] (px4_msgs) StdoutLine: {'line': b'-- Up-to-date: /home/subhalaxmi/nidar_ws/install/px4_msgs/include/px4_msgs/px4_msgs/msg/detail/position_setpoint_triplet__struct.h\n'}
[17.302339] (px4_msgs) StdoutLine: {'line': b'-- Up-to-date: /home/subhalaxmi/nidar_ws/install/px4_msgs/include/px4_msgs/px4_msgs/msg/detail/mount_orientation__functions.c\n'}
[17.304061] (px4_msgs) StdoutLine: {'line': b'-- Up-to-date: /home/subhalaxmi/nidar_ws/install/px4_msgs/include/px4_msgs/px4_msgs/msg/detail/vtx__functions.c\n'}
[17.305062] (px4_msgs) StdoutLine: {'line': b'-- Up-to-date: /home/subhalaxmi/nidar_ws/install/px4_msgs/include/px4_msgs/px4_msgs/msg/detail/mission_result__functions.h\n'}
[17.305354] (px4_msgs) StdoutLine: {'line': b'-- Up-to-date: /home/subhalaxmi/nidar_ws/install/px4_msgs/include/px4_msgs/px4_msgs/msg/detail/vehicle_imu__struct.h\n'}
[17.305594] (px4_msgs) StdoutLine: {'line': b'-- Up-to-date: /home/subhalaxmi/nidar_ws/install/px4_msgs/include/px4_msgs/px4_msgs/msg/detail/open_drone_id_arm_status__type_support.h\n'}
[17.305805] (px4_msgs) StdoutLine: {'line': b'-- Up-to-date: /home/subhalaxmi/nidar_ws/install/px4_msgs/include/px4_msgs/px4_msgs/msg/detail/vehicle_local_position__functions.c\n'}
[17.306050] (px4_msgs) StdoutLine: {'line': b'-- Up-to-date: /home/subhalaxmi/nidar_ws/install/px4_msgs/include/px4_msgs/px4_msgs/msg/detail/airspeed_validated__type_support.h\n'}
[17.306311] (px4_msgs) StdoutLine: {'line': b'-- Up-to-date: /home/subhalaxmi/nidar_ws/install/px4_msgs/include/px4_msgs/px4_msgs/msg/detail/estimator_states__functions.h\n'}
[17.309260] (px4_msgs) StdoutLine: {'line': b'-- Up-to-date: /home/subhalaxmi/nidar_ws/install/px4_msgs/include/px4_msgs/px4_msgs/msg/detail/estimator_gps_status__type_support.h\n'}
[17.309723] (px4_msgs) StdoutLine: {'line': b'-- Up-to-date: /home/subhalaxmi/nidar_ws/install/px4_msgs/include/px4_msgs/px4_msgs/msg/detail/internal_combustion_engine_status__functions.c\n'}
[17.309934] (px4_msgs) StdoutLine: {'line': b'-- Up-to-date: /home/subhalaxmi/nidar_ws/install/px4_msgs/include/px4_msgs/px4_msgs/msg/detail/satellite_info__type_support.h\n'}
[17.310141] (px4_msgs) StdoutLine: {'line': b'-- Up-to-date: /home/subhalaxmi/nidar_ws/install/px4_msgs/include/px4_msgs/px4_msgs/msg/detail/generator_status__type_support.h\n'}
[17.312286] (px4_msgs) StdoutLine: {'line': b'-- Up-to-date: /home/subhalaxmi/nidar_ws/install/px4_msgs/include/px4_msgs/px4_msgs/msg/detail/cpuload__type_support.h\n'}
[17.313270] (px4_msgs) StdoutLine: {'line': b'-- Up-to-date: /home/subhalaxmi/nidar_ws/install/px4_msgs/include/px4_msgs/px4_msgs/msg/detail/actuator_servos_trim__struct.h\n'}
[17.313556] (px4_msgs) StdoutLine: {'line': b'-- Up-to-date: /home/subhalaxmi/nidar_ws/install/px4_msgs/include/px4_msgs/px4_msgs/msg/detail/transponder_report__type_support.h\n'}
[17.313762] (px4_msgs) StdoutLine: {'line': b'-- Up-to-date: /home/subhalaxmi/nidar_ws/install/px4_msgs/include/px4_msgs/px4_msgs/msg/detail/estimator_aid_source3d__type_support.h\n'}
[17.313957] (px4_msgs) StdoutLine: {'line': b'-- Up-to-date: /home/subhalaxmi/nidar_ws/install/px4_msgs/include/px4_msgs/px4_msgs/msg/detail/rc_parameter_map__type_support.h\n'}
[17.316348] (px4_msgs) StdoutLine: {'line': b'-- Up-to-date: /home/subhalaxmi/nidar_ws/install/px4_msgs/include/px4_msgs/px4_msgs/msg/detail/vehicle_attitude__functions.h\n'}
[17.317708] (px4_msgs) StdoutLine: {'line': b'-- Up-to-date: /home/subhalaxmi/nidar_ws/install/px4_msgs/include/px4_msgs/px4_msgs/msg/detail/onboard_computer_status__type_support.h\n'}
[17.320398] (px4_msgs) StdoutLine: {'line': b'-- Up-to-date: /home/subhalaxmi/nidar_ws/install/px4_msgs/include/px4_msgs/px4_msgs/msg/detail/sensor_temp__struct.h\n'}
[17.321177] (px4_msgs) StdoutLine: {'line': b'-- Up-to-date: /home/subhalaxmi/nidar_ws/install/px4_msgs/include/px4_msgs/px4_msgs/msg/detail/rover_steering_setpoint__struct.h\n'}
[17.321476] (px4_msgs) StdoutLine: {'line': b'-- Up-to-date: /home/subhalaxmi/nidar_ws/install/px4_msgs/include/px4_msgs/px4_msgs/msg/detail/rover_speed_status__functions.h\n'}
[17.321721] (px4_msgs) StdoutLine: {'line': b'-- Up-to-date: /home/subhalaxmi/nidar_ws/install/px4_msgs/include/px4_msgs/px4_msgs/msg/detail/tecs_status__functions.c\n'}
[17.321912] (px4_msgs) StdoutLine: {'line': b'-- Up-to-date: /home/subhalaxmi/nidar_ws/install/px4_msgs/include/px4_msgs/px4_msgs/msg/detail/airspeed_wind__functions.h\n'}
[17.322098] (px4_msgs) StdoutLine: {'line': b'-- Up-to-date: /home/subhalaxmi/nidar_ws/install/px4_msgs/include/px4_msgs/px4_msgs/msg/detail/goto_setpoint__struct.h\n'}
[17.322330] (px4_msgs) StdoutLine: {'line': b'-- Up-to-date: /home/subhalaxmi/nidar_ws/install/px4_msgs/include/px4_msgs/px4_msgs/msg/detail/landing_target_pose__struct.h\n'}
[17.322524] (px4_msgs) StdoutLine: {'line': b'-- Up-to-date: /home/subhalaxmi/nidar_ws/install/px4_msgs/include/px4_msgs/px4_msgs/msg/detail/camera_capture__functions.c\n'}
[17.322715] (px4_msgs) StdoutLine: {'line': b'-- Up-to-date: /home/subhalaxmi/nidar_ws/install/px4_msgs/include/px4_msgs/px4_msgs/msg/detail/debug_array__functions.h\n'}
[17.322935] (px4_msgs) StdoutLine: {'line': b'-- Up-to-date: /home/subhalaxmi/nidar_ws/install/px4_msgs/include/px4_msgs/px4_msgs/msg/detail/landing_gear_wheel__functions.h\n'}
[17.323259] (px4_msgs) StdoutLine: {'line': b'-- Up-to-date: /home/subhalaxmi/nidar_ws/install/px4_msgs/include/px4_msgs/px4_msgs/msg/detail/yaw_estimator_status__functions.c\n'}
[17.323521] (px4_msgs) StdoutLine: {'line': b'-- Up-to-date: /home/subhalaxmi/nidar_ws/install/px4_msgs/include/px4_msgs/px4_msgs/msg/detail/gimbal_device_attitude_status__type_support.h\n'}
[17.323721] (px4_msgs) StdoutLine: {'line': b'-- Up-to-date: /home/subhalaxmi/nidar_ws/install/px4_msgs/include/px4_msgs/px4_msgs/msg/detail/mavlink_tunnel__type_support.h\n'}
[17.323920] (px4_msgs) StdoutLine: {'line': b'-- Up-to-date: /home/subhalaxmi/nidar_ws/install/px4_msgs/include/px4_msgs/px4_msgs/msg/detail/sensor_gyro_fft__struct.h\n'}
[17.324155] (px4_msgs) StdoutLine: {'line': b'-- Up-to-date: /home/subhalaxmi/nidar_ws/install/px4_msgs/include/px4_msgs/px4_msgs/msg/detail/arming_check_request__functions.h\n'}
[17.324379] (px4_msgs) StdoutLine: {'line': b'-- Up-to-date: /home/subhalaxmi/nidar_ws/install/px4_msgs/include/px4_msgs/px4_msgs/msg/detail/follow_target__struct.h\n'}
[17.324637] (px4_msgs) StdoutLine: {'line': b'-- Up-to-date: /home/subhalaxmi/nidar_ws/install/px4_msgs/include/px4_msgs/px4_msgs/msg/detail/flight_phase_estimation__functions.h\n'}
[17.324924] (px4_msgs) StdoutLine: {'line': b'-- Up-to-date: /home/subhalaxmi/nidar_ws/install/px4_msgs/include/px4_msgs/px4_msgs/msg/detail/obstacle_distance__struct.h\n'}
[17.325322] (px4_msgs) StdoutLine: {'line': b'-- Up-to-date: /home/subhalaxmi/nidar_ws/install/px4_msgs/include/px4_msgs/px4_msgs/msg/detail/log_message__type_support.h\n'}
[17.325750] (px4_msgs) StdoutLine: {'line': b'-- Up-to-date: /home/subhalaxmi/nidar_ws/install/px4_msgs/include/px4_msgs/px4_msgs/msg/detail/estimator_bias3d__functions.c\n'}
[17.328200] (px4_msgs) StdoutLine: {'line': b'-- Up-to-date: /home/subhalaxmi/nidar_ws/install/px4_msgs/include/px4_msgs/px4_msgs/msg/detail/orb_test__struct.h\n'}
[17.330009] (px4_msgs) StdoutLine: {'line': b'-- Up-to-date: /home/subhalaxmi/nidar_ws/install/px4_msgs/include/px4_msgs/px4_msgs/msg/detail/pps_capture__functions.c\n'}
[17.330775] (px4_msgs) StdoutLine: {'line': b'-- Up-to-date: /home/subhalaxmi/nidar_ws/install/px4_msgs/include/px4_msgs/px4_msgs/msg/detail/message_format_response__functions.h\n'}
[17.331039] (px4_msgs) StdoutLine: {'line': b'-- Up-to-date: /home/subhalaxmi/nidar_ws/install/px4_msgs/include/px4_msgs/px4_msgs/msg/detail/vehicle_acceleration__struct.h\n'}
[17.331718] (px4_msgs) StdoutLine: {'line': b'-- Up-to-date: /home/subhalaxmi/nidar_ws/install/px4_msgs/include/px4_msgs/px4_msgs/msg/detail/task_stack_info__functions.c\n'}
[17.332395] (px4_msgs) StdoutLine: {'line': b'-- Up-to-date: /home/subhalaxmi/nidar_ws/install/px4_msgs/include/px4_msgs/px4_msgs/msg/detail/vehicle_local_position__struct.h\n'}
[17.332701] (px4_msgs) StdoutLine: {'line': b'-- Up-to-date: /home/subhalaxmi/nidar_ws/install/px4_msgs/include/px4_msgs/px4_msgs/msg/detail/ekf2_timestamps__functions.c\n'}
[17.332897] (px4_msgs) StdoutLine: {'line': b'-- Up-to-date: /home/subhalaxmi/nidar_ws/install/px4_msgs/include/px4_msgs/px4_msgs/msg/detail/vehicle_land_detected__type_support.h\n'}
[17.333147] (px4_msgs) StdoutLine: {'line': b'-- Up-to-date: /home/subhalaxmi/nidar_ws/install/px4_msgs/include/px4_msgs/px4_msgs/msg/detail/vehicle_attitude_setpoint__functions.c\n'}
[17.333368] (px4_msgs) StdoutLine: {'line': b'-- Up-to-date: /home/subhalaxmi/nidar_ws/install/px4_msgs/include/px4_msgs/px4_msgs/msg/detail/vehicle_command_ack__type_support.h\n'}
[17.333556] (px4_msgs) StdoutLine: {'line': b'-- Up-to-date: /home/subhalaxmi/nidar_ws/install/px4_msgs/include/px4_msgs/px4_msgs/msg/detail/camera_capture__functions.h\n'}
[17.333741] (px4_msgs) StdoutLine: {'line': b'-- Up-to-date: /home/subhalaxmi/nidar_ws/install/px4_msgs/include/px4_msgs/px4_msgs/msg/detail/landing_target_innovations__struct.h\n'}
[17.333925] (px4_msgs) StdoutLine: {'line': b'-- Up-to-date: /home/subhalaxmi/nidar_ws/install/px4_msgs/include/px4_msgs/px4_msgs/msg/detail/normalized_unsigned_setpoint__type_support.h\n'}
[17.334147] (px4_msgs) StdoutLine: {'line': b'-- Up-to-date: /home/subhalaxmi/nidar_ws/install/px4_msgs/include/px4_msgs/px4_msgs/msg/detail/orb_test__type_support.h\n'}
[17.334675] (px4_msgs) StdoutLine: {'line': b'-- Up-to-date: /home/subhalaxmi/nidar_ws/install/px4_msgs/include/px4_msgs/px4_msgs/msg/detail/ping__functions.c\n'}
[17.334897] (px4_msgs) StdoutLine: {'line': b'-- Up-to-date: /home/subhalaxmi/nidar_ws/install/px4_msgs/include/px4_msgs/px4_msgs/msg/detail/heater_status__functions.h\n'}
[17.335089] (px4_msgs) StdoutLine: {'line': b'-- Up-to-date: /home/subhalaxmi/nidar_ws/install/px4_msgs/include/px4_msgs/px4_msgs/msg/detail/sensor_gnss_relative__type_support.h\n'}
[17.335812] (px4_msgs) StdoutLine: {'line': b'-- Up-to-date: /home/subhalaxmi/nidar_ws/install/px4_msgs/include/px4_msgs/px4_msgs/msg/detail/pwm_input__struct.h\n'}
[17.336020] (px4_msgs) StdoutLine: {'line': b'-- Up-to-date: /home/subhalaxmi/nidar_ws/install/px4_msgs/include/px4_msgs/px4_msgs/msg/detail/airspeed__functions.c\n'}
[17.336241] (px4_msgs) StdoutLine: {'line': b'-- Up-to-date: /home/subhalaxmi/nidar_ws/install/px4_msgs/include/px4_msgs/px4_msgs/msg/detail/gain_compression__functions.h\n'}
[17.336453] (px4_msgs) StdoutLine: {'line': b'-- Up-to-date: /home/subhalaxmi/nidar_ws/install/px4_msgs/include/px4_msgs/px4_msgs/msg/detail/estimator_innovations__functions.c\n'}
[17.336638] (px4_msgs) StdoutLine: {'line': b'-- Up-to-date: /home/subhalaxmi/nidar_ws/install/px4_msgs/include/px4_msgs/px4_msgs/msg/detail/tune_control__struct.h\n'}
[17.336818] (px4_msgs) StdoutLine: {'line': b'-- Up-to-date: /home/subhalaxmi/nidar_ws/install/px4_msgs/include/px4_msgs/px4_msgs/msg/detail/estimator_status_flags__functions.c\n'}
[17.336997] (px4_msgs) StdoutLine: {'line': b'-- Up-to-date: /home/subhalaxmi/nidar_ws/install/px4_msgs/include/px4_msgs/px4_msgs/msg/detail/vehicle_optical_flow__functions.h\n'}
[17.337197] (px4_msgs) StdoutLine: {'line': b'-- Up-to-date: /home/subhalaxmi/nidar_ws/install/px4_msgs/include/px4_msgs/px4_msgs/msg/detail/action_request__functions.h\n'}
[17.337395] (px4_msgs) StdoutLine: {'line': b'-- Up-to-date: /home/subhalaxmi/nidar_ws/install/px4_msgs/include/px4_msgs/px4_msgs/msg/detail/sensor_selection__struct.h\n'}
[17.338118] (px4_msgs) StdoutLine: {'line': b'-- Up-to-date: /home/subhalaxmi/nidar_ws/install/px4_msgs/include/px4_msgs/px4_msgs/msg/detail/offboard_control_mode__type_support.h\n'}
[17.338416] (px4_msgs) StdoutLine: {'line': b'-- Up-to-date: /home/subhalaxmi/nidar_ws/install/px4_msgs/include/px4_msgs/px4_msgs/msg/detail/position_controller_status__functions.c\n'}
[17.338612] (px4_msgs) StdoutLine: {'line': b'-- Up-to-date: /home/subhalaxmi/nidar_ws/install/px4_msgs/include/px4_msgs/px4_msgs/msg/detail/actuator_test__functions.c\n'}
[17.339082] (px4_msgs) StdoutLine: {'line': b'-- Up-to-date: /home/subhalaxmi/nidar_ws/install/px4_msgs/include/px4_msgs/px4_msgs/msg/detail/landing_gear__functions.c\n'}
[17.339811] (px4_msgs) StdoutLine: {'line': b'-- Up-to-date: /home/subhalaxmi/nidar_ws/install/px4_msgs/include/px4_msgs/px4_msgs/msg/detail/open_drone_id_self_id__functions.h\n'}
[17.340296] (px4_msgs) StdoutLine: {'line': b'-- Up-to-date: /home/subhalaxmi/nidar_ws/install/px4_msgs/include/px4_msgs/px4_msgs/msg/detail/transponder_report__functions.c\n'}
[17.340749] (px4_msgs) StdoutLine: {'line': b'-- Up-to-date: /home/subhalaxmi/nidar_ws/install/px4_msgs/include/px4_msgs/px4_msgs/msg/detail/rc_channels__struct.h\n'}
[17.341546] (px4_msgs) StdoutLine: {'line': b'-- Up-to-date: /home/subhalaxmi/nidar_ws/install/px4_msgs/include/px4_msgs/px4_msgs/msg/detail/timesync_status__type_support.h\n'}
[17.342169] (px4_msgs) StdoutLine: {'line': b'-- Up-to-date: /home/subhalaxmi/nidar_ws/install/px4_msgs/include/px4_msgs/px4_msgs/msg/detail/magnetometer_bias_estimate__functions.h\n'}
[17.342682] (px4_msgs) StdoutLine: {'line': b'-- Up-to-date: /home/subhalaxmi/nidar_ws/install/px4_msgs/include/px4_msgs/px4_msgs/msg/detail/manual_control_switches__type_support.h\n'}
[17.343495] (px4_msgs) StdoutLine: {'line': b'-- Up-to-date: /home/subhalaxmi/nidar_ws/install/px4_msgs/include/px4_msgs/px4_msgs/msg/detail/gimbal_device_attitude_status__functions.h\n'}
[17.344148] (px4_msgs) StdoutLine: {'line': b'-- Up-to-date: /home/subhalaxmi/nidar_ws/install/px4_msgs/include/px4_msgs/px4_msgs/msg/detail/generator_status__struct.h\n'}
[17.344958] (px4_msgs) StdoutLine: {'line': b'-- Up-to-date: /home/subhalaxmi/nidar_ws/install/px4_msgs/include/px4_msgs/px4_msgs/msg/detail/cpuload__functions.c\n'}
[17.345550] (px4_msgs) StdoutLine: {'line': b'-- Up-to-date: /home/subhalaxmi/nidar_ws/install/px4_msgs/include/px4_msgs/px4_msgs/msg/detail/vehicle_command_ack__struct.h\n'}
[17.346395] (px4_msgs) StdoutLine: {'line': b'-- Up-to-date: /home/subhalaxmi/nidar_ws/install/px4_msgs/include/px4_msgs/px4_msgs/msg/detail/heater_status__struct.h\n'}
[17.346771] (px4_msgs) StdoutLine: {'line': b'-- Up-to-date: /home/subhalaxmi/nidar_ws/install/px4_msgs/include/px4_msgs/px4_msgs/msg/detail/vehicle_acceleration__functions.c\n'}
[17.347020] (px4_msgs) StdoutLine: {'line': b'-- Up-to-date: /home/subhalaxmi/nidar_ws/install/px4_msgs/include/px4_msgs/px4_msgs/msg/detail/navigator_status__functions.h\n'}
[17.348639] (px4_msgs) StdoutLine: {'line': b'-- Up-to-date: /home/subhalaxmi/nidar_ws/install/px4_msgs/include/px4_msgs/px4_msgs/msg/detail/actuator_armed__functions.c\n'}
[17.348928] (px4_msgs) StdoutLine: {'line': b'-- Up-to-date: /home/subhalaxmi/nidar_ws/install/px4_msgs/include/px4_msgs/px4_msgs/msg/detail/log_message__functions.h\n'}
[17.349752] (px4_msgs) StdoutLine: {'line': b'-- Up-to-date: /home/subhalaxmi/nidar_ws/install/px4_msgs/include/px4_msgs/px4_msgs/msg/detail/telemetry_status__type_support.h\n'}
[17.350355] (-) TimerEvent: {}
[17.350867] (px4_msgs) StdoutLine: {'line': b'-- Up-to-date: /home/subhalaxmi/nidar_ws/install/px4_msgs/include/px4_msgs/px4_msgs/msg/detail/magnetometer_bias_estimate__type_support.h\n'}
[17.351404] (px4_msgs) StdoutLine: {'line': b'-- Up-to-date: /home/subhalaxmi/nidar_ws/install/px4_msgs/include/px4_msgs/px4_msgs/msg/detail/manual_control_setpoint__struct.h\n'}
[17.351703] (px4_msgs) StdoutLine: {'line': b'-- Up-to-date: /home/subhalaxmi/nidar_ws/install/px4_msgs/include/px4_msgs/px4_msgs/msg/detail/sensor_airflow__struct.h\n'}
[17.351976] (px4_msgs) StdoutLine: {'line': b'-- Up-to-date: /home/subhalaxmi/nidar_ws/install/px4_msgs/include/px4_msgs/px4_msgs/msg/detail/vehicle_angular_velocity__struct.h\n'}
[17.352261] (px4_msgs) StdoutLine: {'line': b'-- Up-to-date: /home/subhalaxmi/nidar_ws/install/px4_msgs/include/px4_msgs/px4_msgs/msg/detail/rpm__struct.h\n'}
[17.352502] (px4_msgs) StdoutLine: {'line': b'-- Up-to-date: /home/subhalaxmi/nidar_ws/install/px4_msgs/include/px4_msgs/px4_msgs/msg/detail/vehicle_optical_flow_vel__struct.h\n'}
[17.352712] (px4_msgs) StdoutLine: {'line': b'-- Up-to-date: /home/subhalaxmi/nidar_ws/install/px4_msgs/include/px4_msgs/px4_msgs/msg/detail/mag_worker_data__functions.c\n'}
[17.352917] (px4_msgs) StdoutLine: {'line': b'-- Up-to-date: /home/subhalaxmi/nidar_ws/install/px4_msgs/include/px4_msgs/px4_msgs/msg/detail/message_format_request__struct.h\n'}
[17.353149] (px4_msgs) StdoutLine: {'line': b'-- Up-to-date: /home/subhalaxmi/nidar_ws/install/px4_msgs/include/px4_msgs/px4_msgs/msg/detail/event__functions.c\n'}
[17.353591] (px4_msgs) StdoutLine: {'line': b'-- Up-to-date: /home/subhalaxmi/nidar_ws/install/px4_msgs/include/px4_msgs/px4_msgs/msg/detail/gimbal_manager_set_attitude__functions.c\n'}
[17.354588] (px4_msgs) StdoutLine: {'line': b'-- Up-to-date: /home/subhalaxmi/nidar_ws/install/px4_msgs/include/px4_msgs/px4_msgs/msg/detail/fixed_wing_runway_control__struct.h\n'}
[17.354995] (px4_msgs) StdoutLine: {'line': b'-- Up-to-date: /home/subhalaxmi/nidar_ws/install/px4_msgs/include/px4_msgs/px4_msgs/msg/detail/airspeed_wind__functions.c\n'}
[17.355278] (px4_msgs) StdoutLine: {'line': b'-- Up-to-date: /home/subhalaxmi/nidar_ws/install/px4_msgs/include/px4_msgs/px4_msgs/msg/detail/parameter_set_used_request__functions.c\n'}
[17.355568] (px4_msgs) StdoutLine: {'line': b'-- Up-to-date: /home/subhalaxmi/nidar_ws/install/px4_msgs/include/px4_msgs/px4_msgs/msg/detail/velocity_limits__functions.c\n'}
[17.355894] (px4_msgs) StdoutLine: {'line': b'-- Up-to-date: /home/subhalaxmi/nidar_ws/install/px4_msgs/include/px4_msgs/px4_msgs/msg/detail/mode_completed__functions.c\n'}
[17.358573] (px4_msgs) StdoutLine: {'line': b'-- Up-to-date: /home/subhalaxmi/nidar_ws/install/px4_msgs/include/px4_msgs/px4_msgs/msg/detail/vehicle_constraints__functions.c\n'}
[17.359185] (px4_msgs) StdoutLine: {'line': b'-- Up-to-date: /home/subhalaxmi/nidar_ws/install/px4_msgs/include/px4_msgs/px4_msgs/msg/detail/led_control__type_support.h\n'}
[17.359857] (px4_msgs) StdoutLine: {'line': b'-- Up-to-date: /home/subhalaxmi/nidar_ws/install/px4_msgs/include/px4_msgs/px4_msgs/msg/detail/sensor_accel__type_support.h\n'}
[17.360090] (px4_msgs) StdoutLine: {'line': b'-- Up-to-date: /home/subhalaxmi/nidar_ws/install/px4_msgs/include/px4_msgs/px4_msgs/msg/detail/follow_target_status__functions.h\n'}
[17.360496] (px4_msgs) StdoutLine: {'line': b'-- Up-to-date: /home/subhalaxmi/nidar_ws/install/px4_msgs/include/px4_msgs/px4_msgs/msg/detail/estimator_innovations__functions.h\n'}
[17.360717] (px4_msgs) StdoutLine: {'line': b'-- Up-to-date: /home/subhalaxmi/nidar_ws/install/px4_msgs/include/px4_msgs/px4_msgs/msg/detail/magnetometer_bias_estimate__struct.h\n'}
[17.361344] (px4_msgs) StdoutLine: {'line': b'-- Up-to-date: /home/subhalaxmi/nidar_ws/install/px4_msgs/include/px4_msgs/px4_msgs/msg/detail/dataman_request__functions.h\n'}
[17.361700] (px4_msgs) StdoutLine: {'line': b'-- Up-to-date: /home/subhalaxmi/nidar_ws/install/px4_msgs/include/px4_msgs/px4_msgs/msg/detail/estimator_sensor_bias__functions.h\n'}
[17.362435] (px4_msgs) StdoutLine: {'line': b'-- Up-to-date: /home/subhalaxmi/nidar_ws/install/px4_msgs/include/px4_msgs/px4_msgs/msg/detail/follow_target__type_support.h\n'}
[17.363353] (px4_msgs) StdoutLine: {'line': b'-- Up-to-date: /home/subhalaxmi/nidar_ws/install/px4_msgs/include/px4_msgs/px4_msgs/msg/detail/aux_global_position__type_support.h\n'}
[17.363667] (px4_msgs) StdoutLine: {'line': b'-- Up-to-date: /home/subhalaxmi/nidar_ws/install/px4_msgs/include/px4_msgs/px4_msgs/msg/detail/hover_thrust_estimate__struct.h\n'}
[17.363852] (px4_msgs) StdoutLine: {'line': b'-- Up-to-date: /home/subhalaxmi/nidar_ws/install/px4_msgs/include/px4_msgs/px4_msgs/msg/detail/vehicle_angular_acceleration_setpoint__struct.h\n'}
[17.364081] (px4_msgs) StdoutLine: {'line': b'-- Up-to-date: /home/subhalaxmi/nidar_ws/install/px4_msgs/include/px4_msgs/px4_msgs/msg/detail/debug_value__functions.c\n'}
[17.364822] (px4_msgs) StdoutLine: {'line': b'-- Up-to-date: /home/subhalaxmi/nidar_ws/install/px4_msgs/include/px4_msgs/px4_msgs/msg/detail/sensor_combined__type_support.h\n'}
[17.365429] (px4_msgs) StdoutLine: {'line': b'-- Up-to-date: /home/subhalaxmi/nidar_ws/install/px4_msgs/include/px4_msgs/px4_msgs/msg/detail/gimbal_manager_status__struct.h\n'}
[17.366020] (px4_msgs) StdoutLine: {'line': b'-- Up-to-date: /home/subhalaxmi/nidar_ws/install/px4_msgs/include/px4_msgs/px4_msgs/msg/detail/landing_target_pose__functions.c\n'}
[17.366475] (px4_msgs) StdoutLine: {'line': b'-- Up-to-date: /home/subhalaxmi/nidar_ws/install/px4_msgs/include/px4_msgs/px4_msgs/msg/detail/cpuload__functions.h\n'}
[17.367033] (px4_msgs) StdoutLine: {'line': b'-- Up-to-date: /home/subhalaxmi/nidar_ws/install/px4_msgs/include/px4_msgs/px4_msgs/msg/detail/gripper__struct.h\n'}
[17.367498] (px4_msgs) StdoutLine: {'line': b'-- Up-to-date: /home/subhalaxmi/nidar_ws/install/px4_msgs/include/px4_msgs/px4_msgs/msg/detail/unregister_ext_component__functions.c\n'}
[17.367718] (px4_msgs) StdoutLine: {'line': b'-- Up-to-date: /home/subhalaxmi/nidar_ws/install/px4_msgs/include/px4_msgs/px4_msgs/msg/detail/raptor_status__functions.h\n'}
[17.367913] (px4_msgs) StdoutLine: {'line': b'-- Up-to-date: /home/subhalaxmi/nidar_ws/install/px4_msgs/include/px4_msgs/px4_msgs/msg/detail/actuator_servos__struct.h\n'}
[17.368113] (px4_msgs) StdoutLine: {'line': b'-- Up-to-date: /home/subhalaxmi/nidar_ws/install/px4_msgs/include/px4_msgs/px4_msgs/msg/detail/button_event__functions.c\n'}
[17.368336] (px4_msgs) StdoutLine: {'line': b'-- Up-to-date: /home/subhalaxmi/nidar_ws/install/px4_msgs/include/px4_msgs/px4_msgs/msg/detail/estimator_sensor_bias__functions.c\n'}
[17.368527] (px4_msgs) StdoutLine: {'line': b'-- Up-to-date: /home/subhalaxmi/nidar_ws/install/px4_msgs/include/px4_msgs/px4_msgs/msg/detail/differential_pressure__type_support.h\n'}
[17.368740] (px4_msgs) StdoutLine: {'line': b'-- Up-to-date: /home/subhalaxmi/nidar_ws/install/px4_msgs/include/px4_msgs/px4_msgs/msg/detail/trajectory_setpoint6dof__type_support.h\n'}
[17.370266] (px4_msgs) StdoutLine: {'line': b'-- Up-to-date: /home/subhalaxmi/nidar_ws/install/px4_msgs/include/px4_msgs/px4_msgs/msg/detail/parameter_set_value_request__functions.c\n'}
[17.370975] (px4_msgs) StdoutLine: {'line': b'-- Up-to-date: /home/subhalaxmi/nidar_ws/install/px4_msgs/include/px4_msgs/px4_msgs/msg/detail/orb_test_large__functions.c\n'}
[17.372190] (px4_msgs) StdoutLine: {'line': b'-- Up-to-date: /home/subhalaxmi/nidar_ws/install/px4_msgs/include/px4_msgs/px4_msgs/msg/detail/pwm_input__functions.c\n'}
[17.372889] (px4_msgs) StdoutLine: {'line': b'-- Up-to-date: /home/subhalaxmi/nidar_ws/install/px4_msgs/include/px4_msgs/px4_msgs/msg/detail/led_control__struct.h\n'}
[17.373338] (px4_msgs) StdoutLine: {'line': b'-- Up-to-date: /home/subhalaxmi/nidar_ws/install/px4_msgs/include/px4_msgs/px4_msgs/msg/detail/gimbal_device_information__struct.h\n'}
[17.373567] (px4_msgs) StdoutLine: {'line': b'-- Up-to-date: /home/subhalaxmi/nidar_ws/install/px4_msgs/include/px4_msgs/px4_msgs/msg/detail/esc_report__functions.h\n'}
[17.373755] (px4_msgs) StdoutLine: {'line': b'-- Up-to-date: /home/subhalaxmi/nidar_ws/install/px4_msgs/include/px4_msgs/px4_msgs/msg/detail/manual_control_switches__functions.c\n'}
[17.373947] (px4_msgs) StdoutLine: {'line': b'-- Up-to-date: /home/subhalaxmi/nidar_ws/install/px4_msgs/include/px4_msgs/px4_msgs/msg/detail/satellite_info__struct.h\n'}
[17.374341] (px4_msgs) StdoutLine: {'line': b'-- Up-to-date: /home/subhalaxmi/nidar_ws/install/px4_msgs/include/px4_msgs/px4_msgs/msg/detail/position_setpoint__type_support.h\n'}
[17.375128] (px4_msgs) StdoutLine: {'line': b'-- Up-to-date: /home/subhalaxmi/nidar_ws/install/px4_msgs/include/px4_msgs/px4_msgs/msg/detail/obstacle_distance__functions.h\n'}
[17.375940] (px4_msgs) StdoutLine: {'line': b'-- Up-to-date: /home/subhalaxmi/nidar_ws/install/px4_msgs/include/px4_msgs/px4_msgs/msg/detail/longitudinal_control_configuration__type_support.h\n'}
[17.378272] (px4_msgs) StdoutLine: {'line': b'-- Up-to-date: /home/subhalaxmi/nidar_ws/install/px4_msgs/include/px4_msgs/px4_msgs/msg/detail/home_position__functions.h\n'}
[17.378581] (px4_msgs) StdoutLine: {'line': b'-- Up-to-date: /home/subhalaxmi/nidar_ws/install/px4_msgs/include/px4_msgs/px4_msgs/msg/detail/open_drone_id_operator_id__type_support.h\n'}
[17.378829] (px4_msgs) StdoutLine: {'line': b'-- Up-to-date: /home/subhalaxmi/nidar_ws/install/px4_msgs/include/px4_msgs/px4_msgs/msg/detail/sensors_status__type_support.h\n'}
[17.379053] (px4_msgs) StdoutLine: {'line': b'-- Up-to-date: /home/subhalaxmi/nidar_ws/install/px4_msgs/include/px4_msgs/px4_msgs/msg/detail/estimator_gps_status__struct.h\n'}
[17.379314] (px4_msgs) StdoutLine: {'line': b'-- Up-to-date: /home/subhalaxmi/nidar_ws/install/px4_msgs/include/px4_msgs/px4_msgs/msg/detail/onboard_computer_status__struct.h\n'}
[17.379614] (px4_msgs) StdoutLine: {'line': b'-- Up-to-date: /home/subhalaxmi/nidar_ws/install/px4_msgs/include/px4_msgs/px4_msgs/msg/detail/debug_vect__type_support.h\n'}
[17.379901] (px4_msgs) StdoutLine: {'line': b'-- Up-to-date: /home/subhalaxmi/nidar_ws/install/px4_msgs/include/px4_msgs/px4_msgs/msg/detail/parameter_set_value_request__functions.h\n'}
[17.380468] (px4_msgs) StdoutLine: {'line': b'-- Up-to-date: /home/subhalaxmi/nidar_ws/install/px4_msgs/include/px4_msgs/px4_msgs/msg/detail/can_interface_status__struct.h\n'}
[17.381135] (px4_msgs) StdoutLine: {'line': b'-- Up-to-date: /home/subhalaxmi/nidar_ws/install/px4_msgs/include/px4_msgs/px4_msgs/msg/detail/gimbal_manager_information__functions.h\n'}
[17.381921] (px4_msgs) StdoutLine: {'line': b'-- Up-to-date: /home/subhalaxmi/nidar_ws/install/px4_msgs/include/px4_msgs/px4_msgs/msg/detail/landing_gear_wheel__functions.c\n'}
[17.382665] (px4_msgs) StdoutLine: {'line': b'-- Up-to-date: /home/subhalaxmi/nidar_ws/install/px4_msgs/include/px4_msgs/px4_msgs/msg/detail/rc_channels__type_support.h\n'}
[17.384609] (px4_msgs) StdoutLine: {'line': b'-- Up-to-date: /home/subhalaxmi/nidar_ws/install/px4_msgs/include/px4_msgs/px4_msgs/msg/detail/sensor_correction__type_support.h\n'}
[17.386063] (px4_msgs) StdoutLine: {'line': b'-- Up-to-date: /home/subhalaxmi/nidar_ws/install/px4_msgs/include/px4_msgs/px4_msgs/msg/detail/uavcan_parameter_value__struct.h\n'}
[17.387604] (px4_msgs) StdoutLine: {'line': b'-- Up-to-date: /home/subhalaxmi/nidar_ws/install/px4_msgs/include/px4_msgs/px4_msgs/msg/detail/differential_pressure__struct.h\n'}
[17.388706] (px4_msgs) StdoutLine: {'line': b'-- Up-to-date: /home/subhalaxmi/nidar_ws/install/px4_msgs/include/px4_msgs/px4_msgs/msg/detail/tecs_status__struct.h\n'}
[17.389479] (px4_msgs) StdoutLine: {'line': b'-- Up-to-date: /home/subhalaxmi/nidar_ws/install/px4_msgs/include/px4_msgs/px4_msgs/msg/detail/parameter_set_value_request__struct.h\n'}
[17.389926] (px4_msgs) StdoutLine: {'line': b'-- Up-to-date: /home/subhalaxmi/nidar_ws/install/px4_msgs/include/px4_msgs/px4_msgs/msg/detail/rtl_time_estimate__functions.c\n'}
[17.390799] (px4_msgs) StdoutLine: {'line': b'-- Up-to-date: /home/subhalaxmi/nidar_ws/install/px4_msgs/include/px4_msgs/px4_msgs/msg/detail/gimbal_manager_set_attitude__type_support.h\n'}
[17.391025] (px4_msgs) StdoutLine: {'line': b'-- Up-to-date: /home/subhalaxmi/nidar_ws/install/px4_msgs/include/px4_msgs/px4_msgs/msg/detail/actuator_motors__functions.h\n'}
[17.391385] (px4_msgs) StdoutLine: {'line': b'-- Up-to-date: /home/subhalaxmi/nidar_ws/install/px4_msgs/include/px4_msgs/px4_msgs/msg/detail/sensor_gnss_status__type_support.h\n'}
[17.391663] (px4_msgs) StdoutLine: {'line': b'-- Up-to-date: /home/subhalaxmi/nidar_ws/install/px4_msgs/include/px4_msgs/px4_msgs/msg/detail/actuator_servos__functions.c\n'}
[17.391848] (px4_msgs) StdoutLine: {'line': b'-- Up-to-date: /home/subhalaxmi/nidar_ws/install/px4_msgs/include/px4_msgs/px4_msgs/msg/detail/qshell_req__struct.h\n'}
[17.392031] (px4_msgs) StdoutLine: {'line': b'-- Up-to-date: /home/subhalaxmi/nidar_ws/install/px4_msgs/include/px4_msgs/px4_msgs/msg/detail/fixed_wing_lateral_setpoint__struct.h\n'}
[17.392299] (px4_msgs) StdoutLine: {'line': b'-- Up-to-date: /home/subhalaxmi/nidar_ws/install/px4_msgs/include/px4_msgs/px4_msgs/msg/detail/esc_status__functions.h\n'}
[17.392551] (px4_msgs) StdoutLine: {'line': b'-- Up-to-date: /home/subhalaxmi/nidar_ws/install/px4_msgs/include/px4_msgs/px4_msgs/msg/detail/estimator_aid_source1d__struct.h\n'}
[17.392753] (px4_msgs) StdoutLine: {'line': b'-- Up-to-date: /home/subhalaxmi/nidar_ws/install/px4_msgs/include/px4_msgs/px4_msgs/msg/detail/longitudinal_control_configuration__struct.h\n'}
[17.393005] (px4_msgs) StdoutLine: {'line': b'-- Up-to-date: /home/subhalaxmi/nidar_ws/install/px4_msgs/include/px4_msgs/px4_msgs/msg/detail/vehicle_local_position__type_support.h\n'}
[17.393241] (px4_msgs) StdoutLine: {'line': b'-- Up-to-date: /home/subhalaxmi/nidar_ws/install/px4_msgs/include/px4_msgs/px4_msgs/msg/detail/parameter_update__functions.c\n'}
[17.393796] (px4_msgs) StdoutLine: {'line': b'-- Up-to-date: /home/subhalaxmi/nidar_ws/install/px4_msgs/include/px4_msgs/px4_msgs/msg/detail/fixed_wing_longitudinal_setpoint__functions.h\n'}
[17.394284] (px4_msgs) StdoutLine: {'line': b'-- Up-to-date: /home/subhalaxmi/nidar_ws/install/px4_msgs/include/px4_msgs/px4_msgs/msg/detail/timesync_status__functions.c\n'}
[17.394494] (px4_msgs) StdoutLine: {'line': b'-- Up-to-date: /home/subhalaxmi/nidar_ws/install/px4_msgs/include/px4_msgs/px4_msgs/msg/detail/parameter_update__type_support.h\n'}
[17.394684] (px4_msgs) StdoutLine: {'line': b'-- Up-to-date: /home/subhalaxmi/nidar_ws/install/px4_msgs/include/px4_msgs/px4_msgs/msg/detail/sensor_correction__functions.c\n'}
[17.394891] (px4_msgs) StdoutLine: {'line': b'-- Up-to-date: /home/subhalaxmi/nidar_ws/install/px4_msgs/include/px4_msgs/px4_msgs/msg/detail/arming_check_reply__functions.h\n'}
[17.395419] (px4_msgs) StdoutLine: {'line': b'-- Up-to-date: /home/subhalaxmi/nidar_ws/install/px4_msgs/include/px4_msgs/px4_msgs/msg/detail/rc_parameter_map__functions.h\n'}
[17.395659] (px4_msgs) StdoutLine: {'line': b'-- Up-to-date: /home/subhalaxmi/nidar_ws/install/px4_msgs/include/px4_msgs/px4_msgs/msg/detail/arming_check_request__functions.c\n'}
[17.395913] (px4_msgs) StdoutLine: {'line': b'-- Up-to-date: /home/subhalaxmi/nidar_ws/install/px4_msgs/include/px4_msgs/px4_msgs/msg/detail/orb_test_medium__functions.h\n'}
[17.396101] (px4_msgs) StdoutLine: {'line': b'-- Up-to-date: /home/subhalaxmi/nidar_ws/install/px4_msgs/include/px4_msgs/px4_msgs/msg/detail/manual_control_switches__struct.h\n'}
[17.396332] (px4_msgs) StdoutLine: {'line': b'-- Up-to-date: /home/subhalaxmi/nidar_ws/install/px4_msgs/include/px4_msgs/px4_msgs/msg/detail/vehicle_roi__functions.c\n'}
[17.396524] (px4_msgs) StdoutLine: {'line': b'-- Up-to-date: /home/subhalaxmi/nidar_ws/install/px4_msgs/include/px4_msgs/px4_msgs/msg/detail/actuator_controls_status__struct.h\n'}
[17.396711] (px4_msgs) StdoutLine: {'line': b'-- Up-to-date: /home/subhalaxmi/nidar_ws/install/px4_msgs/include/px4_msgs/px4_msgs/msg/detail/message_format_request__type_support.h\n'}
[17.397204] (px4_msgs) StdoutLine: {'line': b'-- Up-to-date: /home/subhalaxmi/nidar_ws/install/px4_msgs/include/px4_msgs/px4_msgs/msg/detail/pure_pursuit_status__struct.h\n'}
[17.397727] (px4_msgs) StdoutLine: {'line': b'-- Up-to-date: /home/subhalaxmi/nidar_ws/install/px4_msgs/include/px4_msgs/px4_msgs/msg/detail/sensors_status_imu__struct.h\n'}
[17.397967] (px4_msgs) StdoutLine: {'line': b'-- Up-to-date: /home/subhalaxmi/nidar_ws/install/px4_msgs/include/px4_msgs/px4_msgs/msg/detail/gimbal_manager_status__functions.c\n'}
[17.398197] (px4_msgs) StdoutLine: {'line': b'-- Up-to-date: /home/subhalaxmi/nidar_ws/install/px4_msgs/include/px4_msgs/px4_msgs/msg/detail/config_overrides__functions.h\n'}
[17.398418] (px4_msgs) StdoutLine: {'line': b'-- Up-to-date: /home/subhalaxmi/nidar_ws/install/px4_msgs/include/px4_msgs/px4_msgs/msg/detail/fixed_wing_lateral_status__struct.h\n'}
[17.398623] (px4_msgs) StdoutLine: {'line': b'-- Up-to-date: /home/subhalaxmi/nidar_ws/install/px4_msgs/include/px4_msgs/px4_msgs/msg/detail/camera_status__struct.h\n'}
[17.398829] (px4_msgs) StdoutLine: {'line': b'-- Up-to-date: /home/subhalaxmi/nidar_ws/install/px4_msgs/include/px4_msgs/px4_msgs/msg/detail/follow_target_estimator__functions.c\n'}
[17.399028] (px4_msgs) StdoutLine: {'line': b'-- Up-to-date: /home/subhalaxmi/nidar_ws/install/px4_msgs/include/px4_msgs/px4_msgs/msg/detail/system_power__type_support.h\n'}
[17.399363] (px4_msgs) StdoutLine: {'line': b'-- Up-to-date: /home/subhalaxmi/nidar_ws/install/px4_msgs/include/px4_msgs/px4_msgs/msg/detail/health_report__functions.h\n'}
[17.399633] (px4_msgs) StdoutLine: {'line': b'-- Up-to-date: /home/subhalaxmi/nidar_ws/install/px4_msgs/include/px4_msgs/px4_msgs/msg/detail/estimator_bias3d__type_support.h\n'}
[17.400315] (px4_msgs) StdoutLine: {'line': b'-- Up-to-date: /home/subhalaxmi/nidar_ws/install/px4_msgs/include/px4_msgs/px4_msgs/msg/detail/estimator_innovations__struct.h\n'}
[17.401630] (px4_msgs) StdoutLine: {'line': b'-- Up-to-date: /home/subhalaxmi/nidar_ws/install/px4_msgs/include/px4_msgs/px4_msgs/msg/detail/vehicle_attitude__functions.c\n'}
[17.401903] (px4_msgs) StdoutLine: {'line': b'-- Up-to-date: /home/subhalaxmi/nidar_ws/install/px4_msgs/include/px4_msgs/px4_msgs/msg/detail/estimator_selector_status__functions.c\n'}
[17.402173] (px4_msgs) StdoutLine: {'line': b'-- Up-to-date: /home/subhalaxmi/nidar_ws/install/px4_msgs/include/px4_msgs/px4_msgs/msg/detail/rover_rate_status__type_support.h\n'}
[17.403215] (px4_msgs) StdoutLine: {'line': b'-- Up-to-date: /home/subhalaxmi/nidar_ws/install/px4_msgs/include/px4_msgs/px4_msgs/msg/detail/distance_sensor_mode_change_request__type_support.h\n'}
[17.404588] (px4_msgs) StdoutLine: {'line': b'-- Up-to-date: /home/subhalaxmi/nidar_ws/install/px4_msgs/include/px4_msgs/px4_msgs/msg/detail/vehicle_local_position_setpoint__type_support.h\n'}
[17.406414] (px4_msgs) StdoutLine: {'line': b'-- Up-to-date: /home/subhalaxmi/nidar_ws/install/px4_msgs/include/px4_msgs/px4_msgs/msg/detail/geofence_status__struct.h\n'}
[17.406678] (px4_msgs) StdoutLine: {'line': b'-- Up-to-date: /home/subhalaxmi/nidar_ws/install/px4_msgs/include/px4_msgs/px4_msgs/msg/detail/sensor_gps__functions.c\n'}
[17.407574] (px4_msgs) StdoutLine: {'line': b'-- Up-to-date: /home/subhalaxmi/nidar_ws/install/px4_msgs/include/px4_msgs/px4_msgs/msg/detail/sensor_gyro__struct.h\n'}
[17.408819] (px4_msgs) StdoutLine: {'line': b'-- Up-to-date: /home/subhalaxmi/nidar_ws/install/px4_msgs/include/px4_msgs/px4_msgs/msg/detail/position_setpoint__struct.h\n'}
[17.409736] (px4_msgs) StdoutLine: {'line': b'-- Up-to-date: /home/subhalaxmi/nidar_ws/install/px4_msgs/include/px4_msgs/px4_msgs/msg/detail/uavcan_parameter_request__struct.h\n'}
[17.410252] (px4_msgs) StdoutLine: {'line': b'-- Up-to-date: /home/subhalaxmi/nidar_ws/install/px4_msgs/include/px4_msgs/px4_msgs/msg/detail/sensor_temp__functions.h\n'}
[17.410966] (px4_msgs) StdoutLine: {'line': b'-- Up-to-date: /home/subhalaxmi/nidar_ws/install/px4_msgs/include/px4_msgs/px4_msgs/msg/detail/velocity_limits__struct.h\n'}
[17.411562] (px4_msgs) StdoutLine: {'line': b'-- Up-to-date: /home/subhalaxmi/nidar_ws/install/px4_msgs/include/px4_msgs/px4_msgs/msg/detail/message_format_response__functions.c\n'}
[17.412197] (px4_msgs) StdoutLine: {'line': b'-- Up-to-date: /home/subhalaxmi/nidar_ws/install/px4_msgs/include/px4_msgs/px4_msgs/msg/detail/rover_rate_status__struct.h\n'}
[17.412920] (px4_msgs) StdoutLine: {'line': b'-- Up-to-date: /home/subhalaxmi/nidar_ws/install/px4_msgs/include/px4_msgs/px4_msgs/msg/detail/autotune_attitude_control_status__functions.c\n'}
[17.413693] (px4_msgs) StdoutLine: {'line': b'-- Up-to-date: /home/subhalaxmi/nidar_ws/install/px4_msgs/include/px4_msgs/px4_msgs/msg/detail/obstacle_distance__type_support.h\n'}
[17.414278] (px4_msgs) StdoutLine: {'line': b'-- Up-to-date: /home/subhalaxmi/nidar_ws/install/px4_msgs/include/px4_msgs/px4_msgs/msg/detail/vehicle_magnetometer__functions.c\n'}
[17.414505] (px4_msgs) StdoutLine: {'line': b'-- Up-to-date: /home/subhalaxmi/nidar_ws/install/px4_msgs/include/px4_msgs/px4_msgs/msg/detail/dronecan_node_status__functions.h\n'}
[17.414699] (px4_msgs) StdoutLine: {'line': b'-- Up-to-date: /home/subhalaxmi/nidar_ws/install/px4_msgs/include/px4_msgs/px4_msgs/msg/detail/sensor_temp__functions.c\n'}
[17.414889] (px4_msgs) StdoutLine: {'line': b'-- Up-to-date: /home/subhalaxmi/nidar_ws/install/px4_msgs/include/px4_msgs/px4_msgs/msg/detail/camera_capture__type_support.h\n'}
[17.415076] (px4_msgs) StdoutLine: {'line': b'-- Up-to-date: /home/subhalaxmi/nidar_ws/install/px4_msgs/include/px4_msgs/px4_msgs/msg/detail/hover_thrust_estimate__functions.c\n'}
[17.415321] (px4_msgs) StdoutLine: {'line': b'-- Up-to-date: /home/subhalaxmi/nidar_ws/install/px4_msgs/include/px4_msgs/px4_msgs/msg/detail/radio_status__functions.c\n'}
[17.415519] (px4_msgs) StdoutLine: {'line': b'-- Up-to-date: /home/subhalaxmi/nidar_ws/install/px4_msgs/include/px4_msgs/px4_msgs/msg/detail/parameter_set_value_response__functions.c\n'}
[17.415704] (px4_msgs) StdoutLine: {'line': b'-- Up-to-date: /home/subhalaxmi/nidar_ws/install/px4_msgs/include/px4_msgs/px4_msgs/msg/detail/navigator_status__struct.h\n'}
[17.415904] (px4_msgs) StdoutLine: {'line': b'-- Up-to-date: /home/subhalaxmi/nidar_ws/install/px4_msgs/include/px4_msgs/px4_msgs/msg/detail/flight_phase_estimation__functions.c\n'}
[17.416096] (px4_msgs) StdoutLine: {'line': b'-- Up-to-date: /home/subhalaxmi/nidar_ws/install/px4_msgs/include/px4_msgs/px4_msgs/msg/detail/gpio_in__functions.c\n'}
[17.417082] (px4_msgs) StdoutLine: {'line': b'-- Up-to-date: /home/subhalaxmi/nidar_ws/install/px4_msgs/include/px4_msgs/px4_msgs/msg/detail/normalized_unsigned_setpoint__struct.h\n'}
[17.417931] (px4_msgs) StdoutLine: {'line': b'-- Up-to-date: /home/subhalaxmi/nidar_ws/install/px4_msgs/include/px4_msgs/px4_msgs/msg/detail/landing_gear_wheel__struct.h\n'}
[17.418570] (px4_msgs) StdoutLine: {'line': b'-- Up-to-date: /home/subhalaxmi/nidar_ws/install/px4_msgs/include/px4_msgs/px4_msgs/msg/detail/mode_completed__type_support.h\n'}
[17.419320] (px4_msgs) StdoutLine: {'line': b'-- Up-to-date: /home/subhalaxmi/nidar_ws/install/px4_msgs/include/px4_msgs/px4_msgs/msg/detail/rover_speed_setpoint__functions.c\n'}
[17.419581] (px4_msgs) StdoutLine: {'line': b'-- Up-to-date: /home/subhalaxmi/nidar_ws/install/px4_msgs/include/px4_msgs/px4_msgs/msg/detail/vehicle_status__struct.h\n'}
[17.420671] (px4_msgs) StdoutLine: {'line': b'-- Up-to-date: /home/subhalaxmi/nidar_ws/install/px4_msgs/include/px4_msgs/px4_msgs/msg/detail/qshell_retval__type_support.h\n'}
[17.421178] (px4_msgs) StdoutLine: {'line': b'-- Up-to-date: /home/subhalaxmi/nidar_ws/install/px4_msgs/include/px4_msgs/px4_msgs/msg/detail/register_ext_component_reply__functions.h\n'}
[17.421489] (px4_msgs) StdoutLine: {'line': b'-- Up-to-date: /home/subhalaxmi/nidar_ws/install/px4_msgs/include/px4_msgs/px4_msgs/msg/detail/neural_control__functions.h\n'}
[17.421726] (px4_msgs) StdoutLine: {'line': b'-- Up-to-date: /home/subhalaxmi/nidar_ws/install/px4_msgs/include/px4_msgs/px4_msgs/msg/detail/manual_control_switches__functions.h\n'}
[17.421947] (px4_msgs) StdoutLine: {'line': b'-- Up-to-date: /home/subhalaxmi/nidar_ws/install/px4_msgs/include/px4_msgs/px4_msgs/msg/detail/debug_value__struct.h\n'}
[17.422200] (px4_msgs) StdoutLine: {'line': b'-- Up-to-date: /home/subhalaxmi/nidar_ws/install/px4_msgs/include/px4_msgs/px4_msgs/msg/detail/gimbal_controls__functions.c\n'}
[17.422499] (px4_msgs) StdoutLine: {'line': b'-- Up-to-date: /home/subhalaxmi/nidar_ws/install/px4_msgs/include/px4_msgs/px4_msgs/msg/detail/rover_position_setpoint__type_support.h\n'}
[17.422718] (px4_msgs) StdoutLine: {'line': b'-- Up-to-date: /home/subhalaxmi/nidar_ws/install/px4_msgs/include/px4_msgs/px4_msgs/msg/detail/open_drone_id_self_id__type_support.h\n'}
[17.422969] (px4_msgs) StdoutLine: {'line': b'-- Up-to-date: /home/subhalaxmi/nidar_ws/install/px4_msgs/include/px4_msgs/px4_msgs/msg/detail/estimator_states__type_support.h\n'}
[17.424877] (px4_msgs) StdoutLine: {'line': b'-- Up-to-date: /home/subhalaxmi/nidar_ws/install/px4_msgs/include/px4_msgs/px4_msgs/msg/detail/health_report__functions.c\n'}
[17.425535] (px4_msgs) StdoutLine: {'line': b'-- Up-to-date: /home/subhalaxmi/nidar_ws/install/px4_msgs/include/px4_msgs/px4_msgs/msg/detail/collision_constraints__functions.h\n'}
[17.427499] (px4_msgs) StdoutLine: {'line': b'-- Up-to-date: /home/subhalaxmi/nidar_ws/install/px4_msgs/include/px4_msgs/px4_msgs/msg/detail/sensor_uwb__type_support.h\n'}
[17.428007] (px4_msgs) StdoutLine: {'line': b'-- Up-to-date: /home/subhalaxmi/nidar_ws/install/px4_msgs/include/px4_msgs/px4_msgs/msg/detail/estimator_bias__struct.h\n'}
[17.428371] (px4_msgs) StdoutLine: {'line': b'-- Up-to-date: /home/subhalaxmi/nidar_ws/install/px4_msgs/include/px4_msgs/px4_msgs/msg/detail/open_drone_id_operator_id__functions.c\n'}
[17.428664] (px4_msgs) StdoutLine: {'line': b'-- Up-to-date: /home/subhalaxmi/nidar_ws/install/px4_msgs/include/px4_msgs/px4_msgs/msg/detail/mavlink_log__functions.h\n'}
[17.428881] (px4_msgs) StdoutLine: {'line': b'-- Up-to-date: /home/subhalaxmi/nidar_ws/install/px4_msgs/include/px4_msgs/px4_msgs/msg/detail/control_allocator_status__functions.h\n'}
[17.429084] (px4_msgs) StdoutLine: {'line': b'-- Up-to-date: /home/subhalaxmi/nidar_ws/install/px4_msgs/include/px4_msgs/px4_msgs/msg/detail/distance_sensor__functions.h\n'}
[17.429454] (px4_msgs) StdoutLine: {'line': b'-- Up-to-date: /home/subhalaxmi/nidar_ws/install/px4_msgs/include/px4_msgs/px4_msgs/msg/detail/follow_target_estimator__functions.h\n'}
[17.429680] (px4_msgs) StdoutLine: {'line': b'-- Up-to-date: /home/subhalaxmi/nidar_ws/install/px4_msgs/include/px4_msgs/px4_msgs/msg/detail/open_drone_id_self_id__struct.h\n'}
[17.429895] (px4_msgs) StdoutLine: {'line': b'-- Up-to-date: /home/subhalaxmi/nidar_ws/install/px4_msgs/include/px4_msgs/px4_msgs/msg/detail/manual_control_setpoint__functions.h\n'}
[17.430101] (px4_msgs) StdoutLine: {'line': b'-- Up-to-date: /home/subhalaxmi/nidar_ws/install/px4_msgs/include/px4_msgs/px4_msgs/msg/detail/estimator_selector_status__struct.h\n'}
[17.430349] (px4_msgs) StdoutLine: {'line': b'-- Up-to-date: /home/subhalaxmi/nidar_ws/install/px4_msgs/include/px4_msgs/px4_msgs/msg/detail/gimbal_device_set_attitude__struct.h\n'}
[17.430545] (px4_msgs) StdoutLine: {'line': b'-- Up-to-date: /home/subhalaxmi/nidar_ws/install/px4_msgs/include/px4_msgs/px4_msgs/msg/detail/vehicle_air_data__struct.h\n'}
[17.430734] (px4_msgs) StdoutLine: {'line': b'-- Up-to-date: /home/subhalaxmi/nidar_ws/install/px4_msgs/include/px4_msgs/px4_msgs/msg/detail/figure_eight_status__functions.h\n'}
[17.430925] (px4_msgs) StdoutLine: {'line': b'-- Up-to-date: /home/subhalaxmi/nidar_ws/install/px4_msgs/include/px4_msgs/px4_msgs/msg/detail/battery_info__functions.h\n'}
[17.431144] (px4_msgs) StdoutLine: {'line': b'-- Up-to-date: /home/subhalaxmi/nidar_ws/install/px4_msgs/include/px4_msgs/px4_msgs/msg/detail/mag_worker_data__type_support.h\n'}
[17.431429] (px4_msgs) StdoutLine: {'line': b'-- Up-to-date: /home/subhalaxmi/nidar_ws/install/px4_msgs/include/px4_msgs/px4_msgs/msg/detail/rover_rate_status__functions.c\n'}
[17.431806] (px4_msgs) StdoutLine: {'line': b'-- Up-to-date: /home/subhalaxmi/nidar_ws/install/px4_msgs/include/px4_msgs/px4_msgs/msg/detail/open_drone_id_system__type_support.h\n'}
[17.432226] (px4_msgs) StdoutLine: {'line': b'-- Up-to-date: /home/subhalaxmi/nidar_ws/install/px4_msgs/include/px4_msgs/px4_msgs/msg/detail/hover_thrust_estimate__type_support.h\n'}
[17.433721] (px4_msgs) StdoutLine: {'line': b'-- Up-to-date: /home/subhalaxmi/nidar_ws/install/px4_msgs/include/px4_msgs/px4_msgs/msg/detail/open_drone_id_operator_id__functions.h\n'}
[17.433942] (px4_msgs) StdoutLine: {'line': b'-- Up-to-date: /home/subhalaxmi/nidar_ws/install/px4_msgs/include/px4_msgs/px4_msgs/msg/detail/arming_check_reply__type_support.h\n'}
[17.434149] (px4_msgs) StdoutLine: {'line': b'-- Up-to-date: /home/subhalaxmi/nidar_ws/install/px4_msgs/include/px4_msgs/px4_msgs/msg/detail/landing_gear_wheel__type_support.h\n'}
[17.434376] (px4_msgs) StdoutLine: {'line': b'-- Up-to-date: /home/subhalaxmi/nidar_ws/install/px4_msgs/include/px4_msgs/px4_msgs/msg/detail/event__struct.h\n'}
[17.434574] (px4_msgs) StdoutLine: {'line': b'-- Up-to-date: /home/subhalaxmi/nidar_ws/install/px4_msgs/include/px4_msgs/px4_msgs/msg/detail/ekf2_timestamps__type_support.h\n'}
[17.434772] (px4_msgs) StdoutLine: {'line': b'-- Up-to-date: /home/subhalaxmi/nidar_ws/install/px4_msgs/include/px4_msgs/px4_msgs/msg/detail/figure_eight_status__functions.c\n'}
[17.434968] (px4_msgs) StdoutLine: {'line': b'-- Up-to-date: /home/subhalaxmi/nidar_ws/install/px4_msgs/include/px4_msgs/px4_msgs/msg/detail/power_monitor__functions.c\n'}
[17.435442] (px4_msgs) StdoutLine: {'line': b'-- Up-to-date: /home/subhalaxmi/nidar_ws/install/px4_msgs/include/px4_msgs/px4_msgs/msg/detail/gimbal_controls__struct.h\n'}
[17.435703] (px4_msgs) StdoutLine: {'line': b'-- Up-to-date: /home/subhalaxmi/nidar_ws/install/px4_msgs/include/px4_msgs/px4_msgs/msg/detail/fixed_wing_lateral_setpoint__functions.c\n'}
[17.435907] (px4_msgs) StdoutLine: {'line': b'-- Up-to-date: /home/subhalaxmi/nidar_ws/install/px4_msgs/include/px4_msgs/px4_msgs/msg/detail/sensor_selection__type_support.h\n'}
[17.436372] (px4_msgs) StdoutLine: {'line': b'-- Up-to-date: /home/subhalaxmi/nidar_ws/install/px4_msgs/include/px4_msgs/px4_msgs/msg/detail/actuator_controls_status__type_support.h\n'}
[17.437352] (px4_msgs) StdoutLine: {'line': b'-- Up-to-date: /home/subhalaxmi/nidar_ws/install/px4_msgs/include/px4_msgs/px4_msgs/msg/detail/sensor_mag__type_support.h\n'}
[17.438029] (px4_msgs) StdoutLine: {'line': b'-- Up-to-date: /home/subhalaxmi/nidar_ws/install/px4_msgs/include/px4_msgs/px4_msgs/msg/detail/camera_status__functions.c\n'}
[17.438667] (px4_msgs) StdoutLine: {'line': b'-- Up-to-date: /home/subhalaxmi/nidar_ws/install/px4_msgs/include/px4_msgs/px4_msgs/msg/detail/onboard_computer_status__functions.c\n'}
[17.439206] (px4_msgs) StdoutLine: {'line': b'-- Up-to-date: /home/subhalaxmi/nidar_ws/install/px4_msgs/include/px4_msgs/px4_msgs/msg/detail/lateral_control_configuration__type_support.h\n'}
[17.439431] (px4_msgs) StdoutLine: {'line': b'-- Up-to-date: /home/subhalaxmi/nidar_ws/install/px4_msgs/include/px4_msgs/px4_msgs/msg/detail/dataman_response__struct.h\n'}
[17.439626] (px4_msgs) StdoutLine: {'line': b'-- Up-to-date: /home/subhalaxmi/nidar_ws/install/px4_msgs/include/px4_msgs/px4_msgs/msg/detail/rover_position_setpoint__functions.c\n'}
[17.439819] (px4_msgs) StdoutLine: {'line': b'-- Up-to-date: /home/subhalaxmi/nidar_ws/install/px4_msgs/include/px4_msgs/px4_msgs/msg/detail/failure_detector_status__type_support.h\n'}
[17.440028] (px4_msgs) StdoutLine: {'line': b'-- Up-to-date: /home/subhalaxmi/nidar_ws/install/px4_msgs/include/px4_msgs/px4_msgs/msg/detail/rover_speed_setpoint__functions.h\n'}
[17.440259] (px4_msgs) StdoutLine: {'line': b'-- Up-to-date: /home/subhalaxmi/nidar_ws/install/px4_msgs/include/px4_msgs/px4_msgs/msg/detail/mode_completed__functions.h\n'}
[17.440461] (px4_msgs) StdoutLine: {'line': b'-- Up-to-date: /home/subhalaxmi/nidar_ws/install/px4_msgs/include/px4_msgs/px4_msgs/msg/detail/orb_test__functions.c\n'}
[17.440676] (px4_msgs) StdoutLine: {'line': b'-- Up-to-date: /home/subhalaxmi/nidar_ws/install/px4_msgs/include/px4_msgs/px4_msgs/msg/detail/mission_result__functions.c\n'}
[17.440874] (px4_msgs) StdoutLine: {'line': b'-- Up-to-date: /home/subhalaxmi/nidar_ws/install/px4_msgs/include/px4_msgs/px4_msgs/msg/detail/debug_array__type_support.h\n'}
[17.441082] (px4_msgs) StdoutLine: {'line': b'-- Up-to-date: /home/subhalaxmi/nidar_ws/install/px4_msgs/include/px4_msgs/px4_msgs/msg/detail/sensor_uwb__struct.h\n'}
[17.441309] (px4_msgs) StdoutLine: {'line': b'-- Up-to-date: /home/subhalaxmi/nidar_ws/install/px4_msgs/include/px4_msgs/px4_msgs/msg/detail/irlock_report__type_support.h\n'}
[17.441506] (px4_msgs) StdoutLine: {'line': b'-- Up-to-date: /home/subhalaxmi/nidar_ws/install/px4_msgs/include/px4_msgs/px4_msgs/msg/detail/rate_ctrl_status__type_support.h\n'}
[17.441700] (px4_msgs) StdoutLine: {'line': b'-- Up-to-date: /home/subhalaxmi/nidar_ws/install/px4_msgs/include/px4_msgs/px4_msgs/msg/detail/pure_pursuit_status__functions.h\n'}
[17.441894] (px4_msgs) StdoutLine: {'line': b'-- Up-to-date: /home/subhalaxmi/nidar_ws/install/px4_msgs/include/px4_msgs/px4_msgs/msg/detail/landing_gear__functions.h\n'}
[17.442086] (px4_msgs) StdoutLine: {'line': b'-- Up-to-date: /home/subhalaxmi/nidar_ws/install/px4_msgs/include/px4_msgs/px4_msgs/msg/detail/rover_position_setpoint__struct.h\n'}
[17.443005] (px4_msgs) StdoutLine: {'line': b'-- Up-to-date: /home/subhalaxmi/nidar_ws/install/px4_msgs/include/px4_msgs/px4_msgs/msg/detail/telemetry_status__struct.h\n'}
[17.443586] (px4_msgs) StdoutLine: {'line': b'-- Up-to-date: /home/subhalaxmi/nidar_ws/install/px4_msgs/include/px4_msgs/px4_msgs/msg/detail/esc_report__type_support.h\n'}
[17.444191] (px4_msgs) StdoutLine: {'line': b'-- Up-to-date: /home/subhalaxmi/nidar_ws/install/px4_msgs/include/px4_msgs/px4_msgs/msg/detail/sensor_hygrometer__functions.h\n'}
[17.444888] (px4_msgs) StdoutLine: {'line': b'-- Up-to-date: /home/subhalaxmi/nidar_ws/install/px4_msgs/include/px4_msgs/px4_msgs/msg/detail/esc_report__functions.c\n'}
[17.446095] (px4_msgs) StdoutLine: {'line': b'-- Up-to-date: /home/subhalaxmi/nidar_ws/install/px4_msgs/include/px4_msgs/px4_msgs/msg/detail/debug_array__functions.c\n'}
[17.446670] (px4_msgs) StdoutLine: {'line': b'-- Up-to-date: /home/subhalaxmi/nidar_ws/install/px4_msgs/include/px4_msgs/px4_msgs/msg/detail/tune_control__functions.h\n'}
[17.446930] (px4_msgs) StdoutLine: {'line': b'-- Up-to-date: /home/subhalaxmi/nidar_ws/install/px4_msgs/include/px4_msgs/px4_msgs/msg/detail/rpm__type_support.h\n'}
[17.447211] (px4_msgs) StdoutLine: {'line': b'-- Up-to-date: /home/subhalaxmi/nidar_ws/install/px4_msgs/include/px4_msgs/px4_msgs/msg/detail/arming_check_request__struct.h\n'}
[17.448178] (px4_msgs) StdoutLine: {'line': b'-- Up-to-date: /home/subhalaxmi/nidar_ws/install/px4_msgs/include/px4_msgs/px4_msgs/msg/detail/fixed_wing_lateral_status__functions.c\n'}
[17.448547] (px4_msgs) StdoutLine: {'line': b'-- Up-to-date: /home/subhalaxmi/nidar_ws/install/px4_msgs/include/px4_msgs/px4_msgs/msg/detail/arming_check_request__type_support.h\n'}
[17.448782] (px4_msgs) StdoutLine: {'line': b'-- Up-to-date: /home/subhalaxmi/nidar_ws/install/px4_msgs/include/px4_msgs/px4_msgs/msg/detail/landing_gear__struct.h\n'}
[17.448999] (px4_msgs) StdoutLine: {'line': b'-- Up-to-date: /home/subhalaxmi/nidar_ws/install/px4_msgs/include/px4_msgs/px4_msgs/msg/detail/actuator_armed__type_support.h\n'}
[17.450365] (px4_msgs) StdoutLine: {'line': b'-- Up-to-date: /home/subhalaxmi/nidar_ws/install/px4_msgs/include/px4_msgs/px4_msgs/msg/detail/actuator_test__functions.h\n'}
[17.451355] (-) TimerEvent: {}
[17.451857] (px4_msgs) StdoutLine: {'line': b'-- Up-to-date: /home/subhalaxmi/nidar_ws/install/px4_msgs/include/px4_msgs/px4_msgs/msg/detail/vtol_vehicle_status__functions.h\n'}
[17.452706] (px4_msgs) StdoutLine: {'line': b'-- Up-to-date: /home/subhalaxmi/nidar_ws/install/px4_msgs/include/px4_msgs/px4_msgs/msg/detail/estimator_aid_source1d__functions.h\n'}
[17.454048] (px4_msgs) StdoutLine: {'line': b'-- Up-to-date: /home/subhalaxmi/nidar_ws/install/px4_msgs/include/px4_msgs/px4_msgs/msg/detail/device_information__struct.h\n'}
[17.454526] (px4_msgs) StdoutLine: {'line': b'-- Up-to-date: /home/subhalaxmi/nidar_ws/install/px4_msgs/include/px4_msgs/px4_msgs/msg/detail/distance_sensor_mode_change_request__functions.h\n'}
[17.454807] (px4_msgs) StdoutLine: {'line': b'-- Up-to-date: /home/subhalaxmi/nidar_ws/install/px4_msgs/include/px4_msgs/px4_msgs/msg/detail/airspeed__struct.h\n'}
[17.455043] (px4_msgs) StdoutLine: {'line': b'-- Up-to-date: /home/subhalaxmi/nidar_ws/install/px4_msgs/include/px4_msgs/px4_msgs/msg/detail/vehicle_air_data__functions.c\n'}
[17.455288] (px4_msgs) StdoutLine: {'line': b'-- Up-to-date: /home/subhalaxmi/nidar_ws/install/px4_msgs/include/px4_msgs/px4_msgs/msg/detail/sensor_gnss_status__functions.h\n'}
[17.455515] (px4_msgs) StdoutLine: {'line': b'-- Up-to-date: /home/subhalaxmi/nidar_ws/install/px4_msgs/include/px4_msgs/px4_msgs/msg/detail/failure_detector_status__functions.c\n'}
[17.455775] (px4_msgs) StdoutLine: {'line': b'-- Up-to-date: /home/subhalaxmi/nidar_ws/install/px4_msgs/include/px4_msgs/px4_msgs/msg/detail/failsafe_flags__type_support.h\n'}
[17.456002] (px4_msgs) StdoutLine: {'line': b'-- Up-to-date: /home/subhalaxmi/nidar_ws/install/px4_msgs/include/px4_msgs/px4_msgs/msg/detail/vehicle_angular_acceleration_setpoint__type_support.h\n'}
[17.456248] (px4_msgs) StdoutLine: {'line': b'-- Up-to-date: /home/subhalaxmi/nidar_ws/install/px4_msgs/include/px4_msgs/px4_msgs/msg/detail/estimator_sensor_bias__struct.h\n'}
[17.456465] (px4_msgs) StdoutLine: {'line': b'-- Up-to-date: /home/subhalaxmi/nidar_ws/install/px4_msgs/include/px4_msgs/px4_msgs/msg/detail/dataman_response__functions.c\n'}
[17.456656] (px4_msgs) StdoutLine: {'line': b'-- Up-to-date: /home/subhalaxmi/nidar_ws/install/px4_msgs/include/px4_msgs/px4_msgs/msg/detail/sensors_status__functions.c\n'}
[17.456918] (px4_msgs) StdoutLine: {'line': b'-- Up-to-date: /home/subhalaxmi/nidar_ws/install/px4_msgs/include/px4_msgs/px4_msgs/msg/detail/offboard_control_mode__struct.h\n'}
[17.457132] (px4_msgs) StdoutLine: {'line': b'-- Up-to-date: /home/subhalaxmi/nidar_ws/install/px4_msgs/include/px4_msgs/px4_msgs/msg/detail/camera_status__type_support.h\n'}
[17.457357] (px4_msgs) StdoutLine: {'line': b'-- Up-to-date: /home/subhalaxmi/nidar_ws/install/px4_msgs/include/px4_msgs/px4_msgs/msg/detail/ulog_stream__struct.h\n'}
[17.457550] (px4_msgs) StdoutLine: {'line': b'-- Up-to-date: /home/subhalaxmi/nidar_ws/install/px4_msgs/include/px4_msgs/px4_msgs/msg/detail/iridiumsbd_status__struct.h\n'}
[17.457744] (px4_msgs) StdoutLine: {'line': b'-- Up-to-date: /home/subhalaxmi/nidar_ws/install/px4_msgs/include/px4_msgs/px4_msgs/msg/detail/rover_attitude_setpoint__functions.c\n'}
[17.458864] (px4_msgs) StdoutLine: {'line': b'-- Up-to-date: /home/subhalaxmi/nidar_ws/install/px4_msgs/include/px4_msgs/px4_msgs/msg/detail/vehicle_command_ack__functions.h\n'}
[17.459661] (px4_msgs) StdoutLine: {'line': b'-- Up-to-date: /home/subhalaxmi/nidar_ws/install/px4_msgs/include/px4_msgs/px4_msgs/msg/detail/debug_value__functions.h\n'}
[17.459897] (px4_msgs) StdoutLine: {'line': b'-- Up-to-date: /home/subhalaxmi/nidar_ws/install/px4_msgs/include/px4_msgs/px4_msgs/msg/detail/neural_control__struct.h\n'}
[17.460095] (px4_msgs) StdoutLine: {'line': b'-- Up-to-date: /home/subhalaxmi/nidar_ws/install/px4_msgs/include/px4_msgs/px4_msgs/msg/detail/takeoff_status__functions.h\n'}
[17.460347] (px4_msgs) StdoutLine: {'line': b'-- Up-to-date: /home/subhalaxmi/nidar_ws/install/px4_msgs/include/px4_msgs/px4_msgs/msg/detail/vehicle_torque_setpoint__type_support.h\n'}
[17.460545] (px4_msgs) StdoutLine: {'line': b'-- Up-to-date: /home/subhalaxmi/nidar_ws/install/px4_msgs/include/px4_msgs/px4_msgs/msg/detail/position_controller_status__type_support.h\n'}
[17.460782] (px4_msgs) StdoutLine: {'line': b'-- Up-to-date: /home/subhalaxmi/nidar_ws/install/px4_msgs/include/px4_msgs/px4_msgs/msg/detail/failsafe_flags__struct.h\n'}
[17.460972] (px4_msgs) StdoutLine: {'line': b'-- Up-to-date: /home/subhalaxmi/nidar_ws/install/px4_msgs/include/px4_msgs/px4_msgs/msg/detail/event__type_support.h\n'}
[17.461178] (px4_msgs) StdoutLine: {'line': b'-- Up-to-date: /home/subhalaxmi/nidar_ws/install/px4_msgs/include/px4_msgs/px4_msgs/msg/detail/estimator_aid_source3d__functions.h\n'}
[17.461380] (px4_msgs) StdoutLine: {'line': b'-- Up-to-date: /home/subhalaxmi/nidar_ws/install/px4_msgs/include/px4_msgs/px4_msgs/msg/detail/heater_status__functions.c\n'}
[17.461568] (px4_msgs) StdoutLine: {'line': b'-- Up-to-date: /home/subhalaxmi/nidar_ws/install/px4_msgs/include/px4_msgs/px4_msgs/msg/detail/camera_trigger__type_support.h\n'}
[17.461781] (px4_msgs) StdoutLine: {'line': b'-- Up-to-date: /home/subhalaxmi/nidar_ws/install/px4_msgs/include/px4_msgs/px4_msgs/msg/detail/qshell_retval__struct.h\n'}
[17.462310] (px4_msgs) StdoutLine: {'line': b'-- Up-to-date: /home/subhalaxmi/nidar_ws/install/px4_msgs/include/px4_msgs/px4_msgs/msg/detail/vehicle_attitude_setpoint__functions.h\n'}
[17.462523] (px4_msgs) StdoutLine: {'line': b'-- Up-to-date: /home/subhalaxmi/nidar_ws/install/px4_msgs/include/px4_msgs/px4_msgs/msg/detail/airspeed__functions.h\n'}
[17.462719] (px4_msgs) StdoutLine: {'line': b'-- Up-to-date: /home/subhalaxmi/nidar_ws/install/px4_msgs/include/px4_msgs/px4_msgs/msg/detail/vehicle_command_ack__functions.c\n'}
[17.463037] (px4_msgs) StdoutLine: {'line': b'-- Up-to-date: /home/subhalaxmi/nidar_ws/install/px4_msgs/include/px4_msgs/px4_msgs/msg/detail/power_button_state__functions.c\n'}
[17.463806] (px4_msgs) StdoutLine: {'line': b'-- Up-to-date: /home/subhalaxmi/nidar_ws/install/px4_msgs/include/px4_msgs/px4_msgs/msg/detail/vehicle_air_data__functions.h\n'}
[17.464292] (px4_msgs) StdoutLine: {'line': b'-- Up-to-date: /home/subhalaxmi/nidar_ws/install/px4_msgs/include/px4_msgs/px4_msgs/msg/detail/fuel_tank_status__functions.c\n'}
[17.464520] (px4_msgs) StdoutLine: {'line': b'-- Up-to-date: /home/subhalaxmi/nidar_ws/install/px4_msgs/include/px4_msgs/px4_msgs/msg/detail/velocity_limits__type_support.h\n'}
[17.464717] (px4_msgs) StdoutLine: {'line': b'-- Up-to-date: /home/subhalaxmi/nidar_ws/install/px4_msgs/include/px4_msgs/px4_msgs/msg/detail/vehicle_control_mode__functions.c\n'}
[17.464909] (px4_msgs) StdoutLine: {'line': b'-- Up-to-date: /home/subhalaxmi/nidar_ws/install/px4_msgs/include/px4_msgs/px4_msgs/msg/detail/sensor_gyro_fft__functions.h\n'}
[17.465129] (px4_msgs) StdoutLine: {'line': b'-- Up-to-date: /home/subhalaxmi/nidar_ws/install/px4_msgs/include/px4_msgs/px4_msgs/msg/detail/fixed_wing_lateral_guidance_status__functions.h\n'}
[17.465362] (px4_msgs) StdoutLine: {'line': b'-- Up-to-date: /home/subhalaxmi/nidar_ws/install/px4_msgs/include/px4_msgs/px4_msgs/msg/detail/ulog_stream__functions.h\n'}
[17.465850] (px4_msgs) StdoutLine: {'line': b'-- Up-to-date: /home/subhalaxmi/nidar_ws/install/px4_msgs/include/px4_msgs/px4_msgs/msg/detail/position_controller_landing_status__functions.c\n'}
[17.466459] (px4_msgs) StdoutLine: {'line': b'-- Up-to-date: /home/subhalaxmi/nidar_ws/install/px4_msgs/include/px4_msgs/px4_msgs/msg/detail/vtol_vehicle_status__type_support.h\n'}
[17.466751] (px4_msgs) StdoutLine: {'line': b'-- Up-to-date: /home/subhalaxmi/nidar_ws/install/px4_msgs/include/px4_msgs/px4_msgs/msg/detail/battery_status__type_support.h\n'}
[17.466991] (px4_msgs) StdoutLine: {'line': b'-- Up-to-date: /home/subhalaxmi/nidar_ws/install/px4_msgs/include/px4_msgs/px4_msgs/msg/detail/position_controller_status__functions.h\n'}
[17.467433] (px4_msgs) StdoutLine: {'line': b'-- Up-to-date: /home/subhalaxmi/nidar_ws/install/px4_msgs/include/px4_msgs/px4_msgs/msg/detail/vehicle_rates_setpoint__functions.c\n'}
[17.467668] (px4_msgs) StdoutLine: {'line': b'-- Up-to-date: /home/subhalaxmi/nidar_ws/install/px4_msgs/include/px4_msgs/px4_msgs/msg/detail/estimator_status__functions.h\n'}
[17.468681] (px4_msgs) StdoutLine: {'line': b'-- Up-to-date: /home/subhalaxmi/nidar_ws/install/px4_msgs/include/px4_msgs/px4_msgs/msg/detail/logger_status__type_support.h\n'}
[17.469538] (px4_msgs) StdoutLine: {'line': b'-- Up-to-date: /home/subhalaxmi/nidar_ws/install/px4_msgs/include/px4_msgs/px4_msgs/msg/detail/sensor_selection__functions.c\n'}
[17.470279] (px4_msgs) StdoutLine: {'line': b'-- Up-to-date: /home/subhalaxmi/nidar_ws/install/px4_msgs/include/px4_msgs/px4_msgs/msg/detail/vtol_vehicle_status__functions.c\n'}
[17.471204] (px4_msgs) StdoutLine: {'line': b'-- Up-to-date: /home/subhalaxmi/nidar_ws/install/px4_msgs/include/px4_msgs/px4_msgs/msg/detail/home_position__struct.h\n'}
[17.471808] (px4_msgs) StdoutLine: {'line': b'-- Up-to-date: /home/subhalaxmi/nidar_ws/install/px4_msgs/include/px4_msgs/px4_msgs/msg/detail/tecs_status__functions.h\n'}
[17.472911] (px4_msgs) StdoutLine: {'line': b'-- Up-to-date: /home/subhalaxmi/nidar_ws/install/px4_msgs/include/px4_msgs/px4_msgs/msg/detail/estimator_sensor_bias__type_support.h\n'}
[17.474416] (px4_msgs) StdoutLine: {'line': b'-- Up-to-date: /home/subhalaxmi/nidar_ws/install/px4_msgs/include/px4_msgs/px4_msgs/msg/detail/gain_compression__functions.c\n'}
[17.475244] (px4_msgs) StdoutLine: {'line': b'-- Up-to-date: /home/subhalaxmi/nidar_ws/install/px4_msgs/include/px4_msgs/px4_msgs/msg/detail/sensor_gyro__functions.c\n'}
[17.475736] (px4_msgs) StdoutLine: {'line': b'-- Up-to-date: /home/subhalaxmi/nidar_ws/install/px4_msgs/include/px4_msgs/px4_msgs/msg/detail/qshell_retval__functions.h\n'}
[17.476416] (px4_msgs) StdoutLine: {'line': b'-- Up-to-date: /home/subhalaxmi/nidar_ws/install/px4_msgs/include/px4_msgs/px4_msgs/msg/detail/power_monitor__struct.h\n'}
[17.477222] (px4_msgs) StdoutLine: {'line': b'-- Up-to-date: /home/subhalaxmi/nidar_ws/install/px4_msgs/include/px4_msgs/px4_msgs/msg/detail/uavcan_parameter_request__functions.h\n'}
[17.480238] (px4_msgs) StdoutLine: {'line': b'-- Up-to-date: /home/subhalaxmi/nidar_ws/install/px4_msgs/include/px4_msgs/px4_msgs/msg/detail/estimator_bias__type_support.h\n'}
[17.481391] (px4_msgs) StdoutLine: {'line': b'-- Up-to-date: /home/subhalaxmi/nidar_ws/install/px4_msgs/include/px4_msgs/px4_msgs/msg/detail/can_interface_status__type_support.h\n'}
[17.482919] (px4_msgs) StdoutLine: {'line': b'-- Up-to-date: /home/subhalaxmi/nidar_ws/install/px4_msgs/include/px4_msgs/px4_msgs/msg/detail/goto_setpoint__type_support.h\n'}
[17.483383] (px4_msgs) StdoutLine: {'line': b'-- Up-to-date: /home/subhalaxmi/nidar_ws/install/px4_msgs/include/px4_msgs/px4_msgs/msg/detail/logger_status__functions.c\n'}
[17.483604] (px4_msgs) StdoutLine: {'line': b'-- Up-to-date: /home/subhalaxmi/nidar_ws/install/px4_msgs/include/px4_msgs/px4_msgs/msg/detail/position_controller_status__struct.h\n'}
[17.483801] (px4_msgs) StdoutLine: {'line': b'-- Up-to-date: /home/subhalaxmi/nidar_ws/install/px4_msgs/include/px4_msgs/px4_msgs/msg/detail/device_information__functions.h\n'}
[17.484012] (px4_msgs) StdoutLine: {'line': b'-- Up-to-date: /home/subhalaxmi/nidar_ws/install/px4_msgs/include/px4_msgs/px4_msgs/msg/detail/trajectory_setpoint6dof__functions.c\n'}
[17.484244] (px4_msgs) StdoutLine: {'line': b'-- Up-to-date: /home/subhalaxmi/nidar_ws/install/px4_msgs/include/px4_msgs/px4_msgs/msg/detail/geofence_result__struct.h\n'}
[17.484742] (px4_msgs) StdoutLine: {'line': b'-- Up-to-date: /home/subhalaxmi/nidar_ws/install/px4_msgs/include/px4_msgs/px4_msgs/msg/detail/raptor_input__functions.h\n'}
[17.485815] (px4_msgs) StdoutLine: {'line': b'-- Up-to-date: /home/subhalaxmi/nidar_ws/install/px4_msgs/include/px4_msgs/px4_msgs/msg/detail/rtl_status__type_support.h\n'}
[17.486063] (px4_msgs) StdoutLine: {'line': b'-- Up-to-date: /home/subhalaxmi/nidar_ws/install/px4_msgs/include/px4_msgs/px4_msgs/msg/detail/trajectory_setpoint__functions.h\n'}
[17.486320] (px4_msgs) StdoutLine: {'line': b'-- Up-to-date: /home/subhalaxmi/nidar_ws/install/px4_msgs/include/px4_msgs/px4_msgs/msg/detail/launch_detection_status__type_support.h\n'}
[17.486536] (px4_msgs) StdoutLine: {'line': b'-- Up-to-date: /home/subhalaxmi/nidar_ws/install/px4_msgs/include/px4_msgs/px4_msgs/msg/detail/ulog_stream__functions.c\n'}
[17.486733] (px4_msgs) StdoutLine: {'line': b'-- Up-to-date: /home/subhalaxmi/nidar_ws/install/px4_msgs/include/px4_msgs/px4_msgs/msg/detail/actuator_outputs__functions.h\n'}
[17.486924] (px4_msgs) StdoutLine: {'line': b'-- Up-to-date: /home/subhalaxmi/nidar_ws/install/px4_msgs/include/px4_msgs/px4_msgs/msg/detail/ulog_stream_ack__functions.h\n'}
[17.487122] (px4_msgs) StdoutLine: {'line': b'-- Up-to-date: /home/subhalaxmi/nidar_ws/install/px4_msgs/include/px4_msgs/px4_msgs/msg/detail/navigator_mission_item__functions.h\n'}
[17.487335] (px4_msgs) StdoutLine: {'line': b'-- Up-to-date: /home/subhalaxmi/nidar_ws/install/px4_msgs/include/px4_msgs/px4_msgs/msg/detail/vehicle_roi__struct.h\n'}
[17.487525] (px4_msgs) StdoutLine: {'line': b'-- Up-to-date: /home/subhalaxmi/nidar_ws/install/px4_msgs/include/px4_msgs/px4_msgs/msg/detail/position_controller_landing_status__functions.h\n'}
[17.487712] (px4_msgs) StdoutLine: {'line': b'-- Up-to-date: /home/subhalaxmi/nidar_ws/install/px4_msgs/include/px4_msgs/px4_msgs/msg/detail/actuator_armed__struct.h\n'}
[17.487906] (px4_msgs) StdoutLine: {'line': b'-- Up-to-date: /home/subhalaxmi/nidar_ws/install/px4_msgs/include/px4_msgs/px4_msgs/msg/detail/actuator_test__struct.h\n'}
[17.488097] (px4_msgs) StdoutLine: {'line': b'-- Up-to-date: /home/subhalaxmi/nidar_ws/install/px4_msgs/include/px4_msgs/px4_msgs/msg/detail/log_message__struct.h\n'}
[17.489269] (px4_msgs) StdoutLine: {'line': b'-- Up-to-date: /home/subhalaxmi/nidar_ws/install/px4_msgs/include/px4_msgs/px4_msgs/msg/detail/unregister_ext_component__type_support.h\n'}
[17.489883] (px4_msgs) StdoutLine: {'line': b'-- Up-to-date: /home/subhalaxmi/nidar_ws/install/px4_msgs/include/px4_msgs/px4_msgs/msg/detail/vehicle_command__type_support.h\n'}
[17.490480] (px4_msgs) StdoutLine: {'line': b'-- Up-to-date: /home/subhalaxmi/nidar_ws/install/px4_msgs/include/px4_msgs/px4_msgs/msg/detail/vehicle_rates_setpoint__type_support.h\n'}
[17.491077] (px4_msgs) StdoutLine: {'line': b'-- Up-to-date: /home/subhalaxmi/nidar_ws/install/px4_msgs/include/px4_msgs/px4_msgs/msg/detail/vehicle_attitude_setpoint__type_support.h\n'}
[17.491667] (px4_msgs) StdoutLine: {'line': b'-- Up-to-date: /home/subhalaxmi/nidar_ws/install/px4_msgs/include/px4_msgs/px4_msgs/msg/detail/vehicle_global_position__functions.h\n'}
[17.492066] (px4_msgs) StdoutLine: {'line': b'-- Up-to-date: /home/subhalaxmi/nidar_ws/install/px4_msgs/include/px4_msgs/px4_msgs/msg/detail/tecs_status__type_support.h\n'}
[17.492311] (px4_msgs) StdoutLine: {'line': b'-- Up-to-date: /home/subhalaxmi/nidar_ws/install/px4_msgs/include/px4_msgs/px4_msgs/msg/detail/sensor_gps__type_support.h\n'}
[17.492520] (px4_msgs) StdoutLine: {'line': b'-- Up-to-date: /home/subhalaxmi/nidar_ws/install/px4_msgs/include/px4_msgs/px4_msgs/msg/detail/adc_report__type_support.h\n'}
[17.492734] (px4_msgs) StdoutLine: {'line': b'-- Up-to-date: /home/subhalaxmi/nidar_ws/install/px4_msgs/include/px4_msgs/px4_msgs/msg/detail/follow_target__functions.c\n'}
[17.492930] (px4_msgs) StdoutLine: {'line': b'-- Up-to-date: /home/subhalaxmi/nidar_ws/install/px4_msgs/include/px4_msgs/px4_msgs/msg/detail/rover_speed_setpoint__type_support.h\n'}
[17.493162] (px4_msgs) StdoutLine: {'line': b'-- Up-to-date: /home/subhalaxmi/nidar_ws/install/px4_msgs/include/px4_msgs/px4_msgs/msg/detail/gpio_in__struct.h\n'}
[17.494238] (px4_msgs) StdoutLine: {'line': b'-- Up-to-date: /home/subhalaxmi/nidar_ws/install/px4_msgs/include/px4_msgs/px4_msgs/msg/detail/mavlink_log__struct.h\n'}
[17.495836] (px4_msgs) StdoutLine: {'line': b'-- Up-to-date: /home/subhalaxmi/nidar_ws/install/px4_msgs/include/px4_msgs/px4_msgs/msg/detail/fuel_tank_status__struct.h\n'}
[17.496446] (px4_msgs) StdoutLine: {'line': b'-- Up-to-date: /home/subhalaxmi/nidar_ws/install/px4_msgs/include/px4_msgs/px4_msgs/msg/detail/uavcan_parameter_value__functions.h\n'}
[17.496996] (px4_msgs) StdoutLine: {'line': b'-- Up-to-date: /home/subhalaxmi/nidar_ws/install/px4_msgs/include/px4_msgs/px4_msgs/msg/detail/estimator_bias__functions.h\n'}
[17.497282] (px4_msgs) StdoutLine: {'line': b'-- Up-to-date: /home/subhalaxmi/nidar_ws/install/px4_msgs/include/px4_msgs/px4_msgs/msg/detail/fixed_wing_lateral_guidance_status__functions.c\n'}
[17.497542] (px4_msgs) StdoutLine: {'line': b'-- Up-to-date: /home/subhalaxmi/nidar_ws/install/px4_msgs/include/px4_msgs/px4_msgs/msg/detail/distance_sensor__type_support.h\n'}
[17.497772] (px4_msgs) StdoutLine: {'line': b'-- Up-to-date: /home/subhalaxmi/nidar_ws/install/px4_msgs/include/px4_msgs/px4_msgs/msg/detail/goto_setpoint__functions.h\n'}
[17.497985] (px4_msgs) StdoutLine: {'line': b'-- Up-to-date: /home/subhalaxmi/nidar_ws/install/px4_msgs/include/px4_msgs/px4_msgs/msg/detail/vehicle_status__functions.h\n'}
[17.498521] (px4_msgs) StdoutLine: {'line': b'-- Up-to-date: /home/subhalaxmi/nidar_ws/install/px4_msgs/include/px4_msgs/px4_msgs/msg/detail/open_drone_id_operator_id__struct.h\n'}
[17.498813] (px4_msgs) StdoutLine: {'line': b'-- Up-to-date: /home/subhalaxmi/nidar_ws/install/px4_msgs/include/px4_msgs/px4_msgs/msg/detail/gpio_out__type_support.h\n'}
[17.499017] (px4_msgs) StdoutLine: {'line': b'-- Up-to-date: /home/subhalaxmi/nidar_ws/install/px4_msgs/include/px4_msgs/px4_msgs/msg/detail/gripper__functions.h\n'}
[17.499261] (px4_msgs) StdoutLine: {'line': b'-- Up-to-date: /home/subhalaxmi/nidar_ws/install/px4_msgs/include/px4_msgs/px4_msgs/msg/detail/gain_compression__type_support.h\n'}
[17.499470] (px4_msgs) StdoutLine: {'line': b'-- Up-to-date: /home/subhalaxmi/nidar_ws/install/px4_msgs/include/px4_msgs/px4_msgs/msg/detail/ulog_stream_ack__type_support.h\n'}
[17.499672] (px4_msgs) StdoutLine: {'line': b'-- Up-to-date: /home/subhalaxmi/nidar_ws/install/px4_msgs/include/px4_msgs/px4_msgs/msg/detail/follow_target_status__functions.c\n'}
[17.499869] (px4_msgs) StdoutLine: {'line': b'-- Up-to-date: /home/subhalaxmi/nidar_ws/install/px4_msgs/include/px4_msgs/px4_msgs/msg/detail/obstacle_distance__functions.c\n'}
[17.500057] (px4_msgs) StdoutLine: {'line': b'-- Up-to-date: /home/subhalaxmi/nidar_ws/install/px4_msgs/include/px4_msgs/px4_msgs/msg/detail/sensors_status__functions.h\n'}
[17.500975] (px4_msgs) StdoutLine: {'line': b'-- Up-to-date: /home/subhalaxmi/nidar_ws/install/px4_msgs/include/px4_msgs/px4_msgs/msg/detail/navigator_mission_item__struct.h\n'}
[17.501412] (px4_msgs) StdoutLine: {'line': b'-- Up-to-date: /home/subhalaxmi/nidar_ws/install/px4_msgs/include/px4_msgs/px4_msgs/msg/detail/sensor_gps__functions.h\n'}
[17.501653] (px4_msgs) StdoutLine: {'line': b'-- Up-to-date: /home/subhalaxmi/nidar_ws/install/px4_msgs/include/px4_msgs/px4_msgs/msg/detail/goto_setpoint__functions.c\n'}
[17.501893] (px4_msgs) StdoutLine: {'line': b'-- Up-to-date: /home/subhalaxmi/nidar_ws/install/px4_msgs/include/px4_msgs/px4_msgs/msg/detail/parameter_set_used_request__functions.h\n'}
[17.502186] (px4_msgs) StdoutLine: {'line': b'-- Up-to-date: /home/subhalaxmi/nidar_ws/install/px4_msgs/include/px4_msgs/px4_msgs/msg/detail/rc_parameter_map__functions.c\n'}
[17.502811] (px4_msgs) StdoutLine: {'line': b'-- Up-to-date: /home/subhalaxmi/nidar_ws/install/px4_msgs/include/px4_msgs/px4_msgs/msg/detail/rtl_status__functions.c\n'}
[17.504040] (px4_msgs) StdoutLine: {'line': b'-- Up-to-date: /home/subhalaxmi/nidar_ws/install/px4_msgs/include/px4_msgs/px4_msgs/msg/detail/sensors_status_imu__functions.h\n'}
[17.505507] (px4_msgs) StdoutLine: {'line': b'-- Up-to-date: /home/subhalaxmi/nidar_ws/install/px4_msgs/include/px4_msgs/px4_msgs/msg/detail/sensor_combined__functions.c\n'}
[17.505742] (px4_msgs) StdoutLine: {'line': b'-- Up-to-date: /home/subhalaxmi/nidar_ws/install/px4_msgs/include/px4_msgs/px4_msgs/msg/detail/vehicle_optical_flow__functions.c\n'}
[17.505947] (px4_msgs) StdoutLine: {'line': b'-- Up-to-date: /home/subhalaxmi/nidar_ws/install/px4_msgs/include/px4_msgs/px4_msgs/msg/detail/sensor_uwb__functions.c\n'}
[17.506159] (px4_msgs) StdoutLine: {'line': b'-- Up-to-date: /home/subhalaxmi/nidar_ws/install/px4_msgs/include/px4_msgs/px4_msgs/msg/detail/uavcan_parameter_request__type_support.h\n'}
[17.506384] (px4_msgs) StdoutLine: {'line': b'-- Up-to-date: /home/subhalaxmi/nidar_ws/install/px4_msgs/include/px4_msgs/px4_msgs/msg/detail/autotune_attitude_control_status__struct.h\n'}
[17.506581] (px4_msgs) StdoutLine: {'line': b'-- Up-to-date: /home/subhalaxmi/nidar_ws/install/px4_msgs/include/px4_msgs/px4_msgs/msg/detail/mavlink_log__functions.c\n'}
[17.506774] (px4_msgs) StdoutLine: {'line': b'-- Up-to-date: /home/subhalaxmi/nidar_ws/install/px4_msgs/include/px4_msgs/px4_msgs/msg/detail/vtx__type_support.h\n'}
[17.506971] (px4_msgs) StdoutLine: {'line': b'-- Up-to-date: /home/subhalaxmi/nidar_ws/install/px4_msgs/include/px4_msgs/px4_msgs/msg/detail/vehicle_local_position_setpoint__struct.h\n'}
[17.507835] (px4_msgs) StdoutLine: {'line': b'-- Up-to-date: /home/subhalaxmi/nidar_ws/install/px4_msgs/include/px4_msgs/px4_msgs/msg/detail/rover_throttle_setpoint__functions.c\n'}
[17.508213] (px4_msgs) StdoutLine: {'line': b'-- Up-to-date: /home/subhalaxmi/nidar_ws/install/px4_msgs/include/px4_msgs/px4_msgs/msg/detail/pps_capture__functions.h\n'}
[17.508590] (px4_msgs) StdoutLine: {'line': b'-- Up-to-date: /home/subhalaxmi/nidar_ws/install/px4_msgs/include/px4_msgs/px4_msgs/msg/detail/esc_report__struct.h\n'}
[17.509772] (px4_msgs) StdoutLine: {'line': b'-- Up-to-date: /home/subhalaxmi/nidar_ws/install/px4_msgs/include/px4_msgs/px4_msgs/msg/detail/wind__type_support.h\n'}
[17.510426] (px4_msgs) StdoutLine: {'line': b'-- Up-to-date: /home/subhalaxmi/nidar_ws/install/px4_msgs/include/px4_msgs/px4_msgs/msg/detail/vehicle_torque_setpoint__struct.h\n'}
[17.511345] (px4_msgs) StdoutLine: {'line': b'-- Up-to-date: /home/subhalaxmi/nidar_ws/install/px4_msgs/include/px4_msgs/px4_msgs/msg/detail/rover_attitude_setpoint__functions.h\n'}
[17.512279] (px4_msgs) StdoutLine: {'line': b'-- Up-to-date: /home/subhalaxmi/nidar_ws/install/px4_msgs/include/px4_msgs/px4_msgs/msg/detail/landing_target_pose__type_support.h\n'}
[17.512431] (px4_msgs) StdoutLine: {'line': b'-- Up-to-date: /home/subhalaxmi/nidar_ws/install/px4_msgs/include/px4_msgs/px4_msgs/msg/detail/pps_capture__struct.h\n'}
[17.512563] (px4_msgs) StdoutLine: {'line': b'-- Up-to-date: /home/subhalaxmi/nidar_ws/install/px4_msgs/include/px4_msgs/px4_msgs/msg/detail/landing_target_pose__functions.h\n'}
[17.512707] (px4_msgs) StdoutLine: {'line': b'-- Up-to-date: /home/subhalaxmi/nidar_ws/install/px4_msgs/include/px4_msgs/px4_msgs/msg/detail/debug_key_value__functions.c\n'}
[17.512890] (px4_msgs) StdoutLine: {'line': b'-- Up-to-date: /home/subhalaxmi/nidar_ws/install/px4_msgs/include/px4_msgs/px4_msgs/msg/detail/health_report__type_support.h\n'}
[17.513491] (px4_msgs) StdoutLine: {'line': b'-- Up-to-date: /home/subhalaxmi/nidar_ws/install/px4_msgs/include/px4_msgs/px4_msgs/msg/detail/cellular_status__functions.c\n'}
[17.513805] (px4_msgs) StdoutLine: {'line': b'-- Up-to-date: /home/subhalaxmi/nidar_ws/install/px4_msgs/include/px4_msgs/px4_msgs/msg/detail/longitudinal_control_configuration__functions.c\n'}
[17.514303] (px4_msgs) StdoutLine: {'line': b'-- Up-to-date: /home/subhalaxmi/nidar_ws/install/px4_msgs/include/px4_msgs/px4_msgs/msg/detail/gps_dump__struct.h\n'}
[17.514512] (px4_msgs) StdoutLine: {'line': b'-- Up-to-date: /home/subhalaxmi/nidar_ws/install/px4_msgs/include/px4_msgs/px4_msgs/msg/detail/pure_pursuit_status__functions.c\n'}
[17.514697] (px4_msgs) StdoutLine: {'line': b'-- Up-to-date: /home/subhalaxmi/nidar_ws/install/px4_msgs/include/px4_msgs/px4_msgs/msg/detail/estimator_aid_source1d__type_support.h\n'}
[17.514874] (px4_msgs) StdoutLine: {'line': b'-- Up-to-date: /home/subhalaxmi/nidar_ws/install/px4_msgs/include/px4_msgs/px4_msgs/msg/detail/sensor_combined__struct.h\n'}
[17.515051] (px4_msgs) StdoutLine: {'line': b'-- Up-to-date: /home/subhalaxmi/nidar_ws/install/px4_msgs/include/px4_msgs/px4_msgs/msg/detail/irlock_report__struct.h\n'}
[17.515585] (px4_msgs) StdoutLine: {'line': b'-- Up-to-date: /home/subhalaxmi/nidar_ws/install/px4_msgs/include/px4_msgs/px4_msgs/msg/detail/uavcan_parameter_value__type_support.h\n'}
[17.515810] (px4_msgs) StdoutLine: {'line': b'-- Up-to-date: /home/subhalaxmi/nidar_ws/install/px4_msgs/include/px4_msgs/px4_msgs/msg/detail/vehicle_global_position__type_support.h\n'}
[17.516000] (px4_msgs) StdoutLine: {'line': b'-- Up-to-date: /home/subhalaxmi/nidar_ws/install/px4_msgs/include/px4_msgs/px4_msgs/msg/detail/sensor_baro__struct.h\n'}
[17.516214] (px4_msgs) StdoutLine: {'line': b'-- Up-to-date: /home/subhalaxmi/nidar_ws/install/px4_msgs/include/px4_msgs/px4_msgs/msg/detail/telemetry_status__functions.h\n'}
[17.516410] (px4_msgs) StdoutLine: {'line': b'-- Up-to-date: /home/subhalaxmi/nidar_ws/install/px4_msgs/include/px4_msgs/px4_msgs/msg/detail/vtx__functions.h\n'}
[17.516600] (px4_msgs) StdoutLine: {'line': b'-- Up-to-date: /home/subhalaxmi/nidar_ws/install/px4_msgs/include/px4_msgs/px4_msgs/msg/detail/ulog_stream__type_support.h\n'}
[17.516805] (px4_msgs) StdoutLine: {'line': b'-- Up-to-date: /home/subhalaxmi/nidar_ws/install/px4_msgs/include/px4_msgs/px4_msgs/msg/detail/trajectory_setpoint__type_support.h\n'}
[17.517004] (px4_msgs) StdoutLine: {'line': b'-- Up-to-date: /home/subhalaxmi/nidar_ws/install/px4_msgs/include/px4_msgs/px4_msgs/msg/detail/sensor_accel__functions.c\n'}
[17.517233] (px4_msgs) StdoutLine: {'line': b'-- Up-to-date: /home/subhalaxmi/nidar_ws/install/px4_msgs/include/px4_msgs/px4_msgs/msg/detail/vehicle_global_position__functions.c\n'}
[17.517734] (px4_msgs) StdoutLine: {'line': b'-- Up-to-date: /home/subhalaxmi/nidar_ws/install/px4_msgs/include/px4_msgs/px4_msgs/msg/detail/input_rc__type_support.h\n'}
[17.517939] (px4_msgs) StdoutLine: {'line': b'-- Up-to-date: /home/subhalaxmi/nidar_ws/install/px4_msgs/include/px4_msgs/px4_msgs/msg/detail/vtol_vehicle_status__struct.h\n'}
[17.518490] (px4_msgs) StdoutLine: {'line': b'-- Up-to-date: /home/subhalaxmi/nidar_ws/install/px4_msgs/include/px4_msgs/px4_msgs/msg/detail/lateral_control_configuration__functions.h\n'}
[17.518706] (px4_msgs) StdoutLine: {'line': b'-- Up-to-date: /home/subhalaxmi/nidar_ws/install/px4_msgs/include/px4_msgs/px4_msgs/msg/detail/raptor_status__functions.c\n'}
[17.518899] (px4_msgs) StdoutLine: {'line': b'-- Up-to-date: /home/subhalaxmi/nidar_ws/install/px4_msgs/include/px4_msgs/px4_msgs/msg/detail/estimator_status_flags__functions.h\n'}
[17.519082] (px4_msgs) StdoutLine: {'line': b'-- Up-to-date: /home/subhalaxmi/nidar_ws/install/px4_msgs/include/px4_msgs/px4_msgs/msg/detail/sensor_optical_flow__type_support.h\n'}
[17.519297] (px4_msgs) StdoutLine: {'line': b'-- Up-to-date: /home/subhalaxmi/nidar_ws/install/px4_msgs/include/px4_msgs/px4_msgs/msg/detail/follow_target_status__struct.h\n'}
[17.519485] (px4_msgs) StdoutLine: {'line': b'-- Up-to-date: /home/subhalaxmi/nidar_ws/install/px4_msgs/include/px4_msgs/px4_msgs/msg/detail/control_allocator_status__functions.c\n'}
[17.519662] (px4_msgs) StdoutLine: {'line': b'-- Up-to-date: /home/subhalaxmi/nidar_ws/install/px4_msgs/include/px4_msgs/px4_msgs/msg/detail/vehicle_attitude__struct.h\n'}
[17.519863] (px4_msgs) StdoutLine: {'line': b'-- Up-to-date: /home/subhalaxmi/nidar_ws/install/px4_msgs/include/px4_msgs/px4_msgs/msg/detail/logger_status__functions.h\n'}
[17.520043] (px4_msgs) StdoutLine: {'line': b'-- Up-to-date: /home/subhalaxmi/nidar_ws/install/px4_msgs/include/px4_msgs/px4_msgs/msg/detail/vehicle_attitude_setpoint__struct.h\n'}
[17.520264] (px4_msgs) StdoutLine: {'line': b'-- Up-to-date: /home/subhalaxmi/nidar_ws/install/px4_msgs/include/px4_msgs/px4_msgs/msg/detail/gps_inject_data__functions.c\n'}
[17.520447] (px4_msgs) StdoutLine: {'line': b'-- Up-to-date: /home/subhalaxmi/nidar_ws/install/px4_msgs/include/px4_msgs/px4_msgs/msg/detail/orb_test_medium__functions.c\n'}
[17.521192] (px4_msgs) StdoutLine: {'line': b'-- Up-to-date: /home/subhalaxmi/nidar_ws/install/px4_msgs/include/px4_msgs/px4_msgs/msg/detail/message_format_request__functions.c\n'}
[17.521876] (px4_msgs) StdoutLine: {'line': b'-- Up-to-date: /home/subhalaxmi/nidar_ws/install/px4_msgs/include/px4_msgs/px4_msgs/msg/detail/message_format_request__functions.h\n'}
[17.522097] (px4_msgs) StdoutLine: {'line': b'-- Up-to-date: /home/subhalaxmi/nidar_ws/install/px4_msgs/include/px4_msgs/px4_msgs/msg/detail/irlock_report__functions.h\n'}
[17.522363] (px4_msgs) StdoutLine: {'line': b'-- Up-to-date: /home/subhalaxmi/nidar_ws/install/px4_msgs/include/px4_msgs/px4_msgs/msg/detail/rtl_time_estimate__type_support.h\n'}
[17.522555] (px4_msgs) StdoutLine: {'line': b'-- Up-to-date: /home/subhalaxmi/nidar_ws/install/px4_msgs/include/px4_msgs/px4_msgs/msg/detail/sensor_optical_flow__functions.c\n'}
[17.522737] (px4_msgs) StdoutLine: {'line': b'-- Up-to-date: /home/subhalaxmi/nidar_ws/install/px4_msgs/include/px4_msgs/px4_msgs/msg/detail/debug_vect__functions.h\n'}
[17.522924] (px4_msgs) StdoutLine: {'line': b'-- Up-to-date: /home/subhalaxmi/nidar_ws/install/px4_msgs/include/px4_msgs/px4_msgs/msg/detail/vtx__struct.h\n'}
[17.523273] (px4_msgs) StdoutLine: {'line': b'-- Up-to-date: /home/subhalaxmi/nidar_ws/install/px4_msgs/include/px4_msgs/px4_msgs/msg/detail/landing_target_innovations__functions.c\n'}
[17.523622] (px4_msgs) StdoutLine: {'line': b'-- Up-to-date: /home/subhalaxmi/nidar_ws/install/px4_msgs/include/px4_msgs/px4_msgs/msg/detail/system_power__functions.c\n'}
[17.523825] (px4_msgs) StdoutLine: {'line': b'-- Up-to-date: /home/subhalaxmi/nidar_ws/install/px4_msgs/include/px4_msgs/px4_msgs/msg/detail/device_information__type_support.h\n'}
[17.524013] (px4_msgs) StdoutLine: {'line': b'-- Up-to-date: /home/subhalaxmi/nidar_ws/install/px4_msgs/include/px4_msgs/px4_msgs/msg/detail/vehicle_local_position_setpoint__functions.c\n'}
[17.524228] (px4_msgs) StdoutLine: {'line': b'-- Up-to-date: /home/subhalaxmi/nidar_ws/install/px4_msgs/include/px4_msgs/px4_msgs/msg/detail/sensor_correction__functions.h\n'}
[17.524538] (px4_msgs) StdoutLine: {'line': b'-- Up-to-date: /home/subhalaxmi/nidar_ws/install/px4_msgs/include/px4_msgs/px4_msgs/msg/detail/sensor_hygrometer__struct.h\n'}
[17.524723] (px4_msgs) StdoutLine: {'line': b'-- Up-to-date: /home/subhalaxmi/nidar_ws/install/px4_msgs/include/px4_msgs/px4_msgs/msg/detail/mode_completed__struct.h\n'}
[17.525016] (px4_msgs) StdoutLine: {'line': b'-- Up-to-date: /home/subhalaxmi/nidar_ws/install/px4_msgs/include/px4_msgs/px4_msgs/msg/detail/heater_status__type_support.h\n'}
[17.525382] (px4_msgs) StdoutLine: {'line': b'-- Up-to-date: /home/subhalaxmi/nidar_ws/install/px4_msgs/include/px4_msgs/px4_msgs/msg/detail/internal_combustion_engine_status__struct.h\n'}
[17.525942] (px4_msgs) StdoutLine: {'line': b'-- Up-to-date: /home/subhalaxmi/nidar_ws/install/px4_msgs/include/px4_msgs/px4_msgs/msg/detail/sensor_gnss_relative__struct.h\n'}
[17.526213] (px4_msgs) StdoutLine: {'line': b'-- Up-to-date: /home/subhalaxmi/nidar_ws/install/px4_msgs/include/px4_msgs/px4_msgs/msg/detail/parameter_reset_request__functions.c\n'}
[17.526487] (px4_msgs) StdoutLine: {'line': b'-- Up-to-date: /home/subhalaxmi/nidar_ws/install/px4_msgs/include/px4_msgs/px4_msgs/msg/detail/arming_check_reply__functions.c\n'}
[17.526698] (px4_msgs) StdoutLine: {'line': b'-- Up-to-date: /home/subhalaxmi/nidar_ws/install/px4_msgs/include/px4_msgs/px4_msgs/msg/detail/fuel_tank_status__type_support.h\n'}
[17.526873] (px4_msgs) StdoutLine: {'line': b'-- Up-to-date: /home/subhalaxmi/nidar_ws/install/px4_msgs/include/px4_msgs/px4_msgs/msg/detail/fuel_tank_status__functions.h\n'}
[17.527045] (px4_msgs) StdoutLine: {'line': b'-- Up-to-date: /home/subhalaxmi/nidar_ws/install/px4_msgs/include/px4_msgs/px4_msgs/msg/detail/mount_orientation__struct.h\n'}
[17.527292] (px4_msgs) StdoutLine: {'line': b'-- Up-to-date: /home/subhalaxmi/nidar_ws/install/px4_msgs/include/px4_msgs/px4_msgs/msg/detail/vehicle_angular_velocity__functions.h\n'}
[17.527484] (px4_msgs) StdoutLine: {'line': b'-- Up-to-date: /home/subhalaxmi/nidar_ws/install/px4_msgs/include/px4_msgs/px4_msgs/msg/detail/actuator_servos__functions.h\n'}
[17.527664] (px4_msgs) StdoutLine: {'line': b'-- Up-to-date: /home/subhalaxmi/nidar_ws/install/px4_msgs/include/px4_msgs/px4_msgs/msg/detail/action_request__type_support.h\n'}
[17.527841] (px4_msgs) StdoutLine: {'line': b'-- Up-to-date: /home/subhalaxmi/nidar_ws/install/px4_msgs/include/px4_msgs/px4_msgs/msg/detail/fixed_wing_lateral_status__type_support.h\n'}
[17.528009] (px4_msgs) StdoutLine: {'line': b'-- Up-to-date: /home/subhalaxmi/nidar_ws/install/px4_msgs/include/px4_msgs/px4_msgs/msg/detail/debug_array__struct.h\n'}
[17.529525] (px4_msgs) StdoutLine: {'line': b'-- Up-to-date: /home/subhalaxmi/nidar_ws/install/px4_msgs/include/px4_msgs/px4_msgs/msg/detail/sensor_accel_fifo__type_support.h\n'}
[17.531826] (px4_msgs) StdoutLine: {'line': b'-- Up-to-date: /home/subhalaxmi/nidar_ws/install/px4_msgs/include/px4_msgs/px4_msgs/msg/detail/battery_status__functions.h\n'}
[17.532052] (px4_msgs) StdoutLine: {'line': b'-- Up-to-date: /home/subhalaxmi/nidar_ws/install/px4_msgs/include/px4_msgs/px4_msgs/msg/detail/estimator_aid_source1d__functions.c\n'}
[17.532274] (px4_msgs) StdoutLine: {'line': b'-- Up-to-date: /home/subhalaxmi/nidar_ws/install/px4_msgs/include/px4_msgs/px4_msgs/msg/detail/open_drone_id_arm_status__functions.h\n'}
[17.532461] (px4_msgs) StdoutLine: {'line': b'-- Up-to-date: /home/subhalaxmi/nidar_ws/install/px4_msgs/include/px4_msgs/px4_msgs/msg/detail/gpio_out__functions.c\n'}
[17.532641] (px4_msgs) StdoutLine: {'line': b'-- Up-to-date: /home/subhalaxmi/nidar_ws/install/px4_msgs/include/px4_msgs/px4_msgs/msg/detail/fixed_wing_lateral_status__functions.h\n'}
[17.532819] (px4_msgs) StdoutLine: {'line': b'-- Up-to-date: /home/subhalaxmi/nidar_ws/install/px4_msgs/include/px4_msgs/px4_msgs/msg/detail/sensor_gnss_relative__functions.c\n'}
[17.532998] (px4_msgs) StdoutLine: {'line': b'-- Up-to-date: /home/subhalaxmi/nidar_ws/install/px4_msgs/include/px4_msgs/px4_msgs/msg/detail/distance_sensor__functions.c\n'}
[17.534086] (px4_msgs) StdoutLine: {'line': b'-- Up-to-date: /home/subhalaxmi/nidar_ws/install/px4_msgs/include/px4_msgs/px4_msgs/msg/detail/rover_throttle_setpoint__functions.h\n'}
[17.535583] (px4_msgs) StdoutLine: {'line': b'-- Up-to-date: /home/subhalaxmi/nidar_ws/install/px4_msgs/include/px4_msgs/px4_msgs/msg/detail/ekf2_timestamps__struct.h\n'}
[17.535813] (px4_msgs) StdoutLine: {'line': b'-- Up-to-date: /home/subhalaxmi/nidar_ws/install/px4_msgs/include/px4_msgs/px4_msgs/msg/detail/parameter_reset_request__functions.h\n'}
[17.536255] (px4_msgs) StdoutLine: {'line': b'-- Up-to-date: /home/subhalaxmi/nidar_ws/install/px4_msgs/include/px4_msgs/px4_msgs/msg/detail/estimator_aid_source3d__functions.c\n'}
[17.536770] (px4_msgs) StdoutLine: {'line': b'-- Up-to-date: /home/subhalaxmi/nidar_ws/install/px4_msgs/include/px4_msgs/px4_msgs/msg/detail/open_drone_id_system__functions.c\n'}
[17.537017] (px4_msgs) StdoutLine: {'line': b'-- Up-to-date: /home/subhalaxmi/nidar_ws/install/px4_msgs/include/px4_msgs/px4_msgs/msg/detail/rate_ctrl_status__functions.c\n'}
[17.537265] (px4_msgs) StdoutLine: {'line': b'-- Up-to-date: /home/subhalaxmi/nidar_ws/install/px4_msgs/include/px4_msgs/px4_msgs/msg/detail/rc_parameter_map__struct.h\n'}
[17.537456] (px4_msgs) StdoutLine: {'line': b'-- Up-to-date: /home/subhalaxmi/nidar_ws/install/px4_msgs/include/px4_msgs/px4_msgs/msg/detail/rover_rate_setpoint__functions.c\n'}
[17.537667] (px4_msgs) StdoutLine: {'line': b'-- Up-to-date: /home/subhalaxmi/nidar_ws/install/px4_msgs/include/px4_msgs/px4_msgs/msg/detail/qshell_req__type_support.h\n'}
[17.537855] (px4_msgs) StdoutLine: {'line': b'-- Up-to-date: /home/subhalaxmi/nidar_ws/install/px4_msgs/include/px4_msgs/px4_msgs/msg/detail/flight_phase_estimation__struct.h\n'}
[17.538034] (px4_msgs) StdoutLine: {'line': b'-- Up-to-date: /home/subhalaxmi/nidar_ws/install/px4_msgs/include/px4_msgs/px4_msgs/msg/detail/irlock_report__functions.c\n'}
[17.546333] (px4_msgs) StdoutLine: {'line': b'-- Up-to-date: /home/subhalaxmi/nidar_ws/install/px4_msgs/include/px4_msgs/px4_msgs/msg/detail/dataman_request__struct.h\n'}
[17.547341] (px4_msgs) StdoutLine: {'line': b'-- Up-to-date: /home/subhalaxmi/nidar_ws/install/px4_msgs/include/px4_msgs/px4_msgs/msg/detail/sensor_gyro_fft__type_support.h\n'}
[17.547592] (px4_msgs) StdoutLine: {'line': b'-- Up-to-date: /home/subhalaxmi/nidar_ws/install/px4_msgs/include/px4_msgs/px4_msgs/msg/detail/neural_control__functions.c\n'}
[17.547801] (px4_msgs) StdoutLine: {'line': b'-- Up-to-date: /home/subhalaxmi/nidar_ws/install/px4_msgs/include/px4_msgs/px4_msgs/msg/detail/vehicle_imu_status__functions.c\n'}
[17.547984] (px4_msgs) StdoutLine: {'line': b'-- Up-to-date: /home/subhalaxmi/nidar_ws/install/px4_msgs/include/px4_msgs/px4_msgs/msg/detail/hover_thrust_estimate__functions.h\n'}
[17.548215] (px4_msgs) StdoutLine: {'line': b'-- Up-to-date: /home/subhalaxmi/nidar_ws/install/px4_msgs/include/px4_msgs/px4_msgs/msg/detail/vehicle_thrust_setpoint__type_support.h\n'}
[17.548426] (px4_msgs) StdoutLine: {'line': b'-- Up-to-date: /home/subhalaxmi/nidar_ws/install/px4_msgs/include/px4_msgs/px4_msgs/msg/detail/vehicle_odometry__struct.h\n'}
[17.548615] (px4_msgs) StdoutLine: {'line': b'-- Up-to-date: /home/subhalaxmi/nidar_ws/install/px4_msgs/include/px4_msgs/px4_msgs/msg/detail/task_stack_info__type_support.h\n'}
[17.548925] (px4_msgs) StdoutLine: {'line': b'-- Up-to-date: /home/subhalaxmi/nidar_ws/install/px4_msgs/include/px4_msgs/px4_msgs/msg/detail/system_power__struct.h\n'}
[17.553049] (-) TimerEvent: {}
[17.553479] (px4_msgs) StdoutLine: {'line': b'-- Up-to-date: /home/subhalaxmi/nidar_ws/install/px4_msgs/include/px4_msgs/px4_msgs/msg/detail/power_monitor__functions.h\n'}
[17.553765] (px4_msgs) StdoutLine: {'line': b'-- Up-to-date: /home/subhalaxmi/nidar_ws/install/px4_msgs/include/px4_msgs/px4_msgs/msg/detail/orb_test_large__functions.h\n'}
[17.554042] (px4_msgs) StdoutLine: {'line': b'-- Up-to-date: /home/subhalaxmi/nidar_ws/install/px4_msgs/include/px4_msgs/px4_msgs/msg/detail/rover_speed_status__functions.c\n'}
[17.554283] (px4_msgs) StdoutLine: {'line': b'-- Up-to-date: /home/subhalaxmi/nidar_ws/install/px4_msgs/include/px4_msgs/px4_msgs/msg/detail/sensor_preflight_mag__functions.c\n'}
[17.554468] (px4_msgs) StdoutLine: {'line': b'-- Up-to-date: /home/subhalaxmi/nidar_ws/install/px4_msgs/include/px4_msgs/px4_msgs/msg/detail/message_format_response__struct.h\n'}
[17.554639] (px4_msgs) StdoutLine: {'line': b'-- Up-to-date: /home/subhalaxmi/nidar_ws/install/px4_msgs/include/px4_msgs/px4_msgs/msg/detail/raptor_status__struct.h\n'}
[17.554808] (px4_msgs) StdoutLine: {'line': b'-- Up-to-date: /home/subhalaxmi/nidar_ws/install/px4_msgs/include/px4_msgs/px4_msgs/msg/detail/orbit_status__struct.h\n'}
[17.554977] (px4_msgs) StdoutLine: {'line': b'-- Up-to-date: /home/subhalaxmi/nidar_ws/install/px4_msgs/include/px4_msgs/px4_msgs/msg/detail/vehicle_optical_flow_vel__functions.c\n'}
[17.555164] (px4_msgs) StdoutLine: {'line': b'-- Up-to-date: /home/subhalaxmi/nidar_ws/install/px4_msgs/include/px4_msgs/px4_msgs/msg/detail/sensor_airflow__functions.c\n'}
[17.555356] (px4_msgs) StdoutLine: {'line': b'-- Up-to-date: /home/subhalaxmi/nidar_ws/install/px4_msgs/include/px4_msgs/px4_msgs/msg/detail/position_controller_landing_status__struct.h\n'}
[17.555528] (px4_msgs) StdoutLine: {'line': b'-- Up-to-date: /home/subhalaxmi/nidar_ws/install/px4_msgs/include/px4_msgs/px4_msgs/msg/detail/pwm_input__type_support.h\n'}
[17.555712] (px4_msgs) StdoutLine: {'line': b'-- Up-to-date: /home/subhalaxmi/nidar_ws/install/px4_msgs/include/px4_msgs/px4_msgs/msg/detail/follow_target_status__type_support.h\n'}
[17.555887] (px4_msgs) StdoutLine: {'line': b'-- Up-to-date: /home/subhalaxmi/nidar_ws/install/px4_msgs/include/px4_msgs/px4_msgs/msg/detail/gimbal_manager_status__type_support.h\n'}
[17.556075] (px4_msgs) StdoutLine: {'line': b'-- Up-to-date: /home/subhalaxmi/nidar_ws/install/px4_msgs/include/px4_msgs/px4_msgs/msg/detail/px4io_status__functions.c\n'}
[17.560185] (px4_msgs) StdoutLine: {'line': b'-- Up-to-date: /home/subhalaxmi/nidar_ws/install/px4_msgs/include/px4_msgs/px4_msgs/msg/detail/debug_key_value__type_support.h\n'}
[17.560419] (px4_msgs) StdoutLine: {'line': b'-- Up-to-date: /home/subhalaxmi/nidar_ws/install/px4_msgs/include/px4_msgs/px4_msgs/msg/detail/sensor_gnss_relative__functions.h\n'}
[17.560603] (px4_msgs) StdoutLine: {'line': b'-- Up-to-date: /home/subhalaxmi/nidar_ws/install/px4_msgs/include/px4_msgs/px4_msgs/msg/detail/sensor_accel_fifo__struct.h\n'}
[17.560784] (px4_msgs) StdoutLine: {'line': b'-- Up-to-date: /home/subhalaxmi/nidar_ws/install/px4_msgs/include/px4_msgs/px4_msgs/msg/detail/mag_worker_data__functions.h\n'}
[17.560960] (px4_msgs) StdoutLine: {'line': b'-- Up-to-date: /home/subhalaxmi/nidar_ws/install/px4_msgs/include/px4_msgs/px4_msgs/msg/detail/radio_status__type_support.h\n'}
[17.561200] (px4_msgs) StdoutLine: {'line': b'-- Up-to-date: /home/subhalaxmi/nidar_ws/install/px4_msgs/include/px4_msgs/px4_msgs/msg/detail/dataman_request__type_support.h\n'}
[17.563024] (px4_msgs) StdoutLine: {'line': b'-- Up-to-date: /home/subhalaxmi/nidar_ws/install/px4_msgs/include/px4_msgs/px4_msgs/msg/detail/rtl_status__functions.h\n'}
[17.563352] (px4_msgs) StdoutLine: {'line': b'-- Up-to-date: /home/subhalaxmi/nidar_ws/install/px4_msgs/include/px4_msgs/px4_msgs/msg/detail/vehicle_torque_setpoint__functions.h\n'}
[17.563568] (px4_msgs) StdoutLine: {'line': b'-- Up-to-date: /home/subhalaxmi/nidar_ws/install/px4_msgs/include/px4_msgs/px4_msgs/msg/detail/geofence_result__functions.h\n'}
[17.563795] (px4_msgs) StdoutLine: {'line': b'-- Up-to-date: /home/subhalaxmi/nidar_ws/install/px4_msgs/include/px4_msgs/px4_msgs/msg/detail/differential_pressure__functions.h\n'}
[17.564072] (px4_msgs) StdoutLine: {'line': b'-- Up-to-date: /home/subhalaxmi/nidar_ws/install/px4_msgs/include/px4_msgs/px4_msgs/msg/detail/vehicle_rates_setpoint__struct.h\n'}
[17.566985] (px4_msgs) StdoutLine: {'line': b'-- Up-to-date: /home/subhalaxmi/nidar_ws/install/px4_msgs/include/px4_msgs/px4_msgs/msg/detail/gimbal_device_attitude_status__functions.c\n'}
[17.567392] (px4_msgs) StdoutLine: {'line': b'-- Up-to-date: /home/subhalaxmi/nidar_ws/install/px4_msgs/include/px4_msgs/px4_msgs/msg/detail/camera_status__functions.h\n'}
[17.567648] (px4_msgs) StdoutLine: {'line': b'-- Up-to-date: /home/subhalaxmi/nidar_ws/install/px4_msgs/include/px4_msgs/px4_msgs/msg/detail/vehicle_thrust_setpoint__struct.h\n'}
[17.568028] (px4_msgs) StdoutLine: {'line': b'-- Up-to-date: /home/subhalaxmi/nidar_ws/install/px4_msgs/include/px4_msgs/px4_msgs/msg/detail/actuator_test__type_support.h\n'}
[17.568693] (px4_msgs) StdoutLine: {'line': b'-- Up-to-date: /home/subhalaxmi/nidar_ws/install/px4_msgs/include/px4_msgs/px4_msgs/msg/detail/vehicle_acceleration__type_support.h\n'}
[17.572669] (px4_msgs) StdoutLine: {'line': b'-- Up-to-date: /home/subhalaxmi/nidar_ws/install/px4_msgs/include/px4_msgs/px4_msgs/msg/detail/sensor_gyro_fifo__struct.h\n'}
[17.573006] (px4_msgs) StdoutLine: {'line': b'-- Up-to-date: /home/subhalaxmi/nidar_ws/install/px4_msgs/include/px4_msgs/px4_msgs/msg/detail/gimbal_manager_set_manual_control__functions.c\n'}
[17.573432] (px4_msgs) StdoutLine: {'line': b'-- Up-to-date: /home/subhalaxmi/nidar_ws/install/px4_msgs/include/px4_msgs/px4_msgs/msg/detail/task_stack_info__functions.h\n'}
[17.573763] (px4_msgs) StdoutLine: {'line': b'-- Up-to-date: /home/subhalaxmi/nidar_ws/install/px4_msgs/include/px4_msgs/px4_msgs/msg/detail/takeoff_status__struct.h\n'}
[17.575570] (px4_msgs) StdoutLine: {'line': b'-- Up-to-date: /home/subhalaxmi/nidar_ws/install/px4_msgs/include/px4_msgs/px4_msgs/msg/detail/debug_key_value__functions.h\n'}
[17.576056] (px4_msgs) StdoutLine: {'line': b'-- Up-to-date: /home/subhalaxmi/nidar_ws/install/px4_msgs/include/px4_msgs/px4_msgs/msg/detail/control_allocator_status__type_support.h\n'}
[17.576298] (px4_msgs) StdoutLine: {'line': b'-- Up-to-date: /home/subhalaxmi/nidar_ws/install/px4_msgs/include/px4_msgs/px4_msgs/msg/detail/pwm_input__functions.h\n'}
[17.576492] (px4_msgs) StdoutLine: {'line': b'-- Up-to-date: /home/subhalaxmi/nidar_ws/install/px4_msgs/include/px4_msgs/px4_msgs/msg/detail/gps_dump__type_support.h\n'}
[17.576674] (px4_msgs) StdoutLine: {'line': b'-- Up-to-date: /home/subhalaxmi/nidar_ws/install/px4_msgs/include/px4_msgs/px4_msgs/msg/detail/estimator_aid_source2d__struct.h\n'}
[17.576851] (px4_msgs) StdoutLine: {'line': b'-- Up-to-date: /home/subhalaxmi/nidar_ws/install/px4_msgs/include/px4_msgs/px4_msgs/msg/detail/internal_combustion_engine_status__functions.h\n'}
[17.577025] (px4_msgs) StdoutLine: {'line': b'-- Up-to-date: /home/subhalaxmi/nidar_ws/install/px4_msgs/include/px4_msgs/px4_msgs/msg/detail/message_format_response__type_support.h\n'}
[17.579038] (px4_msgs) StdoutLine: {'line': b'-- Up-to-date: /home/subhalaxmi/nidar_ws/install/px4_msgs/include/px4_msgs/px4_msgs/msg/detail/sensor_gps__struct.h\n'}
[17.579324] (px4_msgs) StdoutLine: {'line': b'-- Up-to-date: /home/subhalaxmi/nidar_ws/install/px4_msgs/include/px4_msgs/px4_msgs/msg/detail/sensor_selection__functions.h\n'}
[17.579554] (px4_msgs) StdoutLine: {'line': b'-- Up-to-date: /home/subhalaxmi/nidar_ws/install/px4_msgs/include/px4_msgs/px4_msgs/msg/detail/raptor_input__functions.c\n'}
[17.579757] (px4_msgs) StdoutLine: {'line': b'-- Up-to-date: /home/subhalaxmi/nidar_ws/install/px4_msgs/include/px4_msgs/px4_msgs/msg/detail/parameter_reset_request__type_support.h\n'}
[17.580534] (px4_msgs) StdoutLine: {'line': b'-- Up-to-date: /home/subhalaxmi/nidar_ws/install/px4_msgs/include/px4_msgs/px4_msgs/msg/detail/wheel_encoders__type_support.h\n'}
[17.580941] (px4_msgs) StdoutLine: {'line': b'-- Up-to-date: /home/subhalaxmi/nidar_ws/install/px4_msgs/include/px4_msgs/px4_msgs/msg/detail/position_setpoint__functions.c\n'}
[17.584367] (px4_msgs) StdoutLine: {'line': b'-- Up-to-date: /home/subhalaxmi/nidar_ws/install/px4_msgs/include/px4_msgs/px4_msgs/msg/detail/vehicle_torque_setpoint__functions.c\n'}
[17.584698] (px4_msgs) StdoutLine: {'line': b'-- Up-to-date: /home/subhalaxmi/nidar_ws/install/px4_msgs/include/px4_msgs/px4_msgs/msg/detail/action_request__functions.c\n'}
[17.584964] (px4_msgs) StdoutLine: {'line': b'-- Up-to-date: /home/subhalaxmi/nidar_ws/install/px4_msgs/include/px4_msgs/px4_msgs/msg/detail/fixed_wing_longitudinal_setpoint__type_support.h\n'}
[17.585236] (px4_msgs) StdoutLine: {'line': b'-- Up-to-date: /home/subhalaxmi/nidar_ws/install/px4_msgs/include/px4_msgs/px4_msgs/msg/detail/gpio_request__struct.h\n'}
[17.585478] (px4_msgs) StdoutLine: {'line': b'-- Up-to-date: /home/subhalaxmi/nidar_ws/install/px4_msgs/include/px4_msgs/px4_msgs/msg/detail/raptor_input__struct.h\n'}
[17.585824] (px4_msgs) StdoutLine: {'line': b'-- Up-to-date: /home/subhalaxmi/nidar_ws/install/px4_msgs/include/px4_msgs/px4_msgs/msg/detail/pps_capture__type_support.h\n'}
[17.589842] (px4_msgs) StdoutLine: {'line': b'-- Up-to-date: /home/subhalaxmi/nidar_ws/install/px4_msgs/include/px4_msgs/px4_msgs/msg/detail/gpio_config__functions.c\n'}
[17.590181] (px4_msgs) StdoutLine: {'line': b'-- Up-to-date: /home/subhalaxmi/nidar_ws/install/px4_msgs/include/px4_msgs/px4_msgs/msg/detail/launch_detection_status__functions.h\n'}
[17.590454] (px4_msgs) StdoutLine: {'line': b'-- Up-to-date: /home/subhalaxmi/nidar_ws/install/px4_msgs/include/px4_msgs/px4_msgs/msg/detail/sensor_gyro_fifo__functions.h\n'}
[17.590688] (px4_msgs) StdoutLine: {'line': b'-- Up-to-date: /home/subhalaxmi/nidar_ws/install/px4_msgs/include/px4_msgs/px4_msgs/msg/detail/geofence_status__functions.h\n'}
[17.590924] (px4_msgs) StdoutLine: {'line': b'-- Up-to-date: /home/subhalaxmi/nidar_ws/install/px4_msgs/include/px4_msgs/px4_msgs/msg/detail/gimbal_manager_set_manual_control__functions.h\n'}
[17.591183] (px4_msgs) StdoutLine: {'line': b'-- Up-to-date: /home/subhalaxmi/nidar_ws/install/px4_msgs/include/px4_msgs/px4_msgs/msg/detail/aux_global_position__struct.h\n'}
[17.591673] (px4_msgs) StdoutLine: {'line': b'-- Up-to-date: /home/subhalaxmi/nidar_ws/install/px4_msgs/include/px4_msgs/px4_msgs/msg/detail/rover_rate_setpoint__functions.h\n'}
[17.595558] (px4_msgs) StdoutLine: {'line': b'-- Up-to-date: /home/subhalaxmi/nidar_ws/install/px4_msgs/include/px4_msgs/px4_msgs/msg/detail/collision_constraints__functions.c\n'}
[17.596135] (px4_msgs) StdoutLine: {'line': b'-- Up-to-date: /home/subhalaxmi/nidar_ws/install/px4_msgs/include/px4_msgs/px4_msgs/msg/detail/tune_control__functions.c\n'}
[17.596369] (px4_msgs) StdoutLine: {'line': b'-- Up-to-date: /home/subhalaxmi/nidar_ws/install/px4_msgs/include/px4_msgs/px4_msgs/msg/detail/cpuload__struct.h\n'}
[17.596599] (px4_msgs) StdoutLine: {'line': b'-- Up-to-date: /home/subhalaxmi/nidar_ws/install/px4_msgs/include/px4_msgs/px4_msgs/msg/detail/parameter_set_used_request__struct.h\n'}
[17.599248] (px4_msgs) StdoutLine: {'line': b'-- Up-to-date: /home/subhalaxmi/nidar_ws/install/px4_msgs/include/px4_msgs/px4_msgs/msg/detail/debug_vect__struct.h\n'}
[17.599509] (px4_msgs) StdoutLine: {'line': b'-- Up-to-date: /home/subhalaxmi/nidar_ws/install/px4_msgs/include/px4_msgs/px4_msgs/msg/detail/mag_worker_data__struct.h\n'}
[17.599702] (px4_msgs) StdoutLine: {'line': b'-- Up-to-date: /home/subhalaxmi/nidar_ws/install/px4_msgs/include/px4_msgs/px4_msgs/msg/detail/geofence_status__type_support.h\n'}
[17.599887] (px4_msgs) StdoutLine: {'line': b'-- Up-to-date: /home/subhalaxmi/nidar_ws/install/px4_msgs/include/px4_msgs/px4_msgs/msg/detail/arming_check_reply__struct.h\n'}
[17.600071] (px4_msgs) StdoutLine: {'line': b'-- Up-to-date: /home/subhalaxmi/nidar_ws/install/px4_msgs/include/px4_msgs/px4_msgs/msg/detail/orb_test_medium__type_support.h\n'}
[17.601717] (px4_msgs) StdoutLine: {'line': b'-- Up-to-date: /home/subhalaxmi/nidar_ws/install/px4_msgs/include/px4_msgs/px4_msgs/msg/detail/failsafe_flags__functions.c\n'}
[17.601945] (px4_msgs) StdoutLine: {'line': b'-- Up-to-date: /home/subhalaxmi/nidar_ws/install/px4_msgs/include/px4_msgs/px4_msgs/msg/detail/open_drone_id_self_id__functions.c\n'}
[17.602154] (px4_msgs) StdoutLine: {'line': b'-- Up-to-date: /home/subhalaxmi/nidar_ws/install/px4_msgs/include/px4_msgs/px4_msgs/msg/detail/esc_status__type_support.h\n'}
[17.602365] (px4_msgs) StdoutLine: {'line': b'-- Up-to-date: /home/subhalaxmi/nidar_ws/install/px4_msgs/include/px4_msgs/px4_msgs/msg/detail/yaw_estimator_status__type_support.h\n'}
[17.602548] (px4_msgs) StdoutLine: {'line': b'-- Up-to-date: /home/subhalaxmi/nidar_ws/install/px4_msgs/include/px4_msgs/px4_msgs/msg/detail/dataman_request__functions.c\n'}
[17.602728] (px4_msgs) StdoutLine: {'line': b'-- Up-to-date: /home/subhalaxmi/nidar_ws/install/px4_msgs/include/px4_msgs/px4_msgs/msg/detail/vehicle_thrust_setpoint__functions.h\n'}
[17.602909] (px4_msgs) StdoutLine: {'line': b'-- Up-to-date: /home/subhalaxmi/nidar_ws/install/px4_msgs/include/px4_msgs/px4_msgs/msg/detail/vehicle_angular_velocity__functions.c\n'}
[17.603087] (px4_msgs) StdoutLine: {'line': b'-- Up-to-date: /home/subhalaxmi/nidar_ws/install/px4_msgs/include/px4_msgs/px4_msgs/msg/detail/rover_steering_setpoint__functions.h\n'}
[17.603295] (px4_msgs) StdoutLine: {'line': b'-- Up-to-date: /home/subhalaxmi/nidar_ws/install/px4_msgs/include/px4_msgs/px4_msgs/msg/detail/position_setpoint_triplet__functions.h\n'}
[17.603524] (px4_msgs) StdoutLine: {'line': b'-- Up-to-date: /home/subhalaxmi/nidar_ws/install/px4_msgs/include/px4_msgs/px4_msgs/msg/detail/vehicle_land_detected__functions.h\n'}
[17.603718] (px4_msgs) StdoutLine: {'line': b'-- Up-to-date: /home/subhalaxmi/nidar_ws/install/px4_msgs/include/px4_msgs/px4_msgs/msg/detail/gps_inject_data__struct.h\n'}
[17.603923] (px4_msgs) StdoutLine: {'line': b'-- Up-to-date: /home/subhalaxmi/nidar_ws/install/px4_msgs/include/px4_msgs/px4_msgs/msg/detail/gpio_config__functions.h\n'}
[17.608158] (px4_msgs) StdoutLine: {'line': b'-- Up-to-date: /home/subhalaxmi/nidar_ws/install/px4_msgs/include/px4_msgs/px4_msgs/msg/detail/wind__functions.h\n'}
[17.608740] (px4_msgs) StdoutLine: {'line': b'-- Up-to-date: /home/subhalaxmi/nidar_ws/install/px4_msgs/include/px4_msgs/px4_msgs/msg/detail/logger_status__struct.h\n'}
[17.608978] (px4_msgs) StdoutLine: {'line': b'-- Up-to-date: /home/subhalaxmi/nidar_ws/install/px4_msgs/include/px4_msgs/px4_msgs/msg/detail/gps_inject_data__functions.h\n'}
[17.610571] (px4_msgs) StdoutLine: {'line': b'-- Up-to-date: /home/subhalaxmi/nidar_ws/install/px4_msgs/include/px4_msgs/px4_msgs/msg/detail/gimbal_controls__functions.h\n'}
[17.610820] (px4_msgs) StdoutLine: {'line': b'-- Up-to-date: /home/subhalaxmi/nidar_ws/install/px4_msgs/include/px4_msgs/px4_msgs/msg/detail/register_ext_component_request__functions.h\n'}
[17.613852] (px4_msgs) StdoutLine: {'line': b'-- Up-to-date: /home/subhalaxmi/nidar_ws/install/px4_msgs/include/px4_msgs/px4_msgs/msg/detail/actuator_motors__struct.h\n'}
[17.615283] (px4_msgs) StdoutLine: {'line': b'-- Up-to-date: /home/subhalaxmi/nidar_ws/install/px4_msgs/include/px4_msgs/px4_msgs/msg/detail/launch_detection_status__functions.c\n'}
[17.615608] (px4_msgs) StdoutLine: {'line': b'-- Up-to-date: /home/subhalaxmi/nidar_ws/install/px4_msgs/include/px4_msgs/px4_msgs/msg/detail/fixed_wing_lateral_setpoint__type_support.h\n'}
[17.615815] (px4_msgs) StdoutLine: {'line': b'-- Up-to-date: /home/subhalaxmi/nidar_ws/install/px4_msgs/include/px4_msgs/px4_msgs/msg/detail/navigator_mission_item__functions.c\n'}
[17.616007] (px4_msgs) StdoutLine: {'line': b'-- Up-to-date: /home/subhalaxmi/nidar_ws/install/px4_msgs/include/px4_msgs/px4_msgs/msg/detail/rover_rate_setpoint__type_support.h\n'}
[17.616224] (px4_msgs) StdoutLine: {'line': b'-- Up-to-date: /home/subhalaxmi/nidar_ws/install/px4_msgs/include/px4_msgs/px4_msgs/msg/detail/device_information__functions.c\n'}
[17.616435] (px4_msgs) StdoutLine: {'line': b'-- Up-to-date: /home/subhalaxmi/nidar_ws/install/px4_msgs/include/px4_msgs/px4_msgs/msg/detail/fixed_wing_runway_control__functions.c\n'}
[17.616650] (px4_msgs) StdoutLine: {'line': b'-- Up-to-date: /home/subhalaxmi/nidar_ws/install/px4_msgs/include/px4_msgs/px4_msgs/msg/detail/fixed_wing_longitudinal_setpoint__struct.h\n'}
[17.616844] (px4_msgs) StdoutLine: {'line': b'-- Up-to-date: /home/subhalaxmi/nidar_ws/install/px4_msgs/include/px4_msgs/px4_msgs/msg/detail/neural_control__type_support.h\n'}
[17.617033] (px4_msgs) StdoutLine: {'line': b'-- Up-to-date: /home/subhalaxmi/nidar_ws/install/px4_msgs/include/px4_msgs/px4_msgs/msg/detail/adc_report__functions.h\n'}
[17.620296] (px4_msgs) StdoutLine: {'line': b'-- Up-to-date: /home/subhalaxmi/nidar_ws/install/px4_msgs/include/px4_msgs/px4_msgs/msg/detail/gimbal_device_set_attitude__type_support.h\n'}
[17.620549] (px4_msgs) StdoutLine: {'line': b'-- Up-to-date: /home/subhalaxmi/nidar_ws/install/px4_msgs/include/px4_msgs/px4_msgs/msg/detail/dronecan_node_status__functions.c\n'}
[17.620747] (px4_msgs) StdoutLine: {'line': b'-- Up-to-date: /home/subhalaxmi/nidar_ws/install/px4_msgs/include/px4_msgs/px4_msgs/msg/detail/battery_status__functions.c\n'}
[17.620938] (px4_msgs) StdoutLine: {'line': b'-- Up-to-date: /home/subhalaxmi/nidar_ws/install/px4_msgs/include/px4_msgs/px4_msgs/msg/detail/vehicle_imu__functions.c\n'}
[17.621137] (px4_msgs) StdoutLine: {'line': b'-- Up-to-date: /home/subhalaxmi/nidar_ws/install/px4_msgs/include/px4_msgs/px4_msgs/msg/detail/dronecan_node_status__type_support.h\n'}
[17.621352] (px4_msgs) StdoutLine: {'line': b'-- Up-to-date: /home/subhalaxmi/nidar_ws/install/px4_msgs/include/px4_msgs/px4_msgs/msg/detail/airspeed_validated__functions.c\n'}
[17.621542] (px4_msgs) StdoutLine: {'line': b'-- Up-to-date: /home/subhalaxmi/nidar_ws/install/px4_msgs/include/px4_msgs/px4_msgs/msg/detail/sensor_accel__functions.h\n'}
[17.621749] (px4_msgs) StdoutLine: {'line': b'-- Up-to-date: /home/subhalaxmi/nidar_ws/install/px4_msgs/include/px4_msgs/px4_msgs/msg/detail/estimator_gps_status__functions.c\n'}
[17.621936] (px4_msgs) StdoutLine: {'line': b'-- Up-to-date: /home/subhalaxmi/nidar_ws/install/px4_msgs/include/px4_msgs/px4_msgs/msg/detail/debug_vect__functions.c\n'}
[17.625278] (px4_msgs) StdoutLine: {'line': b'-- Up-to-date: /home/subhalaxmi/nidar_ws/install/px4_msgs/include/px4_msgs/px4_msgs/msg/detail/open_drone_id_arm_status__struct.h\n'}
[17.626035] (px4_msgs) StdoutLine: {'line': b'-- Up-to-date: /home/subhalaxmi/nidar_ws/install/px4_msgs/include/px4_msgs/px4_msgs/msg/detail/button_event__functions.h\n'}
[17.626284] (px4_msgs) StdoutLine: {'line': b'-- Up-to-date: /home/subhalaxmi/nidar_ws/install/px4_msgs/include/px4_msgs/px4_msgs/msg/detail/collision_constraints__type_support.h\n'}
[17.626469] (px4_msgs) StdoutLine: {'line': b'-- Up-to-date: /home/subhalaxmi/nidar_ws/install/px4_msgs/include/px4_msgs/px4_msgs/msg/detail/cellular_status__type_support.h\n'}
[17.626646] (px4_msgs) StdoutLine: {'line': b'-- Up-to-date: /home/subhalaxmi/nidar_ws/install/px4_msgs/include/px4_msgs/px4_msgs/msg/detail/gps_inject_data__type_support.h\n'}
[17.626855] (px4_msgs) StdoutLine: {'line': b'-- Up-to-date: /home/subhalaxmi/nidar_ws/install/px4_msgs/include/px4_msgs/px4_msgs/msg/detail/actuator_servos_trim__functions.c\n'}
[17.627039] (px4_msgs) StdoutLine: {'line': b'-- Up-to-date: /home/subhalaxmi/nidar_ws/install/px4_msgs/include/px4_msgs/px4_msgs/msg/detail/rover_attitude_status__struct.h\n'}
[17.627254] (px4_msgs) StdoutLine: {'line': b'-- Up-to-date: /home/subhalaxmi/nidar_ws/install/px4_msgs/include/px4_msgs/px4_msgs/msg/detail/distance_sensor_mode_change_request__struct.h\n'}
[17.629948] (px4_msgs) StdoutLine: {'line': b'-- Up-to-date: /home/subhalaxmi/nidar_ws/install/px4_msgs/include/px4_msgs/px4_msgs/msg/detail/register_ext_component_request__type_support.h\n'}
[17.630291] (px4_msgs) StdoutLine: {'line': b'-- Up-to-date: /home/subhalaxmi/nidar_ws/install/px4_msgs/include/px4_msgs/px4_msgs/msg/detail/register_ext_component_request__functions.c\n'}
[17.630514] (px4_msgs) StdoutLine: {'line': b'-- Up-to-date: /home/subhalaxmi/nidar_ws/install/px4_msgs/include/px4_msgs/px4_msgs/msg/detail/led_control__functions.c\n'}
[17.630706] (px4_msgs) StdoutLine: {'line': b'-- Up-to-date: /home/subhalaxmi/nidar_ws/install/px4_msgs/include/px4_msgs/px4_msgs/msg/detail/gpio_request__type_support.h\n'}
[17.630896] (px4_msgs) StdoutLine: {'line': b'-- Up-to-date: /home/subhalaxmi/nidar_ws/install/px4_msgs/include/px4_msgs/px4_msgs/msg/detail/fixed_wing_runway_control__functions.h\n'}
[17.631070] (px4_msgs) StdoutLine: {'line': b'-- Up-to-date: /home/subhalaxmi/nidar_ws/install/px4_msgs/include/px4_msgs/px4_msgs/msg/detail/rover_rate_status__functions.h\n'}
[17.631285] (px4_msgs) StdoutLine: {'line': b'-- Up-to-date: /home/subhalaxmi/nidar_ws/install/px4_msgs/include/px4_msgs/px4_msgs/msg/detail/sensor_gnss_status__functions.c\n'}
[17.631475] (px4_msgs) StdoutLine: {'line': b'-- Up-to-date: /home/subhalaxmi/nidar_ws/install/px4_msgs/include/px4_msgs/px4_msgs/msg/detail/vehicle_odometry__functions.c\n'}
[17.631651] (px4_msgs) StdoutLine: {'line': b'-- Up-to-date: /home/subhalaxmi/nidar_ws/install/px4_msgs/include/px4_msgs/px4_msgs/msg/detail/sensor_airflow__functions.h\n'}
[17.631840] (px4_msgs) StdoutLine: {'line': b'-- Up-to-date: /home/subhalaxmi/nidar_ws/install/px4_msgs/include/px4_msgs/px4_msgs/msg/detail/adc_report__functions.c\n'}
[17.632055] (px4_msgs) StdoutLine: {'line': b'-- Up-to-date: /home/subhalaxmi/nidar_ws/install/px4_msgs/include/px4_msgs/px4_msgs/msg/detail/mavlink_tunnel__functions.h\n'}
[17.632289] (px4_msgs) StdoutLine: {'line': b'-- Up-to-date: /home/subhalaxmi/nidar_ws/install/px4_msgs/include/px4_msgs/px4_msgs/msg/detail/vehicle_magnetometer__type_support.h\n'}
[17.632483] (px4_msgs) StdoutLine: {'line': b'-- Up-to-date: /home/subhalaxmi/nidar_ws/install/px4_msgs/include/px4_msgs/px4_msgs/msg/detail/input_rc__struct.h\n'}
[17.632686] (px4_msgs) StdoutLine: {'line': b'-- Up-to-date: /home/subhalaxmi/nidar_ws/install/px4_msgs/include/px4_msgs/px4_msgs/msg/detail/offboard_control_mode__functions.c\n'}
[17.632871] (px4_msgs) StdoutLine: {'line': b'-- Up-to-date: /home/subhalaxmi/nidar_ws/install/px4_msgs/include/px4_msgs/px4_msgs/msg/detail/camera_trigger__functions.h\n'}
[17.633055] (px4_msgs) StdoutLine: {'line': b'-- Up-to-date: /home/subhalaxmi/nidar_ws/install/px4_msgs/include/px4_msgs/px4_msgs/msg/detail/gimbal_device_information__functions.c\n'}
[17.636895] (px4_msgs) StdoutLine: {'line': b'-- Up-to-date: /home/subhalaxmi/nidar_ws/install/px4_msgs/include/px4_msgs/px4_msgs/msg/detail/rover_attitude_setpoint__struct.h\n'}
[17.637158] (px4_msgs) StdoutLine: {'line': b'-- Up-to-date: /home/subhalaxmi/nidar_ws/install/px4_msgs/include/px4_msgs/px4_msgs/msg/detail/estimator_event_flags__functions.c\n'}
[17.637378] (px4_msgs) StdoutLine: {'line': b'-- Up-to-date: /home/subhalaxmi/nidar_ws/install/px4_msgs/include/px4_msgs/px4_msgs/msg/detail/vehicle_air_data__type_support.h\n'}
[17.637556] (px4_msgs) StdoutLine: {'line': b'-- Up-to-date: /home/subhalaxmi/nidar_ws/install/px4_msgs/include/px4_msgs/px4_msgs/msg/detail/vehicle_land_detected__functions.c\n'}
[17.637731] (px4_msgs) StdoutLine: {'line': b'-- Up-to-date: /home/subhalaxmi/nidar_ws/install/px4_msgs/include/px4_msgs/px4_msgs/msg/detail/gimbal_manager_set_manual_control__struct.h\n'}
[17.637905] (px4_msgs) StdoutLine: {'line': b'-- Up-to-date: /home/subhalaxmi/nidar_ws/install/px4_msgs/include/px4_msgs/px4_msgs/msg/detail/orb_test_large__struct.h\n'}
[17.638079] (px4_msgs) StdoutLine: {'line': b'-- Up-to-date: /home/subhalaxmi/nidar_ws/install/px4_msgs/include/px4_msgs/px4_msgs/msg/detail/open_drone_id_system__functions.h\n'}
[17.641006] (px4_msgs) StdoutLine: {'line': b'-- Up-to-date: /home/subhalaxmi/nidar_ws/install/px4_msgs/include/px4_msgs/px4_msgs/msg/detail/wheel_encoders__functions.h\n'}
[17.641293] (px4_msgs) StdoutLine: {'line': b'-- Up-to-date: /home/subhalaxmi/nidar_ws/install/px4_msgs/include/px4_msgs/px4_msgs/msg/detail/vehicle_acceleration__functions.h\n'}
[17.643362] (px4_msgs) StdoutLine: {'line': b'-- Up-to-date: /home/subhalaxmi/nidar_ws/install/px4_msgs/include/px4_msgs/px4_msgs/msg/detail/parameter_update__struct.h\n'}
[17.643827] (px4_msgs) StdoutLine: {'line': b'-- Up-to-date: /home/subhalaxmi/nidar_ws/install/px4_msgs/include/px4_msgs/px4_msgs/msg/detail/sensor_gyro__type_support.h\n'}
[17.644427] (px4_msgs) StdoutLine: {'line': b'-- Up-to-date: /home/subhalaxmi/nidar_ws/install/px4_msgs/include/px4_msgs/px4_msgs/msg/detail/cellular_status__functions.h\n'}
[17.644852] (px4_msgs) StdoutLine: {'line': b'-- Up-to-date: /home/subhalaxmi/nidar_ws/install/px4_msgs/include/px4_msgs/px4_msgs/msg/detail/actuator_outputs__functions.c\n'}
[17.646560] (px4_msgs) StdoutLine: {'line': b'-- Up-to-date: /home/subhalaxmi/nidar_ws/install/px4_msgs/include/px4_msgs/px4_msgs/msg/detail/fixed_wing_lateral_guidance_status__type_support.h\n'}
[17.646852] (px4_msgs) StdoutLine: {'line': b'-- Up-to-date: /home/subhalaxmi/nidar_ws/install/px4_msgs/include/px4_msgs/px4_msgs/msg/detail/system_power__functions.h\n'}
[17.647058] (px4_msgs) StdoutLine: {'line': b'-- Up-to-date: /home/subhalaxmi/nidar_ws/install/px4_msgs/include/px4_msgs/px4_msgs/msg/detail/telemetry_status__functions.c\n'}
[17.647739] (px4_msgs) StdoutLine: {'line': b'-- Up-to-date: /home/subhalaxmi/nidar_ws/install/px4_msgs/include/px4_msgs/px4_msgs/msg/detail/wheel_encoders__functions.c\n'}
[17.648406] (px4_msgs) StdoutLine: {'line': b'-- Up-to-date: /home/subhalaxmi/nidar_ws/install/px4_msgs/include/px4_msgs/px4_msgs/msg/detail/gain_compression__struct.h\n'}
[17.648844] (px4_msgs) StdoutLine: {'line': b'-- Up-to-date: /home/subhalaxmi/nidar_ws/install/px4_msgs/include/px4_msgs/px4_msgs/msg/detail/power_button_state__functions.h\n'}
[17.649076] (px4_msgs) StdoutLine: {'line': b'-- Up-to-date: /home/subhalaxmi/nidar_ws/install/px4_msgs/include/px4_msgs/px4_msgs/msg/detail/mission_result__struct.h\n'}
[17.649336] (px4_msgs) StdoutLine: {'line': b'-- Up-to-date: /home/subhalaxmi/nidar_ws/install/px4_msgs/include/px4_msgs/px4_msgs/msg/detail/vehicle_command__functions.h\n'}
[17.649582] (px4_msgs) StdoutLine: {'line': b'-- Up-to-date: /home/subhalaxmi/nidar_ws/install/px4_msgs/include/px4_msgs/px4_msgs/msg/detail/register_ext_component_request__struct.h\n'}
[17.649822] (px4_msgs) StdoutLine: {'line': b'-- Up-to-date: /home/subhalaxmi/nidar_ws/install/px4_msgs/include/px4_msgs/px4_msgs/msg/detail/px4io_status__functions.h\n'}
[17.650044] (px4_msgs) StdoutLine: {'line': b'-- Up-to-date: /home/subhalaxmi/nidar_ws/install/px4_msgs/include/px4_msgs/px4_msgs/msg/detail/vehicle_roi__functions.h\n'}
[17.650402] (px4_msgs) StdoutLine: {'line': b'-- Up-to-date: /home/subhalaxmi/nidar_ws/install/px4_msgs/include/px4_msgs/px4_msgs/msg/detail/orb_test_large__type_support.h\n'}
[17.650806] (px4_msgs) StdoutLine: {'line': b'-- Up-to-date: /home/subhalaxmi/nidar_ws/install/px4_msgs/include/px4_msgs/px4_msgs/msg/detail/sensor_gyro_fifo__functions.c\n'}
[17.651207] (px4_msgs) StdoutLine: {'line': b'-- Up-to-date: /home/subhalaxmi/nidar_ws/install/px4_msgs/include/px4_msgs/px4_msgs/msg/detail/estimator_aid_source2d__type_support.h\n'}
[17.651577] (px4_msgs) StdoutLine: {'line': b'-- Up-to-date: /home/subhalaxmi/nidar_ws/install/px4_msgs/include/px4_msgs/px4_msgs/msg/detail/autotune_attitude_control_status__type_support.h\n'}
[17.652231] (px4_msgs) StdoutLine: {'line': b'-- Up-to-date: /home/subhalaxmi/nidar_ws/install/px4_msgs/include/px4_msgs/px4_msgs/msg/detail/sensor_accel_fifo__functions.c\n'}
[17.652932] (px4_msgs) StdoutLine: {'line': b'-- Up-to-date: /home/subhalaxmi/nidar_ws/install/px4_msgs/include/px4_msgs/px4_msgs/msg/detail/satellite_info__functions.h\n'}
[17.653168] (-) TimerEvent: {}
[17.653450] (px4_msgs) StdoutLine: {'line': b'-- Up-to-date: /home/subhalaxmi/nidar_ws/install/px4_msgs/include/px4_msgs/px4_msgs/msg/detail/transponder_report__functions.h\n'}
[17.653690] (px4_msgs) StdoutLine: {'line': b'-- Up-to-date: /home/subhalaxmi/nidar_ws/install/px4_msgs/include/px4_msgs/px4_msgs/msg/detail/actuator_outputs__type_support.h\n'}
[17.653887] (px4_msgs) StdoutLine: {'line': b'-- Up-to-date: /home/subhalaxmi/nidar_ws/install/px4_msgs/include/px4_msgs/px4_msgs/msg/detail/dronecan_node_status__struct.h\n'}
[17.654346] (px4_msgs) StdoutLine: {'line': b'-- Up-to-date: /home/subhalaxmi/nidar_ws/install/px4_msgs/include/px4_msgs/px4_msgs/msg/detail/fixed_wing_lateral_setpoint__functions.h\n'}
[17.654583] (px4_msgs) StdoutLine: {'line': b'-- Up-to-date: /home/subhalaxmi/nidar_ws/install/px4_msgs/include/px4_msgs/px4_msgs/msg/detail/estimator_status__struct.h\n'}
[17.654778] (px4_msgs) StdoutLine: {'line': b'-- Up-to-date: /home/subhalaxmi/nidar_ws/install/px4_msgs/include/px4_msgs/px4_msgs/msg/detail/rover_steering_setpoint__type_support.h\n'}
[17.654976] (px4_msgs) StdoutLine: {'line': b'-- Up-to-date: /home/subhalaxmi/nidar_ws/install/px4_msgs/include/px4_msgs/px4_msgs/msg/detail/airspeed_wind__struct.h\n'}
[17.655210] (px4_msgs) StdoutLine: {'line': b'-- Up-to-date: /home/subhalaxmi/nidar_ws/install/px4_msgs/include/px4_msgs/px4_msgs/msg/detail/gpio_request__functions.c\n'}
[17.655414] (px4_msgs) StdoutLine: {'line': b'-- Up-to-date: /home/subhalaxmi/nidar_ws/install/px4_msgs/include/px4_msgs/px4_msgs/msg/detail/tiltrotor_extra_controls__struct.h\n'}
[17.655599] (px4_msgs) StdoutLine: {'line': b'-- Up-to-date: /home/subhalaxmi/nidar_ws/install/px4_msgs/include/px4_msgs/px4_msgs/msg/detail/generator_status__functions.h\n'}
[17.655790] (px4_msgs) StdoutLine: {'line': b'-- Up-to-date: /home/subhalaxmi/nidar_ws/install/px4_msgs/include/px4_msgs/px4_msgs/msg/detail/vehicle_thrust_setpoint__functions.c\n'}
[17.655986] (px4_msgs) StdoutLine: {'line': b'-- Up-to-date: /home/subhalaxmi/nidar_ws/install/px4_msgs/include/px4_msgs/px4_msgs/msg/detail/vehicle_magnetometer__struct.h\n'}
[17.656322] (px4_msgs) StdoutLine: {'line': b'-- Up-to-date: /home/subhalaxmi/nidar_ws/install/px4_msgs/include/px4_msgs/px4_msgs/msg/detail/mission__struct.h\n'}
[17.656723] (px4_msgs) StdoutLine: {'line': b'-- Up-to-date: /home/subhalaxmi/nidar_ws/install/px4_msgs/include/px4_msgs/px4_msgs/msg/detail/figure_eight_status__type_support.h\n'}
[17.657119] (px4_msgs) StdoutLine: {'line': b'-- Up-to-date: /home/subhalaxmi/nidar_ws/install/px4_msgs/include/px4_msgs/px4_msgs/msg/detail/rover_attitude_status__type_support.h\n'}
[17.657619] (px4_msgs) StdoutLine: {'line': b'-- Up-to-date: /home/subhalaxmi/nidar_ws/install/px4_msgs/include/px4_msgs/px4_msgs/msg/detail/sensor_baro__functions.h\n'}
[17.657910] (px4_msgs) StdoutLine: {'line': b'-- Up-to-date: /home/subhalaxmi/nidar_ws/install/px4_msgs/include/px4_msgs/px4_msgs/msg/detail/health_report__struct.h\n'}
[17.658094] (px4_msgs) StdoutLine: {'line': b'-- Up-to-date: /home/subhalaxmi/nidar_ws/install/px4_msgs/include/px4_msgs/px4_msgs/msg/detail/failsafe_flags__functions.h\n'}
[17.658322] (px4_msgs) StdoutLine: {'line': b'-- Up-to-date: /home/subhalaxmi/nidar_ws/install/px4_msgs/include/px4_msgs/px4_msgs/msg/detail/takeoff_status__functions.c\n'}
[17.658506] (px4_msgs) StdoutLine: {'line': b'-- Up-to-date: /home/subhalaxmi/nidar_ws/install/px4_msgs/include/px4_msgs/px4_msgs/msg/detail/rtl_time_estimate__functions.h\n'}
[17.658676] (px4_msgs) StdoutLine: {'line': b'-- Up-to-date: /home/subhalaxmi/nidar_ws/install/px4_msgs/include/px4_msgs/px4_msgs/msg/detail/cellular_status__struct.h\n'}
[17.658855] (px4_msgs) StdoutLine: {'line': b'-- Up-to-date: /home/subhalaxmi/nidar_ws/install/px4_msgs/include/px4_msgs/px4_msgs/msg/detail/mavlink_tunnel__functions.c\n'}
[17.659038] (px4_msgs) StdoutLine: {'line': b'-- Up-to-date: /home/subhalaxmi/nidar_ws/install/px4_msgs/include/px4_msgs/px4_msgs/msg/detail/airspeed_validated__struct.h\n'}
[17.659258] (px4_msgs) StdoutLine: {'line': b'-- Up-to-date: /home/subhalaxmi/nidar_ws/install/px4_msgs/include/px4_msgs/px4_msgs/msg/detail/ping__functions.h\n'}
[17.659473] (px4_msgs) StdoutLine: {'line': b'-- Up-to-date: /home/subhalaxmi/nidar_ws/install/px4_msgs/include/px4_msgs/px4_msgs/msg/detail/tune_control__type_support.h\n'}
[17.659652] (px4_msgs) StdoutLine: {'line': b'-- Up-to-date: /home/subhalaxmi/nidar_ws/install/px4_msgs/include/px4_msgs/px4_msgs/msg/detail/mavlink_log__type_support.h\n'}
[17.660245] (px4_msgs) StdoutLine: {'line': b'-- Up-to-date: /home/subhalaxmi/nidar_ws/install/px4_msgs/include/px4_msgs/px4_msgs/msg/detail/px4io_status__type_support.h\n'}
[17.660477] (px4_msgs) StdoutLine: {'line': b'-- Up-to-date: /home/subhalaxmi/nidar_ws/install/px4_msgs/include/px4_msgs/px4_msgs/msg/detail/estimator_bias3d__struct.h\n'}
[17.660679] (px4_msgs) StdoutLine: {'line': b'-- Up-to-date: /home/subhalaxmi/nidar_ws/install/px4_msgs/include/px4_msgs/px4_msgs/msg/detail/sensor_optical_flow__functions.h\n'}
[17.660875] (px4_msgs) StdoutLine: {'line': b'-- Up-to-date: /home/subhalaxmi/nidar_ws/install/px4_msgs/include/px4_msgs/px4_msgs/msg/detail/lateral_control_configuration__struct.h\n'}
[17.661067] (px4_msgs) StdoutLine: {'line': b'-- Up-to-date: /home/subhalaxmi/nidar_ws/install/px4_msgs/include/px4_msgs/px4_msgs/msg/detail/actuator_servos__type_support.h\n'}
[17.661279] (px4_msgs) StdoutLine: {'line': b'-- Up-to-date: /home/subhalaxmi/nidar_ws/install/px4_msgs/include/px4_msgs/px4_msgs/msg/detail/sensors_status__struct.h\n'}
[17.661455] (px4_msgs) StdoutLine: {'line': b'-- Up-to-date: /home/subhalaxmi/nidar_ws/install/px4_msgs/include/px4_msgs/px4_msgs/msg/detail/magnetometer_bias_estimate__functions.c\n'}
[17.661629] (px4_msgs) StdoutLine: {'line': b'-- Up-to-date: /home/subhalaxmi/nidar_ws/install/px4_msgs/include/px4_msgs/px4_msgs/msg/detail/gps_dump__functions.c\n'}
[17.661799] (px4_msgs) StdoutLine: {'line': b'-- Up-to-date: /home/subhalaxmi/nidar_ws/install/px4_msgs/include/px4_msgs/px4_msgs/msg/detail/sensor_airflow__type_support.h\n'}
[17.661966] (px4_msgs) StdoutLine: {'line': b'-- Up-to-date: /home/subhalaxmi/nidar_ws/install/px4_msgs/include/px4_msgs/px4_msgs/msg/detail/vehicle_imu_status__type_support.h\n'}
[17.662149] (px4_msgs) StdoutLine: {'line': b'-- Up-to-date: /home/subhalaxmi/nidar_ws/install/px4_msgs/include/px4_msgs/px4_msgs/msg/detail/orb_test__functions.h\n'}
[17.662366] (px4_msgs) StdoutLine: {'line': b'-- Up-to-date: /home/subhalaxmi/nidar_ws/install/px4_msgs/include/px4_msgs/px4_msgs/msg/detail/onboard_computer_status__functions.h\n'}
[17.662542] (px4_msgs) StdoutLine: {'line': b'-- Up-to-date: /home/subhalaxmi/nidar_ws/install/px4_msgs/include/px4_msgs/px4_msgs/msg/detail/config_overrides__struct.h\n'}
[17.662710] (px4_msgs) StdoutLine: {'line': b'-- Up-to-date: /home/subhalaxmi/nidar_ws/install/px4_msgs/include/px4_msgs/px4_msgs/msg/detail/gripper__type_support.h\n'}
[17.662879] (px4_msgs) StdoutLine: {'line': b'-- Up-to-date: /home/subhalaxmi/nidar_ws/install/px4_msgs/include/px4_msgs/px4_msgs/msg/detail/qshell_req__functions.c\n'}
[17.663047] (px4_msgs) StdoutLine: {'line': b'-- Up-to-date: /home/subhalaxmi/nidar_ws/install/px4_msgs/include/px4_msgs/px4_msgs/msg/detail/gimbal_manager_information__type_support.h\n'}
[17.663277] (px4_msgs) StdoutLine: {'line': b'-- Up-to-date: /home/subhalaxmi/nidar_ws/install/px4_msgs/include/px4_msgs/px4_msgs/msg/detail/debug_value__type_support.h\n'}
[17.663475] (px4_msgs) StdoutLine: {'line': b'-- Up-to-date: /home/subhalaxmi/nidar_ws/install/px4_msgs/include/px4_msgs/px4_msgs/msg/detail/mission__functions.h\n'}
[17.663661] (px4_msgs) StdoutLine: {'line': b'-- Up-to-date: /home/subhalaxmi/nidar_ws/install/px4_msgs/include/px4_msgs/px4_msgs/msg/detail/sensor_gyro__functions.h\n'}
[17.663829] (px4_msgs) StdoutLine: {'line': b'-- Up-to-date: /home/subhalaxmi/nidar_ws/install/px4_msgs/include/px4_msgs/px4_msgs/msg/detail/estimator_aid_source2d__functions.h\n'}
[17.664003] (px4_msgs) StdoutLine: {'line': b'-- Up-to-date: /home/subhalaxmi/nidar_ws/install/px4_msgs/include/px4_msgs/px4_msgs/msg/detail/gimbal_manager_status__functions.h\n'}
[17.664215] (px4_msgs) StdoutLine: {'line': b'-- Up-to-date: /home/subhalaxmi/nidar_ws/install/px4_msgs/include/px4_msgs/px4_msgs/msg/detail/vehicle_constraints__struct.h\n'}
[17.664430] (px4_msgs) StdoutLine: {'line': b'-- Up-to-date: /home/subhalaxmi/nidar_ws/install/px4_msgs/include/px4_msgs/px4_msgs/msg/detail/orb_test_medium__struct.h\n'}
[17.664612] (px4_msgs) StdoutLine: {'line': b'-- Up-to-date: /home/subhalaxmi/nidar_ws/install/px4_msgs/include/px4_msgs/px4_msgs/msg/detail/gimbal_device_information__type_support.h\n'}
[17.664799] (px4_msgs) StdoutLine: {'line': b'-- Up-to-date: /home/subhalaxmi/nidar_ws/install/px4_msgs/include/px4_msgs/px4_msgs/msg/detail/distance_sensor__struct.h\n'}
[17.665008] (px4_msgs) StdoutLine: {'line': b'-- Up-to-date: /home/subhalaxmi/nidar_ws/install/px4_msgs/include/px4_msgs/px4_msgs/msg/detail/can_interface_status__functions.c\n'}
[17.665524] (px4_msgs) StdoutLine: {'line': b'-- Up-to-date: /home/subhalaxmi/nidar_ws/install/px4_msgs/include/px4_msgs/px4_msgs/msg/detail/estimator_status_flags__type_support.h\n'}
[17.665740] (px4_msgs) StdoutLine: {'line': b'-- Up-to-date: /home/subhalaxmi/nidar_ws/install/px4_msgs/include/px4_msgs/px4_msgs/msg/detail/sensor_baro__type_support.h\n'}
[17.665948] (px4_msgs) StdoutLine: {'line': b'-- Up-to-date: /home/subhalaxmi/nidar_ws/install/px4_msgs/include/px4_msgs/px4_msgs/msg/detail/gimbal_device_information__functions.h\n'}
[17.666155] (px4_msgs) StdoutLine: {'line': b'-- Up-to-date: /home/subhalaxmi/nidar_ws/install/px4_msgs/include/px4_msgs/px4_msgs/msg/detail/landing_target_innovations__type_support.h\n'}
[17.666372] (px4_msgs) StdoutLine: {'line': b'-- Up-to-date: /home/subhalaxmi/nidar_ws/install/px4_msgs/include/px4_msgs/px4_msgs/msg/detail/position_setpoint_triplet__functions.c\n'}
[17.666562] (px4_msgs) StdoutLine: {'line': b'-- Up-to-date: /home/subhalaxmi/nidar_ws/install/px4_msgs/include/px4_msgs/px4_msgs/msg/detail/rover_position_setpoint__functions.h\n'}
[17.666746] (px4_msgs) StdoutLine: {'line': b'-- Up-to-date: /home/subhalaxmi/nidar_ws/install/px4_msgs/include/px4_msgs/px4_msgs/msg/detail/orbit_status__type_support.h\n'}
[17.666930] (px4_msgs) StdoutLine: {'line': b'-- Up-to-date: /home/subhalaxmi/nidar_ws/install/px4_msgs/include/px4_msgs/px4_msgs/msg/detail/adc_report__struct.h\n'}
[17.667306] (px4_msgs) StdoutLine: {'line': b'-- Up-to-date: /home/subhalaxmi/nidar_ws/install/px4_msgs/include/px4_msgs/px4_msgs/msg/detail/gpio_config__type_support.h\n'}
[17.667555] (px4_msgs) StdoutLine: {'line': b'-- Up-to-date: /home/subhalaxmi/nidar_ws/install/px4_msgs/include/px4_msgs/px4_msgs/msg/detail/actuator_servos_trim__functions.h\n'}
[17.667745] (px4_msgs) StdoutLine: {'line': b'-- Up-to-date: /home/subhalaxmi/nidar_ws/install/px4_msgs/include/px4_msgs/px4_msgs/msg/detail/timesync_status__functions.h\n'}
[17.667924] (px4_msgs) StdoutLine: {'line': b'-- Up-to-date: /home/subhalaxmi/nidar_ws/install/px4_msgs/include/px4_msgs/px4_msgs/msg/detail/manual_control_setpoint__functions.c\n'}
[17.668116] (px4_msgs) StdoutLine: {'line': b'-- Up-to-date: /home/subhalaxmi/nidar_ws/install/px4_msgs/include/px4_msgs/px4_msgs/msg/detail/actuator_controls_status__functions.c\n'}
[17.668321] (px4_msgs) StdoutLine: {'line': b'-- Up-to-date: /home/subhalaxmi/nidar_ws/install/px4_msgs/include/px4_msgs/px4_msgs/msg/detail/actuator_controls_status__functions.h\n'}
[17.668641] (px4_msgs) StdoutLine: {'line': b'-- Up-to-date: /home/subhalaxmi/nidar_ws/install/px4_msgs/include/px4_msgs/px4_msgs/msg/detail/trajectory_setpoint6dof__functions.h\n'}
[17.668829] (px4_msgs) StdoutLine: {'line': b'-- Up-to-date: /home/subhalaxmi/nidar_ws/install/px4_msgs/include/px4_msgs/px4_msgs/msg/detail/sensor_accel_fifo__functions.h\n'}
[17.669003] (px4_msgs) StdoutLine: {'line': b'-- Up-to-date: /home/subhalaxmi/nidar_ws/install/px4_msgs/include/px4_msgs/px4_msgs/msg/detail/yaw_estimator_status__struct.h\n'}
[17.671520] (px4_msgs) StdoutLine: {'line': b'-- Up-to-date: /home/subhalaxmi/nidar_ws/install/px4_msgs/include/px4_msgs/px4_msgs/msg/detail/register_ext_component_reply__functions.c\n'}
[17.671747] (px4_msgs) StdoutLine: {'line': b'-- Up-to-date: /home/subhalaxmi/nidar_ws/install/px4_msgs/include/px4_msgs/px4_msgs/msg/detail/orbit_status__functions.h\n'}
[17.671937] (px4_msgs) StdoutLine: {'line': b'-- Up-to-date: /home/subhalaxmi/nidar_ws/install/px4_msgs/include/px4_msgs/px4_msgs/msg/detail/wind__functions.c\n'}
[17.672157] (px4_msgs) StdoutLine: {'line': b'-- Up-to-date: /home/subhalaxmi/nidar_ws/install/px4_msgs/include/px4_msgs/px4_msgs/msg/detail/vehicle_imu__functions.h\n'}
[17.672375] (px4_msgs) StdoutLine: {'line': b'-- Up-to-date: /home/subhalaxmi/nidar_ws/install/px4_msgs/include/px4_msgs/px4_msgs/msg/detail/sensor_preflight_mag__type_support.h\n'}
[17.672699] (px4_msgs) StdoutLine: {'line': b'-- Up-to-date: /home/subhalaxmi/nidar_ws/install/px4_msgs/include/px4_msgs/px4_msgs/msg/detail/can_interface_status__functions.h\n'}
[17.672904] (px4_msgs) StdoutLine: {'line': b'-- Up-to-date: /home/subhalaxmi/nidar_ws/install/px4_msgs/include/px4_msgs/px4_msgs/msg/detail/ping__type_support.h\n'}
[17.673087] (px4_msgs) StdoutLine: {'line': b'-- Up-to-date: /home/subhalaxmi/nidar_ws/install/px4_msgs/include/px4_msgs/px4_msgs/msg/detail/battery_info__type_support.h\n'}
[17.673312] (px4_msgs) StdoutLine: {'line': b'-- Up-to-date: /home/subhalaxmi/nidar_ws/install/px4_msgs/include/px4_msgs/px4_msgs/msg/detail/gpio_request__functions.h\n'}
[17.673500] (px4_msgs) StdoutLine: {'line': b'-- Up-to-date: /home/subhalaxmi/nidar_ws/install/px4_msgs/include/px4_msgs/px4_msgs/msg/detail/gripper__functions.c\n'}
[17.673682] (px4_msgs) StdoutLine: {'line': b'-- Up-to-date: /home/subhalaxmi/nidar_ws/install/px4_msgs/include/px4_msgs/px4_msgs/msg/detail/debug_key_value__struct.h\n'}
[17.673865] (px4_msgs) StdoutLine: {'line': b'-- Up-to-date: /home/subhalaxmi/nidar_ws/install/px4_msgs/include/px4_msgs/px4_msgs/msg/detail/trajectory_setpoint6dof__struct.h\n'}
[17.674081] (px4_msgs) StdoutLine: {'line': b'-- Up-to-date: /home/subhalaxmi/nidar_ws/install/px4_msgs/include/px4_msgs/px4_msgs/msg/detail/rover_speed_setpoint__struct.h\n'}
[17.677433] (px4_msgs) StdoutLine: {'line': b'-- Up-to-date: /home/subhalaxmi/nidar_ws/install/px4_msgs/include/px4_msgs/px4_msgs/msg/detail/gpio_in__functions.h\n'}
[17.677852] (px4_msgs) StdoutLine: {'line': b'-- Up-to-date: /home/subhalaxmi/nidar_ws/install/px4_msgs/include/px4_msgs/px4_msgs/msg/detail/gpio_config__struct.h\n'}
[17.678244] (px4_msgs) StdoutLine: {'line': b'-- Up-to-date: /home/subhalaxmi/nidar_ws/install/px4_msgs/include/px4_msgs/px4_msgs/msg/detail/dataman_response__functions.h\n'}
[17.678623] (px4_msgs) StdoutLine: {'line': b'-- Up-to-date: /home/subhalaxmi/nidar_ws/install/px4_msgs/include/px4_msgs/px4_msgs/msg/detail/estimator_states__functions.c\n'}
[17.678857] (px4_msgs) StdoutLine: {'line': b'-- Up-to-date: /home/subhalaxmi/nidar_ws/install/px4_msgs/include/px4_msgs/px4_msgs/msg/detail/internal_combustion_engine_control__functions.c\n'}
[17.679121] (px4_msgs) StdoutLine: {'line': b'-- Up-to-date: /home/subhalaxmi/nidar_ws/install/px4_msgs/include/px4_msgs/px4_msgs/msg/detail/rover_throttle_setpoint__struct.h\n'}
[17.679428] (px4_msgs) StdoutLine: {'line': b'-- Up-to-date: /home/subhalaxmi/nidar_ws/install/px4_msgs/include/px4_msgs/px4_msgs/msg/detail/mission__functions.c\n'}
[17.679683] (px4_msgs) StdoutLine: {'line': b'-- Up-to-date: /home/subhalaxmi/nidar_ws/install/px4_msgs/include/px4_msgs/px4_msgs/msg/detail/landing_gear__type_support.h\n'}
[17.679968] (px4_msgs) StdoutLine: {'line': b'-- Up-to-date: /home/subhalaxmi/nidar_ws/install/px4_msgs/include/px4_msgs/px4_msgs/msg/detail/gimbal_manager_set_attitude__functions.h\n'}
[17.683470] (px4_msgs) StdoutLine: {'line': b'-- Up-to-date: /home/subhalaxmi/nidar_ws/install/px4_msgs/include/px4_msgs/px4_msgs/msg/detail/tiltrotor_extra_controls__type_support.h\n'}
[17.683741] (px4_msgs) StdoutLine: {'line': b'-- Up-to-date: /home/subhalaxmi/nidar_ws/install/px4_msgs/include/px4_msgs/px4_msgs/msg/detail/follow_target_estimator__type_support.h\n'}
[17.683950] (px4_msgs) StdoutLine: {'line': b'-- Up-to-date: /home/subhalaxmi/nidar_ws/install/px4_msgs/include/px4_msgs/px4_msgs/msg/detail/vehicle_local_position__functions.h\n'}
[17.684251] (px4_msgs) StdoutLine: {'line': b'-- Up-to-date: /home/subhalaxmi/nidar_ws/install/px4_msgs/include/px4_msgs/px4_msgs/msg/detail/vehicle_optical_flow_vel__functions.h\n'}
[17.684514] (px4_msgs) StdoutLine: {'line': b'-- Up-to-date: /home/subhalaxmi/nidar_ws/install/px4_msgs/include/px4_msgs/px4_msgs/msg/detail/task_stack_info__struct.h\n'}
[17.684734] (px4_msgs) StdoutLine: {'line': b'-- Up-to-date: /home/subhalaxmi/nidar_ws/install/px4_msgs/include/px4_msgs/px4_msgs/msg/detail/actuator_motors__type_support.h\n'}
[17.684919] (px4_msgs) StdoutLine: {'line': b'-- Up-to-date: /home/subhalaxmi/nidar_ws/install/px4_msgs/include/px4_msgs/px4_msgs/msg/detail/rc_channels__functions.c\n'}
[17.685125] (px4_msgs) StdoutLine: {'line': b'-- Up-to-date: /home/subhalaxmi/nidar_ws/install/px4_msgs/include/px4_msgs/px4_msgs/msg/detail/rover_attitude_status__functions.h\n'}
[17.685373] (px4_msgs) StdoutLine: {'line': b'-- Up-to-date: /home/subhalaxmi/nidar_ws/install/px4_msgs/include/px4_msgs/px4_msgs/msg/detail/internal_combustion_engine_status__type_support.h\n'}
[17.685574] (px4_msgs) StdoutLine: {'line': b'-- Up-to-date: /home/subhalaxmi/nidar_ws/install/px4_msgs/include/px4_msgs/px4_msgs/msg/detail/vehicle_command__struct.h\n'}
[17.685805] (px4_msgs) StdoutLine: {'line': b'-- Up-to-date: /home/subhalaxmi/nidar_ws/install/px4_msgs/include/px4_msgs/px4_msgs/msg/detail/vehicle_status__type_support.h\n'}
[17.686097] (px4_msgs) StdoutLine: {'line': b'-- Up-to-date: /home/subhalaxmi/nidar_ws/install/px4_msgs/include/px4_msgs/px4_msgs/msg/detail/iridiumsbd_status__type_support.h\n'}
[17.687788] (px4_msgs) StdoutLine: {'line': b'-- Up-to-date: /home/subhalaxmi/nidar_ws/install/px4_msgs/include/px4_msgs/px4_msgs/msg/detail/trajectory_setpoint__functions.c\n'}
[17.688005] (px4_msgs) StdoutLine: {'line': b'-- Up-to-date: /home/subhalaxmi/nidar_ws/install/px4_msgs/include/px4_msgs/px4_msgs/msg/detail/input_rc__functions.c\n'}
[17.688235] (px4_msgs) StdoutLine: {'line': b'-- Up-to-date: /home/subhalaxmi/nidar_ws/install/px4_msgs/include/px4_msgs/px4_msgs/msg/detail/figure_eight_status__struct.h\n'}
[17.688441] (px4_msgs) StdoutLine: {'line': b'-- Up-to-date: /home/subhalaxmi/nidar_ws/install/px4_msgs/include/px4_msgs/px4_msgs/msg/detail/follow_target_estimator__struct.h\n'}
[17.688645] (px4_msgs) StdoutLine: {'line': b'-- Up-to-date: /home/subhalaxmi/nidar_ws/install/px4_msgs/include/px4_msgs/px4_msgs/msg/detail/actuator_motors__functions.c\n'}
[17.688828] (px4_msgs) StdoutLine: {'line': b'-- Up-to-date: /home/subhalaxmi/nidar_ws/install/px4_msgs/include/px4_msgs/px4_msgs/msg/detail/rate_ctrl_status__functions.h\n'}
[17.691200] (px4_msgs) StdoutLine: {'line': b'-- Up-to-date: /home/subhalaxmi/nidar_ws/install/px4_msgs/include/px4_msgs/px4_msgs/msg/detail/vehicle_optical_flow__type_support.h\n'}
[17.691460] (px4_msgs) StdoutLine: {'line': b'-- Up-to-date: /home/subhalaxmi/nidar_ws/install/px4_msgs/include/px4_msgs/px4_msgs/msg/detail/px4io_status__struct.h\n'}
[17.691660] (px4_msgs) StdoutLine: {'line': b'-- Up-to-date: /home/subhalaxmi/nidar_ws/install/px4_msgs/include/px4_msgs/px4_msgs/msg/detail/navigator_status__type_support.h\n'}
[17.691851] (px4_msgs) StdoutLine: {'line': b'-- Up-to-date: /home/subhalaxmi/nidar_ws/install/px4_msgs/include/px4_msgs/px4_msgs/msg/detail/lateral_control_configuration__functions.c\n'}
[17.692067] (px4_msgs) StdoutLine: {'line': b'-- Up-to-date: /home/subhalaxmi/nidar_ws/install/px4_msgs/include/px4_msgs/px4_msgs/msg/detail/differential_pressure__functions.c\n'}
[17.692468] (px4_msgs) StdoutLine: {'line': b'-- Up-to-date: /home/subhalaxmi/nidar_ws/install/px4_msgs/include/px4_msgs/px4_msgs/msg/detail/vehicle_imu_status__functions.h\n'}
[17.692682] (px4_msgs) StdoutLine: {'line': b'-- Up-to-date: /home/subhalaxmi/nidar_ws/install/px4_msgs/include/px4_msgs/px4_msgs/msg/detail/actuator_armed__functions.h\n'}
[17.692879] (px4_msgs) StdoutLine: {'line': b'-- Up-to-date: /home/subhalaxmi/nidar_ws/install/px4_msgs/include/px4_msgs/px4_msgs/msg/detail/satellite_info__functions.c\n'}
[17.693067] (px4_msgs) StdoutLine: {'line': b'-- Up-to-date: /home/subhalaxmi/nidar_ws/install/px4_msgs/include/px4_msgs/px4_msgs/msg/detail/sensor_hygrometer__type_support.h\n'}
[17.693294] (px4_msgs) StdoutLine: {'line': b'-- Up-to-date: /home/subhalaxmi/nidar_ws/install/px4_msgs/include/px4_msgs/px4_msgs/msg/detail/gpio_in__type_support.h\n'}
[17.693493] (px4_msgs) StdoutLine: {'line': b'-- Up-to-date: /home/subhalaxmi/nidar_ws/install/px4_msgs/include/px4_msgs/px4_msgs/msg/detail/sensor_mag__functions.h\n'}
[17.693684] (px4_msgs) StdoutLine: {'line': b'-- Up-to-date: /home/subhalaxmi/nidar_ws/install/px4_msgs/include/px4_msgs/px4_msgs/msg/detail/internal_combustion_engine_control__type_support.h\n'}
[17.693884] (px4_msgs) StdoutLine: {'line': b'-- Up-to-date: /home/subhalaxmi/nidar_ws/install/px4_msgs/include/px4_msgs/px4_msgs/msg/detail/vehicle_status__functions.c\n'}
[17.694078] (px4_msgs) StdoutLine: {'line': b'-- Up-to-date: /home/subhalaxmi/nidar_ws/install/px4_msgs/include/px4_msgs/px4_msgs/msg/detail/sensors_status_imu__functions.c\n'}
[17.694287] (px4_msgs) StdoutLine: {'line': b'-- Up-to-date: /home/subhalaxmi/nidar_ws/install/px4_msgs/include/px4_msgs/px4_msgs/msg/detail/geofence_result__functions.c\n'}
[17.694473] (px4_msgs) StdoutLine: {'line': b'-- Up-to-date: /home/subhalaxmi/nidar_ws/install/px4_msgs/include/px4_msgs/px4_msgs/msg/detail/esc_status__functions.c\n'}
[17.694651] (px4_msgs) StdoutLine: {'line': b'-- Up-to-date: /home/subhalaxmi/nidar_ws/install/px4_msgs/include/px4_msgs/px4_msgs/msg/detail/vehicle_angular_acceleration_setpoint__functions.c\n'}
[17.694824] (px4_msgs) StdoutLine: {'line': b'-- Up-to-date: /home/subhalaxmi/nidar_ws/install/px4_msgs/include/px4_msgs/px4_msgs/msg/detail/raptor_status__type_support.h\n'}
[17.695001] (px4_msgs) StdoutLine: {'line': b'-- Up-to-date: /home/subhalaxmi/nidar_ws/install/px4_msgs/include/px4_msgs/px4_msgs/msg/detail/sensor_baro__functions.c\n'}
[17.697687] (px4_msgs) StdoutLine: {'line': b'-- Up-to-date: /home/subhalaxmi/nidar_ws/install/px4_msgs/include/px4_msgs/px4_msgs/msg/detail/sensor_preflight_mag__struct.h\n'}
[17.699328] (px4_msgs) StdoutLine: {'line': b'-- Up-to-date: /home/subhalaxmi/nidar_ws/install/px4_msgs/include/px4_msgs/px4_msgs/msg/detail/internal_combustion_engine_control__struct.h\n'}
[17.699607] (px4_msgs) StdoutLine: {'line': b'-- Up-to-date: /home/subhalaxmi/nidar_ws/install/px4_msgs/include/px4_msgs/px4_msgs/msg/detail/register_ext_component_reply__struct.h\n'}
[17.699801] (px4_msgs) StdoutLine: {'line': b'-- Up-to-date: /home/subhalaxmi/nidar_ws/install/px4_msgs/include/px4_msgs/px4_msgs/msg/detail/uavcan_parameter_value__functions.c\n'}
[17.699984] (px4_msgs) StdoutLine: {'line': b'-- Up-to-date: /home/subhalaxmi/nidar_ws/install/px4_msgs/include/px4_msgs/px4_msgs/msg/detail/vehicle_land_detected__struct.h\n'}
[17.700202] (px4_msgs) StdoutLine: {'line': b'-- Up-to-date: /home/subhalaxmi/nidar_ws/install/px4_msgs/include/px4_msgs/px4_msgs/msg/detail/orbit_status__functions.c\n'}
[17.700411] (px4_msgs) StdoutLine: {'line': b'-- Up-to-date: /home/subhalaxmi/nidar_ws/install/px4_msgs/include/px4_msgs/px4_msgs/msg/detail/parameter_reset_request__struct.h\n'}
[17.700609] (px4_msgs) StdoutLine: {'line': b'-- Up-to-date: /home/subhalaxmi/nidar_ws/install/px4_msgs/include/px4_msgs/px4_msgs/msg/detail/rtl_time_estimate__struct.h\n'}
[17.700800] (px4_msgs) StdoutLine: {'line': b'-- Up-to-date: /home/subhalaxmi/nidar_ws/install/px4_msgs/include/px4_msgs/px4_msgs/msg/detail/vehicle_optical_flow__struct.h\n'}
[17.700997] (px4_msgs) StdoutLine: {'line': b'-- Up-to-date: /home/subhalaxmi/nidar_ws/install/px4_msgs/include/px4_msgs/px4_msgs/msg/detail/vehicle_rates_setpoint__functions.h\n'}
[17.702150] (px4_msgs) StdoutLine: {'line': b'-- Up-to-date: /home/subhalaxmi/nidar_ws/install/px4_msgs/include/px4_msgs/px4_msgs/msg/detail/parameter_set_value_request__type_support.h\n'}
[17.702409] (px4_msgs) StdoutLine: {'line': b'-- Up-to-date: /home/subhalaxmi/nidar_ws/install/px4_msgs/include/px4_msgs/px4_msgs/msg/detail/geofence_result__type_support.h\n'}
[17.702612] (px4_msgs) StdoutLine: {'line': b'-- Up-to-date: /home/subhalaxmi/nidar_ws/install/px4_msgs/include/px4_msgs/px4_msgs/msg/detail/estimator_event_flags__functions.h\n'}
[17.702809] (px4_msgs) StdoutLine: {'line': b'-- Up-to-date: /home/subhalaxmi/nidar_ws/install/px4_msgs/include/px4_msgs/px4_msgs/msg/detail/autotune_attitude_control_status__functions.h\n'}
[17.703003] (px4_msgs) StdoutLine: {'line': b'-- Up-to-date: /home/subhalaxmi/nidar_ws/install/px4_msgs/include/px4_msgs/px4_msgs/msg/detail/vehicle_constraints__functions.h\n'}
[17.703243] (px4_msgs) StdoutLine: {'line': b'-- Up-to-date: /home/subhalaxmi/nidar_ws/install/px4_msgs/include/px4_msgs/px4_msgs/msg/detail/power_button_state__type_support.h\n'}
[17.703477] (px4_msgs) StdoutLine: {'line': b'-- Up-to-date: /home/subhalaxmi/nidar_ws/install/px4_msgs/include/px4_msgs/px4_msgs/msg/detail/estimator_innovations__type_support.h\n'}
[17.703687] (px4_msgs) StdoutLine: {'line': b'-- Up-to-date: /home/subhalaxmi/nidar_ws/install/px4_msgs/include/px4_msgs/px4_msgs/msg/detail/battery_status__struct.h\n'}
[17.703873] (px4_msgs) StdoutLine: {'line': b'-- Up-to-date: /home/subhalaxmi/nidar_ws/install/px4_msgs/include/px4_msgs/px4_msgs/msg/detail/estimator_status_flags__struct.h\n'}
[17.704055] (px4_msgs) StdoutLine: {'line': b'-- Up-to-date: /home/subhalaxmi/nidar_ws/install/px4_msgs/include/px4_msgs/px4_msgs/msg/detail/estimator_selector_status__functions.h\n'}
[17.707350] (px4_msgs) StdoutLine: {'line': b'-- Up-to-date: /home/subhalaxmi/nidar_ws/install/px4_msgs/include/px4_msgs/px4_msgs/msg/detail/mission__type_support.h\n'}
[17.707590] (px4_msgs) StdoutLine: {'line': b'-- Up-to-date: /home/subhalaxmi/nidar_ws/install/px4_msgs/include/px4_msgs/px4_msgs/msg/detail/transponder_report__struct.h\n'}
[17.708674] (px4_msgs) StdoutLine: {'line': b'-- Up-to-date: /home/subhalaxmi/nidar_ws/install/px4_msgs/include/px4_msgs/px4_msgs/msg/detail/position_setpoint_triplet__type_support.h\n'}
[17.708982] (px4_msgs) StdoutLine: {'line': b'-- Up-to-date: /home/subhalaxmi/nidar_ws/install/px4_msgs/include/px4_msgs/px4_msgs/msg/detail/fixed_wing_longitudinal_setpoint__functions.c\n'}
[17.709280] (px4_msgs) StdoutLine: {'line': b'-- Up-to-date: /home/subhalaxmi/nidar_ws/install/px4_msgs/include/px4_msgs/px4_msgs/msg/detail/estimator_selector_status__type_support.h\n'}
[17.709561] (px4_msgs) StdoutLine: {'line': b'-- Up-to-date: /home/subhalaxmi/nidar_ws/install/px4_msgs/include/px4_msgs/px4_msgs/msg/detail/iridiumsbd_status__functions.h\n'}
[17.709782] (px4_msgs) StdoutLine: {'line': b'-- Up-to-date: /home/subhalaxmi/nidar_ws/install/px4_msgs/include/px4_msgs/px4_msgs/msg/detail/radio_status__functions.h\n'}
[17.710009] (px4_msgs) StdoutLine: {'line': b'-- Up-to-date: /home/subhalaxmi/nidar_ws/install/px4_msgs/include/px4_msgs/px4_msgs/msg/detail/gpio_out__functions.h\n'}
[17.710339] (px4_msgs) StdoutLine: {'line': b'-- Up-to-date: /home/subhalaxmi/nidar_ws/install/px4_msgs/include/px4_msgs/px4_msgs/msg/detail/gimbal_manager_set_attitude__struct.h\n'}
[17.710571] (px4_msgs) StdoutLine: {'line': b'-- Up-to-date: /home/subhalaxmi/nidar_ws/install/px4_msgs/include/px4_msgs/px4_msgs/msg/detail/estimator_aid_source3d__struct.h\n'}
[17.710782] (px4_msgs) StdoutLine: {'line': b'-- Up-to-date: /home/subhalaxmi/nidar_ws/install/px4_msgs/include/px4_msgs/px4_msgs/msg/detail/estimator_gps_status__functions.h\n'}
[17.711131] (px4_msgs) StdoutLine: {'line': b'-- Up-to-date: /home/subhalaxmi/nidar_ws/install/px4_msgs/include/px4_msgs/px4_msgs/msg/detail/register_ext_component_reply__type_support.h\n'}
[17.711396] (px4_msgs) StdoutLine: {'line': b'-- Up-to-date: /home/subhalaxmi/nidar_ws/install/px4_msgs/include/px4_msgs/px4_msgs/msg/detail/actuator_servos_trim__type_support.h\n'}
[17.711587] (px4_msgs) StdoutLine: {'line': b'-- Up-to-date: /home/subhalaxmi/nidar_ws/install/px4_msgs/include/px4_msgs/px4_msgs/msg/detail/sensor_gyro_fft__functions.c\n'}
[17.711853] (px4_msgs) StdoutLine: {'line': b'-- Up-to-date: /home/subhalaxmi/nidar_ws/install/px4_msgs/include/px4_msgs/px4_msgs/msg/detail/follow_target__functions.h\n'}
[17.712086] (px4_msgs) StdoutLine: {'line': b'-- Up-to-date: /home/subhalaxmi/nidar_ws/install/px4_msgs/include/px4_msgs/px4_msgs/msg/detail/sensor_optical_flow__struct.h\n'}
[17.712358] (px4_msgs) StdoutLine: {'line': b'-- Up-to-date: /home/subhalaxmi/nidar_ws/install/px4_msgs/include/px4_msgs/px4_msgs/msg/detail/internal_combustion_engine_control__functions.h\n'}
[17.712569] (px4_msgs) StdoutLine: {'line': b'-- Up-to-date: /home/subhalaxmi/nidar_ws/install/px4_msgs/include/px4_msgs/px4_msgs/msg/detail/pure_pursuit_status__type_support.h\n'}
[17.712758] (px4_msgs) StdoutLine: {'line': b'-- Up-to-date: /home/subhalaxmi/nidar_ws/install/px4_msgs/include/px4_msgs/px4_msgs/msg/detail/normalized_unsigned_setpoint__functions.c\n'}
[17.712954] (px4_msgs) StdoutLine: {'line': b'-- Up-to-date: /home/subhalaxmi/nidar_ws/install/px4_msgs/include/px4_msgs/px4_msgs/msg/detail/open_drone_id_system__struct.h\n'}
[17.713182] (px4_msgs) StdoutLine: {'line': b'-- Up-to-date: /home/subhalaxmi/nidar_ws/install/px4_msgs/include/px4_msgs/px4_msgs/msg/detail/mount_orientation__functions.h\n'}
[17.714275] (px4_msgs) StdoutLine: {'line': b'-- Up-to-date: /home/subhalaxmi/nidar_ws/install/px4_msgs/include/px4_msgs/px4_msgs/msg/detail/ulog_stream_ack__functions.c\n'}
[17.715056] (px4_msgs) StdoutLine: {'line': b'-- Up-to-date: /home/subhalaxmi/nidar_ws/install/px4_msgs/include/px4_msgs/px4_msgs/msg/detail/power_monitor__type_support.h\n'}
[17.715512] (px4_msgs) StdoutLine: {'line': b'-- Up-to-date: /home/subhalaxmi/nidar_ws/install/px4_msgs/include/px4_msgs/px4_msgs/msg/detail/estimator_status__type_support.h\n'}
[17.715877] (px4_msgs) StdoutLine: {'line': b'-- Up-to-date: /home/subhalaxmi/nidar_ws/install/px4_msgs/include/px4_msgs/px4_msgs/msg/detail/vehicle_roi__type_support.h\n'}
[17.716774] (px4_msgs) StdoutLine: {'line': b'-- Up-to-date: /home/subhalaxmi/nidar_ws/install/px4_msgs/include/px4_msgs/px4_msgs/msg/detail/gimbal_device_attitude_status__struct.h\n'}
[17.717151] (px4_msgs) StdoutLine: {'line': b'-- Up-to-date: /home/subhalaxmi/nidar_ws/install/px4_msgs/include/px4_msgs/px4_msgs/msg/detail/radio_status__struct.h\n'}
[17.717403] (px4_msgs) StdoutLine: {'line': b'-- Up-to-date: /home/subhalaxmi/nidar_ws/install/px4_msgs/include/px4_msgs/px4_msgs/msg/detail/collision_constraints__struct.h\n'}
[17.717602] (px4_msgs) StdoutLine: {'line': b'-- Up-to-date: /home/subhalaxmi/nidar_ws/install/px4_msgs/include/px4_msgs/px4_msgs/msg/detail/geofence_status__functions.c\n'}
[17.717812] (px4_msgs) StdoutLine: {'line': b'-- Up-to-date: /home/subhalaxmi/nidar_ws/install/px4_msgs/include/px4_msgs/px4_msgs/msg/detail/rover_attitude_status__functions.c\n'}
[17.717994] (px4_msgs) StdoutLine: {'line': b'-- Up-to-date: /home/subhalaxmi/nidar_ws/install/px4_msgs/include/px4_msgs/px4_msgs/msg/detail/vehicle_angular_acceleration_setpoint__functions.h\n'}
[17.718220] (px4_msgs) StdoutLine: {'line': b'-- Up-to-date: /home/subhalaxmi/nidar_ws/install/px4_msgs/include/px4_msgs/px4_msgs/msg/detail/rtl_status__struct.h\n'}
[17.718432] (px4_msgs) StdoutLine: {'line': b'-- Up-to-date: /home/subhalaxmi/nidar_ws/install/px4_msgs/include/px4_msgs/px4_msgs/msg/detail/vehicle_magnetometer__functions.h\n'}
[17.718622] (px4_msgs) StdoutLine: {'line': b'-- Up-to-date: /home/subhalaxmi/nidar_ws/install/px4_msgs/include/px4_msgs/px4_msgs/msg/detail/camera_capture__struct.h\n'}
[17.718807] (px4_msgs) StdoutLine: {'line': b'-- Up-to-date: /home/subhalaxmi/nidar_ws/install/px4_msgs/include/px4_msgs/px4_msgs/msg/detail/gimbal_controls__type_support.h\n'}
[17.718987] (px4_msgs) StdoutLine: {'line': b'-- Up-to-date: /home/subhalaxmi/nidar_ws/install/px4_msgs/include/px4_msgs/px4_msgs/msg/detail/config_overrides__type_support.h\n'}
[17.719203] (px4_msgs) StdoutLine: {'line': b'-- Up-to-date: /home/subhalaxmi/nidar_ws/install/px4_msgs/include/px4_msgs/px4_msgs/msg/detail/home_position__functions.c\n'}
[17.719541] (px4_msgs) StdoutLine: {'line': b'-- Up-to-date: /home/subhalaxmi/nidar_ws/install/px4_msgs/include/px4_msgs/px4_msgs/msg/detail/mavlink_tunnel__struct.h\n'}
[17.719724] (px4_msgs) StdoutLine: {'line': b'-- Up-to-date: /home/subhalaxmi/nidar_ws/install/px4_msgs/include/px4_msgs/px4_msgs/msg/detail/rover_speed_status__type_support.h\n'}
[17.719906] (px4_msgs) StdoutLine: {'line': b'-- Up-to-date: /home/subhalaxmi/nidar_ws/install/px4_msgs/include/px4_msgs/px4_msgs/msg/detail/estimator_event_flags__struct.h\n'}
[17.720088] (px4_msgs) StdoutLine: {'line': b'-- Up-to-date: /home/subhalaxmi/nidar_ws/install/px4_msgs/include/px4_msgs/px4_msgs/msg/detail/iridiumsbd_status__functions.c\n'}
[17.720350] (px4_msgs) StdoutLine: {'line': b'-- Up-to-date: /home/subhalaxmi/nidar_ws/install/px4_msgs/include/px4_msgs/px4_msgs/msg/detail/position_controller_landing_status__type_support.h\n'}
[17.720789] (px4_msgs) StdoutLine: {'line': b'-- Up-to-date: /home/subhalaxmi/nidar_ws/install/px4_msgs/include/px4_msgs/px4_msgs/msg/detail/gps_dump__functions.h\n'}
[17.721325] (px4_msgs) StdoutLine: {'line': b'-- Up-to-date: /home/subhalaxmi/nidar_ws/install/px4_msgs/include/px4_msgs/px4_msgs/msg/detail/event__functions.h\n'}
[17.721628] (px4_msgs) StdoutLine: {'line': b'-- Up-to-date: /home/subhalaxmi/nidar_ws/install/px4_msgs/include/px4_msgs/px4_msgs/msg/detail/battery_info__functions.c\n'}
[17.721896] (px4_msgs) StdoutLine: {'line': b'-- Up-to-date: /home/subhalaxmi/nidar_ws/install/px4_msgs/include/px4_msgs/px4_msgs/msg/detail/trajectory_setpoint__struct.h\n'}
[17.723191] (px4_msgs) StdoutLine: {'line': b'-- Up-to-date: /home/subhalaxmi/nidar_ws/install/px4_msgs/include/px4_msgs/px4_msgs/msg/detail/uavcan_parameter_request__functions.c\n'}
[17.723465] (px4_msgs) StdoutLine: {'line': b'-- Up-to-date: /home/subhalaxmi/nidar_ws/install/px4_msgs/include/px4_msgs/px4_msgs/msg/detail/timesync_status__struct.h\n'}
[17.723675] (px4_msgs) StdoutLine: {'line': b'-- Up-to-date: /home/subhalaxmi/nidar_ws/install/px4_msgs/include/px4_msgs/px4_msgs/msg/open_drone_id_arm_status.h\n'}
[17.723867] (px4_msgs) StdoutLine: {'line': b'-- Up-to-date: /home/subhalaxmi/nidar_ws/install/px4_msgs/include/px4_msgs/px4_msgs/msg/parameter_set_value_request.h\n'}
[17.724050] (px4_msgs) StdoutLine: {'line': b'-- Up-to-date: /home/subhalaxmi/nidar_ws/install/px4_msgs/include/px4_msgs/px4_msgs/msg/message_format_response.h\n'}
[17.724292] (px4_msgs) StdoutLine: {'line': b'-- Up-to-date: /home/subhalaxmi/nidar_ws/install/px4_msgs/include/px4_msgs/px4_msgs/msg/debug_array.h\n'}
[17.724486] (px4_msgs) StdoutLine: {'line': b'-- Up-to-date: /home/subhalaxmi/nidar_ws/install/px4_msgs/include/px4_msgs/px4_msgs/msg/debug_key_value.h\n'}
[17.724667] (px4_msgs) StdoutLine: {'line': b'-- Up-to-date: /home/subhalaxmi/nidar_ws/install/px4_msgs/include/px4_msgs/px4_msgs/msg/estimator_gps_status.h\n'}
[17.724848] (px4_msgs) StdoutLine: {'line': b'-- Up-to-date: /home/subhalaxmi/nidar_ws/install/px4_msgs/include/px4_msgs/px4_msgs/msg/tecs_status.h\n'}
[17.725024] (px4_msgs) StdoutLine: {'line': b'-- Up-to-date: /home/subhalaxmi/nidar_ws/install/px4_msgs/include/px4_msgs/px4_msgs/msg/vehicle_local_position.h\n'}
[17.725244] (px4_msgs) StdoutLine: {'line': b'-- Up-to-date: /home/subhalaxmi/nidar_ws/install/px4_msgs/include/px4_msgs/px4_msgs/msg/sensor_gyro_fifo.h\n'}
[17.725665] (px4_msgs) StdoutLine: {'line': b'-- Up-to-date: /home/subhalaxmi/nidar_ws/install/px4_msgs/include/px4_msgs/px4_msgs/msg/camera_capture.h\n'}
[17.725857] (px4_msgs) StdoutLine: {'line': b'-- Up-to-date: /home/subhalaxmi/nidar_ws/install/px4_msgs/include/px4_msgs/px4_msgs/msg/heater_status.h\n'}
[17.726043] (px4_msgs) StdoutLine: {'line': b'-- Up-to-date: /home/subhalaxmi/nidar_ws/install/px4_msgs/include/px4_msgs/px4_msgs/msg/open_drone_id_self_id.h\n'}
[17.728521] (px4_msgs) StdoutLine: {'line': b'-- Up-to-date: /home/subhalaxmi/nidar_ws/install/px4_msgs/include/px4_msgs/px4_msgs/msg/estimator_aid_source2d.h\n'}
[17.728815] (px4_msgs) StdoutLine: {'line': b'-- Up-to-date: /home/subhalaxmi/nidar_ws/install/px4_msgs/include/px4_msgs/px4_msgs/msg/rover_speed_setpoint.h\n'}
[17.729003] (px4_msgs) StdoutLine: {'line': b'-- Up-to-date: /home/subhalaxmi/nidar_ws/install/px4_msgs/include/px4_msgs/px4_msgs/msg/gimbal_manager_status.h\n'}
[17.729272] (px4_msgs) StdoutLine: {'line': b'-- Up-to-date: /home/subhalaxmi/nidar_ws/install/px4_msgs/include/px4_msgs/px4_msgs/msg/tune_control.h\n'}
[17.729474] (px4_msgs) StdoutLine: {'line': b'-- Up-to-date: /home/subhalaxmi/nidar_ws/install/px4_msgs/include/px4_msgs/px4_msgs/msg/logger_status.h\n'}
[17.729659] (px4_msgs) StdoutLine: {'line': b'-- Up-to-date: /home/subhalaxmi/nidar_ws/install/px4_msgs/include/px4_msgs/px4_msgs/msg/sensor_optical_flow.h\n'}
[17.729841] (px4_msgs) StdoutLine: {'line': b'-- Up-to-date: /home/subhalaxmi/nidar_ws/install/px4_msgs/include/px4_msgs/px4_msgs/msg/vehicle_rates_setpoint.h\n'}
[17.730019] (px4_msgs) StdoutLine: {'line': b'-- Up-to-date: /home/subhalaxmi/nidar_ws/install/px4_msgs/include/px4_msgs/px4_msgs/msg/vehicle_attitude.h\n'}
[17.731039] (px4_msgs) StdoutLine: {'line': b'-- Up-to-date: /home/subhalaxmi/nidar_ws/install/px4_msgs/include/px4_msgs/px4_msgs/msg/vehicle_torque_setpoint.h\n'}
[17.731302] (px4_msgs) StdoutLine: {'line': b'-- Up-to-date: /home/subhalaxmi/nidar_ws/install/px4_msgs/include/px4_msgs/px4_msgs/msg/dataman_request.h\n'}
[17.731506] (px4_msgs) StdoutLine: {'line': b'-- Up-to-date: /home/subhalaxmi/nidar_ws/install/px4_msgs/include/px4_msgs/px4_msgs/msg/mode_completed.h\n'}
[17.731696] (px4_msgs) StdoutLine: {'line': b'-- Up-to-date: /home/subhalaxmi/nidar_ws/install/px4_msgs/include/px4_msgs/px4_msgs/msg/rover_steering_setpoint.h\n'}
[17.731881] (px4_msgs) StdoutLine: {'line': b'-- Up-to-date: /home/subhalaxmi/nidar_ws/install/px4_msgs/include/px4_msgs/px4_msgs/msg/gpio_request.h\n'}
[17.732065] (px4_msgs) StdoutLine: {'line': b'-- Up-to-date: /home/subhalaxmi/nidar_ws/install/px4_msgs/include/px4_msgs/px4_msgs/msg/gps_inject_data.h\n'}
[17.732294] (px4_msgs) StdoutLine: {'line': b'-- Up-to-date: /home/subhalaxmi/nidar_ws/install/px4_msgs/include/px4_msgs/px4_msgs/msg/actuator_armed.h\n'}
[17.732490] (px4_msgs) StdoutLine: {'line': b'-- Up-to-date: /home/subhalaxmi/nidar_ws/install/px4_msgs/include/px4_msgs/px4_msgs/msg/gps_dump.h\n'}
[17.732677] (px4_msgs) StdoutLine: {'line': b'-- Up-to-date: /home/subhalaxmi/nidar_ws/install/px4_msgs/include/px4_msgs/px4_msgs/msg/sensor_gps.h\n'}
[17.732877] (px4_msgs) StdoutLine: {'line': b'-- Up-to-date: /home/subhalaxmi/nidar_ws/install/px4_msgs/include/px4_msgs/px4_msgs/msg/lateral_control_configuration.h\n'}
[17.733061] (px4_msgs) StdoutLine: {'line': b'-- Up-to-date: /home/subhalaxmi/nidar_ws/install/px4_msgs/include/px4_msgs/px4_msgs/msg/sensor_mag.h\n'}
[17.734330] (px4_msgs) StdoutLine: {'line': b'-- Up-to-date: /home/subhalaxmi/nidar_ws/install/px4_msgs/include/px4_msgs/px4_msgs/msg/fixed_wing_lateral_status.h\n'}
[17.734552] (px4_msgs) StdoutLine: {'line': b'-- Up-to-date: /home/subhalaxmi/nidar_ws/install/px4_msgs/include/px4_msgs/px4_msgs/msg/actuator_outputs.h\n'}
[17.734740] (px4_msgs) StdoutLine: {'line': b'-- Up-to-date: /home/subhalaxmi/nidar_ws/install/px4_msgs/include/px4_msgs/px4_msgs/msg/estimator_sensor_bias.h\n'}
[17.734920] (px4_msgs) StdoutLine: {'line': b'-- Up-to-date: /home/subhalaxmi/nidar_ws/install/px4_msgs/include/px4_msgs/px4_msgs/msg/estimator_status_flags.h\n'}
[17.735122] (px4_msgs) StdoutLine: {'line': b'-- Up-to-date: /home/subhalaxmi/nidar_ws/install/px4_msgs/include/px4_msgs/px4_msgs/msg/mission_result.h\n'}
[17.735338] (px4_msgs) StdoutLine: {'line': b'-- Up-to-date: /home/subhalaxmi/nidar_ws/install/px4_msgs/include/px4_msgs/px4_msgs/msg/tiltrotor_extra_controls.h\n'}
[17.735532] (px4_msgs) StdoutLine: {'line': b'-- Up-to-date: /home/subhalaxmi/nidar_ws/install/px4_msgs/include/px4_msgs/px4_msgs/msg/sensor_accel_fifo.h\n'}
[17.735727] (px4_msgs) StdoutLine: {'line': b'-- Up-to-date: /home/subhalaxmi/nidar_ws/install/px4_msgs/include/px4_msgs/px4_msgs/msg/collision_constraints.h\n'}
[17.735914] (px4_msgs) StdoutLine: {'line': b'-- Up-to-date: /home/subhalaxmi/nidar_ws/install/px4_msgs/include/px4_msgs/px4_msgs/msg/estimator_event_flags.h\n'}
[17.736095] (px4_msgs) StdoutLine: {'line': b'-- Up-to-date: /home/subhalaxmi/nidar_ws/install/px4_msgs/include/px4_msgs/px4_msgs/msg/vehicle_air_data.h\n'}
[17.736319] (px4_msgs) StdoutLine: {'line': b'-- Up-to-date: /home/subhalaxmi/nidar_ws/install/px4_msgs/include/px4_msgs/px4_msgs/msg/estimator_bias3d.h\n'}
[17.736503] (px4_msgs) StdoutLine: {'line': b'-- Up-to-date: /home/subhalaxmi/nidar_ws/install/px4_msgs/include/px4_msgs/px4_msgs/msg/vehicle_magnetometer.h\n'}
[17.736698] (px4_msgs) StdoutLine: {'line': b'-- Up-to-date: /home/subhalaxmi/nidar_ws/install/px4_msgs/include/px4_msgs/px4_msgs/msg/differential_pressure.h\n'}
[17.736880] (px4_msgs) StdoutLine: {'line': b'-- Up-to-date: /home/subhalaxmi/nidar_ws/install/px4_msgs/include/px4_msgs/px4_msgs/msg/gain_compression.h\n'}
[17.737039] (px4_msgs) StdoutLine: {'line': b'-- Up-to-date: /home/subhalaxmi/nidar_ws/install/px4_msgs/include/px4_msgs/px4_msgs/msg/position_controller_landing_status.h\n'}
[17.739516] (px4_msgs) StdoutLine: {'line': b'-- Up-to-date: /home/subhalaxmi/nidar_ws/install/px4_msgs/include/px4_msgs/px4_msgs/msg/internal_combustion_engine_status.h\n'}
[17.739771] (px4_msgs) StdoutLine: {'line': b'-- Up-to-date: /home/subhalaxmi/nidar_ws/install/px4_msgs/include/px4_msgs/px4_msgs/msg/estimator_innovations.h\n'}
[17.739967] (px4_msgs) StdoutLine: {'line': b'-- Up-to-date: /home/subhalaxmi/nidar_ws/install/px4_msgs/include/px4_msgs/px4_msgs/msg/sensor_preflight_mag.h\n'}
[17.740190] (px4_msgs) StdoutLine: {'line': b'-- Up-to-date: /home/subhalaxmi/nidar_ws/install/px4_msgs/include/px4_msgs/px4_msgs/msg/qshell_retval.h\n'}
[17.740399] (px4_msgs) StdoutLine: {'line': b'-- Up-to-date: /home/subhalaxmi/nidar_ws/install/px4_msgs/include/px4_msgs/px4_msgs/msg/rate_ctrl_status.h\n'}
[17.740585] (px4_msgs) StdoutLine: {'line': b'-- Up-to-date: /home/subhalaxmi/nidar_ws/install/px4_msgs/include/px4_msgs/px4_msgs/msg/sensor_uwb.h\n'}
[17.740769] (px4_msgs) StdoutLine: {'line': b'-- Up-to-date: /home/subhalaxmi/nidar_ws/install/px4_msgs/include/px4_msgs/px4_msgs/msg/px4io_status.h\n'}
[17.740988] (px4_msgs) StdoutLine: {'line': b'-- Up-to-date: /home/subhalaxmi/nidar_ws/install/px4_msgs/include/px4_msgs/px4_msgs/msg/airspeed_validated.h\n'}
[17.741206] (px4_msgs) StdoutLine: {'line': b'-- Up-to-date: /home/subhalaxmi/nidar_ws/install/px4_msgs/include/px4_msgs/px4_msgs/msg/can_interface_status.h\n'}
[17.741405] (px4_msgs) StdoutLine: {'line': b'-- Up-to-date: /home/subhalaxmi/nidar_ws/install/px4_msgs/include/px4_msgs/px4_msgs/srv\n'}
[17.741586] (px4_msgs) StdoutLine: {'line': b'-- Up-to-date: /home/subhalaxmi/nidar_ws/install/px4_msgs/include/px4_msgs/px4_msgs/srv/vehicle_command.h\n'}
[17.741765] (px4_msgs) StdoutLine: {'line': b'-- Up-to-date: /home/subhalaxmi/nidar_ws/install/px4_msgs/include/px4_msgs/px4_msgs/srv/detail\n'}
[17.741944] (px4_msgs) StdoutLine: {'line': b'-- Up-to-date: /home/subhalaxmi/nidar_ws/install/px4_msgs/include/px4_msgs/px4_msgs/srv/detail/vehicle_command__functions.c\n'}
[17.742176] (px4_msgs) StdoutLine: {'line': b'-- Up-to-date: /home/subhalaxmi/nidar_ws/install/px4_msgs/include/px4_msgs/px4_msgs/srv/detail/vehicle_command__type_support.h\n'}
[17.742387] (px4_msgs) StdoutLine: {'line': b'-- Up-to-date: /home/subhalaxmi/nidar_ws/install/px4_msgs/include/px4_msgs/px4_msgs/srv/detail/vehicle_command__functions.h\n'}
[17.742570] (px4_msgs) StdoutLine: {'line': b'-- Up-to-date: /home/subhalaxmi/nidar_ws/install/px4_msgs/include/px4_msgs/px4_msgs/srv/detail/vehicle_command__struct.h\n'}
[17.742973] (px4_msgs) StdoutLine: {'line': b'-- Up-to-date: /home/subhalaxmi/nidar_ws/install/px4_msgs/share/px4_msgs/environment/library_path.sh\n'}
[17.743234] (px4_msgs) StdoutLine: {'line': b'-- Up-to-date: /home/subhalaxmi/nidar_ws/install/px4_msgs/share/px4_msgs/environment/library_path.dsv\n'}
[17.743659] (px4_msgs) StdoutLine: {'line': b'-- Up-to-date: /home/subhalaxmi/nidar_ws/install/px4_msgs/lib/libpx4_msgs__rosidl_generator_c.so\n'}
[17.743867] (px4_msgs) StdoutLine: {'line': b'-- Up-to-date: /home/subhalaxmi/nidar_ws/install/px4_msgs/include/px4_msgs/px4_msgs\n'}
[17.744046] (px4_msgs) StdoutLine: {'line': b'-- Up-to-date: /home/subhalaxmi/nidar_ws/install/px4_msgs/include/px4_msgs/px4_msgs/msg\n'}
[17.745986] (px4_msgs) StdoutLine: {'line': b'-- Up-to-date: /home/subhalaxmi/nidar_ws/install/px4_msgs/include/px4_msgs/px4_msgs/msg/rosidl_typesupport_fastrtps_c__visibility_control.h\n'}
[17.746326] (px4_msgs) StdoutLine: {'line': b'-- Up-to-date: /home/subhalaxmi/nidar_ws/install/px4_msgs/include/px4_msgs/px4_msgs/msg/detail\n'}
[17.746537] (px4_msgs) StdoutLine: {'line': b'-- Up-to-date: /home/subhalaxmi/nidar_ws/install/px4_msgs/include/px4_msgs/px4_msgs/msg/detail/vehicle_rates_setpoint__rosidl_typesupport_fastrtps_c.h\n'}
[17.746731] (px4_msgs) StdoutLine: {'line': b'-- Up-to-date: /home/subhalaxmi/nidar_ws/install/px4_msgs/include/px4_msgs/px4_msgs/msg/detail/offboard_control_mode__rosidl_typesupport_fastrtps_c.h\n'}
[17.746922] (px4_msgs) StdoutLine: {'line': b'-- Up-to-date: /home/subhalaxmi/nidar_ws/install/px4_msgs/include/px4_msgs/px4_msgs/msg/detail/takeoff_status__rosidl_typesupport_fastrtps_c.h\n'}
[17.747130] (px4_msgs) StdoutLine: {'line': b'-- Up-to-date: /home/subhalaxmi/nidar_ws/install/px4_msgs/include/px4_msgs/px4_msgs/msg/detail/irlock_report__rosidl_typesupport_fastrtps_c.h\n'}
[17.747347] (px4_msgs) StdoutLine: {'line': b'-- Up-to-date: /home/subhalaxmi/nidar_ws/install/px4_msgs/include/px4_msgs/px4_msgs/msg/detail/led_control__rosidl_typesupport_fastrtps_c.h\n'}
[17.747533] (px4_msgs) StdoutLine: {'line': b'-- Up-to-date: /home/subhalaxmi/nidar_ws/install/px4_msgs/include/px4_msgs/px4_msgs/msg/detail/position_controller_landing_status__rosidl_typesupport_fastrtps_c.h\n'}
[17.747735] (px4_msgs) StdoutLine: {'line': b'-- Up-to-date: /home/subhalaxmi/nidar_ws/install/px4_msgs/include/px4_msgs/px4_msgs/msg/detail/gimbal_manager_set_manual_control__rosidl_typesupport_fastrtps_c.h\n'}
[17.747951] (px4_msgs) StdoutLine: {'line': b'-- Up-to-date: /home/subhalaxmi/nidar_ws/install/px4_msgs/include/px4_msgs/px4_msgs/msg/detail/rover_throttle_setpoint__rosidl_typesupport_fastrtps_c.h\n'}
[17.748162] (px4_msgs) StdoutLine: {'line': b'-- Up-to-date: /home/subhalaxmi/nidar_ws/install/px4_msgs/include/px4_msgs/px4_msgs/msg/detail/sensor_temp__rosidl_typesupport_fastrtps_c.h\n'}
[17.748402] (px4_msgs) StdoutLine: {'line': b'-- Up-to-date: /home/subhalaxmi/nidar_ws/install/px4_msgs/include/px4_msgs/px4_msgs/msg/detail/mission__rosidl_typesupport_fastrtps_c.h\n'}
[17.748598] (px4_msgs) StdoutLine: {'line': b'-- Up-to-date: /home/subhalaxmi/nidar_ws/install/px4_msgs/include/px4_msgs/px4_msgs/msg/detail/fixed_wing_lateral_status__rosidl_typesupport_fastrtps_c.h\n'}
[17.748782] (px4_msgs) StdoutLine: {'line': b'-- Up-to-date: /home/subhalaxmi/nidar_ws/install/px4_msgs/include/px4_msgs/px4_msgs/msg/detail/rover_attitude_status__rosidl_typesupport_fastrtps_c.h\n'}
[17.748957] (px4_msgs) StdoutLine: {'line': b'-- Up-to-date: /home/subhalaxmi/nidar_ws/install/px4_msgs/include/px4_msgs/px4_msgs/msg/detail/flight_phase_estimation__rosidl_typesupport_fastrtps_c.h\n'}
[17.750346] (px4_msgs) StdoutLine: {'line': b'-- Up-to-date: /home/subhalaxmi/nidar_ws/install/px4_msgs/include/px4_msgs/px4_msgs/msg/detail/orb_test_large__rosidl_typesupport_fastrtps_c.h\n'}
[17.750851] (px4_msgs) StdoutLine: {'line': b'-- Up-to-date: /home/subhalaxmi/nidar_ws/install/px4_msgs/include/px4_msgs/px4_msgs/msg/detail/cpuload__rosidl_typesupport_fastrtps_c.h\n'}
[17.751138] (px4_msgs) StdoutLine: {'line': b'-- Up-to-date: /home/subhalaxmi/nidar_ws/install/px4_msgs/include/px4_msgs/px4_msgs/msg/detail/mag_worker_data__rosidl_typesupport_fastrtps_c.h\n'}
[17.751456] (px4_msgs) StdoutLine: {'line': b'-- Up-to-date: /home/subhalaxmi/nidar_ws/install/px4_msgs/include/px4_msgs/px4_msgs/msg/detail/px4io_status__rosidl_typesupport_fastrtps_c.h\n'}
[17.751664] (px4_msgs) StdoutLine: {'line': b'-- Up-to-date: /home/subhalaxmi/nidar_ws/install/px4_msgs/include/px4_msgs/px4_msgs/msg/detail/vehicle_optical_flow_vel__rosidl_typesupport_fastrtps_c.h\n'}
[17.751858] (px4_msgs) StdoutLine: {'line': b'-- Up-to-date: /home/subhalaxmi/nidar_ws/install/px4_msgs/include/px4_msgs/px4_msgs/msg/detail/fixed_wing_lateral_setpoint__rosidl_typesupport_fastrtps_c.h\n'}
[17.752037] (px4_msgs) StdoutLine: {'line': b'-- Up-to-date: /home/subhalaxmi/nidar_ws/install/px4_msgs/include/px4_msgs/px4_msgs/msg/detail/rover_position_setpoint__rosidl_typesupport_fastrtps_c.h\n'}
[17.752278] (px4_msgs) StdoutLine: {'line': b'-- Up-to-date: /home/subhalaxmi/nidar_ws/install/px4_msgs/include/px4_msgs/px4_msgs/msg/detail/vtx__rosidl_typesupport_fastrtps_c.h\n'}
[17.752488] (px4_msgs) StdoutLine: {'line': b'-- Up-to-date: /home/subhalaxmi/nidar_ws/install/px4_msgs/include/px4_msgs/px4_msgs/msg/detail/qshell_req__rosidl_typesupport_fastrtps_c.h\n'}
[17.753756] (-) TimerEvent: {}
[17.754244] (px4_msgs) StdoutLine: {'line': b'-- Up-to-date: /home/subhalaxmi/nidar_ws/install/px4_msgs/include/px4_msgs/px4_msgs/msg/detail/velocity_limits__rosidl_typesupport_fastrtps_c.h\n'}
[17.755198] (px4_msgs) StdoutLine: {'line': b'-- Up-to-date: /home/subhalaxmi/nidar_ws/install/px4_msgs/include/px4_msgs/px4_msgs/msg/detail/estimator_bias__rosidl_typesupport_fastrtps_c.h\n'}
[17.755484] (px4_msgs) StdoutLine: {'line': b'-- Up-to-date: /home/subhalaxmi/nidar_ws/install/px4_msgs/include/px4_msgs/px4_msgs/msg/detail/gimbal_manager_set_attitude__rosidl_typesupport_fastrtps_c.h\n'}
[17.755688] (px4_msgs) StdoutLine: {'line': b'-- Up-to-date: /home/subhalaxmi/nidar_ws/install/px4_msgs/include/px4_msgs/px4_msgs/msg/detail/sensor_gyro__rosidl_typesupport_fastrtps_c.h\n'}
[17.755893] (px4_msgs) StdoutLine: {'line': b'-- Up-to-date: /home/subhalaxmi/nidar_ws/install/px4_msgs/include/px4_msgs/px4_msgs/msg/detail/logger_status__rosidl_typesupport_fastrtps_c.h\n'}
[17.756122] (px4_msgs) StdoutLine: {'line': b'-- Up-to-date: /home/subhalaxmi/nidar_ws/install/px4_msgs/include/px4_msgs/px4_msgs/msg/detail/manual_control_setpoint__rosidl_typesupport_fastrtps_c.h\n'}
[17.756380] (px4_msgs) StdoutLine: {'line': b'-- Up-to-date: /home/subhalaxmi/nidar_ws/install/px4_msgs/include/px4_msgs/px4_msgs/msg/detail/orb_test_medium__rosidl_typesupport_fastrtps_c.h\n'}
[17.756587] (px4_msgs) StdoutLine: {'line': b'-- Up-to-date: /home/subhalaxmi/nidar_ws/install/px4_msgs/include/px4_msgs/px4_msgs/msg/detail/estimator_aid_source3d__rosidl_typesupport_fastrtps_c.h\n'}
[17.757278] (px4_msgs) StdoutLine: {'line': b'-- Up-to-date: /home/subhalaxmi/nidar_ws/install/px4_msgs/include/px4_msgs/px4_msgs/msg/detail/rover_steering_setpoint__rosidl_typesupport_fastrtps_c.h\n'}
[17.757989] (px4_msgs) StdoutLine: {'line': b'-- Up-to-date: /home/subhalaxmi/nidar_ws/install/px4_msgs/include/px4_msgs/px4_msgs/msg/detail/follow_target__rosidl_typesupport_fastrtps_c.h\n'}
[17.758614] (px4_msgs) StdoutLine: {'line': b'-- Up-to-date: /home/subhalaxmi/nidar_ws/install/px4_msgs/include/px4_msgs/px4_msgs/msg/detail/vehicle_constraints__rosidl_typesupport_fastrtps_c.h\n'}
[17.759019] (px4_msgs) StdoutLine: {'line': b'-- Up-to-date: /home/subhalaxmi/nidar_ws/install/px4_msgs/include/px4_msgs/px4_msgs/msg/detail/vehicle_local_position__rosidl_typesupport_fastrtps_c.h\n'}
[17.759405] (px4_msgs) StdoutLine: {'line': b'-- Up-to-date: /home/subhalaxmi/nidar_ws/install/px4_msgs/include/px4_msgs/px4_msgs/msg/detail/satellite_info__rosidl_typesupport_fastrtps_c.h\n'}
[17.760010] (px4_msgs) StdoutLine: {'line': b'-- Up-to-date: /home/subhalaxmi/nidar_ws/install/px4_msgs/include/px4_msgs/px4_msgs/msg/detail/rover_speed_setpoint__rosidl_typesupport_fastrtps_c.h\n'}
[17.760339] (px4_msgs) StdoutLine: {'line': b'-- Up-to-date: /home/subhalaxmi/nidar_ws/install/px4_msgs/include/px4_msgs/px4_msgs/msg/detail/radio_status__rosidl_typesupport_fastrtps_c.h\n'}
[17.760577] (px4_msgs) StdoutLine: {'line': b'-- Up-to-date: /home/subhalaxmi/nidar_ws/install/px4_msgs/include/px4_msgs/px4_msgs/msg/detail/gimbal_device_set_attitude__rosidl_typesupport_fastrtps_c.h\n'}
[17.760781] (px4_msgs) StdoutLine: {'line': b'-- Up-to-date: /home/subhalaxmi/nidar_ws/install/px4_msgs/include/px4_msgs/px4_msgs/msg/detail/vehicle_optical_flow__rosidl_typesupport_fastrtps_c.h\n'}
[17.760996] (px4_msgs) StdoutLine: {'line': b'-- Up-to-date: /home/subhalaxmi/nidar_ws/install/px4_msgs/include/px4_msgs/px4_msgs/msg/detail/tecs_status__rosidl_typesupport_fastrtps_c.h\n'}
[17.761234] (px4_msgs) StdoutLine: {'line': b'-- Up-to-date: /home/subhalaxmi/nidar_ws/install/px4_msgs/include/px4_msgs/px4_msgs/msg/detail/arming_check_reply__rosidl_typesupport_fastrtps_c.h\n'}
[17.761443] (px4_msgs) StdoutLine: {'line': b'-- Up-to-date: /home/subhalaxmi/nidar_ws/install/px4_msgs/include/px4_msgs/px4_msgs/msg/detail/neural_control__rosidl_typesupport_fastrtps_c.h\n'}
[17.761641] (px4_msgs) StdoutLine: {'line': b'-- Up-to-date: /home/subhalaxmi/nidar_ws/install/px4_msgs/include/px4_msgs/px4_msgs/msg/detail/vehicle_magnetometer__rosidl_typesupport_fastrtps_c.h\n'}
[17.762732] (px4_msgs) StdoutLine: {'line': b'-- Up-to-date: /home/subhalaxmi/nidar_ws/install/px4_msgs/include/px4_msgs/px4_msgs/msg/detail/open_drone_id_operator_id__rosidl_typesupport_fastrtps_c.h\n'}
[17.764790] (px4_msgs) StdoutLine: {'line': b'-- Up-to-date: /home/subhalaxmi/nidar_ws/install/px4_msgs/include/px4_msgs/px4_msgs/msg/detail/uavcan_parameter_value__rosidl_typesupport_fastrtps_c.h\n'}
[17.765054] (px4_msgs) StdoutLine: {'line': b'-- Up-to-date: /home/subhalaxmi/nidar_ws/install/px4_msgs/include/px4_msgs/px4_msgs/msg/detail/wheel_encoders__rosidl_typesupport_fastrtps_c.h\n'}
[17.765285] (px4_msgs) StdoutLine: {'line': b'-- Up-to-date: /home/subhalaxmi/nidar_ws/install/px4_msgs/include/px4_msgs/px4_msgs/msg/detail/adc_report__rosidl_typesupport_fastrtps_c.h\n'}
[17.765480] (px4_msgs) StdoutLine: {'line': b'-- Up-to-date: /home/subhalaxmi/nidar_ws/install/px4_msgs/include/px4_msgs/px4_msgs/msg/detail/rpm__rosidl_typesupport_fastrtps_c.h\n'}
[17.765665] (px4_msgs) StdoutLine: {'line': b'-- Up-to-date: /home/subhalaxmi/nidar_ws/install/px4_msgs/include/px4_msgs/px4_msgs/msg/detail/mode_completed__rosidl_typesupport_fastrtps_c.h\n'}
[17.765848] (px4_msgs) StdoutLine: {'line': b'-- Up-to-date: /home/subhalaxmi/nidar_ws/install/px4_msgs/include/px4_msgs/px4_msgs/msg/detail/gps_dump__rosidl_typesupport_fastrtps_c.h\n'}
[17.766033] (px4_msgs) StdoutLine: {'line': b'-- Up-to-date: /home/subhalaxmi/nidar_ws/install/px4_msgs/include/px4_msgs/px4_msgs/msg/detail/sensor_hygrometer__rosidl_typesupport_fastrtps_c.h\n'}
[17.766270] (px4_msgs) StdoutLine: {'line': b'-- Up-to-date: /home/subhalaxmi/nidar_ws/install/px4_msgs/include/px4_msgs/px4_msgs/msg/detail/system_power__rosidl_typesupport_fastrtps_c.h\n'}
[17.766459] (px4_msgs) StdoutLine: {'line': b'-- Up-to-date: /home/subhalaxmi/nidar_ws/install/px4_msgs/include/px4_msgs/px4_msgs/msg/detail/sensor_mag__rosidl_typesupport_fastrtps_c.h\n'}
[17.766638] (px4_msgs) StdoutLine: {'line': b'-- Up-to-date: /home/subhalaxmi/nidar_ws/install/px4_msgs/include/px4_msgs/px4_msgs/msg/detail/fixed_wing_lateral_guidance_status__rosidl_typesupport_fastrtps_c.h\n'}
[17.766820] (px4_msgs) StdoutLine: {'line': b'-- Up-to-date: /home/subhalaxmi/nidar_ws/install/px4_msgs/include/px4_msgs/px4_msgs/msg/detail/raptor_status__rosidl_typesupport_fastrtps_c.h\n'}
[17.766999] (px4_msgs) StdoutLine: {'line': b'-- Up-to-date: /home/subhalaxmi/nidar_ws/install/px4_msgs/include/px4_msgs/px4_msgs/msg/detail/navigator_status__rosidl_typesupport_fastrtps_c.h\n'}
[17.767669] (px4_msgs) StdoutLine: {'line': b'-- Up-to-date: /home/subhalaxmi/nidar_ws/install/px4_msgs/include/px4_msgs/px4_msgs/msg/detail/dataman_response__rosidl_typesupport_fastrtps_c.h\n'}
[17.767906] (px4_msgs) StdoutLine: {'line': b'-- Up-to-date: /home/subhalaxmi/nidar_ws/install/px4_msgs/include/px4_msgs/px4_msgs/msg/detail/parameter_set_value_request__rosidl_typesupport_fastrtps_c.h\n'}
[17.768101] (px4_msgs) StdoutLine: {'line': b'-- Up-to-date: /home/subhalaxmi/nidar_ws/install/px4_msgs/include/px4_msgs/px4_msgs/msg/detail/onboard_computer_status__rosidl_typesupport_fastrtps_c.h\n'}
[17.768348] (px4_msgs) StdoutLine: {'line': b'-- Up-to-date: /home/subhalaxmi/nidar_ws/install/px4_msgs/include/px4_msgs/px4_msgs/msg/detail/position_controller_status__rosidl_typesupport_fastrtps_c.h\n'}
[17.768539] (px4_msgs) StdoutLine: {'line': b'-- Up-to-date: /home/subhalaxmi/nidar_ws/install/px4_msgs/include/px4_msgs/px4_msgs/msg/detail/actuator_motors__rosidl_typesupport_fastrtps_c.h\n'}
[17.768723] (px4_msgs) StdoutLine: {'line': b'-- Up-to-date: /home/subhalaxmi/nidar_ws/install/px4_msgs/include/px4_msgs/px4_msgs/msg/detail/battery_info__rosidl_typesupport_fastrtps_c.h\n'}
[17.768902] (px4_msgs) StdoutLine: {'line': b'-- Up-to-date: /home/subhalaxmi/nidar_ws/install/px4_msgs/include/px4_msgs/px4_msgs/msg/detail/heater_status__rosidl_typesupport_fastrtps_c.h\n'}
[17.769089] (px4_msgs) StdoutLine: {'line': b'-- Up-to-date: /home/subhalaxmi/nidar_ws/install/px4_msgs/include/px4_msgs/px4_msgs/msg/detail/timesync_status__rosidl_typesupport_fastrtps_c.h\n'}
[17.769306] (px4_msgs) StdoutLine: {'line': b'-- Up-to-date: /home/subhalaxmi/nidar_ws/install/px4_msgs/include/px4_msgs/px4_msgs/msg/detail/launch_detection_status__rosidl_typesupport_fastrtps_c.h\n'}
[17.769496] (px4_msgs) StdoutLine: {'line': b'-- Up-to-date: /home/subhalaxmi/nidar_ws/install/px4_msgs/include/px4_msgs/px4_msgs/msg/detail/parameter_reset_request__rosidl_typesupport_fastrtps_c.h\n'}
[17.769679] (px4_msgs) StdoutLine: {'line': b'-- Up-to-date: /home/subhalaxmi/nidar_ws/install/px4_msgs/include/px4_msgs/px4_msgs/msg/detail/vehicle_angular_acceleration_setpoint__rosidl_typesupport_fastrtps_c.h\n'}
[17.770959] (px4_msgs) StdoutLine: {'line': b'-- Up-to-date: /home/subhalaxmi/nidar_ws/install/px4_msgs/include/px4_msgs/px4_msgs/msg/detail/debug_vect__rosidl_typesupport_fastrtps_c.h\n'}
[17.771257] (px4_msgs) StdoutLine: {'line': b'-- Up-to-date: /home/subhalaxmi/nidar_ws/install/px4_msgs/include/px4_msgs/px4_msgs/msg/detail/sensor_gps__rosidl_typesupport_fastrtps_c.h\n'}
[17.771460] (px4_msgs) StdoutLine: {'line': b'-- Up-to-date: /home/subhalaxmi/nidar_ws/install/px4_msgs/include/px4_msgs/px4_msgs/msg/detail/actuator_armed__rosidl_typesupport_fastrtps_c.h\n'}
[17.771656] (px4_msgs) StdoutLine: {'line': b'-- Up-to-date: /home/subhalaxmi/nidar_ws/install/px4_msgs/include/px4_msgs/px4_msgs/msg/detail/geofence_status__rosidl_typesupport_fastrtps_c.h\n'}
[17.771854] (px4_msgs) StdoutLine: {'line': b'-- Up-to-date: /home/subhalaxmi/nidar_ws/install/px4_msgs/include/px4_msgs/px4_msgs/msg/detail/gimbal_manager_information__rosidl_typesupport_fastrtps_c.h\n'}
[17.772093] (px4_msgs) StdoutLine: {'line': b'-- Up-to-date: /home/subhalaxmi/nidar_ws/install/px4_msgs/include/px4_msgs/px4_msgs/msg/detail/cellular_status__rosidl_typesupport_fastrtps_c.h\n'}
[17.772344] (px4_msgs) StdoutLine: {'line': b'-- Up-to-date: /home/subhalaxmi/nidar_ws/install/px4_msgs/include/px4_msgs/px4_msgs/msg/detail/vehicle_attitude_setpoint__rosidl_typesupport_fastrtps_c.h\n'}
[17.772540] (px4_msgs) StdoutLine: {'line': b'-- Up-to-date: /home/subhalaxmi/nidar_ws/install/px4_msgs/include/px4_msgs/px4_msgs/msg/detail/action_request__rosidl_typesupport_fastrtps_c.h\n'}
[17.772740] (px4_msgs) StdoutLine: {'line': b'-- Up-to-date: /home/subhalaxmi/nidar_ws/install/px4_msgs/include/px4_msgs/px4_msgs/msg/detail/gimbal_manager_status__rosidl_typesupport_fastrtps_c.h\n'}
[17.772935] (px4_msgs) StdoutLine: {'line': b'-- Up-to-date: /home/subhalaxmi/nidar_ws/install/px4_msgs/include/px4_msgs/px4_msgs/msg/detail/rover_rate_setpoint__rosidl_typesupport_fastrtps_c.h\n'}
[17.773233] (px4_msgs) StdoutLine: {'line': b'-- Up-to-date: /home/subhalaxmi/nidar_ws/install/px4_msgs/include/px4_msgs/px4_msgs/msg/detail/esc_status__rosidl_typesupport_fastrtps_c.h\n'}
[17.773436] (px4_msgs) StdoutLine: {'line': b'-- Up-to-date: /home/subhalaxmi/nidar_ws/install/px4_msgs/include/px4_msgs/px4_msgs/msg/detail/ulog_stream_ack__rosidl_typesupport_fastrtps_c.h\n'}
[17.774515] (px4_msgs) StdoutLine: {'line': b'-- Up-to-date: /home/subhalaxmi/nidar_ws/install/px4_msgs/include/px4_msgs/px4_msgs/msg/detail/vehicle_angular_velocity__rosidl_typesupport_fastrtps_c.h\n'}
[17.774744] (px4_msgs) StdoutLine: {'line': b'-- Up-to-date: /home/subhalaxmi/nidar_ws/install/px4_msgs/include/px4_msgs/px4_msgs/msg/detail/debug_value__rosidl_typesupport_fastrtps_c.h\n'}
[17.774937] (px4_msgs) StdoutLine: {'line': b'-- Up-to-date: /home/subhalaxmi/nidar_ws/install/px4_msgs/include/px4_msgs/px4_msgs/msg/detail/transponder_report__rosidl_typesupport_fastrtps_c.h\n'}
[17.775139] (px4_msgs) StdoutLine: {'line': b'-- Up-to-date: /home/subhalaxmi/nidar_ws/install/px4_msgs/include/px4_msgs/px4_msgs/msg/detail/log_message__rosidl_typesupport_fastrtps_c.h\n'}
[17.775361] (px4_msgs) StdoutLine: {'line': b'-- Up-to-date: /home/subhalaxmi/nidar_ws/install/px4_msgs/include/px4_msgs/px4_msgs/msg/detail/dronecan_node_status__rosidl_typesupport_fastrtps_c.h\n'}
[17.776564] (px4_msgs) StdoutLine: {'line': b'-- Up-to-date: /home/subhalaxmi/nidar_ws/install/px4_msgs/include/px4_msgs/px4_msgs/msg/detail/dataman_request__rosidl_typesupport_fastrtps_c.h\n'}
[17.776901] (px4_msgs) StdoutLine: {'line': b'-- Up-to-date: /home/subhalaxmi/nidar_ws/install/px4_msgs/include/px4_msgs/px4_msgs/msg/detail/mavlink_log__rosidl_typesupport_fastrtps_c.h\n'}
[17.777091] (px4_msgs) StdoutLine: {'line': b'-- Up-to-date: /home/subhalaxmi/nidar_ws/install/px4_msgs/include/px4_msgs/px4_msgs/msg/detail/health_report__rosidl_typesupport_fastrtps_c.h\n'}
[17.777310] (px4_msgs) StdoutLine: {'line': b'-- Up-to-date: /home/subhalaxmi/nidar_ws/install/px4_msgs/include/px4_msgs/px4_msgs/msg/detail/sensor_optical_flow__rosidl_typesupport_fastrtps_c.h\n'}
[17.777484] (px4_msgs) StdoutLine: {'line': b'-- Up-to-date: /home/subhalaxmi/nidar_ws/install/px4_msgs/include/px4_msgs/px4_msgs/msg/detail/parameter_set_used_request__rosidl_typesupport_fastrtps_c.h\n'}
[17.777664] (px4_msgs) StdoutLine: {'line': b'-- Up-to-date: /home/subhalaxmi/nidar_ws/install/px4_msgs/include/px4_msgs/px4_msgs/msg/detail/estimator_aid_source2d__rosidl_typesupport_fastrtps_c.h\n'}
[17.777830] (px4_msgs) StdoutLine: {'line': b'-- Up-to-date: /home/subhalaxmi/nidar_ws/install/px4_msgs/include/px4_msgs/px4_msgs/msg/detail/sensor_gnss_status__rosidl_typesupport_fastrtps_c.h\n'}
[17.778000] (px4_msgs) StdoutLine: {'line': b'-- Up-to-date: /home/subhalaxmi/nidar_ws/install/px4_msgs/include/px4_msgs/px4_msgs/msg/detail/obstacle_distance__rosidl_typesupport_fastrtps_c.h\n'}
[17.778196] (px4_msgs) StdoutLine: {'line': b'-- Up-to-date: /home/subhalaxmi/nidar_ws/install/px4_msgs/include/px4_msgs/px4_msgs/msg/detail/qshell_retval__rosidl_typesupport_fastrtps_c.h\n'}
[17.778396] (px4_msgs) StdoutLine: {'line': b'-- Up-to-date: /home/subhalaxmi/nidar_ws/install/px4_msgs/include/px4_msgs/px4_msgs/msg/detail/estimator_innovations__rosidl_typesupport_fastrtps_c.h\n'}
[17.778558] (px4_msgs) StdoutLine: {'line': b'-- Up-to-date: /home/subhalaxmi/nidar_ws/install/px4_msgs/include/px4_msgs/px4_msgs/msg/detail/estimator_selector_status__rosidl_typesupport_fastrtps_c.h\n'}
[17.778720] (px4_msgs) StdoutLine: {'line': b'-- Up-to-date: /home/subhalaxmi/nidar_ws/install/px4_msgs/include/px4_msgs/px4_msgs/msg/detail/event__rosidl_typesupport_fastrtps_c.h\n'}
[17.779275] (px4_msgs) StdoutLine: {'line': b'-- Up-to-date: /home/subhalaxmi/nidar_ws/install/px4_msgs/include/px4_msgs/px4_msgs/msg/detail/vehicle_local_position_setpoint__rosidl_typesupport_fastrtps_c.h\n'}
[17.779484] (px4_msgs) StdoutLine: {'line': b'-- Up-to-date: /home/subhalaxmi/nidar_ws/install/px4_msgs/include/px4_msgs/px4_msgs/msg/detail/vehicle_global_position__rosidl_typesupport_fastrtps_c.h\n'}
[17.779911] (px4_msgs) StdoutLine: {'line': b'-- Up-to-date: /home/subhalaxmi/nidar_ws/install/px4_msgs/include/px4_msgs/px4_msgs/msg/detail/raptor_input__rosidl_typesupport_fastrtps_c.h\n'}
[17.780157] (px4_msgs) StdoutLine: {'line': b'-- Up-to-date: /home/subhalaxmi/nidar_ws/install/px4_msgs/include/px4_msgs/px4_msgs/msg/detail/sensor_airflow__rosidl_typesupport_fastrtps_c.h\n'}
[17.781483] (px4_msgs) StdoutLine: {'line': b'-- Up-to-date: /home/subhalaxmi/nidar_ws/install/px4_msgs/include/px4_msgs/px4_msgs/msg/detail/mission_result__rosidl_typesupport_fastrtps_c.h\n'}
[17.781807] (px4_msgs) StdoutLine: {'line': b'-- Up-to-date: /home/subhalaxmi/nidar_ws/install/px4_msgs/include/px4_msgs/px4_msgs/msg/detail/unregister_ext_component__rosidl_typesupport_fastrtps_c.h\n'}
[17.782004] (px4_msgs) StdoutLine: {'line': b'-- Up-to-date: /home/subhalaxmi/nidar_ws/install/px4_msgs/include/px4_msgs/px4_msgs/msg/detail/camera_status__rosidl_typesupport_fastrtps_c.h\n'}
[17.782212] (px4_msgs) StdoutLine: {'line': b'-- Up-to-date: /home/subhalaxmi/nidar_ws/install/px4_msgs/include/px4_msgs/px4_msgs/msg/detail/estimator_sensor_bias__rosidl_typesupport_fastrtps_c.h\n'}
[17.782399] (px4_msgs) StdoutLine: {'line': b'-- Up-to-date: /home/subhalaxmi/nidar_ws/install/px4_msgs/include/px4_msgs/px4_msgs/msg/detail/landing_gear__rosidl_typesupport_fastrtps_c.h\n'}
[17.782580] (px4_msgs) StdoutLine: {'line': b'-- Up-to-date: /home/subhalaxmi/nidar_ws/install/px4_msgs/include/px4_msgs/px4_msgs/msg/detail/config_overrides__rosidl_typesupport_fastrtps_c.h\n'}
[17.782758] (px4_msgs) StdoutLine: {'line': b'-- Up-to-date: /home/subhalaxmi/nidar_ws/install/px4_msgs/include/px4_msgs/px4_msgs/msg/detail/follow_target_status__rosidl_typesupport_fastrtps_c.h\n'}
[17.782937] (px4_msgs) StdoutLine: {'line': b'-- Up-to-date: /home/subhalaxmi/nidar_ws/install/px4_msgs/include/px4_msgs/px4_msgs/msg/detail/vehicle_torque_setpoint__rosidl_typesupport_fastrtps_c.h\n'}
[17.783188] (px4_msgs) StdoutLine: {'line': b'-- Up-to-date: /home/subhalaxmi/nidar_ws/install/px4_msgs/include/px4_msgs/px4_msgs/msg/detail/gpio_in__rosidl_typesupport_fastrtps_c.h\n'}
[17.784128] (px4_msgs) StdoutLine: {'line': b'-- Up-to-date: /home/subhalaxmi/nidar_ws/install/px4_msgs/include/px4_msgs/px4_msgs/msg/detail/task_stack_info__rosidl_typesupport_fastrtps_c.h\n'}
[17.784429] (px4_msgs) StdoutLine: {'line': b'-- Up-to-date: /home/subhalaxmi/nidar_ws/install/px4_msgs/include/px4_msgs/px4_msgs/msg/detail/internal_combustion_engine_status__rosidl_typesupport_fastrtps_c.h\n'}
[17.785019] (px4_msgs) StdoutLine: {'line': b'-- Up-to-date: /home/subhalaxmi/nidar_ws/install/px4_msgs/include/px4_msgs/px4_msgs/msg/detail/tune_control__rosidl_typesupport_fastrtps_c.h\n'}
[17.785297] (px4_msgs) StdoutLine: {'line': b'-- Up-to-date: /home/subhalaxmi/nidar_ws/install/px4_msgs/include/px4_msgs/px4_msgs/msg/detail/ekf2_timestamps__rosidl_typesupport_fastrtps_c.h\n'}
[17.785505] (px4_msgs) StdoutLine: {'line': b'-- Up-to-date: /home/subhalaxmi/nidar_ws/install/px4_msgs/include/px4_msgs/px4_msgs/msg/detail/mount_orientation__rosidl_typesupport_fastrtps_c.h\n'}
[17.785681] (px4_msgs) StdoutLine: {'line': b'-- Up-to-date: /home/subhalaxmi/nidar_ws/install/px4_msgs/include/px4_msgs/px4_msgs/msg/detail/longitudinal_control_configuration__rosidl_typesupport_fastrtps_c.h\n'}
[17.785849] (px4_msgs) StdoutLine: {'line': b'-- Up-to-date: /home/subhalaxmi/nidar_ws/install/px4_msgs/include/px4_msgs/px4_msgs/msg/detail/pure_pursuit_status__rosidl_typesupport_fastrtps_c.h\n'}
[17.786023] (px4_msgs) StdoutLine: {'line': b'-- Up-to-date: /home/subhalaxmi/nidar_ws/install/px4_msgs/include/px4_msgs/px4_msgs/msg/detail/geofence_result__rosidl_typesupport_fastrtps_c.h\n'}
[17.786223] (px4_msgs) StdoutLine: {'line': b'-- Up-to-date: /home/subhalaxmi/nidar_ws/install/px4_msgs/include/px4_msgs/px4_msgs/msg/detail/yaw_estimator_status__rosidl_typesupport_fastrtps_c.h\n'}
[17.787240] (px4_msgs) StdoutLine: {'line': b'-- Up-to-date: /home/subhalaxmi/nidar_ws/install/px4_msgs/include/px4_msgs/px4_msgs/msg/detail/mavlink_tunnel__rosidl_typesupport_fastrtps_c.h\n'}
[17.787480] (px4_msgs) StdoutLine: {'line': b'-- Up-to-date: /home/subhalaxmi/nidar_ws/install/px4_msgs/include/px4_msgs/px4_msgs/msg/detail/vehicle_status__rosidl_typesupport_fastrtps_c.h\n'}
[17.787675] (px4_msgs) StdoutLine: {'line': b'-- Up-to-date: /home/subhalaxmi/nidar_ws/install/px4_msgs/include/px4_msgs/px4_msgs/msg/detail/vehicle_thrust_setpoint__rosidl_typesupport_fastrtps_c.h\n'}
[17.787862] (px4_msgs) StdoutLine: {'line': b'-- Up-to-date: /home/subhalaxmi/nidar_ws/install/px4_msgs/include/px4_msgs/px4_msgs/msg/detail/sensor_preflight_mag__rosidl_typesupport_fastrtps_c.h\n'}
[17.788045] (px4_msgs) StdoutLine: {'line': b'-- Up-to-date: /home/subhalaxmi/nidar_ws/install/px4_msgs/include/px4_msgs/px4_msgs/msg/detail/sensor_accel_fifo__rosidl_typesupport_fastrtps_c.h\n'}
[17.788269] (px4_msgs) StdoutLine: {'line': b'-- Up-to-date: /home/subhalaxmi/nidar_ws/install/px4_msgs/include/px4_msgs/px4_msgs/msg/detail/landing_target_innovations__rosidl_typesupport_fastrtps_c.h\n'}
[17.789177] (px4_msgs) StdoutLine: {'line': b'-- Up-to-date: /home/subhalaxmi/nidar_ws/install/px4_msgs/include/px4_msgs/px4_msgs/msg/detail/gimbal_device_attitude_status__rosidl_typesupport_fastrtps_c.h\n'}
[17.789461] (px4_msgs) StdoutLine: {'line': b'-- Up-to-date: /home/subhalaxmi/nidar_ws/install/px4_msgs/include/px4_msgs/px4_msgs/msg/detail/home_position__rosidl_typesupport_fastrtps_c.h\n'}
[17.789684] (px4_msgs) StdoutLine: {'line': b'-- Up-to-date: /home/subhalaxmi/nidar_ws/install/px4_msgs/include/px4_msgs/px4_msgs/msg/detail/estimator_states__rosidl_typesupport_fastrtps_c.h\n'}
[17.789867] (px4_msgs) StdoutLine: {'line': b'-- Up-to-date: /home/subhalaxmi/nidar_ws/install/px4_msgs/include/px4_msgs/px4_msgs/msg/detail/sensor_combined__rosidl_typesupport_fastrtps_c.h\n'}
[17.790080] (px4_msgs) StdoutLine: {'line': b'-- Up-to-date: /home/subhalaxmi/nidar_ws/install/px4_msgs/include/px4_msgs/px4_msgs/msg/detail/estimator_status__rosidl_typesupport_fastrtps_c.h\n'}
[17.790412] (px4_msgs) StdoutLine: {'line': b'-- Up-to-date: /home/subhalaxmi/nidar_ws/install/px4_msgs/include/px4_msgs/px4_msgs/msg/detail/magnetometer_bias_estimate__rosidl_typesupport_fastrtps_c.h\n'}
[17.790642] (px4_msgs) StdoutLine: {'line': b'-- Up-to-date: /home/subhalaxmi/nidar_ws/install/px4_msgs/include/px4_msgs/px4_msgs/msg/detail/sensor_gyro_fifo__rosidl_typesupport_fastrtps_c.h\n'}
[17.790858] (px4_msgs) StdoutLine: {'line': b'-- Up-to-date: /home/subhalaxmi/nidar_ws/install/px4_msgs/include/px4_msgs/px4_msgs/msg/detail/tiltrotor_extra_controls__rosidl_typesupport_fastrtps_c.h\n'}
[17.791040] (px4_msgs) StdoutLine: {'line': b'-- Up-to-date: /home/subhalaxmi/nidar_ws/install/px4_msgs/include/px4_msgs/px4_msgs/msg/detail/uavcan_parameter_request__rosidl_typesupport_fastrtps_c.h\n'}
[17.791257] (px4_msgs) StdoutLine: {'line': b'-- Up-to-date: /home/subhalaxmi/nidar_ws/install/px4_msgs/include/px4_msgs/px4_msgs/msg/detail/position_setpoint_triplet__rosidl_typesupport_fastrtps_c.h\n'}
[17.791462] (px4_msgs) StdoutLine: {'line': b'-- Up-to-date: /home/subhalaxmi/nidar_ws/install/px4_msgs/include/px4_msgs/px4_msgs/msg/detail/actuator_outputs__rosidl_typesupport_fastrtps_c.h\n'}
[17.791640] (px4_msgs) StdoutLine: {'line': b'-- Up-to-date: /home/subhalaxmi/nidar_ws/install/px4_msgs/include/px4_msgs/px4_msgs/msg/detail/ping__rosidl_typesupport_fastrtps_c.h\n'}
[17.791822] (px4_msgs) StdoutLine: {'line': b'-- Up-to-date: /home/subhalaxmi/nidar_ws/install/px4_msgs/include/px4_msgs/px4_msgs/msg/detail/gripper__rosidl_typesupport_fastrtps_c.h\n'}
[17.792120] (px4_msgs) StdoutLine: {'line': b'-- Up-to-date: /home/subhalaxmi/nidar_ws/install/px4_msgs/include/px4_msgs/px4_msgs/msg/detail/debug_key_value__rosidl_typesupport_fastrtps_c.h\n'}
[17.792377] (px4_msgs) StdoutLine: {'line': b'-- Up-to-date: /home/subhalaxmi/nidar_ws/install/px4_msgs/include/px4_msgs/px4_msgs/msg/detail/failure_detector_status__rosidl_typesupport_fastrtps_c.h\n'}
[17.795064] (px4_msgs) StdoutLine: {'line': b'-- Up-to-date: /home/subhalaxmi/nidar_ws/install/px4_msgs/include/px4_msgs/px4_msgs/msg/detail/goto_setpoint__rosidl_typesupport_fastrtps_c.h\n'}
[17.795398] (px4_msgs) StdoutLine: {'line': b'-- Up-to-date: /home/subhalaxmi/nidar_ws/install/px4_msgs/include/px4_msgs/px4_msgs/msg/detail/figure_eight_status__rosidl_typesupport_fastrtps_c.h\n'}
[17.795623] (px4_msgs) StdoutLine: {'line': b'-- Up-to-date: /home/subhalaxmi/nidar_ws/install/px4_msgs/include/px4_msgs/px4_msgs/msg/detail/actuator_servos_trim__rosidl_typesupport_fastrtps_c.h\n'}
[17.795947] (px4_msgs) StdoutLine: {'line': b'-- Up-to-date: /home/subhalaxmi/nidar_ws/install/px4_msgs/include/px4_msgs/px4_msgs/msg/detail/device_information__rosidl_typesupport_fastrtps_c.h\n'}
[17.796173] (px4_msgs) StdoutLine: {'line': b'-- Up-to-date: /home/subhalaxmi/nidar_ws/install/px4_msgs/include/px4_msgs/px4_msgs/msg/detail/sensor_gyro_fft__rosidl_typesupport_fastrtps_c.h\n'}
[17.796419] (px4_msgs) StdoutLine: {'line': b'-- Up-to-date: /home/subhalaxmi/nidar_ws/install/px4_msgs/include/px4_msgs/px4_msgs/msg/detail/lateral_control_configuration__rosidl_typesupport_fastrtps_c.h\n'}
[17.796626] (px4_msgs) StdoutLine: {'line': b'-- Up-to-date: /home/subhalaxmi/nidar_ws/install/px4_msgs/include/px4_msgs/px4_msgs/msg/detail/vehicle_attitude__rosidl_typesupport_fastrtps_c.h\n'}
[17.796822] (px4_msgs) StdoutLine: {'line': b'-- Up-to-date: /home/subhalaxmi/nidar_ws/install/px4_msgs/include/px4_msgs/px4_msgs/msg/detail/iridiumsbd_status__rosidl_typesupport_fastrtps_c.h\n'}
[17.797026] (px4_msgs) StdoutLine: {'line': b'-- Up-to-date: /home/subhalaxmi/nidar_ws/install/px4_msgs/include/px4_msgs/px4_msgs/msg/detail/manual_control_switches__rosidl_typesupport_fastrtps_c.h\n'}
[17.798519] (px4_msgs) StdoutLine: {'line': b'-- Up-to-date: /home/subhalaxmi/nidar_ws/install/px4_msgs/include/px4_msgs/px4_msgs/msg/detail/distance_sensor__rosidl_typesupport_fastrtps_c.h\n'}
[17.798807] (px4_msgs) StdoutLine: {'line': b'-- Up-to-date: /home/subhalaxmi/nidar_ws/install/px4_msgs/include/px4_msgs/px4_msgs/msg/detail/generator_status__rosidl_typesupport_fastrtps_c.h\n'}
[17.799003] (px4_msgs) StdoutLine: {'line': b'-- Up-to-date: /home/subhalaxmi/nidar_ws/install/px4_msgs/include/px4_msgs/px4_msgs/msg/detail/airspeed_wind__rosidl_typesupport_fastrtps_c.h\n'}
[17.799226] (px4_msgs) StdoutLine: {'line': b'-- Up-to-date: /home/subhalaxmi/nidar_ws/install/px4_msgs/include/px4_msgs/px4_msgs/msg/detail/gimbal_controls__rosidl_typesupport_fastrtps_c.h\n'}
[17.799530] (px4_msgs) StdoutLine: {'line': b'-- Up-to-date: /home/subhalaxmi/nidar_ws/install/px4_msgs/include/px4_msgs/px4_msgs/msg/detail/autotune_attitude_control_status__rosidl_typesupport_fastrtps_c.h\n'}
[17.799738] (px4_msgs) StdoutLine: {'line': b'-- Up-to-date: /home/subhalaxmi/nidar_ws/install/px4_msgs/include/px4_msgs/px4_msgs/msg/detail/position_setpoint__rosidl_typesupport_fastrtps_c.h\n'}
[17.799951] (px4_msgs) StdoutLine: {'line': b'-- Up-to-date: /home/subhalaxmi/nidar_ws/install/px4_msgs/include/px4_msgs/px4_msgs/msg/detail/vehicle_roi__rosidl_typesupport_fastrtps_c.h\n'}
[17.801042] (px4_msgs) StdoutLine: {'line': b'-- Up-to-date: /home/subhalaxmi/nidar_ws/install/px4_msgs/include/px4_msgs/px4_msgs/msg/detail/airspeed__rosidl_typesupport_fastrtps_c.h\n'}
[17.801556] (px4_msgs) StdoutLine: {'line': b'-- Up-to-date: /home/subhalaxmi/nidar_ws/install/px4_msgs/include/px4_msgs/px4_msgs/msg/detail/failsafe_flags__rosidl_typesupport_fastrtps_c.h\n'}
[17.801886] (px4_msgs) StdoutLine: {'line': b'-- Up-to-date: /home/subhalaxmi/nidar_ws/install/px4_msgs/include/px4_msgs/px4_msgs/msg/detail/sensor_correction__rosidl_typesupport_fastrtps_c.h\n'}
[17.802138] (px4_msgs) StdoutLine: {'line': b'-- Up-to-date: /home/subhalaxmi/nidar_ws/install/px4_msgs/include/px4_msgs/px4_msgs/msg/detail/sensor_uwb__rosidl_typesupport_fastrtps_c.h\n'}
[17.802413] (px4_msgs) StdoutLine: {'line': b'-- Up-to-date: /home/subhalaxmi/nidar_ws/install/px4_msgs/include/px4_msgs/px4_msgs/msg/detail/telemetry_status__rosidl_typesupport_fastrtps_c.h\n'}
[17.802655] (px4_msgs) StdoutLine: {'line': b'-- Up-to-date: /home/subhalaxmi/nidar_ws/install/px4_msgs/include/px4_msgs/px4_msgs/msg/detail/wind__rosidl_typesupport_fastrtps_c.h\n'}
[17.802860] (px4_msgs) StdoutLine: {'line': b'-- Up-to-date: /home/subhalaxmi/nidar_ws/install/px4_msgs/include/px4_msgs/px4_msgs/msg/detail/input_rc__rosidl_typesupport_fastrtps_c.h\n'}
[17.803064] (px4_msgs) StdoutLine: {'line': b'-- Up-to-date: /home/subhalaxmi/nidar_ws/install/px4_msgs/include/px4_msgs/px4_msgs/msg/detail/differential_pressure__rosidl_typesupport_fastrtps_c.h\n'}
[17.803353] (px4_msgs) StdoutLine: {'line': b'-- Up-to-date: /home/subhalaxmi/nidar_ws/install/px4_msgs/include/px4_msgs/px4_msgs/msg/detail/sensors_status_imu__rosidl_typesupport_fastrtps_c.h\n'}
[17.803641] (px4_msgs) StdoutLine: {'line': b'-- Up-to-date: /home/subhalaxmi/nidar_ws/install/px4_msgs/include/px4_msgs/px4_msgs/msg/detail/trajectory_setpoint__rosidl_typesupport_fastrtps_c.h\n'}
[17.803852] (px4_msgs) StdoutLine: {'line': b'-- Up-to-date: /home/subhalaxmi/nidar_ws/install/px4_msgs/include/px4_msgs/px4_msgs/msg/detail/fixed_wing_runway_control__rosidl_typesupport_fastrtps_c.h\n'}
[17.804047] (px4_msgs) StdoutLine: {'line': b'-- Up-to-date: /home/subhalaxmi/nidar_ws/install/px4_msgs/include/px4_msgs/px4_msgs/msg/detail/estimator_bias3d__rosidl_typesupport_fastrtps_c.h\n'}
[17.804284] (px4_msgs) StdoutLine: {'line': b'-- Up-to-date: /home/subhalaxmi/nidar_ws/install/px4_msgs/include/px4_msgs/px4_msgs/msg/detail/vehicle_acceleration__rosidl_typesupport_fastrtps_c.h\n'}
[17.804496] (px4_msgs) StdoutLine: {'line': b'-- Up-to-date: /home/subhalaxmi/nidar_ws/install/px4_msgs/include/px4_msgs/px4_msgs/msg/detail/rover_speed_status__rosidl_typesupport_fastrtps_c.h\n'}
[17.804688] (px4_msgs) StdoutLine: {'line': b'-- Up-to-date: /home/subhalaxmi/nidar_ws/install/px4_msgs/include/px4_msgs/px4_msgs/msg/detail/control_allocator_status__rosidl_typesupport_fastrtps_c.h\n'}
[17.804903] (px4_msgs) StdoutLine: {'line': b'-- Up-to-date: /home/subhalaxmi/nidar_ws/install/px4_msgs/include/px4_msgs/px4_msgs/msg/detail/gpio_out__rosidl_typesupport_fastrtps_c.h\n'}
[17.805150] (px4_msgs) StdoutLine: {'line': b'-- Up-to-date: /home/subhalaxmi/nidar_ws/install/px4_msgs/include/px4_msgs/px4_msgs/msg/detail/actuator_test__rosidl_typesupport_fastrtps_c.h\n'}
[17.805633] (px4_msgs) StdoutLine: {'line': b'-- Up-to-date: /home/subhalaxmi/nidar_ws/install/px4_msgs/include/px4_msgs/px4_msgs/msg/detail/power_button_state__rosidl_typesupport_fastrtps_c.h\n'}
[17.806051] (px4_msgs) StdoutLine: {'line': b'-- Up-to-date: /home/subhalaxmi/nidar_ws/install/px4_msgs/include/px4_msgs/px4_msgs/msg/detail/sensors_status__rosidl_typesupport_fastrtps_c.h\n'}
[17.806353] (px4_msgs) StdoutLine: {'line': b'-- Up-to-date: /home/subhalaxmi/nidar_ws/install/px4_msgs/include/px4_msgs/px4_msgs/msg/detail/estimator_event_flags__rosidl_typesupport_fastrtps_c.h\n'}
[17.806574] (px4_msgs) StdoutLine: {'line': b'-- Up-to-date: /home/subhalaxmi/nidar_ws/install/px4_msgs/include/px4_msgs/px4_msgs/msg/detail/button_event__rosidl_typesupport_fastrtps_c.h\n'}
[17.806798] (px4_msgs) StdoutLine: {'line': b'-- Up-to-date: /home/subhalaxmi/nidar_ws/install/px4_msgs/include/px4_msgs/px4_msgs/msg/detail/sensor_accel__rosidl_typesupport_fastrtps_c.h\n'}
[17.807138] (px4_msgs) StdoutLine: {'line': b'-- Up-to-date: /home/subhalaxmi/nidar_ws/install/px4_msgs/include/px4_msgs/px4_msgs/msg/detail/parameter_update__rosidl_typesupport_fastrtps_c.h\n'}
[17.807423] (px4_msgs) StdoutLine: {'line': b'-- Up-to-date: /home/subhalaxmi/nidar_ws/install/px4_msgs/include/px4_msgs/px4_msgs/msg/detail/register_ext_component_reply__rosidl_typesupport_fastrtps_c.h\n'}
[17.807657] (px4_msgs) StdoutLine: {'line': b'-- Up-to-date: /home/subhalaxmi/nidar_ws/install/px4_msgs/include/px4_msgs/px4_msgs/msg/detail/gpio_request__rosidl_typesupport_fastrtps_c.h\n'}
[17.808022] (px4_msgs) StdoutLine: {'line': b'-- Up-to-date: /home/subhalaxmi/nidar_ws/install/px4_msgs/include/px4_msgs/px4_msgs/msg/detail/gimbal_device_information__rosidl_typesupport_fastrtps_c.h\n'}
[17.808617] (px4_msgs) StdoutLine: {'line': b'-- Up-to-date: /home/subhalaxmi/nidar_ws/install/px4_msgs/include/px4_msgs/px4_msgs/msg/detail/aux_global_position__rosidl_typesupport_fastrtps_c.h\n'}
[17.809293] (px4_msgs) StdoutLine: {'line': b'-- Up-to-date: /home/subhalaxmi/nidar_ws/install/px4_msgs/include/px4_msgs/px4_msgs/msg/detail/battery_status__rosidl_typesupport_fastrtps_c.h\n'}
[17.809789] (px4_msgs) StdoutLine: {'line': b'-- Up-to-date: /home/subhalaxmi/nidar_ws/install/px4_msgs/include/px4_msgs/px4_msgs/msg/detail/gpio_config__rosidl_typesupport_fastrtps_c.h\n'}
[17.810450] (px4_msgs) StdoutLine: {'line': b'-- Up-to-date: /home/subhalaxmi/nidar_ws/install/px4_msgs/include/px4_msgs/px4_msgs/msg/detail/distance_sensor_mode_change_request__rosidl_typesupport_fastrtps_c.h\n'}
[17.810793] (px4_msgs) StdoutLine: {'line': b'-- Up-to-date: /home/subhalaxmi/nidar_ws/install/px4_msgs/include/px4_msgs/px4_msgs/msg/detail/debug_array__rosidl_typesupport_fastrtps_c.h\n'}
[17.811024] (px4_msgs) StdoutLine: {'line': b'-- Up-to-date: /home/subhalaxmi/nidar_ws/install/px4_msgs/include/px4_msgs/px4_msgs/msg/detail/gain_compression__rosidl_typesupport_fastrtps_c.h\n'}
[17.811787] (px4_msgs) StdoutLine: {'line': b'-- Up-to-date: /home/subhalaxmi/nidar_ws/install/px4_msgs/include/px4_msgs/px4_msgs/msg/detail/sensor_selection__rosidl_typesupport_fastrtps_c.h\n'}
[17.812057] (px4_msgs) StdoutLine: {'line': b'-- Up-to-date: /home/subhalaxmi/nidar_ws/install/px4_msgs/include/px4_msgs/px4_msgs/msg/detail/vehicle_odometry__rosidl_typesupport_fastrtps_c.h\n'}
[17.812321] (px4_msgs) StdoutLine: {'line': b'-- Up-to-date: /home/subhalaxmi/nidar_ws/install/px4_msgs/include/px4_msgs/px4_msgs/msg/detail/fuel_tank_status__rosidl_typesupport_fastrtps_c.h\n'}
[17.812582] (px4_msgs) StdoutLine: {'line': b'-- Up-to-date: /home/subhalaxmi/nidar_ws/install/px4_msgs/include/px4_msgs/px4_msgs/msg/detail/arming_check_request__rosidl_typesupport_fastrtps_c.h\n'}
[17.812801] (px4_msgs) StdoutLine: {'line': b'-- Up-to-date: /home/subhalaxmi/nidar_ws/install/px4_msgs/include/px4_msgs/px4_msgs/msg/detail/actuator_controls_status__rosidl_typesupport_fastrtps_c.h\n'}
[17.813026] (px4_msgs) StdoutLine: {'line': b'-- Up-to-date: /home/subhalaxmi/nidar_ws/install/px4_msgs/include/px4_msgs/px4_msgs/msg/detail/esc_report__rosidl_typesupport_fastrtps_c.h\n'}
[17.813329] (px4_msgs) StdoutLine: {'line': b'-- Up-to-date: /home/subhalaxmi/nidar_ws/install/px4_msgs/include/px4_msgs/px4_msgs/msg/detail/camera_trigger__rosidl_typesupport_fastrtps_c.h\n'}
[17.813607] (px4_msgs) StdoutLine: {'line': b'-- Up-to-date: /home/subhalaxmi/nidar_ws/install/px4_msgs/include/px4_msgs/px4_msgs/msg/detail/rc_channels__rosidl_typesupport_fastrtps_c.h\n'}
[17.813860] (px4_msgs) StdoutLine: {'line': b'-- Up-to-date: /home/subhalaxmi/nidar_ws/install/px4_msgs/include/px4_msgs/px4_msgs/msg/detail/follow_target_estimator__rosidl_typesupport_fastrtps_c.h\n'}
[17.814054] (px4_msgs) StdoutLine: {'line': b'-- Up-to-date: /home/subhalaxmi/nidar_ws/install/px4_msgs/include/px4_msgs/px4_msgs/msg/detail/camera_capture__rosidl_typesupport_fastrtps_c.h\n'}
[17.814306] (px4_msgs) StdoutLine: {'line': b'-- Up-to-date: /home/subhalaxmi/nidar_ws/install/px4_msgs/include/px4_msgs/px4_msgs/msg/detail/orb_test__rosidl_typesupport_fastrtps_c.h\n'}
[17.814501] (px4_msgs) StdoutLine: {'line': b'-- Up-to-date: /home/subhalaxmi/nidar_ws/install/px4_msgs/include/px4_msgs/px4_msgs/msg/detail/rover_attitude_setpoint__rosidl_typesupport_fastrtps_c.h\n'}
[17.814682] (px4_msgs) StdoutLine: {'line': b'-- Up-to-date: /home/subhalaxmi/nidar_ws/install/px4_msgs/include/px4_msgs/px4_msgs/msg/detail/collision_constraints__rosidl_typesupport_fastrtps_c.h\n'}
[17.814861] (px4_msgs) StdoutLine: {'line': b'-- Up-to-date: /home/subhalaxmi/nidar_ws/install/px4_msgs/include/px4_msgs/px4_msgs/msg/detail/can_interface_status__rosidl_typesupport_fastrtps_c.h\n'}
[17.815039] (px4_msgs) StdoutLine: {'line': b'-- Up-to-date: /home/subhalaxmi/nidar_ws/install/px4_msgs/include/px4_msgs/px4_msgs/msg/detail/vehicle_air_data__rosidl_typesupport_fastrtps_c.h\n'}
[17.815254] (px4_msgs) StdoutLine: {'line': b'-- Up-to-date: /home/subhalaxmi/nidar_ws/install/px4_msgs/include/px4_msgs/px4_msgs/msg/detail/pwm_input__rosidl_typesupport_fastrtps_c.h\n'}
[17.815450] (px4_msgs) StdoutLine: {'line': b'-- Up-to-date: /home/subhalaxmi/nidar_ws/install/px4_msgs/include/px4_msgs/px4_msgs/msg/detail/estimator_status_flags__rosidl_typesupport_fastrtps_c.h\n'}
[17.815650] (px4_msgs) StdoutLine: {'line': b'-- Up-to-date: /home/subhalaxmi/nidar_ws/install/px4_msgs/include/px4_msgs/px4_msgs/msg/detail/actuator_servos__rosidl_typesupport_fastrtps_c.h\n'}
[17.815841] (px4_msgs) StdoutLine: {'line': b'-- Up-to-date: /home/subhalaxmi/nidar_ws/install/px4_msgs/include/px4_msgs/px4_msgs/msg/detail/sensor_baro__rosidl_typesupport_fastrtps_c.h\n'}
[17.816026] (px4_msgs) StdoutLine: {'line': b'-- Up-to-date: /home/subhalaxmi/nidar_ws/install/px4_msgs/include/px4_msgs/px4_msgs/msg/detail/vehicle_land_detected__rosidl_typesupport_fastrtps_c.h\n'}
[17.816309] (px4_msgs) StdoutLine: {'line': b'-- Up-to-date: /home/subhalaxmi/nidar_ws/install/px4_msgs/include/px4_msgs/px4_msgs/msg/detail/open_drone_id_arm_status__rosidl_typesupport_fastrtps_c.h\n'}
[17.816505] (px4_msgs) StdoutLine: {'line': b'-- Up-to-date: /home/subhalaxmi/nidar_ws/install/px4_msgs/include/px4_msgs/px4_msgs/msg/detail/pps_capture__rosidl_typesupport_fastrtps_c.h\n'}
[17.816684] (px4_msgs) StdoutLine: {'line': b'-- Up-to-date: /home/subhalaxmi/nidar_ws/install/px4_msgs/include/px4_msgs/px4_msgs/msg/detail/message_format_response__rosidl_typesupport_fastrtps_c.h\n'}
[17.816859] (px4_msgs) StdoutLine: {'line': b'-- Up-to-date: /home/subhalaxmi/nidar_ws/install/px4_msgs/include/px4_msgs/px4_msgs/msg/detail/landing_target_pose__rosidl_typesupport_fastrtps_c.h\n'}
[17.817036] (px4_msgs) StdoutLine: {'line': b'-- Up-to-date: /home/subhalaxmi/nidar_ws/install/px4_msgs/include/px4_msgs/px4_msgs/msg/detail/vehicle_command_ack__rosidl_typesupport_fastrtps_c.h\n'}
[17.817321] (px4_msgs) StdoutLine: {'line': b'-- Up-to-date: /home/subhalaxmi/nidar_ws/install/px4_msgs/include/px4_msgs/px4_msgs/msg/detail/vtol_vehicle_status__rosidl_typesupport_fastrtps_c.h\n'}
[17.817532] (px4_msgs) StdoutLine: {'line': b'-- Up-to-date: /home/subhalaxmi/nidar_ws/install/px4_msgs/include/px4_msgs/px4_msgs/msg/detail/rover_rate_status__rosidl_typesupport_fastrtps_c.h\n'}
[17.817735] (px4_msgs) StdoutLine: {'line': b'-- Up-to-date: /home/subhalaxmi/nidar_ws/install/px4_msgs/include/px4_msgs/px4_msgs/msg/detail/normalized_unsigned_setpoint__rosidl_typesupport_fastrtps_c.h\n'}
[17.817924] (px4_msgs) StdoutLine: {'line': b'-- Up-to-date: /home/subhalaxmi/nidar_ws/install/px4_msgs/include/px4_msgs/px4_msgs/msg/detail/landing_gear_wheel__rosidl_typesupport_fastrtps_c.h\n'}
[17.818325] (px4_msgs) StdoutLine: {'line': b'-- Up-to-date: /home/subhalaxmi/nidar_ws/install/px4_msgs/include/px4_msgs/px4_msgs/msg/detail/sensor_gnss_relative__rosidl_typesupport_fastrtps_c.h\n'}
[17.818570] (px4_msgs) StdoutLine: {'line': b'-- Up-to-date: /home/subhalaxmi/nidar_ws/install/px4_msgs/include/px4_msgs/px4_msgs/msg/detail/parameter_set_value_response__rosidl_typesupport_fastrtps_c.h\n'}
[17.818783] (px4_msgs) StdoutLine: {'line': b'-- Up-to-date: /home/subhalaxmi/nidar_ws/install/px4_msgs/include/px4_msgs/px4_msgs/msg/detail/vehicle_control_mode__rosidl_typesupport_fastrtps_c.h\n'}
[17.818980] (px4_msgs) StdoutLine: {'line': b'-- Up-to-date: /home/subhalaxmi/nidar_ws/install/px4_msgs/include/px4_msgs/px4_msgs/msg/detail/navigator_mission_item__rosidl_typesupport_fastrtps_c.h\n'}
[17.819197] (px4_msgs) StdoutLine: {'line': b'-- Up-to-date: /home/subhalaxmi/nidar_ws/install/px4_msgs/include/px4_msgs/px4_msgs/msg/detail/vehicle_imu__rosidl_typesupport_fastrtps_c.h\n'}
[17.819409] (px4_msgs) StdoutLine: {'line': b'-- Up-to-date: /home/subhalaxmi/nidar_ws/install/px4_msgs/include/px4_msgs/px4_msgs/msg/detail/rc_parameter_map__rosidl_typesupport_fastrtps_c.h\n'}
[17.819605] (px4_msgs) StdoutLine: {'line': b'-- Up-to-date: /home/subhalaxmi/nidar_ws/install/px4_msgs/include/px4_msgs/px4_msgs/msg/detail/open_drone_id_system__rosidl_typesupport_fastrtps_c.h\n'}
[17.819793] (px4_msgs) StdoutLine: {'line': b'-- Up-to-date: /home/subhalaxmi/nidar_ws/install/px4_msgs/include/px4_msgs/px4_msgs/msg/detail/message_format_request__rosidl_typesupport_fastrtps_c.h\n'}
[17.819982] (px4_msgs) StdoutLine: {'line': b'-- Up-to-date: /home/subhalaxmi/nidar_ws/install/px4_msgs/include/px4_msgs/px4_msgs/msg/detail/internal_combustion_engine_control__rosidl_typesupport_fastrtps_c.h\n'}
[17.820190] (px4_msgs) StdoutLine: {'line': b'-- Up-to-date: /home/subhalaxmi/nidar_ws/install/px4_msgs/include/px4_msgs/px4_msgs/msg/detail/estimator_aid_source1d__rosidl_typesupport_fastrtps_c.h\n'}
[17.820449] (px4_msgs) StdoutLine: {'line': b'-- Up-to-date: /home/subhalaxmi/nidar_ws/install/px4_msgs/include/px4_msgs/px4_msgs/msg/detail/vehicle_imu_status__rosidl_typesupport_fastrtps_c.h\n'}
[17.820628] (px4_msgs) StdoutLine: {'line': b'-- Up-to-date: /home/subhalaxmi/nidar_ws/install/px4_msgs/include/px4_msgs/px4_msgs/msg/detail/hover_thrust_estimate__rosidl_typesupport_fastrtps_c.h\n'}
[17.820804] (px4_msgs) StdoutLine: {'line': b'-- Up-to-date: /home/subhalaxmi/nidar_ws/install/px4_msgs/include/px4_msgs/px4_msgs/msg/detail/rtl_status__rosidl_typesupport_fastrtps_c.h\n'}
[17.820984] (px4_msgs) StdoutLine: {'line': b'-- Up-to-date: /home/subhalaxmi/nidar_ws/install/px4_msgs/include/px4_msgs/px4_msgs/msg/detail/orbit_status__rosidl_typesupport_fastrtps_c.h\n'}
[17.822022] (px4_msgs) StdoutLine: {'line': b'-- Up-to-date: /home/subhalaxmi/nidar_ws/install/px4_msgs/include/px4_msgs/px4_msgs/msg/detail/ulog_stream__rosidl_typesupport_fastrtps_c.h\n'}
[17.822264] (px4_msgs) StdoutLine: {'line': b'-- Up-to-date: /home/subhalaxmi/nidar_ws/install/px4_msgs/include/px4_msgs/px4_msgs/msg/detail/airspeed_validated__rosidl_typesupport_fastrtps_c.h\n'}
[17.822460] (px4_msgs) StdoutLine: {'line': b'-- Up-to-date: /home/subhalaxmi/nidar_ws/install/px4_msgs/include/px4_msgs/px4_msgs/msg/detail/rtl_time_estimate__rosidl_typesupport_fastrtps_c.h\n'}
[17.822643] (px4_msgs) StdoutLine: {'line': b'-- Up-to-date: /home/subhalaxmi/nidar_ws/install/px4_msgs/include/px4_msgs/px4_msgs/msg/detail/fixed_wing_longitudinal_setpoint__rosidl_typesupport_fastrtps_c.h\n'}
[17.822823] (px4_msgs) StdoutLine: {'line': b'-- Up-to-date: /home/subhalaxmi/nidar_ws/install/px4_msgs/include/px4_msgs/px4_msgs/msg/detail/rate_ctrl_status__rosidl_typesupport_fastrtps_c.h\n'}
[17.823000] (px4_msgs) StdoutLine: {'line': b'-- Up-to-date: /home/subhalaxmi/nidar_ws/install/px4_msgs/include/px4_msgs/px4_msgs/msg/detail/vehicle_command__rosidl_typesupport_fastrtps_c.h\n'}
[17.823998] (px4_msgs) StdoutLine: {'line': b'-- Up-to-date: /home/subhalaxmi/nidar_ws/install/px4_msgs/include/px4_msgs/px4_msgs/msg/detail/register_ext_component_request__rosidl_typesupport_fastrtps_c.h\n'}
[17.824374] (px4_msgs) StdoutLine: {'line': b'-- Up-to-date: /home/subhalaxmi/nidar_ws/install/px4_msgs/include/px4_msgs/px4_msgs/msg/detail/trajectory_setpoint6dof__rosidl_typesupport_fastrtps_c.h\n'}
[17.824633] (px4_msgs) StdoutLine: {'line': b'-- Up-to-date: /home/subhalaxmi/nidar_ws/install/px4_msgs/include/px4_msgs/px4_msgs/msg/detail/open_drone_id_self_id__rosidl_typesupport_fastrtps_c.h\n'}
[17.825141] (px4_msgs) StdoutLine: {'line': b'-- Up-to-date: /home/subhalaxmi/nidar_ws/install/px4_msgs/include/px4_msgs/px4_msgs/msg/detail/estimator_gps_status__rosidl_typesupport_fastrtps_c.h\n'}
[17.825547] (px4_msgs) StdoutLine: {'line': b'-- Up-to-date: /home/subhalaxmi/nidar_ws/install/px4_msgs/include/px4_msgs/px4_msgs/msg/detail/power_monitor__rosidl_typesupport_fastrtps_c.h\n'}
[17.826441] (px4_msgs) StdoutLine: {'line': b'-- Up-to-date: /home/subhalaxmi/nidar_ws/install/px4_msgs/include/px4_msgs/px4_msgs/msg/detail/gps_inject_data__rosidl_typesupport_fastrtps_c.h\n'}
[17.826667] (px4_msgs) StdoutLine: {'line': b'-- Up-to-date: /home/subhalaxmi/nidar_ws/install/px4_msgs/include/px4_msgs/px4_msgs/srv\n'}
[17.826856] (px4_msgs) StdoutLine: {'line': b'-- Up-to-date: /home/subhalaxmi/nidar_ws/install/px4_msgs/include/px4_msgs/px4_msgs/srv/detail\n'}
[17.827045] (px4_msgs) StdoutLine: {'line': b'-- Up-to-date: /home/subhalaxmi/nidar_ws/install/px4_msgs/include/px4_msgs/px4_msgs/srv/detail/vehicle_command__rosidl_typesupport_fastrtps_c.h\n'}
[17.827280] (px4_msgs) StdoutLine: {'line': b'-- Up-to-date: /home/subhalaxmi/nidar_ws/install/px4_msgs/lib/libpx4_msgs__rosidl_typesupport_fastrtps_c.so\n'}
[17.827750] (px4_msgs) StdoutLine: {'line': b'-- Up-to-date: /home/subhalaxmi/nidar_ws/install/px4_msgs/include/px4_msgs/px4_msgs\n'}
[17.827958] (px4_msgs) StdoutLine: {'line': b'-- Up-to-date: /home/subhalaxmi/nidar_ws/install/px4_msgs/include/px4_msgs/px4_msgs/msg\n'}
[17.828173] (px4_msgs) StdoutLine: {'line': b'-- Up-to-date: /home/subhalaxmi/nidar_ws/install/px4_msgs/include/px4_msgs/px4_msgs/msg/internal_combustion_engine_status.hpp\n'}
[17.828435] (px4_msgs) StdoutLine: {'line': b'-- Up-to-date: /home/subhalaxmi/nidar_ws/install/px4_msgs/include/px4_msgs/px4_msgs/msg/vehicle_roi.hpp\n'}
[17.828633] (px4_msgs) StdoutLine: {'line': b'-- Up-to-date: /home/subhalaxmi/nidar_ws/install/px4_msgs/include/px4_msgs/px4_msgs/msg/obstacle_distance.hpp\n'}
[17.828818] (px4_msgs) StdoutLine: {'line': b'-- Up-to-date: /home/subhalaxmi/nidar_ws/install/px4_msgs/include/px4_msgs/px4_msgs/msg/tecs_status.hpp\n'}
[17.828999] (px4_msgs) StdoutLine: {'line': b'-- Up-to-date: /home/subhalaxmi/nidar_ws/install/px4_msgs/include/px4_msgs/px4_msgs/msg/timesync_status.hpp\n'}
[17.829267] (px4_msgs) StdoutLine: {'line': b'-- Up-to-date: /home/subhalaxmi/nidar_ws/install/px4_msgs/include/px4_msgs/px4_msgs/msg/gimbal_controls.hpp\n'}
[17.829835] (px4_msgs) StdoutLine: {'line': b'-- Up-to-date: /home/subhalaxmi/nidar_ws/install/px4_msgs/include/px4_msgs/px4_msgs/msg/launch_detection_status.hpp\n'}
[17.830061] (px4_msgs) StdoutLine: {'line': b'-- Up-to-date: /home/subhalaxmi/nidar_ws/install/px4_msgs/include/px4_msgs/px4_msgs/msg/sensor_gyro.hpp\n'}
[17.830288] (px4_msgs) StdoutLine: {'line': b'-- Up-to-date: /home/subhalaxmi/nidar_ws/install/px4_msgs/include/px4_msgs/px4_msgs/msg/vehicle_optical_flow.hpp\n'}
[17.830481] (px4_msgs) StdoutLine: {'line': b'-- Up-to-date: /home/subhalaxmi/nidar_ws/install/px4_msgs/include/px4_msgs/px4_msgs/msg/vehicle_odometry.hpp\n'}
[17.830704] (px4_msgs) StdoutLine: {'line': b'-- Up-to-date: /home/subhalaxmi/nidar_ws/install/px4_msgs/include/px4_msgs/px4_msgs/msg/sensor_correction.hpp\n'}
[17.830885] (px4_msgs) StdoutLine: {'line': b'-- Up-to-date: /home/subhalaxmi/nidar_ws/install/px4_msgs/include/px4_msgs/px4_msgs/msg/gimbal_manager_status.hpp\n'}
[17.831061] (px4_msgs) StdoutLine: {'line': b'-- Up-to-date: /home/subhalaxmi/nidar_ws/install/px4_msgs/include/px4_msgs/px4_msgs/msg/autotune_attitude_control_status.hpp\n'}
[17.831284] (px4_msgs) StdoutLine: {'line': b'-- Up-to-date: /home/subhalaxmi/nidar_ws/install/px4_msgs/include/px4_msgs/px4_msgs/msg/vehicle_magnetometer.hpp\n'}
[17.831456] (px4_msgs) StdoutLine: {'line': b'-- Up-to-date: /home/subhalaxmi/nidar_ws/install/px4_msgs/include/px4_msgs/px4_msgs/msg/tune_control.hpp\n'}
[17.831659] (px4_msgs) StdoutLine: {'line': b'-- Up-to-date: /home/subhalaxmi/nidar_ws/install/px4_msgs/include/px4_msgs/px4_msgs/msg/fixed_wing_lateral_status.hpp\n'}
[17.831845] (px4_msgs) StdoutLine: {'line': b'-- Up-to-date: /home/subhalaxmi/nidar_ws/install/px4_msgs/include/px4_msgs/px4_msgs/msg/sensor_baro.hpp\n'}
[17.832029] (px4_msgs) StdoutLine: {'line': b'-- Up-to-date: /home/subhalaxmi/nidar_ws/install/px4_msgs/include/px4_msgs/px4_msgs/msg/gain_compression.hpp\n'}
[17.832247] (px4_msgs) StdoutLine: {'line': b'-- Up-to-date: /home/subhalaxmi/nidar_ws/install/px4_msgs/include/px4_msgs/px4_msgs/msg/failsafe_flags.hpp\n'}
[17.832680] (px4_msgs) StdoutLine: {'line': b'-- Up-to-date: /home/subhalaxmi/nidar_ws/install/px4_msgs/include/px4_msgs/px4_msgs/msg/estimator_status.hpp\n'}
[17.832876] (px4_msgs) StdoutLine: {'line': b'-- Up-to-date: /home/subhalaxmi/nidar_ws/install/px4_msgs/include/px4_msgs/px4_msgs/msg/estimator_innovations.hpp\n'}
[17.833061] (px4_msgs) StdoutLine: {'line': b'-- Up-to-date: /home/subhalaxmi/nidar_ws/install/px4_msgs/include/px4_msgs/px4_msgs/msg/unregister_ext_component.hpp\n'}
[17.833289] (px4_msgs) StdoutLine: {'line': b'-- Up-to-date: /home/subhalaxmi/nidar_ws/install/px4_msgs/include/px4_msgs/px4_msgs/msg/estimator_bias.hpp\n'}
[17.833482] (px4_msgs) StdoutLine: {'line': b'-- Up-to-date: /home/subhalaxmi/nidar_ws/install/px4_msgs/include/px4_msgs/px4_msgs/msg/gimbal_manager_set_manual_control.hpp\n'}
[17.833662] (px4_msgs) StdoutLine: {'line': b'-- Up-to-date: /home/subhalaxmi/nidar_ws/install/px4_msgs/include/px4_msgs/px4_msgs/msg/sensor_accel.hpp\n'}
[17.833837] (px4_msgs) StdoutLine: {'line': b'-- Up-to-date: /home/subhalaxmi/nidar_ws/install/px4_msgs/include/px4_msgs/px4_msgs/msg/parameter_set_value_response.hpp\n'}
[17.834013] (px4_msgs) StdoutLine: {'line': b'-- Up-to-date: /home/subhalaxmi/nidar_ws/install/px4_msgs/include/px4_msgs/px4_msgs/msg/mavlink_tunnel.hpp\n'}
[17.834237] (px4_msgs) StdoutLine: {'line': b'-- Up-to-date: /home/subhalaxmi/nidar_ws/install/px4_msgs/include/px4_msgs/px4_msgs/msg/register_ext_component_reply.hpp\n'}
[17.834449] (px4_msgs) StdoutLine: {'line': b'-- Up-to-date: /home/subhalaxmi/nidar_ws/install/px4_msgs/include/px4_msgs/px4_msgs/msg/airspeed_wind.hpp\n'}
[17.834628] (px4_msgs) StdoutLine: {'line': b'-- Up-to-date: /home/subhalaxmi/nidar_ws/install/px4_msgs/include/px4_msgs/px4_msgs/msg/vehicle_angular_acceleration_setpoint.hpp\n'}
[17.834803] (px4_msgs) StdoutLine: {'line': b'-- Up-to-date: /home/subhalaxmi/nidar_ws/install/px4_msgs/include/px4_msgs/px4_msgs/msg/ekf2_timestamps.hpp\n'}
[17.834979] (px4_msgs) StdoutLine: {'line': b'-- Up-to-date: /home/subhalaxmi/nidar_ws/install/px4_msgs/include/px4_msgs/px4_msgs/msg/camera_trigger.hpp\n'}
[17.835790] (px4_msgs) StdoutLine: {'line': b'-- Up-to-date: /home/subhalaxmi/nidar_ws/install/px4_msgs/include/px4_msgs/px4_msgs/msg/vehicle_torque_setpoint.hpp\n'}
[17.836040] (px4_msgs) StdoutLine: {'line': b'-- Up-to-date: /home/subhalaxmi/nidar_ws/install/px4_msgs/include/px4_msgs/px4_msgs/msg/position_setpoint.hpp\n'}
[17.836278] (px4_msgs) StdoutLine: {'line': b'-- Up-to-date: /home/subhalaxmi/nidar_ws/install/px4_msgs/include/px4_msgs/px4_msgs/msg/vehicle_rates_setpoint.hpp\n'}
[17.836845] (px4_msgs) StdoutLine: {'line': b'-- Up-to-date: /home/subhalaxmi/nidar_ws/install/px4_msgs/include/px4_msgs/px4_msgs/msg/vehicle_imu_status.hpp\n'}
[17.837064] (px4_msgs) StdoutLine: {'line': b'-- Up-to-date: /home/subhalaxmi/nidar_ws/install/px4_msgs/include/px4_msgs/px4_msgs/msg/figure_eight_status.hpp\n'}
[17.837290] (px4_msgs) StdoutLine: {'line': b'-- Up-to-date: /home/subhalaxmi/nidar_ws/install/px4_msgs/include/px4_msgs/px4_msgs/msg/vehicle_command.hpp\n'}
[17.837487] (px4_msgs) StdoutLine: {'line': b'-- Up-to-date: /home/subhalaxmi/nidar_ws/install/px4_msgs/include/px4_msgs/px4_msgs/msg/estimator_aid_source2d.hpp\n'}
[17.837669] (px4_msgs) StdoutLine: {'line': b'-- Up-to-date: /home/subhalaxmi/nidar_ws/install/px4_msgs/include/px4_msgs/px4_msgs/msg/vehicle_attitude.hpp\n'}
[17.837869] (px4_msgs) StdoutLine: {'line': b'-- Up-to-date: /home/subhalaxmi/nidar_ws/install/px4_msgs/include/px4_msgs/px4_msgs/msg/logger_status.hpp\n'}
[17.838645] (px4_msgs) StdoutLine: {'line': b'-- Up-to-date: /home/subhalaxmi/nidar_ws/install/px4_msgs/include/px4_msgs/px4_msgs/msg/orb_test.hpp\n'}
[17.838857] (px4_msgs) StdoutLine: {'line': b'-- Up-to-date: /home/subhalaxmi/nidar_ws/install/px4_msgs/include/px4_msgs/px4_msgs/msg/gimbal_device_set_attitude.hpp\n'}
[17.839040] (px4_msgs) StdoutLine: {'line': b'-- Up-to-date: /home/subhalaxmi/nidar_ws/install/px4_msgs/include/px4_msgs/px4_msgs/msg/action_request.hpp\n'}
[17.839285] (px4_msgs) StdoutLine: {'line': b'-- Up-to-date: /home/subhalaxmi/nidar_ws/install/px4_msgs/include/px4_msgs/px4_msgs/msg/landing_gear.hpp\n'}
[17.839523] (px4_msgs) StdoutLine: {'line': b'-- Up-to-date: /home/subhalaxmi/nidar_ws/install/px4_msgs/include/px4_msgs/px4_msgs/msg/landing_target_pose.hpp\n'}
[17.839710] (px4_msgs) StdoutLine: {'line': b'-- Up-to-date: /home/subhalaxmi/nidar_ws/install/px4_msgs/include/px4_msgs/px4_msgs/msg/rover_rate_status.hpp\n'}
[17.839888] (px4_msgs) StdoutLine: {'line': b'-- Up-to-date: /home/subhalaxmi/nidar_ws/install/px4_msgs/include/px4_msgs/px4_msgs/msg/heater_status.hpp\n'}
[17.840080] (px4_msgs) StdoutLine: {'line': b'-- Up-to-date: /home/subhalaxmi/nidar_ws/install/px4_msgs/include/px4_msgs/px4_msgs/msg/button_event.hpp\n'}
[17.840432] (px4_msgs) StdoutLine: {'line': b'-- Up-to-date: /home/subhalaxmi/nidar_ws/install/px4_msgs/include/px4_msgs/px4_msgs/msg/gimbal_device_attitude_status.hpp\n'}
[17.840777] (px4_msgs) StdoutLine: {'line': b'-- Up-to-date: /home/subhalaxmi/nidar_ws/install/px4_msgs/include/px4_msgs/px4_msgs/msg/navigator_mission_item.hpp\n'}
[17.840961] (px4_msgs) StdoutLine: {'line': b'-- Up-to-date: /home/subhalaxmi/nidar_ws/install/px4_msgs/include/px4_msgs/px4_msgs/msg/rtl_time_estimate.hpp\n'}
[17.841167] (px4_msgs) StdoutLine: {'line': b'-- Up-to-date: /home/subhalaxmi/nidar_ws/install/px4_msgs/include/px4_msgs/px4_msgs/msg/lateral_control_configuration.hpp\n'}
[17.842370] (px4_msgs) StdoutLine: {'line': b'-- Up-to-date: /home/subhalaxmi/nidar_ws/install/px4_msgs/include/px4_msgs/px4_msgs/msg/px4io_status.hpp\n'}
[17.842583] (px4_msgs) StdoutLine: {'line': b'-- Up-to-date: /home/subhalaxmi/nidar_ws/install/px4_msgs/include/px4_msgs/px4_msgs/msg/rover_rate_setpoint.hpp\n'}
[17.842811] (px4_msgs) StdoutLine: {'line': b'-- Up-to-date: /home/subhalaxmi/nidar_ws/install/px4_msgs/include/px4_msgs/px4_msgs/msg/iridiumsbd_status.hpp\n'}
[17.843000] (px4_msgs) StdoutLine: {'line': b'-- Up-to-date: /home/subhalaxmi/nidar_ws/install/px4_msgs/include/px4_msgs/px4_msgs/msg/sensor_accel_fifo.hpp\n'}
[17.843241] (px4_msgs) StdoutLine: {'line': b'-- Up-to-date: /home/subhalaxmi/nidar_ws/install/px4_msgs/include/px4_msgs/px4_msgs/msg/airspeed.hpp\n'}
[17.843713] (px4_msgs) StdoutLine: {'line': b'-- Up-to-date: /home/subhalaxmi/nidar_ws/install/px4_msgs/include/px4_msgs/px4_msgs/msg/position_setpoint_triplet.hpp\n'}
[17.843913] (px4_msgs) StdoutLine: {'line': b'-- Up-to-date: /home/subhalaxmi/nidar_ws/install/px4_msgs/include/px4_msgs/px4_msgs/msg/rover_speed_setpoint.hpp\n'}
[17.844633] (px4_msgs) StdoutLine: {'line': b'-- Up-to-date: /home/subhalaxmi/nidar_ws/install/px4_msgs/include/px4_msgs/px4_msgs/msg/estimator_sensor_bias.hpp\n'}
[17.845366] (px4_msgs) StdoutLine: {'line': b'-- Up-to-date: /home/subhalaxmi/nidar_ws/install/px4_msgs/include/px4_msgs/px4_msgs/msg/distance_sensor_mode_change_request.hpp\n'}
[17.845652] (px4_msgs) StdoutLine: {'line': b'-- Up-to-date: /home/subhalaxmi/nidar_ws/install/px4_msgs/include/px4_msgs/px4_msgs/msg/mavlink_log.hpp\n'}
[17.845888] (px4_msgs) StdoutLine: {'line': b'-- Up-to-date: /home/subhalaxmi/nidar_ws/install/px4_msgs/include/px4_msgs/px4_msgs/msg/fixed_wing_lateral_setpoint.hpp\n'}
[17.846139] (px4_msgs) StdoutLine: {'line': b'-- Up-to-date: /home/subhalaxmi/nidar_ws/install/px4_msgs/include/px4_msgs/px4_msgs/msg/register_ext_component_request.hpp\n'}
[17.846385] (px4_msgs) StdoutLine: {'line': b'-- Up-to-date: /home/subhalaxmi/nidar_ws/install/px4_msgs/include/px4_msgs/px4_msgs/msg/goto_setpoint.hpp\n'}
[17.846592] (px4_msgs) StdoutLine: {'line': b'-- Up-to-date: /home/subhalaxmi/nidar_ws/install/px4_msgs/include/px4_msgs/px4_msgs/msg/fixed_wing_longitudinal_setpoint.hpp\n'}
[17.846809] (px4_msgs) StdoutLine: {'line': b'-- Up-to-date: /home/subhalaxmi/nidar_ws/install/px4_msgs/include/px4_msgs/px4_msgs/msg/health_report.hpp\n'}
[17.847008] (px4_msgs) StdoutLine: {'line': b'-- Up-to-date: /home/subhalaxmi/nidar_ws/install/px4_msgs/include/px4_msgs/px4_msgs/msg/vehicle_status.hpp\n'}
[17.848660] (px4_msgs) StdoutLine: {'line': b'-- Up-to-date: /home/subhalaxmi/nidar_ws/install/px4_msgs/include/px4_msgs/px4_msgs/msg/uavcan_parameter_value.hpp\n'}
[17.850288] (px4_msgs) StdoutLine: {'line': b'-- Up-to-date: /home/subhalaxmi/nidar_ws/install/px4_msgs/include/px4_msgs/px4_msgs/msg/sensors_status_imu.hpp\n'}
[17.850571] (px4_msgs) StdoutLine: {'line': b'-- Up-to-date: /home/subhalaxmi/nidar_ws/install/px4_msgs/include/px4_msgs/px4_msgs/msg/gpio_request.hpp\n'}
[17.850809] (px4_msgs) StdoutLine: {'line': b'-- Up-to-date: /home/subhalaxmi/nidar_ws/install/px4_msgs/include/px4_msgs/px4_msgs/msg/open_drone_id_system.hpp\n'}
[17.851000] (px4_msgs) StdoutLine: {'line': b'-- Up-to-date: /home/subhalaxmi/nidar_ws/install/px4_msgs/include/px4_msgs/px4_msgs/msg/raptor_status.hpp\n'}
[17.851474] (px4_msgs) StdoutLine: {'line': b'-- Up-to-date: /home/subhalaxmi/nidar_ws/install/px4_msgs/include/px4_msgs/px4_msgs/msg/rover_attitude_status.hpp\n'}
[17.852148] (px4_msgs) StdoutLine: {'line': b'-- Up-to-date: /home/subhalaxmi/nidar_ws/install/px4_msgs/include/px4_msgs/px4_msgs/msg/fixed_wing_lateral_guidance_status.hpp\n'}
[17.852431] (px4_msgs) StdoutLine: {'line': b'-- Up-to-date: /home/subhalaxmi/nidar_ws/install/px4_msgs/include/px4_msgs/px4_msgs/msg/gps_dump.hpp\n'}
[17.852656] (px4_msgs) StdoutLine: {'line': b'-- Up-to-date: /home/subhalaxmi/nidar_ws/install/px4_msgs/include/px4_msgs/px4_msgs/msg/hover_thrust_estimate.hpp\n'}
[17.852859] (px4_msgs) StdoutLine: {'line': b'-- Up-to-date: /home/subhalaxmi/nidar_ws/install/px4_msgs/include/px4_msgs/px4_msgs/msg/follow_target_estimator.hpp\n'}
[17.853066] (px4_msgs) StdoutLine: {'line': b'-- Up-to-date: /home/subhalaxmi/nidar_ws/install/px4_msgs/include/px4_msgs/px4_msgs/msg/vehicle_local_position_setpoint.hpp\n'}
[17.853310] (px4_msgs) StdoutLine: {'line': b'-- Up-to-date: /home/subhalaxmi/nidar_ws/install/px4_msgs/include/px4_msgs/px4_msgs/msg/satellite_info.hpp\n'}
[17.853553] (px4_msgs) StdoutLine: {'line': b'-- Up-to-date: /home/subhalaxmi/nidar_ws/install/px4_msgs/include/px4_msgs/px4_msgs/msg/actuator_servos.hpp\n'}
[17.853752] (-) TimerEvent: {}
[17.854018] (px4_msgs) StdoutLine: {'line': b'-- Up-to-date: /home/subhalaxmi/nidar_ws/install/px4_msgs/include/px4_msgs/px4_msgs/msg/vehicle_control_mode.hpp\n'}
[17.854523] (px4_msgs) StdoutLine: {'line': b'-- Up-to-date: /home/subhalaxmi/nidar_ws/install/px4_msgs/include/px4_msgs/px4_msgs/msg/mount_orientation.hpp\n'}
[17.854897] (px4_msgs) StdoutLine: {'line': b'-- Up-to-date: /home/subhalaxmi/nidar_ws/install/px4_msgs/include/px4_msgs/px4_msgs/msg/gps_inject_data.hpp\n'}
[17.855169] (px4_msgs) StdoutLine: {'line': b'-- Up-to-date: /home/subhalaxmi/nidar_ws/install/px4_msgs/include/px4_msgs/px4_msgs/msg/sensor_gps.hpp\n'}
[17.855407] (px4_msgs) StdoutLine: {'line': b'-- Up-to-date: /home/subhalaxmi/nidar_ws/install/px4_msgs/include/px4_msgs/px4_msgs/msg/dataman_response.hpp\n'}
[17.855625] (px4_msgs) StdoutLine: {'line': b'-- Up-to-date: /home/subhalaxmi/nidar_ws/install/px4_msgs/include/px4_msgs/px4_msgs/msg/rover_throttle_setpoint.hpp\n'}
[17.855840] (px4_msgs) StdoutLine: {'line': b'-- Up-to-date: /home/subhalaxmi/nidar_ws/install/px4_msgs/include/px4_msgs/px4_msgs/msg/transponder_report.hpp\n'}
[17.856064] (px4_msgs) StdoutLine: {'line': b'-- Up-to-date: /home/subhalaxmi/nidar_ws/install/px4_msgs/include/px4_msgs/px4_msgs/msg/orb_test_large.hpp\n'}
[17.856365] (px4_msgs) StdoutLine: {'line': b'-- Up-to-date: /home/subhalaxmi/nidar_ws/install/px4_msgs/include/px4_msgs/px4_msgs/msg/telemetry_status.hpp\n'}
[17.856677] (px4_msgs) StdoutLine: {'line': b'-- Up-to-date: /home/subhalaxmi/nidar_ws/install/px4_msgs/include/px4_msgs/px4_msgs/msg/vehicle_imu.hpp\n'}
[17.857084] (px4_msgs) StdoutLine: {'line': b'-- Up-to-date: /home/subhalaxmi/nidar_ws/install/px4_msgs/include/px4_msgs/px4_msgs/msg/event.hpp\n'}
[17.857950] (px4_msgs) StdoutLine: {'line': b'-- Up-to-date: /home/subhalaxmi/nidar_ws/install/px4_msgs/include/px4_msgs/px4_msgs/msg/cpuload.hpp\n'}
[17.858671] (px4_msgs) StdoutLine: {'line': b'-- Up-to-date: /home/subhalaxmi/nidar_ws/install/px4_msgs/include/px4_msgs/px4_msgs/msg/pure_pursuit_status.hpp\n'}
[17.859053] (px4_msgs) StdoutLine: {'line': b'-- Up-to-date: /home/subhalaxmi/nidar_ws/install/px4_msgs/include/px4_msgs/px4_msgs/msg/distance_sensor.hpp\n'}
[17.859364] (px4_msgs) StdoutLine: {'line': b'-- Up-to-date: /home/subhalaxmi/nidar_ws/install/px4_msgs/include/px4_msgs/px4_msgs/msg/parameter_set_value_request.hpp\n'}
[17.859584] (px4_msgs) StdoutLine: {'line': b'-- Up-to-date: /home/subhalaxmi/nidar_ws/install/px4_msgs/include/px4_msgs/px4_msgs/msg/wheel_encoders.hpp\n'}
[17.859776] (px4_msgs) StdoutLine: {'line': b'-- Up-to-date: /home/subhalaxmi/nidar_ws/install/px4_msgs/include/px4_msgs/px4_msgs/msg/debug_value.hpp\n'}
[17.859979] (px4_msgs) StdoutLine: {'line': b'-- Up-to-date: /home/subhalaxmi/nidar_ws/install/px4_msgs/include/px4_msgs/px4_msgs/msg/rover_position_setpoint.hpp\n'}
[17.860225] (px4_msgs) StdoutLine: {'line': b'-- Up-to-date: /home/subhalaxmi/nidar_ws/install/px4_msgs/include/px4_msgs/px4_msgs/msg/takeoff_status.hpp\n'}
[17.860527] (px4_msgs) StdoutLine: {'line': b'-- Up-to-date: /home/subhalaxmi/nidar_ws/install/px4_msgs/include/px4_msgs/px4_msgs/msg/led_control.hpp\n'}
[17.862761] (px4_msgs) StdoutLine: {'line': b'-- Up-to-date: /home/subhalaxmi/nidar_ws/install/px4_msgs/include/px4_msgs/px4_msgs/msg/follow_target.hpp\n'}
[17.863876] (px4_msgs) StdoutLine: {'line': b'-- Up-to-date: /home/subhalaxmi/nidar_ws/install/px4_msgs/include/px4_msgs/px4_msgs/msg/vehicle_command_ack.hpp\n'}
[17.864331] (px4_msgs) StdoutLine: {'line': b'-- Up-to-date: /home/subhalaxmi/nidar_ws/install/px4_msgs/include/px4_msgs/px4_msgs/msg/vehicle_thrust_setpoint.hpp\n'}
[17.864542] (px4_msgs) StdoutLine: {'line': b'-- Up-to-date: /home/subhalaxmi/nidar_ws/install/px4_msgs/include/px4_msgs/px4_msgs/msg/pwm_input.hpp\n'}
[17.864745] (px4_msgs) StdoutLine: {'line': b'-- Up-to-date: /home/subhalaxmi/nidar_ws/install/px4_msgs/include/px4_msgs/px4_msgs/msg/rc_parameter_map.hpp\n'}
[17.864938] (px4_msgs) StdoutLine: {'line': b'-- Up-to-date: /home/subhalaxmi/nidar_ws/install/px4_msgs/include/px4_msgs/px4_msgs/msg/battery_status.hpp\n'}
[17.866016] (px4_msgs) StdoutLine: {'line': b'-- Up-to-date: /home/subhalaxmi/nidar_ws/install/px4_msgs/include/px4_msgs/px4_msgs/msg/esc_report.hpp\n'}
[17.866336] (px4_msgs) StdoutLine: {'line': b'-- Up-to-date: /home/subhalaxmi/nidar_ws/install/px4_msgs/include/px4_msgs/px4_msgs/msg/debug_array.hpp\n'}
[17.866536] (px4_msgs) StdoutLine: {'line': b'-- Up-to-date: /home/subhalaxmi/nidar_ws/install/px4_msgs/include/px4_msgs/px4_msgs/msg/ping.hpp\n'}
[17.866719] (px4_msgs) StdoutLine: {'line': b'-- Up-to-date: /home/subhalaxmi/nidar_ws/install/px4_msgs/include/px4_msgs/px4_msgs/msg/actuator_outputs.hpp\n'}
[17.866904] (px4_msgs) StdoutLine: {'line': b'-- Up-to-date: /home/subhalaxmi/nidar_ws/install/px4_msgs/include/px4_msgs/px4_msgs/msg/sensor_uwb.hpp\n'}
[17.867088] (px4_msgs) StdoutLine: {'line': b'-- Up-to-date: /home/subhalaxmi/nidar_ws/install/px4_msgs/include/px4_msgs/px4_msgs/msg/open_drone_id_operator_id.hpp\n'}
[17.867305] (px4_msgs) StdoutLine: {'line': b'-- Up-to-date: /home/subhalaxmi/nidar_ws/install/px4_msgs/include/px4_msgs/px4_msgs/msg/uavcan_parameter_request.hpp\n'}
[17.867690] (px4_msgs) StdoutLine: {'line': b'-- Up-to-date: /home/subhalaxmi/nidar_ws/install/px4_msgs/include/px4_msgs/px4_msgs/msg/yaw_estimator_status.hpp\n'}
[17.868067] (px4_msgs) StdoutLine: {'line': b'-- Up-to-date: /home/subhalaxmi/nidar_ws/install/px4_msgs/include/px4_msgs/px4_msgs/msg/power_monitor.hpp\n'}
[17.868348] (px4_msgs) StdoutLine: {'line': b'-- Up-to-date: /home/subhalaxmi/nidar_ws/install/px4_msgs/include/px4_msgs/px4_msgs/msg/estimator_states.hpp\n'}
[17.868540] (px4_msgs) StdoutLine: {'line': b'-- Up-to-date: /home/subhalaxmi/nidar_ws/install/px4_msgs/include/px4_msgs/px4_msgs/msg/sensor_temp.hpp\n'}
[17.868959] (px4_msgs) StdoutLine: {'line': b'-- Up-to-date: /home/subhalaxmi/nidar_ws/install/px4_msgs/include/px4_msgs/px4_msgs/msg/orb_test_medium.hpp\n'}
[17.869183] (px4_msgs) StdoutLine: {'line': b'-- Up-to-date: /home/subhalaxmi/nidar_ws/install/px4_msgs/include/px4_msgs/px4_msgs/msg/failure_detector_status.hpp\n'}
[17.869394] (px4_msgs) StdoutLine: {'line': b'-- Up-to-date: /home/subhalaxmi/nidar_ws/install/px4_msgs/include/px4_msgs/px4_msgs/msg/gimbal_device_information.hpp\n'}
[17.869895] (px4_msgs) StdoutLine: {'line': b'-- Up-to-date: /home/subhalaxmi/nidar_ws/install/px4_msgs/include/px4_msgs/px4_msgs/msg/camera_status.hpp\n'}
[17.870374] (px4_msgs) StdoutLine: {'line': b'-- Up-to-date: /home/subhalaxmi/nidar_ws/install/px4_msgs/include/px4_msgs/px4_msgs/msg/velocity_limits.hpp\n'}
[17.871400] (px4_msgs) StdoutLine: {'line': b'-- Up-to-date: /home/subhalaxmi/nidar_ws/install/px4_msgs/include/px4_msgs/px4_msgs/msg/rover_speed_status.hpp\n'}
[17.872448] (px4_msgs) StdoutLine: {'line': b'-- Up-to-date: /home/subhalaxmi/nidar_ws/install/px4_msgs/include/px4_msgs/px4_msgs/msg/fixed_wing_runway_control.hpp\n'}
[17.872978] (px4_msgs) StdoutLine: {'line': b'-- Up-to-date: /home/subhalaxmi/nidar_ws/install/px4_msgs/include/px4_msgs/px4_msgs/msg/sensor_gyro_fft.hpp\n'}
[17.873756] (px4_msgs) StdoutLine: {'line': b'-- Up-to-date: /home/subhalaxmi/nidar_ws/install/px4_msgs/include/px4_msgs/px4_msgs/msg/sensors_status.hpp\n'}
[17.874187] (px4_msgs) StdoutLine: {'line': b'-- Up-to-date: /home/subhalaxmi/nidar_ws/install/px4_msgs/include/px4_msgs/px4_msgs/msg/debug_vect.hpp\n'}
[17.874561] (px4_msgs) StdoutLine: {'line': b'-- Up-to-date: /home/subhalaxmi/nidar_ws/install/px4_msgs/include/px4_msgs/px4_msgs/msg/rtl_status.hpp\n'}
[17.874833] (px4_msgs) StdoutLine: {'line': b'-- Up-to-date: /home/subhalaxmi/nidar_ws/install/px4_msgs/include/px4_msgs/px4_msgs/msg/vehicle_local_position.hpp\n'}
[17.875041] (px4_msgs) StdoutLine: {'line': b'-- Up-to-date: /home/subhalaxmi/nidar_ws/install/px4_msgs/include/px4_msgs/px4_msgs/msg/actuator_motors.hpp\n'}
[17.876716] (px4_msgs) StdoutLine: {'line': b'-- Up-to-date: /home/subhalaxmi/nidar_ws/install/px4_msgs/include/px4_msgs/px4_msgs/msg/differential_pressure.hpp\n'}
[17.877306] (px4_msgs) StdoutLine: {'line': b'-- Up-to-date: /home/subhalaxmi/nidar_ws/install/px4_msgs/include/px4_msgs/px4_msgs/msg/parameter_update.hpp\n'}
[17.877716] (px4_msgs) StdoutLine: {'line': b'-- Up-to-date: /home/subhalaxmi/nidar_ws/install/px4_msgs/include/px4_msgs/px4_msgs/msg/message_format_response.hpp\n'}
[17.877944] (px4_msgs) StdoutLine: {'line': b'-- Up-to-date: /home/subhalaxmi/nidar_ws/install/px4_msgs/include/px4_msgs/px4_msgs/msg/manual_control_setpoint.hpp\n'}
[17.878256] (px4_msgs) StdoutLine: {'line': b'-- Up-to-date: /home/subhalaxmi/nidar_ws/install/px4_msgs/include/px4_msgs/px4_msgs/msg/vehicle_global_position.hpp\n'}
[17.878473] (px4_msgs) StdoutLine: {'line': b'-- Up-to-date: /home/subhalaxmi/nidar_ws/install/px4_msgs/include/px4_msgs/px4_msgs/msg/orbit_status.hpp\n'}
[17.879799] (px4_msgs) StdoutLine: {'line': b'-- Up-to-date: /home/subhalaxmi/nidar_ws/install/px4_msgs/include/px4_msgs/px4_msgs/msg/parameter_reset_request.hpp\n'}
[17.880085] (px4_msgs) StdoutLine: {'line': b'-- Up-to-date: /home/subhalaxmi/nidar_ws/install/px4_msgs/include/px4_msgs/px4_msgs/msg/mission.hpp\n'}
[17.880347] (px4_msgs) StdoutLine: {'line': b'-- Up-to-date: /home/subhalaxmi/nidar_ws/install/px4_msgs/include/px4_msgs/px4_msgs/msg/position_controller_status.hpp\n'}
[17.880635] (px4_msgs) StdoutLine: {'line': b'-- Up-to-date: /home/subhalaxmi/nidar_ws/install/px4_msgs/include/px4_msgs/px4_msgs/msg/longitudinal_control_configuration.hpp\n'}
[17.880892] (px4_msgs) StdoutLine: {'line': b'-- Up-to-date: /home/subhalaxmi/nidar_ws/install/px4_msgs/include/px4_msgs/px4_msgs/msg/input_rc.hpp\n'}
[17.881296] (px4_msgs) StdoutLine: {'line': b'-- Up-to-date: /home/subhalaxmi/nidar_ws/install/px4_msgs/include/px4_msgs/px4_msgs/msg/position_controller_landing_status.hpp\n'}
[17.881519] (px4_msgs) StdoutLine: {'line': b'-- Up-to-date: /home/subhalaxmi/nidar_ws/install/px4_msgs/include/px4_msgs/px4_msgs/msg/device_information.hpp\n'}
[17.881708] (px4_msgs) StdoutLine: {'line': b'-- Up-to-date: /home/subhalaxmi/nidar_ws/install/px4_msgs/include/px4_msgs/px4_msgs/msg/magnetometer_bias_estimate.hpp\n'}
[17.881895] (px4_msgs) StdoutLine: {'line': b'-- Up-to-date: /home/subhalaxmi/nidar_ws/install/px4_msgs/include/px4_msgs/px4_msgs/msg/geofence_result.hpp\n'}
[17.882085] (px4_msgs) StdoutLine: {'line': b'-- Up-to-date: /home/subhalaxmi/nidar_ws/install/px4_msgs/include/px4_msgs/px4_msgs/msg/vehicle_acceleration.hpp\n'}
[17.883052] (px4_msgs) StdoutLine: {'line': b'-- Up-to-date: /home/subhalaxmi/nidar_ws/install/px4_msgs/include/px4_msgs/px4_msgs/msg/sensor_mag.hpp\n'}
[17.883342] (px4_msgs) StdoutLine: {'line': b'-- Up-to-date: /home/subhalaxmi/nidar_ws/install/px4_msgs/include/px4_msgs/px4_msgs/msg/raptor_input.hpp\n'}
[17.883631] (px4_msgs) StdoutLine: {'line': b'-- Up-to-date: /home/subhalaxmi/nidar_ws/install/px4_msgs/include/px4_msgs/px4_msgs/msg/estimator_bias3d.hpp\n'}
[17.884632] (px4_msgs) StdoutLine: {'line': b'-- Up-to-date: /home/subhalaxmi/nidar_ws/install/px4_msgs/include/px4_msgs/px4_msgs/msg/power_button_state.hpp\n'}
[17.885141] (px4_msgs) StdoutLine: {'line': b'-- Up-to-date: /home/subhalaxmi/nidar_ws/install/px4_msgs/include/px4_msgs/px4_msgs/msg/gimbal_manager_information.hpp\n'}
[17.885596] (px4_msgs) StdoutLine: {'line': b'-- Up-to-date: /home/subhalaxmi/nidar_ws/install/px4_msgs/include/px4_msgs/px4_msgs/msg/manual_control_switches.hpp\n'}
[17.886026] (px4_msgs) StdoutLine: {'line': b'-- Up-to-date: /home/subhalaxmi/nidar_ws/install/px4_msgs/include/px4_msgs/px4_msgs/msg/wind.hpp\n'}
[17.887844] (px4_msgs) StdoutLine: {'line': b'-- Up-to-date: /home/subhalaxmi/nidar_ws/install/px4_msgs/include/px4_msgs/px4_msgs/msg/gpio_config.hpp\n'}
[17.888205] (px4_msgs) StdoutLine: {'line': b'-- Up-to-date: /home/subhalaxmi/nidar_ws/install/px4_msgs/include/px4_msgs/px4_msgs/msg/open_drone_id_arm_status.hpp\n'}
[17.888453] (px4_msgs) StdoutLine: {'line': b'-- Up-to-date: /home/subhalaxmi/nidar_ws/install/px4_msgs/include/px4_msgs/px4_msgs/msg/geofence_status.hpp\n'}
[17.888647] (px4_msgs) StdoutLine: {'line': b'-- Up-to-date: /home/subhalaxmi/nidar_ws/install/px4_msgs/include/px4_msgs/px4_msgs/msg/fuel_tank_status.hpp\n'}
[17.888862] (px4_msgs) StdoutLine: {'line': b'-- Up-to-date: /home/subhalaxmi/nidar_ws/install/px4_msgs/include/px4_msgs/px4_msgs/msg/qshell_req.hpp\n'}
[17.889049] (px4_msgs) StdoutLine: {'line': b'-- Up-to-date: /home/subhalaxmi/nidar_ws/install/px4_msgs/include/px4_msgs/px4_msgs/msg/sensor_combined.hpp\n'}
[17.889541] (px4_msgs) StdoutLine: {'line': b'-- Up-to-date: /home/subhalaxmi/nidar_ws/install/px4_msgs/include/px4_msgs/px4_msgs/msg/qshell_retval.hpp\n'}
[17.889897] (px4_msgs) StdoutLine: {'line': b'-- Up-to-date: /home/subhalaxmi/nidar_ws/install/px4_msgs/include/px4_msgs/px4_msgs/msg/system_power.hpp\n'}
[17.890205] (px4_msgs) StdoutLine: {'line': b'-- Up-to-date: /home/subhalaxmi/nidar_ws/install/px4_msgs/include/px4_msgs/px4_msgs/msg/arming_check_request.hpp\n'}
[17.890486] (px4_msgs) StdoutLine: {'line': b'-- Up-to-date: /home/subhalaxmi/nidar_ws/install/px4_msgs/include/px4_msgs/px4_msgs/msg/vehicle_angular_velocity.hpp\n'}
[17.890717] (px4_msgs) StdoutLine: {'line': b'-- Up-to-date: /home/subhalaxmi/nidar_ws/install/px4_msgs/include/px4_msgs/px4_msgs/msg/adc_report.hpp\n'}
[17.890931] (px4_msgs) StdoutLine: {'line': b'-- Up-to-date: /home/subhalaxmi/nidar_ws/install/px4_msgs/include/px4_msgs/px4_msgs/msg/vtx.hpp\n'}
[17.891153] (px4_msgs) StdoutLine: {'line': b'-- Up-to-date: /home/subhalaxmi/nidar_ws/install/px4_msgs/include/px4_msgs/px4_msgs/msg/gripper.hpp\n'}
[17.891443] (px4_msgs) StdoutLine: {'line': b'-- Up-to-date: /home/subhalaxmi/nidar_ws/install/px4_msgs/include/px4_msgs/px4_msgs/msg/dataman_request.hpp\n'}
[17.891643] (px4_msgs) StdoutLine: {'line': b'-- Up-to-date: /home/subhalaxmi/nidar_ws/install/px4_msgs/include/px4_msgs/px4_msgs/msg/pps_capture.hpp\n'}
[17.891854] (px4_msgs) StdoutLine: {'line': b'-- Up-to-date: /home/subhalaxmi/nidar_ws/install/px4_msgs/include/px4_msgs/px4_msgs/msg/control_allocator_status.hpp\n'}
[17.892059] (px4_msgs) StdoutLine: {'line': b'-- Up-to-date: /home/subhalaxmi/nidar_ws/install/px4_msgs/include/px4_msgs/px4_msgs/msg/vehicle_attitude_setpoint.hpp\n'}
[17.892323] (px4_msgs) StdoutLine: {'line': b'-- Up-to-date: /home/subhalaxmi/nidar_ws/install/px4_msgs/include/px4_msgs/px4_msgs/msg/home_position.hpp\n'}
[17.892547] (px4_msgs) StdoutLine: {'line': b'-- Up-to-date: /home/subhalaxmi/nidar_ws/install/px4_msgs/include/px4_msgs/px4_msgs/msg/battery_info.hpp\n'}
[17.892748] (px4_msgs) StdoutLine: {'line': b'-- Up-to-date: /home/subhalaxmi/nidar_ws/install/px4_msgs/include/px4_msgs/px4_msgs/msg/estimator_aid_source3d.hpp\n'}
[17.892945] (px4_msgs) StdoutLine: {'line': b'-- Up-to-date: /home/subhalaxmi/nidar_ws/install/px4_msgs/include/px4_msgs/px4_msgs/msg/sensor_preflight_mag.hpp\n'}
[17.893195] (px4_msgs) StdoutLine: {'line': b'-- Up-to-date: /home/subhalaxmi/nidar_ws/install/px4_msgs/include/px4_msgs/px4_msgs/msg/navigator_status.hpp\n'}
[17.893456] (px4_msgs) StdoutLine: {'line': b'-- Up-to-date: /home/subhalaxmi/nidar_ws/install/px4_msgs/include/px4_msgs/px4_msgs/msg/message_format_request.hpp\n'}
[17.893664] (px4_msgs) StdoutLine: {'line': b'-- Up-to-date: /home/subhalaxmi/nidar_ws/install/px4_msgs/include/px4_msgs/px4_msgs/msg/log_message.hpp\n'}
[17.894537] (px4_msgs) StdoutLine: {'line': b'-- Up-to-date: /home/subhalaxmi/nidar_ws/install/px4_msgs/include/px4_msgs/px4_msgs/msg/open_drone_id_self_id.hpp\n'}
[17.894798] (px4_msgs) StdoutLine: {'line': b'-- Up-to-date: /home/subhalaxmi/nidar_ws/install/px4_msgs/include/px4_msgs/px4_msgs/msg/estimator_selector_status.hpp\n'}
[17.895026] (px4_msgs) StdoutLine: {'line': b'-- Up-to-date: /home/subhalaxmi/nidar_ws/install/px4_msgs/include/px4_msgs/px4_msgs/msg/airspeed_validated.hpp\n'}
[17.895961] (px4_msgs) StdoutLine: {'line': b'-- Up-to-date: /home/subhalaxmi/nidar_ws/install/px4_msgs/include/px4_msgs/px4_msgs/msg/flight_phase_estimation.hpp\n'}
[17.896383] (px4_msgs) StdoutLine: {'line': b'-- Up-to-date: /home/subhalaxmi/nidar_ws/install/px4_msgs/include/px4_msgs/px4_msgs/msg/gpio_out.hpp\n'}
[17.896624] (px4_msgs) StdoutLine: {'line': b'-- Up-to-date: /home/subhalaxmi/nidar_ws/install/px4_msgs/include/px4_msgs/px4_msgs/msg/neural_control.hpp\n'}
[17.896841] (px4_msgs) StdoutLine: {'line': b'-- Up-to-date: /home/subhalaxmi/nidar_ws/install/px4_msgs/include/px4_msgs/px4_msgs/msg/vehicle_constraints.hpp\n'}
[17.897031] (px4_msgs) StdoutLine: {'line': b'-- Up-to-date: /home/subhalaxmi/nidar_ws/install/px4_msgs/include/px4_msgs/px4_msgs/msg/detail\n'}
[17.898241] (px4_msgs) StdoutLine: {'line': b'-- Up-to-date: /home/subhalaxmi/nidar_ws/install/px4_msgs/include/px4_msgs/px4_msgs/msg/detail/follow_target__struct.hpp\n'}
[17.898495] (px4_msgs) StdoutLine: {'line': b'-- Up-to-date: /home/subhalaxmi/nidar_ws/install/px4_msgs/include/px4_msgs/px4_msgs/msg/detail/rover_attitude_setpoint__type_support.hpp\n'}
[17.898702] (px4_msgs) StdoutLine: {'line': b'-- Up-to-date: /home/subhalaxmi/nidar_ws/install/px4_msgs/include/px4_msgs/px4_msgs/msg/detail/register_ext_component_request__builder.hpp\n'}
[17.898902] (px4_msgs) StdoutLine: {'line': b'-- Up-to-date: /home/subhalaxmi/nidar_ws/install/px4_msgs/include/px4_msgs/px4_msgs/msg/detail/airspeed_wind__traits.hpp\n'}
[17.899577] (px4_msgs) StdoutLine: {'line': b'-- Up-to-date: /home/subhalaxmi/nidar_ws/install/px4_msgs/include/px4_msgs/px4_msgs/msg/detail/message_format_request__struct.hpp\n'}
[17.900265] (px4_msgs) StdoutLine: {'line': b'-- Up-to-date: /home/subhalaxmi/nidar_ws/install/px4_msgs/include/px4_msgs/px4_msgs/msg/detail/sensor_baro__builder.hpp\n'}
[17.900730] (px4_msgs) StdoutLine: {'line': b'-- Up-to-date: /home/subhalaxmi/nidar_ws/install/px4_msgs/include/px4_msgs/px4_msgs/msg/detail/register_ext_component_request__struct.hpp\n'}
[17.900997] (px4_msgs) StdoutLine: {'line': b'-- Up-to-date: /home/subhalaxmi/nidar_ws/install/px4_msgs/include/px4_msgs/px4_msgs/msg/detail/open_drone_id_operator_id__type_support.hpp\n'}
[17.901270] (px4_msgs) StdoutLine: {'line': b'-- Up-to-date: /home/subhalaxmi/nidar_ws/install/px4_msgs/include/px4_msgs/px4_msgs/msg/detail/actuator_servos_trim__struct.hpp\n'}
[17.901532] (px4_msgs) StdoutLine: {'line': b'-- Up-to-date: /home/subhalaxmi/nidar_ws/install/px4_msgs/include/px4_msgs/px4_msgs/msg/detail/register_ext_component_reply__builder.hpp\n'}
[17.901757] (px4_msgs) StdoutLine: {'line': b'-- Up-to-date: /home/subhalaxmi/nidar_ws/install/px4_msgs/include/px4_msgs/px4_msgs/msg/detail/rover_steering_setpoint__type_support.hpp\n'}
[17.902573] (px4_msgs) StdoutLine: {'line': b'-- Up-to-date: /home/subhalaxmi/nidar_ws/install/px4_msgs/include/px4_msgs/px4_msgs/msg/detail/follow_target_estimator__type_support.hpp\n'}
[17.902864] (px4_msgs) StdoutLine: {'line': b'-- Up-to-date: /home/subhalaxmi/nidar_ws/install/px4_msgs/include/px4_msgs/px4_msgs/msg/detail/vehicle_roi__builder.hpp\n'}
[17.903138] (px4_msgs) StdoutLine: {'line': b'-- Up-to-date: /home/subhalaxmi/nidar_ws/install/px4_msgs/include/px4_msgs/px4_msgs/msg/detail/position_controller_status__traits.hpp\n'}
[17.903363] (px4_msgs) StdoutLine: {'line': b'-- Up-to-date: /home/subhalaxmi/nidar_ws/install/px4_msgs/include/px4_msgs/px4_msgs/msg/detail/navigator_mission_item__traits.hpp\n'}
[17.903578] (px4_msgs) StdoutLine: {'line': b'-- Up-to-date: /home/subhalaxmi/nidar_ws/install/px4_msgs/include/px4_msgs/px4_msgs/msg/detail/camera_capture__struct.hpp\n'}
[17.903790] (px4_msgs) StdoutLine: {'line': b'-- Up-to-date: /home/subhalaxmi/nidar_ws/install/px4_msgs/include/px4_msgs/px4_msgs/msg/detail/log_message__traits.hpp\n'}
[17.904000] (px4_msgs) StdoutLine: {'line': b'-- Up-to-date: /home/subhalaxmi/nidar_ws/install/px4_msgs/include/px4_msgs/px4_msgs/msg/detail/sensor_correction__type_support.hpp\n'}
[17.904239] (px4_msgs) StdoutLine: {'line': b'-- Up-to-date: /home/subhalaxmi/nidar_ws/install/px4_msgs/include/px4_msgs/px4_msgs/msg/detail/sensor_gyro__builder.hpp\n'}
[17.904487] (px4_msgs) StdoutLine: {'line': b'-- Up-to-date: /home/subhalaxmi/nidar_ws/install/px4_msgs/include/px4_msgs/px4_msgs/msg/detail/battery_status__type_support.hpp\n'}
[17.904931] (px4_msgs) StdoutLine: {'line': b'-- Up-to-date: /home/subhalaxmi/nidar_ws/install/px4_msgs/include/px4_msgs/px4_msgs/msg/detail/orbit_status__traits.hpp\n'}
[17.905209] (px4_msgs) StdoutLine: {'line': b'-- Up-to-date: /home/subhalaxmi/nidar_ws/install/px4_msgs/include/px4_msgs/px4_msgs/msg/detail/debug_key_value__struct.hpp\n'}
[17.905460] (px4_msgs) StdoutLine: {'line': b'-- Up-to-date: /home/subhalaxmi/nidar_ws/install/px4_msgs/include/px4_msgs/px4_msgs/msg/detail/parameter_set_value_response__type_support.hpp\n'}
[17.905686] (px4_msgs) StdoutLine: {'line': b'-- Up-to-date: /home/subhalaxmi/nidar_ws/install/px4_msgs/include/px4_msgs/px4_msgs/msg/detail/rover_rate_status__type_support.hpp\n'}
[17.905879] (px4_msgs) StdoutLine: {'line': b'-- Up-to-date: /home/subhalaxmi/nidar_ws/install/px4_msgs/include/px4_msgs/px4_msgs/msg/detail/ulog_stream_ack__type_support.hpp\n'}
[17.906066] (px4_msgs) StdoutLine: {'line': b'-- Up-to-date: /home/subhalaxmi/nidar_ws/install/px4_msgs/include/px4_msgs/px4_msgs/msg/detail/fuel_tank_status__traits.hpp\n'}
[17.906302] (px4_msgs) StdoutLine: {'line': b'-- Up-to-date: /home/subhalaxmi/nidar_ws/install/px4_msgs/include/px4_msgs/px4_msgs/msg/detail/flight_phase_estimation__struct.hpp\n'}
[17.906573] (px4_msgs) StdoutLine: {'line': b'-- Up-to-date: /home/subhalaxmi/nidar_ws/install/px4_msgs/include/px4_msgs/px4_msgs/msg/detail/landing_gear__traits.hpp\n'}
[17.906817] (px4_msgs) StdoutLine: {'line': b'-- Up-to-date: /home/subhalaxmi/nidar_ws/install/px4_msgs/include/px4_msgs/px4_msgs/msg/detail/parameter_update__traits.hpp\n'}
[17.907041] (px4_msgs) StdoutLine: {'line': b'-- Up-to-date: /home/subhalaxmi/nidar_ws/install/px4_msgs/include/px4_msgs/px4_msgs/msg/detail/rtl_time_estimate__struct.hpp\n'}
[17.907308] (px4_msgs) StdoutLine: {'line': b'-- Up-to-date: /home/subhalaxmi/nidar_ws/install/px4_msgs/include/px4_msgs/px4_msgs/msg/detail/sensor_optical_flow__type_support.hpp\n'}
[17.907510] (px4_msgs) StdoutLine: {'line': b'-- Up-to-date: /home/subhalaxmi/nidar_ws/install/px4_msgs/include/px4_msgs/px4_msgs/msg/detail/neural_control__traits.hpp\n'}
[17.907702] (px4_msgs) StdoutLine: {'line': b'-- Up-to-date: /home/subhalaxmi/nidar_ws/install/px4_msgs/include/px4_msgs/px4_msgs/msg/detail/sensor_selection__builder.hpp\n'}
[17.908088] (px4_msgs) StdoutLine: {'line': b'-- Up-to-date: /home/subhalaxmi/nidar_ws/install/px4_msgs/include/px4_msgs/px4_msgs/msg/detail/manual_control_setpoint__traits.hpp\n'}
[17.908347] (px4_msgs) StdoutLine: {'line': b'-- Up-to-date: /home/subhalaxmi/nidar_ws/install/px4_msgs/include/px4_msgs/px4_msgs/msg/detail/sensor_preflight_mag__struct.hpp\n'}
[17.909489] (px4_msgs) StdoutLine: {'line': b'-- Up-to-date: /home/subhalaxmi/nidar_ws/install/px4_msgs/include/px4_msgs/px4_msgs/msg/detail/debug_value__traits.hpp\n'}
[17.909727] (px4_msgs) StdoutLine: {'line': b'-- Up-to-date: /home/subhalaxmi/nidar_ws/install/px4_msgs/include/px4_msgs/px4_msgs/msg/detail/navigator_mission_item__type_support.hpp\n'}
[17.910717] (px4_msgs) StdoutLine: {'line': b'-- Up-to-date: /home/subhalaxmi/nidar_ws/install/px4_msgs/include/px4_msgs/px4_msgs/msg/detail/task_stack_info__builder.hpp\n'}
[17.911698] (px4_msgs) StdoutLine: {'line': b'-- Up-to-date: /home/subhalaxmi/nidar_ws/install/px4_msgs/include/px4_msgs/px4_msgs/msg/detail/vtol_vehicle_status__traits.hpp\n'}
[17.912293] (px4_msgs) StdoutLine: {'line': b'-- Up-to-date: /home/subhalaxmi/nidar_ws/install/px4_msgs/include/px4_msgs/px4_msgs/msg/detail/offboard_control_mode__struct.hpp\n'}
[17.912585] (px4_msgs) StdoutLine: {'line': b'-- Up-to-date: /home/subhalaxmi/nidar_ws/install/px4_msgs/include/px4_msgs/px4_msgs/msg/detail/onboard_computer_status__struct.hpp\n'}
[17.912834] (px4_msgs) StdoutLine: {'line': b'-- Up-to-date: /home/subhalaxmi/nidar_ws/install/px4_msgs/include/px4_msgs/px4_msgs/msg/detail/sensor_uwb__traits.hpp\n'}
[17.913076] (px4_msgs) StdoutLine: {'line': b'-- Up-to-date: /home/subhalaxmi/nidar_ws/install/px4_msgs/include/px4_msgs/px4_msgs/msg/detail/hover_thrust_estimate__traits.hpp\n'}
[17.914654] (px4_msgs) StdoutLine: {'line': b'-- Up-to-date: /home/subhalaxmi/nidar_ws/install/px4_msgs/include/px4_msgs/px4_msgs/msg/detail/log_message__type_support.hpp\n'}
[17.915000] (px4_msgs) StdoutLine: {'line': b'-- Up-to-date: /home/subhalaxmi/nidar_ws/install/px4_msgs/include/px4_msgs/px4_msgs/msg/detail/internal_combustion_engine_status__struct.hpp\n'}
[17.915837] (px4_msgs) StdoutLine: {'line': b'-- Up-to-date: /home/subhalaxmi/nidar_ws/install/px4_msgs/include/px4_msgs/px4_msgs/msg/detail/can_interface_status__struct.hpp\n'}
[17.916207] (px4_msgs) StdoutLine: {'line': b'-- Up-to-date: /home/subhalaxmi/nidar_ws/install/px4_msgs/include/px4_msgs/px4_msgs/msg/detail/open_drone_id_system__traits.hpp\n'}
[17.916455] (px4_msgs) StdoutLine: {'line': b'-- Up-to-date: /home/subhalaxmi/nidar_ws/install/px4_msgs/include/px4_msgs/px4_msgs/msg/detail/vtol_vehicle_status__type_support.hpp\n'}
[17.916653] (px4_msgs) StdoutLine: {'line': b'-- Up-to-date: /home/subhalaxmi/nidar_ws/install/px4_msgs/include/px4_msgs/px4_msgs/msg/detail/mode_completed__builder.hpp\n'}
[17.916859] (px4_msgs) StdoutLine: {'line': b'-- Up-to-date: /home/subhalaxmi/nidar_ws/install/px4_msgs/include/px4_msgs/px4_msgs/msg/detail/pps_capture__type_support.hpp\n'}
[17.918528] (px4_msgs) StdoutLine: {'line': b'-- Up-to-date: /home/subhalaxmi/nidar_ws/install/px4_msgs/include/px4_msgs/px4_msgs/msg/detail/gimbal_manager_set_manual_control__type_support.hpp\n'}
[17.918809] (px4_msgs) StdoutLine: {'line': b'-- Up-to-date: /home/subhalaxmi/nidar_ws/install/px4_msgs/include/px4_msgs/px4_msgs/msg/detail/mission_result__builder.hpp\n'}
[17.919128] (px4_msgs) StdoutLine: {'line': b'-- Up-to-date: /home/subhalaxmi/nidar_ws/install/px4_msgs/include/px4_msgs/px4_msgs/msg/detail/gimbal_controls__type_support.hpp\n'}
[17.919399] (px4_msgs) StdoutLine: {'line': b'-- Up-to-date: /home/subhalaxmi/nidar_ws/install/px4_msgs/include/px4_msgs/px4_msgs/msg/detail/rover_steering_setpoint__struct.hpp\n'}
[17.919694] (px4_msgs) StdoutLine: {'line': b'-- Up-to-date: /home/subhalaxmi/nidar_ws/install/px4_msgs/include/px4_msgs/px4_msgs/msg/detail/sensor_combined__struct.hpp\n'}
[17.919952] (px4_msgs) StdoutLine: {'line': b'-- Up-to-date: /home/subhalaxmi/nidar_ws/install/px4_msgs/include/px4_msgs/px4_msgs/msg/detail/vehicle_thrust_setpoint__struct.hpp\n'}
[17.920245] (px4_msgs) StdoutLine: {'line': b'-- Up-to-date: /home/subhalaxmi/nidar_ws/install/px4_msgs/include/px4_msgs/px4_msgs/msg/detail/message_format_request__traits.hpp\n'}
[17.920529] (px4_msgs) StdoutLine: {'line': b'-- Up-to-date: /home/subhalaxmi/nidar_ws/install/px4_msgs/include/px4_msgs/px4_msgs/msg/detail/timesync_status__struct.hpp\n'}
[17.920755] (px4_msgs) StdoutLine: {'line': b'-- Up-to-date: /home/subhalaxmi/nidar_ws/install/px4_msgs/include/px4_msgs/px4_msgs/msg/detail/sensor_preflight_mag__traits.hpp\n'}
[17.920998] (px4_msgs) StdoutLine: {'line': b'-- Up-to-date: /home/subhalaxmi/nidar_ws/install/px4_msgs/include/px4_msgs/px4_msgs/msg/detail/gps_inject_data__builder.hpp\n'}
[17.921404] (px4_msgs) StdoutLine: {'line': b'-- Up-to-date: /home/subhalaxmi/nidar_ws/install/px4_msgs/include/px4_msgs/px4_msgs/msg/detail/actuator_motors__struct.hpp\n'}
[17.921691] (px4_msgs) StdoutLine: {'line': b'-- Up-to-date: /home/subhalaxmi/nidar_ws/install/px4_msgs/include/px4_msgs/px4_msgs/msg/detail/estimator_aid_source1d__struct.hpp\n'}
[17.921966] (px4_msgs) StdoutLine: {'line': b'-- Up-to-date: /home/subhalaxmi/nidar_ws/install/px4_msgs/include/px4_msgs/px4_msgs/msg/detail/vehicle_attitude__type_support.hpp\n'}
[17.924408] (px4_msgs) StdoutLine: {'line': b'-- Up-to-date: /home/subhalaxmi/nidar_ws/install/px4_msgs/include/px4_msgs/px4_msgs/msg/detail/aux_global_position__struct.hpp\n'}
[17.925300] (px4_msgs) StdoutLine: {'line': b'-- Up-to-date: /home/subhalaxmi/nidar_ws/install/px4_msgs/include/px4_msgs/px4_msgs/msg/detail/ulog_stream_ack__struct.hpp\n'}
[17.925705] (px4_msgs) StdoutLine: {'line': b'-- Up-to-date: /home/subhalaxmi/nidar_ws/install/px4_msgs/include/px4_msgs/px4_msgs/msg/detail/actuator_controls_status__type_support.hpp\n'}
[17.926121] (px4_msgs) StdoutLine: {'line': b'-- Up-to-date: /home/subhalaxmi/nidar_ws/install/px4_msgs/include/px4_msgs/px4_msgs/msg/detail/sensor_gyro_fifo__traits.hpp\n'}
[17.926400] (px4_msgs) StdoutLine: {'line': b'-- Up-to-date: /home/subhalaxmi/nidar_ws/install/px4_msgs/include/px4_msgs/px4_msgs/msg/detail/actuator_armed__type_support.hpp\n'}
[17.928039] (px4_msgs) StdoutLine: {'line': b'-- Up-to-date: /home/subhalaxmi/nidar_ws/install/px4_msgs/include/px4_msgs/px4_msgs/msg/detail/onboard_computer_status__traits.hpp\n'}
[17.931147] (px4_msgs) StdoutLine: {'line': b'-- Up-to-date: /home/subhalaxmi/nidar_ws/install/px4_msgs/include/px4_msgs/px4_msgs/msg/detail/manual_control_switches__traits.hpp\n'}
[17.931661] (px4_msgs) StdoutLine: {'line': b'-- Up-to-date: /home/subhalaxmi/nidar_ws/install/px4_msgs/include/px4_msgs/px4_msgs/msg/detail/register_ext_component_reply__traits.hpp\n'}
[17.932153] (px4_msgs) StdoutLine: {'line': b'-- Up-to-date: /home/subhalaxmi/nidar_ws/install/px4_msgs/include/px4_msgs/px4_msgs/msg/detail/camera_capture__type_support.hpp\n'}
[17.932379] (px4_msgs) StdoutLine: {'line': b'-- Up-to-date: /home/subhalaxmi/nidar_ws/install/px4_msgs/include/px4_msgs/px4_msgs/msg/detail/gimbal_manager_set_manual_control__builder.hpp\n'}
[17.932567] (px4_msgs) StdoutLine: {'line': b'-- Up-to-date: /home/subhalaxmi/nidar_ws/install/px4_msgs/include/px4_msgs/px4_msgs/msg/detail/vehicle_local_position_setpoint__struct.hpp\n'}
[17.932748] (px4_msgs) StdoutLine: {'line': b'-- Up-to-date: /home/subhalaxmi/nidar_ws/install/px4_msgs/include/px4_msgs/px4_msgs/msg/detail/dataman_response__traits.hpp\n'}
[17.932951] (px4_msgs) StdoutLine: {'line': b'-- Up-to-date: /home/subhalaxmi/nidar_ws/install/px4_msgs/include/px4_msgs/px4_msgs/msg/detail/register_ext_component_request__type_support.hpp\n'}
[17.933591] (px4_msgs) StdoutLine: {'line': b'-- Up-to-date: /home/subhalaxmi/nidar_ws/install/px4_msgs/include/px4_msgs/px4_msgs/msg/detail/lateral_control_configuration__struct.hpp\n'}
[17.934431] (px4_msgs) StdoutLine: {'line': b'-- Up-to-date: /home/subhalaxmi/nidar_ws/install/px4_msgs/include/px4_msgs/px4_msgs/msg/detail/vehicle_acceleration__traits.hpp\n'}
[17.934715] (px4_msgs) StdoutLine: {'line': b'-- Up-to-date: /home/subhalaxmi/nidar_ws/install/px4_msgs/include/px4_msgs/px4_msgs/msg/detail/internal_combustion_engine_control__type_support.hpp\n'}
[17.934956] (px4_msgs) StdoutLine: {'line': b'-- Up-to-date: /home/subhalaxmi/nidar_ws/install/px4_msgs/include/px4_msgs/px4_msgs/msg/detail/normalized_unsigned_setpoint__struct.hpp\n'}
[17.935195] (px4_msgs) StdoutLine: {'line': b'-- Up-to-date: /home/subhalaxmi/nidar_ws/install/px4_msgs/include/px4_msgs/px4_msgs/msg/detail/mag_worker_data__traits.hpp\n'}
[17.935430] (px4_msgs) StdoutLine: {'line': b'-- Up-to-date: /home/subhalaxmi/nidar_ws/install/px4_msgs/include/px4_msgs/px4_msgs/msg/detail/collision_constraints__struct.hpp\n'}
[17.935645] (px4_msgs) StdoutLine: {'line': b'-- Up-to-date: /home/subhalaxmi/nidar_ws/install/px4_msgs/include/px4_msgs/px4_msgs/msg/detail/vehicle_local_position_setpoint__type_support.hpp\n'}
[17.935854] (px4_msgs) StdoutLine: {'line': b'-- Up-to-date: /home/subhalaxmi/nidar_ws/install/px4_msgs/include/px4_msgs/px4_msgs/msg/detail/internal_combustion_engine_control__builder.hpp\n'}
[17.936063] (px4_msgs) StdoutLine: {'line': b'-- Up-to-date: /home/subhalaxmi/nidar_ws/install/px4_msgs/include/px4_msgs/px4_msgs/msg/detail/landing_gear_wheel__builder.hpp\n'}
[17.938618] (px4_msgs) StdoutLine: {'line': b'-- Up-to-date: /home/subhalaxmi/nidar_ws/install/px4_msgs/include/px4_msgs/px4_msgs/msg/detail/estimator_sensor_bias__traits.hpp\n'}
[17.938891] (px4_msgs) StdoutLine: {'line': b'-- Up-to-date: /home/subhalaxmi/nidar_ws/install/px4_msgs/include/px4_msgs/px4_msgs/msg/detail/debug_array__struct.hpp\n'}
[17.939117] (px4_msgs) StdoutLine: {'line': b'-- Up-to-date: /home/subhalaxmi/nidar_ws/install/px4_msgs/include/px4_msgs/px4_msgs/msg/detail/iridiumsbd_status__traits.hpp\n'}
[17.939724] (px4_msgs) StdoutLine: {'line': b'-- Up-to-date: /home/subhalaxmi/nidar_ws/install/px4_msgs/include/px4_msgs/px4_msgs/msg/detail/vehicle_optical_flow__type_support.hpp\n'}
[17.940275] (px4_msgs) StdoutLine: {'line': b'-- Up-to-date: /home/subhalaxmi/nidar_ws/install/px4_msgs/include/px4_msgs/px4_msgs/msg/detail/esc_report__builder.hpp\n'}
[17.940574] (px4_msgs) StdoutLine: {'line': b'-- Up-to-date: /home/subhalaxmi/nidar_ws/install/px4_msgs/include/px4_msgs/px4_msgs/msg/detail/mavlink_tunnel__builder.hpp\n'}
[17.940853] (px4_msgs) StdoutLine: {'line': b'-- Up-to-date: /home/subhalaxmi/nidar_ws/install/px4_msgs/include/px4_msgs/px4_msgs/msg/detail/wind__struct.hpp\n'}
[17.942938] (px4_msgs) StdoutLine: {'line': b'-- Up-to-date: /home/subhalaxmi/nidar_ws/install/px4_msgs/include/px4_msgs/px4_msgs/msg/detail/actuator_outputs__struct.hpp\n'}
[17.943497] (px4_msgs) StdoutLine: {'line': b'-- Up-to-date: /home/subhalaxmi/nidar_ws/install/px4_msgs/include/px4_msgs/px4_msgs/msg/detail/radio_status__traits.hpp\n'}
[17.943843] (px4_msgs) StdoutLine: {'line': b'-- Up-to-date: /home/subhalaxmi/nidar_ws/install/px4_msgs/include/px4_msgs/px4_msgs/msg/detail/vehicle_attitude_setpoint__traits.hpp\n'}
[17.944135] (px4_msgs) StdoutLine: {'line': b'-- Up-to-date: /home/subhalaxmi/nidar_ws/install/px4_msgs/include/px4_msgs/px4_msgs/msg/detail/satellite_info__builder.hpp\n'}
[17.944481] (px4_msgs) StdoutLine: {'line': b'-- Up-to-date: /home/subhalaxmi/nidar_ws/install/px4_msgs/include/px4_msgs/px4_msgs/msg/detail/message_format_response__traits.hpp\n'}
[17.944841] (px4_msgs) StdoutLine: {'line': b'-- Up-to-date: /home/subhalaxmi/nidar_ws/install/px4_msgs/include/px4_msgs/px4_msgs/msg/detail/fixed_wing_longitudinal_setpoint__struct.hpp\n'}
[17.946463] (px4_msgs) StdoutLine: {'line': b'-- Up-to-date: /home/subhalaxmi/nidar_ws/install/px4_msgs/include/px4_msgs/px4_msgs/msg/detail/orbit_status__type_support.hpp\n'}
[17.947271] (px4_msgs) StdoutLine: {'line': b'-- Up-to-date: /home/subhalaxmi/nidar_ws/install/px4_msgs/include/px4_msgs/px4_msgs/msg/detail/rover_attitude_status__builder.hpp\n'}
[17.947711] (px4_msgs) StdoutLine: {'line': b'-- Up-to-date: /home/subhalaxmi/nidar_ws/install/px4_msgs/include/px4_msgs/px4_msgs/msg/detail/manual_control_switches__type_support.hpp\n'}
[17.947981] (px4_msgs) StdoutLine: {'line': b'-- Up-to-date: /home/subhalaxmi/nidar_ws/install/px4_msgs/include/px4_msgs/px4_msgs/msg/detail/magnetometer_bias_estimate__builder.hpp\n'}
[17.948231] (px4_msgs) StdoutLine: {'line': b'-- Up-to-date: /home/subhalaxmi/nidar_ws/install/px4_msgs/include/px4_msgs/px4_msgs/msg/detail/position_controller_status__type_support.hpp\n'}
[17.950787] (px4_msgs) StdoutLine: {'line': b'-- Up-to-date: /home/subhalaxmi/nidar_ws/install/px4_msgs/include/px4_msgs/px4_msgs/msg/detail/estimator_aid_source2d__struct.hpp\n'}
[17.951502] (px4_msgs) StdoutLine: {'line': b'-- Up-to-date: /home/subhalaxmi/nidar_ws/install/px4_msgs/include/px4_msgs/px4_msgs/msg/detail/vehicle_land_detected__type_support.hpp\n'}
[17.951924] (px4_msgs) StdoutLine: {'line': b'-- Up-to-date: /home/subhalaxmi/nidar_ws/install/px4_msgs/include/px4_msgs/px4_msgs/msg/detail/rover_speed_status__builder.hpp\n'}
[17.952434] (px4_msgs) StdoutLine: {'line': b'-- Up-to-date: /home/subhalaxmi/nidar_ws/install/px4_msgs/include/px4_msgs/px4_msgs/msg/detail/register_ext_component_request__traits.hpp\n'}
[17.952695] (px4_msgs) StdoutLine: {'line': b'-- Up-to-date: /home/subhalaxmi/nidar_ws/install/px4_msgs/include/px4_msgs/px4_msgs/msg/detail/rtl_time_estimate__builder.hpp\n'}
[17.954384] (-) TimerEvent: {}
[17.954651] (px4_msgs) StdoutLine: {'line': b'-- Up-to-date: /home/subhalaxmi/nidar_ws/install/px4_msgs/include/px4_msgs/px4_msgs/msg/detail/geofence_status__struct.hpp\n'}
[17.954944] (px4_msgs) StdoutLine: {'line': b'-- Up-to-date: /home/subhalaxmi/nidar_ws/install/px4_msgs/include/px4_msgs/px4_msgs/msg/detail/vehicle_rates_setpoint__struct.hpp\n'}
[17.955209] (px4_msgs) StdoutLine: {'line': b'-- Up-to-date: /home/subhalaxmi/nidar_ws/install/px4_msgs/include/px4_msgs/px4_msgs/msg/detail/offboard_control_mode__type_support.hpp\n'}
[17.955432] (px4_msgs) StdoutLine: {'line': b'-- Up-to-date: /home/subhalaxmi/nidar_ws/install/px4_msgs/include/px4_msgs/px4_msgs/msg/detail/vehicle_imu_status__type_support.hpp\n'}
[17.955644] (px4_msgs) StdoutLine: {'line': b'-- Up-to-date: /home/subhalaxmi/nidar_ws/install/px4_msgs/include/px4_msgs/px4_msgs/msg/detail/position_setpoint_triplet__struct.hpp\n'}
[17.955828] (px4_msgs) StdoutLine: {'line': b'-- Up-to-date: /home/subhalaxmi/nidar_ws/install/px4_msgs/include/px4_msgs/px4_msgs/msg/detail/pure_pursuit_status__struct.hpp\n'}
[17.956009] (px4_msgs) StdoutLine: {'line': b'-- Up-to-date: /home/subhalaxmi/nidar_ws/install/px4_msgs/include/px4_msgs/px4_msgs/msg/detail/fixed_wing_lateral_status__builder.hpp\n'}
[17.956249] (px4_msgs) StdoutLine: {'line': b'-- Up-to-date: /home/subhalaxmi/nidar_ws/install/px4_msgs/include/px4_msgs/px4_msgs/msg/detail/parameter_set_value_response__builder.hpp\n'}
[17.956438] (px4_msgs) StdoutLine: {'line': b'-- Up-to-date: /home/subhalaxmi/nidar_ws/install/px4_msgs/include/px4_msgs/px4_msgs/msg/detail/gimbal_manager_status__struct.hpp\n'}
[17.956654] (px4_msgs) StdoutLine: {'line': b'-- Up-to-date: /home/subhalaxmi/nidar_ws/install/px4_msgs/include/px4_msgs/px4_msgs/msg/detail/can_interface_status__type_support.hpp\n'}
[17.956830] (px4_msgs) StdoutLine: {'line': b'-- Up-to-date: /home/subhalaxmi/nidar_ws/install/px4_msgs/include/px4_msgs/px4_msgs/msg/detail/gimbal_manager_status__traits.hpp\n'}
[17.957005] (px4_msgs) StdoutLine: {'line': b'-- Up-to-date: /home/subhalaxmi/nidar_ws/install/px4_msgs/include/px4_msgs/px4_msgs/msg/detail/open_drone_id_operator_id__struct.hpp\n'}
[17.961180] (px4_msgs) StdoutLine: {'line': b'-- Up-to-date: /home/subhalaxmi/nidar_ws/install/px4_msgs/include/px4_msgs/px4_msgs/msg/detail/estimator_aid_source3d__builder.hpp\n'}
[17.961442] (px4_msgs) StdoutLine: {'line': b'-- Up-to-date: /home/subhalaxmi/nidar_ws/install/px4_msgs/include/px4_msgs/px4_msgs/msg/detail/vehicle_optical_flow_vel__type_support.hpp\n'}
[17.961641] (px4_msgs) StdoutLine: {'line': b'-- Up-to-date: /home/subhalaxmi/nidar_ws/install/px4_msgs/include/px4_msgs/px4_msgs/msg/detail/navigator_status__traits.hpp\n'}
[17.961823] (px4_msgs) StdoutLine: {'line': b'-- Up-to-date: /home/subhalaxmi/nidar_ws/install/px4_msgs/include/px4_msgs/px4_msgs/msg/detail/estimator_selector_status__traits.hpp\n'}
[17.962031] (px4_msgs) StdoutLine: {'line': b'-- Up-to-date: /home/subhalaxmi/nidar_ws/install/px4_msgs/include/px4_msgs/px4_msgs/msg/detail/orb_test_large__struct.hpp\n'}
[17.962256] (px4_msgs) StdoutLine: {'line': b'-- Up-to-date: /home/subhalaxmi/nidar_ws/install/px4_msgs/include/px4_msgs/px4_msgs/msg/detail/follow_target_status__type_support.hpp\n'}
[17.962487] (px4_msgs) StdoutLine: {'line': b'-- Up-to-date: /home/subhalaxmi/nidar_ws/install/px4_msgs/include/px4_msgs/px4_msgs/msg/detail/rover_position_setpoint__struct.hpp\n'}
[17.962690] (px4_msgs) StdoutLine: {'line': b'-- Up-to-date: /home/subhalaxmi/nidar_ws/install/px4_msgs/include/px4_msgs/px4_msgs/msg/detail/vehicle_status__traits.hpp\n'}
[17.962868] (px4_msgs) StdoutLine: {'line': b'-- Up-to-date: /home/subhalaxmi/nidar_ws/install/px4_msgs/include/px4_msgs/px4_msgs/msg/detail/fixed_wing_lateral_guidance_status__struct.hpp\n'}
[17.963041] (px4_msgs) StdoutLine: {'line': b'-- Up-to-date: /home/subhalaxmi/nidar_ws/install/px4_msgs/include/px4_msgs/px4_msgs/msg/detail/internal_combustion_engine_status__builder.hpp\n'}
[17.966397] (px4_msgs) StdoutLine: {'line': b'-- Up-to-date: /home/subhalaxmi/nidar_ws/install/px4_msgs/include/px4_msgs/px4_msgs/msg/detail/airspeed_validated__builder.hpp\n'}
[17.966628] (px4_msgs) StdoutLine: {'line': b'-- Up-to-date: /home/subhalaxmi/nidar_ws/install/px4_msgs/include/px4_msgs/px4_msgs/msg/detail/vehicle_local_position_setpoint__traits.hpp\n'}
[17.966817] (px4_msgs) StdoutLine: {'line': b'-- Up-to-date: /home/subhalaxmi/nidar_ws/install/px4_msgs/include/px4_msgs/px4_msgs/msg/detail/satellite_info__traits.hpp\n'}
[17.967002] (px4_msgs) StdoutLine: {'line': b'-- Up-to-date: /home/subhalaxmi/nidar_ws/install/px4_msgs/include/px4_msgs/px4_msgs/msg/detail/flight_phase_estimation__type_support.hpp\n'}
[17.967210] (px4_msgs) StdoutLine: {'line': b'-- Up-to-date: /home/subhalaxmi/nidar_ws/install/px4_msgs/include/px4_msgs/px4_msgs/msg/detail/rpm__builder.hpp\n'}
[17.967455] (px4_msgs) StdoutLine: {'line': b'-- Up-to-date: /home/subhalaxmi/nidar_ws/install/px4_msgs/include/px4_msgs/px4_msgs/msg/detail/satellite_info__struct.hpp\n'}
[17.967669] (px4_msgs) StdoutLine: {'line': b'-- Up-to-date: /home/subhalaxmi/nidar_ws/install/px4_msgs/include/px4_msgs/px4_msgs/msg/detail/px4io_status__struct.hpp\n'}
[17.967853] (px4_msgs) StdoutLine: {'line': b'-- Up-to-date: /home/subhalaxmi/nidar_ws/install/px4_msgs/include/px4_msgs/px4_msgs/msg/detail/geofence_result__traits.hpp\n'}
[17.968051] (px4_msgs) StdoutLine: {'line': b'-- Up-to-date: /home/subhalaxmi/nidar_ws/install/px4_msgs/include/px4_msgs/px4_msgs/msg/detail/sensor_gnss_relative__builder.hpp\n'}
[17.968268] (px4_msgs) StdoutLine: {'line': b'-- Up-to-date: /home/subhalaxmi/nidar_ws/install/px4_msgs/include/px4_msgs/px4_msgs/msg/detail/system_power__struct.hpp\n'}
[17.968476] (px4_msgs) StdoutLine: {'line': b'-- Up-to-date: /home/subhalaxmi/nidar_ws/install/px4_msgs/include/px4_msgs/px4_msgs/msg/detail/sensor_accel__struct.hpp\n'}
[17.968651] (px4_msgs) StdoutLine: {'line': b'-- Up-to-date: /home/subhalaxmi/nidar_ws/install/px4_msgs/include/px4_msgs/px4_msgs/msg/detail/airspeed__builder.hpp\n'}
[17.968823] (px4_msgs) StdoutLine: {'line': b'-- Up-to-date: /home/subhalaxmi/nidar_ws/install/px4_msgs/include/px4_msgs/px4_msgs/msg/detail/actuator_servos_trim__type_support.hpp\n'}
[17.969017] (px4_msgs) StdoutLine: {'line': b'-- Up-to-date: /home/subhalaxmi/nidar_ws/install/px4_msgs/include/px4_msgs/px4_msgs/msg/detail/ekf2_timestamps__traits.hpp\n'}
[17.971059] (px4_msgs) StdoutLine: {'line': b'-- Up-to-date: /home/subhalaxmi/nidar_ws/install/px4_msgs/include/px4_msgs/px4_msgs/msg/detail/unregister_ext_component__struct.hpp\n'}
[17.971903] (px4_msgs) StdoutLine: {'line': b'-- Up-to-date: /home/subhalaxmi/nidar_ws/install/px4_msgs/include/px4_msgs/px4_msgs/msg/detail/landing_target_pose__builder.hpp\n'}
[17.972697] (px4_msgs) StdoutLine: {'line': b'-- Up-to-date: /home/subhalaxmi/nidar_ws/install/px4_msgs/include/px4_msgs/px4_msgs/msg/detail/parameter_set_value_response__traits.hpp\n'}
[17.972993] (px4_msgs) StdoutLine: {'line': b'-- Up-to-date: /home/subhalaxmi/nidar_ws/install/px4_msgs/include/px4_msgs/px4_msgs/msg/detail/estimator_status__type_support.hpp\n'}
[17.973219] (px4_msgs) StdoutLine: {'line': b'-- Up-to-date: /home/subhalaxmi/nidar_ws/install/px4_msgs/include/px4_msgs/px4_msgs/msg/detail/vehicle_roi__type_support.hpp\n'}
[17.973451] (px4_msgs) StdoutLine: {'line': b'-- Up-to-date: /home/subhalaxmi/nidar_ws/install/px4_msgs/include/px4_msgs/px4_msgs/msg/detail/pwm_input__traits.hpp\n'}
[17.973678] (px4_msgs) StdoutLine: {'line': b'-- Up-to-date: /home/subhalaxmi/nidar_ws/install/px4_msgs/include/px4_msgs/px4_msgs/msg/detail/timesync_status__traits.hpp\n'}
[17.973861] (px4_msgs) StdoutLine: {'line': b'-- Up-to-date: /home/subhalaxmi/nidar_ws/install/px4_msgs/include/px4_msgs/px4_msgs/msg/detail/estimator_sensor_bias__builder.hpp\n'}
[17.974067] (px4_msgs) StdoutLine: {'line': b'-- Up-to-date: /home/subhalaxmi/nidar_ws/install/px4_msgs/include/px4_msgs/px4_msgs/msg/detail/estimator_aid_source1d__builder.hpp\n'}
[17.975678] (px4_msgs) StdoutLine: {'line': b'-- Up-to-date: /home/subhalaxmi/nidar_ws/install/px4_msgs/include/px4_msgs/px4_msgs/msg/detail/vehicle_angular_velocity__traits.hpp\n'}
[17.976541] (px4_msgs) StdoutLine: {'line': b'-- Up-to-date: /home/subhalaxmi/nidar_ws/install/px4_msgs/include/px4_msgs/px4_msgs/msg/detail/irlock_report__builder.hpp\n'}
[17.976856] (px4_msgs) StdoutLine: {'line': b'-- Up-to-date: /home/subhalaxmi/nidar_ws/install/px4_msgs/include/px4_msgs/px4_msgs/msg/detail/parameter_set_used_request__builder.hpp\n'}
[17.977164] (px4_msgs) StdoutLine: {'line': b'-- Up-to-date: /home/subhalaxmi/nidar_ws/install/px4_msgs/include/px4_msgs/px4_msgs/msg/detail/estimator_states__struct.hpp\n'}
[17.977493] (px4_msgs) StdoutLine: {'line': b'-- Up-to-date: /home/subhalaxmi/nidar_ws/install/px4_msgs/include/px4_msgs/px4_msgs/msg/detail/landing_target_innovations__traits.hpp\n'}
[17.977702] (px4_msgs) StdoutLine: {'line': b'-- Up-to-date: /home/subhalaxmi/nidar_ws/install/px4_msgs/include/px4_msgs/px4_msgs/msg/detail/logger_status__traits.hpp\n'}
[17.977895] (px4_msgs) StdoutLine: {'line': b'-- Up-to-date: /home/subhalaxmi/nidar_ws/install/px4_msgs/include/px4_msgs/px4_msgs/msg/detail/gpio_request__builder.hpp\n'}
[17.978087] (px4_msgs) StdoutLine: {'line': b'-- Up-to-date: /home/subhalaxmi/nidar_ws/install/px4_msgs/include/px4_msgs/px4_msgs/msg/detail/led_control__builder.hpp\n'}
[17.982061] (px4_msgs) StdoutLine: {'line': b'-- Up-to-date: /home/subhalaxmi/nidar_ws/install/px4_msgs/include/px4_msgs/px4_msgs/msg/detail/camera_trigger__builder.hpp\n'}
[17.982707] (px4_msgs) StdoutLine: {'line': b'-- Up-to-date: /home/subhalaxmi/nidar_ws/install/px4_msgs/include/px4_msgs/px4_msgs/msg/detail/sensor_mag__type_support.hpp\n'}
[17.983155] (px4_msgs) StdoutLine: {'line': b'-- Up-to-date: /home/subhalaxmi/nidar_ws/install/px4_msgs/include/px4_msgs/px4_msgs/msg/detail/rover_attitude_status__type_support.hpp\n'}
[17.983680] (px4_msgs) StdoutLine: {'line': b'-- Up-to-date: /home/subhalaxmi/nidar_ws/install/px4_msgs/include/px4_msgs/px4_msgs/msg/detail/estimator_aid_source2d__builder.hpp\n'}
[17.984027] (px4_msgs) StdoutLine: {'line': b'-- Up-to-date: /home/subhalaxmi/nidar_ws/install/px4_msgs/include/px4_msgs/px4_msgs/msg/detail/gpio_config__type_support.hpp\n'}
[17.984891] (px4_msgs) StdoutLine: {'line': b'-- Up-to-date: /home/subhalaxmi/nidar_ws/install/px4_msgs/include/px4_msgs/px4_msgs/msg/detail/pps_capture__struct.hpp\n'}
[17.985200] (px4_msgs) StdoutLine: {'line': b'-- Up-to-date: /home/subhalaxmi/nidar_ws/install/px4_msgs/include/px4_msgs/px4_msgs/msg/detail/sensor_optical_flow__builder.hpp\n'}
[17.985470] (px4_msgs) StdoutLine: {'line': b'-- Up-to-date: /home/subhalaxmi/nidar_ws/install/px4_msgs/include/px4_msgs/px4_msgs/msg/detail/rover_speed_setpoint__builder.hpp\n'}
[17.986283] (px4_msgs) StdoutLine: {'line': b'-- Up-to-date: /home/subhalaxmi/nidar_ws/install/px4_msgs/include/px4_msgs/px4_msgs/msg/detail/config_overrides__traits.hpp\n'}
[17.986600] (px4_msgs) StdoutLine: {'line': b'-- Up-to-date: /home/subhalaxmi/nidar_ws/install/px4_msgs/include/px4_msgs/px4_msgs/msg/detail/trajectory_setpoint__builder.hpp\n'}
[17.986796] (px4_msgs) StdoutLine: {'line': b'-- Up-to-date: /home/subhalaxmi/nidar_ws/install/px4_msgs/include/px4_msgs/px4_msgs/msg/detail/failure_detector_status__type_support.hpp\n'}
[17.987128] (px4_msgs) StdoutLine: {'line': b'-- Up-to-date: /home/subhalaxmi/nidar_ws/install/px4_msgs/include/px4_msgs/px4_msgs/msg/detail/tune_control__builder.hpp\n'}
[17.987786] (px4_msgs) StdoutLine: {'line': b'-- Up-to-date: /home/subhalaxmi/nidar_ws/install/px4_msgs/include/px4_msgs/px4_msgs/msg/detail/parameter_set_used_request__type_support.hpp\n'}
[17.988261] (px4_msgs) StdoutLine: {'line': b'-- Up-to-date: /home/subhalaxmi/nidar_ws/install/px4_msgs/include/px4_msgs/px4_msgs/msg/detail/vehicle_rates_setpoint__traits.hpp\n'}
[17.988668] (px4_msgs) StdoutLine: {'line': b'-- Up-to-date: /home/subhalaxmi/nidar_ws/install/px4_msgs/include/px4_msgs/px4_msgs/msg/detail/rate_ctrl_status__type_support.hpp\n'}
[17.988860] (px4_msgs) StdoutLine: {'line': b'-- Up-to-date: /home/subhalaxmi/nidar_ws/install/px4_msgs/include/px4_msgs/px4_msgs/msg/detail/rc_parameter_map__builder.hpp\n'}
[17.989172] (px4_msgs) StdoutLine: {'line': b'-- Up-to-date: /home/subhalaxmi/nidar_ws/install/px4_msgs/include/px4_msgs/px4_msgs/msg/detail/orb_test__type_support.hpp\n'}
[17.989392] (px4_msgs) StdoutLine: {'line': b'-- Up-to-date: /home/subhalaxmi/nidar_ws/install/px4_msgs/include/px4_msgs/px4_msgs/msg/detail/landing_target_pose__type_support.hpp\n'}
[17.989848] (px4_msgs) StdoutLine: {'line': b'-- Up-to-date: /home/subhalaxmi/nidar_ws/install/px4_msgs/include/px4_msgs/px4_msgs/msg/detail/takeoff_status__builder.hpp\n'}
[17.990072] (px4_msgs) StdoutLine: {'line': b'-- Up-to-date: /home/subhalaxmi/nidar_ws/install/px4_msgs/include/px4_msgs/px4_msgs/msg/detail/estimator_status_flags__type_support.hpp\n'}
[17.990718] (px4_msgs) StdoutLine: {'line': b'-- Up-to-date: /home/subhalaxmi/nidar_ws/install/px4_msgs/include/px4_msgs/px4_msgs/msg/detail/parameter_update__struct.hpp\n'}
[17.990936] (px4_msgs) StdoutLine: {'line': b'-- Up-to-date: /home/subhalaxmi/nidar_ws/install/px4_msgs/include/px4_msgs/px4_msgs/msg/detail/sensor_baro__type_support.hpp\n'}
[17.991135] (px4_msgs) StdoutLine: {'line': b'-- Up-to-date: /home/subhalaxmi/nidar_ws/install/px4_msgs/include/px4_msgs/px4_msgs/msg/detail/estimator_states__builder.hpp\n'}
[17.991361] (px4_msgs) StdoutLine: {'line': b'-- Up-to-date: /home/subhalaxmi/nidar_ws/install/px4_msgs/include/px4_msgs/px4_msgs/msg/detail/position_controller_status__struct.hpp\n'}
[17.991552] (px4_msgs) StdoutLine: {'line': b'-- Up-to-date: /home/subhalaxmi/nidar_ws/install/px4_msgs/include/px4_msgs/px4_msgs/msg/detail/offboard_control_mode__builder.hpp\n'}
[17.993402] (px4_msgs) StdoutLine: {'line': b'-- Up-to-date: /home/subhalaxmi/nidar_ws/install/px4_msgs/include/px4_msgs/px4_msgs/msg/detail/vehicle_control_mode__traits.hpp\n'}
[17.993626] (px4_msgs) StdoutLine: {'line': b'-- Up-to-date: /home/subhalaxmi/nidar_ws/install/px4_msgs/include/px4_msgs/px4_msgs/msg/detail/qshell_retval__builder.hpp\n'}
[17.993806] (px4_msgs) StdoutLine: {'line': b'-- Up-to-date: /home/subhalaxmi/nidar_ws/install/px4_msgs/include/px4_msgs/px4_msgs/msg/detail/gimbal_manager_information__builder.hpp\n'}
[17.994001] (px4_msgs) StdoutLine: {'line': b'-- Up-to-date: /home/subhalaxmi/nidar_ws/install/px4_msgs/include/px4_msgs/px4_msgs/msg/detail/distance_sensor_mode_change_request__traits.hpp\n'}
[17.994212] (px4_msgs) StdoutLine: {'line': b'-- Up-to-date: /home/subhalaxmi/nidar_ws/install/px4_msgs/include/px4_msgs/px4_msgs/msg/detail/ulog_stream_ack__traits.hpp\n'}
[17.994395] (px4_msgs) StdoutLine: {'line': b'-- Up-to-date: /home/subhalaxmi/nidar_ws/install/px4_msgs/include/px4_msgs/px4_msgs/msg/detail/rover_throttle_setpoint__type_support.hpp\n'}
[17.994577] (px4_msgs) StdoutLine: {'line': b'-- Up-to-date: /home/subhalaxmi/nidar_ws/install/px4_msgs/include/px4_msgs/px4_msgs/msg/detail/neural_control__builder.hpp\n'}
[17.995153] (px4_msgs) StdoutLine: {'line': b'-- Up-to-date: /home/subhalaxmi/nidar_ws/install/px4_msgs/include/px4_msgs/px4_msgs/msg/detail/mavlink_log__traits.hpp\n'}
[17.995436] (px4_msgs) StdoutLine: {'line': b'-- Up-to-date: /home/subhalaxmi/nidar_ws/install/px4_msgs/include/px4_msgs/px4_msgs/msg/detail/debug_vect__traits.hpp\n'}
[17.995622] (px4_msgs) StdoutLine: {'line': b'-- Up-to-date: /home/subhalaxmi/nidar_ws/install/px4_msgs/include/px4_msgs/px4_msgs/msg/detail/rc_channels__struct.hpp\n'}
[17.995810] (px4_msgs) StdoutLine: {'line': b'-- Up-to-date: /home/subhalaxmi/nidar_ws/install/px4_msgs/include/px4_msgs/px4_msgs/msg/detail/airspeed_validated__type_support.hpp\n'}
[17.995996] (px4_msgs) StdoutLine: {'line': b'-- Up-to-date: /home/subhalaxmi/nidar_ws/install/px4_msgs/include/px4_msgs/px4_msgs/msg/detail/wind__traits.hpp\n'}
[17.997283] (px4_msgs) StdoutLine: {'line': b'-- Up-to-date: /home/subhalaxmi/nidar_ws/install/px4_msgs/include/px4_msgs/px4_msgs/msg/detail/vehicle_status__builder.hpp\n'}
[17.997539] (px4_msgs) StdoutLine: {'line': b'-- Up-to-date: /home/subhalaxmi/nidar_ws/install/px4_msgs/include/px4_msgs/px4_msgs/msg/detail/airspeed__struct.hpp\n'}
[17.998013] (px4_msgs) StdoutLine: {'line': b'-- Up-to-date: /home/subhalaxmi/nidar_ws/install/px4_msgs/include/px4_msgs/px4_msgs/msg/detail/figure_eight_status__struct.hpp\n'}
[17.998246] (px4_msgs) StdoutLine: {'line': b'-- Up-to-date: /home/subhalaxmi/nidar_ws/install/px4_msgs/include/px4_msgs/px4_msgs/msg/detail/sensors_status__struct.hpp\n'}
[17.998436] (px4_msgs) StdoutLine: {'line': b'-- Up-to-date: /home/subhalaxmi/nidar_ws/install/px4_msgs/include/px4_msgs/px4_msgs/msg/detail/estimator_aid_source3d__traits.hpp\n'}
[17.998615] (px4_msgs) StdoutLine: {'line': b'-- Up-to-date: /home/subhalaxmi/nidar_ws/install/px4_msgs/include/px4_msgs/px4_msgs/msg/detail/goto_setpoint__type_support.hpp\n'}
[17.998789] (px4_msgs) StdoutLine: {'line': b'-- Up-to-date: /home/subhalaxmi/nidar_ws/install/px4_msgs/include/px4_msgs/px4_msgs/msg/detail/gpio_out__type_support.hpp\n'}
[17.998964] (px4_msgs) StdoutLine: {'line': b'-- Up-to-date: /home/subhalaxmi/nidar_ws/install/px4_msgs/include/px4_msgs/px4_msgs/msg/detail/sensor_preflight_mag__type_support.hpp\n'}
[17.999156] (px4_msgs) StdoutLine: {'line': b'-- Up-to-date: /home/subhalaxmi/nidar_ws/install/px4_msgs/include/px4_msgs/px4_msgs/msg/detail/cellular_status__traits.hpp\n'}
[17.999367] (px4_msgs) StdoutLine: {'line': b'-- Up-to-date: /home/subhalaxmi/nidar_ws/install/px4_msgs/include/px4_msgs/px4_msgs/msg/detail/vehicle_acceleration__struct.hpp\n'}
[17.999541] (px4_msgs) StdoutLine: {'line': b'-- Up-to-date: /home/subhalaxmi/nidar_ws/install/px4_msgs/include/px4_msgs/px4_msgs/msg/detail/sensor_combined__type_support.hpp\n'}
[17.999714] (px4_msgs) StdoutLine: {'line': b'-- Up-to-date: /home/subhalaxmi/nidar_ws/install/px4_msgs/include/px4_msgs/px4_msgs/msg/detail/longitudinal_control_configuration__traits.hpp\n'}
[17.999888] (px4_msgs) StdoutLine: {'line': b'-- Up-to-date: /home/subhalaxmi/nidar_ws/install/px4_msgs/include/px4_msgs/px4_msgs/msg/detail/arming_check_reply__struct.hpp\n'}
[18.000062] (px4_msgs) StdoutLine: {'line': b'-- Up-to-date: /home/subhalaxmi/nidar_ws/install/px4_msgs/include/px4_msgs/px4_msgs/msg/detail/gpio_config__struct.hpp\n'}
[18.000970] (px4_msgs) StdoutLine: {'line': b'-- Up-to-date: /home/subhalaxmi/nidar_ws/install/px4_msgs/include/px4_msgs/px4_msgs/msg/detail/gimbal_manager_set_attitude__builder.hpp\n'}
[18.001269] (px4_msgs) StdoutLine: {'line': b'-- Up-to-date: /home/subhalaxmi/nidar_ws/install/px4_msgs/include/px4_msgs/px4_msgs/msg/detail/transponder_report__struct.hpp\n'}
[18.001493] (px4_msgs) StdoutLine: {'line': b'-- Up-to-date: /home/subhalaxmi/nidar_ws/install/px4_msgs/include/px4_msgs/px4_msgs/msg/detail/gimbal_manager_set_attitude__type_support.hpp\n'}
[18.001668] (px4_msgs) StdoutLine: {'line': b'-- Up-to-date: /home/subhalaxmi/nidar_ws/install/px4_msgs/include/px4_msgs/px4_msgs/msg/detail/sensor_uwb__type_support.hpp\n'}
[18.001844] (px4_msgs) StdoutLine: {'line': b'-- Up-to-date: /home/subhalaxmi/nidar_ws/install/px4_msgs/include/px4_msgs/px4_msgs/msg/detail/sensor_gnss_status__builder.hpp\n'}
[18.002017] (px4_msgs) StdoutLine: {'line': b'-- Up-to-date: /home/subhalaxmi/nidar_ws/install/px4_msgs/include/px4_msgs/px4_msgs/msg/detail/position_controller_landing_status__type_support.hpp\n'}
[18.002227] (px4_msgs) StdoutLine: {'line': b'-- Up-to-date: /home/subhalaxmi/nidar_ws/install/px4_msgs/include/px4_msgs/px4_msgs/msg/detail/differential_pressure__traits.hpp\n'}
[18.002424] (px4_msgs) StdoutLine: {'line': b'-- Up-to-date: /home/subhalaxmi/nidar_ws/install/px4_msgs/include/px4_msgs/px4_msgs/msg/detail/gimbal_device_information__type_support.hpp\n'}
[18.002604] (px4_msgs) StdoutLine: {'line': b'-- Up-to-date: /home/subhalaxmi/nidar_ws/install/px4_msgs/include/px4_msgs/px4_msgs/msg/detail/vtol_vehicle_status__builder.hpp\n'}
[18.002781] (px4_msgs) StdoutLine: {'line': b'-- Up-to-date: /home/subhalaxmi/nidar_ws/install/px4_msgs/include/px4_msgs/px4_msgs/msg/detail/actuator_test__struct.hpp\n'}
[18.002957] (px4_msgs) StdoutLine: {'line': b'-- Up-to-date: /home/subhalaxmi/nidar_ws/install/px4_msgs/include/px4_msgs/px4_msgs/msg/detail/ulog_stream__struct.hpp\n'}
[18.005443] (px4_msgs) StdoutLine: {'line': b'-- Up-to-date: /home/subhalaxmi/nidar_ws/install/px4_msgs/include/px4_msgs/px4_msgs/msg/detail/collision_constraints__type_support.hpp\n'}
[18.005882] (px4_msgs) StdoutLine: {'line': b'-- Up-to-date: /home/subhalaxmi/nidar_ws/install/px4_msgs/include/px4_msgs/px4_msgs/msg/detail/arming_check_reply__traits.hpp\n'}
[18.006235] (px4_msgs) StdoutLine: {'line': b'-- Up-to-date: /home/subhalaxmi/nidar_ws/install/px4_msgs/include/px4_msgs/px4_msgs/msg/detail/camera_status__builder.hpp\n'}
[18.006517] (px4_msgs) StdoutLine: {'line': b'-- Up-to-date: /home/subhalaxmi/nidar_ws/install/px4_msgs/include/px4_msgs/px4_msgs/msg/detail/vehicle_attitude_setpoint__type_support.hpp\n'}
[18.006719] (px4_msgs) StdoutLine: {'line': b'-- Up-to-date: /home/subhalaxmi/nidar_ws/install/px4_msgs/include/px4_msgs/px4_msgs/msg/detail/vehicle_global_position__struct.hpp\n'}
[18.006907] (px4_msgs) StdoutLine: {'line': b'-- Up-to-date: /home/subhalaxmi/nidar_ws/install/px4_msgs/include/px4_msgs/px4_msgs/msg/detail/sensors_status_imu__builder.hpp\n'}
[18.007142] (px4_msgs) StdoutLine: {'line': b'-- Up-to-date: /home/subhalaxmi/nidar_ws/install/px4_msgs/include/px4_msgs/px4_msgs/msg/detail/geofence_status__type_support.hpp\n'}
[18.007377] (px4_msgs) StdoutLine: {'line': b'-- Up-to-date: /home/subhalaxmi/nidar_ws/install/px4_msgs/include/px4_msgs/px4_msgs/msg/detail/actuator_servos__builder.hpp\n'}
[18.007588] (px4_msgs) StdoutLine: {'line': b'-- Up-to-date: /home/subhalaxmi/nidar_ws/install/px4_msgs/include/px4_msgs/px4_msgs/msg/detail/ping__struct.hpp\n'}
[18.007865] (px4_msgs) StdoutLine: {'line': b'-- Up-to-date: /home/subhalaxmi/nidar_ws/install/px4_msgs/include/px4_msgs/px4_msgs/msg/detail/orb_test_medium__struct.hpp\n'}
[18.008082] (px4_msgs) StdoutLine: {'line': b'-- Up-to-date: /home/subhalaxmi/nidar_ws/install/px4_msgs/include/px4_msgs/px4_msgs/msg/detail/ulog_stream__traits.hpp\n'}
[18.010941] (px4_msgs) StdoutLine: {'line': b'-- Up-to-date: /home/subhalaxmi/nidar_ws/install/px4_msgs/include/px4_msgs/px4_msgs/msg/detail/rtl_status__builder.hpp\n'}
[18.012395] (px4_msgs) StdoutLine: {'line': b'-- Up-to-date: /home/subhalaxmi/nidar_ws/install/px4_msgs/include/px4_msgs/px4_msgs/msg/detail/tune_control__traits.hpp\n'}
[18.012655] (px4_msgs) StdoutLine: {'line': b'-- Up-to-date: /home/subhalaxmi/nidar_ws/install/px4_msgs/include/px4_msgs/px4_msgs/msg/detail/tiltrotor_extra_controls__builder.hpp\n'}
[18.012853] (px4_msgs) StdoutLine: {'line': b'-- Up-to-date: /home/subhalaxmi/nidar_ws/install/px4_msgs/include/px4_msgs/px4_msgs/msg/detail/fixed_wing_runway_control__struct.hpp\n'}
[18.013047] (px4_msgs) StdoutLine: {'line': b'-- Up-to-date: /home/subhalaxmi/nidar_ws/install/px4_msgs/include/px4_msgs/px4_msgs/msg/detail/landing_gear__type_support.hpp\n'}
[18.013291] (px4_msgs) StdoutLine: {'line': b'-- Up-to-date: /home/subhalaxmi/nidar_ws/install/px4_msgs/include/px4_msgs/px4_msgs/msg/detail/parameter_set_used_request__traits.hpp\n'}
[18.013773] (px4_msgs) StdoutLine: {'line': b'-- Up-to-date: /home/subhalaxmi/nidar_ws/install/px4_msgs/include/px4_msgs/px4_msgs/msg/detail/fuel_tank_status__builder.hpp\n'}
[18.017379] (px4_msgs) StdoutLine: {'line': b'-- Up-to-date: /home/subhalaxmi/nidar_ws/install/px4_msgs/include/px4_msgs/px4_msgs/msg/detail/trajectory_setpoint6dof__struct.hpp\n'}
[18.017732] (px4_msgs) StdoutLine: {'line': b'-- Up-to-date: /home/subhalaxmi/nidar_ws/install/px4_msgs/include/px4_msgs/px4_msgs/msg/detail/mount_orientation__traits.hpp\n'}
[18.017963] (px4_msgs) StdoutLine: {'line': b'-- Up-to-date: /home/subhalaxmi/nidar_ws/install/px4_msgs/include/px4_msgs/px4_msgs/msg/detail/navigator_status__builder.hpp\n'}
[18.018198] (px4_msgs) StdoutLine: {'line': b'-- Up-to-date: /home/subhalaxmi/nidar_ws/install/px4_msgs/include/px4_msgs/px4_msgs/msg/detail/sensor_accel_fifo__builder.hpp\n'}
[18.018408] (px4_msgs) StdoutLine: {'line': b'-- Up-to-date: /home/subhalaxmi/nidar_ws/install/px4_msgs/include/px4_msgs/px4_msgs/msg/detail/estimator_gps_status__traits.hpp\n'}
[18.018642] (px4_msgs) StdoutLine: {'line': b'-- Up-to-date: /home/subhalaxmi/nidar_ws/install/px4_msgs/include/px4_msgs/px4_msgs/msg/detail/message_format_response__struct.hpp\n'}
[18.018832] (px4_msgs) StdoutLine: {'line': b'-- Up-to-date: /home/subhalaxmi/nidar_ws/install/px4_msgs/include/px4_msgs/px4_msgs/msg/detail/open_drone_id_arm_status__builder.hpp\n'}
[18.019010] (px4_msgs) StdoutLine: {'line': b'-- Up-to-date: /home/subhalaxmi/nidar_ws/install/px4_msgs/include/px4_msgs/px4_msgs/msg/detail/vehicle_status__struct.hpp\n'}
[18.019219] (px4_msgs) StdoutLine: {'line': b'-- Up-to-date: /home/subhalaxmi/nidar_ws/install/px4_msgs/include/px4_msgs/px4_msgs/msg/detail/navigator_mission_item__builder.hpp\n'}
[18.019413] (px4_msgs) StdoutLine: {'line': b'-- Up-to-date: /home/subhalaxmi/nidar_ws/install/px4_msgs/include/px4_msgs/px4_msgs/msg/detail/differential_pressure__struct.hpp\n'}
[18.019592] (px4_msgs) StdoutLine: {'line': b'-- Up-to-date: /home/subhalaxmi/nidar_ws/install/px4_msgs/include/px4_msgs/px4_msgs/msg/detail/message_format_request__type_support.hpp\n'}
[18.019767] (px4_msgs) StdoutLine: {'line': b'-- Up-to-date: /home/subhalaxmi/nidar_ws/install/px4_msgs/include/px4_msgs/px4_msgs/msg/detail/vehicle_imu_status__traits.hpp\n'}
[18.019943] (px4_msgs) StdoutLine: {'line': b'-- Up-to-date: /home/subhalaxmi/nidar_ws/install/px4_msgs/include/px4_msgs/px4_msgs/msg/detail/vehicle_local_position__traits.hpp\n'}
[18.020164] (px4_msgs) StdoutLine: {'line': b'-- Up-to-date: /home/subhalaxmi/nidar_ws/install/px4_msgs/include/px4_msgs/px4_msgs/msg/detail/camera_trigger__type_support.hpp\n'}
[18.020386] (px4_msgs) StdoutLine: {'line': b'-- Up-to-date: /home/subhalaxmi/nidar_ws/install/px4_msgs/include/px4_msgs/px4_msgs/msg/detail/rc_channels__type_support.hpp\n'}
[18.020578] (px4_msgs) StdoutLine: {'line': b'-- Up-to-date: /home/subhalaxmi/nidar_ws/install/px4_msgs/include/px4_msgs/px4_msgs/msg/detail/gimbal_device_information__struct.hpp\n'}
[18.020764] (px4_msgs) StdoutLine: {'line': b'-- Up-to-date: /home/subhalaxmi/nidar_ws/install/px4_msgs/include/px4_msgs/px4_msgs/msg/detail/sensor_gyro__type_support.hpp\n'}
[18.020962] (px4_msgs) StdoutLine: {'line': b'-- Up-to-date: /home/subhalaxmi/nidar_ws/install/px4_msgs/include/px4_msgs/px4_msgs/msg/detail/vehicle_thrust_setpoint__type_support.hpp\n'}
[18.022089] (px4_msgs) StdoutLine: {'line': b'-- Up-to-date: /home/subhalaxmi/nidar_ws/install/px4_msgs/include/px4_msgs/px4_msgs/msg/detail/rc_parameter_map__type_support.hpp\n'}
[18.022429] (px4_msgs) StdoutLine: {'line': b'-- Up-to-date: /home/subhalaxmi/nidar_ws/install/px4_msgs/include/px4_msgs/px4_msgs/msg/detail/system_power__builder.hpp\n'}
[18.022664] (px4_msgs) StdoutLine: {'line': b'-- Up-to-date: /home/subhalaxmi/nidar_ws/install/px4_msgs/include/px4_msgs/px4_msgs/msg/detail/input_rc__traits.hpp\n'}
[18.022862] (px4_msgs) StdoutLine: {'line': b'-- Up-to-date: /home/subhalaxmi/nidar_ws/install/px4_msgs/include/px4_msgs/px4_msgs/msg/detail/arming_check_request__builder.hpp\n'}
[18.023056] (px4_msgs) StdoutLine: {'line': b'-- Up-to-date: /home/subhalaxmi/nidar_ws/install/px4_msgs/include/px4_msgs/px4_msgs/msg/detail/vehicle_torque_setpoint__builder.hpp\n'}
[18.023282] (px4_msgs) StdoutLine: {'line': b'-- Up-to-date: /home/subhalaxmi/nidar_ws/install/px4_msgs/include/px4_msgs/px4_msgs/msg/detail/estimator_status__builder.hpp\n'}
[18.023515] (px4_msgs) StdoutLine: {'line': b'-- Up-to-date: /home/subhalaxmi/nidar_ws/install/px4_msgs/include/px4_msgs/px4_msgs/msg/detail/actuator_servos_trim__builder.hpp\n'}
[18.023699] (px4_msgs) StdoutLine: {'line': b'-- Up-to-date: /home/subhalaxmi/nidar_ws/install/px4_msgs/include/px4_msgs/px4_msgs/msg/detail/vehicle_control_mode__type_support.hpp\n'}
[18.024489] (px4_msgs) StdoutLine: {'line': b'-- Up-to-date: /home/subhalaxmi/nidar_ws/install/px4_msgs/include/px4_msgs/px4_msgs/msg/detail/sensor_temp__type_support.hpp\n'}
[18.024706] (px4_msgs) StdoutLine: {'line': b'-- Up-to-date: /home/subhalaxmi/nidar_ws/install/px4_msgs/include/px4_msgs/px4_msgs/msg/detail/actuator_armed__traits.hpp\n'}
[18.024890] (px4_msgs) StdoutLine: {'line': b'-- Up-to-date: /home/subhalaxmi/nidar_ws/install/px4_msgs/include/px4_msgs/px4_msgs/msg/detail/qshell_req__struct.hpp\n'}
[18.025070] (px4_msgs) StdoutLine: {'line': b'-- Up-to-date: /home/subhalaxmi/nidar_ws/install/px4_msgs/include/px4_msgs/px4_msgs/msg/detail/rover_rate_setpoint__struct.hpp\n'}
[18.028176] (px4_msgs) StdoutLine: {'line': b'-- Up-to-date: /home/subhalaxmi/nidar_ws/install/px4_msgs/include/px4_msgs/px4_msgs/msg/detail/estimator_status_flags__traits.hpp\n'}
[18.028432] (px4_msgs) StdoutLine: {'line': b'-- Up-to-date: /home/subhalaxmi/nidar_ws/install/px4_msgs/include/px4_msgs/px4_msgs/msg/detail/mission_result__traits.hpp\n'}
[18.028653] (px4_msgs) StdoutLine: {'line': b'-- Up-to-date: /home/subhalaxmi/nidar_ws/install/px4_msgs/include/px4_msgs/px4_msgs/msg/detail/sensor_gyro_fifo__builder.hpp\n'}
[18.028885] (px4_msgs) StdoutLine: {'line': b'-- Up-to-date: /home/subhalaxmi/nidar_ws/install/px4_msgs/include/px4_msgs/px4_msgs/msg/detail/telemetry_status__type_support.hpp\n'}
[18.029126] (px4_msgs) StdoutLine: {'line': b'-- Up-to-date: /home/subhalaxmi/nidar_ws/install/px4_msgs/include/px4_msgs/px4_msgs/msg/detail/qshell_retval__struct.hpp\n'}
[18.029530] (px4_msgs) StdoutLine: {'line': b'-- Up-to-date: /home/subhalaxmi/nidar_ws/install/px4_msgs/include/px4_msgs/px4_msgs/msg/detail/debug_value__builder.hpp\n'}
[18.029727] (px4_msgs) StdoutLine: {'line': b'-- Up-to-date: /home/subhalaxmi/nidar_ws/install/px4_msgs/include/px4_msgs/px4_msgs/msg/detail/estimator_bias3d__builder.hpp\n'}
[18.029929] (px4_msgs) StdoutLine: {'line': b'-- Up-to-date: /home/subhalaxmi/nidar_ws/install/px4_msgs/include/px4_msgs/px4_msgs/msg/detail/sensor_optical_flow__struct.hpp\n'}
[18.030128] (px4_msgs) StdoutLine: {'line': b'-- Up-to-date: /home/subhalaxmi/nidar_ws/install/px4_msgs/include/px4_msgs/px4_msgs/msg/detail/actuator_controls_status__struct.hpp\n'}
[18.030339] (px4_msgs) StdoutLine: {'line': b'-- Up-to-date: /home/subhalaxmi/nidar_ws/install/px4_msgs/include/px4_msgs/px4_msgs/msg/detail/vtx__type_support.hpp\n'}
[18.030539] (px4_msgs) StdoutLine: {'line': b'-- Up-to-date: /home/subhalaxmi/nidar_ws/install/px4_msgs/include/px4_msgs/px4_msgs/msg/detail/vehicle_imu__struct.hpp\n'}
[18.030727] (px4_msgs) StdoutLine: {'line': b'-- Up-to-date: /home/subhalaxmi/nidar_ws/install/px4_msgs/include/px4_msgs/px4_msgs/msg/detail/task_stack_info__traits.hpp\n'}
[18.030914] (px4_msgs) StdoutLine: {'line': b'-- Up-to-date: /home/subhalaxmi/nidar_ws/install/px4_msgs/include/px4_msgs/px4_msgs/msg/detail/mission_result__type_support.hpp\n'}
[18.031090] (px4_msgs) StdoutLine: {'line': b'-- Up-to-date: /home/subhalaxmi/nidar_ws/install/px4_msgs/include/px4_msgs/px4_msgs/msg/detail/trajectory_setpoint6dof__traits.hpp\n'}
[18.031299] (px4_msgs) StdoutLine: {'line': b'-- Up-to-date: /home/subhalaxmi/nidar_ws/install/px4_msgs/include/px4_msgs/px4_msgs/msg/detail/airspeed_validated__struct.hpp\n'}
[18.031482] (px4_msgs) StdoutLine: {'line': b'-- Up-to-date: /home/subhalaxmi/nidar_ws/install/px4_msgs/include/px4_msgs/px4_msgs/msg/detail/open_drone_id_system__type_support.hpp\n'}
[18.032132] (px4_msgs) StdoutLine: {'line': b'-- Up-to-date: /home/subhalaxmi/nidar_ws/install/px4_msgs/include/px4_msgs/px4_msgs/msg/detail/wind__builder.hpp\n'}
[18.032381] (px4_msgs) StdoutLine: {'line': b'-- Up-to-date: /home/subhalaxmi/nidar_ws/install/px4_msgs/include/px4_msgs/px4_msgs/msg/detail/distance_sensor__builder.hpp\n'}
[18.032568] (px4_msgs) StdoutLine: {'line': b'-- Up-to-date: /home/subhalaxmi/nidar_ws/install/px4_msgs/include/px4_msgs/px4_msgs/msg/detail/actuator_armed__builder.hpp\n'}
[18.032747] (px4_msgs) StdoutLine: {'line': b'-- Up-to-date: /home/subhalaxmi/nidar_ws/install/px4_msgs/include/px4_msgs/px4_msgs/msg/detail/sensor_mag__builder.hpp\n'}
[18.032974] (px4_msgs) StdoutLine: {'line': b'-- Up-to-date: /home/subhalaxmi/nidar_ws/install/px4_msgs/include/px4_msgs/px4_msgs/msg/detail/velocity_limits__struct.hpp\n'}
[18.033167] (px4_msgs) StdoutLine: {'line': b'-- Up-to-date: /home/subhalaxmi/nidar_ws/install/px4_msgs/include/px4_msgs/px4_msgs/msg/detail/collision_constraints__builder.hpp\n'}
[18.033394] (px4_msgs) StdoutLine: {'line': b'-- Up-to-date: /home/subhalaxmi/nidar_ws/install/px4_msgs/include/px4_msgs/px4_msgs/msg/detail/estimator_selector_status__struct.hpp\n'}
[18.033580] (px4_msgs) StdoutLine: {'line': b'-- Up-to-date: /home/subhalaxmi/nidar_ws/install/px4_msgs/include/px4_msgs/px4_msgs/msg/detail/vehicle_air_data__struct.hpp\n'}
[18.033782] (px4_msgs) StdoutLine: {'line': b'-- Up-to-date: /home/subhalaxmi/nidar_ws/install/px4_msgs/include/px4_msgs/px4_msgs/msg/detail/rover_rate_status__traits.hpp\n'}
[18.033976] (px4_msgs) StdoutLine: {'line': b'-- Up-to-date: /home/subhalaxmi/nidar_ws/install/px4_msgs/include/px4_msgs/px4_msgs/msg/detail/fuel_tank_status__type_support.hpp\n'}
[18.037394] (px4_msgs) StdoutLine: {'line': b'-- Up-to-date: /home/subhalaxmi/nidar_ws/install/px4_msgs/include/px4_msgs/px4_msgs/msg/detail/geofence_result__struct.hpp\n'}
[18.037742] (px4_msgs) StdoutLine: {'line': b'-- Up-to-date: /home/subhalaxmi/nidar_ws/install/px4_msgs/include/px4_msgs/px4_msgs/msg/detail/vehicle_magnetometer__type_support.hpp\n'}
[18.037941] (px4_msgs) StdoutLine: {'line': b'-- Up-to-date: /home/subhalaxmi/nidar_ws/install/px4_msgs/include/px4_msgs/px4_msgs/msg/detail/landing_gear_wheel__type_support.hpp\n'}
[18.038142] (px4_msgs) StdoutLine: {'line': b'-- Up-to-date: /home/subhalaxmi/nidar_ws/install/px4_msgs/include/px4_msgs/px4_msgs/msg/detail/debug_vect__type_support.hpp\n'}
[18.038354] (px4_msgs) StdoutLine: {'line': b'-- Up-to-date: /home/subhalaxmi/nidar_ws/install/px4_msgs/include/px4_msgs/px4_msgs/msg/detail/estimator_bias3d__type_support.hpp\n'}
[18.038535] (px4_msgs) StdoutLine: {'line': b'-- Up-to-date: /home/subhalaxmi/nidar_ws/install/px4_msgs/include/px4_msgs/px4_msgs/msg/detail/power_button_state__struct.hpp\n'}
[18.038711] (px4_msgs) StdoutLine: {'line': b'-- Up-to-date: /home/subhalaxmi/nidar_ws/install/px4_msgs/include/px4_msgs/px4_msgs/msg/detail/gps_inject_data__type_support.hpp\n'}
[18.038887] (px4_msgs) StdoutLine: {'line': b'-- Up-to-date: /home/subhalaxmi/nidar_ws/install/px4_msgs/include/px4_msgs/px4_msgs/msg/detail/distance_sensor__traits.hpp\n'}
[18.039087] (px4_msgs) StdoutLine: {'line': b'-- Up-to-date: /home/subhalaxmi/nidar_ws/install/px4_msgs/include/px4_msgs/px4_msgs/msg/detail/vehicle_optical_flow__struct.hpp\n'}
[18.039389] (px4_msgs) StdoutLine: {'line': b'-- Up-to-date: /home/subhalaxmi/nidar_ws/install/px4_msgs/include/px4_msgs/px4_msgs/msg/detail/orb_test_large__type_support.hpp\n'}
[18.039581] (px4_msgs) StdoutLine: {'line': b'-- Up-to-date: /home/subhalaxmi/nidar_ws/install/px4_msgs/include/px4_msgs/px4_msgs/msg/detail/sensors_status_imu__struct.hpp\n'}
[18.039762] (px4_msgs) StdoutLine: {'line': b'-- Up-to-date: /home/subhalaxmi/nidar_ws/install/px4_msgs/include/px4_msgs/px4_msgs/msg/detail/debug_value__type_support.hpp\n'}
[18.039939] (px4_msgs) StdoutLine: {'line': b'-- Up-to-date: /home/subhalaxmi/nidar_ws/install/px4_msgs/include/px4_msgs/px4_msgs/msg/detail/register_ext_component_reply__type_support.hpp\n'}
[18.040151] (px4_msgs) StdoutLine: {'line': b'-- Up-to-date: /home/subhalaxmi/nidar_ws/install/px4_msgs/include/px4_msgs/px4_msgs/msg/detail/follow_target_status__struct.hpp\n'}
[18.040353] (px4_msgs) StdoutLine: {'line': b'-- Up-to-date: /home/subhalaxmi/nidar_ws/install/px4_msgs/include/px4_msgs/px4_msgs/msg/detail/unregister_ext_component__type_support.hpp\n'}
[18.040531] (px4_msgs) StdoutLine: {'line': b'-- Up-to-date: /home/subhalaxmi/nidar_ws/install/px4_msgs/include/px4_msgs/px4_msgs/msg/detail/trajectory_setpoint6dof__type_support.hpp\n'}
[18.040707] (px4_msgs) StdoutLine: {'line': b'-- Up-to-date: /home/subhalaxmi/nidar_ws/install/px4_msgs/include/px4_msgs/px4_msgs/msg/detail/orb_test__struct.hpp\n'}
[18.040884] (px4_msgs) StdoutLine: {'line': b'-- Up-to-date: /home/subhalaxmi/nidar_ws/install/px4_msgs/include/px4_msgs/px4_msgs/msg/detail/button_event__traits.hpp\n'}
[18.041060] (px4_msgs) StdoutLine: {'line': b'-- Up-to-date: /home/subhalaxmi/nidar_ws/install/px4_msgs/include/px4_msgs/px4_msgs/msg/detail/uavcan_parameter_request__struct.hpp\n'}
[18.042753] (px4_msgs) StdoutLine: {'line': b'-- Up-to-date: /home/subhalaxmi/nidar_ws/install/px4_msgs/include/px4_msgs/px4_msgs/msg/detail/vehicle_status__type_support.hpp\n'}
[18.044154] (px4_msgs) StdoutLine: {'line': b'-- Up-to-date: /home/subhalaxmi/nidar_ws/install/px4_msgs/include/px4_msgs/px4_msgs/msg/detail/cellular_status__type_support.hpp\n'}
[18.044405] (px4_msgs) StdoutLine: {'line': b'-- Up-to-date: /home/subhalaxmi/nidar_ws/install/px4_msgs/include/px4_msgs/px4_msgs/msg/detail/vehicle_torque_setpoint__type_support.hpp\n'}
[18.045018] (px4_msgs) StdoutLine: {'line': b'-- Up-to-date: /home/subhalaxmi/nidar_ws/install/px4_msgs/include/px4_msgs/px4_msgs/msg/detail/magnetometer_bias_estimate__type_support.hpp\n'}
[18.047307] (px4_msgs) StdoutLine: {'line': b'-- Up-to-date: /home/subhalaxmi/nidar_ws/install/px4_msgs/include/px4_msgs/px4_msgs/msg/detail/orb_test__traits.hpp\n'}
[18.047682] (px4_msgs) StdoutLine: {'line': b'-- Up-to-date: /home/subhalaxmi/nidar_ws/install/px4_msgs/include/px4_msgs/px4_msgs/msg/detail/vtol_vehicle_status__struct.hpp\n'}
[18.047904] (px4_msgs) StdoutLine: {'line': b'-- Up-to-date: /home/subhalaxmi/nidar_ws/install/px4_msgs/include/px4_msgs/px4_msgs/msg/detail/uavcan_parameter_request__traits.hpp\n'}
[18.048098] (px4_msgs) StdoutLine: {'line': b'-- Up-to-date: /home/subhalaxmi/nidar_ws/install/px4_msgs/include/px4_msgs/px4_msgs/msg/detail/estimator_bias__struct.hpp\n'}
[18.048346] (px4_msgs) StdoutLine: {'line': b'-- Up-to-date: /home/subhalaxmi/nidar_ws/install/px4_msgs/include/px4_msgs/px4_msgs/msg/detail/gripper__struct.hpp\n'}
[18.048588] (px4_msgs) StdoutLine: {'line': b'-- Up-to-date: /home/subhalaxmi/nidar_ws/install/px4_msgs/include/px4_msgs/px4_msgs/msg/detail/rover_speed_status__traits.hpp\n'}
[18.048829] (px4_msgs) StdoutLine: {'line': b'-- Up-to-date: /home/subhalaxmi/nidar_ws/install/px4_msgs/include/px4_msgs/px4_msgs/msg/detail/distance_sensor_mode_change_request__builder.hpp\n'}
[18.049026] (px4_msgs) StdoutLine: {'line': b'-- Up-to-date: /home/subhalaxmi/nidar_ws/install/px4_msgs/include/px4_msgs/px4_msgs/msg/detail/battery_info__struct.hpp\n'}
[18.049558] (px4_msgs) StdoutLine: {'line': b'-- Up-to-date: /home/subhalaxmi/nidar_ws/install/px4_msgs/include/px4_msgs/px4_msgs/msg/detail/manual_control_setpoint__type_support.hpp\n'}
[18.049837] (px4_msgs) StdoutLine: {'line': b'-- Up-to-date: /home/subhalaxmi/nidar_ws/install/px4_msgs/include/px4_msgs/px4_msgs/msg/detail/ulog_stream_ack__builder.hpp\n'}
[18.050049] (px4_msgs) StdoutLine: {'line': b'-- Up-to-date: /home/subhalaxmi/nidar_ws/install/px4_msgs/include/px4_msgs/px4_msgs/msg/detail/sensor_gyro_fft__traits.hpp\n'}
[18.050294] (px4_msgs) StdoutLine: {'line': b'-- Up-to-date: /home/subhalaxmi/nidar_ws/install/px4_msgs/include/px4_msgs/px4_msgs/msg/detail/transponder_report__builder.hpp\n'}
[18.050504] (px4_msgs) StdoutLine: {'line': b'-- Up-to-date: /home/subhalaxmi/nidar_ws/install/px4_msgs/include/px4_msgs/px4_msgs/msg/detail/battery_status__traits.hpp\n'}
[18.050704] (px4_msgs) StdoutLine: {'line': b'-- Up-to-date: /home/subhalaxmi/nidar_ws/install/px4_msgs/include/px4_msgs/px4_msgs/msg/detail/vehicle_rates_setpoint__type_support.hpp\n'}
[18.050932] (px4_msgs) StdoutLine: {'line': b'-- Up-to-date: /home/subhalaxmi/nidar_ws/install/px4_msgs/include/px4_msgs/px4_msgs/msg/detail/arming_check_request__type_support.hpp\n'}
[18.054333] (px4_msgs) StdoutLine: {'line': b'-- Up-to-date: /home/subhalaxmi/nidar_ws/install/px4_msgs/include/px4_msgs/px4_msgs/msg/detail/landing_target_innovations__type_support.hpp\n'}
[18.054776] (-) TimerEvent: {}
[18.055051] (px4_msgs) StdoutLine: {'line': b'-- Up-to-date: /home/subhalaxmi/nidar_ws/install/px4_msgs/include/px4_msgs/px4_msgs/msg/detail/follow_target_status__builder.hpp\n'}
[18.055452] (px4_msgs) StdoutLine: {'line': b'-- Up-to-date: /home/subhalaxmi/nidar_ws/install/px4_msgs/include/px4_msgs/px4_msgs/msg/detail/actuator_test__traits.hpp\n'}
[18.055682] (px4_msgs) StdoutLine: {'line': b'-- Up-to-date: /home/subhalaxmi/nidar_ws/install/px4_msgs/include/px4_msgs/px4_msgs/msg/detail/estimator_bias3d__traits.hpp\n'}
[18.055874] (px4_msgs) StdoutLine: {'line': b'-- Up-to-date: /home/subhalaxmi/nidar_ws/install/px4_msgs/include/px4_msgs/px4_msgs/msg/detail/failure_detector_status__struct.hpp\n'}
[18.056061] (px4_msgs) StdoutLine: {'line': b'-- Up-to-date: /home/subhalaxmi/nidar_ws/install/px4_msgs/include/px4_msgs/px4_msgs/msg/detail/vehicle_roi__struct.hpp\n'}
[18.056395] (px4_msgs) StdoutLine: {'line': b'-- Up-to-date: /home/subhalaxmi/nidar_ws/install/px4_msgs/include/px4_msgs/px4_msgs/msg/detail/mission_result__struct.hpp\n'}
[18.056652] (px4_msgs) StdoutLine: {'line': b'-- Up-to-date: /home/subhalaxmi/nidar_ws/install/px4_msgs/include/px4_msgs/px4_msgs/msg/detail/action_request__builder.hpp\n'}
[18.056988] (px4_msgs) StdoutLine: {'line': b'-- Up-to-date: /home/subhalaxmi/nidar_ws/install/px4_msgs/include/px4_msgs/px4_msgs/msg/detail/mission__struct.hpp\n'}
[18.057254] (px4_msgs) StdoutLine: {'line': b'-- Up-to-date: /home/subhalaxmi/nidar_ws/install/px4_msgs/include/px4_msgs/px4_msgs/msg/detail/figure_eight_status__builder.hpp\n'}
[18.057538] (px4_msgs) StdoutLine: {'line': b'-- Up-to-date: /home/subhalaxmi/nidar_ws/install/px4_msgs/include/px4_msgs/px4_msgs/msg/detail/vtx__traits.hpp\n'}
[18.057908] (px4_msgs) StdoutLine: {'line': b'-- Up-to-date: /home/subhalaxmi/nidar_ws/install/px4_msgs/include/px4_msgs/px4_msgs/msg/detail/gain_compression__struct.hpp\n'}
[18.058331] (px4_msgs) StdoutLine: {'line': b'-- Up-to-date: /home/subhalaxmi/nidar_ws/install/px4_msgs/include/px4_msgs/px4_msgs/msg/detail/orb_test_large__traits.hpp\n'}
[18.058723] (px4_msgs) StdoutLine: {'line': b'-- Up-to-date: /home/subhalaxmi/nidar_ws/install/px4_msgs/include/px4_msgs/px4_msgs/msg/detail/fixed_wing_longitudinal_setpoint__builder.hpp\n'}
[18.059077] (px4_msgs) StdoutLine: {'line': b'-- Up-to-date: /home/subhalaxmi/nidar_ws/install/px4_msgs/include/px4_msgs/px4_msgs/msg/detail/launch_detection_status__type_support.hpp\n'}
[18.060415] (px4_msgs) StdoutLine: {'line': b'-- Up-to-date: /home/subhalaxmi/nidar_ws/install/px4_msgs/include/px4_msgs/px4_msgs/msg/detail/launch_detection_status__struct.hpp\n'}
[18.060723] (px4_msgs) StdoutLine: {'line': b'-- Up-to-date: /home/subhalaxmi/nidar_ws/install/px4_msgs/include/px4_msgs/px4_msgs/msg/detail/input_rc__struct.hpp\n'}
[18.060968] (px4_msgs) StdoutLine: {'line': b'-- Up-to-date: /home/subhalaxmi/nidar_ws/install/px4_msgs/include/px4_msgs/px4_msgs/msg/detail/raptor_input__traits.hpp\n'}
[18.063323] (px4_msgs) StdoutLine: {'line': b'-- Up-to-date: /home/subhalaxmi/nidar_ws/install/px4_msgs/include/px4_msgs/px4_msgs/msg/detail/position_controller_landing_status__struct.hpp\n'}
[18.063564] (px4_msgs) StdoutLine: {'line': b'-- Up-to-date: /home/subhalaxmi/nidar_ws/install/px4_msgs/include/px4_msgs/px4_msgs/msg/detail/timesync_status__builder.hpp\n'}
[18.063766] (px4_msgs) StdoutLine: {'line': b'-- Up-to-date: /home/subhalaxmi/nidar_ws/install/px4_msgs/include/px4_msgs/px4_msgs/msg/detail/sensors_status__traits.hpp\n'}
[18.064004] (px4_msgs) StdoutLine: {'line': b'-- Up-to-date: /home/subhalaxmi/nidar_ws/install/px4_msgs/include/px4_msgs/px4_msgs/msg/detail/qshell_req__builder.hpp\n'}
[18.064377] (px4_msgs) StdoutLine: {'line': b'-- Up-to-date: /home/subhalaxmi/nidar_ws/install/px4_msgs/include/px4_msgs/px4_msgs/msg/detail/onboard_computer_status__type_support.hpp\n'}
[18.064592] (px4_msgs) StdoutLine: {'line': b'-- Up-to-date: /home/subhalaxmi/nidar_ws/install/px4_msgs/include/px4_msgs/px4_msgs/msg/detail/actuator_outputs__traits.hpp\n'}
[18.064774] (px4_msgs) StdoutLine: {'line': b'-- Up-to-date: /home/subhalaxmi/nidar_ws/install/px4_msgs/include/px4_msgs/px4_msgs/msg/detail/arming_check_reply__type_support.hpp\n'}
[18.064955] (px4_msgs) StdoutLine: {'line': b'-- Up-to-date: /home/subhalaxmi/nidar_ws/install/px4_msgs/include/px4_msgs/px4_msgs/msg/detail/wheel_encoders__struct.hpp\n'}
[18.065145] (px4_msgs) StdoutLine: {'line': b'-- Up-to-date: /home/subhalaxmi/nidar_ws/install/px4_msgs/include/px4_msgs/px4_msgs/msg/detail/vtx__builder.hpp\n'}
[18.065354] (px4_msgs) StdoutLine: {'line': b'-- Up-to-date: /home/subhalaxmi/nidar_ws/install/px4_msgs/include/px4_msgs/px4_msgs/msg/detail/sensor_gnss_status__struct.hpp\n'}
[18.065534] (px4_msgs) StdoutLine: {'line': b'-- Up-to-date: /home/subhalaxmi/nidar_ws/install/px4_msgs/include/px4_msgs/px4_msgs/msg/detail/figure_eight_status__traits.hpp\n'}
[18.065800] (px4_msgs) StdoutLine: {'line': b'-- Up-to-date: /home/subhalaxmi/nidar_ws/install/px4_msgs/include/px4_msgs/px4_msgs/msg/detail/autotune_attitude_control_status__type_support.hpp\n'}
[18.065987] (px4_msgs) StdoutLine: {'line': b'-- Up-to-date: /home/subhalaxmi/nidar_ws/install/px4_msgs/include/px4_msgs/px4_msgs/msg/detail/gpio_out__struct.hpp\n'}
[18.069183] (px4_msgs) StdoutLine: {'line': b'-- Up-to-date: /home/subhalaxmi/nidar_ws/install/px4_msgs/include/px4_msgs/px4_msgs/msg/detail/home_position__struct.hpp\n'}
[18.069642] (px4_msgs) StdoutLine: {'line': b'-- Up-to-date: /home/subhalaxmi/nidar_ws/install/px4_msgs/include/px4_msgs/px4_msgs/msg/detail/launch_detection_status__builder.hpp\n'}
[18.069854] (px4_msgs) StdoutLine: {'line': b'-- Up-to-date: /home/subhalaxmi/nidar_ws/install/px4_msgs/include/px4_msgs/px4_msgs/msg/detail/actuator_motors__type_support.hpp\n'}
[18.070070] (px4_msgs) StdoutLine: {'line': b'-- Up-to-date: /home/subhalaxmi/nidar_ws/install/px4_msgs/include/px4_msgs/px4_msgs/msg/detail/can_interface_status__builder.hpp\n'}
[18.070364] (px4_msgs) StdoutLine: {'line': b'-- Up-to-date: /home/subhalaxmi/nidar_ws/install/px4_msgs/include/px4_msgs/px4_msgs/msg/detail/vehicle_angular_velocity__builder.hpp\n'}
[18.070562] (px4_msgs) StdoutLine: {'line': b'-- Up-to-date: /home/subhalaxmi/nidar_ws/install/px4_msgs/include/px4_msgs/px4_msgs/msg/detail/button_event__type_support.hpp\n'}
[18.070986] (px4_msgs) StdoutLine: {'line': b'-- Up-to-date: /home/subhalaxmi/nidar_ws/install/px4_msgs/include/px4_msgs/px4_msgs/msg/detail/led_control__type_support.hpp\n'}
[18.071220] (px4_msgs) StdoutLine: {'line': b'-- Up-to-date: /home/subhalaxmi/nidar_ws/install/px4_msgs/include/px4_msgs/px4_msgs/msg/detail/input_rc__type_support.hpp\n'}
[18.071438] (px4_msgs) StdoutLine: {'line': b'-- Up-to-date: /home/subhalaxmi/nidar_ws/install/px4_msgs/include/px4_msgs/px4_msgs/msg/detail/sensor_gyro_fifo__struct.hpp\n'}
[18.071636] (px4_msgs) StdoutLine: {'line': b'-- Up-to-date: /home/subhalaxmi/nidar_ws/install/px4_msgs/include/px4_msgs/px4_msgs/msg/detail/actuator_motors__traits.hpp\n'}
[18.071811] (px4_msgs) StdoutLine: {'line': b'-- Up-to-date: /home/subhalaxmi/nidar_ws/install/px4_msgs/include/px4_msgs/px4_msgs/msg/detail/vehicle_optical_flow__builder.hpp\n'}
[18.071990] (px4_msgs) StdoutLine: {'line': b'-- Up-to-date: /home/subhalaxmi/nidar_ws/install/px4_msgs/include/px4_msgs/px4_msgs/msg/detail/sensor_accel__traits.hpp\n'}
[18.075410] (px4_msgs) StdoutLine: {'line': b'-- Up-to-date: /home/subhalaxmi/nidar_ws/install/px4_msgs/include/px4_msgs/px4_msgs/msg/detail/ulog_stream__builder.hpp\n'}
[18.075930] (px4_msgs) StdoutLine: {'line': b'-- Up-to-date: /home/subhalaxmi/nidar_ws/install/px4_msgs/include/px4_msgs/px4_msgs/msg/detail/open_drone_id_arm_status__type_support.hpp\n'}
[18.076198] (px4_msgs) StdoutLine: {'line': b'-- Up-to-date: /home/subhalaxmi/nidar_ws/install/px4_msgs/include/px4_msgs/px4_msgs/msg/detail/mavlink_log__type_support.hpp\n'}
[18.076436] (px4_msgs) StdoutLine: {'line': b'-- Up-to-date: /home/subhalaxmi/nidar_ws/install/px4_msgs/include/px4_msgs/px4_msgs/msg/detail/vehicle_command_ack__traits.hpp\n'}
[18.076676] (px4_msgs) StdoutLine: {'line': b'-- Up-to-date: /home/subhalaxmi/nidar_ws/install/px4_msgs/include/px4_msgs/px4_msgs/msg/detail/estimator_aid_source1d__type_support.hpp\n'}
[18.076910] (px4_msgs) StdoutLine: {'line': b'-- Up-to-date: /home/subhalaxmi/nidar_ws/install/px4_msgs/include/px4_msgs/px4_msgs/msg/detail/esc_status__type_support.hpp\n'}
[18.077155] (px4_msgs) StdoutLine: {'line': b'-- Up-to-date: /home/subhalaxmi/nidar_ws/install/px4_msgs/include/px4_msgs/px4_msgs/msg/detail/heater_status__builder.hpp\n'}
[18.077406] (px4_msgs) StdoutLine: {'line': b'-- Up-to-date: /home/subhalaxmi/nidar_ws/install/px4_msgs/include/px4_msgs/px4_msgs/msg/detail/gimbal_manager_set_manual_control__traits.hpp\n'}
[18.077980] (px4_msgs) StdoutLine: {'line': b'-- Up-to-date: /home/subhalaxmi/nidar_ws/install/px4_msgs/include/px4_msgs/px4_msgs/msg/detail/actuator_outputs__builder.hpp\n'}
[18.078426] (px4_msgs) StdoutLine: {'line': b'-- Up-to-date: /home/subhalaxmi/nidar_ws/install/px4_msgs/include/px4_msgs/px4_msgs/msg/detail/ping__traits.hpp\n'}
[18.078631] (px4_msgs) StdoutLine: {'line': b'-- Up-to-date: /home/subhalaxmi/nidar_ws/install/px4_msgs/include/px4_msgs/px4_msgs/msg/detail/parameter_set_value_request__builder.hpp\n'}
[18.078873] (px4_msgs) StdoutLine: {'line': b'-- Up-to-date: /home/subhalaxmi/nidar_ws/install/px4_msgs/include/px4_msgs/px4_msgs/msg/detail/rover_rate_setpoint__traits.hpp\n'}
[18.079063] (px4_msgs) StdoutLine: {'line': b'-- Up-to-date: /home/subhalaxmi/nidar_ws/install/px4_msgs/include/px4_msgs/px4_msgs/msg/detail/sensor_mag__traits.hpp\n'}
[18.079352] (px4_msgs) StdoutLine: {'line': b'-- Up-to-date: /home/subhalaxmi/nidar_ws/install/px4_msgs/include/px4_msgs/px4_msgs/msg/detail/vehicle_local_position__type_support.hpp\n'}
[18.083162] (px4_msgs) StdoutLine: {'line': b'-- Up-to-date: /home/subhalaxmi/nidar_ws/install/px4_msgs/include/px4_msgs/px4_msgs/msg/detail/sensor_gnss_relative__type_support.hpp\n'}
[18.083623] (px4_msgs) StdoutLine: {'line': b'-- Up-to-date: /home/subhalaxmi/nidar_ws/install/px4_msgs/include/px4_msgs/px4_msgs/msg/detail/vehicle_attitude__traits.hpp\n'}
[18.083858] (px4_msgs) StdoutLine: {'line': b'-- Up-to-date: /home/subhalaxmi/nidar_ws/install/px4_msgs/include/px4_msgs/px4_msgs/msg/detail/follow_target_estimator__builder.hpp\n'}
[18.084157] (px4_msgs) StdoutLine: {'line': b'-- Up-to-date: /home/subhalaxmi/nidar_ws/install/px4_msgs/include/px4_msgs/px4_msgs/msg/detail/position_setpoint__type_support.hpp\n'}
[18.084564] (px4_msgs) StdoutLine: {'line': b'-- Up-to-date: /home/subhalaxmi/nidar_ws/install/px4_msgs/include/px4_msgs/px4_msgs/msg/detail/rate_ctrl_status__struct.hpp\n'}
[18.084815] (px4_msgs) StdoutLine: {'line': b'-- Up-to-date: /home/subhalaxmi/nidar_ws/install/px4_msgs/include/px4_msgs/px4_msgs/msg/detail/parameter_reset_request__struct.hpp\n'}
[18.085001] (px4_msgs) StdoutLine: {'line': b'-- Up-to-date: /home/subhalaxmi/nidar_ws/install/px4_msgs/include/px4_msgs/px4_msgs/msg/detail/sensor_selection__traits.hpp\n'}
[18.085221] (px4_msgs) StdoutLine: {'line': b'-- Up-to-date: /home/subhalaxmi/nidar_ws/install/px4_msgs/include/px4_msgs/px4_msgs/msg/detail/config_overrides__struct.hpp\n'}
[18.085445] (px4_msgs) StdoutLine: {'line': b'-- Up-to-date: /home/subhalaxmi/nidar_ws/install/px4_msgs/include/px4_msgs/px4_msgs/msg/detail/gpio_in__builder.hpp\n'}
[18.085672] (px4_msgs) StdoutLine: {'line': b'-- Up-to-date: /home/subhalaxmi/nidar_ws/install/px4_msgs/include/px4_msgs/px4_msgs/msg/detail/sensor_gps__builder.hpp\n'}
[18.085904] (px4_msgs) StdoutLine: {'line': b'-- Up-to-date: /home/subhalaxmi/nidar_ws/install/px4_msgs/include/px4_msgs/px4_msgs/msg/detail/parameter_update__builder.hpp\n'}
[18.086152] (px4_msgs) StdoutLine: {'line': b'-- Up-to-date: /home/subhalaxmi/nidar_ws/install/px4_msgs/include/px4_msgs/px4_msgs/msg/detail/dataman_request__builder.hpp\n'}
[18.086553] (px4_msgs) StdoutLine: {'line': b'-- Up-to-date: /home/subhalaxmi/nidar_ws/install/px4_msgs/include/px4_msgs/px4_msgs/msg/detail/goto_setpoint__traits.hpp\n'}
[18.087034] (px4_msgs) StdoutLine: {'line': b'-- Up-to-date: /home/subhalaxmi/nidar_ws/install/px4_msgs/include/px4_msgs/px4_msgs/msg/detail/follow_target_estimator__struct.hpp\n'}
[18.087527] (px4_msgs) StdoutLine: {'line': b'-- Up-to-date: /home/subhalaxmi/nidar_ws/install/px4_msgs/include/px4_msgs/px4_msgs/msg/detail/position_setpoint__traits.hpp\n'}
[18.088208] (px4_msgs) StdoutLine: {'line': b'-- Up-to-date: /home/subhalaxmi/nidar_ws/install/px4_msgs/include/px4_msgs/px4_msgs/msg/detail/longitudinal_control_configuration__builder.hpp\n'}
[18.088447] (px4_msgs) StdoutLine: {'line': b'-- Up-to-date: /home/subhalaxmi/nidar_ws/install/px4_msgs/include/px4_msgs/px4_msgs/msg/detail/debug_array__traits.hpp\n'}
[18.088638] (px4_msgs) StdoutLine: {'line': b'-- Up-to-date: /home/subhalaxmi/nidar_ws/install/px4_msgs/include/px4_msgs/px4_msgs/msg/detail/fixed_wing_runway_control__builder.hpp\n'}
[18.088813] (px4_msgs) StdoutLine: {'line': b'-- Up-to-date: /home/subhalaxmi/nidar_ws/install/px4_msgs/include/px4_msgs/px4_msgs/msg/detail/airspeed_wind__builder.hpp\n'}
[18.088994] (px4_msgs) StdoutLine: {'line': b'-- Up-to-date: /home/subhalaxmi/nidar_ws/install/px4_msgs/include/px4_msgs/px4_msgs/msg/detail/estimator_sensor_bias__type_support.hpp\n'}
[18.093272] (px4_msgs) StdoutLine: {'line': b'-- Up-to-date: /home/subhalaxmi/nidar_ws/install/px4_msgs/include/px4_msgs/px4_msgs/msg/detail/rover_position_setpoint__traits.hpp\n'}
[18.093583] (px4_msgs) StdoutLine: {'line': b'-- Up-to-date: /home/subhalaxmi/nidar_ws/install/px4_msgs/include/px4_msgs/px4_msgs/msg/detail/landing_target_innovations__builder.hpp\n'}
[18.093821] (px4_msgs) StdoutLine: {'line': b'-- Up-to-date: /home/subhalaxmi/nidar_ws/install/px4_msgs/include/px4_msgs/px4_msgs/msg/detail/vehicle_global_position__builder.hpp\n'}
[18.094028] (px4_msgs) StdoutLine: {'line': b'-- Up-to-date: /home/subhalaxmi/nidar_ws/install/px4_msgs/include/px4_msgs/px4_msgs/msg/detail/message_format_response__builder.hpp\n'}
[18.094276] (px4_msgs) StdoutLine: {'line': b'-- Up-to-date: /home/subhalaxmi/nidar_ws/install/px4_msgs/include/px4_msgs/px4_msgs/msg/detail/tiltrotor_extra_controls__struct.hpp\n'}
[18.094484] (px4_msgs) StdoutLine: {'line': b'-- Up-to-date: /home/subhalaxmi/nidar_ws/install/px4_msgs/include/px4_msgs/px4_msgs/msg/detail/vehicle_control_mode__builder.hpp\n'}
[18.094682] (px4_msgs) StdoutLine: {'line': b'-- Up-to-date: /home/subhalaxmi/nidar_ws/install/px4_msgs/include/px4_msgs/px4_msgs/msg/detail/vehicle_optical_flow_vel__traits.hpp\n'}
[18.094879] (px4_msgs) StdoutLine: {'line': b'-- Up-to-date: /home/subhalaxmi/nidar_ws/install/px4_msgs/include/px4_msgs/px4_msgs/msg/detail/gps_dump__type_support.hpp\n'}
[18.095100] (px4_msgs) StdoutLine: {'line': b'-- Up-to-date: /home/subhalaxmi/nidar_ws/install/px4_msgs/include/px4_msgs/px4_msgs/msg/detail/rpm__traits.hpp\n'}
[18.095675] (px4_msgs) StdoutLine: {'line': b'-- Up-to-date: /home/subhalaxmi/nidar_ws/install/px4_msgs/include/px4_msgs/px4_msgs/msg/detail/battery_status__struct.hpp\n'}
[18.095926] (px4_msgs) StdoutLine: {'line': b'-- Up-to-date: /home/subhalaxmi/nidar_ws/install/px4_msgs/include/px4_msgs/px4_msgs/msg/detail/sensor_selection__type_support.hpp\n'}
[18.096152] (px4_msgs) StdoutLine: {'line': b'-- Up-to-date: /home/subhalaxmi/nidar_ws/install/px4_msgs/include/px4_msgs/px4_msgs/msg/detail/mission__traits.hpp\n'}
[18.096389] (px4_msgs) StdoutLine: {'line': b'-- Up-to-date: /home/subhalaxmi/nidar_ws/install/px4_msgs/include/px4_msgs/px4_msgs/msg/detail/system_power__traits.hpp\n'}
[18.099253] (px4_msgs) StdoutLine: {'line': b'-- Up-to-date: /home/subhalaxmi/nidar_ws/install/px4_msgs/include/px4_msgs/px4_msgs/msg/detail/tecs_status__traits.hpp\n'}
[18.099594] (px4_msgs) StdoutLine: {'line': b'-- Up-to-date: /home/subhalaxmi/nidar_ws/install/px4_msgs/include/px4_msgs/px4_msgs/msg/detail/telemetry_status__struct.hpp\n'}
[18.099812] (px4_msgs) StdoutLine: {'line': b'-- Up-to-date: /home/subhalaxmi/nidar_ws/install/px4_msgs/include/px4_msgs/px4_msgs/msg/detail/vehicle_control_mode__struct.hpp\n'}
[18.100046] (px4_msgs) StdoutLine: {'line': b'-- Up-to-date: /home/subhalaxmi/nidar_ws/install/px4_msgs/include/px4_msgs/px4_msgs/msg/detail/power_button_state__traits.hpp\n'}
[18.100383] (px4_msgs) StdoutLine: {'line': b'-- Up-to-date: /home/subhalaxmi/nidar_ws/install/px4_msgs/include/px4_msgs/px4_msgs/msg/detail/parameter_set_value_request__type_support.hpp\n'}
[18.100603] (px4_msgs) StdoutLine: {'line': b'-- Up-to-date: /home/subhalaxmi/nidar_ws/install/px4_msgs/include/px4_msgs/px4_msgs/msg/detail/actuator_servos__type_support.hpp\n'}
[18.100804] (px4_msgs) StdoutLine: {'line': b'-- Up-to-date: /home/subhalaxmi/nidar_ws/install/px4_msgs/include/px4_msgs/px4_msgs/msg/detail/sensor_optical_flow__traits.hpp\n'}
[18.101010] (px4_msgs) StdoutLine: {'line': b'-- Up-to-date: /home/subhalaxmi/nidar_ws/install/px4_msgs/include/px4_msgs/px4_msgs/msg/detail/internal_combustion_engine_control__struct.hpp\n'}
[18.101255] (px4_msgs) StdoutLine: {'line': b'-- Up-to-date: /home/subhalaxmi/nidar_ws/install/px4_msgs/include/px4_msgs/px4_msgs/msg/detail/mag_worker_data__builder.hpp\n'}
[18.101464] (px4_msgs) StdoutLine: {'line': b'-- Up-to-date: /home/subhalaxmi/nidar_ws/install/px4_msgs/include/px4_msgs/px4_msgs/msg/detail/vehicle_local_position__builder.hpp\n'}
[18.103346] (px4_msgs) StdoutLine: {'line': b'-- Up-to-date: /home/subhalaxmi/nidar_ws/install/px4_msgs/include/px4_msgs/px4_msgs/msg/detail/distance_sensor__type_support.hpp\n'}
[18.103815] (px4_msgs) StdoutLine: {'line': b'-- Up-to-date: /home/subhalaxmi/nidar_ws/install/px4_msgs/include/px4_msgs/px4_msgs/msg/detail/fixed_wing_lateral_status__type_support.hpp\n'}
[18.104026] (px4_msgs) StdoutLine: {'line': b'-- Up-to-date: /home/subhalaxmi/nidar_ws/install/px4_msgs/include/px4_msgs/px4_msgs/msg/detail/sensor_gps__traits.hpp\n'}
[18.104275] (px4_msgs) StdoutLine: {'line': b'-- Up-to-date: /home/subhalaxmi/nidar_ws/install/px4_msgs/include/px4_msgs/px4_msgs/msg/detail/rover_attitude_setpoint__traits.hpp\n'}
[18.104515] (px4_msgs) StdoutLine: {'line': b'-- Up-to-date: /home/subhalaxmi/nidar_ws/install/px4_msgs/include/px4_msgs/px4_msgs/msg/detail/mission__builder.hpp\n'}
[18.104716] (px4_msgs) StdoutLine: {'line': b'-- Up-to-date: /home/subhalaxmi/nidar_ws/install/px4_msgs/include/px4_msgs/px4_msgs/msg/detail/estimator_innovations__builder.hpp\n'}
[18.104912] (px4_msgs) StdoutLine: {'line': b'-- Up-to-date: /home/subhalaxmi/nidar_ws/install/px4_msgs/include/px4_msgs/px4_msgs/msg/detail/open_drone_id_system__builder.hpp\n'}
[18.105125] (px4_msgs) StdoutLine: {'line': b'-- Up-to-date: /home/subhalaxmi/nidar_ws/install/px4_msgs/include/px4_msgs/px4_msgs/msg/detail/battery_info__builder.hpp\n'}
[18.105366] (px4_msgs) StdoutLine: {'line': b'-- Up-to-date: /home/subhalaxmi/nidar_ws/install/px4_msgs/include/px4_msgs/px4_msgs/msg/detail/pure_pursuit_status__builder.hpp\n'}
[18.105565] (px4_msgs) StdoutLine: {'line': b'-- Up-to-date: /home/subhalaxmi/nidar_ws/install/px4_msgs/include/px4_msgs/px4_msgs/msg/detail/gimbal_device_attitude_status__type_support.hpp\n'}
[18.105765] (px4_msgs) StdoutLine: {'line': b'-- Up-to-date: /home/subhalaxmi/nidar_ws/install/px4_msgs/include/px4_msgs/px4_msgs/msg/detail/actuator_test__type_support.hpp\n'}
[18.105960] (px4_msgs) StdoutLine: {'line': b'-- Up-to-date: /home/subhalaxmi/nidar_ws/install/px4_msgs/include/px4_msgs/px4_msgs/msg/detail/generator_status__struct.hpp\n'}
[18.109099] (px4_msgs) StdoutLine: {'line': b'-- Up-to-date: /home/subhalaxmi/nidar_ws/install/px4_msgs/include/px4_msgs/px4_msgs/msg/detail/vehicle_angular_velocity__struct.hpp\n'}
[18.109641] (px4_msgs) StdoutLine: {'line': b'-- Up-to-date: /home/subhalaxmi/nidar_ws/install/px4_msgs/include/px4_msgs/px4_msgs/msg/detail/sensor_gyro_fft__builder.hpp\n'}
[18.109862] (px4_msgs) StdoutLine: {'line': b'-- Up-to-date: /home/subhalaxmi/nidar_ws/install/px4_msgs/include/px4_msgs/px4_msgs/msg/detail/pwm_input__builder.hpp\n'}
[18.110048] (px4_msgs) StdoutLine: {'line': b'-- Up-to-date: /home/subhalaxmi/nidar_ws/install/px4_msgs/include/px4_msgs/px4_msgs/msg/detail/dataman_request__type_support.hpp\n'}
[18.110265] (px4_msgs) StdoutLine: {'line': b'-- Up-to-date: /home/subhalaxmi/nidar_ws/install/px4_msgs/include/px4_msgs/px4_msgs/msg/detail/landing_target_pose__struct.hpp\n'}
[18.110947] (px4_msgs) StdoutLine: {'line': b'-- Up-to-date: /home/subhalaxmi/nidar_ws/install/px4_msgs/include/px4_msgs/px4_msgs/msg/detail/vehicle_attitude__builder.hpp\n'}
[18.112249] (px4_msgs) StdoutLine: {'line': b'-- Up-to-date: /home/subhalaxmi/nidar_ws/install/px4_msgs/include/px4_msgs/px4_msgs/msg/detail/raptor_status__struct.hpp\n'}
[18.112649] (px4_msgs) StdoutLine: {'line': b'-- Up-to-date: /home/subhalaxmi/nidar_ws/install/px4_msgs/include/px4_msgs/px4_msgs/msg/detail/vehicle_attitude__struct.hpp\n'}
[18.112892] (px4_msgs) StdoutLine: {'line': b'-- Up-to-date: /home/subhalaxmi/nidar_ws/install/px4_msgs/include/px4_msgs/px4_msgs/msg/detail/heater_status__type_support.hpp\n'}
[18.113093] (px4_msgs) StdoutLine: {'line': b'-- Up-to-date: /home/subhalaxmi/nidar_ws/install/px4_msgs/include/px4_msgs/px4_msgs/msg/detail/fixed_wing_lateral_status__struct.hpp\n'}
[18.113338] (px4_msgs) StdoutLine: {'line': b'-- Up-to-date: /home/subhalaxmi/nidar_ws/install/px4_msgs/include/px4_msgs/px4_msgs/msg/detail/lateral_control_configuration__builder.hpp\n'}
[18.113543] (px4_msgs) StdoutLine: {'line': b'-- Up-to-date: /home/subhalaxmi/nidar_ws/install/px4_msgs/include/px4_msgs/px4_msgs/msg/detail/dataman_request__traits.hpp\n'}
[18.113740] (px4_msgs) StdoutLine: {'line': b'-- Up-to-date: /home/subhalaxmi/nidar_ws/install/px4_msgs/include/px4_msgs/px4_msgs/msg/detail/obstacle_distance__traits.hpp\n'}
[18.113935] (px4_msgs) StdoutLine: {'line': b'-- Up-to-date: /home/subhalaxmi/nidar_ws/install/px4_msgs/include/px4_msgs/px4_msgs/msg/detail/sensor_airflow__struct.hpp\n'}
[18.114145] (px4_msgs) StdoutLine: {'line': b'-- Up-to-date: /home/subhalaxmi/nidar_ws/install/px4_msgs/include/px4_msgs/px4_msgs/msg/detail/ping__builder.hpp\n'}
[18.114379] (px4_msgs) StdoutLine: {'line': b'-- Up-to-date: /home/subhalaxmi/nidar_ws/install/px4_msgs/include/px4_msgs/px4_msgs/msg/detail/esc_status__builder.hpp\n'}
[18.114582] (px4_msgs) StdoutLine: {'line': b'-- Up-to-date: /home/subhalaxmi/nidar_ws/install/px4_msgs/include/px4_msgs/px4_msgs/msg/detail/control_allocator_status__traits.hpp\n'}
[18.114783] (px4_msgs) StdoutLine: {'line': b'-- Up-to-date: /home/subhalaxmi/nidar_ws/install/px4_msgs/include/px4_msgs/px4_msgs/msg/detail/power_button_state__builder.hpp\n'}
[18.117258] (px4_msgs) StdoutLine: {'line': b'-- Up-to-date: /home/subhalaxmi/nidar_ws/install/px4_msgs/include/px4_msgs/px4_msgs/msg/detail/estimator_event_flags__type_support.hpp\n'}
[18.117620] (px4_msgs) StdoutLine: {'line': b'-- Up-to-date: /home/subhalaxmi/nidar_ws/install/px4_msgs/include/px4_msgs/px4_msgs/msg/detail/takeoff_status__traits.hpp\n'}
[18.117839] (px4_msgs) StdoutLine: {'line': b'-- Up-to-date: /home/subhalaxmi/nidar_ws/install/px4_msgs/include/px4_msgs/px4_msgs/msg/detail/rover_speed_setpoint__traits.hpp\n'}
[18.118091] (px4_msgs) StdoutLine: {'line': b'-- Up-to-date: /home/subhalaxmi/nidar_ws/install/px4_msgs/include/px4_msgs/px4_msgs/msg/detail/failsafe_flags__builder.hpp\n'}
[18.118591] (px4_msgs) StdoutLine: {'line': b'-- Up-to-date: /home/subhalaxmi/nidar_ws/install/px4_msgs/include/px4_msgs/px4_msgs/msg/detail/power_monitor__struct.hpp\n'}
[18.118894] (px4_msgs) StdoutLine: {'line': b'-- Up-to-date: /home/subhalaxmi/nidar_ws/install/px4_msgs/include/px4_msgs/px4_msgs/msg/detail/battery_info__traits.hpp\n'}
[18.119143] (px4_msgs) StdoutLine: {'line': b'-- Up-to-date: /home/subhalaxmi/nidar_ws/install/px4_msgs/include/px4_msgs/px4_msgs/msg/detail/gimbal_manager_set_attitude__traits.hpp\n'}
[18.121662] (px4_msgs) StdoutLine: {'line': b'-- Up-to-date: /home/subhalaxmi/nidar_ws/install/px4_msgs/include/px4_msgs/px4_msgs/msg/detail/gpio_request__traits.hpp\n'}
[18.121938] (px4_msgs) StdoutLine: {'line': b'-- Up-to-date: /home/subhalaxmi/nidar_ws/install/px4_msgs/include/px4_msgs/px4_msgs/msg/detail/velocity_limits__traits.hpp\n'}
[18.122219] (px4_msgs) StdoutLine: {'line': b'-- Up-to-date: /home/subhalaxmi/nidar_ws/install/px4_msgs/include/px4_msgs/px4_msgs/msg/detail/manual_control_setpoint__builder.hpp\n'}
[18.122553] (px4_msgs) StdoutLine: {'line': b'-- Up-to-date: /home/subhalaxmi/nidar_ws/install/px4_msgs/include/px4_msgs/px4_msgs/msg/detail/differential_pressure__type_support.hpp\n'}
[18.122788] (px4_msgs) StdoutLine: {'line': b'-- Up-to-date: /home/subhalaxmi/nidar_ws/install/px4_msgs/include/px4_msgs/px4_msgs/msg/detail/sensor_combined__traits.hpp\n'}
[18.123013] (px4_msgs) StdoutLine: {'line': b'-- Up-to-date: /home/subhalaxmi/nidar_ws/install/px4_msgs/include/px4_msgs/px4_msgs/msg/detail/unregister_ext_component__traits.hpp\n'}
[18.126774] (px4_msgs) StdoutLine: {'line': b'-- Up-to-date: /home/subhalaxmi/nidar_ws/install/px4_msgs/include/px4_msgs/px4_msgs/msg/detail/gimbal_manager_status__builder.hpp\n'}
[18.127255] (px4_msgs) StdoutLine: {'line': b'-- Up-to-date: /home/subhalaxmi/nidar_ws/install/px4_msgs/include/px4_msgs/px4_msgs/msg/detail/position_setpoint_triplet__type_support.hpp\n'}
[18.128022] (px4_msgs) StdoutLine: {'line': b'-- Up-to-date: /home/subhalaxmi/nidar_ws/install/px4_msgs/include/px4_msgs/px4_msgs/msg/detail/landing_gear__struct.hpp\n'}
[18.131128] (px4_msgs) StdoutLine: {'line': b'-- Up-to-date: /home/subhalaxmi/nidar_ws/install/px4_msgs/include/px4_msgs/px4_msgs/msg/detail/vehicle_magnetometer__builder.hpp\n'}
[18.134401] (px4_msgs) StdoutLine: {'line': b'-- Up-to-date: /home/subhalaxmi/nidar_ws/install/px4_msgs/include/px4_msgs/px4_msgs/msg/detail/power_button_state__type_support.hpp\n'}
[18.134836] (px4_msgs) StdoutLine: {'line': b'-- Up-to-date: /home/subhalaxmi/nidar_ws/install/px4_msgs/include/px4_msgs/px4_msgs/msg/detail/logger_status__struct.hpp\n'}
[18.135228] (px4_msgs) StdoutLine: {'line': b'-- Up-to-date: /home/subhalaxmi/nidar_ws/install/px4_msgs/include/px4_msgs/px4_msgs/msg/detail/landing_gear_wheel__struct.hpp\n'}
[18.135723] (px4_msgs) StdoutLine: {'line': b'-- Up-to-date: /home/subhalaxmi/nidar_ws/install/px4_msgs/include/px4_msgs/px4_msgs/msg/detail/vehicle_command__struct.hpp\n'}
[18.135965] (px4_msgs) StdoutLine: {'line': b'-- Up-to-date: /home/subhalaxmi/nidar_ws/install/px4_msgs/include/px4_msgs/px4_msgs/msg/detail/rover_attitude_status__traits.hpp\n'}
[18.136193] (px4_msgs) StdoutLine: {'line': b'-- Up-to-date: /home/subhalaxmi/nidar_ws/install/px4_msgs/include/px4_msgs/px4_msgs/msg/detail/rover_rate_status__struct.hpp\n'}
[18.138912] (px4_msgs) StdoutLine: {'line': b'-- Up-to-date: /home/subhalaxmi/nidar_ws/install/px4_msgs/include/px4_msgs/px4_msgs/msg/detail/mag_worker_data__type_support.hpp\n'}
[18.139301] (px4_msgs) StdoutLine: {'line': b'-- Up-to-date: /home/subhalaxmi/nidar_ws/install/px4_msgs/include/px4_msgs/px4_msgs/msg/detail/actuator_servos_trim__traits.hpp\n'}
[18.139564] (px4_msgs) StdoutLine: {'line': b'-- Up-to-date: /home/subhalaxmi/nidar_ws/install/px4_msgs/include/px4_msgs/px4_msgs/msg/detail/logger_status__type_support.hpp\n'}
[18.139769] (px4_msgs) StdoutLine: {'line': b'-- Up-to-date: /home/subhalaxmi/nidar_ws/install/px4_msgs/include/px4_msgs/px4_msgs/msg/detail/estimator_bias__type_support.hpp\n'}
[18.139969] (px4_msgs) StdoutLine: {'line': b'-- Up-to-date: /home/subhalaxmi/nidar_ws/install/px4_msgs/include/px4_msgs/px4_msgs/msg/detail/cellular_status__builder.hpp\n'}
[18.140199] (px4_msgs) StdoutLine: {'line': b'-- Up-to-date: /home/subhalaxmi/nidar_ws/install/px4_msgs/include/px4_msgs/px4_msgs/msg/detail/aux_global_position__type_support.hpp\n'}
[18.140704] (px4_msgs) StdoutLine: {'line': b'-- Up-to-date: /home/subhalaxmi/nidar_ws/install/px4_msgs/include/px4_msgs/px4_msgs/msg/detail/generator_status__type_support.hpp\n'}
[18.140922] (px4_msgs) StdoutLine: {'line': b'-- Up-to-date: /home/subhalaxmi/nidar_ws/install/px4_msgs/include/px4_msgs/px4_msgs/msg/detail/home_position__type_support.hpp\n'}
[18.141130] (px4_msgs) StdoutLine: {'line': b'-- Up-to-date: /home/subhalaxmi/nidar_ws/install/px4_msgs/include/px4_msgs/px4_msgs/msg/detail/geofence_status__builder.hpp\n'}
[18.144519] (px4_msgs) StdoutLine: {'line': b'-- Up-to-date: /home/subhalaxmi/nidar_ws/install/px4_msgs/include/px4_msgs/px4_msgs/msg/detail/sensor_airflow__traits.hpp\n'}
[18.144781] (px4_msgs) StdoutLine: {'line': b'-- Up-to-date: /home/subhalaxmi/nidar_ws/install/px4_msgs/include/px4_msgs/px4_msgs/msg/detail/battery_info__type_support.hpp\n'}
[18.144994] (px4_msgs) StdoutLine: {'line': b'-- Up-to-date: /home/subhalaxmi/nidar_ws/install/px4_msgs/include/px4_msgs/px4_msgs/msg/detail/vehicle_thrust_setpoint__traits.hpp\n'}
[18.145240] (px4_msgs) StdoutLine: {'line': b'-- Up-to-date: /home/subhalaxmi/nidar_ws/install/px4_msgs/include/px4_msgs/px4_msgs/msg/detail/sensor_baro__traits.hpp\n'}
[18.145452] (px4_msgs) StdoutLine: {'line': b'-- Up-to-date: /home/subhalaxmi/nidar_ws/install/px4_msgs/include/px4_msgs/px4_msgs/msg/detail/sensor_hygrometer__builder.hpp\n'}
[18.145711] (px4_msgs) StdoutLine: {'line': b'-- Up-to-date: /home/subhalaxmi/nidar_ws/install/px4_msgs/include/px4_msgs/px4_msgs/msg/detail/parameter_reset_request__builder.hpp\n'}
[18.145967] (px4_msgs) StdoutLine: {'line': b'-- Up-to-date: /home/subhalaxmi/nidar_ws/install/px4_msgs/include/px4_msgs/px4_msgs/msg/detail/led_control__traits.hpp\n'}
[18.146332] (px4_msgs) StdoutLine: {'line': b'-- Up-to-date: /home/subhalaxmi/nidar_ws/install/px4_msgs/include/px4_msgs/px4_msgs/msg/detail/action_request__struct.hpp\n'}
[18.146549] (px4_msgs) StdoutLine: {'line': b'-- Up-to-date: /home/subhalaxmi/nidar_ws/install/px4_msgs/include/px4_msgs/px4_msgs/msg/detail/estimator_aid_source2d__type_support.hpp\n'}
[18.146736] (px4_msgs) StdoutLine: {'line': b'-- Up-to-date: /home/subhalaxmi/nidar_ws/install/px4_msgs/include/px4_msgs/px4_msgs/msg/detail/pps_capture__builder.hpp\n'}
[18.146944] (px4_msgs) StdoutLine: {'line': b'-- Up-to-date: /home/subhalaxmi/nidar_ws/install/px4_msgs/include/px4_msgs/px4_msgs/msg/detail/logger_status__builder.hpp\n'}
[18.147156] (px4_msgs) StdoutLine: {'line': b'-- Up-to-date: /home/subhalaxmi/nidar_ws/install/px4_msgs/include/px4_msgs/px4_msgs/msg/detail/vehicle_odometry__traits.hpp\n'}
[18.147380] (px4_msgs) StdoutLine: {'line': b'-- Up-to-date: /home/subhalaxmi/nidar_ws/install/px4_msgs/include/px4_msgs/px4_msgs/msg/detail/rover_position_setpoint__type_support.hpp\n'}
[18.147569] (px4_msgs) StdoutLine: {'line': b'-- Up-to-date: /home/subhalaxmi/nidar_ws/install/px4_msgs/include/px4_msgs/px4_msgs/msg/detail/gpio_in__struct.hpp\n'}
[18.147762] (px4_msgs) StdoutLine: {'line': b'-- Up-to-date: /home/subhalaxmi/nidar_ws/install/px4_msgs/include/px4_msgs/px4_msgs/msg/detail/control_allocator_status__type_support.hpp\n'}
[18.147958] (px4_msgs) StdoutLine: {'line': b'-- Up-to-date: /home/subhalaxmi/nidar_ws/install/px4_msgs/include/px4_msgs/px4_msgs/msg/detail/open_drone_id_operator_id__builder.hpp\n'}
[18.148212] (px4_msgs) StdoutLine: {'line': b'-- Up-to-date: /home/subhalaxmi/nidar_ws/install/px4_msgs/include/px4_msgs/px4_msgs/msg/detail/estimator_bias__traits.hpp\n'}
[18.148431] (px4_msgs) StdoutLine: {'line': b'-- Up-to-date: /home/subhalaxmi/nidar_ws/install/px4_msgs/include/px4_msgs/px4_msgs/msg/detail/follow_target_estimator__traits.hpp\n'}
[18.148636] (px4_msgs) StdoutLine: {'line': b'-- Up-to-date: /home/subhalaxmi/nidar_ws/install/px4_msgs/include/px4_msgs/px4_msgs/msg/detail/velocity_limits__builder.hpp\n'}
[18.148828] (px4_msgs) StdoutLine: {'line': b'-- Up-to-date: /home/subhalaxmi/nidar_ws/install/px4_msgs/include/px4_msgs/px4_msgs/msg/detail/mavlink_tunnel__struct.hpp\n'}
[18.149024] (px4_msgs) StdoutLine: {'line': b'-- Up-to-date: /home/subhalaxmi/nidar_ws/install/px4_msgs/include/px4_msgs/px4_msgs/msg/detail/takeoff_status__type_support.hpp\n'}
[18.152533] (px4_msgs) StdoutLine: {'line': b'-- Up-to-date: /home/subhalaxmi/nidar_ws/install/px4_msgs/include/px4_msgs/px4_msgs/msg/detail/flight_phase_estimation__builder.hpp\n'}
[18.152772] (px4_msgs) StdoutLine: {'line': b'-- Up-to-date: /home/subhalaxmi/nidar_ws/install/px4_msgs/include/px4_msgs/px4_msgs/msg/detail/home_position__traits.hpp\n'}
[18.153007] (px4_msgs) StdoutLine: {'line': b'-- Up-to-date: /home/subhalaxmi/nidar_ws/install/px4_msgs/include/px4_msgs/px4_msgs/msg/detail/actuator_servos__struct.hpp\n'}
[18.153318] (px4_msgs) StdoutLine: {'line': b'-- Up-to-date: /home/subhalaxmi/nidar_ws/install/px4_msgs/include/px4_msgs/px4_msgs/msg/detail/navigator_status__type_support.hpp\n'}
[18.153518] (px4_msgs) StdoutLine: {'line': b'-- Up-to-date: /home/subhalaxmi/nidar_ws/install/px4_msgs/include/px4_msgs/px4_msgs/msg/detail/parameter_reset_request__traits.hpp\n'}
[18.155317] (-) TimerEvent: {}
[18.155585] (px4_msgs) StdoutLine: {'line': b'-- Up-to-date: /home/subhalaxmi/nidar_ws/install/px4_msgs/include/px4_msgs/px4_msgs/msg/detail/rpm__type_support.hpp\n'}
[18.155999] (px4_msgs) StdoutLine: {'line': b'-- Up-to-date: /home/subhalaxmi/nidar_ws/install/px4_msgs/include/px4_msgs/px4_msgs/msg/detail/magnetometer_bias_estimate__struct.hpp\n'}
[18.156364] (px4_msgs) StdoutLine: {'line': b'-- Up-to-date: /home/subhalaxmi/nidar_ws/install/px4_msgs/include/px4_msgs/px4_msgs/msg/detail/can_interface_status__traits.hpp\n'}
[18.156650] (px4_msgs) StdoutLine: {'line': b'-- Up-to-date: /home/subhalaxmi/nidar_ws/install/px4_msgs/include/px4_msgs/px4_msgs/msg/detail/normalized_unsigned_setpoint__traits.hpp\n'}
[18.156849] (px4_msgs) StdoutLine: {'line': b'-- Up-to-date: /home/subhalaxmi/nidar_ws/install/px4_msgs/include/px4_msgs/px4_msgs/msg/detail/yaw_estimator_status__traits.hpp\n'}
[18.157067] (px4_msgs) StdoutLine: {'line': b'-- Up-to-date: /home/subhalaxmi/nidar_ws/install/px4_msgs/include/px4_msgs/px4_msgs/msg/detail/distance_sensor__struct.hpp\n'}
[18.158760] (px4_msgs) StdoutLine: {'line': b'-- Up-to-date: /home/subhalaxmi/nidar_ws/install/px4_msgs/include/px4_msgs/px4_msgs/msg/detail/estimator_event_flags__builder.hpp\n'}
[18.159092] (px4_msgs) StdoutLine: {'line': b'-- Up-to-date: /home/subhalaxmi/nidar_ws/install/px4_msgs/include/px4_msgs/px4_msgs/msg/detail/debug_value__struct.hpp\n'}
[18.159411] (px4_msgs) StdoutLine: {'line': b'-- Up-to-date: /home/subhalaxmi/nidar_ws/install/px4_msgs/include/px4_msgs/px4_msgs/msg/detail/rover_attitude_setpoint__struct.hpp\n'}
[18.159654] (px4_msgs) StdoutLine: {'line': b'-- Up-to-date: /home/subhalaxmi/nidar_ws/install/px4_msgs/include/px4_msgs/px4_msgs/msg/detail/iridiumsbd_status__struct.hpp\n'}
[18.159872] (px4_msgs) StdoutLine: {'line': b'-- Up-to-date: /home/subhalaxmi/nidar_ws/install/px4_msgs/include/px4_msgs/px4_msgs/msg/detail/device_information__struct.hpp\n'}
[18.160099] (px4_msgs) StdoutLine: {'line': b'-- Up-to-date: /home/subhalaxmi/nidar_ws/install/px4_msgs/include/px4_msgs/px4_msgs/msg/detail/aux_global_position__builder.hpp\n'}
[18.160465] (px4_msgs) StdoutLine: {'line': b'-- Up-to-date: /home/subhalaxmi/nidar_ws/install/px4_msgs/include/px4_msgs/px4_msgs/msg/detail/lateral_control_configuration__traits.hpp\n'}
[18.160769] (px4_msgs) StdoutLine: {'line': b'-- Up-to-date: /home/subhalaxmi/nidar_ws/install/px4_msgs/include/px4_msgs/px4_msgs/msg/detail/onboard_computer_status__builder.hpp\n'}
[18.161017] (px4_msgs) StdoutLine: {'line': b'-- Up-to-date: /home/subhalaxmi/nidar_ws/install/px4_msgs/include/px4_msgs/px4_msgs/msg/detail/rover_rate_status__builder.hpp\n'}
[18.165668] (px4_msgs) StdoutLine: {'line': b'-- Up-to-date: /home/subhalaxmi/nidar_ws/install/px4_msgs/include/px4_msgs/px4_msgs/msg/detail/flight_phase_estimation__traits.hpp\n'}
[18.166640] (px4_msgs) StdoutLine: {'line': b'-- Up-to-date: /home/subhalaxmi/nidar_ws/install/px4_msgs/include/px4_msgs/px4_msgs/msg/detail/vehicle_odometry__struct.hpp\n'}
[18.166893] (px4_msgs) StdoutLine: {'line': b'-- Up-to-date: /home/subhalaxmi/nidar_ws/install/px4_msgs/include/px4_msgs/px4_msgs/msg/detail/esc_report__struct.hpp\n'}
[18.168632] (px4_msgs) StdoutLine: {'line': b'-- Up-to-date: /home/subhalaxmi/nidar_ws/install/px4_msgs/include/px4_msgs/px4_msgs/msg/detail/mount_orientation__type_support.hpp\n'}
[18.168874] (px4_msgs) StdoutLine: {'line': b'-- Up-to-date: /home/subhalaxmi/nidar_ws/install/px4_msgs/include/px4_msgs/px4_msgs/msg/detail/task_stack_info__struct.hpp\n'}
[18.169079] (px4_msgs) StdoutLine: {'line': b'-- Up-to-date: /home/subhalaxmi/nidar_ws/install/px4_msgs/include/px4_msgs/px4_msgs/msg/detail/vehicle_acceleration__type_support.hpp\n'}
[18.169332] (px4_msgs) StdoutLine: {'line': b'-- Up-to-date: /home/subhalaxmi/nidar_ws/install/px4_msgs/include/px4_msgs/px4_msgs/msg/detail/px4io_status__builder.hpp\n'}
[18.169664] (px4_msgs) StdoutLine: {'line': b'-- Up-to-date: /home/subhalaxmi/nidar_ws/install/px4_msgs/include/px4_msgs/px4_msgs/msg/detail/fixed_wing_lateral_guidance_status__traits.hpp\n'}
[18.170057] (px4_msgs) StdoutLine: {'line': b'-- Up-to-date: /home/subhalaxmi/nidar_ws/install/px4_msgs/include/px4_msgs/px4_msgs/msg/detail/event__traits.hpp\n'}
[18.173617] (px4_msgs) StdoutLine: {'line': b'-- Up-to-date: /home/subhalaxmi/nidar_ws/install/px4_msgs/include/px4_msgs/px4_msgs/msg/detail/event__type_support.hpp\n'}
[18.173855] (px4_msgs) StdoutLine: {'line': b'-- Up-to-date: /home/subhalaxmi/nidar_ws/install/px4_msgs/include/px4_msgs/px4_msgs/msg/detail/px4io_status__traits.hpp\n'}
[18.174062] (px4_msgs) StdoutLine: {'line': b'-- Up-to-date: /home/subhalaxmi/nidar_ws/install/px4_msgs/include/px4_msgs/px4_msgs/msg/detail/vehicle_global_position__traits.hpp\n'}
[18.174427] (px4_msgs) StdoutLine: {'line': b'-- Up-to-date: /home/subhalaxmi/nidar_ws/install/px4_msgs/include/px4_msgs/px4_msgs/msg/detail/debug_vect__struct.hpp\n'}
[18.174777] (px4_msgs) StdoutLine: {'line': b'-- Up-to-date: /home/subhalaxmi/nidar_ws/install/px4_msgs/include/px4_msgs/px4_msgs/msg/detail/landing_target_innovations__struct.hpp\n'}
[18.174976] (px4_msgs) StdoutLine: {'line': b'-- Up-to-date: /home/subhalaxmi/nidar_ws/install/px4_msgs/include/px4_msgs/px4_msgs/msg/detail/internal_combustion_engine_control__traits.hpp\n'}
[18.175189] (px4_msgs) StdoutLine: {'line': b'-- Up-to-date: /home/subhalaxmi/nidar_ws/install/px4_msgs/include/px4_msgs/px4_msgs/msg/detail/takeoff_status__struct.hpp\n'}
[18.175396] (px4_msgs) StdoutLine: {'line': b'-- Up-to-date: /home/subhalaxmi/nidar_ws/install/px4_msgs/include/px4_msgs/px4_msgs/msg/detail/sensor_temp__struct.hpp\n'}
[18.175588] (px4_msgs) StdoutLine: {'line': b'-- Up-to-date: /home/subhalaxmi/nidar_ws/install/px4_msgs/include/px4_msgs/px4_msgs/msg/detail/button_event__struct.hpp\n'}
[18.175784] (px4_msgs) StdoutLine: {'line': b'-- Up-to-date: /home/subhalaxmi/nidar_ws/install/px4_msgs/include/px4_msgs/px4_msgs/msg/detail/actuator_motors__builder.hpp\n'}
[18.175992] (px4_msgs) StdoutLine: {'line': b'-- Up-to-date: /home/subhalaxmi/nidar_ws/install/px4_msgs/include/px4_msgs/px4_msgs/msg/detail/gripper__traits.hpp\n'}
[18.176968] (px4_msgs) StdoutLine: {'line': b'-- Up-to-date: /home/subhalaxmi/nidar_ws/install/px4_msgs/include/px4_msgs/px4_msgs/msg/detail/follow_target__builder.hpp\n'}
[18.177279] (px4_msgs) StdoutLine: {'line': b'-- Up-to-date: /home/subhalaxmi/nidar_ws/install/px4_msgs/include/px4_msgs/px4_msgs/msg/detail/rover_position_setpoint__builder.hpp\n'}
[18.177611] (px4_msgs) StdoutLine: {'line': b'-- Up-to-date: /home/subhalaxmi/nidar_ws/install/px4_msgs/include/px4_msgs/px4_msgs/msg/detail/vehicle_angular_acceleration_setpoint__traits.hpp\n'}
[18.177806] (px4_msgs) StdoutLine: {'line': b'-- Up-to-date: /home/subhalaxmi/nidar_ws/install/px4_msgs/include/px4_msgs/px4_msgs/msg/detail/landing_gear_wheel__traits.hpp\n'}
[18.177993] (px4_msgs) StdoutLine: {'line': b'-- Up-to-date: /home/subhalaxmi/nidar_ws/install/px4_msgs/include/px4_msgs/px4_msgs/msg/detail/manual_control_setpoint__struct.hpp\n'}
[18.178221] (px4_msgs) StdoutLine: {'line': b'-- Up-to-date: /home/subhalaxmi/nidar_ws/install/px4_msgs/include/px4_msgs/px4_msgs/msg/detail/ping__type_support.hpp\n'}
[18.178439] (px4_msgs) StdoutLine: {'line': b'-- Up-to-date: /home/subhalaxmi/nidar_ws/install/px4_msgs/include/px4_msgs/px4_msgs/msg/detail/adc_report__type_support.hpp\n'}
[18.178639] (px4_msgs) StdoutLine: {'line': b'-- Up-to-date: /home/subhalaxmi/nidar_ws/install/px4_msgs/include/px4_msgs/px4_msgs/msg/detail/cpuload__struct.hpp\n'}
[18.178843] (px4_msgs) StdoutLine: {'line': b'-- Up-to-date: /home/subhalaxmi/nidar_ws/install/px4_msgs/include/px4_msgs/px4_msgs/msg/detail/orb_test_medium__traits.hpp\n'}
[18.180428] (px4_msgs) StdoutLine: {'line': b'-- Up-to-date: /home/subhalaxmi/nidar_ws/install/px4_msgs/include/px4_msgs/px4_msgs/msg/detail/gpio_in__traits.hpp\n'}
[18.181128] (px4_msgs) StdoutLine: {'line': b'-- Up-to-date: /home/subhalaxmi/nidar_ws/install/px4_msgs/include/px4_msgs/px4_msgs/msg/detail/gimbal_manager_status__type_support.hpp\n'}
[18.182443] (px4_msgs) StdoutLine: {'line': b'-- Up-to-date: /home/subhalaxmi/nidar_ws/install/px4_msgs/include/px4_msgs/px4_msgs/msg/detail/open_drone_id_operator_id__traits.hpp\n'}
[18.184368] (px4_msgs) StdoutLine: {'line': b'-- Up-to-date: /home/subhalaxmi/nidar_ws/install/px4_msgs/include/px4_msgs/px4_msgs/msg/detail/orbit_status__builder.hpp\n'}
[18.184673] (px4_msgs) StdoutLine: {'line': b'-- Up-to-date: /home/subhalaxmi/nidar_ws/install/px4_msgs/include/px4_msgs/px4_msgs/msg/detail/adc_report__struct.hpp\n'}
[18.184881] (px4_msgs) StdoutLine: {'line': b'-- Up-to-date: /home/subhalaxmi/nidar_ws/install/px4_msgs/include/px4_msgs/px4_msgs/msg/detail/qshell_req__type_support.hpp\n'}
[18.185353] (px4_msgs) StdoutLine: {'line': b'-- Up-to-date: /home/subhalaxmi/nidar_ws/install/px4_msgs/include/px4_msgs/px4_msgs/msg/detail/gimbal_device_information__builder.hpp\n'}
[18.185746] (px4_msgs) StdoutLine: {'line': b'-- Up-to-date: /home/subhalaxmi/nidar_ws/install/px4_msgs/include/px4_msgs/px4_msgs/msg/detail/estimator_status__struct.hpp\n'}
[18.185960] (px4_msgs) StdoutLine: {'line': b'-- Up-to-date: /home/subhalaxmi/nidar_ws/install/px4_msgs/include/px4_msgs/px4_msgs/msg/detail/debug_array__type_support.hpp\n'}
[18.186161] (px4_msgs) StdoutLine: {'line': b'-- Up-to-date: /home/subhalaxmi/nidar_ws/install/px4_msgs/include/px4_msgs/px4_msgs/msg/detail/gpio_request__struct.hpp\n'}
[18.186389] (px4_msgs) StdoutLine: {'line': b'-- Up-to-date: /home/subhalaxmi/nidar_ws/install/px4_msgs/include/px4_msgs/px4_msgs/msg/detail/rtl_status__struct.hpp\n'}
[18.186587] (px4_msgs) StdoutLine: {'line': b'-- Up-to-date: /home/subhalaxmi/nidar_ws/install/px4_msgs/include/px4_msgs/px4_msgs/msg/detail/landing_target_pose__traits.hpp\n'}
[18.186778] (px4_msgs) StdoutLine: {'line': b'-- Up-to-date: /home/subhalaxmi/nidar_ws/install/px4_msgs/include/px4_msgs/px4_msgs/msg/detail/led_control__struct.hpp\n'}
[18.186969] (px4_msgs) StdoutLine: {'line': b'-- Up-to-date: /home/subhalaxmi/nidar_ws/install/px4_msgs/include/px4_msgs/px4_msgs/msg/detail/dronecan_node_status__builder.hpp\n'}
[18.190351] (px4_msgs) StdoutLine: {'line': b'-- Up-to-date: /home/subhalaxmi/nidar_ws/install/px4_msgs/include/px4_msgs/px4_msgs/msg/detail/heater_status__struct.hpp\n'}
[18.190711] (px4_msgs) StdoutLine: {'line': b'-- Up-to-date: /home/subhalaxmi/nidar_ws/install/px4_msgs/include/px4_msgs/px4_msgs/msg/detail/normalized_unsigned_setpoint__type_support.hpp\n'}
[18.190937] (px4_msgs) StdoutLine: {'line': b'-- Up-to-date: /home/subhalaxmi/nidar_ws/install/px4_msgs/include/px4_msgs/px4_msgs/msg/detail/irlock_report__traits.hpp\n'}
[18.191162] (px4_msgs) StdoutLine: {'line': b'-- Up-to-date: /home/subhalaxmi/nidar_ws/install/px4_msgs/include/px4_msgs/px4_msgs/msg/detail/rover_speed_status__type_support.hpp\n'}
[18.191394] (px4_msgs) StdoutLine: {'line': b'-- Up-to-date: /home/subhalaxmi/nidar_ws/install/px4_msgs/include/px4_msgs/px4_msgs/msg/detail/vehicle_imu_status__builder.hpp\n'}
[18.191592] (px4_msgs) StdoutLine: {'line': b'-- Up-to-date: /home/subhalaxmi/nidar_ws/install/px4_msgs/include/px4_msgs/px4_msgs/msg/detail/rover_steering_setpoint__builder.hpp\n'}
[18.191778] (px4_msgs) StdoutLine: {'line': b'-- Up-to-date: /home/subhalaxmi/nidar_ws/install/px4_msgs/include/px4_msgs/px4_msgs/msg/detail/dataman_response__struct.hpp\n'}
[18.191972] (px4_msgs) StdoutLine: {'line': b'-- Up-to-date: /home/subhalaxmi/nidar_ws/install/px4_msgs/include/px4_msgs/px4_msgs/msg/detail/event__struct.hpp\n'}
[18.192183] (px4_msgs) StdoutLine: {'line': b'-- Up-to-date: /home/subhalaxmi/nidar_ws/install/px4_msgs/include/px4_msgs/px4_msgs/msg/detail/ekf2_timestamps__builder.hpp\n'}
[18.193101] (px4_msgs) StdoutLine: {'line': b'-- Up-to-date: /home/subhalaxmi/nidar_ws/install/px4_msgs/include/px4_msgs/px4_msgs/msg/detail/estimator_gps_status__struct.hpp\n'}
[18.193381] (px4_msgs) StdoutLine: {'line': b'-- Up-to-date: /home/subhalaxmi/nidar_ws/install/px4_msgs/include/px4_msgs/px4_msgs/msg/detail/obstacle_distance__type_support.hpp\n'}
[18.193595] (px4_msgs) StdoutLine: {'line': b'-- Up-to-date: /home/subhalaxmi/nidar_ws/install/px4_msgs/include/px4_msgs/px4_msgs/msg/detail/iridiumsbd_status__type_support.hpp\n'}
[18.193805] (px4_msgs) StdoutLine: {'line': b'-- Up-to-date: /home/subhalaxmi/nidar_ws/install/px4_msgs/include/px4_msgs/px4_msgs/msg/detail/estimator_selector_status__type_support.hpp\n'}
[18.194028] (px4_msgs) StdoutLine: {'line': b'-- Up-to-date: /home/subhalaxmi/nidar_ws/install/px4_msgs/include/px4_msgs/px4_msgs/msg/detail/camera_trigger__traits.hpp\n'}
[18.197503] (px4_msgs) StdoutLine: {'line': b'-- Up-to-date: /home/subhalaxmi/nidar_ws/install/px4_msgs/include/px4_msgs/px4_msgs/msg/detail/yaw_estimator_status__type_support.hpp\n'}
[18.197748] (px4_msgs) StdoutLine: {'line': b'-- Up-to-date: /home/subhalaxmi/nidar_ws/install/px4_msgs/include/px4_msgs/px4_msgs/msg/detail/vehicle_angular_acceleration_setpoint__type_support.hpp\n'}
[18.198008] (px4_msgs) StdoutLine: {'line': b'-- Up-to-date: /home/subhalaxmi/nidar_ws/install/px4_msgs/include/px4_msgs/px4_msgs/msg/detail/power_monitor__type_support.hpp\n'}
[18.198278] (px4_msgs) StdoutLine: {'line': b'-- Up-to-date: /home/subhalaxmi/nidar_ws/install/px4_msgs/include/px4_msgs/px4_msgs/msg/detail/vehicle_command__type_support.hpp\n'}
[18.198543] (px4_msgs) StdoutLine: {'line': b'-- Up-to-date: /home/subhalaxmi/nidar_ws/install/px4_msgs/include/px4_msgs/px4_msgs/msg/detail/gimbal_device_attitude_status__struct.hpp\n'}
[18.198928] (px4_msgs) StdoutLine: {'line': b'-- Up-to-date: /home/subhalaxmi/nidar_ws/install/px4_msgs/include/px4_msgs/px4_msgs/msg/detail/sensor_selection__struct.hpp\n'}
[18.199499] (px4_msgs) StdoutLine: {'line': b'-- Up-to-date: /home/subhalaxmi/nidar_ws/install/px4_msgs/include/px4_msgs/px4_msgs/msg/detail/gimbal_device_set_attitude__struct.hpp\n'}
[18.199736] (px4_msgs) StdoutLine: {'line': b'-- Up-to-date: /home/subhalaxmi/nidar_ws/install/px4_msgs/include/px4_msgs/px4_msgs/msg/detail/radio_status__struct.hpp\n'}
[18.199972] (px4_msgs) StdoutLine: {'line': b'-- Up-to-date: /home/subhalaxmi/nidar_ws/install/px4_msgs/include/px4_msgs/px4_msgs/msg/detail/gimbal_manager_set_manual_control__struct.hpp\n'}
[18.200237] (px4_msgs) StdoutLine: {'line': b'-- Up-to-date: /home/subhalaxmi/nidar_ws/install/px4_msgs/include/px4_msgs/px4_msgs/msg/detail/estimator_gps_status__type_support.hpp\n'}
[18.201355] (px4_msgs) StdoutLine: {'line': b'-- Up-to-date: /home/subhalaxmi/nidar_ws/install/px4_msgs/include/px4_msgs/px4_msgs/msg/detail/uavcan_parameter_value__builder.hpp\n'}
[18.201609] (px4_msgs) StdoutLine: {'line': b'-- Up-to-date: /home/subhalaxmi/nidar_ws/install/px4_msgs/include/px4_msgs/px4_msgs/msg/detail/orbit_status__struct.hpp\n'}
[18.201825] (px4_msgs) StdoutLine: {'line': b'-- Up-to-date: /home/subhalaxmi/nidar_ws/install/px4_msgs/include/px4_msgs/px4_msgs/msg/detail/gpio_out__builder.hpp\n'}
[18.202032] (px4_msgs) StdoutLine: {'line': b'-- Up-to-date: /home/subhalaxmi/nidar_ws/install/px4_msgs/include/px4_msgs/px4_msgs/msg/detail/message_format_request__builder.hpp\n'}
[18.202302] (px4_msgs) StdoutLine: {'line': b'-- Up-to-date: /home/subhalaxmi/nidar_ws/install/px4_msgs/include/px4_msgs/px4_msgs/msg/detail/obstacle_distance__builder.hpp\n'}
[18.202535] (px4_msgs) StdoutLine: {'line': b'-- Up-to-date: /home/subhalaxmi/nidar_ws/install/px4_msgs/include/px4_msgs/px4_msgs/msg/detail/estimator_aid_source2d__traits.hpp\n'}
[18.202781] (px4_msgs) StdoutLine: {'line': b'-- Up-to-date: /home/subhalaxmi/nidar_ws/install/px4_msgs/include/px4_msgs/px4_msgs/msg/detail/radio_status__type_support.hpp\n'}
[18.206209] (px4_msgs) StdoutLine: {'line': b'-- Up-to-date: /home/subhalaxmi/nidar_ws/install/px4_msgs/include/px4_msgs/px4_msgs/msg/detail/parameter_set_value_request__traits.hpp\n'}
[18.207147] (px4_msgs) StdoutLine: {'line': b'-- Up-to-date: /home/subhalaxmi/nidar_ws/install/px4_msgs/include/px4_msgs/px4_msgs/msg/detail/fixed_wing_longitudinal_setpoint__traits.hpp\n'}
[18.207559] (px4_msgs) StdoutLine: {'line': b'-- Up-to-date: /home/subhalaxmi/nidar_ws/install/px4_msgs/include/px4_msgs/px4_msgs/msg/detail/vehicle_magnetometer__traits.hpp\n'}
[18.207936] (px4_msgs) StdoutLine: {'line': b'-- Up-to-date: /home/subhalaxmi/nidar_ws/install/px4_msgs/include/px4_msgs/px4_msgs/msg/detail/fuel_tank_status__struct.hpp\n'}
[18.211233] (px4_msgs) StdoutLine: {'line': b'-- Up-to-date: /home/subhalaxmi/nidar_ws/install/px4_msgs/include/px4_msgs/px4_msgs/msg/detail/sensor_hygrometer__type_support.hpp\n'}
[18.212367] (px4_msgs) StdoutLine: {'line': b'-- Up-to-date: /home/subhalaxmi/nidar_ws/install/px4_msgs/include/px4_msgs/px4_msgs/msg/detail/navigator_mission_item__struct.hpp\n'}
[18.212683] (px4_msgs) StdoutLine: {'line': b'-- Up-to-date: /home/subhalaxmi/nidar_ws/install/px4_msgs/include/px4_msgs/px4_msgs/msg/detail/raptor_status__builder.hpp\n'}
[18.212963] (px4_msgs) StdoutLine: {'line': b'-- Up-to-date: /home/subhalaxmi/nidar_ws/install/px4_msgs/include/px4_msgs/px4_msgs/msg/detail/sensor_mag__struct.hpp\n'}
[18.214905] (px4_msgs) StdoutLine: {'line': b'-- Up-to-date: /home/subhalaxmi/nidar_ws/install/px4_msgs/include/px4_msgs/px4_msgs/msg/detail/mavlink_tunnel__traits.hpp\n'}
[18.216072] (px4_msgs) StdoutLine: {'line': b'-- Up-to-date: /home/subhalaxmi/nidar_ws/install/px4_msgs/include/px4_msgs/px4_msgs/msg/detail/rtl_time_estimate__traits.hpp\n'}
[18.216341] (px4_msgs) StdoutLine: {'line': b'-- Up-to-date: /home/subhalaxmi/nidar_ws/install/px4_msgs/include/px4_msgs/px4_msgs/msg/detail/vehicle_angular_acceleration_setpoint__builder.hpp\n'}
[18.216558] (px4_msgs) StdoutLine: {'line': b'-- Up-to-date: /home/subhalaxmi/nidar_ws/install/px4_msgs/include/px4_msgs/px4_msgs/msg/detail/config_overrides__builder.hpp\n'}
[18.216763] (px4_msgs) StdoutLine: {'line': b'-- Up-to-date: /home/subhalaxmi/nidar_ws/install/px4_msgs/include/px4_msgs/px4_msgs/msg/detail/vehicle_odometry__builder.hpp\n'}
[18.217221] (px4_msgs) StdoutLine: {'line': b'-- Up-to-date: /home/subhalaxmi/nidar_ws/install/px4_msgs/include/px4_msgs/px4_msgs/msg/detail/rc_channels__builder.hpp\n'}
[18.217502] (px4_msgs) StdoutLine: {'line': b'-- Up-to-date: /home/subhalaxmi/nidar_ws/install/px4_msgs/include/px4_msgs/px4_msgs/msg/detail/autotune_attitude_control_status__builder.hpp\n'}
[18.217711] (px4_msgs) StdoutLine: {'line': b'-- Up-to-date: /home/subhalaxmi/nidar_ws/install/px4_msgs/include/px4_msgs/px4_msgs/msg/detail/gpio_config__builder.hpp\n'}
[18.217940] (px4_msgs) StdoutLine: {'line': b'-- Up-to-date: /home/subhalaxmi/nidar_ws/install/px4_msgs/include/px4_msgs/px4_msgs/msg/detail/open_drone_id_self_id__traits.hpp\n'}
[18.218154] (px4_msgs) StdoutLine: {'line': b'-- Up-to-date: /home/subhalaxmi/nidar_ws/install/px4_msgs/include/px4_msgs/px4_msgs/msg/detail/register_ext_component_reply__struct.hpp\n'}
[18.218379] (px4_msgs) StdoutLine: {'line': b'-- Up-to-date: /home/subhalaxmi/nidar_ws/install/px4_msgs/include/px4_msgs/px4_msgs/msg/detail/airspeed__traits.hpp\n'}
[18.218583] (px4_msgs) StdoutLine: {'line': b'-- Up-to-date: /home/subhalaxmi/nidar_ws/install/px4_msgs/include/px4_msgs/px4_msgs/msg/detail/estimator_innovations__struct.hpp\n'}
[18.218781] (px4_msgs) StdoutLine: {'line': b'-- Up-to-date: /home/subhalaxmi/nidar_ws/install/px4_msgs/include/px4_msgs/px4_msgs/msg/detail/mission__type_support.hpp\n'}
[18.219029] (px4_msgs) StdoutLine: {'line': b'-- Up-to-date: /home/subhalaxmi/nidar_ws/install/px4_msgs/include/px4_msgs/px4_msgs/msg/detail/trajectory_setpoint6dof__builder.hpp\n'}
[18.219377] (px4_msgs) StdoutLine: {'line': b'-- Up-to-date: /home/subhalaxmi/nidar_ws/install/px4_msgs/include/px4_msgs/px4_msgs/msg/detail/hover_thrust_estimate__type_support.hpp\n'}
[18.219626] (px4_msgs) StdoutLine: {'line': b'-- Up-to-date: /home/subhalaxmi/nidar_ws/install/px4_msgs/include/px4_msgs/px4_msgs/msg/detail/camera_capture__traits.hpp\n'}
[18.219838] (px4_msgs) StdoutLine: {'line': b'-- Up-to-date: /home/subhalaxmi/nidar_ws/install/px4_msgs/include/px4_msgs/px4_msgs/msg/detail/failure_detector_status__traits.hpp\n'}
[18.220038] (px4_msgs) StdoutLine: {'line': b'-- Up-to-date: /home/subhalaxmi/nidar_ws/install/px4_msgs/include/px4_msgs/px4_msgs/msg/detail/gimbal_device_set_attitude__builder.hpp\n'}
[18.220537] (px4_msgs) StdoutLine: {'line': b'-- Up-to-date: /home/subhalaxmi/nidar_ws/install/px4_msgs/include/px4_msgs/px4_msgs/msg/detail/geofence_result__type_support.hpp\n'}
[18.220772] (px4_msgs) StdoutLine: {'line': b'-- Up-to-date: /home/subhalaxmi/nidar_ws/install/px4_msgs/include/px4_msgs/px4_msgs/msg/detail/open_drone_id_system__struct.hpp\n'}
[18.220975] (px4_msgs) StdoutLine: {'line': b'-- Up-to-date: /home/subhalaxmi/nidar_ws/install/px4_msgs/include/px4_msgs/px4_msgs/msg/detail/device_information__builder.hpp\n'}
[18.221210] (px4_msgs) StdoutLine: {'line': b'-- Up-to-date: /home/subhalaxmi/nidar_ws/install/px4_msgs/include/px4_msgs/px4_msgs/msg/detail/input_rc__builder.hpp\n'}
[18.221434] (px4_msgs) StdoutLine: {'line': b'-- Up-to-date: /home/subhalaxmi/nidar_ws/install/px4_msgs/include/px4_msgs/px4_msgs/msg/detail/rate_ctrl_status__traits.hpp\n'}
[18.221653] (px4_msgs) StdoutLine: {'line': b'-- Up-to-date: /home/subhalaxmi/nidar_ws/install/px4_msgs/include/px4_msgs/px4_msgs/msg/detail/dronecan_node_status__type_support.hpp\n'}
[18.221868] (px4_msgs) StdoutLine: {'line': b'-- Up-to-date: /home/subhalaxmi/nidar_ws/install/px4_msgs/include/px4_msgs/px4_msgs/msg/detail/vehicle_optical_flow_vel__struct.hpp\n'}
[18.222140] (px4_msgs) StdoutLine: {'line': b'-- Up-to-date: /home/subhalaxmi/nidar_ws/install/px4_msgs/include/px4_msgs/px4_msgs/msg/detail/gripper__builder.hpp\n'}
[18.222455] (px4_msgs) StdoutLine: {'line': b'-- Up-to-date: /home/subhalaxmi/nidar_ws/install/px4_msgs/include/px4_msgs/px4_msgs/msg/detail/autotune_attitude_control_status__traits.hpp\n'}
[18.222658] (px4_msgs) StdoutLine: {'line': b'-- Up-to-date: /home/subhalaxmi/nidar_ws/install/px4_msgs/include/px4_msgs/px4_msgs/msg/detail/gain_compression__traits.hpp\n'}
[18.222854] (px4_msgs) StdoutLine: {'line': b'-- Up-to-date: /home/subhalaxmi/nidar_ws/install/px4_msgs/include/px4_msgs/px4_msgs/msg/detail/yaw_estimator_status__builder.hpp\n'}
[18.223132] (px4_msgs) StdoutLine: {'line': b'-- Up-to-date: /home/subhalaxmi/nidar_ws/install/px4_msgs/include/px4_msgs/px4_msgs/msg/detail/dataman_response__builder.hpp\n'}
[18.223373] (px4_msgs) StdoutLine: {'line': b'-- Up-to-date: /home/subhalaxmi/nidar_ws/install/px4_msgs/include/px4_msgs/px4_msgs/msg/detail/config_overrides__type_support.hpp\n'}
[18.223612] (px4_msgs) StdoutLine: {'line': b'-- Up-to-date: /home/subhalaxmi/nidar_ws/install/px4_msgs/include/px4_msgs/px4_msgs/msg/detail/uavcan_parameter_value__struct.hpp\n'}
[18.223815] (px4_msgs) StdoutLine: {'line': b'-- Up-to-date: /home/subhalaxmi/nidar_ws/install/px4_msgs/include/px4_msgs/px4_msgs/msg/detail/sensor_airflow__type_support.hpp\n'}
[18.224014] (px4_msgs) StdoutLine: {'line': b'-- Up-to-date: /home/subhalaxmi/nidar_ws/install/px4_msgs/include/px4_msgs/px4_msgs/msg/detail/gimbal_controls__traits.hpp\n'}
[18.224266] (px4_msgs) StdoutLine: {'line': b'-- Up-to-date: /home/subhalaxmi/nidar_ws/install/px4_msgs/include/px4_msgs/px4_msgs/msg/detail/estimator_bias3d__struct.hpp\n'}
[18.224497] (px4_msgs) StdoutLine: {'line': b'-- Up-to-date: /home/subhalaxmi/nidar_ws/install/px4_msgs/include/px4_msgs/px4_msgs/msg/detail/gps_inject_data__traits.hpp\n'}
[18.224719] (px4_msgs) StdoutLine: {'line': b'-- Up-to-date: /home/subhalaxmi/nidar_ws/install/px4_msgs/include/px4_msgs/px4_msgs/msg/detail/offboard_control_mode__traits.hpp\n'}
[18.225138] (px4_msgs) StdoutLine: {'line': b'-- Up-to-date: /home/subhalaxmi/nidar_ws/install/px4_msgs/include/px4_msgs/px4_msgs/msg/detail/figure_eight_status__type_support.hpp\n'}
[18.225392] (px4_msgs) StdoutLine: {'line': b'-- Up-to-date: /home/subhalaxmi/nidar_ws/install/px4_msgs/include/px4_msgs/px4_msgs/msg/detail/yaw_estimator_status__struct.hpp\n'}
[18.225606] (px4_msgs) StdoutLine: {'line': b'-- Up-to-date: /home/subhalaxmi/nidar_ws/install/px4_msgs/include/px4_msgs/px4_msgs/msg/detail/iridiumsbd_status__builder.hpp\n'}
[18.225842] (px4_msgs) StdoutLine: {'line': b'-- Up-to-date: /home/subhalaxmi/nidar_ws/install/px4_msgs/include/px4_msgs/px4_msgs/msg/detail/manual_control_switches__struct.hpp\n'}
[18.226069] (px4_msgs) StdoutLine: {'line': b'-- Up-to-date: /home/subhalaxmi/nidar_ws/install/px4_msgs/include/px4_msgs/px4_msgs/msg/detail/open_drone_id_arm_status__traits.hpp\n'}
[18.226392] (px4_msgs) StdoutLine: {'line': b'-- Up-to-date: /home/subhalaxmi/nidar_ws/install/px4_msgs/include/px4_msgs/px4_msgs/msg/detail/vehicle_command_ack__type_support.hpp\n'}
[18.226598] (px4_msgs) StdoutLine: {'line': b'-- Up-to-date: /home/subhalaxmi/nidar_ws/install/px4_msgs/include/px4_msgs/px4_msgs/msg/detail/vehicle_command_ack__struct.hpp\n'}
[18.226813] (px4_msgs) StdoutLine: {'line': b'-- Up-to-date: /home/subhalaxmi/nidar_ws/install/px4_msgs/include/px4_msgs/px4_msgs/msg/detail/estimator_gps_status__builder.hpp\n'}
[18.227023] (px4_msgs) StdoutLine: {'line': b'-- Up-to-date: /home/subhalaxmi/nidar_ws/install/px4_msgs/include/px4_msgs/px4_msgs/msg/detail/sensor_gnss_status__traits.hpp\n'}
[18.227346] (px4_msgs) StdoutLine: {'line': b'-- Up-to-date: /home/subhalaxmi/nidar_ws/install/px4_msgs/include/px4_msgs/px4_msgs/msg/detail/tune_control__type_support.hpp\n'}
[18.227560] (px4_msgs) StdoutLine: {'line': b'-- Up-to-date: /home/subhalaxmi/nidar_ws/install/px4_msgs/include/px4_msgs/px4_msgs/msg/detail/failsafe_flags__traits.hpp\n'}
[18.227751] (px4_msgs) StdoutLine: {'line': b'-- Up-to-date: /home/subhalaxmi/nidar_ws/install/px4_msgs/include/px4_msgs/px4_msgs/msg/detail/power_monitor__traits.hpp\n'}
[18.227942] (px4_msgs) StdoutLine: {'line': b'-- Up-to-date: /home/subhalaxmi/nidar_ws/install/px4_msgs/include/px4_msgs/px4_msgs/msg/detail/vehicle_constraints__traits.hpp\n'}
[18.228154] (px4_msgs) StdoutLine: {'line': b'-- Up-to-date: /home/subhalaxmi/nidar_ws/install/px4_msgs/include/px4_msgs/px4_msgs/msg/detail/sensor_correction__struct.hpp\n'}
[18.228380] (px4_msgs) StdoutLine: {'line': b'-- Up-to-date: /home/subhalaxmi/nidar_ws/install/px4_msgs/include/px4_msgs/px4_msgs/msg/detail/vehicle_air_data__builder.hpp\n'}
[18.228561] (px4_msgs) StdoutLine: {'line': b'-- Up-to-date: /home/subhalaxmi/nidar_ws/install/px4_msgs/include/px4_msgs/px4_msgs/msg/detail/estimator_innovations__traits.hpp\n'}
[18.228740] (px4_msgs) StdoutLine: {'line': b'-- Up-to-date: /home/subhalaxmi/nidar_ws/install/px4_msgs/include/px4_msgs/px4_msgs/msg/detail/esc_status__struct.hpp\n'}
[18.228933] (px4_msgs) StdoutLine: {'line': b'-- Up-to-date: /home/subhalaxmi/nidar_ws/install/px4_msgs/include/px4_msgs/px4_msgs/msg/detail/vehicle_odometry__type_support.hpp\n'}
[18.229134] (px4_msgs) StdoutLine: {'line': b'-- Up-to-date: /home/subhalaxmi/nidar_ws/install/px4_msgs/include/px4_msgs/px4_msgs/msg/detail/follow_target__traits.hpp\n'}
[18.229353] (px4_msgs) StdoutLine: {'line': b'-- Up-to-date: /home/subhalaxmi/nidar_ws/install/px4_msgs/include/px4_msgs/px4_msgs/msg/detail/estimator_event_flags__struct.hpp\n'}
[18.229559] (px4_msgs) StdoutLine: {'line': b'-- Up-to-date: /home/subhalaxmi/nidar_ws/install/px4_msgs/include/px4_msgs/px4_msgs/msg/detail/sensor_gyro__struct.hpp\n'}
[18.229763] (px4_msgs) StdoutLine: {'line': b'-- Up-to-date: /home/subhalaxmi/nidar_ws/install/px4_msgs/include/px4_msgs/px4_msgs/msg/detail/estimator_status_flags__builder.hpp\n'}
[18.229964] (px4_msgs) StdoutLine: {'line': b'-- Up-to-date: /home/subhalaxmi/nidar_ws/install/px4_msgs/include/px4_msgs/px4_msgs/msg/detail/airspeed_wind__struct.hpp\n'}
[18.230340] (px4_msgs) StdoutLine: {'line': b'-- Up-to-date: /home/subhalaxmi/nidar_ws/install/px4_msgs/include/px4_msgs/px4_msgs/msg/detail/sensor_gyro_fifo__type_support.hpp\n'}
[18.230582] (px4_msgs) StdoutLine: {'line': b'-- Up-to-date: /home/subhalaxmi/nidar_ws/install/px4_msgs/include/px4_msgs/px4_msgs/msg/detail/sensor_accel_fifo__traits.hpp\n'}
[18.230785] (px4_msgs) StdoutLine: {'line': b'-- Up-to-date: /home/subhalaxmi/nidar_ws/install/px4_msgs/include/px4_msgs/px4_msgs/msg/detail/rover_throttle_setpoint__traits.hpp\n'}
[18.230983] (px4_msgs) StdoutLine: {'line': b'-- Up-to-date: /home/subhalaxmi/nidar_ws/install/px4_msgs/include/px4_msgs/px4_msgs/msg/detail/actuator_test__builder.hpp\n'}
[18.231269] (px4_msgs) StdoutLine: {'line': b'-- Up-to-date: /home/subhalaxmi/nidar_ws/install/px4_msgs/include/px4_msgs/px4_msgs/msg/detail/device_information__traits.hpp\n'}
[18.231495] (px4_msgs) StdoutLine: {'line': b'-- Up-to-date: /home/subhalaxmi/nidar_ws/install/px4_msgs/include/px4_msgs/px4_msgs/msg/detail/debug_key_value__builder.hpp\n'}
[18.231696] (px4_msgs) StdoutLine: {'line': b'-- Up-to-date: /home/subhalaxmi/nidar_ws/install/px4_msgs/include/px4_msgs/px4_msgs/msg/detail/debug_key_value__type_support.hpp\n'}
[18.231892] (px4_msgs) StdoutLine: {'line': b'-- Up-to-date: /home/subhalaxmi/nidar_ws/install/px4_msgs/include/px4_msgs/px4_msgs/msg/detail/mode_completed__struct.hpp\n'}
[18.232080] (px4_msgs) StdoutLine: {'line': b'-- Up-to-date: /home/subhalaxmi/nidar_ws/install/px4_msgs/include/px4_msgs/px4_msgs/msg/detail/rc_parameter_map__struct.hpp\n'}
[18.232356] (px4_msgs) StdoutLine: {'line': b'-- Up-to-date: /home/subhalaxmi/nidar_ws/install/px4_msgs/include/px4_msgs/px4_msgs/msg/detail/position_setpoint__builder.hpp\n'}
[18.232567] (px4_msgs) StdoutLine: {'line': b'-- Up-to-date: /home/subhalaxmi/nidar_ws/install/px4_msgs/include/px4_msgs/px4_msgs/msg/detail/estimator_status_flags__struct.hpp\n'}
[18.232806] (px4_msgs) StdoutLine: {'line': b'-- Up-to-date: /home/subhalaxmi/nidar_ws/install/px4_msgs/include/px4_msgs/px4_msgs/msg/detail/gps_dump__traits.hpp\n'}
[18.233039] (px4_msgs) StdoutLine: {'line': b'-- Up-to-date: /home/subhalaxmi/nidar_ws/install/px4_msgs/include/px4_msgs/px4_msgs/msg/detail/sensor_hygrometer__struct.hpp\n'}
[18.233363] (px4_msgs) StdoutLine: {'line': b'-- Up-to-date: /home/subhalaxmi/nidar_ws/install/px4_msgs/include/px4_msgs/px4_msgs/msg/detail/sensor_gyro_fft__type_support.hpp\n'}
[18.233685] (px4_msgs) StdoutLine: {'line': b'-- Up-to-date: /home/subhalaxmi/nidar_ws/install/px4_msgs/include/px4_msgs/px4_msgs/msg/detail/wheel_encoders__type_support.hpp\n'}
[18.233973] (px4_msgs) StdoutLine: {'line': b'-- Up-to-date: /home/subhalaxmi/nidar_ws/install/px4_msgs/include/px4_msgs/px4_msgs/msg/detail/vehicle_magnetometer__struct.hpp\n'}
[18.234209] (px4_msgs) StdoutLine: {'line': b'-- Up-to-date: /home/subhalaxmi/nidar_ws/install/px4_msgs/include/px4_msgs/px4_msgs/msg/detail/sensor_baro__struct.hpp\n'}
[18.234424] (px4_msgs) StdoutLine: {'line': b'-- Up-to-date: /home/subhalaxmi/nidar_ws/install/px4_msgs/include/px4_msgs/px4_msgs/msg/detail/neural_control__type_support.hpp\n'}
[18.234643] (px4_msgs) StdoutLine: {'line': b'-- Up-to-date: /home/subhalaxmi/nidar_ws/install/px4_msgs/include/px4_msgs/px4_msgs/msg/detail/sensor_temp__builder.hpp\n'}
[18.234823] (px4_msgs) StdoutLine: {'line': b'-- Up-to-date: /home/subhalaxmi/nidar_ws/install/px4_msgs/include/px4_msgs/px4_msgs/msg/detail/action_request__traits.hpp\n'}
[18.235000] (px4_msgs) StdoutLine: {'line': b'-- Up-to-date: /home/subhalaxmi/nidar_ws/install/px4_msgs/include/px4_msgs/px4_msgs/msg/detail/magnetometer_bias_estimate__traits.hpp\n'}
[18.235225] (px4_msgs) StdoutLine: {'line': b'-- Up-to-date: /home/subhalaxmi/nidar_ws/install/px4_msgs/include/px4_msgs/px4_msgs/msg/detail/differential_pressure__builder.hpp\n'}
[18.235448] (px4_msgs) StdoutLine: {'line': b'-- Up-to-date: /home/subhalaxmi/nidar_ws/install/px4_msgs/include/px4_msgs/px4_msgs/msg/detail/internal_combustion_engine_status__traits.hpp\n'}
[18.235642] (px4_msgs) StdoutLine: {'line': b'-- Up-to-date: /home/subhalaxmi/nidar_ws/install/px4_msgs/include/px4_msgs/px4_msgs/msg/detail/vehicle_imu__traits.hpp\n'}
[18.235819] (px4_msgs) StdoutLine: {'line': b'-- Up-to-date: /home/subhalaxmi/nidar_ws/install/px4_msgs/include/px4_msgs/px4_msgs/msg/detail/camera_capture__builder.hpp\n'}
[18.236033] (px4_msgs) StdoutLine: {'line': b'-- Up-to-date: /home/subhalaxmi/nidar_ws/install/px4_msgs/include/px4_msgs/px4_msgs/msg/detail/esc_report__type_support.hpp\n'}
[18.236344] (px4_msgs) StdoutLine: {'line': b'-- Up-to-date: /home/subhalaxmi/nidar_ws/install/px4_msgs/include/px4_msgs/px4_msgs/msg/detail/autotune_attitude_control_status__struct.hpp\n'}
[18.236539] (px4_msgs) StdoutLine: {'line': b'-- Up-to-date: /home/subhalaxmi/nidar_ws/install/px4_msgs/include/px4_msgs/px4_msgs/msg/detail/arming_check_request__traits.hpp\n'}
[18.236726] (px4_msgs) StdoutLine: {'line': b'-- Up-to-date: /home/subhalaxmi/nidar_ws/install/px4_msgs/include/px4_msgs/px4_msgs/msg/detail/actuator_controls_status__traits.hpp\n'}
[18.236918] (px4_msgs) StdoutLine: {'line': b'-- Up-to-date: /home/subhalaxmi/nidar_ws/install/px4_msgs/include/px4_msgs/px4_msgs/msg/detail/trajectory_setpoint__type_support.hpp\n'}
[18.237145] (px4_msgs) StdoutLine: {'line': b'-- Up-to-date: /home/subhalaxmi/nidar_ws/install/px4_msgs/include/px4_msgs/px4_msgs/msg/detail/geofence_status__traits.hpp\n'}
[18.237367] (px4_msgs) StdoutLine: {'line': b'-- Up-to-date: /home/subhalaxmi/nidar_ws/install/px4_msgs/include/px4_msgs/px4_msgs/msg/detail/camera_status__type_support.hpp\n'}
[18.237559] (px4_msgs) StdoutLine: {'line': b'-- Up-to-date: /home/subhalaxmi/nidar_ws/install/px4_msgs/include/px4_msgs/px4_msgs/msg/detail/open_drone_id_self_id__struct.hpp\n'}
[18.237750] (px4_msgs) StdoutLine: {'line': b'-- Up-to-date: /home/subhalaxmi/nidar_ws/install/px4_msgs/include/px4_msgs/px4_msgs/msg/detail/parameter_reset_request__type_support.hpp\n'}
[18.237942] (px4_msgs) StdoutLine: {'line': b'-- Up-to-date: /home/subhalaxmi/nidar_ws/install/px4_msgs/include/px4_msgs/px4_msgs/msg/detail/airspeed_wind__type_support.hpp\n'}
[18.238154] (px4_msgs) StdoutLine: {'line': b'-- Up-to-date: /home/subhalaxmi/nidar_ws/install/px4_msgs/include/px4_msgs/px4_msgs/msg/detail/airspeed_validated__traits.hpp\n'}
[18.238401] (px4_msgs) StdoutLine: {'line': b'-- Up-to-date: /home/subhalaxmi/nidar_ws/install/px4_msgs/include/px4_msgs/px4_msgs/msg/detail/irlock_report__struct.hpp\n'}
[18.238602] (px4_msgs) StdoutLine: {'line': b'-- Up-to-date: /home/subhalaxmi/nidar_ws/install/px4_msgs/include/px4_msgs/px4_msgs/msg/detail/qshell_retval__traits.hpp\n'}
[18.238791] (px4_msgs) StdoutLine: {'line': b'-- Up-to-date: /home/subhalaxmi/nidar_ws/install/px4_msgs/include/px4_msgs/px4_msgs/msg/detail/rover_rate_setpoint__builder.hpp\n'}
[18.238971] (px4_msgs) StdoutLine: {'line': b'-- Up-to-date: /home/subhalaxmi/nidar_ws/install/px4_msgs/include/px4_msgs/px4_msgs/msg/detail/camera_trigger__struct.hpp\n'}
[18.239260] (px4_msgs) StdoutLine: {'line': b'-- Up-to-date: /home/subhalaxmi/nidar_ws/install/px4_msgs/include/px4_msgs/px4_msgs/msg/detail/sensor_gnss_relative__traits.hpp\n'}
[18.239573] (px4_msgs) StdoutLine: {'line': b'-- Up-to-date: /home/subhalaxmi/nidar_ws/install/px4_msgs/include/px4_msgs/px4_msgs/msg/detail/sensor_airflow__builder.hpp\n'}
[18.239755] (px4_msgs) StdoutLine: {'line': b'-- Up-to-date: /home/subhalaxmi/nidar_ws/install/px4_msgs/include/px4_msgs/px4_msgs/msg/detail/cpuload__type_support.hpp\n'}
[18.239932] (px4_msgs) StdoutLine: {'line': b'-- Up-to-date: /home/subhalaxmi/nidar_ws/install/px4_msgs/include/px4_msgs/px4_msgs/msg/detail/fixed_wing_lateral_status__traits.hpp\n'}
[18.240136] (px4_msgs) StdoutLine: {'line': b'-- Up-to-date: /home/subhalaxmi/nidar_ws/install/px4_msgs/include/px4_msgs/px4_msgs/msg/detail/ekf2_timestamps__type_support.hpp\n'}
[18.240336] (px4_msgs) StdoutLine: {'line': b'-- Up-to-date: /home/subhalaxmi/nidar_ws/install/px4_msgs/include/px4_msgs/px4_msgs/msg/detail/pwm_input__type_support.hpp\n'}
[18.240516] (px4_msgs) StdoutLine: {'line': b'-- Up-to-date: /home/subhalaxmi/nidar_ws/install/px4_msgs/include/px4_msgs/px4_msgs/msg/detail/longitudinal_control_configuration__struct.hpp\n'}
[18.240691] (px4_msgs) StdoutLine: {'line': b'-- Up-to-date: /home/subhalaxmi/nidar_ws/install/px4_msgs/include/px4_msgs/px4_msgs/msg/detail/launch_detection_status__traits.hpp\n'}
[18.240985] (px4_msgs) StdoutLine: {'line': b'-- Up-to-date: /home/subhalaxmi/nidar_ws/install/px4_msgs/include/px4_msgs/px4_msgs/msg/detail/dronecan_node_status__struct.hpp\n'}
[18.241208] (px4_msgs) StdoutLine: {'line': b'-- Up-to-date: /home/subhalaxmi/nidar_ws/install/px4_msgs/include/px4_msgs/px4_msgs/msg/detail/vehicle_imu_status__struct.hpp\n'}
[18.242231] (px4_msgs) StdoutLine: {'line': b'-- Up-to-date: /home/subhalaxmi/nidar_ws/install/px4_msgs/include/px4_msgs/px4_msgs/msg/detail/vehicle_thrust_setpoint__builder.hpp\n'}
[18.242459] (px4_msgs) StdoutLine: {'line': b'-- Up-to-date: /home/subhalaxmi/nidar_ws/install/px4_msgs/include/px4_msgs/px4_msgs/msg/detail/distance_sensor_mode_change_request__struct.hpp\n'}
[18.242677] (px4_msgs) StdoutLine: {'line': b'-- Up-to-date: /home/subhalaxmi/nidar_ws/install/px4_msgs/include/px4_msgs/px4_msgs/msg/detail/rc_channels__traits.hpp\n'}
[18.242876] (px4_msgs) StdoutLine: {'line': b'-- Up-to-date: /home/subhalaxmi/nidar_ws/install/px4_msgs/include/px4_msgs/px4_msgs/msg/detail/health_report__type_support.hpp\n'}
[18.243065] (px4_msgs) StdoutLine: {'line': b'-- Up-to-date: /home/subhalaxmi/nidar_ws/install/px4_msgs/include/px4_msgs/px4_msgs/msg/detail/position_setpoint_triplet__traits.hpp\n'}
[18.243419] (px4_msgs) StdoutLine: {'line': b'-- Up-to-date: /home/subhalaxmi/nidar_ws/install/px4_msgs/include/px4_msgs/px4_msgs/msg/detail/uavcan_parameter_request__type_support.hpp\n'}
[18.243605] (px4_msgs) StdoutLine: {'line': b'-- Up-to-date: /home/subhalaxmi/nidar_ws/install/px4_msgs/include/px4_msgs/px4_msgs/msg/detail/fixed_wing_lateral_guidance_status__type_support.hpp\n'}
[18.243793] (px4_msgs) StdoutLine: {'line': b'-- Up-to-date: /home/subhalaxmi/nidar_ws/install/px4_msgs/include/px4_msgs/px4_msgs/msg/detail/gain_compression__builder.hpp\n'}
[18.243986] (px4_msgs) StdoutLine: {'line': b'-- Up-to-date: /home/subhalaxmi/nidar_ws/install/px4_msgs/include/px4_msgs/px4_msgs/msg/detail/neural_control__struct.hpp\n'}
[18.244227] (px4_msgs) StdoutLine: {'line': b'-- Up-to-date: /home/subhalaxmi/nidar_ws/install/px4_msgs/include/px4_msgs/px4_msgs/msg/detail/gain_compression__type_support.hpp\n'}
[18.244459] (px4_msgs) StdoutLine: {'line': b'-- Up-to-date: /home/subhalaxmi/nidar_ws/install/px4_msgs/include/px4_msgs/px4_msgs/msg/detail/generator_status__traits.hpp\n'}
[18.244820] (px4_msgs) StdoutLine: {'line': b'-- Up-to-date: /home/subhalaxmi/nidar_ws/install/px4_msgs/include/px4_msgs/px4_msgs/msg/detail/estimator_aid_source3d__struct.hpp\n'}
[18.245095] (px4_msgs) StdoutLine: {'line': b'-- Up-to-date: /home/subhalaxmi/nidar_ws/install/px4_msgs/include/px4_msgs/px4_msgs/msg/detail/pps_capture__traits.hpp\n'}
[18.245329] (px4_msgs) StdoutLine: {'line': b'-- Up-to-date: /home/subhalaxmi/nidar_ws/install/px4_msgs/include/px4_msgs/px4_msgs/msg/detail/gpio_config__traits.hpp\n'}
[18.245553] (px4_msgs) StdoutLine: {'line': b'-- Up-to-date: /home/subhalaxmi/nidar_ws/install/px4_msgs/include/px4_msgs/px4_msgs/msg/detail/timesync_status__type_support.hpp\n'}
[18.245904] (px4_msgs) StdoutLine: {'line': b'-- Up-to-date: /home/subhalaxmi/nidar_ws/install/px4_msgs/include/px4_msgs/px4_msgs/msg/detail/trajectory_setpoint__struct.hpp\n'}
[18.246616] (px4_msgs) StdoutLine: {'line': b'-- Up-to-date: /home/subhalaxmi/nidar_ws/install/px4_msgs/include/px4_msgs/px4_msgs/msg/detail/vehicle_attitude_setpoint__builder.hpp\n'}
[18.247016] (px4_msgs) StdoutLine: {'line': b'-- Up-to-date: /home/subhalaxmi/nidar_ws/install/px4_msgs/include/px4_msgs/px4_msgs/msg/detail/adc_report__traits.hpp\n'}
[18.247308] (px4_msgs) StdoutLine: {'line': b'-- Up-to-date: /home/subhalaxmi/nidar_ws/install/px4_msgs/include/px4_msgs/px4_msgs/msg/detail/actuator_outputs__type_support.hpp\n'}
[18.247544] (px4_msgs) StdoutLine: {'line': b'-- Up-to-date: /home/subhalaxmi/nidar_ws/install/px4_msgs/include/px4_msgs/px4_msgs/msg/detail/heater_status__traits.hpp\n'}
[18.249470] (px4_msgs) StdoutLine: {'line': b'-- Up-to-date: /home/subhalaxmi/nidar_ws/install/px4_msgs/include/px4_msgs/px4_msgs/msg/detail/generator_status__builder.hpp\n'}
[18.250257] (px4_msgs) StdoutLine: {'line': b'-- Up-to-date: /home/subhalaxmi/nidar_ws/install/px4_msgs/include/px4_msgs/px4_msgs/msg/detail/adc_report__builder.hpp\n'}
[18.250650] (px4_msgs) StdoutLine: {'line': b'-- Up-to-date: /home/subhalaxmi/nidar_ws/install/px4_msgs/include/px4_msgs/px4_msgs/msg/detail/estimator_states__type_support.hpp\n'}
[18.251001] (px4_msgs) StdoutLine: {'line': b'-- Up-to-date: /home/subhalaxmi/nidar_ws/install/px4_msgs/include/px4_msgs/px4_msgs/msg/detail/vehicle_optical_flow__traits.hpp\n'}
[18.251370] (px4_msgs) StdoutLine: {'line': b'-- Up-to-date: /home/subhalaxmi/nidar_ws/install/px4_msgs/include/px4_msgs/px4_msgs/msg/detail/health_report__traits.hpp\n'}
[18.251644] (px4_msgs) StdoutLine: {'line': b'-- Up-to-date: /home/subhalaxmi/nidar_ws/install/px4_msgs/include/px4_msgs/px4_msgs/msg/detail/raptor_status__type_support.hpp\n'}
[18.252026] (px4_msgs) StdoutLine: {'line': b'-- Up-to-date: /home/subhalaxmi/nidar_ws/install/px4_msgs/include/px4_msgs/px4_msgs/msg/detail/vehicle_roi__traits.hpp\n'}
[18.252300] (px4_msgs) StdoutLine: {'line': b'-- Up-to-date: /home/subhalaxmi/nidar_ws/install/px4_msgs/include/px4_msgs/px4_msgs/msg/detail/gps_inject_data__struct.hpp\n'}
[18.252554] (px4_msgs) StdoutLine: {'line': b'-- Up-to-date: /home/subhalaxmi/nidar_ws/install/px4_msgs/include/px4_msgs/px4_msgs/msg/detail/vtx__struct.hpp\n'}
[18.252947] (px4_msgs) StdoutLine: {'line': b'-- Up-to-date: /home/subhalaxmi/nidar_ws/install/px4_msgs/include/px4_msgs/px4_msgs/msg/detail/tecs_status__builder.hpp\n'}
[18.253731] (px4_msgs) StdoutLine: {'line': b'-- Up-to-date: /home/subhalaxmi/nidar_ws/install/px4_msgs/include/px4_msgs/px4_msgs/msg/detail/gimbal_device_attitude_status__traits.hpp\n'}
[18.254485] (px4_msgs) StdoutLine: {'line': b'-- Up-to-date: /home/subhalaxmi/nidar_ws/install/px4_msgs/include/px4_msgs/px4_msgs/msg/detail/parameter_set_value_request__struct.hpp\n'}
[18.254953] (px4_msgs) StdoutLine: {'line': b'-- Up-to-date: /home/subhalaxmi/nidar_ws/install/px4_msgs/include/px4_msgs/px4_msgs/msg/detail/esc_status__traits.hpp\n'}
[18.255250] (px4_msgs) StdoutLine: {'line': b'-- Up-to-date: /home/subhalaxmi/nidar_ws/install/px4_msgs/include/px4_msgs/px4_msgs/msg/detail/sensor_accel_fifo__struct.hpp\n'}
[18.256899] (-) TimerEvent: {}
[18.257303] (px4_msgs) StdoutLine: {'line': b'-- Up-to-date: /home/subhalaxmi/nidar_ws/install/px4_msgs/include/px4_msgs/px4_msgs/msg/detail/uavcan_parameter_value__traits.hpp\n'}
[18.257650] (px4_msgs) StdoutLine: {'line': b'-- Up-to-date: /home/subhalaxmi/nidar_ws/install/px4_msgs/include/px4_msgs/px4_msgs/msg/detail/message_format_response__type_support.hpp\n'}
[18.257894] (px4_msgs) StdoutLine: {'line': b'-- Up-to-date: /home/subhalaxmi/nidar_ws/install/px4_msgs/include/px4_msgs/px4_msgs/msg/detail/raptor_status__traits.hpp\n'}
[18.258186] (px4_msgs) StdoutLine: {'line': b'-- Up-to-date: /home/subhalaxmi/nidar_ws/install/px4_msgs/include/px4_msgs/px4_msgs/msg/detail/fixed_wing_runway_control__traits.hpp\n'}
[18.258550] (px4_msgs) StdoutLine: {'line': b'-- Up-to-date: /home/subhalaxmi/nidar_ws/install/px4_msgs/include/px4_msgs/px4_msgs/msg/detail/open_drone_id_self_id__builder.hpp\n'}
[18.258960] (px4_msgs) StdoutLine: {'line': b'-- Up-to-date: /home/subhalaxmi/nidar_ws/install/px4_msgs/include/px4_msgs/px4_msgs/msg/detail/aux_global_position__traits.hpp\n'}
[18.259396] (px4_msgs) StdoutLine: {'line': b'-- Up-to-date: /home/subhalaxmi/nidar_ws/install/px4_msgs/include/px4_msgs/px4_msgs/msg/detail/rover_speed_setpoint__struct.hpp\n'}
[18.259800] (px4_msgs) StdoutLine: {'line': b'-- Up-to-date: /home/subhalaxmi/nidar_ws/install/px4_msgs/include/px4_msgs/px4_msgs/msg/detail/hover_thrust_estimate__struct.hpp\n'}
[18.260260] (px4_msgs) StdoutLine: {'line': b'-- Up-to-date: /home/subhalaxmi/nidar_ws/install/px4_msgs/include/px4_msgs/px4_msgs/msg/detail/orb_test_large__builder.hpp\n'}
[18.260456] (px4_msgs) StdoutLine: {'line': b'-- Up-to-date: /home/subhalaxmi/nidar_ws/install/px4_msgs/include/px4_msgs/px4_msgs/msg/detail/fixed_wing_lateral_setpoint__traits.hpp\n'}
[18.260632] (px4_msgs) StdoutLine: {'line': b'-- Up-to-date: /home/subhalaxmi/nidar_ws/install/px4_msgs/include/px4_msgs/px4_msgs/msg/detail/sensor_combined__builder.hpp\n'}
[18.260803] (px4_msgs) StdoutLine: {'line': b'-- Up-to-date: /home/subhalaxmi/nidar_ws/install/px4_msgs/include/px4_msgs/px4_msgs/msg/detail/gpio_in__type_support.hpp\n'}
[18.260975] (px4_msgs) StdoutLine: {'line': b'-- Up-to-date: /home/subhalaxmi/nidar_ws/install/px4_msgs/include/px4_msgs/px4_msgs/msg/detail/rover_attitude_status__struct.hpp\n'}
[18.261194] (px4_msgs) StdoutLine: {'line': b'-- Up-to-date: /home/subhalaxmi/nidar_ws/install/px4_msgs/include/px4_msgs/px4_msgs/msg/detail/mag_worker_data__struct.hpp\n'}
[18.261469] (px4_msgs) StdoutLine: {'line': b'-- Up-to-date: /home/subhalaxmi/nidar_ws/install/px4_msgs/include/px4_msgs/px4_msgs/msg/detail/tecs_status__struct.hpp\n'}
[18.261656] (px4_msgs) StdoutLine: {'line': b'-- Up-to-date: /home/subhalaxmi/nidar_ws/install/px4_msgs/include/px4_msgs/px4_msgs/msg/detail/sensor_gnss_relative__struct.hpp\n'}
[18.261847] (px4_msgs) StdoutLine: {'line': b'-- Up-to-date: /home/subhalaxmi/nidar_ws/install/px4_msgs/include/px4_msgs/px4_msgs/msg/detail/gimbal_manager_information__type_support.hpp\n'}
[18.262020] (px4_msgs) StdoutLine: {'line': b'-- Up-to-date: /home/subhalaxmi/nidar_ws/install/px4_msgs/include/px4_msgs/px4_msgs/msg/detail/home_position__builder.hpp\n'}
[18.262224] (px4_msgs) StdoutLine: {'line': b'-- Up-to-date: /home/subhalaxmi/nidar_ws/install/px4_msgs/include/px4_msgs/px4_msgs/msg/detail/sensor_preflight_mag__builder.hpp\n'}
[18.262412] (px4_msgs) StdoutLine: {'line': b'-- Up-to-date: /home/subhalaxmi/nidar_ws/install/px4_msgs/include/px4_msgs/px4_msgs/msg/detail/longitudinal_control_configuration__type_support.hpp\n'}
[18.262614] (px4_msgs) StdoutLine: {'line': b'-- Up-to-date: /home/subhalaxmi/nidar_ws/install/px4_msgs/include/px4_msgs/px4_msgs/msg/detail/sensor_accel__type_support.hpp\n'}
[18.262794] (px4_msgs) StdoutLine: {'line': b'-- Up-to-date: /home/subhalaxmi/nidar_ws/install/px4_msgs/include/px4_msgs/px4_msgs/msg/detail/vehicle_land_detected__traits.hpp\n'}
[18.262982] (px4_msgs) StdoutLine: {'line': b'-- Up-to-date: /home/subhalaxmi/nidar_ws/install/px4_msgs/include/px4_msgs/px4_msgs/msg/detail/control_allocator_status__struct.hpp\n'}
[18.263199] (px4_msgs) StdoutLine: {'line': b'-- Up-to-date: /home/subhalaxmi/nidar_ws/install/px4_msgs/include/px4_msgs/px4_msgs/msg/detail/task_stack_info__type_support.hpp\n'}
[18.263399] (px4_msgs) StdoutLine: {'line': b'-- Up-to-date: /home/subhalaxmi/nidar_ws/install/px4_msgs/include/px4_msgs/px4_msgs/msg/detail/sensor_uwb__builder.hpp\n'}
[18.263593] (px4_msgs) StdoutLine: {'line': b'-- Up-to-date: /home/subhalaxmi/nidar_ws/install/px4_msgs/include/px4_msgs/px4_msgs/msg/detail/wheel_encoders__traits.hpp\n'}
[18.263799] (px4_msgs) StdoutLine: {'line': b'-- Up-to-date: /home/subhalaxmi/nidar_ws/install/px4_msgs/include/px4_msgs/px4_msgs/msg/detail/sensor_gnss_status__type_support.hpp\n'}
[18.263988] (px4_msgs) StdoutLine: {'line': b'-- Up-to-date: /home/subhalaxmi/nidar_ws/install/px4_msgs/include/px4_msgs/px4_msgs/msg/detail/estimator_aid_source1d__traits.hpp\n'}
[18.264219] (px4_msgs) StdoutLine: {'line': b'-- Up-to-date: /home/subhalaxmi/nidar_ws/install/px4_msgs/include/px4_msgs/px4_msgs/msg/detail/sensors_status__builder.hpp\n'}
[18.264438] (px4_msgs) StdoutLine: {'line': b'-- Up-to-date: /home/subhalaxmi/nidar_ws/install/px4_msgs/include/px4_msgs/px4_msgs/msg/detail/raptor_input__struct.hpp\n'}
[18.264785] (px4_msgs) StdoutLine: {'line': b'-- Up-to-date: /home/subhalaxmi/nidar_ws/install/px4_msgs/include/px4_msgs/px4_msgs/msg/detail/pure_pursuit_status__traits.hpp\n'}
[18.265003] (px4_msgs) StdoutLine: {'line': b'-- Up-to-date: /home/subhalaxmi/nidar_ws/install/px4_msgs/include/px4_msgs/px4_msgs/msg/detail/landing_gear__builder.hpp\n'}
[18.265256] (px4_msgs) StdoutLine: {'line': b'-- Up-to-date: /home/subhalaxmi/nidar_ws/install/px4_msgs/include/px4_msgs/px4_msgs/msg/detail/health_report__struct.hpp\n'}
[18.265466] (px4_msgs) StdoutLine: {'line': b'-- Up-to-date: /home/subhalaxmi/nidar_ws/install/px4_msgs/include/px4_msgs/px4_msgs/msg/detail/vehicle_rates_setpoint__builder.hpp\n'}
[18.265648] (px4_msgs) StdoutLine: {'line': b'-- Up-to-date: /home/subhalaxmi/nidar_ws/install/px4_msgs/include/px4_msgs/px4_msgs/msg/detail/wheel_encoders__builder.hpp\n'}
[18.265837] (px4_msgs) StdoutLine: {'line': b'-- Up-to-date: /home/subhalaxmi/nidar_ws/install/px4_msgs/include/px4_msgs/px4_msgs/msg/detail/device_information__type_support.hpp\n'}
[18.266012] (px4_msgs) StdoutLine: {'line': b'-- Up-to-date: /home/subhalaxmi/nidar_ws/install/px4_msgs/include/px4_msgs/px4_msgs/msg/detail/rc_parameter_map__traits.hpp\n'}
[18.266220] (px4_msgs) StdoutLine: {'line': b'-- Up-to-date: /home/subhalaxmi/nidar_ws/install/px4_msgs/include/px4_msgs/px4_msgs/msg/detail/gimbal_controls__builder.hpp\n'}
[18.266520] (px4_msgs) StdoutLine: {'line': b'-- Up-to-date: /home/subhalaxmi/nidar_ws/install/px4_msgs/include/px4_msgs/px4_msgs/msg/detail/trajectory_setpoint__traits.hpp\n'}
[18.266709] (px4_msgs) StdoutLine: {'line': b'-- Up-to-date: /home/subhalaxmi/nidar_ws/install/px4_msgs/include/px4_msgs/px4_msgs/msg/detail/estimator_selector_status__builder.hpp\n'}
[18.266887] (px4_msgs) StdoutLine: {'line': b'-- Up-to-date: /home/subhalaxmi/nidar_ws/install/px4_msgs/include/px4_msgs/px4_msgs/msg/detail/sensor_uwb__struct.hpp\n'}
[18.267060] (px4_msgs) StdoutLine: {'line': b'-- Up-to-date: /home/subhalaxmi/nidar_ws/install/px4_msgs/include/px4_msgs/px4_msgs/msg/detail/transponder_report__type_support.hpp\n'}
[18.267272] (px4_msgs) StdoutLine: {'line': b'-- Up-to-date: /home/subhalaxmi/nidar_ws/install/px4_msgs/include/px4_msgs/px4_msgs/msg/detail/tiltrotor_extra_controls__type_support.hpp\n'}
[18.267455] (px4_msgs) StdoutLine: {'line': b'-- Up-to-date: /home/subhalaxmi/nidar_ws/install/px4_msgs/include/px4_msgs/px4_msgs/msg/detail/vehicle_imu__type_support.hpp\n'}
[18.267629] (px4_msgs) StdoutLine: {'line': b'-- Up-to-date: /home/subhalaxmi/nidar_ws/install/px4_msgs/include/px4_msgs/px4_msgs/msg/detail/arming_check_request__struct.hpp\n'}
[18.267806] (px4_msgs) StdoutLine: {'line': b'-- Up-to-date: /home/subhalaxmi/nidar_ws/install/px4_msgs/include/px4_msgs/px4_msgs/msg/detail/gimbal_device_information__traits.hpp\n'}
[18.267991] (px4_msgs) StdoutLine: {'line': b'-- Up-to-date: /home/subhalaxmi/nidar_ws/install/px4_msgs/include/px4_msgs/px4_msgs/msg/detail/fixed_wing_lateral_guidance_status__builder.hpp\n'}
[18.268227] (px4_msgs) StdoutLine: {'line': b'-- Up-to-date: /home/subhalaxmi/nidar_ws/install/px4_msgs/include/px4_msgs/px4_msgs/msg/detail/sensor_correction__traits.hpp\n'}
[18.268464] (px4_msgs) StdoutLine: {'line': b'-- Up-to-date: /home/subhalaxmi/nidar_ws/install/px4_msgs/include/px4_msgs/px4_msgs/msg/detail/ulog_stream__type_support.hpp\n'}
[18.268826] (px4_msgs) StdoutLine: {'line': b'-- Up-to-date: /home/subhalaxmi/nidar_ws/install/px4_msgs/include/px4_msgs/px4_msgs/msg/detail/collision_constraints__traits.hpp\n'}
[18.269028] (px4_msgs) StdoutLine: {'line': b'-- Up-to-date: /home/subhalaxmi/nidar_ws/install/px4_msgs/include/px4_msgs/px4_msgs/msg/detail/vehicle_constraints__builder.hpp\n'}
[18.269258] (px4_msgs) StdoutLine: {'line': b'-- Up-to-date: /home/subhalaxmi/nidar_ws/install/px4_msgs/include/px4_msgs/px4_msgs/msg/detail/vehicle_command__traits.hpp\n'}
[18.269441] (px4_msgs) StdoutLine: {'line': b'-- Up-to-date: /home/subhalaxmi/nidar_ws/install/px4_msgs/include/px4_msgs/px4_msgs/msg/detail/position_controller_landing_status__builder.hpp\n'}
[18.269615] (px4_msgs) StdoutLine: {'line': b'-- Up-to-date: /home/subhalaxmi/nidar_ws/install/px4_msgs/include/px4_msgs/px4_msgs/msg/detail/cellular_status__struct.hpp\n'}
[18.269791] (px4_msgs) StdoutLine: {'line': b'-- Up-to-date: /home/subhalaxmi/nidar_ws/install/px4_msgs/include/px4_msgs/px4_msgs/msg/detail/airspeed__type_support.hpp\n'}
[18.269971] (px4_msgs) StdoutLine: {'line': b'-- Up-to-date: /home/subhalaxmi/nidar_ws/install/px4_msgs/include/px4_msgs/px4_msgs/msg/detail/dronecan_node_status__traits.hpp\n'}
[18.270158] (px4_msgs) StdoutLine: {'line': b'-- Up-to-date: /home/subhalaxmi/nidar_ws/install/px4_msgs/include/px4_msgs/px4_msgs/msg/detail/mount_orientation__builder.hpp\n'}
[18.270368] (px4_msgs) StdoutLine: {'line': b'-- Up-to-date: /home/subhalaxmi/nidar_ws/install/px4_msgs/include/px4_msgs/px4_msgs/msg/detail/rtl_status__type_support.hpp\n'}
[18.270554] (px4_msgs) StdoutLine: {'line': b'-- Up-to-date: /home/subhalaxmi/nidar_ws/install/px4_msgs/include/px4_msgs/px4_msgs/msg/detail/dataman_request__struct.hpp\n'}
[18.270856] (px4_msgs) StdoutLine: {'line': b'-- Up-to-date: /home/subhalaxmi/nidar_ws/install/px4_msgs/include/px4_msgs/px4_msgs/msg/detail/wind__type_support.hpp\n'}
[18.271055] (px4_msgs) StdoutLine: {'line': b'-- Up-to-date: /home/subhalaxmi/nidar_ws/install/px4_msgs/include/px4_msgs/px4_msgs/msg/detail/parameter_update__type_support.hpp\n'}
[18.271290] (px4_msgs) StdoutLine: {'line': b'-- Up-to-date: /home/subhalaxmi/nidar_ws/install/px4_msgs/include/px4_msgs/px4_msgs/msg/detail/telemetry_status__builder.hpp\n'}
[18.271530] (px4_msgs) StdoutLine: {'line': b'-- Up-to-date: /home/subhalaxmi/nidar_ws/install/px4_msgs/include/px4_msgs/px4_msgs/msg/detail/distance_sensor_mode_change_request__type_support.hpp\n'}
[18.271720] (px4_msgs) StdoutLine: {'line': b'-- Up-to-date: /home/subhalaxmi/nidar_ws/install/px4_msgs/include/px4_msgs/px4_msgs/msg/detail/failsafe_flags__type_support.hpp\n'}
[18.271904] (px4_msgs) StdoutLine: {'line': b'-- Up-to-date: /home/subhalaxmi/nidar_ws/install/px4_msgs/include/px4_msgs/px4_msgs/msg/detail/rate_ctrl_status__builder.hpp\n'}
[18.272086] (px4_msgs) StdoutLine: {'line': b'-- Up-to-date: /home/subhalaxmi/nidar_ws/install/px4_msgs/include/px4_msgs/px4_msgs/msg/detail/sensor_gyro__traits.hpp\n'}
[18.272423] (px4_msgs) StdoutLine: {'line': b'-- Up-to-date: /home/subhalaxmi/nidar_ws/install/px4_msgs/include/px4_msgs/px4_msgs/msg/detail/obstacle_distance__struct.hpp\n'}
[18.272621] (px4_msgs) StdoutLine: {'line': b'-- Up-to-date: /home/subhalaxmi/nidar_ws/install/px4_msgs/include/px4_msgs/px4_msgs/msg/detail/position_setpoint__struct.hpp\n'}
[18.272803] (px4_msgs) StdoutLine: {'line': b'-- Up-to-date: /home/subhalaxmi/nidar_ws/install/px4_msgs/include/px4_msgs/px4_msgs/msg/detail/normalized_unsigned_setpoint__builder.hpp\n'}
[18.272981] (px4_msgs) StdoutLine: {'line': b'-- Up-to-date: /home/subhalaxmi/nidar_ws/install/px4_msgs/include/px4_msgs/px4_msgs/msg/detail/failsafe_flags__struct.hpp\n'}
[18.273195] (px4_msgs) StdoutLine: {'line': b'-- Up-to-date: /home/subhalaxmi/nidar_ws/install/px4_msgs/include/px4_msgs/px4_msgs/msg/detail/esc_report__traits.hpp\n'}
[18.273492] (px4_msgs) StdoutLine: {'line': b'-- Up-to-date: /home/subhalaxmi/nidar_ws/install/px4_msgs/include/px4_msgs/px4_msgs/msg/detail/vehicle_air_data__type_support.hpp\n'}
[18.273684] (px4_msgs) StdoutLine: {'line': b'-- Up-to-date: /home/subhalaxmi/nidar_ws/install/px4_msgs/include/px4_msgs/px4_msgs/msg/detail/goto_setpoint__struct.hpp\n'}
[18.273860] (px4_msgs) StdoutLine: {'line': b'-- Up-to-date: /home/subhalaxmi/nidar_ws/install/px4_msgs/include/px4_msgs/px4_msgs/msg/detail/position_controller_landing_status__traits.hpp\n'}
[18.274039] (px4_msgs) StdoutLine: {'line': b'-- Up-to-date: /home/subhalaxmi/nidar_ws/install/px4_msgs/include/px4_msgs/px4_msgs/msg/detail/vehicle_global_position__type_support.hpp\n'}
[18.274278] (px4_msgs) StdoutLine: {'line': b'-- Up-to-date: /home/subhalaxmi/nidar_ws/install/px4_msgs/include/px4_msgs/px4_msgs/msg/detail/position_controller_status__builder.hpp\n'}
[18.274467] (px4_msgs) StdoutLine: {'line': b'-- Up-to-date: /home/subhalaxmi/nidar_ws/install/px4_msgs/include/px4_msgs/px4_msgs/msg/detail/goto_setpoint__builder.hpp\n'}
[18.274647] (px4_msgs) StdoutLine: {'line': b'-- Up-to-date: /home/subhalaxmi/nidar_ws/install/px4_msgs/include/px4_msgs/px4_msgs/msg/detail/vehicle_angular_velocity__type_support.hpp\n'}
[18.274962] (px4_msgs) StdoutLine: {'line': b'-- Up-to-date: /home/subhalaxmi/nidar_ws/install/px4_msgs/include/px4_msgs/px4_msgs/msg/detail/gimbal_manager_information__struct.hpp\n'}
[18.275201] (px4_msgs) StdoutLine: {'line': b'-- Up-to-date: /home/subhalaxmi/nidar_ws/install/px4_msgs/include/px4_msgs/px4_msgs/msg/detail/parameter_set_value_response__struct.hpp\n'}
[18.275405] (px4_msgs) StdoutLine: {'line': b'-- Up-to-date: /home/subhalaxmi/nidar_ws/install/px4_msgs/include/px4_msgs/px4_msgs/msg/detail/vehicle_land_detected__builder.hpp\n'}
[18.275578] (px4_msgs) StdoutLine: {'line': b'-- Up-to-date: /home/subhalaxmi/nidar_ws/install/px4_msgs/include/px4_msgs/px4_msgs/msg/detail/follow_target__type_support.hpp\n'}
[18.275754] (px4_msgs) StdoutLine: {'line': b'-- Up-to-date: /home/subhalaxmi/nidar_ws/install/px4_msgs/include/px4_msgs/px4_msgs/msg/detail/failure_detector_status__builder.hpp\n'}
[18.275931] (px4_msgs) StdoutLine: {'line': b'-- Up-to-date: /home/subhalaxmi/nidar_ws/install/px4_msgs/include/px4_msgs/px4_msgs/msg/detail/button_event__builder.hpp\n'}
[18.276118] (px4_msgs) StdoutLine: {'line': b'-- Up-to-date: /home/subhalaxmi/nidar_ws/install/px4_msgs/include/px4_msgs/px4_msgs/msg/detail/qshell_retval__type_support.hpp\n'}
[18.276325] (px4_msgs) StdoutLine: {'line': b'-- Up-to-date: /home/subhalaxmi/nidar_ws/install/px4_msgs/include/px4_msgs/px4_msgs/msg/detail/mavlink_log__builder.hpp\n'}
[18.276508] (px4_msgs) StdoutLine: {'line': b'-- Up-to-date: /home/subhalaxmi/nidar_ws/install/px4_msgs/include/px4_msgs/px4_msgs/msg/detail/sensors_status_imu__type_support.hpp\n'}
[18.276694] (px4_msgs) StdoutLine: {'line': b'-- Up-to-date: /home/subhalaxmi/nidar_ws/install/px4_msgs/include/px4_msgs/px4_msgs/msg/detail/gimbal_controls__struct.hpp\n'}
[18.278588] (px4_msgs) StdoutLine: {'line': b'-- Up-to-date: /home/subhalaxmi/nidar_ws/install/px4_msgs/include/px4_msgs/px4_msgs/msg/detail/uavcan_parameter_request__builder.hpp\n'}
[18.278834] (px4_msgs) StdoutLine: {'line': b'-- Up-to-date: /home/subhalaxmi/nidar_ws/install/px4_msgs/include/px4_msgs/px4_msgs/msg/detail/vehicle_constraints__type_support.hpp\n'}
[18.279039] (px4_msgs) StdoutLine: {'line': b'-- Up-to-date: /home/subhalaxmi/nidar_ws/install/px4_msgs/include/px4_msgs/px4_msgs/msg/detail/follow_target_status__traits.hpp\n'}
[18.279331] (px4_msgs) StdoutLine: {'line': b'-- Up-to-date: /home/subhalaxmi/nidar_ws/install/px4_msgs/include/px4_msgs/px4_msgs/msg/detail/cpuload__traits.hpp\n'}
[18.279644] (px4_msgs) StdoutLine: {'line': b'-- Up-to-date: /home/subhalaxmi/nidar_ws/install/px4_msgs/include/px4_msgs/px4_msgs/msg/detail/sensor_hygrometer__traits.hpp\n'}
[18.279834] (px4_msgs) StdoutLine: {'line': b'-- Up-to-date: /home/subhalaxmi/nidar_ws/install/px4_msgs/include/px4_msgs/px4_msgs/msg/detail/vehicle_optical_flow_vel__builder.hpp\n'}
[18.280041] (px4_msgs) StdoutLine: {'line': b'-- Up-to-date: /home/subhalaxmi/nidar_ws/install/px4_msgs/include/px4_msgs/px4_msgs/msg/detail/event__builder.hpp\n'}
[18.280400] (px4_msgs) StdoutLine: {'line': b'-- Up-to-date: /home/subhalaxmi/nidar_ws/install/px4_msgs/include/px4_msgs/px4_msgs/msg/detail/rover_speed_status__struct.hpp\n'}
[18.280598] (px4_msgs) StdoutLine: {'line': b'-- Up-to-date: /home/subhalaxmi/nidar_ws/install/px4_msgs/include/px4_msgs/px4_msgs/msg/detail/rover_rate_setpoint__type_support.hpp\n'}
[18.280779] (px4_msgs) StdoutLine: {'line': b'-- Up-to-date: /home/subhalaxmi/nidar_ws/install/px4_msgs/include/px4_msgs/px4_msgs/msg/detail/actuator_controls_status__builder.hpp\n'}
[18.280953] (px4_msgs) StdoutLine: {'line': b'-- Up-to-date: /home/subhalaxmi/nidar_ws/install/px4_msgs/include/px4_msgs/px4_msgs/msg/detail/satellite_info__type_support.hpp\n'}
[18.281166] (px4_msgs) StdoutLine: {'line': b'-- Up-to-date: /home/subhalaxmi/nidar_ws/install/px4_msgs/include/px4_msgs/px4_msgs/msg/detail/actuator_armed__struct.hpp\n'}
[18.281376] (px4_msgs) StdoutLine: {'line': b'-- Up-to-date: /home/subhalaxmi/nidar_ws/install/px4_msgs/include/px4_msgs/px4_msgs/msg/detail/estimator_aid_source3d__type_support.hpp\n'}
[18.281582] (px4_msgs) StdoutLine: {'line': b'-- Up-to-date: /home/subhalaxmi/nidar_ws/install/px4_msgs/include/px4_msgs/px4_msgs/msg/detail/vehicle_torque_setpoint__struct.hpp\n'}
[18.281785] (px4_msgs) StdoutLine: {'line': b'-- Up-to-date: /home/subhalaxmi/nidar_ws/install/px4_msgs/include/px4_msgs/px4_msgs/msg/detail/internal_combustion_engine_status__type_support.hpp\n'}
[18.281980] (px4_msgs) StdoutLine: {'line': b'-- Up-to-date: /home/subhalaxmi/nidar_ws/install/px4_msgs/include/px4_msgs/px4_msgs/msg/detail/open_drone_id_arm_status__struct.hpp\n'}
[18.282273] (px4_msgs) StdoutLine: {'line': b'-- Up-to-date: /home/subhalaxmi/nidar_ws/install/px4_msgs/include/px4_msgs/px4_msgs/msg/detail/battery_status__builder.hpp\n'}
[18.282477] (px4_msgs) StdoutLine: {'line': b'-- Up-to-date: /home/subhalaxmi/nidar_ws/install/px4_msgs/include/px4_msgs/px4_msgs/msg/detail/vehicle_torque_setpoint__traits.hpp\n'}
[18.282674] (px4_msgs) StdoutLine: {'line': b'-- Up-to-date: /home/subhalaxmi/nidar_ws/install/px4_msgs/include/px4_msgs/px4_msgs/msg/detail/irlock_report__type_support.hpp\n'}
[18.282861] (px4_msgs) StdoutLine: {'line': b'-- Up-to-date: /home/subhalaxmi/nidar_ws/install/px4_msgs/include/px4_msgs/px4_msgs/msg/detail/cpuload__builder.hpp\n'}
[18.283060] (px4_msgs) StdoutLine: {'line': b'-- Up-to-date: /home/subhalaxmi/nidar_ws/install/px4_msgs/include/px4_msgs/px4_msgs/msg/detail/vehicle_angular_acceleration_setpoint__struct.hpp\n'}
[18.283327] (px4_msgs) StdoutLine: {'line': b'-- Up-to-date: /home/subhalaxmi/nidar_ws/install/px4_msgs/include/px4_msgs/px4_msgs/msg/detail/estimator_sensor_bias__struct.hpp\n'}
[18.283533] (px4_msgs) StdoutLine: {'line': b'-- Up-to-date: /home/subhalaxmi/nidar_ws/install/px4_msgs/include/px4_msgs/px4_msgs/msg/detail/mavlink_log__struct.hpp\n'}
[18.283853] (px4_msgs) StdoutLine: {'line': b'-- Up-to-date: /home/subhalaxmi/nidar_ws/install/px4_msgs/include/px4_msgs/px4_msgs/msg/detail/dataman_response__type_support.hpp\n'}
[18.284050] (px4_msgs) StdoutLine: {'line': b'-- Up-to-date: /home/subhalaxmi/nidar_ws/install/px4_msgs/include/px4_msgs/px4_msgs/msg/detail/fixed_wing_lateral_setpoint__struct.hpp\n'}
[18.284274] (px4_msgs) StdoutLine: {'line': b'-- Up-to-date: /home/subhalaxmi/nidar_ws/install/px4_msgs/include/px4_msgs/px4_msgs/msg/detail/sensor_correction__builder.hpp\n'}
[18.284469] (px4_msgs) StdoutLine: {'line': b'-- Up-to-date: /home/subhalaxmi/nidar_ws/install/px4_msgs/include/px4_msgs/px4_msgs/msg/detail/camera_status__struct.hpp\n'}
[18.284652] (px4_msgs) StdoutLine: {'line': b'-- Up-to-date: /home/subhalaxmi/nidar_ws/install/px4_msgs/include/px4_msgs/px4_msgs/msg/detail/unregister_ext_component__builder.hpp\n'}
[18.284833] (px4_msgs) StdoutLine: {'line': b'-- Up-to-date: /home/subhalaxmi/nidar_ws/install/px4_msgs/include/px4_msgs/px4_msgs/msg/detail/mode_completed__type_support.hpp\n'}
[18.285012] (px4_msgs) StdoutLine: {'line': b'-- Up-to-date: /home/subhalaxmi/nidar_ws/install/px4_msgs/include/px4_msgs/px4_msgs/msg/detail/rover_speed_setpoint__type_support.hpp\n'}
[18.285380] (px4_msgs) StdoutLine: {'line': b'-- Up-to-date: /home/subhalaxmi/nidar_ws/install/px4_msgs/include/px4_msgs/px4_msgs/msg/detail/orb_test__builder.hpp\n'}
[18.285579] (px4_msgs) StdoutLine: {'line': b'-- Up-to-date: /home/subhalaxmi/nidar_ws/install/px4_msgs/include/px4_msgs/px4_msgs/msg/detail/gripper__type_support.hpp\n'}
[18.285753] (px4_msgs) StdoutLine: {'line': b'-- Up-to-date: /home/subhalaxmi/nidar_ws/install/px4_msgs/include/px4_msgs/px4_msgs/msg/detail/fixed_wing_lateral_setpoint__builder.hpp\n'}
[18.285929] (px4_msgs) StdoutLine: {'line': b'-- Up-to-date: /home/subhalaxmi/nidar_ws/install/px4_msgs/include/px4_msgs/px4_msgs/msg/detail/debug_array__builder.hpp\n'}
[18.286126] (px4_msgs) StdoutLine: {'line': b'-- Up-to-date: /home/subhalaxmi/nidar_ws/install/px4_msgs/include/px4_msgs/px4_msgs/msg/detail/action_request__type_support.hpp\n'}
[18.286558] (px4_msgs) StdoutLine: {'line': b'-- Up-to-date: /home/subhalaxmi/nidar_ws/install/px4_msgs/include/px4_msgs/px4_msgs/msg/detail/estimator_status__traits.hpp\n'}
[18.286773] (px4_msgs) StdoutLine: {'line': b'-- Up-to-date: /home/subhalaxmi/nidar_ws/install/px4_msgs/include/px4_msgs/px4_msgs/msg/detail/rover_attitude_setpoint__builder.hpp\n'}
[18.286972] (px4_msgs) StdoutLine: {'line': b'-- Up-to-date: /home/subhalaxmi/nidar_ws/install/px4_msgs/include/px4_msgs/px4_msgs/msg/detail/log_message__builder.hpp\n'}
[18.287234] (px4_msgs) StdoutLine: {'line': b'-- Up-to-date: /home/subhalaxmi/nidar_ws/install/px4_msgs/include/px4_msgs/px4_msgs/msg/detail/vehicle_command__builder.hpp\n'}
[18.287431] (px4_msgs) StdoutLine: {'line': b'-- Up-to-date: /home/subhalaxmi/nidar_ws/install/px4_msgs/include/px4_msgs/px4_msgs/msg/detail/navigator_status__struct.hpp\n'}
[18.287610] (px4_msgs) StdoutLine: {'line': b'-- Up-to-date: /home/subhalaxmi/nidar_ws/install/px4_msgs/include/px4_msgs/px4_msgs/msg/detail/debug_key_value__traits.hpp\n'}
[18.287823] (px4_msgs) StdoutLine: {'line': b'-- Up-to-date: /home/subhalaxmi/nidar_ws/install/px4_msgs/include/px4_msgs/px4_msgs/msg/detail/rover_steering_setpoint__traits.hpp\n'}
[18.287993] (px4_msgs) StdoutLine: {'line': b'-- Up-to-date: /home/subhalaxmi/nidar_ws/install/px4_msgs/include/px4_msgs/px4_msgs/msg/detail/power_monitor__builder.hpp\n'}
[18.288649] (px4_msgs) StdoutLine: {'line': b'-- Up-to-date: /home/subhalaxmi/nidar_ws/install/px4_msgs/include/px4_msgs/px4_msgs/msg/detail/sensors_status__type_support.hpp\n'}
[18.288895] (px4_msgs) StdoutLine: {'line': b'-- Up-to-date: /home/subhalaxmi/nidar_ws/install/px4_msgs/include/px4_msgs/px4_msgs/msg/detail/pure_pursuit_status__type_support.hpp\n'}
[18.289082] (px4_msgs) StdoutLine: {'line': b'-- Up-to-date: /home/subhalaxmi/nidar_ws/install/px4_msgs/include/px4_msgs/px4_msgs/msg/detail/sensor_gyro_fft__struct.hpp\n'}
[18.289442] (px4_msgs) StdoutLine: {'line': b'-- Up-to-date: /home/subhalaxmi/nidar_ws/install/px4_msgs/include/px4_msgs/px4_msgs/msg/detail/rpm__struct.hpp\n'}
[18.289737] (px4_msgs) StdoutLine: {'line': b'-- Up-to-date: /home/subhalaxmi/nidar_ws/install/px4_msgs/include/px4_msgs/px4_msgs/msg/detail/camera_status__traits.hpp\n'}
[18.289924] (px4_msgs) StdoutLine: {'line': b'-- Up-to-date: /home/subhalaxmi/nidar_ws/install/px4_msgs/include/px4_msgs/px4_msgs/msg/detail/pwm_input__struct.hpp\n'}
[18.290115] (px4_msgs) StdoutLine: {'line': b'-- Up-to-date: /home/subhalaxmi/nidar_ws/install/px4_msgs/include/px4_msgs/px4_msgs/msg/detail/estimator_event_flags__traits.hpp\n'}
[18.290320] (px4_msgs) StdoutLine: {'line': b'-- Up-to-date: /home/subhalaxmi/nidar_ws/install/px4_msgs/include/px4_msgs/px4_msgs/msg/detail/orb_test_medium__builder.hpp\n'}
[18.290517] (px4_msgs) StdoutLine: {'line': b'-- Up-to-date: /home/subhalaxmi/nidar_ws/install/px4_msgs/include/px4_msgs/px4_msgs/msg/detail/mode_completed__traits.hpp\n'}
[18.290700] (px4_msgs) StdoutLine: {'line': b'-- Up-to-date: /home/subhalaxmi/nidar_ws/install/px4_msgs/include/px4_msgs/px4_msgs/msg/detail/geofence_result__builder.hpp\n'}
[18.290929] (px4_msgs) StdoutLine: {'line': b'-- Up-to-date: /home/subhalaxmi/nidar_ws/install/px4_msgs/include/px4_msgs/px4_msgs/msg/detail/parameter_set_used_request__struct.hpp\n'}
[18.291294] (px4_msgs) StdoutLine: {'line': b'-- Up-to-date: /home/subhalaxmi/nidar_ws/install/px4_msgs/include/px4_msgs/px4_msgs/msg/detail/gps_dump__builder.hpp\n'}
[18.291501] (px4_msgs) StdoutLine: {'line': b'-- Up-to-date: /home/subhalaxmi/nidar_ws/install/px4_msgs/include/px4_msgs/px4_msgs/msg/detail/sensor_accel__builder.hpp\n'}
[18.291680] (px4_msgs) StdoutLine: {'line': b'-- Up-to-date: /home/subhalaxmi/nidar_ws/install/px4_msgs/include/px4_msgs/px4_msgs/msg/detail/raptor_input__type_support.hpp\n'}
[18.291851] (px4_msgs) StdoutLine: {'line': b'-- Up-to-date: /home/subhalaxmi/nidar_ws/install/px4_msgs/include/px4_msgs/px4_msgs/msg/detail/gps_dump__struct.hpp\n'}
[18.292024] (px4_msgs) StdoutLine: {'line': b'-- Up-to-date: /home/subhalaxmi/nidar_ws/install/px4_msgs/include/px4_msgs/px4_msgs/msg/detail/vehicle_land_detected__struct.hpp\n'}
[18.292236] (px4_msgs) StdoutLine: {'line': b'-- Up-to-date: /home/subhalaxmi/nidar_ws/install/px4_msgs/include/px4_msgs/px4_msgs/msg/detail/gpio_out__traits.hpp\n'}
[18.292429] (px4_msgs) StdoutLine: {'line': b'-- Up-to-date: /home/subhalaxmi/nidar_ws/install/px4_msgs/include/px4_msgs/px4_msgs/msg/detail/vehicle_attitude_setpoint__struct.hpp\n'}
[18.292605] (px4_msgs) StdoutLine: {'line': b'-- Up-to-date: /home/subhalaxmi/nidar_ws/install/px4_msgs/include/px4_msgs/px4_msgs/msg/detail/sensor_gps__type_support.hpp\n'}
[18.292825] (px4_msgs) StdoutLine: {'line': b'-- Up-to-date: /home/subhalaxmi/nidar_ws/install/px4_msgs/include/px4_msgs/px4_msgs/msg/detail/gpio_request__type_support.hpp\n'}
[18.293226] (px4_msgs) StdoutLine: {'line': b'-- Up-to-date: /home/subhalaxmi/nidar_ws/install/px4_msgs/include/px4_msgs/px4_msgs/msg/detail/vehicle_imu__builder.hpp\n'}
[18.293763] (px4_msgs) StdoutLine: {'line': b'-- Up-to-date: /home/subhalaxmi/nidar_ws/install/px4_msgs/include/px4_msgs/px4_msgs/msg/detail/vehicle_constraints__struct.hpp\n'}
[18.293996] (px4_msgs) StdoutLine: {'line': b'-- Up-to-date: /home/subhalaxmi/nidar_ws/install/px4_msgs/include/px4_msgs/px4_msgs/msg/detail/estimator_innovations__type_support.hpp\n'}
[18.294260] (px4_msgs) StdoutLine: {'line': b'-- Up-to-date: /home/subhalaxmi/nidar_ws/install/px4_msgs/include/px4_msgs/px4_msgs/msg/detail/estimator_bias__builder.hpp\n'}
[18.296029] (px4_msgs) StdoutLine: {'line': b'-- Up-to-date: /home/subhalaxmi/nidar_ws/install/px4_msgs/include/px4_msgs/px4_msgs/msg/detail/estimator_states__traits.hpp\n'}
[18.296570] (px4_msgs) StdoutLine: {'line': b'-- Up-to-date: /home/subhalaxmi/nidar_ws/install/px4_msgs/include/px4_msgs/px4_msgs/msg/detail/log_message__struct.hpp\n'}
[18.296818] (px4_msgs) StdoutLine: {'line': b'-- Up-to-date: /home/subhalaxmi/nidar_ws/install/px4_msgs/include/px4_msgs/px4_msgs/msg/detail/rover_throttle_setpoint__struct.hpp\n'}
[18.297013] (px4_msgs) StdoutLine: {'line': b'-- Up-to-date: /home/subhalaxmi/nidar_ws/install/px4_msgs/include/px4_msgs/px4_msgs/msg/detail/rover_throttle_setpoint__builder.hpp\n'}
[18.297273] (px4_msgs) StdoutLine: {'line': b'-- Up-to-date: /home/subhalaxmi/nidar_ws/install/px4_msgs/include/px4_msgs/px4_msgs/msg/detail/vehicle_command_ack__builder.hpp\n'}
[18.297485] (px4_msgs) StdoutLine: {'line': b'-- Up-to-date: /home/subhalaxmi/nidar_ws/install/px4_msgs/include/px4_msgs/px4_msgs/msg/detail/gimbal_device_set_attitude__type_support.hpp\n'}
[18.297669] (px4_msgs) StdoutLine: {'line': b'-- Up-to-date: /home/subhalaxmi/nidar_ws/install/px4_msgs/include/px4_msgs/px4_msgs/msg/detail/vehicle_local_position__struct.hpp\n'}
[18.297846] (px4_msgs) StdoutLine: {'line': b'-- Up-to-date: /home/subhalaxmi/nidar_ws/install/px4_msgs/include/px4_msgs/px4_msgs/msg/detail/mount_orientation__struct.hpp\n'}
[18.298024] (px4_msgs) StdoutLine: {'line': b'-- Up-to-date: /home/subhalaxmi/nidar_ws/install/px4_msgs/include/px4_msgs/px4_msgs/msg/detail/vehicle_acceleration__builder.hpp\n'}
[18.298282] (px4_msgs) StdoutLine: {'line': b'-- Up-to-date: /home/subhalaxmi/nidar_ws/install/px4_msgs/include/px4_msgs/px4_msgs/msg/detail/manual_control_switches__builder.hpp\n'}
[18.298604] (px4_msgs) StdoutLine: {'line': b'-- Up-to-date: /home/subhalaxmi/nidar_ws/install/px4_msgs/include/px4_msgs/px4_msgs/msg/detail/gimbal_device_attitude_status__builder.hpp\n'}
[18.298820] (px4_msgs) StdoutLine: {'line': b'-- Up-to-date: /home/subhalaxmi/nidar_ws/install/px4_msgs/include/px4_msgs/px4_msgs/msg/detail/ekf2_timestamps__struct.hpp\n'}
[18.299000] (px4_msgs) StdoutLine: {'line': b'-- Up-to-date: /home/subhalaxmi/nidar_ws/install/px4_msgs/include/px4_msgs/px4_msgs/msg/detail/rtl_status__traits.hpp\n'}
[18.299315] (px4_msgs) StdoutLine: {'line': b'-- Up-to-date: /home/subhalaxmi/nidar_ws/install/px4_msgs/include/px4_msgs/px4_msgs/msg/detail/telemetry_status__traits.hpp\n'}
[18.299560] (px4_msgs) StdoutLine: {'line': b'-- Up-to-date: /home/subhalaxmi/nidar_ws/install/px4_msgs/include/px4_msgs/px4_msgs/msg/detail/fixed_wing_lateral_setpoint__type_support.hpp\n'}
[18.299781] (px4_msgs) StdoutLine: {'line': b'-- Up-to-date: /home/subhalaxmi/nidar_ws/install/px4_msgs/include/px4_msgs/px4_msgs/msg/detail/radio_status__builder.hpp\n'}
[18.299975] (px4_msgs) StdoutLine: {'line': b'-- Up-to-date: /home/subhalaxmi/nidar_ws/install/px4_msgs/include/px4_msgs/px4_msgs/msg/detail/hover_thrust_estimate__builder.hpp\n'}
[18.300210] (px4_msgs) StdoutLine: {'line': b'-- Up-to-date: /home/subhalaxmi/nidar_ws/install/px4_msgs/include/px4_msgs/px4_msgs/msg/detail/arming_check_reply__builder.hpp\n'}
[18.300593] (px4_msgs) StdoutLine: {'line': b'-- Up-to-date: /home/subhalaxmi/nidar_ws/install/px4_msgs/include/px4_msgs/px4_msgs/msg/detail/tune_control__struct.hpp\n'}
[18.301218] (px4_msgs) StdoutLine: {'line': b'-- Up-to-date: /home/subhalaxmi/nidar_ws/install/px4_msgs/include/px4_msgs/px4_msgs/msg/detail/mavlink_tunnel__type_support.hpp\n'}
[18.301991] (px4_msgs) StdoutLine: {'line': b'-- Up-to-date: /home/subhalaxmi/nidar_ws/install/px4_msgs/include/px4_msgs/px4_msgs/msg/detail/px4io_status__type_support.hpp\n'}
[18.302809] (px4_msgs) StdoutLine: {'line': b'-- Up-to-date: /home/subhalaxmi/nidar_ws/install/px4_msgs/include/px4_msgs/px4_msgs/msg/detail/fixed_wing_longitudinal_setpoint__type_support.hpp\n'}
[18.303081] (px4_msgs) StdoutLine: {'line': b'-- Up-to-date: /home/subhalaxmi/nidar_ws/install/px4_msgs/include/px4_msgs/px4_msgs/msg/detail/tecs_status__type_support.hpp\n'}
[18.303367] (px4_msgs) StdoutLine: {'line': b'-- Up-to-date: /home/subhalaxmi/nidar_ws/install/px4_msgs/include/px4_msgs/px4_msgs/msg/detail/sensor_accel_fifo__type_support.hpp\n'}
[18.305206] (px4_msgs) StdoutLine: {'line': b'-- Up-to-date: /home/subhalaxmi/nidar_ws/install/px4_msgs/include/px4_msgs/px4_msgs/msg/detail/vehicle_air_data__traits.hpp\n'}
[18.305492] (px4_msgs) StdoutLine: {'line': b'-- Up-to-date: /home/subhalaxmi/nidar_ws/install/px4_msgs/include/px4_msgs/px4_msgs/msg/detail/raptor_input__builder.hpp\n'}
[18.305730] (px4_msgs) StdoutLine: {'line': b'-- Up-to-date: /home/subhalaxmi/nidar_ws/install/px4_msgs/include/px4_msgs/px4_msgs/msg/detail/uavcan_parameter_value__type_support.hpp\n'}
[18.305959] (px4_msgs) StdoutLine: {'line': b'-- Up-to-date: /home/subhalaxmi/nidar_ws/install/px4_msgs/include/px4_msgs/px4_msgs/msg/detail/rtl_time_estimate__type_support.hpp\n'}
[18.307457] (px4_msgs) StdoutLine: {'line': b'-- Up-to-date: /home/subhalaxmi/nidar_ws/install/px4_msgs/include/px4_msgs/px4_msgs/msg/detail/open_drone_id_self_id__type_support.hpp\n'}
[18.307931] (px4_msgs) StdoutLine: {'line': b'-- Up-to-date: /home/subhalaxmi/nidar_ws/install/px4_msgs/include/px4_msgs/px4_msgs/msg/detail/debug_vect__builder.hpp\n'}
[18.308134] (px4_msgs) StdoutLine: {'line': b'-- Up-to-date: /home/subhalaxmi/nidar_ws/install/px4_msgs/include/px4_msgs/px4_msgs/msg/detail/vehicle_local_position_setpoint__builder.hpp\n'}
[18.308333] (px4_msgs) StdoutLine: {'line': b'-- Up-to-date: /home/subhalaxmi/nidar_ws/install/px4_msgs/include/px4_msgs/px4_msgs/msg/detail/actuator_servos__traits.hpp\n'}
[18.308542] (px4_msgs) StdoutLine: {'line': b'-- Up-to-date: /home/subhalaxmi/nidar_ws/install/px4_msgs/include/px4_msgs/px4_msgs/msg/detail/sensors_status_imu__traits.hpp\n'}
[18.308711] (px4_msgs) StdoutLine: {'line': b'-- Up-to-date: /home/subhalaxmi/nidar_ws/install/px4_msgs/include/px4_msgs/px4_msgs/msg/detail/orb_test_medium__type_support.hpp\n'}
[18.308881] (px4_msgs) StdoutLine: {'line': b'-- Up-to-date: /home/subhalaxmi/nidar_ws/install/px4_msgs/include/px4_msgs/px4_msgs/msg/detail/velocity_limits__type_support.hpp\n'}
[18.309049] (px4_msgs) StdoutLine: {'line': b'-- Up-to-date: /home/subhalaxmi/nidar_ws/install/px4_msgs/include/px4_msgs/px4_msgs/msg/detail/gimbal_manager_information__traits.hpp\n'}
[18.309480] (px4_msgs) StdoutLine: {'line': b'-- Up-to-date: /home/subhalaxmi/nidar_ws/install/px4_msgs/include/px4_msgs/px4_msgs/msg/detail/position_setpoint_triplet__builder.hpp\n'}
[18.309667] (px4_msgs) StdoutLine: {'line': b'-- Up-to-date: /home/subhalaxmi/nidar_ws/install/px4_msgs/include/px4_msgs/px4_msgs/msg/detail/gimbal_manager_set_attitude__struct.hpp\n'}
[18.309835] (px4_msgs) StdoutLine: {'line': b'-- Up-to-date: /home/subhalaxmi/nidar_ws/install/px4_msgs/include/px4_msgs/px4_msgs/msg/detail/tiltrotor_extra_controls__traits.hpp\n'}
[18.310004] (px4_msgs) StdoutLine: {'line': b'-- Up-to-date: /home/subhalaxmi/nidar_ws/install/px4_msgs/include/px4_msgs/px4_msgs/msg/detail/transponder_report__traits.hpp\n'}
[18.310186] (px4_msgs) StdoutLine: {'line': b'-- Up-to-date: /home/subhalaxmi/nidar_ws/install/px4_msgs/include/px4_msgs/px4_msgs/msg/detail/sensor_temp__traits.hpp\n'}
[18.310375] (px4_msgs) StdoutLine: {'line': b'-- Up-to-date: /home/subhalaxmi/nidar_ws/install/px4_msgs/include/px4_msgs/px4_msgs/msg/detail/fixed_wing_runway_control__type_support.hpp\n'}
[18.310545] (px4_msgs) StdoutLine: {'line': b'-- Up-to-date: /home/subhalaxmi/nidar_ws/install/px4_msgs/include/px4_msgs/px4_msgs/msg/detail/gimbal_device_set_attitude__traits.hpp\n'}
[18.310713] (px4_msgs) StdoutLine: {'line': b'-- Up-to-date: /home/subhalaxmi/nidar_ws/install/px4_msgs/include/px4_msgs/px4_msgs/msg/detail/control_allocator_status__builder.hpp\n'}
[18.310913] (px4_msgs) StdoutLine: {'line': b'-- Up-to-date: /home/subhalaxmi/nidar_ws/install/px4_msgs/include/px4_msgs/px4_msgs/msg/detail/system_power__type_support.hpp\n'}
[18.311088] (px4_msgs) StdoutLine: {'line': b'-- Up-to-date: /home/subhalaxmi/nidar_ws/install/px4_msgs/include/px4_msgs/px4_msgs/msg/detail/qshell_req__traits.hpp\n'}
[18.311304] (px4_msgs) StdoutLine: {'line': b'-- Up-to-date: /home/subhalaxmi/nidar_ws/install/px4_msgs/include/px4_msgs/px4_msgs/msg/detail/health_report__builder.hpp\n'}
[18.311501] (px4_msgs) StdoutLine: {'line': b'-- Up-to-date: /home/subhalaxmi/nidar_ws/install/px4_msgs/include/px4_msgs/px4_msgs/msg/detail/lateral_control_configuration__type_support.hpp\n'}
[18.313647] (px4_msgs) StdoutLine: {'line': b'-- Up-to-date: /home/subhalaxmi/nidar_ws/install/px4_msgs/include/px4_msgs/px4_msgs/msg/detail/sensor_gps__struct.hpp\n'}
[18.314055] (px4_msgs) StdoutLine: {'line': b'-- Up-to-date: /home/subhalaxmi/nidar_ws/install/px4_msgs/include/px4_msgs/px4_msgs/msg/trajectory_setpoint6dof.hpp\n'}
[18.314290] (px4_msgs) StdoutLine: {'line': b'-- Up-to-date: /home/subhalaxmi/nidar_ws/install/px4_msgs/include/px4_msgs/px4_msgs/msg/radio_status.hpp\n'}
[18.314483] (px4_msgs) StdoutLine: {'line': b'-- Up-to-date: /home/subhalaxmi/nidar_ws/install/px4_msgs/include/px4_msgs/px4_msgs/msg/onboard_computer_status.hpp\n'}
[18.314665] (px4_msgs) StdoutLine: {'line': b'-- Up-to-date: /home/subhalaxmi/nidar_ws/install/px4_msgs/include/px4_msgs/px4_msgs/msg/task_stack_info.hpp\n'}
[18.314845] (px4_msgs) StdoutLine: {'line': b'-- Up-to-date: /home/subhalaxmi/nidar_ws/install/px4_msgs/include/px4_msgs/px4_msgs/msg/rosidl_generator_cpp__visibility_control.hpp\n'}
[18.315028] (px4_msgs) StdoutLine: {'line': b'-- Up-to-date: /home/subhalaxmi/nidar_ws/install/px4_msgs/include/px4_msgs/px4_msgs/msg/rover_attitude_setpoint.hpp\n'}
[18.315246] (px4_msgs) StdoutLine: {'line': b'-- Up-to-date: /home/subhalaxmi/nidar_ws/install/px4_msgs/include/px4_msgs/px4_msgs/msg/can_interface_status.hpp\n'}
[18.315458] (px4_msgs) StdoutLine: {'line': b'-- Up-to-date: /home/subhalaxmi/nidar_ws/install/px4_msgs/include/px4_msgs/px4_msgs/msg/offboard_control_mode.hpp\n'}
[18.315636] (px4_msgs) StdoutLine: {'line': b'-- Up-to-date: /home/subhalaxmi/nidar_ws/install/px4_msgs/include/px4_msgs/px4_msgs/msg/rpm.hpp\n'}
[18.315811] (px4_msgs) StdoutLine: {'line': b'-- Up-to-date: /home/subhalaxmi/nidar_ws/install/px4_msgs/include/px4_msgs/px4_msgs/msg/mag_worker_data.hpp\n'}
[18.315986] (px4_msgs) StdoutLine: {'line': b'-- Up-to-date: /home/subhalaxmi/nidar_ws/install/px4_msgs/include/px4_msgs/px4_msgs/msg/normalized_unsigned_setpoint.hpp\n'}
[18.316195] (px4_msgs) StdoutLine: {'line': b'-- Up-to-date: /home/subhalaxmi/nidar_ws/install/px4_msgs/include/px4_msgs/px4_msgs/msg/parameter_set_used_request.hpp\n'}
[18.316391] (px4_msgs) StdoutLine: {'line': b'-- Up-to-date: /home/subhalaxmi/nidar_ws/install/px4_msgs/include/px4_msgs/px4_msgs/msg/mode_completed.hpp\n'}
[18.316562] (px4_msgs) StdoutLine: {'line': b'-- Up-to-date: /home/subhalaxmi/nidar_ws/install/px4_msgs/include/px4_msgs/px4_msgs/msg/mission_result.hpp\n'}
[18.316727] (px4_msgs) StdoutLine: {'line': b'-- Up-to-date: /home/subhalaxmi/nidar_ws/install/px4_msgs/include/px4_msgs/px4_msgs/msg/sensor_gyro_fifo.hpp\n'}
[18.316899] (px4_msgs) StdoutLine: {'line': b'-- Up-to-date: /home/subhalaxmi/nidar_ws/install/px4_msgs/include/px4_msgs/px4_msgs/msg/follow_target_status.hpp\n'}
[18.317073] (px4_msgs) StdoutLine: {'line': b'-- Up-to-date: /home/subhalaxmi/nidar_ws/install/px4_msgs/include/px4_msgs/px4_msgs/msg/cellular_status.hpp\n'}
[18.317293] (px4_msgs) StdoutLine: {'line': b'-- Up-to-date: /home/subhalaxmi/nidar_ws/install/px4_msgs/include/px4_msgs/px4_msgs/msg/debug_key_value.hpp\n'}
[18.317486] (px4_msgs) StdoutLine: {'line': b'-- Up-to-date: /home/subhalaxmi/nidar_ws/install/px4_msgs/include/px4_msgs/px4_msgs/msg/actuator_servos_trim.hpp\n'}
[18.317695] (px4_msgs) StdoutLine: {'line': b'-- Up-to-date: /home/subhalaxmi/nidar_ws/install/px4_msgs/include/px4_msgs/px4_msgs/msg/dronecan_node_status.hpp\n'}
[18.317892] (px4_msgs) StdoutLine: {'line': b'-- Up-to-date: /home/subhalaxmi/nidar_ws/install/px4_msgs/include/px4_msgs/px4_msgs/msg/estimator_aid_source1d.hpp\n'}
[18.318138] (px4_msgs) StdoutLine: {'line': b'-- Up-to-date: /home/subhalaxmi/nidar_ws/install/px4_msgs/include/px4_msgs/px4_msgs/msg/irlock_report.hpp\n'}
[18.318350] (px4_msgs) StdoutLine: {'line': b'-- Up-to-date: /home/subhalaxmi/nidar_ws/install/px4_msgs/include/px4_msgs/px4_msgs/msg/sensor_optical_flow.hpp\n'}
[18.318522] (px4_msgs) StdoutLine: {'line': b'-- Up-to-date: /home/subhalaxmi/nidar_ws/install/px4_msgs/include/px4_msgs/px4_msgs/msg/camera_capture.hpp\n'}
[18.318691] (px4_msgs) StdoutLine: {'line': b'-- Up-to-date: /home/subhalaxmi/nidar_ws/install/px4_msgs/include/px4_msgs/px4_msgs/msg/sensor_airflow.hpp\n'}
[18.319645] (px4_msgs) StdoutLine: {'line': b'-- Up-to-date: /home/subhalaxmi/nidar_ws/install/px4_msgs/include/px4_msgs/px4_msgs/msg/gimbal_manager_set_attitude.hpp\n'}
[18.319832] (px4_msgs) StdoutLine: {'line': b'-- Up-to-date: /home/subhalaxmi/nidar_ws/install/px4_msgs/include/px4_msgs/px4_msgs/msg/vehicle_land_detected.hpp\n'}
[18.320026] (px4_msgs) StdoutLine: {'line': b'-- Up-to-date: /home/subhalaxmi/nidar_ws/install/px4_msgs/include/px4_msgs/px4_msgs/msg/gpio_in.hpp\n'}
[18.320235] (px4_msgs) StdoutLine: {'line': b'-- Up-to-date: /home/subhalaxmi/nidar_ws/install/px4_msgs/include/px4_msgs/px4_msgs/msg/aux_global_position.hpp\n'}
[18.320415] (px4_msgs) StdoutLine: {'line': b'-- Up-to-date: /home/subhalaxmi/nidar_ws/install/px4_msgs/include/px4_msgs/px4_msgs/msg/actuator_armed.hpp\n'}
[18.320584] (px4_msgs) StdoutLine: {'line': b'-- Up-to-date: /home/subhalaxmi/nidar_ws/install/px4_msgs/include/px4_msgs/px4_msgs/msg/actuator_controls_status.hpp\n'}
[18.320752] (px4_msgs) StdoutLine: {'line': b'-- Up-to-date: /home/subhalaxmi/nidar_ws/install/px4_msgs/include/px4_msgs/px4_msgs/msg/ulog_stream_ack.hpp\n'}
[18.320936] (px4_msgs) StdoutLine: {'line': b'-- Up-to-date: /home/subhalaxmi/nidar_ws/install/px4_msgs/include/px4_msgs/px4_msgs/msg/ulog_stream.hpp\n'}
[18.321115] (px4_msgs) StdoutLine: {'line': b'-- Up-to-date: /home/subhalaxmi/nidar_ws/install/px4_msgs/include/px4_msgs/px4_msgs/msg/sensor_hygrometer.hpp\n'}
[18.321316] (px4_msgs) StdoutLine: {'line': b'-- Up-to-date: /home/subhalaxmi/nidar_ws/install/px4_msgs/include/px4_msgs/px4_msgs/msg/vtol_vehicle_status.hpp\n'}
[18.321492] (px4_msgs) StdoutLine: {'line': b'-- Up-to-date: /home/subhalaxmi/nidar_ws/install/px4_msgs/include/px4_msgs/px4_msgs/msg/config_overrides.hpp\n'}
[18.321662] (px4_msgs) StdoutLine: {'line': b'-- Up-to-date: /home/subhalaxmi/nidar_ws/install/px4_msgs/include/px4_msgs/px4_msgs/msg/collision_constraints.hpp\n'}
[18.321830] (px4_msgs) StdoutLine: {'line': b'-- Up-to-date: /home/subhalaxmi/nidar_ws/install/px4_msgs/include/px4_msgs/px4_msgs/msg/rate_ctrl_status.hpp\n'}
[18.321995] (px4_msgs) StdoutLine: {'line': b'-- Up-to-date: /home/subhalaxmi/nidar_ws/install/px4_msgs/include/px4_msgs/px4_msgs/msg/landing_gear_wheel.hpp\n'}
[18.322188] (px4_msgs) StdoutLine: {'line': b'-- Up-to-date: /home/subhalaxmi/nidar_ws/install/px4_msgs/include/px4_msgs/px4_msgs/msg/arming_check_reply.hpp\n'}
[18.322370] (px4_msgs) StdoutLine: {'line': b'-- Up-to-date: /home/subhalaxmi/nidar_ws/install/px4_msgs/include/px4_msgs/px4_msgs/msg/internal_combustion_engine_control.hpp\n'}
[18.322539] (px4_msgs) StdoutLine: {'line': b'-- Up-to-date: /home/subhalaxmi/nidar_ws/install/px4_msgs/include/px4_msgs/px4_msgs/msg/rc_channels.hpp\n'}
[18.322702] (px4_msgs) StdoutLine: {'line': b'-- Up-to-date: /home/subhalaxmi/nidar_ws/install/px4_msgs/include/px4_msgs/px4_msgs/msg/vehicle_air_data.hpp\n'}
[18.322866] (px4_msgs) StdoutLine: {'line': b'-- Up-to-date: /home/subhalaxmi/nidar_ws/install/px4_msgs/include/px4_msgs/px4_msgs/msg/vehicle_optical_flow_vel.hpp\n'}
[18.323033] (px4_msgs) StdoutLine: {'line': b'-- Up-to-date: /home/subhalaxmi/nidar_ws/install/px4_msgs/include/px4_msgs/px4_msgs/msg/estimator_gps_status.hpp\n'}
[18.323235] (px4_msgs) StdoutLine: {'line': b'-- Up-to-date: /home/subhalaxmi/nidar_ws/install/px4_msgs/include/px4_msgs/px4_msgs/msg/tiltrotor_extra_controls.hpp\n'}
[18.323409] (px4_msgs) StdoutLine: {'line': b'-- Up-to-date: /home/subhalaxmi/nidar_ws/install/px4_msgs/include/px4_msgs/px4_msgs/msg/landing_target_innovations.hpp\n'}
[18.323573] (px4_msgs) StdoutLine: {'line': b'-- Up-to-date: /home/subhalaxmi/nidar_ws/install/px4_msgs/include/px4_msgs/px4_msgs/msg/sensor_gnss_status.hpp\n'}
[18.323738] (px4_msgs) StdoutLine: {'line': b'-- Up-to-date: /home/subhalaxmi/nidar_ws/install/px4_msgs/include/px4_msgs/px4_msgs/msg/generator_status.hpp\n'}
[18.323903] (px4_msgs) StdoutLine: {'line': b'-- Up-to-date: /home/subhalaxmi/nidar_ws/install/px4_msgs/include/px4_msgs/px4_msgs/msg/sensor_selection.hpp\n'}
[18.324068] (px4_msgs) StdoutLine: {'line': b'-- Up-to-date: /home/subhalaxmi/nidar_ws/install/px4_msgs/include/px4_msgs/px4_msgs/msg/estimator_status_flags.hpp\n'}
[18.325157] (px4_msgs) StdoutLine: {'line': b'-- Up-to-date: /home/subhalaxmi/nidar_ws/install/px4_msgs/include/px4_msgs/px4_msgs/msg/rover_steering_setpoint.hpp\n'}
[18.325411] (px4_msgs) StdoutLine: {'line': b'-- Up-to-date: /home/subhalaxmi/nidar_ws/install/px4_msgs/include/px4_msgs/px4_msgs/msg/esc_status.hpp\n'}
[18.325626] (px4_msgs) StdoutLine: {'line': b'-- Up-to-date: /home/subhalaxmi/nidar_ws/install/px4_msgs/include/px4_msgs/px4_msgs/msg/actuator_test.hpp\n'}
[18.325831] (px4_msgs) StdoutLine: {'line': b'-- Up-to-date: /home/subhalaxmi/nidar_ws/install/px4_msgs/include/px4_msgs/px4_msgs/msg/estimator_event_flags.hpp\n'}
[18.326120] (px4_msgs) StdoutLine: {'line': b'-- Up-to-date: /home/subhalaxmi/nidar_ws/install/px4_msgs/include/px4_msgs/px4_msgs/msg/sensor_gnss_relative.hpp\n'}
[18.326379] (px4_msgs) StdoutLine: {'line': b'-- Up-to-date: /home/subhalaxmi/nidar_ws/install/px4_msgs/include/px4_msgs/px4_msgs/msg/trajectory_setpoint.hpp\n'}
[18.326592] (px4_msgs) StdoutLine: {'line': b'-- Up-to-date: /home/subhalaxmi/nidar_ws/install/px4_msgs/include/px4_msgs/px4_msgs/srv\n'}
[18.326832] (px4_msgs) StdoutLine: {'line': b'-- Up-to-date: /home/subhalaxmi/nidar_ws/install/px4_msgs/include/px4_msgs/px4_msgs/srv/vehicle_command.hpp\n'}
[18.327137] (px4_msgs) StdoutLine: {'line': b'-- Up-to-date: /home/subhalaxmi/nidar_ws/install/px4_msgs/include/px4_msgs/px4_msgs/srv/detail\n'}
[18.327365] (px4_msgs) StdoutLine: {'line': b'-- Up-to-date: /home/subhalaxmi/nidar_ws/install/px4_msgs/include/px4_msgs/px4_msgs/srv/detail/vehicle_command__struct.hpp\n'}
[18.327561] (px4_msgs) StdoutLine: {'line': b'-- Up-to-date: /home/subhalaxmi/nidar_ws/install/px4_msgs/include/px4_msgs/px4_msgs/srv/detail/vehicle_command__type_support.hpp\n'}
[18.327821] (px4_msgs) StdoutLine: {'line': b'-- Up-to-date: /home/subhalaxmi/nidar_ws/install/px4_msgs/include/px4_msgs/px4_msgs/srv/detail/vehicle_command__traits.hpp\n'}
[18.328001] (px4_msgs) StdoutLine: {'line': b'-- Up-to-date: /home/subhalaxmi/nidar_ws/install/px4_msgs/include/px4_msgs/px4_msgs/srv/detail/vehicle_command__builder.hpp\n'}
[18.328293] (px4_msgs) StdoutLine: {'line': b'-- Up-to-date: /home/subhalaxmi/nidar_ws/install/px4_msgs/include/px4_msgs/px4_msgs\n'}
[18.328482] (px4_msgs) StdoutLine: {'line': b'-- Up-to-date: /home/subhalaxmi/nidar_ws/install/px4_msgs/include/px4_msgs/px4_msgs/msg\n'}
[18.328655] (px4_msgs) StdoutLine: {'line': b'-- Up-to-date: /home/subhalaxmi/nidar_ws/install/px4_msgs/include/px4_msgs/px4_msgs/msg/detail\n'}
[18.328823] (px4_msgs) StdoutLine: {'line': b'-- Up-to-date: /home/subhalaxmi/nidar_ws/install/px4_msgs/include/px4_msgs/px4_msgs/msg/detail/estimator_aid_source3d__rosidl_typesupport_fastrtps_cpp.hpp\n'}
[18.329599] (px4_msgs) StdoutLine: {'line': b'-- Up-to-date: /home/subhalaxmi/nidar_ws/install/px4_msgs/include/px4_msgs/px4_msgs/msg/detail/cpuload__rosidl_typesupport_fastrtps_cpp.hpp\n'}
[18.329797] (px4_msgs) StdoutLine: {'line': b'-- Up-to-date: /home/subhalaxmi/nidar_ws/install/px4_msgs/include/px4_msgs/px4_msgs/msg/detail/open_drone_id_operator_id__rosidl_typesupport_fastrtps_cpp.hpp\n'}
[18.329972] (px4_msgs) StdoutLine: {'line': b'-- Up-to-date: /home/subhalaxmi/nidar_ws/install/px4_msgs/include/px4_msgs/px4_msgs/msg/detail/sensor_gps__rosidl_typesupport_fastrtps_cpp.hpp\n'}
[18.330176] (px4_msgs) StdoutLine: {'line': b'-- Up-to-date: /home/subhalaxmi/nidar_ws/install/px4_msgs/include/px4_msgs/px4_msgs/msg/detail/vehicle_optical_flow__rosidl_typesupport_fastrtps_cpp.hpp\n'}
[18.330527] (px4_msgs) StdoutLine: {'line': b'-- Up-to-date: /home/subhalaxmi/nidar_ws/install/px4_msgs/include/px4_msgs/px4_msgs/msg/detail/trajectory_setpoint6dof__rosidl_typesupport_fastrtps_cpp.hpp\n'}
[18.330740] (px4_msgs) StdoutLine: {'line': b'-- Up-to-date: /home/subhalaxmi/nidar_ws/install/px4_msgs/include/px4_msgs/px4_msgs/msg/detail/rtl_time_estimate__rosidl_typesupport_fastrtps_cpp.hpp\n'}
[18.330966] (px4_msgs) StdoutLine: {'line': b'-- Up-to-date: /home/subhalaxmi/nidar_ws/install/px4_msgs/include/px4_msgs/px4_msgs/msg/detail/gpio_request__rosidl_typesupport_fastrtps_cpp.hpp\n'}
[18.331157] (px4_msgs) StdoutLine: {'line': b'-- Up-to-date: /home/subhalaxmi/nidar_ws/install/px4_msgs/include/px4_msgs/px4_msgs/msg/detail/orb_test_large__rosidl_typesupport_fastrtps_cpp.hpp\n'}
[18.331358] (px4_msgs) StdoutLine: {'line': b'-- Up-to-date: /home/subhalaxmi/nidar_ws/install/px4_msgs/include/px4_msgs/px4_msgs/msg/detail/landing_target_innovations__rosidl_typesupport_fastrtps_cpp.hpp\n'}
[18.331532] (px4_msgs) StdoutLine: {'line': b'-- Up-to-date: /home/subhalaxmi/nidar_ws/install/px4_msgs/include/px4_msgs/px4_msgs/msg/detail/estimator_bias__rosidl_typesupport_fastrtps_cpp.hpp\n'}
[18.331699] (px4_msgs) StdoutLine: {'line': b'-- Up-to-date: /home/subhalaxmi/nidar_ws/install/px4_msgs/include/px4_msgs/px4_msgs/msg/detail/vehicle_local_position_setpoint__rosidl_typesupport_fastrtps_cpp.hpp\n'}
[18.331867] (px4_msgs) StdoutLine: {'line': b'-- Up-to-date: /home/subhalaxmi/nidar_ws/install/px4_msgs/include/px4_msgs/px4_msgs/msg/detail/failsafe_flags__rosidl_typesupport_fastrtps_cpp.hpp\n'}
[18.332055] (px4_msgs) StdoutLine: {'line': b'-- Up-to-date: /home/subhalaxmi/nidar_ws/install/px4_msgs/include/px4_msgs/px4_msgs/msg/detail/sensors_status__rosidl_typesupport_fastrtps_cpp.hpp\n'}
[18.332285] (px4_msgs) StdoutLine: {'line': b'-- Up-to-date: /home/subhalaxmi/nidar_ws/install/px4_msgs/include/px4_msgs/px4_msgs/msg/detail/collision_constraints__rosidl_typesupport_fastrtps_cpp.hpp\n'}
[18.332536] (px4_msgs) StdoutLine: {'line': b'-- Up-to-date: /home/subhalaxmi/nidar_ws/install/px4_msgs/include/px4_msgs/px4_msgs/msg/detail/actuator_servos_trim__rosidl_typesupport_fastrtps_cpp.hpp\n'}
[18.332707] (px4_msgs) StdoutLine: {'line': b'-- Up-to-date: /home/subhalaxmi/nidar_ws/install/px4_msgs/include/px4_msgs/px4_msgs/msg/detail/sensor_combined__rosidl_typesupport_fastrtps_cpp.hpp\n'}
[18.332874] (px4_msgs) StdoutLine: {'line': b'-- Up-to-date: /home/subhalaxmi/nidar_ws/install/px4_msgs/include/px4_msgs/px4_msgs/msg/detail/estimator_innovations__rosidl_typesupport_fastrtps_cpp.hpp\n'}
[18.333094] (px4_msgs) StdoutLine: {'line': b'-- Up-to-date: /home/subhalaxmi/nidar_ws/install/px4_msgs/include/px4_msgs/px4_msgs/msg/detail/ulog_stream__rosidl_typesupport_fastrtps_cpp.hpp\n'}
[18.333302] (px4_msgs) StdoutLine: {'line': b'-- Up-to-date: /home/subhalaxmi/nidar_ws/install/px4_msgs/include/px4_msgs/px4_msgs/msg/detail/debug_value__rosidl_typesupport_fastrtps_cpp.hpp\n'}
[18.333471] (px4_msgs) StdoutLine: {'line': b'-- Up-to-date: /home/subhalaxmi/nidar_ws/install/px4_msgs/include/px4_msgs/px4_msgs/msg/detail/fixed_wing_lateral_guidance_status__rosidl_typesupport_fastrtps_cpp.hpp\n'}
[18.333668] (px4_msgs) StdoutLine: {'line': b'-- Up-to-date: /home/subhalaxmi/nidar_ws/install/px4_msgs/include/px4_msgs/px4_msgs/msg/detail/sensor_baro__rosidl_typesupport_fastrtps_cpp.hpp\n'}
[18.333843] (px4_msgs) StdoutLine: {'line': b'-- Up-to-date: /home/subhalaxmi/nidar_ws/install/px4_msgs/include/px4_msgs/px4_msgs/msg/detail/vehicle_local_position__rosidl_typesupport_fastrtps_cpp.hpp\n'}
[18.334008] (px4_msgs) StdoutLine: {'line': b'-- Up-to-date: /home/subhalaxmi/nidar_ws/install/px4_msgs/include/px4_msgs/px4_msgs/msg/detail/sensor_hygrometer__rosidl_typesupport_fastrtps_cpp.hpp\n'}
[18.334205] (px4_msgs) StdoutLine: {'line': b'-- Up-to-date: /home/subhalaxmi/nidar_ws/install/px4_msgs/include/px4_msgs/px4_msgs/msg/detail/vehicle_constraints__rosidl_typesupport_fastrtps_cpp.hpp\n'}
[18.334388] (px4_msgs) StdoutLine: {'line': b'-- Up-to-date: /home/subhalaxmi/nidar_ws/install/px4_msgs/include/px4_msgs/px4_msgs/msg/detail/dronecan_node_status__rosidl_typesupport_fastrtps_cpp.hpp\n'}
[18.334563] (px4_msgs) StdoutLine: {'line': b'-- Up-to-date: /home/subhalaxmi/nidar_ws/install/px4_msgs/include/px4_msgs/px4_msgs/msg/detail/debug_array__rosidl_typesupport_fastrtps_cpp.hpp\n'}
[18.334735] (px4_msgs) StdoutLine: {'line': b'-- Up-to-date: /home/subhalaxmi/nidar_ws/install/px4_msgs/include/px4_msgs/px4_msgs/msg/detail/manual_control_setpoint__rosidl_typesupport_fastrtps_cpp.hpp\n'}
[18.334939] (px4_msgs) StdoutLine: {'line': b'-- Up-to-date: /home/subhalaxmi/nidar_ws/install/px4_msgs/include/px4_msgs/px4_msgs/msg/detail/neural_control__rosidl_typesupport_fastrtps_cpp.hpp\n'}
[18.335265] (px4_msgs) StdoutLine: {'line': b'-- Up-to-date: /home/subhalaxmi/nidar_ws/install/px4_msgs/include/px4_msgs/px4_msgs/msg/detail/follow_target__rosidl_typesupport_fastrtps_cpp.hpp\n'}
[18.335474] (px4_msgs) StdoutLine: {'line': b'-- Up-to-date: /home/subhalaxmi/nidar_ws/install/px4_msgs/include/px4_msgs/px4_msgs/msg/detail/actuator_motors__rosidl_typesupport_fastrtps_cpp.hpp\n'}
[18.335743] (px4_msgs) StdoutLine: {'line': b'-- Up-to-date: /home/subhalaxmi/nidar_ws/install/px4_msgs/include/px4_msgs/px4_msgs/msg/detail/rate_ctrl_status__rosidl_typesupport_fastrtps_cpp.hpp\n'}
[18.335951] (px4_msgs) StdoutLine: {'line': b'-- Up-to-date: /home/subhalaxmi/nidar_ws/install/px4_msgs/include/px4_msgs/px4_msgs/msg/detail/gimbal_device_set_attitude__rosidl_typesupport_fastrtps_cpp.hpp\n'}
[18.336184] (px4_msgs) StdoutLine: {'line': b'-- Up-to-date: /home/subhalaxmi/nidar_ws/install/px4_msgs/include/px4_msgs/px4_msgs/msg/detail/mode_completed__rosidl_typesupport_fastrtps_cpp.hpp\n'}
[18.336435] (px4_msgs) StdoutLine: {'line': b'-- Up-to-date: /home/subhalaxmi/nidar_ws/install/px4_msgs/include/px4_msgs/px4_msgs/msg/detail/estimator_status__rosidl_typesupport_fastrtps_cpp.hpp\n'}
[18.336635] (px4_msgs) StdoutLine: {'line': b'-- Up-to-date: /home/subhalaxmi/nidar_ws/install/px4_msgs/include/px4_msgs/px4_msgs/msg/detail/estimator_aid_source2d__rosidl_typesupport_fastrtps_cpp.hpp\n'}
[18.336832] (px4_msgs) StdoutLine: {'line': b'-- Up-to-date: /home/subhalaxmi/nidar_ws/install/px4_msgs/include/px4_msgs/px4_msgs/msg/detail/battery_info__rosidl_typesupport_fastrtps_cpp.hpp\n'}
[18.337035] (px4_msgs) StdoutLine: {'line': b'-- Up-to-date: /home/subhalaxmi/nidar_ws/install/px4_msgs/include/px4_msgs/px4_msgs/msg/detail/flight_phase_estimation__rosidl_typesupport_fastrtps_cpp.hpp\n'}
[18.337263] (px4_msgs) StdoutLine: {'line': b'-- Up-to-date: /home/subhalaxmi/nidar_ws/install/px4_msgs/include/px4_msgs/px4_msgs/msg/detail/estimator_event_flags__rosidl_typesupport_fastrtps_cpp.hpp\n'}
[18.337447] (px4_msgs) StdoutLine: {'line': b'-- Up-to-date: /home/subhalaxmi/nidar_ws/install/px4_msgs/include/px4_msgs/px4_msgs/msg/detail/event__rosidl_typesupport_fastrtps_cpp.hpp\n'}
[18.337622] (px4_msgs) StdoutLine: {'line': b'-- Up-to-date: /home/subhalaxmi/nidar_ws/install/px4_msgs/include/px4_msgs/px4_msgs/msg/detail/sensor_mag__rosidl_typesupport_fastrtps_cpp.hpp\n'}
[18.337795] (px4_msgs) StdoutLine: {'line': b'-- Up-to-date: /home/subhalaxmi/nidar_ws/install/px4_msgs/include/px4_msgs/px4_msgs/msg/detail/vehicle_torque_setpoint__rosidl_typesupport_fastrtps_cpp.hpp\n'}
[18.337970] (px4_msgs) StdoutLine: {'line': b'-- Up-to-date: /home/subhalaxmi/nidar_ws/install/px4_msgs/include/px4_msgs/px4_msgs/msg/detail/tecs_status__rosidl_typesupport_fastrtps_cpp.hpp\n'}
[18.338155] (px4_msgs) StdoutLine: {'line': b'-- Up-to-date: /home/subhalaxmi/nidar_ws/install/px4_msgs/include/px4_msgs/px4_msgs/msg/detail/position_setpoint_triplet__rosidl_typesupport_fastrtps_cpp.hpp\n'}
[18.338358] (px4_msgs) StdoutLine: {'line': b'-- Up-to-date: /home/subhalaxmi/nidar_ws/install/px4_msgs/include/px4_msgs/px4_msgs/msg/detail/sensor_gyro_fifo__rosidl_typesupport_fastrtps_cpp.hpp\n'}
[18.338533] (px4_msgs) StdoutLine: {'line': b'-- Up-to-date: /home/subhalaxmi/nidar_ws/install/px4_msgs/include/px4_msgs/px4_msgs/msg/detail/manual_control_switches__rosidl_typesupport_fastrtps_cpp.hpp\n'}
[18.338708] (px4_msgs) StdoutLine: {'line': b'-- Up-to-date: /home/subhalaxmi/nidar_ws/install/px4_msgs/include/px4_msgs/px4_msgs/msg/detail/gimbal_manager_information__rosidl_typesupport_fastrtps_cpp.hpp\n'}
[18.338896] (px4_msgs) StdoutLine: {'line': b'-- Up-to-date: /home/subhalaxmi/nidar_ws/install/px4_msgs/include/px4_msgs/px4_msgs/msg/detail/longitudinal_control_configuration__rosidl_typesupport_fastrtps_cpp.hpp\n'}
[18.339226] (px4_msgs) StdoutLine: {'line': b'-- Up-to-date: /home/subhalaxmi/nidar_ws/install/px4_msgs/include/px4_msgs/px4_msgs/msg/detail/esc_status__rosidl_typesupport_fastrtps_cpp.hpp\n'}
[18.339423] (px4_msgs) StdoutLine: {'line': b'-- Up-to-date: /home/subhalaxmi/nidar_ws/install/px4_msgs/include/px4_msgs/px4_msgs/msg/detail/estimator_selector_status__rosidl_typesupport_fastrtps_cpp.hpp\n'}
[18.339599] (px4_msgs) StdoutLine: {'line': b'-- Up-to-date: /home/subhalaxmi/nidar_ws/install/px4_msgs/include/px4_msgs/px4_msgs/msg/detail/mavlink_log__rosidl_typesupport_fastrtps_cpp.hpp\n'}
[18.339772] (px4_msgs) StdoutLine: {'line': b'-- Up-to-date: /home/subhalaxmi/nidar_ws/install/px4_msgs/include/px4_msgs/px4_msgs/msg/detail/parameter_set_value_response__rosidl_typesupport_fastrtps_cpp.hpp\n'}
[18.340277] (px4_msgs) StdoutLine: {'line': b'-- Up-to-date: /home/subhalaxmi/nidar_ws/install/px4_msgs/include/px4_msgs/px4_msgs/msg/detail/lateral_control_configuration__rosidl_typesupport_fastrtps_cpp.hpp\n'}
[18.340485] (px4_msgs) StdoutLine: {'line': b'-- Up-to-date: /home/subhalaxmi/nidar_ws/install/px4_msgs/include/px4_msgs/px4_msgs/msg/detail/dds_fastrtps\n'}
[18.340689] (px4_msgs) StdoutLine: {'line': b'-- Up-to-date: /home/subhalaxmi/nidar_ws/install/px4_msgs/include/px4_msgs/px4_msgs/msg/detail/estimator_status_flags__rosidl_typesupport_fastrtps_cpp.hpp\n'}
[18.340897] (px4_msgs) StdoutLine: {'line': b'-- Up-to-date: /home/subhalaxmi/nidar_ws/install/px4_msgs/include/px4_msgs/px4_msgs/msg/detail/failure_detector_status__rosidl_typesupport_fastrtps_cpp.hpp\n'}
[18.341208] (px4_msgs) StdoutLine: {'line': b'-- Up-to-date: /home/subhalaxmi/nidar_ws/install/px4_msgs/include/px4_msgs/px4_msgs/msg/detail/vehicle_thrust_setpoint__rosidl_typesupport_fastrtps_cpp.hpp\n'}
[18.341438] (px4_msgs) StdoutLine: {'line': b'-- Up-to-date: /home/subhalaxmi/nidar_ws/install/px4_msgs/include/px4_msgs/px4_msgs/msg/detail/action_request__rosidl_typesupport_fastrtps_cpp.hpp\n'}
[18.341620] (px4_msgs) StdoutLine: {'line': b'-- Up-to-date: /home/subhalaxmi/nidar_ws/install/px4_msgs/include/px4_msgs/px4_msgs/msg/detail/vehicle_status__rosidl_typesupport_fastrtps_cpp.hpp\n'}
[18.341798] (px4_msgs) StdoutLine: {'line': b'-- Up-to-date: /home/subhalaxmi/nidar_ws/install/px4_msgs/include/px4_msgs/px4_msgs/msg/detail/rc_channels__rosidl_typesupport_fastrtps_cpp.hpp\n'}
[18.341974] (px4_msgs) StdoutLine: {'line': b'-- Up-to-date: /home/subhalaxmi/nidar_ws/install/px4_msgs/include/px4_msgs/px4_msgs/msg/detail/actuator_outputs__rosidl_typesupport_fastrtps_cpp.hpp\n'}
[18.342195] (px4_msgs) StdoutLine: {'line': b'-- Up-to-date: /home/subhalaxmi/nidar_ws/install/px4_msgs/include/px4_msgs/px4_msgs/msg/detail/open_drone_id_self_id__rosidl_typesupport_fastrtps_cpp.hpp\n'}
[18.342497] (px4_msgs) StdoutLine: {'line': b'-- Up-to-date: /home/subhalaxmi/nidar_ws/install/px4_msgs/include/px4_msgs/px4_msgs/msg/detail/device_information__rosidl_typesupport_fastrtps_cpp.hpp\n'}
[18.342676] (px4_msgs) StdoutLine: {'line': b'-- Up-to-date: /home/subhalaxmi/nidar_ws/install/px4_msgs/include/px4_msgs/px4_msgs/msg/detail/fixed_wing_runway_control__rosidl_typesupport_fastrtps_cpp.hpp\n'}
[18.342850] (px4_msgs) StdoutLine: {'line': b'-- Up-to-date: /home/subhalaxmi/nidar_ws/install/px4_msgs/include/px4_msgs/px4_msgs/msg/detail/vehicle_command__rosidl_typesupport_fastrtps_cpp.hpp\n'}
[18.343026] (px4_msgs) StdoutLine: {'line': b'-- Up-to-date: /home/subhalaxmi/nidar_ws/install/px4_msgs/include/px4_msgs/px4_msgs/msg/detail/position_controller_status__rosidl_typesupport_fastrtps_cpp.hpp\n'}
[18.343238] (px4_msgs) StdoutLine: {'line': b'-- Up-to-date: /home/subhalaxmi/nidar_ws/install/px4_msgs/include/px4_msgs/px4_msgs/msg/detail/mount_orientation__rosidl_typesupport_fastrtps_cpp.hpp\n'}
[18.343421] (px4_msgs) StdoutLine: {'line': b'-- Up-to-date: /home/subhalaxmi/nidar_ws/install/px4_msgs/include/px4_msgs/px4_msgs/msg/detail/distance_sensor_mode_change_request__rosidl_typesupport_fastrtps_cpp.hpp\n'}
[18.343826] (px4_msgs) StdoutLine: {'line': b'-- Up-to-date: /home/subhalaxmi/nidar_ws/install/px4_msgs/include/px4_msgs/px4_msgs/msg/detail/fixed_wing_longitudinal_setpoint__rosidl_typesupport_fastrtps_cpp.hpp\n'}
[18.346367] (px4_msgs) StdoutLine: {'line': b'-- Up-to-date: /home/subhalaxmi/nidar_ws/install/px4_msgs/include/px4_msgs/px4_msgs/msg/detail/battery_status__rosidl_typesupport_fastrtps_cpp.hpp\n'}
[18.346655] (px4_msgs) StdoutLine: {'line': b'-- Up-to-date: /home/subhalaxmi/nidar_ws/install/px4_msgs/include/px4_msgs/px4_msgs/msg/detail/arming_check_reply__rosidl_typesupport_fastrtps_cpp.hpp\n'}
[18.346908] (px4_msgs) StdoutLine: {'line': b'-- Up-to-date: /home/subhalaxmi/nidar_ws/install/px4_msgs/include/px4_msgs/px4_msgs/msg/detail/pwm_input__rosidl_typesupport_fastrtps_cpp.hpp\n'}
[18.347232] (px4_msgs) StdoutLine: {'line': b'-- Up-to-date: /home/subhalaxmi/nidar_ws/install/px4_msgs/include/px4_msgs/px4_msgs/msg/detail/telemetry_status__rosidl_typesupport_fastrtps_cpp.hpp\n'}
[18.347665] (px4_msgs) StdoutLine: {'line': b'-- Up-to-date: /home/subhalaxmi/nidar_ws/install/px4_msgs/include/px4_msgs/px4_msgs/msg/detail/aux_global_position__rosidl_typesupport_fastrtps_cpp.hpp\n'}
[18.347912] (px4_msgs) StdoutLine: {'line': b'-- Up-to-date: /home/subhalaxmi/nidar_ws/install/px4_msgs/include/px4_msgs/px4_msgs/msg/detail/camera_status__rosidl_typesupport_fastrtps_cpp.hpp\n'}
[18.348247] (px4_msgs) StdoutLine: {'line': b'-- Up-to-date: /home/subhalaxmi/nidar_ws/install/px4_msgs/include/px4_msgs/px4_msgs/msg/detail/generator_status__rosidl_typesupport_fastrtps_cpp.hpp\n'}
[18.348481] (px4_msgs) StdoutLine: {'line': b'-- Up-to-date: /home/subhalaxmi/nidar_ws/install/px4_msgs/include/px4_msgs/px4_msgs/msg/detail/gps_dump__rosidl_typesupport_fastrtps_cpp.hpp\n'}
[18.348674] (px4_msgs) StdoutLine: {'line': b'-- Up-to-date: /home/subhalaxmi/nidar_ws/install/px4_msgs/include/px4_msgs/px4_msgs/msg/detail/rtl_status__rosidl_typesupport_fastrtps_cpp.hpp\n'}
[18.348859] (px4_msgs) StdoutLine: {'line': b'-- Up-to-date: /home/subhalaxmi/nidar_ws/install/px4_msgs/include/px4_msgs/px4_msgs/msg/detail/gripper__rosidl_typesupport_fastrtps_cpp.hpp\n'}
[18.349042] (px4_msgs) StdoutLine: {'line': b'-- Up-to-date: /home/subhalaxmi/nidar_ws/install/px4_msgs/include/px4_msgs/px4_msgs/msg/detail/sensor_gyro_fft__rosidl_typesupport_fastrtps_cpp.hpp\n'}
[18.349286] (px4_msgs) StdoutLine: {'line': b'-- Up-to-date: /home/subhalaxmi/nidar_ws/install/px4_msgs/include/px4_msgs/px4_msgs/msg/detail/vtol_vehicle_status__rosidl_typesupport_fastrtps_cpp.hpp\n'}
[18.349489] (px4_msgs) StdoutLine: {'line': b'-- Up-to-date: /home/subhalaxmi/nidar_ws/install/px4_msgs/include/px4_msgs/px4_msgs/msg/detail/vtx__rosidl_typesupport_fastrtps_cpp.hpp\n'}
[18.349802] (px4_msgs) StdoutLine: {'line': b'-- Up-to-date: /home/subhalaxmi/nidar_ws/install/px4_msgs/include/px4_msgs/px4_msgs/msg/detail/yaw_estimator_status__rosidl_typesupport_fastrtps_cpp.hpp\n'}
[18.350082] (px4_msgs) StdoutLine: {'line': b'-- Up-to-date: /home/subhalaxmi/nidar_ws/install/px4_msgs/include/px4_msgs/px4_msgs/msg/detail/rover_speed_status__rosidl_typesupport_fastrtps_cpp.hpp\n'}
[18.350671] (px4_msgs) StdoutLine: {'line': b'-- Up-to-date: /home/subhalaxmi/nidar_ws/install/px4_msgs/include/px4_msgs/px4_msgs/msg/detail/mavlink_tunnel__rosidl_typesupport_fastrtps_cpp.hpp\n'}
[18.351229] (px4_msgs) StdoutLine: {'line': b'-- Up-to-date: /home/subhalaxmi/nidar_ws/install/px4_msgs/include/px4_msgs/px4_msgs/msg/detail/debug_key_value__rosidl_typesupport_fastrtps_cpp.hpp\n'}
[18.351633] (px4_msgs) StdoutLine: {'line': b'-- Up-to-date: /home/subhalaxmi/nidar_ws/install/px4_msgs/include/px4_msgs/px4_msgs/msg/detail/dataman_response__rosidl_typesupport_fastrtps_cpp.hpp\n'}
[18.351959] (px4_msgs) StdoutLine: {'line': b'-- Up-to-date: /home/subhalaxmi/nidar_ws/install/px4_msgs/include/px4_msgs/px4_msgs/msg/detail/vehicle_angular_velocity__rosidl_typesupport_fastrtps_cpp.hpp\n'}
[18.354196] (px4_msgs) StdoutLine: {'line': b'-- Up-to-date: /home/subhalaxmi/nidar_ws/install/px4_msgs/include/px4_msgs/px4_msgs/msg/detail/sensor_accel__rosidl_typesupport_fastrtps_cpp.hpp\n'}
[18.354451] (px4_msgs) StdoutLine: {'line': b'-- Up-to-date: /home/subhalaxmi/nidar_ws/install/px4_msgs/include/px4_msgs/px4_msgs/msg/detail/open_drone_id_arm_status__rosidl_typesupport_fastrtps_cpp.hpp\n'}
[18.354638] (px4_msgs) StdoutLine: {'line': b'-- Up-to-date: /home/subhalaxmi/nidar_ws/install/px4_msgs/include/px4_msgs/px4_msgs/msg/detail/vehicle_angular_acceleration_setpoint__rosidl_typesupport_fastrtps_cpp.hpp\n'}
[18.354821] (px4_msgs) StdoutLine: {'line': b'-- Up-to-date: /home/subhalaxmi/nidar_ws/install/px4_msgs/include/px4_msgs/px4_msgs/msg/detail/qshell_retval__rosidl_typesupport_fastrtps_cpp.hpp\n'}
[18.355464] (px4_msgs) StdoutLine: {'line': b'-- Up-to-date: /home/subhalaxmi/nidar_ws/install/px4_msgs/include/px4_msgs/px4_msgs/msg/detail/internal_combustion_engine_control__rosidl_typesupport_fastrtps_cpp.hpp\n'}
[18.356071] (px4_msgs) StdoutLine: {'line': b'-- Up-to-date: /home/subhalaxmi/nidar_ws/install/px4_msgs/include/px4_msgs/px4_msgs/msg/detail/register_ext_component_reply__rosidl_typesupport_fastrtps_cpp.hpp\n'}
[18.358095] (-) TimerEvent: {}
[18.358362] (px4_msgs) StdoutLine: {'line': b'-- Up-to-date: /home/subhalaxmi/nidar_ws/install/px4_msgs/include/px4_msgs/px4_msgs/msg/detail/gain_compression__rosidl_typesupport_fastrtps_cpp.hpp\n'}
[18.358768] (px4_msgs) StdoutLine: {'line': b'-- Up-to-date: /home/subhalaxmi/nidar_ws/install/px4_msgs/include/px4_msgs/px4_msgs/msg/detail/follow_target_status__rosidl_typesupport_fastrtps_cpp.hpp\n'}
[18.358981] (px4_msgs) StdoutLine: {'line': b'-- Up-to-date: /home/subhalaxmi/nidar_ws/install/px4_msgs/include/px4_msgs/px4_msgs/msg/detail/navigator_mission_item__rosidl_typesupport_fastrtps_cpp.hpp\n'}
[18.359181] (px4_msgs) StdoutLine: {'line': b'-- Up-to-date: /home/subhalaxmi/nidar_ws/install/px4_msgs/include/px4_msgs/px4_msgs/msg/detail/vehicle_control_mode__rosidl_typesupport_fastrtps_cpp.hpp\n'}
[18.359388] (px4_msgs) StdoutLine: {'line': b'-- Up-to-date: /home/subhalaxmi/nidar_ws/install/px4_msgs/include/px4_msgs/px4_msgs/msg/detail/figure_eight_status__rosidl_typesupport_fastrtps_cpp.hpp\n'}
[18.359573] (px4_msgs) StdoutLine: {'line': b'-- Up-to-date: /home/subhalaxmi/nidar_ws/install/px4_msgs/include/px4_msgs/px4_msgs/msg/detail/vehicle_attitude_setpoint__rosidl_typesupport_fastrtps_cpp.hpp\n'}
[18.359747] (px4_msgs) StdoutLine: {'line': b'-- Up-to-date: /home/subhalaxmi/nidar_ws/install/px4_msgs/include/px4_msgs/px4_msgs/msg/detail/orb_test__rosidl_typesupport_fastrtps_cpp.hpp\n'}
[18.360008] (px4_msgs) StdoutLine: {'line': b'-- Up-to-date: /home/subhalaxmi/nidar_ws/install/px4_msgs/include/px4_msgs/px4_msgs/msg/detail/led_control__rosidl_typesupport_fastrtps_cpp.hpp\n'}
[18.360760] (px4_msgs) StdoutLine: {'line': b'-- Up-to-date: /home/subhalaxmi/nidar_ws/install/px4_msgs/include/px4_msgs/px4_msgs/msg/detail/sensor_temp__rosidl_typesupport_fastrtps_cpp.hpp\n'}
[18.360968] (px4_msgs) StdoutLine: {'line': b'-- Up-to-date: /home/subhalaxmi/nidar_ws/install/px4_msgs/include/px4_msgs/px4_msgs/msg/detail/pps_capture__rosidl_typesupport_fastrtps_cpp.hpp\n'}
[18.361157] (px4_msgs) StdoutLine: {'line': b'-- Up-to-date: /home/subhalaxmi/nidar_ws/install/px4_msgs/include/px4_msgs/px4_msgs/msg/detail/task_stack_info__rosidl_typesupport_fastrtps_cpp.hpp\n'}
[18.361352] (px4_msgs) StdoutLine: {'line': b'-- Up-to-date: /home/subhalaxmi/nidar_ws/install/px4_msgs/include/px4_msgs/px4_msgs/msg/detail/fixed_wing_lateral_status__rosidl_typesupport_fastrtps_cpp.hpp\n'}
[18.362321] (px4_msgs) StdoutLine: {'line': b'-- Up-to-date: /home/subhalaxmi/nidar_ws/install/px4_msgs/include/px4_msgs/px4_msgs/msg/detail/unregister_ext_component__rosidl_typesupport_fastrtps_cpp.hpp\n'}
[18.362531] (px4_msgs) StdoutLine: {'line': b'-- Up-to-date: /home/subhalaxmi/nidar_ws/install/px4_msgs/include/px4_msgs/px4_msgs/msg/detail/rover_rate_status__rosidl_typesupport_fastrtps_cpp.hpp\n'}
[18.362793] (px4_msgs) StdoutLine: {'line': b'-- Up-to-date: /home/subhalaxmi/nidar_ws/install/px4_msgs/include/px4_msgs/px4_msgs/msg/detail/distance_sensor__rosidl_typesupport_fastrtps_cpp.hpp\n'}
[18.362970] (px4_msgs) StdoutLine: {'line': b'-- Up-to-date: /home/subhalaxmi/nidar_ws/install/px4_msgs/include/px4_msgs/px4_msgs/msg/detail/mission_result__rosidl_typesupport_fastrtps_cpp.hpp\n'}
[18.363180] (px4_msgs) StdoutLine: {'line': b'-- Up-to-date: /home/subhalaxmi/nidar_ws/install/px4_msgs/include/px4_msgs/px4_msgs/msg/detail/vehicle_acceleration__rosidl_typesupport_fastrtps_cpp.hpp\n'}
[18.363405] (px4_msgs) StdoutLine: {'line': b'-- Up-to-date: /home/subhalaxmi/nidar_ws/install/px4_msgs/include/px4_msgs/px4_msgs/msg/detail/pure_pursuit_status__rosidl_typesupport_fastrtps_cpp.hpp\n'}
[18.363590] (px4_msgs) StdoutLine: {'line': b'-- Up-to-date: /home/subhalaxmi/nidar_ws/install/px4_msgs/include/px4_msgs/px4_msgs/msg/detail/normalized_unsigned_setpoint__rosidl_typesupport_fastrtps_cpp.hpp\n'}
[18.363773] (px4_msgs) StdoutLine: {'line': b'-- Up-to-date: /home/subhalaxmi/nidar_ws/install/px4_msgs/include/px4_msgs/px4_msgs/msg/detail/rover_attitude_setpoint__rosidl_typesupport_fastrtps_cpp.hpp\n'}
[18.363962] (px4_msgs) StdoutLine: {'line': b'-- Up-to-date: /home/subhalaxmi/nidar_ws/install/px4_msgs/include/px4_msgs/px4_msgs/msg/detail/vehicle_imu__rosidl_typesupport_fastrtps_cpp.hpp\n'}
[18.364211] (px4_msgs) StdoutLine: {'line': b'-- Up-to-date: /home/subhalaxmi/nidar_ws/install/px4_msgs/include/px4_msgs/px4_msgs/msg/detail/rover_rate_setpoint__rosidl_typesupport_fastrtps_cpp.hpp\n'}
[18.364433] (px4_msgs) StdoutLine: {'line': b'-- Up-to-date: /home/subhalaxmi/nidar_ws/install/px4_msgs/include/px4_msgs/px4_msgs/msg/detail/transponder_report__rosidl_typesupport_fastrtps_cpp.hpp\n'}
[18.364646] (px4_msgs) StdoutLine: {'line': b'-- Up-to-date: /home/subhalaxmi/nidar_ws/install/px4_msgs/include/px4_msgs/px4_msgs/msg/detail/vehicle_command_ack__rosidl_typesupport_fastrtps_cpp.hpp\n'}
[18.364849] (px4_msgs) StdoutLine: {'line': b'-- Up-to-date: /home/subhalaxmi/nidar_ws/install/px4_msgs/include/px4_msgs/px4_msgs/msg/detail/gps_inject_data__rosidl_typesupport_fastrtps_cpp.hpp\n'}
[18.365053] (px4_msgs) StdoutLine: {'line': b'-- Up-to-date: /home/subhalaxmi/nidar_ws/install/px4_msgs/include/px4_msgs/px4_msgs/msg/detail/ekf2_timestamps__rosidl_typesupport_fastrtps_cpp.hpp\n'}
[18.365463] (px4_msgs) StdoutLine: {'line': b'-- Up-to-date: /home/subhalaxmi/nidar_ws/install/px4_msgs/include/px4_msgs/px4_msgs/msg/detail/differential_pressure__rosidl_typesupport_fastrtps_cpp.hpp\n'}
[18.365659] (px4_msgs) StdoutLine: {'line': b'-- Up-to-date: /home/subhalaxmi/nidar_ws/install/px4_msgs/include/px4_msgs/px4_msgs/msg/detail/vehicle_imu_status__rosidl_typesupport_fastrtps_cpp.hpp\n'}
[18.365833] (px4_msgs) StdoutLine: {'line': b'-- Up-to-date: /home/subhalaxmi/nidar_ws/install/px4_msgs/include/px4_msgs/px4_msgs/msg/detail/fixed_wing_lateral_setpoint__rosidl_typesupport_fastrtps_cpp.hpp\n'}
[18.366028] (px4_msgs) StdoutLine: {'line': b'-- Up-to-date: /home/subhalaxmi/nidar_ws/install/px4_msgs/include/px4_msgs/px4_msgs/msg/detail/sensor_gyro__rosidl_typesupport_fastrtps_cpp.hpp\n'}
[18.366344] (px4_msgs) StdoutLine: {'line': b'-- Up-to-date: /home/subhalaxmi/nidar_ws/install/px4_msgs/include/px4_msgs/px4_msgs/msg/detail/camera_trigger__rosidl_typesupport_fastrtps_cpp.hpp\n'}
[18.366525] (px4_msgs) StdoutLine: {'line': b'-- Up-to-date: /home/subhalaxmi/nidar_ws/install/px4_msgs/include/px4_msgs/px4_msgs/msg/detail/ping__rosidl_typesupport_fastrtps_cpp.hpp\n'}
[18.366699] (px4_msgs) StdoutLine: {'line': b'-- Up-to-date: /home/subhalaxmi/nidar_ws/install/px4_msgs/include/px4_msgs/px4_msgs/msg/detail/rc_parameter_map__rosidl_typesupport_fastrtps_cpp.hpp\n'}
[18.366870] (px4_msgs) StdoutLine: {'line': b'-- Up-to-date: /home/subhalaxmi/nidar_ws/install/px4_msgs/include/px4_msgs/px4_msgs/msg/detail/timesync_status__rosidl_typesupport_fastrtps_cpp.hpp\n'}
[18.367042] (px4_msgs) StdoutLine: {'line': b'-- Up-to-date: /home/subhalaxmi/nidar_ws/install/px4_msgs/include/px4_msgs/px4_msgs/msg/detail/estimator_aid_source1d__rosidl_typesupport_fastrtps_cpp.hpp\n'}
[18.367257] (px4_msgs) StdoutLine: {'line': b'-- Up-to-date: /home/subhalaxmi/nidar_ws/install/px4_msgs/include/px4_msgs/px4_msgs/msg/detail/orbit_status__rosidl_typesupport_fastrtps_cpp.hpp\n'}
[18.367469] (px4_msgs) StdoutLine: {'line': b'-- Up-to-date: /home/subhalaxmi/nidar_ws/install/px4_msgs/include/px4_msgs/px4_msgs/msg/detail/button_event__rosidl_typesupport_fastrtps_cpp.hpp\n'}
[18.367641] (px4_msgs) StdoutLine: {'line': b'-- Up-to-date: /home/subhalaxmi/nidar_ws/install/px4_msgs/include/px4_msgs/px4_msgs/msg/detail/power_button_state__rosidl_typesupport_fastrtps_cpp.hpp\n'}
[18.367815] (px4_msgs) StdoutLine: {'line': b'-- Up-to-date: /home/subhalaxmi/nidar_ws/install/px4_msgs/include/px4_msgs/px4_msgs/msg/detail/home_position__rosidl_typesupport_fastrtps_cpp.hpp\n'}
[18.367986] (px4_msgs) StdoutLine: {'line': b'-- Up-to-date: /home/subhalaxmi/nidar_ws/install/px4_msgs/include/px4_msgs/px4_msgs/msg/detail/iridiumsbd_status__rosidl_typesupport_fastrtps_cpp.hpp\n'}
[18.368363] (px4_msgs) StdoutLine: {'line': b'-- Up-to-date: /home/subhalaxmi/nidar_ws/install/px4_msgs/include/px4_msgs/px4_msgs/msg/detail/power_monitor__rosidl_typesupport_fastrtps_cpp.hpp\n'}
[18.368587] (px4_msgs) StdoutLine: {'line': b'-- Up-to-date: /home/subhalaxmi/nidar_ws/install/px4_msgs/include/px4_msgs/px4_msgs/msg/detail/autotune_attitude_control_status__rosidl_typesupport_fastrtps_cpp.hpp\n'}
[18.368791] (px4_msgs) StdoutLine: {'line': b'-- Up-to-date: /home/subhalaxmi/nidar_ws/install/px4_msgs/include/px4_msgs/px4_msgs/msg/detail/gimbal_controls__rosidl_typesupport_fastrtps_cpp.hpp\n'}
[18.368968] (px4_msgs) StdoutLine: {'line': b'-- Up-to-date: /home/subhalaxmi/nidar_ws/install/px4_msgs/include/px4_msgs/px4_msgs/msg/detail/sensor_correction__rosidl_typesupport_fastrtps_cpp.hpp\n'}
[18.369157] (px4_msgs) StdoutLine: {'line': b'-- Up-to-date: /home/subhalaxmi/nidar_ws/install/px4_msgs/include/px4_msgs/px4_msgs/msg/detail/position_setpoint__rosidl_typesupport_fastrtps_cpp.hpp\n'}
[18.369354] (px4_msgs) StdoutLine: {'line': b'-- Up-to-date: /home/subhalaxmi/nidar_ws/install/px4_msgs/include/px4_msgs/px4_msgs/msg/detail/goto_setpoint__rosidl_typesupport_fastrtps_cpp.hpp\n'}
[18.369526] (px4_msgs) StdoutLine: {'line': b'-- Up-to-date: /home/subhalaxmi/nidar_ws/install/px4_msgs/include/px4_msgs/px4_msgs/msg/detail/message_format_response__rosidl_typesupport_fastrtps_cpp.hpp\n'}
[18.369698] (px4_msgs) StdoutLine: {'line': b'-- Up-to-date: /home/subhalaxmi/nidar_ws/install/px4_msgs/include/px4_msgs/px4_msgs/msg/detail/system_power__rosidl_typesupport_fastrtps_cpp.hpp\n'}
[18.369868] (px4_msgs) StdoutLine: {'line': b'-- Up-to-date: /home/subhalaxmi/nidar_ws/install/px4_msgs/include/px4_msgs/px4_msgs/msg/detail/takeoff_status__rosidl_typesupport_fastrtps_cpp.hpp\n'}
[18.370128] (px4_msgs) StdoutLine: {'line': b'-- Up-to-date: /home/subhalaxmi/nidar_ws/install/px4_msgs/include/px4_msgs/px4_msgs/msg/detail/tiltrotor_extra_controls__rosidl_typesupport_fastrtps_cpp.hpp\n'}
[18.370359] (px4_msgs) StdoutLine: {'line': b'-- Up-to-date: /home/subhalaxmi/nidar_ws/install/px4_msgs/include/px4_msgs/px4_msgs/msg/detail/navigator_status__rosidl_typesupport_fastrtps_cpp.hpp\n'}
[18.370561] (px4_msgs) StdoutLine: {'line': b'-- Up-to-date: /home/subhalaxmi/nidar_ws/install/px4_msgs/include/px4_msgs/px4_msgs/msg/detail/estimator_bias3d__rosidl_typesupport_fastrtps_cpp.hpp\n'}
[18.370757] (px4_msgs) StdoutLine: {'line': b'-- Up-to-date: /home/subhalaxmi/nidar_ws/install/px4_msgs/include/px4_msgs/px4_msgs/msg/detail/input_rc__rosidl_typesupport_fastrtps_cpp.hpp\n'}
[18.370952] (px4_msgs) StdoutLine: {'line': b'-- Up-to-date: /home/subhalaxmi/nidar_ws/install/px4_msgs/include/px4_msgs/px4_msgs/msg/detail/actuator_controls_status__rosidl_typesupport_fastrtps_cpp.hpp\n'}
[18.371177] (px4_msgs) StdoutLine: {'line': b'-- Up-to-date: /home/subhalaxmi/nidar_ws/install/px4_msgs/include/px4_msgs/px4_msgs/msg/detail/vehicle_odometry__rosidl_typesupport_fastrtps_cpp.hpp\n'}
[18.371398] (px4_msgs) StdoutLine: {'line': b'-- Up-to-date: /home/subhalaxmi/nidar_ws/install/px4_msgs/include/px4_msgs/px4_msgs/msg/detail/gimbal_device_information__rosidl_typesupport_fastrtps_cpp.hpp\n'}
[18.371573] (px4_msgs) StdoutLine: {'line': b'-- Up-to-date: /home/subhalaxmi/nidar_ws/install/px4_msgs/include/px4_msgs/px4_msgs/msg/detail/fuel_tank_status__rosidl_typesupport_fastrtps_cpp.hpp\n'}
[18.371744] (px4_msgs) StdoutLine: {'line': b'-- Up-to-date: /home/subhalaxmi/nidar_ws/install/px4_msgs/include/px4_msgs/px4_msgs/msg/detail/arming_check_request__rosidl_typesupport_fastrtps_cpp.hpp\n'}
[18.371913] (px4_msgs) StdoutLine: {'line': b'-- Up-to-date: /home/subhalaxmi/nidar_ws/install/px4_msgs/include/px4_msgs/px4_msgs/msg/detail/airspeed_wind__rosidl_typesupport_fastrtps_cpp.hpp\n'}
[18.372752] (px4_msgs) StdoutLine: {'line': b'-- Up-to-date: /home/subhalaxmi/nidar_ws/install/px4_msgs/include/px4_msgs/px4_msgs/msg/detail/vehicle_attitude__rosidl_typesupport_fastrtps_cpp.hpp\n'}
[18.373155] (px4_msgs) StdoutLine: {'line': b'-- Up-to-date: /home/subhalaxmi/nidar_ws/install/px4_msgs/include/px4_msgs/px4_msgs/msg/detail/parameter_update__rosidl_typesupport_fastrtps_cpp.hpp\n'}
[18.373643] (px4_msgs) StdoutLine: {'line': b'-- Up-to-date: /home/subhalaxmi/nidar_ws/install/px4_msgs/include/px4_msgs/px4_msgs/msg/detail/position_controller_landing_status__rosidl_typesupport_fastrtps_cpp.hpp\n'}
[18.375343] (px4_msgs) StdoutLine: {'line': b'-- Up-to-date: /home/subhalaxmi/nidar_ws/install/px4_msgs/include/px4_msgs/px4_msgs/msg/detail/radio_status__rosidl_typesupport_fastrtps_cpp.hpp\n'}
[18.375821] (px4_msgs) StdoutLine: {'line': b'-- Up-to-date: /home/subhalaxmi/nidar_ws/install/px4_msgs/include/px4_msgs/px4_msgs/msg/detail/wheel_encoders__rosidl_typesupport_fastrtps_cpp.hpp\n'}
[18.377562] (px4_msgs) StdoutLine: {'line': b'-- Up-to-date: /home/subhalaxmi/nidar_ws/install/px4_msgs/include/px4_msgs/px4_msgs/msg/detail/parameter_reset_request__rosidl_typesupport_fastrtps_cpp.hpp\n'}
[18.378462] (px4_msgs) StdoutLine: {'line': b'-- Up-to-date: /home/subhalaxmi/nidar_ws/install/px4_msgs/include/px4_msgs/px4_msgs/msg/detail/gpio_config__rosidl_typesupport_fastrtps_cpp.hpp\n'}
[18.378768] (px4_msgs) StdoutLine: {'line': b'-- Up-to-date: /home/subhalaxmi/nidar_ws/install/px4_msgs/include/px4_msgs/px4_msgs/msg/detail/can_interface_status__rosidl_typesupport_fastrtps_cpp.hpp\n'}
[18.379043] (px4_msgs) StdoutLine: {'line': b'-- Up-to-date: /home/subhalaxmi/nidar_ws/install/px4_msgs/include/px4_msgs/px4_msgs/msg/detail/geofence_result__rosidl_typesupport_fastrtps_cpp.hpp\n'}
[18.379354] (px4_msgs) StdoutLine: {'line': b'-- Up-to-date: /home/subhalaxmi/nidar_ws/install/px4_msgs/include/px4_msgs/px4_msgs/msg/detail/vehicle_optical_flow_vel__rosidl_typesupport_fastrtps_cpp.hpp\n'}
[18.379628] (px4_msgs) StdoutLine: {'line': b'-- Up-to-date: /home/subhalaxmi/nidar_ws/install/px4_msgs/include/px4_msgs/px4_msgs/msg/detail/trajectory_setpoint__rosidl_typesupport_fastrtps_cpp.hpp\n'}
[18.380048] (px4_msgs) StdoutLine: {'line': b'-- Up-to-date: /home/subhalaxmi/nidar_ws/install/px4_msgs/include/px4_msgs/px4_msgs/msg/detail/rover_position_setpoint__rosidl_typesupport_fastrtps_cpp.hpp\n'}
[18.381181] (px4_msgs) StdoutLine: {'line': b'-- Up-to-date: /home/subhalaxmi/nidar_ws/install/px4_msgs/include/px4_msgs/px4_msgs/msg/detail/ulog_stream_ack__rosidl_typesupport_fastrtps_cpp.hpp\n'}
[18.382527] (px4_msgs) StdoutLine: {'line': b'-- Up-to-date: /home/subhalaxmi/nidar_ws/install/px4_msgs/include/px4_msgs/px4_msgs/msg/detail/hover_thrust_estimate__rosidl_typesupport_fastrtps_cpp.hpp\n'}
[18.382809] (px4_msgs) StdoutLine: {'line': b'-- Up-to-date: /home/subhalaxmi/nidar_ws/install/px4_msgs/include/px4_msgs/px4_msgs/msg/detail/rover_throttle_setpoint__rosidl_typesupport_fastrtps_cpp.hpp\n'}
[18.383176] (px4_msgs) StdoutLine: {'line': b'-- Up-to-date: /home/subhalaxmi/nidar_ws/install/px4_msgs/include/px4_msgs/px4_msgs/msg/detail/gimbal_manager_status__rosidl_typesupport_fastrtps_cpp.hpp\n'}
[18.383397] (px4_msgs) StdoutLine: {'line': b'-- Up-to-date: /home/subhalaxmi/nidar_ws/install/px4_msgs/include/px4_msgs/px4_msgs/msg/detail/parameter_set_value_request__rosidl_typesupport_fastrtps_cpp.hpp\n'}
[18.384756] (px4_msgs) StdoutLine: {'line': b'-- Up-to-date: /home/subhalaxmi/nidar_ws/install/px4_msgs/include/px4_msgs/px4_msgs/msg/detail/internal_combustion_engine_status__rosidl_typesupport_fastrtps_cpp.hpp\n'}
[18.385199] (px4_msgs) StdoutLine: {'line': b'-- Up-to-date: /home/subhalaxmi/nidar_ws/install/px4_msgs/include/px4_msgs/px4_msgs/msg/detail/sensor_gnss_status__rosidl_typesupport_fastrtps_cpp.hpp\n'}
[18.385430] (px4_msgs) StdoutLine: {'line': b'-- Up-to-date: /home/subhalaxmi/nidar_ws/install/px4_msgs/include/px4_msgs/px4_msgs/msg/detail/message_format_request__rosidl_typesupport_fastrtps_cpp.hpp\n'}
[18.385721] (px4_msgs) StdoutLine: {'line': b'-- Up-to-date: /home/subhalaxmi/nidar_ws/install/px4_msgs/include/px4_msgs/px4_msgs/msg/detail/camera_capture__rosidl_typesupport_fastrtps_cpp.hpp\n'}
[18.385922] (px4_msgs) StdoutLine: {'line': b'-- Up-to-date: /home/subhalaxmi/nidar_ws/install/px4_msgs/include/px4_msgs/px4_msgs/msg/detail/tune_control__rosidl_typesupport_fastrtps_cpp.hpp\n'}
[18.386092] (px4_msgs) StdoutLine: {'line': b'-- Up-to-date: /home/subhalaxmi/nidar_ws/install/px4_msgs/include/px4_msgs/px4_msgs/msg/detail/adc_report__rosidl_typesupport_fastrtps_cpp.hpp\n'}
[18.386330] (px4_msgs) StdoutLine: {'line': b'-- Up-to-date: /home/subhalaxmi/nidar_ws/install/px4_msgs/include/px4_msgs/px4_msgs/msg/detail/launch_detection_status__rosidl_typesupport_fastrtps_cpp.hpp\n'}
[18.387984] (px4_msgs) StdoutLine: {'line': b'-- Up-to-date: /home/subhalaxmi/nidar_ws/install/px4_msgs/include/px4_msgs/px4_msgs/msg/detail/satellite_info__rosidl_typesupport_fastrtps_cpp.hpp\n'}
[18.388258] (px4_msgs) StdoutLine: {'line': b'-- Up-to-date: /home/subhalaxmi/nidar_ws/install/px4_msgs/include/px4_msgs/px4_msgs/msg/detail/log_message__rosidl_typesupport_fastrtps_cpp.hpp\n'}
[18.388459] (px4_msgs) StdoutLine: {'line': b'-- Up-to-date: /home/subhalaxmi/nidar_ws/install/px4_msgs/include/px4_msgs/px4_msgs/msg/detail/mag_worker_data__rosidl_typesupport_fastrtps_cpp.hpp\n'}
[18.388635] (px4_msgs) StdoutLine: {'line': b'-- Up-to-date: /home/subhalaxmi/nidar_ws/install/px4_msgs/include/px4_msgs/px4_msgs/msg/detail/airspeed__rosidl_typesupport_fastrtps_cpp.hpp\n'}
[18.388808] (px4_msgs) StdoutLine: {'line': b'-- Up-to-date: /home/subhalaxmi/nidar_ws/install/px4_msgs/include/px4_msgs/px4_msgs/msg/detail/irlock_report__rosidl_typesupport_fastrtps_cpp.hpp\n'}
[18.388978] (px4_msgs) StdoutLine: {'line': b'-- Up-to-date: /home/subhalaxmi/nidar_ws/install/px4_msgs/include/px4_msgs/px4_msgs/msg/detail/px4io_status__rosidl_typesupport_fastrtps_cpp.hpp\n'}
[18.390164] (px4_msgs) StdoutLine: {'line': b'-- Up-to-date: /home/subhalaxmi/nidar_ws/install/px4_msgs/include/px4_msgs/px4_msgs/msg/detail/open_drone_id_system__rosidl_typesupport_fastrtps_cpp.hpp\n'}
[18.390470] (px4_msgs) StdoutLine: {'line': b'-- Up-to-date: /home/subhalaxmi/nidar_ws/install/px4_msgs/include/px4_msgs/px4_msgs/msg/detail/airspeed_validated__rosidl_typesupport_fastrtps_cpp.hpp\n'}
[18.390654] (px4_msgs) StdoutLine: {'line': b'-- Up-to-date: /home/subhalaxmi/nidar_ws/install/px4_msgs/include/px4_msgs/px4_msgs/msg/detail/velocity_limits__rosidl_typesupport_fastrtps_cpp.hpp\n'}
[18.390824] (px4_msgs) StdoutLine: {'line': b'-- Up-to-date: /home/subhalaxmi/nidar_ws/install/px4_msgs/include/px4_msgs/px4_msgs/msg/detail/actuator_armed__rosidl_typesupport_fastrtps_cpp.hpp\n'}
[18.390995] (px4_msgs) StdoutLine: {'line': b'-- Up-to-date: /home/subhalaxmi/nidar_ws/install/px4_msgs/include/px4_msgs/px4_msgs/msg/detail/control_allocator_status__rosidl_typesupport_fastrtps_cpp.hpp\n'}
[18.392301] (px4_msgs) StdoutLine: {'line': b'-- Up-to-date: /home/subhalaxmi/nidar_ws/install/px4_msgs/include/px4_msgs/px4_msgs/msg/detail/sensor_preflight_mag__rosidl_typesupport_fastrtps_cpp.hpp\n'}
[18.392567] (px4_msgs) StdoutLine: {'line': b'-- Up-to-date: /home/subhalaxmi/nidar_ws/install/px4_msgs/include/px4_msgs/px4_msgs/msg/detail/actuator_test__rosidl_typesupport_fastrtps_cpp.hpp\n'}
[18.392747] (px4_msgs) StdoutLine: {'line': b'-- Up-to-date: /home/subhalaxmi/nidar_ws/install/px4_msgs/include/px4_msgs/px4_msgs/msg/detail/estimator_gps_status__rosidl_typesupport_fastrtps_cpp.hpp\n'}
[18.395011] (px4_msgs) StdoutLine: {'line': b'-- Up-to-date: /home/subhalaxmi/nidar_ws/install/px4_msgs/include/px4_msgs/px4_msgs/msg/detail/debug_vect__rosidl_typesupport_fastrtps_cpp.hpp\n'}
[18.395288] (px4_msgs) StdoutLine: {'line': b'-- Up-to-date: /home/subhalaxmi/nidar_ws/install/px4_msgs/include/px4_msgs/px4_msgs/msg/detail/rover_steering_setpoint__rosidl_typesupport_fastrtps_cpp.hpp\n'}
[18.396643] (px4_msgs) StdoutLine: {'line': b'-- Up-to-date: /home/subhalaxmi/nidar_ws/install/px4_msgs/include/px4_msgs/px4_msgs/msg/detail/gpio_out__rosidl_typesupport_fastrtps_cpp.hpp\n'}
[18.397568] (px4_msgs) StdoutLine: {'line': b'-- Up-to-date: /home/subhalaxmi/nidar_ws/install/px4_msgs/include/px4_msgs/px4_msgs/msg/detail/gimbal_manager_set_attitude__rosidl_typesupport_fastrtps_cpp.hpp\n'}
[18.397763] (px4_msgs) StdoutLine: {'line': b'-- Up-to-date: /home/subhalaxmi/nidar_ws/install/px4_msgs/include/px4_msgs/px4_msgs/msg/detail/gpio_in__rosidl_typesupport_fastrtps_cpp.hpp\n'}
[18.397939] (px4_msgs) StdoutLine: {'line': b'-- Up-to-date: /home/subhalaxmi/nidar_ws/install/px4_msgs/include/px4_msgs/px4_msgs/msg/detail/landing_gear_wheel__rosidl_typesupport_fastrtps_cpp.hpp\n'}
[18.398152] (px4_msgs) StdoutLine: {'line': b'-- Up-to-date: /home/subhalaxmi/nidar_ws/install/px4_msgs/include/px4_msgs/px4_msgs/msg/detail/gimbal_device_attitude_status__rosidl_typesupport_fastrtps_cpp.hpp\n'}
[18.398351] (px4_msgs) StdoutLine: {'line': b'-- Up-to-date: /home/subhalaxmi/nidar_ws/install/px4_msgs/include/px4_msgs/px4_msgs/msg/detail/dataman_request__rosidl_typesupport_fastrtps_cpp.hpp\n'}
[18.398524] (px4_msgs) StdoutLine: {'line': b'-- Up-to-date: /home/subhalaxmi/nidar_ws/install/px4_msgs/include/px4_msgs/px4_msgs/msg/detail/follow_target_estimator__rosidl_typesupport_fastrtps_cpp.hpp\n'}
[18.398708] (px4_msgs) StdoutLine: {'line': b'-- Up-to-date: /home/subhalaxmi/nidar_ws/install/px4_msgs/include/px4_msgs/px4_msgs/msg/detail/actuator_servos__rosidl_typesupport_fastrtps_cpp.hpp\n'}
[18.398881] (px4_msgs) StdoutLine: {'line': b'-- Up-to-date: /home/subhalaxmi/nidar_ws/install/px4_msgs/include/px4_msgs/px4_msgs/msg/detail/health_report__rosidl_typesupport_fastrtps_cpp.hpp\n'}
[18.399049] (px4_msgs) StdoutLine: {'line': b'-- Up-to-date: /home/subhalaxmi/nidar_ws/install/px4_msgs/include/px4_msgs/px4_msgs/msg/detail/vehicle_global_position__rosidl_typesupport_fastrtps_cpp.hpp\n'}
[18.400612] (px4_msgs) StdoutLine: {'line': b'-- Up-to-date: /home/subhalaxmi/nidar_ws/install/px4_msgs/include/px4_msgs/px4_msgs/msg/detail/raptor_status__rosidl_typesupport_fastrtps_cpp.hpp\n'}
[18.400918] (px4_msgs) StdoutLine: {'line': b'-- Up-to-date: /home/subhalaxmi/nidar_ws/install/px4_msgs/include/px4_msgs/px4_msgs/msg/detail/register_ext_component_request__rosidl_typesupport_fastrtps_cpp.hpp\n'}
[18.401096] (px4_msgs) StdoutLine: {'line': b'-- Up-to-date: /home/subhalaxmi/nidar_ws/install/px4_msgs/include/px4_msgs/px4_msgs/msg/detail/sensor_gnss_relative__rosidl_typesupport_fastrtps_cpp.hpp\n'}
[18.401308] (px4_msgs) StdoutLine: {'line': b'-- Up-to-date: /home/subhalaxmi/nidar_ws/install/px4_msgs/include/px4_msgs/px4_msgs/msg/detail/parameter_set_used_request__rosidl_typesupport_fastrtps_cpp.hpp\n'}
[18.401479] (px4_msgs) StdoutLine: {'line': b'-- Up-to-date: /home/subhalaxmi/nidar_ws/install/px4_msgs/include/px4_msgs/px4_msgs/msg/detail/rover_attitude_status__rosidl_typesupport_fastrtps_cpp.hpp\n'}
[18.401647] (px4_msgs) StdoutLine: {'line': b'-- Up-to-date: /home/subhalaxmi/nidar_ws/install/px4_msgs/include/px4_msgs/px4_msgs/msg/detail/sensor_selection__rosidl_typesupport_fastrtps_cpp.hpp\n'}
[18.401815] (px4_msgs) StdoutLine: {'line': b'-- Up-to-date: /home/subhalaxmi/nidar_ws/install/px4_msgs/include/px4_msgs/px4_msgs/msg/detail/sensor_airflow__rosidl_typesupport_fastrtps_cpp.hpp\n'}
[18.401977] (px4_msgs) StdoutLine: {'line': b'-- Up-to-date: /home/subhalaxmi/nidar_ws/install/px4_msgs/include/px4_msgs/px4_msgs/msg/detail/landing_gear__rosidl_typesupport_fastrtps_cpp.hpp\n'}
[18.402205] (px4_msgs) StdoutLine: {'line': b'-- Up-to-date: /home/subhalaxmi/nidar_ws/install/px4_msgs/include/px4_msgs/px4_msgs/msg/detail/gimbal_manager_set_manual_control__rosidl_typesupport_fastrtps_cpp.hpp\n'}
[18.402398] (px4_msgs) StdoutLine: {'line': b'-- Up-to-date: /home/subhalaxmi/nidar_ws/install/px4_msgs/include/px4_msgs/px4_msgs/msg/detail/mission__rosidl_typesupport_fastrtps_cpp.hpp\n'}
[18.402568] (px4_msgs) StdoutLine: {'line': b'-- Up-to-date: /home/subhalaxmi/nidar_ws/install/px4_msgs/include/px4_msgs/px4_msgs/msg/detail/orb_test_medium__rosidl_typesupport_fastrtps_cpp.hpp\n'}
[18.403048] (px4_msgs) StdoutLine: {'line': b'-- Up-to-date: /home/subhalaxmi/nidar_ws/install/px4_msgs/include/px4_msgs/px4_msgs/msg/detail/estimator_sensor_bias__rosidl_typesupport_fastrtps_cpp.hpp\n'}
[18.403325] (px4_msgs) StdoutLine: {'line': b'-- Up-to-date: /home/subhalaxmi/nidar_ws/install/px4_msgs/include/px4_msgs/px4_msgs/msg/detail/sensor_uwb__rosidl_typesupport_fastrtps_cpp.hpp\n'}
[18.403542] (px4_msgs) StdoutLine: {'line': b'-- Up-to-date: /home/subhalaxmi/nidar_ws/install/px4_msgs/include/px4_msgs/px4_msgs/msg/detail/heater_status__rosidl_typesupport_fastrtps_cpp.hpp\n'}
[18.403768] (px4_msgs) StdoutLine: {'line': b'-- Up-to-date: /home/subhalaxmi/nidar_ws/install/px4_msgs/include/px4_msgs/px4_msgs/msg/detail/estimator_states__rosidl_typesupport_fastrtps_cpp.hpp\n'}
[18.403971] (px4_msgs) StdoutLine: {'line': b'-- Up-to-date: /home/subhalaxmi/nidar_ws/install/px4_msgs/include/px4_msgs/px4_msgs/msg/detail/sensor_optical_flow__rosidl_typesupport_fastrtps_cpp.hpp\n'}
[18.404195] (px4_msgs) StdoutLine: {'line': b'-- Up-to-date: /home/subhalaxmi/nidar_ws/install/px4_msgs/include/px4_msgs/px4_msgs/msg/detail/cellular_status__rosidl_typesupport_fastrtps_cpp.hpp\n'}
[18.404421] (px4_msgs) StdoutLine: {'line': b'-- Up-to-date: /home/subhalaxmi/nidar_ws/install/px4_msgs/include/px4_msgs/px4_msgs/msg/detail/rpm__rosidl_typesupport_fastrtps_cpp.hpp\n'}
[18.404612] (px4_msgs) StdoutLine: {'line': b'-- Up-to-date: /home/subhalaxmi/nidar_ws/install/px4_msgs/include/px4_msgs/px4_msgs/msg/detail/uavcan_parameter_request__rosidl_typesupport_fastrtps_cpp.hpp\n'}
[18.404830] (px4_msgs) StdoutLine: {'line': b'-- Up-to-date: /home/subhalaxmi/nidar_ws/install/px4_msgs/include/px4_msgs/px4_msgs/msg/detail/config_overrides__rosidl_typesupport_fastrtps_cpp.hpp\n'}
[18.405081] (px4_msgs) StdoutLine: {'line': b'-- Up-to-date: /home/subhalaxmi/nidar_ws/install/px4_msgs/include/px4_msgs/px4_msgs/msg/detail/vehicle_magnetometer__rosidl_typesupport_fastrtps_cpp.hpp\n'}
[18.405290] (px4_msgs) StdoutLine: {'line': b'-- Up-to-date: /home/subhalaxmi/nidar_ws/install/px4_msgs/include/px4_msgs/px4_msgs/msg/detail/raptor_input__rosidl_typesupport_fastrtps_cpp.hpp\n'}
[18.405467] (px4_msgs) StdoutLine: {'line': b'-- Up-to-date: /home/subhalaxmi/nidar_ws/install/px4_msgs/include/px4_msgs/px4_msgs/msg/detail/onboard_computer_status__rosidl_typesupport_fastrtps_cpp.hpp\n'}
[18.405652] (px4_msgs) StdoutLine: {'line': b'-- Up-to-date: /home/subhalaxmi/nidar_ws/install/px4_msgs/include/px4_msgs/px4_msgs/msg/detail/vehicle_air_data__rosidl_typesupport_fastrtps_cpp.hpp\n'}
[18.405822] (px4_msgs) StdoutLine: {'line': b'-- Up-to-date: /home/subhalaxmi/nidar_ws/install/px4_msgs/include/px4_msgs/px4_msgs/msg/detail/geofence_status__rosidl_typesupport_fastrtps_cpp.hpp\n'}
[18.405989] (px4_msgs) StdoutLine: {'line': b'-- Up-to-date: /home/subhalaxmi/nidar_ws/install/px4_msgs/include/px4_msgs/px4_msgs/msg/detail/landing_target_pose__rosidl_typesupport_fastrtps_cpp.hpp\n'}
[18.406298] (px4_msgs) StdoutLine: {'line': b'-- Up-to-date: /home/subhalaxmi/nidar_ws/install/px4_msgs/include/px4_msgs/px4_msgs/msg/detail/vehicle_land_detected__rosidl_typesupport_fastrtps_cpp.hpp\n'}
[18.406481] (px4_msgs) StdoutLine: {'line': b'-- Up-to-date: /home/subhalaxmi/nidar_ws/install/px4_msgs/include/px4_msgs/px4_msgs/msg/detail/uavcan_parameter_value__rosidl_typesupport_fastrtps_cpp.hpp\n'}
[18.406645] (px4_msgs) StdoutLine: {'line': b'-- Up-to-date: /home/subhalaxmi/nidar_ws/install/px4_msgs/include/px4_msgs/px4_msgs/msg/detail/magnetometer_bias_estimate__rosidl_typesupport_fastrtps_cpp.hpp\n'}
[18.406809] (px4_msgs) StdoutLine: {'line': b'-- Up-to-date: /home/subhalaxmi/nidar_ws/install/px4_msgs/include/px4_msgs/px4_msgs/msg/detail/vehicle_rates_setpoint__rosidl_typesupport_fastrtps_cpp.hpp\n'}
[18.406974] (px4_msgs) StdoutLine: {'line': b'-- Up-to-date: /home/subhalaxmi/nidar_ws/install/px4_msgs/include/px4_msgs/px4_msgs/msg/detail/esc_report__rosidl_typesupport_fastrtps_cpp.hpp\n'}
[18.407173] (px4_msgs) StdoutLine: {'line': b'-- Up-to-date: /home/subhalaxmi/nidar_ws/install/px4_msgs/include/px4_msgs/px4_msgs/msg/detail/obstacle_distance__rosidl_typesupport_fastrtps_cpp.hpp\n'}
[18.407476] (px4_msgs) StdoutLine: {'line': b'-- Up-to-date: /home/subhalaxmi/nidar_ws/install/px4_msgs/include/px4_msgs/px4_msgs/msg/detail/logger_status__rosidl_typesupport_fastrtps_cpp.hpp\n'}
[18.407671] (px4_msgs) StdoutLine: {'line': b'-- Up-to-date: /home/subhalaxmi/nidar_ws/install/px4_msgs/include/px4_msgs/px4_msgs/msg/detail/rover_speed_setpoint__rosidl_typesupport_fastrtps_cpp.hpp\n'}
[18.407846] (px4_msgs) StdoutLine: {'line': b'-- Up-to-date: /home/subhalaxmi/nidar_ws/install/px4_msgs/include/px4_msgs/px4_msgs/msg/detail/vehicle_roi__rosidl_typesupport_fastrtps_cpp.hpp\n'}
[18.408051] (px4_msgs) StdoutLine: {'line': b'-- Up-to-date: /home/subhalaxmi/nidar_ws/install/px4_msgs/include/px4_msgs/px4_msgs/msg/detail/sensors_status_imu__rosidl_typesupport_fastrtps_cpp.hpp\n'}
[18.408262] (px4_msgs) StdoutLine: {'line': b'-- Up-to-date: /home/subhalaxmi/nidar_ws/install/px4_msgs/include/px4_msgs/px4_msgs/msg/detail/qshell_req__rosidl_typesupport_fastrtps_cpp.hpp\n'}
[18.408442] (px4_msgs) StdoutLine: {'line': b'-- Up-to-date: /home/subhalaxmi/nidar_ws/install/px4_msgs/include/px4_msgs/px4_msgs/msg/detail/wind__rosidl_typesupport_fastrtps_cpp.hpp\n'}
[18.408610] (px4_msgs) StdoutLine: {'line': b'-- Up-to-date: /home/subhalaxmi/nidar_ws/install/px4_msgs/include/px4_msgs/px4_msgs/msg/detail/sensor_accel_fifo__rosidl_typesupport_fastrtps_cpp.hpp\n'}
[18.408778] (px4_msgs) StdoutLine: {'line': b'-- Up-to-date: /home/subhalaxmi/nidar_ws/install/px4_msgs/include/px4_msgs/px4_msgs/msg/detail/offboard_control_mode__rosidl_typesupport_fastrtps_cpp.hpp\n'}
[18.408944] (px4_msgs) StdoutLine: {'line': b'-- Up-to-date: /home/subhalaxmi/nidar_ws/install/px4_msgs/include/px4_msgs/px4_msgs/msg/rosidl_typesupport_fastrtps_cpp__visibility_control.h\n'}
[18.410802] (px4_msgs) StdoutLine: {'line': b'-- Up-to-date: /home/subhalaxmi/nidar_ws/install/px4_msgs/include/px4_msgs/px4_msgs/srv\n'}
[18.411210] (px4_msgs) StdoutLine: {'line': b'-- Up-to-date: /home/subhalaxmi/nidar_ws/install/px4_msgs/include/px4_msgs/px4_msgs/srv/detail\n'}
[18.411421] (px4_msgs) StdoutLine: {'line': b'-- Up-to-date: /home/subhalaxmi/nidar_ws/install/px4_msgs/include/px4_msgs/px4_msgs/srv/detail/dds_fastrtps\n'}
[18.411597] (px4_msgs) StdoutLine: {'line': b'-- Up-to-date: /home/subhalaxmi/nidar_ws/install/px4_msgs/include/px4_msgs/px4_msgs/srv/detail/vehicle_command__rosidl_typesupport_fastrtps_cpp.hpp\n'}
[18.411770] (px4_msgs) StdoutLine: {'line': b'-- Up-to-date: /home/subhalaxmi/nidar_ws/install/px4_msgs/lib/libpx4_msgs__rosidl_typesupport_fastrtps_cpp.so\n'}
[18.411940] (px4_msgs) StdoutLine: {'line': b'-- Up-to-date: /home/subhalaxmi/nidar_ws/install/px4_msgs/include/px4_msgs/px4_msgs\n'}
[18.412220] (px4_msgs) StdoutLine: {'line': b'-- Up-to-date: /home/subhalaxmi/nidar_ws/install/px4_msgs/include/px4_msgs/px4_msgs/msg\n'}
[18.412408] (px4_msgs) StdoutLine: {'line': b'-- Up-to-date: /home/subhalaxmi/nidar_ws/install/px4_msgs/include/px4_msgs/px4_msgs/msg/rosidl_typesupport_introspection_c__visibility_control.h\n'}
[18.412580] (px4_msgs) StdoutLine: {'line': b'-- Up-to-date: /home/subhalaxmi/nidar_ws/install/px4_msgs/include/px4_msgs/px4_msgs/msg/detail\n'}
[18.412748] (px4_msgs) StdoutLine: {'line': b'-- Up-to-date: /home/subhalaxmi/nidar_ws/install/px4_msgs/include/px4_msgs/px4_msgs/msg/detail/estimator_bias__type_support.c\n'}
[18.413012] (px4_msgs) StdoutLine: {'line': b'-- Up-to-date: /home/subhalaxmi/nidar_ws/install/px4_msgs/include/px4_msgs/px4_msgs/msg/detail/offboard_control_mode__rosidl_typesupport_introspection_c.h\n'}
[18.414771] (px4_msgs) StdoutLine: {'line': b'-- Up-to-date: /home/subhalaxmi/nidar_ws/install/px4_msgs/include/px4_msgs/px4_msgs/msg/detail/mount_orientation__type_support.c\n'}
[18.415021] (px4_msgs) StdoutLine: {'line': b'-- Up-to-date: /home/subhalaxmi/nidar_ws/install/px4_msgs/include/px4_msgs/px4_msgs/msg/detail/fixed_wing_longitudinal_setpoint__type_support.c\n'}
[18.415265] (px4_msgs) StdoutLine: {'line': b'-- Up-to-date: /home/subhalaxmi/nidar_ws/install/px4_msgs/include/px4_msgs/px4_msgs/msg/detail/vehicle_imu__rosidl_typesupport_introspection_c.h\n'}
[18.415470] (px4_msgs) StdoutLine: {'line': b'-- Up-to-date: /home/subhalaxmi/nidar_ws/install/px4_msgs/include/px4_msgs/px4_msgs/msg/detail/vehicle_rates_setpoint__type_support.c\n'}
[18.415666] (px4_msgs) StdoutLine: {'line': b'-- Up-to-date: /home/subhalaxmi/nidar_ws/install/px4_msgs/include/px4_msgs/px4_msgs/msg/detail/device_information__rosidl_typesupport_introspection_c.h\n'}
[18.415903] (px4_msgs) StdoutLine: {'line': b'-- Up-to-date: /home/subhalaxmi/nidar_ws/install/px4_msgs/include/px4_msgs/px4_msgs/msg/detail/sensor_airflow__rosidl_typesupport_introspection_c.h\n'}
[18.416146] (px4_msgs) StdoutLine: {'line': b'-- Up-to-date: /home/subhalaxmi/nidar_ws/install/px4_msgs/include/px4_msgs/px4_msgs/msg/detail/rover_rate_setpoint__type_support.c\n'}
[18.416463] (px4_msgs) StdoutLine: {'line': b'-- Up-to-date: /home/subhalaxmi/nidar_ws/install/px4_msgs/include/px4_msgs/px4_msgs/msg/detail/vehicle_local_position__type_support.c\n'}
[18.416671] (px4_msgs) StdoutLine: {'line': b'-- Up-to-date: /home/subhalaxmi/nidar_ws/install/px4_msgs/include/px4_msgs/px4_msgs/msg/detail/sensor_uwb__type_support.c\n'}
[18.416870] (px4_msgs) StdoutLine: {'line': b'-- Up-to-date: /home/subhalaxmi/nidar_ws/install/px4_msgs/include/px4_msgs/px4_msgs/msg/detail/sensor_gyro_fft__type_support.c\n'}
[18.417064] (px4_msgs) StdoutLine: {'line': b'-- Up-to-date: /home/subhalaxmi/nidar_ws/install/px4_msgs/include/px4_msgs/px4_msgs/msg/detail/internal_combustion_engine_control__rosidl_typesupport_introspection_c.h\n'}
[18.417579] (px4_msgs) StdoutLine: {'line': b'-- Up-to-date: /home/subhalaxmi/nidar_ws/install/px4_msgs/include/px4_msgs/px4_msgs/msg/detail/vehicle_imu_status__type_support.c\n'}
[18.417773] (px4_msgs) StdoutLine: {'line': b'-- Up-to-date: /home/subhalaxmi/nidar_ws/install/px4_msgs/include/px4_msgs/px4_msgs/msg/detail/sensor_correction__type_support.c\n'}
[18.417946] (px4_msgs) StdoutLine: {'line': b'-- Up-to-date: /home/subhalaxmi/nidar_ws/install/px4_msgs/include/px4_msgs/px4_msgs/msg/detail/sensor_gyro__type_support.c\n'}
[18.418129] (px4_msgs) StdoutLine: {'line': b'-- Up-to-date: /home/subhalaxmi/nidar_ws/install/px4_msgs/include/px4_msgs/px4_msgs/msg/detail/vehicle_optical_flow__type_support.c\n'}
[18.418352] (px4_msgs) StdoutLine: {'line': b'-- Up-to-date: /home/subhalaxmi/nidar_ws/install/px4_msgs/include/px4_msgs/px4_msgs/msg/detail/satellite_info__type_support.c\n'}
[18.418527] (px4_msgs) StdoutLine: {'line': b'-- Up-to-date: /home/subhalaxmi/nidar_ws/install/px4_msgs/include/px4_msgs/px4_msgs/msg/detail/manual_control_switches__rosidl_typesupport_introspection_c.h\n'}
[18.419647] (px4_msgs) StdoutLine: {'line': b'-- Up-to-date: /home/subhalaxmi/nidar_ws/install/px4_msgs/include/px4_msgs/px4_msgs/msg/detail/sensor_gyro_fft__rosidl_typesupport_introspection_c.h\n'}
[18.419860] (px4_msgs) StdoutLine: {'line': b'-- Up-to-date: /home/subhalaxmi/nidar_ws/install/px4_msgs/include/px4_msgs/px4_msgs/msg/detail/actuator_outputs__rosidl_typesupport_introspection_c.h\n'}
[18.420040] (px4_msgs) StdoutLine: {'line': b'-- Up-to-date: /home/subhalaxmi/nidar_ws/install/px4_msgs/include/px4_msgs/px4_msgs/msg/detail/vehicle_global_position__type_support.c\n'}
[18.423421] (px4_msgs) StdoutLine: {'line': b'-- Up-to-date: /home/subhalaxmi/nidar_ws/install/px4_msgs/include/px4_msgs/px4_msgs/msg/detail/orb_test__type_support.c\n'}
[18.423714] (px4_msgs) StdoutLine: {'line': b'-- Up-to-date: /home/subhalaxmi/nidar_ws/install/px4_msgs/include/px4_msgs/px4_msgs/msg/detail/sensor_gnss_relative__rosidl_typesupport_introspection_c.h\n'}
[18.423934] (px4_msgs) StdoutLine: {'line': b'-- Up-to-date: /home/subhalaxmi/nidar_ws/install/px4_msgs/include/px4_msgs/px4_msgs/msg/detail/gpio_out__type_support.c\n'}
[18.424167] (px4_msgs) StdoutLine: {'line': b'-- Up-to-date: /home/subhalaxmi/nidar_ws/install/px4_msgs/include/px4_msgs/px4_msgs/msg/detail/aux_global_position__rosidl_typesupport_introspection_c.h\n'}
[18.424419] (px4_msgs) StdoutLine: {'line': b'-- Up-to-date: /home/subhalaxmi/nidar_ws/install/px4_msgs/include/px4_msgs/px4_msgs/msg/detail/actuator_outputs__type_support.c\n'}
[18.427218] (px4_msgs) StdoutLine: {'line': b'-- Up-to-date: /home/subhalaxmi/nidar_ws/install/px4_msgs/include/px4_msgs/px4_msgs/msg/detail/estimator_aid_source1d__rosidl_typesupport_introspection_c.h\n'}
[18.427542] (px4_msgs) StdoutLine: {'line': b'-- Up-to-date: /home/subhalaxmi/nidar_ws/install/px4_msgs/include/px4_msgs/px4_msgs/msg/detail/gpio_config__type_support.c\n'}
[18.427749] (px4_msgs) StdoutLine: {'line': b'-- Up-to-date: /home/subhalaxmi/nidar_ws/install/px4_msgs/include/px4_msgs/px4_msgs/msg/detail/debug_value__rosidl_typesupport_introspection_c.h\n'}
[18.427928] (px4_msgs) StdoutLine: {'line': b'-- Up-to-date: /home/subhalaxmi/nidar_ws/install/px4_msgs/include/px4_msgs/px4_msgs/msg/detail/vehicle_local_position_setpoint__rosidl_typesupport_introspection_c.h\n'}
[18.429433] (px4_msgs) StdoutLine: {'line': b'-- Up-to-date: /home/subhalaxmi/nidar_ws/install/px4_msgs/include/px4_msgs/px4_msgs/msg/detail/differential_pressure__type_support.c\n'}
[18.429914] (px4_msgs) StdoutLine: {'line': b'-- Up-to-date: /home/subhalaxmi/nidar_ws/install/px4_msgs/include/px4_msgs/px4_msgs/msg/detail/estimator_selector_status__rosidl_typesupport_introspection_c.h\n'}
[18.430182] (px4_msgs) StdoutLine: {'line': b'-- Up-to-date: /home/subhalaxmi/nidar_ws/install/px4_msgs/include/px4_msgs/px4_msgs/msg/detail/gpio_config__rosidl_typesupport_introspection_c.h\n'}
[18.430423] (px4_msgs) StdoutLine: {'line': b'-- Up-to-date: /home/subhalaxmi/nidar_ws/install/px4_msgs/include/px4_msgs/px4_msgs/msg/detail/estimator_states__type_support.c\n'}
[18.430616] (px4_msgs) StdoutLine: {'line': b'-- Up-to-date: /home/subhalaxmi/nidar_ws/install/px4_msgs/include/px4_msgs/px4_msgs/msg/detail/estimator_gps_status__rosidl_typesupport_introspection_c.h\n'}
[18.430798] (px4_msgs) StdoutLine: {'line': b'-- Up-to-date: /home/subhalaxmi/nidar_ws/install/px4_msgs/include/px4_msgs/px4_msgs/msg/detail/gimbal_manager_set_attitude__rosidl_typesupport_introspection_c.h\n'}
[18.431043] (px4_msgs) StdoutLine: {'line': b'-- Up-to-date: /home/subhalaxmi/nidar_ws/install/px4_msgs/include/px4_msgs/px4_msgs/msg/detail/navigator_mission_item__rosidl_typesupport_introspection_c.h\n'}
[18.434796] (px4_msgs) StdoutLine: {'line': b'-- Up-to-date: /home/subhalaxmi/nidar_ws/install/px4_msgs/include/px4_msgs/px4_msgs/msg/detail/estimator_status_flags__type_support.c\n'}
[18.435160] (px4_msgs) StdoutLine: {'line': b'-- Up-to-date: /home/subhalaxmi/nidar_ws/install/px4_msgs/include/px4_msgs/px4_msgs/msg/detail/debug_array__rosidl_typesupport_introspection_c.h\n'}
[18.436723] (px4_msgs) StdoutLine: {'line': b'-- Up-to-date: /home/subhalaxmi/nidar_ws/install/px4_msgs/include/px4_msgs/px4_msgs/msg/detail/mavlink_tunnel__rosidl_typesupport_introspection_c.h\n'}
[18.436957] (px4_msgs) StdoutLine: {'line': b'-- Up-to-date: /home/subhalaxmi/nidar_ws/install/px4_msgs/include/px4_msgs/px4_msgs/msg/detail/parameter_reset_request__rosidl_typesupport_introspection_c.h\n'}
[18.437164] (px4_msgs) StdoutLine: {'line': b'-- Up-to-date: /home/subhalaxmi/nidar_ws/install/px4_msgs/include/px4_msgs/px4_msgs/msg/detail/iridiumsbd_status__rosidl_typesupport_introspection_c.h\n'}
[18.437619] (px4_msgs) StdoutLine: {'line': b'-- Up-to-date: /home/subhalaxmi/nidar_ws/install/px4_msgs/include/px4_msgs/px4_msgs/msg/detail/follow_target__rosidl_typesupport_introspection_c.h\n'}
[18.437917] (px4_msgs) StdoutLine: {'line': b'-- Up-to-date: /home/subhalaxmi/nidar_ws/install/px4_msgs/include/px4_msgs/px4_msgs/msg/detail/pwm_input__rosidl_typesupport_introspection_c.h\n'}
[18.438864] (px4_msgs) StdoutLine: {'line': b'-- Up-to-date: /home/subhalaxmi/nidar_ws/install/px4_msgs/include/px4_msgs/px4_msgs/msg/detail/estimator_sensor_bias__type_support.c\n'}
[18.439456] (px4_msgs) StdoutLine: {'line': b'-- Up-to-date: /home/subhalaxmi/nidar_ws/install/px4_msgs/include/px4_msgs/px4_msgs/msg/detail/irlock_report__type_support.c\n'}
[18.439724] (px4_msgs) StdoutLine: {'line': b'-- Up-to-date: /home/subhalaxmi/nidar_ws/install/px4_msgs/include/px4_msgs/px4_msgs/msg/detail/figure_eight_status__type_support.c\n'}
[18.441160] (px4_msgs) StdoutLine: {'line': b'-- Up-to-date: /home/subhalaxmi/nidar_ws/install/px4_msgs/include/px4_msgs/px4_msgs/msg/detail/follow_target_estimator__rosidl_typesupport_introspection_c.h\n'}
[18.441499] (px4_msgs) StdoutLine: {'line': b'-- Up-to-date: /home/subhalaxmi/nidar_ws/install/px4_msgs/include/px4_msgs/px4_msgs/msg/detail/system_power__rosidl_typesupport_introspection_c.h\n'}
[18.442128] (px4_msgs) StdoutLine: {'line': b'-- Up-to-date: /home/subhalaxmi/nidar_ws/install/px4_msgs/include/px4_msgs/px4_msgs/msg/detail/estimator_aid_source3d__rosidl_typesupport_introspection_c.h\n'}
[18.442355] (px4_msgs) StdoutLine: {'line': b'-- Up-to-date: /home/subhalaxmi/nidar_ws/install/px4_msgs/include/px4_msgs/px4_msgs/msg/detail/position_controller_landing_status__rosidl_typesupport_introspection_c.h\n'}
[18.442545] (px4_msgs) StdoutLine: {'line': b'-- Up-to-date: /home/subhalaxmi/nidar_ws/install/px4_msgs/include/px4_msgs/px4_msgs/msg/detail/led_control__type_support.c\n'}
[18.442718] (px4_msgs) StdoutLine: {'line': b'-- Up-to-date: /home/subhalaxmi/nidar_ws/install/px4_msgs/include/px4_msgs/px4_msgs/msg/detail/mode_completed__rosidl_typesupport_introspection_c.h\n'}
[18.442885] (px4_msgs) StdoutLine: {'line': b'-- Up-to-date: /home/subhalaxmi/nidar_ws/install/px4_msgs/include/px4_msgs/px4_msgs/msg/detail/obstacle_distance__rosidl_typesupport_introspection_c.h\n'}
[18.444856] (px4_msgs) StdoutLine: {'line': b'-- Up-to-date: /home/subhalaxmi/nidar_ws/install/px4_msgs/include/px4_msgs/px4_msgs/msg/detail/estimator_bias3d__type_support.c\n'}
[18.445270] (px4_msgs) StdoutLine: {'line': b'-- Up-to-date: /home/subhalaxmi/nidar_ws/install/px4_msgs/include/px4_msgs/px4_msgs/msg/detail/log_message__rosidl_typesupport_introspection_c.h\n'}
[18.445503] (px4_msgs) StdoutLine: {'line': b'-- Up-to-date: /home/subhalaxmi/nidar_ws/install/px4_msgs/include/px4_msgs/px4_msgs/msg/detail/heater_status__type_support.c\n'}
[18.445714] (px4_msgs) StdoutLine: {'line': b'-- Up-to-date: /home/subhalaxmi/nidar_ws/install/px4_msgs/include/px4_msgs/px4_msgs/msg/detail/magnetometer_bias_estimate__type_support.c\n'}
[18.445914] (px4_msgs) StdoutLine: {'line': b'-- Up-to-date: /home/subhalaxmi/nidar_ws/install/px4_msgs/include/px4_msgs/px4_msgs/msg/detail/parameter_reset_request__type_support.c\n'}
[18.446479] (px4_msgs) StdoutLine: {'line': b'-- Up-to-date: /home/subhalaxmi/nidar_ws/install/px4_msgs/include/px4_msgs/px4_msgs/msg/detail/camera_status__rosidl_typesupport_introspection_c.h\n'}
[18.446679] (px4_msgs) StdoutLine: {'line': b'-- Up-to-date: /home/subhalaxmi/nidar_ws/install/px4_msgs/include/px4_msgs/px4_msgs/msg/detail/navigator_status__type_support.c\n'}
[18.446856] (px4_msgs) StdoutLine: {'line': b'-- Up-to-date: /home/subhalaxmi/nidar_ws/install/px4_msgs/include/px4_msgs/px4_msgs/msg/detail/position_controller_landing_status__type_support.c\n'}
[18.447032] (px4_msgs) StdoutLine: {'line': b'-- Up-to-date: /home/subhalaxmi/nidar_ws/install/px4_msgs/include/px4_msgs/px4_msgs/msg/detail/logger_status__rosidl_typesupport_introspection_c.h\n'}
[18.447255] (px4_msgs) StdoutLine: {'line': b'-- Up-to-date: /home/subhalaxmi/nidar_ws/install/px4_msgs/include/px4_msgs/px4_msgs/msg/detail/gain_compression__type_support.c\n'}
[18.447440] (px4_msgs) StdoutLine: {'line': b'-- Up-to-date: /home/subhalaxmi/nidar_ws/install/px4_msgs/include/px4_msgs/px4_msgs/msg/detail/button_event__rosidl_typesupport_introspection_c.h\n'}
[18.447615] (px4_msgs) StdoutLine: {'line': b'-- Up-to-date: /home/subhalaxmi/nidar_ws/install/px4_msgs/include/px4_msgs/px4_msgs/msg/detail/home_position__type_support.c\n'}
[18.447787] (px4_msgs) StdoutLine: {'line': b'-- Up-to-date: /home/subhalaxmi/nidar_ws/install/px4_msgs/include/px4_msgs/px4_msgs/msg/detail/arming_check_reply__rosidl_typesupport_introspection_c.h\n'}
[18.447966] (px4_msgs) StdoutLine: {'line': b'-- Up-to-date: /home/subhalaxmi/nidar_ws/install/px4_msgs/include/px4_msgs/px4_msgs/msg/detail/task_stack_info__type_support.c\n'}
[18.448495] (px4_msgs) StdoutLine: {'line': b'-- Up-to-date: /home/subhalaxmi/nidar_ws/install/px4_msgs/include/px4_msgs/px4_msgs/msg/detail/goto_setpoint__type_support.c\n'}
[18.448794] (px4_msgs) StdoutLine: {'line': b'-- Up-to-date: /home/subhalaxmi/nidar_ws/install/px4_msgs/include/px4_msgs/px4_msgs/msg/detail/message_format_request__rosidl_typesupport_introspection_c.h\n'}
[18.448988] (px4_msgs) StdoutLine: {'line': b'-- Up-to-date: /home/subhalaxmi/nidar_ws/install/px4_msgs/include/px4_msgs/px4_msgs/msg/detail/vehicle_angular_velocity__type_support.c\n'}
[18.449247] (px4_msgs) StdoutLine: {'line': b'-- Up-to-date: /home/subhalaxmi/nidar_ws/install/px4_msgs/include/px4_msgs/px4_msgs/msg/detail/raptor_input__rosidl_typesupport_introspection_c.h\n'}
[18.449448] (px4_msgs) StdoutLine: {'line': b'-- Up-to-date: /home/subhalaxmi/nidar_ws/install/px4_msgs/include/px4_msgs/px4_msgs/msg/detail/estimator_status__rosidl_typesupport_introspection_c.h\n'}
[18.449650] (px4_msgs) StdoutLine: {'line': b'-- Up-to-date: /home/subhalaxmi/nidar_ws/install/px4_msgs/include/px4_msgs/px4_msgs/msg/detail/manual_control_setpoint__rosidl_typesupport_introspection_c.h\n'}
[18.449828] (px4_msgs) StdoutLine: {'line': b'-- Up-to-date: /home/subhalaxmi/nidar_ws/install/px4_msgs/include/px4_msgs/px4_msgs/msg/detail/mavlink_log__rosidl_typesupport_introspection_c.h\n'}
[18.450004] (px4_msgs) StdoutLine: {'line': b'-- Up-to-date: /home/subhalaxmi/nidar_ws/install/px4_msgs/include/px4_msgs/px4_msgs/msg/detail/rtl_status__type_support.c\n'}
[18.450203] (px4_msgs) StdoutLine: {'line': b'-- Up-to-date: /home/subhalaxmi/nidar_ws/install/px4_msgs/include/px4_msgs/px4_msgs/msg/detail/follow_target_estimator__type_support.c\n'}
[18.450396] (px4_msgs) StdoutLine: {'line': b'-- Up-to-date: /home/subhalaxmi/nidar_ws/install/px4_msgs/include/px4_msgs/px4_msgs/msg/detail/vehicle_attitude_setpoint__rosidl_typesupport_introspection_c.h\n'}
[18.450568] (px4_msgs) StdoutLine: {'line': b'-- Up-to-date: /home/subhalaxmi/nidar_ws/install/px4_msgs/include/px4_msgs/px4_msgs/msg/detail/fixed_wing_lateral_setpoint__type_support.c\n'}
[18.450739] (px4_msgs) StdoutLine: {'line': b'-- Up-to-date: /home/subhalaxmi/nidar_ws/install/px4_msgs/include/px4_msgs/px4_msgs/msg/detail/sensor_gyro_fifo__rosidl_typesupport_introspection_c.h\n'}
[18.452415] (px4_msgs) StdoutLine: {'line': b'-- Up-to-date: /home/subhalaxmi/nidar_ws/install/px4_msgs/include/px4_msgs/px4_msgs/msg/detail/sensor_combined__type_support.c\n'}
[18.453299] (px4_msgs) StdoutLine: {'line': b'-- Up-to-date: /home/subhalaxmi/nidar_ws/install/px4_msgs/include/px4_msgs/px4_msgs/msg/detail/vtx__rosidl_typesupport_introspection_c.h\n'}
[18.453649] (px4_msgs) StdoutLine: {'line': b'-- Up-to-date: /home/subhalaxmi/nidar_ws/install/px4_msgs/include/px4_msgs/px4_msgs/msg/detail/sensor_preflight_mag__rosidl_typesupport_introspection_c.h\n'}
[18.453838] (px4_msgs) StdoutLine: {'line': b'-- Up-to-date: /home/subhalaxmi/nidar_ws/install/px4_msgs/include/px4_msgs/px4_msgs/msg/detail/mode_completed__type_support.c\n'}
[18.454013] (px4_msgs) StdoutLine: {'line': b'-- Up-to-date: /home/subhalaxmi/nidar_ws/install/px4_msgs/include/px4_msgs/px4_msgs/msg/detail/sensor_optical_flow__type_support.c\n'}
[18.454222] (px4_msgs) StdoutLine: {'line': b'-- Up-to-date: /home/subhalaxmi/nidar_ws/install/px4_msgs/include/px4_msgs/px4_msgs/msg/detail/gripper__rosidl_typesupport_introspection_c.h\n'}
[18.454422] (px4_msgs) StdoutLine: {'line': b'-- Up-to-date: /home/subhalaxmi/nidar_ws/install/px4_msgs/include/px4_msgs/px4_msgs/msg/detail/figure_eight_status__rosidl_typesupport_introspection_c.h\n'}
[18.454621] (px4_msgs) StdoutLine: {'line': b'-- Up-to-date: /home/subhalaxmi/nidar_ws/install/px4_msgs/include/px4_msgs/px4_msgs/msg/detail/sensor_airflow__type_support.c\n'}
[18.454820] (px4_msgs) StdoutLine: {'line': b'-- Up-to-date: /home/subhalaxmi/nidar_ws/install/px4_msgs/include/px4_msgs/px4_msgs/msg/detail/tune_control__rosidl_typesupport_introspection_c.h\n'}
[18.455064] (px4_msgs) StdoutLine: {'line': b'-- Up-to-date: /home/subhalaxmi/nidar_ws/install/px4_msgs/include/px4_msgs/px4_msgs/msg/detail/fixed_wing_lateral_guidance_status__rosidl_typesupport_introspection_c.h\n'}
[18.455369] (px4_msgs) StdoutLine: {'line': b'-- Up-to-date: /home/subhalaxmi/nidar_ws/install/px4_msgs/include/px4_msgs/px4_msgs/msg/detail/position_setpoint_triplet__rosidl_typesupport_introspection_c.h\n'}
[18.455567] (px4_msgs) StdoutLine: {'line': b'-- Up-to-date: /home/subhalaxmi/nidar_ws/install/px4_msgs/include/px4_msgs/px4_msgs/msg/detail/estimator_innovations__type_support.c\n'}
[18.455765] (px4_msgs) StdoutLine: {'line': b'-- Up-to-date: /home/subhalaxmi/nidar_ws/install/px4_msgs/include/px4_msgs/px4_msgs/msg/detail/rc_parameter_map__rosidl_typesupport_introspection_c.h\n'}
[18.455956] (px4_msgs) StdoutLine: {'line': b'-- Up-to-date: /home/subhalaxmi/nidar_ws/install/px4_msgs/include/px4_msgs/px4_msgs/msg/detail/vtx__type_support.c\n'}
[18.456274] (px4_msgs) StdoutLine: {'line': b'-- Up-to-date: /home/subhalaxmi/nidar_ws/install/px4_msgs/include/px4_msgs/px4_msgs/msg/detail/parameter_set_value_request__type_support.c\n'}
[18.456480] (px4_msgs) StdoutLine: {'line': b'-- Up-to-date: /home/subhalaxmi/nidar_ws/install/px4_msgs/include/px4_msgs/px4_msgs/msg/detail/control_allocator_status__rosidl_typesupport_introspection_c.h\n'}
[18.456742] (px4_msgs) StdoutLine: {'line': b'-- Up-to-date: /home/subhalaxmi/nidar_ws/install/px4_msgs/include/px4_msgs/px4_msgs/msg/detail/actuator_armed__type_support.c\n'}
[18.456916] (px4_msgs) StdoutLine: {'line': b'-- Up-to-date: /home/subhalaxmi/nidar_ws/install/px4_msgs/include/px4_msgs/px4_msgs/msg/detail/heater_status__rosidl_typesupport_introspection_c.h\n'}
[18.457083] (px4_msgs) StdoutLine: {'line': b'-- Up-to-date: /home/subhalaxmi/nidar_ws/install/px4_msgs/include/px4_msgs/px4_msgs/msg/detail/gain_compression__rosidl_typesupport_introspection_c.h\n'}
[18.457292] (px4_msgs) StdoutLine: {'line': b'-- Up-to-date: /home/subhalaxmi/nidar_ws/install/px4_msgs/include/px4_msgs/px4_msgs/msg/detail/arming_check_reply__type_support.c\n'}
[18.457551] (px4_msgs) StdoutLine: {'line': b'-- Up-to-date: /home/subhalaxmi/nidar_ws/install/px4_msgs/include/px4_msgs/px4_msgs/msg/detail/rover_attitude_setpoint__rosidl_typesupport_introspection_c.h\n'}
[18.457755] (px4_msgs) StdoutLine: {'line': b'-- Up-to-date: /home/subhalaxmi/nidar_ws/install/px4_msgs/include/px4_msgs/px4_msgs/msg/detail/vehicle_control_mode__type_support.c\n'}
[18.457984] (px4_msgs) StdoutLine: {'line': b'-- Up-to-date: /home/subhalaxmi/nidar_ws/install/px4_msgs/include/px4_msgs/px4_msgs/msg/detail/autotune_attitude_control_status__rosidl_typesupport_introspection_c.h\n'}
[18.458209] (-) TimerEvent: {}
[18.458440] (px4_msgs) StdoutLine: {'line': b'-- Up-to-date: /home/subhalaxmi/nidar_ws/install/px4_msgs/include/px4_msgs/px4_msgs/msg/detail/gimbal_manager_set_manual_control__rosidl_typesupport_introspection_c.h\n'}
[18.458741] (px4_msgs) StdoutLine: {'line': b'-- Up-to-date: /home/subhalaxmi/nidar_ws/install/px4_msgs/include/px4_msgs/px4_msgs/msg/detail/uavcan_parameter_value__type_support.c\n'}
[18.458922] (px4_msgs) StdoutLine: {'line': b'-- Up-to-date: /home/subhalaxmi/nidar_ws/install/px4_msgs/include/px4_msgs/px4_msgs/msg/detail/velocity_limits__rosidl_typesupport_introspection_c.h\n'}
[18.459094] (px4_msgs) StdoutLine: {'line': b'-- Up-to-date: /home/subhalaxmi/nidar_ws/install/px4_msgs/include/px4_msgs/px4_msgs/msg/detail/estimator_innovations__rosidl_typesupport_introspection_c.h\n'}
[18.459344] (px4_msgs) StdoutLine: {'line': b'-- Up-to-date: /home/subhalaxmi/nidar_ws/install/px4_msgs/include/px4_msgs/px4_msgs/msg/detail/rover_steering_setpoint__rosidl_typesupport_introspection_c.h\n'}
[18.459544] (px4_msgs) StdoutLine: {'line': b'-- Up-to-date: /home/subhalaxmi/nidar_ws/install/px4_msgs/include/px4_msgs/px4_msgs/msg/detail/longitudinal_control_configuration__type_support.c\n'}
[18.459719] (px4_msgs) StdoutLine: {'line': b'-- Up-to-date: /home/subhalaxmi/nidar_ws/install/px4_msgs/include/px4_msgs/px4_msgs/msg/detail/rc_parameter_map__type_support.c\n'}
[18.459920] (px4_msgs) StdoutLine: {'line': b'-- Up-to-date: /home/subhalaxmi/nidar_ws/install/px4_msgs/include/px4_msgs/px4_msgs/msg/detail/orb_test__rosidl_typesupport_introspection_c.h\n'}
[18.462259] (px4_msgs) StdoutLine: {'line': b'-- Up-to-date: /home/subhalaxmi/nidar_ws/install/px4_msgs/include/px4_msgs/px4_msgs/msg/detail/action_request__rosidl_typesupport_introspection_c.h\n'}
[18.462894] (px4_msgs) StdoutLine: {'line': b'-- Up-to-date: /home/subhalaxmi/nidar_ws/install/px4_msgs/include/px4_msgs/px4_msgs/msg/detail/parameter_set_used_request__type_support.c\n'}
[18.463212] (px4_msgs) StdoutLine: {'line': b'-- Up-to-date: /home/subhalaxmi/nidar_ws/install/px4_msgs/include/px4_msgs/px4_msgs/msg/detail/sensor_gnss_relative__type_support.c\n'}
[18.463452] (px4_msgs) StdoutLine: {'line': b'-- Up-to-date: /home/subhalaxmi/nidar_ws/install/px4_msgs/include/px4_msgs/px4_msgs/msg/detail/estimator_status_flags__rosidl_typesupport_introspection_c.h\n'}
[18.463657] (px4_msgs) StdoutLine: {'line': b'-- Up-to-date: /home/subhalaxmi/nidar_ws/install/px4_msgs/include/px4_msgs/px4_msgs/msg/detail/gimbal_device_information__rosidl_typesupport_introspection_c.h\n'}
[18.463860] (px4_msgs) StdoutLine: {'line': b'-- Up-to-date: /home/subhalaxmi/nidar_ws/install/px4_msgs/include/px4_msgs/px4_msgs/msg/detail/radio_status__type_support.c\n'}
[18.464175] (px4_msgs) StdoutLine: {'line': b'-- Up-to-date: /home/subhalaxmi/nidar_ws/install/px4_msgs/include/px4_msgs/px4_msgs/msg/detail/adc_report__type_support.c\n'}
[18.464568] (px4_msgs) StdoutLine: {'line': b'-- Up-to-date: /home/subhalaxmi/nidar_ws/install/px4_msgs/include/px4_msgs/px4_msgs/msg/detail/cpuload__rosidl_typesupport_introspection_c.h\n'}
[18.464777] (px4_msgs) StdoutLine: {'line': b'-- Up-to-date: /home/subhalaxmi/nidar_ws/install/px4_msgs/include/px4_msgs/px4_msgs/msg/detail/distance_sensor__type_support.c\n'}
[18.464962] (px4_msgs) StdoutLine: {'line': b'-- Up-to-date: /home/subhalaxmi/nidar_ws/install/px4_msgs/include/px4_msgs/px4_msgs/msg/detail/open_drone_id_arm_status__rosidl_typesupport_introspection_c.h\n'}
[18.465189] (px4_msgs) StdoutLine: {'line': b'-- Up-to-date: /home/subhalaxmi/nidar_ws/install/px4_msgs/include/px4_msgs/px4_msgs/msg/detail/orb_test_large__type_support.c\n'}
[18.465428] (px4_msgs) StdoutLine: {'line': b'-- Up-to-date: /home/subhalaxmi/nidar_ws/install/px4_msgs/include/px4_msgs/px4_msgs/msg/detail/landing_gear_wheel__rosidl_typesupport_introspection_c.h\n'}
[18.465605] (px4_msgs) StdoutLine: {'line': b'-- Up-to-date: /home/subhalaxmi/nidar_ws/install/px4_msgs/include/px4_msgs/px4_msgs/msg/detail/vehicle_angular_acceleration_setpoint__type_support.c\n'}
[18.465812] (px4_msgs) StdoutLine: {'line': b'-- Up-to-date: /home/subhalaxmi/nidar_ws/install/px4_msgs/include/px4_msgs/px4_msgs/msg/detail/control_allocator_status__type_support.c\n'}
[18.466242] (px4_msgs) StdoutLine: {'line': b'-- Up-to-date: /home/subhalaxmi/nidar_ws/install/px4_msgs/include/px4_msgs/px4_msgs/msg/detail/parameter_update__type_support.c\n'}
[18.467632] (px4_msgs) StdoutLine: {'line': b'-- Up-to-date: /home/subhalaxmi/nidar_ws/install/px4_msgs/include/px4_msgs/px4_msgs/msg/detail/fixed_wing_runway_control__rosidl_typesupport_introspection_c.h\n'}
[18.468048] (px4_msgs) StdoutLine: {'line': b'-- Up-to-date: /home/subhalaxmi/nidar_ws/install/px4_msgs/include/px4_msgs/px4_msgs/msg/detail/collision_constraints__type_support.c\n'}
[18.469634] (px4_msgs) StdoutLine: {'line': b'-- Up-to-date: /home/subhalaxmi/nidar_ws/install/px4_msgs/include/px4_msgs/px4_msgs/msg/detail/camera_capture__type_support.c\n'}
[18.469845] (px4_msgs) StdoutLine: {'line': b'-- Up-to-date: /home/subhalaxmi/nidar_ws/install/px4_msgs/include/px4_msgs/px4_msgs/msg/detail/rover_rate_setpoint__rosidl_typesupport_introspection_c.h\n'}
[18.470054] (px4_msgs) StdoutLine: {'line': b'-- Up-to-date: /home/subhalaxmi/nidar_ws/install/px4_msgs/include/px4_msgs/px4_msgs/msg/detail/pps_capture__rosidl_typesupport_introspection_c.h\n'}
[18.472351] (px4_msgs) StdoutLine: {'line': b'-- Up-to-date: /home/subhalaxmi/nidar_ws/install/px4_msgs/include/px4_msgs/px4_msgs/msg/detail/orbit_status__type_support.c\n'}
[18.472929] (px4_msgs) StdoutLine: {'line': b'-- Up-to-date: /home/subhalaxmi/nidar_ws/install/px4_msgs/include/px4_msgs/px4_msgs/msg/detail/camera_capture__rosidl_typesupport_introspection_c.h\n'}
[18.473442] (px4_msgs) StdoutLine: {'line': b'-- Up-to-date: /home/subhalaxmi/nidar_ws/install/px4_msgs/include/px4_msgs/px4_msgs/msg/detail/battery_status__rosidl_typesupport_introspection_c.h\n'}
[18.473637] (px4_msgs) StdoutLine: {'line': b'-- Up-to-date: /home/subhalaxmi/nidar_ws/install/px4_msgs/include/px4_msgs/px4_msgs/msg/detail/radio_status__rosidl_typesupport_introspection_c.h\n'}
[18.473841] (px4_msgs) StdoutLine: {'line': b'-- Up-to-date: /home/subhalaxmi/nidar_ws/install/px4_msgs/include/px4_msgs/px4_msgs/msg/detail/health_report__type_support.c\n'}
[18.474018] (px4_msgs) StdoutLine: {'line': b'-- Up-to-date: /home/subhalaxmi/nidar_ws/install/px4_msgs/include/px4_msgs/px4_msgs/msg/detail/esc_report__rosidl_typesupport_introspection_c.h\n'}
[18.474341] (px4_msgs) StdoutLine: {'line': b'-- Up-to-date: /home/subhalaxmi/nidar_ws/install/px4_msgs/include/px4_msgs/px4_msgs/msg/detail/airspeed_wind__rosidl_typesupport_introspection_c.h\n'}
[18.474538] (px4_msgs) StdoutLine: {'line': b'-- Up-to-date: /home/subhalaxmi/nidar_ws/install/px4_msgs/include/px4_msgs/px4_msgs/msg/detail/ulog_stream__rosidl_typesupport_introspection_c.h\n'}
[18.474718] (px4_msgs) StdoutLine: {'line': b'-- Up-to-date: /home/subhalaxmi/nidar_ws/install/px4_msgs/include/px4_msgs/px4_msgs/msg/detail/raptor_status__type_support.c\n'}
[18.474927] (px4_msgs) StdoutLine: {'line': b'-- Up-to-date: /home/subhalaxmi/nidar_ws/install/px4_msgs/include/px4_msgs/px4_msgs/msg/detail/vehicle_magnetometer__rosidl_typesupport_introspection_c.h\n'}
[18.475101] (px4_msgs) StdoutLine: {'line': b'-- Up-to-date: /home/subhalaxmi/nidar_ws/install/px4_msgs/include/px4_msgs/px4_msgs/msg/detail/rtl_time_estimate__type_support.c\n'}
[18.475394] (px4_msgs) StdoutLine: {'line': b'-- Up-to-date: /home/subhalaxmi/nidar_ws/install/px4_msgs/include/px4_msgs/px4_msgs/msg/detail/vehicle_roi__rosidl_typesupport_introspection_c.h\n'}
[18.475574] (px4_msgs) StdoutLine: {'line': b'-- Up-to-date: /home/subhalaxmi/nidar_ws/install/px4_msgs/include/px4_msgs/px4_msgs/msg/detail/launch_detection_status__type_support.c\n'}
[18.475747] (px4_msgs) StdoutLine: {'line': b'-- Up-to-date: /home/subhalaxmi/nidar_ws/install/px4_msgs/include/px4_msgs/px4_msgs/msg/detail/vtol_vehicle_status__type_support.c\n'}
[18.475919] (px4_msgs) StdoutLine: {'line': b'-- Up-to-date: /home/subhalaxmi/nidar_ws/install/px4_msgs/include/px4_msgs/px4_msgs/msg/detail/mission__rosidl_typesupport_introspection_c.h\n'}
[18.476102] (px4_msgs) StdoutLine: {'line': b'-- Up-to-date: /home/subhalaxmi/nidar_ws/install/px4_msgs/include/px4_msgs/px4_msgs/msg/detail/takeoff_status__rosidl_typesupport_introspection_c.h\n'}
[18.476388] (px4_msgs) StdoutLine: {'line': b'-- Up-to-date: /home/subhalaxmi/nidar_ws/install/px4_msgs/include/px4_msgs/px4_msgs/msg/detail/mavlink_tunnel__type_support.c\n'}
[18.477150] (px4_msgs) StdoutLine: {'line': b'-- Up-to-date: /home/subhalaxmi/nidar_ws/install/px4_msgs/include/px4_msgs/px4_msgs/msg/detail/estimator_bias__rosidl_typesupport_introspection_c.h\n'}
[18.477482] (px4_msgs) StdoutLine: {'line': b'-- Up-to-date: /home/subhalaxmi/nidar_ws/install/px4_msgs/include/px4_msgs/px4_msgs/msg/detail/position_setpoint__rosidl_typesupport_introspection_c.h\n'}
[18.477676] (px4_msgs) StdoutLine: {'line': b'-- Up-to-date: /home/subhalaxmi/nidar_ws/install/px4_msgs/include/px4_msgs/px4_msgs/msg/detail/sensor_accel__type_support.c\n'}
[18.477855] (px4_msgs) StdoutLine: {'line': b'-- Up-to-date: /home/subhalaxmi/nidar_ws/install/px4_msgs/include/px4_msgs/px4_msgs/msg/detail/vehicle_local_position_setpoint__type_support.c\n'}
[18.478039] (px4_msgs) StdoutLine: {'line': b'-- Up-to-date: /home/subhalaxmi/nidar_ws/install/px4_msgs/include/px4_msgs/px4_msgs/msg/detail/battery_status__type_support.c\n'}
[18.478472] (px4_msgs) StdoutLine: {'line': b'-- Up-to-date: /home/subhalaxmi/nidar_ws/install/px4_msgs/include/px4_msgs/px4_msgs/msg/detail/mag_worker_data__type_support.c\n'}
[18.478691] (px4_msgs) StdoutLine: {'line': b'-- Up-to-date: /home/subhalaxmi/nidar_ws/install/px4_msgs/include/px4_msgs/px4_msgs/msg/detail/gimbal_manager_information__type_support.c\n'}
[18.478866] (px4_msgs) StdoutLine: {'line': b'-- Up-to-date: /home/subhalaxmi/nidar_ws/install/px4_msgs/include/px4_msgs/px4_msgs/msg/detail/telemetry_status__rosidl_typesupport_introspection_c.h\n'}
[18.479066] (px4_msgs) StdoutLine: {'line': b'-- Up-to-date: /home/subhalaxmi/nidar_ws/install/px4_msgs/include/px4_msgs/px4_msgs/msg/detail/mission_result__type_support.c\n'}
[18.479449] (px4_msgs) StdoutLine: {'line': b'-- Up-to-date: /home/subhalaxmi/nidar_ws/install/px4_msgs/include/px4_msgs/px4_msgs/msg/detail/follow_target__type_support.c\n'}
[18.479640] (px4_msgs) StdoutLine: {'line': b'-- Up-to-date: /home/subhalaxmi/nidar_ws/install/px4_msgs/include/px4_msgs/px4_msgs/msg/detail/actuator_test__rosidl_typesupport_introspection_c.h\n'}
[18.479809] (px4_msgs) StdoutLine: {'line': b'-- Up-to-date: /home/subhalaxmi/nidar_ws/install/px4_msgs/include/px4_msgs/px4_msgs/msg/detail/message_format_request__type_support.c\n'}
[18.479979] (px4_msgs) StdoutLine: {'line': b'-- Up-to-date: /home/subhalaxmi/nidar_ws/install/px4_msgs/include/px4_msgs/px4_msgs/msg/detail/rover_throttle_setpoint__rosidl_typesupport_introspection_c.h\n'}
[18.480242] (px4_msgs) StdoutLine: {'line': b'-- Up-to-date: /home/subhalaxmi/nidar_ws/install/px4_msgs/include/px4_msgs/px4_msgs/msg/detail/power_button_state__type_support.c\n'}
[18.480438] (px4_msgs) StdoutLine: {'line': b'-- Up-to-date: /home/subhalaxmi/nidar_ws/install/px4_msgs/include/px4_msgs/px4_msgs/msg/detail/failure_detector_status__type_support.c\n'}
[18.480610] (px4_msgs) StdoutLine: {'line': b'-- Up-to-date: /home/subhalaxmi/nidar_ws/install/px4_msgs/include/px4_msgs/px4_msgs/msg/detail/raptor_input__type_support.c\n'}
[18.480776] (px4_msgs) StdoutLine: {'line': b'-- Up-to-date: /home/subhalaxmi/nidar_ws/install/px4_msgs/include/px4_msgs/px4_msgs/msg/detail/open_drone_id_operator_id__rosidl_typesupport_introspection_c.h\n'}
[18.480944] (px4_msgs) StdoutLine: {'line': b'-- Up-to-date: /home/subhalaxmi/nidar_ws/install/px4_msgs/include/px4_msgs/px4_msgs/msg/detail/estimator_event_flags__rosidl_typesupport_introspection_c.h\n'}
[18.481161] (px4_msgs) StdoutLine: {'line': b'-- Up-to-date: /home/subhalaxmi/nidar_ws/install/px4_msgs/include/px4_msgs/px4_msgs/msg/detail/rover_attitude_status__rosidl_typesupport_introspection_c.h\n'}
[18.481442] (px4_msgs) StdoutLine: {'line': b'-- Up-to-date: /home/subhalaxmi/nidar_ws/install/px4_msgs/include/px4_msgs/px4_msgs/msg/detail/trajectory_setpoint__type_support.c\n'}
[18.481639] (px4_msgs) StdoutLine: {'line': b'-- Up-to-date: /home/subhalaxmi/nidar_ws/install/px4_msgs/include/px4_msgs/px4_msgs/msg/detail/landing_target_pose__type_support.c\n'}
[18.481830] (px4_msgs) StdoutLine: {'line': b'-- Up-to-date: /home/subhalaxmi/nidar_ws/install/px4_msgs/include/px4_msgs/px4_msgs/msg/detail/rpm__type_support.c\n'}
[18.482036] (px4_msgs) StdoutLine: {'line': b'-- Up-to-date: /home/subhalaxmi/nidar_ws/install/px4_msgs/include/px4_msgs/px4_msgs/msg/detail/distance_sensor__rosidl_typesupport_introspection_c.h\n'}
[18.482277] (px4_msgs) StdoutLine: {'line': b'-- Up-to-date: /home/subhalaxmi/nidar_ws/install/px4_msgs/include/px4_msgs/px4_msgs/msg/detail/sensor_mag__type_support.c\n'}
[18.482534] (px4_msgs) StdoutLine: {'line': b'-- Up-to-date: /home/subhalaxmi/nidar_ws/install/px4_msgs/include/px4_msgs/px4_msgs/msg/detail/gpio_out__rosidl_typesupport_introspection_c.h\n'}
[18.482710] (px4_msgs) StdoutLine: {'line': b'-- Up-to-date: /home/subhalaxmi/nidar_ws/install/px4_msgs/include/px4_msgs/px4_msgs/msg/detail/sensor_preflight_mag__type_support.c\n'}
[18.482879] (px4_msgs) StdoutLine: {'line': b'-- Up-to-date: /home/subhalaxmi/nidar_ws/install/px4_msgs/include/px4_msgs/px4_msgs/msg/detail/uavcan_parameter_request__rosidl_typesupport_introspection_c.h\n'}
[18.483047] (px4_msgs) StdoutLine: {'line': b'-- Up-to-date: /home/subhalaxmi/nidar_ws/install/px4_msgs/include/px4_msgs/px4_msgs/msg/detail/landing_gear__rosidl_typesupport_introspection_c.h\n'}
[18.483302] (px4_msgs) StdoutLine: {'line': b'-- Up-to-date: /home/subhalaxmi/nidar_ws/install/px4_msgs/include/px4_msgs/px4_msgs/msg/detail/sensor_gyro__rosidl_typesupport_introspection_c.h\n'}
[18.483492] (px4_msgs) StdoutLine: {'line': b'-- Up-to-date: /home/subhalaxmi/nidar_ws/install/px4_msgs/include/px4_msgs/px4_msgs/msg/detail/actuator_motors__type_support.c\n'}
[18.483689] (px4_msgs) StdoutLine: {'line': b'-- Up-to-date: /home/subhalaxmi/nidar_ws/install/px4_msgs/include/px4_msgs/px4_msgs/msg/detail/vehicle_acceleration__rosidl_typesupport_introspection_c.h\n'}
[18.483867] (px4_msgs) StdoutLine: {'line': b'-- Up-to-date: /home/subhalaxmi/nidar_ws/install/px4_msgs/include/px4_msgs/px4_msgs/msg/detail/debug_key_value__type_support.c\n'}
[18.484158] (px4_msgs) StdoutLine: {'line': b'-- Up-to-date: /home/subhalaxmi/nidar_ws/install/px4_msgs/include/px4_msgs/px4_msgs/msg/detail/can_interface_status__rosidl_typesupport_introspection_c.h\n'}
[18.484369] (px4_msgs) StdoutLine: {'line': b'-- Up-to-date: /home/subhalaxmi/nidar_ws/install/px4_msgs/include/px4_msgs/px4_msgs/msg/detail/gimbal_device_set_attitude__rosidl_typesupport_introspection_c.h\n'}
[18.484539] (px4_msgs) StdoutLine: {'line': b'-- Up-to-date: /home/subhalaxmi/nidar_ws/install/px4_msgs/include/px4_msgs/px4_msgs/msg/detail/sensor_hygrometer__rosidl_typesupport_introspection_c.h\n'}
[18.484707] (px4_msgs) StdoutLine: {'line': b'-- Up-to-date: /home/subhalaxmi/nidar_ws/install/px4_msgs/include/px4_msgs/px4_msgs/msg/detail/hover_thrust_estimate__type_support.c\n'}
[18.484876] (px4_msgs) StdoutLine: {'line': b'-- Up-to-date: /home/subhalaxmi/nidar_ws/install/px4_msgs/include/px4_msgs/px4_msgs/msg/detail/rpm__rosidl_typesupport_introspection_c.h\n'}
[18.485044] (px4_msgs) StdoutLine: {'line': b'-- Up-to-date: /home/subhalaxmi/nidar_ws/install/px4_msgs/include/px4_msgs/px4_msgs/msg/detail/logger_status__type_support.c\n'}
[18.485338] (px4_msgs) StdoutLine: {'line': b'-- Up-to-date: /home/subhalaxmi/nidar_ws/install/px4_msgs/include/px4_msgs/px4_msgs/msg/detail/estimator_aid_source2d__type_support.c\n'}
[18.485547] (px4_msgs) StdoutLine: {'line': b'-- Up-to-date: /home/subhalaxmi/nidar_ws/install/px4_msgs/include/px4_msgs/px4_msgs/msg/detail/rover_attitude_setpoint__type_support.c\n'}
[18.485746] (px4_msgs) StdoutLine: {'line': b'-- Up-to-date: /home/subhalaxmi/nidar_ws/install/px4_msgs/include/px4_msgs/px4_msgs/msg/detail/vehicle_local_position__rosidl_typesupport_introspection_c.h\n'}
[18.485937] (px4_msgs) StdoutLine: {'line': b'-- Up-to-date: /home/subhalaxmi/nidar_ws/install/px4_msgs/include/px4_msgs/px4_msgs/msg/detail/parameter_update__rosidl_typesupport_introspection_c.h\n'}
[18.486635] (px4_msgs) StdoutLine: {'line': b'-- Up-to-date: /home/subhalaxmi/nidar_ws/install/px4_msgs/include/px4_msgs/px4_msgs/msg/detail/parameter_set_value_request__rosidl_typesupport_introspection_c.h\n'}
[18.486863] (px4_msgs) StdoutLine: {'line': b'-- Up-to-date: /home/subhalaxmi/nidar_ws/install/px4_msgs/include/px4_msgs/px4_msgs/msg/detail/health_report__rosidl_typesupport_introspection_c.h\n'}
[18.487053] (px4_msgs) StdoutLine: {'line': b'-- Up-to-date: /home/subhalaxmi/nidar_ws/install/px4_msgs/include/px4_msgs/px4_msgs/msg/detail/vehicle_command__type_support.c\n'}
[18.487309] (px4_msgs) StdoutLine: {'line': b'-- Up-to-date: /home/subhalaxmi/nidar_ws/install/px4_msgs/include/px4_msgs/px4_msgs/msg/detail/sensor_hygrometer__type_support.c\n'}
[18.487499] (px4_msgs) StdoutLine: {'line': b'-- Up-to-date: /home/subhalaxmi/nidar_ws/install/px4_msgs/include/px4_msgs/px4_msgs/msg/detail/orb_test_medium__rosidl_typesupport_introspection_c.h\n'}
[18.487674] (px4_msgs) StdoutLine: {'line': b'-- Up-to-date: /home/subhalaxmi/nidar_ws/install/px4_msgs/include/px4_msgs/px4_msgs/msg/detail/vehicle_command__rosidl_typesupport_introspection_c.h\n'}
[18.487846] (px4_msgs) StdoutLine: {'line': b'-- Up-to-date: /home/subhalaxmi/nidar_ws/install/px4_msgs/include/px4_msgs/px4_msgs/msg/detail/airspeed_validated__rosidl_typesupport_introspection_c.h\n'}
[18.488016] (px4_msgs) StdoutLine: {'line': b'-- Up-to-date: /home/subhalaxmi/nidar_ws/install/px4_msgs/include/px4_msgs/px4_msgs/msg/detail/vehicle_air_data__rosidl_typesupport_introspection_c.h\n'}
[18.488223] (px4_msgs) StdoutLine: {'line': b'-- Up-to-date: /home/subhalaxmi/nidar_ws/install/px4_msgs/include/px4_msgs/px4_msgs/msg/detail/tecs_status__rosidl_typesupport_introspection_c.h\n'}
[18.488549] (px4_msgs) StdoutLine: {'line': b'-- Up-to-date: /home/subhalaxmi/nidar_ws/install/px4_msgs/include/px4_msgs/px4_msgs/msg/detail/camera_trigger__type_support.c\n'}
[18.488732] (px4_msgs) StdoutLine: {'line': b'-- Up-to-date: /home/subhalaxmi/nidar_ws/install/px4_msgs/include/px4_msgs/px4_msgs/msg/detail/action_request__type_support.c\n'}
[18.488922] (px4_msgs) StdoutLine: {'line': b'-- Up-to-date: /home/subhalaxmi/nidar_ws/install/px4_msgs/include/px4_msgs/px4_msgs/msg/detail/message_format_response__type_support.c\n'}
[18.489154] (px4_msgs) StdoutLine: {'line': b'-- Up-to-date: /home/subhalaxmi/nidar_ws/install/px4_msgs/include/px4_msgs/px4_msgs/msg/detail/yaw_estimator_status__rosidl_typesupport_introspection_c.h\n'}
[18.489424] (px4_msgs) StdoutLine: {'line': b'-- Up-to-date: /home/subhalaxmi/nidar_ws/install/px4_msgs/include/px4_msgs/px4_msgs/msg/detail/sensor_baro__rosidl_typesupport_introspection_c.h\n'}
[18.489601] (px4_msgs) StdoutLine: {'line': b'-- Up-to-date: /home/subhalaxmi/nidar_ws/install/px4_msgs/include/px4_msgs/px4_msgs/msg/detail/aux_global_position__type_support.c\n'}
[18.489773] (px4_msgs) StdoutLine: {'line': b'-- Up-to-date: /home/subhalaxmi/nidar_ws/install/px4_msgs/include/px4_msgs/px4_msgs/msg/detail/parameter_set_used_request__rosidl_typesupport_introspection_c.h\n'}
[18.489947] (px4_msgs) StdoutLine: {'line': b'-- Up-to-date: /home/subhalaxmi/nidar_ws/install/px4_msgs/include/px4_msgs/px4_msgs/msg/detail/power_monitor__type_support.c\n'}
[18.490153] (px4_msgs) StdoutLine: {'line': b'-- Up-to-date: /home/subhalaxmi/nidar_ws/install/px4_msgs/include/px4_msgs/px4_msgs/msg/detail/vehicle_angular_acceleration_setpoint__rosidl_typesupport_introspection_c.h\n'}
[18.490425] (px4_msgs) StdoutLine: {'line': b'-- Up-to-date: /home/subhalaxmi/nidar_ws/install/px4_msgs/include/px4_msgs/px4_msgs/msg/detail/landing_gear__type_support.c\n'}
[18.490599] (px4_msgs) StdoutLine: {'line': b'-- Up-to-date: /home/subhalaxmi/nidar_ws/install/px4_msgs/include/px4_msgs/px4_msgs/msg/detail/fixed_wing_lateral_status__type_support.c\n'}
[18.490768] (px4_msgs) StdoutLine: {'line': b'-- Up-to-date: /home/subhalaxmi/nidar_ws/install/px4_msgs/include/px4_msgs/px4_msgs/msg/detail/dataman_request__type_support.c\n'}
[18.490944] (px4_msgs) StdoutLine: {'line': b'-- Up-to-date: /home/subhalaxmi/nidar_ws/install/px4_msgs/include/px4_msgs/px4_msgs/msg/detail/px4io_status__type_support.c\n'}
[18.491138] (px4_msgs) StdoutLine: {'line': b'-- Up-to-date: /home/subhalaxmi/nidar_ws/install/px4_msgs/include/px4_msgs/px4_msgs/msg/detail/sensor_gyro_fifo__type_support.c\n'}
[18.491404] (px4_msgs) StdoutLine: {'line': b'-- Up-to-date: /home/subhalaxmi/nidar_ws/install/px4_msgs/include/px4_msgs/px4_msgs/msg/detail/gimbal_device_attitude_status__rosidl_typesupport_introspection_c.h\n'}
[18.491587] (px4_msgs) StdoutLine: {'line': b'-- Up-to-date: /home/subhalaxmi/nidar_ws/install/px4_msgs/include/px4_msgs/px4_msgs/msg/detail/vehicle_optical_flow_vel__type_support.c\n'}
[18.491761] (px4_msgs) StdoutLine: {'line': b'-- Up-to-date: /home/subhalaxmi/nidar_ws/install/px4_msgs/include/px4_msgs/px4_msgs/msg/detail/ping__type_support.c\n'}
[18.491929] (px4_msgs) StdoutLine: {'line': b'-- Up-to-date: /home/subhalaxmi/nidar_ws/install/px4_msgs/include/px4_msgs/px4_msgs/msg/detail/pure_pursuit_status__type_support.c\n'}
[18.492143] (px4_msgs) StdoutLine: {'line': b'-- Up-to-date: /home/subhalaxmi/nidar_ws/install/px4_msgs/include/px4_msgs/px4_msgs/msg/detail/wheel_encoders__type_support.c\n'}
[18.492429] (px4_msgs) StdoutLine: {'line': b'-- Up-to-date: /home/subhalaxmi/nidar_ws/install/px4_msgs/include/px4_msgs/px4_msgs/msg/detail/can_interface_status__type_support.c\n'}
[18.492646] (px4_msgs) StdoutLine: {'line': b'-- Up-to-date: /home/subhalaxmi/nidar_ws/install/px4_msgs/include/px4_msgs/px4_msgs/msg/detail/vehicle_angular_velocity__rosidl_typesupport_introspection_c.h\n'}
[18.492819] (px4_msgs) StdoutLine: {'line': b'-- Up-to-date: /home/subhalaxmi/nidar_ws/install/px4_msgs/include/px4_msgs/px4_msgs/msg/detail/adc_report__rosidl_typesupport_introspection_c.h\n'}
[18.492999] (px4_msgs) StdoutLine: {'line': b'-- Up-to-date: /home/subhalaxmi/nidar_ws/install/px4_msgs/include/px4_msgs/px4_msgs/msg/detail/position_controller_status__type_support.c\n'}
[18.493222] (px4_msgs) StdoutLine: {'line': b'-- Up-to-date: /home/subhalaxmi/nidar_ws/install/px4_msgs/include/px4_msgs/px4_msgs/msg/detail/sensors_status__type_support.c\n'}
[18.493415] (px4_msgs) StdoutLine: {'line': b'-- Up-to-date: /home/subhalaxmi/nidar_ws/install/px4_msgs/include/px4_msgs/px4_msgs/msg/detail/qshell_req__type_support.c\n'}
[18.493617] (px4_msgs) StdoutLine: {'line': b'-- Up-to-date: /home/subhalaxmi/nidar_ws/install/px4_msgs/include/px4_msgs/px4_msgs/msg/detail/power_button_state__rosidl_typesupport_introspection_c.h\n'}
[18.493838] (px4_msgs) StdoutLine: {'line': b'-- Up-to-date: /home/subhalaxmi/nidar_ws/install/px4_msgs/include/px4_msgs/px4_msgs/msg/detail/normalized_unsigned_setpoint__rosidl_typesupport_introspection_c.h\n'}
[18.494065] (px4_msgs) StdoutLine: {'line': b'-- Up-to-date: /home/subhalaxmi/nidar_ws/install/px4_msgs/include/px4_msgs/px4_msgs/msg/detail/rover_rate_status__type_support.c\n'}
[18.495780] (px4_msgs) StdoutLine: {'line': b'-- Up-to-date: /home/subhalaxmi/nidar_ws/install/px4_msgs/include/px4_msgs/px4_msgs/msg/detail/fuel_tank_status__rosidl_typesupport_introspection_c.h\n'}
[18.496052] (px4_msgs) StdoutLine: {'line': b'-- Up-to-date: /home/subhalaxmi/nidar_ws/install/px4_msgs/include/px4_msgs/px4_msgs/msg/detail/battery_info__rosidl_typesupport_introspection_c.h\n'}
[18.496557] (px4_msgs) StdoutLine: {'line': b'-- Up-to-date: /home/subhalaxmi/nidar_ws/install/px4_msgs/include/px4_msgs/px4_msgs/msg/detail/airspeed__rosidl_typesupport_introspection_c.h\n'}
[18.496771] (px4_msgs) StdoutLine: {'line': b'-- Up-to-date: /home/subhalaxmi/nidar_ws/install/px4_msgs/include/px4_msgs/px4_msgs/msg/detail/ping__rosidl_typesupport_introspection_c.h\n'}
[18.496952] (px4_msgs) StdoutLine: {'line': b'-- Up-to-date: /home/subhalaxmi/nidar_ws/install/px4_msgs/include/px4_msgs/px4_msgs/msg/detail/sensor_gnss_status__type_support.c\n'}
[18.497188] (px4_msgs) StdoutLine: {'line': b'-- Up-to-date: /home/subhalaxmi/nidar_ws/install/px4_msgs/include/px4_msgs/px4_msgs/msg/detail/esc_status__type_support.c\n'}
[18.497412] (px4_msgs) StdoutLine: {'line': b'-- Up-to-date: /home/subhalaxmi/nidar_ws/install/px4_msgs/include/px4_msgs/px4_msgs/msg/detail/open_drone_id_system__rosidl_typesupport_introspection_c.h\n'}
[18.497591] (px4_msgs) StdoutLine: {'line': b'-- Up-to-date: /home/subhalaxmi/nidar_ws/install/px4_msgs/include/px4_msgs/px4_msgs/msg/detail/register_ext_component_request__type_support.c\n'}
[18.497767] (px4_msgs) StdoutLine: {'line': b'-- Up-to-date: /home/subhalaxmi/nidar_ws/install/px4_msgs/include/px4_msgs/px4_msgs/msg/detail/esc_status__rosidl_typesupport_introspection_c.h\n'}
[18.497941] (px4_msgs) StdoutLine: {'line': b'-- Up-to-date: /home/subhalaxmi/nidar_ws/install/px4_msgs/include/px4_msgs/px4_msgs/msg/detail/actuator_controls_status__rosidl_typesupport_introspection_c.h\n'}
[18.498393] (px4_msgs) StdoutLine: {'line': b'-- Up-to-date: /home/subhalaxmi/nidar_ws/install/px4_msgs/include/px4_msgs/px4_msgs/msg/detail/rtl_time_estimate__rosidl_typesupport_introspection_c.h\n'}
[18.499375] (px4_msgs) StdoutLine: {'line': b'-- Up-to-date: /home/subhalaxmi/nidar_ws/install/px4_msgs/include/px4_msgs/px4_msgs/msg/detail/orbit_status__rosidl_typesupport_introspection_c.h\n'}
[18.499605] (px4_msgs) StdoutLine: {'line': b'-- Up-to-date: /home/subhalaxmi/nidar_ws/install/px4_msgs/include/px4_msgs/px4_msgs/msg/detail/gripper__type_support.c\n'}
[18.499791] (px4_msgs) StdoutLine: {'line': b'-- Up-to-date: /home/subhalaxmi/nidar_ws/install/px4_msgs/include/px4_msgs/px4_msgs/msg/detail/rover_position_setpoint__type_support.c\n'}
[18.499974] (px4_msgs) StdoutLine: {'line': b'-- Up-to-date: /home/subhalaxmi/nidar_ws/install/px4_msgs/include/px4_msgs/px4_msgs/msg/detail/manual_control_setpoint__type_support.c\n'}
[18.500180] (px4_msgs) StdoutLine: {'line': b'-- Up-to-date: /home/subhalaxmi/nidar_ws/install/px4_msgs/include/px4_msgs/px4_msgs/msg/detail/takeoff_status__type_support.c\n'}
[18.500409] (px4_msgs) StdoutLine: {'line': b'-- Up-to-date: /home/subhalaxmi/nidar_ws/install/px4_msgs/include/px4_msgs/px4_msgs/msg/detail/vehicle_attitude__rosidl_typesupport_introspection_c.h\n'}
[18.500599] (px4_msgs) StdoutLine: {'line': b'-- Up-to-date: /home/subhalaxmi/nidar_ws/install/px4_msgs/include/px4_msgs/px4_msgs/msg/detail/qshell_retval__rosidl_typesupport_introspection_c.h\n'}
[18.500775] (px4_msgs) StdoutLine: {'line': b'-- Up-to-date: /home/subhalaxmi/nidar_ws/install/px4_msgs/include/px4_msgs/px4_msgs/msg/detail/tiltrotor_extra_controls__type_support.c\n'}
[18.500951] (px4_msgs) StdoutLine: {'line': b'-- Up-to-date: /home/subhalaxmi/nidar_ws/install/px4_msgs/include/px4_msgs/px4_msgs/msg/detail/estimator_sensor_bias__rosidl_typesupport_introspection_c.h\n'}
[18.503395] (px4_msgs) StdoutLine: {'line': b'-- Up-to-date: /home/subhalaxmi/nidar_ws/install/px4_msgs/include/px4_msgs/px4_msgs/msg/detail/dataman_request__rosidl_typesupport_introspection_c.h\n'}
[18.506033] (px4_msgs) StdoutLine: {'line': b'-- Up-to-date: /home/subhalaxmi/nidar_ws/install/px4_msgs/include/px4_msgs/px4_msgs/msg/detail/rover_speed_status__type_support.c\n'}
[18.506855] (px4_msgs) StdoutLine: {'line': b'-- Up-to-date: /home/subhalaxmi/nidar_ws/install/px4_msgs/include/px4_msgs/px4_msgs/msg/detail/unregister_ext_component__rosidl_typesupport_introspection_c.h\n'}
[18.514459] (px4_msgs) StdoutLine: {'line': b'-- Up-to-date: /home/subhalaxmi/nidar_ws/install/px4_msgs/include/px4_msgs/px4_msgs/msg/detail/navigator_mission_item__type_support.c\n'}
[18.515023] (px4_msgs) StdoutLine: {'line': b'-- Up-to-date: /home/subhalaxmi/nidar_ws/install/px4_msgs/include/px4_msgs/px4_msgs/msg/detail/cpuload__type_support.c\n'}
[18.515314] (px4_msgs) StdoutLine: {'line': b'-- Up-to-date: /home/subhalaxmi/nidar_ws/install/px4_msgs/include/px4_msgs/px4_msgs/msg/detail/arming_check_request__rosidl_typesupport_introspection_c.h\n'}
[18.515552] (px4_msgs) StdoutLine: {'line': b'-- Up-to-date: /home/subhalaxmi/nidar_ws/install/px4_msgs/include/px4_msgs/px4_msgs/msg/detail/estimator_selector_status__type_support.c\n'}
[18.515766] (px4_msgs) StdoutLine: {'line': b'-- Up-to-date: /home/subhalaxmi/nidar_ws/install/px4_msgs/include/px4_msgs/px4_msgs/msg/detail/flight_phase_estimation__type_support.c\n'}
[18.515970] (px4_msgs) StdoutLine: {'line': b'-- Up-to-date: /home/subhalaxmi/nidar_ws/install/px4_msgs/include/px4_msgs/px4_msgs/msg/detail/yaw_estimator_status__type_support.c\n'}
[18.516187] (px4_msgs) StdoutLine: {'line': b'-- Up-to-date: /home/subhalaxmi/nidar_ws/install/px4_msgs/include/px4_msgs/px4_msgs/msg/detail/vehicle_constraints__rosidl_typesupport_introspection_c.h\n'}
[18.516388] (px4_msgs) StdoutLine: {'line': b'-- Up-to-date: /home/subhalaxmi/nidar_ws/install/px4_msgs/include/px4_msgs/px4_msgs/msg/detail/sensor_mag__rosidl_typesupport_introspection_c.h\n'}
[18.516564] (px4_msgs) StdoutLine: {'line': b'-- Up-to-date: /home/subhalaxmi/nidar_ws/install/px4_msgs/include/px4_msgs/px4_msgs/msg/detail/sensor_accel_fifo__type_support.c\n'}
[18.516734] (px4_msgs) StdoutLine: {'line': b'-- Up-to-date: /home/subhalaxmi/nidar_ws/install/px4_msgs/include/px4_msgs/px4_msgs/msg/detail/rover_speed_status__rosidl_typesupport_introspection_c.h\n'}
[18.516903] (px4_msgs) StdoutLine: {'line': b'-- Up-to-date: /home/subhalaxmi/nidar_ws/install/px4_msgs/include/px4_msgs/px4_msgs/msg/detail/system_power__type_support.c\n'}
[18.517072] (px4_msgs) StdoutLine: {'line': b'-- Up-to-date: /home/subhalaxmi/nidar_ws/install/px4_msgs/include/px4_msgs/px4_msgs/msg/detail/actuator_controls_status__type_support.c\n'}
[18.517448] (px4_msgs) StdoutLine: {'line': b'-- Up-to-date: /home/subhalaxmi/nidar_ws/install/px4_msgs/include/px4_msgs/px4_msgs/msg/detail/rc_channels__rosidl_typesupport_introspection_c.h\n'}
[18.517630] (px4_msgs) StdoutLine: {'line': b'-- Up-to-date: /home/subhalaxmi/nidar_ws/install/px4_msgs/include/px4_msgs/px4_msgs/msg/detail/estimator_bias3d__rosidl_typesupport_introspection_c.h\n'}
[18.517826] (px4_msgs) StdoutLine: {'line': b'-- Up-to-date: /home/subhalaxmi/nidar_ws/install/px4_msgs/include/px4_msgs/px4_msgs/msg/detail/qshell_retval__type_support.c\n'}
[18.518000] (px4_msgs) StdoutLine: {'line': b'-- Up-to-date: /home/subhalaxmi/nidar_ws/install/px4_msgs/include/px4_msgs/px4_msgs/msg/detail/dataman_response__type_support.c\n'}
[18.518429] (px4_msgs) StdoutLine: {'line': b'-- Up-to-date: /home/subhalaxmi/nidar_ws/install/px4_msgs/include/px4_msgs/px4_msgs/msg/detail/ulog_stream__type_support.c\n'}
[18.518659] (px4_msgs) StdoutLine: {'line': b'-- Up-to-date: /home/subhalaxmi/nidar_ws/install/px4_msgs/include/px4_msgs/px4_msgs/msg/detail/estimator_aid_source1d__type_support.c\n'}
[18.518851] (px4_msgs) StdoutLine: {'line': b'-- Up-to-date: /home/subhalaxmi/nidar_ws/install/px4_msgs/include/px4_msgs/px4_msgs/msg/detail/onboard_computer_status__rosidl_typesupport_introspection_c.h\n'}
[18.519863] (px4_msgs) StdoutLine: {'line': b'-- Up-to-date: /home/subhalaxmi/nidar_ws/install/px4_msgs/include/px4_msgs/px4_msgs/msg/detail/mount_orientation__rosidl_typesupport_introspection_c.h\n'}
[18.520315] (px4_msgs) StdoutLine: {'line': b'-- Up-to-date: /home/subhalaxmi/nidar_ws/install/px4_msgs/include/px4_msgs/px4_msgs/msg/detail/vehicle_odometry__rosidl_typesupport_introspection_c.h\n'}
[18.521802] (px4_msgs) StdoutLine: {'line': b'-- Up-to-date: /home/subhalaxmi/nidar_ws/install/px4_msgs/include/px4_msgs/px4_msgs/msg/detail/internal_combustion_engine_status__rosidl_typesupport_introspection_c.h\n'}
[18.522091] (px4_msgs) StdoutLine: {'line': b'-- Up-to-date: /home/subhalaxmi/nidar_ws/install/px4_msgs/include/px4_msgs/px4_msgs/msg/detail/gimbal_device_attitude_status__type_support.c\n'}
[18.522551] (px4_msgs) StdoutLine: {'line': b'-- Up-to-date: /home/subhalaxmi/nidar_ws/install/px4_msgs/include/px4_msgs/px4_msgs/msg/detail/geofence_result__type_support.c\n'}
[18.522784] (px4_msgs) StdoutLine: {'line': b'-- Up-to-date: /home/subhalaxmi/nidar_ws/install/px4_msgs/include/px4_msgs/px4_msgs/msg/detail/sensors_status_imu__rosidl_typesupport_introspection_c.h\n'}
[18.523001] (px4_msgs) StdoutLine: {'line': b'-- Up-to-date: /home/subhalaxmi/nidar_ws/install/px4_msgs/include/px4_msgs/px4_msgs/msg/detail/rover_steering_setpoint__type_support.c\n'}
[18.523245] (px4_msgs) StdoutLine: {'line': b'-- Up-to-date: /home/subhalaxmi/nidar_ws/install/px4_msgs/include/px4_msgs/px4_msgs/msg/detail/distance_sensor_mode_change_request__rosidl_typesupport_introspection_c.h\n'}
[18.523501] (px4_msgs) StdoutLine: {'line': b'-- Up-to-date: /home/subhalaxmi/nidar_ws/install/px4_msgs/include/px4_msgs/px4_msgs/msg/detail/vehicle_status__type_support.c\n'}
[18.524797] (px4_msgs) StdoutLine: {'line': b'-- Up-to-date: /home/subhalaxmi/nidar_ws/install/px4_msgs/include/px4_msgs/px4_msgs/msg/detail/failsafe_flags__type_support.c\n'}
[18.526321] (px4_msgs) StdoutLine: {'line': b'-- Up-to-date: /home/subhalaxmi/nidar_ws/install/px4_msgs/include/px4_msgs/px4_msgs/msg/detail/gimbal_manager_set_manual_control__type_support.c\n'}
[18.526626] (px4_msgs) StdoutLine: {'line': b'-- Up-to-date: /home/subhalaxmi/nidar_ws/install/px4_msgs/include/px4_msgs/px4_msgs/msg/detail/wheel_encoders__rosidl_typesupport_introspection_c.h\n'}
[18.526876] (px4_msgs) StdoutLine: {'line': b'-- Up-to-date: /home/subhalaxmi/nidar_ws/install/px4_msgs/include/px4_msgs/px4_msgs/msg/detail/open_drone_id_self_id__type_support.c\n'}
[18.527127] (px4_msgs) StdoutLine: {'line': b'-- Up-to-date: /home/subhalaxmi/nidar_ws/install/px4_msgs/include/px4_msgs/px4_msgs/msg/detail/open_drone_id_system__type_support.c\n'}
[18.527575] (px4_msgs) StdoutLine: {'line': b'-- Up-to-date: /home/subhalaxmi/nidar_ws/install/px4_msgs/include/px4_msgs/px4_msgs/msg/detail/actuator_motors__rosidl_typesupport_introspection_c.h\n'}
[18.527984] (px4_msgs) StdoutLine: {'line': b'-- Up-to-date: /home/subhalaxmi/nidar_ws/install/px4_msgs/include/px4_msgs/px4_msgs/msg/detail/offboard_control_mode__type_support.c\n'}
[18.528283] (px4_msgs) StdoutLine: {'line': b'-- Up-to-date: /home/subhalaxmi/nidar_ws/install/px4_msgs/include/px4_msgs/px4_msgs/msg/detail/vehicle_odometry__type_support.c\n'}
[18.528546] (px4_msgs) StdoutLine: {'line': b'-- Up-to-date: /home/subhalaxmi/nidar_ws/install/px4_msgs/include/px4_msgs/px4_msgs/msg/detail/flight_phase_estimation__rosidl_typesupport_introspection_c.h\n'}
[18.528768] (px4_msgs) StdoutLine: {'line': b'-- Up-to-date: /home/subhalaxmi/nidar_ws/install/px4_msgs/include/px4_msgs/px4_msgs/msg/detail/iridiumsbd_status__type_support.c\n'}
[18.528976] (px4_msgs) StdoutLine: {'line': b'-- Up-to-date: /home/subhalaxmi/nidar_ws/install/px4_msgs/include/px4_msgs/px4_msgs/msg/detail/vehicle_torque_setpoint__rosidl_typesupport_introspection_c.h\n'}
[18.531415] (px4_msgs) StdoutLine: {'line': b'-- Up-to-date: /home/subhalaxmi/nidar_ws/install/px4_msgs/include/px4_msgs/px4_msgs/msg/detail/orb_test_medium__type_support.c\n'}
[18.531753] (px4_msgs) StdoutLine: {'line': b'-- Up-to-date: /home/subhalaxmi/nidar_ws/install/px4_msgs/include/px4_msgs/px4_msgs/msg/detail/parameter_set_value_response__type_support.c\n'}
[18.531992] (px4_msgs) StdoutLine: {'line': b'-- Up-to-date: /home/subhalaxmi/nidar_ws/install/px4_msgs/include/px4_msgs/px4_msgs/msg/detail/gimbal_controls__type_support.c\n'}
[18.532242] (px4_msgs) StdoutLine: {'line': b'-- Up-to-date: /home/subhalaxmi/nidar_ws/install/px4_msgs/include/px4_msgs/px4_msgs/msg/detail/tecs_status__type_support.c\n'}
[18.532512] (px4_msgs) StdoutLine: {'line': b'-- Up-to-date: /home/subhalaxmi/nidar_ws/install/px4_msgs/include/px4_msgs/px4_msgs/msg/detail/estimator_states__rosidl_typesupport_introspection_c.h\n'}
[18.532881] (px4_msgs) StdoutLine: {'line': b'-- Up-to-date: /home/subhalaxmi/nidar_ws/install/px4_msgs/include/px4_msgs/px4_msgs/msg/detail/register_ext_component_reply__rosidl_typesupport_introspection_c.h\n'}
[18.533121] (px4_msgs) StdoutLine: {'line': b'-- Up-to-date: /home/subhalaxmi/nidar_ws/install/px4_msgs/include/px4_msgs/px4_msgs/msg/detail/open_drone_id_arm_status__type_support.c\n'}
[18.533427] (px4_msgs) StdoutLine: {'line': b'-- Up-to-date: /home/subhalaxmi/nidar_ws/install/px4_msgs/include/px4_msgs/px4_msgs/msg/detail/vehicle_land_detected__rosidl_typesupport_introspection_c.h\n'}
[18.533652] (px4_msgs) StdoutLine: {'line': b'-- Up-to-date: /home/subhalaxmi/nidar_ws/install/px4_msgs/include/px4_msgs/px4_msgs/msg/detail/parameter_set_value_response__rosidl_typesupport_introspection_c.h\n'}
[18.533904] (px4_msgs) StdoutLine: {'line': b'-- Up-to-date: /home/subhalaxmi/nidar_ws/install/px4_msgs/include/px4_msgs/px4_msgs/msg/detail/message_format_response__rosidl_typesupport_introspection_c.h\n'}
[18.534126] (px4_msgs) StdoutLine: {'line': b'-- Up-to-date: /home/subhalaxmi/nidar_ws/install/px4_msgs/include/px4_msgs/px4_msgs/msg/detail/sensor_uwb__rosidl_typesupport_introspection_c.h\n'}
[18.534372] (px4_msgs) StdoutLine: {'line': b'-- Up-to-date: /home/subhalaxmi/nidar_ws/install/px4_msgs/include/px4_msgs/px4_msgs/msg/detail/gimbal_device_information__type_support.c\n'}
[18.534589] (px4_msgs) StdoutLine: {'line': b'-- Up-to-date: /home/subhalaxmi/nidar_ws/install/px4_msgs/include/px4_msgs/px4_msgs/msg/detail/landing_target_innovations__rosidl_typesupport_introspection_c.h\n'}
[18.534807] (px4_msgs) StdoutLine: {'line': b'-- Up-to-date: /home/subhalaxmi/nidar_ws/install/px4_msgs/include/px4_msgs/px4_msgs/msg/detail/magnetometer_bias_estimate__rosidl_typesupport_introspection_c.h\n'}
[18.535022] (px4_msgs) StdoutLine: {'line': b'-- Up-to-date: /home/subhalaxmi/nidar_ws/install/px4_msgs/include/px4_msgs/px4_msgs/msg/detail/vehicle_control_mode__rosidl_typesupport_introspection_c.h\n'}
[18.536443] (px4_msgs) StdoutLine: {'line': b'-- Up-to-date: /home/subhalaxmi/nidar_ws/install/px4_msgs/include/px4_msgs/px4_msgs/msg/detail/hover_thrust_estimate__rosidl_typesupport_introspection_c.h\n'}
[18.536765] (px4_msgs) StdoutLine: {'line': b'-- Up-to-date: /home/subhalaxmi/nidar_ws/install/px4_msgs/include/px4_msgs/px4_msgs/msg/detail/sensor_selection__rosidl_typesupport_introspection_c.h\n'}
[18.537031] (px4_msgs) StdoutLine: {'line': b'-- Up-to-date: /home/subhalaxmi/nidar_ws/install/px4_msgs/include/px4_msgs/px4_msgs/msg/detail/position_setpoint_triplet__type_support.c\n'}
[18.537273] (px4_msgs) StdoutLine: {'line': b'-- Up-to-date: /home/subhalaxmi/nidar_ws/install/px4_msgs/include/px4_msgs/px4_msgs/msg/detail/vehicle_air_data__type_support.c\n'}
[18.537540] (px4_msgs) StdoutLine: {'line': b'-- Up-to-date: /home/subhalaxmi/nidar_ws/install/px4_msgs/include/px4_msgs/px4_msgs/msg/detail/task_stack_info__rosidl_typesupport_introspection_c.h\n'}
[18.537729] (px4_msgs) StdoutLine: {'line': b'-- Up-to-date: /home/subhalaxmi/nidar_ws/install/px4_msgs/include/px4_msgs/px4_msgs/msg/detail/gps_inject_data__type_support.c\n'}
[18.537906] (px4_msgs) StdoutLine: {'line': b'-- Up-to-date: /home/subhalaxmi/nidar_ws/install/px4_msgs/include/px4_msgs/px4_msgs/msg/detail/pps_capture__type_support.c\n'}
[18.538127] (px4_msgs) StdoutLine: {'line': b'-- Up-to-date: /home/subhalaxmi/nidar_ws/install/px4_msgs/include/px4_msgs/px4_msgs/msg/detail/power_monitor__rosidl_typesupport_introspection_c.h\n'}
[18.538325] (px4_msgs) StdoutLine: {'line': b'-- Up-to-date: /home/subhalaxmi/nidar_ws/install/px4_msgs/include/px4_msgs/px4_msgs/msg/detail/vehicle_torque_setpoint__type_support.c\n'}
[18.538499] (px4_msgs) StdoutLine: {'line': b'-- Up-to-date: /home/subhalaxmi/nidar_ws/install/px4_msgs/include/px4_msgs/px4_msgs/msg/detail/differential_pressure__rosidl_typesupport_introspection_c.h\n'}
[18.538693] (px4_msgs) StdoutLine: {'line': b'-- Up-to-date: /home/subhalaxmi/nidar_ws/install/px4_msgs/include/px4_msgs/px4_msgs/msg/detail/failure_detector_status__rosidl_typesupport_introspection_c.h\n'}
[18.539273] (px4_msgs) StdoutLine: {'line': b'-- Up-to-date: /home/subhalaxmi/nidar_ws/install/px4_msgs/include/px4_msgs/px4_msgs/msg/detail/camera_status__type_support.c\n'}
[18.539530] (px4_msgs) StdoutLine: {'line': b'-- Up-to-date: /home/subhalaxmi/nidar_ws/install/px4_msgs/include/px4_msgs/px4_msgs/msg/detail/vehicle_command_ack__rosidl_typesupport_introspection_c.h\n'}
[18.539747] (px4_msgs) StdoutLine: {'line': b'-- Up-to-date: /home/subhalaxmi/nidar_ws/install/px4_msgs/include/px4_msgs/px4_msgs/msg/detail/tune_control__type_support.c\n'}
[18.539989] (px4_msgs) StdoutLine: {'line': b'-- Up-to-date: /home/subhalaxmi/nidar_ws/install/px4_msgs/include/px4_msgs/px4_msgs/msg/detail/airspeed_validated__type_support.c\n'}
[18.540832] (px4_msgs) StdoutLine: {'line': b'-- Up-to-date: /home/subhalaxmi/nidar_ws/install/px4_msgs/include/px4_msgs/px4_msgs/msg/detail/estimator_gps_status__type_support.c\n'}
[18.541137] (px4_msgs) StdoutLine: {'line': b'-- Up-to-date: /home/subhalaxmi/nidar_ws/install/px4_msgs/include/px4_msgs/px4_msgs/msg/detail/vehicle_status__rosidl_typesupport_introspection_c.h\n'}
[18.541403] (px4_msgs) StdoutLine: {'line': b'-- Up-to-date: /home/subhalaxmi/nidar_ws/install/px4_msgs/include/px4_msgs/px4_msgs/msg/detail/telemetry_status__type_support.c\n'}
[18.541610] (px4_msgs) StdoutLine: {'line': b'-- Up-to-date: /home/subhalaxmi/nidar_ws/install/px4_msgs/include/px4_msgs/px4_msgs/msg/detail/sensor_gnss_status__rosidl_typesupport_introspection_c.h\n'}
[18.543642] (px4_msgs) StdoutLine: {'line': b'-- Up-to-date: /home/subhalaxmi/nidar_ws/install/px4_msgs/include/px4_msgs/px4_msgs/msg/detail/pwm_input__type_support.c\n'}
[18.544053] (px4_msgs) StdoutLine: {'line': b'-- Up-to-date: /home/subhalaxmi/nidar_ws/install/px4_msgs/include/px4_msgs/px4_msgs/msg/detail/vehicle_optical_flow_vel__rosidl_typesupport_introspection_c.h\n'}
[18.544399] (px4_msgs) StdoutLine: {'line': b'-- Up-to-date: /home/subhalaxmi/nidar_ws/install/px4_msgs/include/px4_msgs/px4_msgs/msg/detail/sensor_combined__rosidl_typesupport_introspection_c.h\n'}
[18.545262] (px4_msgs) StdoutLine: {'line': b'-- Up-to-date: /home/subhalaxmi/nidar_ws/install/px4_msgs/include/px4_msgs/px4_msgs/msg/detail/vehicle_attitude__type_support.c\n'}
[18.546668] (px4_msgs) StdoutLine: {'line': b'-- Up-to-date: /home/subhalaxmi/nidar_ws/install/px4_msgs/include/px4_msgs/px4_msgs/msg/detail/mission_result__rosidl_typesupport_introspection_c.h\n'}
[18.547041] (px4_msgs) StdoutLine: {'line': b'-- Up-to-date: /home/subhalaxmi/nidar_ws/install/px4_msgs/include/px4_msgs/px4_msgs/msg/detail/distance_sensor_mode_change_request__type_support.c\n'}
[18.547456] (px4_msgs) StdoutLine: {'line': b'-- Up-to-date: /home/subhalaxmi/nidar_ws/install/px4_msgs/include/px4_msgs/px4_msgs/msg/detail/pure_pursuit_status__rosidl_typesupport_introspection_c.h\n'}
[18.547986] (px4_msgs) StdoutLine: {'line': b'-- Up-to-date: /home/subhalaxmi/nidar_ws/install/px4_msgs/include/px4_msgs/px4_msgs/msg/detail/actuator_test__type_support.c\n'}
[18.549909] (px4_msgs) StdoutLine: {'line': b'-- Up-to-date: /home/subhalaxmi/nidar_ws/install/px4_msgs/include/px4_msgs/px4_msgs/msg/detail/vehicle_optical_flow__rosidl_typesupport_introspection_c.h\n'}
[18.550216] (px4_msgs) StdoutLine: {'line': b'-- Up-to-date: /home/subhalaxmi/nidar_ws/install/px4_msgs/include/px4_msgs/px4_msgs/msg/detail/actuator_servos_trim__rosidl_typesupport_introspection_c.h\n'}
[18.550448] (px4_msgs) StdoutLine: {'line': b'-- Up-to-date: /home/subhalaxmi/nidar_ws/install/px4_msgs/include/px4_msgs/px4_msgs/msg/detail/estimator_aid_source3d__type_support.c\n'}
[18.550639] (px4_msgs) StdoutLine: {'line': b'-- Up-to-date: /home/subhalaxmi/nidar_ws/install/px4_msgs/include/px4_msgs/px4_msgs/msg/detail/qshell_req__rosidl_typesupport_introspection_c.h\n'}
[18.550870] (px4_msgs) StdoutLine: {'line': b'-- Up-to-date: /home/subhalaxmi/nidar_ws/install/px4_msgs/include/px4_msgs/px4_msgs/msg/detail/gpio_request__rosidl_typesupport_introspection_c.h\n'}
[18.551074] (px4_msgs) StdoutLine: {'line': b'-- Up-to-date: /home/subhalaxmi/nidar_ws/install/px4_msgs/include/px4_msgs/px4_msgs/msg/detail/velocity_limits__type_support.c\n'}
[18.553250] (px4_msgs) StdoutLine: {'line': b'-- Up-to-date: /home/subhalaxmi/nidar_ws/install/px4_msgs/include/px4_msgs/px4_msgs/msg/detail/gimbal_device_set_attitude__type_support.c\n'}
[18.553743] (px4_msgs) StdoutLine: {'line': b'-- Up-to-date: /home/subhalaxmi/nidar_ws/install/px4_msgs/include/px4_msgs/px4_msgs/msg/detail/wind__type_support.c\n'}
[18.554502] (px4_msgs) StdoutLine: {'line': b'-- Up-to-date: /home/subhalaxmi/nidar_ws/install/px4_msgs/include/px4_msgs/px4_msgs/msg/detail/timesync_status__type_support.c\n'}
[18.554968] (px4_msgs) StdoutLine: {'line': b'-- Up-to-date: /home/subhalaxmi/nidar_ws/install/px4_msgs/include/px4_msgs/px4_msgs/msg/detail/gps_dump__type_support.c\n'}
[18.555232] (px4_msgs) StdoutLine: {'line': b'-- Up-to-date: /home/subhalaxmi/nidar_ws/install/px4_msgs/include/px4_msgs/px4_msgs/msg/detail/rc_channels__type_support.c\n'}
[18.555497] (px4_msgs) StdoutLine: {'line': b'-- Up-to-date: /home/subhalaxmi/nidar_ws/install/px4_msgs/include/px4_msgs/px4_msgs/msg/detail/ekf2_timestamps__rosidl_typesupport_introspection_c.h\n'}
[18.555781] (px4_msgs) StdoutLine: {'line': b'-- Up-to-date: /home/subhalaxmi/nidar_ws/install/px4_msgs/include/px4_msgs/px4_msgs/msg/detail/wind__rosidl_typesupport_introspection_c.h\n'}
[18.560021] (-) TimerEvent: {}
[18.560864] (px4_msgs) StdoutLine: {'line': b'-- Up-to-date: /home/subhalaxmi/nidar_ws/install/px4_msgs/include/px4_msgs/px4_msgs/msg/detail/airspeed__type_support.c\n'}
[18.563732] (px4_msgs) StdoutLine: {'line': b'-- Up-to-date: /home/subhalaxmi/nidar_ws/install/px4_msgs/include/px4_msgs/px4_msgs/msg/detail/landing_gear_wheel__type_support.c\n'}
[18.565144] (px4_msgs) StdoutLine: {'line': b'-- Up-to-date: /home/subhalaxmi/nidar_ws/install/px4_msgs/include/px4_msgs/px4_msgs/msg/detail/trajectory_setpoint__rosidl_typesupport_introspection_c.h\n'}
[18.565499] (px4_msgs) StdoutLine: {'line': b'-- Up-to-date: /home/subhalaxmi/nidar_ws/install/px4_msgs/include/px4_msgs/px4_msgs/msg/detail/vehicle_thrust_setpoint__type_support.c\n'}
[18.565753] (px4_msgs) StdoutLine: {'line': b'-- Up-to-date: /home/subhalaxmi/nidar_ws/install/px4_msgs/include/px4_msgs/px4_msgs/msg/detail/rtl_status__rosidl_typesupport_introspection_c.h\n'}
[18.565973] (px4_msgs) StdoutLine: {'line': b'-- Up-to-date: /home/subhalaxmi/nidar_ws/install/px4_msgs/include/px4_msgs/px4_msgs/msg/detail/vehicle_land_detected__type_support.c\n'}
[18.567213] (px4_msgs) StdoutLine: {'line': b'-- Up-to-date: /home/subhalaxmi/nidar_ws/install/px4_msgs/include/px4_msgs/px4_msgs/msg/detail/estimator_aid_source2d__rosidl_typesupport_introspection_c.h\n'}
[18.567541] (px4_msgs) StdoutLine: {'line': b'-- Up-to-date: /home/subhalaxmi/nidar_ws/install/px4_msgs/include/px4_msgs/px4_msgs/msg/detail/debug_key_value__rosidl_typesupport_introspection_c.h\n'}
[18.568409] (px4_msgs) StdoutLine: {'line': b'-- Up-to-date: /home/subhalaxmi/nidar_ws/install/px4_msgs/include/px4_msgs/px4_msgs/msg/detail/cellular_status__type_support.c\n'}
[18.569246] (px4_msgs) StdoutLine: {'line': b'-- Up-to-date: /home/subhalaxmi/nidar_ws/install/px4_msgs/include/px4_msgs/px4_msgs/msg/detail/follow_target_status__type_support.c\n'}
[18.569552] (px4_msgs) StdoutLine: {'line': b'-- Up-to-date: /home/subhalaxmi/nidar_ws/install/px4_msgs/include/px4_msgs/px4_msgs/msg/detail/uavcan_parameter_request__type_support.c\n'}
[18.570757] (px4_msgs) StdoutLine: {'line': b'-- Up-to-date: /home/subhalaxmi/nidar_ws/install/px4_msgs/include/px4_msgs/px4_msgs/msg/detail/battery_info__type_support.c\n'}
[18.572242] (px4_msgs) StdoutLine: {'line': b'-- Up-to-date: /home/subhalaxmi/nidar_ws/install/px4_msgs/include/px4_msgs/px4_msgs/msg/detail/internal_combustion_engine_control__type_support.c\n'}
[18.572583] (px4_msgs) StdoutLine: {'line': b'-- Up-to-date: /home/subhalaxmi/nidar_ws/install/px4_msgs/include/px4_msgs/px4_msgs/msg/detail/register_ext_component_request__rosidl_typesupport_introspection_c.h\n'}
[18.572903] (px4_msgs) StdoutLine: {'line': b'-- Up-to-date: /home/subhalaxmi/nidar_ws/install/px4_msgs/include/px4_msgs/px4_msgs/msg/detail/vehicle_command_ack__type_support.c\n'}
[18.573175] (px4_msgs) StdoutLine: {'line': b'-- Up-to-date: /home/subhalaxmi/nidar_ws/install/px4_msgs/include/px4_msgs/px4_msgs/msg/detail/gimbal_manager_set_attitude__type_support.c\n'}
[18.574523] (px4_msgs) StdoutLine: {'line': b'-- Up-to-date: /home/subhalaxmi/nidar_ws/install/px4_msgs/include/px4_msgs/px4_msgs/msg/detail/onboard_computer_status__type_support.c\n'}
[18.574773] (px4_msgs) StdoutLine: {'line': b'-- Up-to-date: /home/subhalaxmi/nidar_ws/install/px4_msgs/include/px4_msgs/px4_msgs/msg/detail/vtol_vehicle_status__rosidl_typesupport_introspection_c.h\n'}
[18.575012] (px4_msgs) StdoutLine: {'line': b'-- Up-to-date: /home/subhalaxmi/nidar_ws/install/px4_msgs/include/px4_msgs/px4_msgs/msg/detail/gimbal_manager_status__type_support.c\n'}
[18.576377] (px4_msgs) StdoutLine: {'line': b'-- Up-to-date: /home/subhalaxmi/nidar_ws/install/px4_msgs/include/px4_msgs/px4_msgs/msg/detail/vehicle_magnetometer__type_support.c\n'}
[18.577012] (px4_msgs) StdoutLine: {'line': b'-- Up-to-date: /home/subhalaxmi/nidar_ws/install/px4_msgs/include/px4_msgs/px4_msgs/msg/detail/goto_setpoint__rosidl_typesupport_introspection_c.h\n'}
[18.577355] (px4_msgs) StdoutLine: {'line': b'-- Up-to-date: /home/subhalaxmi/nidar_ws/install/px4_msgs/include/px4_msgs/px4_msgs/msg/detail/debug_vect__type_support.c\n'}
[18.578826] (px4_msgs) StdoutLine: {'line': b'-- Up-to-date: /home/subhalaxmi/nidar_ws/install/px4_msgs/include/px4_msgs/px4_msgs/msg/detail/ulog_stream_ack__rosidl_typesupport_introspection_c.h\n'}
[18.579253] (px4_msgs) StdoutLine: {'line': b'-- Up-to-date: /home/subhalaxmi/nidar_ws/install/px4_msgs/include/px4_msgs/px4_msgs/msg/detail/manual_control_switches__type_support.c\n'}
[18.579535] (px4_msgs) StdoutLine: {'line': b'-- Up-to-date: /home/subhalaxmi/nidar_ws/install/px4_msgs/include/px4_msgs/px4_msgs/msg/detail/actuator_servos__type_support.c\n'}
[18.579745] (px4_msgs) StdoutLine: {'line': b'-- Up-to-date: /home/subhalaxmi/nidar_ws/install/px4_msgs/include/px4_msgs/px4_msgs/msg/detail/event__type_support.c\n'}
[18.579942] (px4_msgs) StdoutLine: {'line': b'-- Up-to-date: /home/subhalaxmi/nidar_ws/install/px4_msgs/include/px4_msgs/px4_msgs/msg/detail/config_overrides__type_support.c\n'}
[18.580727] (px4_msgs) StdoutLine: {'line': b'-- Up-to-date: /home/subhalaxmi/nidar_ws/install/px4_msgs/include/px4_msgs/px4_msgs/msg/detail/fixed_wing_runway_control__type_support.c\n'}
[18.581191] (px4_msgs) StdoutLine: {'line': b'-- Up-to-date: /home/subhalaxmi/nidar_ws/install/px4_msgs/include/px4_msgs/px4_msgs/msg/detail/normalized_unsigned_setpoint__type_support.c\n'}
[18.583823] (px4_msgs) StdoutLine: {'line': b'-- Up-to-date: /home/subhalaxmi/nidar_ws/install/px4_msgs/include/px4_msgs/px4_msgs/msg/detail/neural_control__type_support.c\n'}
[18.584071] (px4_msgs) StdoutLine: {'line': b'-- Up-to-date: /home/subhalaxmi/nidar_ws/install/px4_msgs/include/px4_msgs/px4_msgs/msg/detail/tiltrotor_extra_controls__rosidl_typesupport_introspection_c.h\n'}
[18.584273] (px4_msgs) StdoutLine: {'line': b'-- Up-to-date: /home/subhalaxmi/nidar_ws/install/px4_msgs/include/px4_msgs/px4_msgs/msg/detail/sensor_selection__type_support.c\n'}
[18.584450] (px4_msgs) StdoutLine: {'line': b'-- Up-to-date: /home/subhalaxmi/nidar_ws/install/px4_msgs/include/px4_msgs/px4_msgs/msg/detail/estimator_event_flags__type_support.c\n'}
[18.589604] (px4_msgs) StdoutLine: {'line': b'-- Up-to-date: /home/subhalaxmi/nidar_ws/install/px4_msgs/include/px4_msgs/px4_msgs/msg/detail/debug_array__type_support.c\n'}
[18.590297] (px4_msgs) StdoutLine: {'line': b'-- Up-to-date: /home/subhalaxmi/nidar_ws/install/px4_msgs/include/px4_msgs/px4_msgs/msg/detail/autotune_attitude_control_status__type_support.c\n'}
[18.590629] (px4_msgs) StdoutLine: {'line': b'-- Up-to-date: /home/subhalaxmi/nidar_ws/install/px4_msgs/include/px4_msgs/px4_msgs/msg/detail/cellular_status__rosidl_typesupport_introspection_c.h\n'}
[18.590877] (px4_msgs) StdoutLine: {'line': b'-- Up-to-date: /home/subhalaxmi/nidar_ws/install/px4_msgs/include/px4_msgs/px4_msgs/msg/detail/actuator_servos_trim__type_support.c\n'}
[18.591260] (px4_msgs) StdoutLine: {'line': b'-- Up-to-date: /home/subhalaxmi/nidar_ws/install/px4_msgs/include/px4_msgs/px4_msgs/msg/detail/rate_ctrl_status__type_support.c\n'}
[18.591428] (px4_msgs) StdoutLine: {'line': b'-- Up-to-date: /home/subhalaxmi/nidar_ws/install/px4_msgs/include/px4_msgs/px4_msgs/msg/detail/position_controller_status__rosidl_typesupport_introspection_c.h\n'}
[18.591541] (px4_msgs) StdoutLine: {'line': b'-- Up-to-date: /home/subhalaxmi/nidar_ws/install/px4_msgs/include/px4_msgs/px4_msgs/msg/detail/sensors_status__rosidl_typesupport_introspection_c.h\n'}
[18.591648] (px4_msgs) StdoutLine: {'line': b'-- Up-to-date: /home/subhalaxmi/nidar_ws/install/px4_msgs/include/px4_msgs/px4_msgs/msg/detail/gps_inject_data__rosidl_typesupport_introspection_c.h\n'}
[18.591754] (px4_msgs) StdoutLine: {'line': b'-- Up-to-date: /home/subhalaxmi/nidar_ws/install/px4_msgs/include/px4_msgs/px4_msgs/msg/detail/camera_trigger__rosidl_typesupport_introspection_c.h\n'}
[18.591858] (px4_msgs) StdoutLine: {'line': b'-- Up-to-date: /home/subhalaxmi/nidar_ws/install/px4_msgs/include/px4_msgs/px4_msgs/msg/detail/rover_speed_setpoint__rosidl_typesupport_introspection_c.h\n'}
[18.591962] (px4_msgs) StdoutLine: {'line': b'-- Up-to-date: /home/subhalaxmi/nidar_ws/install/px4_msgs/include/px4_msgs/px4_msgs/msg/detail/neural_control__rosidl_typesupport_introspection_c.h\n'}
[18.592072] (px4_msgs) StdoutLine: {'line': b'-- Up-to-date: /home/subhalaxmi/nidar_ws/install/px4_msgs/include/px4_msgs/px4_msgs/msg/detail/fuel_tank_status__type_support.c\n'}
[18.597703] (px4_msgs) StdoutLine: {'line': b'-- Up-to-date: /home/subhalaxmi/nidar_ws/install/px4_msgs/include/px4_msgs/px4_msgs/msg/detail/geofence_status__type_support.c\n'}
[18.597991] (px4_msgs) StdoutLine: {'line': b'-- Up-to-date: /home/subhalaxmi/nidar_ws/install/px4_msgs/include/px4_msgs/px4_msgs/msg/detail/irlock_report__rosidl_typesupport_introspection_c.h\n'}
[18.598262] (px4_msgs) StdoutLine: {'line': b'-- Up-to-date: /home/subhalaxmi/nidar_ws/install/px4_msgs/include/px4_msgs/px4_msgs/msg/detail/vehicle_imu_status__rosidl_typesupport_introspection_c.h\n'}
[18.598498] (px4_msgs) StdoutLine: {'line': b'-- Up-to-date: /home/subhalaxmi/nidar_ws/install/px4_msgs/include/px4_msgs/px4_msgs/msg/detail/sensor_correction__rosidl_typesupport_introspection_c.h\n'}
[18.598720] (px4_msgs) StdoutLine: {'line': b'-- Up-to-date: /home/subhalaxmi/nidar_ws/install/px4_msgs/include/px4_msgs/px4_msgs/msg/detail/geofence_result__rosidl_typesupport_introspection_c.h\n'}
[18.598929] (px4_msgs) StdoutLine: {'line': b'-- Up-to-date: /home/subhalaxmi/nidar_ws/install/px4_msgs/include/px4_msgs/px4_msgs/msg/detail/sensor_baro__type_support.c\n'}
[18.599140] (px4_msgs) StdoutLine: {'line': b'-- Up-to-date: /home/subhalaxmi/nidar_ws/install/px4_msgs/include/px4_msgs/px4_msgs/msg/detail/obstacle_distance__type_support.c\n'}
[18.599391] (px4_msgs) StdoutLine: {'line': b'-- Up-to-date: /home/subhalaxmi/nidar_ws/install/px4_msgs/include/px4_msgs/px4_msgs/msg/detail/landing_target_innovations__type_support.c\n'}
[18.599582] (px4_msgs) StdoutLine: {'line': b'-- Up-to-date: /home/subhalaxmi/nidar_ws/install/px4_msgs/include/px4_msgs/px4_msgs/msg/detail/landing_target_pose__rosidl_typesupport_introspection_c.h\n'}
[18.599766] (px4_msgs) StdoutLine: {'line': b'-- Up-to-date: /home/subhalaxmi/nidar_ws/install/px4_msgs/include/px4_msgs/px4_msgs/msg/detail/dronecan_node_status__rosidl_typesupport_introspection_c.h\n'}
[18.599962] (px4_msgs) StdoutLine: {'line': b'-- Up-to-date: /home/subhalaxmi/nidar_ws/install/px4_msgs/include/px4_msgs/px4_msgs/msg/detail/launch_detection_status__rosidl_typesupport_introspection_c.h\n'}
[18.605621] (px4_msgs) StdoutLine: {'line': b'-- Up-to-date: /home/subhalaxmi/nidar_ws/install/px4_msgs/include/px4_msgs/px4_msgs/msg/detail/mag_worker_data__rosidl_typesupport_introspection_c.h\n'}
[18.605851] (px4_msgs) StdoutLine: {'line': b'-- Up-to-date: /home/subhalaxmi/nidar_ws/install/px4_msgs/include/px4_msgs/px4_msgs/msg/detail/transponder_report__rosidl_typesupport_introspection_c.h\n'}
[18.606088] (px4_msgs) StdoutLine: {'line': b'-- Up-to-date: /home/subhalaxmi/nidar_ws/install/px4_msgs/include/px4_msgs/px4_msgs/msg/detail/config_overrides__rosidl_typesupport_introspection_c.h\n'}
[18.607668] (px4_msgs) StdoutLine: {'line': b'-- Up-to-date: /home/subhalaxmi/nidar_ws/install/px4_msgs/include/px4_msgs/px4_msgs/msg/detail/gimbal_controls__rosidl_typesupport_introspection_c.h\n'}
[18.609263] (px4_msgs) StdoutLine: {'line': b'-- Up-to-date: /home/subhalaxmi/nidar_ws/install/px4_msgs/include/px4_msgs/px4_msgs/msg/detail/vehicle_imu__type_support.c\n'}
[18.611285] (px4_msgs) StdoutLine: {'line': b'-- Up-to-date: /home/subhalaxmi/nidar_ws/install/px4_msgs/include/px4_msgs/px4_msgs/msg/detail/rover_attitude_status__type_support.c\n'}
[18.611580] (px4_msgs) StdoutLine: {'line': b'-- Up-to-date: /home/subhalaxmi/nidar_ws/install/px4_msgs/include/px4_msgs/px4_msgs/msg/detail/input_rc__type_support.c\n'}
[18.611790] (px4_msgs) StdoutLine: {'line': b'-- Up-to-date: /home/subhalaxmi/nidar_ws/install/px4_msgs/include/px4_msgs/px4_msgs/msg/detail/esc_report__type_support.c\n'}
[18.612005] (px4_msgs) StdoutLine: {'line': b'-- Up-to-date: /home/subhalaxmi/nidar_ws/install/px4_msgs/include/px4_msgs/px4_msgs/msg/detail/vehicle_global_position__rosidl_typesupport_introspection_c.h\n'}
[18.612220] (px4_msgs) StdoutLine: {'line': b'-- Up-to-date: /home/subhalaxmi/nidar_ws/install/px4_msgs/include/px4_msgs/px4_msgs/msg/detail/sensors_status_imu__type_support.c\n'}
[18.612463] (px4_msgs) StdoutLine: {'line': b'-- Up-to-date: /home/subhalaxmi/nidar_ws/install/px4_msgs/include/px4_msgs/px4_msgs/msg/detail/collision_constraints__rosidl_typesupport_introspection_c.h\n'}
[18.614925] (px4_msgs) StdoutLine: {'line': b'-- Up-to-date: /home/subhalaxmi/nidar_ws/install/px4_msgs/include/px4_msgs/px4_msgs/msg/detail/fixed_wing_longitudinal_setpoint__rosidl_typesupport_introspection_c.h\n'}
[18.615226] (px4_msgs) StdoutLine: {'line': b'-- Up-to-date: /home/subhalaxmi/nidar_ws/install/px4_msgs/include/px4_msgs/px4_msgs/msg/detail/dataman_response__rosidl_typesupport_introspection_c.h\n'}
[18.615472] (px4_msgs) StdoutLine: {'line': b'-- Up-to-date: /home/subhalaxmi/nidar_ws/install/px4_msgs/include/px4_msgs/px4_msgs/msg/detail/estimator_status__type_support.c\n'}
[18.615751] (px4_msgs) StdoutLine: {'line': b'-- Up-to-date: /home/subhalaxmi/nidar_ws/install/px4_msgs/include/px4_msgs/px4_msgs/msg/detail/vehicle_roi__type_support.c\n'}
[18.616015] (px4_msgs) StdoutLine: {'line': b'-- Up-to-date: /home/subhalaxmi/nidar_ws/install/px4_msgs/include/px4_msgs/px4_msgs/msg/detail/raptor_status__rosidl_typesupport_introspection_c.h\n'}
[18.619098] (px4_msgs) StdoutLine: {'line': b'-- Up-to-date: /home/subhalaxmi/nidar_ws/install/px4_msgs/include/px4_msgs/px4_msgs/msg/detail/sensor_gps__rosidl_typesupport_introspection_c.h\n'}
[18.619374] (px4_msgs) StdoutLine: {'line': b'-- Up-to-date: /home/subhalaxmi/nidar_ws/install/px4_msgs/include/px4_msgs/px4_msgs/msg/detail/vehicle_constraints__type_support.c\n'}
[18.619577] (px4_msgs) StdoutLine: {'line': b'-- Up-to-date: /home/subhalaxmi/nidar_ws/install/px4_msgs/include/px4_msgs/px4_msgs/msg/detail/lateral_control_configuration__rosidl_typesupport_introspection_c.h\n'}
[18.619764] (px4_msgs) StdoutLine: {'line': b'-- Up-to-date: /home/subhalaxmi/nidar_ws/install/px4_msgs/include/px4_msgs/px4_msgs/msg/detail/trajectory_setpoint6dof__type_support.c\n'}
[18.622036] (px4_msgs) StdoutLine: {'line': b'-- Up-to-date: /home/subhalaxmi/nidar_ws/install/px4_msgs/include/px4_msgs/px4_msgs/msg/detail/rover_throttle_setpoint__type_support.c\n'}
[18.622319] (px4_msgs) StdoutLine: {'line': b'-- Up-to-date: /home/subhalaxmi/nidar_ws/install/px4_msgs/include/px4_msgs/px4_msgs/msg/detail/sensor_accel_fifo__rosidl_typesupport_introspection_c.h\n'}
[18.622564] (px4_msgs) StdoutLine: {'line': b'-- Up-to-date: /home/subhalaxmi/nidar_ws/install/px4_msgs/include/px4_msgs/px4_msgs/msg/detail/sensor_temp__rosidl_typesupport_introspection_c.h\n'}
[18.624476] (px4_msgs) StdoutLine: {'line': b'-- Up-to-date: /home/subhalaxmi/nidar_ws/install/px4_msgs/include/px4_msgs/px4_msgs/msg/detail/generator_status__type_support.c\n'}
[18.625521] (px4_msgs) StdoutLine: {'line': b'-- Up-to-date: /home/subhalaxmi/nidar_ws/install/px4_msgs/include/px4_msgs/px4_msgs/msg/detail/vehicle_thrust_setpoint__rosidl_typesupport_introspection_c.h\n'}
[18.625779] (px4_msgs) StdoutLine: {'line': b'-- Up-to-date: /home/subhalaxmi/nidar_ws/install/px4_msgs/include/px4_msgs/px4_msgs/msg/detail/sensor_optical_flow__rosidl_typesupport_introspection_c.h\n'}
[18.626015] (px4_msgs) StdoutLine: {'line': b'-- Up-to-date: /home/subhalaxmi/nidar_ws/install/px4_msgs/include/px4_msgs/px4_msgs/msg/detail/timesync_status__rosidl_typesupport_introspection_c.h\n'}
[18.628155] (px4_msgs) StdoutLine: {'line': b'-- Up-to-date: /home/subhalaxmi/nidar_ws/install/px4_msgs/include/px4_msgs/px4_msgs/msg/detail/sensor_temp__type_support.c\n'}
[18.628923] (px4_msgs) StdoutLine: {'line': b'-- Up-to-date: /home/subhalaxmi/nidar_ws/install/px4_msgs/include/px4_msgs/px4_msgs/msg/detail/follow_target_status__rosidl_typesupport_introspection_c.h\n'}
[18.629165] (px4_msgs) StdoutLine: {'line': b'-- Up-to-date: /home/subhalaxmi/nidar_ws/install/px4_msgs/include/px4_msgs/px4_msgs/msg/detail/open_drone_id_self_id__rosidl_typesupport_introspection_c.h\n'}
[18.629452] (px4_msgs) StdoutLine: {'line': b'-- Up-to-date: /home/subhalaxmi/nidar_ws/install/px4_msgs/include/px4_msgs/px4_msgs/msg/detail/button_event__type_support.c\n'}
[18.630991] (px4_msgs) StdoutLine: {'line': b'-- Up-to-date: /home/subhalaxmi/nidar_ws/install/px4_msgs/include/px4_msgs/px4_msgs/msg/detail/gpio_in__type_support.c\n'}
[18.632411] (px4_msgs) StdoutLine: {'line': b'-- Up-to-date: /home/subhalaxmi/nidar_ws/install/px4_msgs/include/px4_msgs/px4_msgs/msg/detail/rover_speed_setpoint__type_support.c\n'}
[18.632737] (px4_msgs) StdoutLine: {'line': b'-- Up-to-date: /home/subhalaxmi/nidar_ws/install/px4_msgs/include/px4_msgs/px4_msgs/msg/detail/rover_rate_status__rosidl_typesupport_introspection_c.h\n'}
[18.633504] (px4_msgs) StdoutLine: {'line': b'-- Up-to-date: /home/subhalaxmi/nidar_ws/install/px4_msgs/include/px4_msgs/px4_msgs/msg/detail/airspeed_wind__type_support.c\n'}
[18.633743] (px4_msgs) StdoutLine: {'line': b'-- Up-to-date: /home/subhalaxmi/nidar_ws/install/px4_msgs/include/px4_msgs/px4_msgs/msg/detail/input_rc__rosidl_typesupport_introspection_c.h\n'}
[18.633985] (px4_msgs) StdoutLine: {'line': b'-- Up-to-date: /home/subhalaxmi/nidar_ws/install/px4_msgs/include/px4_msgs/px4_msgs/msg/detail/debug_vect__rosidl_typesupport_introspection_c.h\n'}
[18.635889] (px4_msgs) StdoutLine: {'line': b'-- Up-to-date: /home/subhalaxmi/nidar_ws/install/px4_msgs/include/px4_msgs/px4_msgs/msg/detail/log_message__type_support.c\n'}
[18.636157] (px4_msgs) StdoutLine: {'line': b'-- Up-to-date: /home/subhalaxmi/nidar_ws/install/px4_msgs/include/px4_msgs/px4_msgs/msg/detail/vehicle_attitude_setpoint__type_support.c\n'}
[18.636380] (px4_msgs) StdoutLine: {'line': b'-- Up-to-date: /home/subhalaxmi/nidar_ws/install/px4_msgs/include/px4_msgs/px4_msgs/msg/detail/geofence_status__rosidl_typesupport_introspection_c.h\n'}
[18.636579] (px4_msgs) StdoutLine: {'line': b'-- Up-to-date: /home/subhalaxmi/nidar_ws/install/px4_msgs/include/px4_msgs/px4_msgs/msg/detail/register_ext_component_reply__type_support.c\n'}
[18.636772] (px4_msgs) StdoutLine: {'line': b'-- Up-to-date: /home/subhalaxmi/nidar_ws/install/px4_msgs/include/px4_msgs/px4_msgs/msg/detail/position_setpoint__type_support.c\n'}
[18.636979] (px4_msgs) StdoutLine: {'line': b'-- Up-to-date: /home/subhalaxmi/nidar_ws/install/px4_msgs/include/px4_msgs/px4_msgs/msg/detail/actuator_servos__rosidl_typesupport_introspection_c.h\n'}
[18.637198] (px4_msgs) StdoutLine: {'line': b'-- Up-to-date: /home/subhalaxmi/nidar_ws/install/px4_msgs/include/px4_msgs/px4_msgs/msg/detail/debug_value__type_support.c\n'}
[18.637415] (px4_msgs) StdoutLine: {'line': b'-- Up-to-date: /home/subhalaxmi/nidar_ws/install/px4_msgs/include/px4_msgs/px4_msgs/msg/detail/fixed_wing_lateral_setpoint__rosidl_typesupport_introspection_c.h\n'}
[18.639691] (px4_msgs) StdoutLine: {'line': b'-- Up-to-date: /home/subhalaxmi/nidar_ws/install/px4_msgs/include/px4_msgs/px4_msgs/msg/detail/internal_combustion_engine_status__type_support.c\n'}
[18.639968] (px4_msgs) StdoutLine: {'line': b'-- Up-to-date: /home/subhalaxmi/nidar_ws/install/px4_msgs/include/px4_msgs/px4_msgs/msg/detail/sensor_accel__rosidl_typesupport_introspection_c.h\n'}
[18.640212] (px4_msgs) StdoutLine: {'line': b'-- Up-to-date: /home/subhalaxmi/nidar_ws/install/px4_msgs/include/px4_msgs/px4_msgs/msg/detail/failsafe_flags__rosidl_typesupport_introspection_c.h\n'}
[18.642215] (px4_msgs) StdoutLine: {'line': b'-- Up-to-date: /home/subhalaxmi/nidar_ws/install/px4_msgs/include/px4_msgs/px4_msgs/msg/detail/dronecan_node_status__type_support.c\n'}
[18.642642] (px4_msgs) StdoutLine: {'line': b'-- Up-to-date: /home/subhalaxmi/nidar_ws/install/px4_msgs/include/px4_msgs/px4_msgs/msg/detail/actuator_armed__rosidl_typesupport_introspection_c.h\n'}
[18.643415] (px4_msgs) StdoutLine: {'line': b'-- Up-to-date: /home/subhalaxmi/nidar_ws/install/px4_msgs/include/px4_msgs/px4_msgs/msg/detail/px4io_status__rosidl_typesupport_introspection_c.h\n'}
[18.644813] (px4_msgs) StdoutLine: {'line': b'-- Up-to-date: /home/subhalaxmi/nidar_ws/install/px4_msgs/include/px4_msgs/px4_msgs/msg/detail/ekf2_timestamps__type_support.c\n'}
[18.645190] (px4_msgs) StdoutLine: {'line': b'-- Up-to-date: /home/subhalaxmi/nidar_ws/install/px4_msgs/include/px4_msgs/px4_msgs/msg/detail/led_control__rosidl_typesupport_introspection_c.h\n'}
[18.645571] (px4_msgs) StdoutLine: {'line': b'-- Up-to-date: /home/subhalaxmi/nidar_ws/install/px4_msgs/include/px4_msgs/px4_msgs/msg/detail/home_position__rosidl_typesupport_introspection_c.h\n'}
[18.645825] (px4_msgs) StdoutLine: {'line': b'-- Up-to-date: /home/subhalaxmi/nidar_ws/install/px4_msgs/include/px4_msgs/px4_msgs/msg/detail/gpio_request__type_support.c\n'}
[18.646054] (px4_msgs) StdoutLine: {'line': b'-- Up-to-date: /home/subhalaxmi/nidar_ws/install/px4_msgs/include/px4_msgs/px4_msgs/msg/detail/arming_check_request__type_support.c\n'}
[18.646346] (px4_msgs) StdoutLine: {'line': b'-- Up-to-date: /home/subhalaxmi/nidar_ws/install/px4_msgs/include/px4_msgs/px4_msgs/msg/detail/gimbal_manager_status__rosidl_typesupport_introspection_c.h\n'}
[18.646625] (px4_msgs) StdoutLine: {'line': b'-- Up-to-date: /home/subhalaxmi/nidar_ws/install/px4_msgs/include/px4_msgs/px4_msgs/msg/detail/ulog_stream_ack__type_support.c\n'}
[18.646867] (px4_msgs) StdoutLine: {'line': b'-- Up-to-date: /home/subhalaxmi/nidar_ws/install/px4_msgs/include/px4_msgs/px4_msgs/msg/detail/rate_ctrl_status__rosidl_typesupport_introspection_c.h\n'}
[18.651225] (px4_msgs) StdoutLine: {'line': b'-- Up-to-date: /home/subhalaxmi/nidar_ws/install/px4_msgs/include/px4_msgs/px4_msgs/msg/detail/satellite_info__rosidl_typesupport_introspection_c.h\n'}
[18.651514] (px4_msgs) StdoutLine: {'line': b'-- Up-to-date: /home/subhalaxmi/nidar_ws/install/px4_msgs/include/px4_msgs/px4_msgs/msg/detail/transponder_report__type_support.c\n'}
[18.651718] (px4_msgs) StdoutLine: {'line': b'-- Up-to-date: /home/subhalaxmi/nidar_ws/install/px4_msgs/include/px4_msgs/px4_msgs/msg/detail/trajectory_setpoint6dof__rosidl_typesupport_introspection_c.h\n'}
[18.652023] (px4_msgs) StdoutLine: {'line': b'-- Up-to-date: /home/subhalaxmi/nidar_ws/install/px4_msgs/include/px4_msgs/px4_msgs/msg/detail/navigator_status__rosidl_typesupport_introspection_c.h\n'}
[18.652297] (px4_msgs) StdoutLine: {'line': b'-- Up-to-date: /home/subhalaxmi/nidar_ws/install/px4_msgs/include/px4_msgs/px4_msgs/msg/detail/fixed_wing_lateral_guidance_status__type_support.c\n'}
[18.652501] (px4_msgs) StdoutLine: {'line': b'-- Up-to-date: /home/subhalaxmi/nidar_ws/install/px4_msgs/include/px4_msgs/px4_msgs/msg/detail/vehicle_rates_setpoint__rosidl_typesupport_introspection_c.h\n'}
[18.652701] (px4_msgs) StdoutLine: {'line': b'-- Up-to-date: /home/subhalaxmi/nidar_ws/install/px4_msgs/include/px4_msgs/px4_msgs/msg/detail/gimbal_manager_information__rosidl_typesupport_introspection_c.h\n'}
[18.653123] (px4_msgs) StdoutLine: {'line': b'-- Up-to-date: /home/subhalaxmi/nidar_ws/install/px4_msgs/include/px4_msgs/px4_msgs/msg/detail/device_information__type_support.c\n'}
[18.653347] (px4_msgs) StdoutLine: {'line': b'-- Up-to-date: /home/subhalaxmi/nidar_ws/install/px4_msgs/include/px4_msgs/px4_msgs/msg/detail/unregister_ext_component__type_support.c\n'}
[18.653608] (px4_msgs) StdoutLine: {'line': b'-- Up-to-date: /home/subhalaxmi/nidar_ws/install/px4_msgs/include/px4_msgs/px4_msgs/msg/detail/uavcan_parameter_value__rosidl_typesupport_introspection_c.h\n'}
[18.655202] (px4_msgs) StdoutLine: {'line': b'-- Up-to-date: /home/subhalaxmi/nidar_ws/install/px4_msgs/include/px4_msgs/px4_msgs/msg/detail/fixed_wing_lateral_status__rosidl_typesupport_introspection_c.h\n'}
[18.656016] (px4_msgs) StdoutLine: {'line': b'-- Up-to-date: /home/subhalaxmi/nidar_ws/install/px4_msgs/include/px4_msgs/px4_msgs/msg/detail/event__rosidl_typesupport_introspection_c.h\n'}
[18.658336] (px4_msgs) StdoutLine: {'line': b'-- Up-to-date: /home/subhalaxmi/nidar_ws/install/px4_msgs/include/px4_msgs/px4_msgs/msg/detail/open_drone_id_operator_id__type_support.c\n'}
[18.658742] (px4_msgs) StdoutLine: {'line': b'-- Up-to-date: /home/subhalaxmi/nidar_ws/install/px4_msgs/include/px4_msgs/px4_msgs/msg/detail/generator_status__rosidl_typesupport_introspection_c.h\n'}
[18.658935] (px4_msgs) StdoutLine: {'line': b'-- Up-to-date: /home/subhalaxmi/nidar_ws/install/px4_msgs/include/px4_msgs/px4_msgs/msg/detail/sensor_gps__type_support.c\n'}
[18.659179] (px4_msgs) StdoutLine: {'line': b'-- Up-to-date: /home/subhalaxmi/nidar_ws/install/px4_msgs/include/px4_msgs/px4_msgs/msg/detail/vehicle_acceleration__type_support.c\n'}
[18.659410] (px4_msgs) StdoutLine: {'line': b'-- Up-to-date: /home/subhalaxmi/nidar_ws/install/px4_msgs/include/px4_msgs/px4_msgs/msg/detail/rover_position_setpoint__rosidl_typesupport_introspection_c.h\n'}
[18.659656] (px4_msgs) StdoutLine: {'line': b'-- Up-to-date: /home/subhalaxmi/nidar_ws/install/px4_msgs/include/px4_msgs/px4_msgs/msg/detail/mission__type_support.c\n'}
[18.659860] (px4_msgs) StdoutLine: {'line': b'-- Up-to-date: /home/subhalaxmi/nidar_ws/install/px4_msgs/include/px4_msgs/px4_msgs/msg/detail/gps_dump__rosidl_typesupport_introspection_c.h\n'}
[18.660051] (-) TimerEvent: {}
[18.660290] (px4_msgs) StdoutLine: {'line': b'-- Up-to-date: /home/subhalaxmi/nidar_ws/install/px4_msgs/include/px4_msgs/px4_msgs/msg/detail/orb_test_large__rosidl_typesupport_introspection_c.h\n'}
[18.660563] (px4_msgs) StdoutLine: {'line': b'-- Up-to-date: /home/subhalaxmi/nidar_ws/install/px4_msgs/include/px4_msgs/px4_msgs/msg/detail/mavlink_log__type_support.c\n'}
[18.660765] (px4_msgs) StdoutLine: {'line': b'-- Up-to-date: /home/subhalaxmi/nidar_ws/install/px4_msgs/include/px4_msgs/px4_msgs/msg/detail/lateral_control_configuration__type_support.c\n'}
[18.660983] (px4_msgs) StdoutLine: {'line': b'-- Up-to-date: /home/subhalaxmi/nidar_ws/install/px4_msgs/include/px4_msgs/px4_msgs/msg/detail/longitudinal_control_configuration__rosidl_typesupport_introspection_c.h\n'}
[18.661261] (px4_msgs) StdoutLine: {'line': b'-- Up-to-date: /home/subhalaxmi/nidar_ws/install/px4_msgs/include/px4_msgs/px4_msgs/msg/detail/gpio_in__rosidl_typesupport_introspection_c.h\n'}
[18.661525] (px4_msgs) StdoutLine: {'line': b'-- Up-to-date: /home/subhalaxmi/nidar_ws/install/px4_msgs/include/px4_msgs/px4_msgs/srv\n'}
[18.661831] (px4_msgs) StdoutLine: {'line': b'-- Up-to-date: /home/subhalaxmi/nidar_ws/install/px4_msgs/include/px4_msgs/px4_msgs/srv/detail\n'}
[18.662037] (px4_msgs) StdoutLine: {'line': b'-- Up-to-date: /home/subhalaxmi/nidar_ws/install/px4_msgs/include/px4_msgs/px4_msgs/srv/detail/vehicle_command__type_support.c\n'}
[18.662357] (px4_msgs) StdoutLine: {'line': b'-- Up-to-date: /home/subhalaxmi/nidar_ws/install/px4_msgs/include/px4_msgs/px4_msgs/srv/detail/vehicle_command__rosidl_typesupport_introspection_c.h\n'}
[18.662565] (px4_msgs) StdoutLine: {'line': b'-- Up-to-date: /home/subhalaxmi/nidar_ws/install/px4_msgs/lib/libpx4_msgs__rosidl_typesupport_introspection_c.so\n'}
[18.662803] (px4_msgs) StdoutLine: {'line': b'-- Up-to-date: /home/subhalaxmi/nidar_ws/install/px4_msgs/lib/libpx4_msgs__rosidl_typesupport_c.so\n'}
[18.663021] (px4_msgs) StdoutLine: {'line': b'-- Up-to-date: /home/subhalaxmi/nidar_ws/install/px4_msgs/include/px4_msgs/px4_msgs\n'}
[18.663325] (px4_msgs) StdoutLine: {'line': b'-- Up-to-date: /home/subhalaxmi/nidar_ws/install/px4_msgs/include/px4_msgs/px4_msgs/msg\n'}
[18.663530] (px4_msgs) StdoutLine: {'line': b'-- Up-to-date: /home/subhalaxmi/nidar_ws/install/px4_msgs/include/px4_msgs/px4_msgs/msg/detail\n'}
[18.663720] (px4_msgs) StdoutLine: {'line': b'-- Up-to-date: /home/subhalaxmi/nidar_ws/install/px4_msgs/include/px4_msgs/px4_msgs/msg/detail/rover_position_setpoint__rosidl_typesupport_introspection_cpp.hpp\n'}
[18.663913] (px4_msgs) StdoutLine: {'line': b'-- Up-to-date: /home/subhalaxmi/nidar_ws/install/px4_msgs/include/px4_msgs/px4_msgs/msg/detail/estimator_status_flags__type_support.cpp\n'}
[18.666101] (px4_msgs) StdoutLine: {'line': b'-- Up-to-date: /home/subhalaxmi/nidar_ws/install/px4_msgs/include/px4_msgs/px4_msgs/msg/detail/battery_info__rosidl_typesupport_introspection_cpp.hpp\n'}
[18.666402] (px4_msgs) StdoutLine: {'line': b'-- Up-to-date: /home/subhalaxmi/nidar_ws/install/px4_msgs/include/px4_msgs/px4_msgs/msg/detail/dronecan_node_status__rosidl_typesupport_introspection_cpp.hpp\n'}
[18.666608] (px4_msgs) StdoutLine: {'line': b'-- Up-to-date: /home/subhalaxmi/nidar_ws/install/px4_msgs/include/px4_msgs/px4_msgs/msg/detail/gpio_config__rosidl_typesupport_introspection_cpp.hpp\n'}
[18.666803] (px4_msgs) StdoutLine: {'line': b'-- Up-to-date: /home/subhalaxmi/nidar_ws/install/px4_msgs/include/px4_msgs/px4_msgs/msg/detail/control_allocator_status__type_support.cpp\n'}
[18.666987] (px4_msgs) StdoutLine: {'line': b'-- Up-to-date: /home/subhalaxmi/nidar_ws/install/px4_msgs/include/px4_msgs/px4_msgs/msg/detail/vehicle_local_position_setpoint__rosidl_typesupport_introspection_cpp.hpp\n'}
[18.667224] (px4_msgs) StdoutLine: {'line': b'-- Up-to-date: /home/subhalaxmi/nidar_ws/install/px4_msgs/include/px4_msgs/px4_msgs/msg/detail/landing_gear__rosidl_typesupport_introspection_cpp.hpp\n'}
[18.668319] (px4_msgs) StdoutLine: {'line': b'-- Up-to-date: /home/subhalaxmi/nidar_ws/install/px4_msgs/include/px4_msgs/px4_msgs/msg/detail/arming_check_request__type_support.cpp\n'}
[18.668579] (px4_msgs) StdoutLine: {'line': b'-- Up-to-date: /home/subhalaxmi/nidar_ws/install/px4_msgs/include/px4_msgs/px4_msgs/msg/detail/power_button_state__rosidl_typesupport_introspection_cpp.hpp\n'}
[18.668857] (px4_msgs) StdoutLine: {'line': b'-- Up-to-date: /home/subhalaxmi/nidar_ws/install/px4_msgs/include/px4_msgs/px4_msgs/msg/detail/log_message__type_support.cpp\n'}
[18.669769] (px4_msgs) StdoutLine: {'line': b'-- Up-to-date: /home/subhalaxmi/nidar_ws/install/px4_msgs/include/px4_msgs/px4_msgs/msg/detail/pwm_input__rosidl_typesupport_introspection_cpp.hpp\n'}
[18.670123] (px4_msgs) StdoutLine: {'line': b'-- Up-to-date: /home/subhalaxmi/nidar_ws/install/px4_msgs/include/px4_msgs/px4_msgs/msg/detail/fixed_wing_runway_control__type_support.cpp\n'}
[18.671540] (px4_msgs) StdoutLine: {'line': b'-- Up-to-date: /home/subhalaxmi/nidar_ws/install/px4_msgs/include/px4_msgs/px4_msgs/msg/detail/open_drone_id_self_id__type_support.cpp\n'}
[18.671771] (px4_msgs) StdoutLine: {'line': b'-- Up-to-date: /home/subhalaxmi/nidar_ws/install/px4_msgs/include/px4_msgs/px4_msgs/msg/detail/hover_thrust_estimate__type_support.cpp\n'}
[18.671985] (px4_msgs) StdoutLine: {'line': b'-- Up-to-date: /home/subhalaxmi/nidar_ws/install/px4_msgs/include/px4_msgs/px4_msgs/msg/detail/register_ext_component_request__rosidl_typesupport_introspection_cpp.hpp\n'}
[18.672240] (px4_msgs) StdoutLine: {'line': b'-- Up-to-date: /home/subhalaxmi/nidar_ws/install/px4_msgs/include/px4_msgs/px4_msgs/msg/detail/vehicle_angular_velocity__type_support.cpp\n'}
[18.672471] (px4_msgs) StdoutLine: {'line': b'-- Up-to-date: /home/subhalaxmi/nidar_ws/install/px4_msgs/include/px4_msgs/px4_msgs/msg/detail/fixed_wing_lateral_guidance_status__type_support.cpp\n'}
[18.672669] (px4_msgs) StdoutLine: {'line': b'-- Up-to-date: /home/subhalaxmi/nidar_ws/install/px4_msgs/include/px4_msgs/px4_msgs/msg/detail/landing_gear_wheel__rosidl_typesupport_introspection_cpp.hpp\n'}
[18.672858] (px4_msgs) StdoutLine: {'line': b'-- Up-to-date: /home/subhalaxmi/nidar_ws/install/px4_msgs/include/px4_msgs/px4_msgs/msg/detail/adc_report__type_support.cpp\n'}
[18.674880] (px4_msgs) StdoutLine: {'line': b'-- Up-to-date: /home/subhalaxmi/nidar_ws/install/px4_msgs/include/px4_msgs/px4_msgs/msg/detail/timesync_status__type_support.cpp\n'}
[18.675313] (px4_msgs) StdoutLine: {'line': b'-- Up-to-date: /home/subhalaxmi/nidar_ws/install/px4_msgs/include/px4_msgs/px4_msgs/msg/detail/timesync_status__rosidl_typesupport_introspection_cpp.hpp\n'}
[18.675534] (px4_msgs) StdoutLine: {'line': b'-- Up-to-date: /home/subhalaxmi/nidar_ws/install/px4_msgs/include/px4_msgs/px4_msgs/msg/detail/estimator_aid_source2d__rosidl_typesupport_introspection_cpp.hpp\n'}
[18.675753] (px4_msgs) StdoutLine: {'line': b'-- Up-to-date: /home/subhalaxmi/nidar_ws/install/px4_msgs/include/px4_msgs/px4_msgs/msg/detail/rover_rate_setpoint__rosidl_typesupport_introspection_cpp.hpp\n'}
[18.675956] (px4_msgs) StdoutLine: {'line': b'-- Up-to-date: /home/subhalaxmi/nidar_ws/install/px4_msgs/include/px4_msgs/px4_msgs/msg/detail/figure_eight_status__type_support.cpp\n'}
[18.676188] (px4_msgs) StdoutLine: {'line': b'-- Up-to-date: /home/subhalaxmi/nidar_ws/install/px4_msgs/include/px4_msgs/px4_msgs/msg/detail/sensors_status__type_support.cpp\n'}
[18.676428] (px4_msgs) StdoutLine: {'line': b'-- Up-to-date: /home/subhalaxmi/nidar_ws/install/px4_msgs/include/px4_msgs/px4_msgs/msg/detail/distance_sensor_mode_change_request__type_support.cpp\n'}
[18.676623] (px4_msgs) StdoutLine: {'line': b'-- Up-to-date: /home/subhalaxmi/nidar_ws/install/px4_msgs/include/px4_msgs/px4_msgs/msg/detail/camera_capture__rosidl_typesupport_introspection_cpp.hpp\n'}
[18.676812] (px4_msgs) StdoutLine: {'line': b'-- Up-to-date: /home/subhalaxmi/nidar_ws/install/px4_msgs/include/px4_msgs/px4_msgs/msg/detail/estimator_innovations__type_support.cpp\n'}
[18.677032] (px4_msgs) StdoutLine: {'line': b'-- Up-to-date: /home/subhalaxmi/nidar_ws/install/px4_msgs/include/px4_msgs/px4_msgs/msg/detail/rover_throttle_setpoint__rosidl_typesupport_introspection_cpp.hpp\n'}
[18.677403] (px4_msgs) StdoutLine: {'line': b'-- Up-to-date: /home/subhalaxmi/nidar_ws/install/px4_msgs/include/px4_msgs/px4_msgs/msg/detail/follow_target_estimator__rosidl_typesupport_introspection_cpp.hpp\n'}
[18.677700] (px4_msgs) StdoutLine: {'line': b'-- Up-to-date: /home/subhalaxmi/nidar_ws/install/px4_msgs/include/px4_msgs/px4_msgs/msg/detail/vehicle_status__type_support.cpp\n'}
[18.677898] (px4_msgs) StdoutLine: {'line': b'-- Up-to-date: /home/subhalaxmi/nidar_ws/install/px4_msgs/include/px4_msgs/px4_msgs/msg/detail/home_position__rosidl_typesupport_introspection_cpp.hpp\n'}
[18.678097] (px4_msgs) StdoutLine: {'line': b'-- Up-to-date: /home/subhalaxmi/nidar_ws/install/px4_msgs/include/px4_msgs/px4_msgs/msg/detail/device_information__rosidl_typesupport_introspection_cpp.hpp\n'}
[18.678400] (px4_msgs) StdoutLine: {'line': b'-- Up-to-date: /home/subhalaxmi/nidar_ws/install/px4_msgs/include/px4_msgs/px4_msgs/msg/detail/rover_speed_status__type_support.cpp\n'}
[18.678704] (px4_msgs) StdoutLine: {'line': b'-- Up-to-date: /home/subhalaxmi/nidar_ws/install/px4_msgs/include/px4_msgs/px4_msgs/msg/detail/open_drone_id_arm_status__type_support.cpp\n'}
[18.678908] (px4_msgs) StdoutLine: {'line': b'-- Up-to-date: /home/subhalaxmi/nidar_ws/install/px4_msgs/include/px4_msgs/px4_msgs/msg/detail/sensor_correction__rosidl_typesupport_introspection_cpp.hpp\n'}
[18.679133] (px4_msgs) StdoutLine: {'line': b'-- Up-to-date: /home/subhalaxmi/nidar_ws/install/px4_msgs/include/px4_msgs/px4_msgs/msg/detail/input_rc__rosidl_typesupport_introspection_cpp.hpp\n'}
[18.679358] (px4_msgs) StdoutLine: {'line': b'-- Up-to-date: /home/subhalaxmi/nidar_ws/install/px4_msgs/include/px4_msgs/px4_msgs/msg/detail/gimbal_device_attitude_status__rosidl_typesupport_introspection_cpp.hpp\n'}
[18.679602] (px4_msgs) StdoutLine: {'line': b'-- Up-to-date: /home/subhalaxmi/nidar_ws/install/px4_msgs/include/px4_msgs/px4_msgs/msg/detail/message_format_response__rosidl_typesupport_introspection_cpp.hpp\n'}
[18.679889] (px4_msgs) StdoutLine: {'line': b'-- Up-to-date: /home/subhalaxmi/nidar_ws/install/px4_msgs/include/px4_msgs/px4_msgs/msg/detail/follow_target__rosidl_typesupport_introspection_cpp.hpp\n'}
[18.680099] (px4_msgs) StdoutLine: {'line': b'-- Up-to-date: /home/subhalaxmi/nidar_ws/install/px4_msgs/include/px4_msgs/px4_msgs/msg/detail/ping__type_support.cpp\n'}
[18.680601] (px4_msgs) StdoutLine: {'line': b'-- Up-to-date: /home/subhalaxmi/nidar_ws/install/px4_msgs/include/px4_msgs/px4_msgs/msg/detail/obstacle_distance__type_support.cpp\n'}
[18.680813] (px4_msgs) StdoutLine: {'line': b'-- Up-to-date: /home/subhalaxmi/nidar_ws/install/px4_msgs/include/px4_msgs/px4_msgs/msg/detail/radio_status__type_support.cpp\n'}
[18.681823] (px4_msgs) StdoutLine: {'line': b'-- Up-to-date: /home/subhalaxmi/nidar_ws/install/px4_msgs/include/px4_msgs/px4_msgs/msg/detail/flight_phase_estimation__type_support.cpp\n'}
[18.682167] (px4_msgs) StdoutLine: {'line': b'-- Up-to-date: /home/subhalaxmi/nidar_ws/install/px4_msgs/include/px4_msgs/px4_msgs/msg/detail/cellular_status__rosidl_typesupport_introspection_cpp.hpp\n'}
[18.682401] (px4_msgs) StdoutLine: {'line': b'-- Up-to-date: /home/subhalaxmi/nidar_ws/install/px4_msgs/include/px4_msgs/px4_msgs/msg/detail/rtl_time_estimate__type_support.cpp\n'}
[18.682598] (px4_msgs) StdoutLine: {'line': b'-- Up-to-date: /home/subhalaxmi/nidar_ws/install/px4_msgs/include/px4_msgs/px4_msgs/msg/detail/gpio_request__rosidl_typesupport_introspection_cpp.hpp\n'}
[18.683982] (px4_msgs) StdoutLine: {'line': b'-- Up-to-date: /home/subhalaxmi/nidar_ws/install/px4_msgs/include/px4_msgs/px4_msgs/msg/detail/geofence_result__type_support.cpp\n'}
[18.684273] (px4_msgs) StdoutLine: {'line': b'-- Up-to-date: /home/subhalaxmi/nidar_ws/install/px4_msgs/include/px4_msgs/px4_msgs/msg/detail/launch_detection_status__type_support.cpp\n'}
[18.684651] (px4_msgs) StdoutLine: {'line': b'-- Up-to-date: /home/subhalaxmi/nidar_ws/install/px4_msgs/include/px4_msgs/px4_msgs/msg/detail/vehicle_imu_status__rosidl_typesupport_introspection_cpp.hpp\n'}
[18.684948] (px4_msgs) StdoutLine: {'line': b'-- Up-to-date: /home/subhalaxmi/nidar_ws/install/px4_msgs/include/px4_msgs/px4_msgs/msg/detail/led_control__rosidl_typesupport_introspection_cpp.hpp\n'}
[18.685177] (px4_msgs) StdoutLine: {'line': b'-- Up-to-date: /home/subhalaxmi/nidar_ws/install/px4_msgs/include/px4_msgs/px4_msgs/msg/detail/fuel_tank_status__rosidl_typesupport_introspection_cpp.hpp\n'}
[18.685403] (px4_msgs) StdoutLine: {'line': b'-- Up-to-date: /home/subhalaxmi/nidar_ws/install/px4_msgs/include/px4_msgs/px4_msgs/msg/detail/cpuload__type_support.cpp\n'}
[18.685596] (px4_msgs) StdoutLine: {'line': b'-- Up-to-date: /home/subhalaxmi/nidar_ws/install/px4_msgs/include/px4_msgs/px4_msgs/msg/detail/gimbal_manager_information__type_support.cpp\n'}
[18.686183] (px4_msgs) StdoutLine: {'line': b'-- Up-to-date: /home/subhalaxmi/nidar_ws/install/px4_msgs/include/px4_msgs/px4_msgs/msg/detail/power_button_state__type_support.cpp\n'}
[18.686452] (px4_msgs) StdoutLine: {'line': b'-- Up-to-date: /home/subhalaxmi/nidar_ws/install/px4_msgs/include/px4_msgs/px4_msgs/msg/detail/follow_target_status__type_support.cpp\n'}
[18.688468] (px4_msgs) StdoutLine: {'line': b'-- Up-to-date: /home/subhalaxmi/nidar_ws/install/px4_msgs/include/px4_msgs/px4_msgs/msg/detail/parameter_set_value_request__type_support.cpp\n'}
[18.690147] (px4_msgs) StdoutLine: {'line': b'-- Up-to-date: /home/subhalaxmi/nidar_ws/install/px4_msgs/include/px4_msgs/px4_msgs/msg/detail/vehicle_attitude__rosidl_typesupport_introspection_cpp.hpp\n'}
[18.690536] (px4_msgs) StdoutLine: {'line': b'-- Up-to-date: /home/subhalaxmi/nidar_ws/install/px4_msgs/include/px4_msgs/px4_msgs/msg/detail/internal_combustion_engine_status__type_support.cpp\n'}
[18.691579] (px4_msgs) StdoutLine: {'line': b'-- Up-to-date: /home/subhalaxmi/nidar_ws/install/px4_msgs/include/px4_msgs/px4_msgs/msg/detail/sensor_optical_flow__rosidl_typesupport_introspection_cpp.hpp\n'}
[18.693821] (px4_msgs) StdoutLine: {'line': b'-- Up-to-date: /home/subhalaxmi/nidar_ws/install/px4_msgs/include/px4_msgs/px4_msgs/msg/detail/transponder_report__type_support.cpp\n'}
[18.697214] (px4_msgs) StdoutLine: {'line': b'-- Up-to-date: /home/subhalaxmi/nidar_ws/install/px4_msgs/include/px4_msgs/px4_msgs/msg/detail/vehicle_air_data__rosidl_typesupport_introspection_cpp.hpp\n'}
[18.698874] (px4_msgs) StdoutLine: {'line': b'-- Up-to-date: /home/subhalaxmi/nidar_ws/install/px4_msgs/include/px4_msgs/px4_msgs/msg/detail/open_drone_id_operator_id__type_support.cpp\n'}
[18.699210] (px4_msgs) StdoutLine: {'line': b'-- Up-to-date: /home/subhalaxmi/nidar_ws/install/px4_msgs/include/px4_msgs/px4_msgs/msg/detail/mavlink_log__rosidl_typesupport_introspection_cpp.hpp\n'}
[18.699569] (px4_msgs) StdoutLine: {'line': b'-- Up-to-date: /home/subhalaxmi/nidar_ws/install/px4_msgs/include/px4_msgs/px4_msgs/msg/detail/pure_pursuit_status__rosidl_typesupport_introspection_cpp.hpp\n'}
[18.699794] (px4_msgs) StdoutLine: {'line': b'-- Up-to-date: /home/subhalaxmi/nidar_ws/install/px4_msgs/include/px4_msgs/px4_msgs/msg/detail/gimbal_manager_information__rosidl_typesupport_introspection_cpp.hpp\n'}
[18.700465] (px4_msgs) StdoutLine: {'line': b'-- Up-to-date: /home/subhalaxmi/nidar_ws/install/px4_msgs/include/px4_msgs/px4_msgs/msg/detail/estimator_selector_status__rosidl_typesupport_introspection_cpp.hpp\n'}
[18.703161] (px4_msgs) StdoutLine: {'line': b'-- Up-to-date: /home/subhalaxmi/nidar_ws/install/px4_msgs/include/px4_msgs/px4_msgs/msg/detail/open_drone_id_operator_id__rosidl_typesupport_introspection_cpp.hpp\n'}
[18.704120] (px4_msgs) StdoutLine: {'line': b'-- Up-to-date: /home/subhalaxmi/nidar_ws/install/px4_msgs/include/px4_msgs/px4_msgs/msg/detail/tecs_status__type_support.cpp\n'}
[18.704365] (px4_msgs) StdoutLine: {'line': b'-- Up-to-date: /home/subhalaxmi/nidar_ws/install/px4_msgs/include/px4_msgs/px4_msgs/msg/detail/velocity_limits__rosidl_typesupport_introspection_cpp.hpp\n'}
[18.704566] (px4_msgs) StdoutLine: {'line': b'-- Up-to-date: /home/subhalaxmi/nidar_ws/install/px4_msgs/include/px4_msgs/px4_msgs/msg/detail/rpm__rosidl_typesupport_introspection_cpp.hpp\n'}
[18.705008] (px4_msgs) StdoutLine: {'line': b'-- Up-to-date: /home/subhalaxmi/nidar_ws/install/px4_msgs/include/px4_msgs/px4_msgs/msg/detail/sensor_gnss_status__rosidl_typesupport_introspection_cpp.hpp\n'}
[18.705368] (px4_msgs) StdoutLine: {'line': b'-- Up-to-date: /home/subhalaxmi/nidar_ws/install/px4_msgs/include/px4_msgs/px4_msgs/msg/detail/debug_value__rosidl_typesupport_introspection_cpp.hpp\n'}
[18.705569] (px4_msgs) StdoutLine: {'line': b'-- Up-to-date: /home/subhalaxmi/nidar_ws/install/px4_msgs/include/px4_msgs/px4_msgs/msg/detail/vehicle_odometry__type_support.cpp\n'}
[18.705765] (px4_msgs) StdoutLine: {'line': b'-- Up-to-date: /home/subhalaxmi/nidar_ws/install/px4_msgs/include/px4_msgs/px4_msgs/msg/detail/follow_target__type_support.cpp\n'}
[18.706002] (px4_msgs) StdoutLine: {'line': b'-- Up-to-date: /home/subhalaxmi/nidar_ws/install/px4_msgs/include/px4_msgs/px4_msgs/msg/detail/vtx__rosidl_typesupport_introspection_cpp.hpp\n'}
[18.706243] (px4_msgs) StdoutLine: {'line': b'-- Up-to-date: /home/subhalaxmi/nidar_ws/install/px4_msgs/include/px4_msgs/px4_msgs/msg/detail/mission__type_support.cpp\n'}
[18.706464] (px4_msgs) StdoutLine: {'line': b'-- Up-to-date: /home/subhalaxmi/nidar_ws/install/px4_msgs/include/px4_msgs/px4_msgs/msg/detail/manual_control_switches__rosidl_typesupport_introspection_cpp.hpp\n'}
[18.706669] (px4_msgs) StdoutLine: {'line': b'-- Up-to-date: /home/subhalaxmi/nidar_ws/install/px4_msgs/include/px4_msgs/px4_msgs/msg/detail/pps_capture__rosidl_typesupport_introspection_cpp.hpp\n'}
[18.706965] (px4_msgs) StdoutLine: {'line': b'-- Up-to-date: /home/subhalaxmi/nidar_ws/install/px4_msgs/include/px4_msgs/px4_msgs/msg/detail/rover_steering_setpoint__type_support.cpp\n'}
[18.707317] (px4_msgs) StdoutLine: {'line': b'-- Up-to-date: /home/subhalaxmi/nidar_ws/install/px4_msgs/include/px4_msgs/px4_msgs/msg/detail/orb_test_large__type_support.cpp\n'}
[18.707776] (px4_msgs) StdoutLine: {'line': b'-- Up-to-date: /home/subhalaxmi/nidar_ws/install/px4_msgs/include/px4_msgs/px4_msgs/msg/detail/task_stack_info__type_support.cpp\n'}
[18.708032] (px4_msgs) StdoutLine: {'line': b'-- Up-to-date: /home/subhalaxmi/nidar_ws/install/px4_msgs/include/px4_msgs/px4_msgs/msg/detail/mavlink_tunnel__rosidl_typesupport_introspection_cpp.hpp\n'}
[18.709322] (px4_msgs) StdoutLine: {'line': b'-- Up-to-date: /home/subhalaxmi/nidar_ws/install/px4_msgs/include/px4_msgs/px4_msgs/msg/detail/mode_completed__rosidl_typesupport_introspection_cpp.hpp\n'}
[18.709701] (px4_msgs) StdoutLine: {'line': b'-- Up-to-date: /home/subhalaxmi/nidar_ws/install/px4_msgs/include/px4_msgs/px4_msgs/msg/detail/sensor_gnss_relative__type_support.cpp\n'}
[18.709912] (px4_msgs) StdoutLine: {'line': b'-- Up-to-date: /home/subhalaxmi/nidar_ws/install/px4_msgs/include/px4_msgs/px4_msgs/msg/detail/gain_compression__type_support.cpp\n'}
[18.710093] (px4_msgs) StdoutLine: {'line': b'-- Up-to-date: /home/subhalaxmi/nidar_ws/install/px4_msgs/include/px4_msgs/px4_msgs/msg/detail/autotune_attitude_control_status__rosidl_typesupport_introspection_cpp.hpp\n'}
[18.710317] (px4_msgs) StdoutLine: {'line': b'-- Up-to-date: /home/subhalaxmi/nidar_ws/install/px4_msgs/include/px4_msgs/px4_msgs/msg/detail/logger_status__type_support.cpp\n'}
[18.710509] (px4_msgs) StdoutLine: {'line': b'-- Up-to-date: /home/subhalaxmi/nidar_ws/install/px4_msgs/include/px4_msgs/px4_msgs/msg/detail/raptor_input__rosidl_typesupport_introspection_cpp.hpp\n'}
[18.710695] (px4_msgs) StdoutLine: {'line': b'-- Up-to-date: /home/subhalaxmi/nidar_ws/install/px4_msgs/include/px4_msgs/px4_msgs/msg/detail/message_format_request__type_support.cpp\n'}
[18.710877] (px4_msgs) StdoutLine: {'line': b'-- Up-to-date: /home/subhalaxmi/nidar_ws/install/px4_msgs/include/px4_msgs/px4_msgs/msg/detail/rover_attitude_status__rosidl_typesupport_introspection_cpp.hpp\n'}
[18.711056] (px4_msgs) StdoutLine: {'line': b'-- Up-to-date: /home/subhalaxmi/nidar_ws/install/px4_msgs/include/px4_msgs/px4_msgs/msg/detail/geofence_result__rosidl_typesupport_introspection_cpp.hpp\n'}
[18.711254] (px4_msgs) StdoutLine: {'line': b'-- Up-to-date: /home/subhalaxmi/nidar_ws/install/px4_msgs/include/px4_msgs/px4_msgs/msg/detail/orb_test_large__rosidl_typesupport_introspection_cpp.hpp\n'}
[18.711448] (px4_msgs) StdoutLine: {'line': b'-- Up-to-date: /home/subhalaxmi/nidar_ws/install/px4_msgs/include/px4_msgs/px4_msgs/msg/detail/mission_result__rosidl_typesupport_introspection_cpp.hpp\n'}
[18.711619] (px4_msgs) StdoutLine: {'line': b'-- Up-to-date: /home/subhalaxmi/nidar_ws/install/px4_msgs/include/px4_msgs/px4_msgs/msg/detail/vehicle_global_position__type_support.cpp\n'}
[18.711795] (px4_msgs) StdoutLine: {'line': b'-- Up-to-date: /home/subhalaxmi/nidar_ws/install/px4_msgs/include/px4_msgs/px4_msgs/msg/detail/vehicle_control_mode__rosidl_typesupport_introspection_cpp.hpp\n'}
[18.712378] (px4_msgs) StdoutLine: {'line': b'-- Up-to-date: /home/subhalaxmi/nidar_ws/install/px4_msgs/include/px4_msgs/px4_msgs/msg/detail/health_report__rosidl_typesupport_introspection_cpp.hpp\n'}
[18.713127] (px4_msgs) StdoutLine: {'line': b'-- Up-to-date: /home/subhalaxmi/nidar_ws/install/px4_msgs/include/px4_msgs/px4_msgs/msg/detail/gimbal_manager_set_attitude__type_support.cpp\n'}
[18.713724] (px4_msgs) StdoutLine: {'line': b'-- Up-to-date: /home/subhalaxmi/nidar_ws/install/px4_msgs/include/px4_msgs/px4_msgs/msg/detail/gpio_out__type_support.cpp\n'}
[18.713928] (px4_msgs) StdoutLine: {'line': b'-- Up-to-date: /home/subhalaxmi/nidar_ws/install/px4_msgs/include/px4_msgs/px4_msgs/msg/detail/uavcan_parameter_value__rosidl_typesupport_introspection_cpp.hpp\n'}
[18.714854] (px4_msgs) StdoutLine: {'line': b'-- Up-to-date: /home/subhalaxmi/nidar_ws/install/px4_msgs/include/px4_msgs/px4_msgs/msg/detail/wind__rosidl_typesupport_introspection_cpp.hpp\n'}
[18.716319] (px4_msgs) StdoutLine: {'line': b'-- Up-to-date: /home/subhalaxmi/nidar_ws/install/px4_msgs/include/px4_msgs/px4_msgs/msg/detail/satellite_info__type_support.cpp\n'}
[18.716757] (px4_msgs) StdoutLine: {'line': b'-- Up-to-date: /home/subhalaxmi/nidar_ws/install/px4_msgs/include/px4_msgs/px4_msgs/msg/detail/wheel_encoders__rosidl_typesupport_introspection_cpp.hpp\n'}
[18.718488] (px4_msgs) StdoutLine: {'line': b'-- Up-to-date: /home/subhalaxmi/nidar_ws/install/px4_msgs/include/px4_msgs/px4_msgs/msg/detail/sensor_gyro_fft__type_support.cpp\n'}
[18.720016] (px4_msgs) StdoutLine: {'line': b'-- Up-to-date: /home/subhalaxmi/nidar_ws/install/px4_msgs/include/px4_msgs/px4_msgs/msg/detail/internal_combustion_engine_status__rosidl_typesupport_introspection_cpp.hpp\n'}
[18.723270] (px4_msgs) StdoutLine: {'line': b'-- Up-to-date: /home/subhalaxmi/nidar_ws/install/px4_msgs/include/px4_msgs/px4_msgs/msg/detail/actuator_servos__type_support.cpp\n'}
[18.723909] (px4_msgs) StdoutLine: {'line': b'-- Up-to-date: /home/subhalaxmi/nidar_ws/install/px4_msgs/include/px4_msgs/px4_msgs/msg/detail/sensor_uwb__rosidl_typesupport_introspection_cpp.hpp\n'}
[18.725223] (px4_msgs) StdoutLine: {'line': b'-- Up-to-date: /home/subhalaxmi/nidar_ws/install/px4_msgs/include/px4_msgs/px4_msgs/msg/detail/gpio_in__type_support.cpp\n'}
[18.726392] (px4_msgs) StdoutLine: {'line': b'-- Up-to-date: /home/subhalaxmi/nidar_ws/install/px4_msgs/include/px4_msgs/px4_msgs/msg/detail/sensor_accel__type_support.cpp\n'}
[18.726810] (px4_msgs) StdoutLine: {'line': b'-- Up-to-date: /home/subhalaxmi/nidar_ws/install/px4_msgs/include/px4_msgs/px4_msgs/msg/detail/parameter_reset_request__rosidl_typesupport_introspection_cpp.hpp\n'}
[18.729422] (px4_msgs) StdoutLine: {'line': b'-- Up-to-date: /home/subhalaxmi/nidar_ws/install/px4_msgs/include/px4_msgs/px4_msgs/msg/detail/normalized_unsigned_setpoint__type_support.cpp\n'}
[18.729921] (px4_msgs) StdoutLine: {'line': b'-- Up-to-date: /home/subhalaxmi/nidar_ws/install/px4_msgs/include/px4_msgs/px4_msgs/msg/detail/satellite_info__rosidl_typesupport_introspection_cpp.hpp\n'}
[18.730143] (px4_msgs) StdoutLine: {'line': b'-- Up-to-date: /home/subhalaxmi/nidar_ws/install/px4_msgs/include/px4_msgs/px4_msgs/msg/detail/wheel_encoders__type_support.cpp\n'}
[18.730361] (px4_msgs) StdoutLine: {'line': b'-- Up-to-date: /home/subhalaxmi/nidar_ws/install/px4_msgs/include/px4_msgs/px4_msgs/msg/detail/button_event__rosidl_typesupport_introspection_cpp.hpp\n'}
[18.730948] (px4_msgs) StdoutLine: {'line': b'-- Up-to-date: /home/subhalaxmi/nidar_ws/install/px4_msgs/include/px4_msgs/px4_msgs/msg/detail/vehicle_rates_setpoint__rosidl_typesupport_introspection_cpp.hpp\n'}
[18.731383] (px4_msgs) StdoutLine: {'line': b'-- Up-to-date: /home/subhalaxmi/nidar_ws/install/px4_msgs/include/px4_msgs/px4_msgs/msg/detail/qshell_req__rosidl_typesupport_introspection_cpp.hpp\n'}
[18.731625] (px4_msgs) StdoutLine: {'line': b'-- Up-to-date: /home/subhalaxmi/nidar_ws/install/px4_msgs/include/px4_msgs/px4_msgs/msg/detail/gain_compression__rosidl_typesupport_introspection_cpp.hpp\n'}
[18.731819] (px4_msgs) StdoutLine: {'line': b'-- Up-to-date: /home/subhalaxmi/nidar_ws/install/px4_msgs/include/px4_msgs/px4_msgs/msg/detail/airspeed__type_support.cpp\n'}
[18.732012] (px4_msgs) StdoutLine: {'line': b'-- Up-to-date: /home/subhalaxmi/nidar_ws/install/px4_msgs/include/px4_msgs/px4_msgs/msg/detail/vehicle_land_detected__rosidl_typesupport_introspection_cpp.hpp\n'}
[18.732234] (px4_msgs) StdoutLine: {'line': b'-- Up-to-date: /home/subhalaxmi/nidar_ws/install/px4_msgs/include/px4_msgs/px4_msgs/msg/detail/raptor_input__type_support.cpp\n'}
[18.732436] (px4_msgs) StdoutLine: {'line': b'-- Up-to-date: /home/subhalaxmi/nidar_ws/install/px4_msgs/include/px4_msgs/px4_msgs/msg/detail/actuator_test__type_support.cpp\n'}
[18.732649] (px4_msgs) StdoutLine: {'line': b'-- Up-to-date: /home/subhalaxmi/nidar_ws/install/px4_msgs/include/px4_msgs/px4_msgs/msg/detail/yaw_estimator_status__rosidl_typesupport_introspection_cpp.hpp\n'}
[18.732861] (px4_msgs) StdoutLine: {'line': b'-- Up-to-date: /home/subhalaxmi/nidar_ws/install/px4_msgs/include/px4_msgs/px4_msgs/msg/detail/gimbal_device_set_attitude__type_support.cpp\n'}
[18.733145] (px4_msgs) StdoutLine: {'line': b'-- Up-to-date: /home/subhalaxmi/nidar_ws/install/px4_msgs/include/px4_msgs/px4_msgs/msg/detail/vehicle_land_detected__type_support.cpp\n'}
[18.733429] (px4_msgs) StdoutLine: {'line': b'-- Up-to-date: /home/subhalaxmi/nidar_ws/install/px4_msgs/include/px4_msgs/px4_msgs/msg/detail/dataman_request__rosidl_typesupport_introspection_cpp.hpp\n'}
[18.733915] (px4_msgs) StdoutLine: {'line': b'-- Up-to-date: /home/subhalaxmi/nidar_ws/install/px4_msgs/include/px4_msgs/px4_msgs/msg/detail/airspeed_validated__rosidl_typesupport_introspection_cpp.hpp\n'}
[18.734131] (px4_msgs) StdoutLine: {'line': b'-- Up-to-date: /home/subhalaxmi/nidar_ws/install/px4_msgs/include/px4_msgs/px4_msgs/msg/detail/sensor_airflow__type_support.cpp\n'}
[18.734333] (px4_msgs) StdoutLine: {'line': b'-- Up-to-date: /home/subhalaxmi/nidar_ws/install/px4_msgs/include/px4_msgs/px4_msgs/msg/detail/sensor_selection__type_support.cpp\n'}
[18.734530] (px4_msgs) StdoutLine: {'line': b'-- Up-to-date: /home/subhalaxmi/nidar_ws/install/px4_msgs/include/px4_msgs/px4_msgs/msg/detail/landing_gear_wheel__type_support.cpp\n'}
[18.734724] (px4_msgs) StdoutLine: {'line': b'-- Up-to-date: /home/subhalaxmi/nidar_ws/install/px4_msgs/include/px4_msgs/px4_msgs/msg/detail/vehicle_imu_status__type_support.cpp\n'}
[18.734913] (px4_msgs) StdoutLine: {'line': b'-- Up-to-date: /home/subhalaxmi/nidar_ws/install/px4_msgs/include/px4_msgs/px4_msgs/msg/detail/actuator_servos_trim__rosidl_typesupport_introspection_cpp.hpp\n'}
[18.735135] (px4_msgs) StdoutLine: {'line': b'-- Up-to-date: /home/subhalaxmi/nidar_ws/install/px4_msgs/include/px4_msgs/px4_msgs/msg/detail/gripper__type_support.cpp\n'}
[18.735357] (px4_msgs) StdoutLine: {'line': b'-- Up-to-date: /home/subhalaxmi/nidar_ws/install/px4_msgs/include/px4_msgs/px4_msgs/msg/detail/esc_status__type_support.cpp\n'}
[18.736696] (px4_msgs) StdoutLine: {'line': b'-- Up-to-date: /home/subhalaxmi/nidar_ws/install/px4_msgs/include/px4_msgs/px4_msgs/msg/detail/gimbal_manager_set_manual_control__type_support.cpp\n'}
[18.736945] (px4_msgs) StdoutLine: {'line': b'-- Up-to-date: /home/subhalaxmi/nidar_ws/install/px4_msgs/include/px4_msgs/px4_msgs/msg/detail/vehicle_command__rosidl_typesupport_introspection_cpp.hpp\n'}
[18.737199] (px4_msgs) StdoutLine: {'line': b'-- Up-to-date: /home/subhalaxmi/nidar_ws/install/px4_msgs/include/px4_msgs/px4_msgs/msg/detail/uavcan_parameter_value__type_support.cpp\n'}
[18.737419] (px4_msgs) StdoutLine: {'line': b'-- Up-to-date: /home/subhalaxmi/nidar_ws/install/px4_msgs/include/px4_msgs/px4_msgs/msg/detail/arming_check_request__rosidl_typesupport_introspection_cpp.hpp\n'}
[18.737958] (px4_msgs) StdoutLine: {'line': b'-- Up-to-date: /home/subhalaxmi/nidar_ws/install/px4_msgs/include/px4_msgs/px4_msgs/msg/detail/control_allocator_status__rosidl_typesupport_introspection_cpp.hpp\n'}
[18.738426] (px4_msgs) StdoutLine: {'line': b'-- Up-to-date: /home/subhalaxmi/nidar_ws/install/px4_msgs/include/px4_msgs/px4_msgs/msg/detail/lateral_control_configuration__rosidl_typesupport_introspection_cpp.hpp\n'}
[18.738725] (px4_msgs) StdoutLine: {'line': b'-- Up-to-date: /home/subhalaxmi/nidar_ws/install/px4_msgs/include/px4_msgs/px4_msgs/msg/detail/estimator_status__type_support.cpp\n'}
[18.739008] (px4_msgs) StdoutLine: {'line': b'-- Up-to-date: /home/subhalaxmi/nidar_ws/install/px4_msgs/include/px4_msgs/px4_msgs/msg/detail/dataman_request__type_support.cpp\n'}
[18.739321] (px4_msgs) StdoutLine: {'line': b'-- Up-to-date: /home/subhalaxmi/nidar_ws/install/px4_msgs/include/px4_msgs/px4_msgs/msg/detail/neural_control__type_support.cpp\n'}
[18.739540] (px4_msgs) StdoutLine: {'line': b'-- Up-to-date: /home/subhalaxmi/nidar_ws/install/px4_msgs/include/px4_msgs/px4_msgs/msg/detail/vehicle_magnetometer__type_support.cpp\n'}
[18.739766] (px4_msgs) StdoutLine: {'line': b'-- Up-to-date: /home/subhalaxmi/nidar_ws/install/px4_msgs/include/px4_msgs/px4_msgs/msg/detail/vehicle_thrust_setpoint__type_support.cpp\n'}
[18.739983] (px4_msgs) StdoutLine: {'line': b'-- Up-to-date: /home/subhalaxmi/nidar_ws/install/px4_msgs/include/px4_msgs/px4_msgs/msg/detail/generator_status__rosidl_typesupport_introspection_cpp.hpp\n'}
[18.740290] (px4_msgs) StdoutLine: {'line': b'-- Up-to-date: /home/subhalaxmi/nidar_ws/install/px4_msgs/include/px4_msgs/px4_msgs/msg/detail/sensors_status__rosidl_typesupport_introspection_cpp.hpp\n'}
[18.740505] (px4_msgs) StdoutLine: {'line': b'-- Up-to-date: /home/subhalaxmi/nidar_ws/install/px4_msgs/include/px4_msgs/px4_msgs/msg/detail/estimator_bias3d__type_support.cpp\n'}
[18.740733] (px4_msgs) StdoutLine: {'line': b'-- Up-to-date: /home/subhalaxmi/nidar_ws/install/px4_msgs/include/px4_msgs/px4_msgs/msg/detail/vehicle_acceleration__type_support.cpp\n'}
[18.740960] (px4_msgs) StdoutLine: {'line': b'-- Up-to-date: /home/subhalaxmi/nidar_ws/install/px4_msgs/include/px4_msgs/px4_msgs/msg/detail/can_interface_status__rosidl_typesupport_introspection_cpp.hpp\n'}
[18.741186] (px4_msgs) StdoutLine: {'line': b'-- Up-to-date: /home/subhalaxmi/nidar_ws/install/px4_msgs/include/px4_msgs/px4_msgs/msg/detail/can_interface_status__type_support.cpp\n'}
[18.741461] (px4_msgs) StdoutLine: {'line': b'-- Up-to-date: /home/subhalaxmi/nidar_ws/install/px4_msgs/include/px4_msgs/px4_msgs/msg/detail/rate_ctrl_status__rosidl_typesupport_introspection_cpp.hpp\n'}
[18.741668] (px4_msgs) StdoutLine: {'line': b'-- Up-to-date: /home/subhalaxmi/nidar_ws/install/px4_msgs/include/px4_msgs/px4_msgs/msg/detail/position_setpoint__type_support.cpp\n'}
[18.741901] (px4_msgs) StdoutLine: {'line': b'-- Up-to-date: /home/subhalaxmi/nidar_ws/install/px4_msgs/include/px4_msgs/px4_msgs/msg/detail/sensor_mag__rosidl_typesupport_introspection_cpp.hpp\n'}
[18.742147] (px4_msgs) StdoutLine: {'line': b'-- Up-to-date: /home/subhalaxmi/nidar_ws/install/px4_msgs/include/px4_msgs/px4_msgs/msg/detail/sensor_correction__type_support.cpp\n'}
[18.742643] (px4_msgs) StdoutLine: {'line': b'-- Up-to-date: /home/subhalaxmi/nidar_ws/install/px4_msgs/include/px4_msgs/px4_msgs/msg/detail/unregister_ext_component__rosidl_typesupport_introspection_cpp.hpp\n'}
[18.742846] (px4_msgs) StdoutLine: {'line': b'-- Up-to-date: /home/subhalaxmi/nidar_ws/install/px4_msgs/include/px4_msgs/px4_msgs/msg/detail/estimator_status_flags__rosidl_typesupport_introspection_cpp.hpp\n'}
[18.743202] (px4_msgs) StdoutLine: {'line': b'-- Up-to-date: /home/subhalaxmi/nidar_ws/install/px4_msgs/include/px4_msgs/px4_msgs/msg/detail/config_overrides__rosidl_typesupport_introspection_cpp.hpp\n'}
[18.743464] (px4_msgs) StdoutLine: {'line': b'-- Up-to-date: /home/subhalaxmi/nidar_ws/install/px4_msgs/include/px4_msgs/px4_msgs/msg/detail/open_drone_id_arm_status__rosidl_typesupport_introspection_cpp.hpp\n'}
[18.743812] (px4_msgs) StdoutLine: {'line': b'-- Up-to-date: /home/subhalaxmi/nidar_ws/install/px4_msgs/include/px4_msgs/px4_msgs/msg/detail/vehicle_local_position__type_support.cpp\n'}
[18.743999] (px4_msgs) StdoutLine: {'line': b'-- Up-to-date: /home/subhalaxmi/nidar_ws/install/px4_msgs/include/px4_msgs/px4_msgs/msg/detail/parameter_update__rosidl_typesupport_introspection_cpp.hpp\n'}
[18.744206] (px4_msgs) StdoutLine: {'line': b'-- Up-to-date: /home/subhalaxmi/nidar_ws/install/px4_msgs/include/px4_msgs/px4_msgs/msg/detail/mission_result__type_support.cpp\n'}
[18.744448] (px4_msgs) StdoutLine: {'line': b'-- Up-to-date: /home/subhalaxmi/nidar_ws/install/px4_msgs/include/px4_msgs/px4_msgs/msg/detail/ekf2_timestamps__type_support.cpp\n'}
[18.744637] (px4_msgs) StdoutLine: {'line': b'-- Up-to-date: /home/subhalaxmi/nidar_ws/install/px4_msgs/include/px4_msgs/px4_msgs/msg/detail/rover_speed_setpoint__rosidl_typesupport_introspection_cpp.hpp\n'}
[18.744821] (px4_msgs) StdoutLine: {'line': b'-- Up-to-date: /home/subhalaxmi/nidar_ws/install/px4_msgs/include/px4_msgs/px4_msgs/msg/detail/sensor_accel_fifo__rosidl_typesupport_introspection_cpp.hpp\n'}
[18.745048] (px4_msgs) StdoutLine: {'line': b'-- Up-to-date: /home/subhalaxmi/nidar_ws/install/px4_msgs/include/px4_msgs/px4_msgs/msg/detail/follow_target_status__rosidl_typesupport_introspection_cpp.hpp\n'}
[18.745271] (px4_msgs) StdoutLine: {'line': b'-- Up-to-date: /home/subhalaxmi/nidar_ws/install/px4_msgs/include/px4_msgs/px4_msgs/msg/detail/tune_control__rosidl_typesupport_introspection_cpp.hpp\n'}
[18.745556] (px4_msgs) StdoutLine: {'line': b'-- Up-to-date: /home/subhalaxmi/nidar_ws/install/px4_msgs/include/px4_msgs/px4_msgs/msg/detail/aux_global_position__type_support.cpp\n'}
[18.746271] (px4_msgs) StdoutLine: {'line': b'-- Up-to-date: /home/subhalaxmi/nidar_ws/install/px4_msgs/include/px4_msgs/px4_msgs/msg/detail/vehicle_global_position__rosidl_typesupport_introspection_cpp.hpp\n'}
[18.747308] (px4_msgs) StdoutLine: {'line': b'-- Up-to-date: /home/subhalaxmi/nidar_ws/install/px4_msgs/include/px4_msgs/px4_msgs/msg/detail/sensors_status_imu__rosidl_typesupport_introspection_cpp.hpp\n'}
[18.747666] (px4_msgs) StdoutLine: {'line': b'-- Up-to-date: /home/subhalaxmi/nidar_ws/install/px4_msgs/include/px4_msgs/px4_msgs/msg/detail/battery_status__type_support.cpp\n'}
[18.748008] (px4_msgs) StdoutLine: {'line': b'-- Up-to-date: /home/subhalaxmi/nidar_ws/install/px4_msgs/include/px4_msgs/px4_msgs/msg/detail/gps_inject_data__type_support.cpp\n'}
[18.748702] (px4_msgs) StdoutLine: {'line': b'-- Up-to-date: /home/subhalaxmi/nidar_ws/install/px4_msgs/include/px4_msgs/px4_msgs/msg/detail/vehicle_optical_flow_vel__rosidl_typesupport_introspection_cpp.hpp\n'}
[18.749610] (px4_msgs) StdoutLine: {'line': b'-- Up-to-date: /home/subhalaxmi/nidar_ws/install/px4_msgs/include/px4_msgs/px4_msgs/msg/detail/failure_detector_status__rosidl_typesupport_introspection_cpp.hpp\n'}
[18.750012] (px4_msgs) StdoutLine: {'line': b'-- Up-to-date: /home/subhalaxmi/nidar_ws/install/px4_msgs/include/px4_msgs/px4_msgs/msg/detail/vehicle_command_ack__type_support.cpp\n'}
[18.750472] (px4_msgs) StdoutLine: {'line': b'-- Up-to-date: /home/subhalaxmi/nidar_ws/install/px4_msgs/include/px4_msgs/px4_msgs/msg/detail/navigator_mission_item__rosidl_typesupport_introspection_cpp.hpp\n'}
[18.750949] (px4_msgs) StdoutLine: {'line': b'-- Up-to-date: /home/subhalaxmi/nidar_ws/install/px4_msgs/include/px4_msgs/px4_msgs/msg/detail/vehicle_imu__type_support.cpp\n'}
[18.751267] (px4_msgs) StdoutLine: {'line': b'-- Up-to-date: /home/subhalaxmi/nidar_ws/install/px4_msgs/include/px4_msgs/px4_msgs/msg/detail/gimbal_device_information__type_support.cpp\n'}
[18.751914] (px4_msgs) StdoutLine: {'line': b'-- Up-to-date: /home/subhalaxmi/nidar_ws/install/px4_msgs/include/px4_msgs/px4_msgs/msg/detail/landing_target_innovations__rosidl_typesupport_introspection_cpp.hpp\n'}
[18.752212] (px4_msgs) StdoutLine: {'line': b'-- Up-to-date: /home/subhalaxmi/nidar_ws/install/px4_msgs/include/px4_msgs/px4_msgs/msg/detail/airspeed_validated__type_support.cpp\n'}
[18.752480] (px4_msgs) StdoutLine: {'line': b'-- Up-to-date: /home/subhalaxmi/nidar_ws/install/px4_msgs/include/px4_msgs/px4_msgs/msg/detail/position_setpoint__rosidl_typesupport_introspection_cpp.hpp\n'}
[18.752735] (px4_msgs) StdoutLine: {'line': b'-- Up-to-date: /home/subhalaxmi/nidar_ws/install/px4_msgs/include/px4_msgs/px4_msgs/msg/detail/actuator_armed__type_support.cpp\n'}
[18.752956] (px4_msgs) StdoutLine: {'line': b'-- Up-to-date: /home/subhalaxmi/nidar_ws/install/px4_msgs/include/px4_msgs/px4_msgs/msg/detail/mount_orientation__rosidl_typesupport_introspection_cpp.hpp\n'}
[18.753221] (px4_msgs) StdoutLine: {'line': b'-- Up-to-date: /home/subhalaxmi/nidar_ws/install/px4_msgs/include/px4_msgs/px4_msgs/msg/detail/position_controller_landing_status__type_support.cpp\n'}
[18.754171] (px4_msgs) StdoutLine: {'line': b'-- Up-to-date: /home/subhalaxmi/nidar_ws/install/px4_msgs/include/px4_msgs/px4_msgs/msg/detail/event__type_support.cpp\n'}
[18.756099] (px4_msgs) StdoutLine: {'line': b'-- Up-to-date: /home/subhalaxmi/nidar_ws/install/px4_msgs/include/px4_msgs/px4_msgs/msg/detail/vehicle_thrust_setpoint__rosidl_typesupport_introspection_cpp.hpp\n'}
[18.756421] (px4_msgs) StdoutLine: {'line': b'-- Up-to-date: /home/subhalaxmi/nidar_ws/install/px4_msgs/include/px4_msgs/px4_msgs/msg/detail/register_ext_component_request__type_support.cpp\n'}
[18.756619] (px4_msgs) StdoutLine: {'line': b'-- Up-to-date: /home/subhalaxmi/nidar_ws/install/px4_msgs/include/px4_msgs/px4_msgs/msg/detail/battery_info__type_support.cpp\n'}
[18.757041] (px4_msgs) StdoutLine: {'line': b'-- Up-to-date: /home/subhalaxmi/nidar_ws/install/px4_msgs/include/px4_msgs/px4_msgs/msg/detail/manual_control_switches__type_support.cpp\n'}
[18.757273] (px4_msgs) StdoutLine: {'line': b'-- Up-to-date: /home/subhalaxmi/nidar_ws/install/px4_msgs/include/px4_msgs/px4_msgs/msg/detail/estimator_sensor_bias__type_support.cpp\n'}
[18.757461] (px4_msgs) StdoutLine: {'line': b'-- Up-to-date: /home/subhalaxmi/nidar_ws/install/px4_msgs/include/px4_msgs/px4_msgs/msg/detail/sensor_baro__rosidl_typesupport_introspection_cpp.hpp\n'}
[18.757688] (px4_msgs) StdoutLine: {'line': b'-- Up-to-date: /home/subhalaxmi/nidar_ws/install/px4_msgs/include/px4_msgs/px4_msgs/msg/detail/gimbal_controls__type_support.cpp\n'}
[18.757873] (px4_msgs) StdoutLine: {'line': b'-- Up-to-date: /home/subhalaxmi/nidar_ws/install/px4_msgs/include/px4_msgs/px4_msgs/msg/detail/gripper__rosidl_typesupport_introspection_cpp.hpp\n'}
[18.758085] (px4_msgs) StdoutLine: {'line': b'-- Up-to-date: /home/subhalaxmi/nidar_ws/install/px4_msgs/include/px4_msgs/px4_msgs/msg/detail/orbit_status__type_support.cpp\n'}
[18.758548] (px4_msgs) StdoutLine: {'line': b'-- Up-to-date: /home/subhalaxmi/nidar_ws/install/px4_msgs/include/px4_msgs/px4_msgs/msg/detail/estimator_gps_status__type_support.cpp\n'}
[18.758776] (px4_msgs) StdoutLine: {'line': b'-- Up-to-date: /home/subhalaxmi/nidar_ws/install/px4_msgs/include/px4_msgs/px4_msgs/msg/detail/failsafe_flags__type_support.cpp\n'}
[18.760507] (-) TimerEvent: {}
[18.761142] (px4_msgs) StdoutLine: {'line': b'-- Up-to-date: /home/subhalaxmi/nidar_ws/install/px4_msgs/include/px4_msgs/px4_msgs/msg/detail/geofence_status__type_support.cpp\n'}
[18.761529] (px4_msgs) StdoutLine: {'line': b'-- Up-to-date: /home/subhalaxmi/nidar_ws/install/px4_msgs/include/px4_msgs/px4_msgs/msg/detail/generator_status__type_support.cpp\n'}
[18.761784] (px4_msgs) StdoutLine: {'line': b'-- Up-to-date: /home/subhalaxmi/nidar_ws/install/px4_msgs/include/px4_msgs/px4_msgs/msg/detail/gimbal_manager_set_manual_control__rosidl_typesupport_introspection_cpp.hpp\n'}
[18.761980] (px4_msgs) StdoutLine: {'line': b'-- Up-to-date: /home/subhalaxmi/nidar_ws/install/px4_msgs/include/px4_msgs/px4_msgs/msg/detail/camera_status__type_support.cpp\n'}
[18.762209] (px4_msgs) StdoutLine: {'line': b'-- Up-to-date: /home/subhalaxmi/nidar_ws/install/px4_msgs/include/px4_msgs/px4_msgs/msg/detail/vehicle_control_mode__type_support.cpp\n'}
[18.762400] (px4_msgs) StdoutLine: {'line': b'-- Up-to-date: /home/subhalaxmi/nidar_ws/install/px4_msgs/include/px4_msgs/px4_msgs/msg/detail/distance_sensor__rosidl_typesupport_introspection_cpp.hpp\n'}
[18.762585] (px4_msgs) StdoutLine: {'line': b'-- Up-to-date: /home/subhalaxmi/nidar_ws/install/px4_msgs/include/px4_msgs/px4_msgs/msg/detail/navigator_status__rosidl_typesupport_introspection_cpp.hpp\n'}
[18.764020] (px4_msgs) StdoutLine: {'line': b'-- Up-to-date: /home/subhalaxmi/nidar_ws/install/px4_msgs/include/px4_msgs/px4_msgs/msg/detail/vehicle_torque_setpoint__type_support.cpp\n'}
[18.764421] (px4_msgs) StdoutLine: {'line': b'-- Up-to-date: /home/subhalaxmi/nidar_ws/install/px4_msgs/include/px4_msgs/px4_msgs/msg/detail/px4io_status__rosidl_typesupport_introspection_cpp.hpp\n'}
[18.764636] (px4_msgs) StdoutLine: {'line': b'-- Up-to-date: /home/subhalaxmi/nidar_ws/install/px4_msgs/include/px4_msgs/px4_msgs/msg/detail/vtol_vehicle_status__type_support.cpp\n'}
[18.764830] (px4_msgs) StdoutLine: {'line': b'-- Up-to-date: /home/subhalaxmi/nidar_ws/install/px4_msgs/include/px4_msgs/px4_msgs/msg/detail/mavlink_log__type_support.cpp\n'}
[18.765074] (px4_msgs) StdoutLine: {'line': b'-- Up-to-date: /home/subhalaxmi/nidar_ws/install/px4_msgs/include/px4_msgs/px4_msgs/msg/detail/vehicle_angular_acceleration_setpoint__rosidl_typesupport_introspection_cpp.hpp\n'}
[18.765387] (px4_msgs) StdoutLine: {'line': b'-- Up-to-date: /home/subhalaxmi/nidar_ws/install/px4_msgs/include/px4_msgs/px4_msgs/msg/detail/fixed_wing_longitudinal_setpoint__rosidl_typesupport_introspection_cpp.hpp\n'}
[18.765579] (px4_msgs) StdoutLine: {'line': b'-- Up-to-date: /home/subhalaxmi/nidar_ws/install/px4_msgs/include/px4_msgs/px4_msgs/msg/detail/vehicle_local_position_setpoint__type_support.cpp\n'}
[18.765773] (px4_msgs) StdoutLine: {'line': b'-- Up-to-date: /home/subhalaxmi/nidar_ws/install/px4_msgs/include/px4_msgs/px4_msgs/msg/detail/position_setpoint_triplet__type_support.cpp\n'}
[18.765961] (px4_msgs) StdoutLine: {'line': b'-- Up-to-date: /home/subhalaxmi/nidar_ws/install/px4_msgs/include/px4_msgs/px4_msgs/msg/detail/gimbal_manager_status__type_support.cpp\n'}
[18.766189] (px4_msgs) StdoutLine: {'line': b'-- Up-to-date: /home/subhalaxmi/nidar_ws/install/px4_msgs/include/px4_msgs/px4_msgs/msg/detail/mount_orientation__type_support.cpp\n'}
[18.766404] (px4_msgs) StdoutLine: {'line': b'-- Up-to-date: /home/subhalaxmi/nidar_ws/install/px4_msgs/include/px4_msgs/px4_msgs/msg/detail/gpio_config__type_support.cpp\n'}
[18.766595] (px4_msgs) StdoutLine: {'line': b'-- Up-to-date: /home/subhalaxmi/nidar_ws/install/px4_msgs/include/px4_msgs/px4_msgs/msg/detail/estimator_aid_source3d__rosidl_typesupport_introspection_cpp.hpp\n'}
[18.766791] (px4_msgs) StdoutLine: {'line': b'-- Up-to-date: /home/subhalaxmi/nidar_ws/install/px4_msgs/include/px4_msgs/px4_msgs/msg/detail/vehicle_constraints__type_support.cpp\n'}
[18.766981] (px4_msgs) StdoutLine: {'line': b'-- Up-to-date: /home/subhalaxmi/nidar_ws/install/px4_msgs/include/px4_msgs/px4_msgs/msg/detail/fixed_wing_runway_control__rosidl_typesupport_introspection_cpp.hpp\n'}
[18.767190] (px4_msgs) StdoutLine: {'line': b'-- Up-to-date: /home/subhalaxmi/nidar_ws/install/px4_msgs/include/px4_msgs/px4_msgs/msg/detail/input_rc__type_support.cpp\n'}
[18.767397] (px4_msgs) StdoutLine: {'line': b'-- Up-to-date: /home/subhalaxmi/nidar_ws/install/px4_msgs/include/px4_msgs/px4_msgs/msg/detail/actuator_outputs__rosidl_typesupport_introspection_cpp.hpp\n'}
[18.767589] (px4_msgs) StdoutLine: {'line': b'-- Up-to-date: /home/subhalaxmi/nidar_ws/install/px4_msgs/include/px4_msgs/px4_msgs/msg/detail/collision_constraints__type_support.cpp\n'}
[18.768225] (px4_msgs) StdoutLine: {'line': b'-- Up-to-date: /home/subhalaxmi/nidar_ws/install/px4_msgs/include/px4_msgs/px4_msgs/msg/detail/estimator_aid_source3d__type_support.cpp\n'}
[18.768624] (px4_msgs) StdoutLine: {'line': b'-- Up-to-date: /home/subhalaxmi/nidar_ws/install/px4_msgs/include/px4_msgs/px4_msgs/msg/detail/sensors_status_imu__type_support.cpp\n'}
[18.768885] (px4_msgs) StdoutLine: {'line': b'-- Up-to-date: /home/subhalaxmi/nidar_ws/install/px4_msgs/include/px4_msgs/px4_msgs/msg/detail/rover_steering_setpoint__rosidl_typesupport_introspection_cpp.hpp\n'}
[18.769080] (px4_msgs) StdoutLine: {'line': b'-- Up-to-date: /home/subhalaxmi/nidar_ws/install/px4_msgs/include/px4_msgs/px4_msgs/msg/detail/rc_channels__type_support.cpp\n'}
[18.770079] (px4_msgs) StdoutLine: {'line': b'-- Up-to-date: /home/subhalaxmi/nidar_ws/install/px4_msgs/include/px4_msgs/px4_msgs/msg/detail/onboard_computer_status__type_support.cpp\n'}
[18.770367] (px4_msgs) StdoutLine: {'line': b'-- Up-to-date: /home/subhalaxmi/nidar_ws/install/px4_msgs/include/px4_msgs/px4_msgs/msg/detail/vehicle_command_ack__rosidl_typesupport_introspection_cpp.hpp\n'}
[18.770566] (px4_msgs) StdoutLine: {'line': b'-- Up-to-date: /home/subhalaxmi/nidar_ws/install/px4_msgs/include/px4_msgs/px4_msgs/msg/detail/sensor_preflight_mag__type_support.cpp\n'}
[18.770754] (px4_msgs) StdoutLine: {'line': b'-- Up-to-date: /home/subhalaxmi/nidar_ws/install/px4_msgs/include/px4_msgs/px4_msgs/msg/detail/mode_completed__type_support.cpp\n'}
[18.770952] (px4_msgs) StdoutLine: {'line': b'-- Up-to-date: /home/subhalaxmi/nidar_ws/install/px4_msgs/include/px4_msgs/px4_msgs/msg/detail/vehicle_torque_setpoint__rosidl_typesupport_introspection_cpp.hpp\n'}
[18.771151] (px4_msgs) StdoutLine: {'line': b'-- Up-to-date: /home/subhalaxmi/nidar_ws/install/px4_msgs/include/px4_msgs/px4_msgs/msg/detail/fixed_wing_lateral_status__type_support.cpp\n'}
[18.771549] (px4_msgs) StdoutLine: {'line': b'-- Up-to-date: /home/subhalaxmi/nidar_ws/install/px4_msgs/include/px4_msgs/px4_msgs/msg/detail/gimbal_controls__rosidl_typesupport_introspection_cpp.hpp\n'}
[18.772696] (px4_msgs) StdoutLine: {'line': b'-- Up-to-date: /home/subhalaxmi/nidar_ws/install/px4_msgs/include/px4_msgs/px4_msgs/msg/detail/px4io_status__type_support.cpp\n'}
[18.772944] (px4_msgs) StdoutLine: {'line': b'-- Up-to-date: /home/subhalaxmi/nidar_ws/install/px4_msgs/include/px4_msgs/px4_msgs/msg/detail/gps_dump__rosidl_typesupport_introspection_cpp.hpp\n'}
[18.773157] (px4_msgs) StdoutLine: {'line': b'-- Up-to-date: /home/subhalaxmi/nidar_ws/install/px4_msgs/include/px4_msgs/px4_msgs/msg/detail/magnetometer_bias_estimate__type_support.cpp\n'}
[18.773676] (px4_msgs) StdoutLine: {'line': b'-- Up-to-date: /home/subhalaxmi/nidar_ws/install/px4_msgs/include/px4_msgs/px4_msgs/msg/detail/vtx__type_support.cpp\n'}
[18.773918] (px4_msgs) StdoutLine: {'line': b'-- Up-to-date: /home/subhalaxmi/nidar_ws/install/px4_msgs/include/px4_msgs/px4_msgs/msg/detail/orb_test__type_support.cpp\n'}
[18.774161] (px4_msgs) StdoutLine: {'line': b'-- Up-to-date: /home/subhalaxmi/nidar_ws/install/px4_msgs/include/px4_msgs/px4_msgs/msg/detail/pps_capture__type_support.cpp\n'}
[18.775719] (px4_msgs) StdoutLine: {'line': b'-- Up-to-date: /home/subhalaxmi/nidar_ws/install/px4_msgs/include/px4_msgs/px4_msgs/msg/detail/sensor_optical_flow__type_support.cpp\n'}
[18.775937] (px4_msgs) StdoutLine: {'line': b'-- Up-to-date: /home/subhalaxmi/nidar_ws/install/px4_msgs/include/px4_msgs/px4_msgs/msg/detail/estimator_event_flags__type_support.cpp\n'}
[18.776122] (px4_msgs) StdoutLine: {'line': b'-- Up-to-date: /home/subhalaxmi/nidar_ws/install/px4_msgs/include/px4_msgs/px4_msgs/msg/detail/vehicle_roi__rosidl_typesupport_introspection_cpp.hpp\n'}
[18.776335] (px4_msgs) StdoutLine: {'line': b'-- Up-to-date: /home/subhalaxmi/nidar_ws/install/px4_msgs/include/px4_msgs/px4_msgs/msg/detail/actuator_servos__rosidl_typesupport_introspection_cpp.hpp\n'}
[18.776505] (px4_msgs) StdoutLine: {'line': b'-- Up-to-date: /home/subhalaxmi/nidar_ws/install/px4_msgs/include/px4_msgs/px4_msgs/msg/detail/flight_phase_estimation__rosidl_typesupport_introspection_cpp.hpp\n'}
[18.776681] (px4_msgs) StdoutLine: {'line': b'-- Up-to-date: /home/subhalaxmi/nidar_ws/install/px4_msgs/include/px4_msgs/px4_msgs/msg/detail/estimator_event_flags__rosidl_typesupport_introspection_cpp.hpp\n'}
[18.776844] (px4_msgs) StdoutLine: {'line': b'-- Up-to-date: /home/subhalaxmi/nidar_ws/install/px4_msgs/include/px4_msgs/px4_msgs/msg/detail/orbit_status__rosidl_typesupport_introspection_cpp.hpp\n'}
[18.777004] (px4_msgs) StdoutLine: {'line': b'-- Up-to-date: /home/subhalaxmi/nidar_ws/install/px4_msgs/include/px4_msgs/px4_msgs/msg/detail/sensor_gnss_relative__rosidl_typesupport_introspection_cpp.hpp\n'}
[18.777191] (px4_msgs) StdoutLine: {'line': b'-- Up-to-date: /home/subhalaxmi/nidar_ws/install/px4_msgs/include/px4_msgs/px4_msgs/msg/detail/tecs_status__rosidl_typesupport_introspection_cpp.hpp\n'}
[18.777486] (px4_msgs) StdoutLine: {'line': b'-- Up-to-date: /home/subhalaxmi/nidar_ws/install/px4_msgs/include/px4_msgs/px4_msgs/msg/detail/mission__rosidl_typesupport_introspection_cpp.hpp\n'}
[18.777689] (px4_msgs) StdoutLine: {'line': b'-- Up-to-date: /home/subhalaxmi/nidar_ws/install/px4_msgs/include/px4_msgs/px4_msgs/msg/detail/ulog_stream_ack__type_support.cpp\n'}
[18.778346] (px4_msgs) StdoutLine: {'line': b'-- Up-to-date: /home/subhalaxmi/nidar_ws/install/px4_msgs/include/px4_msgs/px4_msgs/msg/detail/rover_rate_status__type_support.cpp\n'}
[18.778970] (px4_msgs) StdoutLine: {'line': b'-- Up-to-date: /home/subhalaxmi/nidar_ws/install/px4_msgs/include/px4_msgs/px4_msgs/msg/detail/internal_combustion_engine_control__type_support.cpp\n'}
[18.779222] (px4_msgs) StdoutLine: {'line': b'-- Up-to-date: /home/subhalaxmi/nidar_ws/install/px4_msgs/include/px4_msgs/px4_msgs/msg/detail/normalized_unsigned_setpoint__rosidl_typesupport_introspection_cpp.hpp\n'}
[18.781524] (px4_msgs) StdoutLine: {'line': b'-- Up-to-date: /home/subhalaxmi/nidar_ws/install/px4_msgs/include/px4_msgs/px4_msgs/msg/detail/rover_speed_status__rosidl_typesupport_introspection_cpp.hpp\n'}
[18.782198] (px4_msgs) StdoutLine: {'line': b'-- Up-to-date: /home/subhalaxmi/nidar_ws/install/px4_msgs/include/px4_msgs/px4_msgs/msg/detail/cpuload__rosidl_typesupport_introspection_cpp.hpp\n'}
[18.782500] (px4_msgs) StdoutLine: {'line': b'-- Up-to-date: /home/subhalaxmi/nidar_ws/install/px4_msgs/include/px4_msgs/px4_msgs/msg/detail/arming_check_reply__type_support.cpp\n'}
[18.782737] (px4_msgs) StdoutLine: {'line': b'-- Up-to-date: /home/subhalaxmi/nidar_ws/install/px4_msgs/include/px4_msgs/px4_msgs/msg/detail/failure_detector_status__type_support.cpp\n'}
[18.782957] (px4_msgs) StdoutLine: {'line': b'-- Up-to-date: /home/subhalaxmi/nidar_ws/install/px4_msgs/include/px4_msgs/px4_msgs/msg/detail/rate_ctrl_status__type_support.cpp\n'}
[18.783374] (px4_msgs) StdoutLine: {'line': b'-- Up-to-date: /home/subhalaxmi/nidar_ws/install/px4_msgs/include/px4_msgs/px4_msgs/msg/detail/transponder_report__rosidl_typesupport_introspection_cpp.hpp\n'}
[18.783728] (px4_msgs) StdoutLine: {'line': b'-- Up-to-date: /home/subhalaxmi/nidar_ws/install/px4_msgs/include/px4_msgs/px4_msgs/msg/detail/adc_report__rosidl_typesupport_introspection_cpp.hpp\n'}
[18.784498] (px4_msgs) StdoutLine: {'line': b'-- Up-to-date: /home/subhalaxmi/nidar_ws/install/px4_msgs/include/px4_msgs/px4_msgs/msg/detail/internal_combustion_engine_control__rosidl_typesupport_introspection_cpp.hpp\n'}
[18.784744] (px4_msgs) StdoutLine: {'line': b'-- Up-to-date: /home/subhalaxmi/nidar_ws/install/px4_msgs/include/px4_msgs/px4_msgs/msg/detail/parameter_set_value_response__rosidl_typesupport_introspection_cpp.hpp\n'}
[18.784938] (px4_msgs) StdoutLine: {'line': b'-- Up-to-date: /home/subhalaxmi/nidar_ws/install/px4_msgs/include/px4_msgs/px4_msgs/msg/detail/gps_dump__type_support.cpp\n'}
[18.785158] (px4_msgs) StdoutLine: {'line': b'-- Up-to-date: /home/subhalaxmi/nidar_ws/install/px4_msgs/include/px4_msgs/px4_msgs/msg/detail/autotune_attitude_control_status__type_support.cpp\n'}
[18.788550] (px4_msgs) StdoutLine: {'line': b'-- Up-to-date: /home/subhalaxmi/nidar_ws/install/px4_msgs/include/px4_msgs/px4_msgs/msg/detail/failsafe_flags__rosidl_typesupport_introspection_cpp.hpp\n'}
[18.788982] (px4_msgs) StdoutLine: {'line': b'-- Up-to-date: /home/subhalaxmi/nidar_ws/install/px4_msgs/include/px4_msgs/px4_msgs/msg/detail/pwm_input__type_support.cpp\n'}
[18.789279] (px4_msgs) StdoutLine: {'line': b'-- Up-to-date: /home/subhalaxmi/nidar_ws/install/px4_msgs/include/px4_msgs/px4_msgs/msg/detail/sensor_combined__rosidl_typesupport_introspection_cpp.hpp\n'}
[18.789511] (px4_msgs) StdoutLine: {'line': b'-- Up-to-date: /home/subhalaxmi/nidar_ws/install/px4_msgs/include/px4_msgs/px4_msgs/msg/detail/rc_channels__rosidl_typesupport_introspection_cpp.hpp\n'}
[18.789774] (px4_msgs) StdoutLine: {'line': b'-- Up-to-date: /home/subhalaxmi/nidar_ws/install/px4_msgs/include/px4_msgs/px4_msgs/msg/detail/gps_inject_data__rosidl_typesupport_introspection_cpp.hpp\n'}
[18.789990] (px4_msgs) StdoutLine: {'line': b'-- Up-to-date: /home/subhalaxmi/nidar_ws/install/px4_msgs/include/px4_msgs/px4_msgs/msg/detail/estimator_selector_status__type_support.cpp\n'}
[18.790270] (px4_msgs) StdoutLine: {'line': b'-- Up-to-date: /home/subhalaxmi/nidar_ws/install/px4_msgs/include/px4_msgs/px4_msgs/msg/detail/offboard_control_mode__rosidl_typesupport_introspection_cpp.hpp\n'}
[18.794722] (px4_msgs) StdoutLine: {'line': b'-- Up-to-date: /home/subhalaxmi/nidar_ws/install/px4_msgs/include/px4_msgs/px4_msgs/msg/detail/vehicle_attitude__type_support.cpp\n'}
[18.794950] (px4_msgs) StdoutLine: {'line': b'-- Up-to-date: /home/subhalaxmi/nidar_ws/install/px4_msgs/include/px4_msgs/px4_msgs/msg/detail/trajectory_setpoint6dof__rosidl_typesupport_introspection_cpp.hpp\n'}
[18.796743] (px4_msgs) StdoutLine: {'line': b'-- Up-to-date: /home/subhalaxmi/nidar_ws/install/px4_msgs/include/px4_msgs/px4_msgs/msg/detail/vtol_vehicle_status__rosidl_typesupport_introspection_cpp.hpp\n'}
[18.797051] (px4_msgs) StdoutLine: {'line': b'-- Up-to-date: /home/subhalaxmi/nidar_ws/install/px4_msgs/include/px4_msgs/px4_msgs/msg/detail/message_format_response__type_support.cpp\n'}
[18.797308] (px4_msgs) StdoutLine: {'line': b'-- Up-to-date: /home/subhalaxmi/nidar_ws/install/px4_msgs/include/px4_msgs/px4_msgs/msg/detail/takeoff_status__rosidl_typesupport_introspection_cpp.hpp\n'}
[18.797534] (px4_msgs) StdoutLine: {'line': b'-- Up-to-date: /home/subhalaxmi/nidar_ws/install/px4_msgs/include/px4_msgs/px4_msgs/msg/detail/fixed_wing_lateral_setpoint__rosidl_typesupport_introspection_cpp.hpp\n'}
[18.797742] (px4_msgs) StdoutLine: {'line': b'-- Up-to-date: /home/subhalaxmi/nidar_ws/install/px4_msgs/include/px4_msgs/px4_msgs/msg/detail/estimator_bias__type_support.cpp\n'}
[18.797976] (px4_msgs) StdoutLine: {'line': b'-- Up-to-date: /home/subhalaxmi/nidar_ws/install/px4_msgs/include/px4_msgs/px4_msgs/msg/detail/onboard_computer_status__rosidl_typesupport_introspection_cpp.hpp\n'}
[18.798198] (px4_msgs) StdoutLine: {'line': b'-- Up-to-date: /home/subhalaxmi/nidar_ws/install/px4_msgs/include/px4_msgs/px4_msgs/msg/detail/actuator_controls_status__type_support.cpp\n'}
[18.798411] (px4_msgs) StdoutLine: {'line': b'-- Up-to-date: /home/subhalaxmi/nidar_ws/install/px4_msgs/include/px4_msgs/px4_msgs/msg/detail/radio_status__rosidl_typesupport_introspection_cpp.hpp\n'}
[18.798609] (px4_msgs) StdoutLine: {'line': b'-- Up-to-date: /home/subhalaxmi/nidar_ws/install/px4_msgs/include/px4_msgs/px4_msgs/msg/detail/task_stack_info__rosidl_typesupport_introspection_cpp.hpp\n'}
[18.798831] (px4_msgs) StdoutLine: {'line': b'-- Up-to-date: /home/subhalaxmi/nidar_ws/install/px4_msgs/include/px4_msgs/px4_msgs/msg/detail/vehicle_local_position__rosidl_typesupport_introspection_cpp.hpp\n'}
[18.799022] (px4_msgs) StdoutLine: {'line': b'-- Up-to-date: /home/subhalaxmi/nidar_ws/install/px4_msgs/include/px4_msgs/px4_msgs/msg/detail/sensor_temp__type_support.cpp\n'}
[18.802487] (px4_msgs) StdoutLine: {'line': b'-- Up-to-date: /home/subhalaxmi/nidar_ws/install/px4_msgs/include/px4_msgs/px4_msgs/msg/detail/esc_status__rosidl_typesupport_introspection_cpp.hpp\n'}
[18.803306] (px4_msgs) StdoutLine: {'line': b'-- Up-to-date: /home/subhalaxmi/nidar_ws/install/px4_msgs/include/px4_msgs/px4_msgs/msg/detail/sensor_preflight_mag__rosidl_typesupport_introspection_cpp.hpp\n'}
[18.803682] (px4_msgs) StdoutLine: {'line': b'-- Up-to-date: /home/subhalaxmi/nidar_ws/install/px4_msgs/include/px4_msgs/px4_msgs/msg/detail/action_request__rosidl_typesupport_introspection_cpp.hpp\n'}
[18.803897] (px4_msgs) StdoutLine: {'line': b'-- Up-to-date: /home/subhalaxmi/nidar_ws/install/px4_msgs/include/px4_msgs/px4_msgs/msg/detail/debug_array__rosidl_typesupport_introspection_cpp.hpp\n'}
[18.804099] (px4_msgs) StdoutLine: {'line': b'-- Up-to-date: /home/subhalaxmi/nidar_ws/install/px4_msgs/include/px4_msgs/px4_msgs/msg/detail/register_ext_component_reply__type_support.cpp\n'}
[18.804359] (px4_msgs) StdoutLine: {'line': b'-- Up-to-date: /home/subhalaxmi/nidar_ws/install/px4_msgs/include/px4_msgs/px4_msgs/msg/detail/action_request__type_support.cpp\n'}
[18.805085] (px4_msgs) StdoutLine: {'line': b'-- Up-to-date: /home/subhalaxmi/nidar_ws/install/px4_msgs/include/px4_msgs/px4_msgs/msg/detail/qshell_retval__type_support.cpp\n'}
[18.805417] (px4_msgs) StdoutLine: {'line': b'-- Up-to-date: /home/subhalaxmi/nidar_ws/install/px4_msgs/include/px4_msgs/px4_msgs/msg/detail/gimbal_manager_set_attitude__rosidl_typesupport_introspection_cpp.hpp\n'}
[18.805633] (px4_msgs) StdoutLine: {'line': b'-- Up-to-date: /home/subhalaxmi/nidar_ws/install/px4_msgs/include/px4_msgs/px4_msgs/msg/detail/sensor_gyro_fifo__type_support.cpp\n'}
[18.805818] (px4_msgs) StdoutLine: {'line': b'-- Up-to-date: /home/subhalaxmi/nidar_ws/install/px4_msgs/include/px4_msgs/px4_msgs/msg/detail/vehicle_constraints__rosidl_typesupport_introspection_cpp.hpp\n'}
[18.806018] (px4_msgs) StdoutLine: {'line': b'-- Up-to-date: /home/subhalaxmi/nidar_ws/install/px4_msgs/include/px4_msgs/px4_msgs/msg/detail/neural_control__rosidl_typesupport_introspection_cpp.hpp\n'}
[18.806246] (px4_msgs) StdoutLine: {'line': b'-- Up-to-date: /home/subhalaxmi/nidar_ws/install/px4_msgs/include/px4_msgs/px4_msgs/msg/detail/open_drone_id_system__rosidl_typesupport_introspection_cpp.hpp\n'}
[18.806440] (px4_msgs) StdoutLine: {'line': b'-- Up-to-date: /home/subhalaxmi/nidar_ws/install/px4_msgs/include/px4_msgs/px4_msgs/msg/detail/uavcan_parameter_request__type_support.cpp\n'}
[18.806634] (px4_msgs) StdoutLine: {'line': b'-- Up-to-date: /home/subhalaxmi/nidar_ws/install/px4_msgs/include/px4_msgs/px4_msgs/msg/detail/raptor_status__rosidl_typesupport_introspection_cpp.hpp\n'}
[18.806913] (px4_msgs) StdoutLine: {'line': b'-- Up-to-date: /home/subhalaxmi/nidar_ws/install/px4_msgs/include/px4_msgs/px4_msgs/msg/detail/estimator_states__rosidl_typesupport_introspection_cpp.hpp\n'}
[18.807147] (px4_msgs) StdoutLine: {'line': b'-- Up-to-date: /home/subhalaxmi/nidar_ws/install/px4_msgs/include/px4_msgs/px4_msgs/msg/detail/log_message__rosidl_typesupport_introspection_cpp.hpp\n'}
[18.807375] (px4_msgs) StdoutLine: {'line': b'-- Up-to-date: /home/subhalaxmi/nidar_ws/install/px4_msgs/include/px4_msgs/px4_msgs/msg/detail/health_report__type_support.cpp\n'}
[18.807566] (px4_msgs) StdoutLine: {'line': b'-- Up-to-date: /home/subhalaxmi/nidar_ws/install/px4_msgs/include/px4_msgs/px4_msgs/msg/detail/power_monitor__rosidl_typesupport_introspection_cpp.hpp\n'}
[18.807761] (px4_msgs) StdoutLine: {'line': b'-- Up-to-date: /home/subhalaxmi/nidar_ws/install/px4_msgs/include/px4_msgs/px4_msgs/msg/detail/airspeed_wind__type_support.cpp\n'}
[18.808022] (px4_msgs) StdoutLine: {'line': b'-- Up-to-date: /home/subhalaxmi/nidar_ws/install/px4_msgs/include/px4_msgs/px4_msgs/msg/detail/fixed_wing_lateral_guidance_status__rosidl_typesupport_introspection_cpp.hpp\n'}
[18.808279] (px4_msgs) StdoutLine: {'line': b'-- Up-to-date: /home/subhalaxmi/nidar_ws/install/px4_msgs/include/px4_msgs/px4_msgs/msg/detail/vehicle_rates_setpoint__type_support.cpp\n'}
[18.808573] (px4_msgs) StdoutLine: {'line': b'-- Up-to-date: /home/subhalaxmi/nidar_ws/install/px4_msgs/include/px4_msgs/px4_msgs/msg/detail/sensor_accel_fifo__type_support.cpp\n'}
[18.808840] (px4_msgs) StdoutLine: {'line': b'-- Up-to-date: /home/subhalaxmi/nidar_ws/install/px4_msgs/include/px4_msgs/px4_msgs/msg/detail/ekf2_timestamps__rosidl_typesupport_introspection_cpp.hpp\n'}
[18.809316] (px4_msgs) StdoutLine: {'line': b'-- Up-to-date: /home/subhalaxmi/nidar_ws/install/px4_msgs/include/px4_msgs/px4_msgs/msg/detail/sensor_accel__rosidl_typesupport_introspection_cpp.hpp\n'}
[18.809536] (px4_msgs) StdoutLine: {'line': b'-- Up-to-date: /home/subhalaxmi/nidar_ws/install/px4_msgs/include/px4_msgs/px4_msgs/msg/detail/sensor_selection__rosidl_typesupport_introspection_cpp.hpp\n'}
[18.809817] (px4_msgs) StdoutLine: {'line': b'-- Up-to-date: /home/subhalaxmi/nidar_ws/install/px4_msgs/include/px4_msgs/px4_msgs/msg/detail/differential_pressure__rosidl_typesupport_introspection_cpp.hpp\n'}
[18.810017] (px4_msgs) StdoutLine: {'line': b'-- Up-to-date: /home/subhalaxmi/nidar_ws/install/px4_msgs/include/px4_msgs/px4_msgs/msg/detail/open_drone_id_self_id__rosidl_typesupport_introspection_cpp.hpp\n'}
[18.810237] (px4_msgs) StdoutLine: {'line': b'-- Up-to-date: /home/subhalaxmi/nidar_ws/install/px4_msgs/include/px4_msgs/px4_msgs/msg/detail/debug_array__type_support.cpp\n'}
[18.810430] (px4_msgs) StdoutLine: {'line': b'-- Up-to-date: /home/subhalaxmi/nidar_ws/install/px4_msgs/include/px4_msgs/px4_msgs/msg/detail/vehicle_acceleration__rosidl_typesupport_introspection_cpp.hpp\n'}
[18.811015] (px4_msgs) StdoutLine: {'line': b'-- Up-to-date: /home/subhalaxmi/nidar_ws/install/px4_msgs/include/px4_msgs/px4_msgs/msg/detail/actuator_controls_status__rosidl_typesupport_introspection_cpp.hpp\n'}
[18.811650] (px4_msgs) StdoutLine: {'line': b'-- Up-to-date: /home/subhalaxmi/nidar_ws/install/px4_msgs/include/px4_msgs/px4_msgs/msg/detail/estimator_innovations__rosidl_typesupport_introspection_cpp.hpp\n'}
[18.811894] (px4_msgs) StdoutLine: {'line': b'-- Up-to-date: /home/subhalaxmi/nidar_ws/install/px4_msgs/include/px4_msgs/px4_msgs/msg/detail/gimbal_manager_status__rosidl_typesupport_introspection_cpp.hpp\n'}
[18.812102] (px4_msgs) StdoutLine: {'line': b'-- Up-to-date: /home/subhalaxmi/nidar_ws/install/px4_msgs/include/px4_msgs/px4_msgs/msg/detail/rover_attitude_status__type_support.cpp\n'}
[18.812355] (px4_msgs) StdoutLine: {'line': b'-- Up-to-date: /home/subhalaxmi/nidar_ws/install/px4_msgs/include/px4_msgs/px4_msgs/msg/detail/landing_target_pose__rosidl_typesupport_introspection_cpp.hpp\n'}
[18.812562] (px4_msgs) StdoutLine: {'line': b'-- Up-to-date: /home/subhalaxmi/nidar_ws/install/px4_msgs/include/px4_msgs/px4_msgs/msg/detail/ulog_stream__rosidl_typesupport_introspection_cpp.hpp\n'}
[18.812847] (px4_msgs) StdoutLine: {'line': b'-- Up-to-date: /home/subhalaxmi/nidar_ws/install/px4_msgs/include/px4_msgs/px4_msgs/msg/detail/tune_control__type_support.cpp\n'}
[18.813686] (px4_msgs) StdoutLine: {'line': b'-- Up-to-date: /home/subhalaxmi/nidar_ws/install/px4_msgs/include/px4_msgs/px4_msgs/msg/detail/differential_pressure__type_support.cpp\n'}
[18.813922] (px4_msgs) StdoutLine: {'line': b'-- Up-to-date: /home/subhalaxmi/nidar_ws/install/px4_msgs/include/px4_msgs/px4_msgs/msg/detail/trajectory_setpoint__rosidl_typesupport_introspection_cpp.hpp\n'}
[18.814505] (px4_msgs) StdoutLine: {'line': b'-- Up-to-date: /home/subhalaxmi/nidar_ws/install/px4_msgs/include/px4_msgs/px4_msgs/msg/detail/sensor_hygrometer__type_support.cpp\n'}
[18.814778] (px4_msgs) StdoutLine: {'line': b'-- Up-to-date: /home/subhalaxmi/nidar_ws/install/px4_msgs/include/px4_msgs/px4_msgs/msg/detail/orb_test__rosidl_typesupport_introspection_cpp.hpp\n'}
[18.814967] (px4_msgs) StdoutLine: {'line': b'-- Up-to-date: /home/subhalaxmi/nidar_ws/install/px4_msgs/include/px4_msgs/px4_msgs/msg/detail/system_power__rosidl_typesupport_introspection_cpp.hpp\n'}
[18.815185] (px4_msgs) StdoutLine: {'line': b'-- Up-to-date: /home/subhalaxmi/nidar_ws/install/px4_msgs/include/px4_msgs/px4_msgs/msg/detail/dronecan_node_status__type_support.cpp\n'}
[18.815400] (px4_msgs) StdoutLine: {'line': b'-- Up-to-date: /home/subhalaxmi/nidar_ws/install/px4_msgs/include/px4_msgs/px4_msgs/msg/detail/raptor_status__type_support.cpp\n'}
[18.815597] (px4_msgs) StdoutLine: {'line': b'-- Up-to-date: /home/subhalaxmi/nidar_ws/install/px4_msgs/include/px4_msgs/px4_msgs/msg/detail/camera_trigger__type_support.cpp\n'}
[18.815810] (px4_msgs) StdoutLine: {'line': b'-- Up-to-date: /home/subhalaxmi/nidar_ws/install/px4_msgs/include/px4_msgs/px4_msgs/msg/detail/goto_setpoint__type_support.cpp\n'}
[18.816005] (px4_msgs) StdoutLine: {'line': b'-- Up-to-date: /home/subhalaxmi/nidar_ws/install/px4_msgs/include/px4_msgs/px4_msgs/msg/detail/sensor_gps__rosidl_typesupport_introspection_cpp.hpp\n'}
[18.816224] (px4_msgs) StdoutLine: {'line': b'-- Up-to-date: /home/subhalaxmi/nidar_ws/install/px4_msgs/include/px4_msgs/px4_msgs/msg/detail/vehicle_angular_velocity__rosidl_typesupport_introspection_cpp.hpp\n'}
[18.816430] (px4_msgs) StdoutLine: {'line': b'-- Up-to-date: /home/subhalaxmi/nidar_ws/install/px4_msgs/include/px4_msgs/px4_msgs/msg/detail/velocity_limits__type_support.cpp\n'}
[18.816661] (px4_msgs) StdoutLine: {'line': b'-- Up-to-date: /home/subhalaxmi/nidar_ws/install/px4_msgs/include/px4_msgs/px4_msgs/msg/detail/device_information__type_support.cpp\n'}
[18.816890] (px4_msgs) StdoutLine: {'line': b'-- Up-to-date: /home/subhalaxmi/nidar_ws/install/px4_msgs/include/px4_msgs/px4_msgs/msg/detail/aux_global_position__rosidl_typesupport_introspection_cpp.hpp\n'}
[18.817091] (px4_msgs) StdoutLine: {'line': b'-- Up-to-date: /home/subhalaxmi/nidar_ws/install/px4_msgs/include/px4_msgs/px4_msgs/msg/detail/sensor_gnss_status__type_support.cpp\n'}
[18.817319] (px4_msgs) StdoutLine: {'line': b'-- Up-to-date: /home/subhalaxmi/nidar_ws/install/px4_msgs/include/px4_msgs/px4_msgs/msg/detail/home_position__type_support.cpp\n'}
[18.817559] (px4_msgs) StdoutLine: {'line': b'-- Up-to-date: /home/subhalaxmi/nidar_ws/install/px4_msgs/include/px4_msgs/px4_msgs/msg/detail/vehicle_optical_flow__type_support.cpp\n'}
[18.817982] (px4_msgs) StdoutLine: {'line': b'-- Up-to-date: /home/subhalaxmi/nidar_ws/install/px4_msgs/include/px4_msgs/px4_msgs/msg/detail/magnetometer_bias_estimate__rosidl_typesupport_introspection_cpp.hpp\n'}
[18.818225] (px4_msgs) StdoutLine: {'line': b'-- Up-to-date: /home/subhalaxmi/nidar_ws/install/px4_msgs/include/px4_msgs/px4_msgs/msg/detail/heater_status__type_support.cpp\n'}
[18.818443] (px4_msgs) StdoutLine: {'line': b'-- Up-to-date: /home/subhalaxmi/nidar_ws/install/px4_msgs/include/px4_msgs/px4_msgs/msg/detail/camera_status__rosidl_typesupport_introspection_cpp.hpp\n'}
[18.818651] (px4_msgs) StdoutLine: {'line': b'-- Up-to-date: /home/subhalaxmi/nidar_ws/install/px4_msgs/include/px4_msgs/px4_msgs/msg/detail/actuator_servos_trim__type_support.cpp\n'}
[18.818861] (px4_msgs) StdoutLine: {'line': b'-- Up-to-date: /home/subhalaxmi/nidar_ws/install/px4_msgs/include/px4_msgs/px4_msgs/msg/detail/debug_key_value__type_support.cpp\n'}
[18.819059] (px4_msgs) StdoutLine: {'line': b'-- Up-to-date: /home/subhalaxmi/nidar_ws/install/px4_msgs/include/px4_msgs/px4_msgs/msg/detail/vehicle_roi__type_support.cpp\n'}
[18.821100] (px4_msgs) StdoutLine: {'line': b'-- Up-to-date: /home/subhalaxmi/nidar_ws/install/px4_msgs/include/px4_msgs/px4_msgs/msg/detail/trajectory_setpoint6dof__type_support.cpp\n'}
[18.821552] (px4_msgs) StdoutLine: {'line': b'-- Up-to-date: /home/subhalaxmi/nidar_ws/install/px4_msgs/include/px4_msgs/px4_msgs/msg/detail/parameter_update__type_support.cpp\n'}
[18.821802] (px4_msgs) StdoutLine: {'line': b'-- Up-to-date: /home/subhalaxmi/nidar_ws/install/px4_msgs/include/px4_msgs/px4_msgs/msg/detail/manual_control_setpoint__rosidl_typesupport_introspection_cpp.hpp\n'}
[18.822018] (px4_msgs) StdoutLine: {'line': b'-- Up-to-date: /home/subhalaxmi/nidar_ws/install/px4_msgs/include/px4_msgs/px4_msgs/msg/detail/unregister_ext_component__type_support.cpp\n'}
[18.822396] (px4_msgs) StdoutLine: {'line': b'-- Up-to-date: /home/subhalaxmi/nidar_ws/install/px4_msgs/include/px4_msgs/px4_msgs/msg/detail/orb_test_medium__type_support.cpp\n'}
[18.822698] (px4_msgs) StdoutLine: {'line': b'-- Up-to-date: /home/subhalaxmi/nidar_ws/install/px4_msgs/include/px4_msgs/px4_msgs/msg/detail/actuator_test__rosidl_typesupport_introspection_cpp.hpp\n'}
[18.826209] (px4_msgs) StdoutLine: {'line': b'-- Up-to-date: /home/subhalaxmi/nidar_ws/install/px4_msgs/include/px4_msgs/px4_msgs/msg/detail/battery_status__rosidl_typesupport_introspection_cpp.hpp\n'}
[18.826535] (px4_msgs) StdoutLine: {'line': b'-- Up-to-date: /home/subhalaxmi/nidar_ws/install/px4_msgs/include/px4_msgs/px4_msgs/msg/detail/esc_report__type_support.cpp\n'}
[18.827978] (px4_msgs) StdoutLine: {'line': b'-- Up-to-date: /home/subhalaxmi/nidar_ws/install/px4_msgs/include/px4_msgs/px4_msgs/msg/detail/sensor_gyro_fifo__rosidl_typesupport_introspection_cpp.hpp\n'}
[18.831070] (px4_msgs) StdoutLine: {'line': b'-- Up-to-date: /home/subhalaxmi/nidar_ws/install/px4_msgs/include/px4_msgs/px4_msgs/msg/detail/landing_target_innovations__type_support.cpp\n'}
[18.831743] (px4_msgs) StdoutLine: {'line': b'-- Up-to-date: /home/subhalaxmi/nidar_ws/install/px4_msgs/include/px4_msgs/px4_msgs/msg/detail/vehicle_command__type_support.cpp\n'}
[18.832014] (px4_msgs) StdoutLine: {'line': b'-- Up-to-date: /home/subhalaxmi/nidar_ws/install/px4_msgs/include/px4_msgs/px4_msgs/msg/detail/vehicle_status__rosidl_typesupport_introspection_cpp.hpp\n'}
[18.832343] (px4_msgs) StdoutLine: {'line': b'-- Up-to-date: /home/subhalaxmi/nidar_ws/install/px4_msgs/include/px4_msgs/px4_msgs/msg/detail/mavlink_tunnel__type_support.cpp\n'}
[18.832652] (px4_msgs) StdoutLine: {'line': b'-- Up-to-date: /home/subhalaxmi/nidar_ws/install/px4_msgs/include/px4_msgs/px4_msgs/msg/detail/trajectory_setpoint__type_support.cpp\n'}
[18.833151] (px4_msgs) StdoutLine: {'line': b'-- Up-to-date: /home/subhalaxmi/nidar_ws/install/px4_msgs/include/px4_msgs/px4_msgs/msg/detail/irlock_report__rosidl_typesupport_introspection_cpp.hpp\n'}
[18.833603] (px4_msgs) StdoutLine: {'line': b'-- Up-to-date: /home/subhalaxmi/nidar_ws/install/px4_msgs/include/px4_msgs/px4_msgs/msg/detail/vehicle_optical_flow__rosidl_typesupport_introspection_cpp.hpp\n'}
[18.835369] (px4_msgs) StdoutLine: {'line': b'-- Up-to-date: /home/subhalaxmi/nidar_ws/install/px4_msgs/include/px4_msgs/px4_msgs/msg/detail/irlock_report__type_support.cpp\n'}
[18.836178] (px4_msgs) StdoutLine: {'line': b'-- Up-to-date: /home/subhalaxmi/nidar_ws/install/px4_msgs/include/px4_msgs/px4_msgs/msg/detail/open_drone_id_system__type_support.cpp\n'}
[18.836437] (px4_msgs) StdoutLine: {'line': b'-- Up-to-date: /home/subhalaxmi/nidar_ws/install/px4_msgs/include/px4_msgs/px4_msgs/msg/detail/event__rosidl_typesupport_introspection_cpp.hpp\n'}
[18.836649] (px4_msgs) StdoutLine: {'line': b'-- Up-to-date: /home/subhalaxmi/nidar_ws/install/px4_msgs/include/px4_msgs/px4_msgs/msg/detail/sensor_gyro__rosidl_typesupport_introspection_cpp.hpp\n'}
[18.836854] (px4_msgs) StdoutLine: {'line': b'-- Up-to-date: /home/subhalaxmi/nidar_ws/install/px4_msgs/include/px4_msgs/px4_msgs/msg/detail/rover_position_setpoint__type_support.cpp\n'}
[18.837152] (px4_msgs) StdoutLine: {'line': b'-- Up-to-date: /home/subhalaxmi/nidar_ws/install/px4_msgs/include/px4_msgs/px4_msgs/msg/detail/position_setpoint_triplet__rosidl_typesupport_introspection_cpp.hpp\n'}
[18.837477] (px4_msgs) StdoutLine: {'line': b'-- Up-to-date: /home/subhalaxmi/nidar_ws/install/px4_msgs/include/px4_msgs/px4_msgs/msg/detail/wind__type_support.cpp\n'}
[18.837679] (px4_msgs) StdoutLine: {'line': b'-- Up-to-date: /home/subhalaxmi/nidar_ws/install/px4_msgs/include/px4_msgs/px4_msgs/msg/detail/register_ext_component_reply__rosidl_typesupport_introspection_cpp.hpp\n'}
[18.837867] (px4_msgs) StdoutLine: {'line': b'-- Up-to-date: /home/subhalaxmi/nidar_ws/install/px4_msgs/include/px4_msgs/px4_msgs/msg/detail/vehicle_odometry__rosidl_typesupport_introspection_cpp.hpp\n'}
[18.838091] (px4_msgs) StdoutLine: {'line': b'-- Up-to-date: /home/subhalaxmi/nidar_ws/install/px4_msgs/include/px4_msgs/px4_msgs/msg/detail/pure_pursuit_status__type_support.cpp\n'}
[18.838457] (px4_msgs) StdoutLine: {'line': b'-- Up-to-date: /home/subhalaxmi/nidar_ws/install/px4_msgs/include/px4_msgs/px4_msgs/msg/detail/sensor_temp__rosidl_typesupport_introspection_cpp.hpp\n'}
[18.838651] (px4_msgs) StdoutLine: {'line': b'-- Up-to-date: /home/subhalaxmi/nidar_ws/install/px4_msgs/include/px4_msgs/px4_msgs/msg/detail/rtl_status__type_support.cpp\n'}
[18.838916] (px4_msgs) StdoutLine: {'line': b'-- Up-to-date: /home/subhalaxmi/nidar_ws/install/px4_msgs/include/px4_msgs/px4_msgs/msg/detail/goto_setpoint__rosidl_typesupport_introspection_cpp.hpp\n'}
[18.839123] (px4_msgs) StdoutLine: {'line': b'-- Up-to-date: /home/subhalaxmi/nidar_ws/install/px4_msgs/include/px4_msgs/px4_msgs/msg/detail/power_monitor__type_support.cpp\n'}
[18.839489] (px4_msgs) StdoutLine: {'line': b'-- Up-to-date: /home/subhalaxmi/nidar_ws/install/px4_msgs/include/px4_msgs/px4_msgs/msg/detail/rover_attitude_setpoint__type_support.cpp\n'}
[18.839728] (px4_msgs) StdoutLine: {'line': b'-- Up-to-date: /home/subhalaxmi/nidar_ws/install/px4_msgs/include/px4_msgs/px4_msgs/msg/detail/debug_vect__type_support.cpp\n'}
[18.839925] (px4_msgs) StdoutLine: {'line': b'-- Up-to-date: /home/subhalaxmi/nidar_ws/install/px4_msgs/include/px4_msgs/px4_msgs/msg/detail/debug_key_value__rosidl_typesupport_introspection_cpp.hpp\n'}
[18.840145] (px4_msgs) StdoutLine: {'line': b'-- Up-to-date: /home/subhalaxmi/nidar_ws/install/px4_msgs/include/px4_msgs/px4_msgs/msg/detail/parameter_set_used_request__rosidl_typesupport_introspection_cpp.hpp\n'}
[18.840406] (px4_msgs) StdoutLine: {'line': b'-- Up-to-date: /home/subhalaxmi/nidar_ws/install/px4_msgs/include/px4_msgs/px4_msgs/msg/detail/estimator_aid_source2d__type_support.cpp\n'}
[18.840701] (px4_msgs) StdoutLine: {'line': b'-- Up-to-date: /home/subhalaxmi/nidar_ws/install/px4_msgs/include/px4_msgs/px4_msgs/msg/detail/estimator_sensor_bias__rosidl_typesupport_introspection_cpp.hpp\n'}
[18.840953] (px4_msgs) StdoutLine: {'line': b'-- Up-to-date: /home/subhalaxmi/nidar_ws/install/px4_msgs/include/px4_msgs/px4_msgs/msg/detail/launch_detection_status__rosidl_typesupport_introspection_cpp.hpp\n'}
[18.841270] (px4_msgs) StdoutLine: {'line': b'-- Up-to-date: /home/subhalaxmi/nidar_ws/install/px4_msgs/include/px4_msgs/px4_msgs/msg/detail/takeoff_status__type_support.cpp\n'}
[18.841681] (px4_msgs) StdoutLine: {'line': b'-- Up-to-date: /home/subhalaxmi/nidar_ws/install/px4_msgs/include/px4_msgs/px4_msgs/msg/detail/position_controller_status__type_support.cpp\n'}
[18.841890] (px4_msgs) StdoutLine: {'line': b'-- Up-to-date: /home/subhalaxmi/nidar_ws/install/px4_msgs/include/px4_msgs/px4_msgs/msg/detail/offboard_control_mode__type_support.cpp\n'}
[18.842075] (px4_msgs) StdoutLine: {'line': b'-- Up-to-date: /home/subhalaxmi/nidar_ws/install/px4_msgs/include/px4_msgs/px4_msgs/msg/detail/figure_eight_status__rosidl_typesupport_introspection_cpp.hpp\n'}
[18.842304] (px4_msgs) StdoutLine: {'line': b'-- Up-to-date: /home/subhalaxmi/nidar_ws/install/px4_msgs/include/px4_msgs/px4_msgs/msg/detail/rover_rate_setpoint__type_support.cpp\n'}
[18.842505] (px4_msgs) StdoutLine: {'line': b'-- Up-to-date: /home/subhalaxmi/nidar_ws/install/px4_msgs/include/px4_msgs/px4_msgs/msg/detail/geofence_status__rosidl_typesupport_introspection_cpp.hpp\n'}
[18.842700] (px4_msgs) StdoutLine: {'line': b'-- Up-to-date: /home/subhalaxmi/nidar_ws/install/px4_msgs/include/px4_msgs/px4_msgs/msg/detail/gimbal_device_information__rosidl_typesupport_introspection_cpp.hpp\n'}
[18.842896] (px4_msgs) StdoutLine: {'line': b'-- Up-to-date: /home/subhalaxmi/nidar_ws/install/px4_msgs/include/px4_msgs/px4_msgs/msg/detail/camera_capture__type_support.cpp\n'}
[18.843081] (px4_msgs) StdoutLine: {'line': b'-- Up-to-date: /home/subhalaxmi/nidar_ws/install/px4_msgs/include/px4_msgs/px4_msgs/msg/detail/gpio_out__rosidl_typesupport_introspection_cpp.hpp\n'}
[18.846449] (px4_msgs) StdoutLine: {'line': b'-- Up-to-date: /home/subhalaxmi/nidar_ws/install/px4_msgs/include/px4_msgs/px4_msgs/msg/detail/vehicle_air_data__type_support.cpp\n'}
[18.846704] (px4_msgs) StdoutLine: {'line': b'-- Up-to-date: /home/subhalaxmi/nidar_ws/install/px4_msgs/include/px4_msgs/px4_msgs/msg/detail/fixed_wing_lateral_setpoint__type_support.cpp\n'}
[18.846914] (px4_msgs) StdoutLine: {'line': b'-- Up-to-date: /home/subhalaxmi/nidar_ws/install/px4_msgs/include/px4_msgs/px4_msgs/msg/detail/ulog_stream_ack__rosidl_typesupport_introspection_cpp.hpp\n'}
[18.848186] (px4_msgs) StdoutLine: {'line': b'-- Up-to-date: /home/subhalaxmi/nidar_ws/install/px4_msgs/include/px4_msgs/px4_msgs/msg/detail/parameter_set_value_response__type_support.cpp\n'}
[18.851911] (px4_msgs) StdoutLine: {'line': b'-- Up-to-date: /home/subhalaxmi/nidar_ws/install/px4_msgs/include/px4_msgs/px4_msgs/msg/detail/vehicle_attitude_setpoint__rosidl_typesupport_introspection_cpp.hpp\n'}
[18.852336] (px4_msgs) StdoutLine: {'line': b'-- Up-to-date: /home/subhalaxmi/nidar_ws/install/px4_msgs/include/px4_msgs/px4_msgs/msg/detail/dataman_response__rosidl_typesupport_introspection_cpp.hpp\n'}
[18.852591] (px4_msgs) StdoutLine: {'line': b'-- Up-to-date: /home/subhalaxmi/nidar_ws/install/px4_msgs/include/px4_msgs/px4_msgs/msg/detail/sensor_airflow__rosidl_typesupport_introspection_cpp.hpp\n'}
[18.855901] (px4_msgs) StdoutLine: {'line': b'-- Up-to-date: /home/subhalaxmi/nidar_ws/install/px4_msgs/include/px4_msgs/px4_msgs/msg/detail/qshell_req__type_support.cpp\n'}
[18.860150] (px4_msgs) StdoutLine: {'line': b'-- Up-to-date: /home/subhalaxmi/nidar_ws/install/px4_msgs/include/px4_msgs/px4_msgs/msg/detail/heater_status__rosidl_typesupport_introspection_cpp.hpp\n'}
[18.860483] (-) TimerEvent: {}
[18.861682] (px4_msgs) StdoutLine: {'line': b'-- Up-to-date: /home/subhalaxmi/nidar_ws/install/px4_msgs/include/px4_msgs/px4_msgs/msg/detail/vehicle_optical_flow_vel__type_support.cpp\n'}
[18.862016] (px4_msgs) StdoutLine: {'line': b'-- Up-to-date: /home/subhalaxmi/nidar_ws/install/px4_msgs/include/px4_msgs/px4_msgs/msg/detail/sensor_combined__type_support.cpp\n'}
[18.864452] (px4_msgs) StdoutLine: {'line': b'-- Up-to-date: /home/subhalaxmi/nidar_ws/install/px4_msgs/include/px4_msgs/px4_msgs/msg/detail/rtl_time_estimate__rosidl_typesupport_introspection_cpp.hpp\n'}
[18.864801] (px4_msgs) StdoutLine: {'line': b'-- Up-to-date: /home/subhalaxmi/nidar_ws/install/px4_msgs/include/px4_msgs/px4_msgs/msg/detail/logger_status__rosidl_typesupport_introspection_cpp.hpp\n'}
[18.865053] (px4_msgs) StdoutLine: {'line': b'-- Up-to-date: /home/subhalaxmi/nidar_ws/install/px4_msgs/include/px4_msgs/px4_msgs/msg/detail/rc_parameter_map__type_support.cpp\n'}
[18.867318] (px4_msgs) StdoutLine: {'line': b'-- Up-to-date: /home/subhalaxmi/nidar_ws/install/px4_msgs/include/px4_msgs/px4_msgs/msg/detail/vehicle_attitude_setpoint__type_support.cpp\n'}
[18.867602] (px4_msgs) StdoutLine: {'line': b'-- Up-to-date: /home/subhalaxmi/nidar_ws/install/px4_msgs/include/px4_msgs/px4_msgs/msg/detail/sensor_mag__type_support.cpp\n'}
[18.867808] (px4_msgs) StdoutLine: {'line': b'-- Up-to-date: /home/subhalaxmi/nidar_ws/install/px4_msgs/include/px4_msgs/px4_msgs/msg/detail/sensor_baro__type_support.cpp\n'}
[18.868027] (px4_msgs) StdoutLine: {'line': b'-- Up-to-date: /home/subhalaxmi/nidar_ws/install/px4_msgs/include/px4_msgs/px4_msgs/msg/detail/qshell_retval__rosidl_typesupport_introspection_cpp.hpp\n'}
[18.868327] (px4_msgs) StdoutLine: {'line': b'-- Up-to-date: /home/subhalaxmi/nidar_ws/install/px4_msgs/include/px4_msgs/px4_msgs/msg/detail/tiltrotor_extra_controls__rosidl_typesupport_introspection_cpp.hpp\n'}
[18.868637] (px4_msgs) StdoutLine: {'line': b'-- Up-to-date: /home/subhalaxmi/nidar_ws/install/px4_msgs/include/px4_msgs/px4_msgs/msg/detail/debug_value__type_support.cpp\n'}
[18.869416] (px4_msgs) StdoutLine: {'line': b'-- Up-to-date: /home/subhalaxmi/nidar_ws/install/px4_msgs/include/px4_msgs/px4_msgs/msg/detail/follow_target_estimator__type_support.cpp\n'}
[18.869666] (px4_msgs) StdoutLine: {'line': b'-- Up-to-date: /home/subhalaxmi/nidar_ws/install/px4_msgs/include/px4_msgs/px4_msgs/msg/detail/iridiumsbd_status__rosidl_typesupport_introspection_cpp.hpp\n'}
[18.869886] (px4_msgs) StdoutLine: {'line': b'-- Up-to-date: /home/subhalaxmi/nidar_ws/install/px4_msgs/include/px4_msgs/px4_msgs/msg/detail/orb_test_medium__rosidl_typesupport_introspection_cpp.hpp\n'}
[18.873678] (px4_msgs) StdoutLine: {'line': b'-- Up-to-date: /home/subhalaxmi/nidar_ws/install/px4_msgs/include/px4_msgs/px4_msgs/msg/detail/iridiumsbd_status__type_support.cpp\n'}
[18.873929] (px4_msgs) StdoutLine: {'line': b'-- Up-to-date: /home/subhalaxmi/nidar_ws/install/px4_msgs/include/px4_msgs/px4_msgs/msg/detail/manual_control_setpoint__type_support.cpp\n'}
[18.874155] (px4_msgs) StdoutLine: {'line': b'-- Up-to-date: /home/subhalaxmi/nidar_ws/install/px4_msgs/include/px4_msgs/px4_msgs/msg/detail/position_controller_landing_status__rosidl_typesupport_introspection_cpp.hpp\n'}
[18.874373] (px4_msgs) StdoutLine: {'line': b'-- Up-to-date: /home/subhalaxmi/nidar_ws/install/px4_msgs/include/px4_msgs/px4_msgs/msg/detail/distance_sensor__type_support.cpp\n'}
[18.874580] (px4_msgs) StdoutLine: {'line': b'-- Up-to-date: /home/subhalaxmi/nidar_ws/install/px4_msgs/include/px4_msgs/px4_msgs/msg/detail/debug_vect__rosidl_typesupport_introspection_cpp.hpp\n'}
[18.874778] (px4_msgs) StdoutLine: {'line': b'-- Up-to-date: /home/subhalaxmi/nidar_ws/install/px4_msgs/include/px4_msgs/px4_msgs/msg/detail/estimator_bias__rosidl_typesupport_introspection_cpp.hpp\n'}
[18.874971] (px4_msgs) StdoutLine: {'line': b'-- Up-to-date: /home/subhalaxmi/nidar_ws/install/px4_msgs/include/px4_msgs/px4_msgs/msg/detail/rover_rate_status__rosidl_typesupport_introspection_cpp.hpp\n'}
[18.875187] (px4_msgs) StdoutLine: {'line': b'-- Up-to-date: /home/subhalaxmi/nidar_ws/install/px4_msgs/include/px4_msgs/px4_msgs/msg/detail/estimator_states__type_support.cpp\n'}
[18.875857] (px4_msgs) StdoutLine: {'line': b'-- Up-to-date: /home/subhalaxmi/nidar_ws/install/px4_msgs/include/px4_msgs/px4_msgs/msg/detail/rc_parameter_map__rosidl_typesupport_introspection_cpp.hpp\n'}
[18.876092] (px4_msgs) StdoutLine: {'line': b'-- Up-to-date: /home/subhalaxmi/nidar_ws/install/px4_msgs/include/px4_msgs/px4_msgs/msg/detail/camera_trigger__rosidl_typesupport_introspection_cpp.hpp\n'}
[18.876338] (px4_msgs) StdoutLine: {'line': b'-- Up-to-date: /home/subhalaxmi/nidar_ws/install/px4_msgs/include/px4_msgs/px4_msgs/msg/detail/vehicle_angular_acceleration_setpoint__type_support.cpp\n'}
[18.876544] (px4_msgs) StdoutLine: {'line': b'-- Up-to-date: /home/subhalaxmi/nidar_ws/install/px4_msgs/include/px4_msgs/px4_msgs/msg/detail/landing_gear__type_support.cpp\n'}
[18.876736] (px4_msgs) StdoutLine: {'line': b'-- Up-to-date: /home/subhalaxmi/nidar_ws/install/px4_msgs/include/px4_msgs/px4_msgs/msg/detail/vehicle_magnetometer__rosidl_typesupport_introspection_cpp.hpp\n'}
[18.876954] (px4_msgs) StdoutLine: {'line': b'-- Up-to-date: /home/subhalaxmi/nidar_ws/install/px4_msgs/include/px4_msgs/px4_msgs/msg/detail/navigator_mission_item__type_support.cpp\n'}
[18.877378] (px4_msgs) StdoutLine: {'line': b'-- Up-to-date: /home/subhalaxmi/nidar_ws/install/px4_msgs/include/px4_msgs/px4_msgs/msg/detail/ulog_stream__type_support.cpp\n'}
[18.877640] (px4_msgs) StdoutLine: {'line': b'-- Up-to-date: /home/subhalaxmi/nidar_ws/install/px4_msgs/include/px4_msgs/px4_msgs/msg/detail/mag_worker_data__type_support.cpp\n'}
[18.877848] (px4_msgs) StdoutLine: {'line': b'-- Up-to-date: /home/subhalaxmi/nidar_ws/install/px4_msgs/include/px4_msgs/px4_msgs/msg/detail/obstacle_distance__rosidl_typesupport_introspection_cpp.hpp\n'}
[18.878045] (px4_msgs) StdoutLine: {'line': b'-- Up-to-date: /home/subhalaxmi/nidar_ws/install/px4_msgs/include/px4_msgs/px4_msgs/msg/detail/collision_constraints__rosidl_typesupport_introspection_cpp.hpp\n'}
[18.878305] (px4_msgs) StdoutLine: {'line': b'-- Up-to-date: /home/subhalaxmi/nidar_ws/install/px4_msgs/include/px4_msgs/px4_msgs/msg/detail/led_control__type_support.cpp\n'}
[18.878519] (px4_msgs) StdoutLine: {'line': b'-- Up-to-date: /home/subhalaxmi/nidar_ws/install/px4_msgs/include/px4_msgs/px4_msgs/msg/detail/gimbal_device_attitude_status__type_support.cpp\n'}
[18.878754] (px4_msgs) StdoutLine: {'line': b'-- Up-to-date: /home/subhalaxmi/nidar_ws/install/px4_msgs/include/px4_msgs/px4_msgs/msg/detail/landing_target_pose__type_support.cpp\n'}
[18.879120] (px4_msgs) StdoutLine: {'line': b'-- Up-to-date: /home/subhalaxmi/nidar_ws/install/px4_msgs/include/px4_msgs/px4_msgs/msg/detail/config_overrides__type_support.cpp\n'}
[18.879351] (px4_msgs) StdoutLine: {'line': b'-- Up-to-date: /home/subhalaxmi/nidar_ws/install/px4_msgs/include/px4_msgs/px4_msgs/msg/detail/actuator_motors__rosidl_typesupport_introspection_cpp.hpp\n'}
[18.881096] (px4_msgs) StdoutLine: {'line': b'-- Up-to-date: /home/subhalaxmi/nidar_ws/install/px4_msgs/include/px4_msgs/px4_msgs/msg/detail/parameter_set_value_request__rosidl_typesupport_introspection_cpp.hpp\n'}
[18.881550] (px4_msgs) StdoutLine: {'line': b'-- Up-to-date: /home/subhalaxmi/nidar_ws/install/px4_msgs/include/px4_msgs/px4_msgs/msg/detail/hover_thrust_estimate__rosidl_typesupport_introspection_cpp.hpp\n'}
[18.881771] (px4_msgs) StdoutLine: {'line': b'-- Up-to-date: /home/subhalaxmi/nidar_ws/install/px4_msgs/include/px4_msgs/px4_msgs/msg/detail/esc_report__rosidl_typesupport_introspection_cpp.hpp\n'}
[18.881967] (px4_msgs) StdoutLine: {'line': b'-- Up-to-date: /home/subhalaxmi/nidar_ws/install/px4_msgs/include/px4_msgs/px4_msgs/msg/detail/estimator_status__rosidl_typesupport_introspection_cpp.hpp\n'}
[18.882198] (px4_msgs) StdoutLine: {'line': b'-- Up-to-date: /home/subhalaxmi/nidar_ws/install/px4_msgs/include/px4_msgs/px4_msgs/msg/detail/longitudinal_control_configuration__rosidl_typesupport_introspection_cpp.hpp\n'}
[18.882424] (px4_msgs) StdoutLine: {'line': b'-- Up-to-date: /home/subhalaxmi/nidar_ws/install/px4_msgs/include/px4_msgs/px4_msgs/msg/detail/arming_check_reply__rosidl_typesupport_introspection_cpp.hpp\n'}
[18.882624] (px4_msgs) StdoutLine: {'line': b'-- Up-to-date: /home/subhalaxmi/nidar_ws/install/px4_msgs/include/px4_msgs/px4_msgs/msg/detail/estimator_aid_source1d__rosidl_typesupport_introspection_cpp.hpp\n'}
[18.882866] (px4_msgs) StdoutLine: {'line': b'-- Up-to-date: /home/subhalaxmi/nidar_ws/install/px4_msgs/include/px4_msgs/px4_msgs/msg/detail/dataman_response__type_support.cpp\n'}
[18.883430] (px4_msgs) StdoutLine: {'line': b'-- Up-to-date: /home/subhalaxmi/nidar_ws/install/px4_msgs/include/px4_msgs/px4_msgs/msg/detail/sensor_uwb__type_support.cpp\n'}
[18.883647] (px4_msgs) StdoutLine: {'line': b'-- Up-to-date: /home/subhalaxmi/nidar_ws/install/px4_msgs/include/px4_msgs/px4_msgs/msg/detail/parameter_reset_request__type_support.cpp\n'}
[18.883855] (px4_msgs) StdoutLine: {'line': b'-- Up-to-date: /home/subhalaxmi/nidar_ws/install/px4_msgs/include/px4_msgs/px4_msgs/msg/detail/estimator_bias3d__rosidl_typesupport_introspection_cpp.hpp\n'}
[18.884359] (px4_msgs) StdoutLine: {'line': b'-- Up-to-date: /home/subhalaxmi/nidar_ws/install/px4_msgs/include/px4_msgs/px4_msgs/msg/detail/telemetry_status__type_support.cpp\n'}
[18.884692] (px4_msgs) StdoutLine: {'line': b'-- Up-to-date: /home/subhalaxmi/nidar_ws/install/px4_msgs/include/px4_msgs/px4_msgs/msg/detail/actuator_outputs__type_support.cpp\n'}
[18.884902] (px4_msgs) StdoutLine: {'line': b'-- Up-to-date: /home/subhalaxmi/nidar_ws/install/px4_msgs/include/px4_msgs/px4_msgs/msg/detail/ping__rosidl_typesupport_introspection_cpp.hpp\n'}
[18.885095] (px4_msgs) StdoutLine: {'line': b'-- Up-to-date: /home/subhalaxmi/nidar_ws/install/px4_msgs/include/px4_msgs/px4_msgs/msg/detail/fuel_tank_status__type_support.cpp\n'}
[18.885385] (px4_msgs) StdoutLine: {'line': b'-- Up-to-date: /home/subhalaxmi/nidar_ws/install/px4_msgs/include/px4_msgs/px4_msgs/msg/detail/airspeed_wind__rosidl_typesupport_introspection_cpp.hpp\n'}
[18.885630] (px4_msgs) StdoutLine: {'line': b'-- Up-to-date: /home/subhalaxmi/nidar_ws/install/px4_msgs/include/px4_msgs/px4_msgs/msg/detail/rtl_status__rosidl_typesupport_introspection_cpp.hpp\n'}
[18.885830] (px4_msgs) StdoutLine: {'line': b'-- Up-to-date: /home/subhalaxmi/nidar_ws/install/px4_msgs/include/px4_msgs/px4_msgs/msg/detail/airspeed__rosidl_typesupport_introspection_cpp.hpp\n'}
[18.886067] (px4_msgs) StdoutLine: {'line': b'-- Up-to-date: /home/subhalaxmi/nidar_ws/install/px4_msgs/include/px4_msgs/px4_msgs/msg/detail/actuator_armed__rosidl_typesupport_introspection_cpp.hpp\n'}
[18.886618] (px4_msgs) StdoutLine: {'line': b'-- Up-to-date: /home/subhalaxmi/nidar_ws/install/px4_msgs/include/px4_msgs/px4_msgs/msg/detail/rover_throttle_setpoint__type_support.cpp\n'}
[18.886846] (px4_msgs) StdoutLine: {'line': b'-- Up-to-date: /home/subhalaxmi/nidar_ws/install/px4_msgs/include/px4_msgs/px4_msgs/msg/detail/sensor_hygrometer__rosidl_typesupport_introspection_cpp.hpp\n'}
[18.887057] (px4_msgs) StdoutLine: {'line': b'-- Up-to-date: /home/subhalaxmi/nidar_ws/install/px4_msgs/include/px4_msgs/px4_msgs/msg/detail/yaw_estimator_status__type_support.cpp\n'}
[18.887313] (px4_msgs) StdoutLine: {'line': b'-- Up-to-date: /home/subhalaxmi/nidar_ws/install/px4_msgs/include/px4_msgs/px4_msgs/msg/detail/estimator_aid_source1d__type_support.cpp\n'}
[18.888812] (px4_msgs) StdoutLine: {'line': b'-- Up-to-date: /home/subhalaxmi/nidar_ws/install/px4_msgs/include/px4_msgs/px4_msgs/msg/detail/gpio_request__type_support.cpp\n'}
[18.890079] (px4_msgs) StdoutLine: {'line': b'-- Up-to-date: /home/subhalaxmi/nidar_ws/install/px4_msgs/include/px4_msgs/px4_msgs/msg/detail/vehicle_imu__rosidl_typesupport_introspection_cpp.hpp\n'}
[18.890468] (px4_msgs) StdoutLine: {'line': b'-- Up-to-date: /home/subhalaxmi/nidar_ws/install/px4_msgs/include/px4_msgs/px4_msgs/msg/detail/cellular_status__type_support.cpp\n'}
[18.891582] (px4_msgs) StdoutLine: {'line': b'-- Up-to-date: /home/subhalaxmi/nidar_ws/install/px4_msgs/include/px4_msgs/px4_msgs/msg/detail/parameter_set_used_request__type_support.cpp\n'}
[18.891868] (px4_msgs) StdoutLine: {'line': b'-- Up-to-date: /home/subhalaxmi/nidar_ws/install/px4_msgs/include/px4_msgs/px4_msgs/msg/detail/rpm__type_support.cpp\n'}
[18.892295] (px4_msgs) StdoutLine: {'line': b'-- Up-to-date: /home/subhalaxmi/nidar_ws/install/px4_msgs/include/px4_msgs/px4_msgs/msg/detail/distance_sensor_mode_change_request__rosidl_typesupport_introspection_cpp.hpp\n'}
[18.892582] (px4_msgs) StdoutLine: {'line': b'-- Up-to-date: /home/subhalaxmi/nidar_ws/install/px4_msgs/include/px4_msgs/px4_msgs/msg/detail/fixed_wing_longitudinal_setpoint__type_support.cpp\n'}
[18.892809] (px4_msgs) StdoutLine: {'line': b'-- Up-to-date: /home/subhalaxmi/nidar_ws/install/px4_msgs/include/px4_msgs/px4_msgs/msg/detail/gpio_in__rosidl_typesupport_introspection_cpp.hpp\n'}
[18.893159] (px4_msgs) StdoutLine: {'line': b'-- Up-to-date: /home/subhalaxmi/nidar_ws/install/px4_msgs/include/px4_msgs/px4_msgs/msg/detail/telemetry_status__rosidl_typesupport_introspection_cpp.hpp\n'}
[18.893913] (px4_msgs) StdoutLine: {'line': b'-- Up-to-date: /home/subhalaxmi/nidar_ws/install/px4_msgs/include/px4_msgs/px4_msgs/msg/detail/rover_speed_setpoint__type_support.cpp\n'}
[18.894327] (px4_msgs) StdoutLine: {'line': b'-- Up-to-date: /home/subhalaxmi/nidar_ws/install/px4_msgs/include/px4_msgs/px4_msgs/msg/detail/button_event__type_support.cpp\n'}
[18.894731] (px4_msgs) StdoutLine: {'line': b'-- Up-to-date: /home/subhalaxmi/nidar_ws/install/px4_msgs/include/px4_msgs/px4_msgs/msg/detail/tiltrotor_extra_controls__type_support.cpp\n'}
[18.897586] (px4_msgs) StdoutLine: {'line': b'-- Up-to-date: /home/subhalaxmi/nidar_ws/install/px4_msgs/include/px4_msgs/px4_msgs/msg/detail/sensor_gyro__type_support.cpp\n'}
[18.898857] (px4_msgs) StdoutLine: {'line': b'-- Up-to-date: /home/subhalaxmi/nidar_ws/install/px4_msgs/include/px4_msgs/px4_msgs/msg/detail/actuator_motors__type_support.cpp\n'}
[18.899291] (px4_msgs) StdoutLine: {'line': b'-- Up-to-date: /home/subhalaxmi/nidar_ws/install/px4_msgs/include/px4_msgs/px4_msgs/msg/detail/navigator_status__type_support.cpp\n'}
[18.899580] (px4_msgs) StdoutLine: {'line': b'-- Up-to-date: /home/subhalaxmi/nidar_ws/install/px4_msgs/include/px4_msgs/px4_msgs/msg/detail/estimator_gps_status__rosidl_typesupport_introspection_cpp.hpp\n'}
[18.899808] (px4_msgs) StdoutLine: {'line': b'-- Up-to-date: /home/subhalaxmi/nidar_ws/install/px4_msgs/include/px4_msgs/px4_msgs/msg/detail/sensor_gyro_fft__rosidl_typesupport_introspection_cpp.hpp\n'}
[18.900031] (px4_msgs) StdoutLine: {'line': b'-- Up-to-date: /home/subhalaxmi/nidar_ws/install/px4_msgs/include/px4_msgs/px4_msgs/msg/detail/message_format_request__rosidl_typesupport_introspection_cpp.hpp\n'}
[18.900293] (px4_msgs) StdoutLine: {'line': b'-- Up-to-date: /home/subhalaxmi/nidar_ws/install/px4_msgs/include/px4_msgs/px4_msgs/msg/detail/sensor_gps__type_support.cpp\n'}
[18.900540] (px4_msgs) StdoutLine: {'line': b'-- Up-to-date: /home/subhalaxmi/nidar_ws/install/px4_msgs/include/px4_msgs/px4_msgs/msg/detail/longitudinal_control_configuration__type_support.cpp\n'}
[18.900946] (px4_msgs) StdoutLine: {'line': b'-- Up-to-date: /home/subhalaxmi/nidar_ws/install/px4_msgs/include/px4_msgs/px4_msgs/msg/detail/mag_worker_data__rosidl_typesupport_introspection_cpp.hpp\n'}
[18.902916] (px4_msgs) StdoutLine: {'line': b'-- Up-to-date: /home/subhalaxmi/nidar_ws/install/px4_msgs/include/px4_msgs/px4_msgs/msg/detail/gimbal_device_set_attitude__rosidl_typesupport_introspection_cpp.hpp\n'}
[18.903184] (px4_msgs) StdoutLine: {'line': b'-- Up-to-date: /home/subhalaxmi/nidar_ws/install/px4_msgs/include/px4_msgs/px4_msgs/msg/detail/rover_attitude_setpoint__rosidl_typesupport_introspection_cpp.hpp\n'}
[18.903576] (px4_msgs) StdoutLine: {'line': b'-- Up-to-date: /home/subhalaxmi/nidar_ws/install/px4_msgs/include/px4_msgs/px4_msgs/msg/detail/lateral_control_configuration__type_support.cpp\n'}
[18.903816] (px4_msgs) StdoutLine: {'line': b'-- Up-to-date: /home/subhalaxmi/nidar_ws/install/px4_msgs/include/px4_msgs/px4_msgs/msg/detail/system_power__type_support.cpp\n'}
[18.904076] (px4_msgs) StdoutLine: {'line': b'-- Up-to-date: /home/subhalaxmi/nidar_ws/install/px4_msgs/include/px4_msgs/px4_msgs/msg/detail/uavcan_parameter_request__rosidl_typesupport_introspection_cpp.hpp\n'}
[18.904304] (px4_msgs) StdoutLine: {'line': b'-- Up-to-date: /home/subhalaxmi/nidar_ws/install/px4_msgs/include/px4_msgs/px4_msgs/msg/detail/position_controller_status__rosidl_typesupport_introspection_cpp.hpp\n'}
[18.904538] (px4_msgs) StdoutLine: {'line': b'-- Up-to-date: /home/subhalaxmi/nidar_ws/install/px4_msgs/include/px4_msgs/px4_msgs/msg/detail/fixed_wing_lateral_status__rosidl_typesupport_introspection_cpp.hpp\n'}
[18.904762] (px4_msgs) StdoutLine: {'line': b'-- Up-to-date: /home/subhalaxmi/nidar_ws/install/px4_msgs/include/px4_msgs/px4_msgs/srv\n'}
[18.904980] (px4_msgs) StdoutLine: {'line': b'-- Up-to-date: /home/subhalaxmi/nidar_ws/install/px4_msgs/include/px4_msgs/px4_msgs/srv/detail\n'}
[18.905429] (px4_msgs) StdoutLine: {'line': b'-- Up-to-date: /home/subhalaxmi/nidar_ws/install/px4_msgs/include/px4_msgs/px4_msgs/srv/detail/vehicle_command__rosidl_typesupport_introspection_cpp.hpp\n'}
[18.905661] (px4_msgs) StdoutLine: {'line': b'-- Up-to-date: /home/subhalaxmi/nidar_ws/install/px4_msgs/include/px4_msgs/px4_msgs/srv/detail/vehicle_command__type_support.cpp\n'}
[18.905854] (px4_msgs) StdoutLine: {'line': b'-- Up-to-date: /home/subhalaxmi/nidar_ws/install/px4_msgs/lib/libpx4_msgs__rosidl_typesupport_introspection_cpp.so\n'}
[18.906085] (px4_msgs) StdoutLine: {'line': b'-- Up-to-date: /home/subhalaxmi/nidar_ws/install/px4_msgs/lib/libpx4_msgs__rosidl_typesupport_cpp.so\n'}
[18.906471] (px4_msgs) StdoutLine: {'line': b'-- Up-to-date: /home/subhalaxmi/nidar_ws/install/px4_msgs/share/px4_msgs/environment/pythonpath.sh\n'}
[18.906657] (px4_msgs) StdoutLine: {'line': b'-- Up-to-date: /home/subhalaxmi/nidar_ws/install/px4_msgs/share/px4_msgs/environment/pythonpath.dsv\n'}
[18.906864] (px4_msgs) StdoutLine: {'line': b'-- Up-to-date: /home/subhalaxmi/nidar_ws/install/px4_msgs/local/lib/python3.10/dist-packages/px4_msgs-2.0.1-py3.10.egg-info\n'}
[18.907059] (px4_msgs) StdoutLine: {'line': b'-- Installing: /home/subhalaxmi/nidar_ws/install/px4_msgs/local/lib/python3.10/dist-packages/px4_msgs-2.0.1-py3.10.egg-info/PKG-INFO\n'}
[18.907299] (px4_msgs) StdoutLine: {'line': b'-- Installing: /home/subhalaxmi/nidar_ws/install/px4_msgs/local/lib/python3.10/dist-packages/px4_msgs-2.0.1-py3.10.egg-info/SOURCES.txt\n'}
[18.907502] (px4_msgs) StdoutLine: {'line': b'-- Installing: /home/subhalaxmi/nidar_ws/install/px4_msgs/local/lib/python3.10/dist-packages/px4_msgs-2.0.1-py3.10.egg-info/top_level.txt\n'}
[18.907767] (px4_msgs) StdoutLine: {'line': b'-- Installing: /home/subhalaxmi/nidar_ws/install/px4_msgs/local/lib/python3.10/dist-packages/px4_msgs-2.0.1-py3.10.egg-info/dependency_links.txt\n'}
[18.908145] (px4_msgs) StdoutLine: {'line': b'-- Up-to-date: /home/subhalaxmi/nidar_ws/install/px4_msgs/local/lib/python3.10/dist-packages/px4_msgs\n'}
[18.908421] (px4_msgs) StdoutLine: {'line': b'-- Up-to-date: /home/subhalaxmi/nidar_ws/install/px4_msgs/local/lib/python3.10/dist-packages/px4_msgs/px4_msgs_s__rosidl_typesupport_introspection_c.cpython-310-x86_64-linux-gnu.so\n'}
[18.908635] (px4_msgs) StdoutLine: {'line': b'-- Up-to-date: /home/subhalaxmi/nidar_ws/install/px4_msgs/local/lib/python3.10/dist-packages/px4_msgs/libpx4_msgs__rosidl_generator_py.so\n'}
[18.908838] (px4_msgs) StdoutLine: {'line': b'-- Up-to-date: /home/subhalaxmi/nidar_ws/install/px4_msgs/local/lib/python3.10/dist-packages/px4_msgs/__init__.py\n'}
[18.909035] (px4_msgs) StdoutLine: {'line': b'-- Up-to-date: /home/subhalaxmi/nidar_ws/install/px4_msgs/local/lib/python3.10/dist-packages/px4_msgs/msg\n'}
[18.909590] (px4_msgs) StdoutLine: {'line': b'-- Up-to-date: /home/subhalaxmi/nidar_ws/install/px4_msgs/local/lib/python3.10/dist-packages/px4_msgs/msg/_orb_test_medium_s.c\n'}
[18.909851] (px4_msgs) StdoutLine: {'line': b'-- Up-to-date: /home/subhalaxmi/nidar_ws/install/px4_msgs/local/lib/python3.10/dist-packages/px4_msgs/msg/_vehicle_thrust_setpoint_s.c\n'}
[18.910074] (px4_msgs) StdoutLine: {'line': b'-- Up-to-date: /home/subhalaxmi/nidar_ws/install/px4_msgs/local/lib/python3.10/dist-packages/px4_msgs/msg/_rover_attitude_status_s.c\n'}
[18.910322] (px4_msgs) StdoutLine: {'line': b'-- Up-to-date: /home/subhalaxmi/nidar_ws/install/px4_msgs/local/lib/python3.10/dist-packages/px4_msgs/msg/_landing_target_pose.py\n'}
[18.910524] (px4_msgs) StdoutLine: {'line': b'-- Up-to-date: /home/subhalaxmi/nidar_ws/install/px4_msgs/local/lib/python3.10/dist-packages/px4_msgs/msg/_fuel_tank_status_s.c\n'}
[18.910762] (px4_msgs) StdoutLine: {'line': b'-- Up-to-date: /home/subhalaxmi/nidar_ws/install/px4_msgs/local/lib/python3.10/dist-packages/px4_msgs/msg/_health_report_s.c\n'}
[18.911076] (px4_msgs) StdoutLine: {'line': b'-- Up-to-date: /home/subhalaxmi/nidar_ws/install/px4_msgs/local/lib/python3.10/dist-packages/px4_msgs/msg/_sensor_combined.py\n'}
[18.911319] (px4_msgs) StdoutLine: {'line': b'-- Up-to-date: /home/subhalaxmi/nidar_ws/install/px4_msgs/local/lib/python3.10/dist-packages/px4_msgs/msg/_message_format_response.py\n'}
[18.911526] (px4_msgs) StdoutLine: {'line': b'-- Up-to-date: /home/subhalaxmi/nidar_ws/install/px4_msgs/local/lib/python3.10/dist-packages/px4_msgs/msg/_button_event.py\n'}
[18.911719] (px4_msgs) StdoutLine: {'line': b'-- Up-to-date: /home/subhalaxmi/nidar_ws/install/px4_msgs/local/lib/python3.10/dist-packages/px4_msgs/msg/_sensor_combined_s.c\n'}
[18.911905] (px4_msgs) StdoutLine: {'line': b'-- Up-to-date: /home/subhalaxmi/nidar_ws/install/px4_msgs/local/lib/python3.10/dist-packages/px4_msgs/msg/_uavcan_parameter_value.py\n'}
[18.912145] (px4_msgs) StdoutLine: {'line': b'-- Up-to-date: /home/subhalaxmi/nidar_ws/install/px4_msgs/local/lib/python3.10/dist-packages/px4_msgs/msg/_normalized_unsigned_setpoint.py\n'}
[18.912497] (px4_msgs) StdoutLine: {'line': b'-- Up-to-date: /home/subhalaxmi/nidar_ws/install/px4_msgs/local/lib/python3.10/dist-packages/px4_msgs/msg/_adc_report_s.c\n'}
[18.912673] (px4_msgs) StdoutLine: {'line': b'-- Up-to-date: /home/subhalaxmi/nidar_ws/install/px4_msgs/local/lib/python3.10/dist-packages/px4_msgs/msg/_debug_array.py\n'}
[18.912877] (px4_msgs) StdoutLine: {'line': b'-- Up-to-date: /home/subhalaxmi/nidar_ws/install/px4_msgs/local/lib/python3.10/dist-packages/px4_msgs/msg/_gimbal_controls_s.c\n'}
[18.913071] (px4_msgs) StdoutLine: {'line': b'-- Up-to-date: /home/subhalaxmi/nidar_ws/install/px4_msgs/local/lib/python3.10/dist-packages/px4_msgs/msg/_timesync_status_s.c\n'}
[18.913306] (px4_msgs) StdoutLine: {'line': b'-- Up-to-date: /home/subhalaxmi/nidar_ws/install/px4_msgs/local/lib/python3.10/dist-packages/px4_msgs/msg/_actuator_servos_trim.py\n'}
[18.913501] (px4_msgs) StdoutLine: {'line': b'-- Up-to-date: /home/subhalaxmi/nidar_ws/install/px4_msgs/local/lib/python3.10/dist-packages/px4_msgs/msg/_message_format_response_s.c\n'}
[18.913712] (px4_msgs) StdoutLine: {'line': b'-- Up-to-date: /home/subhalaxmi/nidar_ws/install/px4_msgs/local/lib/python3.10/dist-packages/px4_msgs/msg/_can_interface_status_s.c\n'}
[18.913920] (px4_msgs) StdoutLine: {'line': b'-- Up-to-date: /home/subhalaxmi/nidar_ws/install/px4_msgs/local/lib/python3.10/dist-packages/px4_msgs/msg/_yaw_estimator_status_s.c\n'}
[18.914225] (px4_msgs) StdoutLine: {'line': b'-- Up-to-date: /home/subhalaxmi/nidar_ws/install/px4_msgs/local/lib/python3.10/dist-packages/px4_msgs/msg/_qshell_req.py\n'}
[18.914438] (px4_msgs) StdoutLine: {'line': b'-- Up-to-date: /home/subhalaxmi/nidar_ws/install/px4_msgs/local/lib/python3.10/dist-packages/px4_msgs/msg/_arming_check_reply.py\n'}
[18.914606] (px4_msgs) StdoutLine: {'line': b'-- Up-to-date: /home/subhalaxmi/nidar_ws/install/px4_msgs/local/lib/python3.10/dist-packages/px4_msgs/msg/_estimator_states_s.c\n'}
[18.914770] (px4_msgs) StdoutLine: {'line': b'-- Up-to-date: /home/subhalaxmi/nidar_ws/install/px4_msgs/local/lib/python3.10/dist-packages/px4_msgs/msg/_vehicle_odometry_s.c\n'}
[18.914936] (px4_msgs) StdoutLine: {'line': b'-- Up-to-date: /home/subhalaxmi/nidar_ws/install/px4_msgs/local/lib/python3.10/dist-packages/px4_msgs/msg/_landing_target_pose_s.c\n'}
[18.915128] (px4_msgs) StdoutLine: {'line': b'-- Up-to-date: /home/subhalaxmi/nidar_ws/install/px4_msgs/local/lib/python3.10/dist-packages/px4_msgs/msg/_input_rc_s.c\n'}
[18.915350] (px4_msgs) StdoutLine: {'line': b'-- Up-to-date: /home/subhalaxmi/nidar_ws/install/px4_msgs/local/lib/python3.10/dist-packages/px4_msgs/msg/_vehicle_optical_flow_s.c\n'}
[18.915813] (px4_msgs) StdoutLine: {'line': b'-- Up-to-date: /home/subhalaxmi/nidar_ws/install/px4_msgs/local/lib/python3.10/dist-packages/px4_msgs/msg/_obstacle_distance_s.c\n'}
[18.916183] (px4_msgs) StdoutLine: {'line': b'-- Up-to-date: /home/subhalaxmi/nidar_ws/install/px4_msgs/local/lib/python3.10/dist-packages/px4_msgs/msg/_dataman_request.py\n'}
[18.916602] (px4_msgs) StdoutLine: {'line': b'-- Up-to-date: /home/subhalaxmi/nidar_ws/install/px4_msgs/local/lib/python3.10/dist-packages/px4_msgs/msg/_parameter_set_value_request_s.c\n'}
[18.917288] (px4_msgs) StdoutLine: {'line': b'-- Up-to-date: /home/subhalaxmi/nidar_ws/install/px4_msgs/local/lib/python3.10/dist-packages/px4_msgs/msg/_mission_result.py\n'}
[18.918075] (px4_msgs) StdoutLine: {'line': b'-- Up-to-date: /home/subhalaxmi/nidar_ws/install/px4_msgs/local/lib/python3.10/dist-packages/px4_msgs/msg/_estimator_innovations_s.c\n'}
[18.919821] (px4_msgs) StdoutLine: {'line': b'-- Up-to-date: /home/subhalaxmi/nidar_ws/install/px4_msgs/local/lib/python3.10/dist-packages/px4_msgs/msg/_vehicle_odometry.py\n'}
[18.920477] (px4_msgs) StdoutLine: {'line': b'-- Up-to-date: /home/subhalaxmi/nidar_ws/install/px4_msgs/local/lib/python3.10/dist-packages/px4_msgs/msg/_fixed_wing_runway_control_s.c\n'}
[18.920786] (px4_msgs) StdoutLine: {'line': b'-- Up-to-date: /home/subhalaxmi/nidar_ws/install/px4_msgs/local/lib/python3.10/dist-packages/px4_msgs/msg/_tiltrotor_extra_controls_s.c\n'}
[18.921079] (px4_msgs) StdoutLine: {'line': b'-- Up-to-date: /home/subhalaxmi/nidar_ws/install/px4_msgs/local/lib/python3.10/dist-packages/px4_msgs/msg/_rpm.py\n'}
[18.921513] (px4_msgs) StdoutLine: {'line': b'-- Up-to-date: /home/subhalaxmi/nidar_ws/install/px4_msgs/local/lib/python3.10/dist-packages/px4_msgs/msg/_rover_speed_status_s.c\n'}
[18.921883] (px4_msgs) StdoutLine: {'line': b'-- Up-to-date: /home/subhalaxmi/nidar_ws/install/px4_msgs/local/lib/python3.10/dist-packages/px4_msgs/msg/_fixed_wing_lateral_status.py\n'}
[18.922533] (px4_msgs) StdoutLine: {'line': b'-- Up-to-date: /home/subhalaxmi/nidar_ws/install/px4_msgs/local/lib/python3.10/dist-packages/px4_msgs/msg/_vehicle_attitude_s.c\n'}
[18.922880] (px4_msgs) StdoutLine: {'line': b'-- Up-to-date: /home/subhalaxmi/nidar_ws/install/px4_msgs/local/lib/python3.10/dist-packages/px4_msgs/msg/_collision_constraints_s.c\n'}
[18.923397] (px4_msgs) StdoutLine: {'line': b'-- Up-to-date: /home/subhalaxmi/nidar_ws/install/px4_msgs/local/lib/python3.10/dist-packages/px4_msgs/msg/_vehicle_rates_setpoint.py\n'}
[18.926391] (px4_msgs) StdoutLine: {'line': b'-- Up-to-date: /home/subhalaxmi/nidar_ws/install/px4_msgs/local/lib/python3.10/dist-packages/px4_msgs/msg/_task_stack_info.py\n'}
[18.927032] (px4_msgs) StdoutLine: {'line': b'-- Up-to-date: /home/subhalaxmi/nidar_ws/install/px4_msgs/local/lib/python3.10/dist-packages/px4_msgs/msg/_button_event_s.c\n'}
[18.927326] (px4_msgs) StdoutLine: {'line': b'-- Up-to-date: /home/subhalaxmi/nidar_ws/install/px4_msgs/local/lib/python3.10/dist-packages/px4_msgs/msg/_landing_gear_wheel_s.c\n'}
[18.927578] (px4_msgs) StdoutLine: {'line': b'-- Up-to-date: /home/subhalaxmi/nidar_ws/install/px4_msgs/local/lib/python3.10/dist-packages/px4_msgs/msg/_vtx_s.c\n'}
[18.927782] (px4_msgs) StdoutLine: {'line': b'-- Up-to-date: /home/subhalaxmi/nidar_ws/install/px4_msgs/local/lib/python3.10/dist-packages/px4_msgs/msg/_dronecan_node_status.py\n'}
[18.927972] (px4_msgs) StdoutLine: {'line': b'-- Up-to-date: /home/subhalaxmi/nidar_ws/install/px4_msgs/local/lib/python3.10/dist-packages/px4_msgs/msg/_action_request.py\n'}
[18.928228] (px4_msgs) StdoutLine: {'line': b'-- Up-to-date: /home/subhalaxmi/nidar_ws/install/px4_msgs/local/lib/python3.10/dist-packages/px4_msgs/msg/_ulog_stream_ack_s.c\n'}
[18.928476] (px4_msgs) StdoutLine: {'line': b'-- Up-to-date: /home/subhalaxmi/nidar_ws/install/px4_msgs/local/lib/python3.10/dist-packages/px4_msgs/msg/_pwm_input.py\n'}
[18.928704] (px4_msgs) StdoutLine: {'line': b'-- Up-to-date: /home/subhalaxmi/nidar_ws/install/px4_msgs/local/lib/python3.10/dist-packages/px4_msgs/msg/_landing_gear.py\n'}
[18.928985] (px4_msgs) StdoutLine: {'line': b'-- Up-to-date: /home/subhalaxmi/nidar_ws/install/px4_msgs/local/lib/python3.10/dist-packages/px4_msgs/msg/_position_setpoint_triplet.py\n'}
[18.931072] (px4_msgs) StdoutLine: {'line': b'-- Up-to-date: /home/subhalaxmi/nidar_ws/install/px4_msgs/local/lib/python3.10/dist-packages/px4_msgs/msg/_cpuload.py\n'}
[18.931347] (px4_msgs) StdoutLine: {'line': b'-- Up-to-date: /home/subhalaxmi/nidar_ws/install/px4_msgs/local/lib/python3.10/dist-packages/px4_msgs/msg/_raptor_input.py\n'}
[18.931552] (px4_msgs) StdoutLine: {'line': b'-- Up-to-date: /home/subhalaxmi/nidar_ws/install/px4_msgs/local/lib/python3.10/dist-packages/px4_msgs/msg/_vehicle_air_data_s.c\n'}
[18.931743] (px4_msgs) StdoutLine: {'line': b'-- Up-to-date: /home/subhalaxmi/nidar_ws/install/px4_msgs/local/lib/python3.10/dist-packages/px4_msgs/msg/_unregister_ext_component.py\n'}
[18.931934] (px4_msgs) StdoutLine: {'line': b'-- Up-to-date: /home/subhalaxmi/nidar_ws/install/px4_msgs/local/lib/python3.10/dist-packages/px4_msgs/msg/_gimbal_manager_set_manual_control_s.c\n'}
[18.932152] (px4_msgs) StdoutLine: {'line': b'-- Up-to-date: /home/subhalaxmi/nidar_ws/install/px4_msgs/local/lib/python3.10/dist-packages/px4_msgs/msg/_parameter_update_s.c\n'}
[18.932399] (px4_msgs) StdoutLine: {'line': b'-- Up-to-date: /home/subhalaxmi/nidar_ws/install/px4_msgs/local/lib/python3.10/dist-packages/px4_msgs/msg/_estimator_aid_source2d_s.c\n'}
[18.932594] (px4_msgs) StdoutLine: {'line': b'-- Up-to-date: /home/subhalaxmi/nidar_ws/install/px4_msgs/local/lib/python3.10/dist-packages/px4_msgs/msg/_pwm_input_s.c\n'}
[18.932777] (px4_msgs) StdoutLine: {'line': b'-- Up-to-date: /home/subhalaxmi/nidar_ws/install/px4_msgs/local/lib/python3.10/dist-packages/px4_msgs/msg/_task_stack_info_s.c\n'}
[18.932969] (px4_msgs) StdoutLine: {'line': b'-- Up-to-date: /home/subhalaxmi/nidar_ws/install/px4_msgs/local/lib/python3.10/dist-packages/px4_msgs/msg/_camera_trigger_s.c\n'}
[18.934692] (px4_msgs) StdoutLine: {'line': b'-- Up-to-date: /home/subhalaxmi/nidar_ws/install/px4_msgs/local/lib/python3.10/dist-packages/px4_msgs/msg/_actuator_motors_s.c\n'}
[18.935068] (px4_msgs) StdoutLine: {'line': b'-- Up-to-date: /home/subhalaxmi/nidar_ws/install/px4_msgs/local/lib/python3.10/dist-packages/px4_msgs/msg/_debug_value.py\n'}
[18.935301] (px4_msgs) StdoutLine: {'line': b'-- Up-to-date: /home/subhalaxmi/nidar_ws/install/px4_msgs/local/lib/python3.10/dist-packages/px4_msgs/msg/_follow_target_estimator_s.c\n'}
[18.935510] (px4_msgs) StdoutLine: {'line': b'-- Up-to-date: /home/subhalaxmi/nidar_ws/install/px4_msgs/local/lib/python3.10/dist-packages/px4_msgs/msg/_generator_status_s.c\n'}
[18.935718] (px4_msgs) StdoutLine: {'line': b'-- Up-to-date: /home/subhalaxmi/nidar_ws/install/px4_msgs/local/lib/python3.10/dist-packages/px4_msgs/msg/_parameter_set_value_response_s.c\n'}
[18.935915] (px4_msgs) StdoutLine: {'line': b'-- Up-to-date: /home/subhalaxmi/nidar_ws/install/px4_msgs/local/lib/python3.10/dist-packages/px4_msgs/msg/_sensor_optical_flow.py\n'}
[18.936092] (px4_msgs) StdoutLine: {'line': b'-- Up-to-date: /home/subhalaxmi/nidar_ws/install/px4_msgs/local/lib/python3.10/dist-packages/px4_msgs/msg/_camera_capture.py\n'}
[18.936348] (px4_msgs) StdoutLine: {'line': b'-- Up-to-date: /home/subhalaxmi/nidar_ws/install/px4_msgs/local/lib/python3.10/dist-packages/px4_msgs/msg/_config_overrides.py\n'}
[18.936573] (px4_msgs) StdoutLine: {'line': b'-- Up-to-date: /home/subhalaxmi/nidar_ws/install/px4_msgs/local/lib/python3.10/dist-packages/px4_msgs/msg/_gimbal_controls.py\n'}
[18.936761] (px4_msgs) StdoutLine: {'line': b'-- Up-to-date: /home/subhalaxmi/nidar_ws/install/px4_msgs/local/lib/python3.10/dist-packages/px4_msgs/msg/_wind.py\n'}
[18.936975] (px4_msgs) StdoutLine: {'line': b'-- Up-to-date: /home/subhalaxmi/nidar_ws/install/px4_msgs/local/lib/python3.10/dist-packages/px4_msgs/msg/_position_setpoint.py\n'}
[18.937200] (px4_msgs) StdoutLine: {'line': b'-- Up-to-date: /home/subhalaxmi/nidar_ws/install/px4_msgs/local/lib/python3.10/dist-packages/px4_msgs/msg/_sensor_gnss_relative_s.c\n'}
[18.937417] (px4_msgs) StdoutLine: {'line': b'-- Up-to-date: /home/subhalaxmi/nidar_ws/install/px4_msgs/local/lib/python3.10/dist-packages/px4_msgs/msg/_system_power_s.c\n'}
[18.937643] (px4_msgs) StdoutLine: {'line': b'-- Up-to-date: /home/subhalaxmi/nidar_ws/install/px4_msgs/local/lib/python3.10/dist-packages/px4_msgs/msg/_fixed_wing_longitudinal_setpoint_s.c\n'}
[18.937845] (px4_msgs) StdoutLine: {'line': b'-- Up-to-date: /home/subhalaxmi/nidar_ws/install/px4_msgs/local/lib/python3.10/dist-packages/px4_msgs/msg/_transponder_report_s.c\n'}
[18.938028] (px4_msgs) StdoutLine: {'line': b'-- Up-to-date: /home/subhalaxmi/nidar_ws/install/px4_msgs/local/lib/python3.10/dist-packages/px4_msgs/msg/_register_ext_component_reply.py\n'}
[18.938835] (px4_msgs) StdoutLine: {'line': b'-- Up-to-date: /home/subhalaxmi/nidar_ws/install/px4_msgs/local/lib/python3.10/dist-packages/px4_msgs/msg/_vehicle_local_position_setpoint.py\n'}
[18.939065] (px4_msgs) StdoutLine: {'line': b'-- Up-to-date: /home/subhalaxmi/nidar_ws/install/px4_msgs/local/lib/python3.10/dist-packages/px4_msgs/msg/_camera_status_s.c\n'}
[18.939317] (px4_msgs) StdoutLine: {'line': b'-- Up-to-date: /home/subhalaxmi/nidar_ws/install/px4_msgs/local/lib/python3.10/dist-packages/px4_msgs/msg/_actuator_outputs_s.c\n'}
[18.939525] (px4_msgs) StdoutLine: {'line': b'-- Up-to-date: /home/subhalaxmi/nidar_ws/install/px4_msgs/local/lib/python3.10/dist-packages/px4_msgs/msg/_pure_pursuit_status.py\n'}
[18.939770] (px4_msgs) StdoutLine: {'line': b'-- Up-to-date: /home/subhalaxmi/nidar_ws/install/px4_msgs/local/lib/python3.10/dist-packages/px4_msgs/msg/_orb_test_s.c\n'}
[18.940046] (px4_msgs) StdoutLine: {'line': b'-- Up-to-date: /home/subhalaxmi/nidar_ws/install/px4_msgs/local/lib/python3.10/dist-packages/px4_msgs/msg/_rtl_status.py\n'}
[18.940383] (px4_msgs) StdoutLine: {'line': b'-- Up-to-date: /home/subhalaxmi/nidar_ws/install/px4_msgs/local/lib/python3.10/dist-packages/px4_msgs/msg/_vehicle_constraints_s.c\n'}
[18.940738] (px4_msgs) StdoutLine: {'line': b'-- Up-to-date: /home/subhalaxmi/nidar_ws/install/px4_msgs/local/lib/python3.10/dist-packages/px4_msgs/msg/_estimator_gps_status_s.c\n'}
[18.941007] (px4_msgs) StdoutLine: {'line': b'-- Up-to-date: /home/subhalaxmi/nidar_ws/install/px4_msgs/local/lib/python3.10/dist-packages/px4_msgs/msg/_transponder_report.py\n'}
[18.941344] (px4_msgs) StdoutLine: {'line': b'-- Up-to-date: /home/subhalaxmi/nidar_ws/install/px4_msgs/local/lib/python3.10/dist-packages/px4_msgs/msg/_vehicle_angular_acceleration_setpoint_s.c\n'}
[18.941739] (px4_msgs) StdoutLine: {'line': b'-- Up-to-date: /home/subhalaxmi/nidar_ws/install/px4_msgs/local/lib/python3.10/dist-packages/px4_msgs/msg/_distance_sensor_mode_change_request.py\n'}
[18.941952] (px4_msgs) StdoutLine: {'line': b'-- Up-to-date: /home/subhalaxmi/nidar_ws/install/px4_msgs/local/lib/python3.10/dist-packages/px4_msgs/msg/_sensor_gyro_fifo_s.c\n'}
[18.942161] (px4_msgs) StdoutLine: {'line': b'-- Up-to-date: /home/subhalaxmi/nidar_ws/install/px4_msgs/local/lib/python3.10/dist-packages/px4_msgs/msg/_gimbal_device_set_attitude_s.c\n'}
[18.942403] (px4_msgs) StdoutLine: {'line': b'-- Up-to-date: /home/subhalaxmi/nidar_ws/install/px4_msgs/local/lib/python3.10/dist-packages/px4_msgs/msg/_failure_detector_status_s.c\n'}
[18.942659] (px4_msgs) StdoutLine: {'line': b'-- Up-to-date: /home/subhalaxmi/nidar_ws/install/px4_msgs/local/lib/python3.10/dist-packages/px4_msgs/msg/_estimator_selector_status_s.c\n'}
[18.942997] (px4_msgs) StdoutLine: {'line': b'-- Up-to-date: /home/subhalaxmi/nidar_ws/install/px4_msgs/local/lib/python3.10/dist-packages/px4_msgs/msg/_fixed_wing_lateral_setpoint.py\n'}
[18.943243] (px4_msgs) StdoutLine: {'line': b'-- Up-to-date: /home/subhalaxmi/nidar_ws/install/px4_msgs/local/lib/python3.10/dist-packages/px4_msgs/msg/_manual_control_switches_s.c\n'}
[18.944092] (px4_msgs) StdoutLine: {'line': b'-- Up-to-date: /home/subhalaxmi/nidar_ws/install/px4_msgs/local/lib/python3.10/dist-packages/px4_msgs/msg/_failure_detector_status.py\n'}
[18.944839] (px4_msgs) StdoutLine: {'line': b'-- Up-to-date: /home/subhalaxmi/nidar_ws/install/px4_msgs/local/lib/python3.10/dist-packages/px4_msgs/msg/_rpm_s.c\n'}
[18.945040] (px4_msgs) StdoutLine: {'line': b'-- Up-to-date: /home/subhalaxmi/nidar_ws/install/px4_msgs/local/lib/python3.10/dist-packages/px4_msgs/msg/_differential_pressure.py\n'}
[18.945303] (px4_msgs) StdoutLine: {'line': b'-- Up-to-date: /home/subhalaxmi/nidar_ws/install/px4_msgs/local/lib/python3.10/dist-packages/px4_msgs/msg/_airspeed_validated.py\n'}
[18.945513] (px4_msgs) StdoutLine: {'line': b'-- Up-to-date: /home/subhalaxmi/nidar_ws/install/px4_msgs/local/lib/python3.10/dist-packages/px4_msgs/msg/_sensor_correction_s.c\n'}
[18.945696] (px4_msgs) StdoutLine: {'line': b'-- Up-to-date: /home/subhalaxmi/nidar_ws/install/px4_msgs/local/lib/python3.10/dist-packages/px4_msgs/msg/_internal_combustion_engine_control.py\n'}
[18.946753] (px4_msgs) StdoutLine: {'line': b'-- Up-to-date: /home/subhalaxmi/nidar_ws/install/px4_msgs/local/lib/python3.10/dist-packages/px4_msgs/msg/_estimator_sensor_bias_s.c\n'}
[18.947008] (px4_msgs) StdoutLine: {'line': b'-- Up-to-date: /home/subhalaxmi/nidar_ws/install/px4_msgs/local/lib/python3.10/dist-packages/px4_msgs/msg/_figure_eight_status_s.c\n'}
[18.947238] (px4_msgs) StdoutLine: {'line': b'-- Up-to-date: /home/subhalaxmi/nidar_ws/install/px4_msgs/local/lib/python3.10/dist-packages/px4_msgs/msg/_sensor_gnss_relative.py\n'}
[18.947442] (px4_msgs) StdoutLine: {'line': b'-- Up-to-date: /home/subhalaxmi/nidar_ws/install/px4_msgs/local/lib/python3.10/dist-packages/px4_msgs/msg/_velocity_limits.py\n'}
[18.947683] (px4_msgs) StdoutLine: {'line': b'-- Up-to-date: /home/subhalaxmi/nidar_ws/install/px4_msgs/local/lib/python3.10/dist-packages/px4_msgs/msg/_rover_attitude_setpoint_s.c\n'}
[18.948029] (px4_msgs) StdoutLine: {'line': b'-- Up-to-date: /home/subhalaxmi/nidar_ws/install/px4_msgs/local/lib/python3.10/dist-packages/px4_msgs/msg/_mag_worker_data_s.c\n'}
[18.948260] (px4_msgs) StdoutLine: {'line': b'-- Up-to-date: /home/subhalaxmi/nidar_ws/install/px4_msgs/local/lib/python3.10/dist-packages/px4_msgs/msg/_tune_control.py\n'}
[18.948481] (px4_msgs) StdoutLine: {'line': b'-- Up-to-date: /home/subhalaxmi/nidar_ws/install/px4_msgs/local/lib/python3.10/dist-packages/px4_msgs/msg/_telemetry_status.py\n'}
[18.948679] (px4_msgs) StdoutLine: {'line': b'-- Up-to-date: /home/subhalaxmi/nidar_ws/install/px4_msgs/local/lib/python3.10/dist-packages/px4_msgs/msg/_timesync_status.py\n'}
[18.948917] (px4_msgs) StdoutLine: {'line': b'-- Up-to-date: /home/subhalaxmi/nidar_ws/install/px4_msgs/local/lib/python3.10/dist-packages/px4_msgs/msg/_parameter_set_value_request.py\n'}
[18.949135] (px4_msgs) StdoutLine: {'line': b'-- Up-to-date: /home/subhalaxmi/nidar_ws/install/px4_msgs/local/lib/python3.10/dist-packages/px4_msgs/msg/_tiltrotor_extra_controls.py\n'}
[18.949442] (px4_msgs) StdoutLine: {'line': b'-- Up-to-date: /home/subhalaxmi/nidar_ws/install/px4_msgs/local/lib/python3.10/dist-packages/px4_msgs/msg/_satellite_info.py\n'}
[18.949649] (px4_msgs) StdoutLine: {'line': b'-- Up-to-date: /home/subhalaxmi/nidar_ws/install/px4_msgs/local/lib/python3.10/dist-packages/px4_msgs/msg/_geofence_result_s.c\n'}
[18.949844] (px4_msgs) StdoutLine: {'line': b'-- Up-to-date: /home/subhalaxmi/nidar_ws/install/px4_msgs/local/lib/python3.10/dist-packages/px4_msgs/msg/_raptor_status_s.c\n'}
[18.950037] (px4_msgs) StdoutLine: {'line': b'-- Up-to-date: /home/subhalaxmi/nidar_ws/install/px4_msgs/local/lib/python3.10/dist-packages/px4_msgs/msg/_gripper_s.c\n'}
[18.950327] (px4_msgs) StdoutLine: {'line': b'-- Up-to-date: /home/subhalaxmi/nidar_ws/install/px4_msgs/local/lib/python3.10/dist-packages/px4_msgs/msg/_position_controller_landing_status.py\n'}
[18.950530] (px4_msgs) StdoutLine: {'line': b'-- Up-to-date: /home/subhalaxmi/nidar_ws/install/px4_msgs/local/lib/python3.10/dist-packages/px4_msgs/msg/_rover_rate_setpoint_s.c\n'}
[18.950870] (px4_msgs) StdoutLine: {'line': b'-- Up-to-date: /home/subhalaxmi/nidar_ws/install/px4_msgs/local/lib/python3.10/dist-packages/px4_msgs/msg/_vehicle_angular_velocity.py\n'}
[18.951360] (px4_msgs) StdoutLine: {'line': b'-- Up-to-date: /home/subhalaxmi/nidar_ws/install/px4_msgs/local/lib/python3.10/dist-packages/px4_msgs/msg/_sensor_gyro_fifo.py\n'}
[18.952531] (px4_msgs) StdoutLine: {'line': b'-- Up-to-date: /home/subhalaxmi/nidar_ws/install/px4_msgs/local/lib/python3.10/dist-packages/px4_msgs/msg/_home_position_s.c\n'}
[18.952786] (px4_msgs) StdoutLine: {'line': b'-- Up-to-date: /home/subhalaxmi/nidar_ws/install/px4_msgs/local/lib/python3.10/dist-packages/px4_msgs/msg/_estimator_sensor_bias.py\n'}
[18.952993] (px4_msgs) StdoutLine: {'line': b'-- Up-to-date: /home/subhalaxmi/nidar_ws/install/px4_msgs/local/lib/python3.10/dist-packages/px4_msgs/msg/_cellular_status.py\n'}
[18.953289] (px4_msgs) StdoutLine: {'line': b'-- Up-to-date: /home/subhalaxmi/nidar_ws/install/px4_msgs/local/lib/python3.10/dist-packages/px4_msgs/msg/_geofence_status_s.c\n'}
[18.954922] (px4_msgs) StdoutLine: {'line': b'-- Up-to-date: /home/subhalaxmi/nidar_ws/install/px4_msgs/local/lib/python3.10/dist-packages/px4_msgs/msg/_gimbal_manager_set_manual_control.py\n'}
[18.955628] (px4_msgs) StdoutLine: {'line': b'-- Up-to-date: /home/subhalaxmi/nidar_ws/install/px4_msgs/local/lib/python3.10/dist-packages/px4_msgs/msg/_estimator_event_flags_s.c\n'}
[18.956025] (px4_msgs) StdoutLine: {'line': b'-- Up-to-date: /home/subhalaxmi/nidar_ws/install/px4_msgs/local/lib/python3.10/dist-packages/px4_msgs/msg/_vehicle_global_position_s.c\n'}
[18.956368] (px4_msgs) StdoutLine: {'line': b'-- Up-to-date: /home/subhalaxmi/nidar_ws/install/px4_msgs/local/lib/python3.10/dist-packages/px4_msgs/msg/_rover_position_setpoint.py\n'}
[18.956804] (px4_msgs) StdoutLine: {'line': b'-- Up-to-date: /home/subhalaxmi/nidar_ws/install/px4_msgs/local/lib/python3.10/dist-packages/px4_msgs/msg/_gpio_request_s.c\n'}
[18.957093] (px4_msgs) StdoutLine: {'line': b'-- Up-to-date: /home/subhalaxmi/nidar_ws/install/px4_msgs/local/lib/python3.10/dist-packages/px4_msgs/msg/_vehicle_constraints.py\n'}
[18.957518] (px4_msgs) StdoutLine: {'line': b'-- Up-to-date: /home/subhalaxmi/nidar_ws/install/px4_msgs/local/lib/python3.10/dist-packages/px4_msgs/msg/_distance_sensor.py\n'}
[18.958065] (px4_msgs) StdoutLine: {'line': b'-- Up-to-date: /home/subhalaxmi/nidar_ws/install/px4_msgs/local/lib/python3.10/dist-packages/px4_msgs/msg/_sensor_hygrometer.py\n'}
[18.958586] (px4_msgs) StdoutLine: {'line': b'-- Up-to-date: /home/subhalaxmi/nidar_ws/install/px4_msgs/local/lib/python3.10/dist-packages/px4_msgs/msg/_landing_target_innovations.py\n'}
[18.960598] (-) TimerEvent: {}
[18.961362] (px4_msgs) StdoutLine: {'line': b'-- Up-to-date: /home/subhalaxmi/nidar_ws/install/px4_msgs/local/lib/python3.10/dist-packages/px4_msgs/msg/_gimbal_manager_set_attitude.py\n'}
[18.961650] (px4_msgs) StdoutLine: {'line': b'-- Up-to-date: /home/subhalaxmi/nidar_ws/install/px4_msgs/local/lib/python3.10/dist-packages/px4_msgs/msg/_rover_rate_status.py\n'}
[18.961849] (px4_msgs) StdoutLine: {'line': b'-- Up-to-date: /home/subhalaxmi/nidar_ws/install/px4_msgs/local/lib/python3.10/dist-packages/px4_msgs/msg/_vehicle_magnetometer.py\n'}
[18.962049] (px4_msgs) StdoutLine: {'line': b'-- Up-to-date: /home/subhalaxmi/nidar_ws/install/px4_msgs/local/lib/python3.10/dist-packages/px4_msgs/msg/_qshell_req_s.c\n'}
[18.962338] (px4_msgs) StdoutLine: {'line': b'-- Up-to-date: /home/subhalaxmi/nidar_ws/install/px4_msgs/local/lib/python3.10/dist-packages/px4_msgs/msg/_sensor_optical_flow_s.c\n'}
[18.962553] (px4_msgs) StdoutLine: {'line': b'-- Up-to-date: /home/subhalaxmi/nidar_ws/install/px4_msgs/local/lib/python3.10/dist-packages/px4_msgs/msg/_flight_phase_estimation_s.c\n'}
[18.962781] (px4_msgs) StdoutLine: {'line': b'-- Up-to-date: /home/subhalaxmi/nidar_ws/install/px4_msgs/local/lib/python3.10/dist-packages/px4_msgs/msg/_adc_report.py\n'}
[18.962995] (px4_msgs) StdoutLine: {'line': b'-- Up-to-date: /home/subhalaxmi/nidar_ws/install/px4_msgs/local/lib/python3.10/dist-packages/px4_msgs/msg/_follow_target.py\n'}
[18.963294] (px4_msgs) StdoutLine: {'line': b'-- Up-to-date: /home/subhalaxmi/nidar_ws/install/px4_msgs/local/lib/python3.10/dist-packages/px4_msgs/msg/_gimbal_device_attitude_status_s.c\n'}
[18.963678] (px4_msgs) StdoutLine: {'line': b'-- Up-to-date: /home/subhalaxmi/nidar_ws/install/px4_msgs/local/lib/python3.10/dist-packages/px4_msgs/msg/_flight_phase_estimation.py\n'}
[18.964032] (px4_msgs) StdoutLine: {'line': b'-- Up-to-date: /home/subhalaxmi/nidar_ws/install/px4_msgs/local/lib/python3.10/dist-packages/px4_msgs/msg/_magnetometer_bias_estimate.py\n'}
[18.965438] (px4_msgs) StdoutLine: {'line': b'-- Up-to-date: /home/subhalaxmi/nidar_ws/install/px4_msgs/local/lib/python3.10/dist-packages/px4_msgs/msg/_position_setpoint_s.c\n'}
[18.966324] (px4_msgs) StdoutLine: {'line': b'-- Up-to-date: /home/subhalaxmi/nidar_ws/install/px4_msgs/local/lib/python3.10/dist-packages/px4_msgs/msg/_takeoff_status_s.c\n'}
[18.966611] (px4_msgs) StdoutLine: {'line': b'-- Up-to-date: /home/subhalaxmi/nidar_ws/install/px4_msgs/local/lib/python3.10/dist-packages/px4_msgs/msg/_radio_status_s.c\n'}
[18.966839] (px4_msgs) StdoutLine: {'line': b'-- Up-to-date: /home/subhalaxmi/nidar_ws/install/px4_msgs/local/lib/python3.10/dist-packages/px4_msgs/msg/_longitudinal_control_configuration.py\n'}
[18.967077] (px4_msgs) StdoutLine: {'line': b'-- Up-to-date: /home/subhalaxmi/nidar_ws/install/px4_msgs/local/lib/python3.10/dist-packages/px4_msgs/msg/_gimbal_device_attitude_status.py\n'}
[18.967588] (px4_msgs) StdoutLine: {'line': b'-- Up-to-date: /home/subhalaxmi/nidar_ws/install/px4_msgs/local/lib/python3.10/dist-packages/px4_msgs/msg/_power_button_state.py\n'}
[18.967849] (px4_msgs) StdoutLine: {'line': b'-- Up-to-date: /home/subhalaxmi/nidar_ws/install/px4_msgs/local/lib/python3.10/dist-packages/px4_msgs/msg/_actuator_controls_status.py\n'}
[18.968269] (px4_msgs) StdoutLine: {'line': b'-- Up-to-date: /home/subhalaxmi/nidar_ws/install/px4_msgs/local/lib/python3.10/dist-packages/px4_msgs/msg/_distance_sensor_s.c\n'}
[18.968594] (px4_msgs) StdoutLine: {'line': b'-- Up-to-date: /home/subhalaxmi/nidar_ws/install/px4_msgs/local/lib/python3.10/dist-packages/px4_msgs/msg/_rover_throttle_setpoint_s.c\n'}
[18.968918] (px4_msgs) StdoutLine: {'line': b'-- Up-to-date: /home/subhalaxmi/nidar_ws/install/px4_msgs/local/lib/python3.10/dist-packages/px4_msgs/msg/_rc_parameter_map_s.c\n'}
[18.969331] (px4_msgs) StdoutLine: {'line': b'-- Up-to-date: /home/subhalaxmi/nidar_ws/install/px4_msgs/local/lib/python3.10/dist-packages/px4_msgs/msg/_onboard_computer_status_s.c\n'}
[18.969720] (px4_msgs) StdoutLine: {'line': b'-- Up-to-date: /home/subhalaxmi/nidar_ws/install/px4_msgs/local/lib/python3.10/dist-packages/px4_msgs/msg/_airspeed_s.c\n'}
[18.969907] (px4_msgs) StdoutLine: {'line': b'-- Up-to-date: /home/subhalaxmi/nidar_ws/install/px4_msgs/local/lib/python3.10/dist-packages/px4_msgs/msg/__init__.py\n'}
[18.970137] (px4_msgs) StdoutLine: {'line': b'-- Up-to-date: /home/subhalaxmi/nidar_ws/install/px4_msgs/local/lib/python3.10/dist-packages/px4_msgs/msg/_generator_status.py\n'}
[18.970384] (px4_msgs) StdoutLine: {'line': b'-- Up-to-date: /home/subhalaxmi/nidar_ws/install/px4_msgs/local/lib/python3.10/dist-packages/px4_msgs/msg/_rc_parameter_map.py\n'}
[18.970585] (px4_msgs) StdoutLine: {'line': b'-- Up-to-date: /home/subhalaxmi/nidar_ws/install/px4_msgs/local/lib/python3.10/dist-packages/px4_msgs/msg/_mavlink_tunnel_s.c\n'}
[18.970791] (px4_msgs) StdoutLine: {'line': b'-- Up-to-date: /home/subhalaxmi/nidar_ws/install/px4_msgs/local/lib/python3.10/dist-packages/px4_msgs/msg/_gimbal_manager_information_s.c\n'}
[18.971278] (px4_msgs) StdoutLine: {'line': b'-- Up-to-date: /home/subhalaxmi/nidar_ws/install/px4_msgs/local/lib/python3.10/dist-packages/px4_msgs/msg/_vehicle_command_s.c\n'}
[18.971544] (px4_msgs) StdoutLine: {'line': b'-- Up-to-date: /home/subhalaxmi/nidar_ws/install/px4_msgs/local/lib/python3.10/dist-packages/px4_msgs/msg/_uavcan_parameter_value_s.c\n'}
[18.971747] (px4_msgs) StdoutLine: {'line': b'-- Up-to-date: /home/subhalaxmi/nidar_ws/install/px4_msgs/local/lib/python3.10/dist-packages/px4_msgs/msg/_gpio_config.py\n'}
[18.971967] (px4_msgs) StdoutLine: {'line': b'-- Up-to-date: /home/subhalaxmi/nidar_ws/install/px4_msgs/local/lib/python3.10/dist-packages/px4_msgs/msg/_vehicle_local_position_s.c\n'}
[18.972185] (px4_msgs) StdoutLine: {'line': b'-- Up-to-date: /home/subhalaxmi/nidar_ws/install/px4_msgs/local/lib/python3.10/dist-packages/px4_msgs/msg/_sensor_gyro_fft.py\n'}
[18.972431] (px4_msgs) StdoutLine: {'line': b'-- Up-to-date: /home/subhalaxmi/nidar_ws/install/px4_msgs/local/lib/python3.10/dist-packages/px4_msgs/msg/_iridiumsbd_status.py\n'}
[18.972679] (px4_msgs) StdoutLine: {'line': b'-- Up-to-date: /home/subhalaxmi/nidar_ws/install/px4_msgs/local/lib/python3.10/dist-packages/px4_msgs/msg/_obstacle_distance.py\n'}
[18.972934] (px4_msgs) StdoutLine: {'line': b'-- Up-to-date: /home/subhalaxmi/nidar_ws/install/px4_msgs/local/lib/python3.10/dist-packages/px4_msgs/msg/_orbit_status.py\n'}
[18.973152] (px4_msgs) StdoutLine: {'line': b'-- Up-to-date: /home/subhalaxmi/nidar_ws/install/px4_msgs/local/lib/python3.10/dist-packages/px4_msgs/msg/_tecs_status.py\n'}
[18.973472] (px4_msgs) StdoutLine: {'line': b'-- Up-to-date: /home/subhalaxmi/nidar_ws/install/px4_msgs/local/lib/python3.10/dist-packages/px4_msgs/msg/_vehicle_angular_acceleration_setpoint.py\n'}
[18.973668] (px4_msgs) StdoutLine: {'line': b'-- Up-to-date: /home/subhalaxmi/nidar_ws/install/px4_msgs/local/lib/python3.10/dist-packages/px4_msgs/msg/_rover_rate_setpoint.py\n'}
[18.973908] (px4_msgs) StdoutLine: {'line': b'-- Up-to-date: /home/subhalaxmi/nidar_ws/install/px4_msgs/local/lib/python3.10/dist-packages/px4_msgs/msg/_rate_ctrl_status.py\n'}
[18.974160] (px4_msgs) StdoutLine: {'line': b'-- Up-to-date: /home/subhalaxmi/nidar_ws/install/px4_msgs/local/lib/python3.10/dist-packages/px4_msgs/msg/_vehicle_control_mode.py\n'}
[18.974451] (px4_msgs) StdoutLine: {'line': b'-- Up-to-date: /home/subhalaxmi/nidar_ws/install/px4_msgs/local/lib/python3.10/dist-packages/px4_msgs/msg/_fixed_wing_longitudinal_setpoint.py\n'}
[18.974650] (px4_msgs) StdoutLine: {'line': b'-- Up-to-date: /home/subhalaxmi/nidar_ws/install/px4_msgs/local/lib/python3.10/dist-packages/px4_msgs/msg/_follow_target_estimator.py\n'}
[18.974912] (px4_msgs) StdoutLine: {'line': b'-- Up-to-date: /home/subhalaxmi/nidar_ws/install/px4_msgs/local/lib/python3.10/dist-packages/px4_msgs/msg/_sensor_selection.py\n'}
[18.975117] (px4_msgs) StdoutLine: {'line': b'-- Up-to-date: /home/subhalaxmi/nidar_ws/install/px4_msgs/local/lib/python3.10/dist-packages/px4_msgs/msg/_hover_thrust_estimate_s.c\n'}
[18.975567] (px4_msgs) StdoutLine: {'line': b'-- Up-to-date: /home/subhalaxmi/nidar_ws/install/px4_msgs/local/lib/python3.10/dist-packages/px4_msgs/msg/_mag_worker_data.py\n'}
[18.975861] (px4_msgs) StdoutLine: {'line': b'-- Up-to-date: /home/subhalaxmi/nidar_ws/install/px4_msgs/local/lib/python3.10/dist-packages/px4_msgs/msg/_collision_constraints.py\n'}
[18.976398] (px4_msgs) StdoutLine: {'line': b'-- Up-to-date: /home/subhalaxmi/nidar_ws/install/px4_msgs/local/lib/python3.10/dist-packages/px4_msgs/msg/_vehicle_torque_setpoint_s.c\n'}
[18.976798] (px4_msgs) StdoutLine: {'line': b'-- Up-to-date: /home/subhalaxmi/nidar_ws/install/px4_msgs/local/lib/python3.10/dist-packages/px4_msgs/msg/_device_information_s.c\n'}
[18.977034] (px4_msgs) StdoutLine: {'line': b'-- Up-to-date: /home/subhalaxmi/nidar_ws/install/px4_msgs/local/lib/python3.10/dist-packages/px4_msgs/msg/_figure_eight_status.py\n'}
[18.977300] (px4_msgs) StdoutLine: {'line': b'-- Up-to-date: /home/subhalaxmi/nidar_ws/install/px4_msgs/local/lib/python3.10/dist-packages/px4_msgs/msg/_message_format_request.py\n'}
[18.977614] (px4_msgs) StdoutLine: {'line': b'-- Up-to-date: /home/subhalaxmi/nidar_ws/install/px4_msgs/local/lib/python3.10/dist-packages/px4_msgs/msg/_sensor_accel_s.c\n'}
[18.977859] (px4_msgs) StdoutLine: {'line': b'-- Up-to-date: /home/subhalaxmi/nidar_ws/install/px4_msgs/local/lib/python3.10/dist-packages/px4_msgs/msg/_led_control.py\n'}
[18.978143] (px4_msgs) StdoutLine: {'line': b'-- Up-to-date: /home/subhalaxmi/nidar_ws/install/px4_msgs/local/lib/python3.10/dist-packages/px4_msgs/msg/_rover_speed_setpoint_s.c\n'}
[18.978371] (px4_msgs) StdoutLine: {'line': b'-- Up-to-date: /home/subhalaxmi/nidar_ws/install/px4_msgs/local/lib/python3.10/dist-packages/px4_msgs/msg/_event.py\n'}
[18.978607] (px4_msgs) StdoutLine: {'line': b'-- Up-to-date: /home/subhalaxmi/nidar_ws/install/px4_msgs/local/lib/python3.10/dist-packages/px4_msgs/msg/_wheel_encoders.py\n'}
[18.978836] (px4_msgs) StdoutLine: {'line': b'-- Up-to-date: /home/subhalaxmi/nidar_ws/install/px4_msgs/local/lib/python3.10/dist-packages/px4_msgs/msg/_control_allocator_status.py\n'}
[18.979064] (px4_msgs) StdoutLine: {'line': b'-- Up-to-date: /home/subhalaxmi/nidar_ws/install/px4_msgs/local/lib/python3.10/dist-packages/px4_msgs/msg/_orb_test_large_s.c\n'}
[18.979667] (px4_msgs) StdoutLine: {'line': b'-- Up-to-date: /home/subhalaxmi/nidar_ws/install/px4_msgs/local/lib/python3.10/dist-packages/px4_msgs/msg/_wind_s.c\n'}
[18.979959] (px4_msgs) StdoutLine: {'line': b'-- Up-to-date: /home/subhalaxmi/nidar_ws/install/px4_msgs/local/lib/python3.10/dist-packages/px4_msgs/msg/_gain_compression.py\n'}
[18.980793] (px4_msgs) StdoutLine: {'line': b'-- Up-to-date: /home/subhalaxmi/nidar_ws/install/px4_msgs/local/lib/python3.10/dist-packages/px4_msgs/msg/_estimator_status_s.c\n'}
[18.981022] (px4_msgs) StdoutLine: {'line': b'-- Up-to-date: /home/subhalaxmi/nidar_ws/install/px4_msgs/local/lib/python3.10/dist-packages/px4_msgs/msg/_log_message_s.c\n'}
[18.981272] (px4_msgs) StdoutLine: {'line': b'-- Up-to-date: /home/subhalaxmi/nidar_ws/install/px4_msgs/local/lib/python3.10/dist-packages/px4_msgs/msg/_mode_completed_s.c\n'}
[18.981517] (px4_msgs) StdoutLine: {'line': b'-- Up-to-date: /home/subhalaxmi/nidar_ws/install/px4_msgs/local/lib/python3.10/dist-packages/px4_msgs/msg/_trajectory_setpoint6dof.py\n'}
[18.981721] (px4_msgs) StdoutLine: {'line': b'-- Up-to-date: /home/subhalaxmi/nidar_ws/install/px4_msgs/local/lib/python3.10/dist-packages/px4_msgs/msg/_autotune_attitude_control_status.py\n'}
[18.981916] (px4_msgs) StdoutLine: {'line': b'-- Up-to-date: /home/subhalaxmi/nidar_ws/install/px4_msgs/local/lib/python3.10/dist-packages/px4_msgs/msg/_rtl_time_estimate.py\n'}
[18.982154] (px4_msgs) StdoutLine: {'line': b'-- Up-to-date: /home/subhalaxmi/nidar_ws/install/px4_msgs/local/lib/python3.10/dist-packages/px4_msgs/msg/_satellite_info_s.c\n'}
[18.982460] (px4_msgs) StdoutLine: {'line': b'-- Up-to-date: /home/subhalaxmi/nidar_ws/install/px4_msgs/local/lib/python3.10/dist-packages/px4_msgs/msg/_manual_control_setpoint.py\n'}
[18.982670] (px4_msgs) StdoutLine: {'line': b'-- Up-to-date: /home/subhalaxmi/nidar_ws/install/px4_msgs/local/lib/python3.10/dist-packages/px4_msgs/msg/_gpio_request.py\n'}
[18.982908] (px4_msgs) StdoutLine: {'line': b'-- Up-to-date: /home/subhalaxmi/nidar_ws/install/px4_msgs/local/lib/python3.10/dist-packages/px4_msgs/msg/_esc_report_s.c\n'}
[18.983277] (px4_msgs) StdoutLine: {'line': b'-- Up-to-date: /home/subhalaxmi/nidar_ws/install/px4_msgs/local/lib/python3.10/dist-packages/px4_msgs/msg/_estimator_innovations.py\n'}
[18.983484] (px4_msgs) StdoutLine: {'line': b'-- Up-to-date: /home/subhalaxmi/nidar_ws/install/px4_msgs/local/lib/python3.10/dist-packages/px4_msgs/msg/_estimator_bias.py\n'}
[18.983688] (px4_msgs) StdoutLine: {'line': b'-- Up-to-date: /home/subhalaxmi/nidar_ws/install/px4_msgs/local/lib/python3.10/dist-packages/px4_msgs/msg/_neural_control_s.c\n'}
[18.983902] (px4_msgs) StdoutLine: {'line': b'-- Up-to-date: /home/subhalaxmi/nidar_ws/install/px4_msgs/local/lib/python3.10/dist-packages/px4_msgs/msg/_sensors_status_s.c\n'}
[18.984226] (px4_msgs) StdoutLine: {'line': b'-- Up-to-date: /home/subhalaxmi/nidar_ws/install/px4_msgs/local/lib/python3.10/dist-packages/px4_msgs/msg/_gps_inject_data_s.c\n'}
[18.984609] (px4_msgs) StdoutLine: {'line': b'-- Up-to-date: /home/subhalaxmi/nidar_ws/install/px4_msgs/local/lib/python3.10/dist-packages/px4_msgs/msg/_failsafe_flags.py\n'}
[18.985195] (px4_msgs) StdoutLine: {'line': b'-- Up-to-date: /home/subhalaxmi/nidar_ws/install/px4_msgs/local/lib/python3.10/dist-packages/px4_msgs/msg/_mission_result_s.c\n'}
[18.985502] (px4_msgs) StdoutLine: {'line': b'-- Up-to-date: /home/subhalaxmi/nidar_ws/install/px4_msgs/local/lib/python3.10/dist-packages/px4_msgs/msg/_cellular_status_s.c\n'}
[18.985703] (px4_msgs) StdoutLine: {'line': b'-- Up-to-date: /home/subhalaxmi/nidar_ws/install/px4_msgs/local/lib/python3.10/dist-packages/px4_msgs/msg/_camera_capture_s.c\n'}
[18.985959] (px4_msgs) StdoutLine: {'line': b'-- Up-to-date: /home/subhalaxmi/nidar_ws/install/px4_msgs/local/lib/python3.10/dist-packages/px4_msgs/msg/_debug_vect_s.c\n'}
[18.986278] (px4_msgs) StdoutLine: {'line': b'-- Up-to-date: /home/subhalaxmi/nidar_ws/install/px4_msgs/local/lib/python3.10/dist-packages/px4_msgs/msg/_trajectory_setpoint.py\n'}
[18.986533] (px4_msgs) StdoutLine: {'line': b'-- Up-to-date: /home/subhalaxmi/nidar_ws/install/px4_msgs/local/lib/python3.10/dist-packages/px4_msgs/msg/_battery_info_s.c\n'}
[18.986708] (px4_msgs) StdoutLine: {'line': b'-- Up-to-date: /home/subhalaxmi/nidar_ws/install/px4_msgs/local/lib/python3.10/dist-packages/px4_msgs/msg/_gimbal_manager_status.py\n'}
[18.986957] (px4_msgs) StdoutLine: {'line': b'-- Up-to-date: /home/subhalaxmi/nidar_ws/install/px4_msgs/local/lib/python3.10/dist-packages/px4_msgs/msg/_position_controller_status.py\n'}
[18.987436] (px4_msgs) StdoutLine: {'line': b'-- Up-to-date: /home/subhalaxmi/nidar_ws/install/px4_msgs/local/lib/python3.10/dist-packages/px4_msgs/msg/_gimbal_device_set_attitude.py\n'}
[18.989130] (px4_msgs) StdoutLine: {'line': b'-- Up-to-date: /home/subhalaxmi/nidar_ws/install/px4_msgs/local/lib/python3.10/dist-packages/px4_msgs/msg/_mount_orientation.py\n'}
[18.989513] (px4_msgs) StdoutLine: {'line': b'-- Up-to-date: /home/subhalaxmi/nidar_ws/install/px4_msgs/local/lib/python3.10/dist-packages/px4_msgs/msg/_landing_gear_s.c\n'}
[18.989808] (px4_msgs) StdoutLine: {'line': b'-- Up-to-date: /home/subhalaxmi/nidar_ws/install/px4_msgs/local/lib/python3.10/dist-packages/px4_msgs/msg/_debug_key_value_s.c\n'}
[18.990035] (px4_msgs) StdoutLine: {'line': b'-- Up-to-date: /home/subhalaxmi/nidar_ws/install/px4_msgs/local/lib/python3.10/dist-packages/px4_msgs/msg/_normalized_unsigned_setpoint_s.c\n'}
[18.990743] (px4_msgs) StdoutLine: {'line': b'-- Up-to-date: /home/subhalaxmi/nidar_ws/install/px4_msgs/local/lib/python3.10/dist-packages/px4_msgs/msg/_estimator_states.py\n'}
[18.991583] (px4_msgs) StdoutLine: {'line': b'-- Up-to-date: /home/subhalaxmi/nidar_ws/install/px4_msgs/local/lib/python3.10/dist-packages/px4_msgs/msg/_vehicle_status.py\n'}
[18.992050] (px4_msgs) StdoutLine: {'line': b'-- Up-to-date: /home/subhalaxmi/nidar_ws/install/px4_msgs/local/lib/python3.10/dist-packages/px4_msgs/msg/_estimator_aid_source1d_s.c\n'}
[18.996577] (px4_msgs) StdoutLine: {'line': b'-- Up-to-date: /home/subhalaxmi/nidar_ws/install/px4_msgs/local/lib/python3.10/dist-packages/px4_msgs/msg/_vehicle_control_mode_s.c\n'}
[18.998321] (px4_msgs) StdoutLine: {'line': b'-- Up-to-date: /home/subhalaxmi/nidar_ws/install/px4_msgs/local/lib/python3.10/dist-packages/px4_msgs/msg/_rover_steering_setpoint_s.c\n'}
[18.998802] (px4_msgs) StdoutLine: {'line': b'-- Up-to-date: /home/subhalaxmi/nidar_ws/install/px4_msgs/local/lib/python3.10/dist-packages/px4_msgs/msg/_arming_check_request.py\n'}
[18.999375] (px4_msgs) StdoutLine: {'line': b'-- Up-to-date: /home/subhalaxmi/nidar_ws/install/px4_msgs/local/lib/python3.10/dist-packages/px4_msgs/msg/_dronecan_node_status_s.c\n'}
[18.999607] (px4_msgs) StdoutLine: {'line': b'-- Up-to-date: /home/subhalaxmi/nidar_ws/install/px4_msgs/local/lib/python3.10/dist-packages/px4_msgs/msg/_power_monitor.py\n'}
[18.999862] (px4_msgs) StdoutLine: {'line': b'-- Up-to-date: /home/subhalaxmi/nidar_ws/install/px4_msgs/local/lib/python3.10/dist-packages/px4_msgs/msg/_launch_detection_status_s.c\n'}
[19.001378] (px4_msgs) StdoutLine: {'line': b'-- Up-to-date: /home/subhalaxmi/nidar_ws/install/px4_msgs/local/lib/python3.10/dist-packages/px4_msgs/msg/_vehicle_torque_setpoint.py\n'}
[19.002130] (px4_msgs) StdoutLine: {'line': b'-- Up-to-date: /home/subhalaxmi/nidar_ws/install/px4_msgs/local/lib/python3.10/dist-packages/px4_msgs/msg/_home_position.py\n'}
[19.002394] (px4_msgs) StdoutLine: {'line': b'-- Up-to-date: /home/subhalaxmi/nidar_ws/install/px4_msgs/local/lib/python3.10/dist-packages/px4_msgs/msg/_position_controller_status_s.c\n'}
[19.002593] (px4_msgs) StdoutLine: {'line': b'-- Up-to-date: /home/subhalaxmi/nidar_ws/install/px4_msgs/local/lib/python3.10/dist-packages/px4_msgs/msg/_power_button_state_s.c\n'}
[19.002797] (px4_msgs) StdoutLine: {'line': b'-- Up-to-date: /home/subhalaxmi/nidar_ws/install/px4_msgs/local/lib/python3.10/dist-packages/px4_msgs/msg/_actuator_motors.py\n'}
[19.002994] (px4_msgs) StdoutLine: {'line': b'-- Up-to-date: /home/subhalaxmi/nidar_ws/install/px4_msgs/local/lib/python3.10/dist-packages/px4_msgs/msg/_fixed_wing_lateral_guidance_status_s.c\n'}
[19.003259] (px4_msgs) StdoutLine: {'line': b'-- Up-to-date: /home/subhalaxmi/nidar_ws/install/px4_msgs/local/lib/python3.10/dist-packages/px4_msgs/msg/_distance_sensor_mode_change_request_s.c\n'}
[19.003604] (px4_msgs) StdoutLine: {'line': b'-- Up-to-date: /home/subhalaxmi/nidar_ws/install/px4_msgs/local/lib/python3.10/dist-packages/px4_msgs/msg/_vtol_vehicle_status.py\n'}
[19.003871] (px4_msgs) StdoutLine: {'line': b'-- Up-to-date: /home/subhalaxmi/nidar_ws/install/px4_msgs/local/lib/python3.10/dist-packages/px4_msgs/msg/_tecs_status_s.c\n'}
[19.004304] (px4_msgs) StdoutLine: {'line': b'-- Up-to-date: /home/subhalaxmi/nidar_ws/install/px4_msgs/local/lib/python3.10/dist-packages/px4_msgs/msg/_lateral_control_configuration.py\n'}
[19.004828] (px4_msgs) StdoutLine: {'line': b'-- Up-to-date: /home/subhalaxmi/nidar_ws/install/px4_msgs/local/lib/python3.10/dist-packages/px4_msgs/msg/_control_allocator_status_s.c\n'}
[19.005084] (px4_msgs) StdoutLine: {'line': b'-- Up-to-date: /home/subhalaxmi/nidar_ws/install/px4_msgs/local/lib/python3.10/dist-packages/px4_msgs/msg/_can_interface_status.py\n'}
[19.005381] (px4_msgs) StdoutLine: {'line': b'-- Up-to-date: /home/subhalaxmi/nidar_ws/install/px4_msgs/local/lib/python3.10/dist-packages/px4_msgs/msg/_airspeed_wind.py\n'}
[19.005611] (px4_msgs) StdoutLine: {'line': b'-- Up-to-date: /home/subhalaxmi/nidar_ws/install/px4_msgs/local/lib/python3.10/dist-packages/px4_msgs/msg/_estimator_bias3d_s.c\n'}
[19.005812] (px4_msgs) StdoutLine: {'line': b'-- Up-to-date: /home/subhalaxmi/nidar_ws/install/px4_msgs/local/lib/python3.10/dist-packages/px4_msgs/msg/_gpio_out_s.c\n'}
[19.006023] (px4_msgs) StdoutLine: {'line': b'-- Up-to-date: /home/subhalaxmi/nidar_ws/install/px4_msgs/local/lib/python3.10/dist-packages/px4_msgs/msg/_parameter_set_used_request_s.c\n'}
[19.006365] (px4_msgs) StdoutLine: {'line': b'-- Up-to-date: /home/subhalaxmi/nidar_ws/install/px4_msgs/local/lib/python3.10/dist-packages/px4_msgs/msg/_iridiumsbd_status_s.c\n'}
[19.006580] (px4_msgs) StdoutLine: {'line': b'-- Up-to-date: /home/subhalaxmi/nidar_ws/install/px4_msgs/local/lib/python3.10/dist-packages/px4_msgs/msg/_sensor_gps.py\n'}
[19.006773] (px4_msgs) StdoutLine: {'line': b'-- Up-to-date: /home/subhalaxmi/nidar_ws/install/px4_msgs/local/lib/python3.10/dist-packages/px4_msgs/msg/_landing_target_innovations_s.c\n'}
[19.006970] (px4_msgs) StdoutLine: {'line': b'-- Up-to-date: /home/subhalaxmi/nidar_ws/install/px4_msgs/local/lib/python3.10/dist-packages/px4_msgs/msg/_gimbal_device_information_s.c\n'}
[19.007287] (px4_msgs) StdoutLine: {'line': b'-- Up-to-date: /home/subhalaxmi/nidar_ws/install/px4_msgs/local/lib/python3.10/dist-packages/px4_msgs/msg/_goto_setpoint_s.c\n'}
[19.007498] (px4_msgs) StdoutLine: {'line': b'-- Up-to-date: /home/subhalaxmi/nidar_ws/install/px4_msgs/local/lib/python3.10/dist-packages/px4_msgs/msg/_gimbal_manager_set_attitude_s.c\n'}
[19.007740] (px4_msgs) StdoutLine: {'line': b'-- Up-to-date: /home/subhalaxmi/nidar_ws/install/px4_msgs/local/lib/python3.10/dist-packages/px4_msgs/msg/_event_s.c\n'}
[19.008136] (px4_msgs) StdoutLine: {'line': b'-- Up-to-date: /home/subhalaxmi/nidar_ws/install/px4_msgs/local/lib/python3.10/dist-packages/px4_msgs/msg/_sensor_accel_fifo.py\n'}
[19.008407] (px4_msgs) StdoutLine: {'line': b'-- Up-to-date: /home/subhalaxmi/nidar_ws/install/px4_msgs/local/lib/python3.10/dist-packages/px4_msgs/msg/_sensor_gyro_fft_s.c\n'}
[19.008645] (px4_msgs) StdoutLine: {'line': b'-- Up-to-date: /home/subhalaxmi/nidar_ws/install/px4_msgs/local/lib/python3.10/dist-packages/px4_msgs/msg/_estimator_status_flags_s.c\n'}
[19.008821] (px4_msgs) StdoutLine: {'line': b'-- Up-to-date: /home/subhalaxmi/nidar_ws/install/px4_msgs/local/lib/python3.10/dist-packages/px4_msgs/msg/_geofence_status.py\n'}
[19.009024] (px4_msgs) StdoutLine: {'line': b'-- Up-to-date: /home/subhalaxmi/nidar_ws/install/px4_msgs/local/lib/python3.10/dist-packages/px4_msgs/msg/_ping.py\n'}
[19.009598] (px4_msgs) StdoutLine: {'line': b'-- Up-to-date: /home/subhalaxmi/nidar_ws/install/px4_msgs/local/lib/python3.10/dist-packages/px4_msgs/msg/_trajectory_setpoint6dof_s.c\n'}
[19.009891] (px4_msgs) StdoutLine: {'line': b'-- Up-to-date: /home/subhalaxmi/nidar_ws/install/px4_msgs/local/lib/python3.10/dist-packages/px4_msgs/msg/_ping_s.c\n'}
[19.010255] (px4_msgs) StdoutLine: {'line': b'-- Up-to-date: /home/subhalaxmi/nidar_ws/install/px4_msgs/local/lib/python3.10/dist-packages/px4_msgs/msg/_navigator_mission_item.py\n'}
[19.010704] (px4_msgs) StdoutLine: {'line': b'-- Up-to-date: /home/subhalaxmi/nidar_ws/install/px4_msgs/local/lib/python3.10/dist-packages/px4_msgs/msg/_rtl_time_estimate_s.c\n'}
[19.010925] (px4_msgs) StdoutLine: {'line': b'-- Up-to-date: /home/subhalaxmi/nidar_ws/install/px4_msgs/local/lib/python3.10/dist-packages/px4_msgs/msg/_health_report.py\n'}
[19.011139] (px4_msgs) StdoutLine: {'line': b'-- Up-to-date: /home/subhalaxmi/nidar_ws/install/px4_msgs/local/lib/python3.10/dist-packages/px4_msgs/msg/_trajectory_setpoint_s.c\n'}
[19.011369] (px4_msgs) StdoutLine: {'line': b'-- Up-to-date: /home/subhalaxmi/nidar_ws/install/px4_msgs/local/lib/python3.10/dist-packages/px4_msgs/msg/_battery_status.py\n'}
[19.011564] (px4_msgs) StdoutLine: {'line': b'-- Up-to-date: /home/subhalaxmi/nidar_ws/install/px4_msgs/local/lib/python3.10/dist-packages/px4_msgs/msg/_register_ext_component_reply_s.c\n'}
[19.011804] (px4_msgs) StdoutLine: {'line': b'-- Up-to-date: /home/subhalaxmi/nidar_ws/install/px4_msgs/local/lib/python3.10/dist-packages/px4_msgs/msg/_actuator_test.py\n'}
[19.012076] (px4_msgs) StdoutLine: {'line': b'-- Up-to-date: /home/subhalaxmi/nidar_ws/install/px4_msgs/local/lib/python3.10/dist-packages/px4_msgs/msg/_manual_control_setpoint_s.c\n'}
[19.012464] (px4_msgs) StdoutLine: {'line': b'-- Up-to-date: /home/subhalaxmi/nidar_ws/install/px4_msgs/local/lib/python3.10/dist-packages/px4_msgs/msg/_autotune_attitude_control_status_s.c\n'}
[19.012668] (px4_msgs) StdoutLine: {'line': b'-- Up-to-date: /home/subhalaxmi/nidar_ws/install/px4_msgs/local/lib/python3.10/dist-packages/px4_msgs/msg/_px4io_status.py\n'}
[19.012900] (px4_msgs) StdoutLine: {'line': b'-- Up-to-date: /home/subhalaxmi/nidar_ws/install/px4_msgs/local/lib/python3.10/dist-packages/px4_msgs/msg/_mavlink_log.py\n'}
[19.013099] (px4_msgs) StdoutLine: {'line': b'-- Up-to-date: /home/subhalaxmi/nidar_ws/install/px4_msgs/local/lib/python3.10/dist-packages/px4_msgs/msg/_estimator_bias3d.py\n'}
[19.013390] (px4_msgs) StdoutLine: {'line': b'-- Up-to-date: /home/subhalaxmi/nidar_ws/install/px4_msgs/local/lib/python3.10/dist-packages/px4_msgs/msg/_magnetometer_bias_estimate_s.c\n'}
[19.013626] (px4_msgs) StdoutLine: {'line': b'-- Up-to-date: /home/subhalaxmi/nidar_ws/install/px4_msgs/local/lib/python3.10/dist-packages/px4_msgs/msg/_open_drone_id_arm_status_s.c\n'}
[19.013863] (px4_msgs) StdoutLine: {'line': b'-- Up-to-date: /home/subhalaxmi/nidar_ws/install/px4_msgs/local/lib/python3.10/dist-packages/px4_msgs/msg/_sensor_preflight_mag_s.c\n'}
[19.014072] (px4_msgs) StdoutLine: {'line': b'-- Up-to-date: /home/subhalaxmi/nidar_ws/install/px4_msgs/local/lib/python3.10/dist-packages/px4_msgs/msg/_orb_test_medium.py\n'}
[19.014348] (px4_msgs) StdoutLine: {'line': b'-- Up-to-date: /home/subhalaxmi/nidar_ws/install/px4_msgs/local/lib/python3.10/dist-packages/px4_msgs/msg/_parameter_reset_request.py\n'}
[19.014603] (px4_msgs) StdoutLine: {'line': b'-- Up-to-date: /home/subhalaxmi/nidar_ws/install/px4_msgs/local/lib/python3.10/dist-packages/px4_msgs/msg/_irlock_report.py\n'}
[19.014846] (px4_msgs) StdoutLine: {'line': b'-- Up-to-date: /home/subhalaxmi/nidar_ws/install/px4_msgs/local/lib/python3.10/dist-packages/px4_msgs/msg/_offboard_control_mode.py\n'}
[19.015080] (px4_msgs) StdoutLine: {'line': b'-- Up-to-date: /home/subhalaxmi/nidar_ws/install/px4_msgs/local/lib/python3.10/dist-packages/px4_msgs/msg/_vehicle_roi_s.c\n'}
[19.015436] (px4_msgs) StdoutLine: {'line': b'-- Up-to-date: /home/subhalaxmi/nidar_ws/install/px4_msgs/local/lib/python3.10/dist-packages/px4_msgs/msg/_qshell_retval_s.c\n'}
[19.015647] (px4_msgs) StdoutLine: {'line': b'-- Up-to-date: /home/subhalaxmi/nidar_ws/install/px4_msgs/local/lib/python3.10/dist-packages/px4_msgs/msg/_device_information.py\n'}
[19.015841] (px4_msgs) StdoutLine: {'line': b'-- Up-to-date: /home/subhalaxmi/nidar_ws/install/px4_msgs/local/lib/python3.10/dist-packages/px4_msgs/msg/_cpuload_s.c\n'}
[19.016037] (px4_msgs) StdoutLine: {'line': b'-- Up-to-date: /home/subhalaxmi/nidar_ws/install/px4_msgs/local/lib/python3.10/dist-packages/px4_msgs/msg/_irlock_report_s.c\n'}
[19.016274] (px4_msgs) StdoutLine: {'line': b'-- Up-to-date: /home/subhalaxmi/nidar_ws/install/px4_msgs/local/lib/python3.10/dist-packages/px4_msgs/msg/_debug_array_s.c\n'}
[19.016457] (px4_msgs) StdoutLine: {'line': b'-- Up-to-date: /home/subhalaxmi/nidar_ws/install/px4_msgs/local/lib/python3.10/dist-packages/px4_msgs/msg/_open_drone_id_arm_status.py\n'}
[19.016625] (px4_msgs) StdoutLine: {'line': b'-- Up-to-date: /home/subhalaxmi/nidar_ws/install/px4_msgs/local/lib/python3.10/dist-packages/px4_msgs/msg/_pps_capture.py\n'}
[19.016789] (px4_msgs) StdoutLine: {'line': b'-- Up-to-date: /home/subhalaxmi/nidar_ws/install/px4_msgs/local/lib/python3.10/dist-packages/px4_msgs/msg/_open_drone_id_system_s.c\n'}
[19.016963] (px4_msgs) StdoutLine: {'line': b'-- Up-to-date: /home/subhalaxmi/nidar_ws/install/px4_msgs/local/lib/python3.10/dist-packages/px4_msgs/msg/_sensor_temp_s.c\n'}
[19.017235] (px4_msgs) StdoutLine: {'line': b'-- Up-to-date: /home/subhalaxmi/nidar_ws/install/px4_msgs/local/lib/python3.10/dist-packages/px4_msgs/msg/_vtx.py\n'}
[19.017636] (px4_msgs) StdoutLine: {'line': b'-- Up-to-date: /home/subhalaxmi/nidar_ws/install/px4_msgs/local/lib/python3.10/dist-packages/px4_msgs/msg/_gimbal_manager_status_s.c\n'}
[19.018019] (px4_msgs) StdoutLine: {'line': b'-- Up-to-date: /home/subhalaxmi/nidar_ws/install/px4_msgs/local/lib/python3.10/dist-packages/px4_msgs/msg/_sensor_airflow_s.c\n'}
[19.018278] (px4_msgs) StdoutLine: {'line': b'-- Up-to-date: /home/subhalaxmi/nidar_ws/install/px4_msgs/local/lib/python3.10/dist-packages/px4_msgs/msg/_position_setpoint_triplet_s.c\n'}
[19.018499] (px4_msgs) StdoutLine: {'line': b'-- Up-to-date: /home/subhalaxmi/nidar_ws/install/px4_msgs/local/lib/python3.10/dist-packages/px4_msgs/msg/_ekf2_timestamps_s.c\n'}
[19.018720] (px4_msgs) StdoutLine: {'line': b'-- Up-to-date: /home/subhalaxmi/nidar_ws/install/px4_msgs/local/lib/python3.10/dist-packages/px4_msgs/msg/_rover_speed_status.py\n'}
[19.018961] (px4_msgs) StdoutLine: {'line': b'-- Up-to-date: /home/subhalaxmi/nidar_ws/install/px4_msgs/local/lib/python3.10/dist-packages/px4_msgs/msg/_navigator_status_s.c\n'}
[19.019213] (px4_msgs) StdoutLine: {'line': b'-- Up-to-date: /home/subhalaxmi/nidar_ws/install/px4_msgs/local/lib/python3.10/dist-packages/px4_msgs/msg/_esc_status_s.c\n'}
[19.019431] (px4_msgs) StdoutLine: {'line': b'-- Up-to-date: /home/subhalaxmi/nidar_ws/install/px4_msgs/local/lib/python3.10/dist-packages/px4_msgs/msg/_vehicle_acceleration_s.c\n'}
[19.019627] (px4_msgs) StdoutLine: {'line': b'-- Up-to-date: /home/subhalaxmi/nidar_ws/install/px4_msgs/local/lib/python3.10/dist-packages/px4_msgs/msg/_orb_test.py\n'}
[19.019817] (px4_msgs) StdoutLine: {'line': b'-- Up-to-date: /home/subhalaxmi/nidar_ws/install/px4_msgs/local/lib/python3.10/dist-packages/px4_msgs/msg/_follow_target_status.py\n'}
[19.020045] (px4_msgs) StdoutLine: {'line': b'-- Up-to-date: /home/subhalaxmi/nidar_ws/install/px4_msgs/local/lib/python3.10/dist-packages/px4_msgs/msg/_estimator_event_flags.py\n'}
[19.020547] (px4_msgs) StdoutLine: {'line': b'-- Up-to-date: /home/subhalaxmi/nidar_ws/install/px4_msgs/local/lib/python3.10/dist-packages/px4_msgs/msg/_gps_dump_s.c\n'}
[19.020736] (px4_msgs) StdoutLine: {'line': b'-- Up-to-date: /home/subhalaxmi/nidar_ws/install/px4_msgs/local/lib/python3.10/dist-packages/px4_msgs/msg/_ulog_stream.py\n'}
[19.020930] (px4_msgs) StdoutLine: {'line': b'-- Up-to-date: /home/subhalaxmi/nidar_ws/install/px4_msgs/local/lib/python3.10/dist-packages/px4_msgs/msg/_gripper.py\n'}
[19.021146] (px4_msgs) StdoutLine: {'line': b'-- Up-to-date: /home/subhalaxmi/nidar_ws/install/px4_msgs/local/lib/python3.10/dist-packages/px4_msgs/msg/_orbit_status_s.c\n'}
[19.021375] (px4_msgs) StdoutLine: {'line': b'-- Up-to-date: /home/subhalaxmi/nidar_ws/install/px4_msgs/local/lib/python3.10/dist-packages/px4_msgs/msg/_goto_setpoint.py\n'}
[19.021636] (px4_msgs) StdoutLine: {'line': b'-- Up-to-date: /home/subhalaxmi/nidar_ws/install/px4_msgs/local/lib/python3.10/dist-packages/px4_msgs/msg/_airspeed.py\n'}
[19.021848] (px4_msgs) StdoutLine: {'line': b'-- Up-to-date: /home/subhalaxmi/nidar_ws/install/px4_msgs/local/lib/python3.10/dist-packages/px4_msgs/msg/_uavcan_parameter_request.py\n'}
[19.022046] (px4_msgs) StdoutLine: {'line': b'-- Up-to-date: /home/subhalaxmi/nidar_ws/install/px4_msgs/local/lib/python3.10/dist-packages/px4_msgs/msg/_open_drone_id_operator_id.py\n'}
[19.022287] (px4_msgs) StdoutLine: {'line': b'-- Up-to-date: /home/subhalaxmi/nidar_ws/install/px4_msgs/local/lib/python3.10/dist-packages/px4_msgs/msg/_estimator_status_flags.py\n'}
[19.022490] (px4_msgs) StdoutLine: {'line': b'-- Up-to-date: /home/subhalaxmi/nidar_ws/install/px4_msgs/local/lib/python3.10/dist-packages/px4_msgs/msg/_register_ext_component_request_s.c\n'}
[19.022684] (px4_msgs) StdoutLine: {'line': b'-- Up-to-date: /home/subhalaxmi/nidar_ws/install/px4_msgs/local/lib/python3.10/dist-packages/px4_msgs/msg/_gps_inject_data.py\n'}
[19.022871] (px4_msgs) StdoutLine: {'line': b'-- Up-to-date: /home/subhalaxmi/nidar_ws/install/px4_msgs/local/lib/python3.10/dist-packages/px4_msgs/msg/_vehicle_land_detected.py\n'}
[19.023124] (px4_msgs) StdoutLine: {'line': b'-- Up-to-date: /home/subhalaxmi/nidar_ws/install/px4_msgs/local/lib/python3.10/dist-packages/px4_msgs/msg/_rover_attitude_setpoint.py\n'}
[19.023525] (px4_msgs) StdoutLine: {'line': b'-- Up-to-date: /home/subhalaxmi/nidar_ws/install/px4_msgs/local/lib/python3.10/dist-packages/px4_msgs/msg/_offboard_control_mode_s.c\n'}
[19.023710] (px4_msgs) StdoutLine: {'line': b'-- Up-to-date: /home/subhalaxmi/nidar_ws/install/px4_msgs/local/lib/python3.10/dist-packages/px4_msgs/msg/_gimbal_device_information.py\n'}
[19.023923] (px4_msgs) StdoutLine: {'line': b'-- Up-to-date: /home/subhalaxmi/nidar_ws/install/px4_msgs/local/lib/python3.10/dist-packages/px4_msgs/msg/_ulog_stream_s.c\n'}
[19.024142] (px4_msgs) StdoutLine: {'line': b'-- Up-to-date: /home/subhalaxmi/nidar_ws/install/px4_msgs/local/lib/python3.10/dist-packages/px4_msgs/msg/_navigator_mission_item_s.c\n'}
[19.024363] (px4_msgs) StdoutLine: {'line': b'-- Up-to-date: /home/subhalaxmi/nidar_ws/install/px4_msgs/local/lib/python3.10/dist-packages/px4_msgs/msg/_sensor_gnss_status_s.c\n'}
[19.025009] (px4_msgs) StdoutLine: {'line': b'-- Up-to-date: /home/subhalaxmi/nidar_ws/install/px4_msgs/local/lib/python3.10/dist-packages/px4_msgs/msg/_estimator_aid_source2d.py\n'}
[19.026584] (px4_msgs) StdoutLine: {'line': b'-- Up-to-date: /home/subhalaxmi/nidar_ws/install/px4_msgs/local/lib/python3.10/dist-packages/px4_msgs/msg/_pure_pursuit_status_s.c\n'}
[19.026927] (px4_msgs) StdoutLine: {'line': b'-- Up-to-date: /home/subhalaxmi/nidar_ws/install/px4_msgs/local/lib/python3.10/dist-packages/px4_msgs/msg/_sensor_uwb.py\n'}
[19.027636] (px4_msgs) StdoutLine: {'line': b'-- Up-to-date: /home/subhalaxmi/nidar_ws/install/px4_msgs/local/lib/python3.10/dist-packages/px4_msgs/msg/_debug_key_value.py\n'}
[19.027944] (px4_msgs) StdoutLine: {'line': b'-- Up-to-date: /home/subhalaxmi/nidar_ws/install/px4_msgs/local/lib/python3.10/dist-packages/px4_msgs/msg/_open_drone_id_system.py\n'}
[19.028861] (px4_msgs) StdoutLine: {'line': b'-- Up-to-date: /home/subhalaxmi/nidar_ws/install/px4_msgs/local/lib/python3.10/dist-packages/px4_msgs/msg/_follow_target_s.c\n'}
[19.029327] (px4_msgs) StdoutLine: {'line': b'-- Up-to-date: /home/subhalaxmi/nidar_ws/install/px4_msgs/local/lib/python3.10/dist-packages/px4_msgs/msg/_estimator_aid_source3d_s.c\n'}
[19.029847] (px4_msgs) StdoutLine: {'line': b'-- Up-to-date: /home/subhalaxmi/nidar_ws/install/px4_msgs/local/lib/python3.10/dist-packages/px4_msgs/msg/_position_controller_landing_status_s.c\n'}
[19.030294] (px4_msgs) StdoutLine: {'line': b'-- Up-to-date: /home/subhalaxmi/nidar_ws/install/px4_msgs/local/lib/python3.10/dist-packages/px4_msgs/msg/_mavlink_tunnel.py\n'}
[19.030725] (px4_msgs) StdoutLine: {'line': b'-- Up-to-date: /home/subhalaxmi/nidar_ws/install/px4_msgs/local/lib/python3.10/dist-packages/px4_msgs/msg/_vehicle_imu_status.py\n'}
[19.031008] (px4_msgs) StdoutLine: {'line': b'-- Up-to-date: /home/subhalaxmi/nidar_ws/install/px4_msgs/local/lib/python3.10/dist-packages/px4_msgs/msg/_radio_status.py\n'}
[19.031289] (px4_msgs) StdoutLine: {'line': b'-- Up-to-date: /home/subhalaxmi/nidar_ws/install/px4_msgs/local/lib/python3.10/dist-packages/px4_msgs/msg/_vehicle_status_s.c\n'}
[19.031705] (px4_msgs) StdoutLine: {'line': b'-- Up-to-date: /home/subhalaxmi/nidar_ws/install/px4_msgs/local/lib/python3.10/dist-packages/px4_msgs/msg/_rover_position_setpoint_s.c\n'}
[19.033188] (px4_msgs) StdoutLine: {'line': b'-- Up-to-date: /home/subhalaxmi/nidar_ws/install/px4_msgs/local/lib/python3.10/dist-packages/px4_msgs/msg/_led_control_s.c\n'}
[19.034479] (px4_msgs) StdoutLine: {'line': b'-- Up-to-date: /home/subhalaxmi/nidar_ws/install/px4_msgs/local/lib/python3.10/dist-packages/px4_msgs/msg/_input_rc.py\n'}
[19.034862] (px4_msgs) StdoutLine: {'line': b'-- Up-to-date: /home/subhalaxmi/nidar_ws/install/px4_msgs/local/lib/python3.10/dist-packages/px4_msgs/msg/_sensors_status_imu_s.c\n'}
[19.035096] (px4_msgs) StdoutLine: {'line': b'-- Up-to-date: /home/subhalaxmi/nidar_ws/install/px4_msgs/local/lib/python3.10/dist-packages/px4_msgs/msg/_open_drone_id_operator_id_s.c\n'}
[19.035484] (px4_msgs) StdoutLine: {'line': b'-- Up-to-date: /home/subhalaxmi/nidar_ws/install/px4_msgs/local/lib/python3.10/dist-packages/px4_msgs/msg/_open_drone_id_self_id_s.c\n'}
[19.035752] (px4_msgs) StdoutLine: {'line': b'-- Up-to-date: /home/subhalaxmi/nidar_ws/install/px4_msgs/local/lib/python3.10/dist-packages/px4_msgs/msg/_onboard_computer_status.py\n'}
[19.035967] (px4_msgs) StdoutLine: {'line': b'-- Up-to-date: /home/subhalaxmi/nidar_ws/install/px4_msgs/local/lib/python3.10/dist-packages/px4_msgs/msg/_vehicle_attitude.py\n'}
[19.036220] (px4_msgs) StdoutLine: {'line': b'-- Up-to-date: /home/subhalaxmi/nidar_ws/install/px4_msgs/local/lib/python3.10/dist-packages/px4_msgs/msg/_unregister_ext_component_s.c\n'}
[19.036564] (px4_msgs) StdoutLine: {'line': b'-- Up-to-date: /home/subhalaxmi/nidar_ws/install/px4_msgs/local/lib/python3.10/dist-packages/px4_msgs/msg/_vehicle_acceleration.py\n'}
[19.036980] (px4_msgs) StdoutLine: {'line': b'-- Up-to-date: /home/subhalaxmi/nidar_ws/install/px4_msgs/local/lib/python3.10/dist-packages/px4_msgs/msg/_lateral_control_configuration_s.c\n'}
[19.037297] (px4_msgs) StdoutLine: {'line': b'-- Up-to-date: /home/subhalaxmi/nidar_ws/install/px4_msgs/local/lib/python3.10/dist-packages/px4_msgs/msg/_fixed_wing_lateral_guidance_status.py\n'}
[19.037572] (px4_msgs) StdoutLine: {'line': b'-- Up-to-date: /home/subhalaxmi/nidar_ws/install/px4_msgs/local/lib/python3.10/dist-packages/px4_msgs/msg/_vehicle_magnetometer_s.c\n'}
[19.039397] (px4_msgs) StdoutLine: {'line': b'-- Up-to-date: /home/subhalaxmi/nidar_ws/install/px4_msgs/local/lib/python3.10/dist-packages/px4_msgs/msg/_internal_combustion_engine_status.py\n'}
[19.039688] (px4_msgs) StdoutLine: {'line': b'-- Up-to-date: /home/subhalaxmi/nidar_ws/install/px4_msgs/local/lib/python3.10/dist-packages/px4_msgs/msg/_gpio_config_s.c\n'}
[19.039907] (px4_msgs) StdoutLine: {'line': b'-- Up-to-date: /home/subhalaxmi/nidar_ws/install/px4_msgs/local/lib/python3.10/dist-packages/px4_msgs/msg/_estimator_bias_s.c\n'}
[19.040246] (px4_msgs) StdoutLine: {'line': b'-- Up-to-date: /home/subhalaxmi/nidar_ws/install/px4_msgs/local/lib/python3.10/dist-packages/px4_msgs/msg/_sensor_gnss_status.py\n'}
[19.040448] (px4_msgs) StdoutLine: {'line': b'-- Up-to-date: /home/subhalaxmi/nidar_ws/install/px4_msgs/local/lib/python3.10/dist-packages/px4_msgs/msg/_rover_rate_status_s.c\n'}
[19.040663] (px4_msgs) StdoutLine: {'line': b'-- Up-to-date: /home/subhalaxmi/nidar_ws/install/px4_msgs/local/lib/python3.10/dist-packages/px4_msgs/msg/_sensor_gyro.py\n'}
[19.040866] (px4_msgs) StdoutLine: {'line': b'-- Up-to-date: /home/subhalaxmi/nidar_ws/install/px4_msgs/local/lib/python3.10/dist-packages/px4_msgs/msg/_pps_capture_s.c\n'}
[19.041062] (px4_msgs) StdoutLine: {'line': b'-- Up-to-date: /home/subhalaxmi/nidar_ws/install/px4_msgs/local/lib/python3.10/dist-packages/px4_msgs/msg/_action_request_s.c\n'}
[19.041297] (px4_msgs) StdoutLine: {'line': b'-- Up-to-date: /home/subhalaxmi/nidar_ws/install/px4_msgs/local/lib/python3.10/dist-packages/px4_msgs/msg/_sensor_uwb_s.c\n'}
[19.041528] (px4_msgs) StdoutLine: {'line': b'-- Up-to-date: /home/subhalaxmi/nidar_ws/install/px4_msgs/local/lib/python3.10/dist-packages/px4_msgs/msg/_vehicle_optical_flow_vel_s.c\n'}
[19.041852] (px4_msgs) StdoutLine: {'line': b'-- Up-to-date: /home/subhalaxmi/nidar_ws/install/px4_msgs/local/lib/python3.10/dist-packages/px4_msgs/msg/_uavcan_parameter_request_s.c\n'}
[19.042056] (px4_msgs) StdoutLine: {'line': b'-- Up-to-date: /home/subhalaxmi/nidar_ws/install/px4_msgs/local/lib/python3.10/dist-packages/px4_msgs/msg/_actuator_armed_s.c\n'}
[19.042441] (px4_msgs) StdoutLine: {'line': b'-- Up-to-date: /home/subhalaxmi/nidar_ws/install/px4_msgs/local/lib/python3.10/dist-packages/px4_msgs/msg/_dataman_response_s.c\n'}
[19.042658] (px4_msgs) StdoutLine: {'line': b'-- Up-to-date: /home/subhalaxmi/nidar_ws/install/px4_msgs/local/lib/python3.10/dist-packages/px4_msgs/msg/_sensor_hygrometer_s.c\n'}
[19.042880] (px4_msgs) StdoutLine: {'line': b'-- Up-to-date: /home/subhalaxmi/nidar_ws/install/px4_msgs/local/lib/python3.10/dist-packages/px4_msgs/msg/_camera_status.py\n'}
[19.043204] (px4_msgs) StdoutLine: {'line': b'-- Up-to-date: /home/subhalaxmi/nidar_ws/install/px4_msgs/local/lib/python3.10/dist-packages/px4_msgs/msg/_telemetry_status_s.c\n'}
[19.043487] (px4_msgs) StdoutLine: {'line': b'-- Up-to-date: /home/subhalaxmi/nidar_ws/install/px4_msgs/local/lib/python3.10/dist-packages/px4_msgs/msg/_yaw_estimator_status.py\n'}
[19.043775] (px4_msgs) StdoutLine: {'line': b'-- Up-to-date: /home/subhalaxmi/nidar_ws/install/px4_msgs/local/lib/python3.10/dist-packages/px4_msgs/msg/_power_monitor_s.c\n'}
[19.043991] (px4_msgs) StdoutLine: {'line': b'-- Up-to-date: /home/subhalaxmi/nidar_ws/install/px4_msgs/local/lib/python3.10/dist-packages/px4_msgs/msg/_estimator_aid_source1d.py\n'}
[19.044504] (px4_msgs) StdoutLine: {'line': b'-- Up-to-date: /home/subhalaxmi/nidar_ws/install/px4_msgs/local/lib/python3.10/dist-packages/px4_msgs/msg/_vehicle_imu_status_s.c\n'}
[19.044935] (px4_msgs) StdoutLine: {'line': b'-- Up-to-date: /home/subhalaxmi/nidar_ws/install/px4_msgs/local/lib/python3.10/dist-packages/px4_msgs/msg/_gimbal_manager_information.py\n'}
[19.045215] (px4_msgs) StdoutLine: {'line': b'-- Up-to-date: /home/subhalaxmi/nidar_ws/install/px4_msgs/local/lib/python3.10/dist-packages/px4_msgs/msg/_actuator_outputs.py\n'}
[19.045568] (px4_msgs) StdoutLine: {'line': b'-- Up-to-date: /home/subhalaxmi/nidar_ws/install/px4_msgs/local/lib/python3.10/dist-packages/px4_msgs/msg/_rover_throttle_setpoint.py\n'}
[19.045745] (px4_msgs) StdoutLine: {'line': b'-- Up-to-date: /home/subhalaxmi/nidar_ws/install/px4_msgs/local/lib/python3.10/dist-packages/px4_msgs/msg/_rc_channels.py\n'}
[19.045947] (px4_msgs) StdoutLine: {'line': b'-- Up-to-date: /home/subhalaxmi/nidar_ws/install/px4_msgs/local/lib/python3.10/dist-packages/px4_msgs/msg/_debug_value_s.c\n'}
[19.046163] (px4_msgs) StdoutLine: {'line': b'-- Up-to-date: /home/subhalaxmi/nidar_ws/install/px4_msgs/local/lib/python3.10/dist-packages/px4_msgs/msg/_mission_s.c\n'}
[19.046389] (px4_msgs) StdoutLine: {'line': b'-- Up-to-date: /home/subhalaxmi/nidar_ws/install/px4_msgs/local/lib/python3.10/dist-packages/px4_msgs/msg/_estimator_status.py\n'}
[19.046593] (px4_msgs) StdoutLine: {'line': b'-- Up-to-date: /home/subhalaxmi/nidar_ws/install/px4_msgs/local/lib/python3.10/dist-packages/px4_msgs/msg/_vehicle_optical_flow_vel.py\n'}
[19.046790] (px4_msgs) StdoutLine: {'line': b'-- Up-to-date: /home/subhalaxmi/nidar_ws/install/px4_msgs/local/lib/python3.10/dist-packages/px4_msgs/msg/_fixed_wing_lateral_setpoint_s.c\n'}
[19.046982] (px4_msgs) StdoutLine: {'line': b'-- Up-to-date: /home/subhalaxmi/nidar_ws/install/px4_msgs/local/lib/python3.10/dist-packages/px4_msgs/msg/_vehicle_roi.py\n'}
[19.047292] (px4_msgs) StdoutLine: {'line': b'-- Up-to-date: /home/subhalaxmi/nidar_ws/install/px4_msgs/local/lib/python3.10/dist-packages/px4_msgs/msg/_parameter_reset_request_s.c\n'}
[19.047511] (px4_msgs) StdoutLine: {'line': b'-- Up-to-date: /home/subhalaxmi/nidar_ws/install/px4_msgs/local/lib/python3.10/dist-packages/px4_msgs/msg/_sensor_gps_s.c\n'}
[19.047707] (px4_msgs) StdoutLine: {'line': b'-- Up-to-date: /home/subhalaxmi/nidar_ws/install/px4_msgs/local/lib/python3.10/dist-packages/px4_msgs/msg/_sensors_status.py\n'}
[19.047913] (px4_msgs) StdoutLine: {'line': b'-- Up-to-date: /home/subhalaxmi/nidar_ws/install/px4_msgs/local/lib/python3.10/dist-packages/px4_msgs/msg/_estimator_aid_source3d.py\n'}
[19.048167] (px4_msgs) StdoutLine: {'line': b'-- Up-to-date: /home/subhalaxmi/nidar_ws/install/px4_msgs/local/lib/python3.10/dist-packages/px4_msgs/msg/_vehicle_attitude_setpoint_s.c\n'}
[19.048517] (px4_msgs) StdoutLine: {'line': b'-- Up-to-date: /home/subhalaxmi/nidar_ws/install/px4_msgs/local/lib/python3.10/dist-packages/px4_msgs/msg/_gpio_out.py\n'}
[19.048699] (px4_msgs) StdoutLine: {'line': b'-- Up-to-date: /home/subhalaxmi/nidar_ws/install/px4_msgs/local/lib/python3.10/dist-packages/px4_msgs/msg/_gps_dump.py\n'}
[19.048913] (px4_msgs) StdoutLine: {'line': b'-- Up-to-date: /home/subhalaxmi/nidar_ws/install/px4_msgs/local/lib/python3.10/dist-packages/px4_msgs/msg/_vehicle_thrust_setpoint.py\n'}
[19.049136] (px4_msgs) StdoutLine: {'line': b'-- Up-to-date: /home/subhalaxmi/nidar_ws/install/px4_msgs/local/lib/python3.10/dist-packages/px4_msgs/msg/_takeoff_status.py\n'}
[19.049373] (px4_msgs) StdoutLine: {'line': b'-- Up-to-date: /home/subhalaxmi/nidar_ws/install/px4_msgs/local/lib/python3.10/dist-packages/px4_msgs/msg/_vehicle_rates_setpoint_s.c\n'}
[19.049610] (px4_msgs) StdoutLine: {'line': b'-- Up-to-date: /home/subhalaxmi/nidar_ws/install/px4_msgs/local/lib/python3.10/dist-packages/px4_msgs/msg/_velocity_limits_s.c\n'}
[19.049923] (px4_msgs) StdoutLine: {'line': b'-- Up-to-date: /home/subhalaxmi/nidar_ws/install/px4_msgs/local/lib/python3.10/dist-packages/px4_msgs/msg/_vehicle_command_ack.py\n'}
[19.050146] (px4_msgs) StdoutLine: {'line': b'-- Up-to-date: /home/subhalaxmi/nidar_ws/install/px4_msgs/local/lib/python3.10/dist-packages/px4_msgs/msg/_vehicle_command.py\n'}
[19.050380] (px4_msgs) StdoutLine: {'line': b'-- Up-to-date: /home/subhalaxmi/nidar_ws/install/px4_msgs/local/lib/python3.10/dist-packages/px4_msgs/msg/_logger_status.py\n'}
[19.050591] (px4_msgs) StdoutLine: {'line': b'-- Up-to-date: /home/subhalaxmi/nidar_ws/install/px4_msgs/local/lib/python3.10/dist-packages/px4_msgs/msg/_sensor_correction.py\n'}
[19.050784] (px4_msgs) StdoutLine: {'line': b'-- Up-to-date: /home/subhalaxmi/nidar_ws/install/px4_msgs/local/lib/python3.10/dist-packages/px4_msgs/msg/_airspeed_wind_s.c\n'}
[19.050982] (px4_msgs) StdoutLine: {'line': b'-- Up-to-date: /home/subhalaxmi/nidar_ws/install/px4_msgs/local/lib/python3.10/dist-packages/px4_msgs/msg/_ekf2_timestamps.py\n'}
[19.051231] (px4_msgs) StdoutLine: {'line': b'-- Up-to-date: /home/subhalaxmi/nidar_ws/install/px4_msgs/local/lib/python3.10/dist-packages/px4_msgs/msg/_sensor_temp.py\n'}
[19.051504] (px4_msgs) StdoutLine: {'line': b'-- Up-to-date: /home/subhalaxmi/nidar_ws/install/px4_msgs/local/lib/python3.10/dist-packages/px4_msgs/msg/_sensor_preflight_mag.py\n'}
[19.051766] (px4_msgs) StdoutLine: {'line': b'-- Up-to-date: /home/subhalaxmi/nidar_ws/install/px4_msgs/local/lib/python3.10/dist-packages/px4_msgs/msg/_manual_control_switches.py\n'}
[19.051949] (px4_msgs) StdoutLine: {'line': b'-- Up-to-date: /home/subhalaxmi/nidar_ws/install/px4_msgs/local/lib/python3.10/dist-packages/px4_msgs/msg/_vehicle_command_ack_s.c\n'}
[19.052270] (px4_msgs) StdoutLine: {'line': b'-- Up-to-date: /home/subhalaxmi/nidar_ws/install/px4_msgs/local/lib/python3.10/dist-packages/px4_msgs/msg/_sensors_status_imu.py\n'}
[19.052611] (px4_msgs) StdoutLine: {'line': b'-- Up-to-date: /home/subhalaxmi/nidar_ws/install/px4_msgs/local/lib/python3.10/dist-packages/px4_msgs/msg/_aux_global_position_s.c\n'}
[19.052962] (px4_msgs) StdoutLine: {'line': b'-- Up-to-date: /home/subhalaxmi/nidar_ws/install/px4_msgs/local/lib/python3.10/dist-packages/px4_msgs/msg/_follow_target_status_s.c\n'}
[19.053218] (px4_msgs) StdoutLine: {'line': b'-- Up-to-date: /home/subhalaxmi/nidar_ws/install/px4_msgs/local/lib/python3.10/dist-packages/px4_msgs/msg/_sensor_gyro_s.c\n'}
[19.053438] (px4_msgs) StdoutLine: {'line': b'-- Up-to-date: /home/subhalaxmi/nidar_ws/install/px4_msgs/local/lib/python3.10/dist-packages/px4_msgs/msg/_actuator_controls_status_s.c\n'}
[19.053631] (px4_msgs) StdoutLine: {'line': b'-- Up-to-date: /home/subhalaxmi/nidar_ws/install/px4_msgs/local/lib/python3.10/dist-packages/px4_msgs/msg/_navigator_status.py\n'}
[19.054064] (px4_msgs) StdoutLine: {'line': b'-- Up-to-date: /home/subhalaxmi/nidar_ws/install/px4_msgs/local/lib/python3.10/dist-packages/px4_msgs/msg/_aux_global_position.py\n'}
[19.054381] (px4_msgs) StdoutLine: {'line': b'-- Up-to-date: /home/subhalaxmi/nidar_ws/install/px4_msgs/local/lib/python3.10/dist-packages/px4_msgs/msg/_px4io_status_s.c\n'}
[19.054716] (px4_msgs) StdoutLine: {'line': b'-- Up-to-date: /home/subhalaxmi/nidar_ws/install/px4_msgs/local/lib/python3.10/dist-packages/px4_msgs/msg/_rover_steering_setpoint.py\n'}
[19.054941] (px4_msgs) StdoutLine: {'line': b'-- Up-to-date: /home/subhalaxmi/nidar_ws/install/px4_msgs/local/lib/python3.10/dist-packages/px4_msgs/msg/_mavlink_log_s.c\n'}
[19.055269] (px4_msgs) StdoutLine: {'line': b'-- Up-to-date: /home/subhalaxmi/nidar_ws/install/px4_msgs/local/lib/python3.10/dist-packages/px4_msgs/msg/_launch_detection_status.py\n'}
[19.055537] (px4_msgs) StdoutLine: {'line': b'-- Up-to-date: /home/subhalaxmi/nidar_ws/install/px4_msgs/local/lib/python3.10/dist-packages/px4_msgs/msg/_vehicle_air_data.py\n'}
[19.055728] (px4_msgs) StdoutLine: {'line': b'-- Up-to-date: /home/subhalaxmi/nidar_ws/install/px4_msgs/local/lib/python3.10/dist-packages/px4_msgs/msg/_geofence_result.py\n'}
[19.055963] (px4_msgs) StdoutLine: {'line': b'-- Up-to-date: /home/subhalaxmi/nidar_ws/install/px4_msgs/local/lib/python3.10/dist-packages/px4_msgs/msg/_rc_channels_s.c\n'}
[19.056258] (px4_msgs) StdoutLine: {'line': b'-- Up-to-date: /home/subhalaxmi/nidar_ws/install/px4_msgs/local/lib/python3.10/dist-packages/px4_msgs/msg/_arming_check_reply_s.c\n'}
[19.056543] (px4_msgs) StdoutLine: {'line': b'-- Up-to-date: /home/subhalaxmi/nidar_ws/install/px4_msgs/local/lib/python3.10/dist-packages/px4_msgs/msg/_fixed_wing_runway_control.py\n'}
[19.056753] (px4_msgs) StdoutLine: {'line': b'-- Up-to-date: /home/subhalaxmi/nidar_ws/install/px4_msgs/local/lib/python3.10/dist-packages/px4_msgs/msg/_raptor_status.py\n'}
[19.056947] (px4_msgs) StdoutLine: {'line': b'-- Up-to-date: /home/subhalaxmi/nidar_ws/install/px4_msgs/local/lib/python3.10/dist-packages/px4_msgs/msg/_airspeed_validated_s.c\n'}
[19.057158] (px4_msgs) StdoutLine: {'line': b'-- Up-to-date: /home/subhalaxmi/nidar_ws/install/px4_msgs/local/lib/python3.10/dist-packages/px4_msgs/msg/_sensor_accel_fifo_s.c\n'}
[19.057373] (px4_msgs) StdoutLine: {'line': b'-- Up-to-date: /home/subhalaxmi/nidar_ws/install/px4_msgs/local/lib/python3.10/dist-packages/px4_msgs/msg/_estimator_selector_status.py\n'}
[19.057616] (px4_msgs) StdoutLine: {'line': b'-- Up-to-date: /home/subhalaxmi/nidar_ws/install/px4_msgs/local/lib/python3.10/dist-packages/px4_msgs/msg/_sensor_baro_s.c\n'}
[19.057843] (px4_msgs) StdoutLine: {'line': b'-- Up-to-date: /home/subhalaxmi/nidar_ws/install/px4_msgs/local/lib/python3.10/dist-packages/px4_msgs/msg/_actuator_servos.py\n'}
[19.058141] (px4_msgs) StdoutLine: {'line': b'-- Up-to-date: /home/subhalaxmi/nidar_ws/install/px4_msgs/local/lib/python3.10/dist-packages/px4_msgs/msg/_internal_combustion_engine_control_s.c\n'}
[19.058438] (px4_msgs) StdoutLine: {'line': b'-- Up-to-date: /home/subhalaxmi/nidar_ws/install/px4_msgs/local/lib/python3.10/dist-packages/px4_msgs/msg/_sensor_mag.py\n'}
[19.058657] (px4_msgs) StdoutLine: {'line': b'-- Up-to-date: /home/subhalaxmi/nidar_ws/install/px4_msgs/local/lib/python3.10/dist-packages/px4_msgs/msg/_qshell_retval.py\n'}
[19.058860] (px4_msgs) StdoutLine: {'line': b'-- Up-to-date: /home/subhalaxmi/nidar_ws/install/px4_msgs/local/lib/python3.10/dist-packages/px4_msgs/msg/_vehicle_local_position.py\n'}
[19.059173] (px4_msgs) StdoutLine: {'line': b'-- Up-to-date: /home/subhalaxmi/nidar_ws/install/px4_msgs/local/lib/python3.10/dist-packages/px4_msgs/msg/_vehicle_attitude_setpoint.py\n'}
[19.059434] (px4_msgs) StdoutLine: {'line': b'-- Up-to-date: /home/subhalaxmi/nidar_ws/install/px4_msgs/local/lib/python3.10/dist-packages/px4_msgs/msg/_mount_orientation_s.c\n'}
[19.059649] (px4_msgs) StdoutLine: {'line': b'-- Up-to-date: /home/subhalaxmi/nidar_ws/install/px4_msgs/local/lib/python3.10/dist-packages/px4_msgs/msg/_longitudinal_control_configuration_s.c\n'}
[19.060340] (px4_msgs) StdoutLine: {'line': b'-- Up-to-date: /home/subhalaxmi/nidar_ws/install/px4_msgs/local/lib/python3.10/dist-packages/px4_msgs/msg/_sensor_mag_s.c\n'}
[19.060711] (-) TimerEvent: {}
[19.061636] (px4_msgs) StdoutLine: {'line': b'-- Up-to-date: /home/subhalaxmi/nidar_ws/install/px4_msgs/local/lib/python3.10/dist-packages/px4_msgs/msg/_vehicle_land_detected_s.c\n'}
[19.062046] (px4_msgs) StdoutLine: {'line': b'-- Up-to-date: /home/subhalaxmi/nidar_ws/install/px4_msgs/local/lib/python3.10/dist-packages/px4_msgs/msg/_esc_report.py\n'}
[19.062373] (px4_msgs) StdoutLine: {'line': b'-- Up-to-date: /home/subhalaxmi/nidar_ws/install/px4_msgs/local/lib/python3.10/dist-packages/px4_msgs/msg/_mission.py\n'}
[19.062729] (px4_msgs) StdoutLine: {'line': b'-- Up-to-date: /home/subhalaxmi/nidar_ws/install/px4_msgs/local/lib/python3.10/dist-packages/px4_msgs/msg/_dataman_response.py\n'}
[19.062976] (px4_msgs) StdoutLine: {'line': b'-- Up-to-date: /home/subhalaxmi/nidar_ws/install/px4_msgs/local/lib/python3.10/dist-packages/px4_msgs/msg/_open_drone_id_self_id.py\n'}
[19.063335] (px4_msgs) StdoutLine: {'line': b'-- Up-to-date: /home/subhalaxmi/nidar_ws/install/px4_msgs/local/lib/python3.10/dist-packages/px4_msgs/msg/_camera_trigger.py\n'}
[19.064094] (px4_msgs) StdoutLine: {'line': b'-- Up-to-date: /home/subhalaxmi/nidar_ws/install/px4_msgs/local/lib/python3.10/dist-packages/px4_msgs/msg/_vtol_vehicle_status_s.c\n'}
[19.064626] (px4_msgs) StdoutLine: {'line': b'-- Up-to-date: /home/subhalaxmi/nidar_ws/install/px4_msgs/local/lib/python3.10/dist-packages/px4_msgs/msg/_esc_status.py\n'}
[19.064926] (px4_msgs) StdoutLine: {'line': b'-- Up-to-date: /home/subhalaxmi/nidar_ws/install/px4_msgs/local/lib/python3.10/dist-packages/px4_msgs/msg/_system_power.py\n'}
[19.065341] (px4_msgs) StdoutLine: {'line': b'-- Up-to-date: /home/subhalaxmi/nidar_ws/install/px4_msgs/local/lib/python3.10/dist-packages/px4_msgs/msg/_fuel_tank_status.py\n'}
[19.065656] (px4_msgs) StdoutLine: {'line': b'-- Up-to-date: /home/subhalaxmi/nidar_ws/install/px4_msgs/local/lib/python3.10/dist-packages/px4_msgs/msg/_actuator_servos_trim_s.c\n'}
[19.065917] (px4_msgs) StdoutLine: {'line': b'-- Up-to-date: /home/subhalaxmi/nidar_ws/install/px4_msgs/local/lib/python3.10/dist-packages/px4_msgs/msg/_parameter_set_used_request.py\n'}
[19.066182] (px4_msgs) StdoutLine: {'line': b'-- Up-to-date: /home/subhalaxmi/nidar_ws/install/px4_msgs/local/lib/python3.10/dist-packages/px4_msgs/msg/_orb_test_large.py\n'}
[19.066568] (px4_msgs) StdoutLine: {'line': b'-- Up-to-date: /home/subhalaxmi/nidar_ws/install/px4_msgs/local/lib/python3.10/dist-packages/px4_msgs/msg/_parameter_update.py\n'}
[19.069782] (px4_msgs) StdoutLine: {'line': b'-- Up-to-date: /home/subhalaxmi/nidar_ws/install/px4_msgs/local/lib/python3.10/dist-packages/px4_msgs/msg/_actuator_servos_s.c\n'}
[19.070243] (px4_msgs) StdoutLine: {'line': b'-- Up-to-date: /home/subhalaxmi/nidar_ws/install/px4_msgs/local/lib/python3.10/dist-packages/px4_msgs/msg/_vehicle_optical_flow.py\n'}
[19.070540] (px4_msgs) StdoutLine: {'line': b'-- Up-to-date: /home/subhalaxmi/nidar_ws/install/px4_msgs/local/lib/python3.10/dist-packages/px4_msgs/msg/_battery_info.py\n'}
[19.070870] (px4_msgs) StdoutLine: {'line': b'-- Up-to-date: /home/subhalaxmi/nidar_ws/install/px4_msgs/local/lib/python3.10/dist-packages/px4_msgs/msg/_vehicle_imu_s.c\n'}
[19.071293] (px4_msgs) StdoutLine: {'line': b'-- Up-to-date: /home/subhalaxmi/nidar_ws/install/px4_msgs/local/lib/python3.10/dist-packages/px4_msgs/msg/_heater_status.py\n'}
[19.071671] (px4_msgs) StdoutLine: {'line': b'-- Up-to-date: /home/subhalaxmi/nidar_ws/install/px4_msgs/local/lib/python3.10/dist-packages/px4_msgs/msg/_config_overrides_s.c\n'}
[19.071931] (px4_msgs) StdoutLine: {'line': b'-- Up-to-date: /home/subhalaxmi/nidar_ws/install/px4_msgs/local/lib/python3.10/dist-packages/px4_msgs/msg/_vehicle_global_position.py\n'}
[19.072198] (px4_msgs) StdoutLine: {'line': b'-- Up-to-date: /home/subhalaxmi/nidar_ws/install/px4_msgs/local/lib/python3.10/dist-packages/px4_msgs/msg/_actuator_armed.py\n'}
[19.072827] (px4_msgs) StdoutLine: {'line': b'-- Up-to-date: /home/subhalaxmi/nidar_ws/install/px4_msgs/local/lib/python3.10/dist-packages/px4_msgs/msg/_ulog_stream_ack.py\n'}
[19.074523] (px4_msgs) StdoutLine: {'line': b'-- Up-to-date: /home/subhalaxmi/nidar_ws/install/px4_msgs/local/lib/python3.10/dist-packages/px4_msgs/msg/_message_format_request_s.c\n'}
[19.074860] (px4_msgs) StdoutLine: {'line': b'-- Up-to-date: /home/subhalaxmi/nidar_ws/install/px4_msgs/local/lib/python3.10/dist-packages/px4_msgs/msg/_sensor_airflow.py\n'}
[19.075255] (px4_msgs) StdoutLine: {'line': b'-- Up-to-date: /home/subhalaxmi/nidar_ws/install/px4_msgs/local/lib/python3.10/dist-packages/px4_msgs/msg/_wheel_encoders_s.c\n'}
[19.075520] (px4_msgs) StdoutLine: {'line': b'-- Up-to-date: /home/subhalaxmi/nidar_ws/install/px4_msgs/local/lib/python3.10/dist-packages/px4_msgs/msg/_tune_control_s.c\n'}
[19.075912] (px4_msgs) StdoutLine: {'line': b'-- Up-to-date: /home/subhalaxmi/nidar_ws/install/px4_msgs/local/lib/python3.10/dist-packages/px4_msgs/msg/_battery_status_s.c\n'}
[19.076125] (px4_msgs) StdoutLine: {'line': b'-- Up-to-date: /home/subhalaxmi/nidar_ws/install/px4_msgs/local/lib/python3.10/dist-packages/px4_msgs/msg/_estimator_gps_status.py\n'}
[19.076377] (px4_msgs) StdoutLine: {'line': b'-- Up-to-date: /home/subhalaxmi/nidar_ws/install/px4_msgs/local/lib/python3.10/dist-packages/px4_msgs/msg/_hover_thrust_estimate.py\n'}
[19.076585] (px4_msgs) StdoutLine: {'line': b'-- Up-to-date: /home/subhalaxmi/nidar_ws/install/px4_msgs/local/lib/python3.10/dist-packages/px4_msgs/msg/_dataman_request_s.c\n'}
[19.076776] (px4_msgs) StdoutLine: {'line': b'-- Up-to-date: /home/subhalaxmi/nidar_ws/install/px4_msgs/local/lib/python3.10/dist-packages/px4_msgs/msg/_failsafe_flags_s.c\n'}
[19.077052] (px4_msgs) StdoutLine: {'line': b'-- Up-to-date: /home/subhalaxmi/nidar_ws/install/px4_msgs/local/lib/python3.10/dist-packages/px4_msgs/msg/_vehicle_angular_velocity_s.c\n'}
[19.077454] (px4_msgs) StdoutLine: {'line': b'-- Up-to-date: /home/subhalaxmi/nidar_ws/install/px4_msgs/local/lib/python3.10/dist-packages/px4_msgs/msg/_heater_status_s.c\n'}
[19.077741] (px4_msgs) StdoutLine: {'line': b'-- Up-to-date: /home/subhalaxmi/nidar_ws/install/px4_msgs/local/lib/python3.10/dist-packages/px4_msgs/msg/_actuator_test_s.c\n'}
[19.078016] (px4_msgs) StdoutLine: {'line': b'-- Up-to-date: /home/subhalaxmi/nidar_ws/install/px4_msgs/local/lib/python3.10/dist-packages/px4_msgs/msg/_arming_check_request_s.c\n'}
[19.078355] (px4_msgs) StdoutLine: {'line': b'-- Up-to-date: /home/subhalaxmi/nidar_ws/install/px4_msgs/local/lib/python3.10/dist-packages/px4_msgs/msg/_landing_gear_wheel.py\n'}
[19.078592] (px4_msgs) StdoutLine: {'line': b'-- Up-to-date: /home/subhalaxmi/nidar_ws/install/px4_msgs/local/lib/python3.10/dist-packages/px4_msgs/msg/_neural_control.py\n'}
[19.078798] (px4_msgs) StdoutLine: {'line': b'-- Up-to-date: /home/subhalaxmi/nidar_ws/install/px4_msgs/local/lib/python3.10/dist-packages/px4_msgs/msg/_sensor_baro.py\n'}
[19.078997] (px4_msgs) StdoutLine: {'line': b'-- Up-to-date: /home/subhalaxmi/nidar_ws/install/px4_msgs/local/lib/python3.10/dist-packages/px4_msgs/msg/_parameter_set_value_response.py\n'}
[19.079235] (px4_msgs) StdoutLine: {'line': b'-- Up-to-date: /home/subhalaxmi/nidar_ws/install/px4_msgs/local/lib/python3.10/dist-packages/px4_msgs/msg/_gain_compression_s.c\n'}
[19.079443] (px4_msgs) StdoutLine: {'line': b'-- Up-to-date: /home/subhalaxmi/nidar_ws/install/px4_msgs/local/lib/python3.10/dist-packages/px4_msgs/msg/_raptor_input_s.c\n'}
[19.079693] (px4_msgs) StdoutLine: {'line': b'-- Up-to-date: /home/subhalaxmi/nidar_ws/install/px4_msgs/local/lib/python3.10/dist-packages/px4_msgs/msg/_vehicle_local_position_setpoint_s.c\n'}
[19.079936] (px4_msgs) StdoutLine: {'line': b'-- Up-to-date: /home/subhalaxmi/nidar_ws/install/px4_msgs/local/lib/python3.10/dist-packages/px4_msgs/msg/_debug_vect.py\n'}
[19.080337] (px4_msgs) StdoutLine: {'line': b'-- Up-to-date: /home/subhalaxmi/nidar_ws/install/px4_msgs/local/lib/python3.10/dist-packages/px4_msgs/msg/_gpio_in_s.c\n'}
[19.080560] (px4_msgs) StdoutLine: {'line': b'-- Up-to-date: /home/subhalaxmi/nidar_ws/install/px4_msgs/local/lib/python3.10/dist-packages/px4_msgs/msg/_sensor_accel.py\n'}
[19.080760] (px4_msgs) StdoutLine: {'line': b'-- Up-to-date: /home/subhalaxmi/nidar_ws/install/px4_msgs/local/lib/python3.10/dist-packages/px4_msgs/msg/_register_ext_component_request.py\n'}
[19.080949] (px4_msgs) StdoutLine: {'line': b'-- Up-to-date: /home/subhalaxmi/nidar_ws/install/px4_msgs/local/lib/python3.10/dist-packages/px4_msgs/msg/_differential_pressure_s.c\n'}
[19.081234] (px4_msgs) StdoutLine: {'line': b'-- Up-to-date: /home/subhalaxmi/nidar_ws/install/px4_msgs/local/lib/python3.10/dist-packages/px4_msgs/msg/_rate_ctrl_status_s.c\n'}
[19.081836] (px4_msgs) StdoutLine: {'line': b'-- Up-to-date: /home/subhalaxmi/nidar_ws/install/px4_msgs/local/lib/python3.10/dist-packages/px4_msgs/msg/_logger_status_s.c\n'}
[19.082162] (px4_msgs) StdoutLine: {'line': b'-- Up-to-date: /home/subhalaxmi/nidar_ws/install/px4_msgs/local/lib/python3.10/dist-packages/px4_msgs/msg/_gpio_in.py\n'}
[19.082421] (px4_msgs) StdoutLine: {'line': b'-- Up-to-date: /home/subhalaxmi/nidar_ws/install/px4_msgs/local/lib/python3.10/dist-packages/px4_msgs/msg/_log_message.py\n'}
[19.082917] (px4_msgs) StdoutLine: {'line': b'-- Up-to-date: /home/subhalaxmi/nidar_ws/install/px4_msgs/local/lib/python3.10/dist-packages/px4_msgs/msg/_mode_completed.py\n'}
[19.083196] (px4_msgs) StdoutLine: {'line': b'-- Up-to-date: /home/subhalaxmi/nidar_ws/install/px4_msgs/local/lib/python3.10/dist-packages/px4_msgs/msg/_rover_attitude_status.py\n'}
[19.083424] (px4_msgs) StdoutLine: {'line': b'-- Up-to-date: /home/subhalaxmi/nidar_ws/install/px4_msgs/local/lib/python3.10/dist-packages/px4_msgs/msg/_fixed_wing_lateral_status_s.c\n'}
[19.083625] (px4_msgs) StdoutLine: {'line': b'-- Up-to-date: /home/subhalaxmi/nidar_ws/install/px4_msgs/local/lib/python3.10/dist-packages/px4_msgs/msg/_internal_combustion_engine_status_s.c\n'}
[19.083854] (px4_msgs) StdoutLine: {'line': b'-- Up-to-date: /home/subhalaxmi/nidar_ws/install/px4_msgs/local/lib/python3.10/dist-packages/px4_msgs/msg/_rover_speed_setpoint.py\n'}
[19.084433] (px4_msgs) StdoutLine: {'line': b'-- Up-to-date: /home/subhalaxmi/nidar_ws/install/px4_msgs/local/lib/python3.10/dist-packages/px4_msgs/msg/_vehicle_imu.py\n'}
[19.084720] (px4_msgs) StdoutLine: {'line': b'-- Up-to-date: /home/subhalaxmi/nidar_ws/install/px4_msgs/local/lib/python3.10/dist-packages/px4_msgs/msg/_sensor_selection_s.c\n'}
[19.084923] (px4_msgs) StdoutLine: {'line': b'-- Up-to-date: /home/subhalaxmi/nidar_ws/install/px4_msgs/local/lib/python3.10/dist-packages/px4_msgs/msg/_rtl_status_s.c\n'}
[19.085141] (px4_msgs) StdoutLine: {'line': b'-- Up-to-date: /home/subhalaxmi/nidar_ws/install/px4_msgs/local/lib/python3.10/dist-packages/px4_msgs/px4_msgs_s__rosidl_typesupport_c.cpython-310-x86_64-linux-gnu.so\n'}
[19.085369] (px4_msgs) StdoutLine: {'line': b'-- Up-to-date: /home/subhalaxmi/nidar_ws/install/px4_msgs/local/lib/python3.10/dist-packages/px4_msgs/px4_msgs_s__rosidl_typesupport_fastrtps_c.cpython-310-x86_64-linux-gnu.so\n'}
[19.085909] (px4_msgs) StdoutLine: {'line': b'-- Up-to-date: /home/subhalaxmi/nidar_ws/install/px4_msgs/local/lib/python3.10/dist-packages/px4_msgs/srv\n'}
[19.086124] (px4_msgs) StdoutLine: {'line': b'-- Up-to-date: /home/subhalaxmi/nidar_ws/install/px4_msgs/local/lib/python3.10/dist-packages/px4_msgs/srv/__init__.py\n'}
[19.086400] (px4_msgs) StdoutLine: {'line': b'-- Up-to-date: /home/subhalaxmi/nidar_ws/install/px4_msgs/local/lib/python3.10/dist-packages/px4_msgs/srv/_vehicle_command_s.c\n'}
[19.086757] (px4_msgs) StdoutLine: {'line': b'-- Up-to-date: /home/subhalaxmi/nidar_ws/install/px4_msgs/local/lib/python3.10/dist-packages/px4_msgs/srv/_vehicle_command.py\n'}
[19.086931] (px4_msgs) StdoutLine: {'line': b'-- Up-to-date: /home/subhalaxmi/nidar_ws/install/px4_msgs/local/lib/python3.10/dist-packages/px4_msgs/_px4_msgs_s.ep.rosidl_typesupport_fastrtps_c.c\n'}
[19.087226] (px4_msgs) StdoutLine: {'line': b'-- Up-to-date: /home/subhalaxmi/nidar_ws/install/px4_msgs/local/lib/python3.10/dist-packages/px4_msgs/_px4_msgs_s.ep.rosidl_typesupport_c.c\n'}
[19.087458] (px4_msgs) StdoutLine: {'line': b'-- Up-to-date: /home/subhalaxmi/nidar_ws/install/px4_msgs/local/lib/python3.10/dist-packages/px4_msgs/_px4_msgs_s.ep.rosidl_typesupport_introspection_c.c\n'}
[19.088766] (px4_msgs) StdoutLine: {'line': b"Listing '/home/subhalaxmi/nidar_ws/install/px4_msgs/local/lib/python3.10/dist-packages/px4_msgs'...\n"}
[19.089005] (px4_msgs) StdoutLine: {'line': b"Listing '/home/subhalaxmi/nidar_ws/install/px4_msgs/local/lib/python3.10/dist-packages/px4_msgs/msg'...\n"}
[19.089240] (px4_msgs) StdoutLine: {'line': b"Listing '/home/subhalaxmi/nidar_ws/install/px4_msgs/local/lib/python3.10/dist-packages/px4_msgs/srv'...\n"}
[19.089529] (px4_msgs) StdoutLine: {'line': b'-- Up-to-date: /home/subhalaxmi/nidar_ws/install/px4_msgs/local/lib/python3.10/dist-packages/px4_msgs/px4_msgs_s__rosidl_typesupport_fastrtps_c.cpython-310-x86_64-linux-gnu.so\n'}
[19.089831] (px4_msgs) StdoutLine: {'line': b'-- Up-to-date: /home/subhalaxmi/nidar_ws/install/px4_msgs/local/lib/python3.10/dist-packages/px4_msgs/px4_msgs_s__rosidl_typesupport_introspection_c.cpython-310-x86_64-linux-gnu.so\n'}
[19.090068] (px4_msgs) StdoutLine: {'line': b'-- Up-to-date: /home/subhalaxmi/nidar_ws/install/px4_msgs/local/lib/python3.10/dist-packages/px4_msgs/px4_msgs_s__rosidl_typesupport_c.cpython-310-x86_64-linux-gnu.so\n'}
[19.090329] (px4_msgs) StdoutLine: {'line': b'-- Up-to-date: /home/subhalaxmi/nidar_ws/install/px4_msgs/lib/libpx4_msgs__rosidl_generator_py.so\n'}
[19.090651] (px4_msgs) StdoutLine: {'line': b'-- Up-to-date: /home/subhalaxmi/nidar_ws/install/px4_msgs/share/px4_msgs/msg/ActionRequest.idl\n'}
[19.090869] (px4_msgs) StdoutLine: {'line': b'-- Up-to-date: /home/subhalaxmi/nidar_ws/install/px4_msgs/share/px4_msgs/msg/ActuatorArmed.idl\n'}
[19.091285] (px4_msgs) StdoutLine: {'line': b'-- Up-to-date: /home/subhalaxmi/nidar_ws/install/px4_msgs/share/px4_msgs/msg/ActuatorControlsStatus.idl\n'}
[19.091530] (px4_msgs) StdoutLine: {'line': b'-- Up-to-date: /home/subhalaxmi/nidar_ws/install/px4_msgs/share/px4_msgs/msg/ActuatorMotors.idl\n'}
[19.091729] (px4_msgs) StdoutLine: {'line': b'-- Up-to-date: /home/subhalaxmi/nidar_ws/install/px4_msgs/share/px4_msgs/msg/ActuatorOutputs.idl\n'}
[19.091926] (px4_msgs) StdoutLine: {'line': b'-- Up-to-date: /home/subhalaxmi/nidar_ws/install/px4_msgs/share/px4_msgs/msg/ActuatorServos.idl\n'}
[19.092170] (px4_msgs) StdoutLine: {'line': b'-- Up-to-date: /home/subhalaxmi/nidar_ws/install/px4_msgs/share/px4_msgs/msg/ActuatorServosTrim.idl\n'}
[19.092440] (px4_msgs) StdoutLine: {'line': b'-- Up-to-date: /home/subhalaxmi/nidar_ws/install/px4_msgs/share/px4_msgs/msg/ActuatorTest.idl\n'}
[19.092695] (px4_msgs) StdoutLine: {'line': b'-- Up-to-date: /home/subhalaxmi/nidar_ws/install/px4_msgs/share/px4_msgs/msg/AdcReport.idl\n'}
[19.092959] (px4_msgs) StdoutLine: {'line': b'-- Up-to-date: /home/subhalaxmi/nidar_ws/install/px4_msgs/share/px4_msgs/msg/Airspeed.idl\n'}
[19.093273] (px4_msgs) StdoutLine: {'line': b'-- Up-to-date: /home/subhalaxmi/nidar_ws/install/px4_msgs/share/px4_msgs/msg/AirspeedValidated.idl\n'}
[19.093524] (px4_msgs) StdoutLine: {'line': b'-- Up-to-date: /home/subhalaxmi/nidar_ws/install/px4_msgs/share/px4_msgs/msg/AirspeedWind.idl\n'}
[19.093777] (px4_msgs) StdoutLine: {'line': b'-- Up-to-date: /home/subhalaxmi/nidar_ws/install/px4_msgs/share/px4_msgs/msg/ArmingCheckReply.idl\n'}
[19.093976] (px4_msgs) StdoutLine: {'line': b'-- Up-to-date: /home/subhalaxmi/nidar_ws/install/px4_msgs/share/px4_msgs/msg/ArmingCheckRequest.idl\n'}
[19.094419] (px4_msgs) StdoutLine: {'line': b'-- Up-to-date: /home/subhalaxmi/nidar_ws/install/px4_msgs/share/px4_msgs/msg/AutotuneAttitudeControlStatus.idl\n'}
[19.094651] (px4_msgs) StdoutLine: {'line': b'-- Up-to-date: /home/subhalaxmi/nidar_ws/install/px4_msgs/share/px4_msgs/msg/AuxGlobalPosition.idl\n'}
[19.094868] (px4_msgs) StdoutLine: {'line': b'-- Up-to-date: /home/subhalaxmi/nidar_ws/install/px4_msgs/share/px4_msgs/msg/BatteryInfo.idl\n'}
[19.095071] (px4_msgs) StdoutLine: {'line': b'-- Up-to-date: /home/subhalaxmi/nidar_ws/install/px4_msgs/share/px4_msgs/msg/BatteryStatus.idl\n'}
[19.095310] (px4_msgs) StdoutLine: {'line': b'-- Up-to-date: /home/subhalaxmi/nidar_ws/install/px4_msgs/share/px4_msgs/msg/ButtonEvent.idl\n'}
[19.095519] (px4_msgs) StdoutLine: {'line': b'-- Up-to-date: /home/subhalaxmi/nidar_ws/install/px4_msgs/share/px4_msgs/msg/CameraCapture.idl\n'}
[19.095713] (px4_msgs) StdoutLine: {'line': b'-- Up-to-date: /home/subhalaxmi/nidar_ws/install/px4_msgs/share/px4_msgs/msg/CameraStatus.idl\n'}
[19.095910] (px4_msgs) StdoutLine: {'line': b'-- Up-to-date: /home/subhalaxmi/nidar_ws/install/px4_msgs/share/px4_msgs/msg/CameraTrigger.idl\n'}
[19.096554] (px4_msgs) StdoutLine: {'line': b'-- Up-to-date: /home/subhalaxmi/nidar_ws/install/px4_msgs/share/px4_msgs/msg/CanInterfaceStatus.idl\n'}
[19.096992] (px4_msgs) StdoutLine: {'line': b'-- Up-to-date: /home/subhalaxmi/nidar_ws/install/px4_msgs/share/px4_msgs/msg/CellularStatus.idl\n'}
[19.097365] (px4_msgs) StdoutLine: {'line': b'-- Up-to-date: /home/subhalaxmi/nidar_ws/install/px4_msgs/share/px4_msgs/msg/CollisionConstraints.idl\n'}
[19.097636] (px4_msgs) StdoutLine: {'line': b'-- Up-to-date: /home/subhalaxmi/nidar_ws/install/px4_msgs/share/px4_msgs/msg/ConfigOverrides.idl\n'}
[19.097902] (px4_msgs) StdoutLine: {'line': b'-- Up-to-date: /home/subhalaxmi/nidar_ws/install/px4_msgs/share/px4_msgs/msg/ControlAllocatorStatus.idl\n'}
[19.098119] (px4_msgs) StdoutLine: {'line': b'-- Up-to-date: /home/subhalaxmi/nidar_ws/install/px4_msgs/share/px4_msgs/msg/Cpuload.idl\n'}
[19.098533] (px4_msgs) StdoutLine: {'line': b'-- Up-to-date: /home/subhalaxmi/nidar_ws/install/px4_msgs/share/px4_msgs/msg/DatamanRequest.idl\n'}
[19.098781] (px4_msgs) StdoutLine: {'line': b'-- Up-to-date: /home/subhalaxmi/nidar_ws/install/px4_msgs/share/px4_msgs/msg/DatamanResponse.idl\n'}
[19.098987] (px4_msgs) StdoutLine: {'line': b'-- Up-to-date: /home/subhalaxmi/nidar_ws/install/px4_msgs/share/px4_msgs/msg/DebugArray.idl\n'}
[19.099224] (px4_msgs) StdoutLine: {'line': b'-- Up-to-date: /home/subhalaxmi/nidar_ws/install/px4_msgs/share/px4_msgs/msg/DebugKeyValue.idl\n'}
[19.099485] (px4_msgs) StdoutLine: {'line': b'-- Up-to-date: /home/subhalaxmi/nidar_ws/install/px4_msgs/share/px4_msgs/msg/DebugValue.idl\n'}
[19.099848] (px4_msgs) StdoutLine: {'line': b'-- Up-to-date: /home/subhalaxmi/nidar_ws/install/px4_msgs/share/px4_msgs/msg/DebugVect.idl\n'}
[19.100049] (px4_msgs) StdoutLine: {'line': b'-- Up-to-date: /home/subhalaxmi/nidar_ws/install/px4_msgs/share/px4_msgs/msg/DeviceInformation.idl\n'}
[19.100270] (px4_msgs) StdoutLine: {'line': b'-- Up-to-date: /home/subhalaxmi/nidar_ws/install/px4_msgs/share/px4_msgs/msg/DifferentialPressure.idl\n'}
[19.100473] (px4_msgs) StdoutLine: {'line': b'-- Up-to-date: /home/subhalaxmi/nidar_ws/install/px4_msgs/share/px4_msgs/msg/DistanceSensor.idl\n'}
[19.100756] (px4_msgs) StdoutLine: {'line': b'-- Up-to-date: /home/subhalaxmi/nidar_ws/install/px4_msgs/share/px4_msgs/msg/DistanceSensorModeChangeRequest.idl\n'}
[19.101001] (px4_msgs) StdoutLine: {'line': b'-- Up-to-date: /home/subhalaxmi/nidar_ws/install/px4_msgs/share/px4_msgs/msg/DronecanNodeStatus.idl\n'}
[19.101333] (px4_msgs) StdoutLine: {'line': b'-- Up-to-date: /home/subhalaxmi/nidar_ws/install/px4_msgs/share/px4_msgs/msg/Ekf2Timestamps.idl\n'}
[19.101557] (px4_msgs) StdoutLine: {'line': b'-- Up-to-date: /home/subhalaxmi/nidar_ws/install/px4_msgs/share/px4_msgs/msg/EscReport.idl\n'}
[19.101795] (px4_msgs) StdoutLine: {'line': b'-- Up-to-date: /home/subhalaxmi/nidar_ws/install/px4_msgs/share/px4_msgs/msg/EscStatus.idl\n'}
[19.102656] (px4_msgs) StdoutLine: {'line': b'-- Up-to-date: /home/subhalaxmi/nidar_ws/install/px4_msgs/share/px4_msgs/msg/EstimatorAidSource1d.idl\n'}
[19.102973] (px4_msgs) StdoutLine: {'line': b'-- Up-to-date: /home/subhalaxmi/nidar_ws/install/px4_msgs/share/px4_msgs/msg/EstimatorAidSource2d.idl\n'}
[19.103216] (px4_msgs) StdoutLine: {'line': b'-- Up-to-date: /home/subhalaxmi/nidar_ws/install/px4_msgs/share/px4_msgs/msg/EstimatorAidSource3d.idl\n'}
[19.103547] (px4_msgs) StdoutLine: {'line': b'-- Up-to-date: /home/subhalaxmi/nidar_ws/install/px4_msgs/share/px4_msgs/msg/EstimatorBias.idl\n'}
[19.103755] (px4_msgs) StdoutLine: {'line': b'-- Up-to-date: /home/subhalaxmi/nidar_ws/install/px4_msgs/share/px4_msgs/msg/EstimatorBias3d.idl\n'}
[19.103961] (px4_msgs) StdoutLine: {'line': b'-- Up-to-date: /home/subhalaxmi/nidar_ws/install/px4_msgs/share/px4_msgs/msg/EstimatorEventFlags.idl\n'}
[19.104197] (px4_msgs) StdoutLine: {'line': b'-- Up-to-date: /home/subhalaxmi/nidar_ws/install/px4_msgs/share/px4_msgs/msg/EstimatorGpsStatus.idl\n'}
[19.104413] (px4_msgs) StdoutLine: {'line': b'-- Up-to-date: /home/subhalaxmi/nidar_ws/install/px4_msgs/share/px4_msgs/msg/EstimatorInnovations.idl\n'}
[19.104624] (px4_msgs) StdoutLine: {'line': b'-- Up-to-date: /home/subhalaxmi/nidar_ws/install/px4_msgs/share/px4_msgs/msg/EstimatorSelectorStatus.idl\n'}
[19.104861] (px4_msgs) StdoutLine: {'line': b'-- Up-to-date: /home/subhalaxmi/nidar_ws/install/px4_msgs/share/px4_msgs/msg/EstimatorSensorBias.idl\n'}
[19.105123] (px4_msgs) StdoutLine: {'line': b'-- Up-to-date: /home/subhalaxmi/nidar_ws/install/px4_msgs/share/px4_msgs/msg/EstimatorStates.idl\n'}
[19.105442] (px4_msgs) StdoutLine: {'line': b'-- Up-to-date: /home/subhalaxmi/nidar_ws/install/px4_msgs/share/px4_msgs/msg/EstimatorStatus.idl\n'}
[19.106369] (px4_msgs) StdoutLine: {'line': b'-- Up-to-date: /home/subhalaxmi/nidar_ws/install/px4_msgs/share/px4_msgs/msg/EstimatorStatusFlags.idl\n'}
[19.107085] (px4_msgs) StdoutLine: {'line': b'-- Up-to-date: /home/subhalaxmi/nidar_ws/install/px4_msgs/share/px4_msgs/msg/Event.idl\n'}
[19.107629] (px4_msgs) StdoutLine: {'line': b'-- Up-to-date: /home/subhalaxmi/nidar_ws/install/px4_msgs/share/px4_msgs/msg/FailsafeFlags.idl\n'}
[19.107918] (px4_msgs) StdoutLine: {'line': b'-- Up-to-date: /home/subhalaxmi/nidar_ws/install/px4_msgs/share/px4_msgs/msg/FailureDetectorStatus.idl\n'}
[19.108369] (px4_msgs) StdoutLine: {'line': b'-- Up-to-date: /home/subhalaxmi/nidar_ws/install/px4_msgs/share/px4_msgs/msg/FigureEightStatus.idl\n'}
[19.108622] (px4_msgs) StdoutLine: {'line': b'-- Up-to-date: /home/subhalaxmi/nidar_ws/install/px4_msgs/share/px4_msgs/msg/FixedWingLateralGuidanceStatus.idl\n'}
[19.108976] (px4_msgs) StdoutLine: {'line': b'-- Up-to-date: /home/subhalaxmi/nidar_ws/install/px4_msgs/share/px4_msgs/msg/FixedWingLateralSetpoint.idl\n'}
[19.110151] (px4_msgs) StdoutLine: {'line': b'-- Up-to-date: /home/subhalaxmi/nidar_ws/install/px4_msgs/share/px4_msgs/msg/FixedWingLateralStatus.idl\n'}
[19.110789] (px4_msgs) StdoutLine: {'line': b'-- Up-to-date: /home/subhalaxmi/nidar_ws/install/px4_msgs/share/px4_msgs/msg/FixedWingLongitudinalSetpoint.idl\n'}
[19.112086] (px4_msgs) StdoutLine: {'line': b'-- Up-to-date: /home/subhalaxmi/nidar_ws/install/px4_msgs/share/px4_msgs/msg/FixedWingRunwayControl.idl\n'}
[19.112758] (px4_msgs) StdoutLine: {'line': b'-- Up-to-date: /home/subhalaxmi/nidar_ws/install/px4_msgs/share/px4_msgs/msg/FlightPhaseEstimation.idl\n'}
[19.113066] (px4_msgs) StdoutLine: {'line': b'-- Up-to-date: /home/subhalaxmi/nidar_ws/install/px4_msgs/share/px4_msgs/msg/FollowTarget.idl\n'}
[19.114032] (px4_msgs) StdoutLine: {'line': b'-- Up-to-date: /home/subhalaxmi/nidar_ws/install/px4_msgs/share/px4_msgs/msg/FollowTargetEstimator.idl\n'}
[19.115785] (px4_msgs) StdoutLine: {'line': b'-- Up-to-date: /home/subhalaxmi/nidar_ws/install/px4_msgs/share/px4_msgs/msg/FollowTargetStatus.idl\n'}
[19.116279] (px4_msgs) StdoutLine: {'line': b'-- Up-to-date: /home/subhalaxmi/nidar_ws/install/px4_msgs/share/px4_msgs/msg/FuelTankStatus.idl\n'}
[19.116539] (px4_msgs) StdoutLine: {'line': b'-- Up-to-date: /home/subhalaxmi/nidar_ws/install/px4_msgs/share/px4_msgs/msg/GainCompression.idl\n'}
[19.116752] (px4_msgs) StdoutLine: {'line': b'-- Up-to-date: /home/subhalaxmi/nidar_ws/install/px4_msgs/share/px4_msgs/msg/GeneratorStatus.idl\n'}
[19.116973] (px4_msgs) StdoutLine: {'line': b'-- Up-to-date: /home/subhalaxmi/nidar_ws/install/px4_msgs/share/px4_msgs/msg/GeofenceResult.idl\n'}
[19.117227] (px4_msgs) StdoutLine: {'line': b'-- Up-to-date: /home/subhalaxmi/nidar_ws/install/px4_msgs/share/px4_msgs/msg/GeofenceStatus.idl\n'}
[19.117493] (px4_msgs) StdoutLine: {'line': b'-- Up-to-date: /home/subhalaxmi/nidar_ws/install/px4_msgs/share/px4_msgs/msg/GimbalControls.idl\n'}
[19.117700] (px4_msgs) StdoutLine: {'line': b'-- Up-to-date: /home/subhalaxmi/nidar_ws/install/px4_msgs/share/px4_msgs/msg/GimbalDeviceAttitudeStatus.idl\n'}
[19.117895] (px4_msgs) StdoutLine: {'line': b'-- Up-to-date: /home/subhalaxmi/nidar_ws/install/px4_msgs/share/px4_msgs/msg/GimbalDeviceInformation.idl\n'}
[19.118083] (px4_msgs) StdoutLine: {'line': b'-- Up-to-date: /home/subhalaxmi/nidar_ws/install/px4_msgs/share/px4_msgs/msg/GimbalDeviceSetAttitude.idl\n'}
[19.118377] (px4_msgs) StdoutLine: {'line': b'-- Up-to-date: /home/subhalaxmi/nidar_ws/install/px4_msgs/share/px4_msgs/msg/GimbalManagerInformation.idl\n'}
[19.118587] (px4_msgs) StdoutLine: {'line': b'-- Up-to-date: /home/subhalaxmi/nidar_ws/install/px4_msgs/share/px4_msgs/msg/GimbalManagerSetAttitude.idl\n'}
[19.118834] (px4_msgs) StdoutLine: {'line': b'-- Up-to-date: /home/subhalaxmi/nidar_ws/install/px4_msgs/share/px4_msgs/msg/GimbalManagerSetManualControl.idl\n'}
[19.119078] (px4_msgs) StdoutLine: {'line': b'-- Up-to-date: /home/subhalaxmi/nidar_ws/install/px4_msgs/share/px4_msgs/msg/GimbalManagerStatus.idl\n'}
[19.120127] (px4_msgs) StdoutLine: {'line': b'-- Up-to-date: /home/subhalaxmi/nidar_ws/install/px4_msgs/share/px4_msgs/msg/GotoSetpoint.idl\n'}
[19.121101] (px4_msgs) StdoutLine: {'line': b'-- Up-to-date: /home/subhalaxmi/nidar_ws/install/px4_msgs/share/px4_msgs/msg/GpioConfig.idl\n'}
[19.121326] (px4_msgs) StdoutLine: {'line': b'-- Up-to-date: /home/subhalaxmi/nidar_ws/install/px4_msgs/share/px4_msgs/msg/GpioIn.idl\n'}
[19.121493] (px4_msgs) StdoutLine: {'line': b'-- Up-to-date: /home/subhalaxmi/nidar_ws/install/px4_msgs/share/px4_msgs/msg/GpioOut.idl\n'}
[19.121666] (px4_msgs) StdoutLine: {'line': b'-- Up-to-date: /home/subhalaxmi/nidar_ws/install/px4_msgs/share/px4_msgs/msg/GpioRequest.idl\n'}
[19.121843] (px4_msgs) StdoutLine: {'line': b'-- Up-to-date: /home/subhalaxmi/nidar_ws/install/px4_msgs/share/px4_msgs/msg/GpsDump.idl\n'}
[19.122038] (px4_msgs) StdoutLine: {'line': b'-- Up-to-date: /home/subhalaxmi/nidar_ws/install/px4_msgs/share/px4_msgs/msg/GpsInjectData.idl\n'}
[19.122277] (px4_msgs) StdoutLine: {'line': b'-- Up-to-date: /home/subhalaxmi/nidar_ws/install/px4_msgs/share/px4_msgs/msg/Gripper.idl\n'}
[19.122524] (px4_msgs) StdoutLine: {'line': b'-- Up-to-date: /home/subhalaxmi/nidar_ws/install/px4_msgs/share/px4_msgs/msg/HealthReport.idl\n'}
[19.123283] (px4_msgs) StdoutLine: {'line': b'-- Up-to-date: /home/subhalaxmi/nidar_ws/install/px4_msgs/share/px4_msgs/msg/HeaterStatus.idl\n'}
[19.123773] (px4_msgs) StdoutLine: {'line': b'-- Up-to-date: /home/subhalaxmi/nidar_ws/install/px4_msgs/share/px4_msgs/msg/HomePosition.idl\n'}
[19.124041] (px4_msgs) StdoutLine: {'line': b'-- Up-to-date: /home/subhalaxmi/nidar_ws/install/px4_msgs/share/px4_msgs/msg/HoverThrustEstimate.idl\n'}
[19.124361] (px4_msgs) StdoutLine: {'line': b'-- Up-to-date: /home/subhalaxmi/nidar_ws/install/px4_msgs/share/px4_msgs/msg/InputRc.idl\n'}
[19.124755] (px4_msgs) StdoutLine: {'line': b'-- Up-to-date: /home/subhalaxmi/nidar_ws/install/px4_msgs/share/px4_msgs/msg/InternalCombustionEngineControl.idl\n'}
[19.126236] (px4_msgs) StdoutLine: {'line': b'-- Up-to-date: /home/subhalaxmi/nidar_ws/install/px4_msgs/share/px4_msgs/msg/InternalCombustionEngineStatus.idl\n'}
[19.126644] (px4_msgs) StdoutLine: {'line': b'-- Up-to-date: /home/subhalaxmi/nidar_ws/install/px4_msgs/share/px4_msgs/msg/IridiumsbdStatus.idl\n'}
[19.126886] (px4_msgs) StdoutLine: {'line': b'-- Up-to-date: /home/subhalaxmi/nidar_ws/install/px4_msgs/share/px4_msgs/msg/IrlockReport.idl\n'}
[19.127083] (px4_msgs) StdoutLine: {'line': b'-- Up-to-date: /home/subhalaxmi/nidar_ws/install/px4_msgs/share/px4_msgs/msg/LandingGear.idl\n'}
[19.127335] (px4_msgs) StdoutLine: {'line': b'-- Up-to-date: /home/subhalaxmi/nidar_ws/install/px4_msgs/share/px4_msgs/msg/LandingGearWheel.idl\n'}
[19.127578] (px4_msgs) StdoutLine: {'line': b'-- Up-to-date: /home/subhalaxmi/nidar_ws/install/px4_msgs/share/px4_msgs/msg/LandingTargetInnovations.idl\n'}
[19.127781] (px4_msgs) StdoutLine: {'line': b'-- Up-to-date: /home/subhalaxmi/nidar_ws/install/px4_msgs/share/px4_msgs/msg/LandingTargetPose.idl\n'}
[19.127985] (px4_msgs) StdoutLine: {'line': b'-- Up-to-date: /home/subhalaxmi/nidar_ws/install/px4_msgs/share/px4_msgs/msg/LateralControlConfiguration.idl\n'}
[19.128233] (px4_msgs) StdoutLine: {'line': b'-- Up-to-date: /home/subhalaxmi/nidar_ws/install/px4_msgs/share/px4_msgs/msg/LaunchDetectionStatus.idl\n'}
[19.129823] (px4_msgs) StdoutLine: {'line': b'-- Up-to-date: /home/subhalaxmi/nidar_ws/install/px4_msgs/share/px4_msgs/msg/LedControl.idl\n'}
[19.130201] (px4_msgs) StdoutLine: {'line': b'-- Up-to-date: /home/subhalaxmi/nidar_ws/install/px4_msgs/share/px4_msgs/msg/LogMessage.idl\n'}
[19.130444] (px4_msgs) StdoutLine: {'line': b'-- Up-to-date: /home/subhalaxmi/nidar_ws/install/px4_msgs/share/px4_msgs/msg/LoggerStatus.idl\n'}
[19.130662] (px4_msgs) StdoutLine: {'line': b'-- Up-to-date: /home/subhalaxmi/nidar_ws/install/px4_msgs/share/px4_msgs/msg/LongitudinalControlConfiguration.idl\n'}
[19.130868] (px4_msgs) StdoutLine: {'line': b'-- Up-to-date: /home/subhalaxmi/nidar_ws/install/px4_msgs/share/px4_msgs/msg/MagWorkerData.idl\n'}
[19.131320] (px4_msgs) StdoutLine: {'line': b'-- Up-to-date: /home/subhalaxmi/nidar_ws/install/px4_msgs/share/px4_msgs/msg/MagnetometerBiasEstimate.idl\n'}
[19.131884] (px4_msgs) StdoutLine: {'line': b'-- Up-to-date: /home/subhalaxmi/nidar_ws/install/px4_msgs/share/px4_msgs/msg/ManualControlSetpoint.idl\n'}
[19.132152] (px4_msgs) StdoutLine: {'line': b'-- Up-to-date: /home/subhalaxmi/nidar_ws/install/px4_msgs/share/px4_msgs/msg/ManualControlSwitches.idl\n'}
[19.132396] (px4_msgs) StdoutLine: {'line': b'-- Up-to-date: /home/subhalaxmi/nidar_ws/install/px4_msgs/share/px4_msgs/msg/MavlinkLog.idl\n'}
[19.132617] (px4_msgs) StdoutLine: {'line': b'-- Up-to-date: /home/subhalaxmi/nidar_ws/install/px4_msgs/share/px4_msgs/msg/MavlinkTunnel.idl\n'}
[19.132852] (px4_msgs) StdoutLine: {'line': b'-- Up-to-date: /home/subhalaxmi/nidar_ws/install/px4_msgs/share/px4_msgs/msg/MessageFormatRequest.idl\n'}
[19.133187] (px4_msgs) StdoutLine: {'line': b'-- Up-to-date: /home/subhalaxmi/nidar_ws/install/px4_msgs/share/px4_msgs/msg/MessageFormatResponse.idl\n'}
[19.133389] (px4_msgs) StdoutLine: {'line': b'-- Up-to-date: /home/subhalaxmi/nidar_ws/install/px4_msgs/share/px4_msgs/msg/Mission.idl\n'}
[19.133597] (px4_msgs) StdoutLine: {'line': b'-- Up-to-date: /home/subhalaxmi/nidar_ws/install/px4_msgs/share/px4_msgs/msg/MissionResult.idl\n'}
[19.133815] (px4_msgs) StdoutLine: {'line': b'-- Up-to-date: /home/subhalaxmi/nidar_ws/install/px4_msgs/share/px4_msgs/msg/ModeCompleted.idl\n'}
[19.134143] (px4_msgs) StdoutLine: {'line': b'-- Up-to-date: /home/subhalaxmi/nidar_ws/install/px4_msgs/share/px4_msgs/msg/MountOrientation.idl\n'}
[19.134443] (px4_msgs) StdoutLine: {'line': b'-- Up-to-date: /home/subhalaxmi/nidar_ws/install/px4_msgs/share/px4_msgs/msg/NavigatorMissionItem.idl\n'}
[19.134639] (px4_msgs) StdoutLine: {'line': b'-- Up-to-date: /home/subhalaxmi/nidar_ws/install/px4_msgs/share/px4_msgs/msg/NavigatorStatus.idl\n'}
[19.134831] (px4_msgs) StdoutLine: {'line': b'-- Up-to-date: /home/subhalaxmi/nidar_ws/install/px4_msgs/share/px4_msgs/msg/NeuralControl.idl\n'}
[19.135022] (px4_msgs) StdoutLine: {'line': b'-- Up-to-date: /home/subhalaxmi/nidar_ws/install/px4_msgs/share/px4_msgs/msg/NormalizedUnsignedSetpoint.idl\n'}
[19.135259] (px4_msgs) StdoutLine: {'line': b'-- Up-to-date: /home/subhalaxmi/nidar_ws/install/px4_msgs/share/px4_msgs/msg/ObstacleDistance.idl\n'}
[19.135456] (px4_msgs) StdoutLine: {'line': b'-- Up-to-date: /home/subhalaxmi/nidar_ws/install/px4_msgs/share/px4_msgs/msg/OffboardControlMode.idl\n'}
[19.135688] (px4_msgs) StdoutLine: {'line': b'-- Up-to-date: /home/subhalaxmi/nidar_ws/install/px4_msgs/share/px4_msgs/msg/OnboardComputerStatus.idl\n'}
[19.136017] (px4_msgs) StdoutLine: {'line': b'-- Up-to-date: /home/subhalaxmi/nidar_ws/install/px4_msgs/share/px4_msgs/msg/OpenDroneIdArmStatus.idl\n'}
[19.136230] (px4_msgs) StdoutLine: {'line': b'-- Up-to-date: /home/subhalaxmi/nidar_ws/install/px4_msgs/share/px4_msgs/msg/OpenDroneIdOperatorId.idl\n'}
[19.136447] (px4_msgs) StdoutLine: {'line': b'-- Up-to-date: /home/subhalaxmi/nidar_ws/install/px4_msgs/share/px4_msgs/msg/OpenDroneIdSelfId.idl\n'}
[19.136647] (px4_msgs) StdoutLine: {'line': b'-- Up-to-date: /home/subhalaxmi/nidar_ws/install/px4_msgs/share/px4_msgs/msg/OpenDroneIdSystem.idl\n'}
[19.136839] (px4_msgs) StdoutLine: {'line': b'-- Up-to-date: /home/subhalaxmi/nidar_ws/install/px4_msgs/share/px4_msgs/msg/OrbTest.idl\n'}
[19.137030] (px4_msgs) StdoutLine: {'line': b'-- Up-to-date: /home/subhalaxmi/nidar_ws/install/px4_msgs/share/px4_msgs/msg/OrbTestLarge.idl\n'}
[19.137385] (px4_msgs) StdoutLine: {'line': b'-- Up-to-date: /home/subhalaxmi/nidar_ws/install/px4_msgs/share/px4_msgs/msg/OrbTestMedium.idl\n'}
[19.137597] (px4_msgs) StdoutLine: {'line': b'-- Up-to-date: /home/subhalaxmi/nidar_ws/install/px4_msgs/share/px4_msgs/msg/OrbitStatus.idl\n'}
[19.137804] (px4_msgs) StdoutLine: {'line': b'-- Up-to-date: /home/subhalaxmi/nidar_ws/install/px4_msgs/share/px4_msgs/msg/ParameterResetRequest.idl\n'}
[19.138005] (px4_msgs) StdoutLine: {'line': b'-- Up-to-date: /home/subhalaxmi/nidar_ws/install/px4_msgs/share/px4_msgs/msg/ParameterSetUsedRequest.idl\n'}
[19.138241] (px4_msgs) StdoutLine: {'line': b'-- Up-to-date: /home/subhalaxmi/nidar_ws/install/px4_msgs/share/px4_msgs/msg/ParameterSetValueRequest.idl\n'}
[19.138466] (px4_msgs) StdoutLine: {'line': b'-- Up-to-date: /home/subhalaxmi/nidar_ws/install/px4_msgs/share/px4_msgs/msg/ParameterSetValueResponse.idl\n'}
[19.139887] (px4_msgs) StdoutLine: {'line': b'-- Up-to-date: /home/subhalaxmi/nidar_ws/install/px4_msgs/share/px4_msgs/msg/ParameterUpdate.idl\n'}
[19.140990] (px4_msgs) StdoutLine: {'line': b'-- Up-to-date: /home/subhalaxmi/nidar_ws/install/px4_msgs/share/px4_msgs/msg/Ping.idl\n'}
[19.141834] (px4_msgs) StdoutLine: {'line': b'-- Up-to-date: /home/subhalaxmi/nidar_ws/install/px4_msgs/share/px4_msgs/msg/PositionControllerLandingStatus.idl\n'}
[19.142277] (px4_msgs) StdoutLine: {'line': b'-- Up-to-date: /home/subhalaxmi/nidar_ws/install/px4_msgs/share/px4_msgs/msg/PositionControllerStatus.idl\n'}
[19.142630] (px4_msgs) StdoutLine: {'line': b'-- Up-to-date: /home/subhalaxmi/nidar_ws/install/px4_msgs/share/px4_msgs/msg/PositionSetpoint.idl\n'}
[19.143533] (px4_msgs) StdoutLine: {'line': b'-- Up-to-date: /home/subhalaxmi/nidar_ws/install/px4_msgs/share/px4_msgs/msg/PositionSetpointTriplet.idl\n'}
[19.144003] (px4_msgs) StdoutLine: {'line': b'-- Up-to-date: /home/subhalaxmi/nidar_ws/install/px4_msgs/share/px4_msgs/msg/PowerButtonState.idl\n'}
[19.144464] (px4_msgs) StdoutLine: {'line': b'-- Up-to-date: /home/subhalaxmi/nidar_ws/install/px4_msgs/share/px4_msgs/msg/PowerMonitor.idl\n'}
[19.144837] (px4_msgs) StdoutLine: {'line': b'-- Up-to-date: /home/subhalaxmi/nidar_ws/install/px4_msgs/share/px4_msgs/msg/PpsCapture.idl\n'}
[19.145615] (px4_msgs) StdoutLine: {'line': b'-- Up-to-date: /home/subhalaxmi/nidar_ws/install/px4_msgs/share/px4_msgs/msg/PurePursuitStatus.idl\n'}
[19.147899] (px4_msgs) StdoutLine: {'line': b'-- Up-to-date: /home/subhalaxmi/nidar_ws/install/px4_msgs/share/px4_msgs/msg/PwmInput.idl\n'}
[19.149491] (px4_msgs) StdoutLine: {'line': b'-- Up-to-date: /home/subhalaxmi/nidar_ws/install/px4_msgs/share/px4_msgs/msg/Px4ioStatus.idl\n'}
[19.149853] (px4_msgs) StdoutLine: {'line': b'-- Up-to-date: /home/subhalaxmi/nidar_ws/install/px4_msgs/share/px4_msgs/msg/QshellReq.idl\n'}
[19.150089] (px4_msgs) StdoutLine: {'line': b'-- Up-to-date: /home/subhalaxmi/nidar_ws/install/px4_msgs/share/px4_msgs/msg/QshellRetval.idl\n'}
[19.150472] (px4_msgs) StdoutLine: {'line': b'-- Up-to-date: /home/subhalaxmi/nidar_ws/install/px4_msgs/share/px4_msgs/msg/RadioStatus.idl\n'}
[19.150702] (px4_msgs) StdoutLine: {'line': b'-- Up-to-date: /home/subhalaxmi/nidar_ws/install/px4_msgs/share/px4_msgs/msg/RaptorInput.idl\n'}
[19.151012] (px4_msgs) StdoutLine: {'line': b'-- Up-to-date: /home/subhalaxmi/nidar_ws/install/px4_msgs/share/px4_msgs/msg/RaptorStatus.idl\n'}
[19.153489] (px4_msgs) StdoutLine: {'line': b'-- Up-to-date: /home/subhalaxmi/nidar_ws/install/px4_msgs/share/px4_msgs/msg/RateCtrlStatus.idl\n'}
[19.154646] (px4_msgs) StdoutLine: {'line': b'-- Up-to-date: /home/subhalaxmi/nidar_ws/install/px4_msgs/share/px4_msgs/msg/RcChannels.idl\n'}
[19.154987] (px4_msgs) StdoutLine: {'line': b'-- Up-to-date: /home/subhalaxmi/nidar_ws/install/px4_msgs/share/px4_msgs/msg/RcParameterMap.idl\n'}
[19.155732] (px4_msgs) StdoutLine: {'line': b'-- Up-to-date: /home/subhalaxmi/nidar_ws/install/px4_msgs/share/px4_msgs/msg/RegisterExtComponentReply.idl\n'}
[19.156003] (px4_msgs) StdoutLine: {'line': b'-- Up-to-date: /home/subhalaxmi/nidar_ws/install/px4_msgs/share/px4_msgs/msg/RegisterExtComponentRequest.idl\n'}
[19.156908] (px4_msgs) StdoutLine: {'line': b'-- Up-to-date: /home/subhalaxmi/nidar_ws/install/px4_msgs/share/px4_msgs/msg/RoverAttitudeSetpoint.idl\n'}
[19.157192] (px4_msgs) StdoutLine: {'line': b'-- Up-to-date: /home/subhalaxmi/nidar_ws/install/px4_msgs/share/px4_msgs/msg/RoverAttitudeStatus.idl\n'}
[19.158084] (px4_msgs) StdoutLine: {'line': b'-- Up-to-date: /home/subhalaxmi/nidar_ws/install/px4_msgs/share/px4_msgs/msg/RoverPositionSetpoint.idl\n'}
[19.158404] (px4_msgs) StdoutLine: {'line': b'-- Up-to-date: /home/subhalaxmi/nidar_ws/install/px4_msgs/share/px4_msgs/msg/RoverRateSetpoint.idl\n'}
[19.158633] (px4_msgs) StdoutLine: {'line': b'-- Up-to-date: /home/subhalaxmi/nidar_ws/install/px4_msgs/share/px4_msgs/msg/RoverRateStatus.idl\n'}
[19.158839] (px4_msgs) StdoutLine: {'line': b'-- Up-to-date: /home/subhalaxmi/nidar_ws/install/px4_msgs/share/px4_msgs/msg/RoverSpeedSetpoint.idl\n'}
[19.159039] (px4_msgs) StdoutLine: {'line': b'-- Up-to-date: /home/subhalaxmi/nidar_ws/install/px4_msgs/share/px4_msgs/msg/RoverSpeedStatus.idl\n'}
[19.159860] (px4_msgs) StdoutLine: {'line': b'-- Up-to-date: /home/subhalaxmi/nidar_ws/install/px4_msgs/share/px4_msgs/msg/RoverSteeringSetpoint.idl\n'}
[19.160192] (px4_msgs) StdoutLine: {'line': b'-- Up-to-date: /home/subhalaxmi/nidar_ws/install/px4_msgs/share/px4_msgs/msg/RoverThrottleSetpoint.idl\n'}
[19.160450] (px4_msgs) StdoutLine: {'line': b'-- Up-to-date: /home/subhalaxmi/nidar_ws/install/px4_msgs/share/px4_msgs/msg/Rpm.idl\n'}
[19.160652] (px4_msgs) StdoutLine: {'line': b'-- Up-to-date: /home/subhalaxmi/nidar_ws/install/px4_msgs/share/px4_msgs/msg/RtlStatus.idl\n'}
[19.160852] (-) TimerEvent: {}
[19.161132] (px4_msgs) StdoutLine: {'line': b'-- Up-to-date: /home/subhalaxmi/nidar_ws/install/px4_msgs/share/px4_msgs/msg/RtlTimeEstimate.idl\n'}
[19.161508] (px4_msgs) StdoutLine: {'line': b'-- Up-to-date: /home/subhalaxmi/nidar_ws/install/px4_msgs/share/px4_msgs/msg/SatelliteInfo.idl\n'}
[19.161693] (px4_msgs) StdoutLine: {'line': b'-- Up-to-date: /home/subhalaxmi/nidar_ws/install/px4_msgs/share/px4_msgs/msg/SensorAccel.idl\n'}
[19.161905] (px4_msgs) StdoutLine: {'line': b'-- Up-to-date: /home/subhalaxmi/nidar_ws/install/px4_msgs/share/px4_msgs/msg/SensorAccelFifo.idl\n'}
[19.162097] (px4_msgs) StdoutLine: {'line': b'-- Up-to-date: /home/subhalaxmi/nidar_ws/install/px4_msgs/share/px4_msgs/msg/SensorAirflow.idl\n'}
[19.162334] (px4_msgs) StdoutLine: {'line': b'-- Up-to-date: /home/subhalaxmi/nidar_ws/install/px4_msgs/share/px4_msgs/msg/SensorBaro.idl\n'}
[19.162609] (px4_msgs) StdoutLine: {'line': b'-- Up-to-date: /home/subhalaxmi/nidar_ws/install/px4_msgs/share/px4_msgs/msg/SensorCombined.idl\n'}
[19.162803] (px4_msgs) StdoutLine: {'line': b'-- Up-to-date: /home/subhalaxmi/nidar_ws/install/px4_msgs/share/px4_msgs/msg/SensorCorrection.idl\n'}
[19.162988] (px4_msgs) StdoutLine: {'line': b'-- Up-to-date: /home/subhalaxmi/nidar_ws/install/px4_msgs/share/px4_msgs/msg/SensorGnssRelative.idl\n'}
[19.163273] (px4_msgs) StdoutLine: {'line': b'-- Up-to-date: /home/subhalaxmi/nidar_ws/install/px4_msgs/share/px4_msgs/msg/SensorGnssStatus.idl\n'}
[19.163526] (px4_msgs) StdoutLine: {'line': b'-- Up-to-date: /home/subhalaxmi/nidar_ws/install/px4_msgs/share/px4_msgs/msg/SensorGps.idl\n'}
[19.163800] (px4_msgs) StdoutLine: {'line': b'-- Up-to-date: /home/subhalaxmi/nidar_ws/install/px4_msgs/share/px4_msgs/msg/SensorGyro.idl\n'}
[19.164257] (px4_msgs) StdoutLine: {'line': b'-- Up-to-date: /home/subhalaxmi/nidar_ws/install/px4_msgs/share/px4_msgs/msg/SensorGyroFft.idl\n'}
[19.164470] (px4_msgs) StdoutLine: {'line': b'-- Up-to-date: /home/subhalaxmi/nidar_ws/install/px4_msgs/share/px4_msgs/msg/SensorGyroFifo.idl\n'}
[19.164665] (px4_msgs) StdoutLine: {'line': b'-- Up-to-date: /home/subhalaxmi/nidar_ws/install/px4_msgs/share/px4_msgs/msg/SensorHygrometer.idl\n'}
[19.164864] (px4_msgs) StdoutLine: {'line': b'-- Up-to-date: /home/subhalaxmi/nidar_ws/install/px4_msgs/share/px4_msgs/msg/SensorMag.idl\n'}
[19.165082] (px4_msgs) StdoutLine: {'line': b'-- Up-to-date: /home/subhalaxmi/nidar_ws/install/px4_msgs/share/px4_msgs/msg/SensorOpticalFlow.idl\n'}
[19.165612] (px4_msgs) StdoutLine: {'line': b'-- Up-to-date: /home/subhalaxmi/nidar_ws/install/px4_msgs/share/px4_msgs/msg/SensorPreflightMag.idl\n'}
[19.166288] (px4_msgs) StdoutLine: {'line': b'-- Up-to-date: /home/subhalaxmi/nidar_ws/install/px4_msgs/share/px4_msgs/msg/SensorSelection.idl\n'}
[19.166921] (px4_msgs) StdoutLine: {'line': b'-- Up-to-date: /home/subhalaxmi/nidar_ws/install/px4_msgs/share/px4_msgs/msg/SensorTemp.idl\n'}
[19.167167] (px4_msgs) StdoutLine: {'line': b'-- Up-to-date: /home/subhalaxmi/nidar_ws/install/px4_msgs/share/px4_msgs/msg/SensorUwb.idl\n'}
[19.167398] (px4_msgs) StdoutLine: {'line': b'-- Up-to-date: /home/subhalaxmi/nidar_ws/install/px4_msgs/share/px4_msgs/msg/SensorsStatus.idl\n'}
[19.167589] (px4_msgs) StdoutLine: {'line': b'-- Up-to-date: /home/subhalaxmi/nidar_ws/install/px4_msgs/share/px4_msgs/msg/SensorsStatusImu.idl\n'}
[19.167857] (px4_msgs) StdoutLine: {'line': b'-- Up-to-date: /home/subhalaxmi/nidar_ws/install/px4_msgs/share/px4_msgs/msg/SystemPower.idl\n'}
[19.168380] (px4_msgs) StdoutLine: {'line': b'-- Up-to-date: /home/subhalaxmi/nidar_ws/install/px4_msgs/share/px4_msgs/msg/TakeoffStatus.idl\n'}
[19.168662] (px4_msgs) StdoutLine: {'line': b'-- Up-to-date: /home/subhalaxmi/nidar_ws/install/px4_msgs/share/px4_msgs/msg/TaskStackInfo.idl\n'}
[19.169243] (px4_msgs) StdoutLine: {'line': b'-- Up-to-date: /home/subhalaxmi/nidar_ws/install/px4_msgs/share/px4_msgs/msg/TecsStatus.idl\n'}
[19.169732] (px4_msgs) StdoutLine: {'line': b'-- Up-to-date: /home/subhalaxmi/nidar_ws/install/px4_msgs/share/px4_msgs/msg/TelemetryStatus.idl\n'}
[19.169965] (px4_msgs) StdoutLine: {'line': b'-- Up-to-date: /home/subhalaxmi/nidar_ws/install/px4_msgs/share/px4_msgs/msg/TiltrotorExtraControls.idl\n'}
[19.170189] (px4_msgs) StdoutLine: {'line': b'-- Up-to-date: /home/subhalaxmi/nidar_ws/install/px4_msgs/share/px4_msgs/msg/TimesyncStatus.idl\n'}
[19.170709] (px4_msgs) StdoutLine: {'line': b'-- Up-to-date: /home/subhalaxmi/nidar_ws/install/px4_msgs/share/px4_msgs/msg/TrajectorySetpoint.idl\n'}
[19.170984] (px4_msgs) StdoutLine: {'line': b'-- Up-to-date: /home/subhalaxmi/nidar_ws/install/px4_msgs/share/px4_msgs/msg/TrajectorySetpoint6dof.idl\n'}
[19.171355] (px4_msgs) StdoutLine: {'line': b'-- Up-to-date: /home/subhalaxmi/nidar_ws/install/px4_msgs/share/px4_msgs/msg/TransponderReport.idl\n'}
[19.171588] (px4_msgs) StdoutLine: {'line': b'-- Up-to-date: /home/subhalaxmi/nidar_ws/install/px4_msgs/share/px4_msgs/msg/TuneControl.idl\n'}
[19.171788] (px4_msgs) StdoutLine: {'line': b'-- Up-to-date: /home/subhalaxmi/nidar_ws/install/px4_msgs/share/px4_msgs/msg/UavcanParameterRequest.idl\n'}
[19.171986] (px4_msgs) StdoutLine: {'line': b'-- Up-to-date: /home/subhalaxmi/nidar_ws/install/px4_msgs/share/px4_msgs/msg/UavcanParameterValue.idl\n'}
[19.172218] (px4_msgs) StdoutLine: {'line': b'-- Up-to-date: /home/subhalaxmi/nidar_ws/install/px4_msgs/share/px4_msgs/msg/UlogStream.idl\n'}
[19.172573] (px4_msgs) StdoutLine: {'line': b'-- Up-to-date: /home/subhalaxmi/nidar_ws/install/px4_msgs/share/px4_msgs/msg/UlogStreamAck.idl\n'}
[19.172809] (px4_msgs) StdoutLine: {'line': b'-- Up-to-date: /home/subhalaxmi/nidar_ws/install/px4_msgs/share/px4_msgs/msg/UnregisterExtComponent.idl\n'}
[19.173037] (px4_msgs) StdoutLine: {'line': b'-- Up-to-date: /home/subhalaxmi/nidar_ws/install/px4_msgs/share/px4_msgs/msg/VehicleAcceleration.idl\n'}
[19.173389] (px4_msgs) StdoutLine: {'line': b'-- Up-to-date: /home/subhalaxmi/nidar_ws/install/px4_msgs/share/px4_msgs/msg/VehicleAirData.idl\n'}
[19.173624] (px4_msgs) StdoutLine: {'line': b'-- Up-to-date: /home/subhalaxmi/nidar_ws/install/px4_msgs/share/px4_msgs/msg/VehicleAngularAccelerationSetpoint.idl\n'}
[19.173838] (px4_msgs) StdoutLine: {'line': b'-- Up-to-date: /home/subhalaxmi/nidar_ws/install/px4_msgs/share/px4_msgs/msg/VehicleAngularVelocity.idl\n'}
[19.174149] (px4_msgs) StdoutLine: {'line': b'-- Up-to-date: /home/subhalaxmi/nidar_ws/install/px4_msgs/share/px4_msgs/msg/VehicleAttitude.idl\n'}
[19.174516] (px4_msgs) StdoutLine: {'line': b'-- Up-to-date: /home/subhalaxmi/nidar_ws/install/px4_msgs/share/px4_msgs/msg/VehicleAttitudeSetpoint.idl\n'}
[19.174715] (px4_msgs) StdoutLine: {'line': b'-- Up-to-date: /home/subhalaxmi/nidar_ws/install/px4_msgs/share/px4_msgs/msg/VehicleCommand.idl\n'}
[19.174904] (px4_msgs) StdoutLine: {'line': b'-- Up-to-date: /home/subhalaxmi/nidar_ws/install/px4_msgs/share/px4_msgs/msg/VehicleCommandAck.idl\n'}
[19.175094] (px4_msgs) StdoutLine: {'line': b'-- Up-to-date: /home/subhalaxmi/nidar_ws/install/px4_msgs/share/px4_msgs/msg/VehicleConstraints.idl\n'}
[19.175324] (px4_msgs) StdoutLine: {'line': b'-- Up-to-date: /home/subhalaxmi/nidar_ws/install/px4_msgs/share/px4_msgs/msg/VehicleControlMode.idl\n'}
[19.175519] (px4_msgs) StdoutLine: {'line': b'-- Up-to-date: /home/subhalaxmi/nidar_ws/install/px4_msgs/share/px4_msgs/msg/VehicleGlobalPosition.idl\n'}
[19.175794] (px4_msgs) StdoutLine: {'line': b'-- Up-to-date: /home/subhalaxmi/nidar_ws/install/px4_msgs/share/px4_msgs/msg/VehicleImu.idl\n'}
[19.176145] (px4_msgs) StdoutLine: {'line': b'-- Up-to-date: /home/subhalaxmi/nidar_ws/install/px4_msgs/share/px4_msgs/msg/VehicleImuStatus.idl\n'}
[19.176495] (px4_msgs) StdoutLine: {'line': b'-- Up-to-date: /home/subhalaxmi/nidar_ws/install/px4_msgs/share/px4_msgs/msg/VehicleLandDetected.idl\n'}
[19.176675] (px4_msgs) StdoutLine: {'line': b'-- Up-to-date: /home/subhalaxmi/nidar_ws/install/px4_msgs/share/px4_msgs/msg/VehicleLocalPosition.idl\n'}
[19.176888] (px4_msgs) StdoutLine: {'line': b'-- Up-to-date: /home/subhalaxmi/nidar_ws/install/px4_msgs/share/px4_msgs/msg/VehicleLocalPositionSetpoint.idl\n'}
[19.177082] (px4_msgs) StdoutLine: {'line': b'-- Up-to-date: /home/subhalaxmi/nidar_ws/install/px4_msgs/share/px4_msgs/msg/VehicleMagnetometer.idl\n'}
[19.177321] (px4_msgs) StdoutLine: {'line': b'-- Up-to-date: /home/subhalaxmi/nidar_ws/install/px4_msgs/share/px4_msgs/msg/VehicleOdometry.idl\n'}
[19.177623] (px4_msgs) StdoutLine: {'line': b'-- Up-to-date: /home/subhalaxmi/nidar_ws/install/px4_msgs/share/px4_msgs/msg/VehicleOpticalFlow.idl\n'}
[19.177816] (px4_msgs) StdoutLine: {'line': b'-- Up-to-date: /home/subhalaxmi/nidar_ws/install/px4_msgs/share/px4_msgs/msg/VehicleOpticalFlowVel.idl\n'}
[19.178005] (px4_msgs) StdoutLine: {'line': b'-- Up-to-date: /home/subhalaxmi/nidar_ws/install/px4_msgs/share/px4_msgs/msg/VehicleRatesSetpoint.idl\n'}
[19.178247] (px4_msgs) StdoutLine: {'line': b'-- Up-to-date: /home/subhalaxmi/nidar_ws/install/px4_msgs/share/px4_msgs/msg/VehicleRoi.idl\n'}
[19.178456] (px4_msgs) StdoutLine: {'line': b'-- Up-to-date: /home/subhalaxmi/nidar_ws/install/px4_msgs/share/px4_msgs/msg/VehicleStatus.idl\n'}
[19.178717] (px4_msgs) StdoutLine: {'line': b'-- Up-to-date: /home/subhalaxmi/nidar_ws/install/px4_msgs/share/px4_msgs/msg/VehicleThrustSetpoint.idl\n'}
[19.179507] (px4_msgs) StdoutLine: {'line': b'-- Up-to-date: /home/subhalaxmi/nidar_ws/install/px4_msgs/share/px4_msgs/msg/VehicleTorqueSetpoint.idl\n'}
[19.180363] (px4_msgs) StdoutLine: {'line': b'-- Up-to-date: /home/subhalaxmi/nidar_ws/install/px4_msgs/share/px4_msgs/msg/VelocityLimits.idl\n'}
[19.181092] (px4_msgs) StdoutLine: {'line': b'-- Up-to-date: /home/subhalaxmi/nidar_ws/install/px4_msgs/share/px4_msgs/msg/VtolVehicleStatus.idl\n'}
[19.181574] (px4_msgs) StdoutLine: {'line': b'-- Up-to-date: /home/subhalaxmi/nidar_ws/install/px4_msgs/share/px4_msgs/msg/Vtx.idl\n'}
[19.181867] (px4_msgs) StdoutLine: {'line': b'-- Up-to-date: /home/subhalaxmi/nidar_ws/install/px4_msgs/share/px4_msgs/msg/WheelEncoders.idl\n'}
[19.182058] (px4_msgs) StdoutLine: {'line': b'-- Up-to-date: /home/subhalaxmi/nidar_ws/install/px4_msgs/share/px4_msgs/msg/Wind.idl\n'}
[19.182312] (px4_msgs) StdoutLine: {'line': b'-- Up-to-date: /home/subhalaxmi/nidar_ws/install/px4_msgs/share/px4_msgs/msg/YawEstimatorStatus.idl\n'}
[19.182558] (px4_msgs) StdoutLine: {'line': b'-- Up-to-date: /home/subhalaxmi/nidar_ws/install/px4_msgs/share/px4_msgs/srv/VehicleCommand.idl\n'}
[19.182789] (px4_msgs) StdoutLine: {'line': b'-- Up-to-date: /home/subhalaxmi/nidar_ws/install/px4_msgs/share/px4_msgs/msg/ActionRequest.msg\n'}
[19.183004] (px4_msgs) StdoutLine: {'line': b'-- Up-to-date: /home/subhalaxmi/nidar_ws/install/px4_msgs/share/px4_msgs/msg/ActuatorArmed.msg\n'}
[19.184626] (px4_msgs) StdoutLine: {'line': b'-- Up-to-date: /home/subhalaxmi/nidar_ws/install/px4_msgs/share/px4_msgs/msg/ActuatorControlsStatus.msg\n'}
[19.185431] (px4_msgs) StdoutLine: {'line': b'-- Up-to-date: /home/subhalaxmi/nidar_ws/install/px4_msgs/share/px4_msgs/msg/ActuatorMotors.msg\n'}
[19.185737] (px4_msgs) StdoutLine: {'line': b'-- Up-to-date: /home/subhalaxmi/nidar_ws/install/px4_msgs/share/px4_msgs/msg/ActuatorOutputs.msg\n'}
[19.185979] (px4_msgs) StdoutLine: {'line': b'-- Up-to-date: /home/subhalaxmi/nidar_ws/install/px4_msgs/share/px4_msgs/msg/ActuatorServos.msg\n'}
[19.186375] (px4_msgs) StdoutLine: {'line': b'-- Up-to-date: /home/subhalaxmi/nidar_ws/install/px4_msgs/share/px4_msgs/msg/ActuatorServosTrim.msg\n'}
[19.186838] (px4_msgs) StdoutLine: {'line': b'-- Up-to-date: /home/subhalaxmi/nidar_ws/install/px4_msgs/share/px4_msgs/msg/ActuatorTest.msg\n'}
[19.187386] (px4_msgs) StdoutLine: {'line': b'-- Up-to-date: /home/subhalaxmi/nidar_ws/install/px4_msgs/share/px4_msgs/msg/AdcReport.msg\n'}
[19.187907] (px4_msgs) StdoutLine: {'line': b'-- Up-to-date: /home/subhalaxmi/nidar_ws/install/px4_msgs/share/px4_msgs/msg/Airspeed.msg\n'}
[19.188198] (px4_msgs) StdoutLine: {'line': b'-- Up-to-date: /home/subhalaxmi/nidar_ws/install/px4_msgs/share/px4_msgs/msg/AirspeedValidated.msg\n'}
[19.190921] (px4_msgs) StdoutLine: {'line': b'-- Up-to-date: /home/subhalaxmi/nidar_ws/install/px4_msgs/share/px4_msgs/msg/AirspeedWind.msg\n'}
[19.191420] (px4_msgs) StdoutLine: {'line': b'-- Up-to-date: /home/subhalaxmi/nidar_ws/install/px4_msgs/share/px4_msgs/msg/ArmingCheckReply.msg\n'}
[19.191685] (px4_msgs) StdoutLine: {'line': b'-- Up-to-date: /home/subhalaxmi/nidar_ws/install/px4_msgs/share/px4_msgs/msg/ArmingCheckRequest.msg\n'}
[19.191919] (px4_msgs) StdoutLine: {'line': b'-- Up-to-date: /home/subhalaxmi/nidar_ws/install/px4_msgs/share/px4_msgs/msg/AutotuneAttitudeControlStatus.msg\n'}
[19.192147] (px4_msgs) StdoutLine: {'line': b'-- Up-to-date: /home/subhalaxmi/nidar_ws/install/px4_msgs/share/px4_msgs/msg/AuxGlobalPosition.msg\n'}
[19.192413] (px4_msgs) StdoutLine: {'line': b'-- Up-to-date: /home/subhalaxmi/nidar_ws/install/px4_msgs/share/px4_msgs/msg/BatteryInfo.msg\n'}
[19.192643] (px4_msgs) StdoutLine: {'line': b'-- Up-to-date: /home/subhalaxmi/nidar_ws/install/px4_msgs/share/px4_msgs/msg/BatteryStatus.msg\n'}
[19.192880] (px4_msgs) StdoutLine: {'line': b'-- Up-to-date: /home/subhalaxmi/nidar_ws/install/px4_msgs/share/px4_msgs/msg/ButtonEvent.msg\n'}
[19.193148] (px4_msgs) StdoutLine: {'line': b'-- Up-to-date: /home/subhalaxmi/nidar_ws/install/px4_msgs/share/px4_msgs/msg/CameraCapture.msg\n'}
[19.193498] (px4_msgs) StdoutLine: {'line': b'-- Up-to-date: /home/subhalaxmi/nidar_ws/install/px4_msgs/share/px4_msgs/msg/CameraStatus.msg\n'}
[19.193783] (px4_msgs) StdoutLine: {'line': b'-- Up-to-date: /home/subhalaxmi/nidar_ws/install/px4_msgs/share/px4_msgs/msg/CameraTrigger.msg\n'}
[19.194955] (px4_msgs) StdoutLine: {'line': b'-- Up-to-date: /home/subhalaxmi/nidar_ws/install/px4_msgs/share/px4_msgs/msg/CanInterfaceStatus.msg\n'}
[19.196489] (px4_msgs) StdoutLine: {'line': b'-- Up-to-date: /home/subhalaxmi/nidar_ws/install/px4_msgs/share/px4_msgs/msg/CellularStatus.msg\n'}
[19.196864] (px4_msgs) StdoutLine: {'line': b'-- Up-to-date: /home/subhalaxmi/nidar_ws/install/px4_msgs/share/px4_msgs/msg/CollisionConstraints.msg\n'}
[19.197055] (px4_msgs) StdoutLine: {'line': b'-- Up-to-date: /home/subhalaxmi/nidar_ws/install/px4_msgs/share/px4_msgs/msg/ConfigOverrides.msg\n'}
[19.197321] (px4_msgs) StdoutLine: {'line': b'-- Up-to-date: /home/subhalaxmi/nidar_ws/install/px4_msgs/share/px4_msgs/msg/ControlAllocatorStatus.msg\n'}
[19.197672] (px4_msgs) StdoutLine: {'line': b'-- Up-to-date: /home/subhalaxmi/nidar_ws/install/px4_msgs/share/px4_msgs/msg/Cpuload.msg\n'}
[19.197916] (px4_msgs) StdoutLine: {'line': b'-- Up-to-date: /home/subhalaxmi/nidar_ws/install/px4_msgs/share/px4_msgs/msg/DatamanRequest.msg\n'}
[19.198564] (px4_msgs) StdoutLine: {'line': b'-- Up-to-date: /home/subhalaxmi/nidar_ws/install/px4_msgs/share/px4_msgs/msg/DatamanResponse.msg\n'}
[19.198926] (px4_msgs) StdoutLine: {'line': b'-- Up-to-date: /home/subhalaxmi/nidar_ws/install/px4_msgs/share/px4_msgs/msg/DebugArray.msg\n'}
[19.199844] (px4_msgs) StdoutLine: {'line': b'-- Up-to-date: /home/subhalaxmi/nidar_ws/install/px4_msgs/share/px4_msgs/msg/DebugKeyValue.msg\n'}
[19.200458] (px4_msgs) StdoutLine: {'line': b'-- Up-to-date: /home/subhalaxmi/nidar_ws/install/px4_msgs/share/px4_msgs/msg/DebugValue.msg\n'}
[19.200879] (px4_msgs) StdoutLine: {'line': b'-- Up-to-date: /home/subhalaxmi/nidar_ws/install/px4_msgs/share/px4_msgs/msg/DebugVect.msg\n'}
[19.201160] (px4_msgs) StdoutLine: {'line': b'-- Up-to-date: /home/subhalaxmi/nidar_ws/install/px4_msgs/share/px4_msgs/msg/DeviceInformation.msg\n'}
[19.201489] (px4_msgs) StdoutLine: {'line': b'-- Up-to-date: /home/subhalaxmi/nidar_ws/install/px4_msgs/share/px4_msgs/msg/DifferentialPressure.msg\n'}
[19.201742] (px4_msgs) StdoutLine: {'line': b'-- Up-to-date: /home/subhalaxmi/nidar_ws/install/px4_msgs/share/px4_msgs/msg/DistanceSensor.msg\n'}
[19.201947] (px4_msgs) StdoutLine: {'line': b'-- Up-to-date: /home/subhalaxmi/nidar_ws/install/px4_msgs/share/px4_msgs/msg/DistanceSensorModeChangeRequest.msg\n'}
[19.202371] (px4_msgs) StdoutLine: {'line': b'-- Up-to-date: /home/subhalaxmi/nidar_ws/install/px4_msgs/share/px4_msgs/msg/DronecanNodeStatus.msg\n'}
[19.202771] (px4_msgs) StdoutLine: {'line': b'-- Up-to-date: /home/subhalaxmi/nidar_ws/install/px4_msgs/share/px4_msgs/msg/Ekf2Timestamps.msg\n'}
[19.203145] (px4_msgs) StdoutLine: {'line': b'-- Up-to-date: /home/subhalaxmi/nidar_ws/install/px4_msgs/share/px4_msgs/msg/EscReport.msg\n'}
[19.203381] (px4_msgs) StdoutLine: {'line': b'-- Up-to-date: /home/subhalaxmi/nidar_ws/install/px4_msgs/share/px4_msgs/msg/EscStatus.msg\n'}
[19.203766] (px4_msgs) StdoutLine: {'line': b'-- Up-to-date: /home/subhalaxmi/nidar_ws/install/px4_msgs/share/px4_msgs/msg/EstimatorAidSource1d.msg\n'}
[19.204360] (px4_msgs) StdoutLine: {'line': b'-- Up-to-date: /home/subhalaxmi/nidar_ws/install/px4_msgs/share/px4_msgs/msg/EstimatorAidSource2d.msg\n'}
[19.204637] (px4_msgs) StdoutLine: {'line': b'-- Up-to-date: /home/subhalaxmi/nidar_ws/install/px4_msgs/share/px4_msgs/msg/EstimatorAidSource3d.msg\n'}
[19.205063] (px4_msgs) StdoutLine: {'line': b'-- Up-to-date: /home/subhalaxmi/nidar_ws/install/px4_msgs/share/px4_msgs/msg/EstimatorBias.msg\n'}
[19.205465] (px4_msgs) StdoutLine: {'line': b'-- Up-to-date: /home/subhalaxmi/nidar_ws/install/px4_msgs/share/px4_msgs/msg/EstimatorBias3d.msg\n'}
[19.205657] (px4_msgs) StdoutLine: {'line': b'-- Up-to-date: /home/subhalaxmi/nidar_ws/install/px4_msgs/share/px4_msgs/msg/EstimatorEventFlags.msg\n'}
[19.205855] (px4_msgs) StdoutLine: {'line': b'-- Up-to-date: /home/subhalaxmi/nidar_ws/install/px4_msgs/share/px4_msgs/msg/EstimatorGpsStatus.msg\n'}
[19.206048] (px4_msgs) StdoutLine: {'line': b'-- Up-to-date: /home/subhalaxmi/nidar_ws/install/px4_msgs/share/px4_msgs/msg/EstimatorInnovations.msg\n'}
[19.206287] (px4_msgs) StdoutLine: {'line': b'-- Up-to-date: /home/subhalaxmi/nidar_ws/install/px4_msgs/share/px4_msgs/msg/EstimatorSelectorStatus.msg\n'}
[19.206500] (px4_msgs) StdoutLine: {'line': b'-- Up-to-date: /home/subhalaxmi/nidar_ws/install/px4_msgs/share/px4_msgs/msg/EstimatorSensorBias.msg\n'}
[19.206726] (px4_msgs) StdoutLine: {'line': b'-- Up-to-date: /home/subhalaxmi/nidar_ws/install/px4_msgs/share/px4_msgs/msg/EstimatorStates.msg\n'}
[19.206946] (px4_msgs) StdoutLine: {'line': b'-- Up-to-date: /home/subhalaxmi/nidar_ws/install/px4_msgs/share/px4_msgs/msg/EstimatorStatus.msg\n'}
[19.207362] (px4_msgs) StdoutLine: {'line': b'-- Up-to-date: /home/subhalaxmi/nidar_ws/install/px4_msgs/share/px4_msgs/msg/EstimatorStatusFlags.msg\n'}
[19.207937] (px4_msgs) StdoutLine: {'line': b'-- Up-to-date: /home/subhalaxmi/nidar_ws/install/px4_msgs/share/px4_msgs/msg/Event.msg\n'}
[19.208212] (px4_msgs) StdoutLine: {'line': b'-- Up-to-date: /home/subhalaxmi/nidar_ws/install/px4_msgs/share/px4_msgs/msg/FailsafeFlags.msg\n'}
[19.208831] (px4_msgs) StdoutLine: {'line': b'-- Up-to-date: /home/subhalaxmi/nidar_ws/install/px4_msgs/share/px4_msgs/msg/FailureDetectorStatus.msg\n'}
[19.209254] (px4_msgs) StdoutLine: {'line': b'-- Up-to-date: /home/subhalaxmi/nidar_ws/install/px4_msgs/share/px4_msgs/msg/FigureEightStatus.msg\n'}
[19.209596] (px4_msgs) StdoutLine: {'line': b'-- Up-to-date: /home/subhalaxmi/nidar_ws/install/px4_msgs/share/px4_msgs/msg/FixedWingLateralGuidanceStatus.msg\n'}
[19.209816] (px4_msgs) StdoutLine: {'line': b'-- Up-to-date: /home/subhalaxmi/nidar_ws/install/px4_msgs/share/px4_msgs/msg/FixedWingLateralSetpoint.msg\n'}
[19.210133] (px4_msgs) StdoutLine: {'line': b'-- Up-to-date: /home/subhalaxmi/nidar_ws/install/px4_msgs/share/px4_msgs/msg/FixedWingLateralStatus.msg\n'}
[19.210374] (px4_msgs) StdoutLine: {'line': b'-- Up-to-date: /home/subhalaxmi/nidar_ws/install/px4_msgs/share/px4_msgs/msg/FixedWingLongitudinalSetpoint.msg\n'}
[19.210687] (px4_msgs) StdoutLine: {'line': b'-- Up-to-date: /home/subhalaxmi/nidar_ws/install/px4_msgs/share/px4_msgs/msg/FixedWingRunwayControl.msg\n'}
[19.210896] (px4_msgs) StdoutLine: {'line': b'-- Up-to-date: /home/subhalaxmi/nidar_ws/install/px4_msgs/share/px4_msgs/msg/FlightPhaseEstimation.msg\n'}
[19.211132] (px4_msgs) StdoutLine: {'line': b'-- Up-to-date: /home/subhalaxmi/nidar_ws/install/px4_msgs/share/px4_msgs/msg/FollowTarget.msg\n'}
[19.211376] (px4_msgs) StdoutLine: {'line': b'-- Up-to-date: /home/subhalaxmi/nidar_ws/install/px4_msgs/share/px4_msgs/msg/FollowTargetEstimator.msg\n'}
[19.211583] (px4_msgs) StdoutLine: {'line': b'-- Up-to-date: /home/subhalaxmi/nidar_ws/install/px4_msgs/share/px4_msgs/msg/FollowTargetStatus.msg\n'}
[19.211777] (px4_msgs) StdoutLine: {'line': b'-- Up-to-date: /home/subhalaxmi/nidar_ws/install/px4_msgs/share/px4_msgs/msg/FuelTankStatus.msg\n'}
[19.211985] (px4_msgs) StdoutLine: {'line': b'-- Up-to-date: /home/subhalaxmi/nidar_ws/install/px4_msgs/share/px4_msgs/msg/GainCompression.msg\n'}
[19.212259] (px4_msgs) StdoutLine: {'line': b'-- Up-to-date: /home/subhalaxmi/nidar_ws/install/px4_msgs/share/px4_msgs/msg/GeneratorStatus.msg\n'}
[19.212615] (px4_msgs) StdoutLine: {'line': b'-- Up-to-date: /home/subhalaxmi/nidar_ws/install/px4_msgs/share/px4_msgs/msg/GeofenceResult.msg\n'}
[19.212799] (px4_msgs) StdoutLine: {'line': b'-- Up-to-date: /home/subhalaxmi/nidar_ws/install/px4_msgs/share/px4_msgs/msg/GeofenceStatus.msg\n'}
[19.213009] (px4_msgs) StdoutLine: {'line': b'-- Up-to-date: /home/subhalaxmi/nidar_ws/install/px4_msgs/share/px4_msgs/msg/GimbalControls.msg\n'}
[19.213242] (px4_msgs) StdoutLine: {'line': b'-- Up-to-date: /home/subhalaxmi/nidar_ws/install/px4_msgs/share/px4_msgs/msg/GimbalDeviceAttitudeStatus.msg\n'}
[19.213463] (px4_msgs) StdoutLine: {'line': b'-- Up-to-date: /home/subhalaxmi/nidar_ws/install/px4_msgs/share/px4_msgs/msg/GimbalDeviceInformation.msg\n'}
[19.213665] (px4_msgs) StdoutLine: {'line': b'-- Up-to-date: /home/subhalaxmi/nidar_ws/install/px4_msgs/share/px4_msgs/msg/GimbalDeviceSetAttitude.msg\n'}
[19.214085] (px4_msgs) StdoutLine: {'line': b'-- Up-to-date: /home/subhalaxmi/nidar_ws/install/px4_msgs/share/px4_msgs/msg/GimbalManagerInformation.msg\n'}
[19.214624] (px4_msgs) StdoutLine: {'line': b'-- Up-to-date: /home/subhalaxmi/nidar_ws/install/px4_msgs/share/px4_msgs/msg/GimbalManagerSetAttitude.msg\n'}
[19.215172] (px4_msgs) StdoutLine: {'line': b'-- Up-to-date: /home/subhalaxmi/nidar_ws/install/px4_msgs/share/px4_msgs/msg/GimbalManagerSetManualControl.msg\n'}
[19.215549] (px4_msgs) StdoutLine: {'line': b'-- Up-to-date: /home/subhalaxmi/nidar_ws/install/px4_msgs/share/px4_msgs/msg/GimbalManagerStatus.msg\n'}
[19.215760] (px4_msgs) StdoutLine: {'line': b'-- Up-to-date: /home/subhalaxmi/nidar_ws/install/px4_msgs/share/px4_msgs/msg/GotoSetpoint.msg\n'}
[19.215952] (px4_msgs) StdoutLine: {'line': b'-- Up-to-date: /home/subhalaxmi/nidar_ws/install/px4_msgs/share/px4_msgs/msg/GpioConfig.msg\n'}
[19.216191] (px4_msgs) StdoutLine: {'line': b'-- Up-to-date: /home/subhalaxmi/nidar_ws/install/px4_msgs/share/px4_msgs/msg/GpioIn.msg\n'}
[19.216401] (px4_msgs) StdoutLine: {'line': b'-- Up-to-date: /home/subhalaxmi/nidar_ws/install/px4_msgs/share/px4_msgs/msg/GpioOut.msg\n'}
[19.216588] (px4_msgs) StdoutLine: {'line': b'-- Up-to-date: /home/subhalaxmi/nidar_ws/install/px4_msgs/share/px4_msgs/msg/GpioRequest.msg\n'}
[19.216770] (px4_msgs) StdoutLine: {'line': b'-- Up-to-date: /home/subhalaxmi/nidar_ws/install/px4_msgs/share/px4_msgs/msg/GpsDump.msg\n'}
[19.216955] (px4_msgs) StdoutLine: {'line': b'-- Up-to-date: /home/subhalaxmi/nidar_ws/install/px4_msgs/share/px4_msgs/msg/GpsInjectData.msg\n'}
[19.217152] (px4_msgs) StdoutLine: {'line': b'-- Up-to-date: /home/subhalaxmi/nidar_ws/install/px4_msgs/share/px4_msgs/msg/Gripper.msg\n'}
[19.217367] (px4_msgs) StdoutLine: {'line': b'-- Up-to-date: /home/subhalaxmi/nidar_ws/install/px4_msgs/share/px4_msgs/msg/HealthReport.msg\n'}
[19.217549] (px4_msgs) StdoutLine: {'line': b'-- Up-to-date: /home/subhalaxmi/nidar_ws/install/px4_msgs/share/px4_msgs/msg/HeaterStatus.msg\n'}
[19.217713] (px4_msgs) StdoutLine: {'line': b'-- Up-to-date: /home/subhalaxmi/nidar_ws/install/px4_msgs/share/px4_msgs/msg/HomePosition.msg\n'}
[19.217878] (px4_msgs) StdoutLine: {'line': b'-- Up-to-date: /home/subhalaxmi/nidar_ws/install/px4_msgs/share/px4_msgs/msg/HoverThrustEstimate.msg\n'}
[19.218043] (px4_msgs) StdoutLine: {'line': b'-- Up-to-date: /home/subhalaxmi/nidar_ws/install/px4_msgs/share/px4_msgs/msg/InputRc.msg\n'}
[19.218463] (px4_msgs) StdoutLine: {'line': b'-- Up-to-date: /home/subhalaxmi/nidar_ws/install/px4_msgs/share/px4_msgs/msg/InternalCombustionEngineControl.msg\n'}
[19.218682] (px4_msgs) StdoutLine: {'line': b'-- Up-to-date: /home/subhalaxmi/nidar_ws/install/px4_msgs/share/px4_msgs/msg/InternalCombustionEngineStatus.msg\n'}
[19.218872] (px4_msgs) StdoutLine: {'line': b'-- Up-to-date: /home/subhalaxmi/nidar_ws/install/px4_msgs/share/px4_msgs/msg/IridiumsbdStatus.msg\n'}
[19.219132] (px4_msgs) StdoutLine: {'line': b'-- Up-to-date: /home/subhalaxmi/nidar_ws/install/px4_msgs/share/px4_msgs/msg/IrlockReport.msg\n'}
[19.219514] (px4_msgs) StdoutLine: {'line': b'-- Up-to-date: /home/subhalaxmi/nidar_ws/install/px4_msgs/share/px4_msgs/msg/LandingGear.msg\n'}
[19.219724] (px4_msgs) StdoutLine: {'line': b'-- Up-to-date: /home/subhalaxmi/nidar_ws/install/px4_msgs/share/px4_msgs/msg/LandingGearWheel.msg\n'}
[19.219998] (px4_msgs) StdoutLine: {'line': b'-- Up-to-date: /home/subhalaxmi/nidar_ws/install/px4_msgs/share/px4_msgs/msg/LandingTargetInnovations.msg\n'}
[19.220261] (px4_msgs) StdoutLine: {'line': b'-- Up-to-date: /home/subhalaxmi/nidar_ws/install/px4_msgs/share/px4_msgs/msg/LandingTargetPose.msg\n'}
[19.220599] (px4_msgs) StdoutLine: {'line': b'-- Up-to-date: /home/subhalaxmi/nidar_ws/install/px4_msgs/share/px4_msgs/msg/LateralControlConfiguration.msg\n'}
[19.220808] (px4_msgs) StdoutLine: {'line': b'-- Up-to-date: /home/subhalaxmi/nidar_ws/install/px4_msgs/share/px4_msgs/msg/LaunchDetectionStatus.msg\n'}
[19.221019] (px4_msgs) StdoutLine: {'line': b'-- Up-to-date: /home/subhalaxmi/nidar_ws/install/px4_msgs/share/px4_msgs/msg/LedControl.msg\n'}
[19.222017] (px4_msgs) StdoutLine: {'line': b'-- Up-to-date: /home/subhalaxmi/nidar_ws/install/px4_msgs/share/px4_msgs/msg/LogMessage.msg\n'}
[19.222381] (px4_msgs) StdoutLine: {'line': b'-- Up-to-date: /home/subhalaxmi/nidar_ws/install/px4_msgs/share/px4_msgs/msg/LoggerStatus.msg\n'}
[19.222648] (px4_msgs) StdoutLine: {'line': b'-- Up-to-date: /home/subhalaxmi/nidar_ws/install/px4_msgs/share/px4_msgs/msg/LongitudinalControlConfiguration.msg\n'}
[19.222890] (px4_msgs) StdoutLine: {'line': b'-- Up-to-date: /home/subhalaxmi/nidar_ws/install/px4_msgs/share/px4_msgs/msg/MagWorkerData.msg\n'}
[19.223146] (px4_msgs) StdoutLine: {'line': b'-- Up-to-date: /home/subhalaxmi/nidar_ws/install/px4_msgs/share/px4_msgs/msg/MagnetometerBiasEstimate.msg\n'}
[19.223528] (px4_msgs) StdoutLine: {'line': b'-- Up-to-date: /home/subhalaxmi/nidar_ws/install/px4_msgs/share/px4_msgs/msg/ManualControlSetpoint.msg\n'}
[19.223774] (px4_msgs) StdoutLine: {'line': b'-- Up-to-date: /home/subhalaxmi/nidar_ws/install/px4_msgs/share/px4_msgs/msg/ManualControlSwitches.msg\n'}
[19.224582] (px4_msgs) StdoutLine: {'line': b'-- Up-to-date: /home/subhalaxmi/nidar_ws/install/px4_msgs/share/px4_msgs/msg/MavlinkLog.msg\n'}
[19.224837] (px4_msgs) StdoutLine: {'line': b'-- Up-to-date: /home/subhalaxmi/nidar_ws/install/px4_msgs/share/px4_msgs/msg/MavlinkTunnel.msg\n'}
[19.226213] (px4_msgs) StdoutLine: {'line': b'-- Up-to-date: /home/subhalaxmi/nidar_ws/install/px4_msgs/share/px4_msgs/msg/MessageFormatRequest.msg\n'}
[19.226704] (px4_msgs) StdoutLine: {'line': b'-- Up-to-date: /home/subhalaxmi/nidar_ws/install/px4_msgs/share/px4_msgs/msg/MessageFormatResponse.msg\n'}
[19.226955] (px4_msgs) StdoutLine: {'line': b'-- Up-to-date: /home/subhalaxmi/nidar_ws/install/px4_msgs/share/px4_msgs/msg/Mission.msg\n'}
[19.227237] (px4_msgs) StdoutLine: {'line': b'-- Up-to-date: /home/subhalaxmi/nidar_ws/install/px4_msgs/share/px4_msgs/msg/MissionResult.msg\n'}
[19.227484] (px4_msgs) StdoutLine: {'line': b'-- Up-to-date: /home/subhalaxmi/nidar_ws/install/px4_msgs/share/px4_msgs/msg/ModeCompleted.msg\n'}
[19.227715] (px4_msgs) StdoutLine: {'line': b'-- Up-to-date: /home/subhalaxmi/nidar_ws/install/px4_msgs/share/px4_msgs/msg/MountOrientation.msg\n'}
[19.227924] (px4_msgs) StdoutLine: {'line': b'-- Up-to-date: /home/subhalaxmi/nidar_ws/install/px4_msgs/share/px4_msgs/msg/NavigatorMissionItem.msg\n'}
[19.228176] (px4_msgs) StdoutLine: {'line': b'-- Up-to-date: /home/subhalaxmi/nidar_ws/install/px4_msgs/share/px4_msgs/msg/NavigatorStatus.msg\n'}
[19.228594] (px4_msgs) StdoutLine: {'line': b'-- Up-to-date: /home/subhalaxmi/nidar_ws/install/px4_msgs/share/px4_msgs/msg/NeuralControl.msg\n'}
[19.228869] (px4_msgs) StdoutLine: {'line': b'-- Up-to-date: /home/subhalaxmi/nidar_ws/install/px4_msgs/share/px4_msgs/msg/NormalizedUnsignedSetpoint.msg\n'}
[19.229136] (px4_msgs) StdoutLine: {'line': b'-- Up-to-date: /home/subhalaxmi/nidar_ws/install/px4_msgs/share/px4_msgs/msg/ObstacleDistance.msg\n'}
[19.229420] (px4_msgs) StdoutLine: {'line': b'-- Up-to-date: /home/subhalaxmi/nidar_ws/install/px4_msgs/share/px4_msgs/msg/OffboardControlMode.msg\n'}
[19.229678] (px4_msgs) StdoutLine: {'line': b'-- Up-to-date: /home/subhalaxmi/nidar_ws/install/px4_msgs/share/px4_msgs/msg/OnboardComputerStatus.msg\n'}
[19.229920] (px4_msgs) StdoutLine: {'line': b'-- Up-to-date: /home/subhalaxmi/nidar_ws/install/px4_msgs/share/px4_msgs/msg/OpenDroneIdArmStatus.msg\n'}
[19.231213] (px4_msgs) StdoutLine: {'line': b'-- Up-to-date: /home/subhalaxmi/nidar_ws/install/px4_msgs/share/px4_msgs/msg/OpenDroneIdOperatorId.msg\n'}
[19.232868] (px4_msgs) StdoutLine: {'line': b'-- Up-to-date: /home/subhalaxmi/nidar_ws/install/px4_msgs/share/px4_msgs/msg/OpenDroneIdSelfId.msg\n'}
[19.233376] (px4_msgs) StdoutLine: {'line': b'-- Up-to-date: /home/subhalaxmi/nidar_ws/install/px4_msgs/share/px4_msgs/msg/OpenDroneIdSystem.msg\n'}
[19.233711] (px4_msgs) StdoutLine: {'line': b'-- Up-to-date: /home/subhalaxmi/nidar_ws/install/px4_msgs/share/px4_msgs/msg/OrbTest.msg\n'}
[19.234039] (px4_msgs) StdoutLine: {'line': b'-- Up-to-date: /home/subhalaxmi/nidar_ws/install/px4_msgs/share/px4_msgs/msg/OrbTestLarge.msg\n'}
[19.234470] (px4_msgs) StdoutLine: {'line': b'-- Up-to-date: /home/subhalaxmi/nidar_ws/install/px4_msgs/share/px4_msgs/msg/OrbTestMedium.msg\n'}
[19.234668] (px4_msgs) StdoutLine: {'line': b'-- Up-to-date: /home/subhalaxmi/nidar_ws/install/px4_msgs/share/px4_msgs/msg/OrbitStatus.msg\n'}
[19.234888] (px4_msgs) StdoutLine: {'line': b'-- Up-to-date: /home/subhalaxmi/nidar_ws/install/px4_msgs/share/px4_msgs/msg/ParameterResetRequest.msg\n'}
[19.235097] (px4_msgs) StdoutLine: {'line': b'-- Up-to-date: /home/subhalaxmi/nidar_ws/install/px4_msgs/share/px4_msgs/msg/ParameterSetUsedRequest.msg\n'}
[19.235798] (px4_msgs) StdoutLine: {'line': b'-- Up-to-date: /home/subhalaxmi/nidar_ws/install/px4_msgs/share/px4_msgs/msg/ParameterSetValueRequest.msg\n'}
[19.236088] (px4_msgs) StdoutLine: {'line': b'-- Up-to-date: /home/subhalaxmi/nidar_ws/install/px4_msgs/share/px4_msgs/msg/ParameterSetValueResponse.msg\n'}
[19.237642] (px4_msgs) StdoutLine: {'line': b'-- Up-to-date: /home/subhalaxmi/nidar_ws/install/px4_msgs/share/px4_msgs/msg/ParameterUpdate.msg\n'}
[19.238371] (px4_msgs) StdoutLine: {'line': b'-- Up-to-date: /home/subhalaxmi/nidar_ws/install/px4_msgs/share/px4_msgs/msg/Ping.msg\n'}
[19.238625] (px4_msgs) StdoutLine: {'line': b'-- Up-to-date: /home/subhalaxmi/nidar_ws/install/px4_msgs/share/px4_msgs/msg/PositionControllerLandingStatus.msg\n'}
[19.238871] (px4_msgs) StdoutLine: {'line': b'-- Up-to-date: /home/subhalaxmi/nidar_ws/install/px4_msgs/share/px4_msgs/msg/PositionControllerStatus.msg\n'}
[19.239086] (px4_msgs) StdoutLine: {'line': b'-- Up-to-date: /home/subhalaxmi/nidar_ws/install/px4_msgs/share/px4_msgs/msg/PositionSetpoint.msg\n'}
[19.239328] (px4_msgs) StdoutLine: {'line': b'-- Up-to-date: /home/subhalaxmi/nidar_ws/install/px4_msgs/share/px4_msgs/msg/PositionSetpointTriplet.msg\n'}
[19.239533] (px4_msgs) StdoutLine: {'line': b'-- Up-to-date: /home/subhalaxmi/nidar_ws/install/px4_msgs/share/px4_msgs/msg/PowerButtonState.msg\n'}
[19.239751] (px4_msgs) StdoutLine: {'line': b'-- Up-to-date: /home/subhalaxmi/nidar_ws/install/px4_msgs/share/px4_msgs/msg/PowerMonitor.msg\n'}
[19.239941] (px4_msgs) StdoutLine: {'line': b'-- Up-to-date: /home/subhalaxmi/nidar_ws/install/px4_msgs/share/px4_msgs/msg/PpsCapture.msg\n'}
[19.240271] (px4_msgs) StdoutLine: {'line': b'-- Up-to-date: /home/subhalaxmi/nidar_ws/install/px4_msgs/share/px4_msgs/msg/PurePursuitStatus.msg\n'}
[19.240692] (px4_msgs) StdoutLine: {'line': b'-- Up-to-date: /home/subhalaxmi/nidar_ws/install/px4_msgs/share/px4_msgs/msg/PwmInput.msg\n'}
[19.240929] (px4_msgs) StdoutLine: {'line': b'-- Up-to-date: /home/subhalaxmi/nidar_ws/install/px4_msgs/share/px4_msgs/msg/Px4ioStatus.msg\n'}
[19.241272] (px4_msgs) StdoutLine: {'line': b'-- Up-to-date: /home/subhalaxmi/nidar_ws/install/px4_msgs/share/px4_msgs/msg/QshellReq.msg\n'}
[19.241522] (px4_msgs) StdoutLine: {'line': b'-- Up-to-date: /home/subhalaxmi/nidar_ws/install/px4_msgs/share/px4_msgs/msg/QshellRetval.msg\n'}
[19.241707] (px4_msgs) StdoutLine: {'line': b'-- Up-to-date: /home/subhalaxmi/nidar_ws/install/px4_msgs/share/px4_msgs/msg/RadioStatus.msg\n'}
[19.241875] (px4_msgs) StdoutLine: {'line': b'-- Up-to-date: /home/subhalaxmi/nidar_ws/install/px4_msgs/share/px4_msgs/msg/RaptorInput.msg\n'}
[19.242078] (px4_msgs) StdoutLine: {'line': b'-- Up-to-date: /home/subhalaxmi/nidar_ws/install/px4_msgs/share/px4_msgs/msg/RaptorStatus.msg\n'}
[19.242344] (px4_msgs) StdoutLine: {'line': b'-- Up-to-date: /home/subhalaxmi/nidar_ws/install/px4_msgs/share/px4_msgs/msg/RateCtrlStatus.msg\n'}
[19.242538] (px4_msgs) StdoutLine: {'line': b'-- Up-to-date: /home/subhalaxmi/nidar_ws/install/px4_msgs/share/px4_msgs/msg/RcChannels.msg\n'}
[19.242753] (px4_msgs) StdoutLine: {'line': b'-- Up-to-date: /home/subhalaxmi/nidar_ws/install/px4_msgs/share/px4_msgs/msg/RcParameterMap.msg\n'}
[19.242978] (px4_msgs) StdoutLine: {'line': b'-- Up-to-date: /home/subhalaxmi/nidar_ws/install/px4_msgs/share/px4_msgs/msg/RegisterExtComponentReply.msg\n'}
[19.243293] (px4_msgs) StdoutLine: {'line': b'-- Up-to-date: /home/subhalaxmi/nidar_ws/install/px4_msgs/share/px4_msgs/msg/RegisterExtComponentRequest.msg\n'}
[19.243510] (px4_msgs) StdoutLine: {'line': b'-- Up-to-date: /home/subhalaxmi/nidar_ws/install/px4_msgs/share/px4_msgs/msg/RoverAttitudeSetpoint.msg\n'}
[19.243703] (px4_msgs) StdoutLine: {'line': b'-- Up-to-date: /home/subhalaxmi/nidar_ws/install/px4_msgs/share/px4_msgs/msg/RoverAttitudeStatus.msg\n'}
[19.243892] (px4_msgs) StdoutLine: {'line': b'-- Up-to-date: /home/subhalaxmi/nidar_ws/install/px4_msgs/share/px4_msgs/msg/RoverPositionSetpoint.msg\n'}
[19.244087] (px4_msgs) StdoutLine: {'line': b'-- Up-to-date: /home/subhalaxmi/nidar_ws/install/px4_msgs/share/px4_msgs/msg/RoverRateSetpoint.msg\n'}
[19.244339] (px4_msgs) StdoutLine: {'line': b'-- Up-to-date: /home/subhalaxmi/nidar_ws/install/px4_msgs/share/px4_msgs/msg/RoverRateStatus.msg\n'}
[19.244618] (px4_msgs) StdoutLine: {'line': b'-- Up-to-date: /home/subhalaxmi/nidar_ws/install/px4_msgs/share/px4_msgs/msg/RoverSpeedSetpoint.msg\n'}
[19.244911] (px4_msgs) StdoutLine: {'line': b'-- Up-to-date: /home/subhalaxmi/nidar_ws/install/px4_msgs/share/px4_msgs/msg/RoverSpeedStatus.msg\n'}
[19.245141] (px4_msgs) StdoutLine: {'line': b'-- Up-to-date: /home/subhalaxmi/nidar_ws/install/px4_msgs/share/px4_msgs/msg/RoverSteeringSetpoint.msg\n'}
[19.245464] (px4_msgs) StdoutLine: {'line': b'-- Up-to-date: /home/subhalaxmi/nidar_ws/install/px4_msgs/share/px4_msgs/msg/RoverThrottleSetpoint.msg\n'}
[19.245677] (px4_msgs) StdoutLine: {'line': b'-- Up-to-date: /home/subhalaxmi/nidar_ws/install/px4_msgs/share/px4_msgs/msg/Rpm.msg\n'}
[19.245871] (px4_msgs) StdoutLine: {'line': b'-- Up-to-date: /home/subhalaxmi/nidar_ws/install/px4_msgs/share/px4_msgs/msg/RtlStatus.msg\n'}
[19.246052] (px4_msgs) StdoutLine: {'line': b'-- Up-to-date: /home/subhalaxmi/nidar_ws/install/px4_msgs/share/px4_msgs/msg/RtlTimeEstimate.msg\n'}
[19.246293] (px4_msgs) StdoutLine: {'line': b'-- Up-to-date: /home/subhalaxmi/nidar_ws/install/px4_msgs/share/px4_msgs/msg/SatelliteInfo.msg\n'}
[19.246503] (px4_msgs) StdoutLine: {'line': b'-- Up-to-date: /home/subhalaxmi/nidar_ws/install/px4_msgs/share/px4_msgs/msg/SensorAccel.msg\n'}
[19.246696] (px4_msgs) StdoutLine: {'line': b'-- Up-to-date: /home/subhalaxmi/nidar_ws/install/px4_msgs/share/px4_msgs/msg/SensorAccelFifo.msg\n'}
[19.246898] (px4_msgs) StdoutLine: {'line': b'-- Up-to-date: /home/subhalaxmi/nidar_ws/install/px4_msgs/share/px4_msgs/msg/SensorAirflow.msg\n'}
[19.247096] (px4_msgs) StdoutLine: {'line': b'-- Up-to-date: /home/subhalaxmi/nidar_ws/install/px4_msgs/share/px4_msgs/msg/SensorBaro.msg\n'}
[19.247368] (px4_msgs) StdoutLine: {'line': b'-- Up-to-date: /home/subhalaxmi/nidar_ws/install/px4_msgs/share/px4_msgs/msg/SensorCombined.msg\n'}
[19.247603] (px4_msgs) StdoutLine: {'line': b'-- Up-to-date: /home/subhalaxmi/nidar_ws/install/px4_msgs/share/px4_msgs/msg/SensorCorrection.msg\n'}
[19.247867] (px4_msgs) StdoutLine: {'line': b'-- Up-to-date: /home/subhalaxmi/nidar_ws/install/px4_msgs/share/px4_msgs/msg/SensorGnssRelative.msg\n'}
[19.248134] (px4_msgs) StdoutLine: {'line': b'-- Up-to-date: /home/subhalaxmi/nidar_ws/install/px4_msgs/share/px4_msgs/msg/SensorGnssStatus.msg\n'}
[19.248364] (px4_msgs) StdoutLine: {'line': b'-- Up-to-date: /home/subhalaxmi/nidar_ws/install/px4_msgs/share/px4_msgs/msg/SensorGps.msg\n'}
[19.248572] (px4_msgs) StdoutLine: {'line': b'-- Up-to-date: /home/subhalaxmi/nidar_ws/install/px4_msgs/share/px4_msgs/msg/SensorGyro.msg\n'}
[19.248765] (px4_msgs) StdoutLine: {'line': b'-- Up-to-date: /home/subhalaxmi/nidar_ws/install/px4_msgs/share/px4_msgs/msg/SensorGyroFft.msg\n'}
[19.248987] (px4_msgs) StdoutLine: {'line': b'-- Up-to-date: /home/subhalaxmi/nidar_ws/install/px4_msgs/share/px4_msgs/msg/SensorGyroFifo.msg\n'}
[19.249335] (px4_msgs) StdoutLine: {'line': b'-- Up-to-date: /home/subhalaxmi/nidar_ws/install/px4_msgs/share/px4_msgs/msg/SensorHygrometer.msg\n'}
[19.249544] (px4_msgs) StdoutLine: {'line': b'-- Up-to-date: /home/subhalaxmi/nidar_ws/install/px4_msgs/share/px4_msgs/msg/SensorMag.msg\n'}
[19.249783] (px4_msgs) StdoutLine: {'line': b'-- Up-to-date: /home/subhalaxmi/nidar_ws/install/px4_msgs/share/px4_msgs/msg/SensorOpticalFlow.msg\n'}
[19.250015] (px4_msgs) StdoutLine: {'line': b'-- Up-to-date: /home/subhalaxmi/nidar_ws/install/px4_msgs/share/px4_msgs/msg/SensorPreflightMag.msg\n'}
[19.250405] (px4_msgs) StdoutLine: {'line': b'-- Up-to-date: /home/subhalaxmi/nidar_ws/install/px4_msgs/share/px4_msgs/msg/SensorSelection.msg\n'}
[19.250614] (px4_msgs) StdoutLine: {'line': b'-- Up-to-date: /home/subhalaxmi/nidar_ws/install/px4_msgs/share/px4_msgs/msg/SensorTemp.msg\n'}
[19.250823] (px4_msgs) StdoutLine: {'line': b'-- Up-to-date: /home/subhalaxmi/nidar_ws/install/px4_msgs/share/px4_msgs/msg/SensorUwb.msg\n'}
[19.251021] (px4_msgs) StdoutLine: {'line': b'-- Up-to-date: /home/subhalaxmi/nidar_ws/install/px4_msgs/share/px4_msgs/msg/SensorsStatus.msg\n'}
[19.251278] (px4_msgs) StdoutLine: {'line': b'-- Up-to-date: /home/subhalaxmi/nidar_ws/install/px4_msgs/share/px4_msgs/msg/SensorsStatusImu.msg\n'}
[19.251520] (px4_msgs) StdoutLine: {'line': b'-- Up-to-date: /home/subhalaxmi/nidar_ws/install/px4_msgs/share/px4_msgs/msg/SystemPower.msg\n'}
[19.251723] (px4_msgs) StdoutLine: {'line': b'-- Up-to-date: /home/subhalaxmi/nidar_ws/install/px4_msgs/share/px4_msgs/msg/TakeoffStatus.msg\n'}
[19.252098] (px4_msgs) StdoutLine: {'line': b'-- Up-to-date: /home/subhalaxmi/nidar_ws/install/px4_msgs/share/px4_msgs/msg/TaskStackInfo.msg\n'}
[19.253354] (px4_msgs) StdoutLine: {'line': b'-- Up-to-date: /home/subhalaxmi/nidar_ws/install/px4_msgs/share/px4_msgs/msg/TecsStatus.msg\n'}
[19.253847] (px4_msgs) StdoutLine: {'line': b'-- Up-to-date: /home/subhalaxmi/nidar_ws/install/px4_msgs/share/px4_msgs/msg/TelemetryStatus.msg\n'}
[19.254161] (px4_msgs) StdoutLine: {'line': b'-- Up-to-date: /home/subhalaxmi/nidar_ws/install/px4_msgs/share/px4_msgs/msg/TiltrotorExtraControls.msg\n'}
[19.254459] (px4_msgs) StdoutLine: {'line': b'-- Up-to-date: /home/subhalaxmi/nidar_ws/install/px4_msgs/share/px4_msgs/msg/TimesyncStatus.msg\n'}
[19.254793] (px4_msgs) StdoutLine: {'line': b'-- Up-to-date: /home/subhalaxmi/nidar_ws/install/px4_msgs/share/px4_msgs/msg/TrajectorySetpoint.msg\n'}
[19.255054] (px4_msgs) StdoutLine: {'line': b'-- Up-to-date: /home/subhalaxmi/nidar_ws/install/px4_msgs/share/px4_msgs/msg/TrajectorySetpoint6dof.msg\n'}
[19.256370] (px4_msgs) StdoutLine: {'line': b'-- Up-to-date: /home/subhalaxmi/nidar_ws/install/px4_msgs/share/px4_msgs/msg/TransponderReport.msg\n'}
[19.256814] (px4_msgs) StdoutLine: {'line': b'-- Up-to-date: /home/subhalaxmi/nidar_ws/install/px4_msgs/share/px4_msgs/msg/TuneControl.msg\n'}
[19.257136] (px4_msgs) StdoutLine: {'line': b'-- Up-to-date: /home/subhalaxmi/nidar_ws/install/px4_msgs/share/px4_msgs/msg/UavcanParameterRequest.msg\n'}
[19.257524] (px4_msgs) StdoutLine: {'line': b'-- Up-to-date: /home/subhalaxmi/nidar_ws/install/px4_msgs/share/px4_msgs/msg/UavcanParameterValue.msg\n'}
[19.257824] (px4_msgs) StdoutLine: {'line': b'-- Up-to-date: /home/subhalaxmi/nidar_ws/install/px4_msgs/share/px4_msgs/msg/UlogStream.msg\n'}
[19.258352] (px4_msgs) StdoutLine: {'line': b'-- Up-to-date: /home/subhalaxmi/nidar_ws/install/px4_msgs/share/px4_msgs/msg/UlogStreamAck.msg\n'}
[19.260660] (px4_msgs) StdoutLine: {'line': b'-- Up-to-date: /home/subhalaxmi/nidar_ws/install/px4_msgs/share/px4_msgs/msg/UnregisterExtComponent.msg\n'}
[19.261156] (-) TimerEvent: {}
[19.261474] (px4_msgs) StdoutLine: {'line': b'-- Up-to-date: /home/subhalaxmi/nidar_ws/install/px4_msgs/share/px4_msgs/msg/VehicleAcceleration.msg\n'}
[19.261768] (px4_msgs) StdoutLine: {'line': b'-- Up-to-date: /home/subhalaxmi/nidar_ws/install/px4_msgs/share/px4_msgs/msg/VehicleAirData.msg\n'}
[19.262054] (px4_msgs) StdoutLine: {'line': b'-- Up-to-date: /home/subhalaxmi/nidar_ws/install/px4_msgs/share/px4_msgs/msg/VehicleAngularAccelerationSetpoint.msg\n'}
[19.262478] (px4_msgs) StdoutLine: {'line': b'-- Up-to-date: /home/subhalaxmi/nidar_ws/install/px4_msgs/share/px4_msgs/msg/VehicleAngularVelocity.msg\n'}
[19.262739] (px4_msgs) StdoutLine: {'line': b'-- Up-to-date: /home/subhalaxmi/nidar_ws/install/px4_msgs/share/px4_msgs/msg/VehicleAttitude.msg\n'}
[19.262982] (px4_msgs) StdoutLine: {'line': b'-- Up-to-date: /home/subhalaxmi/nidar_ws/install/px4_msgs/share/px4_msgs/msg/VehicleAttitudeSetpoint.msg\n'}
[19.263361] (px4_msgs) StdoutLine: {'line': b'-- Up-to-date: /home/subhalaxmi/nidar_ws/install/px4_msgs/share/px4_msgs/msg/VehicleCommand.msg\n'}
[19.263823] (px4_msgs) StdoutLine: {'line': b'-- Up-to-date: /home/subhalaxmi/nidar_ws/install/px4_msgs/share/px4_msgs/msg/VehicleCommandAck.msg\n'}
[19.265463] (px4_msgs) StdoutLine: {'line': b'-- Up-to-date: /home/subhalaxmi/nidar_ws/install/px4_msgs/share/px4_msgs/msg/VehicleConstraints.msg\n'}
[19.266379] (px4_msgs) StdoutLine: {'line': b'-- Up-to-date: /home/subhalaxmi/nidar_ws/install/px4_msgs/share/px4_msgs/msg/VehicleControlMode.msg\n'}
[19.266691] (px4_msgs) StdoutLine: {'line': b'-- Up-to-date: /home/subhalaxmi/nidar_ws/install/px4_msgs/share/px4_msgs/msg/VehicleGlobalPosition.msg\n'}
[19.266979] (px4_msgs) StdoutLine: {'line': b'-- Up-to-date: /home/subhalaxmi/nidar_ws/install/px4_msgs/share/px4_msgs/msg/VehicleImu.msg\n'}
[19.267832] (px4_msgs) StdoutLine: {'line': b'-- Up-to-date: /home/subhalaxmi/nidar_ws/install/px4_msgs/share/px4_msgs/msg/VehicleImuStatus.msg\n'}
[19.268079] (px4_msgs) StdoutLine: {'line': b'-- Up-to-date: /home/subhalaxmi/nidar_ws/install/px4_msgs/share/px4_msgs/msg/VehicleLandDetected.msg\n'}
[19.268775] (px4_msgs) StdoutLine: {'line': b'-- Up-to-date: /home/subhalaxmi/nidar_ws/install/px4_msgs/share/px4_msgs/msg/VehicleLocalPosition.msg\n'}
[19.269343] (px4_msgs) StdoutLine: {'line': b'-- Up-to-date: /home/subhalaxmi/nidar_ws/install/px4_msgs/share/px4_msgs/msg/VehicleLocalPositionSetpoint.msg\n'}
[19.269820] (px4_msgs) StdoutLine: {'line': b'-- Up-to-date: /home/subhalaxmi/nidar_ws/install/px4_msgs/share/px4_msgs/msg/VehicleMagnetometer.msg\n'}
[19.270085] (px4_msgs) StdoutLine: {'line': b'-- Up-to-date: /home/subhalaxmi/nidar_ws/install/px4_msgs/share/px4_msgs/msg/VehicleOdometry.msg\n'}
[19.270385] (px4_msgs) StdoutLine: {'line': b'-- Up-to-date: /home/subhalaxmi/nidar_ws/install/px4_msgs/share/px4_msgs/msg/VehicleOpticalFlow.msg\n'}
[19.270936] (px4_msgs) StdoutLine: {'line': b'-- Up-to-date: /home/subhalaxmi/nidar_ws/install/px4_msgs/share/px4_msgs/msg/VehicleOpticalFlowVel.msg\n'}
[19.271670] (px4_msgs) StdoutLine: {'line': b'-- Up-to-date: /home/subhalaxmi/nidar_ws/install/px4_msgs/share/px4_msgs/msg/VehicleRatesSetpoint.msg\n'}
[19.271895] (px4_msgs) StdoutLine: {'line': b'-- Up-to-date: /home/subhalaxmi/nidar_ws/install/px4_msgs/share/px4_msgs/msg/VehicleRoi.msg\n'}
[19.272209] (px4_msgs) StdoutLine: {'line': b'-- Up-to-date: /home/subhalaxmi/nidar_ws/install/px4_msgs/share/px4_msgs/msg/VehicleStatus.msg\n'}
[19.272663] (px4_msgs) StdoutLine: {'line': b'-- Up-to-date: /home/subhalaxmi/nidar_ws/install/px4_msgs/share/px4_msgs/msg/VehicleThrustSetpoint.msg\n'}
[19.272975] (px4_msgs) StdoutLine: {'line': b'-- Up-to-date: /home/subhalaxmi/nidar_ws/install/px4_msgs/share/px4_msgs/msg/VehicleTorqueSetpoint.msg\n'}
[19.273235] (px4_msgs) StdoutLine: {'line': b'-- Up-to-date: /home/subhalaxmi/nidar_ws/install/px4_msgs/share/px4_msgs/msg/VelocityLimits.msg\n'}
[19.273451] (px4_msgs) StdoutLine: {'line': b'-- Up-to-date: /home/subhalaxmi/nidar_ws/install/px4_msgs/share/px4_msgs/msg/VtolVehicleStatus.msg\n'}
[19.273643] (px4_msgs) StdoutLine: {'line': b'-- Up-to-date: /home/subhalaxmi/nidar_ws/install/px4_msgs/share/px4_msgs/msg/Vtx.msg\n'}
[19.273937] (px4_msgs) StdoutLine: {'line': b'-- Up-to-date: /home/subhalaxmi/nidar_ws/install/px4_msgs/share/px4_msgs/msg/WheelEncoders.msg\n'}
[19.274561] (px4_msgs) StdoutLine: {'line': b'-- Up-to-date: /home/subhalaxmi/nidar_ws/install/px4_msgs/share/px4_msgs/msg/Wind.msg\n'}
[19.274831] (px4_msgs) StdoutLine: {'line': b'-- Up-to-date: /home/subhalaxmi/nidar_ws/install/px4_msgs/share/px4_msgs/msg/YawEstimatorStatus.msg\n'}
[19.275132] (px4_msgs) StdoutLine: {'line': b'-- Up-to-date: /home/subhalaxmi/nidar_ws/install/px4_msgs/share/px4_msgs/srv/VehicleCommand.srv\n'}
[19.275661] (px4_msgs) StdoutLine: {'line': b'-- Up-to-date: /home/subhalaxmi/nidar_ws/install/px4_msgs/share/px4_msgs/srv/VehicleCommand_Request.msg\n'}
[19.276290] (px4_msgs) StdoutLine: {'line': b'-- Up-to-date: /home/subhalaxmi/nidar_ws/install/px4_msgs/share/px4_msgs/srv/VehicleCommand_Response.msg\n'}
[19.276593] (px4_msgs) StdoutLine: {'line': b'-- Up-to-date: /home/subhalaxmi/nidar_ws/install/px4_msgs/share/ament_index/resource_index/package_run_dependencies/px4_msgs\n'}
[19.276803] (px4_msgs) StdoutLine: {'line': b'-- Up-to-date: /home/subhalaxmi/nidar_ws/install/px4_msgs/share/ament_index/resource_index/parent_prefix_path/px4_msgs\n'}
[19.277005] (px4_msgs) StdoutLine: {'line': b'-- Up-to-date: /home/subhalaxmi/nidar_ws/install/px4_msgs/share/px4_msgs/environment/ament_prefix_path.sh\n'}
[19.277308] (px4_msgs) StdoutLine: {'line': b'-- Up-to-date: /home/subhalaxmi/nidar_ws/install/px4_msgs/share/px4_msgs/environment/ament_prefix_path.dsv\n'}
[19.277515] (px4_msgs) StdoutLine: {'line': b'-- Up-to-date: /home/subhalaxmi/nidar_ws/install/px4_msgs/share/px4_msgs/environment/path.sh\n'}
[19.277715] (px4_msgs) StdoutLine: {'line': b'-- Up-to-date: /home/subhalaxmi/nidar_ws/install/px4_msgs/share/px4_msgs/environment/path.dsv\n'}
[19.277908] (px4_msgs) StdoutLine: {'line': b'-- Up-to-date: /home/subhalaxmi/nidar_ws/install/px4_msgs/share/px4_msgs/local_setup.bash\n'}
[19.278337] (px4_msgs) StdoutLine: {'line': b'-- Up-to-date: /home/subhalaxmi/nidar_ws/install/px4_msgs/share/px4_msgs/local_setup.sh\n'}
[19.279642] (px4_msgs) StdoutLine: {'line': b'-- Up-to-date: /home/subhalaxmi/nidar_ws/install/px4_msgs/share/px4_msgs/local_setup.zsh\n'}
[19.280677] (px4_msgs) StdoutLine: {'line': b'-- Up-to-date: /home/subhalaxmi/nidar_ws/install/px4_msgs/share/px4_msgs/local_setup.dsv\n'}
[19.281806] (px4_msgs) StdoutLine: {'line': b'-- Installing: /home/subhalaxmi/nidar_ws/install/px4_msgs/share/px4_msgs/package.dsv\n'}
[19.284853] (px4_msgs) StdoutLine: {'line': b'-- Up-to-date: /home/subhalaxmi/nidar_ws/install/px4_msgs/share/ament_index/resource_index/packages/px4_msgs\n'}
[19.287116] (px4_msgs) StdoutLine: {'line': b'-- Up-to-date: /home/subhalaxmi/nidar_ws/install/px4_msgs/share/px4_msgs/cmake/export_px4_msgs__rosidl_generator_cExport.cmake\n'}
[19.291225] (px4_msgs) StdoutLine: {'line': b'-- Up-to-date: /home/subhalaxmi/nidar_ws/install/px4_msgs/share/px4_msgs/cmake/export_px4_msgs__rosidl_generator_cExport-noconfig.cmake\n'}
[19.299302] (px4_msgs) StdoutLine: {'line': b'-- Up-to-date: /home/subhalaxmi/nidar_ws/install/px4_msgs/share/px4_msgs/cmake/export_px4_msgs__rosidl_typesupport_fastrtps_cExport.cmake\n'}
[19.299947] (px4_msgs) StdoutLine: {'line': b'-- Up-to-date: /home/subhalaxmi/nidar_ws/install/px4_msgs/share/px4_msgs/cmake/export_px4_msgs__rosidl_typesupport_fastrtps_cExport-noconfig.cmake\n'}
[19.301936] (px4_msgs) StdoutLine: {'line': b'-- Up-to-date: /home/subhalaxmi/nidar_ws/install/px4_msgs/share/px4_msgs/cmake/export_px4_msgs__rosidl_generator_cppExport.cmake\n'}
[19.302861] (px4_msgs) StdoutLine: {'line': b'-- Up-to-date: /home/subhalaxmi/nidar_ws/install/px4_msgs/share/px4_msgs/cmake/export_px4_msgs__rosidl_typesupport_fastrtps_cppExport.cmake\n'}
[19.304926] (px4_msgs) StdoutLine: {'line': b'-- Up-to-date: /home/subhalaxmi/nidar_ws/install/px4_msgs/share/px4_msgs/cmake/export_px4_msgs__rosidl_typesupport_fastrtps_cppExport-noconfig.cmake\n'}
[19.310219] (px4_msgs) StdoutLine: {'line': b'-- Up-to-date: /home/subhalaxmi/nidar_ws/install/px4_msgs/share/px4_msgs/cmake/px4_msgs__rosidl_typesupport_introspection_cExport.cmake\n'}
[19.312242] (px4_msgs) StdoutLine: {'line': b'-- Up-to-date: /home/subhalaxmi/nidar_ws/install/px4_msgs/share/px4_msgs/cmake/px4_msgs__rosidl_typesupport_introspection_cExport-noconfig.cmake\n'}
[19.316564] (px4_msgs) StdoutLine: {'line': b'-- Up-to-date: /home/subhalaxmi/nidar_ws/install/px4_msgs/share/px4_msgs/cmake/px4_msgs__rosidl_typesupport_cExport.cmake\n'}
[19.320916] (px4_msgs) StdoutLine: {'line': b'-- Up-to-date: /home/subhalaxmi/nidar_ws/install/px4_msgs/share/px4_msgs/cmake/px4_msgs__rosidl_typesupport_cExport-noconfig.cmake\n'}
[19.323304] (px4_msgs) StdoutLine: {'line': b'-- Up-to-date: /home/subhalaxmi/nidar_ws/install/px4_msgs/share/px4_msgs/cmake/px4_msgs__rosidl_typesupport_introspection_cppExport.cmake\n'}
[19.324511] (px4_msgs) StdoutLine: {'line': b'-- Up-to-date: /home/subhalaxmi/nidar_ws/install/px4_msgs/share/px4_msgs/cmake/px4_msgs__rosidl_typesupport_introspection_cppExport-noconfig.cmake\n'}
[19.329946] (px4_msgs) StdoutLine: {'line': b'-- Up-to-date: /home/subhalaxmi/nidar_ws/install/px4_msgs/share/px4_msgs/cmake/px4_msgs__rosidl_typesupport_cppExport.cmake\n'}
[19.331227] (px4_msgs) StdoutLine: {'line': b'-- Up-to-date: /home/subhalaxmi/nidar_ws/install/px4_msgs/share/px4_msgs/cmake/px4_msgs__rosidl_typesupport_cppExport-noconfig.cmake\n'}
[19.343359] (px4_msgs) StdoutLine: {'line': b'-- Up-to-date: /home/subhalaxmi/nidar_ws/install/px4_msgs/share/px4_msgs/cmake/export_px4_msgs__rosidl_generator_pyExport.cmake\n'}
[19.344098] (px4_msgs) StdoutLine: {'line': b'-- Up-to-date: /home/subhalaxmi/nidar_ws/install/px4_msgs/share/px4_msgs/cmake/export_px4_msgs__rosidl_generator_pyExport-noconfig.cmake\n'}
[19.346759] (px4_msgs) StdoutLine: {'line': b'-- Up-to-date: /home/subhalaxmi/nidar_ws/install/px4_msgs/share/px4_msgs/cmake/rosidl_cmake-extras.cmake\n'}
[19.353138] (px4_msgs) StdoutLine: {'line': b'-- Up-to-date: /home/subhalaxmi/nidar_ws/install/px4_msgs/share/px4_msgs/cmake/ament_cmake_export_dependencies-extras.cmake\n'}
[19.355390] (px4_msgs) StdoutLine: {'line': b'-- Up-to-date: /home/subhalaxmi/nidar_ws/install/px4_msgs/share/px4_msgs/cmake/ament_cmake_export_include_directories-extras.cmake\n'}
[19.359074] (px4_msgs) StdoutLine: {'line': b'-- Up-to-date: /home/subhalaxmi/nidar_ws/install/px4_msgs/share/px4_msgs/cmake/ament_cmake_export_libraries-extras.cmake\n'}
[19.359414] (px4_msgs) StdoutLine: {'line': b'-- Up-to-date: /home/subhalaxmi/nidar_ws/install/px4_msgs/share/px4_msgs/cmake/ament_cmake_export_targets-extras.cmake\n'}
[19.360861] (px4_msgs) StdoutLine: {'line': b'-- Up-to-date: /home/subhalaxmi/nidar_ws/install/px4_msgs/share/px4_msgs/cmake/rosidl_cmake_export_typesupport_targets-extras.cmake\n'}
[19.361213] (-) TimerEvent: {}
[19.362341] (px4_msgs) StdoutLine: {'line': b'-- Up-to-date: /home/subhalaxmi/nidar_ws/install/px4_msgs/share/px4_msgs/cmake/rosidl_cmake_export_typesupport_libraries-extras.cmake\n'}
[19.363506] (px4_msgs) StdoutLine: {'line': b'-- Up-to-date: /home/subhalaxmi/nidar_ws/install/px4_msgs/share/px4_msgs/cmake/px4_msgsConfig.cmake\n'}
[19.364792] (px4_msgs) StdoutLine: {'line': b'-- Up-to-date: /home/subhalaxmi/nidar_ws/install/px4_msgs/share/px4_msgs/cmake/px4_msgsConfig-version.cmake\n'}
[19.365823] (px4_msgs) StdoutLine: {'line': b'-- Up-to-date: /home/subhalaxmi/nidar_ws/install/px4_msgs/share/px4_msgs/package.xml\n'}
[19.385966] (px4_msgs) CommandEnded: {'returncode': 0}
[19.461489] (-) TimerEvent: {}
[19.484386] (px4_msgs) JobEnded: {'identifier': 'px4_msgs', 'rc': 0}
[19.488355] (nidar_flight) JobStarted: {'identifier': 'nidar_flight'}
[19.562660] (-) TimerEvent: {}
[19.664980] (-) TimerEvent: {}
[19.767211] (-) TimerEvent: {}
[19.867673] (-) TimerEvent: {}
[19.968304] (-) TimerEvent: {}
[20.068712] (-) TimerEvent: {}
[20.169056] (-) TimerEvent: {}
[20.269643] (-) TimerEvent: {}
[20.371571] (-) TimerEvent: {}
[20.473444] (-) TimerEvent: {}
[20.573928] (-) TimerEvent: {}
[20.675216] (-) TimerEvent: {}
[20.778477] (-) TimerEvent: {}
[20.880804] (-) TimerEvent: {}
[20.982423] (-) TimerEvent: {}
[21.083083] (-) TimerEvent: {}
[21.183815] (-) TimerEvent: {}
[21.284600] (-) TimerEvent: {}
[21.385644] (-) TimerEvent: {}
[21.487126] (-) TimerEvent: {}
[21.587634] (-) TimerEvent: {}
[21.688037] (-) TimerEvent: {}
[21.788524] (-) TimerEvent: {}
[21.889184] (-) TimerEvent: {}
[21.990268] (-) TimerEvent: {}
[22.091260] (-) TimerEvent: {}
[22.192904] (-) TimerEvent: {}
[22.293696] (-) TimerEvent: {}
[22.316185] (nidar_flight) Command: {'cmd': ['/usr/bin/python3', '-W', 'ignore:setup.py install is deprecated', '-W', 'ignore:easy_install command is deprecated', 'setup.py', 'egg_info', '--egg-base', '../../build/nidar_flight', 'build', '--build-base', '/home/subhalaxmi/nidar_ws/build/nidar_flight/build', 'install', '--record', '/home/subhalaxmi/nidar_ws/build/nidar_flight/install.log', '--single-version-externally-managed', 'install_data'], 'cwd': '/home/subhalaxmi/nidar_ws/src/nidar_flight', 'env': {'GJS_DEBUG_TOPICS': 'JS ERROR;JS LOG', 'LESSOPEN': '| /usr/bin/lesspipe %s', 'LANGUAGE': 'en_IN:en', 'USER': 'subhalaxmi', 'XDG_SESSION_TYPE': 'wayland', 'SHLVL': '1', 'LD_LIBRARY_PATH': '/home/subhalaxmi/nidar_ws/install/px4_msgs/lib:/opt/ros/humble/opt/rviz_ogre_vendor/lib:/opt/ros/humble/lib/x86_64-linux-gnu:/opt/ros/humble/lib', 'HOME': '/home/subhalaxmi', 'OLDPWD': '/home/subhalaxmi/nidar_ws', 'DESKTOP_SESSION': 'ubuntu', 'GIO_LAUNCHED_DESKTOP_FILE': '/usr/share/applications/terminator.desktop', 'ROS_PYTHON_VERSION': '3', 'GNOME_SHELL_SESSION_MODE': 'ubuntu', 'GTK_MODULES': 'gail:atk-bridge', 'MANAGERPID': '1036', 'SYSTEMD_EXEC_PID': '1178', 'DBUS_SESSION_BUS_ADDRESS': 'unix:path=/run/user/1000/bus', 'COLORTERM': 'truecolor', 'TERMINATOR_DBUS_NAME': 'net.tenshu.Terminator25ef4b219e3b005583550f2b0f9f990c3', 'GIO_LAUNCHED_DESKTOP_FILE_PID': '17318', 'IM_CONFIG_PHASE': '1', 'WAYLAND_DISPLAY': 'wayland-0', 'COLCON_PREFIX_PATH': '/home/subhalaxmi/nidar_ws/install:/home/subhalaxmi/rover_ws/install:/home/subhalaxmi/autonav_ws/install:/home/subhalaxmi/my_robot_ws/install:/home/subhalaxmi/ros2_ws/install', 'ROS_DISTRO': 'humble', 'LOGNAME': 'subhalaxmi', 'JOURNAL_STREAM': '8:8924', '_': '/usr/bin/colcon', 'ROS_VERSION': '2', 'XDG_SESSION_CLASS': 'user', 'USERNAME': 'subhalaxmi', 'TERM': 'xterm-256color', 'GNOME_DESKTOP_SESSION_ID': 'this-is-deprecated', 'ROS_LOCALHOST_ONLY': '0', 'PATH': '/home/subhalaxmi/.local/bin:/opt/ros/humble/bin:/home/subhalaxmi/.local/bin:/usr/local/sbin:/usr/local/bin:/usr/sbin:/usr/bin:/sbin:/bin:/usr/games:/usr/local/games:/snap/bin:/snap/bin', 'SESSION_MANAGER': 'local/subhalaxmi-Lenovo-G50-80:@/tmp/.ICE-unix/1147,unix/subhalaxmi-Lenovo-G50-80:/tmp/.ICE-unix/1147', 'INVOCATION_ID': '5668d60ff2944fae98086cdc9fc421e1', 'XDG_MENU_PREFIX': 'gnome-', 'GNOME_SETUP_DISPLAY': ':1', 'XDG_RUNTIME_DIR': '/run/user/1000', 'DISPLAY': ':0', 'TERMINATOR_DBUS_PATH': '/net/tenshu/Terminator2', 'LANG': 'en_US.UTF-8', 'XDG_CURRENT_DESKTOP': 'ubuntu:GNOME', 'IBUS_DISABLE_SNOOPER': '1', 'XMODIFIERS': '@im=ibus', 'XDG_SESSION_DESKTOP': 'ubuntu', 'XAUTHORITY': '/run/user/1000/.mutter-Xwaylandauth.519EM3', 'LS_COLORS': 'rs=0:di=01;34:ln=01;36:mh=00:pi=40;33:so=01;35:do=01;35:bd=40;33;01:cd=40;33;01:or=40;31;01:mi=00:su=37;41:sg=30;43:ca=30;41:tw=30;42:ow=34;42:st=37;44:ex=01;32:*.tar=01;31:*.tgz=01;31:*.arc=01;31:*.arj=01;31:*.taz=01;31:*.lha=01;31:*.lz4=01;31:*.lzh=01;31:*.lzma=01;31:*.tlz=01;31:*.txz=01;31:*.tzo=01;31:*.t7z=01;31:*.zip=01;31:*.z=01;31:*.dz=01;31:*.gz=01;31:*.lrz=01;31:*.lz=01;31:*.lzo=01;31:*.xz=01;31:*.zst=01;31:*.tzst=01;31:*.bz2=01;31:*.bz=01;31:*.tbz=01;31:*.tbz2=01;31:*.tz=01;31:*.deb=01;31:*.rpm=01;31:*.jar=01;31:*.war=01;31:*.ear=01;31:*.sar=01;31:*.rar=01;31:*.alz=01;31:*.ace=01;31:*.zoo=01;31:*.cpio=01;31:*.7z=01;31:*.rz=01;31:*.cab=01;31:*.wim=01;31:*.swm=01;31:*.dwm=01;31:*.esd=01;31:*.jpg=01;35:*.jpeg=01;35:*.mjpg=01;35:*.mjpeg=01;35:*.gif=01;35:*.bmp=01;35:*.pbm=01;35:*.pgm=01;35:*.ppm=01;35:*.tga=01;35:*.xbm=01;35:*.xpm=01;35:*.tif=01;35:*.tiff=01;35:*.png=01;35:*.svg=01;35:*.svgz=01;35:*.mng=01;35:*.pcx=01;35:*.mov=01;35:*.mpg=01;35:*.mpeg=01;35:*.m2v=01;35:*.mkv=01;35:*.webm=01;35:*.webp=01;35:*.ogm=01;35:*.mp4=01;35:*.m4v=01;35:*.mp4v=01;35:*.vob=01;35:*.qt=01;35:*.nuv=01;35:*.wmv=01;35:*.asf=01;35:*.rm=01;35:*.rmvb=01;35:*.flc=01;35:*.avi=01;35:*.fli=01;35:*.flv=01;35:*.gl=01;35:*.dl=01;35:*.xcf=01;35:*.xwd=01;35:*.yuv=01;35:*.cgm=01;35:*.emf=01;35:*.ogv=01;35:*.ogx=01;35:*.aac=00;36:*.au=00;36:*.flac=00;36:*.m4a=00;36:*.mid=00;36:*.midi=00;36:*.mka=00;36:*.mp3=00;36:*.mpc=00;36:*.ogg=00;36:*.ra=00;36:*.wav=00;36:*.oga=00;36:*.opus=00;36:*.spx=00;36:*.xspf=00;36:', 'SSH_AGENT_LAUNCHER': 'gnome-keyring', 'SSH_AUTH_SOCK': '/run/user/1000/keyring/ssh', 'AMENT_PREFIX_PATH': '/home/subhalaxmi/nidar_ws/install/px4_msgs:/home/subhalaxmi/nidar_ws/install/my_drone_bringup:/home/subhalaxmi/nidar_ws/install/drone_pkg:/home/subhalaxmi/rover_ws/install/rover_ctrl:/home/subhalaxmi/autonav_ws/install/my_rover_description:/home/subhalaxmi/autonav_ws/install/my_rover_bringup:/home/subhalaxmi/my_robot_ws/install/my_robot_bringup:/home/subhalaxmi/my_robot_ws/install/my_robot_description:/home/subhalaxmi/my_robot_ws/install/line_follower:/home/subhalaxmi/ros2_ws/install/my_py_pkg:/opt/ros/humble', 'SHELL': '/bin/bash', 'TERMINATOR_UUID': 'urn:uuid:58195a0c-9f6d-451e-898e-fa7162240c90', 'QT_ACCESSIBILITY': '1', 'GDMSESSION': 'ubuntu', 'LESSCLOSE': '/usr/bin/lesspipe %s %s', 'GJS_DEBUG_OUTPUT': 'stderr', 'QT_IM_MODULE': 'ibus', 'PWD': '/home/subhalaxmi/nidar_ws/build/nidar_flight', 'LC_ALL': 'en_US.UTF-8', 'XDG_CONFIG_DIRS': '/etc/xdg/xdg-ubuntu:/etc/xdg', 'XDG_DATA_DIRS': '/usr/share/ubuntu:/usr/local/share/:/usr/share/:/var/lib/snapd/desktop', 'PYTHONPATH': '/home/subhalaxmi/nidar_ws/build/nidar_flight/prefix_override:/usr/lib/python3/dist-packages/colcon_core/task/python/colcon_distutils_commands:/home/subhalaxmi/nidar_ws/install/nidar_flight/lib/python3.10/site-packages:/home/subhalaxmi/nidar_ws/install/px4_msgs/local/lib/python3.10/dist-packages:/home/subhalaxmi/nidar_ws/install/my_drone_bringup/lib/python3.10/site-packages:/home/subhalaxmi/nidar_ws/install/drone_pkg/lib/python3.10/site-packages:/home/subhalaxmi/my_robot_ws/install/line_follower/lib/python3.10/site-packages:/home/subhalaxmi/ros2_ws/install/my_py_pkg/lib/python3.10/site-packages:/opt/ros/humble/lib/python3.10/site-packages:/opt/ros/humble/local/lib/python3.10/dist-packages', 'COLCON': '1', 'VTE_VERSION': '6800', 'CMAKE_PREFIX_PATH': '/home/subhalaxmi/nidar_ws/install/px4_msgs:/home/subhalaxmi/nidar_ws/install/my_drone_bringup:/home/subhalaxmi/rover_ws/install/rover_ctrl:/home/subhalaxmi/autonav_ws/install/my_rover_description:/home/subhalaxmi/autonav_ws/install/my_rover_bringup:/home/subhalaxmi/my_robot_ws/install/my_robot_bringup:/home/subhalaxmi/my_robot_ws/install/my_robot_description'}, 'shell': False}
[22.393775] (-) TimerEvent: {}
[22.496780] (-) TimerEvent: {}
[22.598882] (-) TimerEvent: {}
[22.701237] (-) TimerEvent: {}
[22.803064] (-) TimerEvent: {}
[22.903477] (-) TimerEvent: {}
[23.004315] (-) TimerEvent: {}
[23.105242] (-) TimerEvent: {}
[23.206014] (-) TimerEvent: {}
[23.306474] (-) TimerEvent: {}
[23.407027] (-) TimerEvent: {}
[23.483737] (nidar_flight) StdoutLine: {'line': b'running egg_info\n'}
[23.485164] (nidar_flight) StdoutLine: {'line': b'creating ../../build/nidar_flight/nidar_flight.egg-info\n'}
[23.487220] (nidar_flight) StdoutLine: {'line': b'writing ../../build/nidar_flight/nidar_flight.egg-info/PKG-INFO\n'}
[23.487673] (nidar_flight) StdoutLine: {'line': b'writing dependency_links to ../../build/nidar_flight/nidar_flight.egg-info/dependency_links.txt\n'}
[23.487982] (nidar_flight) StdoutLine: {'line': b'writing entry points to ../../build/nidar_flight/nidar_flight.egg-info/entry_points.txt\n'}
[23.488384] (nidar_flight) StdoutLine: {'line': b'writing requirements to ../../build/nidar_flight/nidar_flight.egg-info/requires.txt\n'}
[23.488627] (nidar_flight) StdoutLine: {'line': b'writing top-level names to ../../build/nidar_flight/nidar_flight.egg-info/top_level.txt\n'}
[23.488995] (nidar_flight) StdoutLine: {'line': b"writing manifest file '../../build/nidar_flight/nidar_flight.egg-info/SOURCES.txt'\n"}
[23.497174] (nidar_flight) StdoutLine: {'line': b"reading manifest file '../../build/nidar_flight/nidar_flight.egg-info/SOURCES.txt'\n"}
[23.500966] (nidar_flight) StdoutLine: {'line': b"writing manifest file '../../build/nidar_flight/nidar_flight.egg-info/SOURCES.txt'\n"}
[23.501384] (nidar_flight) StdoutLine: {'line': b'running build\n'}
[23.502316] (nidar_flight) StdoutLine: {'line': b'running build_py\n'}
[23.503404] (nidar_flight) StdoutLine: {'line': b'creating /home/subhalaxmi/nidar_ws/build/nidar_flight/build\n'}
[23.503673] (nidar_flight) StdoutLine: {'line': b'creating /home/subhalaxmi/nidar_ws/build/nidar_flight/build/lib\n'}
[23.503881] (nidar_flight) StdoutLine: {'line': b'creating /home/subhalaxmi/nidar_ws/build/nidar_flight/build/lib/nidar_flight\n'}
[23.504085] (nidar_flight) StdoutLine: {'line': b'copying nidar_flight/__init__.py -> /home/subhalaxmi/nidar_ws/build/nidar_flight/build/lib/nidar_flight\n'}
[23.505467] (nidar_flight) StdoutLine: {'line': b'copying nidar_flight/takeoff_node.py -> /home/subhalaxmi/nidar_ws/build/nidar_flight/build/lib/nidar_flight\n'}
[23.505697] (nidar_flight) StdoutLine: {'line': b'running install\n'}
[23.505910] (nidar_flight) StdoutLine: {'line': b'running install_lib\n'}
[23.507468] (nidar_flight) StdoutLine: {'line': b'creating /home/subhalaxmi/nidar_ws/install/nidar_flight/lib/python3.10/site-packages/nidar_flight\n'}
[23.507808] (-) TimerEvent: {}
[23.509013] (nidar_flight) StdoutLine: {'line': b'copying /home/subhalaxmi/nidar_ws/build/nidar_flight/build/lib/nidar_flight/__init__.py -> /home/subhalaxmi/nidar_ws/install/nidar_flight/lib/python3.10/site-packages/nidar_flight\n'}
[23.509364] (nidar_flight) StdoutLine: {'line': b'copying /home/subhalaxmi/nidar_ws/build/nidar_flight/build/lib/nidar_flight/takeoff_node.py -> /home/subhalaxmi/nidar_ws/install/nidar_flight/lib/python3.10/site-packages/nidar_flight\n'}
[23.510369] (nidar_flight) StdoutLine: {'line': b'byte-compiling /home/subhalaxmi/nidar_ws/install/nidar_flight/lib/python3.10/site-packages/nidar_flight/__init__.py to __init__.cpython-310.pyc\n'}
[23.510901] (nidar_flight) StdoutLine: {'line': b'byte-compiling /home/subhalaxmi/nidar_ws/install/nidar_flight/lib/python3.10/site-packages/nidar_flight/takeoff_node.py to takeoff_node.cpython-310.pyc\n'}
[23.511792] (nidar_flight) StdoutLine: {'line': b'running install_data\n'}
[23.512355] (nidar_flight) StdoutLine: {'line': b'creating /home/subhalaxmi/nidar_ws/install/nidar_flight/share/ament_index\n'}
[23.513784] (nidar_flight) StdoutLine: {'line': b'creating /home/subhalaxmi/nidar_ws/install/nidar_flight/share/ament_index/resource_index\n'}
[23.514450] (nidar_flight) StdoutLine: {'line': b'creating /home/subhalaxmi/nidar_ws/install/nidar_flight/share/ament_index/resource_index/packages\n'}
[23.514948] (nidar_flight) StdoutLine: {'line': b'copying resource/nidar_flight -> /home/subhalaxmi/nidar_ws/install/nidar_flight/share/ament_index/resource_index/packages\n'}
[23.515276] (nidar_flight) StdoutLine: {'line': b'copying package.xml -> /home/subhalaxmi/nidar_ws/install/nidar_flight/share/nidar_flight\n'}
[23.515582] (nidar_flight) StdoutLine: {'line': b'running install_egg_info\n'}
[23.521384] (nidar_flight) StdoutLine: {'line': b'Copying ../../build/nidar_flight/nidar_flight.egg-info to /home/subhalaxmi/nidar_ws/install/nidar_flight/lib/python3.10/site-packages/nidar_flight-0.0.0-py3.10.egg-info\n'}
[23.526033] (nidar_flight) StdoutLine: {'line': b'running install_scripts\n'}
[23.599821] (nidar_flight) StdoutLine: {'line': b'Installing takeoff_node script to /home/subhalaxmi/nidar_ws/install/nidar_flight/lib/nidar_flight\n'}
[23.601280] (nidar_flight) StdoutLine: {'line': b"writing list of installed files to '/home/subhalaxmi/nidar_ws/build/nidar_flight/install.log'\n"}
[23.607943] (-) TimerEvent: {}
[23.688561] (nidar_flight) CommandEnded: {'returncode': 0}
[23.709805] (-) TimerEvent: {}
[23.717594] (nidar_flight) JobEnded: {'identifier': 'nidar_flight', 'rc': 0}
[23.721566] (-) EventReactorShutdown: {}
