[0.000000] (-) TimerEvent: {}
[0.000296] (drone_pkg) JobQueued: {'identifier': 'drone_pkg', 'dependencies': OrderedDict()}
[0.000376] (px4_msgs) JobQueued: {'identifier': 'px4_msgs', 'dependencies': OrderedDict()}
[0.000432] (my_drone_bringup) JobQueued: {'identifier': 'my_drone_bringup', 'dependencies': OrderedDict([('drone_pkg', '/home/subhalaxmi/nidar_ws/install/drone_pkg')])}
[0.000486] (nidar_flight) JobQueued: {'identifier': 'nidar_flight', 'dependencies': OrderedDict([('px4_msgs', '/home/subhalaxmi/nidar_ws/install/px4_msgs')])}
[0.001297] (drone_pkg) JobStarted: {'identifier': 'drone_pkg'}
[0.018060] (px4_msgs) JobStarted: {'identifier': 'px4_msgs'}
[0.099626] (-) TimerEvent: {}
[0.200036] (-) TimerEvent: {}
[0.300469] (-) TimerEvent: {}
[0.400883] (-) TimerEvent: {}
[0.501305] (-) TimerEvent: {}
[0.601772] (-) TimerEvent: {}
[0.621639] (px4_msgs) JobProgress: {'identifier': 'px4_msgs', 'progress': 'cmake'}
[0.622819] (px4_msgs) JobProgress: {'identifier': 'px4_msgs', 'progress': 'build'}
[0.624853] (px4_msgs) Command: {'cmd': ['/usr/bin/cmake', '--build', '/home/subhalaxmi/nidar_ws/build/px4_msgs', '--', '-j4', '-l4'], 'cwd': '/home/subhalaxmi/nidar_ws/build/px4_msgs', 'env': OrderedDict([('GJS_DEBUG_TOPICS', 'JS ERROR;JS LOG'), ('LESSOPEN', '| /usr/bin/lesspipe %s'), ('LANGUAGE', 'en_IN:en'), ('USER', 'subhalaxmi'), ('XDG_SESSION_TYPE', 'wayland'), ('SHLVL', '1'), ('LD_LIBRARY_PATH', '/home/subhalaxmi/nidar_ws/install/px4_msgs/lib:/opt/ros/humble/opt/rviz_ogre_vendor/lib:/opt/ros/humble/lib/x86_64-linux-gnu:/opt/ros/humble/lib'), ('HOME', '/home/subhalaxmi'), ('OLDPWD', '/home/subhalaxmi'), ('DESKTOP_SESSION', 'ubuntu'), ('GIO_LAUNCHED_DESKTOP_FILE', '/usr/share/applications/terminator.desktop'), ('ROS_PYTHON_VERSION', '3'), ('GNOME_SHELL_SESSION_MODE', 'ubuntu'), ('GTK_MODULES', 'gail:atk-bridge'), ('MANAGERPID', '1036'), ('SYSTEMD_EXEC_PID', '1178'), ('DBUS_SESSION_BUS_ADDRESS', 'unix:path=/run/user/1000/bus'), ('COLORTERM', 'truecolor'), ('TERMINATOR_DBUS_NAME', 'net.tenshu.Terminator25ef4b219e3b005583550f2b0f9f990c3'), ('GIO_LAUNCHED_DESKTOP_FILE_PID', '17318'), ('IM_CONFIG_PHASE', '1'), ('WAYLAND_DISPLAY', 'wayland-0'), ('COLCON_PREFIX_PATH', '/home/subhalaxmi/nidar_ws/install:/home/subhalaxmi/rover_ws/install:/home/subhalaxmi/autonav_ws/install:/home/subhalaxmi/my_robot_ws/install:/home/subhalaxmi/ros2_ws/install'), ('ROS_DISTRO', 'humble'), ('LOGNAME', 'subhalaxmi'), ('JOURNAL_STREAM', '8:8924'), ('_', '/usr/bin/colcon'), ('ROS_VERSION', '2'), ('XDG_SESSION_CLASS', 'user'), ('USERNAME', 'subhalaxmi'), ('TERM', 'xterm-256color'), ('GNOME_DESKTOP_SESSION_ID', 'this-is-deprecated'), ('ROS_LOCALHOST_ONLY', '0'), ('PATH', '/home/subhalaxmi/.local/bin:/home/subhalaxmi/.local/bin:/opt/ros/humble/bin:/home/subhalaxmi/.local/bin:/usr/local/sbin:/usr/local/bin:/usr/sbin:/usr/bin:/sbin:/bin:/usr/games:/usr/local/games:/snap/bin:/snap/bin'), ('SESSION_MANAGER', 'local/subhalaxmi-Lenovo-G50-80:@/tmp/.ICE-unix/1147,unix/subhalaxmi-Lenovo-G50-80:/tmp/.ICE-unix/1147'), ('INVOCATION_ID', '5668d60ff2944fae98086cdc9fc421e1'), ('XDG_MENU_PREFIX', 'gnome-'), ('GNOME_SETUP_DISPLAY', ':1'), ('XDG_RUNTIME_DIR', '/run/user/1000'), ('DISPLAY', ':0'), ('TERMINATOR_DBUS_PATH', '/net/tenshu/Terminator2'), ('LANG', 'en_US.UTF-8'), ('XDG_CURRENT_DESKTOP', 'ubuntu:GNOME'), ('IBUS_DISABLE_SNOOPER', '1'), ('XMODIFIERS', '@im=ibus'), ('XDG_SESSION_DESKTOP', 'ubuntu'), ('XAUTHORITY', '/run/user/1000/.mutter-Xwaylandauth.519EM3'), ('LS_COLORS', 'rs=0:di=01;34:ln=01;36:mh=00:pi=40;33:so=01;35:do=01;35:bd=40;33;01:cd=40;33;01:or=40;31;01:mi=00:su=37;41:sg=30;43:ca=30;41:tw=30;42:ow=34;42:st=37;44:ex=01;32:*.tar=01;31:*.tgz=01;31:*.arc=01;31:*.arj=01;31:*.taz=01;31:*.lha=01;31:*.lz4=01;31:*.lzh=01;31:*.lzma=01;31:*.tlz=01;31:*.txz=01;31:*.tzo=01;31:*.t7z=01;31:*.zip=01;31:*.z=01;31:*.dz=01;31:*.gz=01;31:*.lrz=01;31:*.lz=01;31:*.lzo=01;31:*.xz=01;31:*.zst=01;31:*.tzst=01;31:*.bz2=01;31:*.bz=01;31:*.tbz=01;31:*.tbz2=01;31:*.tz=01;31:*.deb=01;31:*.rpm=01;31:*.jar=01;31:*.war=01;31:*.ear=01;31:*.sar=01;31:*.rar=01;31:*.alz=01;31:*.ace=01;31:*.zoo=01;31:*.cpio=01;31:*.7z=01;31:*.rz=01;31:*.cab=01;31:*.wim=01;31:*.swm=01;31:*.dwm=01;31:*.esd=01;31:*.jpg=01;35:*.jpeg=01;35:*.mjpg=01;35:*.mjpeg=01;35:*.gif=01;35:*.bmp=01;35:*.pbm=01;35:*.pgm=01;35:*.ppm=01;35:*.tga=01;35:*.xbm=01;35:*.xpm=01;35:*.tif=01;35:*.tiff=01;35:*.png=01;35:*.svg=01;35:*.svgz=01;35:*.mng=01;35:*.pcx=01;35:*.mov=01;35:*.mpg=01;35:*.mpeg=01;35:*.m2v=01;35:*.mkv=01;35:*.webm=01;35:*.webp=01;35:*.ogm=01;35:*.mp4=01;35:*.m4v=01;35:*.mp4v=01;35:*.vob=01;35:*.qt=01;35:*.nuv=01;35:*.wmv=01;35:*.asf=01;35:*.rm=01;35:*.rmvb=01;35:*.flc=01;35:*.avi=01;35:*.fli=01;35:*.flv=01;35:*.gl=01;35:*.dl=01;35:*.xcf=01;35:*.xwd=01;35:*.yuv=01;35:*.cgm=01;35:*.emf=01;35:*.ogv=01;35:*.ogx=01;35:*.aac=00;36:*.au=00;36:*.flac=00;36:*.m4a=00;36:*.mid=00;36:*.midi=00;36:*.mka=00;36:*.mp3=00;36:*.mpc=00;36:*.ogg=00;36:*.ra=00;36:*.wav=00;36:*.oga=00;36:*.opus=00;36:*.spx=00;36:*.xspf=00;36:'), ('SSH_AGENT_LAUNCHER', 'gnome-keyring'), ('SSH_AUTH_SOCK', '/run/user/1000/keyring/ssh'), ('AMENT_PREFIX_PATH', '/home/subhalaxmi/nidar_ws/install/nidar_flight:/home/subhalaxmi/nidar_ws/install/px4_msgs:/home/subhalaxmi/nidar_ws/install/my_drone_bringup:/home/subhalaxmi/nidar_ws/install/drone_pkg:/home/subhalaxmi/rover_ws/install/rover_ctrl:/home/subhalaxmi/autonav_ws/install/my_rover_description:/home/subhalaxmi/autonav_ws/install/my_rover_bringup:/home/subhalaxmi/my_robot_ws/install/my_robot_bringup:/home/subhalaxmi/my_robot_ws/install/my_robot_description:/home/subhalaxmi/my_robot_ws/install/line_follower:/home/subhalaxmi/ros2_ws/install/my_py_pkg:/opt/ros/humble'), ('SHELL', '/bin/bash'), ('TERMINATOR_UUID', 'urn:uuid:58195a0c-9f6d-451e-898e-fa7162240c90'), ('QT_ACCESSIBILITY', '1'), ('GDMSESSION', 'ubuntu'), ('LESSCLOSE', '/usr/bin/lesspipe %s %s'), ('GJS_DEBUG_OUTPUT', 'stderr'), ('QT_IM_MODULE', 'ibus'), ('PWD', '/home/subhalaxmi/nidar_ws/build/px4_msgs'), ('LC_ALL', 'en_US.UTF-8'), ('XDG_CONFIG_DIRS', '/etc/xdg/xdg-ubuntu:/etc/xdg'), ('XDG_DATA_DIRS', '/usr/share/ubuntu:/usr/local/share/:/usr/share/:/var/lib/snapd/desktop'), ('PYTHONPATH', '/home/subhalaxmi/nidar_ws/install/nidar_flight/lib/python3.10/site-packages:/home/subhalaxmi/nidar_ws/install/px4_msgs/local/lib/python3.10/dist-packages:/home/subhalaxmi/nidar_ws/install/my_drone_bringup/lib/python3.10/site-packages:/home/subhalaxmi/nidar_ws/install/drone_pkg/lib/python3.10/site-packages:/home/subhalaxmi/my_robot_ws/install/line_follower/lib/python3.10/site-packages:/home/subhalaxmi/ros2_ws/install/my_py_pkg/lib/python3.10/site-packages:/opt/ros/humble/lib/python3.10/site-packages:/opt/ros/humble/local/lib/python3.10/dist-packages'), ('COLCON', '1'), ('VTE_VERSION', '6800'), ('CMAKE_PREFIX_PATH', '/home/subhalaxmi/nidar_ws/install/px4_msgs:/home/subhalaxmi/nidar_ws/install/my_drone_bringup:/home/subhalaxmi/rover_ws/install/rover_ctrl:/home/subhalaxmi/autonav_ws/install/my_rover_description:/home/subhalaxmi/autonav_ws/install/my_rover_bringup:/home/subhalaxmi/my_robot_ws/install/my_robot_bringup:/home/subhalaxmi/my_robot_ws/install/my_robot_description:/home/subhalaxmi/nidar_ws/install/nidar_flight:/home/subhalaxmi/nidar_ws/install/drone_pkg:/home/subhalaxmi/my_robot_ws/install/line_follower:/home/subhalaxmi/ros2_ws/install/my_py_pkg:/opt/ros/humble')]), 'shell': False}
[0.701891] (-) TimerEvent: {}
[0.802343] (-) TimerEvent: {}
[0.902764] (-) TimerEvent: {}
[1.003219] (-) TimerEvent: {}
[1.103687] (-) TimerEvent: {}
[1.204112] (-) TimerEvent: {}
[1.304602] (-) TimerEvent: {}
[1.399837] (drone_pkg) Command: {'cmd': ['/usr/bin/python3', '-W', 'ignore:setup.py install is deprecated', '-W', 'ignore:easy_install command is deprecated', 'setup.py', 'egg_info', '--egg-base', '../../build/drone_pkg', 'build', '--build-base', '/home/subhalaxmi/nidar_ws/build/drone_pkg/build', 'install', '--record', '/home/subhalaxmi/nidar_ws/build/drone_pkg/install.log', '--single-version-externally-managed', 'install_data'], 'cwd': '/home/subhalaxmi/nidar_ws/src/drone_pkg', 'env': {'GJS_DEBUG_TOPICS': 'JS ERROR;JS LOG', 'LESSOPEN': '| /usr/bin/lesspipe %s', 'LANGUAGE': 'en_IN:en', 'USER': 'subhalaxmi', 'XDG_SESSION_TYPE': 'wayland', 'SHLVL': '1', 'LD_LIBRARY_PATH': '/home/subhalaxmi/nidar_ws/install/px4_msgs/lib:/opt/ros/humble/opt/rviz_ogre_vendor/lib:/opt/ros/humble/lib/x86_64-linux-gnu:/opt/ros/humble/lib', 'HOME': '/home/subhalaxmi', 'OLDPWD': '/home/subhalaxmi', 'DESKTOP_SESSION': 'ubuntu', 'GIO_LAUNCHED_DESKTOP_FILE': '/usr/share/applications/terminator.desktop', 'ROS_PYTHON_VERSION': '3', 'GNOME_SHELL_SESSION_MODE': 'ubuntu', 'GTK_MODULES': 'gail:atk-bridge', 'MANAGERPID': '1036', 'SYSTEMD_EXEC_PID': '1178', 'DBUS_SESSION_BUS_ADDRESS': 'unix:path=/run/user/1000/bus', 'COLORTERM': 'truecolor', 'TERMINATOR_DBUS_NAME': 'net.tenshu.Terminator25ef4b219e3b005583550f2b0f9f990c3', 'GIO_LAUNCHED_DESKTOP_FILE_PID': '17318', 'IM_CONFIG_PHASE': '1', 'WAYLAND_DISPLAY': 'wayland-0', 'COLCON_PREFIX_PATH': '/home/subhalaxmi/nidar_ws/install:/home/subhalaxmi/rover_ws/install:/home/subhalaxmi/autonav_ws/install:/home/subhalaxmi/my_robot_ws/install:/home/subhalaxmi/ros2_ws/install', 'ROS_DISTRO': 'humble', 'LOGNAME': 'subhalaxmi', 'JOURNAL_STREAM': '8:8924', '_': '/usr/bin/colcon', 'ROS_VERSION': '2', 'XDG_SESSION_CLASS': 'user', 'USERNAME': 'subhalaxmi', 'TERM': 'xterm-256color', 'GNOME_DESKTOP_SESSION_ID': 'this-is-deprecated', 'ROS_LOCALHOST_ONLY': '0', 'PATH': '/home/subhalaxmi/.local/bin:/home/subhalaxmi/.local/bin:/opt/ros/humble/bin:/home/subhalaxmi/.local/bin:/usr/local/sbin:/usr/local/bin:/usr/sbin:/usr/bin:/sbin:/bin:/usr/games:/usr/local/games:/snap/bin:/snap/bin', 'SESSION_MANAGER': 'local/subhalaxmi-Lenovo-G50-80:@/tmp/.ICE-unix/1147,unix/subhalaxmi-Lenovo-G50-80:/tmp/.ICE-unix/1147', 'INVOCATION_ID': '5668d60ff2944fae98086cdc9fc421e1', 'XDG_MENU_PREFIX': 'gnome-', 'GNOME_SETUP_DISPLAY': ':1', 'XDG_RUNTIME_DIR': '/run/user/1000', 'DISPLAY': ':0', 'TERMINATOR_DBUS_PATH': '/net/tenshu/Terminator2', 'LANG': 'en_US.UTF-8', 'XDG_CURRENT_DESKTOP': 'ubuntu:GNOME', 'IBUS_DISABLE_SNOOPER': '1', 'XMODIFIERS': '@im=ibus', 'XDG_SESSION_DESKTOP': 'ubuntu', 'XAUTHORITY': '/run/user/1000/.mutter-Xwaylandauth.519EM3', 'LS_COLORS': 'rs=0:di=01;34:ln=01;36:mh=00:pi=40;33:so=01;35:do=01;35:bd=40;33;01:cd=40;33;01:or=40;31;01:mi=00:su=37;41:sg=30;43:ca=30;41:tw=30;42:ow=34;42:st=37;44:ex=01;32:*.tar=01;31:*.tgz=01;31:*.arc=01;31:*.arj=01;31:*.taz=01;31:*.lha=01;31:*.lz4=01;31:*.lzh=01;31:*.lzma=01;31:*.tlz=01;31:*.txz=01;31:*.tzo=01;31:*.t7z=01;31:*.zip=01;31:*.z=01;31:*.dz=01;31:*.gz=01;31:*.lrz=01;31:*.lz=01;31:*.lzo=01;31:*.xz=01;31:*.zst=01;31:*.tzst=01;31:*.bz2=01;31:*.bz=01;31:*.tbz=01;31:*.tbz2=01;31:*.tz=01;31:*.deb=01;31:*.rpm=01;31:*.jar=01;31:*.war=01;31:*.ear=01;31:*.sar=01;31:*.rar=01;31:*.alz=01;31:*.ace=01;31:*.zoo=01;31:*.cpio=01;31:*.7z=01;31:*.rz=01;31:*.cab=01;31:*.wim=01;31:*.swm=01;31:*.dwm=01;31:*.esd=01;31:*.jpg=01;35:*.jpeg=01;35:*.mjpg=01;35:*.mjpeg=01;35:*.gif=01;35:*.bmp=01;35:*.pbm=01;35:*.pgm=01;35:*.ppm=01;35:*.tga=01;35:*.xbm=01;35:*.xpm=01;35:*.tif=01;35:*.tiff=01;35:*.png=01;35:*.svg=01;35:*.svgz=01;35:*.mng=01;35:*.pcx=01;35:*.mov=01;35:*.mpg=01;35:*.mpeg=01;35:*.m2v=01;35:*.mkv=01;35:*.webm=01;35:*.webp=01;35:*.ogm=01;35:*.mp4=01;35:*.m4v=01;35:*.mp4v=01;35:*.vob=01;35:*.qt=01;35:*.nuv=01;35:*.wmv=01;35:*.asf=01;35:*.rm=01;35:*.rmvb=01;35:*.flc=01;35:*.avi=01;35:*.fli=01;35:*.flv=01;35:*.gl=01;35:*.dl=01;35:*.xcf=01;35:*.xwd=01;35:*.yuv=01;35:*.cgm=01;35:*.emf=01;35:*.ogv=01;35:*.ogx=01;35:*.aac=00;36:*.au=00;36:*.flac=00;36:*.m4a=00;36:*.mid=00;36:*.midi=00;36:*.mka=00;36:*.mp3=00;36:*.mpc=00;36:*.ogg=00;36:*.ra=00;36:*.wav=00;36:*.oga=00;36:*.opus=00;36:*.spx=00;36:*.xspf=00;36:', 'SSH_AGENT_LAUNCHER': 'gnome-keyring', 'SSH_AUTH_SOCK': '/run/user/1000/keyring/ssh', 'AMENT_PREFIX_PATH': '/home/subhalaxmi/nidar_ws/install/nidar_flight:/home/subhalaxmi/nidar_ws/install/px4_msgs:/home/subhalaxmi/nidar_ws/install/my_drone_bringup:/home/subhalaxmi/nidar_ws/install/drone_pkg:/home/subhalaxmi/rover_ws/install/rover_ctrl:/home/subhalaxmi/autonav_ws/install/my_rover_description:/home/subhalaxmi/autonav_ws/install/my_rover_bringup:/home/subhalaxmi/my_robot_ws/install/my_robot_bringup:/home/subhalaxmi/my_robot_ws/install/my_robot_description:/home/subhalaxmi/my_robot_ws/install/line_follower:/home/subhalaxmi/ros2_ws/install/my_py_pkg:/opt/ros/humble', 'SHELL': '/bin/bash', 'TERMINATOR_UUID': 'urn:uuid:58195a0c-9f6d-451e-898e-fa7162240c90', 'QT_ACCESSIBILITY': '1', 'GDMSESSION': 'ubuntu', 'LESSCLOSE': '/usr/bin/lesspipe %s %s', 'GJS_DEBUG_OUTPUT': 'stderr', 'QT_IM_MODULE': 'ibus', 'PWD': '/home/subhalaxmi/nidar_ws/build/drone_pkg', 'LC_ALL': 'en_US.UTF-8', 'XDG_CONFIG_DIRS': '/etc/xdg/xdg-ubuntu:/etc/xdg', 'XDG_DATA_DIRS': '/usr/share/ubuntu:/usr/local/share/:/usr/share/:/var/lib/snapd/desktop', 'PYTHONPATH': '/home/subhalaxmi/nidar_ws/build/drone_pkg/prefix_override:/usr/lib/python3/dist-packages/colcon_core/task/python/colcon_distutils_commands:/home/subhalaxmi/nidar_ws/install/drone_pkg/lib/python3.10/site-packages:/home/subhalaxmi/nidar_ws/install/nidar_flight/lib/python3.10/site-packages:/home/subhalaxmi/nidar_ws/install/px4_msgs/local/lib/python3.10/dist-packages:/home/subhalaxmi/nidar_ws/install/my_drone_bringup/lib/python3.10/site-packages:/home/subhalaxmi/nidar_ws/install/drone_pkg/lib/python3.10/site-packages:/home/subhalaxmi/my_robot_ws/install/line_follower/lib/python3.10/site-packages:/home/subhalaxmi/ros2_ws/install/my_py_pkg/lib/python3.10/site-packages:/opt/ros/humble/lib/python3.10/site-packages:/opt/ros/humble/local/lib/python3.10/dist-packages', 'COLCON': '1', 'VTE_VERSION': '6800', 'CMAKE_PREFIX_PATH': '/home/subhalaxmi/nidar_ws/install/px4_msgs:/home/subhalaxmi/nidar_ws/install/my_drone_bringup:/home/subhalaxmi/rover_ws/install/rover_ctrl:/home/subhalaxmi/autonav_ws/install/my_rover_description:/home/subhalaxmi/autonav_ws/install/my_rover_bringup:/home/subhalaxmi/my_robot_ws/install/my_robot_bringup:/home/subhalaxmi/my_robot_ws/install/my_robot_description'}, 'shell': False}
[1.404705] (-) TimerEvent: {}
[1.505145] (-) TimerEvent: {}
[1.605612] (-) TimerEvent: {}
[1.706055] (-) TimerEvent: {}
[1.806733] (-) TimerEvent: {}
[1.907186] (-) TimerEvent: {}
[1.993885] (drone_pkg) StdoutLine: {'line': b'running egg_info\n'}
[1.995813] (drone_pkg) StdoutLine: {'line': b'writing ../../build/drone_pkg/drone_pkg.egg-info/PKG-INFO\n'}
[1.996428] (drone_pkg) StdoutLine: {'line': b'writing dependency_links to ../../build/drone_pkg/drone_pkg.egg-info/dependency_links.txt\n'}
[1.996883] (drone_pkg) StdoutLine: {'line': b'writing entry points to ../../build/drone_pkg/drone_pkg.egg-info/entry_points.txt\n'}
[1.997328] (drone_pkg) StdoutLine: {'line': b'writing requirements to ../../build/drone_pkg/drone_pkg.egg-info/requires.txt\n'}
[1.997706] (drone_pkg) StdoutLine: {'line': b'writing top-level names to ../../build/drone_pkg/drone_pkg.egg-info/top_level.txt\n'}
[2.001387] (drone_pkg) StdoutLine: {'line': b"reading manifest file '../../build/drone_pkg/drone_pkg.egg-info/SOURCES.txt'\n"}
[2.003195] (drone_pkg) StdoutLine: {'line': b"writing manifest file '../../build/drone_pkg/drone_pkg.egg-info/SOURCES.txt'\n"}
[2.003739] (drone_pkg) StdoutLine: {'line': b'running build\n'}
[2.004107] (drone_pkg) StdoutLine: {'line': b'running build_py\n'}
[2.004480] (drone_pkg) StdoutLine: {'line': b'running install\n'}
[2.005092] (drone_pkg) StdoutLine: {'line': b'running install_lib\n'}
[2.007309] (-) TimerEvent: {}
[2.008103] (drone_pkg) StdoutLine: {'line': b'running install_data\n'}
[2.008613] (drone_pkg) StdoutLine: {'line': b'running install_egg_info\n'}
[2.012030] (drone_pkg) StdoutLine: {'line': b"removing '/home/subhalaxmi/nidar_ws/install/drone_pkg/lib/python3.10/site-packages/drone_pkg-0.0.0-py3.10.egg-info' (and everything under it)\n"}
[2.014451] (drone_pkg) StdoutLine: {'line': b'Copying ../../build/drone_pkg/drone_pkg.egg-info to /home/subhalaxmi/nidar_ws/install/drone_pkg/lib/python3.10/site-packages/drone_pkg-0.0.0-py3.10.egg-info\n'}
[2.017094] (drone_pkg) StdoutLine: {'line': b'running install_scripts\n'}
[2.060404] (drone_pkg) StdoutLine: {'line': b'Installing altitude_publisher script to /home/subhalaxmi/nidar_ws/install/drone_pkg/lib/drone_pkg\n'}
[2.061029] (drone_pkg) StdoutLine: {'line': b'Installing altitude_subscriber script to /home/subhalaxmi/nidar_ws/install/drone_pkg/lib/drone_pkg\n'}
[2.061571] (drone_pkg) StdoutLine: {'line': b'Installing arm_client script to /home/subhalaxmi/nidar_ws/install/drone_pkg/lib/drone_pkg\n'}
[2.061995] (drone_pkg) StdoutLine: {'line': b'Installing arm_server script to /home/subhalaxmi/nidar_ws/install/drone_pkg/lib/drone_pkg\n'}
[2.062282] (drone_pkg) StdoutLine: {'line': b'Installing simple_node script to /home/subhalaxmi/nidar_ws/install/drone_pkg/lib/drone_pkg\n'}
[2.062939] (drone_pkg) StdoutLine: {'line': b"writing list of installed files to '/home/subhalaxmi/nidar_ws/build/drone_pkg/install.log'\n"}
[2.111218] (-) TimerEvent: {}
[2.132490] (drone_pkg) CommandEnded: {'returncode': 0}
[2.167073] (drone_pkg) JobEnded: {'identifier': 'drone_pkg', 'rc': 0}
[2.173567] (my_drone_bringup) JobStarted: {'identifier': 'my_drone_bringup'}
[2.192277] (my_drone_bringup) JobProgress: {'identifier': 'my_drone_bringup', 'progress': 'cmake'}
[2.193936] (my_drone_bringup) JobProgress: {'identifier': 'my_drone_bringup', 'progress': 'build'}
[2.194614] (my_drone_bringup) Command: {'cmd': ['/usr/bin/cmake', '--build', '/home/subhalaxmi/nidar_ws/build/my_drone_bringup', '--', '-j4', '-l4'], 'cwd': '/home/subhalaxmi/nidar_ws/build/my_drone_bringup', 'env': OrderedDict([('GJS_DEBUG_TOPICS', 'JS ERROR;JS LOG'), ('LESSOPEN', '| /usr/bin/lesspipe %s'), ('LANGUAGE', 'en_IN:en'), ('USER', 'subhalaxmi'), ('XDG_SESSION_TYPE', 'wayland'), ('SHLVL', '1'), ('LD_LIBRARY_PATH', '/home/subhalaxmi/nidar_ws/install/px4_msgs/lib:/opt/ros/humble/opt/rviz_ogre_vendor/lib:/opt/ros/humble/lib/x86_64-linux-gnu:/opt/ros/humble/lib'), ('HOME', '/home/subhalaxmi'), ('OLDPWD', '/home/subhalaxmi'), ('DESKTOP_SESSION', 'ubuntu'), ('GIO_LAUNCHED_DESKTOP_FILE', '/usr/share/applications/terminator.desktop'), ('ROS_PYTHON_VERSION', '3'), ('GNOME_SHELL_SESSION_MODE', 'ubuntu'), ('GTK_MODULES', 'gail:atk-bridge'), ('MANAGERPID', '1036'), ('SYSTEMD_EXEC_PID', '1178'), ('DBUS_SESSION_BUS_ADDRESS', 'unix:path=/run/user/1000/bus'), ('COLORTERM', 'truecolor'), ('TERMINATOR_DBUS_NAME', 'net.tenshu.Terminator25ef4b219e3b005583550f2b0f9f990c3'), ('GIO_LAUNCHED_DESKTOP_FILE_PID', '17318'), ('IM_CONFIG_PHASE', '1'), ('WAYLAND_DISPLAY', 'wayland-0'), ('COLCON_PREFIX_PATH', '/home/subhalaxmi/nidar_ws/install:/home/subhalaxmi/rover_ws/install:/home/subhalaxmi/autonav_ws/install:/home/subhalaxmi/my_robot_ws/install:/home/subhalaxmi/ros2_ws/install'), ('ROS_DISTRO', 'humble'), ('LOGNAME', 'subhalaxmi'), ('JOURNAL_STREAM', '8:8924'), ('_', '/usr/bin/colcon'), ('ROS_VERSION', '2'), ('XDG_SESSION_CLASS', 'user'), ('USERNAME', 'subhalaxmi'), ('TERM', 'xterm-256color'), ('GNOME_DESKTOP_SESSION_ID', 'this-is-deprecated'), ('ROS_LOCALHOST_ONLY', '0'), ('PATH', '/home/subhalaxmi/.local/bin:/home/subhalaxmi/.local/bin:/opt/ros/humble/bin:/home/subhalaxmi/.local/bin:/usr/local/sbin:/usr/local/bin:/usr/sbin:/usr/bin:/sbin:/bin:/usr/games:/usr/local/games:/snap/bin:/snap/bin'), ('SESSION_MANAGER', 'local/subhalaxmi-Lenovo-G50-80:@/tmp/.ICE-unix/1147,unix/subhalaxmi-Lenovo-G50-80:/tmp/.ICE-unix/1147'), ('INVOCATION_ID', '5668d60ff2944fae98086cdc9fc421e1'), ('XDG_MENU_PREFIX', 'gnome-'), ('GNOME_SETUP_DISPLAY', ':1'), ('XDG_RUNTIME_DIR', '/run/user/1000'), ('DISPLAY', ':0'), ('TERMINATOR_DBUS_PATH', '/net/tenshu/Terminator2'), ('LANG', 'en_US.UTF-8'), ('XDG_CURRENT_DESKTOP', 'ubuntu:GNOME'), ('IBUS_DISABLE_SNOOPER', '1'), ('XMODIFIERS', '@im=ibus'), ('XDG_SESSION_DESKTOP', 'ubuntu'), ('XAUTHORITY', '/run/user/1000/.mutter-Xwaylandauth.519EM3'), ('LS_COLORS', 'rs=0:di=01;34:ln=01;36:mh=00:pi=40;33:so=01;35:do=01;35:bd=40;33;01:cd=40;33;01:or=40;31;01:mi=00:su=37;41:sg=30;43:ca=30;41:tw=30;42:ow=34;42:st=37;44:ex=01;32:*.tar=01;31:*.tgz=01;31:*.arc=01;31:*.arj=01;31:*.taz=01;31:*.lha=01;31:*.lz4=01;31:*.lzh=01;31:*.lzma=01;31:*.tlz=01;31:*.txz=01;31:*.tzo=01;31:*.t7z=01;31:*.zip=01;31:*.z=01;31:*.dz=01;31:*.gz=01;31:*.lrz=01;31:*.lz=01;31:*.lzo=01;31:*.xz=01;31:*.zst=01;31:*.tzst=01;31:*.bz2=01;31:*.bz=01;31:*.tbz=01;31:*.tbz2=01;31:*.tz=01;31:*.deb=01;31:*.rpm=01;31:*.jar=01;31:*.war=01;31:*.ear=01;31:*.sar=01;31:*.rar=01;31:*.alz=01;31:*.ace=01;31:*.zoo=01;31:*.cpio=01;31:*.7z=01;31:*.rz=01;31:*.cab=01;31:*.wim=01;31:*.swm=01;31:*.dwm=01;31:*.esd=01;31:*.jpg=01;35:*.jpeg=01;35:*.mjpg=01;35:*.mjpeg=01;35:*.gif=01;35:*.bmp=01;35:*.pbm=01;35:*.pgm=01;35:*.ppm=01;35:*.tga=01;35:*.xbm=01;35:*.xpm=01;35:*.tif=01;35:*.tiff=01;35:*.png=01;35:*.svg=01;35:*.svgz=01;35:*.mng=01;35:*.pcx=01;35:*.mov=01;35:*.mpg=01;35:*.mpeg=01;35:*.m2v=01;35:*.mkv=01;35:*.webm=01;35:*.webp=01;35:*.ogm=01;35:*.mp4=01;35:*.m4v=01;35:*.mp4v=01;35:*.vob=01;35:*.qt=01;35:*.nuv=01;35:*.wmv=01;35:*.asf=01;35:*.rm=01;35:*.rmvb=01;35:*.flc=01;35:*.avi=01;35:*.fli=01;35:*.flv=01;35:*.gl=01;35:*.dl=01;35:*.xcf=01;35:*.xwd=01;35:*.yuv=01;35:*.cgm=01;35:*.emf=01;35:*.ogv=01;35:*.ogx=01;35:*.aac=00;36:*.au=00;36:*.flac=00;36:*.m4a=00;36:*.mid=00;36:*.midi=00;36:*.mka=00;36:*.mp3=00;36:*.mpc=00;36:*.ogg=00;36:*.ra=00;36:*.wav=00;36:*.oga=00;36:*.opus=00;36:*.spx=00;36:*.xspf=00;36:'), ('SSH_AGENT_LAUNCHER', 'gnome-keyring'), ('SSH_AUTH_SOCK', '/run/user/1000/keyring/ssh'), ('AMENT_PREFIX_PATH', '/home/subhalaxmi/nidar_ws/install/drone_pkg:/home/subhalaxmi/nidar_ws/install/nidar_flight:/home/subhalaxmi/nidar_ws/install/px4_msgs:/home/subhalaxmi/nidar_ws/install/my_drone_bringup:/home/subhalaxmi/rover_ws/install/rover_ctrl:/home/subhalaxmi/autonav_ws/install/my_rover_description:/home/subhalaxmi/autonav_ws/install/my_rover_bringup:/home/subhalaxmi/my_robot_ws/install/my_robot_bringup:/home/subhalaxmi/my_robot_ws/install/my_robot_description:/home/subhalaxmi/my_robot_ws/install/line_follower:/home/subhalaxmi/ros2_ws/install/my_py_pkg:/opt/ros/humble'), ('SHELL', '/bin/bash'), ('TERMINATOR_UUID', 'urn:uuid:58195a0c-9f6d-451e-898e-fa7162240c90'), ('QT_ACCESSIBILITY', '1'), ('GDMSESSION', 'ubuntu'), ('LESSCLOSE', '/usr/bin/lesspipe %s %s'), ('GJS_DEBUG_OUTPUT', 'stderr'), ('QT_IM_MODULE', 'ibus'), ('PWD', '/home/subhalaxmi/nidar_ws/build/my_drone_bringup'), ('LC_ALL', 'en_US.UTF-8'), ('XDG_CONFIG_DIRS', '/etc/xdg/xdg-ubuntu:/etc/xdg'), ('XDG_DATA_DIRS', '/usr/share/ubuntu:/usr/local/share/:/usr/share/:/var/lib/snapd/desktop'), ('PYTHONPATH', '/home/subhalaxmi/nidar_ws/install/drone_pkg/lib/python3.10/site-packages:/home/subhalaxmi/nidar_ws/install/nidar_flight/lib/python3.10/site-packages:/home/subhalaxmi/nidar_ws/install/px4_msgs/local/lib/python3.10/dist-packages:/home/subhalaxmi/nidar_ws/install/my_drone_bringup/lib/python3.10/site-packages:/home/subhalaxmi/my_robot_ws/install/line_follower/lib/python3.10/site-packages:/home/subhalaxmi/ros2_ws/install/my_py_pkg/lib/python3.10/site-packages:/opt/ros/humble/lib/python3.10/site-packages:/opt/ros/humble/local/lib/python3.10/dist-packages'), ('COLCON', '1'), ('VTE_VERSION', '6800'), ('CMAKE_PREFIX_PATH', '/home/subhalaxmi/nidar_ws/install/px4_msgs:/home/subhalaxmi/nidar_ws/install/my_drone_bringup:/home/subhalaxmi/rover_ws/install/rover_ctrl:/home/subhalaxmi/autonav_ws/install/my_rover_description:/home/subhalaxmi/autonav_ws/install/my_rover_bringup:/home/subhalaxmi/my_robot_ws/install/my_robot_bringup:/home/subhalaxmi/my_robot_ws/install/my_robot_description:/home/subhalaxmi/nidar_ws/install/nidar_flight:/home/subhalaxmi/nidar_ws/install/drone_pkg:/home/subhalaxmi/my_robot_ws/install/line_follower:/home/subhalaxmi/ros2_ws/install/my_py_pkg:/opt/ros/humble')]), 'shell': False}
[2.211331] (-) TimerEvent: {}
[2.289809] (my_drone_bringup) CommandEnded: {'returncode': 0}
[2.291653] (my_drone_bringup) JobProgress: {'identifier': 'my_drone_bringup', 'progress': 'install'}
[2.311459] (-) TimerEvent: {}
[2.319735] (my_drone_bringup) Command: {'cmd': ['/usr/bin/cmake', '--install', '/home/subhalaxmi/nidar_ws/build/my_drone_bringup'], 'cwd': '/home/subhalaxmi/nidar_ws/build/my_drone_bringup', 'env': OrderedDict([('GJS_DEBUG_TOPICS', 'JS ERROR;JS LOG'), ('LESSOPEN', '| /usr/bin/lesspipe %s'), ('LANGUAGE', 'en_IN:en'), ('USER', 'subhalaxmi'), ('XDG_SESSION_TYPE', 'wayland'), ('SHLVL', '1'), ('LD_LIBRARY_PATH', '/home/subhalaxmi/nidar_ws/install/px4_msgs/lib:/opt/ros/humble/opt/rviz_ogre_vendor/lib:/opt/ros/humble/lib/x86_64-linux-gnu:/opt/ros/humble/lib'), ('HOME', '/home/subhalaxmi'), ('OLDPWD', '/home/subhalaxmi'), ('DESKTOP_SESSION', 'ubuntu'), ('GIO_LAUNCHED_DESKTOP_FILE', '/usr/share/applications/terminator.desktop'), ('ROS_PYTHON_VERSION', '3'), ('GNOME_SHELL_SESSION_MODE', 'ubuntu'), ('GTK_MODULES', 'gail:atk-bridge'), ('MANAGERPID', '1036'), ('SYSTEMD_EXEC_PID', '1178'), ('DBUS_SESSION_BUS_ADDRESS', 'unix:path=/run/user/1000/bus'), ('COLORTERM', 'truecolor'), ('TERMINATOR_DBUS_NAME', 'net.tenshu.Terminator25ef4b219e3b005583550f2b0f9f990c3'), ('GIO_LAUNCHED_DESKTOP_FILE_PID', '17318'), ('IM_CONFIG_PHASE', '1'), ('WAYLAND_DISPLAY', 'wayland-0'), ('COLCON_PREFIX_PATH', '/home/subhalaxmi/nidar_ws/install:/home/subhalaxmi/rover_ws/install:/home/subhalaxmi/autonav_ws/install:/home/subhalaxmi/my_robot_ws/install:/home/subhalaxmi/ros2_ws/install'), ('ROS_DISTRO', 'humble'), ('LOGNAME', 'subhalaxmi'), ('JOURNAL_STREAM', '8:8924'), ('_', '/usr/bin/colcon'), ('ROS_VERSION', '2'), ('XDG_SESSION_CLASS', 'user'), ('USERNAME', 'subhalaxmi'), ('TERM', 'xterm-256color'), ('GNOME_DESKTOP_SESSION_ID', 'this-is-deprecated'), ('ROS_LOCALHOST_ONLY', '0'), ('PATH', '/home/subhalaxmi/.local/bin:/home/subhalaxmi/.local/bin:/opt/ros/humble/bin:/home/subhalaxmi/.local/bin:/usr/local/sbin:/usr/local/bin:/usr/sbin:/usr/bin:/sbin:/bin:/usr/games:/usr/local/games:/snap/bin:/snap/bin'), ('SESSION_MANAGER', 'local/subhalaxmi-Lenovo-G50-80:@/tmp/.ICE-unix/1147,unix/subhalaxmi-Lenovo-G50-80:/tmp/.ICE-unix/1147'), ('INVOCATION_ID', '5668d60ff2944fae98086cdc9fc421e1'), ('XDG_MENU_PREFIX', 'gnome-'), ('GNOME_SETUP_DISPLAY', ':1'), ('XDG_RUNTIME_DIR', '/run/user/1000'), ('DISPLAY', ':0'), ('TERMINATOR_DBUS_PATH', '/net/tenshu/Terminator2'), ('LANG', 'en_US.UTF-8'), ('XDG_CURRENT_DESKTOP', 'ubuntu:GNOME'), ('IBUS_DISABLE_SNOOPER', '1'), ('XMODIFIERS', '@im=ibus'), ('XDG_SESSION_DESKTOP', 'ubuntu'), ('XAUTHORITY', '/run/user/1000/.mutter-Xwaylandauth.519EM3'), ('LS_COLORS', 'rs=0:di=01;34:ln=01;36:mh=00:pi=40;33:so=01;35:do=01;35:bd=40;33;01:cd=40;33;01:or=40;31;01:mi=00:su=37;41:sg=30;43:ca=30;41:tw=30;42:ow=34;42:st=37;44:ex=01;32:*.tar=01;31:*.tgz=01;31:*.arc=01;31:*.arj=01;31:*.taz=01;31:*.lha=01;31:*.lz4=01;31:*.lzh=01;31:*.lzma=01;31:*.tlz=01;31:*.txz=01;31:*.tzo=01;31:*.t7z=01;31:*.zip=01;31:*.z=01;31:*.dz=01;31:*.gz=01;31:*.lrz=01;31:*.lz=01;31:*.lzo=01;31:*.xz=01;31:*.zst=01;31:*.tzst=01;31:*.bz2=01;31:*.bz=01;31:*.tbz=01;31:*.tbz2=01;31:*.tz=01;31:*.deb=01;31:*.rpm=01;31:*.jar=01;31:*.war=01;31:*.ear=01;31:*.sar=01;31:*.rar=01;31:*.alz=01;31:*.ace=01;31:*.zoo=01;31:*.cpio=01;31:*.7z=01;31:*.rz=01;31:*.cab=01;31:*.wim=01;31:*.swm=01;31:*.dwm=01;31:*.esd=01;31:*.jpg=01;35:*.jpeg=01;35:*.mjpg=01;35:*.mjpeg=01;35:*.gif=01;35:*.bmp=01;35:*.pbm=01;35:*.pgm=01;35:*.ppm=01;35:*.tga=01;35:*.xbm=01;35:*.xpm=01;35:*.tif=01;35:*.tiff=01;35:*.png=01;35:*.svg=01;35:*.svgz=01;35:*.mng=01;35:*.pcx=01;35:*.mov=01;35:*.mpg=01;35:*.mpeg=01;35:*.m2v=01;35:*.mkv=01;35:*.webm=01;35:*.webp=01;35:*.ogm=01;35:*.mp4=01;35:*.m4v=01;35:*.mp4v=01;35:*.vob=01;35:*.qt=01;35:*.nuv=01;35:*.wmv=01;35:*.asf=01;35:*.rm=01;35:*.rmvb=01;35:*.flc=01;35:*.avi=01;35:*.fli=01;35:*.flv=01;35:*.gl=01;35:*.dl=01;35:*.xcf=01;35:*.xwd=01;35:*.yuv=01;35:*.cgm=01;35:*.emf=01;35:*.ogv=01;35:*.ogx=01;35:*.aac=00;36:*.au=00;36:*.flac=00;36:*.m4a=00;36:*.mid=00;36:*.midi=00;36:*.mka=00;36:*.mp3=00;36:*.mpc=00;36:*.ogg=00;36:*.ra=00;36:*.wav=00;36:*.oga=00;36:*.opus=00;36:*.spx=00;36:*.xspf=00;36:'), ('SSH_AGENT_LAUNCHER', 'gnome-keyring'), ('SSH_AUTH_SOCK', '/run/user/1000/keyring/ssh'), ('AMENT_PREFIX_PATH', '/home/subhalaxmi/nidar_ws/install/drone_pkg:/home/subhalaxmi/nidar_ws/install/nidar_flight:/home/subhalaxmi/nidar_ws/install/px4_msgs:/home/subhalaxmi/nidar_ws/install/my_drone_bringup:/home/subhalaxmi/rover_ws/install/rover_ctrl:/home/subhalaxmi/autonav_ws/install/my_rover_description:/home/subhalaxmi/autonav_ws/install/my_rover_bringup:/home/subhalaxmi/my_robot_ws/install/my_robot_bringup:/home/subhalaxmi/my_robot_ws/install/my_robot_description:/home/subhalaxmi/my_robot_ws/install/line_follower:/home/subhalaxmi/ros2_ws/install/my_py_pkg:/opt/ros/humble'), ('SHELL', '/bin/bash'), ('TERMINATOR_UUID', 'urn:uuid:58195a0c-9f6d-451e-898e-fa7162240c90'), ('QT_ACCESSIBILITY', '1'), ('GDMSESSION', 'ubuntu'), ('LESSCLOSE', '/usr/bin/lesspipe %s %s'), ('GJS_DEBUG_OUTPUT', 'stderr'), ('QT_IM_MODULE', 'ibus'), ('PWD', '/home/subhalaxmi/nidar_ws/build/my_drone_bringup'), ('LC_ALL', 'en_US.UTF-8'), ('XDG_CONFIG_DIRS', '/etc/xdg/xdg-ubuntu:/etc/xdg'), ('XDG_DATA_DIRS', '/usr/share/ubuntu:/usr/local/share/:/usr/share/:/var/lib/snapd/desktop'), ('PYTHONPATH', '/home/subhalaxmi/nidar_ws/install/drone_pkg/lib/python3.10/site-packages:/home/subhalaxmi/nidar_ws/install/nidar_flight/lib/python3.10/site-packages:/home/subhalaxmi/nidar_ws/install/px4_msgs/local/lib/python3.10/dist-packages:/home/subhalaxmi/nidar_ws/install/my_drone_bringup/lib/python3.10/site-packages:/home/subhalaxmi/my_robot_ws/install/line_follower/lib/python3.10/site-packages:/home/subhalaxmi/ros2_ws/install/my_py_pkg/lib/python3.10/site-packages:/opt/ros/humble/lib/python3.10/site-packages:/opt/ros/humble/local/lib/python3.10/dist-packages'), ('COLCON', '1'), ('VTE_VERSION', '6800'), ('CMAKE_PREFIX_PATH', '/home/subhalaxmi/nidar_ws/install/px4_msgs:/home/subhalaxmi/nidar_ws/install/my_drone_bringup:/home/subhalaxmi/rover_ws/install/rover_ctrl:/home/subhalaxmi/autonav_ws/install/my_rover_description:/home/subhalaxmi/autonav_ws/install/my_rover_bringup:/home/subhalaxmi/my_robot_ws/install/my_robot_bringup:/home/subhalaxmi/my_robot_ws/install/my_robot_description:/home/subhalaxmi/nidar_ws/install/nidar_flight:/home/subhalaxmi/nidar_ws/install/drone_pkg:/home/subhalaxmi/my_robot_ws/install/line_follower:/home/subhalaxmi/ros2_ws/install/my_py_pkg:/opt/ros/humble')]), 'shell': False}
[2.333401] (my_drone_bringup) StdoutLine: {'line': b'-- Install configuration: ""\n'}
[2.334064] (my_drone_bringup) StdoutLine: {'line': b'-- Up-to-date: /home/subhalaxmi/nidar_ws/install/my_drone_bringup/share/my_drone_bringup//launch\n'}
[2.334371] (my_drone_bringup) StdoutLine: {'line': b'-- Up-to-date: /home/subhalaxmi/nidar_ws/install/my_drone_bringup/share/my_drone_bringup//launch/drone.launch.py\n'}
[2.334627] (my_drone_bringup) StdoutLine: {'line': b'-- Up-to-date: /home/subhalaxmi/nidar_ws/install/my_drone_bringup/share/ament_index/resource_index/package_run_dependencies/my_drone_bringup\n'}
[2.335073] (my_drone_bringup) StdoutLine: {'line': b'-- Up-to-date: /home/subhalaxmi/nidar_ws/install/my_drone_bringup/share/ament_index/resource_index/parent_prefix_path/my_drone_bringup\n'}
[2.335376] (my_drone_bringup) StdoutLine: {'line': b'-- Up-to-date: /home/subhalaxmi/nidar_ws/install/my_drone_bringup/share/my_drone_bringup/environment/ament_prefix_path.sh\n'}
[2.335615] (my_drone_bringup) StdoutLine: {'line': b'-- Up-to-date: /home/subhalaxmi/nidar_ws/install/my_drone_bringup/share/my_drone_bringup/environment/ament_prefix_path.dsv\n'}
[2.335835] (my_drone_bringup) StdoutLine: {'line': b'-- Up-to-date: /home/subhalaxmi/nidar_ws/install/my_drone_bringup/share/my_drone_bringup/environment/path.sh\n'}
[2.336057] (my_drone_bringup) StdoutLine: {'line': b'-- Up-to-date: /home/subhalaxmi/nidar_ws/install/my_drone_bringup/share/my_drone_bringup/environment/path.dsv\n'}
[2.336308] (my_drone_bringup) StdoutLine: {'line': b'-- Up-to-date: /home/subhalaxmi/nidar_ws/install/my_drone_bringup/share/my_drone_bringup/local_setup.bash\n'}
[2.336534] (my_drone_bringup) StdoutLine: {'line': b'-- Up-to-date: /home/subhalaxmi/nidar_ws/install/my_drone_bringup/share/my_drone_bringup/local_setup.sh\n'}
[2.336755] (my_drone_bringup) StdoutLine: {'line': b'-- Up-to-date: /home/subhalaxmi/nidar_ws/install/my_drone_bringup/share/my_drone_bringup/local_setup.zsh\n'}
[2.336975] (my_drone_bringup) StdoutLine: {'line': b'-- Up-to-date: /home/subhalaxmi/nidar_ws/install/my_drone_bringup/share/my_drone_bringup/local_setup.dsv\n'}
[2.337407] (my_drone_bringup) StdoutLine: {'line': b'-- Installing: /home/subhalaxmi/nidar_ws/install/my_drone_bringup/share/my_drone_bringup/package.dsv\n'}
[2.337653] (my_drone_bringup) StdoutLine: {'line': b'-- Up-to-date: /home/subhalaxmi/nidar_ws/install/my_drone_bringup/share/ament_index/resource_index/packages/my_drone_bringup\n'}
[2.337893] (my_drone_bringup) StdoutLine: {'line': b'-- Up-to-date: /home/subhalaxmi/nidar_ws/install/my_drone_bringup/share/my_drone_bringup/cmake/my_drone_bringupConfig.cmake\n'}
[2.338110] (my_drone_bringup) StdoutLine: {'line': b'-- Up-to-date: /home/subhalaxmi/nidar_ws/install/my_drone_bringup/share/my_drone_bringup/cmake/my_drone_bringupConfig-version.cmake\n'}
[2.338415] (my_drone_bringup) StdoutLine: {'line': b'-- Up-to-date: /home/subhalaxmi/nidar_ws/install/my_drone_bringup/share/my_drone_bringup/package.xml\n'}
[2.341444] (my_drone_bringup) CommandEnded: {'returncode': 0}
[2.397954] (my_drone_bringup) JobEnded: {'identifier': 'my_drone_bringup', 'rc': 0}
[2.411605] (-) TimerEvent: {}
[2.512088] (-) TimerEvent: {}
[2.612521] (-) TimerEvent: {}
[2.712949] (-) TimerEvent: {}
[2.813376] (-) TimerEvent: {}
[2.913798] (-) TimerEvent: {}
[3.014200] (-) TimerEvent: {}
[3.115207] (-) TimerEvent: {}
[3.200910] (px4_msgs) StdoutLine: {'line': b'[  0%] Built target px4_msgs__cpp\n'}
[3.215325] (-) TimerEvent: {}
[3.315727] (-) TimerEvent: {}
[3.345303] (px4_msgs) StdoutLine: {'line': b'[  0%] Built target ament_cmake_python_copy_px4_msgs\n'}
[3.415859] (-) TimerEvent: {}
[3.516207] (-) TimerEvent: {}
[3.581066] (px4_msgs) StdoutLine: {'line': b'[ 12%] Built target px4_msgs__rosidl_typesupport_fastrtps_cpp\n'}
[3.616315] (-) TimerEvent: {}
[3.716655] (-) TimerEvent: {}
[3.800206] (px4_msgs) StdoutLine: {'line': b'[ 25%] Built target px4_msgs__rosidl_typesupport_introspection_cpp\n'}
[3.816779] (-) TimerEvent: {}
[3.917141] (-) TimerEvent: {}
[4.017487] (-) TimerEvent: {}
[4.117825] (-) TimerEvent: {}
[4.218178] (-) TimerEvent: {}
[4.318509] (-) TimerEvent: {}
[4.327388] (px4_msgs) StdoutLine: {'line': b'running egg_info\n'}
[4.328971] (px4_msgs) StdoutLine: {'line': b'writing px4_msgs.egg-info/PKG-INFO\n'}
[4.329402] (px4_msgs) StdoutLine: {'line': b'writing dependency_links to px4_msgs.egg-info/dependency_links.txt\n'}
[4.329732] (px4_msgs) StdoutLine: {'line': b'writing top-level names to px4_msgs.egg-info/top_level.txt\n'}
[4.339812] (px4_msgs) StdoutLine: {'line': b"reading manifest file 'px4_msgs.egg-info/SOURCES.txt'\n"}
[4.347426] (px4_msgs) StdoutLine: {'line': b"writing manifest file 'px4_msgs.egg-info/SOURCES.txt'\n"}
[4.396892] (px4_msgs) StdoutLine: {'line': b'[ 25%] Built target ament_cmake_python_build_px4_msgs_egg\n'}
[4.418638] (-) TimerEvent: {}
[4.519038] (-) TimerEvent: {}
[4.591933] (px4_msgs) StdoutLine: {'line': b'[ 37%] Built target px4_msgs__rosidl_typesupport_cpp\n'}
[4.619180] (-) TimerEvent: {}
[4.719564] (-) TimerEvent: {}
[4.754491] (px4_msgs) StdoutLine: {'line': b'[ 49%] Built target px4_msgs__rosidl_generator_c\n'}
[4.819701] (-) TimerEvent: {}
[4.920076] (-) TimerEvent: {}
[4.991097] (px4_msgs) StdoutLine: {'line': b'[ 62%] Built target px4_msgs__rosidl_typesupport_fastrtps_c\n'}
[5.020192] (-) TimerEvent: {}
[5.095613] (px4_msgs) StdoutLine: {'line': b'[ 75%] Built target px4_msgs__rosidl_typesupport_c\n'}
[5.120311] (-) TimerEvent: {}
[5.220681] (-) TimerEvent: {}
[5.245869] (px4_msgs) StdoutLine: {'line': b'[ 88%] Built target px4_msgs__rosidl_typesupport_introspection_c\n'}
[5.281026] (px4_msgs) StdoutLine: {'line': b'[ 88%] Built target px4_msgs\n'}
[5.320808] (-) TimerEvent: {}
[5.334866] (px4_msgs) StdoutLine: {'line': b'[ 88%] Built target px4_msgs__py\n'}
[5.420938] (-) TimerEvent: {}
[5.521344] (-) TimerEvent: {}
[5.546511] (px4_msgs) StdoutLine: {'line': b'[100%] Built target px4_msgs__rosidl_generator_py\n'}
[5.593237] (px4_msgs) StdoutLine: {'line': b'[100%] Built target px4_msgs__rosidl_typesupport_fastrtps_c__pyext\n'}
[5.621477] (-) TimerEvent: {}
[5.641065] (px4_msgs) StdoutLine: {'line': b'[100%] Built target px4_msgs__rosidl_typesupport_c__pyext\n'}
[5.689228] (px4_msgs) StdoutLine: {'line': b'[100%] Built target px4_msgs__rosidl_typesupport_introspection_c__pyext\n'}
[5.709338] (px4_msgs) CommandEnded: {'returncode': 0}
[5.710504] (px4_msgs) JobProgress: {'identifier': 'px4_msgs', 'progress': 'install'}
[5.711089] (px4_msgs) Command: {'cmd': ['/usr/bin/cmake', '--install', '/home/subhalaxmi/nidar_ws/build/px4_msgs'], 'cwd': '/home/subhalaxmi/nidar_ws/build/px4_msgs', 'env': OrderedDict([('GJS_DEBUG_TOPICS', 'JS ERROR;JS LOG'), ('LESSOPEN', '| /usr/bin/lesspipe %s'), ('LANGUAGE', 'en_IN:en'), ('USER', 'subhalaxmi'), ('XDG_SESSION_TYPE', 'wayland'), ('SHLVL', '1'), ('LD_LIBRARY_PATH', '/home/subhalaxmi/nidar_ws/install/px4_msgs/lib:/opt/ros/humble/opt/rviz_ogre_vendor/lib:/opt/ros/humble/lib/x86_64-linux-gnu:/opt/ros/humble/lib'), ('HOME', '/home/subhalaxmi'), ('OLDPWD', '/home/subhalaxmi'), ('DESKTOP_SESSION', 'ubuntu'), ('GIO_LAUNCHED_DESKTOP_FILE', '/usr/share/applications/terminator.desktop'), ('ROS_PYTHON_VERSION', '3'), ('GNOME_SHELL_SESSION_MODE', 'ubuntu'), ('GTK_MODULES', 'gail:atk-bridge'), ('MANAGERPID', '1036'), ('SYSTEMD_EXEC_PID', '1178'), ('DBUS_SESSION_BUS_ADDRESS', 'unix:path=/run/user/1000/bus'), ('COLORTERM', 'truecolor'), ('TERMINATOR_DBUS_NAME', 'net.tenshu.Terminator25ef4b219e3b005583550f2b0f9f990c3'), ('GIO_LAUNCHED_DESKTOP_FILE_PID', '17318'), ('IM_CONFIG_PHASE', '1'), ('WAYLAND_DISPLAY', 'wayland-0'), ('COLCON_PREFIX_PATH', '/home/subhalaxmi/nidar_ws/install:/home/subhalaxmi/rover_ws/install:/home/subhalaxmi/autonav_ws/install:/home/subhalaxmi/my_robot_ws/install:/home/subhalaxmi/ros2_ws/install'), ('ROS_DISTRO', 'humble'), ('LOGNAME', 'subhalaxmi'), ('JOURNAL_STREAM', '8:8924'), ('_', '/usr/bin/colcon'), ('ROS_VERSION', '2'), ('XDG_SESSION_CLASS', 'user'), ('USERNAME', 'subhalaxmi'), ('TERM', 'xterm-256color'), ('GNOME_DESKTOP_SESSION_ID', 'this-is-deprecated'), ('ROS_LOCALHOST_ONLY', '0'), ('PATH', '/home/subhalaxmi/.local/bin:/home/subhalaxmi/.local/bin:/opt/ros/humble/bin:/home/subhalaxmi/.local/bin:/usr/local/sbin:/usr/local/bin:/usr/sbin:/usr/bin:/sbin:/bin:/usr/games:/usr/local/games:/snap/bin:/snap/bin'), ('SESSION_MANAGER', 'local/subhalaxmi-Lenovo-G50-80:@/tmp/.ICE-unix/1147,unix/subhalaxmi-Lenovo-G50-80:/tmp/.ICE-unix/1147'), ('INVOCATION_ID', '5668d60ff2944fae98086cdc9fc421e1'), ('XDG_MENU_PREFIX', 'gnome-'), ('GNOME_SETUP_DISPLAY', ':1'), ('XDG_RUNTIME_DIR', '/run/user/1000'), ('DISPLAY', ':0'), ('TERMINATOR_DBUS_PATH', '/net/tenshu/Terminator2'), ('LANG', 'en_US.UTF-8'), ('XDG_CURRENT_DESKTOP', 'ubuntu:GNOME'), ('IBUS_DISABLE_SNOOPER', '1'), ('XMODIFIERS', '@im=ibus'), ('XDG_SESSION_DESKTOP', 'ubuntu'), ('XAUTHORITY', '/run/user/1000/.mutter-Xwaylandauth.519EM3'), ('LS_COLORS', 'rs=0:di=01;34:ln=01;36:mh=00:pi=40;33:so=01;35:do=01;35:bd=40;33;01:cd=40;33;01:or=40;31;01:mi=00:su=37;41:sg=30;43:ca=30;41:tw=30;42:ow=34;42:st=37;44:ex=01;32:*.tar=01;31:*.tgz=01;31:*.arc=01;31:*.arj=01;31:*.taz=01;31:*.lha=01;31:*.lz4=01;31:*.lzh=01;31:*.lzma=01;31:*.tlz=01;31:*.txz=01;31:*.tzo=01;31:*.t7z=01;31:*.zip=01;31:*.z=01;31:*.dz=01;31:*.gz=01;31:*.lrz=01;31:*.lz=01;31:*.lzo=01;31:*.xz=01;31:*.zst=01;31:*.tzst=01;31:*.bz2=01;31:*.bz=01;31:*.tbz=01;31:*.tbz2=01;31:*.tz=01;31:*.deb=01;31:*.rpm=01;31:*.jar=01;31:*.war=01;31:*.ear=01;31:*.sar=01;31:*.rar=01;31:*.alz=01;31:*.ace=01;31:*.zoo=01;31:*.cpio=01;31:*.7z=01;31:*.rz=01;31:*.cab=01;31:*.wim=01;31:*.swm=01;31:*.dwm=01;31:*.esd=01;31:*.jpg=01;35:*.jpeg=01;35:*.mjpg=01;35:*.mjpeg=01;35:*.gif=01;35:*.bmp=01;35:*.pbm=01;35:*.pgm=01;35:*.ppm=01;35:*.tga=01;35:*.xbm=01;35:*.xpm=01;35:*.tif=01;35:*.tiff=01;35:*.png=01;35:*.svg=01;35:*.svgz=01;35:*.mng=01;35:*.pcx=01;35:*.mov=01;35:*.mpg=01;35:*.mpeg=01;35:*.m2v=01;35:*.mkv=01;35:*.webm=01;35:*.webp=01;35:*.ogm=01;35:*.mp4=01;35:*.m4v=01;35:*.mp4v=01;35:*.vob=01;35:*.qt=01;35:*.nuv=01;35:*.wmv=01;35:*.asf=01;35:*.rm=01;35:*.rmvb=01;35:*.flc=01;35:*.avi=01;35:*.fli=01;35:*.flv=01;35:*.gl=01;35:*.dl=01;35:*.xcf=01;35:*.xwd=01;35:*.yuv=01;35:*.cgm=01;35:*.emf=01;35:*.ogv=01;35:*.ogx=01;35:*.aac=00;36:*.au=00;36:*.flac=00;36:*.m4a=00;36:*.mid=00;36:*.midi=00;36:*.mka=00;36:*.mp3=00;36:*.mpc=00;36:*.ogg=00;36:*.ra=00;36:*.wav=00;36:*.oga=00;36:*.opus=00;36:*.spx=00;36:*.xspf=00;36:'), ('SSH_AGENT_LAUNCHER', 'gnome-keyring'), ('SSH_AUTH_SOCK', '/run/user/1000/keyring/ssh'), ('AMENT_PREFIX_PATH', '/home/subhalaxmi/nidar_ws/install/nidar_flight:/home/subhalaxmi/nidar_ws/install/px4_msgs:/home/subhalaxmi/nidar_ws/install/my_drone_bringup:/home/subhalaxmi/nidar_ws/install/drone_pkg:/home/subhalaxmi/rover_ws/install/rover_ctrl:/home/subhalaxmi/autonav_ws/install/my_rover_description:/home/subhalaxmi/autonav_ws/install/my_rover_bringup:/home/subhalaxmi/my_robot_ws/install/my_robot_bringup:/home/subhalaxmi/my_robot_ws/install/my_robot_description:/home/subhalaxmi/my_robot_ws/install/line_follower:/home/subhalaxmi/ros2_ws/install/my_py_pkg:/opt/ros/humble'), ('SHELL', '/bin/bash'), ('TERMINATOR_UUID', 'urn:uuid:58195a0c-9f6d-451e-898e-fa7162240c90'), ('QT_ACCESSIBILITY', '1'), ('GDMSESSION', 'ubuntu'), ('LESSCLOSE', '/usr/bin/lesspipe %s %s'), ('GJS_DEBUG_OUTPUT', 'stderr'), ('QT_IM_MODULE', 'ibus'), ('PWD', '/home/subhalaxmi/nidar_ws/build/px4_msgs'), ('LC_ALL', 'en_US.UTF-8'), ('XDG_CONFIG_DIRS', '/etc/xdg/xdg-ubuntu:/etc/xdg'), ('XDG_DATA_DIRS', '/usr/share/ubuntu:/usr/local/share/:/usr/share/:/var/lib/snapd/desktop'), ('PYTHONPATH', '/home/subhalaxmi/nidar_ws/install/nidar_flight/lib/python3.10/site-packages:/home/subhalaxmi/nidar_ws/install/px4_msgs/local/lib/python3.10/dist-packages:/home/subhalaxmi/nidar_ws/install/my_drone_bringup/lib/python3.10/site-packages:/home/subhalaxmi/nidar_ws/install/drone_pkg/lib/python3.10/site-packages:/home/subhalaxmi/my_robot_ws/install/line_follower/lib/python3.10/site-packages:/home/subhalaxmi/ros2_ws/install/my_py_pkg/lib/python3.10/site-packages:/opt/ros/humble/lib/python3.10/site-packages:/opt/ros/humble/local/lib/python3.10/dist-packages'), ('COLCON', '1'), ('VTE_VERSION', '6800'), ('CMAKE_PREFIX_PATH', '/home/subhalaxmi/nidar_ws/install/px4_msgs:/home/subhalaxmi/nidar_ws/install/my_drone_bringup:/home/subhalaxmi/rover_ws/install/rover_ctrl:/home/subhalaxmi/autonav_ws/install/my_rover_description:/home/subhalaxmi/autonav_ws/install/my_rover_bringup:/home/subhalaxmi/my_robot_ws/install/my_robot_bringup:/home/subhalaxmi/my_robot_ws/install/my_robot_description:/home/subhalaxmi/nidar_ws/install/nidar_flight:/home/subhalaxmi/nidar_ws/install/drone_pkg:/home/subhalaxmi/my_robot_ws/install/line_follower:/home/subhalaxmi/ros2_ws/install/my_py_pkg:/opt/ros/humble')]), 'shell': False}
[5.721602] (-) TimerEvent: {}
[5.728437] (px4_msgs) StdoutLine: {'line': b'-- Install configuration: ""\n'}
[5.728831] (px4_msgs) StdoutLine: {'line': b'-- Up-to-date: /home/subhalaxmi/nidar_ws/install/px4_msgs/share/ament_index/resource_index/rosidl_interfaces/px4_msgs\n'}
[5.729050] (px4_msgs) StdoutLine: {'line': b'-- Up-to-date: /home/subhalaxmi/nidar_ws/install/px4_msgs/include/px4_msgs/px4_msgs\n'}
[5.729500] (px4_msgs) StdoutLine: {'line': b'-- Up-to-date: /home/subhalaxmi/nidar_ws/install/px4_msgs/include/px4_msgs/px4_msgs/msg\n'}
[5.729739] (px4_msgs) StdoutLine: {'line': b'-- Up-to-date: /home/subhalaxmi/nidar_ws/install/px4_msgs/include/px4_msgs/px4_msgs/msg/vehicle_acceleration.h\n'}
[5.729906] (px4_msgs) StdoutLine: {'line': b'-- Up-to-date: /home/subhalaxmi/nidar_ws/install/px4_msgs/include/px4_msgs/px4_msgs/msg/device_information.h\n'}
[5.730069] (px4_msgs) StdoutLine: {'line': b'-- Up-to-date: /home/subhalaxmi/nidar_ws/install/px4_msgs/include/px4_msgs/px4_msgs/msg/airspeed.h\n'}
[5.730487] (px4_msgs) StdoutLine: {'line': b'-- Up-to-date: /home/subhalaxmi/nidar_ws/install/px4_msgs/include/px4_msgs/px4_msgs/msg/estimator_bias.h\n'}
[5.730733] (px4_msgs) StdoutLine: {'line': b'-- Up-to-date: /home/subhalaxmi/nidar_ws/install/px4_msgs/include/px4_msgs/px4_msgs/msg/health_report.h\n'}
[5.730898] (px4_msgs) StdoutLine: {'line': b'-- Up-to-date: /home/subhalaxmi/nidar_ws/install/px4_msgs/include/px4_msgs/px4_msgs/msg/rtl_time_estimate.h\n'}
[5.731059] (px4_msgs) StdoutLine: {'line': b'-- Up-to-date: /home/subhalaxmi/nidar_ws/install/px4_msgs/include/px4_msgs/px4_msgs/msg/rosidl_generator_c__visibility_control.h\n'}
[5.731506] (px4_msgs) StdoutLine: {'line': b'-- Up-to-date: /home/subhalaxmi/nidar_ws/install/px4_msgs/include/px4_msgs/px4_msgs/msg/goto_setpoint.h\n'}
[5.731713] (px4_msgs) StdoutLine: {'line': b'-- Up-to-date: /home/subhalaxmi/nidar_ws/install/px4_msgs/include/px4_msgs/px4_msgs/msg/qshell_req.h\n'}
[5.731878] (px4_msgs) StdoutLine: {'line': b'-- Up-to-date: /home/subhalaxmi/nidar_ws/install/px4_msgs/include/px4_msgs/px4_msgs/msg/vehicle_roi.h\n'}
[5.732091] (px4_msgs) StdoutLine: {'line': b'-- Up-to-date: /home/subhalaxmi/nidar_ws/install/px4_msgs/include/px4_msgs/px4_msgs/msg/gripper.h\n'}
[5.732605] (px4_msgs) StdoutLine: {'line': b'-- Up-to-date: /home/subhalaxmi/nidar_ws/install/px4_msgs/include/px4_msgs/px4_msgs/msg/fuel_tank_status.h\n'}
[5.732824] (px4_msgs) StdoutLine: {'line': b'-- Up-to-date: /home/subhalaxmi/nidar_ws/install/px4_msgs/include/px4_msgs/px4_msgs/msg/rover_rate_setpoint.h\n'}
[5.732972] (px4_msgs) StdoutLine: {'line': b'-- Up-to-date: /home/subhalaxmi/nidar_ws/install/px4_msgs/include/px4_msgs/px4_msgs/msg/offboard_control_mode.h\n'}
[5.733126] (px4_msgs) StdoutLine: {'line': b'-- Up-to-date: /home/subhalaxmi/nidar_ws/install/px4_msgs/include/px4_msgs/px4_msgs/msg/control_allocator_status.h\n'}
[5.733328] (px4_msgs) StdoutLine: {'line': b'-- Up-to-date: /home/subhalaxmi/nidar_ws/install/px4_msgs/include/px4_msgs/px4_msgs/msg/esc_status.h\n'}
[5.733482] (px4_msgs) StdoutLine: {'line': b'-- Up-to-date: /home/subhalaxmi/nidar_ws/install/px4_msgs/include/px4_msgs/px4_msgs/msg/mount_orientation.h\n'}
[5.733628] (px4_msgs) StdoutLine: {'line': b'-- Up-to-date: /home/subhalaxmi/nidar_ws/install/px4_msgs/include/px4_msgs/px4_msgs/msg/actuator_motors.h\n'}
[5.733773] (px4_msgs) StdoutLine: {'line': b'-- Up-to-date: /home/subhalaxmi/nidar_ws/install/px4_msgs/include/px4_msgs/px4_msgs/msg/landing_target_pose.h\n'}
[5.733915] (px4_msgs) StdoutLine: {'line': b'-- Up-to-date: /home/subhalaxmi/nidar_ws/install/px4_msgs/include/px4_msgs/px4_msgs/msg/rover_speed_status.h\n'}
[5.734055] (px4_msgs) StdoutLine: {'line': b'-- Up-to-date: /home/subhalaxmi/nidar_ws/install/px4_msgs/include/px4_msgs/px4_msgs/msg/raptor_input.h\n'}
[5.734225] (px4_msgs) StdoutLine: {'line': b'-- Up-to-date: /home/subhalaxmi/nidar_ws/install/px4_msgs/include/px4_msgs/px4_msgs/msg/orb_test.h\n'}
[5.734371] (px4_msgs) StdoutLine: {'line': b'-- Up-to-date: /home/subhalaxmi/nidar_ws/install/px4_msgs/include/px4_msgs/px4_msgs/msg/normalized_unsigned_setpoint.h\n'}
[5.734512] (px4_msgs) StdoutLine: {'line': b'-- Up-to-date: /home/subhalaxmi/nidar_ws/install/px4_msgs/include/px4_msgs/px4_msgs/msg/dronecan_node_status.h\n'}
[5.734654] (px4_msgs) StdoutLine: {'line': b'-- Up-to-date: /home/subhalaxmi/nidar_ws/install/px4_msgs/include/px4_msgs/px4_msgs/msg/esc_report.h\n'}
[5.735369] (px4_msgs) StdoutLine: {'line': b'-- Up-to-date: /home/subhalaxmi/nidar_ws/install/px4_msgs/include/px4_msgs/px4_msgs/msg/debug_value.h\n'}
[5.735590] (px4_msgs) StdoutLine: {'line': b'-- Up-to-date: /home/subhalaxmi/nidar_ws/install/px4_msgs/include/px4_msgs/px4_msgs/msg/sensor_airflow.h\n'}
[5.735741] (px4_msgs) StdoutLine: {'line': b'-- Up-to-date: /home/subhalaxmi/nidar_ws/install/px4_msgs/include/px4_msgs/px4_msgs/msg/gimbal_controls.h\n'}
[5.735886] (px4_msgs) StdoutLine: {'line': b'-- Up-to-date: /home/subhalaxmi/nidar_ws/install/px4_msgs/include/px4_msgs/px4_msgs/msg/follow_target_status.h\n'}
[5.736027] (px4_msgs) StdoutLine: {'line': b'-- Up-to-date: /home/subhalaxmi/nidar_ws/install/px4_msgs/include/px4_msgs/px4_msgs/msg/distance_sensor_mode_change_request.h\n'}
[5.736193] (px4_msgs) StdoutLine: {'line': b'-- Up-to-date: /home/subhalaxmi/nidar_ws/install/px4_msgs/include/px4_msgs/px4_msgs/msg/landing_gear.h\n'}
[5.736342] (px4_msgs) StdoutLine: {'line': b'-- Up-to-date: /home/subhalaxmi/nidar_ws/install/px4_msgs/include/px4_msgs/px4_msgs/msg/arming_check_request.h\n'}
[5.736481] (px4_msgs) StdoutLine: {'line': b'-- Up-to-date: /home/subhalaxmi/nidar_ws/install/px4_msgs/include/px4_msgs/px4_msgs/msg/sensor_baro.h\n'}
[5.736617] (px4_msgs) StdoutLine: {'line': b'-- Up-to-date: /home/subhalaxmi/nidar_ws/install/px4_msgs/include/px4_msgs/px4_msgs/msg/navigator_status.h\n'}
[5.736793] (px4_msgs) StdoutLine: {'line': b'-- Up-to-date: /home/subhalaxmi/nidar_ws/install/px4_msgs/include/px4_msgs/px4_msgs/msg/figure_eight_status.h\n'}
[5.736929] (px4_msgs) StdoutLine: {'line': b'-- Up-to-date: /home/subhalaxmi/nidar_ws/install/px4_msgs/include/px4_msgs/px4_msgs/msg/onboard_computer_status.h\n'}
[5.737062] (px4_msgs) StdoutLine: {'line': b'-- Up-to-date: /home/subhalaxmi/nidar_ws/install/px4_msgs/include/px4_msgs/px4_msgs/msg/mission.h\n'}
[5.737565] (px4_msgs) StdoutLine: {'line': b'-- Up-to-date: /home/subhalaxmi/nidar_ws/install/px4_msgs/include/px4_msgs/px4_msgs/msg/sensor_temp.h\n'}
[5.737691] (px4_msgs) StdoutLine: {'line': b'-- Up-to-date: /home/subhalaxmi/nidar_ws/install/px4_msgs/include/px4_msgs/px4_msgs/msg/mavlink_tunnel.h\n'}
[5.737811] (px4_msgs) StdoutLine: {'line': b'-- Up-to-date: /home/subhalaxmi/nidar_ws/install/px4_msgs/include/px4_msgs/px4_msgs/msg/gimbal_manager_set_attitude.h\n'}
[5.737928] (px4_msgs) StdoutLine: {'line': b'-- Up-to-date: /home/subhalaxmi/nidar_ws/install/px4_msgs/include/px4_msgs/px4_msgs/msg/vehicle_status.h\n'}
[5.738044] (px4_msgs) StdoutLine: {'line': b'-- Up-to-date: /home/subhalaxmi/nidar_ws/install/px4_msgs/include/px4_msgs/px4_msgs/msg/vehicle_angular_acceleration_setpoint.h\n'}
[5.738177] (px4_msgs) StdoutLine: {'line': b'-- Up-to-date: /home/subhalaxmi/nidar_ws/install/px4_msgs/include/px4_msgs/px4_msgs/msg/ping.h\n'}
[5.738306] (px4_msgs) StdoutLine: {'line': b'-- Up-to-date: /home/subhalaxmi/nidar_ws/install/px4_msgs/include/px4_msgs/px4_msgs/msg/yaw_estimator_status.h\n'}
[5.738422] (px4_msgs) StdoutLine: {'line': b'-- Up-to-date: /home/subhalaxmi/nidar_ws/install/px4_msgs/include/px4_msgs/px4_msgs/msg/unregister_ext_component.h\n'}
[5.738537] (px4_msgs) StdoutLine: {'line': b'-- Up-to-date: /home/subhalaxmi/nidar_ws/install/px4_msgs/include/px4_msgs/px4_msgs/msg/vehicle_angular_velocity.h\n'}
[5.738727] (px4_msgs) StdoutLine: {'line': b'-- Up-to-date: /home/subhalaxmi/nidar_ws/install/px4_msgs/include/px4_msgs/px4_msgs/msg/geofence_status.h\n'}
[5.738865] (px4_msgs) StdoutLine: {'line': b'-- Up-to-date: /home/subhalaxmi/nidar_ws/install/px4_msgs/include/px4_msgs/px4_msgs/msg/open_drone_id_operator_id.h\n'}
[5.738998] (px4_msgs) StdoutLine: {'line': b'-- Up-to-date: /home/subhalaxmi/nidar_ws/install/px4_msgs/include/px4_msgs/px4_msgs/msg/orb_test_large.h\n'}
[5.739142] (px4_msgs) StdoutLine: {'line': b'-- Up-to-date: /home/subhalaxmi/nidar_ws/install/px4_msgs/include/px4_msgs/px4_msgs/msg/magnetometer_bias_estimate.h\n'}
[5.739442] (px4_msgs) StdoutLine: {'line': b'-- Up-to-date: /home/subhalaxmi/nidar_ws/install/px4_msgs/include/px4_msgs/px4_msgs/msg/gimbal_manager_information.h\n'}
[5.739583] (px4_msgs) StdoutLine: {'line': b'-- Up-to-date: /home/subhalaxmi/nidar_ws/install/px4_msgs/include/px4_msgs/px4_msgs/msg/fixed_wing_lateral_guidance_status.h\n'}
[5.739796] (px4_msgs) StdoutLine: {'line': b'-- Up-to-date: /home/subhalaxmi/nidar_ws/install/px4_msgs/include/px4_msgs/px4_msgs/msg/estimator_aid_source1d.h\n'}
[5.740029] (px4_msgs) StdoutLine: {'line': b'-- Up-to-date: /home/subhalaxmi/nidar_ws/install/px4_msgs/include/px4_msgs/px4_msgs/msg/mavlink_log.h\n'}
[5.740744] (px4_msgs) StdoutLine: {'line': b'-- Up-to-date: /home/subhalaxmi/nidar_ws/install/px4_msgs/include/px4_msgs/px4_msgs/msg/parameter_set_value_response.h\n'}
[5.741021] (px4_msgs) StdoutLine: {'line': b'-- Up-to-date: /home/subhalaxmi/nidar_ws/install/px4_msgs/include/px4_msgs/px4_msgs/msg/fixed_wing_runway_control.h\n'}
[5.741512] (px4_msgs) StdoutLine: {'line': b'-- Up-to-date: /home/subhalaxmi/nidar_ws/install/px4_msgs/include/px4_msgs/px4_msgs/msg/sensor_combined.h\n'}
[5.741786] (px4_msgs) StdoutLine: {'line': b'-- Up-to-date: /home/subhalaxmi/nidar_ws/install/px4_msgs/include/px4_msgs/px4_msgs/msg/led_control.h\n'}
[5.742164] (px4_msgs) StdoutLine: {'line': b'-- Up-to-date: /home/subhalaxmi/nidar_ws/install/px4_msgs/include/px4_msgs/px4_msgs/msg/action_request.h\n'}
[5.742321] (px4_msgs) StdoutLine: {'line': b'-- Up-to-date: /home/subhalaxmi/nidar_ws/install/px4_msgs/include/px4_msgs/px4_msgs/msg/vehicle_command.h\n'}
[5.742472] (px4_msgs) StdoutLine: {'line': b'-- Up-to-date: /home/subhalaxmi/nidar_ws/install/px4_msgs/include/px4_msgs/px4_msgs/msg/position_setpoint.h\n'}
[5.742602] (px4_msgs) StdoutLine: {'line': b'-- Up-to-date: /home/subhalaxmi/nidar_ws/install/px4_msgs/include/px4_msgs/px4_msgs/msg/cellular_status.h\n'}
[5.742740] (px4_msgs) StdoutLine: {'line': b'-- Up-to-date: /home/subhalaxmi/nidar_ws/install/px4_msgs/include/px4_msgs/px4_msgs/msg/hover_thrust_estimate.h\n'}
[5.742861] (px4_msgs) StdoutLine: {'line': b'-- Up-to-date: /home/subhalaxmi/nidar_ws/install/px4_msgs/include/px4_msgs/px4_msgs/msg/battery_info.h\n'}
[5.742987] (px4_msgs) StdoutLine: {'line': b'-- Up-to-date: /home/subhalaxmi/nidar_ws/install/px4_msgs/include/px4_msgs/px4_msgs/msg/satellite_info.h\n'}
[5.743108] (px4_msgs) StdoutLine: {'line': b'-- Up-to-date: /home/subhalaxmi/nidar_ws/install/px4_msgs/include/px4_msgs/px4_msgs/msg/camera_trigger.h\n'}
[5.743252] (px4_msgs) StdoutLine: {'line': b'-- Up-to-date: /home/subhalaxmi/nidar_ws/install/px4_msgs/include/px4_msgs/px4_msgs/msg/mag_worker_data.h\n'}
[5.743374] (px4_msgs) StdoutLine: {'line': b'-- Up-to-date: /home/subhalaxmi/nidar_ws/install/px4_msgs/include/px4_msgs/px4_msgs/msg/arming_check_reply.h\n'}
[5.743493] (px4_msgs) StdoutLine: {'line': b'-- Up-to-date: /home/subhalaxmi/nidar_ws/install/px4_msgs/include/px4_msgs/px4_msgs/msg/vehicle_constraints.h\n'}
[5.743612] (px4_msgs) StdoutLine: {'line': b'-- Up-to-date: /home/subhalaxmi/nidar_ws/install/px4_msgs/include/px4_msgs/px4_msgs/msg/sensors_status_imu.h\n'}
[5.743734] (px4_msgs) StdoutLine: {'line': b'-- Up-to-date: /home/subhalaxmi/nidar_ws/install/px4_msgs/include/px4_msgs/px4_msgs/msg/rover_rate_status.h\n'}
[5.743856] (px4_msgs) StdoutLine: {'line': b'-- Up-to-date: /home/subhalaxmi/nidar_ws/install/px4_msgs/include/px4_msgs/px4_msgs/msg/register_ext_component_reply.h\n'}
[5.743977] (px4_msgs) StdoutLine: {'line': b'-- Up-to-date: /home/subhalaxmi/nidar_ws/install/px4_msgs/include/px4_msgs/px4_msgs/msg/distance_sensor.h\n'}
[5.744094] (px4_msgs) StdoutLine: {'line': b'-- Up-to-date: /home/subhalaxmi/nidar_ws/install/px4_msgs/include/px4_msgs/px4_msgs/msg/timesync_status.h\n'}
[5.744478] (px4_msgs) StdoutLine: {'line': b'-- Up-to-date: /home/subhalaxmi/nidar_ws/install/px4_msgs/include/px4_msgs/px4_msgs/msg/vtol_vehicle_status.h\n'}
[5.744771] (px4_msgs) StdoutLine: {'line': b'-- Up-to-date: /home/subhalaxmi/nidar_ws/install/px4_msgs/include/px4_msgs/px4_msgs/msg/iridiumsbd_status.h\n'}
[5.744903] (px4_msgs) StdoutLine: {'line': b'-- Up-to-date: /home/subhalaxmi/nidar_ws/install/px4_msgs/include/px4_msgs/px4_msgs/msg/manual_control_switches.h\n'}
[5.745032] (px4_msgs) StdoutLine: {'line': b'-- Up-to-date: /home/subhalaxmi/nidar_ws/install/px4_msgs/include/px4_msgs/px4_msgs/msg/fixed_wing_lateral_setpoint.h\n'}
[5.745172] (px4_msgs) StdoutLine: {'line': b'-- Up-to-date: /home/subhalaxmi/nidar_ws/install/px4_msgs/include/px4_msgs/px4_msgs/msg/vehicle_odometry.h\n'}
[5.745305] (px4_msgs) StdoutLine: {'line': b'-- Up-to-date: /home/subhalaxmi/nidar_ws/install/px4_msgs/include/px4_msgs/px4_msgs/msg/uavcan_parameter_request.h\n'}
[5.745444] (px4_msgs) StdoutLine: {'line': b'-- Up-to-date: /home/subhalaxmi/nidar_ws/install/px4_msgs/include/px4_msgs/px4_msgs/msg/failsafe_flags.h\n'}
[5.745565] (px4_msgs) StdoutLine: {'line': b'-- Up-to-date: /home/subhalaxmi/nidar_ws/install/px4_msgs/include/px4_msgs/px4_msgs/msg/follow_target_estimator.h\n'}
[5.745685] (px4_msgs) StdoutLine: {'line': b'-- Up-to-date: /home/subhalaxmi/nidar_ws/install/px4_msgs/include/px4_msgs/px4_msgs/msg/landing_target_innovations.h\n'}
[5.745805] (px4_msgs) StdoutLine: {'line': b'-- Up-to-date: /home/subhalaxmi/nidar_ws/install/px4_msgs/include/px4_msgs/px4_msgs/msg/config_overrides.h\n'}
[5.745925] (px4_msgs) StdoutLine: {'line': b'-- Up-to-date: /home/subhalaxmi/nidar_ws/install/px4_msgs/include/px4_msgs/px4_msgs/msg/takeoff_status.h\n'}
[5.746046] (px4_msgs) StdoutLine: {'line': b'-- Up-to-date: /home/subhalaxmi/nidar_ws/install/px4_msgs/include/px4_msgs/px4_msgs/msg/longitudinal_control_configuration.h\n'}
[5.746219] (px4_msgs) StdoutLine: {'line': b'-- Up-to-date: /home/subhalaxmi/nidar_ws/install/px4_msgs/include/px4_msgs/px4_msgs/msg/telemetry_status.h\n'}
[5.746411] (px4_msgs) StdoutLine: {'line': b'-- Up-to-date: /home/subhalaxmi/nidar_ws/install/px4_msgs/include/px4_msgs/px4_msgs/msg/manual_control_setpoint.h\n'}
[5.746623] (px4_msgs) StdoutLine: {'line': b'-- Up-to-date: /home/subhalaxmi/nidar_ws/install/px4_msgs/include/px4_msgs/px4_msgs/msg/rc_parameter_map.h\n'}
[5.746817] (px4_msgs) StdoutLine: {'line': b'-- Up-to-date: /home/subhalaxmi/nidar_ws/install/px4_msgs/include/px4_msgs/px4_msgs/msg/failure_detector_status.h\n'}
[5.747018] (px4_msgs) StdoutLine: {'line': b'-- Up-to-date: /home/subhalaxmi/nidar_ws/install/px4_msgs/include/px4_msgs/px4_msgs/msg/actuator_test.h\n'}
[5.748060] (px4_msgs) StdoutLine: {'line': b'-- Up-to-date: /home/subhalaxmi/nidar_ws/install/px4_msgs/include/px4_msgs/px4_msgs/msg/gimbal_manager_set_manual_control.h\n'}
[5.749059] (px4_msgs) StdoutLine: {'line': b'-- Up-to-date: /home/subhalaxmi/nidar_ws/install/px4_msgs/include/px4_msgs/px4_msgs/msg/vehicle_land_detected.h\n'}
[5.749793] (px4_msgs) StdoutLine: {'line': b'-- Up-to-date: /home/subhalaxmi/nidar_ws/install/px4_msgs/include/px4_msgs/px4_msgs/msg/radio_status.h\n'}
[5.750086] (px4_msgs) StdoutLine: {'line': b'-- Up-to-date: /home/subhalaxmi/nidar_ws/install/px4_msgs/include/px4_msgs/px4_msgs/msg/pure_pursuit_status.h\n'}
[5.750361] (px4_msgs) StdoutLine: {'line': b'-- Up-to-date: /home/subhalaxmi/nidar_ws/install/px4_msgs/include/px4_msgs/px4_msgs/msg/gpio_config.h\n'}
[5.751274] (px4_msgs) StdoutLine: {'line': b'-- Up-to-date: /home/subhalaxmi/nidar_ws/install/px4_msgs/include/px4_msgs/px4_msgs/msg/battery_status.h\n'}
[5.751609] (px4_msgs) StdoutLine: {'line': b'-- Up-to-date: /home/subhalaxmi/nidar_ws/install/px4_msgs/include/px4_msgs/px4_msgs/msg/estimator_status.h\n'}
[5.751754] (px4_msgs) StdoutLine: {'line': b'-- Up-to-date: /home/subhalaxmi/nidar_ws/install/px4_msgs/include/px4_msgs/px4_msgs/msg/vehicle_command_ack.h\n'}
[5.751966] (px4_msgs) StdoutLine: {'line': b'-- Up-to-date: /home/subhalaxmi/nidar_ws/install/px4_msgs/include/px4_msgs/px4_msgs/msg/debug_vect.h\n'}
[5.752248] (px4_msgs) StdoutLine: {'line': b'-- Up-to-date: /home/subhalaxmi/nidar_ws/install/px4_msgs/include/px4_msgs/px4_msgs/msg/rover_position_setpoint.h\n'}
[5.752663] (px4_msgs) StdoutLine: {'line': b'-- Up-to-date: /home/subhalaxmi/nidar_ws/install/px4_msgs/include/px4_msgs/px4_msgs/msg/flight_phase_estimation.h\n'}
[5.752798] (px4_msgs) StdoutLine: {'line': b'-- Up-to-date: /home/subhalaxmi/nidar_ws/install/px4_msgs/include/px4_msgs/px4_msgs/msg/register_ext_component_request.h\n'}
[5.752907] (px4_msgs) StdoutLine: {'line': b'-- Up-to-date: /home/subhalaxmi/nidar_ws/install/px4_msgs/include/px4_msgs/px4_msgs/msg/position_setpoint_triplet.h\n'}
[5.753013] (px4_msgs) StdoutLine: {'line': b'-- Up-to-date: /home/subhalaxmi/nidar_ws/install/px4_msgs/include/px4_msgs/px4_msgs/msg/power_button_state.h\n'}
[5.753132] (px4_msgs) StdoutLine: {'line': b'-- Up-to-date: /home/subhalaxmi/nidar_ws/install/px4_msgs/include/px4_msgs/px4_msgs/msg/pps_capture.h\n'}
[5.753539] (px4_msgs) StdoutLine: {'line': b'-- Up-to-date: /home/subhalaxmi/nidar_ws/install/px4_msgs/include/px4_msgs/px4_msgs/msg/autotune_attitude_control_status.h\n'}
[5.753772] (px4_msgs) StdoutLine: {'line': b'-- Up-to-date: /home/subhalaxmi/nidar_ws/install/px4_msgs/include/px4_msgs/px4_msgs/msg/trajectory_setpoint.h\n'}
[5.753990] (px4_msgs) StdoutLine: {'line': b'-- Up-to-date: /home/subhalaxmi/nidar_ws/install/px4_msgs/include/px4_msgs/px4_msgs/msg/open_drone_id_system.h\n'}
[5.754218] (px4_msgs) StdoutLine: {'line': b'-- Up-to-date: /home/subhalaxmi/nidar_ws/install/px4_msgs/include/px4_msgs/px4_msgs/msg/neural_control.h\n'}
[5.754355] (px4_msgs) StdoutLine: {'line': b'-- Up-to-date: /home/subhalaxmi/nidar_ws/install/px4_msgs/include/px4_msgs/px4_msgs/msg/rc_channels.h\n'}
[5.754482] (px4_msgs) StdoutLine: {'line': b'-- Up-to-date: /home/subhalaxmi/nidar_ws/install/px4_msgs/include/px4_msgs/px4_msgs/msg/pwm_input.h\n'}
[5.754621] (px4_msgs) StdoutLine: {'line': b'-- Up-to-date: /home/subhalaxmi/nidar_ws/install/px4_msgs/include/px4_msgs/px4_msgs/msg/parameter_set_used_request.h\n'}
[5.754746] (px4_msgs) StdoutLine: {'line': b'-- Up-to-date: /home/subhalaxmi/nidar_ws/install/px4_msgs/include/px4_msgs/px4_msgs/msg/airspeed_wind.h\n'}
[5.754890] (px4_msgs) StdoutLine: {'line': b'-- Up-to-date: /home/subhalaxmi/nidar_ws/install/px4_msgs/include/px4_msgs/px4_msgs/msg/vehicle_optical_flow_vel.h\n'}
[5.755013] (px4_msgs) StdoutLine: {'line': b'-- Up-to-date: /home/subhalaxmi/nidar_ws/install/px4_msgs/include/px4_msgs/px4_msgs/msg/vehicle_local_position_setpoint.h\n'}
[5.755142] (px4_msgs) StdoutLine: {'line': b'-- Up-to-date: /home/subhalaxmi/nidar_ws/install/px4_msgs/include/px4_msgs/px4_msgs/msg/follow_target.h\n'}
[5.755267] (px4_msgs) StdoutLine: {'line': b'-- Up-to-date: /home/subhalaxmi/nidar_ws/install/px4_msgs/include/px4_msgs/px4_msgs/msg/vehicle_thrust_setpoint.h\n'}
[5.755393] (px4_msgs) StdoutLine: {'line': b'-- Up-to-date: /home/subhalaxmi/nidar_ws/install/px4_msgs/include/px4_msgs/px4_msgs/msg/gpio_in.h\n'}
[5.755515] (px4_msgs) StdoutLine: {'line': b'-- Up-to-date: /home/subhalaxmi/nidar_ws/install/px4_msgs/include/px4_msgs/px4_msgs/msg/geofence_result.h\n'}
[5.755640] (px4_msgs) StdoutLine: {'line': b'-- Up-to-date: /home/subhalaxmi/nidar_ws/install/px4_msgs/include/px4_msgs/px4_msgs/msg/gimbal_device_set_attitude.h\n'}
[5.755762] (px4_msgs) StdoutLine: {'line': b'-- Up-to-date: /home/subhalaxmi/nidar_ws/install/px4_msgs/include/px4_msgs/px4_msgs/msg/rover_attitude_status.h\n'}
[5.755883] (px4_msgs) StdoutLine: {'line': b'-- Up-to-date: /home/subhalaxmi/nidar_ws/install/px4_msgs/include/px4_msgs/px4_msgs/msg/generator_status.h\n'}
[5.756005] (px4_msgs) StdoutLine: {'line': b'-- Up-to-date: /home/subhalaxmi/nidar_ws/install/px4_msgs/include/px4_msgs/px4_msgs/msg/sensor_hygrometer.h\n'}
[5.756161] (px4_msgs) StdoutLine: {'line': b'-- Up-to-date: /home/subhalaxmi/nidar_ws/install/px4_msgs/include/px4_msgs/px4_msgs/msg/button_event.h\n'}
[5.756300] (px4_msgs) StdoutLine: {'line': b'-- Up-to-date: /home/subhalaxmi/nidar_ws/install/px4_msgs/include/px4_msgs/px4_msgs/msg/sensor_accel.h\n'}
[5.756430] (px4_msgs) StdoutLine: {'line': b'-- Up-to-date: /home/subhalaxmi/nidar_ws/install/px4_msgs/include/px4_msgs/px4_msgs/msg/ulog_stream.h\n'}
[5.756560] (px4_msgs) StdoutLine: {'line': b'-- Up-to-date: /home/subhalaxmi/nidar_ws/install/px4_msgs/include/px4_msgs/px4_msgs/msg/parameter_update.h\n'}
[5.756687] (px4_msgs) StdoutLine: {'line': b'-- Up-to-date: /home/subhalaxmi/nidar_ws/install/px4_msgs/include/px4_msgs/px4_msgs/msg/dataman_response.h\n'}
[5.756815] (px4_msgs) StdoutLine: {'line': b'-- Up-to-date: /home/subhalaxmi/nidar_ws/install/px4_msgs/include/px4_msgs/px4_msgs/msg/transponder_report.h\n'}
[5.756947] (px4_msgs) StdoutLine: {'line': b'-- Up-to-date: /home/subhalaxmi/nidar_ws/install/px4_msgs/include/px4_msgs/px4_msgs/msg/gimbal_device_information.h\n'}
[5.757074] (px4_msgs) StdoutLine: {'line': b'-- Up-to-date: /home/subhalaxmi/nidar_ws/install/px4_msgs/include/px4_msgs/px4_msgs/msg/uavcan_parameter_value.h\n'}
[5.757237] (px4_msgs) StdoutLine: {'line': b'-- Up-to-date: /home/subhalaxmi/nidar_ws/install/px4_msgs/include/px4_msgs/px4_msgs/msg/navigator_mission_item.h\n'}
[5.757368] (px4_msgs) StdoutLine: {'line': b'-- Up-to-date: /home/subhalaxmi/nidar_ws/install/px4_msgs/include/px4_msgs/px4_msgs/msg/vehicle_imu_status.h\n'}
[5.757495] (px4_msgs) StdoutLine: {'line': b'-- Up-to-date: /home/subhalaxmi/nidar_ws/install/px4_msgs/include/px4_msgs/px4_msgs/msg/sensor_selection.h\n'}
[5.757623] (px4_msgs) StdoutLine: {'line': b'-- Up-to-date: /home/subhalaxmi/nidar_ws/install/px4_msgs/include/px4_msgs/px4_msgs/msg/system_power.h\n'}
[5.757754] (px4_msgs) StdoutLine: {'line': b'-- Up-to-date: /home/subhalaxmi/nidar_ws/install/px4_msgs/include/px4_msgs/px4_msgs/msg/orb_test_medium.h\n'}
[5.758528] (px4_msgs) StdoutLine: {'line': b'-- Up-to-date: /home/subhalaxmi/nidar_ws/install/px4_msgs/include/px4_msgs/px4_msgs/msg/log_message.h\n'}
[5.758947] (px4_msgs) StdoutLine: {'line': b'-- Up-to-date: /home/subhalaxmi/nidar_ws/install/px4_msgs/include/px4_msgs/px4_msgs/msg/vehicle_attitude_setpoint.h\n'}
[5.759077] (px4_msgs) StdoutLine: {'line': b'-- Up-to-date: /home/subhalaxmi/nidar_ws/install/px4_msgs/include/px4_msgs/px4_msgs/msg/rtl_status.h\n'}
[5.759231] (px4_msgs) StdoutLine: {'line': b'-- Up-to-date: /home/subhalaxmi/nidar_ws/install/px4_msgs/include/px4_msgs/px4_msgs/msg/adc_report.h\n'}
[5.759365] (px4_msgs) StdoutLine: {'line': b'-- Up-to-date: /home/subhalaxmi/nidar_ws/install/px4_msgs/include/px4_msgs/px4_msgs/msg/power_monitor.h\n'}
[5.759493] (px4_msgs) StdoutLine: {'line': b'-- Up-to-date: /home/subhalaxmi/nidar_ws/install/px4_msgs/include/px4_msgs/px4_msgs/msg/launch_detection_status.h\n'}
[5.759619] (px4_msgs) StdoutLine: {'line': b'-- Up-to-date: /home/subhalaxmi/nidar_ws/install/px4_msgs/include/px4_msgs/px4_msgs/msg/trajectory_setpoint6dof.h\n'}
[5.759746] (px4_msgs) StdoutLine: {'line': b'-- Up-to-date: /home/subhalaxmi/nidar_ws/install/px4_msgs/include/px4_msgs/px4_msgs/msg/fixed_wing_longitudinal_setpoint.h\n'}
[5.759872] (px4_msgs) StdoutLine: {'line': b'-- Up-to-date: /home/subhalaxmi/nidar_ws/install/px4_msgs/include/px4_msgs/px4_msgs/msg/position_controller_status.h\n'}
[5.759997] (px4_msgs) StdoutLine: {'line': b'-- Up-to-date: /home/subhalaxmi/nidar_ws/install/px4_msgs/include/px4_msgs/px4_msgs/msg/gpio_out.h\n'}
[5.760137] (px4_msgs) StdoutLine: {'line': b'-- Up-to-date: /home/subhalaxmi/nidar_ws/install/px4_msgs/include/px4_msgs/px4_msgs/msg/home_position.h\n'}
[5.760997] (px4_msgs) StdoutLine: {'line': b'-- Up-to-date: /home/subhalaxmi/nidar_ws/install/px4_msgs/include/px4_msgs/px4_msgs/msg/ulog_stream_ack.h\n'}
[5.761398] (px4_msgs) StdoutLine: {'line': b'-- Up-to-date: /home/subhalaxmi/nidar_ws/install/px4_msgs/include/px4_msgs/px4_msgs/msg/estimator_selector_status.h\n'}
[5.761734] (px4_msgs) StdoutLine: {'line': b'-- Up-to-date: /home/subhalaxmi/nidar_ws/install/px4_msgs/include/px4_msgs/px4_msgs/msg/irlock_report.h\n'}
[5.762067] (px4_msgs) StdoutLine: {'line': b'-- Up-to-date: /home/subhalaxmi/nidar_ws/install/px4_msgs/include/px4_msgs/px4_msgs/msg/actuator_servos_trim.h\n'}
[5.762393] (px4_msgs) StdoutLine: {'line': b'-- Up-to-date: /home/subhalaxmi/nidar_ws/install/px4_msgs/include/px4_msgs/px4_msgs/msg/parameter_reset_request.h\n'}
[5.762737] (px4_msgs) StdoutLine: {'line': b'-- Up-to-date: /home/subhalaxmi/nidar_ws/install/px4_msgs/include/px4_msgs/px4_msgs/msg/rpm.h\n'}
[5.763064] (px4_msgs) StdoutLine: {'line': b'-- Up-to-date: /home/subhalaxmi/nidar_ws/install/px4_msgs/include/px4_msgs/px4_msgs/msg/gimbal_device_attitude_status.h\n'}
[5.763390] (px4_msgs) StdoutLine: {'line': b'-- Up-to-date: /home/subhalaxmi/nidar_ws/install/px4_msgs/include/px4_msgs/px4_msgs/msg/actuator_controls_status.h\n'}
[5.763714] (px4_msgs) StdoutLine: {'line': b'-- Up-to-date: /home/subhalaxmi/nidar_ws/install/px4_msgs/include/px4_msgs/px4_msgs/msg/internal_combustion_engine_control.h\n'}
[5.764024] (px4_msgs) StdoutLine: {'line': b'-- Up-to-date: /home/subhalaxmi/nidar_ws/install/px4_msgs/include/px4_msgs/px4_msgs/msg/rover_throttle_setpoint.h\n'}
[5.764334] (px4_msgs) StdoutLine: {'line': b'-- Up-to-date: /home/subhalaxmi/nidar_ws/install/px4_msgs/include/px4_msgs/px4_msgs/msg/estimator_aid_source3d.h\n'}
[5.764651] (px4_msgs) StdoutLine: {'line': b'-- Up-to-date: /home/subhalaxmi/nidar_ws/install/px4_msgs/include/px4_msgs/px4_msgs/msg/estimator_states.h\n'}
[5.764959] (px4_msgs) StdoutLine: {'line': b'-- Up-to-date: /home/subhalaxmi/nidar_ws/install/px4_msgs/include/px4_msgs/px4_msgs/msg/sensor_gyro_fft.h\n'}
[5.765298] (px4_msgs) StdoutLine: {'line': b'-- Up-to-date: /home/subhalaxmi/nidar_ws/install/px4_msgs/include/px4_msgs/px4_msgs/msg/vehicle_optical_flow.h\n'}
[5.765606] (px4_msgs) StdoutLine: {'line': b'-- Up-to-date: /home/subhalaxmi/nidar_ws/install/px4_msgs/include/px4_msgs/px4_msgs/msg/orbit_status.h\n'}
[5.765906] (px4_msgs) StdoutLine: {'line': b'-- Up-to-date: /home/subhalaxmi/nidar_ws/install/px4_msgs/include/px4_msgs/px4_msgs/msg/event.h\n'}
[5.766261] (px4_msgs) StdoutLine: {'line': b'-- Up-to-date: /home/subhalaxmi/nidar_ws/install/px4_msgs/include/px4_msgs/px4_msgs/msg/vehicle_control_mode.h\n'}
[5.766616] (px4_msgs) StdoutLine: {'line': b'-- Up-to-date: /home/subhalaxmi/nidar_ws/install/px4_msgs/include/px4_msgs/px4_msgs/msg/vehicle_global_position.h\n'}
[5.766778] (px4_msgs) StdoutLine: {'line': b'-- Up-to-date: /home/subhalaxmi/nidar_ws/install/px4_msgs/include/px4_msgs/px4_msgs/msg/raptor_status.h\n'}
[5.766950] (px4_msgs) StdoutLine: {'line': b'-- Up-to-date: /home/subhalaxmi/nidar_ws/install/px4_msgs/include/px4_msgs/px4_msgs/msg/sensor_gnss_status.h\n'}
[5.767153] (px4_msgs) StdoutLine: {'line': b'-- Up-to-date: /home/subhalaxmi/nidar_ws/install/px4_msgs/include/px4_msgs/px4_msgs/msg/sensor_gyro.h\n'}
[5.767355] (px4_msgs) StdoutLine: {'line': b'-- Up-to-date: /home/subhalaxmi/nidar_ws/install/px4_msgs/include/px4_msgs/px4_msgs/msg/vehicle_imu.h\n'}
[5.767540] (px4_msgs) StdoutLine: {'line': b'-- Up-to-date: /home/subhalaxmi/nidar_ws/install/px4_msgs/include/px4_msgs/px4_msgs/msg/message_format_request.h\n'}
[5.767728] (px4_msgs) StdoutLine: {'line': b'-- Up-to-date: /home/subhalaxmi/nidar_ws/install/px4_msgs/include/px4_msgs/px4_msgs/msg/aux_global_position.h\n'}
[5.767924] (px4_msgs) StdoutLine: {'line': b'-- Up-to-date: /home/subhalaxmi/nidar_ws/install/px4_msgs/include/px4_msgs/px4_msgs/msg/vtx.h\n'}
[5.768101] (px4_msgs) StdoutLine: {'line': b'-- Up-to-date: /home/subhalaxmi/nidar_ws/install/px4_msgs/include/px4_msgs/px4_msgs/msg/obstacle_distance.h\n'}
[5.768308] (px4_msgs) StdoutLine: {'line': b'-- Up-to-date: /home/subhalaxmi/nidar_ws/install/px4_msgs/include/px4_msgs/px4_msgs/msg/velocity_limits.h\n'}
[5.768510] (px4_msgs) StdoutLine: {'line': b'-- Up-to-date: /home/subhalaxmi/nidar_ws/install/px4_msgs/include/px4_msgs/px4_msgs/msg/landing_gear_wheel.h\n'}
[5.768681] (px4_msgs) StdoutLine: {'line': b'-- Up-to-date: /home/subhalaxmi/nidar_ws/install/px4_msgs/include/px4_msgs/px4_msgs/msg/sensor_gnss_relative.h\n'}
[5.768848] (px4_msgs) StdoutLine: {'line': b'-- Up-to-date: /home/subhalaxmi/nidar_ws/install/px4_msgs/include/px4_msgs/px4_msgs/msg/cpuload.h\n'}
[5.769016] (px4_msgs) StdoutLine: {'line': b'-- Up-to-date: /home/subhalaxmi/nidar_ws/install/px4_msgs/include/px4_msgs/px4_msgs/msg/ekf2_timestamps.h\n'}
[5.769213] (px4_msgs) StdoutLine: {'line': b'-- Up-to-date: /home/subhalaxmi/nidar_ws/install/px4_msgs/include/px4_msgs/px4_msgs/msg/wind.h\n'}
[5.770386] (px4_msgs) StdoutLine: {'line': b'-- Up-to-date: /home/subhalaxmi/nidar_ws/install/px4_msgs/include/px4_msgs/px4_msgs/msg/input_rc.h\n'}
[5.770625] (px4_msgs) StdoutLine: {'line': b'-- Up-to-date: /home/subhalaxmi/nidar_ws/install/px4_msgs/include/px4_msgs/px4_msgs/msg/sensor_correction.h\n'}
[5.770813] (px4_msgs) StdoutLine: {'line': b'-- Up-to-date: /home/subhalaxmi/nidar_ws/install/px4_msgs/include/px4_msgs/px4_msgs/msg/sensors_status.h\n'}
[5.770994] (px4_msgs) StdoutLine: {'line': b'-- Up-to-date: /home/subhalaxmi/nidar_ws/install/px4_msgs/include/px4_msgs/px4_msgs/msg/task_stack_info.h\n'}
[5.771193] (px4_msgs) StdoutLine: {'line': b'-- Up-to-date: /home/subhalaxmi/nidar_ws/install/px4_msgs/include/px4_msgs/px4_msgs/msg/wheel_encoders.h\n'}
[5.771399] (px4_msgs) StdoutLine: {'line': b'-- Up-to-date: /home/subhalaxmi/nidar_ws/install/px4_msgs/include/px4_msgs/px4_msgs/msg/actuator_servos.h\n'}
[5.771596] (px4_msgs) StdoutLine: {'line': b'-- Up-to-date: /home/subhalaxmi/nidar_ws/install/px4_msgs/include/px4_msgs/px4_msgs/msg/rover_attitude_setpoint.h\n'}
[5.771775] (px4_msgs) StdoutLine: {'line': b'-- Up-to-date: /home/subhalaxmi/nidar_ws/install/px4_msgs/include/px4_msgs/px4_msgs/msg/camera_status.h\n'}
[5.771951] (px4_msgs) StdoutLine: {'line': b'-- Up-to-date: /home/subhalaxmi/nidar_ws/install/px4_msgs/include/px4_msgs/px4_msgs/msg/detail\n'}
[5.772139] (px4_msgs) StdoutLine: {'line': b'-- Up-to-date: /home/subhalaxmi/nidar_ws/install/px4_msgs/include/px4_msgs/px4_msgs/msg/detail/airspeed_wind__type_support.h\n'}
[5.772345] (px4_msgs) StdoutLine: {'line': b'-- Up-to-date: /home/subhalaxmi/nidar_ws/install/px4_msgs/include/px4_msgs/px4_msgs/msg/detail/sensors_status_imu__type_support.h\n'}
[5.772521] (px4_msgs) StdoutLine: {'line': b'-- Up-to-date: /home/subhalaxmi/nidar_ws/install/px4_msgs/include/px4_msgs/px4_msgs/msg/detail/navigator_mission_item__type_support.h\n'}
[5.772697] (px4_msgs) StdoutLine: {'line': b'-- Up-to-date: /home/subhalaxmi/nidar_ws/install/px4_msgs/include/px4_msgs/px4_msgs/msg/detail/normalized_unsigned_setpoint__functions.h\n'}
[5.772870] (px4_msgs) StdoutLine: {'line': b'-- Up-to-date: /home/subhalaxmi/nidar_ws/install/px4_msgs/include/px4_msgs/px4_msgs/msg/detail/generator_status__functions.c\n'}
[5.773045] (px4_msgs) StdoutLine: {'line': b'-- Up-to-date: /home/subhalaxmi/nidar_ws/install/px4_msgs/include/px4_msgs/px4_msgs/msg/detail/takeoff_status__type_support.h\n'}
[5.773350] (px4_msgs) StdoutLine: {'line': b'-- Up-to-date: /home/subhalaxmi/nidar_ws/install/px4_msgs/include/px4_msgs/px4_msgs/msg/detail/launch_detection_status__struct.h\n'}
[5.773871] (px4_msgs) StdoutLine: {'line': b'-- Up-to-date: /home/subhalaxmi/nidar_ws/install/px4_msgs/include/px4_msgs/px4_msgs/msg/detail/qshell_retval__functions.c\n'}
[5.774091] (px4_msgs) StdoutLine: {'line': b'-- Up-to-date: /home/subhalaxmi/nidar_ws/install/px4_msgs/include/px4_msgs/px4_msgs/msg/detail/aux_global_position__functions.h\n'}
[5.775097] (px4_msgs) StdoutLine: {'line': b'-- Up-to-date: /home/subhalaxmi/nidar_ws/install/px4_msgs/include/px4_msgs/px4_msgs/msg/detail/manual_control_setpoint__type_support.h\n'}
[5.775340] (px4_msgs) StdoutLine: {'line': b'-- Up-to-date: /home/subhalaxmi/nidar_ws/install/px4_msgs/include/px4_msgs/px4_msgs/msg/detail/estimator_event_flags__type_support.h\n'}
[5.775533] (px4_msgs) StdoutLine: {'line': b'-- Up-to-date: /home/subhalaxmi/nidar_ws/install/px4_msgs/include/px4_msgs/px4_msgs/msg/detail/rover_attitude_setpoint__type_support.h\n'}
[5.775715] (px4_msgs) StdoutLine: {'line': b'-- Up-to-date: /home/subhalaxmi/nidar_ws/install/px4_msgs/include/px4_msgs/px4_msgs/msg/detail/estimator_bias3d__functions.h\n'}
[5.775888] (px4_msgs) StdoutLine: {'line': b'-- Up-to-date: /home/subhalaxmi/nidar_ws/install/px4_msgs/include/px4_msgs/px4_msgs/msg/detail/vehicle_control_mode__functions.h\n'}
[5.776058] (px4_msgs) StdoutLine: {'line': b'-- Up-to-date: /home/subhalaxmi/nidar_ws/install/px4_msgs/include/px4_msgs/px4_msgs/msg/detail/estimator_aid_source2d__functions.c\n'}
[5.776252] (px4_msgs) StdoutLine: {'line': b'-- Up-to-date: /home/subhalaxmi/nidar_ws/install/px4_msgs/include/px4_msgs/px4_msgs/msg/detail/rpm__functions.c\n'}
[5.776426] (px4_msgs) StdoutLine: {'line': b'-- Up-to-date: /home/subhalaxmi/nidar_ws/install/px4_msgs/include/px4_msgs/px4_msgs/msg/detail/button_event__type_support.h\n'}
[5.776594] (px4_msgs) StdoutLine: {'line': b'-- Up-to-date: /home/subhalaxmi/nidar_ws/install/px4_msgs/include/px4_msgs/px4_msgs/msg/detail/vehicle_command__functions.c\n'}
[5.776773] (px4_msgs) StdoutLine: {'line': b'-- Up-to-date: /home/subhalaxmi/nidar_ws/install/px4_msgs/include/px4_msgs/px4_msgs/msg/detail/estimator_status__functions.c\n'}
[5.776949] (px4_msgs) StdoutLine: {'line': b'-- Up-to-date: /home/subhalaxmi/nidar_ws/install/px4_msgs/include/px4_msgs/px4_msgs/msg/detail/aux_global_position__functions.c\n'}
[5.777094] (px4_msgs) StdoutLine: {'line': b'-- Up-to-date: /home/subhalaxmi/nidar_ws/install/px4_msgs/include/px4_msgs/px4_msgs/msg/detail/wheel_encoders__struct.h\n'}
[5.777787] (px4_msgs) StdoutLine: {'line': b'-- Up-to-date: /home/subhalaxmi/nidar_ws/install/px4_msgs/include/px4_msgs/px4_msgs/msg/detail/gimbal_manager_information__functions.c\n'}
[5.777923] (px4_msgs) StdoutLine: {'line': b'-- Up-to-date: /home/subhalaxmi/nidar_ws/install/px4_msgs/include/px4_msgs/px4_msgs/msg/detail/vehicle_control_mode__type_support.h\n'}
[5.778050] (px4_msgs) StdoutLine: {'line': b'-- Up-to-date: /home/subhalaxmi/nidar_ws/install/px4_msgs/include/px4_msgs/px4_msgs/msg/detail/unregister_ext_component__struct.h\n'}
[5.778318] (px4_msgs) StdoutLine: {'line': b'-- Up-to-date: /home/subhalaxmi/nidar_ws/install/px4_msgs/include/px4_msgs/px4_msgs/msg/detail/velocity_limits__functions.h\n'}
[5.778454] (px4_msgs) StdoutLine: {'line': b'-- Up-to-date: /home/subhalaxmi/nidar_ws/install/px4_msgs/include/px4_msgs/px4_msgs/msg/detail/sensor_uwb__functions.h\n'}
[5.778589] (px4_msgs) StdoutLine: {'line': b'-- Up-to-date: /home/subhalaxmi/nidar_ws/install/px4_msgs/include/px4_msgs/px4_msgs/msg/detail/airspeed_validated__functions.h\n'}
[5.778838] (px4_msgs) StdoutLine: {'line': b'-- Up-to-date: /home/subhalaxmi/nidar_ws/install/px4_msgs/include/px4_msgs/px4_msgs/msg/detail/vehicle_angular_velocity__type_support.h\n'}
[5.778980] (px4_msgs) StdoutLine: {'line': b'-- Up-to-date: /home/subhalaxmi/nidar_ws/install/px4_msgs/include/px4_msgs/px4_msgs/msg/detail/actuator_outputs__struct.h\n'}
[5.779112] (px4_msgs) StdoutLine: {'line': b'-- Up-to-date: /home/subhalaxmi/nidar_ws/install/px4_msgs/include/px4_msgs/px4_msgs/msg/detail/sensor_mag__struct.h\n'}
[5.779532] (px4_msgs) StdoutLine: {'line': b'-- Up-to-date: /home/subhalaxmi/nidar_ws/install/px4_msgs/include/px4_msgs/px4_msgs/msg/detail/gimbal_device_set_attitude__functions.c\n'}
[5.779664] (px4_msgs) StdoutLine: {'line': b'-- Up-to-date: /home/subhalaxmi/nidar_ws/install/px4_msgs/include/px4_msgs/px4_msgs/msg/detail/sensor_gnss_status__struct.h\n'}
[5.779791] (px4_msgs) StdoutLine: {'line': b'-- Up-to-date: /home/subhalaxmi/nidar_ws/install/px4_msgs/include/px4_msgs/px4_msgs/msg/detail/sensor_mag__functions.c\n'}
[5.779919] (px4_msgs) StdoutLine: {'line': b'-- Up-to-date: /home/subhalaxmi/nidar_ws/install/px4_msgs/include/px4_msgs/px4_msgs/msg/detail/parameter_set_value_response__type_support.h\n'}
[5.780047] (px4_msgs) StdoutLine: {'line': b'-- Up-to-date: /home/subhalaxmi/nidar_ws/install/px4_msgs/include/px4_msgs/px4_msgs/msg/detail/vehicle_local_position_setpoint__functions.h\n'}
[5.780227] (px4_msgs) StdoutLine: {'line': b'-- Up-to-date: /home/subhalaxmi/nidar_ws/install/px4_msgs/include/px4_msgs/px4_msgs/msg/detail/failure_detector_status__struct.h\n'}
[5.780503] (px4_msgs) StdoutLine: {'line': b'-- Up-to-date: /home/subhalaxmi/nidar_ws/install/px4_msgs/include/px4_msgs/px4_msgs/msg/detail/rpm__functions.h\n'}
[5.780635] (px4_msgs) StdoutLine: {'line': b'-- Up-to-date: /home/subhalaxmi/nidar_ws/install/px4_msgs/include/px4_msgs/px4_msgs/msg/detail/log_message__functions.c\n'}
[5.780764] (px4_msgs) StdoutLine: {'line': b'-- Up-to-date: /home/subhalaxmi/nidar_ws/install/px4_msgs/include/px4_msgs/px4_msgs/msg/detail/gimbal_device_set_attitude__functions.h\n'}
[5.780892] (px4_msgs) StdoutLine: {'line': b'-- Up-to-date: /home/subhalaxmi/nidar_ws/install/px4_msgs/include/px4_msgs/px4_msgs/msg/detail/sensor_combined__functions.h\n'}
[5.781019] (px4_msgs) StdoutLine: {'line': b'-- Up-to-date: /home/subhalaxmi/nidar_ws/install/px4_msgs/include/px4_msgs/px4_msgs/msg/detail/offboard_control_mode__functions.h\n'}
[5.781154] (px4_msgs) StdoutLine: {'line': b'-- Up-to-date: /home/subhalaxmi/nidar_ws/install/px4_msgs/include/px4_msgs/px4_msgs/msg/detail/distance_sensor_mode_change_request__functions.c\n'}
[5.781564] (px4_msgs) StdoutLine: {'line': b'-- Up-to-date: /home/subhalaxmi/nidar_ws/install/px4_msgs/include/px4_msgs/px4_msgs/msg/detail/parameter_update__functions.h\n'}
[5.781696] (px4_msgs) StdoutLine: {'line': b'-- Up-to-date: /home/subhalaxmi/nidar_ws/install/px4_msgs/include/px4_msgs/px4_msgs/msg/detail/fixed_wing_runway_control__type_support.h\n'}
[5.781823] (px4_msgs) StdoutLine: {'line': b'-- Up-to-date: /home/subhalaxmi/nidar_ws/install/px4_msgs/include/px4_msgs/px4_msgs/msg/detail/open_drone_id_arm_status__functions.c\n'}
[5.781950] (px4_msgs) StdoutLine: {'line': b'-- Up-to-date: /home/subhalaxmi/nidar_ws/install/px4_msgs/include/px4_msgs/px4_msgs/msg/detail/failure_detector_status__functions.h\n'}
[5.782074] (px4_msgs) StdoutLine: {'line': b'-- Up-to-date: /home/subhalaxmi/nidar_ws/install/px4_msgs/include/px4_msgs/px4_msgs/msg/detail/tiltrotor_extra_controls__functions.c\n'}
[5.782256] (px4_msgs) StdoutLine: {'line': b'-- Up-to-date: /home/subhalaxmi/nidar_ws/install/px4_msgs/include/px4_msgs/px4_msgs/msg/detail/vehicle_odometry__type_support.h\n'}
[5.782498] (px4_msgs) StdoutLine: {'line': b'-- Up-to-date: /home/subhalaxmi/nidar_ws/install/px4_msgs/include/px4_msgs/px4_msgs/msg/detail/ulog_stream_ack__struct.h\n'}
[5.782625] (px4_msgs) StdoutLine: {'line': b'-- Up-to-date: /home/subhalaxmi/nidar_ws/install/px4_msgs/include/px4_msgs/px4_msgs/msg/detail/vehicle_attitude__type_support.h\n'}
[5.782752] (px4_msgs) StdoutLine: {'line': b'-- Up-to-date: /home/subhalaxmi/nidar_ws/install/px4_msgs/include/px4_msgs/px4_msgs/msg/detail/parameter_set_value_response__struct.h\n'}
[5.782878] (px4_msgs) StdoutLine: {'line': b'-- Up-to-date: /home/subhalaxmi/nidar_ws/install/px4_msgs/include/px4_msgs/px4_msgs/msg/detail/rover_steering_setpoint__functions.c\n'}
[5.783313] (px4_msgs) StdoutLine: {'line': b'-- Up-to-date: /home/subhalaxmi/nidar_ws/install/px4_msgs/include/px4_msgs/px4_msgs/msg/detail/battery_info__struct.h\n'}
[5.783463] (px4_msgs) StdoutLine: {'line': b'-- Up-to-date: /home/subhalaxmi/nidar_ws/install/px4_msgs/include/px4_msgs/px4_msgs/msg/detail/rover_speed_status__struct.h\n'}
[5.783592] (px4_msgs) StdoutLine: {'line': b'-- Up-to-date: /home/subhalaxmi/nidar_ws/install/px4_msgs/include/px4_msgs/px4_msgs/msg/detail/control_allocator_status__struct.h\n'}
[5.783719] (px4_msgs) StdoutLine: {'line': b'-- Up-to-date: /home/subhalaxmi/nidar_ws/install/px4_msgs/include/px4_msgs/px4_msgs/msg/detail/parameter_set_value_response__functions.h\n'}
[5.783885] (px4_msgs) StdoutLine: {'line': b'-- Up-to-date: /home/subhalaxmi/nidar_ws/install/px4_msgs/include/px4_msgs/px4_msgs/msg/detail/sensor_gyro_fifo__type_support.h\n'}
[5.784014] (px4_msgs) StdoutLine: {'line': b'-- Up-to-date: /home/subhalaxmi/nidar_ws/install/px4_msgs/include/px4_msgs/px4_msgs/msg/detail/led_control__functions.h\n'}
[5.784153] (px4_msgs) StdoutLine: {'line': b'-- Up-to-date: /home/subhalaxmi/nidar_ws/install/px4_msgs/include/px4_msgs/px4_msgs/msg/detail/unregister_ext_component__functions.h\n'}
[5.784292] (px4_msgs) StdoutLine: {'line': b'-- Up-to-date: /home/subhalaxmi/nidar_ws/install/px4_msgs/include/px4_msgs/px4_msgs/msg/detail/airspeed__type_support.h\n'}
[5.784410] (px4_msgs) StdoutLine: {'line': b'-- Up-to-date: /home/subhalaxmi/nidar_ws/install/px4_msgs/include/px4_msgs/px4_msgs/msg/detail/rover_rate_setpoint__struct.h\n'}
[5.784523] (px4_msgs) StdoutLine: {'line': b'-- Up-to-date: /home/subhalaxmi/nidar_ws/install/px4_msgs/include/px4_msgs/px4_msgs/msg/detail/dataman_response__type_support.h\n'}
[5.784675] (px4_msgs) StdoutLine: {'line': b'-- Up-to-date: /home/subhalaxmi/nidar_ws/install/px4_msgs/include/px4_msgs/px4_msgs/msg/detail/mission_result__type_support.h\n'}
[5.784844] (px4_msgs) StdoutLine: {'line': b'-- Up-to-date: /home/subhalaxmi/nidar_ws/install/px4_msgs/include/px4_msgs/px4_msgs/msg/detail/action_request__struct.h\n'}
[5.784986] (px4_msgs) StdoutLine: {'line': b'-- Up-to-date: /home/subhalaxmi/nidar_ws/install/px4_msgs/include/px4_msgs/px4_msgs/msg/detail/esc_status__struct.h\n'}
[5.785158] (px4_msgs) StdoutLine: {'line': b'-- Up-to-date: /home/subhalaxmi/nidar_ws/install/px4_msgs/include/px4_msgs/px4_msgs/msg/detail/vehicle_imu_status__struct.h\n'}
[5.785895] (px4_msgs) StdoutLine: {'line': b'-- Up-to-date: /home/subhalaxmi/nidar_ws/install/px4_msgs/include/px4_msgs/px4_msgs/msg/detail/rate_ctrl_status__struct.h\n'}
[5.786033] (px4_msgs) StdoutLine: {'line': b'-- Up-to-date: /home/subhalaxmi/nidar_ws/install/px4_msgs/include/px4_msgs/px4_msgs/msg/detail/vehicle_optical_flow_vel__type_support.h\n'}
[5.786178] (px4_msgs) StdoutLine: {'line': b'-- Up-to-date: /home/subhalaxmi/nidar_ws/install/px4_msgs/include/px4_msgs/px4_msgs/msg/detail/rover_throttle_setpoint__type_support.h\n'}
[5.786317] (px4_msgs) StdoutLine: {'line': b'-- Up-to-date: /home/subhalaxmi/nidar_ws/install/px4_msgs/include/px4_msgs/px4_msgs/msg/detail/config_overrides__functions.c\n'}
[5.786485] (px4_msgs) StdoutLine: {'line': b'-- Up-to-date: /home/subhalaxmi/nidar_ws/install/px4_msgs/include/px4_msgs/px4_msgs/msg/detail/vehicle_constraints__type_support.h\n'}
[5.786612] (px4_msgs) StdoutLine: {'line': b'-- Up-to-date: /home/subhalaxmi/nidar_ws/install/px4_msgs/include/px4_msgs/px4_msgs/msg/detail/tiltrotor_extra_controls__functions.h\n'}
[5.786738] (px4_msgs) StdoutLine: {'line': b'-- Up-to-date: /home/subhalaxmi/nidar_ws/install/px4_msgs/include/px4_msgs/px4_msgs/msg/detail/ekf2_timestamps__functions.h\n'}
[5.786870] (px4_msgs) StdoutLine: {'line': b'-- Up-to-date: /home/subhalaxmi/nidar_ws/install/px4_msgs/include/px4_msgs/px4_msgs/msg/detail/camera_trigger__struct.h\n'}
[5.786988] (px4_msgs) StdoutLine: {'line': b'-- Up-to-date: /home/subhalaxmi/nidar_ws/install/px4_msgs/include/px4_msgs/px4_msgs/msg/detail/sensor_accel__struct.h\n'}
[5.787099] (px4_msgs) StdoutLine: {'line': b'-- Up-to-date: /home/subhalaxmi/nidar_ws/install/px4_msgs/include/px4_msgs/px4_msgs/msg/detail/input_rc__functions.h\n'}
[5.787349] (px4_msgs) StdoutLine: {'line': b'-- Up-to-date: /home/subhalaxmi/nidar_ws/install/px4_msgs/include/px4_msgs/px4_msgs/msg/detail/qshell_req__functions.h\n'}
[5.787626] (px4_msgs) StdoutLine: {'line': b'-- Up-to-date: /home/subhalaxmi/nidar_ws/install/px4_msgs/include/px4_msgs/px4_msgs/msg/detail/sensor_temp__type_support.h\n'}
[5.787754] (px4_msgs) StdoutLine: {'line': b'-- Up-to-date: /home/subhalaxmi/nidar_ws/install/px4_msgs/include/px4_msgs/px4_msgs/msg/detail/wind__struct.h\n'}
[5.787880] (px4_msgs) StdoutLine: {'line': b'-- Up-to-date: /home/subhalaxmi/nidar_ws/install/px4_msgs/include/px4_msgs/px4_msgs/msg/detail/estimator_states__struct.h\n'}
[5.788013] (px4_msgs) StdoutLine: {'line': b'-- Up-to-date: /home/subhalaxmi/nidar_ws/install/px4_msgs/include/px4_msgs/px4_msgs/msg/detail/landing_target_innovations__functions.h\n'}
[5.788154] (px4_msgs) StdoutLine: {'line': b'-- Up-to-date: /home/subhalaxmi/nidar_ws/install/px4_msgs/include/px4_msgs/px4_msgs/msg/detail/yaw_estimator_status__functions.h\n'}
[5.788367] (px4_msgs) StdoutLine: {'line': b'-- Up-to-date: /home/subhalaxmi/nidar_ws/install/px4_msgs/include/px4_msgs/px4_msgs/msg/detail/gpio_out__struct.h\n'}
[5.788494] (px4_msgs) StdoutLine: {'line': b'-- Up-to-date: /home/subhalaxmi/nidar_ws/install/px4_msgs/include/px4_msgs/px4_msgs/msg/detail/raptor_input__type_support.h\n'}
[5.788616] (px4_msgs) StdoutLine: {'line': b'-- Up-to-date: /home/subhalaxmi/nidar_ws/install/px4_msgs/include/px4_msgs/px4_msgs/msg/detail/gimbal_manager_information__struct.h\n'}
[5.789173] (px4_msgs) StdoutLine: {'line': b'-- Up-to-date: /home/subhalaxmi/nidar_ws/install/px4_msgs/include/px4_msgs/px4_msgs/msg/detail/estimator_bias__functions.c\n'}
[5.789290] (px4_msgs) StdoutLine: {'line': b'-- Up-to-date: /home/subhalaxmi/nidar_ws/install/px4_msgs/include/px4_msgs/px4_msgs/msg/detail/parameter_set_used_request__type_support.h\n'}
[5.789398] (px4_msgs) StdoutLine: {'line': b'-- Up-to-date: /home/subhalaxmi/nidar_ws/install/px4_msgs/include/px4_msgs/px4_msgs/msg/detail/vehicle_odometry__functions.h\n'}
[5.789500] (px4_msgs) StdoutLine: {'line': b'-- Up-to-date: /home/subhalaxmi/nidar_ws/install/px4_msgs/include/px4_msgs/px4_msgs/msg/detail/sensor_hygrometer__functions.c\n'}
[5.789599] (px4_msgs) StdoutLine: {'line': b'-- Up-to-date: /home/subhalaxmi/nidar_ws/install/px4_msgs/include/px4_msgs/px4_msgs/msg/detail/vehicle_control_mode__struct.h\n'}
[5.789721] (px4_msgs) StdoutLine: {'line': b'-- Up-to-date: /home/subhalaxmi/nidar_ws/install/px4_msgs/include/px4_msgs/px4_msgs/msg/detail/vehicle_imu__type_support.h\n'}
[5.789830] (px4_msgs) StdoutLine: {'line': b'-- Up-to-date: /home/subhalaxmi/nidar_ws/install/px4_msgs/include/px4_msgs/px4_msgs/msg/detail/fixed_wing_lateral_guidance_status__struct.h\n'}
[5.789949] (px4_msgs) StdoutLine: {'line': b'-- Up-to-date: /home/subhalaxmi/nidar_ws/install/px4_msgs/include/px4_msgs/px4_msgs/msg/detail/button_event__struct.h\n'}
[5.790058] (px4_msgs) StdoutLine: {'line': b'-- Up-to-date: /home/subhalaxmi/nidar_ws/install/px4_msgs/include/px4_msgs/px4_msgs/msg/detail/home_position__type_support.h\n'}
[5.790279] (px4_msgs) StdoutLine: {'line': b'-- Up-to-date: /home/subhalaxmi/nidar_ws/install/px4_msgs/include/px4_msgs/px4_msgs/msg/detail/vehicle_global_position__struct.h\n'}
[5.790385] (px4_msgs) StdoutLine: {'line': b'-- Up-to-date: /home/subhalaxmi/nidar_ws/install/px4_msgs/include/px4_msgs/px4_msgs/msg/detail/sensor_preflight_mag__functions.h\n'}
[5.790541] (px4_msgs) StdoutLine: {'line': b'-- Up-to-date: /home/subhalaxmi/nidar_ws/install/px4_msgs/include/px4_msgs/px4_msgs/msg/detail/power_button_state__struct.h\n'}
[5.790649] (px4_msgs) StdoutLine: {'line': b'-- Up-to-date: /home/subhalaxmi/nidar_ws/install/px4_msgs/include/px4_msgs/px4_msgs/msg/detail/sensor_correction__struct.h\n'}
[5.790750] (px4_msgs) StdoutLine: {'line': b'-- Up-to-date: /home/subhalaxmi/nidar_ws/install/px4_msgs/include/px4_msgs/px4_msgs/msg/detail/rc_channels__functions.h\n'}
[5.790850] (px4_msgs) StdoutLine: {'line': b'-- Up-to-date: /home/subhalaxmi/nidar_ws/install/px4_msgs/include/px4_msgs/px4_msgs/msg/detail/longitudinal_control_configuration__functions.h\n'}
[5.790971] (px4_msgs) StdoutLine: {'line': b'-- Up-to-date: /home/subhalaxmi/nidar_ws/install/px4_msgs/include/px4_msgs/px4_msgs/msg/detail/ping__struct.h\n'}
[5.791096] (px4_msgs) StdoutLine: {'line': b'-- Up-to-date: /home/subhalaxmi/nidar_ws/install/px4_msgs/include/px4_msgs/px4_msgs/msg/detail/gimbal_manager_set_manual_control__type_support.h\n'}
[5.791237] (px4_msgs) StdoutLine: {'line': b'-- Up-to-date: /home/subhalaxmi/nidar_ws/install/px4_msgs/include/px4_msgs/px4_msgs/msg/detail/camera_trigger__functions.c\n'}
[5.791353] (px4_msgs) StdoutLine: {'line': b'-- Up-to-date: /home/subhalaxmi/nidar_ws/install/px4_msgs/include/px4_msgs/px4_msgs/msg/detail/position_setpoint__functions.h\n'}
[5.791464] (px4_msgs) StdoutLine: {'line': b'-- Up-to-date: /home/subhalaxmi/nidar_ws/install/px4_msgs/include/px4_msgs/px4_msgs/msg/detail/mount_orientation__type_support.h\n'}
[5.791574] (px4_msgs) StdoutLine: {'line': b'-- Up-to-date: /home/subhalaxmi/nidar_ws/install/px4_msgs/include/px4_msgs/px4_msgs/msg/detail/navigator_status__functions.c\n'}
[5.791690] (px4_msgs) StdoutLine: {'line': b'-- Up-to-date: /home/subhalaxmi/nidar_ws/install/px4_msgs/include/px4_msgs/px4_msgs/msg/detail/flight_phase_estimation__type_support.h\n'}
[5.791818] (px4_msgs) StdoutLine: {'line': b'-- Up-to-date: /home/subhalaxmi/nidar_ws/install/px4_msgs/include/px4_msgs/px4_msgs/msg/detail/position_setpoint_triplet__struct.h\n'}
[5.791945] (px4_msgs) StdoutLine: {'line': b'-- Up-to-date: /home/subhalaxmi/nidar_ws/install/px4_msgs/include/px4_msgs/px4_msgs/msg/detail/mount_orientation__functions.c\n'}
[5.792072] (px4_msgs) StdoutLine: {'line': b'-- Up-to-date: /home/subhalaxmi/nidar_ws/install/px4_msgs/include/px4_msgs/px4_msgs/msg/detail/vtx__functions.c\n'}
[5.792497] (px4_msgs) StdoutLine: {'line': b'-- Up-to-date: /home/subhalaxmi/nidar_ws/install/px4_msgs/include/px4_msgs/px4_msgs/msg/detail/mission_result__functions.h\n'}
[5.792633] (px4_msgs) StdoutLine: {'line': b'-- Up-to-date: /home/subhalaxmi/nidar_ws/install/px4_msgs/include/px4_msgs/px4_msgs/msg/detail/vehicle_imu__struct.h\n'}
[5.792759] (px4_msgs) StdoutLine: {'line': b'-- Up-to-date: /home/subhalaxmi/nidar_ws/install/px4_msgs/include/px4_msgs/px4_msgs/msg/detail/open_drone_id_arm_status__type_support.h\n'}
[5.792887] (px4_msgs) StdoutLine: {'line': b'-- Up-to-date: /home/subhalaxmi/nidar_ws/install/px4_msgs/include/px4_msgs/px4_msgs/msg/detail/vehicle_local_position__functions.c\n'}
[5.793014] (px4_msgs) StdoutLine: {'line': b'-- Up-to-date: /home/subhalaxmi/nidar_ws/install/px4_msgs/include/px4_msgs/px4_msgs/msg/detail/airspeed_validated__type_support.h\n'}
[5.793147] (px4_msgs) StdoutLine: {'line': b'-- Up-to-date: /home/subhalaxmi/nidar_ws/install/px4_msgs/include/px4_msgs/px4_msgs/msg/detail/estimator_states__functions.h\n'}
[5.793321] (px4_msgs) StdoutLine: {'line': b'-- Up-to-date: /home/subhalaxmi/nidar_ws/install/px4_msgs/include/px4_msgs/px4_msgs/msg/detail/estimator_gps_status__type_support.h\n'}
[5.793639] (px4_msgs) StdoutLine: {'line': b'-- Up-to-date: /home/subhalaxmi/nidar_ws/install/px4_msgs/include/px4_msgs/px4_msgs/msg/detail/internal_combustion_engine_status__functions.c\n'}
[5.793863] (px4_msgs) StdoutLine: {'line': b'-- Up-to-date: /home/subhalaxmi/nidar_ws/install/px4_msgs/include/px4_msgs/px4_msgs/msg/detail/satellite_info__type_support.h\n'}
[5.793992] (px4_msgs) StdoutLine: {'line': b'-- Up-to-date: /home/subhalaxmi/nidar_ws/install/px4_msgs/include/px4_msgs/px4_msgs/msg/detail/generator_status__type_support.h\n'}
[5.794129] (px4_msgs) StdoutLine: {'line': b'-- Up-to-date: /home/subhalaxmi/nidar_ws/install/px4_msgs/include/px4_msgs/px4_msgs/msg/detail/cpuload__type_support.h\n'}
[5.794302] (px4_msgs) StdoutLine: {'line': b'-- Up-to-date: /home/subhalaxmi/nidar_ws/install/px4_msgs/include/px4_msgs/px4_msgs/msg/detail/actuator_servos_trim__struct.h\n'}
[5.794428] (px4_msgs) StdoutLine: {'line': b'-- Up-to-date: /home/subhalaxmi/nidar_ws/install/px4_msgs/include/px4_msgs/px4_msgs/msg/detail/transponder_report__type_support.h\n'}
[5.794555] (px4_msgs) StdoutLine: {'line': b'-- Up-to-date: /home/subhalaxmi/nidar_ws/install/px4_msgs/include/px4_msgs/px4_msgs/msg/detail/estimator_aid_source3d__type_support.h\n'}
[5.794683] (px4_msgs) StdoutLine: {'line': b'-- Up-to-date: /home/subhalaxmi/nidar_ws/install/px4_msgs/include/px4_msgs/px4_msgs/msg/detail/rc_parameter_map__type_support.h\n'}
[5.794807] (px4_msgs) StdoutLine: {'line': b'-- Up-to-date: /home/subhalaxmi/nidar_ws/install/px4_msgs/include/px4_msgs/px4_msgs/msg/detail/vehicle_attitude__functions.h\n'}
[5.794936] (px4_msgs) StdoutLine: {'line': b'-- Up-to-date: /home/subhalaxmi/nidar_ws/install/px4_msgs/include/px4_msgs/px4_msgs/msg/detail/onboard_computer_status__type_support.h\n'}
[5.795064] (px4_msgs) StdoutLine: {'line': b'-- Up-to-date: /home/subhalaxmi/nidar_ws/install/px4_msgs/include/px4_msgs/px4_msgs/msg/detail/sensor_temp__struct.h\n'}
[5.795213] (px4_msgs) StdoutLine: {'line': b'-- Up-to-date: /home/subhalaxmi/nidar_ws/install/px4_msgs/include/px4_msgs/px4_msgs/msg/detail/rover_steering_setpoint__struct.h\n'}
[5.795343] (px4_msgs) StdoutLine: {'line': b'-- Up-to-date: /home/subhalaxmi/nidar_ws/install/px4_msgs/include/px4_msgs/px4_msgs/msg/detail/rover_speed_status__functions.h\n'}
[5.795470] (px4_msgs) StdoutLine: {'line': b'-- Up-to-date: /home/subhalaxmi/nidar_ws/install/px4_msgs/include/px4_msgs/px4_msgs/msg/detail/tecs_status__functions.c\n'}
[5.795598] (px4_msgs) StdoutLine: {'line': b'-- Up-to-date: /home/subhalaxmi/nidar_ws/install/px4_msgs/include/px4_msgs/px4_msgs/msg/detail/airspeed_wind__functions.h\n'}
[5.795721] (px4_msgs) StdoutLine: {'line': b'-- Up-to-date: /home/subhalaxmi/nidar_ws/install/px4_msgs/include/px4_msgs/px4_msgs/msg/detail/goto_setpoint__struct.h\n'}
[5.795845] (px4_msgs) StdoutLine: {'line': b'-- Up-to-date: /home/subhalaxmi/nidar_ws/install/px4_msgs/include/px4_msgs/px4_msgs/msg/detail/landing_target_pose__struct.h\n'}
[5.795970] (px4_msgs) StdoutLine: {'line': b'-- Up-to-date: /home/subhalaxmi/nidar_ws/install/px4_msgs/include/px4_msgs/px4_msgs/msg/detail/camera_capture__functions.c\n'}
[5.796096] (px4_msgs) StdoutLine: {'line': b'-- Up-to-date: /home/subhalaxmi/nidar_ws/install/px4_msgs/include/px4_msgs/px4_msgs/msg/detail/debug_array__functions.h\n'}
[5.796243] (px4_msgs) StdoutLine: {'line': b'-- Up-to-date: /home/subhalaxmi/nidar_ws/install/px4_msgs/include/px4_msgs/px4_msgs/msg/detail/landing_gear_wheel__functions.h\n'}
[5.796373] (px4_msgs) StdoutLine: {'line': b'-- Up-to-date: /home/subhalaxmi/nidar_ws/install/px4_msgs/include/px4_msgs/px4_msgs/msg/detail/yaw_estimator_status__functions.c\n'}
[5.796501] (px4_msgs) StdoutLine: {'line': b'-- Up-to-date: /home/subhalaxmi/nidar_ws/install/px4_msgs/include/px4_msgs/px4_msgs/msg/detail/gimbal_device_attitude_status__type_support.h\n'}
[5.796627] (px4_msgs) StdoutLine: {'line': b'-- Up-to-date: /home/subhalaxmi/nidar_ws/install/px4_msgs/include/px4_msgs/px4_msgs/msg/detail/mavlink_tunnel__type_support.h\n'}
[5.796751] (px4_msgs) StdoutLine: {'line': b'-- Up-to-date: /home/subhalaxmi/nidar_ws/install/px4_msgs/include/px4_msgs/px4_msgs/msg/detail/sensor_gyro_fft__struct.h\n'}
[5.796978] (px4_msgs) StdoutLine: {'line': b'-- Up-to-date: /home/subhalaxmi/nidar_ws/install/px4_msgs/include/px4_msgs/px4_msgs/msg/detail/arming_check_request__functions.h\n'}
[5.797105] (px4_msgs) StdoutLine: {'line': b'-- Up-to-date: /home/subhalaxmi/nidar_ws/install/px4_msgs/include/px4_msgs/px4_msgs/msg/detail/follow_target__struct.h\n'}
[5.797658] (px4_msgs) StdoutLine: {'line': b'-- Up-to-date: /home/subhalaxmi/nidar_ws/install/px4_msgs/include/px4_msgs/px4_msgs/msg/detail/flight_phase_estimation__functions.h\n'}
[5.797791] (px4_msgs) StdoutLine: {'line': b'-- Up-to-date: /home/subhalaxmi/nidar_ws/install/px4_msgs/include/px4_msgs/px4_msgs/msg/detail/obstacle_distance__struct.h\n'}
[5.797920] (px4_msgs) StdoutLine: {'line': b'-- Up-to-date: /home/subhalaxmi/nidar_ws/install/px4_msgs/include/px4_msgs/px4_msgs/msg/detail/log_message__type_support.h\n'}
[5.798048] (px4_msgs) StdoutLine: {'line': b'-- Up-to-date: /home/subhalaxmi/nidar_ws/install/px4_msgs/include/px4_msgs/px4_msgs/msg/detail/estimator_bias3d__functions.c\n'}
[5.798490] (px4_msgs) StdoutLine: {'line': b'-- Up-to-date: /home/subhalaxmi/nidar_ws/install/px4_msgs/include/px4_msgs/px4_msgs/msg/detail/orb_test__struct.h\n'}
[5.798728] (px4_msgs) StdoutLine: {'line': b'-- Up-to-date: /home/subhalaxmi/nidar_ws/install/px4_msgs/include/px4_msgs/px4_msgs/msg/detail/pps_capture__functions.c\n'}
[5.798854] (px4_msgs) StdoutLine: {'line': b'-- Up-to-date: /home/subhalaxmi/nidar_ws/install/px4_msgs/include/px4_msgs/px4_msgs/msg/detail/message_format_response__functions.h\n'}
[5.799089] (px4_msgs) StdoutLine: {'line': b'-- Up-to-date: /home/subhalaxmi/nidar_ws/install/px4_msgs/include/px4_msgs/px4_msgs/msg/detail/vehicle_acceleration__struct.h\n'}
[5.799243] (px4_msgs) StdoutLine: {'line': b'-- Up-to-date: /home/subhalaxmi/nidar_ws/install/px4_msgs/include/px4_msgs/px4_msgs/msg/detail/task_stack_info__functions.c\n'}
[5.799376] (px4_msgs) StdoutLine: {'line': b'-- Up-to-date: /home/subhalaxmi/nidar_ws/install/px4_msgs/include/px4_msgs/px4_msgs/msg/detail/vehicle_local_position__struct.h\n'}
[5.799502] (px4_msgs) StdoutLine: {'line': b'-- Up-to-date: /home/subhalaxmi/nidar_ws/install/px4_msgs/include/px4_msgs/px4_msgs/msg/detail/ekf2_timestamps__functions.c\n'}
[5.799630] (px4_msgs) StdoutLine: {'line': b'-- Up-to-date: /home/subhalaxmi/nidar_ws/install/px4_msgs/include/px4_msgs/px4_msgs/msg/detail/vehicle_land_detected__type_support.h\n'}
[5.799753] (px4_msgs) StdoutLine: {'line': b'-- Up-to-date: /home/subhalaxmi/nidar_ws/install/px4_msgs/include/px4_msgs/px4_msgs/msg/detail/vehicle_attitude_setpoint__functions.c\n'}
[5.799877] (px4_msgs) StdoutLine: {'line': b'-- Up-to-date: /home/subhalaxmi/nidar_ws/install/px4_msgs/include/px4_msgs/px4_msgs/msg/detail/vehicle_command_ack__type_support.h\n'}
[5.800001] (px4_msgs) StdoutLine: {'line': b'-- Up-to-date: /home/subhalaxmi/nidar_ws/install/px4_msgs/include/px4_msgs/px4_msgs/msg/detail/camera_capture__functions.h\n'}
[5.800134] (px4_msgs) StdoutLine: {'line': b'-- Up-to-date: /home/subhalaxmi/nidar_ws/install/px4_msgs/include/px4_msgs/px4_msgs/msg/detail/landing_target_innovations__struct.h\n'}
[5.800273] (px4_msgs) StdoutLine: {'line': b'-- Up-to-date: /home/subhalaxmi/nidar_ws/install/px4_msgs/include/px4_msgs/px4_msgs/msg/detail/normalized_unsigned_setpoint__type_support.h\n'}
[5.800399] (px4_msgs) StdoutLine: {'line': b'-- Up-to-date: /home/subhalaxmi/nidar_ws/install/px4_msgs/include/px4_msgs/px4_msgs/msg/detail/orb_test__type_support.h\n'}
[5.800525] (px4_msgs) StdoutLine: {'line': b'-- Up-to-date: /home/subhalaxmi/nidar_ws/install/px4_msgs/include/px4_msgs/px4_msgs/msg/detail/ping__functions.c\n'}
[5.800650] (px4_msgs) StdoutLine: {'line': b'-- Up-to-date: /home/subhalaxmi/nidar_ws/install/px4_msgs/include/px4_msgs/px4_msgs/msg/detail/heater_status__functions.h\n'}
[5.800773] (px4_msgs) StdoutLine: {'line': b'-- Up-to-date: /home/subhalaxmi/nidar_ws/install/px4_msgs/include/px4_msgs/px4_msgs/msg/detail/sensor_gnss_relative__type_support.h\n'}
[5.800945] (px4_msgs) StdoutLine: {'line': b'-- Up-to-date: /home/subhalaxmi/nidar_ws/install/px4_msgs/include/px4_msgs/px4_msgs/msg/detail/pwm_input__struct.h\n'}
[5.801072] (px4_msgs) StdoutLine: {'line': b'-- Up-to-date: /home/subhalaxmi/nidar_ws/install/px4_msgs/include/px4_msgs/px4_msgs/msg/detail/airspeed__functions.c\n'}
[5.801218] (px4_msgs) StdoutLine: {'line': b'-- Up-to-date: /home/subhalaxmi/nidar_ws/install/px4_msgs/include/px4_msgs/px4_msgs/msg/detail/gain_compression__functions.h\n'}
[5.801348] (px4_msgs) StdoutLine: {'line': b'-- Up-to-date: /home/subhalaxmi/nidar_ws/install/px4_msgs/include/px4_msgs/px4_msgs/msg/detail/estimator_innovations__functions.c\n'}
[5.801469] (px4_msgs) StdoutLine: {'line': b'-- Up-to-date: /home/subhalaxmi/nidar_ws/install/px4_msgs/include/px4_msgs/px4_msgs/msg/detail/tune_control__struct.h\n'}
[5.801597] (px4_msgs) StdoutLine: {'line': b'-- Up-to-date: /home/subhalaxmi/nidar_ws/install/px4_msgs/include/px4_msgs/px4_msgs/msg/detail/estimator_status_flags__functions.c\n'}
[5.801723] (px4_msgs) StdoutLine: {'line': b'-- Up-to-date: /home/subhalaxmi/nidar_ws/install/px4_msgs/include/px4_msgs/px4_msgs/msg/detail/vehicle_optical_flow__functions.h\n'}
[5.801850] (px4_msgs) StdoutLine: {'line': b'-- Up-to-date: /home/subhalaxmi/nidar_ws/install/px4_msgs/include/px4_msgs/px4_msgs/msg/detail/action_request__functions.h\n'}
[5.801976] (px4_msgs) StdoutLine: {'line': b'-- Up-to-date: /home/subhalaxmi/nidar_ws/install/px4_msgs/include/px4_msgs/px4_msgs/msg/detail/sensor_selection__struct.h\n'}
[5.802098] (px4_msgs) StdoutLine: {'line': b'-- Up-to-date: /home/subhalaxmi/nidar_ws/install/px4_msgs/include/px4_msgs/px4_msgs/msg/detail/offboard_control_mode__type_support.h\n'}
[5.802240] (px4_msgs) StdoutLine: {'line': b'-- Up-to-date: /home/subhalaxmi/nidar_ws/install/px4_msgs/include/px4_msgs/px4_msgs/msg/detail/position_controller_status__functions.c\n'}
[5.802368] (px4_msgs) StdoutLine: {'line': b'-- Up-to-date: /home/subhalaxmi/nidar_ws/install/px4_msgs/include/px4_msgs/px4_msgs/msg/detail/actuator_test__functions.c\n'}
[5.802494] (px4_msgs) StdoutLine: {'line': b'-- Up-to-date: /home/subhalaxmi/nidar_ws/install/px4_msgs/include/px4_msgs/px4_msgs/msg/detail/landing_gear__functions.c\n'}
[5.802619] (px4_msgs) StdoutLine: {'line': b'-- Up-to-date: /home/subhalaxmi/nidar_ws/install/px4_msgs/include/px4_msgs/px4_msgs/msg/detail/open_drone_id_self_id__functions.h\n'}
[5.803051] (px4_msgs) StdoutLine: {'line': b'-- Up-to-date: /home/subhalaxmi/nidar_ws/install/px4_msgs/include/px4_msgs/px4_msgs/msg/detail/transponder_report__functions.c\n'}
[5.803398] (px4_msgs) StdoutLine: {'line': b'-- Up-to-date: /home/subhalaxmi/nidar_ws/install/px4_msgs/include/px4_msgs/px4_msgs/msg/detail/rc_channels__struct.h\n'}
[5.803520] (px4_msgs) StdoutLine: {'line': b'-- Up-to-date: /home/subhalaxmi/nidar_ws/install/px4_msgs/include/px4_msgs/px4_msgs/msg/detail/timesync_status__type_support.h\n'}
[5.803632] (px4_msgs) StdoutLine: {'line': b'-- Up-to-date: /home/subhalaxmi/nidar_ws/install/px4_msgs/include/px4_msgs/px4_msgs/msg/detail/magnetometer_bias_estimate__functions.h\n'}
[5.803742] (px4_msgs) StdoutLine: {'line': b'-- Up-to-date: /home/subhalaxmi/nidar_ws/install/px4_msgs/include/px4_msgs/px4_msgs/msg/detail/manual_control_switches__type_support.h\n'}
[5.804083] (px4_msgs) StdoutLine: {'line': b'-- Up-to-date: /home/subhalaxmi/nidar_ws/install/px4_msgs/include/px4_msgs/px4_msgs/msg/detail/gimbal_device_attitude_status__functions.h\n'}
[5.804227] (px4_msgs) StdoutLine: {'line': b'-- Up-to-date: /home/subhalaxmi/nidar_ws/install/px4_msgs/include/px4_msgs/px4_msgs/msg/detail/generator_status__struct.h\n'}
[5.804343] (px4_msgs) StdoutLine: {'line': b'-- Up-to-date: /home/subhalaxmi/nidar_ws/install/px4_msgs/include/px4_msgs/px4_msgs/msg/detail/cpuload__functions.c\n'}
[5.804454] (px4_msgs) StdoutLine: {'line': b'-- Up-to-date: /home/subhalaxmi/nidar_ws/install/px4_msgs/include/px4_msgs/px4_msgs/msg/detail/vehicle_command_ack__struct.h\n'}
[5.804611] (px4_msgs) StdoutLine: {'line': b'-- Up-to-date: /home/subhalaxmi/nidar_ws/install/px4_msgs/include/px4_msgs/px4_msgs/msg/detail/heater_status__struct.h\n'}
[5.804730] (px4_msgs) StdoutLine: {'line': b'-- Up-to-date: /home/subhalaxmi/nidar_ws/install/px4_msgs/include/px4_msgs/px4_msgs/msg/detail/vehicle_acceleration__functions.c\n'}
[5.804847] (px4_msgs) StdoutLine: {'line': b'-- Up-to-date: /home/subhalaxmi/nidar_ws/install/px4_msgs/include/px4_msgs/px4_msgs/msg/detail/navigator_status__functions.h\n'}
[5.804958] (px4_msgs) StdoutLine: {'line': b'-- Up-to-date: /home/subhalaxmi/nidar_ws/install/px4_msgs/include/px4_msgs/px4_msgs/msg/detail/actuator_armed__functions.c\n'}
[5.805077] (px4_msgs) StdoutLine: {'line': b'-- Up-to-date: /home/subhalaxmi/nidar_ws/install/px4_msgs/include/px4_msgs/px4_msgs/msg/detail/log_message__functions.h\n'}
[5.805286] (px4_msgs) StdoutLine: {'line': b'-- Up-to-date: /home/subhalaxmi/nidar_ws/install/px4_msgs/include/px4_msgs/px4_msgs/msg/detail/telemetry_status__type_support.h\n'}
[5.805416] (px4_msgs) StdoutLine: {'line': b'-- Up-to-date: /home/subhalaxmi/nidar_ws/install/px4_msgs/include/px4_msgs/px4_msgs/msg/detail/magnetometer_bias_estimate__type_support.h\n'}
[5.805543] (px4_msgs) StdoutLine: {'line': b'-- Up-to-date: /home/subhalaxmi/nidar_ws/install/px4_msgs/include/px4_msgs/px4_msgs/msg/detail/manual_control_setpoint__struct.h\n'}
[5.805674] (px4_msgs) StdoutLine: {'line': b'-- Up-to-date: /home/subhalaxmi/nidar_ws/install/px4_msgs/include/px4_msgs/px4_msgs/msg/detail/sensor_airflow__struct.h\n'}
[5.805803] (px4_msgs) StdoutLine: {'line': b'-- Up-to-date: /home/subhalaxmi/nidar_ws/install/px4_msgs/include/px4_msgs/px4_msgs/msg/detail/vehicle_angular_velocity__struct.h\n'}
[5.805928] (px4_msgs) StdoutLine: {'line': b'-- Up-to-date: /home/subhalaxmi/nidar_ws/install/px4_msgs/include/px4_msgs/px4_msgs/msg/detail/rpm__struct.h\n'}
[5.806054] (px4_msgs) StdoutLine: {'line': b'-- Up-to-date: /home/subhalaxmi/nidar_ws/install/px4_msgs/include/px4_msgs/px4_msgs/msg/detail/vehicle_optical_flow_vel__struct.h\n'}
[5.806449] (px4_msgs) StdoutLine: {'line': b'-- Up-to-date: /home/subhalaxmi/nidar_ws/install/px4_msgs/include/px4_msgs/px4_msgs/msg/detail/mag_worker_data__functions.c\n'}
[5.806668] (px4_msgs) StdoutLine: {'line': b'-- Up-to-date: /home/subhalaxmi/nidar_ws/install/px4_msgs/include/px4_msgs/px4_msgs/msg/detail/message_format_request__struct.h\n'}
[5.806796] (px4_msgs) StdoutLine: {'line': b'-- Up-to-date: /home/subhalaxmi/nidar_ws/install/px4_msgs/include/px4_msgs/px4_msgs/msg/detail/event__functions.c\n'}
[5.806927] (px4_msgs) StdoutLine: {'line': b'-- Up-to-date: /home/subhalaxmi/nidar_ws/install/px4_msgs/include/px4_msgs/px4_msgs/msg/detail/gimbal_manager_set_attitude__functions.c\n'}
[5.807057] (px4_msgs) StdoutLine: {'line': b'-- Up-to-date: /home/subhalaxmi/nidar_ws/install/px4_msgs/include/px4_msgs/px4_msgs/msg/detail/fixed_wing_runway_control__struct.h\n'}
[5.807352] (px4_msgs) StdoutLine: {'line': b'-- Up-to-date: /home/subhalaxmi/nidar_ws/install/px4_msgs/include/px4_msgs/px4_msgs/msg/detail/airspeed_wind__functions.c\n'}
[5.807533] (px4_msgs) StdoutLine: {'line': b'-- Up-to-date: /home/subhalaxmi/nidar_ws/install/px4_msgs/include/px4_msgs/px4_msgs/msg/detail/parameter_set_used_request__functions.c\n'}
[5.807660] (px4_msgs) StdoutLine: {'line': b'-- Up-to-date: /home/subhalaxmi/nidar_ws/install/px4_msgs/include/px4_msgs/px4_msgs/msg/detail/velocity_limits__functions.c\n'}
[5.807785] (px4_msgs) StdoutLine: {'line': b'-- Up-to-date: /home/subhalaxmi/nidar_ws/install/px4_msgs/include/px4_msgs/px4_msgs/msg/detail/mode_completed__functions.c\n'}
[5.807958] (px4_msgs) StdoutLine: {'line': b'-- Up-to-date: /home/subhalaxmi/nidar_ws/install/px4_msgs/include/px4_msgs/px4_msgs/msg/detail/vehicle_constraints__functions.c\n'}
[5.808086] (px4_msgs) StdoutLine: {'line': b'-- Up-to-date: /home/subhalaxmi/nidar_ws/install/px4_msgs/include/px4_msgs/px4_msgs/msg/detail/led_control__type_support.h\n'}
[5.808346] (px4_msgs) StdoutLine: {'line': b'-- Up-to-date: /home/subhalaxmi/nidar_ws/install/px4_msgs/include/px4_msgs/px4_msgs/msg/detail/sensor_accel__type_support.h\n'}
[5.808557] (px4_msgs) StdoutLine: {'line': b'-- Up-to-date: /home/subhalaxmi/nidar_ws/install/px4_msgs/include/px4_msgs/px4_msgs/msg/detail/follow_target_status__functions.h\n'}
[5.808687] (px4_msgs) StdoutLine: {'line': b'-- Up-to-date: /home/subhalaxmi/nidar_ws/install/px4_msgs/include/px4_msgs/px4_msgs/msg/detail/estimator_innovations__functions.h\n'}
[5.808813] (px4_msgs) StdoutLine: {'line': b'-- Up-to-date: /home/subhalaxmi/nidar_ws/install/px4_msgs/include/px4_msgs/px4_msgs/msg/detail/magnetometer_bias_estimate__struct.h\n'}
[5.808990] (px4_msgs) StdoutLine: {'line': b'-- Up-to-date: /home/subhalaxmi/nidar_ws/install/px4_msgs/include/px4_msgs/px4_msgs/msg/detail/dataman_request__functions.h\n'}
[5.809412] (px4_msgs) StdoutLine: {'line': b'-- Up-to-date: /home/subhalaxmi/nidar_ws/install/px4_msgs/include/px4_msgs/px4_msgs/msg/detail/estimator_sensor_bias__functions.h\n'}
[5.809605] (px4_msgs) StdoutLine: {'line': b'-- Up-to-date: /home/subhalaxmi/nidar_ws/install/px4_msgs/include/px4_msgs/px4_msgs/msg/detail/follow_target__type_support.h\n'}
[5.809739] (px4_msgs) StdoutLine: {'line': b'-- Up-to-date: /home/subhalaxmi/nidar_ws/install/px4_msgs/include/px4_msgs/px4_msgs/msg/detail/aux_global_position__type_support.h\n'}
[5.809868] (px4_msgs) StdoutLine: {'line': b'-- Up-to-date: /home/subhalaxmi/nidar_ws/install/px4_msgs/include/px4_msgs/px4_msgs/msg/detail/hover_thrust_estimate__struct.h\n'}
[5.810000] (px4_msgs) StdoutLine: {'line': b'-- Up-to-date: /home/subhalaxmi/nidar_ws/install/px4_msgs/include/px4_msgs/px4_msgs/msg/detail/vehicle_angular_acceleration_setpoint__struct.h\n'}
[5.810264] (px4_msgs) StdoutLine: {'line': b'-- Up-to-date: /home/subhalaxmi/nidar_ws/install/px4_msgs/include/px4_msgs/px4_msgs/msg/detail/debug_value__functions.c\n'}
[5.810487] (px4_msgs) StdoutLine: {'line': b'-- Up-to-date: /home/subhalaxmi/nidar_ws/install/px4_msgs/include/px4_msgs/px4_msgs/msg/detail/sensor_combined__type_support.h\n'}
[5.810686] (px4_msgs) StdoutLine: {'line': b'-- Up-to-date: /home/subhalaxmi/nidar_ws/install/px4_msgs/include/px4_msgs/px4_msgs/msg/detail/gimbal_manager_status__struct.h\n'}
[5.810883] (px4_msgs) StdoutLine: {'line': b'-- Up-to-date: /home/subhalaxmi/nidar_ws/install/px4_msgs/include/px4_msgs/px4_msgs/msg/detail/landing_target_pose__functions.c\n'}
[5.811081] (px4_msgs) StdoutLine: {'line': b'-- Up-to-date: /home/subhalaxmi/nidar_ws/install/px4_msgs/include/px4_msgs/px4_msgs/msg/detail/cpuload__functions.h\n'}
[5.811747] (px4_msgs) StdoutLine: {'line': b'-- Up-to-date: /home/subhalaxmi/nidar_ws/install/px4_msgs/include/px4_msgs/px4_msgs/msg/detail/gripper__struct.h\n'}
[5.811981] (px4_msgs) StdoutLine: {'line': b'-- Up-to-date: /home/subhalaxmi/nidar_ws/install/px4_msgs/include/px4_msgs/px4_msgs/msg/detail/unregister_ext_component__functions.c\n'}
[5.812223] (px4_msgs) StdoutLine: {'line': b'-- Up-to-date: /home/subhalaxmi/nidar_ws/install/px4_msgs/include/px4_msgs/px4_msgs/msg/detail/raptor_status__functions.h\n'}
[5.812458] (px4_msgs) StdoutLine: {'line': b'-- Up-to-date: /home/subhalaxmi/nidar_ws/install/px4_msgs/include/px4_msgs/px4_msgs/msg/detail/actuator_servos__struct.h\n'}
[5.812677] (px4_msgs) StdoutLine: {'line': b'-- Up-to-date: /home/subhalaxmi/nidar_ws/install/px4_msgs/include/px4_msgs/px4_msgs/msg/detail/button_event__functions.c\n'}
[5.812810] (px4_msgs) StdoutLine: {'line': b'-- Up-to-date: /home/subhalaxmi/nidar_ws/install/px4_msgs/include/px4_msgs/px4_msgs/msg/detail/estimator_sensor_bias__functions.c\n'}
[5.812919] (px4_msgs) StdoutLine: {'line': b'-- Up-to-date: /home/subhalaxmi/nidar_ws/install/px4_msgs/include/px4_msgs/px4_msgs/msg/detail/differential_pressure__type_support.h\n'}
[5.813023] (px4_msgs) StdoutLine: {'line': b'-- Up-to-date: /home/subhalaxmi/nidar_ws/install/px4_msgs/include/px4_msgs/px4_msgs/msg/detail/trajectory_setpoint6dof__type_support.h\n'}
[5.813147] (px4_msgs) StdoutLine: {'line': b'-- Up-to-date: /home/subhalaxmi/nidar_ws/install/px4_msgs/include/px4_msgs/px4_msgs/msg/detail/parameter_set_value_request__functions.c\n'}
[5.813315] (px4_msgs) StdoutLine: {'line': b'-- Up-to-date: /home/subhalaxmi/nidar_ws/install/px4_msgs/include/px4_msgs/px4_msgs/msg/detail/orb_test_large__functions.c\n'}
[5.813426] (px4_msgs) StdoutLine: {'line': b'-- Up-to-date: /home/subhalaxmi/nidar_ws/install/px4_msgs/include/px4_msgs/px4_msgs/msg/detail/pwm_input__functions.c\n'}
[5.813530] (px4_msgs) StdoutLine: {'line': b'-- Up-to-date: /home/subhalaxmi/nidar_ws/install/px4_msgs/include/px4_msgs/px4_msgs/msg/detail/led_control__struct.h\n'}
[5.813631] (px4_msgs) StdoutLine: {'line': b'-- Up-to-date: /home/subhalaxmi/nidar_ws/install/px4_msgs/include/px4_msgs/px4_msgs/msg/detail/gimbal_device_information__struct.h\n'}
[5.813742] (px4_msgs) StdoutLine: {'line': b'-- Up-to-date: /home/subhalaxmi/nidar_ws/install/px4_msgs/include/px4_msgs/px4_msgs/msg/detail/esc_report__functions.h\n'}
[5.813844] (px4_msgs) StdoutLine: {'line': b'-- Up-to-date: /home/subhalaxmi/nidar_ws/install/px4_msgs/include/px4_msgs/px4_msgs/msg/detail/manual_control_switches__functions.c\n'}
[5.813946] (px4_msgs) StdoutLine: {'line': b'-- Up-to-date: /home/subhalaxmi/nidar_ws/install/px4_msgs/include/px4_msgs/px4_msgs/msg/detail/satellite_info__struct.h\n'}
[5.814046] (px4_msgs) StdoutLine: {'line': b'-- Up-to-date: /home/subhalaxmi/nidar_ws/install/px4_msgs/include/px4_msgs/px4_msgs/msg/detail/position_setpoint__type_support.h\n'}
[5.814166] (px4_msgs) StdoutLine: {'line': b'-- Up-to-date: /home/subhalaxmi/nidar_ws/install/px4_msgs/include/px4_msgs/px4_msgs/msg/detail/obstacle_distance__functions.h\n'}
[5.814277] (px4_msgs) StdoutLine: {'line': b'-- Up-to-date: /home/subhalaxmi/nidar_ws/install/px4_msgs/include/px4_msgs/px4_msgs/msg/detail/longitudinal_control_configuration__type_support.h\n'}
[5.814379] (px4_msgs) StdoutLine: {'line': b'-- Up-to-date: /home/subhalaxmi/nidar_ws/install/px4_msgs/include/px4_msgs/px4_msgs/msg/detail/home_position__functions.h\n'}
[5.814553] (px4_msgs) StdoutLine: {'line': b'-- Up-to-date: /home/subhalaxmi/nidar_ws/install/px4_msgs/include/px4_msgs/px4_msgs/msg/detail/open_drone_id_operator_id__type_support.h\n'}
[5.814758] (px4_msgs) StdoutLine: {'line': b'-- Up-to-date: /home/subhalaxmi/nidar_ws/install/px4_msgs/include/px4_msgs/px4_msgs/msg/detail/sensors_status__type_support.h\n'}
[5.815558] (px4_msgs) StdoutLine: {'line': b'-- Up-to-date: /home/subhalaxmi/nidar_ws/install/px4_msgs/include/px4_msgs/px4_msgs/msg/detail/estimator_gps_status__struct.h\n'}
[5.815788] (px4_msgs) StdoutLine: {'line': b'-- Up-to-date: /home/subhalaxmi/nidar_ws/install/px4_msgs/include/px4_msgs/px4_msgs/msg/detail/onboard_computer_status__struct.h\n'}
[5.815997] (px4_msgs) StdoutLine: {'line': b'-- Up-to-date: /home/subhalaxmi/nidar_ws/install/px4_msgs/include/px4_msgs/px4_msgs/msg/detail/debug_vect__type_support.h\n'}
[5.816231] (px4_msgs) StdoutLine: {'line': b'-- Up-to-date: /home/subhalaxmi/nidar_ws/install/px4_msgs/include/px4_msgs/px4_msgs/msg/detail/parameter_set_value_request__functions.h\n'}
[5.816445] (px4_msgs) StdoutLine: {'line': b'-- Up-to-date: /home/subhalaxmi/nidar_ws/install/px4_msgs/include/px4_msgs/px4_msgs/msg/detail/can_interface_status__struct.h\n'}
[5.816635] (px4_msgs) StdoutLine: {'line': b'-- Up-to-date: /home/subhalaxmi/nidar_ws/install/px4_msgs/include/px4_msgs/px4_msgs/msg/detail/gimbal_manager_information__functions.h\n'}
[5.816817] (px4_msgs) StdoutLine: {'line': b'-- Up-to-date: /home/subhalaxmi/nidar_ws/install/px4_msgs/include/px4_msgs/px4_msgs/msg/detail/landing_gear_wheel__functions.c\n'}
[5.817002] (px4_msgs) StdoutLine: {'line': b'-- Up-to-date: /home/subhalaxmi/nidar_ws/install/px4_msgs/include/px4_msgs/px4_msgs/msg/detail/rc_channels__type_support.h\n'}
[5.817206] (px4_msgs) StdoutLine: {'line': b'-- Up-to-date: /home/subhalaxmi/nidar_ws/install/px4_msgs/include/px4_msgs/px4_msgs/msg/detail/sensor_correction__type_support.h\n'}
[5.817683] (px4_msgs) StdoutLine: {'line': b'-- Up-to-date: /home/subhalaxmi/nidar_ws/install/px4_msgs/include/px4_msgs/px4_msgs/msg/detail/uavcan_parameter_value__struct.h\n'}
[5.818687] (px4_msgs) StdoutLine: {'line': b'-- Up-to-date: /home/subhalaxmi/nidar_ws/install/px4_msgs/include/px4_msgs/px4_msgs/msg/detail/differential_pressure__struct.h\n'}
[5.819013] (px4_msgs) StdoutLine: {'line': b'-- Up-to-date: /home/subhalaxmi/nidar_ws/install/px4_msgs/include/px4_msgs/px4_msgs/msg/detail/tecs_status__struct.h\n'}
[5.819489] (px4_msgs) StdoutLine: {'line': b'-- Up-to-date: /home/subhalaxmi/nidar_ws/install/px4_msgs/include/px4_msgs/px4_msgs/msg/detail/parameter_set_value_request__struct.h\n'}
[5.819793] (px4_msgs) StdoutLine: {'line': b'-- Up-to-date: /home/subhalaxmi/nidar_ws/install/px4_msgs/include/px4_msgs/px4_msgs/msg/detail/rtl_time_estimate__functions.c\n'}
[5.820020] (px4_msgs) StdoutLine: {'line': b'-- Up-to-date: /home/subhalaxmi/nidar_ws/install/px4_msgs/include/px4_msgs/px4_msgs/msg/detail/gimbal_manager_set_attitude__type_support.h\n'}
[5.820505] (px4_msgs) StdoutLine: {'line': b'-- Up-to-date: /home/subhalaxmi/nidar_ws/install/px4_msgs/include/px4_msgs/px4_msgs/msg/detail/actuator_motors__functions.h\n'}
[5.820943] (px4_msgs) StdoutLine: {'line': b'-- Up-to-date: /home/subhalaxmi/nidar_ws/install/px4_msgs/include/px4_msgs/px4_msgs/msg/detail/sensor_gnss_status__type_support.h\n'}
[5.821172] (px4_msgs) StdoutLine: {'line': b'-- Up-to-date: /home/subhalaxmi/nidar_ws/install/px4_msgs/include/px4_msgs/px4_msgs/msg/detail/actuator_servos__functions.c\n'}
[5.821580] (px4_msgs) StdoutLine: {'line': b'-- Up-to-date: /home/subhalaxmi/nidar_ws/install/px4_msgs/include/px4_msgs/px4_msgs/msg/detail/qshell_req__struct.h\n'}
[5.821768] (-) TimerEvent: {}
[5.821973] (px4_msgs) StdoutLine: {'line': b'-- Up-to-date: /home/subhalaxmi/nidar_ws/install/px4_msgs/include/px4_msgs/px4_msgs/msg/detail/fixed_wing_lateral_setpoint__struct.h\n'}
[5.822196] (px4_msgs) StdoutLine: {'line': b'-- Up-to-date: /home/subhalaxmi/nidar_ws/install/px4_msgs/include/px4_msgs/px4_msgs/msg/detail/esc_status__functions.h\n'}
[5.822416] (px4_msgs) StdoutLine: {'line': b'-- Up-to-date: /home/subhalaxmi/nidar_ws/install/px4_msgs/include/px4_msgs/px4_msgs/msg/detail/estimator_aid_source1d__struct.h\n'}
[5.822595] (px4_msgs) StdoutLine: {'line': b'-- Up-to-date: /home/subhalaxmi/nidar_ws/install/px4_msgs/include/px4_msgs/px4_msgs/msg/detail/longitudinal_control_configuration__struct.h\n'}
[5.822774] (px4_msgs) StdoutLine: {'line': b'-- Up-to-date: /home/subhalaxmi/nidar_ws/install/px4_msgs/include/px4_msgs/px4_msgs/msg/detail/vehicle_local_position__type_support.h\n'}
[5.822964] (px4_msgs) StdoutLine: {'line': b'-- Up-to-date: /home/subhalaxmi/nidar_ws/install/px4_msgs/include/px4_msgs/px4_msgs/msg/detail/parameter_update__functions.c\n'}
[5.823180] (px4_msgs) StdoutLine: {'line': b'-- Up-to-date: /home/subhalaxmi/nidar_ws/install/px4_msgs/include/px4_msgs/px4_msgs/msg/detail/fixed_wing_longitudinal_setpoint__functions.h\n'}
[5.823411] (px4_msgs) StdoutLine: {'line': b'-- Up-to-date: /home/subhalaxmi/nidar_ws/install/px4_msgs/include/px4_msgs/px4_msgs/msg/detail/timesync_status__functions.c\n'}
[5.823614] (px4_msgs) StdoutLine: {'line': b'-- Up-to-date: /home/subhalaxmi/nidar_ws/install/px4_msgs/include/px4_msgs/px4_msgs/msg/detail/parameter_update__type_support.h\n'}
[5.823810] (px4_msgs) StdoutLine: {'line': b'-- Up-to-date: /home/subhalaxmi/nidar_ws/install/px4_msgs/include/px4_msgs/px4_msgs/msg/detail/sensor_correction__functions.c\n'}
[5.824000] (px4_msgs) StdoutLine: {'line': b'-- Up-to-date: /home/subhalaxmi/nidar_ws/install/px4_msgs/include/px4_msgs/px4_msgs/msg/detail/arming_check_reply__functions.h\n'}
[5.824536] (px4_msgs) StdoutLine: {'line': b'-- Up-to-date: /home/subhalaxmi/nidar_ws/install/px4_msgs/include/px4_msgs/px4_msgs/msg/detail/rc_parameter_map__functions.h\n'}
[5.824779] (px4_msgs) StdoutLine: {'line': b'-- Up-to-date: /home/subhalaxmi/nidar_ws/install/px4_msgs/include/px4_msgs/px4_msgs/msg/detail/arming_check_request__functions.c\n'}
[5.825704] (px4_msgs) StdoutLine: {'line': b'-- Up-to-date: /home/subhalaxmi/nidar_ws/install/px4_msgs/include/px4_msgs/px4_msgs/msg/detail/orb_test_medium__functions.h\n'}
[5.826037] (px4_msgs) StdoutLine: {'line': b'-- Up-to-date: /home/subhalaxmi/nidar_ws/install/px4_msgs/include/px4_msgs/px4_msgs/msg/detail/manual_control_switches__struct.h\n'}
[5.826451] (px4_msgs) StdoutLine: {'line': b'-- Up-to-date: /home/subhalaxmi/nidar_ws/install/px4_msgs/include/px4_msgs/px4_msgs/msg/detail/vehicle_roi__functions.c\n'}
[5.826672] (px4_msgs) StdoutLine: {'line': b'-- Up-to-date: /home/subhalaxmi/nidar_ws/install/px4_msgs/include/px4_msgs/px4_msgs/msg/detail/actuator_controls_status__struct.h\n'}
[5.826879] (px4_msgs) StdoutLine: {'line': b'-- Up-to-date: /home/subhalaxmi/nidar_ws/install/px4_msgs/include/px4_msgs/px4_msgs/msg/detail/message_format_request__type_support.h\n'}
[5.827086] (px4_msgs) StdoutLine: {'line': b'-- Up-to-date: /home/subhalaxmi/nidar_ws/install/px4_msgs/include/px4_msgs/px4_msgs/msg/detail/pure_pursuit_status__struct.h\n'}
[5.827311] (px4_msgs) StdoutLine: {'line': b'-- Up-to-date: /home/subhalaxmi/nidar_ws/install/px4_msgs/include/px4_msgs/px4_msgs/msg/detail/sensors_status_imu__struct.h\n'}
[5.827521] (px4_msgs) StdoutLine: {'line': b'-- Up-to-date: /home/subhalaxmi/nidar_ws/install/px4_msgs/include/px4_msgs/px4_msgs/msg/detail/gimbal_manager_status__functions.c\n'}
[5.827709] (px4_msgs) StdoutLine: {'line': b'-- Up-to-date: /home/subhalaxmi/nidar_ws/install/px4_msgs/include/px4_msgs/px4_msgs/msg/detail/config_overrides__functions.h\n'}
[5.827904] (px4_msgs) StdoutLine: {'line': b'-- Up-to-date: /home/subhalaxmi/nidar_ws/install/px4_msgs/include/px4_msgs/px4_msgs/msg/detail/fixed_wing_lateral_status__struct.h\n'}
[5.828084] (px4_msgs) StdoutLine: {'line': b'-- Up-to-date: /home/subhalaxmi/nidar_ws/install/px4_msgs/include/px4_msgs/px4_msgs/msg/detail/camera_status__struct.h\n'}
[5.828312] (px4_msgs) StdoutLine: {'line': b'-- Up-to-date: /home/subhalaxmi/nidar_ws/install/px4_msgs/include/px4_msgs/px4_msgs/msg/detail/follow_target_estimator__functions.c\n'}
[5.828500] (px4_msgs) StdoutLine: {'line': b'-- Up-to-date: /home/subhalaxmi/nidar_ws/install/px4_msgs/include/px4_msgs/px4_msgs/msg/detail/system_power__type_support.h\n'}
[5.828660] (px4_msgs) StdoutLine: {'line': b'-- Up-to-date: /home/subhalaxmi/nidar_ws/install/px4_msgs/include/px4_msgs/px4_msgs/msg/detail/health_report__functions.h\n'}
[5.828832] (px4_msgs) StdoutLine: {'line': b'-- Up-to-date: /home/subhalaxmi/nidar_ws/install/px4_msgs/include/px4_msgs/px4_msgs/msg/detail/estimator_bias3d__type_support.h\n'}
[5.829003] (px4_msgs) StdoutLine: {'line': b'-- Up-to-date: /home/subhalaxmi/nidar_ws/install/px4_msgs/include/px4_msgs/px4_msgs/msg/detail/estimator_innovations__struct.h\n'}
[5.829245] (px4_msgs) StdoutLine: {'line': b'-- Up-to-date: /home/subhalaxmi/nidar_ws/install/px4_msgs/include/px4_msgs/px4_msgs/msg/detail/vehicle_attitude__functions.c\n'}
[5.829481] (px4_msgs) StdoutLine: {'line': b'-- Up-to-date: /home/subhalaxmi/nidar_ws/install/px4_msgs/include/px4_msgs/px4_msgs/msg/detail/estimator_selector_status__functions.c\n'}
[5.829701] (px4_msgs) StdoutLine: {'line': b'-- Up-to-date: /home/subhalaxmi/nidar_ws/install/px4_msgs/include/px4_msgs/px4_msgs/msg/detail/rover_rate_status__type_support.h\n'}
[5.829937] (px4_msgs) StdoutLine: {'line': b'-- Up-to-date: /home/subhalaxmi/nidar_ws/install/px4_msgs/include/px4_msgs/px4_msgs/msg/detail/distance_sensor_mode_change_request__type_support.h\n'}
[5.830622] (px4_msgs) StdoutLine: {'line': b'-- Up-to-date: /home/subhalaxmi/nidar_ws/install/px4_msgs/include/px4_msgs/px4_msgs/msg/detail/vehicle_local_position_setpoint__type_support.h\n'}
[5.831516] (px4_msgs) StdoutLine: {'line': b'-- Up-to-date: /home/subhalaxmi/nidar_ws/install/px4_msgs/include/px4_msgs/px4_msgs/msg/detail/geofence_status__struct.h\n'}
[5.832131] (px4_msgs) StdoutLine: {'line': b'-- Up-to-date: /home/subhalaxmi/nidar_ws/install/px4_msgs/include/px4_msgs/px4_msgs/msg/detail/sensor_gps__functions.c\n'}
[5.832713] (px4_msgs) StdoutLine: {'line': b'-- Up-to-date: /home/subhalaxmi/nidar_ws/install/px4_msgs/include/px4_msgs/px4_msgs/msg/detail/sensor_gyro__struct.h\n'}
[5.833519] (px4_msgs) StdoutLine: {'line': b'-- Up-to-date: /home/subhalaxmi/nidar_ws/install/px4_msgs/include/px4_msgs/px4_msgs/msg/detail/position_setpoint__struct.h\n'}
[5.834231] (px4_msgs) StdoutLine: {'line': b'-- Up-to-date: /home/subhalaxmi/nidar_ws/install/px4_msgs/include/px4_msgs/px4_msgs/msg/detail/uavcan_parameter_request__struct.h\n'}
[5.834720] (px4_msgs) StdoutLine: {'line': b'-- Up-to-date: /home/subhalaxmi/nidar_ws/install/px4_msgs/include/px4_msgs/px4_msgs/msg/detail/sensor_temp__functions.h\n'}
[5.834890] (px4_msgs) StdoutLine: {'line': b'-- Up-to-date: /home/subhalaxmi/nidar_ws/install/px4_msgs/include/px4_msgs/px4_msgs/msg/detail/velocity_limits__struct.h\n'}
[5.835052] (px4_msgs) StdoutLine: {'line': b'-- Up-to-date: /home/subhalaxmi/nidar_ws/install/px4_msgs/include/px4_msgs/px4_msgs/msg/detail/message_format_response__functions.c\n'}
[5.835435] (px4_msgs) StdoutLine: {'line': b'-- Up-to-date: /home/subhalaxmi/nidar_ws/install/px4_msgs/include/px4_msgs/px4_msgs/msg/detail/rover_rate_status__struct.h\n'}
[5.835658] (px4_msgs) StdoutLine: {'line': b'-- Up-to-date: /home/subhalaxmi/nidar_ws/install/px4_msgs/include/px4_msgs/px4_msgs/msg/detail/autotune_attitude_control_status__functions.c\n'}
[5.835817] (px4_msgs) StdoutLine: {'line': b'-- Up-to-date: /home/subhalaxmi/nidar_ws/install/px4_msgs/include/px4_msgs/px4_msgs/msg/detail/obstacle_distance__type_support.h\n'}
[5.836168] (px4_msgs) StdoutLine: {'line': b'-- Up-to-date: /home/subhalaxmi/nidar_ws/install/px4_msgs/include/px4_msgs/px4_msgs/msg/detail/vehicle_magnetometer__functions.c\n'}
[5.836563] (px4_msgs) StdoutLine: {'line': b'-- Up-to-date: /home/subhalaxmi/nidar_ws/install/px4_msgs/include/px4_msgs/px4_msgs/msg/detail/dronecan_node_status__functions.h\n'}
[5.836743] (px4_msgs) StdoutLine: {'line': b'-- Up-to-date: /home/subhalaxmi/nidar_ws/install/px4_msgs/include/px4_msgs/px4_msgs/msg/detail/sensor_temp__functions.c\n'}
[5.836904] (px4_msgs) StdoutLine: {'line': b'-- Up-to-date: /home/subhalaxmi/nidar_ws/install/px4_msgs/include/px4_msgs/px4_msgs/msg/detail/camera_capture__type_support.h\n'}
[5.837066] (px4_msgs) StdoutLine: {'line': b'-- Up-to-date: /home/subhalaxmi/nidar_ws/install/px4_msgs/include/px4_msgs/px4_msgs/msg/detail/hover_thrust_estimate__functions.c\n'}
[5.837549] (px4_msgs) StdoutLine: {'line': b'-- Up-to-date: /home/subhalaxmi/nidar_ws/install/px4_msgs/include/px4_msgs/px4_msgs/msg/detail/radio_status__functions.c\n'}
[5.837765] (px4_msgs) StdoutLine: {'line': b'-- Up-to-date: /home/subhalaxmi/nidar_ws/install/px4_msgs/include/px4_msgs/px4_msgs/msg/detail/parameter_set_value_response__functions.c\n'}
[5.837916] (px4_msgs) StdoutLine: {'line': b'-- Up-to-date: /home/subhalaxmi/nidar_ws/install/px4_msgs/include/px4_msgs/px4_msgs/msg/detail/navigator_status__struct.h\n'}
[5.838061] (px4_msgs) StdoutLine: {'line': b'-- Up-to-date: /home/subhalaxmi/nidar_ws/install/px4_msgs/include/px4_msgs/px4_msgs/msg/detail/flight_phase_estimation__functions.c\n'}
[5.838359] (px4_msgs) StdoutLine: {'line': b'-- Up-to-date: /home/subhalaxmi/nidar_ws/install/px4_msgs/include/px4_msgs/px4_msgs/msg/detail/gpio_in__functions.c\n'}
[5.838516] (px4_msgs) StdoutLine: {'line': b'-- Up-to-date: /home/subhalaxmi/nidar_ws/install/px4_msgs/include/px4_msgs/px4_msgs/msg/detail/normalized_unsigned_setpoint__struct.h\n'}
[5.838663] (px4_msgs) StdoutLine: {'line': b'-- Up-to-date: /home/subhalaxmi/nidar_ws/install/px4_msgs/include/px4_msgs/px4_msgs/msg/detail/landing_gear_wheel__struct.h\n'}
[5.838806] (px4_msgs) StdoutLine: {'line': b'-- Up-to-date: /home/subhalaxmi/nidar_ws/install/px4_msgs/include/px4_msgs/px4_msgs/msg/detail/mode_completed__type_support.h\n'}
[5.838949] (px4_msgs) StdoutLine: {'line': b'-- Up-to-date: /home/subhalaxmi/nidar_ws/install/px4_msgs/include/px4_msgs/px4_msgs/msg/detail/rover_speed_setpoint__functions.c\n'}
[5.839092] (px4_msgs) StdoutLine: {'line': b'-- Up-to-date: /home/subhalaxmi/nidar_ws/install/px4_msgs/include/px4_msgs/px4_msgs/msg/detail/vehicle_status__struct.h\n'}
[5.839498] (px4_msgs) StdoutLine: {'line': b'-- Up-to-date: /home/subhalaxmi/nidar_ws/install/px4_msgs/include/px4_msgs/px4_msgs/msg/detail/qshell_retval__type_support.h\n'}
[5.839714] (px4_msgs) StdoutLine: {'line': b'-- Up-to-date: /home/subhalaxmi/nidar_ws/install/px4_msgs/include/px4_msgs/px4_msgs/msg/detail/register_ext_component_reply__functions.h\n'}
[5.839961] (px4_msgs) StdoutLine: {'line': b'-- Up-to-date: /home/subhalaxmi/nidar_ws/install/px4_msgs/include/px4_msgs/px4_msgs/msg/detail/neural_control__functions.h\n'}
[5.840129] (px4_msgs) StdoutLine: {'line': b'-- Up-to-date: /home/subhalaxmi/nidar_ws/install/px4_msgs/include/px4_msgs/px4_msgs/msg/detail/manual_control_switches__functions.h\n'}
[5.840565] (px4_msgs) StdoutLine: {'line': b'-- Up-to-date: /home/subhalaxmi/nidar_ws/install/px4_msgs/include/px4_msgs/px4_msgs/msg/detail/debug_value__struct.h\n'}
[5.840762] (px4_msgs) StdoutLine: {'line': b'-- Up-to-date: /home/subhalaxmi/nidar_ws/install/px4_msgs/include/px4_msgs/px4_msgs/msg/detail/gimbal_controls__functions.c\n'}
[5.840915] (px4_msgs) StdoutLine: {'line': b'-- Up-to-date: /home/subhalaxmi/nidar_ws/install/px4_msgs/include/px4_msgs/px4_msgs/msg/detail/rover_position_setpoint__type_support.h\n'}
[5.841060] (px4_msgs) StdoutLine: {'line': b'-- Up-to-date: /home/subhalaxmi/nidar_ws/install/px4_msgs/include/px4_msgs/px4_msgs/msg/detail/open_drone_id_self_id__type_support.h\n'}
[5.841404] (px4_msgs) StdoutLine: {'line': b'-- Up-to-date: /home/subhalaxmi/nidar_ws/install/px4_msgs/include/px4_msgs/px4_msgs/msg/detail/estimator_states__type_support.h\n'}
[5.841623] (px4_msgs) StdoutLine: {'line': b'-- Up-to-date: /home/subhalaxmi/nidar_ws/install/px4_msgs/include/px4_msgs/px4_msgs/msg/detail/health_report__functions.c\n'}
[5.841771] (px4_msgs) StdoutLine: {'line': b'-- Up-to-date: /home/subhalaxmi/nidar_ws/install/px4_msgs/include/px4_msgs/px4_msgs/msg/detail/collision_constraints__functions.h\n'}
[5.841915] (px4_msgs) StdoutLine: {'line': b'-- Up-to-date: /home/subhalaxmi/nidar_ws/install/px4_msgs/include/px4_msgs/px4_msgs/msg/detail/sensor_uwb__type_support.h\n'}
[5.842058] (px4_msgs) StdoutLine: {'line': b'-- Up-to-date: /home/subhalaxmi/nidar_ws/install/px4_msgs/include/px4_msgs/px4_msgs/msg/detail/estimator_bias__struct.h\n'}
[5.842429] (px4_msgs) StdoutLine: {'line': b'-- Up-to-date: /home/subhalaxmi/nidar_ws/install/px4_msgs/include/px4_msgs/px4_msgs/msg/detail/open_drone_id_operator_id__functions.c\n'}
[5.842648] (px4_msgs) StdoutLine: {'line': b'-- Up-to-date: /home/subhalaxmi/nidar_ws/install/px4_msgs/include/px4_msgs/px4_msgs/msg/detail/mavlink_log__functions.h\n'}
[5.842795] (px4_msgs) StdoutLine: {'line': b'-- Up-to-date: /home/subhalaxmi/nidar_ws/install/px4_msgs/include/px4_msgs/px4_msgs/msg/detail/control_allocator_status__functions.h\n'}
[5.842939] (px4_msgs) StdoutLine: {'line': b'-- Up-to-date: /home/subhalaxmi/nidar_ws/install/px4_msgs/include/px4_msgs/px4_msgs/msg/detail/distance_sensor__functions.h\n'}
[5.843081] (px4_msgs) StdoutLine: {'line': b'-- Up-to-date: /home/subhalaxmi/nidar_ws/install/px4_msgs/include/px4_msgs/px4_msgs/msg/detail/follow_target_estimator__functions.h\n'}
[5.843462] (px4_msgs) StdoutLine: {'line': b'-- Up-to-date: /home/subhalaxmi/nidar_ws/install/px4_msgs/include/px4_msgs/px4_msgs/msg/detail/open_drone_id_self_id__struct.h\n'}
[5.843671] (px4_msgs) StdoutLine: {'line': b'-- Up-to-date: /home/subhalaxmi/nidar_ws/install/px4_msgs/include/px4_msgs/px4_msgs/msg/detail/manual_control_setpoint__functions.h\n'}
[5.843820] (px4_msgs) StdoutLine: {'line': b'-- Up-to-date: /home/subhalaxmi/nidar_ws/install/px4_msgs/include/px4_msgs/px4_msgs/msg/detail/estimator_selector_status__struct.h\n'}
[5.843964] (px4_msgs) StdoutLine: {'line': b'-- Up-to-date: /home/subhalaxmi/nidar_ws/install/px4_msgs/include/px4_msgs/px4_msgs/msg/detail/gimbal_device_set_attitude__struct.h\n'}
[5.844107] (px4_msgs) StdoutLine: {'line': b'-- Up-to-date: /home/subhalaxmi/nidar_ws/install/px4_msgs/include/px4_msgs/px4_msgs/msg/detail/vehicle_air_data__struct.h\n'}
[5.844514] (px4_msgs) StdoutLine: {'line': b'-- Up-to-date: /home/subhalaxmi/nidar_ws/install/px4_msgs/include/px4_msgs/px4_msgs/msg/detail/figure_eight_status__functions.h\n'}
[5.844726] (px4_msgs) StdoutLine: {'line': b'-- Up-to-date: /home/subhalaxmi/nidar_ws/install/px4_msgs/include/px4_msgs/px4_msgs/msg/detail/battery_info__functions.h\n'}
[5.844872] (px4_msgs) StdoutLine: {'line': b'-- Up-to-date: /home/subhalaxmi/nidar_ws/install/px4_msgs/include/px4_msgs/px4_msgs/msg/detail/mag_worker_data__type_support.h\n'}
[5.845017] (px4_msgs) StdoutLine: {'line': b'-- Up-to-date: /home/subhalaxmi/nidar_ws/install/px4_msgs/include/px4_msgs/px4_msgs/msg/detail/rover_rate_status__functions.c\n'}
[5.845201] (px4_msgs) StdoutLine: {'line': b'-- Up-to-date: /home/subhalaxmi/nidar_ws/install/px4_msgs/include/px4_msgs/px4_msgs/msg/detail/open_drone_id_system__type_support.h\n'}
[5.845528] (px4_msgs) StdoutLine: {'line': b'-- Up-to-date: /home/subhalaxmi/nidar_ws/install/px4_msgs/include/px4_msgs/px4_msgs/msg/detail/hover_thrust_estimate__type_support.h\n'}
[5.845676] (px4_msgs) StdoutLine: {'line': b'-- Up-to-date: /home/subhalaxmi/nidar_ws/install/px4_msgs/include/px4_msgs/px4_msgs/msg/detail/open_drone_id_operator_id__functions.h\n'}
[5.845820] (px4_msgs) StdoutLine: {'line': b'-- Up-to-date: /home/subhalaxmi/nidar_ws/install/px4_msgs/include/px4_msgs/px4_msgs/msg/detail/arming_check_reply__type_support.h\n'}
[5.845963] (px4_msgs) StdoutLine: {'line': b'-- Up-to-date: /home/subhalaxmi/nidar_ws/install/px4_msgs/include/px4_msgs/px4_msgs/msg/detail/landing_gear_wheel__type_support.h\n'}
[5.846154] (px4_msgs) StdoutLine: {'line': b'-- Up-to-date: /home/subhalaxmi/nidar_ws/install/px4_msgs/include/px4_msgs/px4_msgs/msg/detail/event__struct.h\n'}
[5.846589] (px4_msgs) StdoutLine: {'line': b'-- Up-to-date: /home/subhalaxmi/nidar_ws/install/px4_msgs/include/px4_msgs/px4_msgs/msg/detail/ekf2_timestamps__type_support.h\n'}
[5.846741] (px4_msgs) StdoutLine: {'line': b'-- Up-to-date: /home/subhalaxmi/nidar_ws/install/px4_msgs/include/px4_msgs/px4_msgs/msg/detail/figure_eight_status__functions.c\n'}
[5.846887] (px4_msgs) StdoutLine: {'line': b'-- Up-to-date: /home/subhalaxmi/nidar_ws/install/px4_msgs/include/px4_msgs/px4_msgs/msg/detail/power_monitor__functions.c\n'}
[5.847030] (px4_msgs) StdoutLine: {'line': b'-- Up-to-date: /home/subhalaxmi/nidar_ws/install/px4_msgs/include/px4_msgs/px4_msgs/msg/detail/gimbal_controls__struct.h\n'}
[5.847216] (px4_msgs) StdoutLine: {'line': b'-- Up-to-date: /home/subhalaxmi/nidar_ws/install/px4_msgs/include/px4_msgs/px4_msgs/msg/detail/fixed_wing_lateral_setpoint__functions.c\n'}
[5.847597] (px4_msgs) StdoutLine: {'line': b'-- Up-to-date: /home/subhalaxmi/nidar_ws/install/px4_msgs/include/px4_msgs/px4_msgs/msg/detail/sensor_selection__type_support.h\n'}
[5.847746] (px4_msgs) StdoutLine: {'line': b'-- Up-to-date: /home/subhalaxmi/nidar_ws/install/px4_msgs/include/px4_msgs/px4_msgs/msg/detail/actuator_controls_status__type_support.h\n'}
[5.847891] (px4_msgs) StdoutLine: {'line': b'-- Up-to-date: /home/subhalaxmi/nidar_ws/install/px4_msgs/include/px4_msgs/px4_msgs/msg/detail/sensor_mag__type_support.h\n'}
[5.848035] (px4_msgs) StdoutLine: {'line': b'-- Up-to-date: /home/subhalaxmi/nidar_ws/install/px4_msgs/include/px4_msgs/px4_msgs/msg/detail/camera_status__functions.c\n'}
[5.848221] (px4_msgs) StdoutLine: {'line': b'-- Up-to-date: /home/subhalaxmi/nidar_ws/install/px4_msgs/include/px4_msgs/px4_msgs/msg/detail/onboard_computer_status__functions.c\n'}
[5.848627] (px4_msgs) StdoutLine: {'line': b'-- Up-to-date: /home/subhalaxmi/nidar_ws/install/px4_msgs/include/px4_msgs/px4_msgs/msg/detail/lateral_control_configuration__type_support.h\n'}
[5.848778] (px4_msgs) StdoutLine: {'line': b'-- Up-to-date: /home/subhalaxmi/nidar_ws/install/px4_msgs/include/px4_msgs/px4_msgs/msg/detail/dataman_response__struct.h\n'}
[5.848924] (px4_msgs) StdoutLine: {'line': b'-- Up-to-date: /home/subhalaxmi/nidar_ws/install/px4_msgs/include/px4_msgs/px4_msgs/msg/detail/rover_position_setpoint__functions.c\n'}
[5.849065] (px4_msgs) StdoutLine: {'line': b'-- Up-to-date: /home/subhalaxmi/nidar_ws/install/px4_msgs/include/px4_msgs/px4_msgs/msg/detail/failure_detector_status__type_support.h\n'}
[5.849457] (px4_msgs) StdoutLine: {'line': b'-- Up-to-date: /home/subhalaxmi/nidar_ws/install/px4_msgs/include/px4_msgs/px4_msgs/msg/detail/rover_speed_setpoint__functions.h\n'}
[5.849663] (px4_msgs) StdoutLine: {'line': b'-- Up-to-date: /home/subhalaxmi/nidar_ws/install/px4_msgs/include/px4_msgs/px4_msgs/msg/detail/mode_completed__functions.h\n'}
[5.849811] (px4_msgs) StdoutLine: {'line': b'-- Up-to-date: /home/subhalaxmi/nidar_ws/install/px4_msgs/include/px4_msgs/px4_msgs/msg/detail/orb_test__functions.c\n'}
[5.850096] (px4_msgs) StdoutLine: {'line': b'-- Up-to-date: /home/subhalaxmi/nidar_ws/install/px4_msgs/include/px4_msgs/px4_msgs/msg/detail/mission_result__functions.c\n'}
[5.850420] (px4_msgs) StdoutLine: {'line': b'-- Up-to-date: /home/subhalaxmi/nidar_ws/install/px4_msgs/include/px4_msgs/px4_msgs/msg/detail/debug_array__type_support.h\n'}
[5.850637] (px4_msgs) StdoutLine: {'line': b'-- Up-to-date: /home/subhalaxmi/nidar_ws/install/px4_msgs/include/px4_msgs/px4_msgs/msg/detail/sensor_uwb__struct.h\n'}
[5.850782] (px4_msgs) StdoutLine: {'line': b'-- Up-to-date: /home/subhalaxmi/nidar_ws/install/px4_msgs/include/px4_msgs/px4_msgs/msg/detail/irlock_report__type_support.h\n'}
[5.850925] (px4_msgs) StdoutLine: {'line': b'-- Up-to-date: /home/subhalaxmi/nidar_ws/install/px4_msgs/include/px4_msgs/px4_msgs/msg/detail/rate_ctrl_status__type_support.h\n'}
[5.851067] (px4_msgs) StdoutLine: {'line': b'-- Up-to-date: /home/subhalaxmi/nidar_ws/install/px4_msgs/include/px4_msgs/px4_msgs/msg/detail/pure_pursuit_status__functions.h\n'}
[5.851441] (px4_msgs) StdoutLine: {'line': b'-- Up-to-date: /home/subhalaxmi/nidar_ws/install/px4_msgs/include/px4_msgs/px4_msgs/msg/detail/landing_gear__functions.h\n'}
[5.851660] (px4_msgs) StdoutLine: {'line': b'-- Up-to-date: /home/subhalaxmi/nidar_ws/install/px4_msgs/include/px4_msgs/px4_msgs/msg/detail/rover_position_setpoint__struct.h\n'}
[5.851807] (px4_msgs) StdoutLine: {'line': b'-- Up-to-date: /home/subhalaxmi/nidar_ws/install/px4_msgs/include/px4_msgs/px4_msgs/msg/detail/telemetry_status__struct.h\n'}
[5.851962] (px4_msgs) StdoutLine: {'line': b'-- Up-to-date: /home/subhalaxmi/nidar_ws/install/px4_msgs/include/px4_msgs/px4_msgs/msg/detail/esc_report__type_support.h\n'}
[5.852126] (px4_msgs) StdoutLine: {'line': b'-- Up-to-date: /home/subhalaxmi/nidar_ws/install/px4_msgs/include/px4_msgs/px4_msgs/msg/detail/sensor_hygrometer__functions.h\n'}
[5.852499] (px4_msgs) StdoutLine: {'line': b'-- Up-to-date: /home/subhalaxmi/nidar_ws/install/px4_msgs/include/px4_msgs/px4_msgs/msg/detail/esc_report__functions.c\n'}
[5.852710] (px4_msgs) StdoutLine: {'line': b'-- Up-to-date: /home/subhalaxmi/nidar_ws/install/px4_msgs/include/px4_msgs/px4_msgs/msg/detail/debug_array__functions.c\n'}
[5.852936] (px4_msgs) StdoutLine: {'line': b'-- Up-to-date: /home/subhalaxmi/nidar_ws/install/px4_msgs/include/px4_msgs/px4_msgs/msg/detail/tune_control__functions.h\n'}
[5.853222] (px4_msgs) StdoutLine: {'line': b'-- Up-to-date: /home/subhalaxmi/nidar_ws/install/px4_msgs/include/px4_msgs/px4_msgs/msg/detail/rpm__type_support.h\n'}
[5.853522] (px4_msgs) StdoutLine: {'line': b'-- Up-to-date: /home/subhalaxmi/nidar_ws/install/px4_msgs/include/px4_msgs/px4_msgs/msg/detail/arming_check_request__struct.h\n'}
[5.853832] (px4_msgs) StdoutLine: {'line': b'-- Up-to-date: /home/subhalaxmi/nidar_ws/install/px4_msgs/include/px4_msgs/px4_msgs/msg/detail/fixed_wing_lateral_status__functions.c\n'}
[5.853997] (px4_msgs) StdoutLine: {'line': b'-- Up-to-date: /home/subhalaxmi/nidar_ws/install/px4_msgs/include/px4_msgs/px4_msgs/msg/detail/arming_check_request__type_support.h\n'}
[5.854466] (px4_msgs) StdoutLine: {'line': b'-- Up-to-date: /home/subhalaxmi/nidar_ws/install/px4_msgs/include/px4_msgs/px4_msgs/msg/detail/landing_gear__struct.h\n'}
[5.854842] (px4_msgs) StdoutLine: {'line': b'-- Up-to-date: /home/subhalaxmi/nidar_ws/install/px4_msgs/include/px4_msgs/px4_msgs/msg/detail/actuator_armed__type_support.h\n'}
[5.855200] (px4_msgs) StdoutLine: {'line': b'-- Up-to-date: /home/subhalaxmi/nidar_ws/install/px4_msgs/include/px4_msgs/px4_msgs/msg/detail/actuator_test__functions.h\n'}
[5.855504] (px4_msgs) StdoutLine: {'line': b'-- Up-to-date: /home/subhalaxmi/nidar_ws/install/px4_msgs/include/px4_msgs/px4_msgs/msg/detail/vtol_vehicle_status__functions.h\n'}
[5.855804] (px4_msgs) StdoutLine: {'line': b'-- Up-to-date: /home/subhalaxmi/nidar_ws/install/px4_msgs/include/px4_msgs/px4_msgs/msg/detail/estimator_aid_source1d__functions.h\n'}
[5.856130] (px4_msgs) StdoutLine: {'line': b'-- Up-to-date: /home/subhalaxmi/nidar_ws/install/px4_msgs/include/px4_msgs/px4_msgs/msg/detail/device_information__struct.h\n'}
[5.856464] (px4_msgs) StdoutLine: {'line': b'-- Up-to-date: /home/subhalaxmi/nidar_ws/install/px4_msgs/include/px4_msgs/px4_msgs/msg/detail/distance_sensor_mode_change_request__functions.h\n'}
[5.856742] (px4_msgs) StdoutLine: {'line': b'-- Up-to-date: /home/subhalaxmi/nidar_ws/install/px4_msgs/include/px4_msgs/px4_msgs/msg/detail/airspeed__struct.h\n'}
[5.857066] (px4_msgs) StdoutLine: {'line': b'-- Up-to-date: /home/subhalaxmi/nidar_ws/install/px4_msgs/include/px4_msgs/px4_msgs/msg/detail/vehicle_air_data__functions.c\n'}
[5.857377] (px4_msgs) StdoutLine: {'line': b'-- Up-to-date: /home/subhalaxmi/nidar_ws/install/px4_msgs/include/px4_msgs/px4_msgs/msg/detail/sensor_gnss_status__functions.h\n'}
[5.857683] (px4_msgs) StdoutLine: {'line': b'-- Up-to-date: /home/subhalaxmi/nidar_ws/install/px4_msgs/include/px4_msgs/px4_msgs/msg/detail/failure_detector_status__functions.c\n'}
[5.858005] (px4_msgs) StdoutLine: {'line': b'-- Up-to-date: /home/subhalaxmi/nidar_ws/install/px4_msgs/include/px4_msgs/px4_msgs/msg/detail/failsafe_flags__type_support.h\n'}
[5.858342] (px4_msgs) StdoutLine: {'line': b'-- Up-to-date: /home/subhalaxmi/nidar_ws/install/px4_msgs/include/px4_msgs/px4_msgs/msg/detail/vehicle_angular_acceleration_setpoint__type_support.h\n'}
[5.858618] (px4_msgs) StdoutLine: {'line': b'-- Up-to-date: /home/subhalaxmi/nidar_ws/install/px4_msgs/include/px4_msgs/px4_msgs/msg/detail/estimator_sensor_bias__struct.h\n'}
[5.858901] (px4_msgs) StdoutLine: {'line': b'-- Up-to-date: /home/subhalaxmi/nidar_ws/install/px4_msgs/include/px4_msgs/px4_msgs/msg/detail/dataman_response__functions.c\n'}
[5.859219] (px4_msgs) StdoutLine: {'line': b'-- Up-to-date: /home/subhalaxmi/nidar_ws/install/px4_msgs/include/px4_msgs/px4_msgs/msg/detail/sensors_status__functions.c\n'}
[5.859533] (px4_msgs) StdoutLine: {'line': b'-- Up-to-date: /home/subhalaxmi/nidar_ws/install/px4_msgs/include/px4_msgs/px4_msgs/msg/detail/offboard_control_mode__struct.h\n'}
[5.859829] (px4_msgs) StdoutLine: {'line': b'-- Up-to-date: /home/subhalaxmi/nidar_ws/install/px4_msgs/include/px4_msgs/px4_msgs/msg/detail/camera_status__type_support.h\n'}
[5.860159] (px4_msgs) StdoutLine: {'line': b'-- Up-to-date: /home/subhalaxmi/nidar_ws/install/px4_msgs/include/px4_msgs/px4_msgs/msg/detail/ulog_stream__struct.h\n'}
[5.860481] (px4_msgs) StdoutLine: {'line': b'-- Up-to-date: /home/subhalaxmi/nidar_ws/install/px4_msgs/include/px4_msgs/px4_msgs/msg/detail/iridiumsbd_status__struct.h\n'}
[5.860727] (px4_msgs) StdoutLine: {'line': b'-- Up-to-date: /home/subhalaxmi/nidar_ws/install/px4_msgs/include/px4_msgs/px4_msgs/msg/detail/rover_attitude_setpoint__functions.c\n'}
[5.861047] (px4_msgs) StdoutLine: {'line': b'-- Up-to-date: /home/subhalaxmi/nidar_ws/install/px4_msgs/include/px4_msgs/px4_msgs/msg/detail/vehicle_command_ack__functions.h\n'}
[5.861318] (px4_msgs) StdoutLine: {'line': b'-- Up-to-date: /home/subhalaxmi/nidar_ws/install/px4_msgs/include/px4_msgs/px4_msgs/msg/detail/debug_value__functions.h\n'}
[5.861508] (px4_msgs) StdoutLine: {'line': b'-- Up-to-date: /home/subhalaxmi/nidar_ws/install/px4_msgs/include/px4_msgs/px4_msgs/msg/detail/neural_control__struct.h\n'}
[5.861686] (px4_msgs) StdoutLine: {'line': b'-- Up-to-date: /home/subhalaxmi/nidar_ws/install/px4_msgs/include/px4_msgs/px4_msgs/msg/detail/takeoff_status__functions.h\n'}
[5.861890] (px4_msgs) StdoutLine: {'line': b'-- Up-to-date: /home/subhalaxmi/nidar_ws/install/px4_msgs/include/px4_msgs/px4_msgs/msg/detail/vehicle_torque_setpoint__type_support.h\n'}
[5.862108] (px4_msgs) StdoutLine: {'line': b'-- Up-to-date: /home/subhalaxmi/nidar_ws/install/px4_msgs/include/px4_msgs/px4_msgs/msg/detail/position_controller_status__type_support.h\n'}
[5.862443] (px4_msgs) StdoutLine: {'line': b'-- Up-to-date: /home/subhalaxmi/nidar_ws/install/px4_msgs/include/px4_msgs/px4_msgs/msg/detail/failsafe_flags__struct.h\n'}
[5.862625] (px4_msgs) StdoutLine: {'line': b'-- Up-to-date: /home/subhalaxmi/nidar_ws/install/px4_msgs/include/px4_msgs/px4_msgs/msg/detail/event__type_support.h\n'}
[5.862822] (px4_msgs) StdoutLine: {'line': b'-- Up-to-date: /home/subhalaxmi/nidar_ws/install/px4_msgs/include/px4_msgs/px4_msgs/msg/detail/estimator_aid_source3d__functions.h\n'}
[5.863079] (px4_msgs) StdoutLine: {'line': b'-- Up-to-date: /home/subhalaxmi/nidar_ws/install/px4_msgs/include/px4_msgs/px4_msgs/msg/detail/heater_status__functions.c\n'}
[5.863382] (px4_msgs) StdoutLine: {'line': b'-- Up-to-date: /home/subhalaxmi/nidar_ws/install/px4_msgs/include/px4_msgs/px4_msgs/msg/detail/camera_trigger__type_support.h\n'}
[5.863694] (px4_msgs) StdoutLine: {'line': b'-- Up-to-date: /home/subhalaxmi/nidar_ws/install/px4_msgs/include/px4_msgs/px4_msgs/msg/detail/qshell_retval__struct.h\n'}
[5.863984] (px4_msgs) StdoutLine: {'line': b'-- Up-to-date: /home/subhalaxmi/nidar_ws/install/px4_msgs/include/px4_msgs/px4_msgs/msg/detail/vehicle_attitude_setpoint__functions.h\n'}
[5.864305] (px4_msgs) StdoutLine: {'line': b'-- Up-to-date: /home/subhalaxmi/nidar_ws/install/px4_msgs/include/px4_msgs/px4_msgs/msg/detail/airspeed__functions.h\n'}
[5.864608] (px4_msgs) StdoutLine: {'line': b'-- Up-to-date: /home/subhalaxmi/nidar_ws/install/px4_msgs/include/px4_msgs/px4_msgs/msg/detail/vehicle_command_ack__functions.c\n'}
[5.864906] (px4_msgs) StdoutLine: {'line': b'-- Up-to-date: /home/subhalaxmi/nidar_ws/install/px4_msgs/include/px4_msgs/px4_msgs/msg/detail/power_button_state__functions.c\n'}
[5.865216] (px4_msgs) StdoutLine: {'line': b'-- Up-to-date: /home/subhalaxmi/nidar_ws/install/px4_msgs/include/px4_msgs/px4_msgs/msg/detail/vehicle_air_data__functions.h\n'}
[5.865509] (px4_msgs) StdoutLine: {'line': b'-- Up-to-date: /home/subhalaxmi/nidar_ws/install/px4_msgs/include/px4_msgs/px4_msgs/msg/detail/fuel_tank_status__functions.c\n'}
[5.865799] (px4_msgs) StdoutLine: {'line': b'-- Up-to-date: /home/subhalaxmi/nidar_ws/install/px4_msgs/include/px4_msgs/px4_msgs/msg/detail/velocity_limits__type_support.h\n'}
[5.866089] (px4_msgs) StdoutLine: {'line': b'-- Up-to-date: /home/subhalaxmi/nidar_ws/install/px4_msgs/include/px4_msgs/px4_msgs/msg/detail/vehicle_control_mode__functions.c\n'}
[5.866417] (px4_msgs) StdoutLine: {'line': b'-- Up-to-date: /home/subhalaxmi/nidar_ws/install/px4_msgs/include/px4_msgs/px4_msgs/msg/detail/sensor_gyro_fft__functions.h\n'}
[5.866606] (px4_msgs) StdoutLine: {'line': b'-- Up-to-date: /home/subhalaxmi/nidar_ws/install/px4_msgs/include/px4_msgs/px4_msgs/msg/detail/fixed_wing_lateral_guidance_status__functions.h\n'}
[5.866783] (px4_msgs) StdoutLine: {'line': b'-- Up-to-date: /home/subhalaxmi/nidar_ws/install/px4_msgs/include/px4_msgs/px4_msgs/msg/detail/ulog_stream__functions.h\n'}
[5.866951] (px4_msgs) StdoutLine: {'line': b'-- Up-to-date: /home/subhalaxmi/nidar_ws/install/px4_msgs/include/px4_msgs/px4_msgs/msg/detail/position_controller_landing_status__functions.c\n'}
[5.867127] (px4_msgs) StdoutLine: {'line': b'-- Up-to-date: /home/subhalaxmi/nidar_ws/install/px4_msgs/include/px4_msgs/px4_msgs/msg/detail/vtol_vehicle_status__type_support.h\n'}
[5.867313] (px4_msgs) StdoutLine: {'line': b'-- Up-to-date: /home/subhalaxmi/nidar_ws/install/px4_msgs/include/px4_msgs/px4_msgs/msg/detail/battery_status__type_support.h\n'}
[5.867526] (px4_msgs) StdoutLine: {'line': b'-- Up-to-date: /home/subhalaxmi/nidar_ws/install/px4_msgs/include/px4_msgs/px4_msgs/msg/detail/position_controller_status__functions.h\n'}
[5.867836] (px4_msgs) StdoutLine: {'line': b'-- Up-to-date: /home/subhalaxmi/nidar_ws/install/px4_msgs/include/px4_msgs/px4_msgs/msg/detail/vehicle_rates_setpoint__functions.c\n'}
[5.868150] (px4_msgs) StdoutLine: {'line': b'-- Up-to-date: /home/subhalaxmi/nidar_ws/install/px4_msgs/include/px4_msgs/px4_msgs/msg/detail/estimator_status__functions.h\n'}
[5.868468] (px4_msgs) StdoutLine: {'line': b'-- Up-to-date: /home/subhalaxmi/nidar_ws/install/px4_msgs/include/px4_msgs/px4_msgs/msg/detail/logger_status__type_support.h\n'}
[5.868668] (px4_msgs) StdoutLine: {'line': b'-- Up-to-date: /home/subhalaxmi/nidar_ws/install/px4_msgs/include/px4_msgs/px4_msgs/msg/detail/sensor_selection__functions.c\n'}
[5.868863] (px4_msgs) StdoutLine: {'line': b'-- Up-to-date: /home/subhalaxmi/nidar_ws/install/px4_msgs/include/px4_msgs/px4_msgs/msg/detail/vtol_vehicle_status__functions.c\n'}
[5.869061] (px4_msgs) StdoutLine: {'line': b'-- Up-to-date: /home/subhalaxmi/nidar_ws/install/px4_msgs/include/px4_msgs/px4_msgs/msg/detail/home_position__struct.h\n'}
[5.869309] (px4_msgs) StdoutLine: {'line': b'-- Up-to-date: /home/subhalaxmi/nidar_ws/install/px4_msgs/include/px4_msgs/px4_msgs/msg/detail/tecs_status__functions.h\n'}
[5.869740] (px4_msgs) StdoutLine: {'line': b'-- Up-to-date: /home/subhalaxmi/nidar_ws/install/px4_msgs/include/px4_msgs/px4_msgs/msg/detail/estimator_sensor_bias__type_support.h\n'}
[5.870050] (px4_msgs) StdoutLine: {'line': b'-- Up-to-date: /home/subhalaxmi/nidar_ws/install/px4_msgs/include/px4_msgs/px4_msgs/msg/detail/gain_compression__functions.c\n'}
[5.870246] (px4_msgs) StdoutLine: {'line': b'-- Up-to-date: /home/subhalaxmi/nidar_ws/install/px4_msgs/include/px4_msgs/px4_msgs/msg/detail/sensor_gyro__functions.c\n'}
[5.870386] (px4_msgs) StdoutLine: {'line': b'-- Up-to-date: /home/subhalaxmi/nidar_ws/install/px4_msgs/include/px4_msgs/px4_msgs/msg/detail/qshell_retval__functions.h\n'}
[5.870515] (px4_msgs) StdoutLine: {'line': b'-- Up-to-date: /home/subhalaxmi/nidar_ws/install/px4_msgs/include/px4_msgs/px4_msgs/msg/detail/power_monitor__struct.h\n'}
[5.870640] (px4_msgs) StdoutLine: {'line': b'-- Up-to-date: /home/subhalaxmi/nidar_ws/install/px4_msgs/include/px4_msgs/px4_msgs/msg/detail/uavcan_parameter_request__functions.h\n'}
[5.870764] (px4_msgs) StdoutLine: {'line': b'-- Up-to-date: /home/subhalaxmi/nidar_ws/install/px4_msgs/include/px4_msgs/px4_msgs/msg/detail/estimator_bias__type_support.h\n'}
[5.870888] (px4_msgs) StdoutLine: {'line': b'-- Up-to-date: /home/subhalaxmi/nidar_ws/install/px4_msgs/include/px4_msgs/px4_msgs/msg/detail/can_interface_status__type_support.h\n'}
[5.871009] (px4_msgs) StdoutLine: {'line': b'-- Up-to-date: /home/subhalaxmi/nidar_ws/install/px4_msgs/include/px4_msgs/px4_msgs/msg/detail/goto_setpoint__type_support.h\n'}
[5.871139] (px4_msgs) StdoutLine: {'line': b'-- Up-to-date: /home/subhalaxmi/nidar_ws/install/px4_msgs/include/px4_msgs/px4_msgs/msg/detail/logger_status__functions.c\n'}
[5.871270] (px4_msgs) StdoutLine: {'line': b'-- Up-to-date: /home/subhalaxmi/nidar_ws/install/px4_msgs/include/px4_msgs/px4_msgs/msg/detail/position_controller_status__struct.h\n'}
[5.871384] (px4_msgs) StdoutLine: {'line': b'-- Up-to-date: /home/subhalaxmi/nidar_ws/install/px4_msgs/include/px4_msgs/px4_msgs/msg/detail/device_information__functions.h\n'}
[5.871520] (px4_msgs) StdoutLine: {'line': b'-- Up-to-date: /home/subhalaxmi/nidar_ws/install/px4_msgs/include/px4_msgs/px4_msgs/msg/detail/trajectory_setpoint6dof__functions.c\n'}
[5.871647] (px4_msgs) StdoutLine: {'line': b'-- Up-to-date: /home/subhalaxmi/nidar_ws/install/px4_msgs/include/px4_msgs/px4_msgs/msg/detail/geofence_result__struct.h\n'}
[5.871762] (px4_msgs) StdoutLine: {'line': b'-- Up-to-date: /home/subhalaxmi/nidar_ws/install/px4_msgs/include/px4_msgs/px4_msgs/msg/detail/raptor_input__functions.h\n'}
[5.871881] (px4_msgs) StdoutLine: {'line': b'-- Up-to-date: /home/subhalaxmi/nidar_ws/install/px4_msgs/include/px4_msgs/px4_msgs/msg/detail/rtl_status__type_support.h\n'}
[5.872001] (px4_msgs) StdoutLine: {'line': b'-- Up-to-date: /home/subhalaxmi/nidar_ws/install/px4_msgs/include/px4_msgs/px4_msgs/msg/detail/trajectory_setpoint__functions.h\n'}
[5.872149] (px4_msgs) StdoutLine: {'line': b'-- Up-to-date: /home/subhalaxmi/nidar_ws/install/px4_msgs/include/px4_msgs/px4_msgs/msg/detail/launch_detection_status__type_support.h\n'}
[5.872847] (px4_msgs) StdoutLine: {'line': b'-- Up-to-date: /home/subhalaxmi/nidar_ws/install/px4_msgs/include/px4_msgs/px4_msgs/msg/detail/ulog_stream__functions.c\n'}
[5.873009] (px4_msgs) StdoutLine: {'line': b'-- Up-to-date: /home/subhalaxmi/nidar_ws/install/px4_msgs/include/px4_msgs/px4_msgs/msg/detail/actuator_outputs__functions.h\n'}
[5.873204] (px4_msgs) StdoutLine: {'line': b'-- Up-to-date: /home/subhalaxmi/nidar_ws/install/px4_msgs/include/px4_msgs/px4_msgs/msg/detail/ulog_stream_ack__functions.h\n'}
[5.873591] (px4_msgs) StdoutLine: {'line': b'-- Up-to-date: /home/subhalaxmi/nidar_ws/install/px4_msgs/include/px4_msgs/px4_msgs/msg/detail/navigator_mission_item__functions.h\n'}
[5.873743] (px4_msgs) StdoutLine: {'line': b'-- Up-to-date: /home/subhalaxmi/nidar_ws/install/px4_msgs/include/px4_msgs/px4_msgs/msg/detail/vehicle_roi__struct.h\n'}
[5.873889] (px4_msgs) StdoutLine: {'line': b'-- Up-to-date: /home/subhalaxmi/nidar_ws/install/px4_msgs/include/px4_msgs/px4_msgs/msg/detail/position_controller_landing_status__functions.h\n'}
[5.874250] (px4_msgs) StdoutLine: {'line': b'-- Up-to-date: /home/subhalaxmi/nidar_ws/install/px4_msgs/include/px4_msgs/px4_msgs/msg/detail/actuator_armed__struct.h\n'}
[5.874587] (px4_msgs) StdoutLine: {'line': b'-- Up-to-date: /home/subhalaxmi/nidar_ws/install/px4_msgs/include/px4_msgs/px4_msgs/msg/detail/actuator_test__struct.h\n'}
[5.874738] (px4_msgs) StdoutLine: {'line': b'-- Up-to-date: /home/subhalaxmi/nidar_ws/install/px4_msgs/include/px4_msgs/px4_msgs/msg/detail/log_message__struct.h\n'}
[5.874882] (px4_msgs) StdoutLine: {'line': b'-- Up-to-date: /home/subhalaxmi/nidar_ws/install/px4_msgs/include/px4_msgs/px4_msgs/msg/detail/unregister_ext_component__type_support.h\n'}
[5.875026] (px4_msgs) StdoutLine: {'line': b'-- Up-to-date: /home/subhalaxmi/nidar_ws/install/px4_msgs/include/px4_msgs/px4_msgs/msg/detail/vehicle_command__type_support.h\n'}
[5.875212] (px4_msgs) StdoutLine: {'line': b'-- Up-to-date: /home/subhalaxmi/nidar_ws/install/px4_msgs/include/px4_msgs/px4_msgs/msg/detail/vehicle_rates_setpoint__type_support.h\n'}
[5.875611] (px4_msgs) StdoutLine: {'line': b'-- Up-to-date: /home/subhalaxmi/nidar_ws/install/px4_msgs/include/px4_msgs/px4_msgs/msg/detail/vehicle_attitude_setpoint__type_support.h\n'}
[5.875767] (px4_msgs) StdoutLine: {'line': b'-- Up-to-date: /home/subhalaxmi/nidar_ws/install/px4_msgs/include/px4_msgs/px4_msgs/msg/detail/vehicle_global_position__functions.h\n'}
[5.875916] (px4_msgs) StdoutLine: {'line': b'-- Up-to-date: /home/subhalaxmi/nidar_ws/install/px4_msgs/include/px4_msgs/px4_msgs/msg/detail/tecs_status__type_support.h\n'}
[5.876062] (px4_msgs) StdoutLine: {'line': b'-- Up-to-date: /home/subhalaxmi/nidar_ws/install/px4_msgs/include/px4_msgs/px4_msgs/msg/detail/sensor_gps__type_support.h\n'}
[5.876222] (px4_msgs) StdoutLine: {'line': b'-- Up-to-date: /home/subhalaxmi/nidar_ws/install/px4_msgs/include/px4_msgs/px4_msgs/msg/detail/adc_report__type_support.h\n'}
[5.876411] (px4_msgs) StdoutLine: {'line': b'-- Up-to-date: /home/subhalaxmi/nidar_ws/install/px4_msgs/include/px4_msgs/px4_msgs/msg/detail/follow_target__functions.c\n'}
[5.876526] (px4_msgs) StdoutLine: {'line': b'-- Up-to-date: /home/subhalaxmi/nidar_ws/install/px4_msgs/include/px4_msgs/px4_msgs/msg/detail/rover_speed_setpoint__type_support.h\n'}
[5.876639] (px4_msgs) StdoutLine: {'line': b'-- Up-to-date: /home/subhalaxmi/nidar_ws/install/px4_msgs/include/px4_msgs/px4_msgs/msg/detail/gpio_in__struct.h\n'}
[5.876750] (px4_msgs) StdoutLine: {'line': b'-- Up-to-date: /home/subhalaxmi/nidar_ws/install/px4_msgs/include/px4_msgs/px4_msgs/msg/detail/mavlink_log__struct.h\n'}
[5.876861] (px4_msgs) StdoutLine: {'line': b'-- Up-to-date: /home/subhalaxmi/nidar_ws/install/px4_msgs/include/px4_msgs/px4_msgs/msg/detail/fuel_tank_status__struct.h\n'}
[5.876972] (px4_msgs) StdoutLine: {'line': b'-- Up-to-date: /home/subhalaxmi/nidar_ws/install/px4_msgs/include/px4_msgs/px4_msgs/msg/detail/uavcan_parameter_value__functions.h\n'}
[5.877205] (px4_msgs) StdoutLine: {'line': b'-- Up-to-date: /home/subhalaxmi/nidar_ws/install/px4_msgs/include/px4_msgs/px4_msgs/msg/detail/estimator_bias__functions.h\n'}
[5.877322] (px4_msgs) StdoutLine: {'line': b'-- Up-to-date: /home/subhalaxmi/nidar_ws/install/px4_msgs/include/px4_msgs/px4_msgs/msg/detail/fixed_wing_lateral_guidance_status__functions.c\n'}
[5.877440] (px4_msgs) StdoutLine: {'line': b'-- Up-to-date: /home/subhalaxmi/nidar_ws/install/px4_msgs/include/px4_msgs/px4_msgs/msg/detail/distance_sensor__type_support.h\n'}
[5.877595] (px4_msgs) StdoutLine: {'line': b'-- Up-to-date: /home/subhalaxmi/nidar_ws/install/px4_msgs/include/px4_msgs/px4_msgs/msg/detail/goto_setpoint__functions.h\n'}
[5.877741] (px4_msgs) StdoutLine: {'line': b'-- Up-to-date: /home/subhalaxmi/nidar_ws/install/px4_msgs/include/px4_msgs/px4_msgs/msg/detail/vehicle_status__functions.h\n'}
[5.877883] (px4_msgs) StdoutLine: {'line': b'-- Up-to-date: /home/subhalaxmi/nidar_ws/install/px4_msgs/include/px4_msgs/px4_msgs/msg/detail/open_drone_id_operator_id__struct.h\n'}
[5.878026] (px4_msgs) StdoutLine: {'line': b'-- Up-to-date: /home/subhalaxmi/nidar_ws/install/px4_msgs/include/px4_msgs/px4_msgs/msg/detail/gpio_out__type_support.h\n'}
[5.878188] (px4_msgs) StdoutLine: {'line': b'-- Up-to-date: /home/subhalaxmi/nidar_ws/install/px4_msgs/include/px4_msgs/px4_msgs/msg/detail/gripper__functions.h\n'}
[5.878331] (px4_msgs) StdoutLine: {'line': b'-- Up-to-date: /home/subhalaxmi/nidar_ws/install/px4_msgs/include/px4_msgs/px4_msgs/msg/detail/gain_compression__type_support.h\n'}
[5.878474] (px4_msgs) StdoutLine: {'line': b'-- Up-to-date: /home/subhalaxmi/nidar_ws/install/px4_msgs/include/px4_msgs/px4_msgs/msg/detail/ulog_stream_ack__type_support.h\n'}
[5.878616] (px4_msgs) StdoutLine: {'line': b'-- Up-to-date: /home/subhalaxmi/nidar_ws/install/px4_msgs/include/px4_msgs/px4_msgs/msg/detail/follow_target_status__functions.c\n'}
[5.878757] (px4_msgs) StdoutLine: {'line': b'-- Up-to-date: /home/subhalaxmi/nidar_ws/install/px4_msgs/include/px4_msgs/px4_msgs/msg/detail/obstacle_distance__functions.c\n'}
[5.878898] (px4_msgs) StdoutLine: {'line': b'-- Up-to-date: /home/subhalaxmi/nidar_ws/install/px4_msgs/include/px4_msgs/px4_msgs/msg/detail/sensors_status__functions.h\n'}
[5.879039] (px4_msgs) StdoutLine: {'line': b'-- Up-to-date: /home/subhalaxmi/nidar_ws/install/px4_msgs/include/px4_msgs/px4_msgs/msg/detail/navigator_mission_item__struct.h\n'}
[5.879412] (px4_msgs) StdoutLine: {'line': b'-- Up-to-date: /home/subhalaxmi/nidar_ws/install/px4_msgs/include/px4_msgs/px4_msgs/msg/detail/sensor_gps__functions.h\n'}
[5.879704] (px4_msgs) StdoutLine: {'line': b'-- Up-to-date: /home/subhalaxmi/nidar_ws/install/px4_msgs/include/px4_msgs/px4_msgs/msg/detail/goto_setpoint__functions.c\n'}
[5.880024] (px4_msgs) StdoutLine: {'line': b'-- Up-to-date: /home/subhalaxmi/nidar_ws/install/px4_msgs/include/px4_msgs/px4_msgs/msg/detail/parameter_set_used_request__functions.h\n'}
[5.880294] (px4_msgs) StdoutLine: {'line': b'-- Up-to-date: /home/subhalaxmi/nidar_ws/install/px4_msgs/include/px4_msgs/px4_msgs/msg/detail/rc_parameter_map__functions.c\n'}
[5.880626] (px4_msgs) StdoutLine: {'line': b'-- Up-to-date: /home/subhalaxmi/nidar_ws/install/px4_msgs/include/px4_msgs/px4_msgs/msg/detail/rtl_status__functions.c\n'}
[5.880778] (px4_msgs) StdoutLine: {'line': b'-- Up-to-date: /home/subhalaxmi/nidar_ws/install/px4_msgs/include/px4_msgs/px4_msgs/msg/detail/sensors_status_imu__functions.h\n'}
[5.880958] (px4_msgs) StdoutLine: {'line': b'-- Up-to-date: /home/subhalaxmi/nidar_ws/install/px4_msgs/include/px4_msgs/px4_msgs/msg/detail/sensor_combined__functions.c\n'}
[5.881107] (px4_msgs) StdoutLine: {'line': b'-- Up-to-date: /home/subhalaxmi/nidar_ws/install/px4_msgs/include/px4_msgs/px4_msgs/msg/detail/vehicle_optical_flow__functions.c\n'}
[5.881676] (px4_msgs) StdoutLine: {'line': b'-- Up-to-date: /home/subhalaxmi/nidar_ws/install/px4_msgs/include/px4_msgs/px4_msgs/msg/detail/sensor_uwb__functions.c\n'}
[5.881832] (px4_msgs) StdoutLine: {'line': b'-- Up-to-date: /home/subhalaxmi/nidar_ws/install/px4_msgs/include/px4_msgs/px4_msgs/msg/detail/uavcan_parameter_request__type_support.h\n'}
[5.882080] (px4_msgs) StdoutLine: {'line': b'-- Up-to-date: /home/subhalaxmi/nidar_ws/install/px4_msgs/include/px4_msgs/px4_msgs/msg/detail/autotune_attitude_control_status__struct.h\n'}
[5.882461] (px4_msgs) StdoutLine: {'line': b'-- Up-to-date: /home/subhalaxmi/nidar_ws/install/px4_msgs/include/px4_msgs/px4_msgs/msg/detail/mavlink_log__functions.c\n'}
[5.882680] (px4_msgs) StdoutLine: {'line': b'-- Up-to-date: /home/subhalaxmi/nidar_ws/install/px4_msgs/include/px4_msgs/px4_msgs/msg/detail/vtx__type_support.h\n'}
[5.882828] (px4_msgs) StdoutLine: {'line': b'-- Up-to-date: /home/subhalaxmi/nidar_ws/install/px4_msgs/include/px4_msgs/px4_msgs/msg/detail/vehicle_local_position_setpoint__struct.h\n'}
[5.882971] (px4_msgs) StdoutLine: {'line': b'-- Up-to-date: /home/subhalaxmi/nidar_ws/install/px4_msgs/include/px4_msgs/px4_msgs/msg/detail/rover_throttle_setpoint__functions.c\n'}
[5.883127] (px4_msgs) StdoutLine: {'line': b'-- Up-to-date: /home/subhalaxmi/nidar_ws/install/px4_msgs/include/px4_msgs/px4_msgs/msg/detail/pps_capture__functions.h\n'}
[5.883274] (px4_msgs) StdoutLine: {'line': b'-- Up-to-date: /home/subhalaxmi/nidar_ws/install/px4_msgs/include/px4_msgs/px4_msgs/msg/detail/esc_report__struct.h\n'}
[5.883406] (px4_msgs) StdoutLine: {'line': b'-- Up-to-date: /home/subhalaxmi/nidar_ws/install/px4_msgs/include/px4_msgs/px4_msgs/msg/detail/wind__type_support.h\n'}
[5.883534] (px4_msgs) StdoutLine: {'line': b'-- Up-to-date: /home/subhalaxmi/nidar_ws/install/px4_msgs/include/px4_msgs/px4_msgs/msg/detail/vehicle_torque_setpoint__struct.h\n'}
[5.883662] (px4_msgs) StdoutLine: {'line': b'-- Up-to-date: /home/subhalaxmi/nidar_ws/install/px4_msgs/include/px4_msgs/px4_msgs/msg/detail/rover_attitude_setpoint__functions.h\n'}
[5.883790] (px4_msgs) StdoutLine: {'line': b'-- Up-to-date: /home/subhalaxmi/nidar_ws/install/px4_msgs/include/px4_msgs/px4_msgs/msg/detail/landing_target_pose__type_support.h\n'}
[5.883918] (px4_msgs) StdoutLine: {'line': b'-- Up-to-date: /home/subhalaxmi/nidar_ws/install/px4_msgs/include/px4_msgs/px4_msgs/msg/detail/pps_capture__struct.h\n'}
[5.884046] (px4_msgs) StdoutLine: {'line': b'-- Up-to-date: /home/subhalaxmi/nidar_ws/install/px4_msgs/include/px4_msgs/px4_msgs/msg/detail/landing_target_pose__functions.h\n'}
[5.884246] (px4_msgs) StdoutLine: {'line': b'-- Up-to-date: /home/subhalaxmi/nidar_ws/install/px4_msgs/include/px4_msgs/px4_msgs/msg/detail/debug_key_value__functions.c\n'}
[5.884696] (px4_msgs) StdoutLine: {'line': b'-- Up-to-date: /home/subhalaxmi/nidar_ws/install/px4_msgs/include/px4_msgs/px4_msgs/msg/detail/health_report__type_support.h\n'}
[5.884827] (px4_msgs) StdoutLine: {'line': b'-- Up-to-date: /home/subhalaxmi/nidar_ws/install/px4_msgs/include/px4_msgs/px4_msgs/msg/detail/cellular_status__functions.c\n'}
[5.884955] (px4_msgs) StdoutLine: {'line': b'-- Up-to-date: /home/subhalaxmi/nidar_ws/install/px4_msgs/include/px4_msgs/px4_msgs/msg/detail/longitudinal_control_configuration__functions.c\n'}
[5.885080] (px4_msgs) StdoutLine: {'line': b'-- Up-to-date: /home/subhalaxmi/nidar_ws/install/px4_msgs/include/px4_msgs/px4_msgs/msg/detail/gps_dump__struct.h\n'}
[5.885227] (px4_msgs) StdoutLine: {'line': b'-- Up-to-date: /home/subhalaxmi/nidar_ws/install/px4_msgs/include/px4_msgs/px4_msgs/msg/detail/pure_pursuit_status__functions.c\n'}
[5.885362] (px4_msgs) StdoutLine: {'line': b'-- Up-to-date: /home/subhalaxmi/nidar_ws/install/px4_msgs/include/px4_msgs/px4_msgs/msg/detail/estimator_aid_source1d__type_support.h\n'}
[5.885490] (px4_msgs) StdoutLine: {'line': b'-- Up-to-date: /home/subhalaxmi/nidar_ws/install/px4_msgs/include/px4_msgs/px4_msgs/msg/detail/sensor_combined__struct.h\n'}
[5.885618] (px4_msgs) StdoutLine: {'line': b'-- Up-to-date: /home/subhalaxmi/nidar_ws/install/px4_msgs/include/px4_msgs/px4_msgs/msg/detail/irlock_report__struct.h\n'}
[5.885741] (px4_msgs) StdoutLine: {'line': b'-- Up-to-date: /home/subhalaxmi/nidar_ws/install/px4_msgs/include/px4_msgs/px4_msgs/msg/detail/uavcan_parameter_value__type_support.h\n'}
[5.885945] (px4_msgs) StdoutLine: {'line': b'-- Up-to-date: /home/subhalaxmi/nidar_ws/install/px4_msgs/include/px4_msgs/px4_msgs/msg/detail/vehicle_global_position__type_support.h\n'}
[5.886423] (px4_msgs) StdoutLine: {'line': b'-- Up-to-date: /home/subhalaxmi/nidar_ws/install/px4_msgs/include/px4_msgs/px4_msgs/msg/detail/sensor_baro__struct.h\n'}
[5.886563] (px4_msgs) StdoutLine: {'line': b'-- Up-to-date: /home/subhalaxmi/nidar_ws/install/px4_msgs/include/px4_msgs/px4_msgs/msg/detail/telemetry_status__functions.h\n'}
[5.886733] (px4_msgs) StdoutLine: {'line': b'-- Up-to-date: /home/subhalaxmi/nidar_ws/install/px4_msgs/include/px4_msgs/px4_msgs/msg/detail/vtx__functions.h\n'}
[5.886864] (px4_msgs) StdoutLine: {'line': b'-- Up-to-date: /home/subhalaxmi/nidar_ws/install/px4_msgs/include/px4_msgs/px4_msgs/msg/detail/ulog_stream__type_support.h\n'}
[5.886991] (px4_msgs) StdoutLine: {'line': b'-- Up-to-date: /home/subhalaxmi/nidar_ws/install/px4_msgs/include/px4_msgs/px4_msgs/msg/detail/trajectory_setpoint__type_support.h\n'}
[5.887126] (px4_msgs) StdoutLine: {'line': b'-- Up-to-date: /home/subhalaxmi/nidar_ws/install/px4_msgs/include/px4_msgs/px4_msgs/msg/detail/sensor_accel__functions.c\n'}
[5.887266] (px4_msgs) StdoutLine: {'line': b'-- Up-to-date: /home/subhalaxmi/nidar_ws/install/px4_msgs/include/px4_msgs/px4_msgs/msg/detail/vehicle_global_position__functions.c\n'}
[5.887392] (px4_msgs) StdoutLine: {'line': b'-- Up-to-date: /home/subhalaxmi/nidar_ws/install/px4_msgs/include/px4_msgs/px4_msgs/msg/detail/input_rc__type_support.h\n'}
[5.887518] (px4_msgs) StdoutLine: {'line': b'-- Up-to-date: /home/subhalaxmi/nidar_ws/install/px4_msgs/include/px4_msgs/px4_msgs/msg/detail/vtol_vehicle_status__struct.h\n'}
[5.887643] (px4_msgs) StdoutLine: {'line': b'-- Up-to-date: /home/subhalaxmi/nidar_ws/install/px4_msgs/include/px4_msgs/px4_msgs/msg/detail/lateral_control_configuration__functions.h\n'}
[5.887770] (px4_msgs) StdoutLine: {'line': b'-- Up-to-date: /home/subhalaxmi/nidar_ws/install/px4_msgs/include/px4_msgs/px4_msgs/msg/detail/raptor_status__functions.c\n'}
[5.887895] (px4_msgs) StdoutLine: {'line': b'-- Up-to-date: /home/subhalaxmi/nidar_ws/install/px4_msgs/include/px4_msgs/px4_msgs/msg/detail/estimator_status_flags__functions.h\n'}
[5.888021] (px4_msgs) StdoutLine: {'line': b'-- Up-to-date: /home/subhalaxmi/nidar_ws/install/px4_msgs/include/px4_msgs/px4_msgs/msg/detail/sensor_optical_flow__type_support.h\n'}
[5.888165] (px4_msgs) StdoutLine: {'line': b'-- Up-to-date: /home/subhalaxmi/nidar_ws/install/px4_msgs/include/px4_msgs/px4_msgs/msg/detail/follow_target_status__struct.h\n'}
[5.888308] (px4_msgs) StdoutLine: {'line': b'-- Up-to-date: /home/subhalaxmi/nidar_ws/install/px4_msgs/include/px4_msgs/px4_msgs/msg/detail/control_allocator_status__functions.c\n'}
[5.888436] (px4_msgs) StdoutLine: {'line': b'-- Up-to-date: /home/subhalaxmi/nidar_ws/install/px4_msgs/include/px4_msgs/px4_msgs/msg/detail/vehicle_attitude__struct.h\n'}
[5.888561] (px4_msgs) StdoutLine: {'line': b'-- Up-to-date: /home/subhalaxmi/nidar_ws/install/px4_msgs/include/px4_msgs/px4_msgs/msg/detail/logger_status__functions.h\n'}
[5.888687] (px4_msgs) StdoutLine: {'line': b'-- Up-to-date: /home/subhalaxmi/nidar_ws/install/px4_msgs/include/px4_msgs/px4_msgs/msg/detail/vehicle_attitude_setpoint__struct.h\n'}
[5.888812] (px4_msgs) StdoutLine: {'line': b'-- Up-to-date: /home/subhalaxmi/nidar_ws/install/px4_msgs/include/px4_msgs/px4_msgs/msg/detail/gps_inject_data__functions.c\n'}
[5.888937] (px4_msgs) StdoutLine: {'line': b'-- Up-to-date: /home/subhalaxmi/nidar_ws/install/px4_msgs/include/px4_msgs/px4_msgs/msg/detail/orb_test_medium__functions.c\n'}
[5.889062] (px4_msgs) StdoutLine: {'line': b'-- Up-to-date: /home/subhalaxmi/nidar_ws/install/px4_msgs/include/px4_msgs/px4_msgs/msg/detail/message_format_request__functions.c\n'}
[5.889534] (px4_msgs) StdoutLine: {'line': b'-- Up-to-date: /home/subhalaxmi/nidar_ws/install/px4_msgs/include/px4_msgs/px4_msgs/msg/detail/message_format_request__functions.h\n'}
[5.889895] (px4_msgs) StdoutLine: {'line': b'-- Up-to-date: /home/subhalaxmi/nidar_ws/install/px4_msgs/include/px4_msgs/px4_msgs/msg/detail/irlock_report__functions.h\n'}
[5.890024] (px4_msgs) StdoutLine: {'line': b'-- Up-to-date: /home/subhalaxmi/nidar_ws/install/px4_msgs/include/px4_msgs/px4_msgs/msg/detail/rtl_time_estimate__type_support.h\n'}
[5.890170] (px4_msgs) StdoutLine: {'line': b'-- Up-to-date: /home/subhalaxmi/nidar_ws/install/px4_msgs/include/px4_msgs/px4_msgs/msg/detail/sensor_optical_flow__functions.c\n'}
[5.890310] (px4_msgs) StdoutLine: {'line': b'-- Up-to-date: /home/subhalaxmi/nidar_ws/install/px4_msgs/include/px4_msgs/px4_msgs/msg/detail/debug_vect__functions.h\n'}
[5.890439] (px4_msgs) StdoutLine: {'line': b'-- Up-to-date: /home/subhalaxmi/nidar_ws/install/px4_msgs/include/px4_msgs/px4_msgs/msg/detail/vtx__struct.h\n'}
[5.890566] (px4_msgs) StdoutLine: {'line': b'-- Up-to-date: /home/subhalaxmi/nidar_ws/install/px4_msgs/include/px4_msgs/px4_msgs/msg/detail/landing_target_innovations__functions.c\n'}
[5.890693] (px4_msgs) StdoutLine: {'line': b'-- Up-to-date: /home/subhalaxmi/nidar_ws/install/px4_msgs/include/px4_msgs/px4_msgs/msg/detail/system_power__functions.c\n'}
[5.890818] (px4_msgs) StdoutLine: {'line': b'-- Up-to-date: /home/subhalaxmi/nidar_ws/install/px4_msgs/include/px4_msgs/px4_msgs/msg/detail/device_information__type_support.h\n'}
[5.890943] (px4_msgs) StdoutLine: {'line': b'-- Up-to-date: /home/subhalaxmi/nidar_ws/install/px4_msgs/include/px4_msgs/px4_msgs/msg/detail/vehicle_local_position_setpoint__functions.c\n'}
[5.891069] (px4_msgs) StdoutLine: {'line': b'-- Up-to-date: /home/subhalaxmi/nidar_ws/install/px4_msgs/include/px4_msgs/px4_msgs/msg/detail/sensor_correction__functions.h\n'}
[5.891536] (px4_msgs) StdoutLine: {'line': b'-- Up-to-date: /home/subhalaxmi/nidar_ws/install/px4_msgs/include/px4_msgs/px4_msgs/msg/detail/sensor_hygrometer__struct.h\n'}
[5.891822] (px4_msgs) StdoutLine: {'line': b'-- Up-to-date: /home/subhalaxmi/nidar_ws/install/px4_msgs/include/px4_msgs/px4_msgs/msg/detail/mode_completed__struct.h\n'}
[5.891953] (px4_msgs) StdoutLine: {'line': b'-- Up-to-date: /home/subhalaxmi/nidar_ws/install/px4_msgs/include/px4_msgs/px4_msgs/msg/detail/heater_status__type_support.h\n'}
[5.892081] (px4_msgs) StdoutLine: {'line': b'-- Up-to-date: /home/subhalaxmi/nidar_ws/install/px4_msgs/include/px4_msgs/px4_msgs/msg/detail/internal_combustion_engine_status__struct.h\n'}
[5.892261] (px4_msgs) StdoutLine: {'line': b'-- Up-to-date: /home/subhalaxmi/nidar_ws/install/px4_msgs/include/px4_msgs/px4_msgs/msg/detail/sensor_gnss_relative__struct.h\n'}
[5.892394] (px4_msgs) StdoutLine: {'line': b'-- Up-to-date: /home/subhalaxmi/nidar_ws/install/px4_msgs/include/px4_msgs/px4_msgs/msg/detail/parameter_reset_request__functions.c\n'}
[5.892523] (px4_msgs) StdoutLine: {'line': b'-- Up-to-date: /home/subhalaxmi/nidar_ws/install/px4_msgs/include/px4_msgs/px4_msgs/msg/detail/arming_check_reply__functions.c\n'}
[5.892650] (px4_msgs) StdoutLine: {'line': b'-- Up-to-date: /home/subhalaxmi/nidar_ws/install/px4_msgs/include/px4_msgs/px4_msgs/msg/detail/fuel_tank_status__type_support.h\n'}
[5.892777] (px4_msgs) StdoutLine: {'line': b'-- Up-to-date: /home/subhalaxmi/nidar_ws/install/px4_msgs/include/px4_msgs/px4_msgs/msg/detail/fuel_tank_status__functions.h\n'}
[5.892902] (px4_msgs) StdoutLine: {'line': b'-- Up-to-date: /home/subhalaxmi/nidar_ws/install/px4_msgs/include/px4_msgs/px4_msgs/msg/detail/mount_orientation__struct.h\n'}
[5.893028] (px4_msgs) StdoutLine: {'line': b'-- Up-to-date: /home/subhalaxmi/nidar_ws/install/px4_msgs/include/px4_msgs/px4_msgs/msg/detail/vehicle_angular_velocity__functions.h\n'}
[5.893169] (px4_msgs) StdoutLine: {'line': b'-- Up-to-date: /home/subhalaxmi/nidar_ws/install/px4_msgs/include/px4_msgs/px4_msgs/msg/detail/actuator_servos__functions.h\n'}
[5.893306] (px4_msgs) StdoutLine: {'line': b'-- Up-to-date: /home/subhalaxmi/nidar_ws/install/px4_msgs/include/px4_msgs/px4_msgs/msg/detail/action_request__type_support.h\n'}
[5.893432] (px4_msgs) StdoutLine: {'line': b'-- Up-to-date: /home/subhalaxmi/nidar_ws/install/px4_msgs/include/px4_msgs/px4_msgs/msg/detail/fixed_wing_lateral_status__type_support.h\n'}
[5.893659] (px4_msgs) StdoutLine: {'line': b'-- Up-to-date: /home/subhalaxmi/nidar_ws/install/px4_msgs/include/px4_msgs/px4_msgs/msg/detail/debug_array__struct.h\n'}
[5.893788] (px4_msgs) StdoutLine: {'line': b'-- Up-to-date: /home/subhalaxmi/nidar_ws/install/px4_msgs/include/px4_msgs/px4_msgs/msg/detail/sensor_accel_fifo__type_support.h\n'}
[5.893914] (px4_msgs) StdoutLine: {'line': b'-- Up-to-date: /home/subhalaxmi/nidar_ws/install/px4_msgs/include/px4_msgs/px4_msgs/msg/detail/battery_status__functions.h\n'}
[5.894041] (px4_msgs) StdoutLine: {'line': b'-- Up-to-date: /home/subhalaxmi/nidar_ws/install/px4_msgs/include/px4_msgs/px4_msgs/msg/detail/estimator_aid_source1d__functions.c\n'}
[5.894579] (px4_msgs) StdoutLine: {'line': b'-- Up-to-date: /home/subhalaxmi/nidar_ws/install/px4_msgs/include/px4_msgs/px4_msgs/msg/detail/open_drone_id_arm_status__functions.h\n'}
[5.894767] (px4_msgs) StdoutLine: {'line': b'-- Up-to-date: /home/subhalaxmi/nidar_ws/install/px4_msgs/include/px4_msgs/px4_msgs/msg/detail/gpio_out__functions.c\n'}
[5.894896] (px4_msgs) StdoutLine: {'line': b'-- Up-to-date: /home/subhalaxmi/nidar_ws/install/px4_msgs/include/px4_msgs/px4_msgs/msg/detail/fixed_wing_lateral_status__functions.h\n'}
[5.895025] (px4_msgs) StdoutLine: {'line': b'-- Up-to-date: /home/subhalaxmi/nidar_ws/install/px4_msgs/include/px4_msgs/px4_msgs/msg/detail/sensor_gnss_relative__functions.c\n'}
[5.895162] (px4_msgs) StdoutLine: {'line': b'-- Up-to-date: /home/subhalaxmi/nidar_ws/install/px4_msgs/include/px4_msgs/px4_msgs/msg/detail/distance_sensor__functions.c\n'}
[5.895304] (px4_msgs) StdoutLine: {'line': b'-- Up-to-date: /home/subhalaxmi/nidar_ws/install/px4_msgs/include/px4_msgs/px4_msgs/msg/detail/rover_throttle_setpoint__functions.h\n'}
[5.895432] (px4_msgs) StdoutLine: {'line': b'-- Up-to-date: /home/subhalaxmi/nidar_ws/install/px4_msgs/include/px4_msgs/px4_msgs/msg/detail/ekf2_timestamps__struct.h\n'}
[5.895560] (px4_msgs) StdoutLine: {'line': b'-- Up-to-date: /home/subhalaxmi/nidar_ws/install/px4_msgs/include/px4_msgs/px4_msgs/msg/detail/parameter_reset_request__functions.h\n'}
[5.895688] (px4_msgs) StdoutLine: {'line': b'-- Up-to-date: /home/subhalaxmi/nidar_ws/install/px4_msgs/include/px4_msgs/px4_msgs/msg/detail/estimator_aid_source3d__functions.c\n'}
[5.895814] (px4_msgs) StdoutLine: {'line': b'-- Up-to-date: /home/subhalaxmi/nidar_ws/install/px4_msgs/include/px4_msgs/px4_msgs/msg/detail/open_drone_id_system__functions.c\n'}
[5.895944] (px4_msgs) StdoutLine: {'line': b'-- Up-to-date: /home/subhalaxmi/nidar_ws/install/px4_msgs/include/px4_msgs/px4_msgs/msg/detail/rate_ctrl_status__functions.c\n'}
[5.896070] (px4_msgs) StdoutLine: {'line': b'-- Up-to-date: /home/subhalaxmi/nidar_ws/install/px4_msgs/include/px4_msgs/px4_msgs/msg/detail/rc_parameter_map__struct.h\n'}
[5.896216] (px4_msgs) StdoutLine: {'line': b'-- Up-to-date: /home/subhalaxmi/nidar_ws/install/px4_msgs/include/px4_msgs/px4_msgs/msg/detail/rover_rate_setpoint__functions.c\n'}
[5.896607] (px4_msgs) StdoutLine: {'line': b'-- Up-to-date: /home/subhalaxmi/nidar_ws/install/px4_msgs/include/px4_msgs/px4_msgs/msg/detail/qshell_req__type_support.h\n'}
[5.896739] (px4_msgs) StdoutLine: {'line': b'-- Up-to-date: /home/subhalaxmi/nidar_ws/install/px4_msgs/include/px4_msgs/px4_msgs/msg/detail/flight_phase_estimation__struct.h\n'}
[5.897177] (px4_msgs) StdoutLine: {'line': b'-- Up-to-date: /home/subhalaxmi/nidar_ws/install/px4_msgs/include/px4_msgs/px4_msgs/msg/detail/irlock_report__functions.c\n'}
[5.897445] (px4_msgs) StdoutLine: {'line': b'-- Up-to-date: /home/subhalaxmi/nidar_ws/install/px4_msgs/include/px4_msgs/px4_msgs/msg/detail/dataman_request__struct.h\n'}
[5.897580] (px4_msgs) StdoutLine: {'line': b'-- Up-to-date: /home/subhalaxmi/nidar_ws/install/px4_msgs/include/px4_msgs/px4_msgs/msg/detail/sensor_gyro_fft__type_support.h\n'}
[5.897712] (px4_msgs) StdoutLine: {'line': b'-- Up-to-date: /home/subhalaxmi/nidar_ws/install/px4_msgs/include/px4_msgs/px4_msgs/msg/detail/neural_control__functions.c\n'}
[5.897877] (px4_msgs) StdoutLine: {'line': b'-- Up-to-date: /home/subhalaxmi/nidar_ws/install/px4_msgs/include/px4_msgs/px4_msgs/msg/detail/vehicle_imu_status__functions.c\n'}
[5.898010] (px4_msgs) StdoutLine: {'line': b'-- Up-to-date: /home/subhalaxmi/nidar_ws/install/px4_msgs/include/px4_msgs/px4_msgs/msg/detail/hover_thrust_estimate__functions.h\n'}
[5.898150] (px4_msgs) StdoutLine: {'line': b'-- Up-to-date: /home/subhalaxmi/nidar_ws/install/px4_msgs/include/px4_msgs/px4_msgs/msg/detail/vehicle_thrust_setpoint__type_support.h\n'}
[5.898389] (px4_msgs) StdoutLine: {'line': b'-- Up-to-date: /home/subhalaxmi/nidar_ws/install/px4_msgs/include/px4_msgs/px4_msgs/msg/detail/vehicle_odometry__struct.h\n'}
[5.898520] (px4_msgs) StdoutLine: {'line': b'-- Up-to-date: /home/subhalaxmi/nidar_ws/install/px4_msgs/include/px4_msgs/px4_msgs/msg/detail/task_stack_info__type_support.h\n'}
[5.898648] (px4_msgs) StdoutLine: {'line': b'-- Up-to-date: /home/subhalaxmi/nidar_ws/install/px4_msgs/include/px4_msgs/px4_msgs/msg/detail/system_power__struct.h\n'}
[5.898775] (px4_msgs) StdoutLine: {'line': b'-- Up-to-date: /home/subhalaxmi/nidar_ws/install/px4_msgs/include/px4_msgs/px4_msgs/msg/detail/power_monitor__functions.h\n'}
[5.898901] (px4_msgs) StdoutLine: {'line': b'-- Up-to-date: /home/subhalaxmi/nidar_ws/install/px4_msgs/include/px4_msgs/px4_msgs/msg/detail/orb_test_large__functions.h\n'}
[5.899028] (px4_msgs) StdoutLine: {'line': b'-- Up-to-date: /home/subhalaxmi/nidar_ws/install/px4_msgs/include/px4_msgs/px4_msgs/msg/detail/rover_speed_status__functions.c\n'}
[5.899166] (px4_msgs) StdoutLine: {'line': b'-- Up-to-date: /home/subhalaxmi/nidar_ws/install/px4_msgs/include/px4_msgs/px4_msgs/msg/detail/sensor_preflight_mag__functions.c\n'}
[5.899413] (px4_msgs) StdoutLine: {'line': b'-- Up-to-date: /home/subhalaxmi/nidar_ws/install/px4_msgs/include/px4_msgs/px4_msgs/msg/detail/message_format_response__struct.h\n'}
[5.899538] (px4_msgs) StdoutLine: {'line': b'-- Up-to-date: /home/subhalaxmi/nidar_ws/install/px4_msgs/include/px4_msgs/px4_msgs/msg/detail/raptor_status__struct.h\n'}
[5.899657] (px4_msgs) StdoutLine: {'line': b'-- Up-to-date: /home/subhalaxmi/nidar_ws/install/px4_msgs/include/px4_msgs/px4_msgs/msg/detail/orbit_status__struct.h\n'}
[5.899770] (px4_msgs) StdoutLine: {'line': b'-- Up-to-date: /home/subhalaxmi/nidar_ws/install/px4_msgs/include/px4_msgs/px4_msgs/msg/detail/vehicle_optical_flow_vel__functions.c\n'}
[5.899881] (px4_msgs) StdoutLine: {'line': b'-- Up-to-date: /home/subhalaxmi/nidar_ws/install/px4_msgs/include/px4_msgs/px4_msgs/msg/detail/sensor_airflow__functions.c\n'}
[5.899992] (px4_msgs) StdoutLine: {'line': b'-- Up-to-date: /home/subhalaxmi/nidar_ws/install/px4_msgs/include/px4_msgs/px4_msgs/msg/detail/position_controller_landing_status__struct.h\n'}
[5.900105] (px4_msgs) StdoutLine: {'line': b'-- Up-to-date: /home/subhalaxmi/nidar_ws/install/px4_msgs/include/px4_msgs/px4_msgs/msg/detail/pwm_input__type_support.h\n'}
[5.900235] (px4_msgs) StdoutLine: {'line': b'-- Up-to-date: /home/subhalaxmi/nidar_ws/install/px4_msgs/include/px4_msgs/px4_msgs/msg/detail/follow_target_status__type_support.h\n'}
[5.900351] (px4_msgs) StdoutLine: {'line': b'-- Up-to-date: /home/subhalaxmi/nidar_ws/install/px4_msgs/include/px4_msgs/px4_msgs/msg/detail/gimbal_manager_status__type_support.h\n'}
[5.900462] (px4_msgs) StdoutLine: {'line': b'-- Up-to-date: /home/subhalaxmi/nidar_ws/install/px4_msgs/include/px4_msgs/px4_msgs/msg/detail/px4io_status__functions.c\n'}
[5.900575] (px4_msgs) StdoutLine: {'line': b'-- Up-to-date: /home/subhalaxmi/nidar_ws/install/px4_msgs/include/px4_msgs/px4_msgs/msg/detail/debug_key_value__type_support.h\n'}
[5.900702] (px4_msgs) StdoutLine: {'line': b'-- Up-to-date: /home/subhalaxmi/nidar_ws/install/px4_msgs/include/px4_msgs/px4_msgs/msg/detail/sensor_gnss_relative__functions.h\n'}
[5.900816] (px4_msgs) StdoutLine: {'line': b'-- Up-to-date: /home/subhalaxmi/nidar_ws/install/px4_msgs/include/px4_msgs/px4_msgs/msg/detail/sensor_accel_fifo__struct.h\n'}
[5.901263] (px4_msgs) StdoutLine: {'line': b'-- Up-to-date: /home/subhalaxmi/nidar_ws/install/px4_msgs/include/px4_msgs/px4_msgs/msg/detail/mag_worker_data__functions.h\n'}
[5.901384] (px4_msgs) StdoutLine: {'line': b'-- Up-to-date: /home/subhalaxmi/nidar_ws/install/px4_msgs/include/px4_msgs/px4_msgs/msg/detail/radio_status__type_support.h\n'}
[5.901491] (px4_msgs) StdoutLine: {'line': b'-- Up-to-date: /home/subhalaxmi/nidar_ws/install/px4_msgs/include/px4_msgs/px4_msgs/msg/detail/dataman_request__type_support.h\n'}
[5.901595] (px4_msgs) StdoutLine: {'line': b'-- Up-to-date: /home/subhalaxmi/nidar_ws/install/px4_msgs/include/px4_msgs/px4_msgs/msg/detail/rtl_status__functions.h\n'}
[5.901699] (px4_msgs) StdoutLine: {'line': b'-- Up-to-date: /home/subhalaxmi/nidar_ws/install/px4_msgs/include/px4_msgs/px4_msgs/msg/detail/vehicle_torque_setpoint__functions.h\n'}
[5.901889] (px4_msgs) StdoutLine: {'line': b'-- Up-to-date: /home/subhalaxmi/nidar_ws/install/px4_msgs/include/px4_msgs/px4_msgs/msg/detail/geofence_result__functions.h\n'}
[5.902013] (px4_msgs) StdoutLine: {'line': b'-- Up-to-date: /home/subhalaxmi/nidar_ws/install/px4_msgs/include/px4_msgs/px4_msgs/msg/detail/differential_pressure__functions.h\n'}
[5.902134] (px4_msgs) StdoutLine: {'line': b'-- Up-to-date: /home/subhalaxmi/nidar_ws/install/px4_msgs/include/px4_msgs/px4_msgs/msg/detail/vehicle_rates_setpoint__struct.h\n'}
[5.902258] (px4_msgs) StdoutLine: {'line': b'-- Up-to-date: /home/subhalaxmi/nidar_ws/install/px4_msgs/include/px4_msgs/px4_msgs/msg/detail/gimbal_device_attitude_status__functions.c\n'}
[5.902363] (px4_msgs) StdoutLine: {'line': b'-- Up-to-date: /home/subhalaxmi/nidar_ws/install/px4_msgs/include/px4_msgs/px4_msgs/msg/detail/camera_status__functions.h\n'}
[5.902466] (px4_msgs) StdoutLine: {'line': b'-- Up-to-date: /home/subhalaxmi/nidar_ws/install/px4_msgs/include/px4_msgs/px4_msgs/msg/detail/vehicle_thrust_setpoint__struct.h\n'}
[5.902569] (px4_msgs) StdoutLine: {'line': b'-- Up-to-date: /home/subhalaxmi/nidar_ws/install/px4_msgs/include/px4_msgs/px4_msgs/msg/detail/actuator_test__type_support.h\n'}
[5.902698] (px4_msgs) StdoutLine: {'line': b'-- Up-to-date: /home/subhalaxmi/nidar_ws/install/px4_msgs/include/px4_msgs/px4_msgs/msg/detail/vehicle_acceleration__type_support.h\n'}
[5.902818] (px4_msgs) StdoutLine: {'line': b'-- Up-to-date: /home/subhalaxmi/nidar_ws/install/px4_msgs/include/px4_msgs/px4_msgs/msg/detail/sensor_gyro_fifo__struct.h\n'}
[5.902929] (px4_msgs) StdoutLine: {'line': b'-- Up-to-date: /home/subhalaxmi/nidar_ws/install/px4_msgs/include/px4_msgs/px4_msgs/msg/detail/gimbal_manager_set_manual_control__functions.c\n'}
[5.903041] (px4_msgs) StdoutLine: {'line': b'-- Up-to-date: /home/subhalaxmi/nidar_ws/install/px4_msgs/include/px4_msgs/px4_msgs/msg/detail/task_stack_info__functions.h\n'}
[5.903178] (px4_msgs) StdoutLine: {'line': b'-- Up-to-date: /home/subhalaxmi/nidar_ws/install/px4_msgs/include/px4_msgs/px4_msgs/msg/detail/takeoff_status__struct.h\n'}
[5.903328] (px4_msgs) StdoutLine: {'line': b'-- Up-to-date: /home/subhalaxmi/nidar_ws/install/px4_msgs/include/px4_msgs/px4_msgs/msg/detail/debug_key_value__functions.h\n'}
[5.903469] (px4_msgs) StdoutLine: {'line': b'-- Up-to-date: /home/subhalaxmi/nidar_ws/install/px4_msgs/include/px4_msgs/px4_msgs/msg/detail/control_allocator_status__type_support.h\n'}
[5.903610] (px4_msgs) StdoutLine: {'line': b'-- Up-to-date: /home/subhalaxmi/nidar_ws/install/px4_msgs/include/px4_msgs/px4_msgs/msg/detail/pwm_input__functions.h\n'}
[5.903751] (px4_msgs) StdoutLine: {'line': b'-- Up-to-date: /home/subhalaxmi/nidar_ws/install/px4_msgs/include/px4_msgs/px4_msgs/msg/detail/gps_dump__type_support.h\n'}
[5.903890] (px4_msgs) StdoutLine: {'line': b'-- Up-to-date: /home/subhalaxmi/nidar_ws/install/px4_msgs/include/px4_msgs/px4_msgs/msg/detail/estimator_aid_source2d__struct.h\n'}
[5.904029] (px4_msgs) StdoutLine: {'line': b'-- Up-to-date: /home/subhalaxmi/nidar_ws/install/px4_msgs/include/px4_msgs/px4_msgs/msg/detail/internal_combustion_engine_status__functions.h\n'}
[5.904239] (px4_msgs) StdoutLine: {'line': b'-- Up-to-date: /home/subhalaxmi/nidar_ws/install/px4_msgs/include/px4_msgs/px4_msgs/msg/detail/message_format_response__type_support.h\n'}
[5.904690] (px4_msgs) StdoutLine: {'line': b'-- Up-to-date: /home/subhalaxmi/nidar_ws/install/px4_msgs/include/px4_msgs/px4_msgs/msg/detail/sensor_gps__struct.h\n'}
[5.904842] (px4_msgs) StdoutLine: {'line': b'-- Up-to-date: /home/subhalaxmi/nidar_ws/install/px4_msgs/include/px4_msgs/px4_msgs/msg/detail/sensor_selection__functions.h\n'}
[5.904988] (px4_msgs) StdoutLine: {'line': b'-- Up-to-date: /home/subhalaxmi/nidar_ws/install/px4_msgs/include/px4_msgs/px4_msgs/msg/detail/raptor_input__functions.c\n'}
[5.905146] (px4_msgs) StdoutLine: {'line': b'-- Up-to-date: /home/subhalaxmi/nidar_ws/install/px4_msgs/include/px4_msgs/px4_msgs/msg/detail/parameter_reset_request__type_support.h\n'}
[5.905579] (px4_msgs) StdoutLine: {'line': b'-- Up-to-date: /home/subhalaxmi/nidar_ws/install/px4_msgs/include/px4_msgs/px4_msgs/msg/detail/wheel_encoders__type_support.h\n'}
[5.905734] (px4_msgs) StdoutLine: {'line': b'-- Up-to-date: /home/subhalaxmi/nidar_ws/install/px4_msgs/include/px4_msgs/px4_msgs/msg/detail/position_setpoint__functions.c\n'}
[5.905880] (px4_msgs) StdoutLine: {'line': b'-- Up-to-date: /home/subhalaxmi/nidar_ws/install/px4_msgs/include/px4_msgs/px4_msgs/msg/detail/vehicle_torque_setpoint__functions.c\n'}
[5.906061] (px4_msgs) StdoutLine: {'line': b'-- Up-to-date: /home/subhalaxmi/nidar_ws/install/px4_msgs/include/px4_msgs/px4_msgs/msg/detail/action_request__functions.c\n'}
[5.906425] (px4_msgs) StdoutLine: {'line': b'-- Up-to-date: /home/subhalaxmi/nidar_ws/install/px4_msgs/include/px4_msgs/px4_msgs/msg/detail/fixed_wing_longitudinal_setpoint__type_support.h\n'}
[5.906635] (px4_msgs) StdoutLine: {'line': b'-- Up-to-date: /home/subhalaxmi/nidar_ws/install/px4_msgs/include/px4_msgs/px4_msgs/msg/detail/gpio_request__struct.h\n'}
[5.906783] (px4_msgs) StdoutLine: {'line': b'-- Up-to-date: /home/subhalaxmi/nidar_ws/install/px4_msgs/include/px4_msgs/px4_msgs/msg/detail/raptor_input__struct.h\n'}
[5.906929] (px4_msgs) StdoutLine: {'line': b'-- Up-to-date: /home/subhalaxmi/nidar_ws/install/px4_msgs/include/px4_msgs/px4_msgs/msg/detail/pps_capture__type_support.h\n'}
[5.907072] (px4_msgs) StdoutLine: {'line': b'-- Up-to-date: /home/subhalaxmi/nidar_ws/install/px4_msgs/include/px4_msgs/px4_msgs/msg/detail/gpio_config__functions.c\n'}
[5.907627] (px4_msgs) StdoutLine: {'line': b'-- Up-to-date: /home/subhalaxmi/nidar_ws/install/px4_msgs/include/px4_msgs/px4_msgs/msg/detail/launch_detection_status__functions.h\n'}
[5.907972] (px4_msgs) StdoutLine: {'line': b'-- Up-to-date: /home/subhalaxmi/nidar_ws/install/px4_msgs/include/px4_msgs/px4_msgs/msg/detail/sensor_gyro_fifo__functions.h\n'}
[5.908136] (px4_msgs) StdoutLine: {'line': b'-- Up-to-date: /home/subhalaxmi/nidar_ws/install/px4_msgs/include/px4_msgs/px4_msgs/msg/detail/geofence_status__functions.h\n'}
[5.908656] (px4_msgs) StdoutLine: {'line': b'-- Up-to-date: /home/subhalaxmi/nidar_ws/install/px4_msgs/include/px4_msgs/px4_msgs/msg/detail/gimbal_manager_set_manual_control__functions.h\n'}
[5.908975] (px4_msgs) StdoutLine: {'line': b'-- Up-to-date: /home/subhalaxmi/nidar_ws/install/px4_msgs/include/px4_msgs/px4_msgs/msg/detail/aux_global_position__struct.h\n'}
[5.909328] (px4_msgs) StdoutLine: {'line': b'-- Up-to-date: /home/subhalaxmi/nidar_ws/install/px4_msgs/include/px4_msgs/px4_msgs/msg/detail/rover_rate_setpoint__functions.h\n'}
[5.909626] (px4_msgs) StdoutLine: {'line': b'-- Up-to-date: /home/subhalaxmi/nidar_ws/install/px4_msgs/include/px4_msgs/px4_msgs/msg/detail/collision_constraints__functions.c\n'}
[5.909931] (px4_msgs) StdoutLine: {'line': b'-- Up-to-date: /home/subhalaxmi/nidar_ws/install/px4_msgs/include/px4_msgs/px4_msgs/msg/detail/tune_control__functions.c\n'}
[5.910265] (px4_msgs) StdoutLine: {'line': b'-- Up-to-date: /home/subhalaxmi/nidar_ws/install/px4_msgs/include/px4_msgs/px4_msgs/msg/detail/cpuload__struct.h\n'}
[5.910585] (px4_msgs) StdoutLine: {'line': b'-- Up-to-date: /home/subhalaxmi/nidar_ws/install/px4_msgs/include/px4_msgs/px4_msgs/msg/detail/parameter_set_used_request__struct.h\n'}
[5.910879] (px4_msgs) StdoutLine: {'line': b'-- Up-to-date: /home/subhalaxmi/nidar_ws/install/px4_msgs/include/px4_msgs/px4_msgs/msg/detail/debug_vect__struct.h\n'}
[5.911199] (px4_msgs) StdoutLine: {'line': b'-- Up-to-date: /home/subhalaxmi/nidar_ws/install/px4_msgs/include/px4_msgs/px4_msgs/msg/detail/mag_worker_data__struct.h\n'}
[5.911512] (px4_msgs) StdoutLine: {'line': b'-- Up-to-date: /home/subhalaxmi/nidar_ws/install/px4_msgs/include/px4_msgs/px4_msgs/msg/detail/geofence_status__type_support.h\n'}
[5.911821] (px4_msgs) StdoutLine: {'line': b'-- Up-to-date: /home/subhalaxmi/nidar_ws/install/px4_msgs/include/px4_msgs/px4_msgs/msg/detail/arming_check_reply__struct.h\n'}
[5.912162] (px4_msgs) StdoutLine: {'line': b'-- Up-to-date: /home/subhalaxmi/nidar_ws/install/px4_msgs/include/px4_msgs/px4_msgs/msg/detail/orb_test_medium__type_support.h\n'}
[5.912573] (px4_msgs) StdoutLine: {'line': b'-- Up-to-date: /home/subhalaxmi/nidar_ws/install/px4_msgs/include/px4_msgs/px4_msgs/msg/detail/failsafe_flags__functions.c\n'}
[5.912740] (px4_msgs) StdoutLine: {'line': b'-- Up-to-date: /home/subhalaxmi/nidar_ws/install/px4_msgs/include/px4_msgs/px4_msgs/msg/detail/open_drone_id_self_id__functions.c\n'}
[5.912885] (px4_msgs) StdoutLine: {'line': b'-- Up-to-date: /home/subhalaxmi/nidar_ws/install/px4_msgs/include/px4_msgs/px4_msgs/msg/detail/esc_status__type_support.h\n'}
[5.913043] (px4_msgs) StdoutLine: {'line': b'-- Up-to-date: /home/subhalaxmi/nidar_ws/install/px4_msgs/include/px4_msgs/px4_msgs/msg/detail/yaw_estimator_status__type_support.h\n'}
[5.913240] (px4_msgs) StdoutLine: {'line': b'-- Up-to-date: /home/subhalaxmi/nidar_ws/install/px4_msgs/include/px4_msgs/px4_msgs/msg/detail/dataman_request__functions.c\n'}
[5.913512] (px4_msgs) StdoutLine: {'line': b'-- Up-to-date: /home/subhalaxmi/nidar_ws/install/px4_msgs/include/px4_msgs/px4_msgs/msg/detail/vehicle_thrust_setpoint__functions.h\n'}
[5.913644] (px4_msgs) StdoutLine: {'line': b'-- Up-to-date: /home/subhalaxmi/nidar_ws/install/px4_msgs/include/px4_msgs/px4_msgs/msg/detail/vehicle_angular_velocity__functions.c\n'}
[5.913771] (px4_msgs) StdoutLine: {'line': b'-- Up-to-date: /home/subhalaxmi/nidar_ws/install/px4_msgs/include/px4_msgs/px4_msgs/msg/detail/rover_steering_setpoint__functions.h\n'}
[5.913895] (px4_msgs) StdoutLine: {'line': b'-- Up-to-date: /home/subhalaxmi/nidar_ws/install/px4_msgs/include/px4_msgs/px4_msgs/msg/detail/position_setpoint_triplet__functions.h\n'}
[5.914076] (px4_msgs) StdoutLine: {'line': b'-- Up-to-date: /home/subhalaxmi/nidar_ws/install/px4_msgs/include/px4_msgs/px4_msgs/msg/detail/vehicle_land_detected__functions.h\n'}
[5.914227] (px4_msgs) StdoutLine: {'line': b'-- Up-to-date: /home/subhalaxmi/nidar_ws/install/px4_msgs/include/px4_msgs/px4_msgs/msg/detail/gps_inject_data__struct.h\n'}
[5.914483] (px4_msgs) StdoutLine: {'line': b'-- Up-to-date: /home/subhalaxmi/nidar_ws/install/px4_msgs/include/px4_msgs/px4_msgs/msg/detail/gpio_config__functions.h\n'}
[5.914612] (px4_msgs) StdoutLine: {'line': b'-- Up-to-date: /home/subhalaxmi/nidar_ws/install/px4_msgs/include/px4_msgs/px4_msgs/msg/detail/wind__functions.h\n'}
[5.914736] (px4_msgs) StdoutLine: {'line': b'-- Up-to-date: /home/subhalaxmi/nidar_ws/install/px4_msgs/include/px4_msgs/px4_msgs/msg/detail/logger_status__struct.h\n'}
[5.914861] (px4_msgs) StdoutLine: {'line': b'-- Up-to-date: /home/subhalaxmi/nidar_ws/install/px4_msgs/include/px4_msgs/px4_msgs/msg/detail/gps_inject_data__functions.h\n'}
[5.914985] (px4_msgs) StdoutLine: {'line': b'-- Up-to-date: /home/subhalaxmi/nidar_ws/install/px4_msgs/include/px4_msgs/px4_msgs/msg/detail/gimbal_controls__functions.h\n'}
[5.915110] (px4_msgs) StdoutLine: {'line': b'-- Up-to-date: /home/subhalaxmi/nidar_ws/install/px4_msgs/include/px4_msgs/px4_msgs/msg/detail/register_ext_component_request__functions.h\n'}
[5.915257] (px4_msgs) StdoutLine: {'line': b'-- Up-to-date: /home/subhalaxmi/nidar_ws/install/px4_msgs/include/px4_msgs/px4_msgs/msg/detail/actuator_motors__struct.h\n'}
[5.915671] (px4_msgs) StdoutLine: {'line': b'-- Up-to-date: /home/subhalaxmi/nidar_ws/install/px4_msgs/include/px4_msgs/px4_msgs/msg/detail/launch_detection_status__functions.c\n'}
[5.915911] (px4_msgs) StdoutLine: {'line': b'-- Up-to-date: /home/subhalaxmi/nidar_ws/install/px4_msgs/include/px4_msgs/px4_msgs/msg/detail/fixed_wing_lateral_setpoint__type_support.h\n'}
[5.916040] (px4_msgs) StdoutLine: {'line': b'-- Up-to-date: /home/subhalaxmi/nidar_ws/install/px4_msgs/include/px4_msgs/px4_msgs/msg/detail/navigator_mission_item__functions.c\n'}
[5.916185] (px4_msgs) StdoutLine: {'line': b'-- Up-to-date: /home/subhalaxmi/nidar_ws/install/px4_msgs/include/px4_msgs/px4_msgs/msg/detail/rover_rate_setpoint__type_support.h\n'}
[5.916361] (px4_msgs) StdoutLine: {'line': b'-- Up-to-date: /home/subhalaxmi/nidar_ws/install/px4_msgs/include/px4_msgs/px4_msgs/msg/detail/device_information__functions.c\n'}
[5.916486] (px4_msgs) StdoutLine: {'line': b'-- Up-to-date: /home/subhalaxmi/nidar_ws/install/px4_msgs/include/px4_msgs/px4_msgs/msg/detail/fixed_wing_runway_control__functions.c\n'}
[5.916610] (px4_msgs) StdoutLine: {'line': b'-- Up-to-date: /home/subhalaxmi/nidar_ws/install/px4_msgs/include/px4_msgs/px4_msgs/msg/detail/fixed_wing_longitudinal_setpoint__struct.h\n'}
[5.916733] (px4_msgs) StdoutLine: {'line': b'-- Up-to-date: /home/subhalaxmi/nidar_ws/install/px4_msgs/include/px4_msgs/px4_msgs/msg/detail/neural_control__type_support.h\n'}
[5.916856] (px4_msgs) StdoutLine: {'line': b'-- Up-to-date: /home/subhalaxmi/nidar_ws/install/px4_msgs/include/px4_msgs/px4_msgs/msg/detail/adc_report__functions.h\n'}
[5.916981] (px4_msgs) StdoutLine: {'line': b'-- Up-to-date: /home/subhalaxmi/nidar_ws/install/px4_msgs/include/px4_msgs/px4_msgs/msg/detail/gimbal_device_set_attitude__type_support.h\n'}
[5.917106] (px4_msgs) StdoutLine: {'line': b'-- Up-to-date: /home/subhalaxmi/nidar_ws/install/px4_msgs/include/px4_msgs/px4_msgs/msg/detail/dronecan_node_status__functions.c\n'}
[5.917350] (px4_msgs) StdoutLine: {'line': b'-- Up-to-date: /home/subhalaxmi/nidar_ws/install/px4_msgs/include/px4_msgs/px4_msgs/msg/detail/battery_status__functions.c\n'}
[5.917479] (px4_msgs) StdoutLine: {'line': b'-- Up-to-date: /home/subhalaxmi/nidar_ws/install/px4_msgs/include/px4_msgs/px4_msgs/msg/detail/vehicle_imu__functions.c\n'}
[5.917605] (px4_msgs) StdoutLine: {'line': b'-- Up-to-date: /home/subhalaxmi/nidar_ws/install/px4_msgs/include/px4_msgs/px4_msgs/msg/detail/dronecan_node_status__type_support.h\n'}
[5.917729] (px4_msgs) StdoutLine: {'line': b'-- Up-to-date: /home/subhalaxmi/nidar_ws/install/px4_msgs/include/px4_msgs/px4_msgs/msg/detail/airspeed_validated__functions.c\n'}
[5.917853] (px4_msgs) StdoutLine: {'line': b'-- Up-to-date: /home/subhalaxmi/nidar_ws/install/px4_msgs/include/px4_msgs/px4_msgs/msg/detail/sensor_accel__functions.h\n'}
[5.917979] (px4_msgs) StdoutLine: {'line': b'-- Up-to-date: /home/subhalaxmi/nidar_ws/install/px4_msgs/include/px4_msgs/px4_msgs/msg/detail/estimator_gps_status__functions.c\n'}
[5.918105] (px4_msgs) StdoutLine: {'line': b'-- Up-to-date: /home/subhalaxmi/nidar_ws/install/px4_msgs/include/px4_msgs/px4_msgs/msg/detail/debug_vect__functions.c\n'}
[5.918750] (px4_msgs) StdoutLine: {'line': b'-- Up-to-date: /home/subhalaxmi/nidar_ws/install/px4_msgs/include/px4_msgs/px4_msgs/msg/detail/open_drone_id_arm_status__struct.h\n'}
[5.918882] (px4_msgs) StdoutLine: {'line': b'-- Up-to-date: /home/subhalaxmi/nidar_ws/install/px4_msgs/include/px4_msgs/px4_msgs/msg/detail/button_event__functions.h\n'}
[5.919013] (px4_msgs) StdoutLine: {'line': b'-- Up-to-date: /home/subhalaxmi/nidar_ws/install/px4_msgs/include/px4_msgs/px4_msgs/msg/detail/collision_constraints__type_support.h\n'}
[5.919188] (px4_msgs) StdoutLine: {'line': b'-- Up-to-date: /home/subhalaxmi/nidar_ws/install/px4_msgs/include/px4_msgs/px4_msgs/msg/detail/cellular_status__type_support.h\n'}
[5.919332] (px4_msgs) StdoutLine: {'line': b'-- Up-to-date: /home/subhalaxmi/nidar_ws/install/px4_msgs/include/px4_msgs/px4_msgs/msg/detail/gps_inject_data__type_support.h\n'}
[5.919459] (px4_msgs) StdoutLine: {'line': b'-- Up-to-date: /home/subhalaxmi/nidar_ws/install/px4_msgs/include/px4_msgs/px4_msgs/msg/detail/actuator_servos_trim__functions.c\n'}
[5.919684] (px4_msgs) StdoutLine: {'line': b'-- Up-to-date: /home/subhalaxmi/nidar_ws/install/px4_msgs/include/px4_msgs/px4_msgs/msg/detail/rover_attitude_status__struct.h\n'}
[5.919809] (px4_msgs) StdoutLine: {'line': b'-- Up-to-date: /home/subhalaxmi/nidar_ws/install/px4_msgs/include/px4_msgs/px4_msgs/msg/detail/distance_sensor_mode_change_request__struct.h\n'}
[5.919934] (px4_msgs) StdoutLine: {'line': b'-- Up-to-date: /home/subhalaxmi/nidar_ws/install/px4_msgs/include/px4_msgs/px4_msgs/msg/detail/register_ext_component_request__type_support.h\n'}
[5.920060] (px4_msgs) StdoutLine: {'line': b'-- Up-to-date: /home/subhalaxmi/nidar_ws/install/px4_msgs/include/px4_msgs/px4_msgs/msg/detail/register_ext_component_request__functions.c\n'}
[5.920292] (px4_msgs) StdoutLine: {'line': b'-- Up-to-date: /home/subhalaxmi/nidar_ws/install/px4_msgs/include/px4_msgs/px4_msgs/msg/detail/led_control__functions.c\n'}
[5.920556] (px4_msgs) StdoutLine: {'line': b'-- Up-to-date: /home/subhalaxmi/nidar_ws/install/px4_msgs/include/px4_msgs/px4_msgs/msg/detail/gpio_request__type_support.h\n'}
[5.920681] (px4_msgs) StdoutLine: {'line': b'-- Up-to-date: /home/subhalaxmi/nidar_ws/install/px4_msgs/include/px4_msgs/px4_msgs/msg/detail/fixed_wing_runway_control__functions.h\n'}
[5.920806] (px4_msgs) StdoutLine: {'line': b'-- Up-to-date: /home/subhalaxmi/nidar_ws/install/px4_msgs/include/px4_msgs/px4_msgs/msg/detail/rover_rate_status__functions.h\n'}
[5.921145] (px4_msgs) StdoutLine: {'line': b'-- Up-to-date: /home/subhalaxmi/nidar_ws/install/px4_msgs/include/px4_msgs/px4_msgs/msg/detail/sensor_gnss_status__functions.c\n'}
[5.921289] (px4_msgs) StdoutLine: {'line': b'-- Up-to-date: /home/subhalaxmi/nidar_ws/install/px4_msgs/include/px4_msgs/px4_msgs/msg/detail/vehicle_odometry__functions.c\n'}
[5.921414] (px4_msgs) StdoutLine: {'line': b'-- Up-to-date: /home/subhalaxmi/nidar_ws/install/px4_msgs/include/px4_msgs/px4_msgs/msg/detail/sensor_airflow__functions.h\n'}
[5.921536] (px4_msgs) StdoutLine: {'line': b'-- Up-to-date: /home/subhalaxmi/nidar_ws/install/px4_msgs/include/px4_msgs/px4_msgs/msg/detail/adc_report__functions.c\n'}
[5.921658] (px4_msgs) StdoutLine: {'line': b'-- Up-to-date: /home/subhalaxmi/nidar_ws/install/px4_msgs/include/px4_msgs/px4_msgs/msg/detail/mavlink_tunnel__functions.h\n'}
[5.921777] (-) TimerEvent: {}
[5.922141] (px4_msgs) StdoutLine: {'line': b'-- Up-to-date: /home/subhalaxmi/nidar_ws/install/px4_msgs/include/px4_msgs/px4_msgs/msg/detail/vehicle_magnetometer__type_support.h\n'}
[5.922516] (px4_msgs) StdoutLine: {'line': b'-- Up-to-date: /home/subhalaxmi/nidar_ws/install/px4_msgs/include/px4_msgs/px4_msgs/msg/detail/input_rc__struct.h\n'}
[5.922671] (px4_msgs) StdoutLine: {'line': b'-- Up-to-date: /home/subhalaxmi/nidar_ws/install/px4_msgs/include/px4_msgs/px4_msgs/msg/detail/offboard_control_mode__functions.c\n'}
[5.922815] (px4_msgs) StdoutLine: {'line': b'-- Up-to-date: /home/subhalaxmi/nidar_ws/install/px4_msgs/include/px4_msgs/px4_msgs/msg/detail/camera_trigger__functions.h\n'}
[5.922956] (px4_msgs) StdoutLine: {'line': b'-- Up-to-date: /home/subhalaxmi/nidar_ws/install/px4_msgs/include/px4_msgs/px4_msgs/msg/detail/gimbal_device_information__functions.c\n'}
[5.923095] (px4_msgs) StdoutLine: {'line': b'-- Up-to-date: /home/subhalaxmi/nidar_ws/install/px4_msgs/include/px4_msgs/px4_msgs/msg/detail/rover_attitude_setpoint__struct.h\n'}
[5.923496] (px4_msgs) StdoutLine: {'line': b'-- Up-to-date: /home/subhalaxmi/nidar_ws/install/px4_msgs/include/px4_msgs/px4_msgs/msg/detail/estimator_event_flags__functions.c\n'}
[5.923716] (px4_msgs) StdoutLine: {'line': b'-- Up-to-date: /home/subhalaxmi/nidar_ws/install/px4_msgs/include/px4_msgs/px4_msgs/msg/detail/vehicle_air_data__type_support.h\n'}
[5.923859] (px4_msgs) StdoutLine: {'line': b'-- Up-to-date: /home/subhalaxmi/nidar_ws/install/px4_msgs/include/px4_msgs/px4_msgs/msg/detail/vehicle_land_detected__functions.c\n'}
[5.924001] (px4_msgs) StdoutLine: {'line': b'-- Up-to-date: /home/subhalaxmi/nidar_ws/install/px4_msgs/include/px4_msgs/px4_msgs/msg/detail/gimbal_manager_set_manual_control__struct.h\n'}
[5.924190] (px4_msgs) StdoutLine: {'line': b'-- Up-to-date: /home/subhalaxmi/nidar_ws/install/px4_msgs/include/px4_msgs/px4_msgs/msg/detail/orb_test_large__struct.h\n'}
[5.924331] (px4_msgs) StdoutLine: {'line': b'-- Up-to-date: /home/subhalaxmi/nidar_ws/install/px4_msgs/include/px4_msgs/px4_msgs/msg/detail/open_drone_id_system__functions.h\n'}
[5.924469] (px4_msgs) StdoutLine: {'line': b'-- Up-to-date: /home/subhalaxmi/nidar_ws/install/px4_msgs/include/px4_msgs/px4_msgs/msg/detail/wheel_encoders__functions.h\n'}
[5.924605] (px4_msgs) StdoutLine: {'line': b'-- Up-to-date: /home/subhalaxmi/nidar_ws/install/px4_msgs/include/px4_msgs/px4_msgs/msg/detail/vehicle_acceleration__functions.h\n'}
[5.924831] (px4_msgs) StdoutLine: {'line': b'-- Up-to-date: /home/subhalaxmi/nidar_ws/install/px4_msgs/include/px4_msgs/px4_msgs/msg/detail/parameter_update__struct.h\n'}
[5.924978] (px4_msgs) StdoutLine: {'line': b'-- Up-to-date: /home/subhalaxmi/nidar_ws/install/px4_msgs/include/px4_msgs/px4_msgs/msg/detail/sensor_gyro__type_support.h\n'}
[5.925128] (px4_msgs) StdoutLine: {'line': b'-- Up-to-date: /home/subhalaxmi/nidar_ws/install/px4_msgs/include/px4_msgs/px4_msgs/msg/detail/cellular_status__functions.h\n'}
[5.925461] (px4_msgs) StdoutLine: {'line': b'-- Up-to-date: /home/subhalaxmi/nidar_ws/install/px4_msgs/include/px4_msgs/px4_msgs/msg/detail/actuator_outputs__functions.c\n'}
[5.925575] (px4_msgs) StdoutLine: {'line': b'-- Up-to-date: /home/subhalaxmi/nidar_ws/install/px4_msgs/include/px4_msgs/px4_msgs/msg/detail/fixed_wing_lateral_guidance_status__type_support.h\n'}
[5.925682] (px4_msgs) StdoutLine: {'line': b'-- Up-to-date: /home/subhalaxmi/nidar_ws/install/px4_msgs/include/px4_msgs/px4_msgs/msg/detail/system_power__functions.h\n'}
[5.925784] (px4_msgs) StdoutLine: {'line': b'-- Up-to-date: /home/subhalaxmi/nidar_ws/install/px4_msgs/include/px4_msgs/px4_msgs/msg/detail/telemetry_status__functions.c\n'}
[5.925886] (px4_msgs) StdoutLine: {'line': b'-- Up-to-date: /home/subhalaxmi/nidar_ws/install/px4_msgs/include/px4_msgs/px4_msgs/msg/detail/wheel_encoders__functions.c\n'}
[5.926033] (px4_msgs) StdoutLine: {'line': b'-- Up-to-date: /home/subhalaxmi/nidar_ws/install/px4_msgs/include/px4_msgs/px4_msgs/msg/detail/gain_compression__struct.h\n'}
[5.926229] (px4_msgs) StdoutLine: {'line': b'-- Up-to-date: /home/subhalaxmi/nidar_ws/install/px4_msgs/include/px4_msgs/px4_msgs/msg/detail/power_button_state__functions.h\n'}
[5.926348] (px4_msgs) StdoutLine: {'line': b'-- Up-to-date: /home/subhalaxmi/nidar_ws/install/px4_msgs/include/px4_msgs/px4_msgs/msg/detail/mission_result__struct.h\n'}
[5.926451] (px4_msgs) StdoutLine: {'line': b'-- Up-to-date: /home/subhalaxmi/nidar_ws/install/px4_msgs/include/px4_msgs/px4_msgs/msg/detail/vehicle_command__functions.h\n'}
[5.926552] (px4_msgs) StdoutLine: {'line': b'-- Up-to-date: /home/subhalaxmi/nidar_ws/install/px4_msgs/include/px4_msgs/px4_msgs/msg/detail/register_ext_component_request__struct.h\n'}
[5.926671] (px4_msgs) StdoutLine: {'line': b'-- Up-to-date: /home/subhalaxmi/nidar_ws/install/px4_msgs/include/px4_msgs/px4_msgs/msg/detail/px4io_status__functions.h\n'}
[5.926771] (px4_msgs) StdoutLine: {'line': b'-- Up-to-date: /home/subhalaxmi/nidar_ws/install/px4_msgs/include/px4_msgs/px4_msgs/msg/detail/vehicle_roi__functions.h\n'}
[5.926869] (px4_msgs) StdoutLine: {'line': b'-- Up-to-date: /home/subhalaxmi/nidar_ws/install/px4_msgs/include/px4_msgs/px4_msgs/msg/detail/orb_test_large__type_support.h\n'}
[5.926966] (px4_msgs) StdoutLine: {'line': b'-- Up-to-date: /home/subhalaxmi/nidar_ws/install/px4_msgs/include/px4_msgs/px4_msgs/msg/detail/sensor_gyro_fifo__functions.c\n'}
[5.927064] (px4_msgs) StdoutLine: {'line': b'-- Up-to-date: /home/subhalaxmi/nidar_ws/install/px4_msgs/include/px4_msgs/px4_msgs/msg/detail/estimator_aid_source2d__type_support.h\n'}
[5.927265] (px4_msgs) StdoutLine: {'line': b'-- Up-to-date: /home/subhalaxmi/nidar_ws/install/px4_msgs/include/px4_msgs/px4_msgs/msg/detail/autotune_attitude_control_status__type_support.h\n'}
[5.927386] (px4_msgs) StdoutLine: {'line': b'-- Up-to-date: /home/subhalaxmi/nidar_ws/install/px4_msgs/include/px4_msgs/px4_msgs/msg/detail/sensor_accel_fifo__functions.c\n'}
[5.927490] (px4_msgs) StdoutLine: {'line': b'-- Up-to-date: /home/subhalaxmi/nidar_ws/install/px4_msgs/include/px4_msgs/px4_msgs/msg/detail/satellite_info__functions.h\n'}
[5.927590] (px4_msgs) StdoutLine: {'line': b'-- Up-to-date: /home/subhalaxmi/nidar_ws/install/px4_msgs/include/px4_msgs/px4_msgs/msg/detail/transponder_report__functions.h\n'}
[5.927703] (px4_msgs) StdoutLine: {'line': b'-- Up-to-date: /home/subhalaxmi/nidar_ws/install/px4_msgs/include/px4_msgs/px4_msgs/msg/detail/actuator_outputs__type_support.h\n'}
[5.927853] (px4_msgs) StdoutLine: {'line': b'-- Up-to-date: /home/subhalaxmi/nidar_ws/install/px4_msgs/include/px4_msgs/px4_msgs/msg/detail/dronecan_node_status__struct.h\n'}
[5.927995] (px4_msgs) StdoutLine: {'line': b'-- Up-to-date: /home/subhalaxmi/nidar_ws/install/px4_msgs/include/px4_msgs/px4_msgs/msg/detail/fixed_wing_lateral_setpoint__functions.h\n'}
[5.928149] (px4_msgs) StdoutLine: {'line': b'-- Up-to-date: /home/subhalaxmi/nidar_ws/install/px4_msgs/include/px4_msgs/px4_msgs/msg/detail/estimator_status__struct.h\n'}
[5.928390] (px4_msgs) StdoutLine: {'line': b'-- Up-to-date: /home/subhalaxmi/nidar_ws/install/px4_msgs/include/px4_msgs/px4_msgs/msg/detail/rover_steering_setpoint__type_support.h\n'}
[5.928506] (px4_msgs) StdoutLine: {'line': b'-- Up-to-date: /home/subhalaxmi/nidar_ws/install/px4_msgs/include/px4_msgs/px4_msgs/msg/detail/airspeed_wind__struct.h\n'}
[5.928611] (px4_msgs) StdoutLine: {'line': b'-- Up-to-date: /home/subhalaxmi/nidar_ws/install/px4_msgs/include/px4_msgs/px4_msgs/msg/detail/gpio_request__functions.c\n'}
[5.928715] (px4_msgs) StdoutLine: {'line': b'-- Up-to-date: /home/subhalaxmi/nidar_ws/install/px4_msgs/include/px4_msgs/px4_msgs/msg/detail/tiltrotor_extra_controls__struct.h\n'}
[5.928830] (px4_msgs) StdoutLine: {'line': b'-- Up-to-date: /home/subhalaxmi/nidar_ws/install/px4_msgs/include/px4_msgs/px4_msgs/msg/detail/generator_status__functions.h\n'}
[5.929005] (px4_msgs) StdoutLine: {'line': b'-- Up-to-date: /home/subhalaxmi/nidar_ws/install/px4_msgs/include/px4_msgs/px4_msgs/msg/detail/vehicle_thrust_setpoint__functions.c\n'}
[5.929311] (px4_msgs) StdoutLine: {'line': b'-- Up-to-date: /home/subhalaxmi/nidar_ws/install/px4_msgs/include/px4_msgs/px4_msgs/msg/detail/vehicle_magnetometer__struct.h\n'}
[5.929448] (px4_msgs) StdoutLine: {'line': b'-- Up-to-date: /home/subhalaxmi/nidar_ws/install/px4_msgs/include/px4_msgs/px4_msgs/msg/detail/mission__struct.h\n'}
[5.929609] (px4_msgs) StdoutLine: {'line': b'-- Up-to-date: /home/subhalaxmi/nidar_ws/install/px4_msgs/include/px4_msgs/px4_msgs/msg/detail/figure_eight_status__type_support.h\n'}
[5.929787] (px4_msgs) StdoutLine: {'line': b'-- Up-to-date: /home/subhalaxmi/nidar_ws/install/px4_msgs/include/px4_msgs/px4_msgs/msg/detail/rover_attitude_status__type_support.h\n'}
[5.929970] (px4_msgs) StdoutLine: {'line': b'-- Up-to-date: /home/subhalaxmi/nidar_ws/install/px4_msgs/include/px4_msgs/px4_msgs/msg/detail/sensor_baro__functions.h\n'}
[5.930173] (px4_msgs) StdoutLine: {'line': b'-- Up-to-date: /home/subhalaxmi/nidar_ws/install/px4_msgs/include/px4_msgs/px4_msgs/msg/detail/health_report__struct.h\n'}
[5.930462] (px4_msgs) StdoutLine: {'line': b'-- Up-to-date: /home/subhalaxmi/nidar_ws/install/px4_msgs/include/px4_msgs/px4_msgs/msg/detail/failsafe_flags__functions.h\n'}
[5.930648] (px4_msgs) StdoutLine: {'line': b'-- Up-to-date: /home/subhalaxmi/nidar_ws/install/px4_msgs/include/px4_msgs/px4_msgs/msg/detail/takeoff_status__functions.c\n'}
[5.930832] (px4_msgs) StdoutLine: {'line': b'-- Up-to-date: /home/subhalaxmi/nidar_ws/install/px4_msgs/include/px4_msgs/px4_msgs/msg/detail/rtl_time_estimate__functions.h\n'}
[5.931016] (px4_msgs) StdoutLine: {'line': b'-- Up-to-date: /home/subhalaxmi/nidar_ws/install/px4_msgs/include/px4_msgs/px4_msgs/msg/detail/cellular_status__struct.h\n'}
[5.931286] (px4_msgs) StdoutLine: {'line': b'-- Up-to-date: /home/subhalaxmi/nidar_ws/install/px4_msgs/include/px4_msgs/px4_msgs/msg/detail/mavlink_tunnel__functions.c\n'}
[5.931483] (px4_msgs) StdoutLine: {'line': b'-- Up-to-date: /home/subhalaxmi/nidar_ws/install/px4_msgs/include/px4_msgs/px4_msgs/msg/detail/airspeed_validated__struct.h\n'}
[5.931677] (px4_msgs) StdoutLine: {'line': b'-- Up-to-date: /home/subhalaxmi/nidar_ws/install/px4_msgs/include/px4_msgs/px4_msgs/msg/detail/ping__functions.h\n'}
[5.931861] (px4_msgs) StdoutLine: {'line': b'-- Up-to-date: /home/subhalaxmi/nidar_ws/install/px4_msgs/include/px4_msgs/px4_msgs/msg/detail/tune_control__type_support.h\n'}
[5.932170] (px4_msgs) StdoutLine: {'line': b'-- Up-to-date: /home/subhalaxmi/nidar_ws/install/px4_msgs/include/px4_msgs/px4_msgs/msg/detail/mavlink_log__type_support.h\n'}
[5.932456] (px4_msgs) StdoutLine: {'line': b'-- Up-to-date: /home/subhalaxmi/nidar_ws/install/px4_msgs/include/px4_msgs/px4_msgs/msg/detail/px4io_status__type_support.h\n'}
[5.932633] (px4_msgs) StdoutLine: {'line': b'-- Up-to-date: /home/subhalaxmi/nidar_ws/install/px4_msgs/include/px4_msgs/px4_msgs/msg/detail/estimator_bias3d__struct.h\n'}
[5.932803] (px4_msgs) StdoutLine: {'line': b'-- Up-to-date: /home/subhalaxmi/nidar_ws/install/px4_msgs/include/px4_msgs/px4_msgs/msg/detail/sensor_optical_flow__functions.h\n'}
[5.932973] (px4_msgs) StdoutLine: {'line': b'-- Up-to-date: /home/subhalaxmi/nidar_ws/install/px4_msgs/include/px4_msgs/px4_msgs/msg/detail/lateral_control_configuration__struct.h\n'}
[5.933156] (px4_msgs) StdoutLine: {'line': b'-- Up-to-date: /home/subhalaxmi/nidar_ws/install/px4_msgs/include/px4_msgs/px4_msgs/msg/detail/actuator_servos__type_support.h\n'}
[5.933342] (px4_msgs) StdoutLine: {'line': b'-- Up-to-date: /home/subhalaxmi/nidar_ws/install/px4_msgs/include/px4_msgs/px4_msgs/msg/detail/sensors_status__struct.h\n'}
[5.933513] (px4_msgs) StdoutLine: {'line': b'-- Up-to-date: /home/subhalaxmi/nidar_ws/install/px4_msgs/include/px4_msgs/px4_msgs/msg/detail/magnetometer_bias_estimate__functions.c\n'}
[5.933678] (px4_msgs) StdoutLine: {'line': b'-- Up-to-date: /home/subhalaxmi/nidar_ws/install/px4_msgs/include/px4_msgs/px4_msgs/msg/detail/gps_dump__functions.c\n'}
[5.933845] (px4_msgs) StdoutLine: {'line': b'-- Up-to-date: /home/subhalaxmi/nidar_ws/install/px4_msgs/include/px4_msgs/px4_msgs/msg/detail/sensor_airflow__type_support.h\n'}
[5.934014] (px4_msgs) StdoutLine: {'line': b'-- Up-to-date: /home/subhalaxmi/nidar_ws/install/px4_msgs/include/px4_msgs/px4_msgs/msg/detail/vehicle_imu_status__type_support.h\n'}
[5.934196] (px4_msgs) StdoutLine: {'line': b'-- Up-to-date: /home/subhalaxmi/nidar_ws/install/px4_msgs/include/px4_msgs/px4_msgs/msg/detail/orb_test__functions.h\n'}
[5.934376] (px4_msgs) StdoutLine: {'line': b'-- Up-to-date: /home/subhalaxmi/nidar_ws/install/px4_msgs/include/px4_msgs/px4_msgs/msg/detail/onboard_computer_status__functions.h\n'}
[5.934549] (px4_msgs) StdoutLine: {'line': b'-- Up-to-date: /home/subhalaxmi/nidar_ws/install/px4_msgs/include/px4_msgs/px4_msgs/msg/detail/config_overrides__struct.h\n'}
[5.934714] (px4_msgs) StdoutLine: {'line': b'-- Up-to-date: /home/subhalaxmi/nidar_ws/install/px4_msgs/include/px4_msgs/px4_msgs/msg/detail/gripper__type_support.h\n'}
[5.934889] (px4_msgs) StdoutLine: {'line': b'-- Up-to-date: /home/subhalaxmi/nidar_ws/install/px4_msgs/include/px4_msgs/px4_msgs/msg/detail/qshell_req__functions.c\n'}
[5.935059] (px4_msgs) StdoutLine: {'line': b'-- Up-to-date: /home/subhalaxmi/nidar_ws/install/px4_msgs/include/px4_msgs/px4_msgs/msg/detail/gimbal_manager_information__type_support.h\n'}
[5.935364] (px4_msgs) StdoutLine: {'line': b'-- Up-to-date: /home/subhalaxmi/nidar_ws/install/px4_msgs/include/px4_msgs/px4_msgs/msg/detail/debug_value__type_support.h\n'}
[5.936086] (px4_msgs) StdoutLine: {'line': b'-- Up-to-date: /home/subhalaxmi/nidar_ws/install/px4_msgs/include/px4_msgs/px4_msgs/msg/detail/mission__functions.h\n'}
[5.936922] (px4_msgs) StdoutLine: {'line': b'-- Up-to-date: /home/subhalaxmi/nidar_ws/install/px4_msgs/include/px4_msgs/px4_msgs/msg/detail/sensor_gyro__functions.h\n'}
[5.937132] (px4_msgs) StdoutLine: {'line': b'-- Up-to-date: /home/subhalaxmi/nidar_ws/install/px4_msgs/include/px4_msgs/px4_msgs/msg/detail/estimator_aid_source2d__functions.h\n'}
[5.937325] (px4_msgs) StdoutLine: {'line': b'-- Up-to-date: /home/subhalaxmi/nidar_ws/install/px4_msgs/include/px4_msgs/px4_msgs/msg/detail/gimbal_manager_status__functions.h\n'}
[5.937495] (px4_msgs) StdoutLine: {'line': b'-- Up-to-date: /home/subhalaxmi/nidar_ws/install/px4_msgs/include/px4_msgs/px4_msgs/msg/detail/vehicle_constraints__struct.h\n'}
[5.937665] (px4_msgs) StdoutLine: {'line': b'-- Up-to-date: /home/subhalaxmi/nidar_ws/install/px4_msgs/include/px4_msgs/px4_msgs/msg/detail/orb_test_medium__struct.h\n'}
[5.937831] (px4_msgs) StdoutLine: {'line': b'-- Up-to-date: /home/subhalaxmi/nidar_ws/install/px4_msgs/include/px4_msgs/px4_msgs/msg/detail/gimbal_device_information__type_support.h\n'}
[5.937998] (px4_msgs) StdoutLine: {'line': b'-- Up-to-date: /home/subhalaxmi/nidar_ws/install/px4_msgs/include/px4_msgs/px4_msgs/msg/detail/distance_sensor__struct.h\n'}
[5.938181] (px4_msgs) StdoutLine: {'line': b'-- Up-to-date: /home/subhalaxmi/nidar_ws/install/px4_msgs/include/px4_msgs/px4_msgs/msg/detail/can_interface_status__functions.c\n'}
[5.938363] (px4_msgs) StdoutLine: {'line': b'-- Up-to-date: /home/subhalaxmi/nidar_ws/install/px4_msgs/include/px4_msgs/px4_msgs/msg/detail/estimator_status_flags__type_support.h\n'}
[5.938531] (px4_msgs) StdoutLine: {'line': b'-- Up-to-date: /home/subhalaxmi/nidar_ws/install/px4_msgs/include/px4_msgs/px4_msgs/msg/detail/sensor_baro__type_support.h\n'}
[5.938696] (px4_msgs) StdoutLine: {'line': b'-- Up-to-date: /home/subhalaxmi/nidar_ws/install/px4_msgs/include/px4_msgs/px4_msgs/msg/detail/gimbal_device_information__functions.h\n'}
[5.938866] (px4_msgs) StdoutLine: {'line': b'-- Up-to-date: /home/subhalaxmi/nidar_ws/install/px4_msgs/include/px4_msgs/px4_msgs/msg/detail/landing_target_innovations__type_support.h\n'}
[5.939034] (px4_msgs) StdoutLine: {'line': b'-- Up-to-date: /home/subhalaxmi/nidar_ws/install/px4_msgs/include/px4_msgs/px4_msgs/msg/detail/position_setpoint_triplet__functions.c\n'}
[5.939569] (px4_msgs) StdoutLine: {'line': b'-- Up-to-date: /home/subhalaxmi/nidar_ws/install/px4_msgs/include/px4_msgs/px4_msgs/msg/detail/rover_position_setpoint__functions.h\n'}
[5.939756] (px4_msgs) StdoutLine: {'line': b'-- Up-to-date: /home/subhalaxmi/nidar_ws/install/px4_msgs/include/px4_msgs/px4_msgs/msg/detail/orbit_status__type_support.h\n'}
[5.939936] (px4_msgs) StdoutLine: {'line': b'-- Up-to-date: /home/subhalaxmi/nidar_ws/install/px4_msgs/include/px4_msgs/px4_msgs/msg/detail/adc_report__struct.h\n'}
[5.940127] (px4_msgs) StdoutLine: {'line': b'-- Up-to-date: /home/subhalaxmi/nidar_ws/install/px4_msgs/include/px4_msgs/px4_msgs/msg/detail/gpio_config__type_support.h\n'}
[5.940854] (px4_msgs) StdoutLine: {'line': b'-- Up-to-date: /home/subhalaxmi/nidar_ws/install/px4_msgs/include/px4_msgs/px4_msgs/msg/detail/actuator_servos_trim__functions.h\n'}
[5.941048] (px4_msgs) StdoutLine: {'line': b'-- Up-to-date: /home/subhalaxmi/nidar_ws/install/px4_msgs/include/px4_msgs/px4_msgs/msg/detail/timesync_status__functions.h\n'}
[5.941568] (px4_msgs) StdoutLine: {'line': b'-- Up-to-date: /home/subhalaxmi/nidar_ws/install/px4_msgs/include/px4_msgs/px4_msgs/msg/detail/manual_control_setpoint__functions.c\n'}
[5.941755] (px4_msgs) StdoutLine: {'line': b'-- Up-to-date: /home/subhalaxmi/nidar_ws/install/px4_msgs/include/px4_msgs/px4_msgs/msg/detail/actuator_controls_status__functions.c\n'}
[5.941936] (px4_msgs) StdoutLine: {'line': b'-- Up-to-date: /home/subhalaxmi/nidar_ws/install/px4_msgs/include/px4_msgs/px4_msgs/msg/detail/actuator_controls_status__functions.h\n'}
[5.942107] (px4_msgs) StdoutLine: {'line': b'-- Up-to-date: /home/subhalaxmi/nidar_ws/install/px4_msgs/include/px4_msgs/px4_msgs/msg/detail/trajectory_setpoint6dof__functions.h\n'}
[5.942305] (px4_msgs) StdoutLine: {'line': b'-- Up-to-date: /home/subhalaxmi/nidar_ws/install/px4_msgs/include/px4_msgs/px4_msgs/msg/detail/sensor_accel_fifo__functions.h\n'}
[5.942489] (px4_msgs) StdoutLine: {'line': b'-- Up-to-date: /home/subhalaxmi/nidar_ws/install/px4_msgs/include/px4_msgs/px4_msgs/msg/detail/yaw_estimator_status__struct.h\n'}
[5.942657] (px4_msgs) StdoutLine: {'line': b'-- Up-to-date: /home/subhalaxmi/nidar_ws/install/px4_msgs/include/px4_msgs/px4_msgs/msg/detail/register_ext_component_reply__functions.c\n'}
[5.942834] (px4_msgs) StdoutLine: {'line': b'-- Up-to-date: /home/subhalaxmi/nidar_ws/install/px4_msgs/include/px4_msgs/px4_msgs/msg/detail/orbit_status__functions.h\n'}
[5.943004] (px4_msgs) StdoutLine: {'line': b'-- Up-to-date: /home/subhalaxmi/nidar_ws/install/px4_msgs/include/px4_msgs/px4_msgs/msg/detail/wind__functions.c\n'}
[5.943182] (px4_msgs) StdoutLine: {'line': b'-- Up-to-date: /home/subhalaxmi/nidar_ws/install/px4_msgs/include/px4_msgs/px4_msgs/msg/detail/vehicle_imu__functions.h\n'}
[5.943351] (px4_msgs) StdoutLine: {'line': b'-- Up-to-date: /home/subhalaxmi/nidar_ws/install/px4_msgs/include/px4_msgs/px4_msgs/msg/detail/sensor_preflight_mag__type_support.h\n'}
[5.943517] (px4_msgs) StdoutLine: {'line': b'-- Up-to-date: /home/subhalaxmi/nidar_ws/install/px4_msgs/include/px4_msgs/px4_msgs/msg/detail/can_interface_status__functions.h\n'}
[5.943682] (px4_msgs) StdoutLine: {'line': b'-- Up-to-date: /home/subhalaxmi/nidar_ws/install/px4_msgs/include/px4_msgs/px4_msgs/msg/detail/ping__type_support.h\n'}
[5.943847] (px4_msgs) StdoutLine: {'line': b'-- Up-to-date: /home/subhalaxmi/nidar_ws/install/px4_msgs/include/px4_msgs/px4_msgs/msg/detail/battery_info__type_support.h\n'}
[5.944015] (px4_msgs) StdoutLine: {'line': b'-- Up-to-date: /home/subhalaxmi/nidar_ws/install/px4_msgs/include/px4_msgs/px4_msgs/msg/detail/gpio_request__functions.h\n'}
[5.944258] (px4_msgs) StdoutLine: {'line': b'-- Up-to-date: /home/subhalaxmi/nidar_ws/install/px4_msgs/include/px4_msgs/px4_msgs/msg/detail/gripper__functions.c\n'}
[5.944745] (px4_msgs) StdoutLine: {'line': b'-- Up-to-date: /home/subhalaxmi/nidar_ws/install/px4_msgs/include/px4_msgs/px4_msgs/msg/detail/debug_key_value__struct.h\n'}
[5.944931] (px4_msgs) StdoutLine: {'line': b'-- Up-to-date: /home/subhalaxmi/nidar_ws/install/px4_msgs/include/px4_msgs/px4_msgs/msg/detail/trajectory_setpoint6dof__struct.h\n'}
[5.945110] (px4_msgs) StdoutLine: {'line': b'-- Up-to-date: /home/subhalaxmi/nidar_ws/install/px4_msgs/include/px4_msgs/px4_msgs/msg/detail/rover_speed_setpoint__struct.h\n'}
[5.946053] (px4_msgs) StdoutLine: {'line': b'-- Up-to-date: /home/subhalaxmi/nidar_ws/install/px4_msgs/include/px4_msgs/px4_msgs/msg/detail/gpio_in__functions.h\n'}
[5.946257] (px4_msgs) StdoutLine: {'line': b'-- Up-to-date: /home/subhalaxmi/nidar_ws/install/px4_msgs/include/px4_msgs/px4_msgs/msg/detail/gpio_config__struct.h\n'}
[5.946433] (px4_msgs) StdoutLine: {'line': b'-- Up-to-date: /home/subhalaxmi/nidar_ws/install/px4_msgs/include/px4_msgs/px4_msgs/msg/detail/dataman_response__functions.h\n'}
[5.946604] (px4_msgs) StdoutLine: {'line': b'-- Up-to-date: /home/subhalaxmi/nidar_ws/install/px4_msgs/include/px4_msgs/px4_msgs/msg/detail/estimator_states__functions.c\n'}
[5.946770] (px4_msgs) StdoutLine: {'line': b'-- Up-to-date: /home/subhalaxmi/nidar_ws/install/px4_msgs/include/px4_msgs/px4_msgs/msg/detail/internal_combustion_engine_control__functions.c\n'}
[5.946938] (px4_msgs) StdoutLine: {'line': b'-- Up-to-date: /home/subhalaxmi/nidar_ws/install/px4_msgs/include/px4_msgs/px4_msgs/msg/detail/rover_throttle_setpoint__struct.h\n'}
[5.947105] (px4_msgs) StdoutLine: {'line': b'-- Up-to-date: /home/subhalaxmi/nidar_ws/install/px4_msgs/include/px4_msgs/px4_msgs/msg/detail/mission__functions.c\n'}
[5.947296] (px4_msgs) StdoutLine: {'line': b'-- Up-to-date: /home/subhalaxmi/nidar_ws/install/px4_msgs/include/px4_msgs/px4_msgs/msg/detail/landing_gear__type_support.h\n'}
[5.947488] (px4_msgs) StdoutLine: {'line': b'-- Up-to-date: /home/subhalaxmi/nidar_ws/install/px4_msgs/include/px4_msgs/px4_msgs/msg/detail/gimbal_manager_set_attitude__functions.h\n'}
[5.947658] (px4_msgs) StdoutLine: {'line': b'-- Up-to-date: /home/subhalaxmi/nidar_ws/install/px4_msgs/include/px4_msgs/px4_msgs/msg/detail/tiltrotor_extra_controls__type_support.h\n'}
[5.947838] (px4_msgs) StdoutLine: {'line': b'-- Up-to-date: /home/subhalaxmi/nidar_ws/install/px4_msgs/include/px4_msgs/px4_msgs/msg/detail/follow_target_estimator__type_support.h\n'}
[5.948009] (px4_msgs) StdoutLine: {'line': b'-- Up-to-date: /home/subhalaxmi/nidar_ws/install/px4_msgs/include/px4_msgs/px4_msgs/msg/detail/vehicle_local_position__functions.h\n'}
[5.948243] (px4_msgs) StdoutLine: {'line': b'-- Up-to-date: /home/subhalaxmi/nidar_ws/install/px4_msgs/include/px4_msgs/px4_msgs/msg/detail/vehicle_optical_flow_vel__functions.h\n'}
[5.948469] (px4_msgs) StdoutLine: {'line': b'-- Up-to-date: /home/subhalaxmi/nidar_ws/install/px4_msgs/include/px4_msgs/px4_msgs/msg/detail/task_stack_info__struct.h\n'}
[5.948698] (px4_msgs) StdoutLine: {'line': b'-- Up-to-date: /home/subhalaxmi/nidar_ws/install/px4_msgs/include/px4_msgs/px4_msgs/msg/detail/actuator_motors__type_support.h\n'}
[5.948940] (px4_msgs) StdoutLine: {'line': b'-- Up-to-date: /home/subhalaxmi/nidar_ws/install/px4_msgs/include/px4_msgs/px4_msgs/msg/detail/rc_channels__functions.c\n'}
[5.949457] (px4_msgs) StdoutLine: {'line': b'-- Up-to-date: /home/subhalaxmi/nidar_ws/install/px4_msgs/include/px4_msgs/px4_msgs/msg/detail/rover_attitude_status__functions.h\n'}
[5.949659] (px4_msgs) StdoutLine: {'line': b'-- Up-to-date: /home/subhalaxmi/nidar_ws/install/px4_msgs/include/px4_msgs/px4_msgs/msg/detail/internal_combustion_engine_status__type_support.h\n'}
[5.950149] (px4_msgs) StdoutLine: {'line': b'-- Up-to-date: /home/subhalaxmi/nidar_ws/install/px4_msgs/include/px4_msgs/px4_msgs/msg/detail/vehicle_command__struct.h\n'}
[5.950770] (px4_msgs) StdoutLine: {'line': b'-- Up-to-date: /home/subhalaxmi/nidar_ws/install/px4_msgs/include/px4_msgs/px4_msgs/msg/detail/vehicle_status__type_support.h\n'}
[5.950949] (px4_msgs) StdoutLine: {'line': b'-- Up-to-date: /home/subhalaxmi/nidar_ws/install/px4_msgs/include/px4_msgs/px4_msgs/msg/detail/iridiumsbd_status__type_support.h\n'}
[5.951127] (px4_msgs) StdoutLine: {'line': b'-- Up-to-date: /home/subhalaxmi/nidar_ws/install/px4_msgs/include/px4_msgs/px4_msgs/msg/detail/trajectory_setpoint__functions.c\n'}
[5.953078] (px4_msgs) StdoutLine: {'line': b'-- Up-to-date: /home/subhalaxmi/nidar_ws/install/px4_msgs/include/px4_msgs/px4_msgs/msg/detail/input_rc__functions.c\n'}
[5.953431] (px4_msgs) StdoutLine: {'line': b'-- Up-to-date: /home/subhalaxmi/nidar_ws/install/px4_msgs/include/px4_msgs/px4_msgs/msg/detail/figure_eight_status__struct.h\n'}
[5.953653] (px4_msgs) StdoutLine: {'line': b'-- Up-to-date: /home/subhalaxmi/nidar_ws/install/px4_msgs/include/px4_msgs/px4_msgs/msg/detail/follow_target_estimator__struct.h\n'}
[5.953855] (px4_msgs) StdoutLine: {'line': b'-- Up-to-date: /home/subhalaxmi/nidar_ws/install/px4_msgs/include/px4_msgs/px4_msgs/msg/detail/actuator_motors__functions.c\n'}
[5.954047] (px4_msgs) StdoutLine: {'line': b'-- Up-to-date: /home/subhalaxmi/nidar_ws/install/px4_msgs/include/px4_msgs/px4_msgs/msg/detail/rate_ctrl_status__functions.h\n'}
[5.954264] (px4_msgs) StdoutLine: {'line': b'-- Up-to-date: /home/subhalaxmi/nidar_ws/install/px4_msgs/include/px4_msgs/px4_msgs/msg/detail/vehicle_optical_flow__type_support.h\n'}
[5.954454] (px4_msgs) StdoutLine: {'line': b'-- Up-to-date: /home/subhalaxmi/nidar_ws/install/px4_msgs/include/px4_msgs/px4_msgs/msg/detail/px4io_status__struct.h\n'}
[5.954639] (px4_msgs) StdoutLine: {'line': b'-- Up-to-date: /home/subhalaxmi/nidar_ws/install/px4_msgs/include/px4_msgs/px4_msgs/msg/detail/navigator_status__type_support.h\n'}
[5.954856] (px4_msgs) StdoutLine: {'line': b'-- Up-to-date: /home/subhalaxmi/nidar_ws/install/px4_msgs/include/px4_msgs/px4_msgs/msg/detail/lateral_control_configuration__functions.c\n'}
[5.955038] (px4_msgs) StdoutLine: {'line': b'-- Up-to-date: /home/subhalaxmi/nidar_ws/install/px4_msgs/include/px4_msgs/px4_msgs/msg/detail/differential_pressure__functions.c\n'}
[5.955318] (px4_msgs) StdoutLine: {'line': b'-- Up-to-date: /home/subhalaxmi/nidar_ws/install/px4_msgs/include/px4_msgs/px4_msgs/msg/detail/vehicle_imu_status__functions.h\n'}
[5.955533] (px4_msgs) StdoutLine: {'line': b'-- Up-to-date: /home/subhalaxmi/nidar_ws/install/px4_msgs/include/px4_msgs/px4_msgs/msg/detail/actuator_armed__functions.h\n'}
[5.955715] (px4_msgs) StdoutLine: {'line': b'-- Up-to-date: /home/subhalaxmi/nidar_ws/install/px4_msgs/include/px4_msgs/px4_msgs/msg/detail/satellite_info__functions.c\n'}
[5.955893] (px4_msgs) StdoutLine: {'line': b'-- Up-to-date: /home/subhalaxmi/nidar_ws/install/px4_msgs/include/px4_msgs/px4_msgs/msg/detail/sensor_hygrometer__type_support.h\n'}
[5.956070] (px4_msgs) StdoutLine: {'line': b'-- Up-to-date: /home/subhalaxmi/nidar_ws/install/px4_msgs/include/px4_msgs/px4_msgs/msg/detail/gpio_in__type_support.h\n'}
[5.956276] (px4_msgs) StdoutLine: {'line': b'-- Up-to-date: /home/subhalaxmi/nidar_ws/install/px4_msgs/include/px4_msgs/px4_msgs/msg/detail/sensor_mag__functions.h\n'}
[5.956453] (px4_msgs) StdoutLine: {'line': b'-- Up-to-date: /home/subhalaxmi/nidar_ws/install/px4_msgs/include/px4_msgs/px4_msgs/msg/detail/internal_combustion_engine_control__type_support.h\n'}
[5.956628] (px4_msgs) StdoutLine: {'line': b'-- Up-to-date: /home/subhalaxmi/nidar_ws/install/px4_msgs/include/px4_msgs/px4_msgs/msg/detail/vehicle_status__functions.c\n'}
[5.956823] (px4_msgs) StdoutLine: {'line': b'-- Up-to-date: /home/subhalaxmi/nidar_ws/install/px4_msgs/include/px4_msgs/px4_msgs/msg/detail/sensors_status_imu__functions.c\n'}
[5.956997] (px4_msgs) StdoutLine: {'line': b'-- Up-to-date: /home/subhalaxmi/nidar_ws/install/px4_msgs/include/px4_msgs/px4_msgs/msg/detail/geofence_result__functions.c\n'}
[5.957183] (px4_msgs) StdoutLine: {'line': b'-- Up-to-date: /home/subhalaxmi/nidar_ws/install/px4_msgs/include/px4_msgs/px4_msgs/msg/detail/esc_status__functions.c\n'}
[5.957368] (px4_msgs) StdoutLine: {'line': b'-- Up-to-date: /home/subhalaxmi/nidar_ws/install/px4_msgs/include/px4_msgs/px4_msgs/msg/detail/vehicle_angular_acceleration_setpoint__functions.c\n'}
[5.957538] (px4_msgs) StdoutLine: {'line': b'-- Up-to-date: /home/subhalaxmi/nidar_ws/install/px4_msgs/include/px4_msgs/px4_msgs/msg/detail/raptor_status__type_support.h\n'}
[5.957709] (px4_msgs) StdoutLine: {'line': b'-- Up-to-date: /home/subhalaxmi/nidar_ws/install/px4_msgs/include/px4_msgs/px4_msgs/msg/detail/sensor_baro__functions.c\n'}
[5.957880] (px4_msgs) StdoutLine: {'line': b'-- Up-to-date: /home/subhalaxmi/nidar_ws/install/px4_msgs/include/px4_msgs/px4_msgs/msg/detail/sensor_preflight_mag__struct.h\n'}
[5.958051] (px4_msgs) StdoutLine: {'line': b'-- Up-to-date: /home/subhalaxmi/nidar_ws/install/px4_msgs/include/px4_msgs/px4_msgs/msg/detail/internal_combustion_engine_control__struct.h\n'}
[5.958254] (px4_msgs) StdoutLine: {'line': b'-- Up-to-date: /home/subhalaxmi/nidar_ws/install/px4_msgs/include/px4_msgs/px4_msgs/msg/detail/register_ext_component_reply__struct.h\n'}
[5.958431] (px4_msgs) StdoutLine: {'line': b'-- Up-to-date: /home/subhalaxmi/nidar_ws/install/px4_msgs/include/px4_msgs/px4_msgs/msg/detail/uavcan_parameter_value__functions.c\n'}
[5.958601] (px4_msgs) StdoutLine: {'line': b'-- Up-to-date: /home/subhalaxmi/nidar_ws/install/px4_msgs/include/px4_msgs/px4_msgs/msg/detail/vehicle_land_detected__struct.h\n'}
[5.958770] (px4_msgs) StdoutLine: {'line': b'-- Up-to-date: /home/subhalaxmi/nidar_ws/install/px4_msgs/include/px4_msgs/px4_msgs/msg/detail/orbit_status__functions.c\n'}
[5.958939] (px4_msgs) StdoutLine: {'line': b'-- Up-to-date: /home/subhalaxmi/nidar_ws/install/px4_msgs/include/px4_msgs/px4_msgs/msg/detail/parameter_reset_request__struct.h\n'}
[5.959109] (px4_msgs) StdoutLine: {'line': b'-- Up-to-date: /home/subhalaxmi/nidar_ws/install/px4_msgs/include/px4_msgs/px4_msgs/msg/detail/rtl_time_estimate__struct.h\n'}
[5.959305] (px4_msgs) StdoutLine: {'line': b'-- Up-to-date: /home/subhalaxmi/nidar_ws/install/px4_msgs/include/px4_msgs/px4_msgs/msg/detail/vehicle_optical_flow__struct.h\n'}
[5.959475] (px4_msgs) StdoutLine: {'line': b'-- Up-to-date: /home/subhalaxmi/nidar_ws/install/px4_msgs/include/px4_msgs/px4_msgs/msg/detail/vehicle_rates_setpoint__functions.h\n'}
[5.959656] (px4_msgs) StdoutLine: {'line': b'-- Up-to-date: /home/subhalaxmi/nidar_ws/install/px4_msgs/include/px4_msgs/px4_msgs/msg/detail/parameter_set_value_request__type_support.h\n'}
[5.959828] (px4_msgs) StdoutLine: {'line': b'-- Up-to-date: /home/subhalaxmi/nidar_ws/install/px4_msgs/include/px4_msgs/px4_msgs/msg/detail/geofence_result__type_support.h\n'}
[5.959996] (px4_msgs) StdoutLine: {'line': b'-- Up-to-date: /home/subhalaxmi/nidar_ws/install/px4_msgs/include/px4_msgs/px4_msgs/msg/detail/estimator_event_flags__functions.h\n'}
[5.960181] (px4_msgs) StdoutLine: {'line': b'-- Up-to-date: /home/subhalaxmi/nidar_ws/install/px4_msgs/include/px4_msgs/px4_msgs/msg/detail/autotune_attitude_control_status__functions.h\n'}
[5.960366] (px4_msgs) StdoutLine: {'line': b'-- Up-to-date: /home/subhalaxmi/nidar_ws/install/px4_msgs/include/px4_msgs/px4_msgs/msg/detail/vehicle_constraints__functions.h\n'}
[5.960535] (px4_msgs) StdoutLine: {'line': b'-- Up-to-date: /home/subhalaxmi/nidar_ws/install/px4_msgs/include/px4_msgs/px4_msgs/msg/detail/power_button_state__type_support.h\n'}
[5.960704] (px4_msgs) StdoutLine: {'line': b'-- Up-to-date: /home/subhalaxmi/nidar_ws/install/px4_msgs/include/px4_msgs/px4_msgs/msg/detail/estimator_innovations__type_support.h\n'}
[5.960870] (px4_msgs) StdoutLine: {'line': b'-- Up-to-date: /home/subhalaxmi/nidar_ws/install/px4_msgs/include/px4_msgs/px4_msgs/msg/detail/battery_status__struct.h\n'}
[5.961041] (px4_msgs) StdoutLine: {'line': b'-- Up-to-date: /home/subhalaxmi/nidar_ws/install/px4_msgs/include/px4_msgs/px4_msgs/msg/detail/estimator_status_flags__struct.h\n'}
[5.961235] (px4_msgs) StdoutLine: {'line': b'-- Up-to-date: /home/subhalaxmi/nidar_ws/install/px4_msgs/include/px4_msgs/px4_msgs/msg/detail/estimator_selector_status__functions.h\n'}
[5.961408] (px4_msgs) StdoutLine: {'line': b'-- Up-to-date: /home/subhalaxmi/nidar_ws/install/px4_msgs/include/px4_msgs/px4_msgs/msg/detail/mission__type_support.h\n'}
[5.961576] (px4_msgs) StdoutLine: {'line': b'-- Up-to-date: /home/subhalaxmi/nidar_ws/install/px4_msgs/include/px4_msgs/px4_msgs/msg/detail/transponder_report__struct.h\n'}
[5.961743] (px4_msgs) StdoutLine: {'line': b'-- Up-to-date: /home/subhalaxmi/nidar_ws/install/px4_msgs/include/px4_msgs/px4_msgs/msg/detail/position_setpoint_triplet__type_support.h\n'}
[5.961911] (px4_msgs) StdoutLine: {'line': b'-- Up-to-date: /home/subhalaxmi/nidar_ws/install/px4_msgs/include/px4_msgs/px4_msgs/msg/detail/fixed_wing_longitudinal_setpoint__functions.c\n'}
[5.962082] (px4_msgs) StdoutLine: {'line': b'-- Up-to-date: /home/subhalaxmi/nidar_ws/install/px4_msgs/include/px4_msgs/px4_msgs/msg/detail/estimator_selector_status__type_support.h\n'}
[5.962272] (px4_msgs) StdoutLine: {'line': b'-- Up-to-date: /home/subhalaxmi/nidar_ws/install/px4_msgs/include/px4_msgs/px4_msgs/msg/detail/iridiumsbd_status__functions.h\n'}
[5.962473] (px4_msgs) StdoutLine: {'line': b'-- Up-to-date: /home/subhalaxmi/nidar_ws/install/px4_msgs/include/px4_msgs/px4_msgs/msg/detail/radio_status__functions.h\n'}
[5.962641] (px4_msgs) StdoutLine: {'line': b'-- Up-to-date: /home/subhalaxmi/nidar_ws/install/px4_msgs/include/px4_msgs/px4_msgs/msg/detail/gpio_out__functions.h\n'}
[5.962807] (px4_msgs) StdoutLine: {'line': b'-- Up-to-date: /home/subhalaxmi/nidar_ws/install/px4_msgs/include/px4_msgs/px4_msgs/msg/detail/gimbal_manager_set_attitude__struct.h\n'}
[5.962976] (px4_msgs) StdoutLine: {'line': b'-- Up-to-date: /home/subhalaxmi/nidar_ws/install/px4_msgs/include/px4_msgs/px4_msgs/msg/detail/estimator_aid_source3d__struct.h\n'}
[5.963151] (px4_msgs) StdoutLine: {'line': b'-- Up-to-date: /home/subhalaxmi/nidar_ws/install/px4_msgs/include/px4_msgs/px4_msgs/msg/detail/estimator_gps_status__functions.h\n'}
[5.963334] (px4_msgs) StdoutLine: {'line': b'-- Up-to-date: /home/subhalaxmi/nidar_ws/install/px4_msgs/include/px4_msgs/px4_msgs/msg/detail/register_ext_component_reply__type_support.h\n'}
[5.963515] (px4_msgs) StdoutLine: {'line': b'-- Up-to-date: /home/subhalaxmi/nidar_ws/install/px4_msgs/include/px4_msgs/px4_msgs/msg/detail/actuator_servos_trim__type_support.h\n'}
[5.963690] (px4_msgs) StdoutLine: {'line': b'-- Up-to-date: /home/subhalaxmi/nidar_ws/install/px4_msgs/include/px4_msgs/px4_msgs/msg/detail/sensor_gyro_fft__functions.c\n'}
[5.963859] (px4_msgs) StdoutLine: {'line': b'-- Up-to-date: /home/subhalaxmi/nidar_ws/install/px4_msgs/include/px4_msgs/px4_msgs/msg/detail/follow_target__functions.h\n'}
[5.964025] (px4_msgs) StdoutLine: {'line': b'-- Up-to-date: /home/subhalaxmi/nidar_ws/install/px4_msgs/include/px4_msgs/px4_msgs/msg/detail/sensor_optical_flow__struct.h\n'}
[5.964214] (px4_msgs) StdoutLine: {'line': b'-- Up-to-date: /home/subhalaxmi/nidar_ws/install/px4_msgs/include/px4_msgs/px4_msgs/msg/detail/internal_combustion_engine_control__functions.h\n'}
[5.964391] (px4_msgs) StdoutLine: {'line': b'-- Up-to-date: /home/subhalaxmi/nidar_ws/install/px4_msgs/include/px4_msgs/px4_msgs/msg/detail/pure_pursuit_status__type_support.h\n'}
[5.964559] (px4_msgs) StdoutLine: {'line': b'-- Up-to-date: /home/subhalaxmi/nidar_ws/install/px4_msgs/include/px4_msgs/px4_msgs/msg/detail/normalized_unsigned_setpoint__functions.c\n'}
[5.964728] (px4_msgs) StdoutLine: {'line': b'-- Up-to-date: /home/subhalaxmi/nidar_ws/install/px4_msgs/include/px4_msgs/px4_msgs/msg/detail/open_drone_id_system__struct.h\n'}
[5.964895] (px4_msgs) StdoutLine: {'line': b'-- Up-to-date: /home/subhalaxmi/nidar_ws/install/px4_msgs/include/px4_msgs/px4_msgs/msg/detail/mount_orientation__functions.h\n'}
[5.965064] (px4_msgs) StdoutLine: {'line': b'-- Up-to-date: /home/subhalaxmi/nidar_ws/install/px4_msgs/include/px4_msgs/px4_msgs/msg/detail/ulog_stream_ack__functions.c\n'}
[5.965257] (px4_msgs) StdoutLine: {'line': b'-- Up-to-date: /home/subhalaxmi/nidar_ws/install/px4_msgs/include/px4_msgs/px4_msgs/msg/detail/power_monitor__type_support.h\n'}
[5.965433] (px4_msgs) StdoutLine: {'line': b'-- Up-to-date: /home/subhalaxmi/nidar_ws/install/px4_msgs/include/px4_msgs/px4_msgs/msg/detail/estimator_status__type_support.h\n'}
[5.965603] (px4_msgs) StdoutLine: {'line': b'-- Up-to-date: /home/subhalaxmi/nidar_ws/install/px4_msgs/include/px4_msgs/px4_msgs/msg/detail/vehicle_roi__type_support.h\n'}
[5.965769] (px4_msgs) StdoutLine: {'line': b'-- Up-to-date: /home/subhalaxmi/nidar_ws/install/px4_msgs/include/px4_msgs/px4_msgs/msg/detail/gimbal_device_attitude_status__struct.h\n'}
[5.965937] (px4_msgs) StdoutLine: {'line': b'-- Up-to-date: /home/subhalaxmi/nidar_ws/install/px4_msgs/include/px4_msgs/px4_msgs/msg/detail/radio_status__struct.h\n'}
[5.966106] (px4_msgs) StdoutLine: {'line': b'-- Up-to-date: /home/subhalaxmi/nidar_ws/install/px4_msgs/include/px4_msgs/px4_msgs/msg/detail/collision_constraints__struct.h\n'}
[5.966300] (px4_msgs) StdoutLine: {'line': b'-- Up-to-date: /home/subhalaxmi/nidar_ws/install/px4_msgs/include/px4_msgs/px4_msgs/msg/detail/geofence_status__functions.c\n'}
[5.966470] (px4_msgs) StdoutLine: {'line': b'-- Up-to-date: /home/subhalaxmi/nidar_ws/install/px4_msgs/include/px4_msgs/px4_msgs/msg/detail/rover_attitude_status__functions.c\n'}
[5.966637] (px4_msgs) StdoutLine: {'line': b'-- Up-to-date: /home/subhalaxmi/nidar_ws/install/px4_msgs/include/px4_msgs/px4_msgs/msg/detail/vehicle_angular_acceleration_setpoint__functions.h\n'}
[5.966804] (px4_msgs) StdoutLine: {'line': b'-- Up-to-date: /home/subhalaxmi/nidar_ws/install/px4_msgs/include/px4_msgs/px4_msgs/msg/detail/rtl_status__struct.h\n'}
[5.966971] (px4_msgs) StdoutLine: {'line': b'-- Up-to-date: /home/subhalaxmi/nidar_ws/install/px4_msgs/include/px4_msgs/px4_msgs/msg/detail/vehicle_magnetometer__functions.h\n'}
[5.967149] (px4_msgs) StdoutLine: {'line': b'-- Up-to-date: /home/subhalaxmi/nidar_ws/install/px4_msgs/include/px4_msgs/px4_msgs/msg/detail/camera_capture__struct.h\n'}
[5.967334] (px4_msgs) StdoutLine: {'line': b'-- Up-to-date: /home/subhalaxmi/nidar_ws/install/px4_msgs/include/px4_msgs/px4_msgs/msg/detail/gimbal_controls__type_support.h\n'}
[5.967505] (px4_msgs) StdoutLine: {'line': b'-- Up-to-date: /home/subhalaxmi/nidar_ws/install/px4_msgs/include/px4_msgs/px4_msgs/msg/detail/config_overrides__type_support.h\n'}
[5.967684] (px4_msgs) StdoutLine: {'line': b'-- Up-to-date: /home/subhalaxmi/nidar_ws/install/px4_msgs/include/px4_msgs/px4_msgs/msg/detail/home_position__functions.c\n'}
[5.967853] (px4_msgs) StdoutLine: {'line': b'-- Up-to-date: /home/subhalaxmi/nidar_ws/install/px4_msgs/include/px4_msgs/px4_msgs/msg/detail/mavlink_tunnel__struct.h\n'}
[5.968041] (px4_msgs) StdoutLine: {'line': b'-- Up-to-date: /home/subhalaxmi/nidar_ws/install/px4_msgs/include/px4_msgs/px4_msgs/msg/detail/rover_speed_status__type_support.h\n'}
[5.968235] (px4_msgs) StdoutLine: {'line': b'-- Up-to-date: /home/subhalaxmi/nidar_ws/install/px4_msgs/include/px4_msgs/px4_msgs/msg/detail/estimator_event_flags__struct.h\n'}
[5.968407] (px4_msgs) StdoutLine: {'line': b'-- Up-to-date: /home/subhalaxmi/nidar_ws/install/px4_msgs/include/px4_msgs/px4_msgs/msg/detail/iridiumsbd_status__functions.c\n'}
[5.968578] (px4_msgs) StdoutLine: {'line': b'-- Up-to-date: /home/subhalaxmi/nidar_ws/install/px4_msgs/include/px4_msgs/px4_msgs/msg/detail/position_controller_landing_status__type_support.h\n'}
[5.968757] (px4_msgs) StdoutLine: {'line': b'-- Up-to-date: /home/subhalaxmi/nidar_ws/install/px4_msgs/include/px4_msgs/px4_msgs/msg/detail/gps_dump__functions.h\n'}
[5.968929] (px4_msgs) StdoutLine: {'line': b'-- Up-to-date: /home/subhalaxmi/nidar_ws/install/px4_msgs/include/px4_msgs/px4_msgs/msg/detail/event__functions.h\n'}
[5.969097] (px4_msgs) StdoutLine: {'line': b'-- Up-to-date: /home/subhalaxmi/nidar_ws/install/px4_msgs/include/px4_msgs/px4_msgs/msg/detail/battery_info__functions.c\n'}
[5.969288] (px4_msgs) StdoutLine: {'line': b'-- Up-to-date: /home/subhalaxmi/nidar_ws/install/px4_msgs/include/px4_msgs/px4_msgs/msg/detail/trajectory_setpoint__struct.h\n'}
[5.969461] (px4_msgs) StdoutLine: {'line': b'-- Up-to-date: /home/subhalaxmi/nidar_ws/install/px4_msgs/include/px4_msgs/px4_msgs/msg/detail/uavcan_parameter_request__functions.c\n'}
[5.969631] (px4_msgs) StdoutLine: {'line': b'-- Up-to-date: /home/subhalaxmi/nidar_ws/install/px4_msgs/include/px4_msgs/px4_msgs/msg/detail/timesync_status__struct.h\n'}
[5.969800] (px4_msgs) StdoutLine: {'line': b'-- Up-to-date: /home/subhalaxmi/nidar_ws/install/px4_msgs/include/px4_msgs/px4_msgs/msg/open_drone_id_arm_status.h\n'}
[5.969968] (px4_msgs) StdoutLine: {'line': b'-- Up-to-date: /home/subhalaxmi/nidar_ws/install/px4_msgs/include/px4_msgs/px4_msgs/msg/parameter_set_value_request.h\n'}
[5.970148] (px4_msgs) StdoutLine: {'line': b'-- Up-to-date: /home/subhalaxmi/nidar_ws/install/px4_msgs/include/px4_msgs/px4_msgs/msg/message_format_response.h\n'}
[5.970333] (px4_msgs) StdoutLine: {'line': b'-- Up-to-date: /home/subhalaxmi/nidar_ws/install/px4_msgs/include/px4_msgs/px4_msgs/msg/debug_array.h\n'}
[5.970500] (px4_msgs) StdoutLine: {'line': b'-- Up-to-date: /home/subhalaxmi/nidar_ws/install/px4_msgs/include/px4_msgs/px4_msgs/msg/debug_key_value.h\n'}
[5.970666] (px4_msgs) StdoutLine: {'line': b'-- Up-to-date: /home/subhalaxmi/nidar_ws/install/px4_msgs/include/px4_msgs/px4_msgs/msg/estimator_gps_status.h\n'}
[5.970833] (px4_msgs) StdoutLine: {'line': b'-- Up-to-date: /home/subhalaxmi/nidar_ws/install/px4_msgs/include/px4_msgs/px4_msgs/msg/tecs_status.h\n'}
[5.970998] (px4_msgs) StdoutLine: {'line': b'-- Up-to-date: /home/subhalaxmi/nidar_ws/install/px4_msgs/include/px4_msgs/px4_msgs/msg/vehicle_local_position.h\n'}
[5.971177] (px4_msgs) StdoutLine: {'line': b'-- Up-to-date: /home/subhalaxmi/nidar_ws/install/px4_msgs/include/px4_msgs/px4_msgs/msg/sensor_gyro_fifo.h\n'}
[5.971359] (px4_msgs) StdoutLine: {'line': b'-- Up-to-date: /home/subhalaxmi/nidar_ws/install/px4_msgs/include/px4_msgs/px4_msgs/msg/camera_capture.h\n'}
[5.971543] (px4_msgs) StdoutLine: {'line': b'-- Up-to-date: /home/subhalaxmi/nidar_ws/install/px4_msgs/include/px4_msgs/px4_msgs/msg/heater_status.h\n'}
[5.971710] (px4_msgs) StdoutLine: {'line': b'-- Up-to-date: /home/subhalaxmi/nidar_ws/install/px4_msgs/include/px4_msgs/px4_msgs/msg/open_drone_id_self_id.h\n'}
[5.971877] (px4_msgs) StdoutLine: {'line': b'-- Up-to-date: /home/subhalaxmi/nidar_ws/install/px4_msgs/include/px4_msgs/px4_msgs/msg/estimator_aid_source2d.h\n'}
[5.972072] (px4_msgs) StdoutLine: {'line': b'-- Up-to-date: /home/subhalaxmi/nidar_ws/install/px4_msgs/include/px4_msgs/px4_msgs/msg/rover_speed_setpoint.h\n'}
[5.972264] (px4_msgs) StdoutLine: {'line': b'-- Up-to-date: /home/subhalaxmi/nidar_ws/install/px4_msgs/include/px4_msgs/px4_msgs/msg/gimbal_manager_status.h\n'}
[5.972435] (px4_msgs) StdoutLine: {'line': b'-- Up-to-date: /home/subhalaxmi/nidar_ws/install/px4_msgs/include/px4_msgs/px4_msgs/msg/tune_control.h\n'}
[5.972604] (px4_msgs) StdoutLine: {'line': b'-- Up-to-date: /home/subhalaxmi/nidar_ws/install/px4_msgs/include/px4_msgs/px4_msgs/msg/logger_status.h\n'}
[5.972771] (px4_msgs) StdoutLine: {'line': b'-- Up-to-date: /home/subhalaxmi/nidar_ws/install/px4_msgs/include/px4_msgs/px4_msgs/msg/sensor_optical_flow.h\n'}
[5.972939] (px4_msgs) StdoutLine: {'line': b'-- Up-to-date: /home/subhalaxmi/nidar_ws/install/px4_msgs/include/px4_msgs/px4_msgs/msg/vehicle_rates_setpoint.h\n'}
[5.973108] (px4_msgs) StdoutLine: {'line': b'-- Up-to-date: /home/subhalaxmi/nidar_ws/install/px4_msgs/include/px4_msgs/px4_msgs/msg/vehicle_attitude.h\n'}
[5.973306] (px4_msgs) StdoutLine: {'line': b'-- Up-to-date: /home/subhalaxmi/nidar_ws/install/px4_msgs/include/px4_msgs/px4_msgs/msg/vehicle_torque_setpoint.h\n'}
[5.973476] (px4_msgs) StdoutLine: {'line': b'-- Up-to-date: /home/subhalaxmi/nidar_ws/install/px4_msgs/include/px4_msgs/px4_msgs/msg/dataman_request.h\n'}
[5.973645] (px4_msgs) StdoutLine: {'line': b'-- Up-to-date: /home/subhalaxmi/nidar_ws/install/px4_msgs/include/px4_msgs/px4_msgs/msg/mode_completed.h\n'}
[5.973813] (px4_msgs) StdoutLine: {'line': b'-- Up-to-date: /home/subhalaxmi/nidar_ws/install/px4_msgs/include/px4_msgs/px4_msgs/msg/rover_steering_setpoint.h\n'}
[5.973979] (px4_msgs) StdoutLine: {'line': b'-- Up-to-date: /home/subhalaxmi/nidar_ws/install/px4_msgs/include/px4_msgs/px4_msgs/msg/gpio_request.h\n'}
[5.974154] (px4_msgs) StdoutLine: {'line': b'-- Up-to-date: /home/subhalaxmi/nidar_ws/install/px4_msgs/include/px4_msgs/px4_msgs/msg/gps_inject_data.h\n'}
[5.974361] (px4_msgs) StdoutLine: {'line': b'-- Up-to-date: /home/subhalaxmi/nidar_ws/install/px4_msgs/include/px4_msgs/px4_msgs/msg/actuator_armed.h\n'}
[5.974534] (px4_msgs) StdoutLine: {'line': b'-- Up-to-date: /home/subhalaxmi/nidar_ws/install/px4_msgs/include/px4_msgs/px4_msgs/msg/gps_dump.h\n'}
[5.974713] (px4_msgs) StdoutLine: {'line': b'-- Up-to-date: /home/subhalaxmi/nidar_ws/install/px4_msgs/include/px4_msgs/px4_msgs/msg/sensor_gps.h\n'}
[5.974883] (px4_msgs) StdoutLine: {'line': b'-- Up-to-date: /home/subhalaxmi/nidar_ws/install/px4_msgs/include/px4_msgs/px4_msgs/msg/lateral_control_configuration.h\n'}
[5.975052] (px4_msgs) StdoutLine: {'line': b'-- Up-to-date: /home/subhalaxmi/nidar_ws/install/px4_msgs/include/px4_msgs/px4_msgs/msg/sensor_mag.h\n'}
[5.975245] (px4_msgs) StdoutLine: {'line': b'-- Up-to-date: /home/subhalaxmi/nidar_ws/install/px4_msgs/include/px4_msgs/px4_msgs/msg/fixed_wing_lateral_status.h\n'}
[5.975418] (px4_msgs) StdoutLine: {'line': b'-- Up-to-date: /home/subhalaxmi/nidar_ws/install/px4_msgs/include/px4_msgs/px4_msgs/msg/actuator_outputs.h\n'}
[5.975585] (px4_msgs) StdoutLine: {'line': b'-- Up-to-date: /home/subhalaxmi/nidar_ws/install/px4_msgs/include/px4_msgs/px4_msgs/msg/estimator_sensor_bias.h\n'}
[5.975753] (px4_msgs) StdoutLine: {'line': b'-- Up-to-date: /home/subhalaxmi/nidar_ws/install/px4_msgs/include/px4_msgs/px4_msgs/msg/estimator_status_flags.h\n'}
[5.975922] (px4_msgs) StdoutLine: {'line': b'-- Up-to-date: /home/subhalaxmi/nidar_ws/install/px4_msgs/include/px4_msgs/px4_msgs/msg/mission_result.h\n'}
[5.976092] (px4_msgs) StdoutLine: {'line': b'-- Up-to-date: /home/subhalaxmi/nidar_ws/install/px4_msgs/include/px4_msgs/px4_msgs/msg/tiltrotor_extra_controls.h\n'}
[5.976286] (px4_msgs) StdoutLine: {'line': b'-- Up-to-date: /home/subhalaxmi/nidar_ws/install/px4_msgs/include/px4_msgs/px4_msgs/msg/sensor_accel_fifo.h\n'}
[5.976461] (px4_msgs) StdoutLine: {'line': b'-- Up-to-date: /home/subhalaxmi/nidar_ws/install/px4_msgs/include/px4_msgs/px4_msgs/msg/collision_constraints.h\n'}
[5.976644] (px4_msgs) StdoutLine: {'line': b'-- Up-to-date: /home/subhalaxmi/nidar_ws/install/px4_msgs/include/px4_msgs/px4_msgs/msg/estimator_event_flags.h\n'}
[5.976815] (px4_msgs) StdoutLine: {'line': b'-- Up-to-date: /home/subhalaxmi/nidar_ws/install/px4_msgs/include/px4_msgs/px4_msgs/msg/vehicle_air_data.h\n'}
[5.976983] (px4_msgs) StdoutLine: {'line': b'-- Up-to-date: /home/subhalaxmi/nidar_ws/install/px4_msgs/include/px4_msgs/px4_msgs/msg/estimator_bias3d.h\n'}
[5.977163] (px4_msgs) StdoutLine: {'line': b'-- Up-to-date: /home/subhalaxmi/nidar_ws/install/px4_msgs/include/px4_msgs/px4_msgs/msg/vehicle_magnetometer.h\n'}
[5.977350] (px4_msgs) StdoutLine: {'line': b'-- Up-to-date: /home/subhalaxmi/nidar_ws/install/px4_msgs/include/px4_msgs/px4_msgs/msg/differential_pressure.h\n'}
[5.977519] (px4_msgs) StdoutLine: {'line': b'-- Up-to-date: /home/subhalaxmi/nidar_ws/install/px4_msgs/include/px4_msgs/px4_msgs/msg/gain_compression.h\n'}
[5.977687] (px4_msgs) StdoutLine: {'line': b'-- Up-to-date: /home/subhalaxmi/nidar_ws/install/px4_msgs/include/px4_msgs/px4_msgs/msg/position_controller_landing_status.h\n'}
[5.977856] (px4_msgs) StdoutLine: {'line': b'-- Up-to-date: /home/subhalaxmi/nidar_ws/install/px4_msgs/include/px4_msgs/px4_msgs/msg/internal_combustion_engine_status.h\n'}
[5.978022] (px4_msgs) StdoutLine: {'line': b'-- Up-to-date: /home/subhalaxmi/nidar_ws/install/px4_msgs/include/px4_msgs/px4_msgs/msg/estimator_innovations.h\n'}
[5.978215] (px4_msgs) StdoutLine: {'line': b'-- Up-to-date: /home/subhalaxmi/nidar_ws/install/px4_msgs/include/px4_msgs/px4_msgs/msg/sensor_preflight_mag.h\n'}
[5.978392] (px4_msgs) StdoutLine: {'line': b'-- Up-to-date: /home/subhalaxmi/nidar_ws/install/px4_msgs/include/px4_msgs/px4_msgs/msg/qshell_retval.h\n'}
[5.978561] (px4_msgs) StdoutLine: {'line': b'-- Up-to-date: /home/subhalaxmi/nidar_ws/install/px4_msgs/include/px4_msgs/px4_msgs/msg/rate_ctrl_status.h\n'}
[5.978728] (px4_msgs) StdoutLine: {'line': b'-- Up-to-date: /home/subhalaxmi/nidar_ws/install/px4_msgs/include/px4_msgs/px4_msgs/msg/sensor_uwb.h\n'}
[5.978895] (px4_msgs) StdoutLine: {'line': b'-- Up-to-date: /home/subhalaxmi/nidar_ws/install/px4_msgs/include/px4_msgs/px4_msgs/msg/px4io_status.h\n'}
[5.979062] (px4_msgs) StdoutLine: {'line': b'-- Up-to-date: /home/subhalaxmi/nidar_ws/install/px4_msgs/include/px4_msgs/px4_msgs/msg/airspeed_validated.h\n'}
[5.979252] (px4_msgs) StdoutLine: {'line': b'-- Up-to-date: /home/subhalaxmi/nidar_ws/install/px4_msgs/include/px4_msgs/px4_msgs/msg/can_interface_status.h\n'}
[5.979428] (px4_msgs) StdoutLine: {'line': b'-- Up-to-date: /home/subhalaxmi/nidar_ws/install/px4_msgs/include/px4_msgs/px4_msgs/srv\n'}
[5.979596] (px4_msgs) StdoutLine: {'line': b'-- Up-to-date: /home/subhalaxmi/nidar_ws/install/px4_msgs/include/px4_msgs/px4_msgs/srv/vehicle_command.h\n'}
[5.979766] (px4_msgs) StdoutLine: {'line': b'-- Up-to-date: /home/subhalaxmi/nidar_ws/install/px4_msgs/include/px4_msgs/px4_msgs/srv/detail\n'}
[5.979936] (px4_msgs) StdoutLine: {'line': b'-- Up-to-date: /home/subhalaxmi/nidar_ws/install/px4_msgs/include/px4_msgs/px4_msgs/srv/detail/vehicle_command__functions.c\n'}
[5.980107] (px4_msgs) StdoutLine: {'line': b'-- Up-to-date: /home/subhalaxmi/nidar_ws/install/px4_msgs/include/px4_msgs/px4_msgs/srv/detail/vehicle_command__type_support.h\n'}
[5.980304] (px4_msgs) StdoutLine: {'line': b'-- Up-to-date: /home/subhalaxmi/nidar_ws/install/px4_msgs/include/px4_msgs/px4_msgs/srv/detail/vehicle_command__functions.h\n'}
[5.980474] (px4_msgs) StdoutLine: {'line': b'-- Up-to-date: /home/subhalaxmi/nidar_ws/install/px4_msgs/include/px4_msgs/px4_msgs/srv/detail/vehicle_command__struct.h\n'}
[5.980655] (px4_msgs) StdoutLine: {'line': b'-- Up-to-date: /home/subhalaxmi/nidar_ws/install/px4_msgs/share/px4_msgs/environment/library_path.sh\n'}
[5.980844] (px4_msgs) StdoutLine: {'line': b'-- Up-to-date: /home/subhalaxmi/nidar_ws/install/px4_msgs/share/px4_msgs/environment/library_path.dsv\n'}
[5.981029] (px4_msgs) StdoutLine: {'line': b'-- Up-to-date: /home/subhalaxmi/nidar_ws/install/px4_msgs/lib/libpx4_msgs__rosidl_generator_c.so\n'}
[5.981222] (px4_msgs) StdoutLine: {'line': b'-- Up-to-date: /home/subhalaxmi/nidar_ws/install/px4_msgs/include/px4_msgs/px4_msgs\n'}
[5.981399] (px4_msgs) StdoutLine: {'line': b'-- Up-to-date: /home/subhalaxmi/nidar_ws/install/px4_msgs/include/px4_msgs/px4_msgs/msg\n'}
[5.981569] (px4_msgs) StdoutLine: {'line': b'-- Up-to-date: /home/subhalaxmi/nidar_ws/install/px4_msgs/include/px4_msgs/px4_msgs/msg/rosidl_typesupport_fastrtps_c__visibility_control.h\n'}
[5.981738] (px4_msgs) StdoutLine: {'line': b'-- Up-to-date: /home/subhalaxmi/nidar_ws/install/px4_msgs/include/px4_msgs/px4_msgs/msg/detail\n'}
[5.981909] (px4_msgs) StdoutLine: {'line': b'-- Up-to-date: /home/subhalaxmi/nidar_ws/install/px4_msgs/include/px4_msgs/px4_msgs/msg/detail/vehicle_rates_setpoint__rosidl_typesupport_fastrtps_c.h\n'}
[5.982078] (px4_msgs) StdoutLine: {'line': b'-- Up-to-date: /home/subhalaxmi/nidar_ws/install/px4_msgs/include/px4_msgs/px4_msgs/msg/detail/offboard_control_mode__rosidl_typesupport_fastrtps_c.h\n'}
[5.982280] (px4_msgs) StdoutLine: {'line': b'-- Up-to-date: /home/subhalaxmi/nidar_ws/install/px4_msgs/include/px4_msgs/px4_msgs/msg/detail/takeoff_status__rosidl_typesupport_fastrtps_c.h\n'}
[5.982457] (px4_msgs) StdoutLine: {'line': b'-- Up-to-date: /home/subhalaxmi/nidar_ws/install/px4_msgs/include/px4_msgs/px4_msgs/msg/detail/irlock_report__rosidl_typesupport_fastrtps_c.h\n'}
[5.982626] (px4_msgs) StdoutLine: {'line': b'-- Up-to-date: /home/subhalaxmi/nidar_ws/install/px4_msgs/include/px4_msgs/px4_msgs/msg/detail/led_control__rosidl_typesupport_fastrtps_c.h\n'}
[5.982795] (px4_msgs) StdoutLine: {'line': b'-- Up-to-date: /home/subhalaxmi/nidar_ws/install/px4_msgs/include/px4_msgs/px4_msgs/msg/detail/position_controller_landing_status__rosidl_typesupport_fastrtps_c.h\n'}
[5.982966] (px4_msgs) StdoutLine: {'line': b'-- Up-to-date: /home/subhalaxmi/nidar_ws/install/px4_msgs/include/px4_msgs/px4_msgs/msg/detail/gimbal_manager_set_manual_control__rosidl_typesupport_fastrtps_c.h\n'}
[5.983148] (px4_msgs) StdoutLine: {'line': b'-- Up-to-date: /home/subhalaxmi/nidar_ws/install/px4_msgs/include/px4_msgs/px4_msgs/msg/detail/rover_throttle_setpoint__rosidl_typesupport_fastrtps_c.h\n'}
[5.983338] (px4_msgs) StdoutLine: {'line': b'-- Up-to-date: /home/subhalaxmi/nidar_ws/install/px4_msgs/include/px4_msgs/px4_msgs/msg/detail/sensor_temp__rosidl_typesupport_fastrtps_c.h\n'}
[5.983507] (px4_msgs) StdoutLine: {'line': b'-- Up-to-date: /home/subhalaxmi/nidar_ws/install/px4_msgs/include/px4_msgs/px4_msgs/msg/detail/mission__rosidl_typesupport_fastrtps_c.h\n'}
[5.983677] (px4_msgs) StdoutLine: {'line': b'-- Up-to-date: /home/subhalaxmi/nidar_ws/install/px4_msgs/include/px4_msgs/px4_msgs/msg/detail/fixed_wing_lateral_status__rosidl_typesupport_fastrtps_c.h\n'}
[5.983844] (px4_msgs) StdoutLine: {'line': b'-- Up-to-date: /home/subhalaxmi/nidar_ws/install/px4_msgs/include/px4_msgs/px4_msgs/msg/detail/rover_attitude_status__rosidl_typesupport_fastrtps_c.h\n'}
[5.984011] (px4_msgs) StdoutLine: {'line': b'-- Up-to-date: /home/subhalaxmi/nidar_ws/install/px4_msgs/include/px4_msgs/px4_msgs/msg/detail/flight_phase_estimation__rosidl_typesupport_fastrtps_c.h\n'}
[5.984196] (px4_msgs) StdoutLine: {'line': b'-- Up-to-date: /home/subhalaxmi/nidar_ws/install/px4_msgs/include/px4_msgs/px4_msgs/msg/detail/orb_test_large__rosidl_typesupport_fastrtps_c.h\n'}
[5.984379] (px4_msgs) StdoutLine: {'line': b'-- Up-to-date: /home/subhalaxmi/nidar_ws/install/px4_msgs/include/px4_msgs/px4_msgs/msg/detail/cpuload__rosidl_typesupport_fastrtps_c.h\n'}
[5.984547] (px4_msgs) StdoutLine: {'line': b'-- Up-to-date: /home/subhalaxmi/nidar_ws/install/px4_msgs/include/px4_msgs/px4_msgs/msg/detail/mag_worker_data__rosidl_typesupport_fastrtps_c.h\n'}
[5.984712] (px4_msgs) StdoutLine: {'line': b'-- Up-to-date: /home/subhalaxmi/nidar_ws/install/px4_msgs/include/px4_msgs/px4_msgs/msg/detail/px4io_status__rosidl_typesupport_fastrtps_c.h\n'}
[5.984895] (px4_msgs) StdoutLine: {'line': b'-- Up-to-date: /home/subhalaxmi/nidar_ws/install/px4_msgs/include/px4_msgs/px4_msgs/msg/detail/vehicle_optical_flow_vel__rosidl_typesupport_fastrtps_c.h\n'}
[5.985062] (px4_msgs) StdoutLine: {'line': b'-- Up-to-date: /home/subhalaxmi/nidar_ws/install/px4_msgs/include/px4_msgs/px4_msgs/msg/detail/fixed_wing_lateral_setpoint__rosidl_typesupport_fastrtps_c.h\n'}
[5.985255] (px4_msgs) StdoutLine: {'line': b'-- Up-to-date: /home/subhalaxmi/nidar_ws/install/px4_msgs/include/px4_msgs/px4_msgs/msg/detail/rover_position_setpoint__rosidl_typesupport_fastrtps_c.h\n'}
[5.985429] (px4_msgs) StdoutLine: {'line': b'-- Up-to-date: /home/subhalaxmi/nidar_ws/install/px4_msgs/include/px4_msgs/px4_msgs/msg/detail/vtx__rosidl_typesupport_fastrtps_c.h\n'}
[5.985599] (px4_msgs) StdoutLine: {'line': b'-- Up-to-date: /home/subhalaxmi/nidar_ws/install/px4_msgs/include/px4_msgs/px4_msgs/msg/detail/qshell_req__rosidl_typesupport_fastrtps_c.h\n'}
[5.985794] (px4_msgs) StdoutLine: {'line': b'-- Up-to-date: /home/subhalaxmi/nidar_ws/install/px4_msgs/include/px4_msgs/px4_msgs/msg/detail/velocity_limits__rosidl_typesupport_fastrtps_c.h\n'}
[5.985965] (px4_msgs) StdoutLine: {'line': b'-- Up-to-date: /home/subhalaxmi/nidar_ws/install/px4_msgs/include/px4_msgs/px4_msgs/msg/detail/estimator_bias__rosidl_typesupport_fastrtps_c.h\n'}
[5.986159] (px4_msgs) StdoutLine: {'line': b'-- Up-to-date: /home/subhalaxmi/nidar_ws/install/px4_msgs/include/px4_msgs/px4_msgs/msg/detail/gimbal_manager_set_attitude__rosidl_typesupport_fastrtps_c.h\n'}
[5.986345] (px4_msgs) StdoutLine: {'line': b'-- Up-to-date: /home/subhalaxmi/nidar_ws/install/px4_msgs/include/px4_msgs/px4_msgs/msg/detail/sensor_gyro__rosidl_typesupport_fastrtps_c.h\n'}
[5.986512] (px4_msgs) StdoutLine: {'line': b'-- Up-to-date: /home/subhalaxmi/nidar_ws/install/px4_msgs/include/px4_msgs/px4_msgs/msg/detail/logger_status__rosidl_typesupport_fastrtps_c.h\n'}
[5.986680] (px4_msgs) StdoutLine: {'line': b'-- Up-to-date: /home/subhalaxmi/nidar_ws/install/px4_msgs/include/px4_msgs/px4_msgs/msg/detail/manual_control_setpoint__rosidl_typesupport_fastrtps_c.h\n'}
[5.986847] (px4_msgs) StdoutLine: {'line': b'-- Up-to-date: /home/subhalaxmi/nidar_ws/install/px4_msgs/include/px4_msgs/px4_msgs/msg/detail/orb_test_medium__rosidl_typesupport_fastrtps_c.h\n'}
[5.987014] (px4_msgs) StdoutLine: {'line': b'-- Up-to-date: /home/subhalaxmi/nidar_ws/install/px4_msgs/include/px4_msgs/px4_msgs/msg/detail/estimator_aid_source3d__rosidl_typesupport_fastrtps_c.h\n'}
[5.987198] (px4_msgs) StdoutLine: {'line': b'-- Up-to-date: /home/subhalaxmi/nidar_ws/install/px4_msgs/include/px4_msgs/px4_msgs/msg/detail/rover_steering_setpoint__rosidl_typesupport_fastrtps_c.h\n'}
[5.987378] (px4_msgs) StdoutLine: {'line': b'-- Up-to-date: /home/subhalaxmi/nidar_ws/install/px4_msgs/include/px4_msgs/px4_msgs/msg/detail/follow_target__rosidl_typesupport_fastrtps_c.h\n'}
[5.987547] (px4_msgs) StdoutLine: {'line': b'-- Up-to-date: /home/subhalaxmi/nidar_ws/install/px4_msgs/include/px4_msgs/px4_msgs/msg/detail/vehicle_constraints__rosidl_typesupport_fastrtps_c.h\n'}
[5.987717] (px4_msgs) StdoutLine: {'line': b'-- Up-to-date: /home/subhalaxmi/nidar_ws/install/px4_msgs/include/px4_msgs/px4_msgs/msg/detail/vehicle_local_position__rosidl_typesupport_fastrtps_c.h\n'}
[5.987884] (px4_msgs) StdoutLine: {'line': b'-- Up-to-date: /home/subhalaxmi/nidar_ws/install/px4_msgs/include/px4_msgs/px4_msgs/msg/detail/satellite_info__rosidl_typesupport_fastrtps_c.h\n'}
[5.988053] (px4_msgs) StdoutLine: {'line': b'-- Up-to-date: /home/subhalaxmi/nidar_ws/install/px4_msgs/include/px4_msgs/px4_msgs/msg/detail/rover_speed_setpoint__rosidl_typesupport_fastrtps_c.h\n'}
[5.988248] (px4_msgs) StdoutLine: {'line': b'-- Up-to-date: /home/subhalaxmi/nidar_ws/install/px4_msgs/include/px4_msgs/px4_msgs/msg/detail/radio_status__rosidl_typesupport_fastrtps_c.h\n'}
[5.988422] (px4_msgs) StdoutLine: {'line': b'-- Up-to-date: /home/subhalaxmi/nidar_ws/install/px4_msgs/include/px4_msgs/px4_msgs/msg/detail/gimbal_device_set_attitude__rosidl_typesupport_fastrtps_c.h\n'}
[5.988612] (px4_msgs) StdoutLine: {'line': b'-- Up-to-date: /home/subhalaxmi/nidar_ws/install/px4_msgs/include/px4_msgs/px4_msgs/msg/detail/vehicle_optical_flow__rosidl_typesupport_fastrtps_c.h\n'}
[5.988780] (px4_msgs) StdoutLine: {'line': b'-- Up-to-date: /home/subhalaxmi/nidar_ws/install/px4_msgs/include/px4_msgs/px4_msgs/msg/detail/tecs_status__rosidl_typesupport_fastrtps_c.h\n'}
[5.988949] (px4_msgs) StdoutLine: {'line': b'-- Up-to-date: /home/subhalaxmi/nidar_ws/install/px4_msgs/include/px4_msgs/px4_msgs/msg/detail/arming_check_reply__rosidl_typesupport_fastrtps_c.h\n'}
[5.989127] (px4_msgs) StdoutLine: {'line': b'-- Up-to-date: /home/subhalaxmi/nidar_ws/install/px4_msgs/include/px4_msgs/px4_msgs/msg/detail/neural_control__rosidl_typesupport_fastrtps_c.h\n'}
[5.989314] (px4_msgs) StdoutLine: {'line': b'-- Up-to-date: /home/subhalaxmi/nidar_ws/install/px4_msgs/include/px4_msgs/px4_msgs/msg/detail/vehicle_magnetometer__rosidl_typesupport_fastrtps_c.h\n'}
[5.989484] (px4_msgs) StdoutLine: {'line': b'-- Up-to-date: /home/subhalaxmi/nidar_ws/install/px4_msgs/include/px4_msgs/px4_msgs/msg/detail/open_drone_id_operator_id__rosidl_typesupport_fastrtps_c.h\n'}
[5.989653] (px4_msgs) StdoutLine: {'line': b'-- Up-to-date: /home/subhalaxmi/nidar_ws/install/px4_msgs/include/px4_msgs/px4_msgs/msg/detail/uavcan_parameter_value__rosidl_typesupport_fastrtps_c.h\n'}
[5.989818] (px4_msgs) StdoutLine: {'line': b'-- Up-to-date: /home/subhalaxmi/nidar_ws/install/px4_msgs/include/px4_msgs/px4_msgs/msg/detail/wheel_encoders__rosidl_typesupport_fastrtps_c.h\n'}
[5.989986] (px4_msgs) StdoutLine: {'line': b'-- Up-to-date: /home/subhalaxmi/nidar_ws/install/px4_msgs/include/px4_msgs/px4_msgs/msg/detail/adc_report__rosidl_typesupport_fastrtps_c.h\n'}
[5.990163] (px4_msgs) StdoutLine: {'line': b'-- Up-to-date: /home/subhalaxmi/nidar_ws/install/px4_msgs/include/px4_msgs/px4_msgs/msg/detail/rpm__rosidl_typesupport_fastrtps_c.h\n'}
[5.990363] (px4_msgs) StdoutLine: {'line': b'-- Up-to-date: /home/subhalaxmi/nidar_ws/install/px4_msgs/include/px4_msgs/px4_msgs/msg/detail/mode_completed__rosidl_typesupport_fastrtps_c.h\n'}
[5.990533] (px4_msgs) StdoutLine: {'line': b'-- Up-to-date: /home/subhalaxmi/nidar_ws/install/px4_msgs/include/px4_msgs/px4_msgs/msg/detail/gps_dump__rosidl_typesupport_fastrtps_c.h\n'}
[5.990699] (px4_msgs) StdoutLine: {'line': b'-- Up-to-date: /home/subhalaxmi/nidar_ws/install/px4_msgs/include/px4_msgs/px4_msgs/msg/detail/sensor_hygrometer__rosidl_typesupport_fastrtps_c.h\n'}
[5.990868] (px4_msgs) StdoutLine: {'line': b'-- Up-to-date: /home/subhalaxmi/nidar_ws/install/px4_msgs/include/px4_msgs/px4_msgs/msg/detail/system_power__rosidl_typesupport_fastrtps_c.h\n'}
[5.991054] (px4_msgs) StdoutLine: {'line': b'-- Up-to-date: /home/subhalaxmi/nidar_ws/install/px4_msgs/include/px4_msgs/px4_msgs/msg/detail/sensor_mag__rosidl_typesupport_fastrtps_c.h\n'}
[5.991249] (px4_msgs) StdoutLine: {'line': b'-- Up-to-date: /home/subhalaxmi/nidar_ws/install/px4_msgs/include/px4_msgs/px4_msgs/msg/detail/fixed_wing_lateral_guidance_status__rosidl_typesupport_fastrtps_c.h\n'}
[5.991425] (px4_msgs) StdoutLine: {'line': b'-- Up-to-date: /home/subhalaxmi/nidar_ws/install/px4_msgs/include/px4_msgs/px4_msgs/msg/detail/raptor_status__rosidl_typesupport_fastrtps_c.h\n'}
[5.991592] (px4_msgs) StdoutLine: {'line': b'-- Up-to-date: /home/subhalaxmi/nidar_ws/install/px4_msgs/include/px4_msgs/px4_msgs/msg/detail/navigator_status__rosidl_typesupport_fastrtps_c.h\n'}
[5.991761] (px4_msgs) StdoutLine: {'line': b'-- Up-to-date: /home/subhalaxmi/nidar_ws/install/px4_msgs/include/px4_msgs/px4_msgs/msg/detail/dataman_response__rosidl_typesupport_fastrtps_c.h\n'}
[5.991927] (px4_msgs) StdoutLine: {'line': b'-- Up-to-date: /home/subhalaxmi/nidar_ws/install/px4_msgs/include/px4_msgs/px4_msgs/msg/detail/parameter_set_value_request__rosidl_typesupport_fastrtps_c.h\n'}
[5.992092] (px4_msgs) StdoutLine: {'line': b'-- Up-to-date: /home/subhalaxmi/nidar_ws/install/px4_msgs/include/px4_msgs/px4_msgs/msg/detail/onboard_computer_status__rosidl_typesupport_fastrtps_c.h\n'}
[5.992293] (px4_msgs) StdoutLine: {'line': b'-- Up-to-date: /home/subhalaxmi/nidar_ws/install/px4_msgs/include/px4_msgs/px4_msgs/msg/detail/position_controller_status__rosidl_typesupport_fastrtps_c.h\n'}
[5.992465] (px4_msgs) StdoutLine: {'line': b'-- Up-to-date: /home/subhalaxmi/nidar_ws/install/px4_msgs/include/px4_msgs/px4_msgs/msg/detail/actuator_motors__rosidl_typesupport_fastrtps_c.h\n'}
[5.992633] (px4_msgs) StdoutLine: {'line': b'-- Up-to-date: /home/subhalaxmi/nidar_ws/install/px4_msgs/include/px4_msgs/px4_msgs/msg/detail/battery_info__rosidl_typesupport_fastrtps_c.h\n'}
[5.992798] (px4_msgs) StdoutLine: {'line': b'-- Up-to-date: /home/subhalaxmi/nidar_ws/install/px4_msgs/include/px4_msgs/px4_msgs/msg/detail/heater_status__rosidl_typesupport_fastrtps_c.h\n'}
[5.992965] (px4_msgs) StdoutLine: {'line': b'-- Up-to-date: /home/subhalaxmi/nidar_ws/install/px4_msgs/include/px4_msgs/px4_msgs/msg/detail/timesync_status__rosidl_typesupport_fastrtps_c.h\n'}
[5.993139] (px4_msgs) StdoutLine: {'line': b'-- Up-to-date: /home/subhalaxmi/nidar_ws/install/px4_msgs/include/px4_msgs/px4_msgs/msg/detail/launch_detection_status__rosidl_typesupport_fastrtps_c.h\n'}
[5.993324] (px4_msgs) StdoutLine: {'line': b'-- Up-to-date: /home/subhalaxmi/nidar_ws/install/px4_msgs/include/px4_msgs/px4_msgs/msg/detail/parameter_reset_request__rosidl_typesupport_fastrtps_c.h\n'}
[5.993494] (px4_msgs) StdoutLine: {'line': b'-- Up-to-date: /home/subhalaxmi/nidar_ws/install/px4_msgs/include/px4_msgs/px4_msgs/msg/detail/vehicle_angular_acceleration_setpoint__rosidl_typesupport_fastrtps_c.h\n'}
[5.993663] (px4_msgs) StdoutLine: {'line': b'-- Up-to-date: /home/subhalaxmi/nidar_ws/install/px4_msgs/include/px4_msgs/px4_msgs/msg/detail/debug_vect__rosidl_typesupport_fastrtps_c.h\n'}
[5.993831] (px4_msgs) StdoutLine: {'line': b'-- Up-to-date: /home/subhalaxmi/nidar_ws/install/px4_msgs/include/px4_msgs/px4_msgs/msg/detail/sensor_gps__rosidl_typesupport_fastrtps_c.h\n'}
[5.994000] (px4_msgs) StdoutLine: {'line': b'-- Up-to-date: /home/subhalaxmi/nidar_ws/install/px4_msgs/include/px4_msgs/px4_msgs/msg/detail/actuator_armed__rosidl_typesupport_fastrtps_c.h\n'}
[5.994184] (px4_msgs) StdoutLine: {'line': b'-- Up-to-date: /home/subhalaxmi/nidar_ws/install/px4_msgs/include/px4_msgs/px4_msgs/msg/detail/geofence_status__rosidl_typesupport_fastrtps_c.h\n'}
[5.994367] (px4_msgs) StdoutLine: {'line': b'-- Up-to-date: /home/subhalaxmi/nidar_ws/install/px4_msgs/include/px4_msgs/px4_msgs/msg/detail/gimbal_manager_information__rosidl_typesupport_fastrtps_c.h\n'}
[5.994538] (px4_msgs) StdoutLine: {'line': b'-- Up-to-date: /home/subhalaxmi/nidar_ws/install/px4_msgs/include/px4_msgs/px4_msgs/msg/detail/cellular_status__rosidl_typesupport_fastrtps_c.h\n'}
[5.994705] (px4_msgs) StdoutLine: {'line': b'-- Up-to-date: /home/subhalaxmi/nidar_ws/install/px4_msgs/include/px4_msgs/px4_msgs/msg/detail/vehicle_attitude_setpoint__rosidl_typesupport_fastrtps_c.h\n'}
[5.994885] (px4_msgs) StdoutLine: {'line': b'-- Up-to-date: /home/subhalaxmi/nidar_ws/install/px4_msgs/include/px4_msgs/px4_msgs/msg/detail/action_request__rosidl_typesupport_fastrtps_c.h\n'}
[5.995054] (px4_msgs) StdoutLine: {'line': b'-- Up-to-date: /home/subhalaxmi/nidar_ws/install/px4_msgs/include/px4_msgs/px4_msgs/msg/detail/gimbal_manager_status__rosidl_typesupport_fastrtps_c.h\n'}
[5.995248] (px4_msgs) StdoutLine: {'line': b'-- Up-to-date: /home/subhalaxmi/nidar_ws/install/px4_msgs/include/px4_msgs/px4_msgs/msg/detail/rover_rate_setpoint__rosidl_typesupport_fastrtps_c.h\n'}
[5.995420] (px4_msgs) StdoutLine: {'line': b'-- Up-to-date: /home/subhalaxmi/nidar_ws/install/px4_msgs/include/px4_msgs/px4_msgs/msg/detail/esc_status__rosidl_typesupport_fastrtps_c.h\n'}
[5.995589] (px4_msgs) StdoutLine: {'line': b'-- Up-to-date: /home/subhalaxmi/nidar_ws/install/px4_msgs/include/px4_msgs/px4_msgs/msg/detail/ulog_stream_ack__rosidl_typesupport_fastrtps_c.h\n'}
[5.995756] (px4_msgs) StdoutLine: {'line': b'-- Up-to-date: /home/subhalaxmi/nidar_ws/install/px4_msgs/include/px4_msgs/px4_msgs/msg/detail/vehicle_angular_velocity__rosidl_typesupport_fastrtps_c.h\n'}
[5.995952] (px4_msgs) StdoutLine: {'line': b'-- Up-to-date: /home/subhalaxmi/nidar_ws/install/px4_msgs/include/px4_msgs/px4_msgs/msg/detail/debug_value__rosidl_typesupport_fastrtps_c.h\n'}
[5.996131] (px4_msgs) StdoutLine: {'line': b'-- Up-to-date: /home/subhalaxmi/nidar_ws/install/px4_msgs/include/px4_msgs/px4_msgs/msg/detail/transponder_report__rosidl_typesupport_fastrtps_c.h\n'}
[5.996317] (px4_msgs) StdoutLine: {'line': b'-- Up-to-date: /home/subhalaxmi/nidar_ws/install/px4_msgs/include/px4_msgs/px4_msgs/msg/detail/log_message__rosidl_typesupport_fastrtps_c.h\n'}
[5.996484] (px4_msgs) StdoutLine: {'line': b'-- Up-to-date: /home/subhalaxmi/nidar_ws/install/px4_msgs/include/px4_msgs/px4_msgs/msg/detail/dronecan_node_status__rosidl_typesupport_fastrtps_c.h\n'}
[5.996651] (px4_msgs) StdoutLine: {'line': b'-- Up-to-date: /home/subhalaxmi/nidar_ws/install/px4_msgs/include/px4_msgs/px4_msgs/msg/detail/dataman_request__rosidl_typesupport_fastrtps_c.h\n'}
[5.996818] (px4_msgs) StdoutLine: {'line': b'-- Up-to-date: /home/subhalaxmi/nidar_ws/install/px4_msgs/include/px4_msgs/px4_msgs/msg/detail/mavlink_log__rosidl_typesupport_fastrtps_c.h\n'}
[5.996985] (px4_msgs) StdoutLine: {'line': b'-- Up-to-date: /home/subhalaxmi/nidar_ws/install/px4_msgs/include/px4_msgs/px4_msgs/msg/detail/health_report__rosidl_typesupport_fastrtps_c.h\n'}
[5.997163] (px4_msgs) StdoutLine: {'line': b'-- Up-to-date: /home/subhalaxmi/nidar_ws/install/px4_msgs/include/px4_msgs/px4_msgs/msg/detail/sensor_optical_flow__rosidl_typesupport_fastrtps_c.h\n'}
[5.997350] (px4_msgs) StdoutLine: {'line': b'-- Up-to-date: /home/subhalaxmi/nidar_ws/install/px4_msgs/include/px4_msgs/px4_msgs/msg/detail/parameter_set_used_request__rosidl_typesupport_fastrtps_c.h\n'}
[5.997520] (px4_msgs) StdoutLine: {'line': b'-- Up-to-date: /home/subhalaxmi/nidar_ws/install/px4_msgs/include/px4_msgs/px4_msgs/msg/detail/estimator_aid_source2d__rosidl_typesupport_fastrtps_c.h\n'}
[5.997688] (px4_msgs) StdoutLine: {'line': b'-- Up-to-date: /home/subhalaxmi/nidar_ws/install/px4_msgs/include/px4_msgs/px4_msgs/msg/detail/sensor_gnss_status__rosidl_typesupport_fastrtps_c.h\n'}
[5.997857] (px4_msgs) StdoutLine: {'line': b'-- Up-to-date: /home/subhalaxmi/nidar_ws/install/px4_msgs/include/px4_msgs/px4_msgs/msg/detail/obstacle_distance__rosidl_typesupport_fastrtps_c.h\n'}
[5.998025] (px4_msgs) StdoutLine: {'line': b'-- Up-to-date: /home/subhalaxmi/nidar_ws/install/px4_msgs/include/px4_msgs/px4_msgs/msg/detail/qshell_retval__rosidl_typesupport_fastrtps_c.h\n'}
[5.998217] (px4_msgs) StdoutLine: {'line': b'-- Up-to-date: /home/subhalaxmi/nidar_ws/install/px4_msgs/include/px4_msgs/px4_msgs/msg/detail/estimator_innovations__rosidl_typesupport_fastrtps_c.h\n'}
[5.998394] (px4_msgs) StdoutLine: {'line': b'-- Up-to-date: /home/subhalaxmi/nidar_ws/install/px4_msgs/include/px4_msgs/px4_msgs/msg/detail/estimator_selector_status__rosidl_typesupport_fastrtps_c.h\n'}
[5.998561] (px4_msgs) StdoutLine: {'line': b'-- Up-to-date: /home/subhalaxmi/nidar_ws/install/px4_msgs/include/px4_msgs/px4_msgs/msg/detail/event__rosidl_typesupport_fastrtps_c.h\n'}
[5.998730] (px4_msgs) StdoutLine: {'line': b'-- Up-to-date: /home/subhalaxmi/nidar_ws/install/px4_msgs/include/px4_msgs/px4_msgs/msg/detail/vehicle_local_position_setpoint__rosidl_typesupport_fastrtps_c.h\n'}
[5.998895] (px4_msgs) StdoutLine: {'line': b'-- Up-to-date: /home/subhalaxmi/nidar_ws/install/px4_msgs/include/px4_msgs/px4_msgs/msg/detail/vehicle_global_position__rosidl_typesupport_fastrtps_c.h\n'}
[5.999062] (px4_msgs) StdoutLine: {'line': b'-- Up-to-date: /home/subhalaxmi/nidar_ws/install/px4_msgs/include/px4_msgs/px4_msgs/msg/detail/raptor_input__rosidl_typesupport_fastrtps_c.h\n'}
[5.999257] (px4_msgs) StdoutLine: {'line': b'-- Up-to-date: /home/subhalaxmi/nidar_ws/install/px4_msgs/include/px4_msgs/px4_msgs/msg/detail/sensor_airflow__rosidl_typesupport_fastrtps_c.h\n'}
[5.999432] (px4_msgs) StdoutLine: {'line': b'-- Up-to-date: /home/subhalaxmi/nidar_ws/install/px4_msgs/include/px4_msgs/px4_msgs/msg/detail/mission_result__rosidl_typesupport_fastrtps_c.h\n'}
[5.999627] (px4_msgs) StdoutLine: {'line': b'-- Up-to-date: /home/subhalaxmi/nidar_ws/install/px4_msgs/include/px4_msgs/px4_msgs/msg/detail/unregister_ext_component__rosidl_typesupport_fastrtps_c.h\n'}
[5.999796] (px4_msgs) StdoutLine: {'line': b'-- Up-to-date: /home/subhalaxmi/nidar_ws/install/px4_msgs/include/px4_msgs/px4_msgs/msg/detail/camera_status__rosidl_typesupport_fastrtps_c.h\n'}
[5.999960] (px4_msgs) StdoutLine: {'line': b'-- Up-to-date: /home/subhalaxmi/nidar_ws/install/px4_msgs/include/px4_msgs/px4_msgs/msg/detail/estimator_sensor_bias__rosidl_typesupport_fastrtps_c.h\n'}
[6.000136] (px4_msgs) StdoutLine: {'line': b'-- Up-to-date: /home/subhalaxmi/nidar_ws/install/px4_msgs/include/px4_msgs/px4_msgs/msg/detail/landing_gear__rosidl_typesupport_fastrtps_c.h\n'}
[6.000319] (px4_msgs) StdoutLine: {'line': b'-- Up-to-date: /home/subhalaxmi/nidar_ws/install/px4_msgs/include/px4_msgs/px4_msgs/msg/detail/config_overrides__rosidl_typesupport_fastrtps_c.h\n'}
[6.000486] (px4_msgs) StdoutLine: {'line': b'-- Up-to-date: /home/subhalaxmi/nidar_ws/install/px4_msgs/include/px4_msgs/px4_msgs/msg/detail/follow_target_status__rosidl_typesupport_fastrtps_c.h\n'}
[6.000654] (px4_msgs) StdoutLine: {'line': b'-- Up-to-date: /home/subhalaxmi/nidar_ws/install/px4_msgs/include/px4_msgs/px4_msgs/msg/detail/vehicle_torque_setpoint__rosidl_typesupport_fastrtps_c.h\n'}
[6.000839] (px4_msgs) StdoutLine: {'line': b'-- Up-to-date: /home/subhalaxmi/nidar_ws/install/px4_msgs/include/px4_msgs/px4_msgs/msg/detail/gpio_in__rosidl_typesupport_fastrtps_c.h\n'}
[6.001007] (px4_msgs) StdoutLine: {'line': b'-- Up-to-date: /home/subhalaxmi/nidar_ws/install/px4_msgs/include/px4_msgs/px4_msgs/msg/detail/task_stack_info__rosidl_typesupport_fastrtps_c.h\n'}
[6.001189] (px4_msgs) StdoutLine: {'line': b'-- Up-to-date: /home/subhalaxmi/nidar_ws/install/px4_msgs/include/px4_msgs/px4_msgs/msg/detail/internal_combustion_engine_status__rosidl_typesupport_fastrtps_c.h\n'}
[6.001370] (px4_msgs) StdoutLine: {'line': b'-- Up-to-date: /home/subhalaxmi/nidar_ws/install/px4_msgs/include/px4_msgs/px4_msgs/msg/detail/tune_control__rosidl_typesupport_fastrtps_c.h\n'}
[6.001536] (px4_msgs) StdoutLine: {'line': b'-- Up-to-date: /home/subhalaxmi/nidar_ws/install/px4_msgs/include/px4_msgs/px4_msgs/msg/detail/ekf2_timestamps__rosidl_typesupport_fastrtps_c.h\n'}
[6.001700] (px4_msgs) StdoutLine: {'line': b'-- Up-to-date: /home/subhalaxmi/nidar_ws/install/px4_msgs/include/px4_msgs/px4_msgs/msg/detail/mount_orientation__rosidl_typesupport_fastrtps_c.h\n'}
[6.001868] (px4_msgs) StdoutLine: {'line': b'-- Up-to-date: /home/subhalaxmi/nidar_ws/install/px4_msgs/include/px4_msgs/px4_msgs/msg/detail/longitudinal_control_configuration__rosidl_typesupport_fastrtps_c.h\n'}
[6.002037] (px4_msgs) StdoutLine: {'line': b'-- Up-to-date: /home/subhalaxmi/nidar_ws/install/px4_msgs/include/px4_msgs/px4_msgs/msg/detail/pure_pursuit_status__rosidl_typesupport_fastrtps_c.h\n'}
[6.002223] (px4_msgs) StdoutLine: {'line': b'-- Up-to-date: /home/subhalaxmi/nidar_ws/install/px4_msgs/include/px4_msgs/px4_msgs/msg/detail/geofence_result__rosidl_typesupport_fastrtps_c.h\n'}
[6.002402] (px4_msgs) StdoutLine: {'line': b'-- Up-to-date: /home/subhalaxmi/nidar_ws/install/px4_msgs/include/px4_msgs/px4_msgs/msg/detail/yaw_estimator_status__rosidl_typesupport_fastrtps_c.h\n'}
[6.002572] (px4_msgs) StdoutLine: {'line': b'-- Up-to-date: /home/subhalaxmi/nidar_ws/install/px4_msgs/include/px4_msgs/px4_msgs/msg/detail/mavlink_tunnel__rosidl_typesupport_fastrtps_c.h\n'}
[6.002739] (px4_msgs) StdoutLine: {'line': b'-- Up-to-date: /home/subhalaxmi/nidar_ws/install/px4_msgs/include/px4_msgs/px4_msgs/msg/detail/vehicle_status__rosidl_typesupport_fastrtps_c.h\n'}
[6.002905] (px4_msgs) StdoutLine: {'line': b'-- Up-to-date: /home/subhalaxmi/nidar_ws/install/px4_msgs/include/px4_msgs/px4_msgs/msg/detail/vehicle_thrust_setpoint__rosidl_typesupport_fastrtps_c.h\n'}
[6.003072] (px4_msgs) StdoutLine: {'line': b'-- Up-to-date: /home/subhalaxmi/nidar_ws/install/px4_msgs/include/px4_msgs/px4_msgs/msg/detail/sensor_preflight_mag__rosidl_typesupport_fastrtps_c.h\n'}
[6.003277] (px4_msgs) StdoutLine: {'line': b'-- Up-to-date: /home/subhalaxmi/nidar_ws/install/px4_msgs/include/px4_msgs/px4_msgs/msg/detail/sensor_accel_fifo__rosidl_typesupport_fastrtps_c.h\n'}
[6.003453] (px4_msgs) StdoutLine: {'line': b'-- Up-to-date: /home/subhalaxmi/nidar_ws/install/px4_msgs/include/px4_msgs/px4_msgs/msg/detail/landing_target_innovations__rosidl_typesupport_fastrtps_c.h\n'}
[6.003622] (px4_msgs) StdoutLine: {'line': b'-- Up-to-date: /home/subhalaxmi/nidar_ws/install/px4_msgs/include/px4_msgs/px4_msgs/msg/detail/gimbal_device_attitude_status__rosidl_typesupport_fastrtps_c.h\n'}
[6.003791] (px4_msgs) StdoutLine: {'line': b'-- Up-to-date: /home/subhalaxmi/nidar_ws/install/px4_msgs/include/px4_msgs/px4_msgs/msg/detail/home_position__rosidl_typesupport_fastrtps_c.h\n'}
[6.003959] (px4_msgs) StdoutLine: {'line': b'-- Up-to-date: /home/subhalaxmi/nidar_ws/install/px4_msgs/include/px4_msgs/px4_msgs/msg/detail/estimator_states__rosidl_typesupport_fastrtps_c.h\n'}
[6.004149] (px4_msgs) StdoutLine: {'line': b'-- Up-to-date: /home/subhalaxmi/nidar_ws/install/px4_msgs/include/px4_msgs/px4_msgs/msg/detail/sensor_combined__rosidl_typesupport_fastrtps_c.h\n'}
[6.004337] (px4_msgs) StdoutLine: {'line': b'-- Up-to-date: /home/subhalaxmi/nidar_ws/install/px4_msgs/include/px4_msgs/px4_msgs/msg/detail/estimator_status__rosidl_typesupport_fastrtps_c.h\n'}
[6.004505] (px4_msgs) StdoutLine: {'line': b'-- Up-to-date: /home/subhalaxmi/nidar_ws/install/px4_msgs/include/px4_msgs/px4_msgs/msg/detail/magnetometer_bias_estimate__rosidl_typesupport_fastrtps_c.h\n'}
[6.004672] (px4_msgs) StdoutLine: {'line': b'-- Up-to-date: /home/subhalaxmi/nidar_ws/install/px4_msgs/include/px4_msgs/px4_msgs/msg/detail/sensor_gyro_fifo__rosidl_typesupport_fastrtps_c.h\n'}
[6.004844] (px4_msgs) StdoutLine: {'line': b'-- Up-to-date: /home/subhalaxmi/nidar_ws/install/px4_msgs/include/px4_msgs/px4_msgs/msg/detail/tiltrotor_extra_controls__rosidl_typesupport_fastrtps_c.h\n'}
[6.005015] (px4_msgs) StdoutLine: {'line': b'-- Up-to-date: /home/subhalaxmi/nidar_ws/install/px4_msgs/include/px4_msgs/px4_msgs/msg/detail/uavcan_parameter_request__rosidl_typesupport_fastrtps_c.h\n'}
[6.005206] (px4_msgs) StdoutLine: {'line': b'-- Up-to-date: /home/subhalaxmi/nidar_ws/install/px4_msgs/include/px4_msgs/px4_msgs/msg/detail/position_setpoint_triplet__rosidl_typesupport_fastrtps_c.h\n'}
[6.005390] (px4_msgs) StdoutLine: {'line': b'-- Up-to-date: /home/subhalaxmi/nidar_ws/install/px4_msgs/include/px4_msgs/px4_msgs/msg/detail/actuator_outputs__rosidl_typesupport_fastrtps_c.h\n'}
[6.005560] (px4_msgs) StdoutLine: {'line': b'-- Up-to-date: /home/subhalaxmi/nidar_ws/install/px4_msgs/include/px4_msgs/px4_msgs/msg/detail/ping__rosidl_typesupport_fastrtps_c.h\n'}
[6.005752] (px4_msgs) StdoutLine: {'line': b'-- Up-to-date: /home/subhalaxmi/nidar_ws/install/px4_msgs/include/px4_msgs/px4_msgs/msg/detail/gripper__rosidl_typesupport_fastrtps_c.h\n'}
[6.005922] (px4_msgs) StdoutLine: {'line': b'-- Up-to-date: /home/subhalaxmi/nidar_ws/install/px4_msgs/include/px4_msgs/px4_msgs/msg/detail/debug_key_value__rosidl_typesupport_fastrtps_c.h\n'}
[6.006092] (px4_msgs) StdoutLine: {'line': b'-- Up-to-date: /home/subhalaxmi/nidar_ws/install/px4_msgs/include/px4_msgs/px4_msgs/msg/detail/failure_detector_status__rosidl_typesupport_fastrtps_c.h\n'}
[6.006291] (px4_msgs) StdoutLine: {'line': b'-- Up-to-date: /home/subhalaxmi/nidar_ws/install/px4_msgs/include/px4_msgs/px4_msgs/msg/detail/goto_setpoint__rosidl_typesupport_fastrtps_c.h\n'}
[6.006467] (px4_msgs) StdoutLine: {'line': b'-- Up-to-date: /home/subhalaxmi/nidar_ws/install/px4_msgs/include/px4_msgs/px4_msgs/msg/detail/figure_eight_status__rosidl_typesupport_fastrtps_c.h\n'}
[6.006638] (px4_msgs) StdoutLine: {'line': b'-- Up-to-date: /home/subhalaxmi/nidar_ws/install/px4_msgs/include/px4_msgs/px4_msgs/msg/detail/actuator_servos_trim__rosidl_typesupport_fastrtps_c.h\n'}
[6.006808] (px4_msgs) StdoutLine: {'line': b'-- Up-to-date: /home/subhalaxmi/nidar_ws/install/px4_msgs/include/px4_msgs/px4_msgs/msg/detail/device_information__rosidl_typesupport_fastrtps_c.h\n'}
[6.006989] (px4_msgs) StdoutLine: {'line': b'-- Up-to-date: /home/subhalaxmi/nidar_ws/install/px4_msgs/include/px4_msgs/px4_msgs/msg/detail/sensor_gyro_fft__rosidl_typesupport_fastrtps_c.h\n'}
[6.007171] (px4_msgs) StdoutLine: {'line': b'-- Up-to-date: /home/subhalaxmi/nidar_ws/install/px4_msgs/include/px4_msgs/px4_msgs/msg/detail/lateral_control_configuration__rosidl_typesupport_fastrtps_c.h\n'}
[6.007360] (px4_msgs) StdoutLine: {'line': b'-- Up-to-date: /home/subhalaxmi/nidar_ws/install/px4_msgs/include/px4_msgs/px4_msgs/msg/detail/vehicle_attitude__rosidl_typesupport_fastrtps_c.h\n'}
[6.007530] (px4_msgs) StdoutLine: {'line': b'-- Up-to-date: /home/subhalaxmi/nidar_ws/install/px4_msgs/include/px4_msgs/px4_msgs/msg/detail/iridiumsbd_status__rosidl_typesupport_fastrtps_c.h\n'}
[6.007702] (px4_msgs) StdoutLine: {'line': b'-- Up-to-date: /home/subhalaxmi/nidar_ws/install/px4_msgs/include/px4_msgs/px4_msgs/msg/detail/manual_control_switches__rosidl_typesupport_fastrtps_c.h\n'}
[6.007871] (px4_msgs) StdoutLine: {'line': b'-- Up-to-date: /home/subhalaxmi/nidar_ws/install/px4_msgs/include/px4_msgs/px4_msgs/msg/detail/distance_sensor__rosidl_typesupport_fastrtps_c.h\n'}
[6.008041] (px4_msgs) StdoutLine: {'line': b'-- Up-to-date: /home/subhalaxmi/nidar_ws/install/px4_msgs/include/px4_msgs/px4_msgs/msg/detail/generator_status__rosidl_typesupport_fastrtps_c.h\n'}
[6.008242] (px4_msgs) StdoutLine: {'line': b'-- Up-to-date: /home/subhalaxmi/nidar_ws/install/px4_msgs/include/px4_msgs/px4_msgs/msg/detail/airspeed_wind__rosidl_typesupport_fastrtps_c.h\n'}
[6.008416] (px4_msgs) StdoutLine: {'line': b'-- Up-to-date: /home/subhalaxmi/nidar_ws/install/px4_msgs/include/px4_msgs/px4_msgs/msg/detail/gimbal_controls__rosidl_typesupport_fastrtps_c.h\n'}
[6.008583] (px4_msgs) StdoutLine: {'line': b'-- Up-to-date: /home/subhalaxmi/nidar_ws/install/px4_msgs/include/px4_msgs/px4_msgs/msg/detail/autotune_attitude_control_status__rosidl_typesupport_fastrtps_c.h\n'}
[6.008765] (px4_msgs) StdoutLine: {'line': b'-- Up-to-date: /home/subhalaxmi/nidar_ws/install/px4_msgs/include/px4_msgs/px4_msgs/msg/detail/position_setpoint__rosidl_typesupport_fastrtps_c.h\n'}
[6.008931] (px4_msgs) StdoutLine: {'line': b'-- Up-to-date: /home/subhalaxmi/nidar_ws/install/px4_msgs/include/px4_msgs/px4_msgs/msg/detail/vehicle_roi__rosidl_typesupport_fastrtps_c.h\n'}
[6.009097] (px4_msgs) StdoutLine: {'line': b'-- Up-to-date: /home/subhalaxmi/nidar_ws/install/px4_msgs/include/px4_msgs/px4_msgs/msg/detail/airspeed__rosidl_typesupport_fastrtps_c.h\n'}
[6.009293] (px4_msgs) StdoutLine: {'line': b'-- Up-to-date: /home/subhalaxmi/nidar_ws/install/px4_msgs/include/px4_msgs/px4_msgs/msg/detail/failsafe_flags__rosidl_typesupport_fastrtps_c.h\n'}
[6.009463] (px4_msgs) StdoutLine: {'line': b'-- Up-to-date: /home/subhalaxmi/nidar_ws/install/px4_msgs/include/px4_msgs/px4_msgs/msg/detail/sensor_correction__rosidl_typesupport_fastrtps_c.h\n'}
[6.009629] (px4_msgs) StdoutLine: {'line': b'-- Up-to-date: /home/subhalaxmi/nidar_ws/install/px4_msgs/include/px4_msgs/px4_msgs/msg/detail/sensor_uwb__rosidl_typesupport_fastrtps_c.h\n'}
[6.009796] (px4_msgs) StdoutLine: {'line': b'-- Up-to-date: /home/subhalaxmi/nidar_ws/install/px4_msgs/include/px4_msgs/px4_msgs/msg/detail/telemetry_status__rosidl_typesupport_fastrtps_c.h\n'}
[6.009963] (px4_msgs) StdoutLine: {'line': b'-- Up-to-date: /home/subhalaxmi/nidar_ws/install/px4_msgs/include/px4_msgs/px4_msgs/msg/detail/wind__rosidl_typesupport_fastrtps_c.h\n'}
[6.010141] (px4_msgs) StdoutLine: {'line': b'-- Up-to-date: /home/subhalaxmi/nidar_ws/install/px4_msgs/include/px4_msgs/px4_msgs/msg/detail/input_rc__rosidl_typesupport_fastrtps_c.h\n'}
[6.010324] (px4_msgs) StdoutLine: {'line': b'-- Up-to-date: /home/subhalaxmi/nidar_ws/install/px4_msgs/include/px4_msgs/px4_msgs/msg/detail/differential_pressure__rosidl_typesupport_fastrtps_c.h\n'}
[6.010492] (px4_msgs) StdoutLine: {'line': b'-- Up-to-date: /home/subhalaxmi/nidar_ws/install/px4_msgs/include/px4_msgs/px4_msgs/msg/detail/sensors_status_imu__rosidl_typesupport_fastrtps_c.h\n'}
[6.010685] (px4_msgs) StdoutLine: {'line': b'-- Up-to-date: /home/subhalaxmi/nidar_ws/install/px4_msgs/include/px4_msgs/px4_msgs/msg/detail/trajectory_setpoint__rosidl_typesupport_fastrtps_c.h\n'}
[6.010853] (px4_msgs) StdoutLine: {'line': b'-- Up-to-date: /home/subhalaxmi/nidar_ws/install/px4_msgs/include/px4_msgs/px4_msgs/msg/detail/fixed_wing_runway_control__rosidl_typesupport_fastrtps_c.h\n'}
[6.011022] (px4_msgs) StdoutLine: {'line': b'-- Up-to-date: /home/subhalaxmi/nidar_ws/install/px4_msgs/include/px4_msgs/px4_msgs/msg/detail/estimator_bias3d__rosidl_typesupport_fastrtps_c.h\n'}
[6.011214] (px4_msgs) StdoutLine: {'line': b'-- Up-to-date: /home/subhalaxmi/nidar_ws/install/px4_msgs/include/px4_msgs/px4_msgs/msg/detail/vehicle_acceleration__rosidl_typesupport_fastrtps_c.h\n'}
[6.011391] (px4_msgs) StdoutLine: {'line': b'-- Up-to-date: /home/subhalaxmi/nidar_ws/install/px4_msgs/include/px4_msgs/px4_msgs/msg/detail/rover_speed_status__rosidl_typesupport_fastrtps_c.h\n'}
[6.011561] (px4_msgs) StdoutLine: {'line': b'-- Up-to-date: /home/subhalaxmi/nidar_ws/install/px4_msgs/include/px4_msgs/px4_msgs/msg/detail/control_allocator_status__rosidl_typesupport_fastrtps_c.h\n'}
[6.011730] (px4_msgs) StdoutLine: {'line': b'-- Up-to-date: /home/subhalaxmi/nidar_ws/install/px4_msgs/include/px4_msgs/px4_msgs/msg/detail/gpio_out__rosidl_typesupport_fastrtps_c.h\n'}
[6.011897] (px4_msgs) StdoutLine: {'line': b'-- Up-to-date: /home/subhalaxmi/nidar_ws/install/px4_msgs/include/px4_msgs/px4_msgs/msg/detail/actuator_test__rosidl_typesupport_fastrtps_c.h\n'}
[6.012065] (px4_msgs) StdoutLine: {'line': b'-- Up-to-date: /home/subhalaxmi/nidar_ws/install/px4_msgs/include/px4_msgs/px4_msgs/msg/detail/power_button_state__rosidl_typesupport_fastrtps_c.h\n'}
[6.012269] (px4_msgs) StdoutLine: {'line': b'-- Up-to-date: /home/subhalaxmi/nidar_ws/install/px4_msgs/include/px4_msgs/px4_msgs/msg/detail/sensors_status__rosidl_typesupport_fastrtps_c.h\n'}
[6.012441] (px4_msgs) StdoutLine: {'line': b'-- Up-to-date: /home/subhalaxmi/nidar_ws/install/px4_msgs/include/px4_msgs/px4_msgs/msg/detail/estimator_event_flags__rosidl_typesupport_fastrtps_c.h\n'}
[6.012609] (px4_msgs) StdoutLine: {'line': b'-- Up-to-date: /home/subhalaxmi/nidar_ws/install/px4_msgs/include/px4_msgs/px4_msgs/msg/detail/button_event__rosidl_typesupport_fastrtps_c.h\n'}
[6.012777] (px4_msgs) StdoutLine: {'line': b'-- Up-to-date: /home/subhalaxmi/nidar_ws/install/px4_msgs/include/px4_msgs/px4_msgs/msg/detail/sensor_accel__rosidl_typesupport_fastrtps_c.h\n'}
[6.012944] (px4_msgs) StdoutLine: {'line': b'-- Up-to-date: /home/subhalaxmi/nidar_ws/install/px4_msgs/include/px4_msgs/px4_msgs/msg/detail/parameter_update__rosidl_typesupport_fastrtps_c.h\n'}
[6.013111] (px4_msgs) StdoutLine: {'line': b'-- Up-to-date: /home/subhalaxmi/nidar_ws/install/px4_msgs/include/px4_msgs/px4_msgs/msg/detail/register_ext_component_reply__rosidl_typesupport_fastrtps_c.h\n'}
[6.013306] (px4_msgs) StdoutLine: {'line': b'-- Up-to-date: /home/subhalaxmi/nidar_ws/install/px4_msgs/include/px4_msgs/px4_msgs/msg/detail/gpio_request__rosidl_typesupport_fastrtps_c.h\n'}
[6.013488] (px4_msgs) StdoutLine: {'line': b'-- Up-to-date: /home/subhalaxmi/nidar_ws/install/px4_msgs/include/px4_msgs/px4_msgs/msg/detail/gimbal_device_information__rosidl_typesupport_fastrtps_c.h\n'}
[6.013657] (px4_msgs) StdoutLine: {'line': b'-- Up-to-date: /home/subhalaxmi/nidar_ws/install/px4_msgs/include/px4_msgs/px4_msgs/msg/detail/aux_global_position__rosidl_typesupport_fastrtps_c.h\n'}
[6.013824] (px4_msgs) StdoutLine: {'line': b'-- Up-to-date: /home/subhalaxmi/nidar_ws/install/px4_msgs/include/px4_msgs/px4_msgs/msg/detail/battery_status__rosidl_typesupport_fastrtps_c.h\n'}
[6.013990] (px4_msgs) StdoutLine: {'line': b'-- Up-to-date: /home/subhalaxmi/nidar_ws/install/px4_msgs/include/px4_msgs/px4_msgs/msg/detail/gpio_config__rosidl_typesupport_fastrtps_c.h\n'}
[6.014174] (px4_msgs) StdoutLine: {'line': b'-- Up-to-date: /home/subhalaxmi/nidar_ws/install/px4_msgs/include/px4_msgs/px4_msgs/msg/detail/distance_sensor_mode_change_request__rosidl_typesupport_fastrtps_c.h\n'}
[6.014387] (px4_msgs) StdoutLine: {'line': b'-- Up-to-date: /home/subhalaxmi/nidar_ws/install/px4_msgs/include/px4_msgs/px4_msgs/msg/detail/debug_array__rosidl_typesupport_fastrtps_c.h\n'}
[6.014585] (px4_msgs) StdoutLine: {'line': b'-- Up-to-date: /home/subhalaxmi/nidar_ws/install/px4_msgs/include/px4_msgs/px4_msgs/msg/detail/gain_compression__rosidl_typesupport_fastrtps_c.h\n'}
[6.014762] (px4_msgs) StdoutLine: {'line': b'-- Up-to-date: /home/subhalaxmi/nidar_ws/install/px4_msgs/include/px4_msgs/px4_msgs/msg/detail/sensor_selection__rosidl_typesupport_fastrtps_c.h\n'}
[6.014930] (px4_msgs) StdoutLine: {'line': b'-- Up-to-date: /home/subhalaxmi/nidar_ws/install/px4_msgs/include/px4_msgs/px4_msgs/msg/detail/vehicle_odometry__rosidl_typesupport_fastrtps_c.h\n'}
[6.015097] (px4_msgs) StdoutLine: {'line': b'-- Up-to-date: /home/subhalaxmi/nidar_ws/install/px4_msgs/include/px4_msgs/px4_msgs/msg/detail/fuel_tank_status__rosidl_typesupport_fastrtps_c.h\n'}
[6.015297] (px4_msgs) StdoutLine: {'line': b'-- Up-to-date: /home/subhalaxmi/nidar_ws/install/px4_msgs/include/px4_msgs/px4_msgs/msg/detail/arming_check_request__rosidl_typesupport_fastrtps_c.h\n'}
[6.015471] (px4_msgs) StdoutLine: {'line': b'-- Up-to-date: /home/subhalaxmi/nidar_ws/install/px4_msgs/include/px4_msgs/px4_msgs/msg/detail/actuator_controls_status__rosidl_typesupport_fastrtps_c.h\n'}
[6.015673] (px4_msgs) StdoutLine: {'line': b'-- Up-to-date: /home/subhalaxmi/nidar_ws/install/px4_msgs/include/px4_msgs/px4_msgs/msg/detail/esc_report__rosidl_typesupport_fastrtps_c.h\n'}
[6.015844] (px4_msgs) StdoutLine: {'line': b'-- Up-to-date: /home/subhalaxmi/nidar_ws/install/px4_msgs/include/px4_msgs/px4_msgs/msg/detail/camera_trigger__rosidl_typesupport_fastrtps_c.h\n'}
[6.016011] (px4_msgs) StdoutLine: {'line': b'-- Up-to-date: /home/subhalaxmi/nidar_ws/install/px4_msgs/include/px4_msgs/px4_msgs/msg/detail/rc_channels__rosidl_typesupport_fastrtps_c.h\n'}
[6.016198] (px4_msgs) StdoutLine: {'line': b'-- Up-to-date: /home/subhalaxmi/nidar_ws/install/px4_msgs/include/px4_msgs/px4_msgs/msg/detail/follow_target_estimator__rosidl_typesupport_fastrtps_c.h\n'}
[6.016382] (px4_msgs) StdoutLine: {'line': b'-- Up-to-date: /home/subhalaxmi/nidar_ws/install/px4_msgs/include/px4_msgs/px4_msgs/msg/detail/camera_capture__rosidl_typesupport_fastrtps_c.h\n'}
[6.016549] (px4_msgs) StdoutLine: {'line': b'-- Up-to-date: /home/subhalaxmi/nidar_ws/install/px4_msgs/include/px4_msgs/px4_msgs/msg/detail/orb_test__rosidl_typesupport_fastrtps_c.h\n'}
[6.016714] (px4_msgs) StdoutLine: {'line': b'-- Up-to-date: /home/subhalaxmi/nidar_ws/install/px4_msgs/include/px4_msgs/px4_msgs/msg/detail/rover_attitude_setpoint__rosidl_typesupport_fastrtps_c.h\n'}
[6.016880] (px4_msgs) StdoutLine: {'line': b'-- Up-to-date: /home/subhalaxmi/nidar_ws/install/px4_msgs/include/px4_msgs/px4_msgs/msg/detail/collision_constraints__rosidl_typesupport_fastrtps_c.h\n'}
[6.017048] (px4_msgs) StdoutLine: {'line': b'-- Up-to-date: /home/subhalaxmi/nidar_ws/install/px4_msgs/include/px4_msgs/px4_msgs/msg/detail/can_interface_status__rosidl_typesupport_fastrtps_c.h\n'}
[6.017246] (px4_msgs) StdoutLine: {'line': b'-- Up-to-date: /home/subhalaxmi/nidar_ws/install/px4_msgs/include/px4_msgs/px4_msgs/msg/detail/vehicle_air_data__rosidl_typesupport_fastrtps_c.h\n'}
[6.017423] (px4_msgs) StdoutLine: {'line': b'-- Up-to-date: /home/subhalaxmi/nidar_ws/install/px4_msgs/include/px4_msgs/px4_msgs/msg/detail/pwm_input__rosidl_typesupport_fastrtps_c.h\n'}
[6.017593] (px4_msgs) StdoutLine: {'line': b'-- Up-to-date: /home/subhalaxmi/nidar_ws/install/px4_msgs/include/px4_msgs/px4_msgs/msg/detail/estimator_status_flags__rosidl_typesupport_fastrtps_c.h\n'}
[6.017763] (px4_msgs) StdoutLine: {'line': b'-- Up-to-date: /home/subhalaxmi/nidar_ws/install/px4_msgs/include/px4_msgs/px4_msgs/msg/detail/actuator_servos__rosidl_typesupport_fastrtps_c.h\n'}
[6.017943] (px4_msgs) StdoutLine: {'line': b'-- Up-to-date: /home/subhalaxmi/nidar_ws/install/px4_msgs/include/px4_msgs/px4_msgs/msg/detail/sensor_baro__rosidl_typesupport_fastrtps_c.h\n'}
[6.018167] (px4_msgs) StdoutLine: {'line': b'-- Up-to-date: /home/subhalaxmi/nidar_ws/install/px4_msgs/include/px4_msgs/px4_msgs/msg/detail/vehicle_land_detected__rosidl_typesupport_fastrtps_c.h\n'}
[6.018363] (px4_msgs) StdoutLine: {'line': b'-- Up-to-date: /home/subhalaxmi/nidar_ws/install/px4_msgs/include/px4_msgs/px4_msgs/msg/detail/open_drone_id_arm_status__rosidl_typesupport_fastrtps_c.h\n'}
[6.018532] (px4_msgs) StdoutLine: {'line': b'-- Up-to-date: /home/subhalaxmi/nidar_ws/install/px4_msgs/include/px4_msgs/px4_msgs/msg/detail/pps_capture__rosidl_typesupport_fastrtps_c.h\n'}
[6.018701] (px4_msgs) StdoutLine: {'line': b'-- Up-to-date: /home/subhalaxmi/nidar_ws/install/px4_msgs/include/px4_msgs/px4_msgs/msg/detail/message_format_response__rosidl_typesupport_fastrtps_c.h\n'}
[6.018874] (px4_msgs) StdoutLine: {'line': b'-- Up-to-date: /home/subhalaxmi/nidar_ws/install/px4_msgs/include/px4_msgs/px4_msgs/msg/detail/landing_target_pose__rosidl_typesupport_fastrtps_c.h\n'}
[6.019043] (px4_msgs) StdoutLine: {'line': b'-- Up-to-date: /home/subhalaxmi/nidar_ws/install/px4_msgs/include/px4_msgs/px4_msgs/msg/detail/vehicle_command_ack__rosidl_typesupport_fastrtps_c.h\n'}
[6.019246] (px4_msgs) StdoutLine: {'line': b'-- Up-to-date: /home/subhalaxmi/nidar_ws/install/px4_msgs/include/px4_msgs/px4_msgs/msg/detail/vtol_vehicle_status__rosidl_typesupport_fastrtps_c.h\n'}
[6.019425] (px4_msgs) StdoutLine: {'line': b'-- Up-to-date: /home/subhalaxmi/nidar_ws/install/px4_msgs/include/px4_msgs/px4_msgs/msg/detail/rover_rate_status__rosidl_typesupport_fastrtps_c.h\n'}
[6.019590] (px4_msgs) StdoutLine: {'line': b'-- Up-to-date: /home/subhalaxmi/nidar_ws/install/px4_msgs/include/px4_msgs/px4_msgs/msg/detail/normalized_unsigned_setpoint__rosidl_typesupport_fastrtps_c.h\n'}
[6.019760] (px4_msgs) StdoutLine: {'line': b'-- Up-to-date: /home/subhalaxmi/nidar_ws/install/px4_msgs/include/px4_msgs/px4_msgs/msg/detail/landing_gear_wheel__rosidl_typesupport_fastrtps_c.h\n'}
[6.019926] (px4_msgs) StdoutLine: {'line': b'-- Up-to-date: /home/subhalaxmi/nidar_ws/install/px4_msgs/include/px4_msgs/px4_msgs/msg/detail/sensor_gnss_relative__rosidl_typesupport_fastrtps_c.h\n'}
[6.020089] (px4_msgs) StdoutLine: {'line': b'-- Up-to-date: /home/subhalaxmi/nidar_ws/install/px4_msgs/include/px4_msgs/px4_msgs/msg/detail/parameter_set_value_response__rosidl_typesupport_fastrtps_c.h\n'}
[6.020265] (px4_msgs) StdoutLine: {'line': b'-- Up-to-date: /home/subhalaxmi/nidar_ws/install/px4_msgs/include/px4_msgs/px4_msgs/msg/detail/vehicle_control_mode__rosidl_typesupport_fastrtps_c.h\n'}
[6.020369] (px4_msgs) StdoutLine: {'line': b'-- Up-to-date: /home/subhalaxmi/nidar_ws/install/px4_msgs/include/px4_msgs/px4_msgs/msg/detail/navigator_mission_item__rosidl_typesupport_fastrtps_c.h\n'}
[6.020486] (px4_msgs) StdoutLine: {'line': b'-- Up-to-date: /home/subhalaxmi/nidar_ws/install/px4_msgs/include/px4_msgs/px4_msgs/msg/detail/vehicle_imu__rosidl_typesupport_fastrtps_c.h\n'}
[6.020584] (px4_msgs) StdoutLine: {'line': b'-- Up-to-date: /home/subhalaxmi/nidar_ws/install/px4_msgs/include/px4_msgs/px4_msgs/msg/detail/rc_parameter_map__rosidl_typesupport_fastrtps_c.h\n'}
[6.020681] (px4_msgs) StdoutLine: {'line': b'-- Up-to-date: /home/subhalaxmi/nidar_ws/install/px4_msgs/include/px4_msgs/px4_msgs/msg/detail/open_drone_id_system__rosidl_typesupport_fastrtps_c.h\n'}
[6.020778] (px4_msgs) StdoutLine: {'line': b'-- Up-to-date: /home/subhalaxmi/nidar_ws/install/px4_msgs/include/px4_msgs/px4_msgs/msg/detail/message_format_request__rosidl_typesupport_fastrtps_c.h\n'}
[6.020874] (px4_msgs) StdoutLine: {'line': b'-- Up-to-date: /home/subhalaxmi/nidar_ws/install/px4_msgs/include/px4_msgs/px4_msgs/msg/detail/internal_combustion_engine_control__rosidl_typesupport_fastrtps_c.h\n'}
[6.020970] (px4_msgs) StdoutLine: {'line': b'-- Up-to-date: /home/subhalaxmi/nidar_ws/install/px4_msgs/include/px4_msgs/px4_msgs/msg/detail/estimator_aid_source1d__rosidl_typesupport_fastrtps_c.h\n'}
[6.021066] (px4_msgs) StdoutLine: {'line': b'-- Up-to-date: /home/subhalaxmi/nidar_ws/install/px4_msgs/include/px4_msgs/px4_msgs/msg/detail/vehicle_imu_status__rosidl_typesupport_fastrtps_c.h\n'}
[6.021203] (px4_msgs) StdoutLine: {'line': b'-- Up-to-date: /home/subhalaxmi/nidar_ws/install/px4_msgs/include/px4_msgs/px4_msgs/msg/detail/hover_thrust_estimate__rosidl_typesupport_fastrtps_c.h\n'}
[6.021304] (px4_msgs) StdoutLine: {'line': b'-- Up-to-date: /home/subhalaxmi/nidar_ws/install/px4_msgs/include/px4_msgs/px4_msgs/msg/detail/rtl_status__rosidl_typesupport_fastrtps_c.h\n'}
[6.021400] (px4_msgs) StdoutLine: {'line': b'-- Up-to-date: /home/subhalaxmi/nidar_ws/install/px4_msgs/include/px4_msgs/px4_msgs/msg/detail/orbit_status__rosidl_typesupport_fastrtps_c.h\n'}
[6.021497] (px4_msgs) StdoutLine: {'line': b'-- Up-to-date: /home/subhalaxmi/nidar_ws/install/px4_msgs/include/px4_msgs/px4_msgs/msg/detail/ulog_stream__rosidl_typesupport_fastrtps_c.h\n'}
[6.021594] (px4_msgs) StdoutLine: {'line': b'-- Up-to-date: /home/subhalaxmi/nidar_ws/install/px4_msgs/include/px4_msgs/px4_msgs/msg/detail/airspeed_validated__rosidl_typesupport_fastrtps_c.h\n'}
[6.021700] (px4_msgs) StdoutLine: {'line': b'-- Up-to-date: /home/subhalaxmi/nidar_ws/install/px4_msgs/include/px4_msgs/px4_msgs/msg/detail/rtl_time_estimate__rosidl_typesupport_fastrtps_c.h\n'}
[6.021795] (-) TimerEvent: {}
[6.021943] (px4_msgs) StdoutLine: {'line': b'-- Up-to-date: /home/subhalaxmi/nidar_ws/install/px4_msgs/include/px4_msgs/px4_msgs/msg/detail/fixed_wing_longitudinal_setpoint__rosidl_typesupport_fastrtps_c.h\n'}
[6.022059] (px4_msgs) StdoutLine: {'line': b'-- Up-to-date: /home/subhalaxmi/nidar_ws/install/px4_msgs/include/px4_msgs/px4_msgs/msg/detail/rate_ctrl_status__rosidl_typesupport_fastrtps_c.h\n'}
[6.022190] (px4_msgs) StdoutLine: {'line': b'-- Up-to-date: /home/subhalaxmi/nidar_ws/install/px4_msgs/include/px4_msgs/px4_msgs/msg/detail/vehicle_command__rosidl_typesupport_fastrtps_c.h\n'}
[6.022296] (px4_msgs) StdoutLine: {'line': b'-- Up-to-date: /home/subhalaxmi/nidar_ws/install/px4_msgs/include/px4_msgs/px4_msgs/msg/detail/register_ext_component_request__rosidl_typesupport_fastrtps_c.h\n'}
[6.022393] (px4_msgs) StdoutLine: {'line': b'-- Up-to-date: /home/subhalaxmi/nidar_ws/install/px4_msgs/include/px4_msgs/px4_msgs/msg/detail/trajectory_setpoint6dof__rosidl_typesupport_fastrtps_c.h\n'}
[6.022489] (px4_msgs) StdoutLine: {'line': b'-- Up-to-date: /home/subhalaxmi/nidar_ws/install/px4_msgs/include/px4_msgs/px4_msgs/msg/detail/open_drone_id_self_id__rosidl_typesupport_fastrtps_c.h\n'}
[6.022586] (px4_msgs) StdoutLine: {'line': b'-- Up-to-date: /home/subhalaxmi/nidar_ws/install/px4_msgs/include/px4_msgs/px4_msgs/msg/detail/estimator_gps_status__rosidl_typesupport_fastrtps_c.h\n'}
[6.022683] (px4_msgs) StdoutLine: {'line': b'-- Up-to-date: /home/subhalaxmi/nidar_ws/install/px4_msgs/include/px4_msgs/px4_msgs/msg/detail/power_monitor__rosidl_typesupport_fastrtps_c.h\n'}
[6.022780] (px4_msgs) StdoutLine: {'line': b'-- Up-to-date: /home/subhalaxmi/nidar_ws/install/px4_msgs/include/px4_msgs/px4_msgs/msg/detail/gps_inject_data__rosidl_typesupport_fastrtps_c.h\n'}
[6.022877] (px4_msgs) StdoutLine: {'line': b'-- Up-to-date: /home/subhalaxmi/nidar_ws/install/px4_msgs/include/px4_msgs/px4_msgs/srv\n'}
[6.022975] (px4_msgs) StdoutLine: {'line': b'-- Up-to-date: /home/subhalaxmi/nidar_ws/install/px4_msgs/include/px4_msgs/px4_msgs/srv/detail\n'}
[6.023072] (px4_msgs) StdoutLine: {'line': b'-- Up-to-date: /home/subhalaxmi/nidar_ws/install/px4_msgs/include/px4_msgs/px4_msgs/srv/detail/vehicle_command__rosidl_typesupport_fastrtps_c.h\n'}
[6.023198] (px4_msgs) StdoutLine: {'line': b'-- Up-to-date: /home/subhalaxmi/nidar_ws/install/px4_msgs/lib/libpx4_msgs__rosidl_typesupport_fastrtps_c.so\n'}
[6.023300] (px4_msgs) StdoutLine: {'line': b'-- Up-to-date: /home/subhalaxmi/nidar_ws/install/px4_msgs/include/px4_msgs/px4_msgs\n'}
[6.023398] (px4_msgs) StdoutLine: {'line': b'-- Up-to-date: /home/subhalaxmi/nidar_ws/install/px4_msgs/include/px4_msgs/px4_msgs/msg\n'}
[6.023494] (px4_msgs) StdoutLine: {'line': b'-- Up-to-date: /home/subhalaxmi/nidar_ws/install/px4_msgs/include/px4_msgs/px4_msgs/msg/internal_combustion_engine_status.hpp\n'}
[6.023615] (px4_msgs) StdoutLine: {'line': b'-- Up-to-date: /home/subhalaxmi/nidar_ws/install/px4_msgs/include/px4_msgs/px4_msgs/msg/vehicle_roi.hpp\n'}
[6.023713] (px4_msgs) StdoutLine: {'line': b'-- Up-to-date: /home/subhalaxmi/nidar_ws/install/px4_msgs/include/px4_msgs/px4_msgs/msg/obstacle_distance.hpp\n'}
[6.023809] (px4_msgs) StdoutLine: {'line': b'-- Up-to-date: /home/subhalaxmi/nidar_ws/install/px4_msgs/include/px4_msgs/px4_msgs/msg/tecs_status.hpp\n'}
[6.023905] (px4_msgs) StdoutLine: {'line': b'-- Up-to-date: /home/subhalaxmi/nidar_ws/install/px4_msgs/include/px4_msgs/px4_msgs/msg/timesync_status.hpp\n'}
[6.024000] (px4_msgs) StdoutLine: {'line': b'-- Up-to-date: /home/subhalaxmi/nidar_ws/install/px4_msgs/include/px4_msgs/px4_msgs/msg/gimbal_controls.hpp\n'}
[6.024096] (px4_msgs) StdoutLine: {'line': b'-- Up-to-date: /home/subhalaxmi/nidar_ws/install/px4_msgs/include/px4_msgs/px4_msgs/msg/launch_detection_status.hpp\n'}
[6.024222] (px4_msgs) StdoutLine: {'line': b'-- Up-to-date: /home/subhalaxmi/nidar_ws/install/px4_msgs/include/px4_msgs/px4_msgs/msg/sensor_gyro.hpp\n'}
[6.024323] (px4_msgs) StdoutLine: {'line': b'-- Up-to-date: /home/subhalaxmi/nidar_ws/install/px4_msgs/include/px4_msgs/px4_msgs/msg/vehicle_optical_flow.hpp\n'}
[6.024420] (px4_msgs) StdoutLine: {'line': b'-- Up-to-date: /home/subhalaxmi/nidar_ws/install/px4_msgs/include/px4_msgs/px4_msgs/msg/vehicle_odometry.hpp\n'}
[6.024516] (px4_msgs) StdoutLine: {'line': b'-- Up-to-date: /home/subhalaxmi/nidar_ws/install/px4_msgs/include/px4_msgs/px4_msgs/msg/sensor_correction.hpp\n'}
[6.024613] (px4_msgs) StdoutLine: {'line': b'-- Up-to-date: /home/subhalaxmi/nidar_ws/install/px4_msgs/include/px4_msgs/px4_msgs/msg/gimbal_manager_status.hpp\n'}
[6.024709] (px4_msgs) StdoutLine: {'line': b'-- Up-to-date: /home/subhalaxmi/nidar_ws/install/px4_msgs/include/px4_msgs/px4_msgs/msg/autotune_attitude_control_status.hpp\n'}
[6.024808] (px4_msgs) StdoutLine: {'line': b'-- Up-to-date: /home/subhalaxmi/nidar_ws/install/px4_msgs/include/px4_msgs/px4_msgs/msg/vehicle_magnetometer.hpp\n'}
[6.024904] (px4_msgs) StdoutLine: {'line': b'-- Up-to-date: /home/subhalaxmi/nidar_ws/install/px4_msgs/include/px4_msgs/px4_msgs/msg/tune_control.hpp\n'}
[6.025002] (px4_msgs) StdoutLine: {'line': b'-- Up-to-date: /home/subhalaxmi/nidar_ws/install/px4_msgs/include/px4_msgs/px4_msgs/msg/fixed_wing_lateral_status.hpp\n'}
[6.025108] (px4_msgs) StdoutLine: {'line': b'-- Up-to-date: /home/subhalaxmi/nidar_ws/install/px4_msgs/include/px4_msgs/px4_msgs/msg/sensor_baro.hpp\n'}
[6.025252] (px4_msgs) StdoutLine: {'line': b'-- Up-to-date: /home/subhalaxmi/nidar_ws/install/px4_msgs/include/px4_msgs/px4_msgs/msg/gain_compression.hpp\n'}
[6.025352] (px4_msgs) StdoutLine: {'line': b'-- Up-to-date: /home/subhalaxmi/nidar_ws/install/px4_msgs/include/px4_msgs/px4_msgs/msg/failsafe_flags.hpp\n'}
[6.025448] (px4_msgs) StdoutLine: {'line': b'-- Up-to-date: /home/subhalaxmi/nidar_ws/install/px4_msgs/include/px4_msgs/px4_msgs/msg/estimator_status.hpp\n'}
[6.025543] (px4_msgs) StdoutLine: {'line': b'-- Up-to-date: /home/subhalaxmi/nidar_ws/install/px4_msgs/include/px4_msgs/px4_msgs/msg/estimator_innovations.hpp\n'}
[6.025639] (px4_msgs) StdoutLine: {'line': b'-- Up-to-date: /home/subhalaxmi/nidar_ws/install/px4_msgs/include/px4_msgs/px4_msgs/msg/unregister_ext_component.hpp\n'}
[6.025736] (px4_msgs) StdoutLine: {'line': b'-- Up-to-date: /home/subhalaxmi/nidar_ws/install/px4_msgs/include/px4_msgs/px4_msgs/msg/estimator_bias.hpp\n'}
[6.025831] (px4_msgs) StdoutLine: {'line': b'-- Up-to-date: /home/subhalaxmi/nidar_ws/install/px4_msgs/include/px4_msgs/px4_msgs/msg/gimbal_manager_set_manual_control.hpp\n'}
[6.025928] (px4_msgs) StdoutLine: {'line': b'-- Up-to-date: /home/subhalaxmi/nidar_ws/install/px4_msgs/include/px4_msgs/px4_msgs/msg/sensor_accel.hpp\n'}
[6.026024] (px4_msgs) StdoutLine: {'line': b'-- Up-to-date: /home/subhalaxmi/nidar_ws/install/px4_msgs/include/px4_msgs/px4_msgs/msg/parameter_set_value_response.hpp\n'}
[6.026134] (px4_msgs) StdoutLine: {'line': b'-- Up-to-date: /home/subhalaxmi/nidar_ws/install/px4_msgs/include/px4_msgs/px4_msgs/msg/mavlink_tunnel.hpp\n'}
[6.026259] (px4_msgs) StdoutLine: {'line': b'-- Up-to-date: /home/subhalaxmi/nidar_ws/install/px4_msgs/include/px4_msgs/px4_msgs/msg/register_ext_component_reply.hpp\n'}
[6.026356] (px4_msgs) StdoutLine: {'line': b'-- Up-to-date: /home/subhalaxmi/nidar_ws/install/px4_msgs/include/px4_msgs/px4_msgs/msg/airspeed_wind.hpp\n'}
[6.026455] (px4_msgs) StdoutLine: {'line': b'-- Up-to-date: /home/subhalaxmi/nidar_ws/install/px4_msgs/include/px4_msgs/px4_msgs/msg/vehicle_angular_acceleration_setpoint.hpp\n'}
[6.026552] (px4_msgs) StdoutLine: {'line': b'-- Up-to-date: /home/subhalaxmi/nidar_ws/install/px4_msgs/include/px4_msgs/px4_msgs/msg/ekf2_timestamps.hpp\n'}
[6.026648] (px4_msgs) StdoutLine: {'line': b'-- Up-to-date: /home/subhalaxmi/nidar_ws/install/px4_msgs/include/px4_msgs/px4_msgs/msg/camera_trigger.hpp\n'}
[6.026743] (px4_msgs) StdoutLine: {'line': b'-- Up-to-date: /home/subhalaxmi/nidar_ws/install/px4_msgs/include/px4_msgs/px4_msgs/msg/vehicle_torque_setpoint.hpp\n'}
[6.026840] (px4_msgs) StdoutLine: {'line': b'-- Up-to-date: /home/subhalaxmi/nidar_ws/install/px4_msgs/include/px4_msgs/px4_msgs/msg/position_setpoint.hpp\n'}
[6.026936] (px4_msgs) StdoutLine: {'line': b'-- Up-to-date: /home/subhalaxmi/nidar_ws/install/px4_msgs/include/px4_msgs/px4_msgs/msg/vehicle_rates_setpoint.hpp\n'}
[6.027032] (px4_msgs) StdoutLine: {'line': b'-- Up-to-date: /home/subhalaxmi/nidar_ws/install/px4_msgs/include/px4_msgs/px4_msgs/msg/vehicle_imu_status.hpp\n'}
[6.027139] (px4_msgs) StdoutLine: {'line': b'-- Up-to-date: /home/subhalaxmi/nidar_ws/install/px4_msgs/include/px4_msgs/px4_msgs/msg/figure_eight_status.hpp\n'}
[6.027246] (px4_msgs) StdoutLine: {'line': b'-- Up-to-date: /home/subhalaxmi/nidar_ws/install/px4_msgs/include/px4_msgs/px4_msgs/msg/vehicle_command.hpp\n'}
[6.027357] (px4_msgs) StdoutLine: {'line': b'-- Up-to-date: /home/subhalaxmi/nidar_ws/install/px4_msgs/include/px4_msgs/px4_msgs/msg/estimator_aid_source2d.hpp\n'}
[6.027453] (px4_msgs) StdoutLine: {'line': b'-- Up-to-date: /home/subhalaxmi/nidar_ws/install/px4_msgs/include/px4_msgs/px4_msgs/msg/vehicle_attitude.hpp\n'}
[6.027549] (px4_msgs) StdoutLine: {'line': b'-- Up-to-date: /home/subhalaxmi/nidar_ws/install/px4_msgs/include/px4_msgs/px4_msgs/msg/logger_status.hpp\n'}
[6.027644] (px4_msgs) StdoutLine: {'line': b'-- Up-to-date: /home/subhalaxmi/nidar_ws/install/px4_msgs/include/px4_msgs/px4_msgs/msg/orb_test.hpp\n'}
[6.027739] (px4_msgs) StdoutLine: {'line': b'-- Up-to-date: /home/subhalaxmi/nidar_ws/install/px4_msgs/include/px4_msgs/px4_msgs/msg/gimbal_device_set_attitude.hpp\n'}
[6.027835] (px4_msgs) StdoutLine: {'line': b'-- Up-to-date: /home/subhalaxmi/nidar_ws/install/px4_msgs/include/px4_msgs/px4_msgs/msg/action_request.hpp\n'}
[6.027931] (px4_msgs) StdoutLine: {'line': b'-- Up-to-date: /home/subhalaxmi/nidar_ws/install/px4_msgs/include/px4_msgs/px4_msgs/msg/landing_gear.hpp\n'}
[6.028027] (px4_msgs) StdoutLine: {'line': b'-- Up-to-date: /home/subhalaxmi/nidar_ws/install/px4_msgs/include/px4_msgs/px4_msgs/msg/landing_target_pose.hpp\n'}
[6.028133] (px4_msgs) StdoutLine: {'line': b'-- Up-to-date: /home/subhalaxmi/nidar_ws/install/px4_msgs/include/px4_msgs/px4_msgs/msg/rover_rate_status.hpp\n'}
[6.028243] (px4_msgs) StdoutLine: {'line': b'-- Up-to-date: /home/subhalaxmi/nidar_ws/install/px4_msgs/include/px4_msgs/px4_msgs/msg/heater_status.hpp\n'}
[6.028341] (px4_msgs) StdoutLine: {'line': b'-- Up-to-date: /home/subhalaxmi/nidar_ws/install/px4_msgs/include/px4_msgs/px4_msgs/msg/button_event.hpp\n'}
[6.028438] (px4_msgs) StdoutLine: {'line': b'-- Up-to-date: /home/subhalaxmi/nidar_ws/install/px4_msgs/include/px4_msgs/px4_msgs/msg/gimbal_device_attitude_status.hpp\n'}
[6.028541] (px4_msgs) StdoutLine: {'line': b'-- Up-to-date: /home/subhalaxmi/nidar_ws/install/px4_msgs/include/px4_msgs/px4_msgs/msg/navigator_mission_item.hpp\n'}
[6.028639] (px4_msgs) StdoutLine: {'line': b'-- Up-to-date: /home/subhalaxmi/nidar_ws/install/px4_msgs/include/px4_msgs/px4_msgs/msg/rtl_time_estimate.hpp\n'}
[6.028749] (px4_msgs) StdoutLine: {'line': b'-- Up-to-date: /home/subhalaxmi/nidar_ws/install/px4_msgs/include/px4_msgs/px4_msgs/msg/lateral_control_configuration.hpp\n'}
[6.028847] (px4_msgs) StdoutLine: {'line': b'-- Up-to-date: /home/subhalaxmi/nidar_ws/install/px4_msgs/include/px4_msgs/px4_msgs/msg/px4io_status.hpp\n'}
[6.028941] (px4_msgs) StdoutLine: {'line': b'-- Up-to-date: /home/subhalaxmi/nidar_ws/install/px4_msgs/include/px4_msgs/px4_msgs/msg/rover_rate_setpoint.hpp\n'}
[6.029036] (px4_msgs) StdoutLine: {'line': b'-- Up-to-date: /home/subhalaxmi/nidar_ws/install/px4_msgs/include/px4_msgs/px4_msgs/msg/iridiumsbd_status.hpp\n'}
[6.029149] (px4_msgs) StdoutLine: {'line': b'-- Up-to-date: /home/subhalaxmi/nidar_ws/install/px4_msgs/include/px4_msgs/px4_msgs/msg/sensor_accel_fifo.hpp\n'}
[6.029265] (px4_msgs) StdoutLine: {'line': b'-- Up-to-date: /home/subhalaxmi/nidar_ws/install/px4_msgs/include/px4_msgs/px4_msgs/msg/airspeed.hpp\n'}
[6.029363] (px4_msgs) StdoutLine: {'line': b'-- Up-to-date: /home/subhalaxmi/nidar_ws/install/px4_msgs/include/px4_msgs/px4_msgs/msg/position_setpoint_triplet.hpp\n'}
[6.029459] (px4_msgs) StdoutLine: {'line': b'-- Up-to-date: /home/subhalaxmi/nidar_ws/install/px4_msgs/include/px4_msgs/px4_msgs/msg/rover_speed_setpoint.hpp\n'}
[6.029554] (px4_msgs) StdoutLine: {'line': b'-- Up-to-date: /home/subhalaxmi/nidar_ws/install/px4_msgs/include/px4_msgs/px4_msgs/msg/estimator_sensor_bias.hpp\n'}
[6.029651] (px4_msgs) StdoutLine: {'line': b'-- Up-to-date: /home/subhalaxmi/nidar_ws/install/px4_msgs/include/px4_msgs/px4_msgs/msg/distance_sensor_mode_change_request.hpp\n'}
[6.029747] (px4_msgs) StdoutLine: {'line': b'-- Up-to-date: /home/subhalaxmi/nidar_ws/install/px4_msgs/include/px4_msgs/px4_msgs/msg/mavlink_log.hpp\n'}
[6.029843] (px4_msgs) StdoutLine: {'line': b'-- Up-to-date: /home/subhalaxmi/nidar_ws/install/px4_msgs/include/px4_msgs/px4_msgs/msg/fixed_wing_lateral_setpoint.hpp\n'}
[6.029938] (px4_msgs) StdoutLine: {'line': b'-- Up-to-date: /home/subhalaxmi/nidar_ws/install/px4_msgs/include/px4_msgs/px4_msgs/msg/register_ext_component_request.hpp\n'}
[6.030035] (px4_msgs) StdoutLine: {'line': b'-- Up-to-date: /home/subhalaxmi/nidar_ws/install/px4_msgs/include/px4_msgs/px4_msgs/msg/goto_setpoint.hpp\n'}
[6.030144] (px4_msgs) StdoutLine: {'line': b'-- Up-to-date: /home/subhalaxmi/nidar_ws/install/px4_msgs/include/px4_msgs/px4_msgs/msg/fixed_wing_longitudinal_setpoint.hpp\n'}
[6.030256] (px4_msgs) StdoutLine: {'line': b'-- Up-to-date: /home/subhalaxmi/nidar_ws/install/px4_msgs/include/px4_msgs/px4_msgs/msg/health_report.hpp\n'}
[6.030354] (px4_msgs) StdoutLine: {'line': b'-- Up-to-date: /home/subhalaxmi/nidar_ws/install/px4_msgs/include/px4_msgs/px4_msgs/msg/vehicle_status.hpp\n'}
[6.030450] (px4_msgs) StdoutLine: {'line': b'-- Up-to-date: /home/subhalaxmi/nidar_ws/install/px4_msgs/include/px4_msgs/px4_msgs/msg/uavcan_parameter_value.hpp\n'}
[6.030598] (px4_msgs) StdoutLine: {'line': b'-- Up-to-date: /home/subhalaxmi/nidar_ws/install/px4_msgs/include/px4_msgs/px4_msgs/msg/sensors_status_imu.hpp\n'}
[6.030782] (px4_msgs) StdoutLine: {'line': b'-- Up-to-date: /home/subhalaxmi/nidar_ws/install/px4_msgs/include/px4_msgs/px4_msgs/msg/gpio_request.hpp\n'}
[6.030934] (px4_msgs) StdoutLine: {'line': b'-- Up-to-date: /home/subhalaxmi/nidar_ws/install/px4_msgs/include/px4_msgs/px4_msgs/msg/open_drone_id_system.hpp\n'}
[6.031035] (px4_msgs) StdoutLine: {'line': b'-- Up-to-date: /home/subhalaxmi/nidar_ws/install/px4_msgs/include/px4_msgs/px4_msgs/msg/raptor_status.hpp\n'}
[6.031149] (px4_msgs) StdoutLine: {'line': b'-- Up-to-date: /home/subhalaxmi/nidar_ws/install/px4_msgs/include/px4_msgs/px4_msgs/msg/rover_attitude_status.hpp\n'}
[6.031281] (px4_msgs) StdoutLine: {'line': b'-- Up-to-date: /home/subhalaxmi/nidar_ws/install/px4_msgs/include/px4_msgs/px4_msgs/msg/fixed_wing_lateral_guidance_status.hpp\n'}
[6.031380] (px4_msgs) StdoutLine: {'line': b'-- Up-to-date: /home/subhalaxmi/nidar_ws/install/px4_msgs/include/px4_msgs/px4_msgs/msg/gps_dump.hpp\n'}
[6.031483] (px4_msgs) StdoutLine: {'line': b'-- Up-to-date: /home/subhalaxmi/nidar_ws/install/px4_msgs/include/px4_msgs/px4_msgs/msg/hover_thrust_estimate.hpp\n'}
[6.031580] (px4_msgs) StdoutLine: {'line': b'-- Up-to-date: /home/subhalaxmi/nidar_ws/install/px4_msgs/include/px4_msgs/px4_msgs/msg/follow_target_estimator.hpp\n'}
[6.031676] (px4_msgs) StdoutLine: {'line': b'-- Up-to-date: /home/subhalaxmi/nidar_ws/install/px4_msgs/include/px4_msgs/px4_msgs/msg/vehicle_local_position_setpoint.hpp\n'}
[6.031772] (px4_msgs) StdoutLine: {'line': b'-- Up-to-date: /home/subhalaxmi/nidar_ws/install/px4_msgs/include/px4_msgs/px4_msgs/msg/satellite_info.hpp\n'}
[6.031867] (px4_msgs) StdoutLine: {'line': b'-- Up-to-date: /home/subhalaxmi/nidar_ws/install/px4_msgs/include/px4_msgs/px4_msgs/msg/actuator_servos.hpp\n'}
[6.031963] (px4_msgs) StdoutLine: {'line': b'-- Up-to-date: /home/subhalaxmi/nidar_ws/install/px4_msgs/include/px4_msgs/px4_msgs/msg/vehicle_control_mode.hpp\n'}
[6.032065] (px4_msgs) StdoutLine: {'line': b'-- Up-to-date: /home/subhalaxmi/nidar_ws/install/px4_msgs/include/px4_msgs/px4_msgs/msg/mount_orientation.hpp\n'}
[6.032193] (px4_msgs) StdoutLine: {'line': b'-- Up-to-date: /home/subhalaxmi/nidar_ws/install/px4_msgs/include/px4_msgs/px4_msgs/msg/gps_inject_data.hpp\n'}
[6.032297] (px4_msgs) StdoutLine: {'line': b'-- Up-to-date: /home/subhalaxmi/nidar_ws/install/px4_msgs/include/px4_msgs/px4_msgs/msg/sensor_gps.hpp\n'}
[6.032392] (px4_msgs) StdoutLine: {'line': b'-- Up-to-date: /home/subhalaxmi/nidar_ws/install/px4_msgs/include/px4_msgs/px4_msgs/msg/dataman_response.hpp\n'}
[6.032488] (px4_msgs) StdoutLine: {'line': b'-- Up-to-date: /home/subhalaxmi/nidar_ws/install/px4_msgs/include/px4_msgs/px4_msgs/msg/rover_throttle_setpoint.hpp\n'}
[6.032584] (px4_msgs) StdoutLine: {'line': b'-- Up-to-date: /home/subhalaxmi/nidar_ws/install/px4_msgs/include/px4_msgs/px4_msgs/msg/transponder_report.hpp\n'}
[6.032680] (px4_msgs) StdoutLine: {'line': b'-- Up-to-date: /home/subhalaxmi/nidar_ws/install/px4_msgs/include/px4_msgs/px4_msgs/msg/orb_test_large.hpp\n'}
[6.032776] (px4_msgs) StdoutLine: {'line': b'-- Up-to-date: /home/subhalaxmi/nidar_ws/install/px4_msgs/include/px4_msgs/px4_msgs/msg/telemetry_status.hpp\n'}
[6.032874] (px4_msgs) StdoutLine: {'line': b'-- Up-to-date: /home/subhalaxmi/nidar_ws/install/px4_msgs/include/px4_msgs/px4_msgs/msg/vehicle_imu.hpp\n'}
[6.032971] (px4_msgs) StdoutLine: {'line': b'-- Up-to-date: /home/subhalaxmi/nidar_ws/install/px4_msgs/include/px4_msgs/px4_msgs/msg/event.hpp\n'}
[6.033067] (px4_msgs) StdoutLine: {'line': b'-- Up-to-date: /home/subhalaxmi/nidar_ws/install/px4_msgs/include/px4_msgs/px4_msgs/msg/cpuload.hpp\n'}
[6.033224] (px4_msgs) StdoutLine: {'line': b'-- Up-to-date: /home/subhalaxmi/nidar_ws/install/px4_msgs/include/px4_msgs/px4_msgs/msg/pure_pursuit_status.hpp\n'}
[6.033415] (px4_msgs) StdoutLine: {'line': b'-- Up-to-date: /home/subhalaxmi/nidar_ws/install/px4_msgs/include/px4_msgs/px4_msgs/msg/distance_sensor.hpp\n'}
[6.033584] (px4_msgs) StdoutLine: {'line': b'-- Up-to-date: /home/subhalaxmi/nidar_ws/install/px4_msgs/include/px4_msgs/px4_msgs/msg/parameter_set_value_request.hpp\n'}
[6.033686] (px4_msgs) StdoutLine: {'line': b'-- Up-to-date: /home/subhalaxmi/nidar_ws/install/px4_msgs/include/px4_msgs/px4_msgs/msg/wheel_encoders.hpp\n'}
[6.033785] (px4_msgs) StdoutLine: {'line': b'-- Up-to-date: /home/subhalaxmi/nidar_ws/install/px4_msgs/include/px4_msgs/px4_msgs/msg/debug_value.hpp\n'}
[6.033882] (px4_msgs) StdoutLine: {'line': b'-- Up-to-date: /home/subhalaxmi/nidar_ws/install/px4_msgs/include/px4_msgs/px4_msgs/msg/rover_position_setpoint.hpp\n'}
[6.033980] (px4_msgs) StdoutLine: {'line': b'-- Up-to-date: /home/subhalaxmi/nidar_ws/install/px4_msgs/include/px4_msgs/px4_msgs/msg/takeoff_status.hpp\n'}
[6.034077] (px4_msgs) StdoutLine: {'line': b'-- Up-to-date: /home/subhalaxmi/nidar_ws/install/px4_msgs/include/px4_msgs/px4_msgs/msg/led_control.hpp\n'}
[6.034206] (px4_msgs) StdoutLine: {'line': b'-- Up-to-date: /home/subhalaxmi/nidar_ws/install/px4_msgs/include/px4_msgs/px4_msgs/msg/follow_target.hpp\n'}
[6.034319] (px4_msgs) StdoutLine: {'line': b'-- Up-to-date: /home/subhalaxmi/nidar_ws/install/px4_msgs/include/px4_msgs/px4_msgs/msg/vehicle_command_ack.hpp\n'}
[6.034416] (px4_msgs) StdoutLine: {'line': b'-- Up-to-date: /home/subhalaxmi/nidar_ws/install/px4_msgs/include/px4_msgs/px4_msgs/msg/vehicle_thrust_setpoint.hpp\n'}
[6.034515] (px4_msgs) StdoutLine: {'line': b'-- Up-to-date: /home/subhalaxmi/nidar_ws/install/px4_msgs/include/px4_msgs/px4_msgs/msg/pwm_input.hpp\n'}
[6.034612] (px4_msgs) StdoutLine: {'line': b'-- Up-to-date: /home/subhalaxmi/nidar_ws/install/px4_msgs/include/px4_msgs/px4_msgs/msg/rc_parameter_map.hpp\n'}
[6.034710] (px4_msgs) StdoutLine: {'line': b'-- Up-to-date: /home/subhalaxmi/nidar_ws/install/px4_msgs/include/px4_msgs/px4_msgs/msg/battery_status.hpp\n'}
[6.034807] (px4_msgs) StdoutLine: {'line': b'-- Up-to-date: /home/subhalaxmi/nidar_ws/install/px4_msgs/include/px4_msgs/px4_msgs/msg/esc_report.hpp\n'}
[6.034904] (px4_msgs) StdoutLine: {'line': b'-- Up-to-date: /home/subhalaxmi/nidar_ws/install/px4_msgs/include/px4_msgs/px4_msgs/msg/debug_array.hpp\n'}
[6.035000] (px4_msgs) StdoutLine: {'line': b'-- Up-to-date: /home/subhalaxmi/nidar_ws/install/px4_msgs/include/px4_msgs/px4_msgs/msg/ping.hpp\n'}
[6.035096] (px4_msgs) StdoutLine: {'line': b'-- Up-to-date: /home/subhalaxmi/nidar_ws/install/px4_msgs/include/px4_msgs/px4_msgs/msg/actuator_outputs.hpp\n'}
[6.035223] (px4_msgs) StdoutLine: {'line': b'-- Up-to-date: /home/subhalaxmi/nidar_ws/install/px4_msgs/include/px4_msgs/px4_msgs/msg/sensor_uwb.hpp\n'}
[6.035348] (px4_msgs) StdoutLine: {'line': b'-- Up-to-date: /home/subhalaxmi/nidar_ws/install/px4_msgs/include/px4_msgs/px4_msgs/msg/open_drone_id_operator_id.hpp\n'}
[6.035446] (px4_msgs) StdoutLine: {'line': b'-- Up-to-date: /home/subhalaxmi/nidar_ws/install/px4_msgs/include/px4_msgs/px4_msgs/msg/uavcan_parameter_request.hpp\n'}
[6.035542] (px4_msgs) StdoutLine: {'line': b'-- Up-to-date: /home/subhalaxmi/nidar_ws/install/px4_msgs/include/px4_msgs/px4_msgs/msg/yaw_estimator_status.hpp\n'}
[6.035638] (px4_msgs) StdoutLine: {'line': b'-- Up-to-date: /home/subhalaxmi/nidar_ws/install/px4_msgs/include/px4_msgs/px4_msgs/msg/power_monitor.hpp\n'}
[6.035735] (px4_msgs) StdoutLine: {'line': b'-- Up-to-date: /home/subhalaxmi/nidar_ws/install/px4_msgs/include/px4_msgs/px4_msgs/msg/estimator_states.hpp\n'}
[6.035839] (px4_msgs) StdoutLine: {'line': b'-- Up-to-date: /home/subhalaxmi/nidar_ws/install/px4_msgs/include/px4_msgs/px4_msgs/msg/sensor_temp.hpp\n'}
[6.035936] (px4_msgs) StdoutLine: {'line': b'-- Up-to-date: /home/subhalaxmi/nidar_ws/install/px4_msgs/include/px4_msgs/px4_msgs/msg/orb_test_medium.hpp\n'}
[6.036032] (px4_msgs) StdoutLine: {'line': b'-- Up-to-date: /home/subhalaxmi/nidar_ws/install/px4_msgs/include/px4_msgs/px4_msgs/msg/failure_detector_status.hpp\n'}
[6.036136] (px4_msgs) StdoutLine: {'line': b'-- Up-to-date: /home/subhalaxmi/nidar_ws/install/px4_msgs/include/px4_msgs/px4_msgs/msg/gimbal_device_information.hpp\n'}
[6.036244] (px4_msgs) StdoutLine: {'line': b'-- Up-to-date: /home/subhalaxmi/nidar_ws/install/px4_msgs/include/px4_msgs/px4_msgs/msg/camera_status.hpp\n'}
[6.036341] (px4_msgs) StdoutLine: {'line': b'-- Up-to-date: /home/subhalaxmi/nidar_ws/install/px4_msgs/include/px4_msgs/px4_msgs/msg/velocity_limits.hpp\n'}
[6.036436] (px4_msgs) StdoutLine: {'line': b'-- Up-to-date: /home/subhalaxmi/nidar_ws/install/px4_msgs/include/px4_msgs/px4_msgs/msg/rover_speed_status.hpp\n'}
[6.036531] (px4_msgs) StdoutLine: {'line': b'-- Up-to-date: /home/subhalaxmi/nidar_ws/install/px4_msgs/include/px4_msgs/px4_msgs/msg/fixed_wing_runway_control.hpp\n'}
[6.036627] (px4_msgs) StdoutLine: {'line': b'-- Up-to-date: /home/subhalaxmi/nidar_ws/install/px4_msgs/include/px4_msgs/px4_msgs/msg/sensor_gyro_fft.hpp\n'}
[6.036722] (px4_msgs) StdoutLine: {'line': b'-- Up-to-date: /home/subhalaxmi/nidar_ws/install/px4_msgs/include/px4_msgs/px4_msgs/msg/sensors_status.hpp\n'}
[6.036819] (px4_msgs) StdoutLine: {'line': b'-- Up-to-date: /home/subhalaxmi/nidar_ws/install/px4_msgs/include/px4_msgs/px4_msgs/msg/debug_vect.hpp\n'}
[6.036922] (px4_msgs) StdoutLine: {'line': b'-- Up-to-date: /home/subhalaxmi/nidar_ws/install/px4_msgs/include/px4_msgs/px4_msgs/msg/rtl_status.hpp\n'}
[6.037017] (px4_msgs) StdoutLine: {'line': b'-- Up-to-date: /home/subhalaxmi/nidar_ws/install/px4_msgs/include/px4_msgs/px4_msgs/msg/vehicle_local_position.hpp\n'}
[6.037113] (px4_msgs) StdoutLine: {'line': b'-- Up-to-date: /home/subhalaxmi/nidar_ws/install/px4_msgs/include/px4_msgs/px4_msgs/msg/actuator_motors.hpp\n'}
[6.037228] (px4_msgs) StdoutLine: {'line': b'-- Up-to-date: /home/subhalaxmi/nidar_ws/install/px4_msgs/include/px4_msgs/px4_msgs/msg/differential_pressure.hpp\n'}
[6.037325] (px4_msgs) StdoutLine: {'line': b'-- Up-to-date: /home/subhalaxmi/nidar_ws/install/px4_msgs/include/px4_msgs/px4_msgs/msg/parameter_update.hpp\n'}
[6.037422] (px4_msgs) StdoutLine: {'line': b'-- Up-to-date: /home/subhalaxmi/nidar_ws/install/px4_msgs/include/px4_msgs/px4_msgs/msg/message_format_response.hpp\n'}
[6.037518] (px4_msgs) StdoutLine: {'line': b'-- Up-to-date: /home/subhalaxmi/nidar_ws/install/px4_msgs/include/px4_msgs/px4_msgs/msg/manual_control_setpoint.hpp\n'}
[6.037615] (px4_msgs) StdoutLine: {'line': b'-- Up-to-date: /home/subhalaxmi/nidar_ws/install/px4_msgs/include/px4_msgs/px4_msgs/msg/vehicle_global_position.hpp\n'}
[6.037712] (px4_msgs) StdoutLine: {'line': b'-- Up-to-date: /home/subhalaxmi/nidar_ws/install/px4_msgs/include/px4_msgs/px4_msgs/msg/orbit_status.hpp\n'}
[6.037808] (px4_msgs) StdoutLine: {'line': b'-- Up-to-date: /home/subhalaxmi/nidar_ws/install/px4_msgs/include/px4_msgs/px4_msgs/msg/parameter_reset_request.hpp\n'}
[6.037904] (px4_msgs) StdoutLine: {'line': b'-- Up-to-date: /home/subhalaxmi/nidar_ws/install/px4_msgs/include/px4_msgs/px4_msgs/msg/mission.hpp\n'}
[6.038002] (px4_msgs) StdoutLine: {'line': b'-- Up-to-date: /home/subhalaxmi/nidar_ws/install/px4_msgs/include/px4_msgs/px4_msgs/msg/position_controller_status.hpp\n'}
[6.038099] (px4_msgs) StdoutLine: {'line': b'-- Up-to-date: /home/subhalaxmi/nidar_ws/install/px4_msgs/include/px4_msgs/px4_msgs/msg/longitudinal_control_configuration.hpp\n'}
[6.038214] (px4_msgs) StdoutLine: {'line': b'-- Up-to-date: /home/subhalaxmi/nidar_ws/install/px4_msgs/include/px4_msgs/px4_msgs/msg/input_rc.hpp\n'}
[6.038313] (px4_msgs) StdoutLine: {'line': b'-- Up-to-date: /home/subhalaxmi/nidar_ws/install/px4_msgs/include/px4_msgs/px4_msgs/msg/position_controller_landing_status.hpp\n'}
[6.038409] (px4_msgs) StdoutLine: {'line': b'-- Up-to-date: /home/subhalaxmi/nidar_ws/install/px4_msgs/include/px4_msgs/px4_msgs/msg/device_information.hpp\n'}
[6.038506] (px4_msgs) StdoutLine: {'line': b'-- Up-to-date: /home/subhalaxmi/nidar_ws/install/px4_msgs/include/px4_msgs/px4_msgs/msg/magnetometer_bias_estimate.hpp\n'}
[6.038602] (px4_msgs) StdoutLine: {'line': b'-- Up-to-date: /home/subhalaxmi/nidar_ws/install/px4_msgs/include/px4_msgs/px4_msgs/msg/geofence_result.hpp\n'}
[6.038698] (px4_msgs) StdoutLine: {'line': b'-- Up-to-date: /home/subhalaxmi/nidar_ws/install/px4_msgs/include/px4_msgs/px4_msgs/msg/vehicle_acceleration.hpp\n'}
[6.038795] (px4_msgs) StdoutLine: {'line': b'-- Up-to-date: /home/subhalaxmi/nidar_ws/install/px4_msgs/include/px4_msgs/px4_msgs/msg/sensor_mag.hpp\n'}
[6.038906] (px4_msgs) StdoutLine: {'line': b'-- Up-to-date: /home/subhalaxmi/nidar_ws/install/px4_msgs/include/px4_msgs/px4_msgs/msg/raptor_input.hpp\n'}
[6.039003] (px4_msgs) StdoutLine: {'line': b'-- Up-to-date: /home/subhalaxmi/nidar_ws/install/px4_msgs/include/px4_msgs/px4_msgs/msg/estimator_bias3d.hpp\n'}
[6.039100] (px4_msgs) StdoutLine: {'line': b'-- Up-to-date: /home/subhalaxmi/nidar_ws/install/px4_msgs/include/px4_msgs/px4_msgs/msg/power_button_state.hpp\n'}
[6.039219] (px4_msgs) StdoutLine: {'line': b'-- Up-to-date: /home/subhalaxmi/nidar_ws/install/px4_msgs/include/px4_msgs/px4_msgs/msg/gimbal_manager_information.hpp\n'}
[6.039323] (px4_msgs) StdoutLine: {'line': b'-- Up-to-date: /home/subhalaxmi/nidar_ws/install/px4_msgs/include/px4_msgs/px4_msgs/msg/manual_control_switches.hpp\n'}
[6.039421] (px4_msgs) StdoutLine: {'line': b'-- Up-to-date: /home/subhalaxmi/nidar_ws/install/px4_msgs/include/px4_msgs/px4_msgs/msg/wind.hpp\n'}
[6.039525] (px4_msgs) StdoutLine: {'line': b'-- Up-to-date: /home/subhalaxmi/nidar_ws/install/px4_msgs/include/px4_msgs/px4_msgs/msg/gpio_config.hpp\n'}
[6.039623] (px4_msgs) StdoutLine: {'line': b'-- Up-to-date: /home/subhalaxmi/nidar_ws/install/px4_msgs/include/px4_msgs/px4_msgs/msg/open_drone_id_arm_status.hpp\n'}
[6.039720] (px4_msgs) StdoutLine: {'line': b'-- Up-to-date: /home/subhalaxmi/nidar_ws/install/px4_msgs/include/px4_msgs/px4_msgs/msg/geofence_status.hpp\n'}
[6.039817] (px4_msgs) StdoutLine: {'line': b'-- Up-to-date: /home/subhalaxmi/nidar_ws/install/px4_msgs/include/px4_msgs/px4_msgs/msg/fuel_tank_status.hpp\n'}
[6.039914] (px4_msgs) StdoutLine: {'line': b'-- Up-to-date: /home/subhalaxmi/nidar_ws/install/px4_msgs/include/px4_msgs/px4_msgs/msg/qshell_req.hpp\n'}
[6.040010] (px4_msgs) StdoutLine: {'line': b'-- Up-to-date: /home/subhalaxmi/nidar_ws/install/px4_msgs/include/px4_msgs/px4_msgs/msg/sensor_combined.hpp\n'}
[6.040107] (px4_msgs) StdoutLine: {'line': b'-- Up-to-date: /home/subhalaxmi/nidar_ws/install/px4_msgs/include/px4_msgs/px4_msgs/msg/qshell_retval.hpp\n'}
[6.040219] (px4_msgs) StdoutLine: {'line': b'-- Up-to-date: /home/subhalaxmi/nidar_ws/install/px4_msgs/include/px4_msgs/px4_msgs/msg/system_power.hpp\n'}
[6.040319] (px4_msgs) StdoutLine: {'line': b'-- Up-to-date: /home/subhalaxmi/nidar_ws/install/px4_msgs/include/px4_msgs/px4_msgs/msg/arming_check_request.hpp\n'}
[6.040416] (px4_msgs) StdoutLine: {'line': b'-- Up-to-date: /home/subhalaxmi/nidar_ws/install/px4_msgs/include/px4_msgs/px4_msgs/msg/vehicle_angular_velocity.hpp\n'}
[6.040512] (px4_msgs) StdoutLine: {'line': b'-- Up-to-date: /home/subhalaxmi/nidar_ws/install/px4_msgs/include/px4_msgs/px4_msgs/msg/adc_report.hpp\n'}
[6.040609] (px4_msgs) StdoutLine: {'line': b'-- Up-to-date: /home/subhalaxmi/nidar_ws/install/px4_msgs/include/px4_msgs/px4_msgs/msg/vtx.hpp\n'}
[6.040705] (px4_msgs) StdoutLine: {'line': b'-- Up-to-date: /home/subhalaxmi/nidar_ws/install/px4_msgs/include/px4_msgs/px4_msgs/msg/gripper.hpp\n'}
[6.040803] (px4_msgs) StdoutLine: {'line': b'-- Up-to-date: /home/subhalaxmi/nidar_ws/install/px4_msgs/include/px4_msgs/px4_msgs/msg/dataman_request.hpp\n'}
[6.040900] (px4_msgs) StdoutLine: {'line': b'-- Up-to-date: /home/subhalaxmi/nidar_ws/install/px4_msgs/include/px4_msgs/px4_msgs/msg/pps_capture.hpp\n'}
[6.041043] (px4_msgs) StdoutLine: {'line': b'-- Up-to-date: /home/subhalaxmi/nidar_ws/install/px4_msgs/include/px4_msgs/px4_msgs/msg/control_allocator_status.hpp\n'}
[6.041219] (px4_msgs) StdoutLine: {'line': b'-- Up-to-date: /home/subhalaxmi/nidar_ws/install/px4_msgs/include/px4_msgs/px4_msgs/msg/vehicle_attitude_setpoint.hpp\n'}
[6.041325] (px4_msgs) StdoutLine: {'line': b'-- Up-to-date: /home/subhalaxmi/nidar_ws/install/px4_msgs/include/px4_msgs/px4_msgs/msg/home_position.hpp\n'}
[6.041424] (px4_msgs) StdoutLine: {'line': b'-- Up-to-date: /home/subhalaxmi/nidar_ws/install/px4_msgs/include/px4_msgs/px4_msgs/msg/battery_info.hpp\n'}
[6.041521] (px4_msgs) StdoutLine: {'line': b'-- Up-to-date: /home/subhalaxmi/nidar_ws/install/px4_msgs/include/px4_msgs/px4_msgs/msg/estimator_aid_source3d.hpp\n'}
[6.041618] (px4_msgs) StdoutLine: {'line': b'-- Up-to-date: /home/subhalaxmi/nidar_ws/install/px4_msgs/include/px4_msgs/px4_msgs/msg/sensor_preflight_mag.hpp\n'}
[6.041715] (px4_msgs) StdoutLine: {'line': b'-- Up-to-date: /home/subhalaxmi/nidar_ws/install/px4_msgs/include/px4_msgs/px4_msgs/msg/navigator_status.hpp\n'}
[6.041811] (px4_msgs) StdoutLine: {'line': b'-- Up-to-date: /home/subhalaxmi/nidar_ws/install/px4_msgs/include/px4_msgs/px4_msgs/msg/message_format_request.hpp\n'}
[6.041908] (px4_msgs) StdoutLine: {'line': b'-- Up-to-date: /home/subhalaxmi/nidar_ws/install/px4_msgs/include/px4_msgs/px4_msgs/msg/log_message.hpp\n'}
[6.042004] (px4_msgs) StdoutLine: {'line': b'-- Up-to-date: /home/subhalaxmi/nidar_ws/install/px4_msgs/include/px4_msgs/px4_msgs/msg/open_drone_id_self_id.hpp\n'}
[6.042101] (px4_msgs) StdoutLine: {'line': b'-- Up-to-date: /home/subhalaxmi/nidar_ws/install/px4_msgs/include/px4_msgs/px4_msgs/msg/estimator_selector_status.hpp\n'}
[6.042226] (px4_msgs) StdoutLine: {'line': b'-- Up-to-date: /home/subhalaxmi/nidar_ws/install/px4_msgs/include/px4_msgs/px4_msgs/msg/airspeed_validated.hpp\n'}
[6.042325] (px4_msgs) StdoutLine: {'line': b'-- Up-to-date: /home/subhalaxmi/nidar_ws/install/px4_msgs/include/px4_msgs/px4_msgs/msg/flight_phase_estimation.hpp\n'}
[6.042421] (px4_msgs) StdoutLine: {'line': b'-- Up-to-date: /home/subhalaxmi/nidar_ws/install/px4_msgs/include/px4_msgs/px4_msgs/msg/gpio_out.hpp\n'}
[6.042516] (px4_msgs) StdoutLine: {'line': b'-- Up-to-date: /home/subhalaxmi/nidar_ws/install/px4_msgs/include/px4_msgs/px4_msgs/msg/neural_control.hpp\n'}
[6.042612] (px4_msgs) StdoutLine: {'line': b'-- Up-to-date: /home/subhalaxmi/nidar_ws/install/px4_msgs/include/px4_msgs/px4_msgs/msg/vehicle_constraints.hpp\n'}
[6.042708] (px4_msgs) StdoutLine: {'line': b'-- Up-to-date: /home/subhalaxmi/nidar_ws/install/px4_msgs/include/px4_msgs/px4_msgs/msg/detail\n'}
[6.042827] (px4_msgs) StdoutLine: {'line': b'-- Up-to-date: /home/subhalaxmi/nidar_ws/install/px4_msgs/include/px4_msgs/px4_msgs/msg/detail/follow_target__struct.hpp\n'}
[6.042924] (px4_msgs) StdoutLine: {'line': b'-- Up-to-date: /home/subhalaxmi/nidar_ws/install/px4_msgs/include/px4_msgs/px4_msgs/msg/detail/rover_attitude_setpoint__type_support.hpp\n'}
[6.043020] (px4_msgs) StdoutLine: {'line': b'-- Up-to-date: /home/subhalaxmi/nidar_ws/install/px4_msgs/include/px4_msgs/px4_msgs/msg/detail/register_ext_component_request__builder.hpp\n'}
[6.043125] (px4_msgs) StdoutLine: {'line': b'-- Up-to-date: /home/subhalaxmi/nidar_ws/install/px4_msgs/include/px4_msgs/px4_msgs/msg/detail/airspeed_wind__traits.hpp\n'}
[6.043235] (px4_msgs) StdoutLine: {'line': b'-- Up-to-date: /home/subhalaxmi/nidar_ws/install/px4_msgs/include/px4_msgs/px4_msgs/msg/detail/message_format_request__struct.hpp\n'}
[6.043333] (px4_msgs) StdoutLine: {'line': b'-- Up-to-date: /home/subhalaxmi/nidar_ws/install/px4_msgs/include/px4_msgs/px4_msgs/msg/detail/sensor_baro__builder.hpp\n'}
[6.043431] (px4_msgs) StdoutLine: {'line': b'-- Up-to-date: /home/subhalaxmi/nidar_ws/install/px4_msgs/include/px4_msgs/px4_msgs/msg/detail/register_ext_component_request__struct.hpp\n'}
[6.043529] (px4_msgs) StdoutLine: {'line': b'-- Up-to-date: /home/subhalaxmi/nidar_ws/install/px4_msgs/include/px4_msgs/px4_msgs/msg/detail/open_drone_id_operator_id__type_support.hpp\n'}
[6.043627] (px4_msgs) StdoutLine: {'line': b'-- Up-to-date: /home/subhalaxmi/nidar_ws/install/px4_msgs/include/px4_msgs/px4_msgs/msg/detail/actuator_servos_trim__struct.hpp\n'}
[6.043726] (px4_msgs) StdoutLine: {'line': b'-- Up-to-date: /home/subhalaxmi/nidar_ws/install/px4_msgs/include/px4_msgs/px4_msgs/msg/detail/register_ext_component_reply__builder.hpp\n'}
[6.043824] (px4_msgs) StdoutLine: {'line': b'-- Up-to-date: /home/subhalaxmi/nidar_ws/install/px4_msgs/include/px4_msgs/px4_msgs/msg/detail/rover_steering_setpoint__type_support.hpp\n'}
[6.043922] (px4_msgs) StdoutLine: {'line': b'-- Up-to-date: /home/subhalaxmi/nidar_ws/install/px4_msgs/include/px4_msgs/px4_msgs/msg/detail/follow_target_estimator__type_support.hpp\n'}
[6.044019] (px4_msgs) StdoutLine: {'line': b'-- Up-to-date: /home/subhalaxmi/nidar_ws/install/px4_msgs/include/px4_msgs/px4_msgs/msg/detail/vehicle_roi__builder.hpp\n'}
[6.044122] (px4_msgs) StdoutLine: {'line': b'-- Up-to-date: /home/subhalaxmi/nidar_ws/install/px4_msgs/include/px4_msgs/px4_msgs/msg/detail/position_controller_status__traits.hpp\n'}
[6.044230] (px4_msgs) StdoutLine: {'line': b'-- Up-to-date: /home/subhalaxmi/nidar_ws/install/px4_msgs/include/px4_msgs/px4_msgs/msg/detail/navigator_mission_item__traits.hpp\n'}
[6.044327] (px4_msgs) StdoutLine: {'line': b'-- Up-to-date: /home/subhalaxmi/nidar_ws/install/px4_msgs/include/px4_msgs/px4_msgs/msg/detail/camera_capture__struct.hpp\n'}
[6.044424] (px4_msgs) StdoutLine: {'line': b'-- Up-to-date: /home/subhalaxmi/nidar_ws/install/px4_msgs/include/px4_msgs/px4_msgs/msg/detail/log_message__traits.hpp\n'}
[6.044529] (px4_msgs) StdoutLine: {'line': b'-- Up-to-date: /home/subhalaxmi/nidar_ws/install/px4_msgs/include/px4_msgs/px4_msgs/msg/detail/sensor_correction__type_support.hpp\n'}
[6.044627] (px4_msgs) StdoutLine: {'line': b'-- Up-to-date: /home/subhalaxmi/nidar_ws/install/px4_msgs/include/px4_msgs/px4_msgs/msg/detail/sensor_gyro__builder.hpp\n'}
[6.044724] (px4_msgs) StdoutLine: {'line': b'-- Up-to-date: /home/subhalaxmi/nidar_ws/install/px4_msgs/include/px4_msgs/px4_msgs/msg/detail/battery_status__type_support.hpp\n'}
[6.044915] (px4_msgs) StdoutLine: {'line': b'-- Up-to-date: /home/subhalaxmi/nidar_ws/install/px4_msgs/include/px4_msgs/px4_msgs/msg/detail/orbit_status__traits.hpp\n'}
[6.045014] (px4_msgs) StdoutLine: {'line': b'-- Up-to-date: /home/subhalaxmi/nidar_ws/install/px4_msgs/include/px4_msgs/px4_msgs/msg/detail/debug_key_value__struct.hpp\n'}
[6.045112] (px4_msgs) StdoutLine: {'line': b'-- Up-to-date: /home/subhalaxmi/nidar_ws/install/px4_msgs/include/px4_msgs/px4_msgs/msg/detail/parameter_set_value_response__type_support.hpp\n'}
[6.045244] (px4_msgs) StdoutLine: {'line': b'-- Up-to-date: /home/subhalaxmi/nidar_ws/install/px4_msgs/include/px4_msgs/px4_msgs/msg/detail/rover_rate_status__type_support.hpp\n'}
[6.045344] (px4_msgs) StdoutLine: {'line': b'-- Up-to-date: /home/subhalaxmi/nidar_ws/install/px4_msgs/include/px4_msgs/px4_msgs/msg/detail/ulog_stream_ack__type_support.hpp\n'}
[6.045442] (px4_msgs) StdoutLine: {'line': b'-- Up-to-date: /home/subhalaxmi/nidar_ws/install/px4_msgs/include/px4_msgs/px4_msgs/msg/detail/fuel_tank_status__traits.hpp\n'}
[6.045540] (px4_msgs) StdoutLine: {'line': b'-- Up-to-date: /home/subhalaxmi/nidar_ws/install/px4_msgs/include/px4_msgs/px4_msgs/msg/detail/flight_phase_estimation__struct.hpp\n'}
[6.045638] (px4_msgs) StdoutLine: {'line': b'-- Up-to-date: /home/subhalaxmi/nidar_ws/install/px4_msgs/include/px4_msgs/px4_msgs/msg/detail/landing_gear__traits.hpp\n'}
[6.045737] (px4_msgs) StdoutLine: {'line': b'-- Up-to-date: /home/subhalaxmi/nidar_ws/install/px4_msgs/include/px4_msgs/px4_msgs/msg/detail/parameter_update__traits.hpp\n'}
[6.045835] (px4_msgs) StdoutLine: {'line': b'-- Up-to-date: /home/subhalaxmi/nidar_ws/install/px4_msgs/include/px4_msgs/px4_msgs/msg/detail/rtl_time_estimate__struct.hpp\n'}
[6.045946] (px4_msgs) StdoutLine: {'line': b'-- Up-to-date: /home/subhalaxmi/nidar_ws/install/px4_msgs/include/px4_msgs/px4_msgs/msg/detail/sensor_optical_flow__type_support.hpp\n'}
[6.046046] (px4_msgs) StdoutLine: {'line': b'-- Up-to-date: /home/subhalaxmi/nidar_ws/install/px4_msgs/include/px4_msgs/px4_msgs/msg/detail/neural_control__traits.hpp\n'}
[6.046183] (px4_msgs) StdoutLine: {'line': b'-- Up-to-date: /home/subhalaxmi/nidar_ws/install/px4_msgs/include/px4_msgs/px4_msgs/msg/detail/sensor_selection__builder.hpp\n'}
[6.046291] (px4_msgs) StdoutLine: {'line': b'-- Up-to-date: /home/subhalaxmi/nidar_ws/install/px4_msgs/include/px4_msgs/px4_msgs/msg/detail/manual_control_setpoint__traits.hpp\n'}
[6.046390] (px4_msgs) StdoutLine: {'line': b'-- Up-to-date: /home/subhalaxmi/nidar_ws/install/px4_msgs/include/px4_msgs/px4_msgs/msg/detail/sensor_preflight_mag__struct.hpp\n'}
[6.046487] (px4_msgs) StdoutLine: {'line': b'-- Up-to-date: /home/subhalaxmi/nidar_ws/install/px4_msgs/include/px4_msgs/px4_msgs/msg/detail/debug_value__traits.hpp\n'}
[6.046584] (px4_msgs) StdoutLine: {'line': b'-- Up-to-date: /home/subhalaxmi/nidar_ws/install/px4_msgs/include/px4_msgs/px4_msgs/msg/detail/navigator_mission_item__type_support.hpp\n'}
[6.046681] (px4_msgs) StdoutLine: {'line': b'-- Up-to-date: /home/subhalaxmi/nidar_ws/install/px4_msgs/include/px4_msgs/px4_msgs/msg/detail/task_stack_info__builder.hpp\n'}
[6.046777] (px4_msgs) StdoutLine: {'line': b'-- Up-to-date: /home/subhalaxmi/nidar_ws/install/px4_msgs/include/px4_msgs/px4_msgs/msg/detail/vtol_vehicle_status__traits.hpp\n'}
[6.046895] (px4_msgs) StdoutLine: {'line': b'-- Up-to-date: /home/subhalaxmi/nidar_ws/install/px4_msgs/include/px4_msgs/px4_msgs/msg/detail/offboard_control_mode__struct.hpp\n'}
[6.047028] (px4_msgs) StdoutLine: {'line': b'-- Up-to-date: /home/subhalaxmi/nidar_ws/install/px4_msgs/include/px4_msgs/px4_msgs/msg/detail/onboard_computer_status__struct.hpp\n'}
[6.047152] (px4_msgs) StdoutLine: {'line': b'-- Up-to-date: /home/subhalaxmi/nidar_ws/install/px4_msgs/include/px4_msgs/px4_msgs/msg/detail/sensor_uwb__traits.hpp\n'}
[6.047266] (px4_msgs) StdoutLine: {'line': b'-- Up-to-date: /home/subhalaxmi/nidar_ws/install/px4_msgs/include/px4_msgs/px4_msgs/msg/detail/hover_thrust_estimate__traits.hpp\n'}
[6.047366] (px4_msgs) StdoutLine: {'line': b'-- Up-to-date: /home/subhalaxmi/nidar_ws/install/px4_msgs/include/px4_msgs/px4_msgs/msg/detail/log_message__type_support.hpp\n'}
[6.047464] (px4_msgs) StdoutLine: {'line': b'-- Up-to-date: /home/subhalaxmi/nidar_ws/install/px4_msgs/include/px4_msgs/px4_msgs/msg/detail/internal_combustion_engine_status__struct.hpp\n'}
[6.047562] (px4_msgs) StdoutLine: {'line': b'-- Up-to-date: /home/subhalaxmi/nidar_ws/install/px4_msgs/include/px4_msgs/px4_msgs/msg/detail/can_interface_status__struct.hpp\n'}
[6.047660] (px4_msgs) StdoutLine: {'line': b'-- Up-to-date: /home/subhalaxmi/nidar_ws/install/px4_msgs/include/px4_msgs/px4_msgs/msg/detail/open_drone_id_system__traits.hpp\n'}
[6.047758] (px4_msgs) StdoutLine: {'line': b'-- Up-to-date: /home/subhalaxmi/nidar_ws/install/px4_msgs/include/px4_msgs/px4_msgs/msg/detail/vtol_vehicle_status__type_support.hpp\n'}
[6.047854] (px4_msgs) StdoutLine: {'line': b'-- Up-to-date: /home/subhalaxmi/nidar_ws/install/px4_msgs/include/px4_msgs/px4_msgs/msg/detail/mode_completed__builder.hpp\n'}
[6.047952] (px4_msgs) StdoutLine: {'line': b'-- Up-to-date: /home/subhalaxmi/nidar_ws/install/px4_msgs/include/px4_msgs/px4_msgs/msg/detail/pps_capture__type_support.hpp\n'}
[6.048048] (px4_msgs) StdoutLine: {'line': b'-- Up-to-date: /home/subhalaxmi/nidar_ws/install/px4_msgs/include/px4_msgs/px4_msgs/msg/detail/gimbal_manager_set_manual_control__type_support.hpp\n'}
[6.048168] (px4_msgs) StdoutLine: {'line': b'-- Up-to-date: /home/subhalaxmi/nidar_ws/install/px4_msgs/include/px4_msgs/px4_msgs/msg/detail/mission_result__builder.hpp\n'}
[6.048280] (px4_msgs) StdoutLine: {'line': b'-- Up-to-date: /home/subhalaxmi/nidar_ws/install/px4_msgs/include/px4_msgs/px4_msgs/msg/detail/gimbal_controls__type_support.hpp\n'}
[6.048380] (px4_msgs) StdoutLine: {'line': b'-- Up-to-date: /home/subhalaxmi/nidar_ws/install/px4_msgs/include/px4_msgs/px4_msgs/msg/detail/rover_steering_setpoint__struct.hpp\n'}
[6.048478] (px4_msgs) StdoutLine: {'line': b'-- Up-to-date: /home/subhalaxmi/nidar_ws/install/px4_msgs/include/px4_msgs/px4_msgs/msg/detail/sensor_combined__struct.hpp\n'}
[6.048576] (px4_msgs) StdoutLine: {'line': b'-- Up-to-date: /home/subhalaxmi/nidar_ws/install/px4_msgs/include/px4_msgs/px4_msgs/msg/detail/vehicle_thrust_setpoint__struct.hpp\n'}
[6.048672] (px4_msgs) StdoutLine: {'line': b'-- Up-to-date: /home/subhalaxmi/nidar_ws/install/px4_msgs/include/px4_msgs/px4_msgs/msg/detail/message_format_request__traits.hpp\n'}
[6.048770] (px4_msgs) StdoutLine: {'line': b'-- Up-to-date: /home/subhalaxmi/nidar_ws/install/px4_msgs/include/px4_msgs/px4_msgs/msg/detail/timesync_status__struct.hpp\n'}
[6.048868] (px4_msgs) StdoutLine: {'line': b'-- Up-to-date: /home/subhalaxmi/nidar_ws/install/px4_msgs/include/px4_msgs/px4_msgs/msg/detail/sensor_preflight_mag__traits.hpp\n'}
[6.048965] (px4_msgs) StdoutLine: {'line': b'-- Up-to-date: /home/subhalaxmi/nidar_ws/install/px4_msgs/include/px4_msgs/px4_msgs/msg/detail/gps_inject_data__builder.hpp\n'}
[6.049074] (px4_msgs) StdoutLine: {'line': b'-- Up-to-date: /home/subhalaxmi/nidar_ws/install/px4_msgs/include/px4_msgs/px4_msgs/msg/detail/actuator_motors__struct.hpp\n'}
[6.049214] (px4_msgs) StdoutLine: {'line': b'-- Up-to-date: /home/subhalaxmi/nidar_ws/install/px4_msgs/include/px4_msgs/px4_msgs/msg/detail/estimator_aid_source1d__struct.hpp\n'}
[6.049402] (px4_msgs) StdoutLine: {'line': b'-- Up-to-date: /home/subhalaxmi/nidar_ws/install/px4_msgs/include/px4_msgs/px4_msgs/msg/detail/vehicle_attitude__type_support.hpp\n'}
[6.049593] (px4_msgs) StdoutLine: {'line': b'-- Up-to-date: /home/subhalaxmi/nidar_ws/install/px4_msgs/include/px4_msgs/px4_msgs/msg/detail/aux_global_position__struct.hpp\n'}
[6.049746] (px4_msgs) StdoutLine: {'line': b'-- Up-to-date: /home/subhalaxmi/nidar_ws/install/px4_msgs/include/px4_msgs/px4_msgs/msg/detail/ulog_stream_ack__struct.hpp\n'}
[6.049847] (px4_msgs) StdoutLine: {'line': b'-- Up-to-date: /home/subhalaxmi/nidar_ws/install/px4_msgs/include/px4_msgs/px4_msgs/msg/detail/actuator_controls_status__type_support.hpp\n'}
[6.049947] (px4_msgs) StdoutLine: {'line': b'-- Up-to-date: /home/subhalaxmi/nidar_ws/install/px4_msgs/include/px4_msgs/px4_msgs/msg/detail/sensor_gyro_fifo__traits.hpp\n'}
[6.050046] (px4_msgs) StdoutLine: {'line': b'-- Up-to-date: /home/subhalaxmi/nidar_ws/install/px4_msgs/include/px4_msgs/px4_msgs/msg/detail/actuator_armed__type_support.hpp\n'}
[6.050171] (px4_msgs) StdoutLine: {'line': b'-- Up-to-date: /home/subhalaxmi/nidar_ws/install/px4_msgs/include/px4_msgs/px4_msgs/msg/detail/onboard_computer_status__traits.hpp\n'}
[6.050281] (px4_msgs) StdoutLine: {'line': b'-- Up-to-date: /home/subhalaxmi/nidar_ws/install/px4_msgs/include/px4_msgs/px4_msgs/msg/detail/manual_control_switches__traits.hpp\n'}
[6.050380] (px4_msgs) StdoutLine: {'line': b'-- Up-to-date: /home/subhalaxmi/nidar_ws/install/px4_msgs/include/px4_msgs/px4_msgs/msg/detail/register_ext_component_reply__traits.hpp\n'}
[6.050479] (px4_msgs) StdoutLine: {'line': b'-- Up-to-date: /home/subhalaxmi/nidar_ws/install/px4_msgs/include/px4_msgs/px4_msgs/msg/detail/camera_capture__type_support.hpp\n'}
[6.050577] (px4_msgs) StdoutLine: {'line': b'-- Up-to-date: /home/subhalaxmi/nidar_ws/install/px4_msgs/include/px4_msgs/px4_msgs/msg/detail/gimbal_manager_set_manual_control__builder.hpp\n'}
[6.050674] (px4_msgs) StdoutLine: {'line': b'-- Up-to-date: /home/subhalaxmi/nidar_ws/install/px4_msgs/include/px4_msgs/px4_msgs/msg/detail/vehicle_local_position_setpoint__struct.hpp\n'}
[6.050770] (px4_msgs) StdoutLine: {'line': b'-- Up-to-date: /home/subhalaxmi/nidar_ws/install/px4_msgs/include/px4_msgs/px4_msgs/msg/detail/dataman_response__traits.hpp\n'}
[6.050866] (px4_msgs) StdoutLine: {'line': b'-- Up-to-date: /home/subhalaxmi/nidar_ws/install/px4_msgs/include/px4_msgs/px4_msgs/msg/detail/register_ext_component_request__type_support.hpp\n'}
[6.050963] (px4_msgs) StdoutLine: {'line': b'-- Up-to-date: /home/subhalaxmi/nidar_ws/install/px4_msgs/include/px4_msgs/px4_msgs/msg/detail/lateral_control_configuration__struct.hpp\n'}
[6.051060] (px4_msgs) StdoutLine: {'line': b'-- Up-to-date: /home/subhalaxmi/nidar_ws/install/px4_msgs/include/px4_msgs/px4_msgs/msg/detail/vehicle_acceleration__traits.hpp\n'}
[6.051178] (px4_msgs) StdoutLine: {'line': b'-- Up-to-date: /home/subhalaxmi/nidar_ws/install/px4_msgs/include/px4_msgs/px4_msgs/msg/detail/internal_combustion_engine_control__type_support.hpp\n'}
[6.051282] (px4_msgs) StdoutLine: {'line': b'-- Up-to-date: /home/subhalaxmi/nidar_ws/install/px4_msgs/include/px4_msgs/px4_msgs/msg/detail/normalized_unsigned_setpoint__struct.hpp\n'}
[6.051379] (px4_msgs) StdoutLine: {'line': b'-- Up-to-date: /home/subhalaxmi/nidar_ws/install/px4_msgs/include/px4_msgs/px4_msgs/msg/detail/mag_worker_data__traits.hpp\n'}
[6.051477] (px4_msgs) StdoutLine: {'line': b'-- Up-to-date: /home/subhalaxmi/nidar_ws/install/px4_msgs/include/px4_msgs/px4_msgs/msg/detail/collision_constraints__struct.hpp\n'}
[6.051574] (px4_msgs) StdoutLine: {'line': b'-- Up-to-date: /home/subhalaxmi/nidar_ws/install/px4_msgs/include/px4_msgs/px4_msgs/msg/detail/vehicle_local_position_setpoint__type_support.hpp\n'}
[6.051678] (px4_msgs) StdoutLine: {'line': b'-- Up-to-date: /home/subhalaxmi/nidar_ws/install/px4_msgs/include/px4_msgs/px4_msgs/msg/detail/internal_combustion_engine_control__builder.hpp\n'}
[6.051839] (px4_msgs) StdoutLine: {'line': b'-- Up-to-date: /home/subhalaxmi/nidar_ws/install/px4_msgs/include/px4_msgs/px4_msgs/msg/detail/landing_gear_wheel__builder.hpp\n'}
[6.052001] (px4_msgs) StdoutLine: {'line': b'-- Up-to-date: /home/subhalaxmi/nidar_ws/install/px4_msgs/include/px4_msgs/px4_msgs/msg/detail/estimator_sensor_bias__traits.hpp\n'}
[6.052229] (px4_msgs) StdoutLine: {'line': b'-- Up-to-date: /home/subhalaxmi/nidar_ws/install/px4_msgs/include/px4_msgs/px4_msgs/msg/detail/debug_array__struct.hpp\n'}
[6.052425] (px4_msgs) StdoutLine: {'line': b'-- Up-to-date: /home/subhalaxmi/nidar_ws/install/px4_msgs/include/px4_msgs/px4_msgs/msg/detail/iridiumsbd_status__traits.hpp\n'}
[6.052615] (px4_msgs) StdoutLine: {'line': b'-- Up-to-date: /home/subhalaxmi/nidar_ws/install/px4_msgs/include/px4_msgs/px4_msgs/msg/detail/vehicle_optical_flow__type_support.hpp\n'}
[6.052815] (px4_msgs) StdoutLine: {'line': b'-- Up-to-date: /home/subhalaxmi/nidar_ws/install/px4_msgs/include/px4_msgs/px4_msgs/msg/detail/esc_report__builder.hpp\n'}
[6.053051] (px4_msgs) StdoutLine: {'line': b'-- Up-to-date: /home/subhalaxmi/nidar_ws/install/px4_msgs/include/px4_msgs/px4_msgs/msg/detail/mavlink_tunnel__builder.hpp\n'}
[6.053395] (px4_msgs) StdoutLine: {'line': b'-- Up-to-date: /home/subhalaxmi/nidar_ws/install/px4_msgs/include/px4_msgs/px4_msgs/msg/detail/wind__struct.hpp\n'}
[6.053532] (px4_msgs) StdoutLine: {'line': b'-- Up-to-date: /home/subhalaxmi/nidar_ws/install/px4_msgs/include/px4_msgs/px4_msgs/msg/detail/actuator_outputs__struct.hpp\n'}
[6.053642] (px4_msgs) StdoutLine: {'line': b'-- Up-to-date: /home/subhalaxmi/nidar_ws/install/px4_msgs/include/px4_msgs/px4_msgs/msg/detail/radio_status__traits.hpp\n'}
[6.053747] (px4_msgs) StdoutLine: {'line': b'-- Up-to-date: /home/subhalaxmi/nidar_ws/install/px4_msgs/include/px4_msgs/px4_msgs/msg/detail/vehicle_attitude_setpoint__traits.hpp\n'}
[6.053880] (px4_msgs) StdoutLine: {'line': b'-- Up-to-date: /home/subhalaxmi/nidar_ws/install/px4_msgs/include/px4_msgs/px4_msgs/msg/detail/satellite_info__builder.hpp\n'}
[6.053985] (px4_msgs) StdoutLine: {'line': b'-- Up-to-date: /home/subhalaxmi/nidar_ws/install/px4_msgs/include/px4_msgs/px4_msgs/msg/detail/message_format_response__traits.hpp\n'}
[6.054088] (px4_msgs) StdoutLine: {'line': b'-- Up-to-date: /home/subhalaxmi/nidar_ws/install/px4_msgs/include/px4_msgs/px4_msgs/msg/detail/fixed_wing_longitudinal_setpoint__struct.hpp\n'}
[6.054233] (px4_msgs) StdoutLine: {'line': b'-- Up-to-date: /home/subhalaxmi/nidar_ws/install/px4_msgs/include/px4_msgs/px4_msgs/msg/detail/orbit_status__type_support.hpp\n'}
[6.054338] (px4_msgs) StdoutLine: {'line': b'-- Up-to-date: /home/subhalaxmi/nidar_ws/install/px4_msgs/include/px4_msgs/px4_msgs/msg/detail/rover_attitude_status__builder.hpp\n'}
[6.054438] (px4_msgs) StdoutLine: {'line': b'-- Up-to-date: /home/subhalaxmi/nidar_ws/install/px4_msgs/include/px4_msgs/px4_msgs/msg/detail/manual_control_switches__type_support.hpp\n'}
[6.054537] (px4_msgs) StdoutLine: {'line': b'-- Up-to-date: /home/subhalaxmi/nidar_ws/install/px4_msgs/include/px4_msgs/px4_msgs/msg/detail/magnetometer_bias_estimate__builder.hpp\n'}
[6.054636] (px4_msgs) StdoutLine: {'line': b'-- Up-to-date: /home/subhalaxmi/nidar_ws/install/px4_msgs/include/px4_msgs/px4_msgs/msg/detail/position_controller_status__type_support.hpp\n'}
[6.054735] (px4_msgs) StdoutLine: {'line': b'-- Up-to-date: /home/subhalaxmi/nidar_ws/install/px4_msgs/include/px4_msgs/px4_msgs/msg/detail/estimator_aid_source2d__struct.hpp\n'}
[6.054897] (px4_msgs) StdoutLine: {'line': b'-- Up-to-date: /home/subhalaxmi/nidar_ws/install/px4_msgs/include/px4_msgs/px4_msgs/msg/detail/vehicle_land_detected__type_support.hpp\n'}
[6.055066] (px4_msgs) StdoutLine: {'line': b'-- Up-to-date: /home/subhalaxmi/nidar_ws/install/px4_msgs/include/px4_msgs/px4_msgs/msg/detail/rover_speed_status__builder.hpp\n'}
[6.055199] (px4_msgs) StdoutLine: {'line': b'-- Up-to-date: /home/subhalaxmi/nidar_ws/install/px4_msgs/include/px4_msgs/px4_msgs/msg/detail/register_ext_component_request__traits.hpp\n'}
[6.055306] (px4_msgs) StdoutLine: {'line': b'-- Up-to-date: /home/subhalaxmi/nidar_ws/install/px4_msgs/include/px4_msgs/px4_msgs/msg/detail/rtl_time_estimate__builder.hpp\n'}
[6.055503] (px4_msgs) StdoutLine: {'line': b'-- Up-to-date: /home/subhalaxmi/nidar_ws/install/px4_msgs/include/px4_msgs/px4_msgs/msg/detail/geofence_status__struct.hpp\n'}
[6.055646] (px4_msgs) StdoutLine: {'line': b'-- Up-to-date: /home/subhalaxmi/nidar_ws/install/px4_msgs/include/px4_msgs/px4_msgs/msg/detail/vehicle_rates_setpoint__struct.hpp\n'}
[6.055766] (px4_msgs) StdoutLine: {'line': b'-- Up-to-date: /home/subhalaxmi/nidar_ws/install/px4_msgs/include/px4_msgs/px4_msgs/msg/detail/offboard_control_mode__type_support.hpp\n'}
[6.055881] (px4_msgs) StdoutLine: {'line': b'-- Up-to-date: /home/subhalaxmi/nidar_ws/install/px4_msgs/include/px4_msgs/px4_msgs/msg/detail/vehicle_imu_status__type_support.hpp\n'}
[6.056047] (px4_msgs) StdoutLine: {'line': b'-- Up-to-date: /home/subhalaxmi/nidar_ws/install/px4_msgs/include/px4_msgs/px4_msgs/msg/detail/position_setpoint_triplet__struct.hpp\n'}
[6.056253] (px4_msgs) StdoutLine: {'line': b'-- Up-to-date: /home/subhalaxmi/nidar_ws/install/px4_msgs/include/px4_msgs/px4_msgs/msg/detail/pure_pursuit_status__struct.hpp\n'}
[6.056430] (px4_msgs) StdoutLine: {'line': b'-- Up-to-date: /home/subhalaxmi/nidar_ws/install/px4_msgs/include/px4_msgs/px4_msgs/msg/detail/fixed_wing_lateral_status__builder.hpp\n'}
[6.056596] (px4_msgs) StdoutLine: {'line': b'-- Up-to-date: /home/subhalaxmi/nidar_ws/install/px4_msgs/include/px4_msgs/px4_msgs/msg/detail/parameter_set_value_response__builder.hpp\n'}
[6.056761] (px4_msgs) StdoutLine: {'line': b'-- Up-to-date: /home/subhalaxmi/nidar_ws/install/px4_msgs/include/px4_msgs/px4_msgs/msg/detail/gimbal_manager_status__struct.hpp\n'}
[6.056866] (px4_msgs) StdoutLine: {'line': b'-- Up-to-date: /home/subhalaxmi/nidar_ws/install/px4_msgs/include/px4_msgs/px4_msgs/msg/detail/can_interface_status__type_support.hpp\n'}
[6.056978] (px4_msgs) StdoutLine: {'line': b'-- Up-to-date: /home/subhalaxmi/nidar_ws/install/px4_msgs/include/px4_msgs/px4_msgs/msg/detail/gimbal_manager_status__traits.hpp\n'}
[6.057193] (px4_msgs) StdoutLine: {'line': b'-- Up-to-date: /home/subhalaxmi/nidar_ws/install/px4_msgs/include/px4_msgs/px4_msgs/msg/detail/open_drone_id_operator_id__struct.hpp\n'}
[6.057385] (px4_msgs) StdoutLine: {'line': b'-- Up-to-date: /home/subhalaxmi/nidar_ws/install/px4_msgs/include/px4_msgs/px4_msgs/msg/detail/estimator_aid_source3d__builder.hpp\n'}
[6.057569] (px4_msgs) StdoutLine: {'line': b'-- Up-to-date: /home/subhalaxmi/nidar_ws/install/px4_msgs/include/px4_msgs/px4_msgs/msg/detail/vehicle_optical_flow_vel__type_support.hpp\n'}
[6.057749] (px4_msgs) StdoutLine: {'line': b'-- Up-to-date: /home/subhalaxmi/nidar_ws/install/px4_msgs/include/px4_msgs/px4_msgs/msg/detail/navigator_status__traits.hpp\n'}
[6.057917] (px4_msgs) StdoutLine: {'line': b'-- Up-to-date: /home/subhalaxmi/nidar_ws/install/px4_msgs/include/px4_msgs/px4_msgs/msg/detail/estimator_selector_status__traits.hpp\n'}
[6.058087] (px4_msgs) StdoutLine: {'line': b'-- Up-to-date: /home/subhalaxmi/nidar_ws/install/px4_msgs/include/px4_msgs/px4_msgs/msg/detail/orb_test_large__struct.hpp\n'}
[6.058295] (px4_msgs) StdoutLine: {'line': b'-- Up-to-date: /home/subhalaxmi/nidar_ws/install/px4_msgs/include/px4_msgs/px4_msgs/msg/detail/follow_target_status__type_support.hpp\n'}
[6.058609] (px4_msgs) StdoutLine: {'line': b'-- Up-to-date: /home/subhalaxmi/nidar_ws/install/px4_msgs/include/px4_msgs/px4_msgs/msg/detail/rover_position_setpoint__struct.hpp\n'}
[6.058729] (px4_msgs) StdoutLine: {'line': b'-- Up-to-date: /home/subhalaxmi/nidar_ws/install/px4_msgs/include/px4_msgs/px4_msgs/msg/detail/vehicle_status__traits.hpp\n'}
[6.058830] (px4_msgs) StdoutLine: {'line': b'-- Up-to-date: /home/subhalaxmi/nidar_ws/install/px4_msgs/include/px4_msgs/px4_msgs/msg/detail/fixed_wing_lateral_guidance_status__struct.hpp\n'}
[6.058948] (px4_msgs) StdoutLine: {'line': b'-- Up-to-date: /home/subhalaxmi/nidar_ws/install/px4_msgs/include/px4_msgs/px4_msgs/msg/detail/internal_combustion_engine_status__builder.hpp\n'}
[6.059048] (px4_msgs) StdoutLine: {'line': b'-- Up-to-date: /home/subhalaxmi/nidar_ws/install/px4_msgs/include/px4_msgs/px4_msgs/msg/detail/airspeed_validated__builder.hpp\n'}
[6.059174] (px4_msgs) StdoutLine: {'line': b'-- Up-to-date: /home/subhalaxmi/nidar_ws/install/px4_msgs/include/px4_msgs/px4_msgs/msg/detail/vehicle_local_position_setpoint__traits.hpp\n'}
[6.059293] (px4_msgs) StdoutLine: {'line': b'-- Up-to-date: /home/subhalaxmi/nidar_ws/install/px4_msgs/include/px4_msgs/px4_msgs/msg/detail/satellite_info__traits.hpp\n'}
[6.059391] (px4_msgs) StdoutLine: {'line': b'-- Up-to-date: /home/subhalaxmi/nidar_ws/install/px4_msgs/include/px4_msgs/px4_msgs/msg/detail/flight_phase_estimation__type_support.hpp\n'}
[6.059488] (px4_msgs) StdoutLine: {'line': b'-- Up-to-date: /home/subhalaxmi/nidar_ws/install/px4_msgs/include/px4_msgs/px4_msgs/msg/detail/rpm__builder.hpp\n'}
[6.059587] (px4_msgs) StdoutLine: {'line': b'-- Up-to-date: /home/subhalaxmi/nidar_ws/install/px4_msgs/include/px4_msgs/px4_msgs/msg/detail/satellite_info__struct.hpp\n'}
[6.059683] (px4_msgs) StdoutLine: {'line': b'-- Up-to-date: /home/subhalaxmi/nidar_ws/install/px4_msgs/include/px4_msgs/px4_msgs/msg/detail/px4io_status__struct.hpp\n'}
[6.059797] (px4_msgs) StdoutLine: {'line': b'-- Up-to-date: /home/subhalaxmi/nidar_ws/install/px4_msgs/include/px4_msgs/px4_msgs/msg/detail/geofence_result__traits.hpp\n'}
[6.059902] (px4_msgs) StdoutLine: {'line': b'-- Up-to-date: /home/subhalaxmi/nidar_ws/install/px4_msgs/include/px4_msgs/px4_msgs/msg/detail/sensor_gnss_relative__builder.hpp\n'}
[6.060099] (px4_msgs) StdoutLine: {'line': b'-- Up-to-date: /home/subhalaxmi/nidar_ws/install/px4_msgs/include/px4_msgs/px4_msgs/msg/detail/system_power__struct.hpp\n'}
[6.060226] (px4_msgs) StdoutLine: {'line': b'-- Up-to-date: /home/subhalaxmi/nidar_ws/install/px4_msgs/include/px4_msgs/px4_msgs/msg/detail/sensor_accel__struct.hpp\n'}
[6.060328] (px4_msgs) StdoutLine: {'line': b'-- Up-to-date: /home/subhalaxmi/nidar_ws/install/px4_msgs/include/px4_msgs/px4_msgs/msg/detail/airspeed__builder.hpp\n'}
[6.060426] (px4_msgs) StdoutLine: {'line': b'-- Up-to-date: /home/subhalaxmi/nidar_ws/install/px4_msgs/include/px4_msgs/px4_msgs/msg/detail/actuator_servos_trim__type_support.hpp\n'}
[6.060524] (px4_msgs) StdoutLine: {'line': b'-- Up-to-date: /home/subhalaxmi/nidar_ws/install/px4_msgs/include/px4_msgs/px4_msgs/msg/detail/ekf2_timestamps__traits.hpp\n'}
[6.060621] (px4_msgs) StdoutLine: {'line': b'-- Up-to-date: /home/subhalaxmi/nidar_ws/install/px4_msgs/include/px4_msgs/px4_msgs/msg/detail/unregister_ext_component__struct.hpp\n'}
[6.060719] (px4_msgs) StdoutLine: {'line': b'-- Up-to-date: /home/subhalaxmi/nidar_ws/install/px4_msgs/include/px4_msgs/px4_msgs/msg/detail/landing_target_pose__builder.hpp\n'}
[6.060817] (px4_msgs) StdoutLine: {'line': b'-- Up-to-date: /home/subhalaxmi/nidar_ws/install/px4_msgs/include/px4_msgs/px4_msgs/msg/detail/parameter_set_value_response__traits.hpp\n'}
[6.060922] (px4_msgs) StdoutLine: {'line': b'-- Up-to-date: /home/subhalaxmi/nidar_ws/install/px4_msgs/include/px4_msgs/px4_msgs/msg/detail/estimator_status__type_support.hpp\n'}
[6.061144] (px4_msgs) StdoutLine: {'line': b'-- Up-to-date: /home/subhalaxmi/nidar_ws/install/px4_msgs/include/px4_msgs/px4_msgs/msg/detail/vehicle_roi__type_support.hpp\n'}
[6.061270] (px4_msgs) StdoutLine: {'line': b'-- Up-to-date: /home/subhalaxmi/nidar_ws/install/px4_msgs/include/px4_msgs/px4_msgs/msg/detail/pwm_input__traits.hpp\n'}
[6.061371] (px4_msgs) StdoutLine: {'line': b'-- Up-to-date: /home/subhalaxmi/nidar_ws/install/px4_msgs/include/px4_msgs/px4_msgs/msg/detail/timesync_status__traits.hpp\n'}
[6.061471] (px4_msgs) StdoutLine: {'line': b'-- Up-to-date: /home/subhalaxmi/nidar_ws/install/px4_msgs/include/px4_msgs/px4_msgs/msg/detail/estimator_sensor_bias__builder.hpp\n'}
[6.061570] (px4_msgs) StdoutLine: {'line': b'-- Up-to-date: /home/subhalaxmi/nidar_ws/install/px4_msgs/include/px4_msgs/px4_msgs/msg/detail/estimator_aid_source1d__builder.hpp\n'}
[6.061683] (px4_msgs) StdoutLine: {'line': b'-- Up-to-date: /home/subhalaxmi/nidar_ws/install/px4_msgs/include/px4_msgs/px4_msgs/msg/detail/vehicle_angular_velocity__traits.hpp\n'}
[6.061829] (px4_msgs) StdoutLine: {'line': b'-- Up-to-date: /home/subhalaxmi/nidar_ws/install/px4_msgs/include/px4_msgs/px4_msgs/msg/detail/irlock_report__builder.hpp\n'}
[6.061993] (px4_msgs) StdoutLine: {'line': b'-- Up-to-date: /home/subhalaxmi/nidar_ws/install/px4_msgs/include/px4_msgs/px4_msgs/msg/detail/parameter_set_used_request__builder.hpp\n'}
[6.062096] (px4_msgs) StdoutLine: {'line': b'-- Up-to-date: /home/subhalaxmi/nidar_ws/install/px4_msgs/include/px4_msgs/px4_msgs/msg/detail/estimator_states__struct.hpp\n'}
[6.062230] (px4_msgs) StdoutLine: {'line': b'-- Up-to-date: /home/subhalaxmi/nidar_ws/install/px4_msgs/include/px4_msgs/px4_msgs/msg/detail/landing_target_innovations__traits.hpp\n'}
[6.062430] (px4_msgs) StdoutLine: {'line': b'-- Up-to-date: /home/subhalaxmi/nidar_ws/install/px4_msgs/include/px4_msgs/px4_msgs/msg/detail/logger_status__traits.hpp\n'}
[6.062535] (px4_msgs) StdoutLine: {'line': b'-- Up-to-date: /home/subhalaxmi/nidar_ws/install/px4_msgs/include/px4_msgs/px4_msgs/msg/detail/gpio_request__builder.hpp\n'}
[6.062633] (px4_msgs) StdoutLine: {'line': b'-- Up-to-date: /home/subhalaxmi/nidar_ws/install/px4_msgs/include/px4_msgs/px4_msgs/msg/detail/led_control__builder.hpp\n'}
[6.062731] (px4_msgs) StdoutLine: {'line': b'-- Up-to-date: /home/subhalaxmi/nidar_ws/install/px4_msgs/include/px4_msgs/px4_msgs/msg/detail/camera_trigger__builder.hpp\n'}
[6.062828] (px4_msgs) StdoutLine: {'line': b'-- Up-to-date: /home/subhalaxmi/nidar_ws/install/px4_msgs/include/px4_msgs/px4_msgs/msg/detail/sensor_mag__type_support.hpp\n'}
[6.062926] (px4_msgs) StdoutLine: {'line': b'-- Up-to-date: /home/subhalaxmi/nidar_ws/install/px4_msgs/include/px4_msgs/px4_msgs/msg/detail/rover_attitude_status__type_support.hpp\n'}
[6.063075] (px4_msgs) StdoutLine: {'line': b'-- Up-to-date: /home/subhalaxmi/nidar_ws/install/px4_msgs/include/px4_msgs/px4_msgs/msg/detail/estimator_aid_source2d__builder.hpp\n'}
[6.063278] (px4_msgs) StdoutLine: {'line': b'-- Up-to-date: /home/subhalaxmi/nidar_ws/install/px4_msgs/include/px4_msgs/px4_msgs/msg/detail/gpio_config__type_support.hpp\n'}
[6.063384] (px4_msgs) StdoutLine: {'line': b'-- Up-to-date: /home/subhalaxmi/nidar_ws/install/px4_msgs/include/px4_msgs/px4_msgs/msg/detail/pps_capture__struct.hpp\n'}
[6.063482] (px4_msgs) StdoutLine: {'line': b'-- Up-to-date: /home/subhalaxmi/nidar_ws/install/px4_msgs/include/px4_msgs/px4_msgs/msg/detail/sensor_optical_flow__builder.hpp\n'}
[6.063580] (px4_msgs) StdoutLine: {'line': b'-- Up-to-date: /home/subhalaxmi/nidar_ws/install/px4_msgs/include/px4_msgs/px4_msgs/msg/detail/rover_speed_setpoint__builder.hpp\n'}
[6.063724] (px4_msgs) StdoutLine: {'line': b'-- Up-to-date: /home/subhalaxmi/nidar_ws/install/px4_msgs/include/px4_msgs/px4_msgs/msg/detail/config_overrides__traits.hpp\n'}
[6.063864] (px4_msgs) StdoutLine: {'line': b'-- Up-to-date: /home/subhalaxmi/nidar_ws/install/px4_msgs/include/px4_msgs/px4_msgs/msg/detail/trajectory_setpoint__builder.hpp\n'}
[6.064001] (px4_msgs) StdoutLine: {'line': b'-- Up-to-date: /home/subhalaxmi/nidar_ws/install/px4_msgs/include/px4_msgs/px4_msgs/msg/detail/failure_detector_status__type_support.hpp\n'}
[6.064153] (px4_msgs) StdoutLine: {'line': b'-- Up-to-date: /home/subhalaxmi/nidar_ws/install/px4_msgs/include/px4_msgs/px4_msgs/msg/detail/tune_control__builder.hpp\n'}
[6.064322] (px4_msgs) StdoutLine: {'line': b'-- Up-to-date: /home/subhalaxmi/nidar_ws/install/px4_msgs/include/px4_msgs/px4_msgs/msg/detail/parameter_set_used_request__type_support.hpp\n'}
[6.064424] (px4_msgs) StdoutLine: {'line': b'-- Up-to-date: /home/subhalaxmi/nidar_ws/install/px4_msgs/include/px4_msgs/px4_msgs/msg/detail/vehicle_rates_setpoint__traits.hpp\n'}
[6.064523] (px4_msgs) StdoutLine: {'line': b'-- Up-to-date: /home/subhalaxmi/nidar_ws/install/px4_msgs/include/px4_msgs/px4_msgs/msg/detail/rate_ctrl_status__type_support.hpp\n'}
[6.064622] (px4_msgs) StdoutLine: {'line': b'-- Up-to-date: /home/subhalaxmi/nidar_ws/install/px4_msgs/include/px4_msgs/px4_msgs/msg/detail/rc_parameter_map__builder.hpp\n'}
[6.064766] (px4_msgs) StdoutLine: {'line': b'-- Up-to-date: /home/subhalaxmi/nidar_ws/install/px4_msgs/include/px4_msgs/px4_msgs/msg/detail/orb_test__type_support.hpp\n'}
[6.064984] (px4_msgs) StdoutLine: {'line': b'-- Up-to-date: /home/subhalaxmi/nidar_ws/install/px4_msgs/include/px4_msgs/px4_msgs/msg/detail/landing_target_pose__type_support.hpp\n'}
[6.065109] (px4_msgs) StdoutLine: {'line': b'-- Up-to-date: /home/subhalaxmi/nidar_ws/install/px4_msgs/include/px4_msgs/px4_msgs/msg/detail/takeoff_status__builder.hpp\n'}
[6.065240] (px4_msgs) StdoutLine: {'line': b'-- Up-to-date: /home/subhalaxmi/nidar_ws/install/px4_msgs/include/px4_msgs/px4_msgs/msg/detail/estimator_status_flags__type_support.hpp\n'}
[6.065339] (px4_msgs) StdoutLine: {'line': b'-- Up-to-date: /home/subhalaxmi/nidar_ws/install/px4_msgs/include/px4_msgs/px4_msgs/msg/detail/parameter_update__struct.hpp\n'}
[6.065447] (px4_msgs) StdoutLine: {'line': b'-- Up-to-date: /home/subhalaxmi/nidar_ws/install/px4_msgs/include/px4_msgs/px4_msgs/msg/detail/sensor_baro__type_support.hpp\n'}
[6.065593] (px4_msgs) StdoutLine: {'line': b'-- Up-to-date: /home/subhalaxmi/nidar_ws/install/px4_msgs/include/px4_msgs/px4_msgs/msg/detail/estimator_states__builder.hpp\n'}
[6.065730] (px4_msgs) StdoutLine: {'line': b'-- Up-to-date: /home/subhalaxmi/nidar_ws/install/px4_msgs/include/px4_msgs/px4_msgs/msg/detail/position_controller_status__struct.hpp\n'}
[6.065866] (px4_msgs) StdoutLine: {'line': b'-- Up-to-date: /home/subhalaxmi/nidar_ws/install/px4_msgs/include/px4_msgs/px4_msgs/msg/detail/offboard_control_mode__builder.hpp\n'}
[6.066002] (px4_msgs) StdoutLine: {'line': b'-- Up-to-date: /home/subhalaxmi/nidar_ws/install/px4_msgs/include/px4_msgs/px4_msgs/msg/detail/vehicle_control_mode__traits.hpp\n'}
[6.066149] (px4_msgs) StdoutLine: {'line': b'-- Up-to-date: /home/subhalaxmi/nidar_ws/install/px4_msgs/include/px4_msgs/px4_msgs/msg/detail/qshell_retval__builder.hpp\n'}
[6.066323] (px4_msgs) StdoutLine: {'line': b'-- Up-to-date: /home/subhalaxmi/nidar_ws/install/px4_msgs/include/px4_msgs/px4_msgs/msg/detail/gimbal_manager_information__builder.hpp\n'}
[6.066430] (px4_msgs) StdoutLine: {'line': b'-- Up-to-date: /home/subhalaxmi/nidar_ws/install/px4_msgs/include/px4_msgs/px4_msgs/msg/detail/distance_sensor_mode_change_request__traits.hpp\n'}
[6.066611] (px4_msgs) StdoutLine: {'line': b'-- Up-to-date: /home/subhalaxmi/nidar_ws/install/px4_msgs/include/px4_msgs/px4_msgs/msg/detail/ulog_stream_ack__traits.hpp\n'}
[6.066716] (px4_msgs) StdoutLine: {'line': b'-- Up-to-date: /home/subhalaxmi/nidar_ws/install/px4_msgs/include/px4_msgs/px4_msgs/msg/detail/rover_throttle_setpoint__type_support.hpp\n'}
[6.066816] (px4_msgs) StdoutLine: {'line': b'-- Up-to-date: /home/subhalaxmi/nidar_ws/install/px4_msgs/include/px4_msgs/px4_msgs/msg/detail/neural_control__builder.hpp\n'}
[6.066913] (px4_msgs) StdoutLine: {'line': b'-- Up-to-date: /home/subhalaxmi/nidar_ws/install/px4_msgs/include/px4_msgs/px4_msgs/msg/detail/mavlink_log__traits.hpp\n'}
[6.067010] (px4_msgs) StdoutLine: {'line': b'-- Up-to-date: /home/subhalaxmi/nidar_ws/install/px4_msgs/include/px4_msgs/px4_msgs/msg/detail/debug_vect__traits.hpp\n'}
[6.067135] (px4_msgs) StdoutLine: {'line': b'-- Up-to-date: /home/subhalaxmi/nidar_ws/install/px4_msgs/include/px4_msgs/px4_msgs/msg/detail/rc_channels__struct.hpp\n'}
[6.067312] (px4_msgs) StdoutLine: {'line': b'-- Up-to-date: /home/subhalaxmi/nidar_ws/install/px4_msgs/include/px4_msgs/px4_msgs/msg/detail/airspeed_validated__type_support.hpp\n'}
[6.067413] (px4_msgs) StdoutLine: {'line': b'-- Up-to-date: /home/subhalaxmi/nidar_ws/install/px4_msgs/include/px4_msgs/px4_msgs/msg/detail/wind__traits.hpp\n'}
[6.067511] (px4_msgs) StdoutLine: {'line': b'-- Up-to-date: /home/subhalaxmi/nidar_ws/install/px4_msgs/include/px4_msgs/px4_msgs/msg/detail/vehicle_status__builder.hpp\n'}
[6.067609] (px4_msgs) StdoutLine: {'line': b'-- Up-to-date: /home/subhalaxmi/nidar_ws/install/px4_msgs/include/px4_msgs/px4_msgs/msg/detail/airspeed__struct.hpp\n'}
[6.067707] (px4_msgs) StdoutLine: {'line': b'-- Up-to-date: /home/subhalaxmi/nidar_ws/install/px4_msgs/include/px4_msgs/px4_msgs/msg/detail/figure_eight_status__struct.hpp\n'}
[6.067804] (px4_msgs) StdoutLine: {'line': b'-- Up-to-date: /home/subhalaxmi/nidar_ws/install/px4_msgs/include/px4_msgs/px4_msgs/msg/detail/sensors_status__struct.hpp\n'}
[6.067911] (px4_msgs) StdoutLine: {'line': b'-- Up-to-date: /home/subhalaxmi/nidar_ws/install/px4_msgs/include/px4_msgs/px4_msgs/msg/detail/estimator_aid_source3d__traits.hpp\n'}
[6.068010] (px4_msgs) StdoutLine: {'line': b'-- Up-to-date: /home/subhalaxmi/nidar_ws/install/px4_msgs/include/px4_msgs/px4_msgs/msg/detail/goto_setpoint__type_support.hpp\n'}
[6.068135] (px4_msgs) StdoutLine: {'line': b'-- Up-to-date: /home/subhalaxmi/nidar_ws/install/px4_msgs/include/px4_msgs/px4_msgs/msg/detail/gpio_out__type_support.hpp\n'}
[6.068323] (px4_msgs) StdoutLine: {'line': b'-- Up-to-date: /home/subhalaxmi/nidar_ws/install/px4_msgs/include/px4_msgs/px4_msgs/msg/detail/sensor_preflight_mag__type_support.hpp\n'}
[6.068423] (px4_msgs) StdoutLine: {'line': b'-- Up-to-date: /home/subhalaxmi/nidar_ws/install/px4_msgs/include/px4_msgs/px4_msgs/msg/detail/cellular_status__traits.hpp\n'}
[6.068520] (px4_msgs) StdoutLine: {'line': b'-- Up-to-date: /home/subhalaxmi/nidar_ws/install/px4_msgs/include/px4_msgs/px4_msgs/msg/detail/vehicle_acceleration__struct.hpp\n'}
[6.068615] (px4_msgs) StdoutLine: {'line': b'-- Up-to-date: /home/subhalaxmi/nidar_ws/install/px4_msgs/include/px4_msgs/px4_msgs/msg/detail/sensor_combined__type_support.hpp\n'}
[6.068719] (px4_msgs) StdoutLine: {'line': b'-- Up-to-date: /home/subhalaxmi/nidar_ws/install/px4_msgs/include/px4_msgs/px4_msgs/msg/detail/longitudinal_control_configuration__traits.hpp\n'}
[6.068838] (px4_msgs) StdoutLine: {'line': b'-- Up-to-date: /home/subhalaxmi/nidar_ws/install/px4_msgs/include/px4_msgs/px4_msgs/msg/detail/arming_check_reply__struct.hpp\n'}
[6.068982] (px4_msgs) StdoutLine: {'line': b'-- Up-to-date: /home/subhalaxmi/nidar_ws/install/px4_msgs/include/px4_msgs/px4_msgs/msg/detail/gpio_config__struct.hpp\n'}
[6.069134] (px4_msgs) StdoutLine: {'line': b'-- Up-to-date: /home/subhalaxmi/nidar_ws/install/px4_msgs/include/px4_msgs/px4_msgs/msg/detail/gimbal_manager_set_attitude__builder.hpp\n'}
[6.069300] (px4_msgs) StdoutLine: {'line': b'-- Up-to-date: /home/subhalaxmi/nidar_ws/install/px4_msgs/include/px4_msgs/px4_msgs/msg/detail/transponder_report__struct.hpp\n'}
[6.069400] (px4_msgs) StdoutLine: {'line': b'-- Up-to-date: /home/subhalaxmi/nidar_ws/install/px4_msgs/include/px4_msgs/px4_msgs/msg/detail/gimbal_manager_set_attitude__type_support.hpp\n'}
[6.069496] (px4_msgs) StdoutLine: {'line': b'-- Up-to-date: /home/subhalaxmi/nidar_ws/install/px4_msgs/include/px4_msgs/px4_msgs/msg/detail/sensor_uwb__type_support.hpp\n'}
[6.069593] (px4_msgs) StdoutLine: {'line': b'-- Up-to-date: /home/subhalaxmi/nidar_ws/install/px4_msgs/include/px4_msgs/px4_msgs/msg/detail/sensor_gnss_status__builder.hpp\n'}
[6.069689] (px4_msgs) StdoutLine: {'line': b'-- Up-to-date: /home/subhalaxmi/nidar_ws/install/px4_msgs/include/px4_msgs/px4_msgs/msg/detail/position_controller_landing_status__type_support.hpp\n'}
[6.069788] (px4_msgs) StdoutLine: {'line': b'-- Up-to-date: /home/subhalaxmi/nidar_ws/install/px4_msgs/include/px4_msgs/px4_msgs/msg/detail/differential_pressure__traits.hpp\n'}
[6.069944] (px4_msgs) StdoutLine: {'line': b'-- Up-to-date: /home/subhalaxmi/nidar_ws/install/px4_msgs/include/px4_msgs/px4_msgs/msg/detail/gimbal_device_information__type_support.hpp\n'}
[6.070045] (px4_msgs) StdoutLine: {'line': b'-- Up-to-date: /home/subhalaxmi/nidar_ws/install/px4_msgs/include/px4_msgs/px4_msgs/msg/detail/vtol_vehicle_status__builder.hpp\n'}
[6.070165] (px4_msgs) StdoutLine: {'line': b'-- Up-to-date: /home/subhalaxmi/nidar_ws/install/px4_msgs/include/px4_msgs/px4_msgs/msg/detail/actuator_test__struct.hpp\n'}
[6.070274] (px4_msgs) StdoutLine: {'line': b'-- Up-to-date: /home/subhalaxmi/nidar_ws/install/px4_msgs/include/px4_msgs/px4_msgs/msg/detail/ulog_stream__struct.hpp\n'}
[6.070388] (px4_msgs) StdoutLine: {'line': b'-- Up-to-date: /home/subhalaxmi/nidar_ws/install/px4_msgs/include/px4_msgs/px4_msgs/msg/detail/collision_constraints__type_support.hpp\n'}
[6.070499] (px4_msgs) StdoutLine: {'line': b'-- Up-to-date: /home/subhalaxmi/nidar_ws/install/px4_msgs/include/px4_msgs/px4_msgs/msg/detail/arming_check_reply__traits.hpp\n'}
[6.070661] (px4_msgs) StdoutLine: {'line': b'-- Up-to-date: /home/subhalaxmi/nidar_ws/install/px4_msgs/include/px4_msgs/px4_msgs/msg/detail/camera_status__builder.hpp\n'}
[6.070760] (px4_msgs) StdoutLine: {'line': b'-- Up-to-date: /home/subhalaxmi/nidar_ws/install/px4_msgs/include/px4_msgs/px4_msgs/msg/detail/vehicle_attitude_setpoint__type_support.hpp\n'}
[6.070858] (px4_msgs) StdoutLine: {'line': b'-- Up-to-date: /home/subhalaxmi/nidar_ws/install/px4_msgs/include/px4_msgs/px4_msgs/msg/detail/vehicle_global_position__struct.hpp\n'}
[6.070955] (px4_msgs) StdoutLine: {'line': b'-- Up-to-date: /home/subhalaxmi/nidar_ws/install/px4_msgs/include/px4_msgs/px4_msgs/msg/detail/sensors_status_imu__builder.hpp\n'}
[6.071051] (px4_msgs) StdoutLine: {'line': b'-- Up-to-date: /home/subhalaxmi/nidar_ws/install/px4_msgs/include/px4_msgs/px4_msgs/msg/detail/geofence_status__type_support.hpp\n'}
[6.071174] (px4_msgs) StdoutLine: {'line': b'-- Up-to-date: /home/subhalaxmi/nidar_ws/install/px4_msgs/include/px4_msgs/px4_msgs/msg/detail/actuator_servos__builder.hpp\n'}
[6.071281] (px4_msgs) StdoutLine: {'line': b'-- Up-to-date: /home/subhalaxmi/nidar_ws/install/px4_msgs/include/px4_msgs/px4_msgs/msg/detail/ping__struct.hpp\n'}
[6.071380] (px4_msgs) StdoutLine: {'line': b'-- Up-to-date: /home/subhalaxmi/nidar_ws/install/px4_msgs/include/px4_msgs/px4_msgs/msg/detail/orb_test_medium__struct.hpp\n'}
[6.071507] (px4_msgs) StdoutLine: {'line': b'-- Up-to-date: /home/subhalaxmi/nidar_ws/install/px4_msgs/include/px4_msgs/px4_msgs/msg/detail/ulog_stream__traits.hpp\n'}
[6.071660] (px4_msgs) StdoutLine: {'line': b'-- Up-to-date: /home/subhalaxmi/nidar_ws/install/px4_msgs/include/px4_msgs/px4_msgs/msg/detail/rtl_status__builder.hpp\n'}
[6.071819] (px4_msgs) StdoutLine: {'line': b'-- Up-to-date: /home/subhalaxmi/nidar_ws/install/px4_msgs/include/px4_msgs/px4_msgs/msg/detail/tune_control__traits.hpp\n'}
[6.072012] (px4_msgs) StdoutLine: {'line': b'-- Up-to-date: /home/subhalaxmi/nidar_ws/install/px4_msgs/include/px4_msgs/px4_msgs/msg/detail/tiltrotor_extra_controls__builder.hpp\n'}
[6.072308] (px4_msgs) StdoutLine: {'line': b'-- Up-to-date: /home/subhalaxmi/nidar_ws/install/px4_msgs/include/px4_msgs/px4_msgs/msg/detail/fixed_wing_runway_control__struct.hpp\n'}
[6.072500] (px4_msgs) StdoutLine: {'line': b'-- Up-to-date: /home/subhalaxmi/nidar_ws/install/px4_msgs/include/px4_msgs/px4_msgs/msg/detail/landing_gear__type_support.hpp\n'}
[6.072604] (px4_msgs) StdoutLine: {'line': b'-- Up-to-date: /home/subhalaxmi/nidar_ws/install/px4_msgs/include/px4_msgs/px4_msgs/msg/detail/parameter_set_used_request__traits.hpp\n'}
[6.072702] (px4_msgs) StdoutLine: {'line': b'-- Up-to-date: /home/subhalaxmi/nidar_ws/install/px4_msgs/include/px4_msgs/px4_msgs/msg/detail/fuel_tank_status__builder.hpp\n'}
[6.072801] (px4_msgs) StdoutLine: {'line': b'-- Up-to-date: /home/subhalaxmi/nidar_ws/install/px4_msgs/include/px4_msgs/px4_msgs/msg/detail/trajectory_setpoint6dof__struct.hpp\n'}
[6.072898] (px4_msgs) StdoutLine: {'line': b'-- Up-to-date: /home/subhalaxmi/nidar_ws/install/px4_msgs/include/px4_msgs/px4_msgs/msg/detail/mount_orientation__traits.hpp\n'}
[6.072995] (px4_msgs) StdoutLine: {'line': b'-- Up-to-date: /home/subhalaxmi/nidar_ws/install/px4_msgs/include/px4_msgs/px4_msgs/msg/detail/navigator_status__builder.hpp\n'}
[6.073092] (px4_msgs) StdoutLine: {'line': b'-- Up-to-date: /home/subhalaxmi/nidar_ws/install/px4_msgs/include/px4_msgs/px4_msgs/msg/detail/sensor_accel_fifo__builder.hpp\n'}
[6.073225] (px4_msgs) StdoutLine: {'line': b'-- Up-to-date: /home/subhalaxmi/nidar_ws/install/px4_msgs/include/px4_msgs/px4_msgs/msg/detail/estimator_gps_status__traits.hpp\n'}
[6.073368] (px4_msgs) StdoutLine: {'line': b'-- Up-to-date: /home/subhalaxmi/nidar_ws/install/px4_msgs/include/px4_msgs/px4_msgs/msg/detail/message_format_response__struct.hpp\n'}
[6.073512] (px4_msgs) StdoutLine: {'line': b'-- Up-to-date: /home/subhalaxmi/nidar_ws/install/px4_msgs/include/px4_msgs/px4_msgs/msg/detail/open_drone_id_arm_status__builder.hpp\n'}
[6.073680] (px4_msgs) StdoutLine: {'line': b'-- Up-to-date: /home/subhalaxmi/nidar_ws/install/px4_msgs/include/px4_msgs/px4_msgs/msg/detail/vehicle_status__struct.hpp\n'}
[6.073782] (px4_msgs) StdoutLine: {'line': b'-- Up-to-date: /home/subhalaxmi/nidar_ws/install/px4_msgs/include/px4_msgs/px4_msgs/msg/detail/navigator_mission_item__builder.hpp\n'}
[6.073881] (px4_msgs) StdoutLine: {'line': b'-- Up-to-date: /home/subhalaxmi/nidar_ws/install/px4_msgs/include/px4_msgs/px4_msgs/msg/detail/differential_pressure__struct.hpp\n'}
[6.073980] (px4_msgs) StdoutLine: {'line': b'-- Up-to-date: /home/subhalaxmi/nidar_ws/install/px4_msgs/include/px4_msgs/px4_msgs/msg/detail/message_format_request__type_support.hpp\n'}
[6.074111] (px4_msgs) StdoutLine: {'line': b'-- Up-to-date: /home/subhalaxmi/nidar_ws/install/px4_msgs/include/px4_msgs/px4_msgs/msg/detail/vehicle_imu_status__traits.hpp\n'}
[6.074294] (px4_msgs) StdoutLine: {'line': b'-- Up-to-date: /home/subhalaxmi/nidar_ws/install/px4_msgs/include/px4_msgs/px4_msgs/msg/detail/vehicle_local_position__traits.hpp\n'}
[6.074395] (px4_msgs) StdoutLine: {'line': b'-- Up-to-date: /home/subhalaxmi/nidar_ws/install/px4_msgs/include/px4_msgs/px4_msgs/msg/detail/camera_trigger__type_support.hpp\n'}
[6.074513] (px4_msgs) StdoutLine: {'line': b'-- Up-to-date: /home/subhalaxmi/nidar_ws/install/px4_msgs/include/px4_msgs/px4_msgs/msg/detail/rc_channels__type_support.hpp\n'}
[6.074611] (px4_msgs) StdoutLine: {'line': b'-- Up-to-date: /home/subhalaxmi/nidar_ws/install/px4_msgs/include/px4_msgs/px4_msgs/msg/detail/gimbal_device_information__struct.hpp\n'}
[6.074710] (px4_msgs) StdoutLine: {'line': b'-- Up-to-date: /home/subhalaxmi/nidar_ws/install/px4_msgs/include/px4_msgs/px4_msgs/msg/detail/sensor_gyro__type_support.hpp\n'}
[6.074808] (px4_msgs) StdoutLine: {'line': b'-- Up-to-date: /home/subhalaxmi/nidar_ws/install/px4_msgs/include/px4_msgs/px4_msgs/msg/detail/vehicle_thrust_setpoint__type_support.hpp\n'}
[6.074905] (px4_msgs) StdoutLine: {'line': b'-- Up-to-date: /home/subhalaxmi/nidar_ws/install/px4_msgs/include/px4_msgs/px4_msgs/msg/detail/rc_parameter_map__type_support.hpp\n'}
[6.075003] (px4_msgs) StdoutLine: {'line': b'-- Up-to-date: /home/subhalaxmi/nidar_ws/install/px4_msgs/include/px4_msgs/px4_msgs/msg/detail/system_power__builder.hpp\n'}
[6.075159] (px4_msgs) StdoutLine: {'line': b'-- Up-to-date: /home/subhalaxmi/nidar_ws/install/px4_msgs/include/px4_msgs/px4_msgs/msg/detail/input_rc__traits.hpp\n'}
[6.075353] (px4_msgs) StdoutLine: {'line': b'-- Up-to-date: /home/subhalaxmi/nidar_ws/install/px4_msgs/include/px4_msgs/px4_msgs/msg/detail/arming_check_request__builder.hpp\n'}
[6.075455] (px4_msgs) StdoutLine: {'line': b'-- Up-to-date: /home/subhalaxmi/nidar_ws/install/px4_msgs/include/px4_msgs/px4_msgs/msg/detail/vehicle_torque_setpoint__builder.hpp\n'}
[6.075553] (px4_msgs) StdoutLine: {'line': b'-- Up-to-date: /home/subhalaxmi/nidar_ws/install/px4_msgs/include/px4_msgs/px4_msgs/msg/detail/estimator_status__builder.hpp\n'}
[6.075652] (px4_msgs) StdoutLine: {'line': b'-- Up-to-date: /home/subhalaxmi/nidar_ws/install/px4_msgs/include/px4_msgs/px4_msgs/msg/detail/actuator_servos_trim__builder.hpp\n'}
[6.075760] (px4_msgs) StdoutLine: {'line': b'-- Up-to-date: /home/subhalaxmi/nidar_ws/install/px4_msgs/include/px4_msgs/px4_msgs/msg/detail/vehicle_control_mode__type_support.hpp\n'}
[6.075898] (px4_msgs) StdoutLine: {'line': b'-- Up-to-date: /home/subhalaxmi/nidar_ws/install/px4_msgs/include/px4_msgs/px4_msgs/msg/detail/sensor_temp__type_support.hpp\n'}
[6.076082] (px4_msgs) StdoutLine: {'line': b'-- Up-to-date: /home/subhalaxmi/nidar_ws/install/px4_msgs/include/px4_msgs/px4_msgs/msg/detail/actuator_armed__traits.hpp\n'}
[6.076219] (px4_msgs) StdoutLine: {'line': b'-- Up-to-date: /home/subhalaxmi/nidar_ws/install/px4_msgs/include/px4_msgs/px4_msgs/msg/detail/qshell_req__struct.hpp\n'}
[6.076323] (px4_msgs) StdoutLine: {'line': b'-- Up-to-date: /home/subhalaxmi/nidar_ws/install/px4_msgs/include/px4_msgs/px4_msgs/msg/detail/rover_rate_setpoint__struct.hpp\n'}
[6.076423] (px4_msgs) StdoutLine: {'line': b'-- Up-to-date: /home/subhalaxmi/nidar_ws/install/px4_msgs/include/px4_msgs/px4_msgs/msg/detail/estimator_status_flags__traits.hpp\n'}
[6.076532] (px4_msgs) StdoutLine: {'line': b'-- Up-to-date: /home/subhalaxmi/nidar_ws/install/px4_msgs/include/px4_msgs/px4_msgs/msg/detail/mission_result__traits.hpp\n'}
[6.076633] (px4_msgs) StdoutLine: {'line': b'-- Up-to-date: /home/subhalaxmi/nidar_ws/install/px4_msgs/include/px4_msgs/px4_msgs/msg/detail/sensor_gyro_fifo__builder.hpp\n'}
[6.076732] (px4_msgs) StdoutLine: {'line': b'-- Up-to-date: /home/subhalaxmi/nidar_ws/install/px4_msgs/include/px4_msgs/px4_msgs/msg/detail/telemetry_status__type_support.hpp\n'}
[6.076879] (px4_msgs) StdoutLine: {'line': b'-- Up-to-date: /home/subhalaxmi/nidar_ws/install/px4_msgs/include/px4_msgs/px4_msgs/msg/detail/qshell_retval__struct.hpp\n'}
[6.077019] (px4_msgs) StdoutLine: {'line': b'-- Up-to-date: /home/subhalaxmi/nidar_ws/install/px4_msgs/include/px4_msgs/px4_msgs/msg/detail/debug_value__builder.hpp\n'}
[6.077214] (px4_msgs) StdoutLine: {'line': b'-- Up-to-date: /home/subhalaxmi/nidar_ws/install/px4_msgs/include/px4_msgs/px4_msgs/msg/detail/estimator_bias3d__builder.hpp\n'}
[6.077327] (px4_msgs) StdoutLine: {'line': b'-- Up-to-date: /home/subhalaxmi/nidar_ws/install/px4_msgs/include/px4_msgs/px4_msgs/msg/detail/sensor_optical_flow__struct.hpp\n'}
[6.077467] (px4_msgs) StdoutLine: {'line': b'-- Up-to-date: /home/subhalaxmi/nidar_ws/install/px4_msgs/include/px4_msgs/px4_msgs/msg/detail/actuator_controls_status__struct.hpp\n'}
[6.077570] (px4_msgs) StdoutLine: {'line': b'-- Up-to-date: /home/subhalaxmi/nidar_ws/install/px4_msgs/include/px4_msgs/px4_msgs/msg/detail/vtx__type_support.hpp\n'}
[6.077668] (px4_msgs) StdoutLine: {'line': b'-- Up-to-date: /home/subhalaxmi/nidar_ws/install/px4_msgs/include/px4_msgs/px4_msgs/msg/detail/vehicle_imu__struct.hpp\n'}
[6.077766] (px4_msgs) StdoutLine: {'line': b'-- Up-to-date: /home/subhalaxmi/nidar_ws/install/px4_msgs/include/px4_msgs/px4_msgs/msg/detail/task_stack_info__traits.hpp\n'}
[6.077863] (px4_msgs) StdoutLine: {'line': b'-- Up-to-date: /home/subhalaxmi/nidar_ws/install/px4_msgs/include/px4_msgs/px4_msgs/msg/detail/mission_result__type_support.hpp\n'}
[6.077959] (px4_msgs) StdoutLine: {'line': b'-- Up-to-date: /home/subhalaxmi/nidar_ws/install/px4_msgs/include/px4_msgs/px4_msgs/msg/detail/trajectory_setpoint6dof__traits.hpp\n'}
[6.078056] (px4_msgs) StdoutLine: {'line': b'-- Up-to-date: /home/subhalaxmi/nidar_ws/install/px4_msgs/include/px4_msgs/px4_msgs/msg/detail/airspeed_validated__struct.hpp\n'}
[6.078180] (px4_msgs) StdoutLine: {'line': b'-- Up-to-date: /home/subhalaxmi/nidar_ws/install/px4_msgs/include/px4_msgs/px4_msgs/msg/detail/open_drone_id_system__type_support.hpp\n'}
[6.078313] (px4_msgs) StdoutLine: {'line': b'-- Up-to-date: /home/subhalaxmi/nidar_ws/install/px4_msgs/include/px4_msgs/px4_msgs/msg/detail/wind__builder.hpp\n'}
[6.078421] (px4_msgs) StdoutLine: {'line': b'-- Up-to-date: /home/subhalaxmi/nidar_ws/install/px4_msgs/include/px4_msgs/px4_msgs/msg/detail/distance_sensor__builder.hpp\n'}
[6.078578] (px4_msgs) StdoutLine: {'line': b'-- Up-to-date: /home/subhalaxmi/nidar_ws/install/px4_msgs/include/px4_msgs/px4_msgs/msg/detail/actuator_armed__builder.hpp\n'}
[6.078723] (px4_msgs) StdoutLine: {'line': b'-- Up-to-date: /home/subhalaxmi/nidar_ws/install/px4_msgs/include/px4_msgs/px4_msgs/msg/detail/sensor_mag__builder.hpp\n'}
[6.078858] (px4_msgs) StdoutLine: {'line': b'-- Up-to-date: /home/subhalaxmi/nidar_ws/install/px4_msgs/include/px4_msgs/px4_msgs/msg/detail/velocity_limits__struct.hpp\n'}
[6.078996] (px4_msgs) StdoutLine: {'line': b'-- Up-to-date: /home/subhalaxmi/nidar_ws/install/px4_msgs/include/px4_msgs/px4_msgs/msg/detail/collision_constraints__builder.hpp\n'}
[6.079149] (px4_msgs) StdoutLine: {'line': b'-- Up-to-date: /home/subhalaxmi/nidar_ws/install/px4_msgs/include/px4_msgs/px4_msgs/msg/detail/estimator_selector_status__struct.hpp\n'}
[6.079344] (px4_msgs) StdoutLine: {'line': b'-- Up-to-date: /home/subhalaxmi/nidar_ws/install/px4_msgs/include/px4_msgs/px4_msgs/msg/detail/vehicle_air_data__struct.hpp\n'}
[6.079457] (px4_msgs) StdoutLine: {'line': b'-- Up-to-date: /home/subhalaxmi/nidar_ws/install/px4_msgs/include/px4_msgs/px4_msgs/msg/detail/rover_rate_status__traits.hpp\n'}
[6.079555] (px4_msgs) StdoutLine: {'line': b'-- Up-to-date: /home/subhalaxmi/nidar_ws/install/px4_msgs/include/px4_msgs/px4_msgs/msg/detail/fuel_tank_status__type_support.hpp\n'}
[6.079653] (px4_msgs) StdoutLine: {'line': b'-- Up-to-date: /home/subhalaxmi/nidar_ws/install/px4_msgs/include/px4_msgs/px4_msgs/msg/detail/geofence_result__struct.hpp\n'}
[6.079750] (px4_msgs) StdoutLine: {'line': b'-- Up-to-date: /home/subhalaxmi/nidar_ws/install/px4_msgs/include/px4_msgs/px4_msgs/msg/detail/vehicle_magnetometer__type_support.hpp\n'}
[6.079868] (px4_msgs) StdoutLine: {'line': b'-- Up-to-date: /home/subhalaxmi/nidar_ws/install/px4_msgs/include/px4_msgs/px4_msgs/msg/detail/landing_gear_wheel__type_support.hpp\n'}
[6.080008] (px4_msgs) StdoutLine: {'line': b'-- Up-to-date: /home/subhalaxmi/nidar_ws/install/px4_msgs/include/px4_msgs/px4_msgs/msg/detail/debug_vect__type_support.hpp\n'}
[6.080158] (px4_msgs) StdoutLine: {'line': b'-- Up-to-date: /home/subhalaxmi/nidar_ws/install/px4_msgs/include/px4_msgs/px4_msgs/msg/detail/estimator_bias3d__type_support.hpp\n'}
[6.080328] (px4_msgs) StdoutLine: {'line': b'-- Up-to-date: /home/subhalaxmi/nidar_ws/install/px4_msgs/include/px4_msgs/px4_msgs/msg/detail/power_button_state__struct.hpp\n'}
[6.080431] (px4_msgs) StdoutLine: {'line': b'-- Up-to-date: /home/subhalaxmi/nidar_ws/install/px4_msgs/include/px4_msgs/px4_msgs/msg/detail/gps_inject_data__type_support.hpp\n'}
[6.080568] (px4_msgs) StdoutLine: {'line': b'-- Up-to-date: /home/subhalaxmi/nidar_ws/install/px4_msgs/include/px4_msgs/px4_msgs/msg/detail/distance_sensor__traits.hpp\n'}
[6.080705] (px4_msgs) StdoutLine: {'line': b'-- Up-to-date: /home/subhalaxmi/nidar_ws/install/px4_msgs/include/px4_msgs/px4_msgs/msg/detail/vehicle_optical_flow__struct.hpp\n'}
[6.080842] (px4_msgs) StdoutLine: {'line': b'-- Up-to-date: /home/subhalaxmi/nidar_ws/install/px4_msgs/include/px4_msgs/px4_msgs/msg/detail/orb_test_large__type_support.hpp\n'}
[6.080979] (px4_msgs) StdoutLine: {'line': b'-- Up-to-date: /home/subhalaxmi/nidar_ws/install/px4_msgs/include/px4_msgs/px4_msgs/msg/detail/sensors_status_imu__struct.hpp\n'}
[6.081136] (px4_msgs) StdoutLine: {'line': b'-- Up-to-date: /home/subhalaxmi/nidar_ws/install/px4_msgs/include/px4_msgs/px4_msgs/msg/detail/debug_value__type_support.hpp\n'}
[6.081343] (px4_msgs) StdoutLine: {'line': b'-- Up-to-date: /home/subhalaxmi/nidar_ws/install/px4_msgs/include/px4_msgs/px4_msgs/msg/detail/register_ext_component_reply__type_support.hpp\n'}
[6.081445] (px4_msgs) StdoutLine: {'line': b'-- Up-to-date: /home/subhalaxmi/nidar_ws/install/px4_msgs/include/px4_msgs/px4_msgs/msg/detail/follow_target_status__struct.hpp\n'}
[6.081543] (px4_msgs) StdoutLine: {'line': b'-- Up-to-date: /home/subhalaxmi/nidar_ws/install/px4_msgs/include/px4_msgs/px4_msgs/msg/detail/unregister_ext_component__type_support.hpp\n'}
[6.081639] (px4_msgs) StdoutLine: {'line': b'-- Up-to-date: /home/subhalaxmi/nidar_ws/install/px4_msgs/include/px4_msgs/px4_msgs/msg/detail/trajectory_setpoint6dof__type_support.hpp\n'}
[6.081736] (px4_msgs) StdoutLine: {'line': b'-- Up-to-date: /home/subhalaxmi/nidar_ws/install/px4_msgs/include/px4_msgs/px4_msgs/msg/detail/orb_test__struct.hpp\n'}
[6.081854] (px4_msgs) StdoutLine: {'line': b'-- Up-to-date: /home/subhalaxmi/nidar_ws/install/px4_msgs/include/px4_msgs/px4_msgs/msg/detail/button_event__traits.hpp\n'}
[6.082005] (px4_msgs) StdoutLine: {'line': b'-- Up-to-date: /home/subhalaxmi/nidar_ws/install/px4_msgs/include/px4_msgs/px4_msgs/msg/detail/uavcan_parameter_request__struct.hpp\n'}
[6.082170] (px4_msgs) StdoutLine: {'line': b'-- Up-to-date: /home/subhalaxmi/nidar_ws/install/px4_msgs/include/px4_msgs/px4_msgs/msg/detail/vehicle_status__type_support.hpp\n'}
[6.082423] (px4_msgs) StdoutLine: {'line': b'-- Up-to-date: /home/subhalaxmi/nidar_ws/install/px4_msgs/include/px4_msgs/px4_msgs/msg/detail/cellular_status__type_support.hpp\n'}
[6.082551] (px4_msgs) StdoutLine: {'line': b'-- Up-to-date: /home/subhalaxmi/nidar_ws/install/px4_msgs/include/px4_msgs/px4_msgs/msg/detail/vehicle_torque_setpoint__type_support.hpp\n'}
[6.082665] (px4_msgs) StdoutLine: {'line': b'-- Up-to-date: /home/subhalaxmi/nidar_ws/install/px4_msgs/include/px4_msgs/px4_msgs/msg/detail/magnetometer_bias_estimate__type_support.hpp\n'}
[6.082765] (px4_msgs) StdoutLine: {'line': b'-- Up-to-date: /home/subhalaxmi/nidar_ws/install/px4_msgs/include/px4_msgs/px4_msgs/msg/detail/orb_test__traits.hpp\n'}
[6.082866] (px4_msgs) StdoutLine: {'line': b'-- Up-to-date: /home/subhalaxmi/nidar_ws/install/px4_msgs/include/px4_msgs/px4_msgs/msg/detail/vtol_vehicle_status__struct.hpp\n'}
[6.082969] (px4_msgs) StdoutLine: {'line': b'-- Up-to-date: /home/subhalaxmi/nidar_ws/install/px4_msgs/include/px4_msgs/px4_msgs/msg/detail/uavcan_parameter_request__traits.hpp\n'}
[6.083158] (px4_msgs) StdoutLine: {'line': b'-- Up-to-date: /home/subhalaxmi/nidar_ws/install/px4_msgs/include/px4_msgs/px4_msgs/msg/detail/estimator_bias__struct.hpp\n'}
[6.083278] (px4_msgs) StdoutLine: {'line': b'-- Up-to-date: /home/subhalaxmi/nidar_ws/install/px4_msgs/include/px4_msgs/px4_msgs/msg/detail/gripper__struct.hpp\n'}
[6.083378] (px4_msgs) StdoutLine: {'line': b'-- Up-to-date: /home/subhalaxmi/nidar_ws/install/px4_msgs/include/px4_msgs/px4_msgs/msg/detail/rover_speed_status__traits.hpp\n'}
[6.083478] (px4_msgs) StdoutLine: {'line': b'-- Up-to-date: /home/subhalaxmi/nidar_ws/install/px4_msgs/include/px4_msgs/px4_msgs/msg/detail/distance_sensor_mode_change_request__builder.hpp\n'}
[6.083578] (px4_msgs) StdoutLine: {'line': b'-- Up-to-date: /home/subhalaxmi/nidar_ws/install/px4_msgs/include/px4_msgs/px4_msgs/msg/detail/battery_info__struct.hpp\n'}
[6.083676] (px4_msgs) StdoutLine: {'line': b'-- Up-to-date: /home/subhalaxmi/nidar_ws/install/px4_msgs/include/px4_msgs/px4_msgs/msg/detail/manual_control_setpoint__type_support.hpp\n'}
[6.083786] (px4_msgs) StdoutLine: {'line': b'-- Up-to-date: /home/subhalaxmi/nidar_ws/install/px4_msgs/include/px4_msgs/px4_msgs/msg/detail/ulog_stream_ack__builder.hpp\n'}
[6.083884] (px4_msgs) StdoutLine: {'line': b'-- Up-to-date: /home/subhalaxmi/nidar_ws/install/px4_msgs/include/px4_msgs/px4_msgs/msg/detail/sensor_gyro_fft__traits.hpp\n'}
[6.083981] (px4_msgs) StdoutLine: {'line': b'-- Up-to-date: /home/subhalaxmi/nidar_ws/install/px4_msgs/include/px4_msgs/px4_msgs/msg/detail/transponder_report__builder.hpp\n'}
[6.084077] (px4_msgs) StdoutLine: {'line': b'-- Up-to-date: /home/subhalaxmi/nidar_ws/install/px4_msgs/include/px4_msgs/px4_msgs/msg/detail/battery_status__traits.hpp\n'}
[6.084200] (px4_msgs) StdoutLine: {'line': b'-- Up-to-date: /home/subhalaxmi/nidar_ws/install/px4_msgs/include/px4_msgs/px4_msgs/msg/detail/vehicle_rates_setpoint__type_support.hpp\n'}
[6.084299] (px4_msgs) StdoutLine: {'line': b'-- Up-to-date: /home/subhalaxmi/nidar_ws/install/px4_msgs/include/px4_msgs/px4_msgs/msg/detail/arming_check_request__type_support.hpp\n'}
[6.084396] (px4_msgs) StdoutLine: {'line': b'-- Up-to-date: /home/subhalaxmi/nidar_ws/install/px4_msgs/include/px4_msgs/px4_msgs/msg/detail/landing_target_innovations__type_support.hpp\n'}
[6.084493] (px4_msgs) StdoutLine: {'line': b'-- Up-to-date: /home/subhalaxmi/nidar_ws/install/px4_msgs/include/px4_msgs/px4_msgs/msg/detail/follow_target_status__builder.hpp\n'}
[6.084590] (px4_msgs) StdoutLine: {'line': b'-- Up-to-date: /home/subhalaxmi/nidar_ws/install/px4_msgs/include/px4_msgs/px4_msgs/msg/detail/actuator_test__traits.hpp\n'}
[6.084703] (px4_msgs) StdoutLine: {'line': b'-- Up-to-date: /home/subhalaxmi/nidar_ws/install/px4_msgs/include/px4_msgs/px4_msgs/msg/detail/estimator_bias3d__traits.hpp\n'}
[6.084834] (px4_msgs) StdoutLine: {'line': b'-- Up-to-date: /home/subhalaxmi/nidar_ws/install/px4_msgs/include/px4_msgs/px4_msgs/msg/detail/failure_detector_status__struct.hpp\n'}
[6.084934] (px4_msgs) StdoutLine: {'line': b'-- Up-to-date: /home/subhalaxmi/nidar_ws/install/px4_msgs/include/px4_msgs/px4_msgs/msg/detail/vehicle_roi__struct.hpp\n'}
[6.085046] (px4_msgs) StdoutLine: {'line': b'-- Up-to-date: /home/subhalaxmi/nidar_ws/install/px4_msgs/include/px4_msgs/px4_msgs/msg/detail/mission_result__struct.hpp\n'}
[6.085172] (px4_msgs) StdoutLine: {'line': b'-- Up-to-date: /home/subhalaxmi/nidar_ws/install/px4_msgs/include/px4_msgs/px4_msgs/msg/detail/action_request__builder.hpp\n'}
[6.085335] (px4_msgs) StdoutLine: {'line': b'-- Up-to-date: /home/subhalaxmi/nidar_ws/install/px4_msgs/include/px4_msgs/px4_msgs/msg/detail/mission__struct.hpp\n'}
[6.085511] (px4_msgs) StdoutLine: {'line': b'-- Up-to-date: /home/subhalaxmi/nidar_ws/install/px4_msgs/include/px4_msgs/px4_msgs/msg/detail/figure_eight_status__builder.hpp\n'}
[6.085689] (px4_msgs) StdoutLine: {'line': b'-- Up-to-date: /home/subhalaxmi/nidar_ws/install/px4_msgs/include/px4_msgs/px4_msgs/msg/detail/vtx__traits.hpp\n'}
[6.085871] (px4_msgs) StdoutLine: {'line': b'-- Up-to-date: /home/subhalaxmi/nidar_ws/install/px4_msgs/include/px4_msgs/px4_msgs/msg/detail/gain_compression__struct.hpp\n'}
[6.086029] (px4_msgs) StdoutLine: {'line': b'-- Up-to-date: /home/subhalaxmi/nidar_ws/install/px4_msgs/include/px4_msgs/px4_msgs/msg/detail/orb_test_large__traits.hpp\n'}
[6.086247] (px4_msgs) StdoutLine: {'line': b'-- Up-to-date: /home/subhalaxmi/nidar_ws/install/px4_msgs/include/px4_msgs/px4_msgs/msg/detail/fixed_wing_longitudinal_setpoint__builder.hpp\n'}
[6.086397] (px4_msgs) StdoutLine: {'line': b'-- Up-to-date: /home/subhalaxmi/nidar_ws/install/px4_msgs/include/px4_msgs/px4_msgs/msg/detail/launch_detection_status__type_support.hpp\n'}
[6.086499] (px4_msgs) StdoutLine: {'line': b'-- Up-to-date: /home/subhalaxmi/nidar_ws/install/px4_msgs/include/px4_msgs/px4_msgs/msg/detail/launch_detection_status__struct.hpp\n'}
[6.086653] (px4_msgs) StdoutLine: {'line': b'-- Up-to-date: /home/subhalaxmi/nidar_ws/install/px4_msgs/include/px4_msgs/px4_msgs/msg/detail/input_rc__struct.hpp\n'}
[6.086847] (px4_msgs) StdoutLine: {'line': b'-- Up-to-date: /home/subhalaxmi/nidar_ws/install/px4_msgs/include/px4_msgs/px4_msgs/msg/detail/raptor_input__traits.hpp\n'}
[6.086949] (px4_msgs) StdoutLine: {'line': b'-- Up-to-date: /home/subhalaxmi/nidar_ws/install/px4_msgs/include/px4_msgs/px4_msgs/msg/detail/position_controller_landing_status__struct.hpp\n'}
[6.087049] (px4_msgs) StdoutLine: {'line': b'-- Up-to-date: /home/subhalaxmi/nidar_ws/install/px4_msgs/include/px4_msgs/px4_msgs/msg/detail/timesync_status__builder.hpp\n'}
[6.087175] (px4_msgs) StdoutLine: {'line': b'-- Up-to-date: /home/subhalaxmi/nidar_ws/install/px4_msgs/include/px4_msgs/px4_msgs/msg/detail/sensors_status__traits.hpp\n'}
[6.087285] (px4_msgs) StdoutLine: {'line': b'-- Up-to-date: /home/subhalaxmi/nidar_ws/install/px4_msgs/include/px4_msgs/px4_msgs/msg/detail/qshell_req__builder.hpp\n'}
[6.087383] (px4_msgs) StdoutLine: {'line': b'-- Up-to-date: /home/subhalaxmi/nidar_ws/install/px4_msgs/include/px4_msgs/px4_msgs/msg/detail/onboard_computer_status__type_support.hpp\n'}
[6.087480] (px4_msgs) StdoutLine: {'line': b'-- Up-to-date: /home/subhalaxmi/nidar_ws/install/px4_msgs/include/px4_msgs/px4_msgs/msg/detail/actuator_outputs__traits.hpp\n'}
[6.087587] (px4_msgs) StdoutLine: {'line': b'-- Up-to-date: /home/subhalaxmi/nidar_ws/install/px4_msgs/include/px4_msgs/px4_msgs/msg/detail/arming_check_reply__type_support.hpp\n'}
[6.087687] (px4_msgs) StdoutLine: {'line': b'-- Up-to-date: /home/subhalaxmi/nidar_ws/install/px4_msgs/include/px4_msgs/px4_msgs/msg/detail/wheel_encoders__struct.hpp\n'}
[6.087807] (px4_msgs) StdoutLine: {'line': b'-- Up-to-date: /home/subhalaxmi/nidar_ws/install/px4_msgs/include/px4_msgs/px4_msgs/msg/detail/vtx__builder.hpp\n'}
[6.087953] (px4_msgs) StdoutLine: {'line': b'-- Up-to-date: /home/subhalaxmi/nidar_ws/install/px4_msgs/include/px4_msgs/px4_msgs/msg/detail/sensor_gnss_status__struct.hpp\n'}
[6.088094] (px4_msgs) StdoutLine: {'line': b'-- Up-to-date: /home/subhalaxmi/nidar_ws/install/px4_msgs/include/px4_msgs/px4_msgs/msg/detail/figure_eight_status__traits.hpp\n'}
[6.088297] (px4_msgs) StdoutLine: {'line': b'-- Up-to-date: /home/subhalaxmi/nidar_ws/install/px4_msgs/include/px4_msgs/px4_msgs/msg/detail/autotune_attitude_control_status__type_support.hpp\n'}
[6.088416] (px4_msgs) StdoutLine: {'line': b'-- Up-to-date: /home/subhalaxmi/nidar_ws/install/px4_msgs/include/px4_msgs/px4_msgs/msg/detail/gpio_out__struct.hpp\n'}
[6.088514] (px4_msgs) StdoutLine: {'line': b'-- Up-to-date: /home/subhalaxmi/nidar_ws/install/px4_msgs/include/px4_msgs/px4_msgs/msg/detail/home_position__struct.hpp\n'}
[6.088612] (px4_msgs) StdoutLine: {'line': b'-- Up-to-date: /home/subhalaxmi/nidar_ws/install/px4_msgs/include/px4_msgs/px4_msgs/msg/detail/launch_detection_status__builder.hpp\n'}
[6.088709] (px4_msgs) StdoutLine: {'line': b'-- Up-to-date: /home/subhalaxmi/nidar_ws/install/px4_msgs/include/px4_msgs/px4_msgs/msg/detail/actuator_motors__type_support.hpp\n'}
[6.088823] (px4_msgs) StdoutLine: {'line': b'-- Up-to-date: /home/subhalaxmi/nidar_ws/install/px4_msgs/include/px4_msgs/px4_msgs/msg/detail/can_interface_status__builder.hpp\n'}
[6.088963] (px4_msgs) StdoutLine: {'line': b'-- Up-to-date: /home/subhalaxmi/nidar_ws/install/px4_msgs/include/px4_msgs/px4_msgs/msg/detail/vehicle_angular_velocity__builder.hpp\n'}
[6.089099] (px4_msgs) StdoutLine: {'line': b'-- Up-to-date: /home/subhalaxmi/nidar_ws/install/px4_msgs/include/px4_msgs/px4_msgs/msg/detail/button_event__type_support.hpp\n'}
[6.089296] (px4_msgs) StdoutLine: {'line': b'-- Up-to-date: /home/subhalaxmi/nidar_ws/install/px4_msgs/include/px4_msgs/px4_msgs/msg/detail/led_control__type_support.hpp\n'}
[6.089401] (px4_msgs) StdoutLine: {'line': b'-- Up-to-date: /home/subhalaxmi/nidar_ws/install/px4_msgs/include/px4_msgs/px4_msgs/msg/detail/input_rc__type_support.hpp\n'}
[6.089498] (px4_msgs) StdoutLine: {'line': b'-- Up-to-date: /home/subhalaxmi/nidar_ws/install/px4_msgs/include/px4_msgs/px4_msgs/msg/detail/sensor_gyro_fifo__struct.hpp\n'}
[6.089596] (px4_msgs) StdoutLine: {'line': b'-- Up-to-date: /home/subhalaxmi/nidar_ws/install/px4_msgs/include/px4_msgs/px4_msgs/msg/detail/actuator_motors__traits.hpp\n'}
[6.089694] (px4_msgs) StdoutLine: {'line': b'-- Up-to-date: /home/subhalaxmi/nidar_ws/install/px4_msgs/include/px4_msgs/px4_msgs/msg/detail/vehicle_optical_flow__builder.hpp\n'}
[6.089792] (px4_msgs) StdoutLine: {'line': b'-- Up-to-date: /home/subhalaxmi/nidar_ws/install/px4_msgs/include/px4_msgs/px4_msgs/msg/detail/sensor_accel__traits.hpp\n'}
[6.089890] (px4_msgs) StdoutLine: {'line': b'-- Up-to-date: /home/subhalaxmi/nidar_ws/install/px4_msgs/include/px4_msgs/px4_msgs/msg/detail/ulog_stream__builder.hpp\n'}
[6.089986] (px4_msgs) StdoutLine: {'line': b'-- Up-to-date: /home/subhalaxmi/nidar_ws/install/px4_msgs/include/px4_msgs/px4_msgs/msg/detail/open_drone_id_arm_status__type_support.hpp\n'}
[6.090085] (px4_msgs) StdoutLine: {'line': b'-- Up-to-date: /home/subhalaxmi/nidar_ws/install/px4_msgs/include/px4_msgs/px4_msgs/msg/detail/mavlink_log__type_support.hpp\n'}
[6.090229] (px4_msgs) StdoutLine: {'line': b'-- Up-to-date: /home/subhalaxmi/nidar_ws/install/px4_msgs/include/px4_msgs/px4_msgs/msg/detail/vehicle_command_ack__traits.hpp\n'}
[6.090395] (px4_msgs) StdoutLine: {'line': b'-- Up-to-date: /home/subhalaxmi/nidar_ws/install/px4_msgs/include/px4_msgs/px4_msgs/msg/detail/estimator_aid_source1d__type_support.hpp\n'}
[6.090497] (px4_msgs) StdoutLine: {'line': b'-- Up-to-date: /home/subhalaxmi/nidar_ws/install/px4_msgs/include/px4_msgs/px4_msgs/msg/detail/esc_status__type_support.hpp\n'}
[6.090613] (px4_msgs) StdoutLine: {'line': b'-- Up-to-date: /home/subhalaxmi/nidar_ws/install/px4_msgs/include/px4_msgs/px4_msgs/msg/detail/heater_status__builder.hpp\n'}
[6.090712] (px4_msgs) StdoutLine: {'line': b'-- Up-to-date: /home/subhalaxmi/nidar_ws/install/px4_msgs/include/px4_msgs/px4_msgs/msg/detail/gimbal_manager_set_manual_control__traits.hpp\n'}
[6.090810] (px4_msgs) StdoutLine: {'line': b'-- Up-to-date: /home/subhalaxmi/nidar_ws/install/px4_msgs/include/px4_msgs/px4_msgs/msg/detail/actuator_outputs__builder.hpp\n'}
[6.090906] (px4_msgs) StdoutLine: {'line': b'-- Up-to-date: /home/subhalaxmi/nidar_ws/install/px4_msgs/include/px4_msgs/px4_msgs/msg/detail/ping__traits.hpp\n'}
[6.091011] (px4_msgs) StdoutLine: {'line': b'-- Up-to-date: /home/subhalaxmi/nidar_ws/install/px4_msgs/include/px4_msgs/px4_msgs/msg/detail/parameter_set_value_request__builder.hpp\n'}
[6.091139] (px4_msgs) StdoutLine: {'line': b'-- Up-to-date: /home/subhalaxmi/nidar_ws/install/px4_msgs/include/px4_msgs/px4_msgs/msg/detail/rover_rate_setpoint__traits.hpp\n'}
[6.091327] (px4_msgs) StdoutLine: {'line': b'-- Up-to-date: /home/subhalaxmi/nidar_ws/install/px4_msgs/include/px4_msgs/px4_msgs/msg/detail/sensor_mag__traits.hpp\n'}
[6.091430] (px4_msgs) StdoutLine: {'line': b'-- Up-to-date: /home/subhalaxmi/nidar_ws/install/px4_msgs/include/px4_msgs/px4_msgs/msg/detail/vehicle_local_position__type_support.hpp\n'}
[6.091528] (px4_msgs) StdoutLine: {'line': b'-- Up-to-date: /home/subhalaxmi/nidar_ws/install/px4_msgs/include/px4_msgs/px4_msgs/msg/detail/sensor_gnss_relative__type_support.hpp\n'}
[6.091624] (px4_msgs) StdoutLine: {'line': b'-- Up-to-date: /home/subhalaxmi/nidar_ws/install/px4_msgs/include/px4_msgs/px4_msgs/msg/detail/vehicle_attitude__traits.hpp\n'}
[6.091722] (px4_msgs) StdoutLine: {'line': b'-- Up-to-date: /home/subhalaxmi/nidar_ws/install/px4_msgs/include/px4_msgs/px4_msgs/msg/detail/follow_target_estimator__builder.hpp\n'}
[6.091819] (px4_msgs) StdoutLine: {'line': b'-- Up-to-date: /home/subhalaxmi/nidar_ws/install/px4_msgs/include/px4_msgs/px4_msgs/msg/detail/position_setpoint__type_support.hpp\n'}
[6.091916] (px4_msgs) StdoutLine: {'line': b'-- Up-to-date: /home/subhalaxmi/nidar_ws/install/px4_msgs/include/px4_msgs/px4_msgs/msg/detail/rate_ctrl_status__struct.hpp\n'}
[6.092012] (px4_msgs) StdoutLine: {'line': b'-- Up-to-date: /home/subhalaxmi/nidar_ws/install/px4_msgs/include/px4_msgs/px4_msgs/msg/detail/parameter_reset_request__struct.hpp\n'}
[6.092109] (px4_msgs) StdoutLine: {'line': b'-- Up-to-date: /home/subhalaxmi/nidar_ws/install/px4_msgs/include/px4_msgs/px4_msgs/msg/detail/sensor_selection__traits.hpp\n'}
[6.092242] (px4_msgs) StdoutLine: {'line': b'-- Up-to-date: /home/subhalaxmi/nidar_ws/install/px4_msgs/include/px4_msgs/px4_msgs/msg/detail/config_overrides__struct.hpp\n'}
[6.092341] (px4_msgs) StdoutLine: {'line': b'-- Up-to-date: /home/subhalaxmi/nidar_ws/install/px4_msgs/include/px4_msgs/px4_msgs/msg/detail/gpio_in__builder.hpp\n'}
[6.092439] (px4_msgs) StdoutLine: {'line': b'-- Up-to-date: /home/subhalaxmi/nidar_ws/install/px4_msgs/include/px4_msgs/px4_msgs/msg/detail/sensor_gps__builder.hpp\n'}
[6.092537] (px4_msgs) StdoutLine: {'line': b'-- Up-to-date: /home/subhalaxmi/nidar_ws/install/px4_msgs/include/px4_msgs/px4_msgs/msg/detail/parameter_update__builder.hpp\n'}
[6.092658] (px4_msgs) StdoutLine: {'line': b'-- Up-to-date: /home/subhalaxmi/nidar_ws/install/px4_msgs/include/px4_msgs/px4_msgs/msg/detail/dataman_request__builder.hpp\n'}
[6.092818] (px4_msgs) StdoutLine: {'line': b'-- Up-to-date: /home/subhalaxmi/nidar_ws/install/px4_msgs/include/px4_msgs/px4_msgs/msg/detail/goto_setpoint__traits.hpp\n'}
[6.092962] (px4_msgs) StdoutLine: {'line': b'-- Up-to-date: /home/subhalaxmi/nidar_ws/install/px4_msgs/include/px4_msgs/px4_msgs/msg/detail/follow_target_estimator__struct.hpp\n'}
[6.093097] (px4_msgs) StdoutLine: {'line': b'-- Up-to-date: /home/subhalaxmi/nidar_ws/install/px4_msgs/include/px4_msgs/px4_msgs/msg/detail/position_setpoint__traits.hpp\n'}
[6.093292] (px4_msgs) StdoutLine: {'line': b'-- Up-to-date: /home/subhalaxmi/nidar_ws/install/px4_msgs/include/px4_msgs/px4_msgs/msg/detail/longitudinal_control_configuration__builder.hpp\n'}
[6.093396] (px4_msgs) StdoutLine: {'line': b'-- Up-to-date: /home/subhalaxmi/nidar_ws/install/px4_msgs/include/px4_msgs/px4_msgs/msg/detail/debug_array__traits.hpp\n'}
[6.093494] (px4_msgs) StdoutLine: {'line': b'-- Up-to-date: /home/subhalaxmi/nidar_ws/install/px4_msgs/include/px4_msgs/px4_msgs/msg/detail/fixed_wing_runway_control__builder.hpp\n'}
[6.093592] (px4_msgs) StdoutLine: {'line': b'-- Up-to-date: /home/subhalaxmi/nidar_ws/install/px4_msgs/include/px4_msgs/px4_msgs/msg/detail/airspeed_wind__builder.hpp\n'}
[6.093748] (px4_msgs) StdoutLine: {'line': b'-- Up-to-date: /home/subhalaxmi/nidar_ws/install/px4_msgs/include/px4_msgs/px4_msgs/msg/detail/estimator_sensor_bias__type_support.hpp\n'}
[6.093886] (px4_msgs) StdoutLine: {'line': b'-- Up-to-date: /home/subhalaxmi/nidar_ws/install/px4_msgs/include/px4_msgs/px4_msgs/msg/detail/rover_position_setpoint__traits.hpp\n'}
[6.094024] (px4_msgs) StdoutLine: {'line': b'-- Up-to-date: /home/subhalaxmi/nidar_ws/install/px4_msgs/include/px4_msgs/px4_msgs/msg/detail/landing_target_innovations__builder.hpp\n'}
[6.094221] (px4_msgs) StdoutLine: {'line': b'-- Up-to-date: /home/subhalaxmi/nidar_ws/install/px4_msgs/include/px4_msgs/px4_msgs/msg/detail/vehicle_global_position__builder.hpp\n'}
[6.094337] (px4_msgs) StdoutLine: {'line': b'-- Up-to-date: /home/subhalaxmi/nidar_ws/install/px4_msgs/include/px4_msgs/px4_msgs/msg/detail/message_format_response__builder.hpp\n'}
[6.094458] (px4_msgs) StdoutLine: {'line': b'-- Up-to-date: /home/subhalaxmi/nidar_ws/install/px4_msgs/include/px4_msgs/px4_msgs/msg/detail/tiltrotor_extra_controls__struct.hpp\n'}
[6.094556] (px4_msgs) StdoutLine: {'line': b'-- Up-to-date: /home/subhalaxmi/nidar_ws/install/px4_msgs/include/px4_msgs/px4_msgs/msg/detail/vehicle_control_mode__builder.hpp\n'}
[6.094654] (px4_msgs) StdoutLine: {'line': b'-- Up-to-date: /home/subhalaxmi/nidar_ws/install/px4_msgs/include/px4_msgs/px4_msgs/msg/detail/vehicle_optical_flow_vel__traits.hpp\n'}
[6.094756] (px4_msgs) StdoutLine: {'line': b'-- Up-to-date: /home/subhalaxmi/nidar_ws/install/px4_msgs/include/px4_msgs/px4_msgs/msg/detail/gps_dump__type_support.hpp\n'}
[6.094856] (px4_msgs) StdoutLine: {'line': b'-- Up-to-date: /home/subhalaxmi/nidar_ws/install/px4_msgs/include/px4_msgs/px4_msgs/msg/detail/rpm__traits.hpp\n'}
[6.094954] (px4_msgs) StdoutLine: {'line': b'-- Up-to-date: /home/subhalaxmi/nidar_ws/install/px4_msgs/include/px4_msgs/px4_msgs/msg/detail/battery_status__struct.hpp\n'}
[6.095073] (px4_msgs) StdoutLine: {'line': b'-- Up-to-date: /home/subhalaxmi/nidar_ws/install/px4_msgs/include/px4_msgs/px4_msgs/msg/detail/sensor_selection__type_support.hpp\n'}
[6.095269] (px4_msgs) StdoutLine: {'line': b'-- Up-to-date: /home/subhalaxmi/nidar_ws/install/px4_msgs/include/px4_msgs/px4_msgs/msg/detail/mission__traits.hpp\n'}
[6.095412] (px4_msgs) StdoutLine: {'line': b'-- Up-to-date: /home/subhalaxmi/nidar_ws/install/px4_msgs/include/px4_msgs/px4_msgs/msg/detail/system_power__traits.hpp\n'}
[6.095566] (px4_msgs) StdoutLine: {'line': b'-- Up-to-date: /home/subhalaxmi/nidar_ws/install/px4_msgs/include/px4_msgs/px4_msgs/msg/detail/tecs_status__traits.hpp\n'}
[6.095706] (px4_msgs) StdoutLine: {'line': b'-- Up-to-date: /home/subhalaxmi/nidar_ws/install/px4_msgs/include/px4_msgs/px4_msgs/msg/detail/telemetry_status__struct.hpp\n'}
[6.095844] (px4_msgs) StdoutLine: {'line': b'-- Up-to-date: /home/subhalaxmi/nidar_ws/install/px4_msgs/include/px4_msgs/px4_msgs/msg/detail/vehicle_control_mode__struct.hpp\n'}
[6.095981] (px4_msgs) StdoutLine: {'line': b'-- Up-to-date: /home/subhalaxmi/nidar_ws/install/px4_msgs/include/px4_msgs/px4_msgs/msg/detail/power_button_state__traits.hpp\n'}
[6.096141] (px4_msgs) StdoutLine: {'line': b'-- Up-to-date: /home/subhalaxmi/nidar_ws/install/px4_msgs/include/px4_msgs/px4_msgs/msg/detail/parameter_set_value_request__type_support.hpp\n'}
[6.096343] (px4_msgs) StdoutLine: {'line': b'-- Up-to-date: /home/subhalaxmi/nidar_ws/install/px4_msgs/include/px4_msgs/px4_msgs/msg/detail/actuator_servos__type_support.hpp\n'}
[6.096443] (px4_msgs) StdoutLine: {'line': b'-- Up-to-date: /home/subhalaxmi/nidar_ws/install/px4_msgs/include/px4_msgs/px4_msgs/msg/detail/sensor_optical_flow__traits.hpp\n'}
[6.096541] (px4_msgs) StdoutLine: {'line': b'-- Up-to-date: /home/subhalaxmi/nidar_ws/install/px4_msgs/include/px4_msgs/px4_msgs/msg/detail/internal_combustion_engine_control__struct.hpp\n'}
[6.096637] (px4_msgs) StdoutLine: {'line': b'-- Up-to-date: /home/subhalaxmi/nidar_ws/install/px4_msgs/include/px4_msgs/px4_msgs/msg/detail/mag_worker_data__builder.hpp\n'}
[6.096735] (px4_msgs) StdoutLine: {'line': b'-- Up-to-date: /home/subhalaxmi/nidar_ws/install/px4_msgs/include/px4_msgs/px4_msgs/msg/detail/vehicle_local_position__builder.hpp\n'}
[6.096846] (px4_msgs) StdoutLine: {'line': b'-- Up-to-date: /home/subhalaxmi/nidar_ws/install/px4_msgs/include/px4_msgs/px4_msgs/msg/detail/distance_sensor__type_support.hpp\n'}
[6.096943] (px4_msgs) StdoutLine: {'line': b'-- Up-to-date: /home/subhalaxmi/nidar_ws/install/px4_msgs/include/px4_msgs/px4_msgs/msg/detail/fixed_wing_lateral_status__type_support.hpp\n'}
[6.097039] (px4_msgs) StdoutLine: {'line': b'-- Up-to-date: /home/subhalaxmi/nidar_ws/install/px4_msgs/include/px4_msgs/px4_msgs/msg/detail/sensor_gps__traits.hpp\n'}
[6.097153] (px4_msgs) StdoutLine: {'line': b'-- Up-to-date: /home/subhalaxmi/nidar_ws/install/px4_msgs/include/px4_msgs/px4_msgs/msg/detail/rover_attitude_setpoint__traits.hpp\n'}
[6.097265] (px4_msgs) StdoutLine: {'line': b'-- Up-to-date: /home/subhalaxmi/nidar_ws/install/px4_msgs/include/px4_msgs/px4_msgs/msg/detail/mission__builder.hpp\n'}
[6.097363] (px4_msgs) StdoutLine: {'line': b'-- Up-to-date: /home/subhalaxmi/nidar_ws/install/px4_msgs/include/px4_msgs/px4_msgs/msg/detail/estimator_innovations__builder.hpp\n'}
[6.097465] (px4_msgs) StdoutLine: {'line': b'-- Up-to-date: /home/subhalaxmi/nidar_ws/install/px4_msgs/include/px4_msgs/px4_msgs/msg/detail/open_drone_id_system__builder.hpp\n'}
[6.097619] (px4_msgs) StdoutLine: {'line': b'-- Up-to-date: /home/subhalaxmi/nidar_ws/install/px4_msgs/include/px4_msgs/px4_msgs/msg/detail/battery_info__builder.hpp\n'}
[6.097762] (px4_msgs) StdoutLine: {'line': b'-- Up-to-date: /home/subhalaxmi/nidar_ws/install/px4_msgs/include/px4_msgs/px4_msgs/msg/detail/pure_pursuit_status__builder.hpp\n'}
[6.097900] (px4_msgs) StdoutLine: {'line': b'-- Up-to-date: /home/subhalaxmi/nidar_ws/install/px4_msgs/include/px4_msgs/px4_msgs/msg/detail/gimbal_device_attitude_status__type_support.hpp\n'}
[6.098038] (px4_msgs) StdoutLine: {'line': b'-- Up-to-date: /home/subhalaxmi/nidar_ws/install/px4_msgs/include/px4_msgs/px4_msgs/msg/detail/actuator_test__type_support.hpp\n'}
[6.098236] (px4_msgs) StdoutLine: {'line': b'-- Up-to-date: /home/subhalaxmi/nidar_ws/install/px4_msgs/include/px4_msgs/px4_msgs/msg/detail/generator_status__struct.hpp\n'}
[6.098351] (px4_msgs) StdoutLine: {'line': b'-- Up-to-date: /home/subhalaxmi/nidar_ws/install/px4_msgs/include/px4_msgs/px4_msgs/msg/detail/vehicle_angular_velocity__struct.hpp\n'}
[6.098479] (px4_msgs) StdoutLine: {'line': b'-- Up-to-date: /home/subhalaxmi/nidar_ws/install/px4_msgs/include/px4_msgs/px4_msgs/msg/detail/sensor_gyro_fft__builder.hpp\n'}
[6.098658] (px4_msgs) StdoutLine: {'line': b'-- Up-to-date: /home/subhalaxmi/nidar_ws/install/px4_msgs/include/px4_msgs/px4_msgs/msg/detail/pwm_input__builder.hpp\n'}
[6.098761] (px4_msgs) StdoutLine: {'line': b'-- Up-to-date: /home/subhalaxmi/nidar_ws/install/px4_msgs/include/px4_msgs/px4_msgs/msg/detail/dataman_request__type_support.hpp\n'}
[6.098859] (px4_msgs) StdoutLine: {'line': b'-- Up-to-date: /home/subhalaxmi/nidar_ws/install/px4_msgs/include/px4_msgs/px4_msgs/msg/detail/landing_target_pose__struct.hpp\n'}
[6.098955] (px4_msgs) StdoutLine: {'line': b'-- Up-to-date: /home/subhalaxmi/nidar_ws/install/px4_msgs/include/px4_msgs/px4_msgs/msg/detail/vehicle_attitude__builder.hpp\n'}
[6.099052] (px4_msgs) StdoutLine: {'line': b'-- Up-to-date: /home/subhalaxmi/nidar_ws/install/px4_msgs/include/px4_msgs/px4_msgs/msg/detail/raptor_status__struct.hpp\n'}
[6.099176] (px4_msgs) StdoutLine: {'line': b'-- Up-to-date: /home/subhalaxmi/nidar_ws/install/px4_msgs/include/px4_msgs/px4_msgs/msg/detail/vehicle_attitude__struct.hpp\n'}
[6.099333] (px4_msgs) StdoutLine: {'line': b'-- Up-to-date: /home/subhalaxmi/nidar_ws/install/px4_msgs/include/px4_msgs/px4_msgs/msg/detail/heater_status__type_support.hpp\n'}
[6.099513] (px4_msgs) StdoutLine: {'line': b'-- Up-to-date: /home/subhalaxmi/nidar_ws/install/px4_msgs/include/px4_msgs/px4_msgs/msg/detail/fixed_wing_lateral_status__struct.hpp\n'}
[6.099698] (px4_msgs) StdoutLine: {'line': b'-- Up-to-date: /home/subhalaxmi/nidar_ws/install/px4_msgs/include/px4_msgs/px4_msgs/msg/detail/lateral_control_configuration__builder.hpp\n'}
[6.099866] (px4_msgs) StdoutLine: {'line': b'-- Up-to-date: /home/subhalaxmi/nidar_ws/install/px4_msgs/include/px4_msgs/px4_msgs/msg/detail/dataman_request__traits.hpp\n'}
[6.100021] (px4_msgs) StdoutLine: {'line': b'-- Up-to-date: /home/subhalaxmi/nidar_ws/install/px4_msgs/include/px4_msgs/px4_msgs/msg/detail/obstacle_distance__traits.hpp\n'}
[6.100238] (px4_msgs) StdoutLine: {'line': b'-- Up-to-date: /home/subhalaxmi/nidar_ws/install/px4_msgs/include/px4_msgs/px4_msgs/msg/detail/sensor_airflow__struct.hpp\n'}
[6.100356] (px4_msgs) StdoutLine: {'line': b'-- Up-to-date: /home/subhalaxmi/nidar_ws/install/px4_msgs/include/px4_msgs/px4_msgs/msg/detail/ping__builder.hpp\n'}
[6.100456] (px4_msgs) StdoutLine: {'line': b'-- Up-to-date: /home/subhalaxmi/nidar_ws/install/px4_msgs/include/px4_msgs/px4_msgs/msg/detail/esc_status__builder.hpp\n'}
[6.100554] (px4_msgs) StdoutLine: {'line': b'-- Up-to-date: /home/subhalaxmi/nidar_ws/install/px4_msgs/include/px4_msgs/px4_msgs/msg/detail/control_allocator_status__traits.hpp\n'}
[6.100699] (px4_msgs) StdoutLine: {'line': b'-- Up-to-date: /home/subhalaxmi/nidar_ws/install/px4_msgs/include/px4_msgs/px4_msgs/msg/detail/power_button_state__builder.hpp\n'}
[6.100835] (px4_msgs) StdoutLine: {'line': b'-- Up-to-date: /home/subhalaxmi/nidar_ws/install/px4_msgs/include/px4_msgs/px4_msgs/msg/detail/estimator_event_flags__type_support.hpp\n'}
[6.100972] (px4_msgs) StdoutLine: {'line': b'-- Up-to-date: /home/subhalaxmi/nidar_ws/install/px4_msgs/include/px4_msgs/px4_msgs/msg/detail/takeoff_status__traits.hpp\n'}
[6.101109] (px4_msgs) StdoutLine: {'line': b'-- Up-to-date: /home/subhalaxmi/nidar_ws/install/px4_msgs/include/px4_msgs/px4_msgs/msg/detail/rover_speed_setpoint__traits.hpp\n'}
[6.101295] (px4_msgs) StdoutLine: {'line': b'-- Up-to-date: /home/subhalaxmi/nidar_ws/install/px4_msgs/include/px4_msgs/px4_msgs/msg/detail/failsafe_flags__builder.hpp\n'}
[6.101395] (px4_msgs) StdoutLine: {'line': b'-- Up-to-date: /home/subhalaxmi/nidar_ws/install/px4_msgs/include/px4_msgs/px4_msgs/msg/detail/power_monitor__struct.hpp\n'}
[6.101493] (px4_msgs) StdoutLine: {'line': b'-- Up-to-date: /home/subhalaxmi/nidar_ws/install/px4_msgs/include/px4_msgs/px4_msgs/msg/detail/battery_info__traits.hpp\n'}
[6.101598] (px4_msgs) StdoutLine: {'line': b'-- Up-to-date: /home/subhalaxmi/nidar_ws/install/px4_msgs/include/px4_msgs/px4_msgs/msg/detail/gimbal_manager_set_attitude__traits.hpp\n'}
[6.101758] (px4_msgs) StdoutLine: {'line': b'-- Up-to-date: /home/subhalaxmi/nidar_ws/install/px4_msgs/include/px4_msgs/px4_msgs/msg/detail/gpio_request__traits.hpp\n'}
[6.101858] (px4_msgs) StdoutLine: {'line': b'-- Up-to-date: /home/subhalaxmi/nidar_ws/install/px4_msgs/include/px4_msgs/px4_msgs/msg/detail/velocity_limits__traits.hpp\n'}
[6.101957] (px4_msgs) StdoutLine: {'line': b'-- Up-to-date: /home/subhalaxmi/nidar_ws/install/px4_msgs/include/px4_msgs/px4_msgs/msg/detail/manual_control_setpoint__builder.hpp\n'}
[6.102054] (px4_msgs) StdoutLine: {'line': b'-- Up-to-date: /home/subhalaxmi/nidar_ws/install/px4_msgs/include/px4_msgs/px4_msgs/msg/detail/differential_pressure__type_support.hpp\n'}
[6.102182] (px4_msgs) StdoutLine: {'line': b'-- Up-to-date: /home/subhalaxmi/nidar_ws/install/px4_msgs/include/px4_msgs/px4_msgs/msg/detail/sensor_combined__traits.hpp\n'}
[6.102306] (px4_msgs) StdoutLine: {'line': b'-- Up-to-date: /home/subhalaxmi/nidar_ws/install/px4_msgs/include/px4_msgs/px4_msgs/msg/detail/unregister_ext_component__traits.hpp\n'}
[6.102454] (px4_msgs) StdoutLine: {'line': b'-- Up-to-date: /home/subhalaxmi/nidar_ws/install/px4_msgs/include/px4_msgs/px4_msgs/msg/detail/gimbal_manager_status__builder.hpp\n'}
[6.102638] (px4_msgs) StdoutLine: {'line': b'-- Up-to-date: /home/subhalaxmi/nidar_ws/install/px4_msgs/include/px4_msgs/px4_msgs/msg/detail/position_setpoint_triplet__type_support.hpp\n'}
[6.102742] (px4_msgs) StdoutLine: {'line': b'-- Up-to-date: /home/subhalaxmi/nidar_ws/install/px4_msgs/include/px4_msgs/px4_msgs/msg/detail/landing_gear__struct.hpp\n'}
[6.102859] (px4_msgs) StdoutLine: {'line': b'-- Up-to-date: /home/subhalaxmi/nidar_ws/install/px4_msgs/include/px4_msgs/px4_msgs/msg/detail/vehicle_magnetometer__builder.hpp\n'}
[6.102956] (px4_msgs) StdoutLine: {'line': b'-- Up-to-date: /home/subhalaxmi/nidar_ws/install/px4_msgs/include/px4_msgs/px4_msgs/msg/detail/power_button_state__type_support.hpp\n'}
[6.103052] (px4_msgs) StdoutLine: {'line': b'-- Up-to-date: /home/subhalaxmi/nidar_ws/install/px4_msgs/include/px4_msgs/px4_msgs/msg/detail/logger_status__struct.hpp\n'}
[6.103174] (px4_msgs) StdoutLine: {'line': b'-- Up-to-date: /home/subhalaxmi/nidar_ws/install/px4_msgs/include/px4_msgs/px4_msgs/msg/detail/landing_gear_wheel__struct.hpp\n'}
[6.103345] (px4_msgs) StdoutLine: {'line': b'-- Up-to-date: /home/subhalaxmi/nidar_ws/install/px4_msgs/include/px4_msgs/px4_msgs/msg/detail/vehicle_command__struct.hpp\n'}
[6.103457] (px4_msgs) StdoutLine: {'line': b'-- Up-to-date: /home/subhalaxmi/nidar_ws/install/px4_msgs/include/px4_msgs/px4_msgs/msg/detail/rover_attitude_status__traits.hpp\n'}
[6.103556] (px4_msgs) StdoutLine: {'line': b'-- Up-to-date: /home/subhalaxmi/nidar_ws/install/px4_msgs/include/px4_msgs/px4_msgs/msg/detail/rover_rate_status__struct.hpp\n'}
[6.103655] (px4_msgs) StdoutLine: {'line': b'-- Up-to-date: /home/subhalaxmi/nidar_ws/install/px4_msgs/include/px4_msgs/px4_msgs/msg/detail/mag_worker_data__type_support.hpp\n'}
[6.103753] (px4_msgs) StdoutLine: {'line': b'-- Up-to-date: /home/subhalaxmi/nidar_ws/install/px4_msgs/include/px4_msgs/px4_msgs/msg/detail/actuator_servos_trim__traits.hpp\n'}
[6.103850] (px4_msgs) StdoutLine: {'line': b'-- Up-to-date: /home/subhalaxmi/nidar_ws/install/px4_msgs/include/px4_msgs/px4_msgs/msg/detail/logger_status__type_support.hpp\n'}
[6.104005] (px4_msgs) StdoutLine: {'line': b'-- Up-to-date: /home/subhalaxmi/nidar_ws/install/px4_msgs/include/px4_msgs/px4_msgs/msg/detail/estimator_bias__type_support.hpp\n'}
[6.104107] (px4_msgs) StdoutLine: {'line': b'-- Up-to-date: /home/subhalaxmi/nidar_ws/install/px4_msgs/include/px4_msgs/px4_msgs/msg/detail/cellular_status__builder.hpp\n'}
[6.104234] (px4_msgs) StdoutLine: {'line': b'-- Up-to-date: /home/subhalaxmi/nidar_ws/install/px4_msgs/include/px4_msgs/px4_msgs/msg/detail/aux_global_position__type_support.hpp\n'}
[6.104336] (px4_msgs) StdoutLine: {'line': b'-- Up-to-date: /home/subhalaxmi/nidar_ws/install/px4_msgs/include/px4_msgs/px4_msgs/msg/detail/generator_status__type_support.hpp\n'}
[6.104434] (px4_msgs) StdoutLine: {'line': b'-- Up-to-date: /home/subhalaxmi/nidar_ws/install/px4_msgs/include/px4_msgs/px4_msgs/msg/detail/home_position__type_support.hpp\n'}
[6.104531] (px4_msgs) StdoutLine: {'line': b'-- Up-to-date: /home/subhalaxmi/nidar_ws/install/px4_msgs/include/px4_msgs/px4_msgs/msg/detail/geofence_status__builder.hpp\n'}
[6.104629] (px4_msgs) StdoutLine: {'line': b'-- Up-to-date: /home/subhalaxmi/nidar_ws/install/px4_msgs/include/px4_msgs/px4_msgs/msg/detail/sensor_airflow__traits.hpp\n'}
[6.104726] (px4_msgs) StdoutLine: {'line': b'-- Up-to-date: /home/subhalaxmi/nidar_ws/install/px4_msgs/include/px4_msgs/px4_msgs/msg/detail/battery_info__type_support.hpp\n'}
[6.104826] (px4_msgs) StdoutLine: {'line': b'-- Up-to-date: /home/subhalaxmi/nidar_ws/install/px4_msgs/include/px4_msgs/px4_msgs/msg/detail/vehicle_thrust_setpoint__traits.hpp\n'}
[6.104942] (px4_msgs) StdoutLine: {'line': b'-- Up-to-date: /home/subhalaxmi/nidar_ws/install/px4_msgs/include/px4_msgs/px4_msgs/msg/detail/sensor_baro__traits.hpp\n'}
[6.105094] (px4_msgs) StdoutLine: {'line': b'-- Up-to-date: /home/subhalaxmi/nidar_ws/install/px4_msgs/include/px4_msgs/px4_msgs/msg/detail/sensor_hygrometer__builder.hpp\n'}
[6.105285] (px4_msgs) StdoutLine: {'line': b'-- Up-to-date: /home/subhalaxmi/nidar_ws/install/px4_msgs/include/px4_msgs/px4_msgs/msg/detail/parameter_reset_request__builder.hpp\n'}
[6.105389] (px4_msgs) StdoutLine: {'line': b'-- Up-to-date: /home/subhalaxmi/nidar_ws/install/px4_msgs/include/px4_msgs/px4_msgs/msg/detail/led_control__traits.hpp\n'}
[6.105499] (px4_msgs) StdoutLine: {'line': b'-- Up-to-date: /home/subhalaxmi/nidar_ws/install/px4_msgs/include/px4_msgs/px4_msgs/msg/detail/action_request__struct.hpp\n'}
[6.105610] (px4_msgs) StdoutLine: {'line': b'-- Up-to-date: /home/subhalaxmi/nidar_ws/install/px4_msgs/include/px4_msgs/px4_msgs/msg/detail/estimator_aid_source2d__type_support.hpp\n'}
[6.105749] (px4_msgs) StdoutLine: {'line': b'-- Up-to-date: /home/subhalaxmi/nidar_ws/install/px4_msgs/include/px4_msgs/px4_msgs/msg/detail/pps_capture__builder.hpp\n'}
[6.105885] (px4_msgs) StdoutLine: {'line': b'-- Up-to-date: /home/subhalaxmi/nidar_ws/install/px4_msgs/include/px4_msgs/px4_msgs/msg/detail/logger_status__builder.hpp\n'}
[6.106020] (px4_msgs) StdoutLine: {'line': b'-- Up-to-date: /home/subhalaxmi/nidar_ws/install/px4_msgs/include/px4_msgs/px4_msgs/msg/detail/vehicle_odometry__traits.hpp\n'}
[6.106216] (px4_msgs) StdoutLine: {'line': b'-- Up-to-date: /home/subhalaxmi/nidar_ws/install/px4_msgs/include/px4_msgs/px4_msgs/msg/detail/rover_position_setpoint__type_support.hpp\n'}
[6.106345] (px4_msgs) StdoutLine: {'line': b'-- Up-to-date: /home/subhalaxmi/nidar_ws/install/px4_msgs/include/px4_msgs/px4_msgs/msg/detail/gpio_in__struct.hpp\n'}
[6.106447] (px4_msgs) StdoutLine: {'line': b'-- Up-to-date: /home/subhalaxmi/nidar_ws/install/px4_msgs/include/px4_msgs/px4_msgs/msg/detail/control_allocator_status__type_support.hpp\n'}
[6.106546] (px4_msgs) StdoutLine: {'line': b'-- Up-to-date: /home/subhalaxmi/nidar_ws/install/px4_msgs/include/px4_msgs/px4_msgs/msg/detail/open_drone_id_operator_id__builder.hpp\n'}
[6.106735] (px4_msgs) StdoutLine: {'line': b'-- Up-to-date: /home/subhalaxmi/nidar_ws/install/px4_msgs/include/px4_msgs/px4_msgs/msg/detail/estimator_bias__traits.hpp\n'}
[6.106841] (px4_msgs) StdoutLine: {'line': b'-- Up-to-date: /home/subhalaxmi/nidar_ws/install/px4_msgs/include/px4_msgs/px4_msgs/msg/detail/follow_target_estimator__traits.hpp\n'}
[6.106938] (px4_msgs) StdoutLine: {'line': b'-- Up-to-date: /home/subhalaxmi/nidar_ws/install/px4_msgs/include/px4_msgs/px4_msgs/msg/detail/velocity_limits__builder.hpp\n'}
[6.107036] (px4_msgs) StdoutLine: {'line': b'-- Up-to-date: /home/subhalaxmi/nidar_ws/install/px4_msgs/include/px4_msgs/px4_msgs/msg/detail/mavlink_tunnel__struct.hpp\n'}
[6.107152] (px4_msgs) StdoutLine: {'line': b'-- Up-to-date: /home/subhalaxmi/nidar_ws/install/px4_msgs/include/px4_msgs/px4_msgs/msg/detail/takeoff_status__type_support.hpp\n'}
[6.107318] (px4_msgs) StdoutLine: {'line': b'-- Up-to-date: /home/subhalaxmi/nidar_ws/install/px4_msgs/include/px4_msgs/px4_msgs/msg/detail/flight_phase_estimation__builder.hpp\n'}
[6.107423] (px4_msgs) StdoutLine: {'line': b'-- Up-to-date: /home/subhalaxmi/nidar_ws/install/px4_msgs/include/px4_msgs/px4_msgs/msg/detail/home_position__traits.hpp\n'}
[6.107522] (px4_msgs) StdoutLine: {'line': b'-- Up-to-date: /home/subhalaxmi/nidar_ws/install/px4_msgs/include/px4_msgs/px4_msgs/msg/detail/actuator_servos__struct.hpp\n'}
[6.107622] (px4_msgs) StdoutLine: {'line': b'-- Up-to-date: /home/subhalaxmi/nidar_ws/install/px4_msgs/include/px4_msgs/px4_msgs/msg/detail/navigator_status__type_support.hpp\n'}
[6.107719] (px4_msgs) StdoutLine: {'line': b'-- Up-to-date: /home/subhalaxmi/nidar_ws/install/px4_msgs/include/px4_msgs/px4_msgs/msg/detail/parameter_reset_request__traits.hpp\n'}
[6.107816] (px4_msgs) StdoutLine: {'line': b'-- Up-to-date: /home/subhalaxmi/nidar_ws/install/px4_msgs/include/px4_msgs/px4_msgs/msg/detail/rpm__type_support.hpp\n'}
[6.107918] (px4_msgs) StdoutLine: {'line': b'-- Up-to-date: /home/subhalaxmi/nidar_ws/install/px4_msgs/include/px4_msgs/px4_msgs/msg/detail/magnetometer_bias_estimate__struct.hpp\n'}
[6.108067] (px4_msgs) StdoutLine: {'line': b'-- Up-to-date: /home/subhalaxmi/nidar_ws/install/px4_msgs/include/px4_msgs/px4_msgs/msg/detail/can_interface_status__traits.hpp\n'}
[6.108260] (px4_msgs) StdoutLine: {'line': b'-- Up-to-date: /home/subhalaxmi/nidar_ws/install/px4_msgs/include/px4_msgs/px4_msgs/msg/detail/normalized_unsigned_setpoint__traits.hpp\n'}
[6.108363] (px4_msgs) StdoutLine: {'line': b'-- Up-to-date: /home/subhalaxmi/nidar_ws/install/px4_msgs/include/px4_msgs/px4_msgs/msg/detail/yaw_estimator_status__traits.hpp\n'}
[6.108474] (px4_msgs) StdoutLine: {'line': b'-- Up-to-date: /home/subhalaxmi/nidar_ws/install/px4_msgs/include/px4_msgs/px4_msgs/msg/detail/distance_sensor__struct.hpp\n'}
[6.108591] (px4_msgs) StdoutLine: {'line': b'-- Up-to-date: /home/subhalaxmi/nidar_ws/install/px4_msgs/include/px4_msgs/px4_msgs/msg/detail/estimator_event_flags__builder.hpp\n'}
[6.108736] (px4_msgs) StdoutLine: {'line': b'-- Up-to-date: /home/subhalaxmi/nidar_ws/install/px4_msgs/include/px4_msgs/px4_msgs/msg/detail/debug_value__struct.hpp\n'}
[6.108873] (px4_msgs) StdoutLine: {'line': b'-- Up-to-date: /home/subhalaxmi/nidar_ws/install/px4_msgs/include/px4_msgs/px4_msgs/msg/detail/rover_attitude_setpoint__struct.hpp\n'}
[6.109011] (px4_msgs) StdoutLine: {'line': b'-- Up-to-date: /home/subhalaxmi/nidar_ws/install/px4_msgs/include/px4_msgs/px4_msgs/msg/detail/iridiumsbd_status__struct.hpp\n'}
[6.109219] (px4_msgs) StdoutLine: {'line': b'-- Up-to-date: /home/subhalaxmi/nidar_ws/install/px4_msgs/include/px4_msgs/px4_msgs/msg/detail/device_information__struct.hpp\n'}
[6.109388] (px4_msgs) StdoutLine: {'line': b'-- Up-to-date: /home/subhalaxmi/nidar_ws/install/px4_msgs/include/px4_msgs/px4_msgs/msg/detail/aux_global_position__builder.hpp\n'}
[6.109489] (px4_msgs) StdoutLine: {'line': b'-- Up-to-date: /home/subhalaxmi/nidar_ws/install/px4_msgs/include/px4_msgs/px4_msgs/msg/detail/lateral_control_configuration__traits.hpp\n'}
[6.109586] (px4_msgs) StdoutLine: {'line': b'-- Up-to-date: /home/subhalaxmi/nidar_ws/install/px4_msgs/include/px4_msgs/px4_msgs/msg/detail/onboard_computer_status__builder.hpp\n'}
[6.109682] (px4_msgs) StdoutLine: {'line': b'-- Up-to-date: /home/subhalaxmi/nidar_ws/install/px4_msgs/include/px4_msgs/px4_msgs/msg/detail/rover_rate_status__builder.hpp\n'}
[6.109779] (px4_msgs) StdoutLine: {'line': b'-- Up-to-date: /home/subhalaxmi/nidar_ws/install/px4_msgs/include/px4_msgs/px4_msgs/msg/detail/flight_phase_estimation__traits.hpp\n'}
[6.109933] (px4_msgs) StdoutLine: {'line': b'-- Up-to-date: /home/subhalaxmi/nidar_ws/install/px4_msgs/include/px4_msgs/px4_msgs/msg/detail/vehicle_odometry__struct.hpp\n'}
[6.110206] (px4_msgs) StdoutLine: {'line': b'-- Up-to-date: /home/subhalaxmi/nidar_ws/install/px4_msgs/include/px4_msgs/px4_msgs/msg/detail/esc_report__struct.hpp\n'}
[6.110401] (px4_msgs) StdoutLine: {'line': b'-- Up-to-date: /home/subhalaxmi/nidar_ws/install/px4_msgs/include/px4_msgs/px4_msgs/msg/detail/mount_orientation__type_support.hpp\n'}
[6.110573] (px4_msgs) StdoutLine: {'line': b'-- Up-to-date: /home/subhalaxmi/nidar_ws/install/px4_msgs/include/px4_msgs/px4_msgs/msg/detail/task_stack_info__struct.hpp\n'}
[6.110736] (px4_msgs) StdoutLine: {'line': b'-- Up-to-date: /home/subhalaxmi/nidar_ws/install/px4_msgs/include/px4_msgs/px4_msgs/msg/detail/vehicle_acceleration__type_support.hpp\n'}
[6.110839] (px4_msgs) StdoutLine: {'line': b'-- Up-to-date: /home/subhalaxmi/nidar_ws/install/px4_msgs/include/px4_msgs/px4_msgs/msg/detail/px4io_status__builder.hpp\n'}
[6.110956] (px4_msgs) StdoutLine: {'line': b'-- Up-to-date: /home/subhalaxmi/nidar_ws/install/px4_msgs/include/px4_msgs/px4_msgs/msg/detail/fixed_wing_lateral_guidance_status__traits.hpp\n'}
[6.111055] (px4_msgs) StdoutLine: {'line': b'-- Up-to-date: /home/subhalaxmi/nidar_ws/install/px4_msgs/include/px4_msgs/px4_msgs/msg/detail/event__traits.hpp\n'}
[6.111269] (px4_msgs) StdoutLine: {'line': b'-- Up-to-date: /home/subhalaxmi/nidar_ws/install/px4_msgs/include/px4_msgs/px4_msgs/msg/detail/event__type_support.hpp\n'}
[6.111383] (px4_msgs) StdoutLine: {'line': b'-- Up-to-date: /home/subhalaxmi/nidar_ws/install/px4_msgs/include/px4_msgs/px4_msgs/msg/detail/px4io_status__traits.hpp\n'}
[6.111481] (px4_msgs) StdoutLine: {'line': b'-- Up-to-date: /home/subhalaxmi/nidar_ws/install/px4_msgs/include/px4_msgs/px4_msgs/msg/detail/vehicle_global_position__traits.hpp\n'}
[6.111579] (px4_msgs) StdoutLine: {'line': b'-- Up-to-date: /home/subhalaxmi/nidar_ws/install/px4_msgs/include/px4_msgs/px4_msgs/msg/detail/debug_vect__struct.hpp\n'}
[6.111686] (px4_msgs) StdoutLine: {'line': b'-- Up-to-date: /home/subhalaxmi/nidar_ws/install/px4_msgs/include/px4_msgs/px4_msgs/msg/detail/landing_target_innovations__struct.hpp\n'}
[6.111783] (px4_msgs) StdoutLine: {'line': b'-- Up-to-date: /home/subhalaxmi/nidar_ws/install/px4_msgs/include/px4_msgs/px4_msgs/msg/detail/internal_combustion_engine_control__traits.hpp\n'}
[6.111879] (px4_msgs) StdoutLine: {'line': b'-- Up-to-date: /home/subhalaxmi/nidar_ws/install/px4_msgs/include/px4_msgs/px4_msgs/msg/detail/takeoff_status__struct.hpp\n'}
[6.111976] (px4_msgs) StdoutLine: {'line': b'-- Up-to-date: /home/subhalaxmi/nidar_ws/install/px4_msgs/include/px4_msgs/px4_msgs/msg/detail/sensor_temp__struct.hpp\n'}
[6.112072] (px4_msgs) StdoutLine: {'line': b'-- Up-to-date: /home/subhalaxmi/nidar_ws/install/px4_msgs/include/px4_msgs/px4_msgs/msg/detail/button_event__struct.hpp\n'}
[6.112211] (px4_msgs) StdoutLine: {'line': b'-- Up-to-date: /home/subhalaxmi/nidar_ws/install/px4_msgs/include/px4_msgs/px4_msgs/msg/detail/actuator_motors__builder.hpp\n'}
[6.112313] (px4_msgs) StdoutLine: {'line': b'-- Up-to-date: /home/subhalaxmi/nidar_ws/install/px4_msgs/include/px4_msgs/px4_msgs/msg/detail/gripper__traits.hpp\n'}
[6.112411] (px4_msgs) StdoutLine: {'line': b'-- Up-to-date: /home/subhalaxmi/nidar_ws/install/px4_msgs/include/px4_msgs/px4_msgs/msg/detail/follow_target__builder.hpp\n'}
[6.112507] (px4_msgs) StdoutLine: {'line': b'-- Up-to-date: /home/subhalaxmi/nidar_ws/install/px4_msgs/include/px4_msgs/px4_msgs/msg/detail/rover_position_setpoint__builder.hpp\n'}
[6.112603] (px4_msgs) StdoutLine: {'line': b'-- Up-to-date: /home/subhalaxmi/nidar_ws/install/px4_msgs/include/px4_msgs/px4_msgs/msg/detail/vehicle_angular_acceleration_setpoint__traits.hpp\n'}
[6.112701] (px4_msgs) StdoutLine: {'line': b'-- Up-to-date: /home/subhalaxmi/nidar_ws/install/px4_msgs/include/px4_msgs/px4_msgs/msg/detail/landing_gear_wheel__traits.hpp\n'}
[6.112797] (px4_msgs) StdoutLine: {'line': b'-- Up-to-date: /home/subhalaxmi/nidar_ws/install/px4_msgs/include/px4_msgs/px4_msgs/msg/detail/manual_control_setpoint__struct.hpp\n'}
[6.112894] (px4_msgs) StdoutLine: {'line': b'-- Up-to-date: /home/subhalaxmi/nidar_ws/install/px4_msgs/include/px4_msgs/px4_msgs/msg/detail/ping__type_support.hpp\n'}
[6.112993] (px4_msgs) StdoutLine: {'line': b'-- Up-to-date: /home/subhalaxmi/nidar_ws/install/px4_msgs/include/px4_msgs/px4_msgs/msg/detail/adc_report__type_support.hpp\n'}
[6.113090] (px4_msgs) StdoutLine: {'line': b'-- Up-to-date: /home/subhalaxmi/nidar_ws/install/px4_msgs/include/px4_msgs/px4_msgs/msg/detail/cpuload__struct.hpp\n'}
[6.113268] (px4_msgs) StdoutLine: {'line': b'-- Up-to-date: /home/subhalaxmi/nidar_ws/install/px4_msgs/include/px4_msgs/px4_msgs/msg/detail/orb_test_medium__traits.hpp\n'}
[6.113417] (px4_msgs) StdoutLine: {'line': b'-- Up-to-date: /home/subhalaxmi/nidar_ws/install/px4_msgs/include/px4_msgs/px4_msgs/msg/detail/gpio_in__traits.hpp\n'}
[6.113559] (px4_msgs) StdoutLine: {'line': b'-- Up-to-date: /home/subhalaxmi/nidar_ws/install/px4_msgs/include/px4_msgs/px4_msgs/msg/detail/gimbal_manager_status__type_support.hpp\n'}
[6.113699] (px4_msgs) StdoutLine: {'line': b'-- Up-to-date: /home/subhalaxmi/nidar_ws/install/px4_msgs/include/px4_msgs/px4_msgs/msg/detail/open_drone_id_operator_id__traits.hpp\n'}
[6.113915] (px4_msgs) StdoutLine: {'line': b'-- Up-to-date: /home/subhalaxmi/nidar_ws/install/px4_msgs/include/px4_msgs/px4_msgs/msg/detail/orbit_status__builder.hpp\n'}
[6.114022] (px4_msgs) StdoutLine: {'line': b'-- Up-to-date: /home/subhalaxmi/nidar_ws/install/px4_msgs/include/px4_msgs/px4_msgs/msg/detail/adc_report__struct.hpp\n'}
[6.114139] (px4_msgs) StdoutLine: {'line': b'-- Up-to-date: /home/subhalaxmi/nidar_ws/install/px4_msgs/include/px4_msgs/px4_msgs/msg/detail/qshell_req__type_support.hpp\n'}
[6.114258] (px4_msgs) StdoutLine: {'line': b'-- Up-to-date: /home/subhalaxmi/nidar_ws/install/px4_msgs/include/px4_msgs/px4_msgs/msg/detail/gimbal_device_information__builder.hpp\n'}
[6.114356] (px4_msgs) StdoutLine: {'line': b'-- Up-to-date: /home/subhalaxmi/nidar_ws/install/px4_msgs/include/px4_msgs/px4_msgs/msg/detail/estimator_status__struct.hpp\n'}
[6.114488] (px4_msgs) StdoutLine: {'line': b'-- Up-to-date: /home/subhalaxmi/nidar_ws/install/px4_msgs/include/px4_msgs/px4_msgs/msg/detail/debug_array__type_support.hpp\n'}
[6.114642] (px4_msgs) StdoutLine: {'line': b'-- Up-to-date: /home/subhalaxmi/nidar_ws/install/px4_msgs/include/px4_msgs/px4_msgs/msg/detail/gpio_request__struct.hpp\n'}
[6.114741] (px4_msgs) StdoutLine: {'line': b'-- Up-to-date: /home/subhalaxmi/nidar_ws/install/px4_msgs/include/px4_msgs/px4_msgs/msg/detail/rtl_status__struct.hpp\n'}
[6.114854] (px4_msgs) StdoutLine: {'line': b'-- Up-to-date: /home/subhalaxmi/nidar_ws/install/px4_msgs/include/px4_msgs/px4_msgs/msg/detail/landing_target_pose__traits.hpp\n'}
[6.114951] (px4_msgs) StdoutLine: {'line': b'-- Up-to-date: /home/subhalaxmi/nidar_ws/install/px4_msgs/include/px4_msgs/px4_msgs/msg/detail/led_control__struct.hpp\n'}
[6.115048] (px4_msgs) StdoutLine: {'line': b'-- Up-to-date: /home/subhalaxmi/nidar_ws/install/px4_msgs/include/px4_msgs/px4_msgs/msg/detail/dronecan_node_status__builder.hpp\n'}
[6.115190] (px4_msgs) StdoutLine: {'line': b'-- Up-to-date: /home/subhalaxmi/nidar_ws/install/px4_msgs/include/px4_msgs/px4_msgs/msg/detail/heater_status__struct.hpp\n'}
[6.115376] (px4_msgs) StdoutLine: {'line': b'-- Up-to-date: /home/subhalaxmi/nidar_ws/install/px4_msgs/include/px4_msgs/px4_msgs/msg/detail/normalized_unsigned_setpoint__type_support.hpp\n'}
[6.115517] (px4_msgs) StdoutLine: {'line': b'-- Up-to-date: /home/subhalaxmi/nidar_ws/install/px4_msgs/include/px4_msgs/px4_msgs/msg/detail/irlock_report__traits.hpp\n'}
[6.115681] (px4_msgs) StdoutLine: {'line': b'-- Up-to-date: /home/subhalaxmi/nidar_ws/install/px4_msgs/include/px4_msgs/px4_msgs/msg/detail/rover_speed_status__type_support.hpp\n'}
[6.115798] (px4_msgs) StdoutLine: {'line': b'-- Up-to-date: /home/subhalaxmi/nidar_ws/install/px4_msgs/include/px4_msgs/px4_msgs/msg/detail/vehicle_imu_status__builder.hpp\n'}
[6.115902] (px4_msgs) StdoutLine: {'line': b'-- Up-to-date: /home/subhalaxmi/nidar_ws/install/px4_msgs/include/px4_msgs/px4_msgs/msg/detail/rover_steering_setpoint__builder.hpp\n'}
[6.116056] (px4_msgs) StdoutLine: {'line': b'-- Up-to-date: /home/subhalaxmi/nidar_ws/install/px4_msgs/include/px4_msgs/px4_msgs/msg/detail/dataman_response__struct.hpp\n'}
[6.116254] (px4_msgs) StdoutLine: {'line': b'-- Up-to-date: /home/subhalaxmi/nidar_ws/install/px4_msgs/include/px4_msgs/px4_msgs/msg/detail/event__struct.hpp\n'}
[6.116391] (px4_msgs) StdoutLine: {'line': b'-- Up-to-date: /home/subhalaxmi/nidar_ws/install/px4_msgs/include/px4_msgs/px4_msgs/msg/detail/ekf2_timestamps__builder.hpp\n'}
[6.116500] (px4_msgs) StdoutLine: {'line': b'-- Up-to-date: /home/subhalaxmi/nidar_ws/install/px4_msgs/include/px4_msgs/px4_msgs/msg/detail/estimator_gps_status__struct.hpp\n'}
[6.116598] (px4_msgs) StdoutLine: {'line': b'-- Up-to-date: /home/subhalaxmi/nidar_ws/install/px4_msgs/include/px4_msgs/px4_msgs/msg/detail/obstacle_distance__type_support.hpp\n'}
[6.116695] (px4_msgs) StdoutLine: {'line': b'-- Up-to-date: /home/subhalaxmi/nidar_ws/install/px4_msgs/include/px4_msgs/px4_msgs/msg/detail/iridiumsbd_status__type_support.hpp\n'}
[6.116808] (px4_msgs) StdoutLine: {'line': b'-- Up-to-date: /home/subhalaxmi/nidar_ws/install/px4_msgs/include/px4_msgs/px4_msgs/msg/detail/estimator_selector_status__type_support.hpp\n'}
[6.116948] (px4_msgs) StdoutLine: {'line': b'-- Up-to-date: /home/subhalaxmi/nidar_ws/install/px4_msgs/include/px4_msgs/px4_msgs/msg/detail/camera_trigger__traits.hpp\n'}
[6.117084] (px4_msgs) StdoutLine: {'line': b'-- Up-to-date: /home/subhalaxmi/nidar_ws/install/px4_msgs/include/px4_msgs/px4_msgs/msg/detail/yaw_estimator_status__type_support.hpp\n'}
[6.117284] (px4_msgs) StdoutLine: {'line': b'-- Up-to-date: /home/subhalaxmi/nidar_ws/install/px4_msgs/include/px4_msgs/px4_msgs/msg/detail/vehicle_angular_acceleration_setpoint__type_support.hpp\n'}
[6.117389] (px4_msgs) StdoutLine: {'line': b'-- Up-to-date: /home/subhalaxmi/nidar_ws/install/px4_msgs/include/px4_msgs/px4_msgs/msg/detail/power_monitor__type_support.hpp\n'}
[6.117500] (px4_msgs) StdoutLine: {'line': b'-- Up-to-date: /home/subhalaxmi/nidar_ws/install/px4_msgs/include/px4_msgs/px4_msgs/msg/detail/vehicle_command__type_support.hpp\n'}
[6.117598] (px4_msgs) StdoutLine: {'line': b'-- Up-to-date: /home/subhalaxmi/nidar_ws/install/px4_msgs/include/px4_msgs/px4_msgs/msg/detail/gimbal_device_attitude_status__struct.hpp\n'}
[6.117702] (px4_msgs) StdoutLine: {'line': b'-- Up-to-date: /home/subhalaxmi/nidar_ws/install/px4_msgs/include/px4_msgs/px4_msgs/msg/detail/sensor_selection__struct.hpp\n'}
[6.117809] (px4_msgs) StdoutLine: {'line': b'-- Up-to-date: /home/subhalaxmi/nidar_ws/install/px4_msgs/include/px4_msgs/px4_msgs/msg/detail/gimbal_device_set_attitude__struct.hpp\n'}
[6.117955] (px4_msgs) StdoutLine: {'line': b'-- Up-to-date: /home/subhalaxmi/nidar_ws/install/px4_msgs/include/px4_msgs/px4_msgs/msg/detail/radio_status__struct.hpp\n'}
[6.118094] (px4_msgs) StdoutLine: {'line': b'-- Up-to-date: /home/subhalaxmi/nidar_ws/install/px4_msgs/include/px4_msgs/px4_msgs/msg/detail/gimbal_manager_set_manual_control__struct.hpp\n'}
[6.118282] (px4_msgs) StdoutLine: {'line': b'-- Up-to-date: /home/subhalaxmi/nidar_ws/install/px4_msgs/include/px4_msgs/px4_msgs/msg/detail/estimator_gps_status__type_support.hpp\n'}
[6.118386] (px4_msgs) StdoutLine: {'line': b'-- Up-to-date: /home/subhalaxmi/nidar_ws/install/px4_msgs/include/px4_msgs/px4_msgs/msg/detail/uavcan_parameter_value__builder.hpp\n'}
[6.118484] (px4_msgs) StdoutLine: {'line': b'-- Up-to-date: /home/subhalaxmi/nidar_ws/install/px4_msgs/include/px4_msgs/px4_msgs/msg/detail/orbit_status__struct.hpp\n'}
[6.118622] (px4_msgs) StdoutLine: {'line': b'-- Up-to-date: /home/subhalaxmi/nidar_ws/install/px4_msgs/include/px4_msgs/px4_msgs/msg/detail/gpio_out__builder.hpp\n'}
[6.118759] (px4_msgs) StdoutLine: {'line': b'-- Up-to-date: /home/subhalaxmi/nidar_ws/install/px4_msgs/include/px4_msgs/px4_msgs/msg/detail/message_format_request__builder.hpp\n'}
[6.118895] (px4_msgs) StdoutLine: {'line': b'-- Up-to-date: /home/subhalaxmi/nidar_ws/install/px4_msgs/include/px4_msgs/px4_msgs/msg/detail/obstacle_distance__builder.hpp\n'}
[6.119074] (px4_msgs) StdoutLine: {'line': b'-- Up-to-date: /home/subhalaxmi/nidar_ws/install/px4_msgs/include/px4_msgs/px4_msgs/msg/detail/estimator_aid_source2d__traits.hpp\n'}
[6.119202] (px4_msgs) StdoutLine: {'line': b'-- Up-to-date: /home/subhalaxmi/nidar_ws/install/px4_msgs/include/px4_msgs/px4_msgs/msg/detail/radio_status__type_support.hpp\n'}
[6.119304] (px4_msgs) StdoutLine: {'line': b'-- Up-to-date: /home/subhalaxmi/nidar_ws/install/px4_msgs/include/px4_msgs/px4_msgs/msg/detail/parameter_set_value_request__traits.hpp\n'}
[6.119402] (px4_msgs) StdoutLine: {'line': b'-- Up-to-date: /home/subhalaxmi/nidar_ws/install/px4_msgs/include/px4_msgs/px4_msgs/msg/detail/fixed_wing_longitudinal_setpoint__traits.hpp\n'}
[6.119515] (px4_msgs) StdoutLine: {'line': b'-- Up-to-date: /home/subhalaxmi/nidar_ws/install/px4_msgs/include/px4_msgs/px4_msgs/msg/detail/vehicle_magnetometer__traits.hpp\n'}
[6.119661] (px4_msgs) StdoutLine: {'line': b'-- Up-to-date: /home/subhalaxmi/nidar_ws/install/px4_msgs/include/px4_msgs/px4_msgs/msg/detail/fuel_tank_status__struct.hpp\n'}
[6.119801] (px4_msgs) StdoutLine: {'line': b'-- Up-to-date: /home/subhalaxmi/nidar_ws/install/px4_msgs/include/px4_msgs/px4_msgs/msg/detail/sensor_hygrometer__type_support.hpp\n'}
[6.119940] (px4_msgs) StdoutLine: {'line': b'-- Up-to-date: /home/subhalaxmi/nidar_ws/install/px4_msgs/include/px4_msgs/px4_msgs/msg/detail/navigator_mission_item__struct.hpp\n'}
[6.120078] (px4_msgs) StdoutLine: {'line': b'-- Up-to-date: /home/subhalaxmi/nidar_ws/install/px4_msgs/include/px4_msgs/px4_msgs/msg/detail/raptor_status__builder.hpp\n'}
[6.120290] (px4_msgs) StdoutLine: {'line': b'-- Up-to-date: /home/subhalaxmi/nidar_ws/install/px4_msgs/include/px4_msgs/px4_msgs/msg/detail/sensor_mag__struct.hpp\n'}
[6.120396] (px4_msgs) StdoutLine: {'line': b'-- Up-to-date: /home/subhalaxmi/nidar_ws/install/px4_msgs/include/px4_msgs/px4_msgs/msg/detail/mavlink_tunnel__traits.hpp\n'}
[6.120506] (px4_msgs) StdoutLine: {'line': b'-- Up-to-date: /home/subhalaxmi/nidar_ws/install/px4_msgs/include/px4_msgs/px4_msgs/msg/detail/rtl_time_estimate__traits.hpp\n'}
[6.120603] (px4_msgs) StdoutLine: {'line': b'-- Up-to-date: /home/subhalaxmi/nidar_ws/install/px4_msgs/include/px4_msgs/px4_msgs/msg/detail/vehicle_angular_acceleration_setpoint__builder.hpp\n'}
[6.120701] (px4_msgs) StdoutLine: {'line': b'-- Up-to-date: /home/subhalaxmi/nidar_ws/install/px4_msgs/include/px4_msgs/px4_msgs/msg/detail/config_overrides__builder.hpp\n'}
[6.120797] (px4_msgs) StdoutLine: {'line': b'-- Up-to-date: /home/subhalaxmi/nidar_ws/install/px4_msgs/include/px4_msgs/px4_msgs/msg/detail/vehicle_odometry__builder.hpp\n'}
[6.120892] (px4_msgs) StdoutLine: {'line': b'-- Up-to-date: /home/subhalaxmi/nidar_ws/install/px4_msgs/include/px4_msgs/px4_msgs/msg/detail/rc_channels__builder.hpp\n'}
[6.120988] (px4_msgs) StdoutLine: {'line': b'-- Up-to-date: /home/subhalaxmi/nidar_ws/install/px4_msgs/include/px4_msgs/px4_msgs/msg/detail/autotune_attitude_control_status__builder.hpp\n'}
[6.121086] (px4_msgs) StdoutLine: {'line': b'-- Up-to-date: /home/subhalaxmi/nidar_ws/install/px4_msgs/include/px4_msgs/px4_msgs/msg/detail/gpio_config__builder.hpp\n'}
[6.121282] (px4_msgs) StdoutLine: {'line': b'-- Up-to-date: /home/subhalaxmi/nidar_ws/install/px4_msgs/include/px4_msgs/px4_msgs/msg/detail/open_drone_id_self_id__traits.hpp\n'}
[6.121393] (px4_msgs) StdoutLine: {'line': b'-- Up-to-date: /home/subhalaxmi/nidar_ws/install/px4_msgs/include/px4_msgs/px4_msgs/msg/detail/register_ext_component_reply__struct.hpp\n'}
[6.121501] (px4_msgs) StdoutLine: {'line': b'-- Up-to-date: /home/subhalaxmi/nidar_ws/install/px4_msgs/include/px4_msgs/px4_msgs/msg/detail/airspeed__traits.hpp\n'}
[6.121600] (px4_msgs) StdoutLine: {'line': b'-- Up-to-date: /home/subhalaxmi/nidar_ws/install/px4_msgs/include/px4_msgs/px4_msgs/msg/detail/estimator_innovations__struct.hpp\n'}
[6.121698] (px4_msgs) StdoutLine: {'line': b'-- Up-to-date: /home/subhalaxmi/nidar_ws/install/px4_msgs/include/px4_msgs/px4_msgs/msg/detail/mission__type_support.hpp\n'}
[6.121793] (px4_msgs) StdoutLine: {'line': b'-- Up-to-date: /home/subhalaxmi/nidar_ws/install/px4_msgs/include/px4_msgs/px4_msgs/msg/detail/trajectory_setpoint6dof__builder.hpp\n'}
[6.121886] (-) TimerEvent: {}
[6.122102] (px4_msgs) StdoutLine: {'line': b'-- Up-to-date: /home/subhalaxmi/nidar_ws/install/px4_msgs/include/px4_msgs/px4_msgs/msg/detail/hover_thrust_estimate__type_support.hpp\n'}
[6.122261] (px4_msgs) StdoutLine: {'line': b'-- Up-to-date: /home/subhalaxmi/nidar_ws/install/px4_msgs/include/px4_msgs/px4_msgs/msg/detail/camera_capture__traits.hpp\n'}
[6.122368] (px4_msgs) StdoutLine: {'line': b'-- Up-to-date: /home/subhalaxmi/nidar_ws/install/px4_msgs/include/px4_msgs/px4_msgs/msg/detail/failure_detector_status__traits.hpp\n'}
[6.122468] (px4_msgs) StdoutLine: {'line': b'-- Up-to-date: /home/subhalaxmi/nidar_ws/install/px4_msgs/include/px4_msgs/px4_msgs/msg/detail/gimbal_device_set_attitude__builder.hpp\n'}
[6.122568] (px4_msgs) StdoutLine: {'line': b'-- Up-to-date: /home/subhalaxmi/nidar_ws/install/px4_msgs/include/px4_msgs/px4_msgs/msg/detail/geofence_result__type_support.hpp\n'}
[6.122667] (px4_msgs) StdoutLine: {'line': b'-- Up-to-date: /home/subhalaxmi/nidar_ws/install/px4_msgs/include/px4_msgs/px4_msgs/msg/detail/open_drone_id_system__struct.hpp\n'}
[6.122765] (px4_msgs) StdoutLine: {'line': b'-- Up-to-date: /home/subhalaxmi/nidar_ws/install/px4_msgs/include/px4_msgs/px4_msgs/msg/detail/device_information__builder.hpp\n'}
[6.122863] (px4_msgs) StdoutLine: {'line': b'-- Up-to-date: /home/subhalaxmi/nidar_ws/install/px4_msgs/include/px4_msgs/px4_msgs/msg/detail/input_rc__builder.hpp\n'}
[6.122988] (px4_msgs) StdoutLine: {'line': b'-- Up-to-date: /home/subhalaxmi/nidar_ws/install/px4_msgs/include/px4_msgs/px4_msgs/msg/detail/rate_ctrl_status__traits.hpp\n'}
[6.123157] (px4_msgs) StdoutLine: {'line': b'-- Up-to-date: /home/subhalaxmi/nidar_ws/install/px4_msgs/include/px4_msgs/px4_msgs/msg/detail/dronecan_node_status__type_support.hpp\n'}
[6.123347] (px4_msgs) StdoutLine: {'line': b'-- Up-to-date: /home/subhalaxmi/nidar_ws/install/px4_msgs/include/px4_msgs/px4_msgs/msg/detail/vehicle_optical_flow_vel__struct.hpp\n'}
[6.123448] (px4_msgs) StdoutLine: {'line': b'-- Up-to-date: /home/subhalaxmi/nidar_ws/install/px4_msgs/include/px4_msgs/px4_msgs/msg/detail/gripper__builder.hpp\n'}
[6.123547] (px4_msgs) StdoutLine: {'line': b'-- Up-to-date: /home/subhalaxmi/nidar_ws/install/px4_msgs/include/px4_msgs/px4_msgs/msg/detail/autotune_attitude_control_status__traits.hpp\n'}
[6.123646] (px4_msgs) StdoutLine: {'line': b'-- Up-to-date: /home/subhalaxmi/nidar_ws/install/px4_msgs/include/px4_msgs/px4_msgs/msg/detail/gain_compression__traits.hpp\n'}
[6.123793] (px4_msgs) StdoutLine: {'line': b'-- Up-to-date: /home/subhalaxmi/nidar_ws/install/px4_msgs/include/px4_msgs/px4_msgs/msg/detail/yaw_estimator_status__builder.hpp\n'}
[6.123930] (px4_msgs) StdoutLine: {'line': b'-- Up-to-date: /home/subhalaxmi/nidar_ws/install/px4_msgs/include/px4_msgs/px4_msgs/msg/detail/dataman_response__builder.hpp\n'}
[6.124067] (px4_msgs) StdoutLine: {'line': b'-- Up-to-date: /home/subhalaxmi/nidar_ws/install/px4_msgs/include/px4_msgs/px4_msgs/msg/detail/config_overrides__type_support.hpp\n'}
[6.124259] (px4_msgs) StdoutLine: {'line': b'-- Up-to-date: /home/subhalaxmi/nidar_ws/install/px4_msgs/include/px4_msgs/px4_msgs/msg/detail/uavcan_parameter_value__struct.hpp\n'}
[6.124365] (px4_msgs) StdoutLine: {'line': b'-- Up-to-date: /home/subhalaxmi/nidar_ws/install/px4_msgs/include/px4_msgs/px4_msgs/msg/detail/sensor_airflow__type_support.hpp\n'}
[6.124464] (px4_msgs) StdoutLine: {'line': b'-- Up-to-date: /home/subhalaxmi/nidar_ws/install/px4_msgs/include/px4_msgs/px4_msgs/msg/detail/gimbal_controls__traits.hpp\n'}
[6.124561] (px4_msgs) StdoutLine: {'line': b'-- Up-to-date: /home/subhalaxmi/nidar_ws/install/px4_msgs/include/px4_msgs/px4_msgs/msg/detail/estimator_bias3d__struct.hpp\n'}
[6.124659] (px4_msgs) StdoutLine: {'line': b'-- Up-to-date: /home/subhalaxmi/nidar_ws/install/px4_msgs/include/px4_msgs/px4_msgs/msg/detail/gps_inject_data__traits.hpp\n'}
[6.124808] (px4_msgs) StdoutLine: {'line': b'-- Up-to-date: /home/subhalaxmi/nidar_ws/install/px4_msgs/include/px4_msgs/px4_msgs/msg/detail/offboard_control_mode__traits.hpp\n'}
[6.124947] (px4_msgs) StdoutLine: {'line': b'-- Up-to-date: /home/subhalaxmi/nidar_ws/install/px4_msgs/include/px4_msgs/px4_msgs/msg/detail/figure_eight_status__type_support.hpp\n'}
[6.125084] (px4_msgs) StdoutLine: {'line': b'-- Up-to-date: /home/subhalaxmi/nidar_ws/install/px4_msgs/include/px4_msgs/px4_msgs/msg/detail/yaw_estimator_status__struct.hpp\n'}
[6.125275] (px4_msgs) StdoutLine: {'line': b'-- Up-to-date: /home/subhalaxmi/nidar_ws/install/px4_msgs/include/px4_msgs/px4_msgs/msg/detail/iridiumsbd_status__builder.hpp\n'}
[6.125427] (px4_msgs) StdoutLine: {'line': b'-- Up-to-date: /home/subhalaxmi/nidar_ws/install/px4_msgs/include/px4_msgs/px4_msgs/msg/detail/manual_control_switches__struct.hpp\n'}
[6.125533] (px4_msgs) StdoutLine: {'line': b'-- Up-to-date: /home/subhalaxmi/nidar_ws/install/px4_msgs/include/px4_msgs/px4_msgs/msg/detail/open_drone_id_arm_status__traits.hpp\n'}
[6.125631] (px4_msgs) StdoutLine: {'line': b'-- Up-to-date: /home/subhalaxmi/nidar_ws/install/px4_msgs/include/px4_msgs/px4_msgs/msg/detail/vehicle_command_ack__type_support.hpp\n'}
[6.125727] (px4_msgs) StdoutLine: {'line': b'-- Up-to-date: /home/subhalaxmi/nidar_ws/install/px4_msgs/include/px4_msgs/px4_msgs/msg/detail/vehicle_command_ack__struct.hpp\n'}
[6.125825] (px4_msgs) StdoutLine: {'line': b'-- Up-to-date: /home/subhalaxmi/nidar_ws/install/px4_msgs/include/px4_msgs/px4_msgs/msg/detail/estimator_gps_status__builder.hpp\n'}
[6.125921] (px4_msgs) StdoutLine: {'line': b'-- Up-to-date: /home/subhalaxmi/nidar_ws/install/px4_msgs/include/px4_msgs/px4_msgs/msg/detail/sensor_gnss_status__traits.hpp\n'}
[6.126019] (px4_msgs) StdoutLine: {'line': b'-- Up-to-date: /home/subhalaxmi/nidar_ws/install/px4_msgs/include/px4_msgs/px4_msgs/msg/detail/tune_control__type_support.hpp\n'}
[6.126146] (px4_msgs) StdoutLine: {'line': b'-- Up-to-date: /home/subhalaxmi/nidar_ws/install/px4_msgs/include/px4_msgs/px4_msgs/msg/detail/failsafe_flags__traits.hpp\n'}
[6.126261] (px4_msgs) StdoutLine: {'line': b'-- Up-to-date: /home/subhalaxmi/nidar_ws/install/px4_msgs/include/px4_msgs/px4_msgs/msg/detail/power_monitor__traits.hpp\n'}
[6.126378] (px4_msgs) StdoutLine: {'line': b'-- Up-to-date: /home/subhalaxmi/nidar_ws/install/px4_msgs/include/px4_msgs/px4_msgs/msg/detail/vehicle_constraints__traits.hpp\n'}
[6.126535] (px4_msgs) StdoutLine: {'line': b'-- Up-to-date: /home/subhalaxmi/nidar_ws/install/px4_msgs/include/px4_msgs/px4_msgs/msg/detail/sensor_correction__struct.hpp\n'}
[6.126677] (px4_msgs) StdoutLine: {'line': b'-- Up-to-date: /home/subhalaxmi/nidar_ws/install/px4_msgs/include/px4_msgs/px4_msgs/msg/detail/vehicle_air_data__builder.hpp\n'}
[6.126813] (px4_msgs) StdoutLine: {'line': b'-- Up-to-date: /home/subhalaxmi/nidar_ws/install/px4_msgs/include/px4_msgs/px4_msgs/msg/detail/estimator_innovations__traits.hpp\n'}
[6.126951] (px4_msgs) StdoutLine: {'line': b'-- Up-to-date: /home/subhalaxmi/nidar_ws/install/px4_msgs/include/px4_msgs/px4_msgs/msg/detail/esc_status__struct.hpp\n'}
[6.127178] (px4_msgs) StdoutLine: {'line': b'-- Up-to-date: /home/subhalaxmi/nidar_ws/install/px4_msgs/include/px4_msgs/px4_msgs/msg/detail/vehicle_odometry__type_support.hpp\n'}
[6.127292] (px4_msgs) StdoutLine: {'line': b'-- Up-to-date: /home/subhalaxmi/nidar_ws/install/px4_msgs/include/px4_msgs/px4_msgs/msg/detail/follow_target__traits.hpp\n'}
[6.127391] (px4_msgs) StdoutLine: {'line': b'-- Up-to-date: /home/subhalaxmi/nidar_ws/install/px4_msgs/include/px4_msgs/px4_msgs/msg/detail/estimator_event_flags__struct.hpp\n'}
[6.127488] (px4_msgs) StdoutLine: {'line': b'-- Up-to-date: /home/subhalaxmi/nidar_ws/install/px4_msgs/include/px4_msgs/px4_msgs/msg/detail/sensor_gyro__struct.hpp\n'}
[6.127586] (px4_msgs) StdoutLine: {'line': b'-- Up-to-date: /home/subhalaxmi/nidar_ws/install/px4_msgs/include/px4_msgs/px4_msgs/msg/detail/estimator_status_flags__builder.hpp\n'}
[6.127684] (px4_msgs) StdoutLine: {'line': b'-- Up-to-date: /home/subhalaxmi/nidar_ws/install/px4_msgs/include/px4_msgs/px4_msgs/msg/detail/airspeed_wind__struct.hpp\n'}
[6.127782] (px4_msgs) StdoutLine: {'line': b'-- Up-to-date: /home/subhalaxmi/nidar_ws/install/px4_msgs/include/px4_msgs/px4_msgs/msg/detail/sensor_gyro_fifo__type_support.hpp\n'}
[6.127879] (px4_msgs) StdoutLine: {'line': b'-- Up-to-date: /home/subhalaxmi/nidar_ws/install/px4_msgs/include/px4_msgs/px4_msgs/msg/detail/sensor_accel_fifo__traits.hpp\n'}
[6.127981] (px4_msgs) StdoutLine: {'line': b'-- Up-to-date: /home/subhalaxmi/nidar_ws/install/px4_msgs/include/px4_msgs/px4_msgs/msg/detail/rover_throttle_setpoint__traits.hpp\n'}
[6.128141] (px4_msgs) StdoutLine: {'line': b'-- Up-to-date: /home/subhalaxmi/nidar_ws/install/px4_msgs/include/px4_msgs/px4_msgs/msg/detail/actuator_test__builder.hpp\n'}
[6.128347] (px4_msgs) StdoutLine: {'line': b'-- Up-to-date: /home/subhalaxmi/nidar_ws/install/px4_msgs/include/px4_msgs/px4_msgs/msg/detail/device_information__traits.hpp\n'}
[6.128452] (px4_msgs) StdoutLine: {'line': b'-- Up-to-date: /home/subhalaxmi/nidar_ws/install/px4_msgs/include/px4_msgs/px4_msgs/msg/detail/debug_key_value__builder.hpp\n'}
[6.128551] (px4_msgs) StdoutLine: {'line': b'-- Up-to-date: /home/subhalaxmi/nidar_ws/install/px4_msgs/include/px4_msgs/px4_msgs/msg/detail/debug_key_value__type_support.hpp\n'}
[6.128661] (px4_msgs) StdoutLine: {'line': b'-- Up-to-date: /home/subhalaxmi/nidar_ws/install/px4_msgs/include/px4_msgs/px4_msgs/msg/detail/mode_completed__struct.hpp\n'}
[6.128798] (px4_msgs) StdoutLine: {'line': b'-- Up-to-date: /home/subhalaxmi/nidar_ws/install/px4_msgs/include/px4_msgs/px4_msgs/msg/detail/rc_parameter_map__struct.hpp\n'}
[6.128934] (px4_msgs) StdoutLine: {'line': b'-- Up-to-date: /home/subhalaxmi/nidar_ws/install/px4_msgs/include/px4_msgs/px4_msgs/msg/detail/position_setpoint__builder.hpp\n'}
[6.129097] (px4_msgs) StdoutLine: {'line': b'-- Up-to-date: /home/subhalaxmi/nidar_ws/install/px4_msgs/include/px4_msgs/px4_msgs/msg/detail/estimator_status_flags__struct.hpp\n'}
[6.129229] (px4_msgs) StdoutLine: {'line': b'-- Up-to-date: /home/subhalaxmi/nidar_ws/install/px4_msgs/include/px4_msgs/px4_msgs/msg/detail/gps_dump__traits.hpp\n'}
[6.129332] (px4_msgs) StdoutLine: {'line': b'-- Up-to-date: /home/subhalaxmi/nidar_ws/install/px4_msgs/include/px4_msgs/px4_msgs/msg/detail/sensor_hygrometer__struct.hpp\n'}
[6.129475] (px4_msgs) StdoutLine: {'line': b'-- Up-to-date: /home/subhalaxmi/nidar_ws/install/px4_msgs/include/px4_msgs/px4_msgs/msg/detail/sensor_gyro_fft__type_support.hpp\n'}
[6.129612] (px4_msgs) StdoutLine: {'line': b'-- Up-to-date: /home/subhalaxmi/nidar_ws/install/px4_msgs/include/px4_msgs/px4_msgs/msg/detail/wheel_encoders__type_support.hpp\n'}
[6.129749] (px4_msgs) StdoutLine: {'line': b'-- Up-to-date: /home/subhalaxmi/nidar_ws/install/px4_msgs/include/px4_msgs/px4_msgs/msg/detail/vehicle_magnetometer__struct.hpp\n'}
[6.129889] (px4_msgs) StdoutLine: {'line': b'-- Up-to-date: /home/subhalaxmi/nidar_ws/install/px4_msgs/include/px4_msgs/px4_msgs/msg/detail/sensor_baro__struct.hpp\n'}
[6.130034] (px4_msgs) StdoutLine: {'line': b'-- Up-to-date: /home/subhalaxmi/nidar_ws/install/px4_msgs/include/px4_msgs/px4_msgs/msg/detail/neural_control__type_support.hpp\n'}
[6.130247] (px4_msgs) StdoutLine: {'line': b'-- Up-to-date: /home/subhalaxmi/nidar_ws/install/px4_msgs/include/px4_msgs/px4_msgs/msg/detail/sensor_temp__builder.hpp\n'}
[6.130358] (px4_msgs) StdoutLine: {'line': b'-- Up-to-date: /home/subhalaxmi/nidar_ws/install/px4_msgs/include/px4_msgs/px4_msgs/msg/detail/action_request__traits.hpp\n'}
[6.130456] (px4_msgs) StdoutLine: {'line': b'-- Up-to-date: /home/subhalaxmi/nidar_ws/install/px4_msgs/include/px4_msgs/px4_msgs/msg/detail/magnetometer_bias_estimate__traits.hpp\n'}
[6.130556] (px4_msgs) StdoutLine: {'line': b'-- Up-to-date: /home/subhalaxmi/nidar_ws/install/px4_msgs/include/px4_msgs/px4_msgs/msg/detail/differential_pressure__builder.hpp\n'}
[6.130670] (px4_msgs) StdoutLine: {'line': b'-- Up-to-date: /home/subhalaxmi/nidar_ws/install/px4_msgs/include/px4_msgs/px4_msgs/msg/detail/internal_combustion_engine_status__traits.hpp\n'}
[6.130816] (px4_msgs) StdoutLine: {'line': b'-- Up-to-date: /home/subhalaxmi/nidar_ws/install/px4_msgs/include/px4_msgs/px4_msgs/msg/detail/vehicle_imu__traits.hpp\n'}
[6.130956] (px4_msgs) StdoutLine: {'line': b'-- Up-to-date: /home/subhalaxmi/nidar_ws/install/px4_msgs/include/px4_msgs/px4_msgs/msg/detail/camera_capture__builder.hpp\n'}
[6.131092] (px4_msgs) StdoutLine: {'line': b'-- Up-to-date: /home/subhalaxmi/nidar_ws/install/px4_msgs/include/px4_msgs/px4_msgs/msg/detail/esc_report__type_support.hpp\n'}
[6.131280] (px4_msgs) StdoutLine: {'line': b'-- Up-to-date: /home/subhalaxmi/nidar_ws/install/px4_msgs/include/px4_msgs/px4_msgs/msg/detail/autotune_attitude_control_status__struct.hpp\n'}
[6.131444] (px4_msgs) StdoutLine: {'line': b'-- Up-to-date: /home/subhalaxmi/nidar_ws/install/px4_msgs/include/px4_msgs/px4_msgs/msg/detail/arming_check_request__traits.hpp\n'}
[6.131545] (px4_msgs) StdoutLine: {'line': b'-- Up-to-date: /home/subhalaxmi/nidar_ws/install/px4_msgs/include/px4_msgs/px4_msgs/msg/detail/actuator_controls_status__traits.hpp\n'}
[6.131641] (px4_msgs) StdoutLine: {'line': b'-- Up-to-date: /home/subhalaxmi/nidar_ws/install/px4_msgs/include/px4_msgs/px4_msgs/msg/detail/trajectory_setpoint__type_support.hpp\n'}
[6.131737] (px4_msgs) StdoutLine: {'line': b'-- Up-to-date: /home/subhalaxmi/nidar_ws/install/px4_msgs/include/px4_msgs/px4_msgs/msg/detail/geofence_status__traits.hpp\n'}
[6.131835] (px4_msgs) StdoutLine: {'line': b'-- Up-to-date: /home/subhalaxmi/nidar_ws/install/px4_msgs/include/px4_msgs/px4_msgs/msg/detail/camera_status__type_support.hpp\n'}
[6.131932] (px4_msgs) StdoutLine: {'line': b'-- Up-to-date: /home/subhalaxmi/nidar_ws/install/px4_msgs/include/px4_msgs/px4_msgs/msg/detail/open_drone_id_self_id__struct.hpp\n'}
[6.132028] (px4_msgs) StdoutLine: {'line': b'-- Up-to-date: /home/subhalaxmi/nidar_ws/install/px4_msgs/include/px4_msgs/px4_msgs/msg/detail/parameter_reset_request__type_support.hpp\n'}
[6.132149] (px4_msgs) StdoutLine: {'line': b'-- Up-to-date: /home/subhalaxmi/nidar_ws/install/px4_msgs/include/px4_msgs/px4_msgs/msg/detail/airspeed_wind__type_support.hpp\n'}
[6.132261] (px4_msgs) StdoutLine: {'line': b'-- Up-to-date: /home/subhalaxmi/nidar_ws/install/px4_msgs/include/px4_msgs/px4_msgs/msg/detail/airspeed_validated__traits.hpp\n'}
[6.132360] (px4_msgs) StdoutLine: {'line': b'-- Up-to-date: /home/subhalaxmi/nidar_ws/install/px4_msgs/include/px4_msgs/px4_msgs/msg/detail/irlock_report__struct.hpp\n'}
[6.132520] (px4_msgs) StdoutLine: {'line': b'-- Up-to-date: /home/subhalaxmi/nidar_ws/install/px4_msgs/include/px4_msgs/px4_msgs/msg/detail/qshell_retval__traits.hpp\n'}
[6.132667] (px4_msgs) StdoutLine: {'line': b'-- Up-to-date: /home/subhalaxmi/nidar_ws/install/px4_msgs/include/px4_msgs/px4_msgs/msg/detail/rover_rate_setpoint__builder.hpp\n'}
[6.132825] (px4_msgs) StdoutLine: {'line': b'-- Up-to-date: /home/subhalaxmi/nidar_ws/install/px4_msgs/include/px4_msgs/px4_msgs/msg/detail/camera_trigger__struct.hpp\n'}
[6.133010] (px4_msgs) StdoutLine: {'line': b'-- Up-to-date: /home/subhalaxmi/nidar_ws/install/px4_msgs/include/px4_msgs/px4_msgs/msg/detail/sensor_gnss_relative__traits.hpp\n'}
[6.133143] (px4_msgs) StdoutLine: {'line': b'-- Up-to-date: /home/subhalaxmi/nidar_ws/install/px4_msgs/include/px4_msgs/px4_msgs/msg/detail/sensor_airflow__builder.hpp\n'}
[6.133308] (px4_msgs) StdoutLine: {'line': b'-- Up-to-date: /home/subhalaxmi/nidar_ws/install/px4_msgs/include/px4_msgs/px4_msgs/msg/detail/cpuload__type_support.hpp\n'}
[6.133408] (px4_msgs) StdoutLine: {'line': b'-- Up-to-date: /home/subhalaxmi/nidar_ws/install/px4_msgs/include/px4_msgs/px4_msgs/msg/detail/fixed_wing_lateral_status__traits.hpp\n'}
[6.133507] (px4_msgs) StdoutLine: {'line': b'-- Up-to-date: /home/subhalaxmi/nidar_ws/install/px4_msgs/include/px4_msgs/px4_msgs/msg/detail/ekf2_timestamps__type_support.hpp\n'}
[6.133606] (px4_msgs) StdoutLine: {'line': b'-- Up-to-date: /home/subhalaxmi/nidar_ws/install/px4_msgs/include/px4_msgs/px4_msgs/msg/detail/pwm_input__type_support.hpp\n'}
[6.133704] (px4_msgs) StdoutLine: {'line': b'-- Up-to-date: /home/subhalaxmi/nidar_ws/install/px4_msgs/include/px4_msgs/px4_msgs/msg/detail/longitudinal_control_configuration__struct.hpp\n'}
[6.133801] (px4_msgs) StdoutLine: {'line': b'-- Up-to-date: /home/subhalaxmi/nidar_ws/install/px4_msgs/include/px4_msgs/px4_msgs/msg/detail/launch_detection_status__traits.hpp\n'}
[6.133897] (px4_msgs) StdoutLine: {'line': b'-- Up-to-date: /home/subhalaxmi/nidar_ws/install/px4_msgs/include/px4_msgs/px4_msgs/msg/detail/dronecan_node_status__struct.hpp\n'}
[6.133993] (px4_msgs) StdoutLine: {'line': b'-- Up-to-date: /home/subhalaxmi/nidar_ws/install/px4_msgs/include/px4_msgs/px4_msgs/msg/detail/vehicle_imu_status__struct.hpp\n'}
[6.134091] (px4_msgs) StdoutLine: {'line': b'-- Up-to-date: /home/subhalaxmi/nidar_ws/install/px4_msgs/include/px4_msgs/px4_msgs/msg/detail/vehicle_thrust_setpoint__builder.hpp\n'}
[6.134316] (px4_msgs) StdoutLine: {'line': b'-- Up-to-date: /home/subhalaxmi/nidar_ws/install/px4_msgs/include/px4_msgs/px4_msgs/msg/detail/distance_sensor_mode_change_request__struct.hpp\n'}
[6.134427] (px4_msgs) StdoutLine: {'line': b'-- Up-to-date: /home/subhalaxmi/nidar_ws/install/px4_msgs/include/px4_msgs/px4_msgs/msg/detail/rc_channels__traits.hpp\n'}
[6.134525] (px4_msgs) StdoutLine: {'line': b'-- Up-to-date: /home/subhalaxmi/nidar_ws/install/px4_msgs/include/px4_msgs/px4_msgs/msg/detail/health_report__type_support.hpp\n'}
[6.134622] (px4_msgs) StdoutLine: {'line': b'-- Up-to-date: /home/subhalaxmi/nidar_ws/install/px4_msgs/include/px4_msgs/px4_msgs/msg/detail/position_setpoint_triplet__traits.hpp\n'}
[6.134717] (px4_msgs) StdoutLine: {'line': b'-- Up-to-date: /home/subhalaxmi/nidar_ws/install/px4_msgs/include/px4_msgs/px4_msgs/msg/detail/uavcan_parameter_request__type_support.hpp\n'}
[6.134838] (px4_msgs) StdoutLine: {'line': b'-- Up-to-date: /home/subhalaxmi/nidar_ws/install/px4_msgs/include/px4_msgs/px4_msgs/msg/detail/fixed_wing_lateral_guidance_status__type_support.hpp\n'}
[6.134994] (px4_msgs) StdoutLine: {'line': b'-- Up-to-date: /home/subhalaxmi/nidar_ws/install/px4_msgs/include/px4_msgs/px4_msgs/msg/detail/gain_compression__builder.hpp\n'}
[6.135106] (px4_msgs) StdoutLine: {'line': b'-- Up-to-date: /home/subhalaxmi/nidar_ws/install/px4_msgs/include/px4_msgs/px4_msgs/msg/detail/neural_control__struct.hpp\n'}
[6.135238] (px4_msgs) StdoutLine: {'line': b'-- Up-to-date: /home/subhalaxmi/nidar_ws/install/px4_msgs/include/px4_msgs/px4_msgs/msg/detail/gain_compression__type_support.hpp\n'}
[6.135339] (px4_msgs) StdoutLine: {'line': b'-- Up-to-date: /home/subhalaxmi/nidar_ws/install/px4_msgs/include/px4_msgs/px4_msgs/msg/detail/generator_status__traits.hpp\n'}
[6.135436] (px4_msgs) StdoutLine: {'line': b'-- Up-to-date: /home/subhalaxmi/nidar_ws/install/px4_msgs/include/px4_msgs/px4_msgs/msg/detail/estimator_aid_source3d__struct.hpp\n'}
[6.135534] (px4_msgs) StdoutLine: {'line': b'-- Up-to-date: /home/subhalaxmi/nidar_ws/install/px4_msgs/include/px4_msgs/px4_msgs/msg/detail/pps_capture__traits.hpp\n'}
[6.135631] (px4_msgs) StdoutLine: {'line': b'-- Up-to-date: /home/subhalaxmi/nidar_ws/install/px4_msgs/include/px4_msgs/px4_msgs/msg/detail/gpio_config__traits.hpp\n'}
[6.135728] (px4_msgs) StdoutLine: {'line': b'-- Up-to-date: /home/subhalaxmi/nidar_ws/install/px4_msgs/include/px4_msgs/px4_msgs/msg/detail/timesync_status__type_support.hpp\n'}
[6.135874] (px4_msgs) StdoutLine: {'line': b'-- Up-to-date: /home/subhalaxmi/nidar_ws/install/px4_msgs/include/px4_msgs/px4_msgs/msg/detail/trajectory_setpoint__struct.hpp\n'}
[6.136021] (px4_msgs) StdoutLine: {'line': b'-- Up-to-date: /home/subhalaxmi/nidar_ws/install/px4_msgs/include/px4_msgs/px4_msgs/msg/detail/vehicle_attitude_setpoint__builder.hpp\n'}
[6.136218] (px4_msgs) StdoutLine: {'line': b'-- Up-to-date: /home/subhalaxmi/nidar_ws/install/px4_msgs/include/px4_msgs/px4_msgs/msg/detail/adc_report__traits.hpp\n'}
[6.136333] (px4_msgs) StdoutLine: {'line': b'-- Up-to-date: /home/subhalaxmi/nidar_ws/install/px4_msgs/include/px4_msgs/px4_msgs/msg/detail/actuator_outputs__type_support.hpp\n'}
[6.136436] (px4_msgs) StdoutLine: {'line': b'-- Up-to-date: /home/subhalaxmi/nidar_ws/install/px4_msgs/include/px4_msgs/px4_msgs/msg/detail/heater_status__traits.hpp\n'}
[6.136616] (px4_msgs) StdoutLine: {'line': b'-- Up-to-date: /home/subhalaxmi/nidar_ws/install/px4_msgs/include/px4_msgs/px4_msgs/msg/detail/generator_status__builder.hpp\n'}
[6.136718] (px4_msgs) StdoutLine: {'line': b'-- Up-to-date: /home/subhalaxmi/nidar_ws/install/px4_msgs/include/px4_msgs/px4_msgs/msg/detail/adc_report__builder.hpp\n'}
[6.136816] (px4_msgs) StdoutLine: {'line': b'-- Up-to-date: /home/subhalaxmi/nidar_ws/install/px4_msgs/include/px4_msgs/px4_msgs/msg/detail/estimator_states__type_support.hpp\n'}
[6.136913] (px4_msgs) StdoutLine: {'line': b'-- Up-to-date: /home/subhalaxmi/nidar_ws/install/px4_msgs/include/px4_msgs/px4_msgs/msg/detail/vehicle_optical_flow__traits.hpp\n'}
[6.137009] (px4_msgs) StdoutLine: {'line': b'-- Up-to-date: /home/subhalaxmi/nidar_ws/install/px4_msgs/include/px4_msgs/px4_msgs/msg/detail/health_report__traits.hpp\n'}
[6.137105] (px4_msgs) StdoutLine: {'line': b'-- Up-to-date: /home/subhalaxmi/nidar_ws/install/px4_msgs/include/px4_msgs/px4_msgs/msg/detail/raptor_status__type_support.hpp\n'}
[6.137232] (px4_msgs) StdoutLine: {'line': b'-- Up-to-date: /home/subhalaxmi/nidar_ws/install/px4_msgs/include/px4_msgs/px4_msgs/msg/detail/vehicle_roi__traits.hpp\n'}
[6.137333] (px4_msgs) StdoutLine: {'line': b'-- Up-to-date: /home/subhalaxmi/nidar_ws/install/px4_msgs/include/px4_msgs/px4_msgs/msg/detail/gps_inject_data__struct.hpp\n'}
[6.137432] (px4_msgs) StdoutLine: {'line': b'-- Up-to-date: /home/subhalaxmi/nidar_ws/install/px4_msgs/include/px4_msgs/px4_msgs/msg/detail/vtx__struct.hpp\n'}
[6.137587] (px4_msgs) StdoutLine: {'line': b'-- Up-to-date: /home/subhalaxmi/nidar_ws/install/px4_msgs/include/px4_msgs/px4_msgs/msg/detail/tecs_status__builder.hpp\n'}
[6.137754] (px4_msgs) StdoutLine: {'line': b'-- Up-to-date: /home/subhalaxmi/nidar_ws/install/px4_msgs/include/px4_msgs/px4_msgs/msg/detail/gimbal_device_attitude_status__traits.hpp\n'}
[6.137853] (px4_msgs) StdoutLine: {'line': b'-- Up-to-date: /home/subhalaxmi/nidar_ws/install/px4_msgs/include/px4_msgs/px4_msgs/msg/detail/parameter_set_value_request__struct.hpp\n'}
[6.137952] (px4_msgs) StdoutLine: {'line': b'-- Up-to-date: /home/subhalaxmi/nidar_ws/install/px4_msgs/include/px4_msgs/px4_msgs/msg/detail/esc_status__traits.hpp\n'}
[6.138049] (px4_msgs) StdoutLine: {'line': b'-- Up-to-date: /home/subhalaxmi/nidar_ws/install/px4_msgs/include/px4_msgs/px4_msgs/msg/detail/sensor_accel_fifo__struct.hpp\n'}
[6.138238] (px4_msgs) StdoutLine: {'line': b'-- Up-to-date: /home/subhalaxmi/nidar_ws/install/px4_msgs/include/px4_msgs/px4_msgs/msg/detail/uavcan_parameter_value__traits.hpp\n'}
[6.138346] (px4_msgs) StdoutLine: {'line': b'-- Up-to-date: /home/subhalaxmi/nidar_ws/install/px4_msgs/include/px4_msgs/px4_msgs/msg/detail/message_format_response__type_support.hpp\n'}
[6.138445] (px4_msgs) StdoutLine: {'line': b'-- Up-to-date: /home/subhalaxmi/nidar_ws/install/px4_msgs/include/px4_msgs/px4_msgs/msg/detail/raptor_status__traits.hpp\n'}
[6.138542] (px4_msgs) StdoutLine: {'line': b'-- Up-to-date: /home/subhalaxmi/nidar_ws/install/px4_msgs/include/px4_msgs/px4_msgs/msg/detail/fixed_wing_runway_control__traits.hpp\n'}
[6.138641] (px4_msgs) StdoutLine: {'line': b'-- Up-to-date: /home/subhalaxmi/nidar_ws/install/px4_msgs/include/px4_msgs/px4_msgs/msg/detail/open_drone_id_self_id__builder.hpp\n'}
[6.138739] (px4_msgs) StdoutLine: {'line': b'-- Up-to-date: /home/subhalaxmi/nidar_ws/install/px4_msgs/include/px4_msgs/px4_msgs/msg/detail/aux_global_position__traits.hpp\n'}
[6.138836] (px4_msgs) StdoutLine: {'line': b'-- Up-to-date: /home/subhalaxmi/nidar_ws/install/px4_msgs/include/px4_msgs/px4_msgs/msg/detail/rover_speed_setpoint__struct.hpp\n'}
[6.138951] (px4_msgs) StdoutLine: {'line': b'-- Up-to-date: /home/subhalaxmi/nidar_ws/install/px4_msgs/include/px4_msgs/px4_msgs/msg/detail/hover_thrust_estimate__struct.hpp\n'}
[6.139050] (px4_msgs) StdoutLine: {'line': b'-- Up-to-date: /home/subhalaxmi/nidar_ws/install/px4_msgs/include/px4_msgs/px4_msgs/msg/detail/orb_test_large__builder.hpp\n'}
[6.139256] (px4_msgs) StdoutLine: {'line': b'-- Up-to-date: /home/subhalaxmi/nidar_ws/install/px4_msgs/include/px4_msgs/px4_msgs/msg/detail/fixed_wing_lateral_setpoint__traits.hpp\n'}
[6.139366] (px4_msgs) StdoutLine: {'line': b'-- Up-to-date: /home/subhalaxmi/nidar_ws/install/px4_msgs/include/px4_msgs/px4_msgs/msg/detail/sensor_combined__builder.hpp\n'}
[6.139464] (px4_msgs) StdoutLine: {'line': b'-- Up-to-date: /home/subhalaxmi/nidar_ws/install/px4_msgs/include/px4_msgs/px4_msgs/msg/detail/gpio_in__type_support.hpp\n'}
[6.139561] (px4_msgs) StdoutLine: {'line': b'-- Up-to-date: /home/subhalaxmi/nidar_ws/install/px4_msgs/include/px4_msgs/px4_msgs/msg/detail/rover_attitude_status__struct.hpp\n'}
[6.139658] (px4_msgs) StdoutLine: {'line': b'-- Up-to-date: /home/subhalaxmi/nidar_ws/install/px4_msgs/include/px4_msgs/px4_msgs/msg/detail/mag_worker_data__struct.hpp\n'}
[6.139768] (px4_msgs) StdoutLine: {'line': b'-- Up-to-date: /home/subhalaxmi/nidar_ws/install/px4_msgs/include/px4_msgs/px4_msgs/msg/detail/tecs_status__struct.hpp\n'}
[6.139916] (px4_msgs) StdoutLine: {'line': b'-- Up-to-date: /home/subhalaxmi/nidar_ws/install/px4_msgs/include/px4_msgs/px4_msgs/msg/detail/sensor_gnss_relative__struct.hpp\n'}
[6.140054] (px4_msgs) StdoutLine: {'line': b'-- Up-to-date: /home/subhalaxmi/nidar_ws/install/px4_msgs/include/px4_msgs/px4_msgs/msg/detail/gimbal_manager_information__type_support.hpp\n'}
[6.140259] (px4_msgs) StdoutLine: {'line': b'-- Up-to-date: /home/subhalaxmi/nidar_ws/install/px4_msgs/include/px4_msgs/px4_msgs/msg/detail/home_position__builder.hpp\n'}
[6.140369] (px4_msgs) StdoutLine: {'line': b'-- Up-to-date: /home/subhalaxmi/nidar_ws/install/px4_msgs/include/px4_msgs/px4_msgs/msg/detail/sensor_preflight_mag__builder.hpp\n'}
[6.140475] (px4_msgs) StdoutLine: {'line': b'-- Up-to-date: /home/subhalaxmi/nidar_ws/install/px4_msgs/include/px4_msgs/px4_msgs/msg/detail/longitudinal_control_configuration__type_support.hpp\n'}
[6.140574] (px4_msgs) StdoutLine: {'line': b'-- Up-to-date: /home/subhalaxmi/nidar_ws/install/px4_msgs/include/px4_msgs/px4_msgs/msg/detail/sensor_accel__type_support.hpp\n'}
[6.140673] (px4_msgs) StdoutLine: {'line': b'-- Up-to-date: /home/subhalaxmi/nidar_ws/install/px4_msgs/include/px4_msgs/px4_msgs/msg/detail/vehicle_land_detected__traits.hpp\n'}
[6.140828] (px4_msgs) StdoutLine: {'line': b'-- Up-to-date: /home/subhalaxmi/nidar_ws/install/px4_msgs/include/px4_msgs/px4_msgs/msg/detail/control_allocator_status__struct.hpp\n'}
[6.140935] (px4_msgs) StdoutLine: {'line': b'-- Up-to-date: /home/subhalaxmi/nidar_ws/install/px4_msgs/include/px4_msgs/px4_msgs/msg/detail/task_stack_info__type_support.hpp\n'}
[6.141034] (px4_msgs) StdoutLine: {'line': b'-- Up-to-date: /home/subhalaxmi/nidar_ws/install/px4_msgs/include/px4_msgs/px4_msgs/msg/detail/sensor_uwb__builder.hpp\n'}
[6.141178] (px4_msgs) StdoutLine: {'line': b'-- Up-to-date: /home/subhalaxmi/nidar_ws/install/px4_msgs/include/px4_msgs/px4_msgs/msg/detail/wheel_encoders__traits.hpp\n'}
[6.141357] (px4_msgs) StdoutLine: {'line': b'-- Up-to-date: /home/subhalaxmi/nidar_ws/install/px4_msgs/include/px4_msgs/px4_msgs/msg/detail/sensor_gnss_status__type_support.hpp\n'}
[6.141466] (px4_msgs) StdoutLine: {'line': b'-- Up-to-date: /home/subhalaxmi/nidar_ws/install/px4_msgs/include/px4_msgs/px4_msgs/msg/detail/estimator_aid_source1d__traits.hpp\n'}
[6.141613] (px4_msgs) StdoutLine: {'line': b'-- Up-to-date: /home/subhalaxmi/nidar_ws/install/px4_msgs/include/px4_msgs/px4_msgs/msg/detail/sensors_status__builder.hpp\n'}
[6.141752] (px4_msgs) StdoutLine: {'line': b'-- Up-to-date: /home/subhalaxmi/nidar_ws/install/px4_msgs/include/px4_msgs/px4_msgs/msg/detail/raptor_input__struct.hpp\n'}
[6.141890] (px4_msgs) StdoutLine: {'line': b'-- Up-to-date: /home/subhalaxmi/nidar_ws/install/px4_msgs/include/px4_msgs/px4_msgs/msg/detail/pure_pursuit_status__traits.hpp\n'}
[6.142028] (px4_msgs) StdoutLine: {'line': b'-- Up-to-date: /home/subhalaxmi/nidar_ws/install/px4_msgs/include/px4_msgs/px4_msgs/msg/detail/landing_gear__builder.hpp\n'}
[6.142230] (px4_msgs) StdoutLine: {'line': b'-- Up-to-date: /home/subhalaxmi/nidar_ws/install/px4_msgs/include/px4_msgs/px4_msgs/msg/detail/health_report__struct.hpp\n'}
[6.142345] (px4_msgs) StdoutLine: {'line': b'-- Up-to-date: /home/subhalaxmi/nidar_ws/install/px4_msgs/include/px4_msgs/px4_msgs/msg/detail/vehicle_rates_setpoint__builder.hpp\n'}
[6.142446] (px4_msgs) StdoutLine: {'line': b'-- Up-to-date: /home/subhalaxmi/nidar_ws/install/px4_msgs/include/px4_msgs/px4_msgs/msg/detail/wheel_encoders__builder.hpp\n'}
[6.142607] (px4_msgs) StdoutLine: {'line': b'-- Up-to-date: /home/subhalaxmi/nidar_ws/install/px4_msgs/include/px4_msgs/px4_msgs/msg/detail/device_information__type_support.hpp\n'}
[6.142709] (px4_msgs) StdoutLine: {'line': b'-- Up-to-date: /home/subhalaxmi/nidar_ws/install/px4_msgs/include/px4_msgs/px4_msgs/msg/detail/rc_parameter_map__traits.hpp\n'}
[6.142807] (px4_msgs) StdoutLine: {'line': b'-- Up-to-date: /home/subhalaxmi/nidar_ws/install/px4_msgs/include/px4_msgs/px4_msgs/msg/detail/gimbal_controls__builder.hpp\n'}
[6.142903] (px4_msgs) StdoutLine: {'line': b'-- Up-to-date: /home/subhalaxmi/nidar_ws/install/px4_msgs/include/px4_msgs/px4_msgs/msg/detail/trajectory_setpoint__traits.hpp\n'}
[6.143020] (px4_msgs) StdoutLine: {'line': b'-- Up-to-date: /home/subhalaxmi/nidar_ws/install/px4_msgs/include/px4_msgs/px4_msgs/msg/detail/estimator_selector_status__builder.hpp\n'}
[6.143135] (px4_msgs) StdoutLine: {'line': b'-- Up-to-date: /home/subhalaxmi/nidar_ws/install/px4_msgs/include/px4_msgs/px4_msgs/msg/detail/sensor_uwb__struct.hpp\n'}
[6.143328] (px4_msgs) StdoutLine: {'line': b'-- Up-to-date: /home/subhalaxmi/nidar_ws/install/px4_msgs/include/px4_msgs/px4_msgs/msg/detail/transponder_report__type_support.hpp\n'}
[6.143430] (px4_msgs) StdoutLine: {'line': b'-- Up-to-date: /home/subhalaxmi/nidar_ws/install/px4_msgs/include/px4_msgs/px4_msgs/msg/detail/tiltrotor_extra_controls__type_support.hpp\n'}
[6.143537] (px4_msgs) StdoutLine: {'line': b'-- Up-to-date: /home/subhalaxmi/nidar_ws/install/px4_msgs/include/px4_msgs/px4_msgs/msg/detail/vehicle_imu__type_support.hpp\n'}
[6.143635] (px4_msgs) StdoutLine: {'line': b'-- Up-to-date: /home/subhalaxmi/nidar_ws/install/px4_msgs/include/px4_msgs/px4_msgs/msg/detail/arming_check_request__struct.hpp\n'}
[6.143732] (px4_msgs) StdoutLine: {'line': b'-- Up-to-date: /home/subhalaxmi/nidar_ws/install/px4_msgs/include/px4_msgs/px4_msgs/msg/detail/gimbal_device_information__traits.hpp\n'}
[6.143833] (px4_msgs) StdoutLine: {'line': b'-- Up-to-date: /home/subhalaxmi/nidar_ws/install/px4_msgs/include/px4_msgs/px4_msgs/msg/detail/fixed_wing_lateral_guidance_status__builder.hpp\n'}
[6.143932] (px4_msgs) StdoutLine: {'line': b'-- Up-to-date: /home/subhalaxmi/nidar_ws/install/px4_msgs/include/px4_msgs/px4_msgs/msg/detail/sensor_correction__traits.hpp\n'}
[6.144030] (px4_msgs) StdoutLine: {'line': b'-- Up-to-date: /home/subhalaxmi/nidar_ws/install/px4_msgs/include/px4_msgs/px4_msgs/msg/detail/ulog_stream__type_support.hpp\n'}
[6.144151] (px4_msgs) StdoutLine: {'line': b'-- Up-to-date: /home/subhalaxmi/nidar_ws/install/px4_msgs/include/px4_msgs/px4_msgs/msg/detail/collision_constraints__traits.hpp\n'}
[6.144339] (px4_msgs) StdoutLine: {'line': b'-- Up-to-date: /home/subhalaxmi/nidar_ws/install/px4_msgs/include/px4_msgs/px4_msgs/msg/detail/vehicle_constraints__builder.hpp\n'}
[6.144439] (px4_msgs) StdoutLine: {'line': b'-- Up-to-date: /home/subhalaxmi/nidar_ws/install/px4_msgs/include/px4_msgs/px4_msgs/msg/detail/vehicle_command__traits.hpp\n'}
[6.144536] (px4_msgs) StdoutLine: {'line': b'-- Up-to-date: /home/subhalaxmi/nidar_ws/install/px4_msgs/include/px4_msgs/px4_msgs/msg/detail/position_controller_landing_status__builder.hpp\n'}
[6.144633] (px4_msgs) StdoutLine: {'line': b'-- Up-to-date: /home/subhalaxmi/nidar_ws/install/px4_msgs/include/px4_msgs/px4_msgs/msg/detail/cellular_status__struct.hpp\n'}
[6.144730] (px4_msgs) StdoutLine: {'line': b'-- Up-to-date: /home/subhalaxmi/nidar_ws/install/px4_msgs/include/px4_msgs/px4_msgs/msg/detail/airspeed__type_support.hpp\n'}
[6.144839] (px4_msgs) StdoutLine: {'line': b'-- Up-to-date: /home/subhalaxmi/nidar_ws/install/px4_msgs/include/px4_msgs/px4_msgs/msg/detail/dronecan_node_status__traits.hpp\n'}
[6.144985] (px4_msgs) StdoutLine: {'line': b'-- Up-to-date: /home/subhalaxmi/nidar_ws/install/px4_msgs/include/px4_msgs/px4_msgs/msg/detail/mount_orientation__builder.hpp\n'}
[6.145134] (px4_msgs) StdoutLine: {'line': b'-- Up-to-date: /home/subhalaxmi/nidar_ws/install/px4_msgs/include/px4_msgs/px4_msgs/msg/detail/rtl_status__type_support.hpp\n'}
[6.145302] (px4_msgs) StdoutLine: {'line': b'-- Up-to-date: /home/subhalaxmi/nidar_ws/install/px4_msgs/include/px4_msgs/px4_msgs/msg/detail/dataman_request__struct.hpp\n'}
[6.145402] (px4_msgs) StdoutLine: {'line': b'-- Up-to-date: /home/subhalaxmi/nidar_ws/install/px4_msgs/include/px4_msgs/px4_msgs/msg/detail/wind__type_support.hpp\n'}
[6.145500] (px4_msgs) StdoutLine: {'line': b'-- Up-to-date: /home/subhalaxmi/nidar_ws/install/px4_msgs/include/px4_msgs/px4_msgs/msg/detail/parameter_update__type_support.hpp\n'}
[6.145596] (px4_msgs) StdoutLine: {'line': b'-- Up-to-date: /home/subhalaxmi/nidar_ws/install/px4_msgs/include/px4_msgs/px4_msgs/msg/detail/telemetry_status__builder.hpp\n'}
[6.145692] (px4_msgs) StdoutLine: {'line': b'-- Up-to-date: /home/subhalaxmi/nidar_ws/install/px4_msgs/include/px4_msgs/px4_msgs/msg/detail/distance_sensor_mode_change_request__type_support.hpp\n'}
[6.145790] (px4_msgs) StdoutLine: {'line': b'-- Up-to-date: /home/subhalaxmi/nidar_ws/install/px4_msgs/include/px4_msgs/px4_msgs/msg/detail/failsafe_flags__type_support.hpp\n'}
[6.145941] (px4_msgs) StdoutLine: {'line': b'-- Up-to-date: /home/subhalaxmi/nidar_ws/install/px4_msgs/include/px4_msgs/px4_msgs/msg/detail/rate_ctrl_status__builder.hpp\n'}
[6.146080] (px4_msgs) StdoutLine: {'line': b'-- Up-to-date: /home/subhalaxmi/nidar_ws/install/px4_msgs/include/px4_msgs/px4_msgs/msg/detail/sensor_gyro__traits.hpp\n'}
[6.146271] (px4_msgs) StdoutLine: {'line': b'-- Up-to-date: /home/subhalaxmi/nidar_ws/install/px4_msgs/include/px4_msgs/px4_msgs/msg/detail/obstacle_distance__struct.hpp\n'}
[6.146375] (px4_msgs) StdoutLine: {'line': b'-- Up-to-date: /home/subhalaxmi/nidar_ws/install/px4_msgs/include/px4_msgs/px4_msgs/msg/detail/position_setpoint__struct.hpp\n'}
[6.146473] (px4_msgs) StdoutLine: {'line': b'-- Up-to-date: /home/subhalaxmi/nidar_ws/install/px4_msgs/include/px4_msgs/px4_msgs/msg/detail/normalized_unsigned_setpoint__builder.hpp\n'}
[6.146614] (px4_msgs) StdoutLine: {'line': b'-- Up-to-date: /home/subhalaxmi/nidar_ws/install/px4_msgs/include/px4_msgs/px4_msgs/msg/detail/failsafe_flags__struct.hpp\n'}
[6.146751] (px4_msgs) StdoutLine: {'line': b'-- Up-to-date: /home/subhalaxmi/nidar_ws/install/px4_msgs/include/px4_msgs/px4_msgs/msg/detail/esc_report__traits.hpp\n'}
[6.146927] (px4_msgs) StdoutLine: {'line': b'-- Up-to-date: /home/subhalaxmi/nidar_ws/install/px4_msgs/include/px4_msgs/px4_msgs/msg/detail/vehicle_air_data__type_support.hpp\n'}
[6.147029] (px4_msgs) StdoutLine: {'line': b'-- Up-to-date: /home/subhalaxmi/nidar_ws/install/px4_msgs/include/px4_msgs/px4_msgs/msg/detail/goto_setpoint__struct.hpp\n'}
[6.147145] (px4_msgs) StdoutLine: {'line': b'-- Up-to-date: /home/subhalaxmi/nidar_ws/install/px4_msgs/include/px4_msgs/px4_msgs/msg/detail/position_controller_landing_status__traits.hpp\n'}
[6.147263] (px4_msgs) StdoutLine: {'line': b'-- Up-to-date: /home/subhalaxmi/nidar_ws/install/px4_msgs/include/px4_msgs/px4_msgs/msg/detail/vehicle_global_position__type_support.hpp\n'}
[6.147363] (px4_msgs) StdoutLine: {'line': b'-- Up-to-date: /home/subhalaxmi/nidar_ws/install/px4_msgs/include/px4_msgs/px4_msgs/msg/detail/position_controller_status__builder.hpp\n'}
[6.147474] (px4_msgs) StdoutLine: {'line': b'-- Up-to-date: /home/subhalaxmi/nidar_ws/install/px4_msgs/include/px4_msgs/px4_msgs/msg/detail/goto_setpoint__builder.hpp\n'}
[6.147624] (px4_msgs) StdoutLine: {'line': b'-- Up-to-date: /home/subhalaxmi/nidar_ws/install/px4_msgs/include/px4_msgs/px4_msgs/msg/detail/vehicle_angular_velocity__type_support.hpp\n'}
[6.147772] (px4_msgs) StdoutLine: {'line': b'-- Up-to-date: /home/subhalaxmi/nidar_ws/install/px4_msgs/include/px4_msgs/px4_msgs/msg/detail/gimbal_manager_information__struct.hpp\n'}
[6.147912] (px4_msgs) StdoutLine: {'line': b'-- Up-to-date: /home/subhalaxmi/nidar_ws/install/px4_msgs/include/px4_msgs/px4_msgs/msg/detail/parameter_set_value_response__struct.hpp\n'}
[6.148050] (px4_msgs) StdoutLine: {'line': b'-- Up-to-date: /home/subhalaxmi/nidar_ws/install/px4_msgs/include/px4_msgs/px4_msgs/msg/detail/vehicle_land_detected__builder.hpp\n'}
[6.148249] (px4_msgs) StdoutLine: {'line': b'-- Up-to-date: /home/subhalaxmi/nidar_ws/install/px4_msgs/include/px4_msgs/px4_msgs/msg/detail/follow_target__type_support.hpp\n'}
[6.148359] (px4_msgs) StdoutLine: {'line': b'-- Up-to-date: /home/subhalaxmi/nidar_ws/install/px4_msgs/include/px4_msgs/px4_msgs/msg/detail/failure_detector_status__builder.hpp\n'}
[6.148457] (px4_msgs) StdoutLine: {'line': b'-- Up-to-date: /home/subhalaxmi/nidar_ws/install/px4_msgs/include/px4_msgs/px4_msgs/msg/detail/button_event__builder.hpp\n'}
[6.148565] (px4_msgs) StdoutLine: {'line': b'-- Up-to-date: /home/subhalaxmi/nidar_ws/install/px4_msgs/include/px4_msgs/px4_msgs/msg/detail/qshell_retval__type_support.hpp\n'}
[6.148705] (px4_msgs) StdoutLine: {'line': b'-- Up-to-date: /home/subhalaxmi/nidar_ws/install/px4_msgs/include/px4_msgs/px4_msgs/msg/detail/mavlink_log__builder.hpp\n'}
[6.148883] (px4_msgs) StdoutLine: {'line': b'-- Up-to-date: /home/subhalaxmi/nidar_ws/install/px4_msgs/include/px4_msgs/px4_msgs/msg/detail/sensors_status_imu__type_support.hpp\n'}
[6.149076] (px4_msgs) StdoutLine: {'line': b'-- Up-to-date: /home/subhalaxmi/nidar_ws/install/px4_msgs/include/px4_msgs/px4_msgs/msg/detail/gimbal_controls__struct.hpp\n'}
[6.149335] (px4_msgs) StdoutLine: {'line': b'-- Up-to-date: /home/subhalaxmi/nidar_ws/install/px4_msgs/include/px4_msgs/px4_msgs/msg/detail/uavcan_parameter_request__builder.hpp\n'}
[6.149471] (px4_msgs) StdoutLine: {'line': b'-- Up-to-date: /home/subhalaxmi/nidar_ws/install/px4_msgs/include/px4_msgs/px4_msgs/msg/detail/vehicle_constraints__type_support.hpp\n'}
[6.149614] (px4_msgs) StdoutLine: {'line': b'-- Up-to-date: /home/subhalaxmi/nidar_ws/install/px4_msgs/include/px4_msgs/px4_msgs/msg/detail/follow_target_status__traits.hpp\n'}
[6.149752] (px4_msgs) StdoutLine: {'line': b'-- Up-to-date: /home/subhalaxmi/nidar_ws/install/px4_msgs/include/px4_msgs/px4_msgs/msg/detail/cpuload__traits.hpp\n'}
[6.149889] (px4_msgs) StdoutLine: {'line': b'-- Up-to-date: /home/subhalaxmi/nidar_ws/install/px4_msgs/include/px4_msgs/px4_msgs/msg/detail/sensor_hygrometer__traits.hpp\n'}
[6.150028] (px4_msgs) StdoutLine: {'line': b'-- Up-to-date: /home/subhalaxmi/nidar_ws/install/px4_msgs/include/px4_msgs/px4_msgs/msg/detail/vehicle_optical_flow_vel__builder.hpp\n'}
[6.150266] (px4_msgs) StdoutLine: {'line': b'-- Up-to-date: /home/subhalaxmi/nidar_ws/install/px4_msgs/include/px4_msgs/px4_msgs/msg/detail/event__builder.hpp\n'}
[6.150387] (px4_msgs) StdoutLine: {'line': b'-- Up-to-date: /home/subhalaxmi/nidar_ws/install/px4_msgs/include/px4_msgs/px4_msgs/msg/detail/rover_speed_status__struct.hpp\n'}
[6.150486] (px4_msgs) StdoutLine: {'line': b'-- Up-to-date: /home/subhalaxmi/nidar_ws/install/px4_msgs/include/px4_msgs/px4_msgs/msg/detail/rover_rate_setpoint__type_support.hpp\n'}
[6.150583] (px4_msgs) StdoutLine: {'line': b'-- Up-to-date: /home/subhalaxmi/nidar_ws/install/px4_msgs/include/px4_msgs/px4_msgs/msg/detail/actuator_controls_status__builder.hpp\n'}
[6.150679] (px4_msgs) StdoutLine: {'line': b'-- Up-to-date: /home/subhalaxmi/nidar_ws/install/px4_msgs/include/px4_msgs/px4_msgs/msg/detail/satellite_info__type_support.hpp\n'}
[6.150783] (px4_msgs) StdoutLine: {'line': b'-- Up-to-date: /home/subhalaxmi/nidar_ws/install/px4_msgs/include/px4_msgs/px4_msgs/msg/detail/actuator_armed__struct.hpp\n'}
[6.150938] (px4_msgs) StdoutLine: {'line': b'-- Up-to-date: /home/subhalaxmi/nidar_ws/install/px4_msgs/include/px4_msgs/px4_msgs/msg/detail/estimator_aid_source3d__type_support.hpp\n'}
[6.151039] (px4_msgs) StdoutLine: {'line': b'-- Up-to-date: /home/subhalaxmi/nidar_ws/install/px4_msgs/include/px4_msgs/px4_msgs/msg/detail/vehicle_torque_setpoint__struct.hpp\n'}
[6.151157] (px4_msgs) StdoutLine: {'line': b'-- Up-to-date: /home/subhalaxmi/nidar_ws/install/px4_msgs/include/px4_msgs/px4_msgs/msg/detail/internal_combustion_engine_status__type_support.hpp\n'}
[6.151335] (px4_msgs) StdoutLine: {'line': b'-- Up-to-date: /home/subhalaxmi/nidar_ws/install/px4_msgs/include/px4_msgs/px4_msgs/msg/detail/open_drone_id_arm_status__struct.hpp\n'}
[6.151498] (px4_msgs) StdoutLine: {'line': b'-- Up-to-date: /home/subhalaxmi/nidar_ws/install/px4_msgs/include/px4_msgs/px4_msgs/msg/detail/battery_status__builder.hpp\n'}
[6.151671] (px4_msgs) StdoutLine: {'line': b'-- Up-to-date: /home/subhalaxmi/nidar_ws/install/px4_msgs/include/px4_msgs/px4_msgs/msg/detail/vehicle_torque_setpoint__traits.hpp\n'}
[6.151865] (px4_msgs) StdoutLine: {'line': b'-- Up-to-date: /home/subhalaxmi/nidar_ws/install/px4_msgs/include/px4_msgs/px4_msgs/msg/detail/irlock_report__type_support.hpp\n'}
[6.152045] (px4_msgs) StdoutLine: {'line': b'-- Up-to-date: /home/subhalaxmi/nidar_ws/install/px4_msgs/include/px4_msgs/px4_msgs/msg/detail/cpuload__builder.hpp\n'}
[6.152261] (px4_msgs) StdoutLine: {'line': b'-- Up-to-date: /home/subhalaxmi/nidar_ws/install/px4_msgs/include/px4_msgs/px4_msgs/msg/detail/vehicle_angular_acceleration_setpoint__struct.hpp\n'}
[6.152506] (px4_msgs) StdoutLine: {'line': b'-- Up-to-date: /home/subhalaxmi/nidar_ws/install/px4_msgs/include/px4_msgs/px4_msgs/msg/detail/estimator_sensor_bias__struct.hpp\n'}
[6.152712] (px4_msgs) StdoutLine: {'line': b'-- Up-to-date: /home/subhalaxmi/nidar_ws/install/px4_msgs/include/px4_msgs/px4_msgs/msg/detail/mavlink_log__struct.hpp\n'}
[6.152890] (px4_msgs) StdoutLine: {'line': b'-- Up-to-date: /home/subhalaxmi/nidar_ws/install/px4_msgs/include/px4_msgs/px4_msgs/msg/detail/dataman_response__type_support.hpp\n'}
[6.153077] (px4_msgs) StdoutLine: {'line': b'-- Up-to-date: /home/subhalaxmi/nidar_ws/install/px4_msgs/include/px4_msgs/px4_msgs/msg/detail/fixed_wing_lateral_setpoint__struct.hpp\n'}
[6.153211] (px4_msgs) StdoutLine: {'line': b'-- Up-to-date: /home/subhalaxmi/nidar_ws/install/px4_msgs/include/px4_msgs/px4_msgs/msg/detail/sensor_correction__builder.hpp\n'}
[6.153313] (px4_msgs) StdoutLine: {'line': b'-- Up-to-date: /home/subhalaxmi/nidar_ws/install/px4_msgs/include/px4_msgs/px4_msgs/msg/detail/camera_status__struct.hpp\n'}
[6.153414] (px4_msgs) StdoutLine: {'line': b'-- Up-to-date: /home/subhalaxmi/nidar_ws/install/px4_msgs/include/px4_msgs/px4_msgs/msg/detail/unregister_ext_component__builder.hpp\n'}
[6.153567] (px4_msgs) StdoutLine: {'line': b'-- Up-to-date: /home/subhalaxmi/nidar_ws/install/px4_msgs/include/px4_msgs/px4_msgs/msg/detail/mode_completed__type_support.hpp\n'}
[6.153668] (px4_msgs) StdoutLine: {'line': b'-- Up-to-date: /home/subhalaxmi/nidar_ws/install/px4_msgs/include/px4_msgs/px4_msgs/msg/detail/rover_speed_setpoint__type_support.hpp\n'}
[6.153765] (px4_msgs) StdoutLine: {'line': b'-- Up-to-date: /home/subhalaxmi/nidar_ws/install/px4_msgs/include/px4_msgs/px4_msgs/msg/detail/orb_test__builder.hpp\n'}
[6.153864] (px4_msgs) StdoutLine: {'line': b'-- Up-to-date: /home/subhalaxmi/nidar_ws/install/px4_msgs/include/px4_msgs/px4_msgs/msg/detail/gripper__type_support.hpp\n'}
[6.153962] (px4_msgs) StdoutLine: {'line': b'-- Up-to-date: /home/subhalaxmi/nidar_ws/install/px4_msgs/include/px4_msgs/px4_msgs/msg/detail/fixed_wing_lateral_setpoint__builder.hpp\n'}
[6.154059] (px4_msgs) StdoutLine: {'line': b'-- Up-to-date: /home/subhalaxmi/nidar_ws/install/px4_msgs/include/px4_msgs/px4_msgs/msg/detail/debug_array__builder.hpp\n'}
[6.154180] (px4_msgs) StdoutLine: {'line': b'-- Up-to-date: /home/subhalaxmi/nidar_ws/install/px4_msgs/include/px4_msgs/px4_msgs/msg/detail/action_request__type_support.hpp\n'}
[6.154288] (px4_msgs) StdoutLine: {'line': b'-- Up-to-date: /home/subhalaxmi/nidar_ws/install/px4_msgs/include/px4_msgs/px4_msgs/msg/detail/estimator_status__traits.hpp\n'}
[6.154387] (px4_msgs) StdoutLine: {'line': b'-- Up-to-date: /home/subhalaxmi/nidar_ws/install/px4_msgs/include/px4_msgs/px4_msgs/msg/detail/rover_attitude_setpoint__builder.hpp\n'}
[6.154520] (px4_msgs) StdoutLine: {'line': b'-- Up-to-date: /home/subhalaxmi/nidar_ws/install/px4_msgs/include/px4_msgs/px4_msgs/msg/detail/log_message__builder.hpp\n'}
[6.154668] (px4_msgs) StdoutLine: {'line': b'-- Up-to-date: /home/subhalaxmi/nidar_ws/install/px4_msgs/include/px4_msgs/px4_msgs/msg/detail/vehicle_command__builder.hpp\n'}
[6.154821] (px4_msgs) StdoutLine: {'line': b'-- Up-to-date: /home/subhalaxmi/nidar_ws/install/px4_msgs/include/px4_msgs/px4_msgs/msg/detail/navigator_status__struct.hpp\n'}
[6.154996] (px4_msgs) StdoutLine: {'line': b'-- Up-to-date: /home/subhalaxmi/nidar_ws/install/px4_msgs/include/px4_msgs/px4_msgs/msg/detail/debug_key_value__traits.hpp\n'}
[6.155167] (px4_msgs) StdoutLine: {'line': b'-- Up-to-date: /home/subhalaxmi/nidar_ws/install/px4_msgs/include/px4_msgs/px4_msgs/msg/detail/rover_steering_setpoint__traits.hpp\n'}
[6.155406] (px4_msgs) StdoutLine: {'line': b'-- Up-to-date: /home/subhalaxmi/nidar_ws/install/px4_msgs/include/px4_msgs/px4_msgs/msg/detail/power_monitor__builder.hpp\n'}
[6.155511] (px4_msgs) StdoutLine: {'line': b'-- Up-to-date: /home/subhalaxmi/nidar_ws/install/px4_msgs/include/px4_msgs/px4_msgs/msg/detail/sensors_status__type_support.hpp\n'}
[6.155610] (px4_msgs) StdoutLine: {'line': b'-- Up-to-date: /home/subhalaxmi/nidar_ws/install/px4_msgs/include/px4_msgs/px4_msgs/msg/detail/pure_pursuit_status__type_support.hpp\n'}
[6.155708] (px4_msgs) StdoutLine: {'line': b'-- Up-to-date: /home/subhalaxmi/nidar_ws/install/px4_msgs/include/px4_msgs/px4_msgs/msg/detail/sensor_gyro_fft__struct.hpp\n'}
[6.155807] (px4_msgs) StdoutLine: {'line': b'-- Up-to-date: /home/subhalaxmi/nidar_ws/install/px4_msgs/include/px4_msgs/px4_msgs/msg/detail/rpm__struct.hpp\n'}
[6.155929] (px4_msgs) StdoutLine: {'line': b'-- Up-to-date: /home/subhalaxmi/nidar_ws/install/px4_msgs/include/px4_msgs/px4_msgs/msg/detail/camera_status__traits.hpp\n'}
[6.156033] (px4_msgs) StdoutLine: {'line': b'-- Up-to-date: /home/subhalaxmi/nidar_ws/install/px4_msgs/include/px4_msgs/px4_msgs/msg/detail/pwm_input__struct.hpp\n'}
[6.156153] (px4_msgs) StdoutLine: {'line': b'-- Up-to-date: /home/subhalaxmi/nidar_ws/install/px4_msgs/include/px4_msgs/px4_msgs/msg/detail/estimator_event_flags__traits.hpp\n'}
[6.156335] (px4_msgs) StdoutLine: {'line': b'-- Up-to-date: /home/subhalaxmi/nidar_ws/install/px4_msgs/include/px4_msgs/px4_msgs/msg/detail/orb_test_medium__builder.hpp\n'}
[6.156442] (px4_msgs) StdoutLine: {'line': b'-- Up-to-date: /home/subhalaxmi/nidar_ws/install/px4_msgs/include/px4_msgs/px4_msgs/msg/detail/mode_completed__traits.hpp\n'}
[6.156538] (px4_msgs) StdoutLine: {'line': b'-- Up-to-date: /home/subhalaxmi/nidar_ws/install/px4_msgs/include/px4_msgs/px4_msgs/msg/detail/geofence_result__builder.hpp\n'}
[6.156635] (px4_msgs) StdoutLine: {'line': b'-- Up-to-date: /home/subhalaxmi/nidar_ws/install/px4_msgs/include/px4_msgs/px4_msgs/msg/detail/parameter_set_used_request__struct.hpp\n'}
[6.156731] (px4_msgs) StdoutLine: {'line': b'-- Up-to-date: /home/subhalaxmi/nidar_ws/install/px4_msgs/include/px4_msgs/px4_msgs/msg/detail/gps_dump__builder.hpp\n'}
[6.156827] (px4_msgs) StdoutLine: {'line': b'-- Up-to-date: /home/subhalaxmi/nidar_ws/install/px4_msgs/include/px4_msgs/px4_msgs/msg/detail/sensor_accel__builder.hpp\n'}
[6.156934] (px4_msgs) StdoutLine: {'line': b'-- Up-to-date: /home/subhalaxmi/nidar_ws/install/px4_msgs/include/px4_msgs/px4_msgs/msg/detail/raptor_input__type_support.hpp\n'}
[6.157073] (px4_msgs) StdoutLine: {'line': b'-- Up-to-date: /home/subhalaxmi/nidar_ws/install/px4_msgs/include/px4_msgs/px4_msgs/msg/detail/gps_dump__struct.hpp\n'}
[6.157259] (px4_msgs) StdoutLine: {'line': b'-- Up-to-date: /home/subhalaxmi/nidar_ws/install/px4_msgs/include/px4_msgs/px4_msgs/msg/detail/vehicle_land_detected__struct.hpp\n'}
[6.157364] (px4_msgs) StdoutLine: {'line': b'-- Up-to-date: /home/subhalaxmi/nidar_ws/install/px4_msgs/include/px4_msgs/px4_msgs/msg/detail/gpio_out__traits.hpp\n'}
[6.157461] (px4_msgs) StdoutLine: {'line': b'-- Up-to-date: /home/subhalaxmi/nidar_ws/install/px4_msgs/include/px4_msgs/px4_msgs/msg/detail/vehicle_attitude_setpoint__struct.hpp\n'}
[6.157558] (px4_msgs) StdoutLine: {'line': b'-- Up-to-date: /home/subhalaxmi/nidar_ws/install/px4_msgs/include/px4_msgs/px4_msgs/msg/detail/sensor_gps__type_support.hpp\n'}
[6.157653] (px4_msgs) StdoutLine: {'line': b'-- Up-to-date: /home/subhalaxmi/nidar_ws/install/px4_msgs/include/px4_msgs/px4_msgs/msg/detail/gpio_request__type_support.hpp\n'}
[6.157749] (px4_msgs) StdoutLine: {'line': b'-- Up-to-date: /home/subhalaxmi/nidar_ws/install/px4_msgs/include/px4_msgs/px4_msgs/msg/detail/vehicle_imu__builder.hpp\n'}
[6.157846] (px4_msgs) StdoutLine: {'line': b'-- Up-to-date: /home/subhalaxmi/nidar_ws/install/px4_msgs/include/px4_msgs/px4_msgs/msg/detail/vehicle_constraints__struct.hpp\n'}
[6.157955] (px4_msgs) StdoutLine: {'line': b'-- Up-to-date: /home/subhalaxmi/nidar_ws/install/px4_msgs/include/px4_msgs/px4_msgs/msg/detail/estimator_innovations__type_support.hpp\n'}
[6.158099] (px4_msgs) StdoutLine: {'line': b'-- Up-to-date: /home/subhalaxmi/nidar_ws/install/px4_msgs/include/px4_msgs/px4_msgs/msg/detail/estimator_bias__builder.hpp\n'}
[6.158289] (px4_msgs) StdoutLine: {'line': b'-- Up-to-date: /home/subhalaxmi/nidar_ws/install/px4_msgs/include/px4_msgs/px4_msgs/msg/detail/estimator_states__traits.hpp\n'}
[6.158394] (px4_msgs) StdoutLine: {'line': b'-- Up-to-date: /home/subhalaxmi/nidar_ws/install/px4_msgs/include/px4_msgs/px4_msgs/msg/detail/log_message__struct.hpp\n'}
[6.158493] (px4_msgs) StdoutLine: {'line': b'-- Up-to-date: /home/subhalaxmi/nidar_ws/install/px4_msgs/include/px4_msgs/px4_msgs/msg/detail/rover_throttle_setpoint__struct.hpp\n'}
[6.158590] (px4_msgs) StdoutLine: {'line': b'-- Up-to-date: /home/subhalaxmi/nidar_ws/install/px4_msgs/include/px4_msgs/px4_msgs/msg/detail/rover_throttle_setpoint__builder.hpp\n'}
[6.158741] (px4_msgs) StdoutLine: {'line': b'-- Up-to-date: /home/subhalaxmi/nidar_ws/install/px4_msgs/include/px4_msgs/px4_msgs/msg/detail/vehicle_command_ack__builder.hpp\n'}
[6.158879] (px4_msgs) StdoutLine: {'line': b'-- Up-to-date: /home/subhalaxmi/nidar_ws/install/px4_msgs/include/px4_msgs/px4_msgs/msg/detail/gimbal_device_set_attitude__type_support.hpp\n'}
[6.159016] (px4_msgs) StdoutLine: {'line': b'-- Up-to-date: /home/subhalaxmi/nidar_ws/install/px4_msgs/include/px4_msgs/px4_msgs/msg/detail/vehicle_local_position__struct.hpp\n'}
[6.159209] (px4_msgs) StdoutLine: {'line': b'-- Up-to-date: /home/subhalaxmi/nidar_ws/install/px4_msgs/include/px4_msgs/px4_msgs/msg/detail/mount_orientation__struct.hpp\n'}
[6.159325] (px4_msgs) StdoutLine: {'line': b'-- Up-to-date: /home/subhalaxmi/nidar_ws/install/px4_msgs/include/px4_msgs/px4_msgs/msg/detail/vehicle_acceleration__builder.hpp\n'}
[6.159424] (px4_msgs) StdoutLine: {'line': b'-- Up-to-date: /home/subhalaxmi/nidar_ws/install/px4_msgs/include/px4_msgs/px4_msgs/msg/detail/manual_control_switches__builder.hpp\n'}
[6.159523] (px4_msgs) StdoutLine: {'line': b'-- Up-to-date: /home/subhalaxmi/nidar_ws/install/px4_msgs/include/px4_msgs/px4_msgs/msg/detail/gimbal_device_attitude_status__builder.hpp\n'}
[6.159623] (px4_msgs) StdoutLine: {'line': b'-- Up-to-date: /home/subhalaxmi/nidar_ws/install/px4_msgs/include/px4_msgs/px4_msgs/msg/detail/ekf2_timestamps__struct.hpp\n'}
[6.159812] (px4_msgs) StdoutLine: {'line': b'-- Up-to-date: /home/subhalaxmi/nidar_ws/install/px4_msgs/include/px4_msgs/px4_msgs/msg/detail/rtl_status__traits.hpp\n'}
[6.159941] (px4_msgs) StdoutLine: {'line': b'-- Up-to-date: /home/subhalaxmi/nidar_ws/install/px4_msgs/include/px4_msgs/px4_msgs/msg/detail/telemetry_status__traits.hpp\n'}
[6.160042] (px4_msgs) StdoutLine: {'line': b'-- Up-to-date: /home/subhalaxmi/nidar_ws/install/px4_msgs/include/px4_msgs/px4_msgs/msg/detail/fixed_wing_lateral_setpoint__type_support.hpp\n'}
[6.160158] (px4_msgs) StdoutLine: {'line': b'-- Up-to-date: /home/subhalaxmi/nidar_ws/install/px4_msgs/include/px4_msgs/px4_msgs/msg/detail/radio_status__builder.hpp\n'}
[6.160271] (px4_msgs) StdoutLine: {'line': b'-- Up-to-date: /home/subhalaxmi/nidar_ws/install/px4_msgs/include/px4_msgs/px4_msgs/msg/detail/hover_thrust_estimate__builder.hpp\n'}
[6.160381] (px4_msgs) StdoutLine: {'line': b'-- Up-to-date: /home/subhalaxmi/nidar_ws/install/px4_msgs/include/px4_msgs/px4_msgs/msg/detail/arming_check_reply__builder.hpp\n'}
[6.160525] (px4_msgs) StdoutLine: {'line': b'-- Up-to-date: /home/subhalaxmi/nidar_ws/install/px4_msgs/include/px4_msgs/px4_msgs/msg/detail/tune_control__struct.hpp\n'}
[6.160661] (px4_msgs) StdoutLine: {'line': b'-- Up-to-date: /home/subhalaxmi/nidar_ws/install/px4_msgs/include/px4_msgs/px4_msgs/msg/detail/mavlink_tunnel__type_support.hpp\n'}
[6.160798] (px4_msgs) StdoutLine: {'line': b'-- Up-to-date: /home/subhalaxmi/nidar_ws/install/px4_msgs/include/px4_msgs/px4_msgs/msg/detail/px4io_status__type_support.hpp\n'}
[6.160933] (px4_msgs) StdoutLine: {'line': b'-- Up-to-date: /home/subhalaxmi/nidar_ws/install/px4_msgs/include/px4_msgs/px4_msgs/msg/detail/fixed_wing_longitudinal_setpoint__type_support.hpp\n'}
[6.161072] (px4_msgs) StdoutLine: {'line': b'-- Up-to-date: /home/subhalaxmi/nidar_ws/install/px4_msgs/include/px4_msgs/px4_msgs/msg/detail/tecs_status__type_support.hpp\n'}
[6.161264] (px4_msgs) StdoutLine: {'line': b'-- Up-to-date: /home/subhalaxmi/nidar_ws/install/px4_msgs/include/px4_msgs/px4_msgs/msg/detail/sensor_accel_fifo__type_support.hpp\n'}
[6.161381] (px4_msgs) StdoutLine: {'line': b'-- Up-to-date: /home/subhalaxmi/nidar_ws/install/px4_msgs/include/px4_msgs/px4_msgs/msg/detail/vehicle_air_data__traits.hpp\n'}
[6.161525] (px4_msgs) StdoutLine: {'line': b'-- Up-to-date: /home/subhalaxmi/nidar_ws/install/px4_msgs/include/px4_msgs/px4_msgs/msg/detail/raptor_input__builder.hpp\n'}
[6.161665] (px4_msgs) StdoutLine: {'line': b'-- Up-to-date: /home/subhalaxmi/nidar_ws/install/px4_msgs/include/px4_msgs/px4_msgs/msg/detail/uavcan_parameter_value__type_support.hpp\n'}
[6.161824] (px4_msgs) StdoutLine: {'line': b'-- Up-to-date: /home/subhalaxmi/nidar_ws/install/px4_msgs/include/px4_msgs/px4_msgs/msg/detail/rtl_time_estimate__type_support.hpp\n'}
[6.161922] (px4_msgs) StdoutLine: {'line': b'-- Up-to-date: /home/subhalaxmi/nidar_ws/install/px4_msgs/include/px4_msgs/px4_msgs/msg/detail/open_drone_id_self_id__type_support.hpp\n'}
[6.162023] (px4_msgs) StdoutLine: {'line': b'-- Up-to-date: /home/subhalaxmi/nidar_ws/install/px4_msgs/include/px4_msgs/px4_msgs/msg/detail/debug_vect__builder.hpp\n'}
[6.162221] (px4_msgs) StdoutLine: {'line': b'-- Up-to-date: /home/subhalaxmi/nidar_ws/install/px4_msgs/include/px4_msgs/px4_msgs/msg/detail/vehicle_local_position_setpoint__builder.hpp\n'}
[6.162335] (px4_msgs) StdoutLine: {'line': b'-- Up-to-date: /home/subhalaxmi/nidar_ws/install/px4_msgs/include/px4_msgs/px4_msgs/msg/detail/actuator_servos__traits.hpp\n'}
[6.162434] (px4_msgs) StdoutLine: {'line': b'-- Up-to-date: /home/subhalaxmi/nidar_ws/install/px4_msgs/include/px4_msgs/px4_msgs/msg/detail/sensors_status_imu__traits.hpp\n'}
[6.162532] (px4_msgs) StdoutLine: {'line': b'-- Up-to-date: /home/subhalaxmi/nidar_ws/install/px4_msgs/include/px4_msgs/px4_msgs/msg/detail/orb_test_medium__type_support.hpp\n'}
[6.162629] (px4_msgs) StdoutLine: {'line': b'-- Up-to-date: /home/subhalaxmi/nidar_ws/install/px4_msgs/include/px4_msgs/px4_msgs/msg/detail/velocity_limits__type_support.hpp\n'}
[6.162725] (px4_msgs) StdoutLine: {'line': b'-- Up-to-date: /home/subhalaxmi/nidar_ws/install/px4_msgs/include/px4_msgs/px4_msgs/msg/detail/gimbal_manager_information__traits.hpp\n'}
[6.162821] (px4_msgs) StdoutLine: {'line': b'-- Up-to-date: /home/subhalaxmi/nidar_ws/install/px4_msgs/include/px4_msgs/px4_msgs/msg/detail/position_setpoint_triplet__builder.hpp\n'}
[6.162917] (px4_msgs) StdoutLine: {'line': b'-- Up-to-date: /home/subhalaxmi/nidar_ws/install/px4_msgs/include/px4_msgs/px4_msgs/msg/detail/gimbal_manager_set_attitude__struct.hpp\n'}
[6.163013] (px4_msgs) StdoutLine: {'line': b'-- Up-to-date: /home/subhalaxmi/nidar_ws/install/px4_msgs/include/px4_msgs/px4_msgs/msg/detail/tiltrotor_extra_controls__traits.hpp\n'}
[6.163177] (px4_msgs) StdoutLine: {'line': b'-- Up-to-date: /home/subhalaxmi/nidar_ws/install/px4_msgs/include/px4_msgs/px4_msgs/msg/detail/transponder_report__traits.hpp\n'}
[6.163336] (px4_msgs) StdoutLine: {'line': b'-- Up-to-date: /home/subhalaxmi/nidar_ws/install/px4_msgs/include/px4_msgs/px4_msgs/msg/detail/sensor_temp__traits.hpp\n'}
[6.163521] (px4_msgs) StdoutLine: {'line': b'-- Up-to-date: /home/subhalaxmi/nidar_ws/install/px4_msgs/include/px4_msgs/px4_msgs/msg/detail/fixed_wing_runway_control__type_support.hpp\n'}
[6.163627] (px4_msgs) StdoutLine: {'line': b'-- Up-to-date: /home/subhalaxmi/nidar_ws/install/px4_msgs/include/px4_msgs/px4_msgs/msg/detail/gimbal_device_set_attitude__traits.hpp\n'}
[6.163725] (px4_msgs) StdoutLine: {'line': b'-- Up-to-date: /home/subhalaxmi/nidar_ws/install/px4_msgs/include/px4_msgs/px4_msgs/msg/detail/control_allocator_status__builder.hpp\n'}
[6.163894] (px4_msgs) StdoutLine: {'line': b'-- Up-to-date: /home/subhalaxmi/nidar_ws/install/px4_msgs/include/px4_msgs/px4_msgs/msg/detail/system_power__type_support.hpp\n'}
[6.163996] (px4_msgs) StdoutLine: {'line': b'-- Up-to-date: /home/subhalaxmi/nidar_ws/install/px4_msgs/include/px4_msgs/px4_msgs/msg/detail/qshell_req__traits.hpp\n'}
[6.164095] (px4_msgs) StdoutLine: {'line': b'-- Up-to-date: /home/subhalaxmi/nidar_ws/install/px4_msgs/include/px4_msgs/px4_msgs/msg/detail/health_report__builder.hpp\n'}
[6.164222] (px4_msgs) StdoutLine: {'line': b'-- Up-to-date: /home/subhalaxmi/nidar_ws/install/px4_msgs/include/px4_msgs/px4_msgs/msg/detail/lateral_control_configuration__type_support.hpp\n'}
[6.164325] (px4_msgs) StdoutLine: {'line': b'-- Up-to-date: /home/subhalaxmi/nidar_ws/install/px4_msgs/include/px4_msgs/px4_msgs/msg/detail/sensor_gps__struct.hpp\n'}
[6.164421] (px4_msgs) StdoutLine: {'line': b'-- Up-to-date: /home/subhalaxmi/nidar_ws/install/px4_msgs/include/px4_msgs/px4_msgs/msg/trajectory_setpoint6dof.hpp\n'}
[6.164547] (px4_msgs) StdoutLine: {'line': b'-- Up-to-date: /home/subhalaxmi/nidar_ws/install/px4_msgs/include/px4_msgs/px4_msgs/msg/radio_status.hpp\n'}
[6.164646] (px4_msgs) StdoutLine: {'line': b'-- Up-to-date: /home/subhalaxmi/nidar_ws/install/px4_msgs/include/px4_msgs/px4_msgs/msg/onboard_computer_status.hpp\n'}
[6.164744] (px4_msgs) StdoutLine: {'line': b'-- Up-to-date: /home/subhalaxmi/nidar_ws/install/px4_msgs/include/px4_msgs/px4_msgs/msg/task_stack_info.hpp\n'}
[6.164894] (px4_msgs) StdoutLine: {'line': b'-- Up-to-date: /home/subhalaxmi/nidar_ws/install/px4_msgs/include/px4_msgs/px4_msgs/msg/rosidl_generator_cpp__visibility_control.hpp\n'}
[6.165041] (px4_msgs) StdoutLine: {'line': b'-- Up-to-date: /home/subhalaxmi/nidar_ws/install/px4_msgs/include/px4_msgs/px4_msgs/msg/rover_attitude_setpoint.hpp\n'}
[6.165233] (px4_msgs) StdoutLine: {'line': b'-- Up-to-date: /home/subhalaxmi/nidar_ws/install/px4_msgs/include/px4_msgs/px4_msgs/msg/can_interface_status.hpp\n'}
[6.165341] (px4_msgs) StdoutLine: {'line': b'-- Up-to-date: /home/subhalaxmi/nidar_ws/install/px4_msgs/include/px4_msgs/px4_msgs/msg/offboard_control_mode.hpp\n'}
[6.165437] (px4_msgs) StdoutLine: {'line': b'-- Up-to-date: /home/subhalaxmi/nidar_ws/install/px4_msgs/include/px4_msgs/px4_msgs/msg/rpm.hpp\n'}
[6.165575] (px4_msgs) StdoutLine: {'line': b'-- Up-to-date: /home/subhalaxmi/nidar_ws/install/px4_msgs/include/px4_msgs/px4_msgs/msg/mag_worker_data.hpp\n'}
[6.165711] (px4_msgs) StdoutLine: {'line': b'-- Up-to-date: /home/subhalaxmi/nidar_ws/install/px4_msgs/include/px4_msgs/px4_msgs/msg/normalized_unsigned_setpoint.hpp\n'}
[6.165848] (px4_msgs) StdoutLine: {'line': b'-- Up-to-date: /home/subhalaxmi/nidar_ws/install/px4_msgs/include/px4_msgs/px4_msgs/msg/parameter_set_used_request.hpp\n'}
[6.165983] (px4_msgs) StdoutLine: {'line': b'-- Up-to-date: /home/subhalaxmi/nidar_ws/install/px4_msgs/include/px4_msgs/px4_msgs/msg/mode_completed.hpp\n'}
[6.166132] (px4_msgs) StdoutLine: {'line': b'-- Up-to-date: /home/subhalaxmi/nidar_ws/install/px4_msgs/include/px4_msgs/px4_msgs/msg/mission_result.hpp\n'}
[6.166297] (px4_msgs) StdoutLine: {'line': b'-- Up-to-date: /home/subhalaxmi/nidar_ws/install/px4_msgs/include/px4_msgs/px4_msgs/msg/sensor_gyro_fifo.hpp\n'}
[6.166397] (px4_msgs) StdoutLine: {'line': b'-- Up-to-date: /home/subhalaxmi/nidar_ws/install/px4_msgs/include/px4_msgs/px4_msgs/msg/follow_target_status.hpp\n'}
[6.166498] (px4_msgs) StdoutLine: {'line': b'-- Up-to-date: /home/subhalaxmi/nidar_ws/install/px4_msgs/include/px4_msgs/px4_msgs/msg/cellular_status.hpp\n'}
[6.166651] (px4_msgs) StdoutLine: {'line': b'-- Up-to-date: /home/subhalaxmi/nidar_ws/install/px4_msgs/include/px4_msgs/px4_msgs/msg/debug_key_value.hpp\n'}
[6.166793] (px4_msgs) StdoutLine: {'line': b'-- Up-to-date: /home/subhalaxmi/nidar_ws/install/px4_msgs/include/px4_msgs/px4_msgs/msg/actuator_servos_trim.hpp\n'}
[6.166929] (px4_msgs) StdoutLine: {'line': b'-- Up-to-date: /home/subhalaxmi/nidar_ws/install/px4_msgs/include/px4_msgs/px4_msgs/msg/dronecan_node_status.hpp\n'}
[6.167066] (px4_msgs) StdoutLine: {'line': b'-- Up-to-date: /home/subhalaxmi/nidar_ws/install/px4_msgs/include/px4_msgs/px4_msgs/msg/estimator_aid_source1d.hpp\n'}
[6.167282] (px4_msgs) StdoutLine: {'line': b'-- Up-to-date: /home/subhalaxmi/nidar_ws/install/px4_msgs/include/px4_msgs/px4_msgs/msg/irlock_report.hpp\n'}
[6.167388] (px4_msgs) StdoutLine: {'line': b'-- Up-to-date: /home/subhalaxmi/nidar_ws/install/px4_msgs/include/px4_msgs/px4_msgs/msg/sensor_optical_flow.hpp\n'}
[6.167488] (px4_msgs) StdoutLine: {'line': b'-- Up-to-date: /home/subhalaxmi/nidar_ws/install/px4_msgs/include/px4_msgs/px4_msgs/msg/camera_capture.hpp\n'}
[6.167585] (px4_msgs) StdoutLine: {'line': b'-- Up-to-date: /home/subhalaxmi/nidar_ws/install/px4_msgs/include/px4_msgs/px4_msgs/msg/sensor_airflow.hpp\n'}
[6.167695] (px4_msgs) StdoutLine: {'line': b'-- Up-to-date: /home/subhalaxmi/nidar_ws/install/px4_msgs/include/px4_msgs/px4_msgs/msg/gimbal_manager_set_attitude.hpp\n'}
[6.167800] (px4_msgs) StdoutLine: {'line': b'-- Up-to-date: /home/subhalaxmi/nidar_ws/install/px4_msgs/include/px4_msgs/px4_msgs/msg/vehicle_land_detected.hpp\n'}
[6.167897] (px4_msgs) StdoutLine: {'line': b'-- Up-to-date: /home/subhalaxmi/nidar_ws/install/px4_msgs/include/px4_msgs/px4_msgs/msg/gpio_in.hpp\n'}
[6.167993] (px4_msgs) StdoutLine: {'line': b'-- Up-to-date: /home/subhalaxmi/nidar_ws/install/px4_msgs/include/px4_msgs/px4_msgs/msg/aux_global_position.hpp\n'}
[6.168090] (px4_msgs) StdoutLine: {'line': b'-- Up-to-date: /home/subhalaxmi/nidar_ws/install/px4_msgs/include/px4_msgs/px4_msgs/msg/actuator_armed.hpp\n'}
[6.168242] (px4_msgs) StdoutLine: {'line': b'-- Up-to-date: /home/subhalaxmi/nidar_ws/install/px4_msgs/include/px4_msgs/px4_msgs/msg/actuator_controls_status.hpp\n'}
[6.168393] (px4_msgs) StdoutLine: {'line': b'-- Up-to-date: /home/subhalaxmi/nidar_ws/install/px4_msgs/include/px4_msgs/px4_msgs/msg/ulog_stream_ack.hpp\n'}
[6.168570] (px4_msgs) StdoutLine: {'line': b'-- Up-to-date: /home/subhalaxmi/nidar_ws/install/px4_msgs/include/px4_msgs/px4_msgs/msg/ulog_stream.hpp\n'}
[6.168672] (px4_msgs) StdoutLine: {'line': b'-- Up-to-date: /home/subhalaxmi/nidar_ws/install/px4_msgs/include/px4_msgs/px4_msgs/msg/sensor_hygrometer.hpp\n'}
[6.168770] (px4_msgs) StdoutLine: {'line': b'-- Up-to-date: /home/subhalaxmi/nidar_ws/install/px4_msgs/include/px4_msgs/px4_msgs/msg/vtol_vehicle_status.hpp\n'}
[6.168874] (px4_msgs) StdoutLine: {'line': b'-- Up-to-date: /home/subhalaxmi/nidar_ws/install/px4_msgs/include/px4_msgs/px4_msgs/msg/config_overrides.hpp\n'}
[6.169010] (px4_msgs) StdoutLine: {'line': b'-- Up-to-date: /home/subhalaxmi/nidar_ws/install/px4_msgs/include/px4_msgs/px4_msgs/msg/collision_constraints.hpp\n'}
[6.169192] (px4_msgs) StdoutLine: {'line': b'-- Up-to-date: /home/subhalaxmi/nidar_ws/install/px4_msgs/include/px4_msgs/px4_msgs/msg/rate_ctrl_status.hpp\n'}
[6.169309] (px4_msgs) StdoutLine: {'line': b'-- Up-to-date: /home/subhalaxmi/nidar_ws/install/px4_msgs/include/px4_msgs/px4_msgs/msg/landing_gear_wheel.hpp\n'}
[6.169409] (px4_msgs) StdoutLine: {'line': b'-- Up-to-date: /home/subhalaxmi/nidar_ws/install/px4_msgs/include/px4_msgs/px4_msgs/msg/arming_check_reply.hpp\n'}
[6.169506] (px4_msgs) StdoutLine: {'line': b'-- Up-to-date: /home/subhalaxmi/nidar_ws/install/px4_msgs/include/px4_msgs/px4_msgs/msg/internal_combustion_engine_control.hpp\n'}
[6.169617] (px4_msgs) StdoutLine: {'line': b'-- Up-to-date: /home/subhalaxmi/nidar_ws/install/px4_msgs/include/px4_msgs/px4_msgs/msg/rc_channels.hpp\n'}
[6.169756] (px4_msgs) StdoutLine: {'line': b'-- Up-to-date: /home/subhalaxmi/nidar_ws/install/px4_msgs/include/px4_msgs/px4_msgs/msg/vehicle_air_data.hpp\n'}
[6.169894] (px4_msgs) StdoutLine: {'line': b'-- Up-to-date: /home/subhalaxmi/nidar_ws/install/px4_msgs/include/px4_msgs/px4_msgs/msg/vehicle_optical_flow_vel.hpp\n'}
[6.170032] (px4_msgs) StdoutLine: {'line': b'-- Up-to-date: /home/subhalaxmi/nidar_ws/install/px4_msgs/include/px4_msgs/px4_msgs/msg/estimator_gps_status.hpp\n'}
[6.170235] (px4_msgs) StdoutLine: {'line': b'-- Up-to-date: /home/subhalaxmi/nidar_ws/install/px4_msgs/include/px4_msgs/px4_msgs/msg/tiltrotor_extra_controls.hpp\n'}
[6.170402] (px4_msgs) StdoutLine: {'line': b'-- Up-to-date: /home/subhalaxmi/nidar_ws/install/px4_msgs/include/px4_msgs/px4_msgs/msg/landing_target_innovations.hpp\n'}
[6.170502] (px4_msgs) StdoutLine: {'line': b'-- Up-to-date: /home/subhalaxmi/nidar_ws/install/px4_msgs/include/px4_msgs/px4_msgs/msg/sensor_gnss_status.hpp\n'}
[6.170599] (px4_msgs) StdoutLine: {'line': b'-- Up-to-date: /home/subhalaxmi/nidar_ws/install/px4_msgs/include/px4_msgs/px4_msgs/msg/generator_status.hpp\n'}
[6.170696] (px4_msgs) StdoutLine: {'line': b'-- Up-to-date: /home/subhalaxmi/nidar_ws/install/px4_msgs/include/px4_msgs/px4_msgs/msg/sensor_selection.hpp\n'}
[6.170793] (px4_msgs) StdoutLine: {'line': b'-- Up-to-date: /home/subhalaxmi/nidar_ws/install/px4_msgs/include/px4_msgs/px4_msgs/msg/estimator_status_flags.hpp\n'}
[6.170895] (px4_msgs) StdoutLine: {'line': b'-- Up-to-date: /home/subhalaxmi/nidar_ws/install/px4_msgs/include/px4_msgs/px4_msgs/msg/rover_steering_setpoint.hpp\n'}
[6.171067] (px4_msgs) StdoutLine: {'line': b'-- Up-to-date: /home/subhalaxmi/nidar_ws/install/px4_msgs/include/px4_msgs/px4_msgs/msg/esc_status.hpp\n'}
[6.171194] (px4_msgs) StdoutLine: {'line': b'-- Up-to-date: /home/subhalaxmi/nidar_ws/install/px4_msgs/include/px4_msgs/px4_msgs/msg/actuator_test.hpp\n'}
[6.171298] (px4_msgs) StdoutLine: {'line': b'-- Up-to-date: /home/subhalaxmi/nidar_ws/install/px4_msgs/include/px4_msgs/px4_msgs/msg/estimator_event_flags.hpp\n'}
[6.171395] (px4_msgs) StdoutLine: {'line': b'-- Up-to-date: /home/subhalaxmi/nidar_ws/install/px4_msgs/include/px4_msgs/px4_msgs/msg/sensor_gnss_relative.hpp\n'}
[6.171499] (px4_msgs) StdoutLine: {'line': b'-- Up-to-date: /home/subhalaxmi/nidar_ws/install/px4_msgs/include/px4_msgs/px4_msgs/msg/trajectory_setpoint.hpp\n'}
[6.171608] (px4_msgs) StdoutLine: {'line': b'-- Up-to-date: /home/subhalaxmi/nidar_ws/install/px4_msgs/include/px4_msgs/px4_msgs/srv\n'}
[6.171756] (px4_msgs) StdoutLine: {'line': b'-- Up-to-date: /home/subhalaxmi/nidar_ws/install/px4_msgs/include/px4_msgs/px4_msgs/srv/vehicle_command.hpp\n'}
[6.171941] (px4_msgs) StdoutLine: {'line': b'-- Up-to-date: /home/subhalaxmi/nidar_ws/install/px4_msgs/include/px4_msgs/px4_msgs/srv/detail\n'}
[6.172045] (px4_msgs) StdoutLine: {'line': b'-- Up-to-date: /home/subhalaxmi/nidar_ws/install/px4_msgs/include/px4_msgs/px4_msgs/srv/detail/vehicle_command__struct.hpp\n'}
[6.172163] (px4_msgs) StdoutLine: {'line': b'-- Up-to-date: /home/subhalaxmi/nidar_ws/install/px4_msgs/include/px4_msgs/px4_msgs/srv/detail/vehicle_command__type_support.hpp\n'}
[6.172271] (px4_msgs) StdoutLine: {'line': b'-- Up-to-date: /home/subhalaxmi/nidar_ws/install/px4_msgs/include/px4_msgs/px4_msgs/srv/detail/vehicle_command__traits.hpp\n'}
[6.172369] (px4_msgs) StdoutLine: {'line': b'-- Up-to-date: /home/subhalaxmi/nidar_ws/install/px4_msgs/include/px4_msgs/px4_msgs/srv/detail/vehicle_command__builder.hpp\n'}
[6.172467] (px4_msgs) StdoutLine: {'line': b'-- Up-to-date: /home/subhalaxmi/nidar_ws/install/px4_msgs/include/px4_msgs/px4_msgs\n'}
[6.172565] (px4_msgs) StdoutLine: {'line': b'-- Up-to-date: /home/subhalaxmi/nidar_ws/install/px4_msgs/include/px4_msgs/px4_msgs/msg\n'}
[6.172711] (px4_msgs) StdoutLine: {'line': b'-- Up-to-date: /home/subhalaxmi/nidar_ws/install/px4_msgs/include/px4_msgs/px4_msgs/msg/detail\n'}
[6.172851] (px4_msgs) StdoutLine: {'line': b'-- Up-to-date: /home/subhalaxmi/nidar_ws/install/px4_msgs/include/px4_msgs/px4_msgs/msg/detail/estimator_aid_source3d__rosidl_typesupport_fastrtps_cpp.hpp\n'}
[6.173030] (px4_msgs) StdoutLine: {'line': b'-- Up-to-date: /home/subhalaxmi/nidar_ws/install/px4_msgs/include/px4_msgs/px4_msgs/msg/detail/cpuload__rosidl_typesupport_fastrtps_cpp.hpp\n'}
[6.173146] (px4_msgs) StdoutLine: {'line': b'-- Up-to-date: /home/subhalaxmi/nidar_ws/install/px4_msgs/include/px4_msgs/px4_msgs/msg/detail/open_drone_id_operator_id__rosidl_typesupport_fastrtps_cpp.hpp\n'}
[6.173261] (px4_msgs) StdoutLine: {'line': b'-- Up-to-date: /home/subhalaxmi/nidar_ws/install/px4_msgs/include/px4_msgs/px4_msgs/msg/detail/sensor_gps__rosidl_typesupport_fastrtps_cpp.hpp\n'}
[6.173402] (px4_msgs) StdoutLine: {'line': b'-- Up-to-date: /home/subhalaxmi/nidar_ws/install/px4_msgs/include/px4_msgs/px4_msgs/msg/detail/vehicle_optical_flow__rosidl_typesupport_fastrtps_cpp.hpp\n'}
[6.173540] (px4_msgs) StdoutLine: {'line': b'-- Up-to-date: /home/subhalaxmi/nidar_ws/install/px4_msgs/include/px4_msgs/px4_msgs/msg/detail/trajectory_setpoint6dof__rosidl_typesupport_fastrtps_cpp.hpp\n'}
[6.173678] (px4_msgs) StdoutLine: {'line': b'-- Up-to-date: /home/subhalaxmi/nidar_ws/install/px4_msgs/include/px4_msgs/px4_msgs/msg/detail/rtl_time_estimate__rosidl_typesupport_fastrtps_cpp.hpp\n'}
[6.173815] (px4_msgs) StdoutLine: {'line': b'-- Up-to-date: /home/subhalaxmi/nidar_ws/install/px4_msgs/include/px4_msgs/px4_msgs/msg/detail/gpio_request__rosidl_typesupport_fastrtps_cpp.hpp\n'}
[6.173953] (px4_msgs) StdoutLine: {'line': b'-- Up-to-date: /home/subhalaxmi/nidar_ws/install/px4_msgs/include/px4_msgs/px4_msgs/msg/detail/orb_test_large__rosidl_typesupport_fastrtps_cpp.hpp\n'}
[6.174165] (px4_msgs) StdoutLine: {'line': b'-- Up-to-date: /home/subhalaxmi/nidar_ws/install/px4_msgs/include/px4_msgs/px4_msgs/msg/detail/landing_target_innovations__rosidl_typesupport_fastrtps_cpp.hpp\n'}
[6.174288] (px4_msgs) StdoutLine: {'line': b'-- Up-to-date: /home/subhalaxmi/nidar_ws/install/px4_msgs/include/px4_msgs/px4_msgs/msg/detail/estimator_bias__rosidl_typesupport_fastrtps_cpp.hpp\n'}
[6.174438] (px4_msgs) StdoutLine: {'line': b'-- Up-to-date: /home/subhalaxmi/nidar_ws/install/px4_msgs/include/px4_msgs/px4_msgs/msg/detail/vehicle_local_position_setpoint__rosidl_typesupport_fastrtps_cpp.hpp\n'}
[6.174581] (px4_msgs) StdoutLine: {'line': b'-- Up-to-date: /home/subhalaxmi/nidar_ws/install/px4_msgs/include/px4_msgs/px4_msgs/msg/detail/failsafe_flags__rosidl_typesupport_fastrtps_cpp.hpp\n'}
[6.174717] (px4_msgs) StdoutLine: {'line': b'-- Up-to-date: /home/subhalaxmi/nidar_ws/install/px4_msgs/include/px4_msgs/px4_msgs/msg/detail/sensors_status__rosidl_typesupport_fastrtps_cpp.hpp\n'}
[6.174853] (px4_msgs) StdoutLine: {'line': b'-- Up-to-date: /home/subhalaxmi/nidar_ws/install/px4_msgs/include/px4_msgs/px4_msgs/msg/detail/collision_constraints__rosidl_typesupport_fastrtps_cpp.hpp\n'}
[6.174990] (px4_msgs) StdoutLine: {'line': b'-- Up-to-date: /home/subhalaxmi/nidar_ws/install/px4_msgs/include/px4_msgs/px4_msgs/msg/detail/actuator_servos_trim__rosidl_typesupport_fastrtps_cpp.hpp\n'}
[6.175141] (px4_msgs) StdoutLine: {'line': b'-- Up-to-date: /home/subhalaxmi/nidar_ws/install/px4_msgs/include/px4_msgs/px4_msgs/msg/detail/sensor_combined__rosidl_typesupport_fastrtps_cpp.hpp\n'}
[6.175334] (px4_msgs) StdoutLine: {'line': b'-- Up-to-date: /home/subhalaxmi/nidar_ws/install/px4_msgs/include/px4_msgs/px4_msgs/msg/detail/estimator_innovations__rosidl_typesupport_fastrtps_cpp.hpp\n'}
[6.175434] (px4_msgs) StdoutLine: {'line': b'-- Up-to-date: /home/subhalaxmi/nidar_ws/install/px4_msgs/include/px4_msgs/px4_msgs/msg/detail/ulog_stream__rosidl_typesupport_fastrtps_cpp.hpp\n'}
[6.175531] (px4_msgs) StdoutLine: {'line': b'-- Up-to-date: /home/subhalaxmi/nidar_ws/install/px4_msgs/include/px4_msgs/px4_msgs/msg/detail/debug_value__rosidl_typesupport_fastrtps_cpp.hpp\n'}
[6.175646] (px4_msgs) StdoutLine: {'line': b'-- Up-to-date: /home/subhalaxmi/nidar_ws/install/px4_msgs/include/px4_msgs/px4_msgs/msg/detail/fixed_wing_lateral_guidance_status__rosidl_typesupport_fastrtps_cpp.hpp\n'}
[6.175746] (px4_msgs) StdoutLine: {'line': b'-- Up-to-date: /home/subhalaxmi/nidar_ws/install/px4_msgs/include/px4_msgs/px4_msgs/msg/detail/sensor_baro__rosidl_typesupport_fastrtps_cpp.hpp\n'}
[6.175844] (px4_msgs) StdoutLine: {'line': b'-- Up-to-date: /home/subhalaxmi/nidar_ws/install/px4_msgs/include/px4_msgs/px4_msgs/msg/detail/vehicle_local_position__rosidl_typesupport_fastrtps_cpp.hpp\n'}
[6.175942] (px4_msgs) StdoutLine: {'line': b'-- Up-to-date: /home/subhalaxmi/nidar_ws/install/px4_msgs/include/px4_msgs/px4_msgs/msg/detail/sensor_hygrometer__rosidl_typesupport_fastrtps_cpp.hpp\n'}
[6.176054] (px4_msgs) StdoutLine: {'line': b'-- Up-to-date: /home/subhalaxmi/nidar_ws/install/px4_msgs/include/px4_msgs/px4_msgs/msg/detail/vehicle_constraints__rosidl_typesupport_fastrtps_cpp.hpp\n'}
[6.176252] (px4_msgs) StdoutLine: {'line': b'-- Up-to-date: /home/subhalaxmi/nidar_ws/install/px4_msgs/include/px4_msgs/px4_msgs/msg/detail/dronecan_node_status__rosidl_typesupport_fastrtps_cpp.hpp\n'}
[6.176358] (px4_msgs) StdoutLine: {'line': b'-- Up-to-date: /home/subhalaxmi/nidar_ws/install/px4_msgs/include/px4_msgs/px4_msgs/msg/detail/debug_array__rosidl_typesupport_fastrtps_cpp.hpp\n'}
[6.176456] (px4_msgs) StdoutLine: {'line': b'-- Up-to-date: /home/subhalaxmi/nidar_ws/install/px4_msgs/include/px4_msgs/px4_msgs/msg/detail/manual_control_setpoint__rosidl_typesupport_fastrtps_cpp.hpp\n'}
[6.176552] (px4_msgs) StdoutLine: {'line': b'-- Up-to-date: /home/subhalaxmi/nidar_ws/install/px4_msgs/include/px4_msgs/px4_msgs/msg/detail/neural_control__rosidl_typesupport_fastrtps_cpp.hpp\n'}
[6.176670] (px4_msgs) StdoutLine: {'line': b'-- Up-to-date: /home/subhalaxmi/nidar_ws/install/px4_msgs/include/px4_msgs/px4_msgs/msg/detail/follow_target__rosidl_typesupport_fastrtps_cpp.hpp\n'}
[6.176819] (px4_msgs) StdoutLine: {'line': b'-- Up-to-date: /home/subhalaxmi/nidar_ws/install/px4_msgs/include/px4_msgs/px4_msgs/msg/detail/actuator_motors__rosidl_typesupport_fastrtps_cpp.hpp\n'}
[6.176957] (px4_msgs) StdoutLine: {'line': b'-- Up-to-date: /home/subhalaxmi/nidar_ws/install/px4_msgs/include/px4_msgs/px4_msgs/msg/detail/rate_ctrl_status__rosidl_typesupport_fastrtps_cpp.hpp\n'}
[6.177093] (px4_msgs) StdoutLine: {'line': b'-- Up-to-date: /home/subhalaxmi/nidar_ws/install/px4_msgs/include/px4_msgs/px4_msgs/msg/detail/gimbal_device_set_attitude__rosidl_typesupport_fastrtps_cpp.hpp\n'}
[6.177286] (px4_msgs) StdoutLine: {'line': b'-- Up-to-date: /home/subhalaxmi/nidar_ws/install/px4_msgs/include/px4_msgs/px4_msgs/msg/detail/mode_completed__rosidl_typesupport_fastrtps_cpp.hpp\n'}
[6.177391] (px4_msgs) StdoutLine: {'line': b'-- Up-to-date: /home/subhalaxmi/nidar_ws/install/px4_msgs/include/px4_msgs/px4_msgs/msg/detail/estimator_status__rosidl_typesupport_fastrtps_cpp.hpp\n'}
[6.177488] (px4_msgs) StdoutLine: {'line': b'-- Up-to-date: /home/subhalaxmi/nidar_ws/install/px4_msgs/include/px4_msgs/px4_msgs/msg/detail/estimator_aid_source2d__rosidl_typesupport_fastrtps_cpp.hpp\n'}
[6.177585] (px4_msgs) StdoutLine: {'line': b'-- Up-to-date: /home/subhalaxmi/nidar_ws/install/px4_msgs/include/px4_msgs/px4_msgs/msg/detail/battery_info__rosidl_typesupport_fastrtps_cpp.hpp\n'}
[6.177682] (px4_msgs) StdoutLine: {'line': b'-- Up-to-date: /home/subhalaxmi/nidar_ws/install/px4_msgs/include/px4_msgs/px4_msgs/msg/detail/flight_phase_estimation__rosidl_typesupport_fastrtps_cpp.hpp\n'}
[6.177826] (px4_msgs) StdoutLine: {'line': b'-- Up-to-date: /home/subhalaxmi/nidar_ws/install/px4_msgs/include/px4_msgs/px4_msgs/msg/detail/estimator_event_flags__rosidl_typesupport_fastrtps_cpp.hpp\n'}
[6.177968] (px4_msgs) StdoutLine: {'line': b'-- Up-to-date: /home/subhalaxmi/nidar_ws/install/px4_msgs/include/px4_msgs/px4_msgs/msg/detail/event__rosidl_typesupport_fastrtps_cpp.hpp\n'}
[6.178106] (px4_msgs) StdoutLine: {'line': b'-- Up-to-date: /home/subhalaxmi/nidar_ws/install/px4_msgs/include/px4_msgs/px4_msgs/msg/detail/sensor_mag__rosidl_typesupport_fastrtps_cpp.hpp\n'}
[6.178287] (px4_msgs) StdoutLine: {'line': b'-- Up-to-date: /home/subhalaxmi/nidar_ws/install/px4_msgs/include/px4_msgs/px4_msgs/msg/detail/vehicle_torque_setpoint__rosidl_typesupport_fastrtps_cpp.hpp\n'}
[6.178388] (px4_msgs) StdoutLine: {'line': b'-- Up-to-date: /home/subhalaxmi/nidar_ws/install/px4_msgs/include/px4_msgs/px4_msgs/msg/detail/tecs_status__rosidl_typesupport_fastrtps_cpp.hpp\n'}
[6.178537] (px4_msgs) StdoutLine: {'line': b'-- Up-to-date: /home/subhalaxmi/nidar_ws/install/px4_msgs/include/px4_msgs/px4_msgs/msg/detail/position_setpoint_triplet__rosidl_typesupport_fastrtps_cpp.hpp\n'}
[6.178638] (px4_msgs) StdoutLine: {'line': b'-- Up-to-date: /home/subhalaxmi/nidar_ws/install/px4_msgs/include/px4_msgs/px4_msgs/msg/detail/sensor_gyro_fifo__rosidl_typesupport_fastrtps_cpp.hpp\n'}
[6.178736] (px4_msgs) StdoutLine: {'line': b'-- Up-to-date: /home/subhalaxmi/nidar_ws/install/px4_msgs/include/px4_msgs/px4_msgs/msg/detail/manual_control_switches__rosidl_typesupport_fastrtps_cpp.hpp\n'}
[6.178844] (px4_msgs) StdoutLine: {'line': b'-- Up-to-date: /home/subhalaxmi/nidar_ws/install/px4_msgs/include/px4_msgs/px4_msgs/msg/detail/gimbal_manager_information__rosidl_typesupport_fastrtps_cpp.hpp\n'}
[6.178943] (px4_msgs) StdoutLine: {'line': b'-- Up-to-date: /home/subhalaxmi/nidar_ws/install/px4_msgs/include/px4_msgs/px4_msgs/msg/detail/longitudinal_control_configuration__rosidl_typesupport_fastrtps_cpp.hpp\n'}
[6.179041] (px4_msgs) StdoutLine: {'line': b'-- Up-to-date: /home/subhalaxmi/nidar_ws/install/px4_msgs/include/px4_msgs/px4_msgs/msg/detail/esc_status__rosidl_typesupport_fastrtps_cpp.hpp\n'}
[6.179153] (px4_msgs) StdoutLine: {'line': b'-- Up-to-date: /home/subhalaxmi/nidar_ws/install/px4_msgs/include/px4_msgs/px4_msgs/msg/detail/estimator_selector_status__rosidl_typesupport_fastrtps_cpp.hpp\n'}
[6.179275] (px4_msgs) StdoutLine: {'line': b'-- Up-to-date: /home/subhalaxmi/nidar_ws/install/px4_msgs/include/px4_msgs/px4_msgs/msg/detail/mavlink_log__rosidl_typesupport_fastrtps_cpp.hpp\n'}
[6.179374] (px4_msgs) StdoutLine: {'line': b'-- Up-to-date: /home/subhalaxmi/nidar_ws/install/px4_msgs/include/px4_msgs/px4_msgs/msg/detail/parameter_set_value_response__rosidl_typesupport_fastrtps_cpp.hpp\n'}
[6.179471] (px4_msgs) StdoutLine: {'line': b'-- Up-to-date: /home/subhalaxmi/nidar_ws/install/px4_msgs/include/px4_msgs/px4_msgs/msg/detail/lateral_control_configuration__rosidl_typesupport_fastrtps_cpp.hpp\n'}
[6.179621] (px4_msgs) StdoutLine: {'line': b'-- Up-to-date: /home/subhalaxmi/nidar_ws/install/px4_msgs/include/px4_msgs/px4_msgs/msg/detail/dds_fastrtps\n'}
[6.179767] (px4_msgs) StdoutLine: {'line': b'-- Up-to-date: /home/subhalaxmi/nidar_ws/install/px4_msgs/include/px4_msgs/px4_msgs/msg/detail/estimator_status_flags__rosidl_typesupport_fastrtps_cpp.hpp\n'}
[6.179903] (px4_msgs) StdoutLine: {'line': b'-- Up-to-date: /home/subhalaxmi/nidar_ws/install/px4_msgs/include/px4_msgs/px4_msgs/msg/detail/failure_detector_status__rosidl_typesupport_fastrtps_cpp.hpp\n'}
[6.180085] (px4_msgs) StdoutLine: {'line': b'-- Up-to-date: /home/subhalaxmi/nidar_ws/install/px4_msgs/include/px4_msgs/px4_msgs/msg/detail/vehicle_thrust_setpoint__rosidl_typesupport_fastrtps_cpp.hpp\n'}
[6.180259] (px4_msgs) StdoutLine: {'line': b'-- Up-to-date: /home/subhalaxmi/nidar_ws/install/px4_msgs/include/px4_msgs/px4_msgs/msg/detail/action_request__rosidl_typesupport_fastrtps_cpp.hpp\n'}
[6.180362] (px4_msgs) StdoutLine: {'line': b'-- Up-to-date: /home/subhalaxmi/nidar_ws/install/px4_msgs/include/px4_msgs/px4_msgs/msg/detail/vehicle_status__rosidl_typesupport_fastrtps_cpp.hpp\n'}
[6.180459] (px4_msgs) StdoutLine: {'line': b'-- Up-to-date: /home/subhalaxmi/nidar_ws/install/px4_msgs/include/px4_msgs/px4_msgs/msg/detail/rc_channels__rosidl_typesupport_fastrtps_cpp.hpp\n'}
[6.180556] (px4_msgs) StdoutLine: {'line': b'-- Up-to-date: /home/subhalaxmi/nidar_ws/install/px4_msgs/include/px4_msgs/px4_msgs/msg/detail/actuator_outputs__rosidl_typesupport_fastrtps_cpp.hpp\n'}
[6.180653] (px4_msgs) StdoutLine: {'line': b'-- Up-to-date: /home/subhalaxmi/nidar_ws/install/px4_msgs/include/px4_msgs/px4_msgs/msg/detail/open_drone_id_self_id__rosidl_typesupport_fastrtps_cpp.hpp\n'}
[6.180750] (px4_msgs) StdoutLine: {'line': b'-- Up-to-date: /home/subhalaxmi/nidar_ws/install/px4_msgs/include/px4_msgs/px4_msgs/msg/detail/device_information__rosidl_typesupport_fastrtps_cpp.hpp\n'}
[6.180846] (px4_msgs) StdoutLine: {'line': b'-- Up-to-date: /home/subhalaxmi/nidar_ws/install/px4_msgs/include/px4_msgs/px4_msgs/msg/detail/fixed_wing_runway_control__rosidl_typesupport_fastrtps_cpp.hpp\n'}
[6.180943] (px4_msgs) StdoutLine: {'line': b'-- Up-to-date: /home/subhalaxmi/nidar_ws/install/px4_msgs/include/px4_msgs/px4_msgs/msg/detail/vehicle_command__rosidl_typesupport_fastrtps_cpp.hpp\n'}
[6.181039] (px4_msgs) StdoutLine: {'line': b'-- Up-to-date: /home/subhalaxmi/nidar_ws/install/px4_msgs/include/px4_msgs/px4_msgs/msg/detail/position_controller_status__rosidl_typesupport_fastrtps_cpp.hpp\n'}
[6.181156] (px4_msgs) StdoutLine: {'line': b'-- Up-to-date: /home/subhalaxmi/nidar_ws/install/px4_msgs/include/px4_msgs/px4_msgs/msg/detail/mount_orientation__rosidl_typesupport_fastrtps_cpp.hpp\n'}
[6.181361] (px4_msgs) StdoutLine: {'line': b'-- Up-to-date: /home/subhalaxmi/nidar_ws/install/px4_msgs/include/px4_msgs/px4_msgs/msg/detail/distance_sensor_mode_change_request__rosidl_typesupport_fastrtps_cpp.hpp\n'}
[6.181472] (px4_msgs) StdoutLine: {'line': b'-- Up-to-date: /home/subhalaxmi/nidar_ws/install/px4_msgs/include/px4_msgs/px4_msgs/msg/detail/fixed_wing_longitudinal_setpoint__rosidl_typesupport_fastrtps_cpp.hpp\n'}
[6.181572] (px4_msgs) StdoutLine: {'line': b'-- Up-to-date: /home/subhalaxmi/nidar_ws/install/px4_msgs/include/px4_msgs/px4_msgs/msg/detail/battery_status__rosidl_typesupport_fastrtps_cpp.hpp\n'}
[6.181682] (px4_msgs) StdoutLine: {'line': b'-- Up-to-date: /home/subhalaxmi/nidar_ws/install/px4_msgs/include/px4_msgs/px4_msgs/msg/detail/arming_check_reply__rosidl_typesupport_fastrtps_cpp.hpp\n'}
[6.181786] (px4_msgs) StdoutLine: {'line': b'-- Up-to-date: /home/subhalaxmi/nidar_ws/install/px4_msgs/include/px4_msgs/px4_msgs/msg/detail/pwm_input__rosidl_typesupport_fastrtps_cpp.hpp\n'}
[6.181895] (px4_msgs) StdoutLine: {'line': b'-- Up-to-date: /home/subhalaxmi/nidar_ws/install/px4_msgs/include/px4_msgs/px4_msgs/msg/detail/telemetry_status__rosidl_typesupport_fastrtps_cpp.hpp\n'}
[6.182034] (px4_msgs) StdoutLine: {'line': b'-- Up-to-date: /home/subhalaxmi/nidar_ws/install/px4_msgs/include/px4_msgs/px4_msgs/msg/detail/aux_global_position__rosidl_typesupport_fastrtps_cpp.hpp\n'}
[6.182225] (px4_msgs) StdoutLine: {'line': b'-- Up-to-date: /home/subhalaxmi/nidar_ws/install/px4_msgs/include/px4_msgs/px4_msgs/msg/detail/camera_status__rosidl_typesupport_fastrtps_cpp.hpp\n'}
[6.182338] (px4_msgs) StdoutLine: {'line': b'-- Up-to-date: /home/subhalaxmi/nidar_ws/install/px4_msgs/include/px4_msgs/px4_msgs/msg/detail/generator_status__rosidl_typesupport_fastrtps_cpp.hpp\n'}
[6.182437] (px4_msgs) StdoutLine: {'line': b'-- Up-to-date: /home/subhalaxmi/nidar_ws/install/px4_msgs/include/px4_msgs/px4_msgs/msg/detail/gps_dump__rosidl_typesupport_fastrtps_cpp.hpp\n'}
[6.182533] (px4_msgs) StdoutLine: {'line': b'-- Up-to-date: /home/subhalaxmi/nidar_ws/install/px4_msgs/include/px4_msgs/px4_msgs/msg/detail/rtl_status__rosidl_typesupport_fastrtps_cpp.hpp\n'}
[6.182629] (px4_msgs) StdoutLine: {'line': b'-- Up-to-date: /home/subhalaxmi/nidar_ws/install/px4_msgs/include/px4_msgs/px4_msgs/msg/detail/gripper__rosidl_typesupport_fastrtps_cpp.hpp\n'}
[6.182725] (px4_msgs) StdoutLine: {'line': b'-- Up-to-date: /home/subhalaxmi/nidar_ws/install/px4_msgs/include/px4_msgs/px4_msgs/msg/detail/sensor_gyro_fft__rosidl_typesupport_fastrtps_cpp.hpp\n'}
[6.182822] (px4_msgs) StdoutLine: {'line': b'-- Up-to-date: /home/subhalaxmi/nidar_ws/install/px4_msgs/include/px4_msgs/px4_msgs/msg/detail/vtol_vehicle_status__rosidl_typesupport_fastrtps_cpp.hpp\n'}
[6.182930] (px4_msgs) StdoutLine: {'line': b'-- Up-to-date: /home/subhalaxmi/nidar_ws/install/px4_msgs/include/px4_msgs/px4_msgs/msg/detail/vtx__rosidl_typesupport_fastrtps_cpp.hpp\n'}
[6.183075] (px4_msgs) StdoutLine: {'line': b'-- Up-to-date: /home/subhalaxmi/nidar_ws/install/px4_msgs/include/px4_msgs/px4_msgs/msg/detail/yaw_estimator_status__rosidl_typesupport_fastrtps_cpp.hpp\n'}
[6.183279] (px4_msgs) StdoutLine: {'line': b'-- Up-to-date: /home/subhalaxmi/nidar_ws/install/px4_msgs/include/px4_msgs/px4_msgs/msg/detail/rover_speed_status__rosidl_typesupport_fastrtps_cpp.hpp\n'}
[6.183383] (px4_msgs) StdoutLine: {'line': b'-- Up-to-date: /home/subhalaxmi/nidar_ws/install/px4_msgs/include/px4_msgs/px4_msgs/msg/detail/mavlink_tunnel__rosidl_typesupport_fastrtps_cpp.hpp\n'}
[6.183480] (px4_msgs) StdoutLine: {'line': b'-- Up-to-date: /home/subhalaxmi/nidar_ws/install/px4_msgs/include/px4_msgs/px4_msgs/msg/detail/debug_key_value__rosidl_typesupport_fastrtps_cpp.hpp\n'}
[6.183579] (px4_msgs) StdoutLine: {'line': b'-- Up-to-date: /home/subhalaxmi/nidar_ws/install/px4_msgs/include/px4_msgs/px4_msgs/msg/detail/dataman_response__rosidl_typesupport_fastrtps_cpp.hpp\n'}
[6.183718] (px4_msgs) StdoutLine: {'line': b'-- Up-to-date: /home/subhalaxmi/nidar_ws/install/px4_msgs/include/px4_msgs/px4_msgs/msg/detail/vehicle_angular_velocity__rosidl_typesupport_fastrtps_cpp.hpp\n'}
[6.183907] (px4_msgs) StdoutLine: {'line': b'-- Up-to-date: /home/subhalaxmi/nidar_ws/install/px4_msgs/include/px4_msgs/px4_msgs/msg/detail/sensor_accel__rosidl_typesupport_fastrtps_cpp.hpp\n'}
[6.184086] (px4_msgs) StdoutLine: {'line': b'-- Up-to-date: /home/subhalaxmi/nidar_ws/install/px4_msgs/include/px4_msgs/px4_msgs/msg/detail/open_drone_id_arm_status__rosidl_typesupport_fastrtps_cpp.hpp\n'}
[6.184304] (px4_msgs) StdoutLine: {'line': b'-- Up-to-date: /home/subhalaxmi/nidar_ws/install/px4_msgs/include/px4_msgs/px4_msgs/msg/detail/vehicle_angular_acceleration_setpoint__rosidl_typesupport_fastrtps_cpp.hpp\n'}
[6.184436] (px4_msgs) StdoutLine: {'line': b'-- Up-to-date: /home/subhalaxmi/nidar_ws/install/px4_msgs/include/px4_msgs/px4_msgs/msg/detail/qshell_retval__rosidl_typesupport_fastrtps_cpp.hpp\n'}
[6.184535] (px4_msgs) StdoutLine: {'line': b'-- Up-to-date: /home/subhalaxmi/nidar_ws/install/px4_msgs/include/px4_msgs/px4_msgs/msg/detail/internal_combustion_engine_control__rosidl_typesupport_fastrtps_cpp.hpp\n'}
[6.184635] (px4_msgs) StdoutLine: {'line': b'-- Up-to-date: /home/subhalaxmi/nidar_ws/install/px4_msgs/include/px4_msgs/px4_msgs/msg/detail/register_ext_component_reply__rosidl_typesupport_fastrtps_cpp.hpp\n'}
[6.184765] (px4_msgs) StdoutLine: {'line': b'-- Up-to-date: /home/subhalaxmi/nidar_ws/install/px4_msgs/include/px4_msgs/px4_msgs/msg/detail/gain_compression__rosidl_typesupport_fastrtps_cpp.hpp\n'}
[6.184907] (px4_msgs) StdoutLine: {'line': b'-- Up-to-date: /home/subhalaxmi/nidar_ws/install/px4_msgs/include/px4_msgs/px4_msgs/msg/detail/follow_target_status__rosidl_typesupport_fastrtps_cpp.hpp\n'}
[6.185045] (px4_msgs) StdoutLine: {'line': b'-- Up-to-date: /home/subhalaxmi/nidar_ws/install/px4_msgs/include/px4_msgs/px4_msgs/msg/detail/navigator_mission_item__rosidl_typesupport_fastrtps_cpp.hpp\n'}
[6.185260] (px4_msgs) StdoutLine: {'line': b'-- Up-to-date: /home/subhalaxmi/nidar_ws/install/px4_msgs/include/px4_msgs/px4_msgs/msg/detail/vehicle_control_mode__rosidl_typesupport_fastrtps_cpp.hpp\n'}
[6.185372] (px4_msgs) StdoutLine: {'line': b'-- Up-to-date: /home/subhalaxmi/nidar_ws/install/px4_msgs/include/px4_msgs/px4_msgs/msg/detail/figure_eight_status__rosidl_typesupport_fastrtps_cpp.hpp\n'}
[6.185512] (px4_msgs) StdoutLine: {'line': b'-- Up-to-date: /home/subhalaxmi/nidar_ws/install/px4_msgs/include/px4_msgs/px4_msgs/msg/detail/vehicle_attitude_setpoint__rosidl_typesupport_fastrtps_cpp.hpp\n'}
[6.185651] (px4_msgs) StdoutLine: {'line': b'-- Up-to-date: /home/subhalaxmi/nidar_ws/install/px4_msgs/include/px4_msgs/px4_msgs/msg/detail/orb_test__rosidl_typesupport_fastrtps_cpp.hpp\n'}
[6.185789] (px4_msgs) StdoutLine: {'line': b'-- Up-to-date: /home/subhalaxmi/nidar_ws/install/px4_msgs/include/px4_msgs/px4_msgs/msg/detail/led_control__rosidl_typesupport_fastrtps_cpp.hpp\n'}
[6.185925] (px4_msgs) StdoutLine: {'line': b'-- Up-to-date: /home/subhalaxmi/nidar_ws/install/px4_msgs/include/px4_msgs/px4_msgs/msg/detail/sensor_temp__rosidl_typesupport_fastrtps_cpp.hpp\n'}
[6.186062] (px4_msgs) StdoutLine: {'line': b'-- Up-to-date: /home/subhalaxmi/nidar_ws/install/px4_msgs/include/px4_msgs/px4_msgs/msg/detail/pps_capture__rosidl_typesupport_fastrtps_cpp.hpp\n'}
[6.186245] (px4_msgs) StdoutLine: {'line': b'-- Up-to-date: /home/subhalaxmi/nidar_ws/install/px4_msgs/include/px4_msgs/px4_msgs/msg/detail/task_stack_info__rosidl_typesupport_fastrtps_cpp.hpp\n'}
[6.186349] (px4_msgs) StdoutLine: {'line': b'-- Up-to-date: /home/subhalaxmi/nidar_ws/install/px4_msgs/include/px4_msgs/px4_msgs/msg/detail/fixed_wing_lateral_status__rosidl_typesupport_fastrtps_cpp.hpp\n'}
[6.186469] (px4_msgs) StdoutLine: {'line': b'-- Up-to-date: /home/subhalaxmi/nidar_ws/install/px4_msgs/include/px4_msgs/px4_msgs/msg/detail/unregister_ext_component__rosidl_typesupport_fastrtps_cpp.hpp\n'}
[6.186611] (px4_msgs) StdoutLine: {'line': b'-- Up-to-date: /home/subhalaxmi/nidar_ws/install/px4_msgs/include/px4_msgs/px4_msgs/msg/detail/rover_rate_status__rosidl_typesupport_fastrtps_cpp.hpp\n'}
[6.186748] (px4_msgs) StdoutLine: {'line': b'-- Up-to-date: /home/subhalaxmi/nidar_ws/install/px4_msgs/include/px4_msgs/px4_msgs/msg/detail/distance_sensor__rosidl_typesupport_fastrtps_cpp.hpp\n'}
[6.186883] (px4_msgs) StdoutLine: {'line': b'-- Up-to-date: /home/subhalaxmi/nidar_ws/install/px4_msgs/include/px4_msgs/px4_msgs/msg/detail/mission_result__rosidl_typesupport_fastrtps_cpp.hpp\n'}
[6.187062] (px4_msgs) StdoutLine: {'line': b'-- Up-to-date: /home/subhalaxmi/nidar_ws/install/px4_msgs/include/px4_msgs/px4_msgs/msg/detail/vehicle_acceleration__rosidl_typesupport_fastrtps_cpp.hpp\n'}
[6.187256] (px4_msgs) StdoutLine: {'line': b'-- Up-to-date: /home/subhalaxmi/nidar_ws/install/px4_msgs/include/px4_msgs/px4_msgs/msg/detail/pure_pursuit_status__rosidl_typesupport_fastrtps_cpp.hpp\n'}
[6.187361] (px4_msgs) StdoutLine: {'line': b'-- Up-to-date: /home/subhalaxmi/nidar_ws/install/px4_msgs/include/px4_msgs/px4_msgs/msg/detail/normalized_unsigned_setpoint__rosidl_typesupport_fastrtps_cpp.hpp\n'}
[6.187459] (px4_msgs) StdoutLine: {'line': b'-- Up-to-date: /home/subhalaxmi/nidar_ws/install/px4_msgs/include/px4_msgs/px4_msgs/msg/detail/rover_attitude_setpoint__rosidl_typesupport_fastrtps_cpp.hpp\n'}
[6.187556] (px4_msgs) StdoutLine: {'line': b'-- Up-to-date: /home/subhalaxmi/nidar_ws/install/px4_msgs/include/px4_msgs/px4_msgs/msg/detail/vehicle_imu__rosidl_typesupport_fastrtps_cpp.hpp\n'}
[6.187653] (px4_msgs) StdoutLine: {'line': b'-- Up-to-date: /home/subhalaxmi/nidar_ws/install/px4_msgs/include/px4_msgs/px4_msgs/msg/detail/rover_rate_setpoint__rosidl_typesupport_fastrtps_cpp.hpp\n'}
[6.187757] (px4_msgs) StdoutLine: {'line': b'-- Up-to-date: /home/subhalaxmi/nidar_ws/install/px4_msgs/include/px4_msgs/px4_msgs/msg/detail/transponder_report__rosidl_typesupport_fastrtps_cpp.hpp\n'}
[6.187894] (px4_msgs) StdoutLine: {'line': b'-- Up-to-date: /home/subhalaxmi/nidar_ws/install/px4_msgs/include/px4_msgs/px4_msgs/msg/detail/vehicle_command_ack__rosidl_typesupport_fastrtps_cpp.hpp\n'}
[6.187993] (px4_msgs) StdoutLine: {'line': b'-- Up-to-date: /home/subhalaxmi/nidar_ws/install/px4_msgs/include/px4_msgs/px4_msgs/msg/detail/gps_inject_data__rosidl_typesupport_fastrtps_cpp.hpp\n'}
[6.188089] (px4_msgs) StdoutLine: {'line': b'-- Up-to-date: /home/subhalaxmi/nidar_ws/install/px4_msgs/include/px4_msgs/px4_msgs/msg/detail/ekf2_timestamps__rosidl_typesupport_fastrtps_cpp.hpp\n'}
[6.188236] (px4_msgs) StdoutLine: {'line': b'-- Up-to-date: /home/subhalaxmi/nidar_ws/install/px4_msgs/include/px4_msgs/px4_msgs/msg/detail/differential_pressure__rosidl_typesupport_fastrtps_cpp.hpp\n'}
[6.188395] (px4_msgs) StdoutLine: {'line': b'-- Up-to-date: /home/subhalaxmi/nidar_ws/install/px4_msgs/include/px4_msgs/px4_msgs/msg/detail/vehicle_imu_status__rosidl_typesupport_fastrtps_cpp.hpp\n'}
[6.188533] (px4_msgs) StdoutLine: {'line': b'-- Up-to-date: /home/subhalaxmi/nidar_ws/install/px4_msgs/include/px4_msgs/px4_msgs/msg/detail/fixed_wing_lateral_setpoint__rosidl_typesupport_fastrtps_cpp.hpp\n'}
[6.188721] (px4_msgs) StdoutLine: {'line': b'-- Up-to-date: /home/subhalaxmi/nidar_ws/install/px4_msgs/include/px4_msgs/px4_msgs/msg/detail/sensor_gyro__rosidl_typesupport_fastrtps_cpp.hpp\n'}
[6.188829] (px4_msgs) StdoutLine: {'line': b'-- Up-to-date: /home/subhalaxmi/nidar_ws/install/px4_msgs/include/px4_msgs/px4_msgs/msg/detail/camera_trigger__rosidl_typesupport_fastrtps_cpp.hpp\n'}
[6.188967] (px4_msgs) StdoutLine: {'line': b'-- Up-to-date: /home/subhalaxmi/nidar_ws/install/px4_msgs/include/px4_msgs/px4_msgs/msg/detail/ping__rosidl_typesupport_fastrtps_cpp.hpp\n'}
[6.189175] (px4_msgs) StdoutLine: {'line': b'-- Up-to-date: /home/subhalaxmi/nidar_ws/install/px4_msgs/include/px4_msgs/px4_msgs/msg/detail/rc_parameter_map__rosidl_typesupport_fastrtps_cpp.hpp\n'}
[6.189423] (px4_msgs) StdoutLine: {'line': b'-- Up-to-date: /home/subhalaxmi/nidar_ws/install/px4_msgs/include/px4_msgs/px4_msgs/msg/detail/timesync_status__rosidl_typesupport_fastrtps_cpp.hpp\n'}
[6.189537] (px4_msgs) StdoutLine: {'line': b'-- Up-to-date: /home/subhalaxmi/nidar_ws/install/px4_msgs/include/px4_msgs/px4_msgs/msg/detail/estimator_aid_source1d__rosidl_typesupport_fastrtps_cpp.hpp\n'}
[6.189640] (px4_msgs) StdoutLine: {'line': b'-- Up-to-date: /home/subhalaxmi/nidar_ws/install/px4_msgs/include/px4_msgs/px4_msgs/msg/detail/orbit_status__rosidl_typesupport_fastrtps_cpp.hpp\n'}
[6.189782] (px4_msgs) StdoutLine: {'line': b'-- Up-to-date: /home/subhalaxmi/nidar_ws/install/px4_msgs/include/px4_msgs/px4_msgs/msg/detail/button_event__rosidl_typesupport_fastrtps_cpp.hpp\n'}
[6.189918] (px4_msgs) StdoutLine: {'line': b'-- Up-to-date: /home/subhalaxmi/nidar_ws/install/px4_msgs/include/px4_msgs/px4_msgs/msg/detail/power_button_state__rosidl_typesupport_fastrtps_cpp.hpp\n'}
[6.190074] (px4_msgs) StdoutLine: {'line': b'-- Up-to-date: /home/subhalaxmi/nidar_ws/install/px4_msgs/include/px4_msgs/px4_msgs/msg/detail/home_position__rosidl_typesupport_fastrtps_cpp.hpp\n'}
[6.190207] (px4_msgs) StdoutLine: {'line': b'-- Up-to-date: /home/subhalaxmi/nidar_ws/install/px4_msgs/include/px4_msgs/px4_msgs/msg/detail/iridiumsbd_status__rosidl_typesupport_fastrtps_cpp.hpp\n'}
[6.190315] (px4_msgs) StdoutLine: {'line': b'-- Up-to-date: /home/subhalaxmi/nidar_ws/install/px4_msgs/include/px4_msgs/px4_msgs/msg/detail/power_monitor__rosidl_typesupport_fastrtps_cpp.hpp\n'}
[6.190463] (px4_msgs) StdoutLine: {'line': b'-- Up-to-date: /home/subhalaxmi/nidar_ws/install/px4_msgs/include/px4_msgs/px4_msgs/msg/detail/autotune_attitude_control_status__rosidl_typesupport_fastrtps_cpp.hpp\n'}
[6.190630] (px4_msgs) StdoutLine: {'line': b'-- Up-to-date: /home/subhalaxmi/nidar_ws/install/px4_msgs/include/px4_msgs/px4_msgs/msg/detail/gimbal_controls__rosidl_typesupport_fastrtps_cpp.hpp\n'}
[6.190824] (px4_msgs) StdoutLine: {'line': b'-- Up-to-date: /home/subhalaxmi/nidar_ws/install/px4_msgs/include/px4_msgs/px4_msgs/msg/detail/sensor_correction__rosidl_typesupport_fastrtps_cpp.hpp\n'}
[6.190991] (px4_msgs) StdoutLine: {'line': b'-- Up-to-date: /home/subhalaxmi/nidar_ws/install/px4_msgs/include/px4_msgs/px4_msgs/msg/detail/position_setpoint__rosidl_typesupport_fastrtps_cpp.hpp\n'}
[6.191188] (px4_msgs) StdoutLine: {'line': b'-- Up-to-date: /home/subhalaxmi/nidar_ws/install/px4_msgs/include/px4_msgs/px4_msgs/msg/detail/goto_setpoint__rosidl_typesupport_fastrtps_cpp.hpp\n'}
[6.191370] (px4_msgs) StdoutLine: {'line': b'-- Up-to-date: /home/subhalaxmi/nidar_ws/install/px4_msgs/include/px4_msgs/px4_msgs/msg/detail/message_format_response__rosidl_typesupport_fastrtps_cpp.hpp\n'}
[6.191533] (px4_msgs) StdoutLine: {'line': b'-- Up-to-date: /home/subhalaxmi/nidar_ws/install/px4_msgs/include/px4_msgs/px4_msgs/msg/detail/system_power__rosidl_typesupport_fastrtps_cpp.hpp\n'}
[6.191711] (px4_msgs) StdoutLine: {'line': b'-- Up-to-date: /home/subhalaxmi/nidar_ws/install/px4_msgs/include/px4_msgs/px4_msgs/msg/detail/takeoff_status__rosidl_typesupport_fastrtps_cpp.hpp\n'}
[6.191892] (px4_msgs) StdoutLine: {'line': b'-- Up-to-date: /home/subhalaxmi/nidar_ws/install/px4_msgs/include/px4_msgs/px4_msgs/msg/detail/tiltrotor_extra_controls__rosidl_typesupport_fastrtps_cpp.hpp\n'}
[6.192071] (px4_msgs) StdoutLine: {'line': b'-- Up-to-date: /home/subhalaxmi/nidar_ws/install/px4_msgs/include/px4_msgs/px4_msgs/msg/detail/navigator_status__rosidl_typesupport_fastrtps_cpp.hpp\n'}
[6.192282] (px4_msgs) StdoutLine: {'line': b'-- Up-to-date: /home/subhalaxmi/nidar_ws/install/px4_msgs/include/px4_msgs/px4_msgs/msg/detail/estimator_bias3d__rosidl_typesupport_fastrtps_cpp.hpp\n'}
[6.192469] (px4_msgs) StdoutLine: {'line': b'-- Up-to-date: /home/subhalaxmi/nidar_ws/install/px4_msgs/include/px4_msgs/px4_msgs/msg/detail/input_rc__rosidl_typesupport_fastrtps_cpp.hpp\n'}
[6.192649] (px4_msgs) StdoutLine: {'line': b'-- Up-to-date: /home/subhalaxmi/nidar_ws/install/px4_msgs/include/px4_msgs/px4_msgs/msg/detail/actuator_controls_status__rosidl_typesupport_fastrtps_cpp.hpp\n'}
[6.192839] (px4_msgs) StdoutLine: {'line': b'-- Up-to-date: /home/subhalaxmi/nidar_ws/install/px4_msgs/include/px4_msgs/px4_msgs/msg/detail/vehicle_odometry__rosidl_typesupport_fastrtps_cpp.hpp\n'}
[6.193042] (px4_msgs) StdoutLine: {'line': b'-- Up-to-date: /home/subhalaxmi/nidar_ws/install/px4_msgs/include/px4_msgs/px4_msgs/msg/detail/gimbal_device_information__rosidl_typesupport_fastrtps_cpp.hpp\n'}
[6.193365] (px4_msgs) StdoutLine: {'line': b'-- Up-to-date: /home/subhalaxmi/nidar_ws/install/px4_msgs/include/px4_msgs/px4_msgs/msg/detail/fuel_tank_status__rosidl_typesupport_fastrtps_cpp.hpp\n'}
[6.193620] (px4_msgs) StdoutLine: {'line': b'-- Up-to-date: /home/subhalaxmi/nidar_ws/install/px4_msgs/include/px4_msgs/px4_msgs/msg/detail/arming_check_request__rosidl_typesupport_fastrtps_cpp.hpp\n'}
[6.193825] (px4_msgs) StdoutLine: {'line': b'-- Up-to-date: /home/subhalaxmi/nidar_ws/install/px4_msgs/include/px4_msgs/px4_msgs/msg/detail/airspeed_wind__rosidl_typesupport_fastrtps_cpp.hpp\n'}
[6.194010] (px4_msgs) StdoutLine: {'line': b'-- Up-to-date: /home/subhalaxmi/nidar_ws/install/px4_msgs/include/px4_msgs/px4_msgs/msg/detail/vehicle_attitude__rosidl_typesupport_fastrtps_cpp.hpp\n'}
[6.194227] (px4_msgs) StdoutLine: {'line': b'-- Up-to-date: /home/subhalaxmi/nidar_ws/install/px4_msgs/include/px4_msgs/px4_msgs/msg/detail/parameter_update__rosidl_typesupport_fastrtps_cpp.hpp\n'}
[6.194423] (px4_msgs) StdoutLine: {'line': b'-- Up-to-date: /home/subhalaxmi/nidar_ws/install/px4_msgs/include/px4_msgs/px4_msgs/msg/detail/position_controller_landing_status__rosidl_typesupport_fastrtps_cpp.hpp\n'}
[6.194644] (px4_msgs) StdoutLine: {'line': b'-- Up-to-date: /home/subhalaxmi/nidar_ws/install/px4_msgs/include/px4_msgs/px4_msgs/msg/detail/radio_status__rosidl_typesupport_fastrtps_cpp.hpp\n'}
[6.194869] (px4_msgs) StdoutLine: {'line': b'-- Up-to-date: /home/subhalaxmi/nidar_ws/install/px4_msgs/include/px4_msgs/px4_msgs/msg/detail/wheel_encoders__rosidl_typesupport_fastrtps_cpp.hpp\n'}
[6.195086] (px4_msgs) StdoutLine: {'line': b'-- Up-to-date: /home/subhalaxmi/nidar_ws/install/px4_msgs/include/px4_msgs/px4_msgs/msg/detail/parameter_reset_request__rosidl_typesupport_fastrtps_cpp.hpp\n'}
[6.195392] (px4_msgs) StdoutLine: {'line': b'-- Up-to-date: /home/subhalaxmi/nidar_ws/install/px4_msgs/include/px4_msgs/px4_msgs/msg/detail/gpio_config__rosidl_typesupport_fastrtps_cpp.hpp\n'}
[6.195588] (px4_msgs) StdoutLine: {'line': b'-- Up-to-date: /home/subhalaxmi/nidar_ws/install/px4_msgs/include/px4_msgs/px4_msgs/msg/detail/can_interface_status__rosidl_typesupport_fastrtps_cpp.hpp\n'}
[6.195774] (px4_msgs) StdoutLine: {'line': b'-- Up-to-date: /home/subhalaxmi/nidar_ws/install/px4_msgs/include/px4_msgs/px4_msgs/msg/detail/geofence_result__rosidl_typesupport_fastrtps_cpp.hpp\n'}
[6.195954] (px4_msgs) StdoutLine: {'line': b'-- Up-to-date: /home/subhalaxmi/nidar_ws/install/px4_msgs/include/px4_msgs/px4_msgs/msg/detail/vehicle_optical_flow_vel__rosidl_typesupport_fastrtps_cpp.hpp\n'}
[6.196148] (px4_msgs) StdoutLine: {'line': b'-- Up-to-date: /home/subhalaxmi/nidar_ws/install/px4_msgs/include/px4_msgs/px4_msgs/msg/detail/trajectory_setpoint__rosidl_typesupport_fastrtps_cpp.hpp\n'}
[6.196429] (px4_msgs) StdoutLine: {'line': b'-- Up-to-date: /home/subhalaxmi/nidar_ws/install/px4_msgs/include/px4_msgs/px4_msgs/msg/detail/rover_position_setpoint__rosidl_typesupport_fastrtps_cpp.hpp\n'}
[6.196637] (px4_msgs) StdoutLine: {'line': b'-- Up-to-date: /home/subhalaxmi/nidar_ws/install/px4_msgs/include/px4_msgs/px4_msgs/msg/detail/ulog_stream_ack__rosidl_typesupport_fastrtps_cpp.hpp\n'}
[6.196810] (px4_msgs) StdoutLine: {'line': b'-- Up-to-date: /home/subhalaxmi/nidar_ws/install/px4_msgs/include/px4_msgs/px4_msgs/msg/detail/hover_thrust_estimate__rosidl_typesupport_fastrtps_cpp.hpp\n'}
[6.196985] (px4_msgs) StdoutLine: {'line': b'-- Up-to-date: /home/subhalaxmi/nidar_ws/install/px4_msgs/include/px4_msgs/px4_msgs/msg/detail/rover_throttle_setpoint__rosidl_typesupport_fastrtps_cpp.hpp\n'}
[6.197224] (px4_msgs) StdoutLine: {'line': b'-- Up-to-date: /home/subhalaxmi/nidar_ws/install/px4_msgs/include/px4_msgs/px4_msgs/msg/detail/gimbal_manager_status__rosidl_typesupport_fastrtps_cpp.hpp\n'}
[6.197503] (px4_msgs) StdoutLine: {'line': b'-- Up-to-date: /home/subhalaxmi/nidar_ws/install/px4_msgs/include/px4_msgs/px4_msgs/msg/detail/parameter_set_value_request__rosidl_typesupport_fastrtps_cpp.hpp\n'}
[6.197690] (px4_msgs) StdoutLine: {'line': b'-- Up-to-date: /home/subhalaxmi/nidar_ws/install/px4_msgs/include/px4_msgs/px4_msgs/msg/detail/internal_combustion_engine_status__rosidl_typesupport_fastrtps_cpp.hpp\n'}
[6.197870] (px4_msgs) StdoutLine: {'line': b'-- Up-to-date: /home/subhalaxmi/nidar_ws/install/px4_msgs/include/px4_msgs/px4_msgs/msg/detail/sensor_gnss_status__rosidl_typesupport_fastrtps_cpp.hpp\n'}
[6.197994] (px4_msgs) StdoutLine: {'line': b'-- Up-to-date: /home/subhalaxmi/nidar_ws/install/px4_msgs/include/px4_msgs/px4_msgs/msg/detail/message_format_request__rosidl_typesupport_fastrtps_cpp.hpp\n'}
[6.198140] (px4_msgs) StdoutLine: {'line': b'-- Up-to-date: /home/subhalaxmi/nidar_ws/install/px4_msgs/include/px4_msgs/px4_msgs/msg/detail/camera_capture__rosidl_typesupport_fastrtps_cpp.hpp\n'}
[6.198358] (px4_msgs) StdoutLine: {'line': b'-- Up-to-date: /home/subhalaxmi/nidar_ws/install/px4_msgs/include/px4_msgs/px4_msgs/msg/detail/tune_control__rosidl_typesupport_fastrtps_cpp.hpp\n'}
[6.198465] (px4_msgs) StdoutLine: {'line': b'-- Up-to-date: /home/subhalaxmi/nidar_ws/install/px4_msgs/include/px4_msgs/px4_msgs/msg/detail/adc_report__rosidl_typesupport_fastrtps_cpp.hpp\n'}
[6.198564] (px4_msgs) StdoutLine: {'line': b'-- Up-to-date: /home/subhalaxmi/nidar_ws/install/px4_msgs/include/px4_msgs/px4_msgs/msg/detail/launch_detection_status__rosidl_typesupport_fastrtps_cpp.hpp\n'}
[6.198663] (px4_msgs) StdoutLine: {'line': b'-- Up-to-date: /home/subhalaxmi/nidar_ws/install/px4_msgs/include/px4_msgs/px4_msgs/msg/detail/satellite_info__rosidl_typesupport_fastrtps_cpp.hpp\n'}
[6.198762] (px4_msgs) StdoutLine: {'line': b'-- Up-to-date: /home/subhalaxmi/nidar_ws/install/px4_msgs/include/px4_msgs/px4_msgs/msg/detail/log_message__rosidl_typesupport_fastrtps_cpp.hpp\n'}
[6.198861] (px4_msgs) StdoutLine: {'line': b'-- Up-to-date: /home/subhalaxmi/nidar_ws/install/px4_msgs/include/px4_msgs/px4_msgs/msg/detail/mag_worker_data__rosidl_typesupport_fastrtps_cpp.hpp\n'}
[6.198957] (px4_msgs) StdoutLine: {'line': b'-- Up-to-date: /home/subhalaxmi/nidar_ws/install/px4_msgs/include/px4_msgs/px4_msgs/msg/detail/airspeed__rosidl_typesupport_fastrtps_cpp.hpp\n'}
[6.199055] (px4_msgs) StdoutLine: {'line': b'-- Up-to-date: /home/subhalaxmi/nidar_ws/install/px4_msgs/include/px4_msgs/px4_msgs/msg/detail/irlock_report__rosidl_typesupport_fastrtps_cpp.hpp\n'}
[6.199200] (px4_msgs) StdoutLine: {'line': b'-- Up-to-date: /home/subhalaxmi/nidar_ws/install/px4_msgs/include/px4_msgs/px4_msgs/msg/detail/px4io_status__rosidl_typesupport_fastrtps_cpp.hpp\n'}
[6.199403] (px4_msgs) StdoutLine: {'line': b'-- Up-to-date: /home/subhalaxmi/nidar_ws/install/px4_msgs/include/px4_msgs/px4_msgs/msg/detail/open_drone_id_system__rosidl_typesupport_fastrtps_cpp.hpp\n'}
[6.199551] (px4_msgs) StdoutLine: {'line': b'-- Up-to-date: /home/subhalaxmi/nidar_ws/install/px4_msgs/include/px4_msgs/px4_msgs/msg/detail/airspeed_validated__rosidl_typesupport_fastrtps_cpp.hpp\n'}
[6.199690] (px4_msgs) StdoutLine: {'line': b'-- Up-to-date: /home/subhalaxmi/nidar_ws/install/px4_msgs/include/px4_msgs/px4_msgs/msg/detail/velocity_limits__rosidl_typesupport_fastrtps_cpp.hpp\n'}
[6.199828] (px4_msgs) StdoutLine: {'line': b'-- Up-to-date: /home/subhalaxmi/nidar_ws/install/px4_msgs/include/px4_msgs/px4_msgs/msg/detail/actuator_armed__rosidl_typesupport_fastrtps_cpp.hpp\n'}
[6.199964] (px4_msgs) StdoutLine: {'line': b'-- Up-to-date: /home/subhalaxmi/nidar_ws/install/px4_msgs/include/px4_msgs/px4_msgs/msg/detail/control_allocator_status__rosidl_typesupport_fastrtps_cpp.hpp\n'}
[6.200100] (px4_msgs) StdoutLine: {'line': b'-- Up-to-date: /home/subhalaxmi/nidar_ws/install/px4_msgs/include/px4_msgs/px4_msgs/msg/detail/sensor_preflight_mag__rosidl_typesupport_fastrtps_cpp.hpp\n'}
[6.200295] (px4_msgs) StdoutLine: {'line': b'-- Up-to-date: /home/subhalaxmi/nidar_ws/install/px4_msgs/include/px4_msgs/px4_msgs/msg/detail/actuator_test__rosidl_typesupport_fastrtps_cpp.hpp\n'}
[6.200460] (px4_msgs) StdoutLine: {'line': b'-- Up-to-date: /home/subhalaxmi/nidar_ws/install/px4_msgs/include/px4_msgs/px4_msgs/msg/detail/estimator_gps_status__rosidl_typesupport_fastrtps_cpp.hpp\n'}
[6.200654] (px4_msgs) StdoutLine: {'line': b'-- Up-to-date: /home/subhalaxmi/nidar_ws/install/px4_msgs/include/px4_msgs/px4_msgs/msg/detail/debug_vect__rosidl_typesupport_fastrtps_cpp.hpp\n'}
[6.200909] (px4_msgs) StdoutLine: {'line': b'-- Up-to-date: /home/subhalaxmi/nidar_ws/install/px4_msgs/include/px4_msgs/px4_msgs/msg/detail/rover_steering_setpoint__rosidl_typesupport_fastrtps_cpp.hpp\n'}
[6.201114] (px4_msgs) StdoutLine: {'line': b'-- Up-to-date: /home/subhalaxmi/nidar_ws/install/px4_msgs/include/px4_msgs/px4_msgs/msg/detail/gpio_out__rosidl_typesupport_fastrtps_cpp.hpp\n'}
[6.201254] (px4_msgs) StdoutLine: {'line': b'-- Up-to-date: /home/subhalaxmi/nidar_ws/install/px4_msgs/include/px4_msgs/px4_msgs/msg/detail/gimbal_manager_set_attitude__rosidl_typesupport_fastrtps_cpp.hpp\n'}
[6.201357] (px4_msgs) StdoutLine: {'line': b'-- Up-to-date: /home/subhalaxmi/nidar_ws/install/px4_msgs/include/px4_msgs/px4_msgs/msg/detail/gpio_in__rosidl_typesupport_fastrtps_cpp.hpp\n'}
[6.201456] (px4_msgs) StdoutLine: {'line': b'-- Up-to-date: /home/subhalaxmi/nidar_ws/install/px4_msgs/include/px4_msgs/px4_msgs/msg/detail/landing_gear_wheel__rosidl_typesupport_fastrtps_cpp.hpp\n'}
[6.201555] (px4_msgs) StdoutLine: {'line': b'-- Up-to-date: /home/subhalaxmi/nidar_ws/install/px4_msgs/include/px4_msgs/px4_msgs/msg/detail/gimbal_device_attitude_status__rosidl_typesupport_fastrtps_cpp.hpp\n'}
[6.201653] (px4_msgs) StdoutLine: {'line': b'-- Up-to-date: /home/subhalaxmi/nidar_ws/install/px4_msgs/include/px4_msgs/px4_msgs/msg/detail/dataman_request__rosidl_typesupport_fastrtps_cpp.hpp\n'}
[6.201805] (px4_msgs) StdoutLine: {'line': b'-- Up-to-date: /home/subhalaxmi/nidar_ws/install/px4_msgs/include/px4_msgs/px4_msgs/msg/detail/follow_target_estimator__rosidl_typesupport_fastrtps_cpp.hpp\n'}
[6.201993] (px4_msgs) StdoutLine: {'line': b'-- Up-to-date: /home/subhalaxmi/nidar_ws/install/px4_msgs/include/px4_msgs/px4_msgs/msg/detail/actuator_servos__rosidl_typesupport_fastrtps_cpp.hpp\n'}
[6.202100] (px4_msgs) StdoutLine: {'line': b'-- Up-to-date: /home/subhalaxmi/nidar_ws/install/px4_msgs/include/px4_msgs/px4_msgs/msg/detail/health_report__rosidl_typesupport_fastrtps_cpp.hpp\n'}
[6.202236] (px4_msgs) StdoutLine: {'line': b'-- Up-to-date: /home/subhalaxmi/nidar_ws/install/px4_msgs/include/px4_msgs/px4_msgs/msg/detail/vehicle_global_position__rosidl_typesupport_fastrtps_cpp.hpp\n'}
[6.202336] (px4_msgs) StdoutLine: {'line': b'-- Up-to-date: /home/subhalaxmi/nidar_ws/install/px4_msgs/include/px4_msgs/px4_msgs/msg/detail/raptor_status__rosidl_typesupport_fastrtps_cpp.hpp\n'}
[6.202433] (px4_msgs) StdoutLine: {'line': b'-- Up-to-date: /home/subhalaxmi/nidar_ws/install/px4_msgs/include/px4_msgs/px4_msgs/msg/detail/register_ext_component_request__rosidl_typesupport_fastrtps_cpp.hpp\n'}
[6.202529] (px4_msgs) StdoutLine: {'line': b'-- Up-to-date: /home/subhalaxmi/nidar_ws/install/px4_msgs/include/px4_msgs/px4_msgs/msg/detail/sensor_gnss_relative__rosidl_typesupport_fastrtps_cpp.hpp\n'}
[6.202625] (px4_msgs) StdoutLine: {'line': b'-- Up-to-date: /home/subhalaxmi/nidar_ws/install/px4_msgs/include/px4_msgs/px4_msgs/msg/detail/parameter_set_used_request__rosidl_typesupport_fastrtps_cpp.hpp\n'}
[6.202721] (px4_msgs) StdoutLine: {'line': b'-- Up-to-date: /home/subhalaxmi/nidar_ws/install/px4_msgs/include/px4_msgs/px4_msgs/msg/detail/rover_attitude_status__rosidl_typesupport_fastrtps_cpp.hpp\n'}
[6.202817] (px4_msgs) StdoutLine: {'line': b'-- Up-to-date: /home/subhalaxmi/nidar_ws/install/px4_msgs/include/px4_msgs/px4_msgs/msg/detail/sensor_selection__rosidl_typesupport_fastrtps_cpp.hpp\n'}
[6.202913] (px4_msgs) StdoutLine: {'line': b'-- Up-to-date: /home/subhalaxmi/nidar_ws/install/px4_msgs/include/px4_msgs/px4_msgs/msg/detail/sensor_airflow__rosidl_typesupport_fastrtps_cpp.hpp\n'}
[6.203011] (px4_msgs) StdoutLine: {'line': b'-- Up-to-date: /home/subhalaxmi/nidar_ws/install/px4_msgs/include/px4_msgs/px4_msgs/msg/detail/landing_gear__rosidl_typesupport_fastrtps_cpp.hpp\n'}
[6.203153] (px4_msgs) StdoutLine: {'line': b'-- Up-to-date: /home/subhalaxmi/nidar_ws/install/px4_msgs/include/px4_msgs/px4_msgs/msg/detail/gimbal_manager_set_manual_control__rosidl_typesupport_fastrtps_cpp.hpp\n'}
[6.203339] (px4_msgs) StdoutLine: {'line': b'-- Up-to-date: /home/subhalaxmi/nidar_ws/install/px4_msgs/include/px4_msgs/px4_msgs/msg/detail/mission__rosidl_typesupport_fastrtps_cpp.hpp\n'}
[6.203440] (px4_msgs) StdoutLine: {'line': b'-- Up-to-date: /home/subhalaxmi/nidar_ws/install/px4_msgs/include/px4_msgs/px4_msgs/msg/detail/orb_test_medium__rosidl_typesupport_fastrtps_cpp.hpp\n'}
[6.203550] (px4_msgs) StdoutLine: {'line': b'-- Up-to-date: /home/subhalaxmi/nidar_ws/install/px4_msgs/include/px4_msgs/px4_msgs/msg/detail/estimator_sensor_bias__rosidl_typesupport_fastrtps_cpp.hpp\n'}
[6.203648] (px4_msgs) StdoutLine: {'line': b'-- Up-to-date: /home/subhalaxmi/nidar_ws/install/px4_msgs/include/px4_msgs/px4_msgs/msg/detail/sensor_uwb__rosidl_typesupport_fastrtps_cpp.hpp\n'}
[6.203746] (px4_msgs) StdoutLine: {'line': b'-- Up-to-date: /home/subhalaxmi/nidar_ws/install/px4_msgs/include/px4_msgs/px4_msgs/msg/detail/heater_status__rosidl_typesupport_fastrtps_cpp.hpp\n'}
[6.203843] (px4_msgs) StdoutLine: {'line': b'-- Up-to-date: /home/subhalaxmi/nidar_ws/install/px4_msgs/include/px4_msgs/px4_msgs/msg/detail/estimator_states__rosidl_typesupport_fastrtps_cpp.hpp\n'}
[6.203940] (px4_msgs) StdoutLine: {'line': b'-- Up-to-date: /home/subhalaxmi/nidar_ws/install/px4_msgs/include/px4_msgs/px4_msgs/msg/detail/sensor_optical_flow__rosidl_typesupport_fastrtps_cpp.hpp\n'}
[6.204064] (px4_msgs) StdoutLine: {'line': b'-- Up-to-date: /home/subhalaxmi/nidar_ws/install/px4_msgs/include/px4_msgs/px4_msgs/msg/detail/cellular_status__rosidl_typesupport_fastrtps_cpp.hpp\n'}
[6.204277] (px4_msgs) StdoutLine: {'line': b'-- Up-to-date: /home/subhalaxmi/nidar_ws/install/px4_msgs/include/px4_msgs/px4_msgs/msg/detail/rpm__rosidl_typesupport_fastrtps_cpp.hpp\n'}
[6.204382] (px4_msgs) StdoutLine: {'line': b'-- Up-to-date: /home/subhalaxmi/nidar_ws/install/px4_msgs/include/px4_msgs/px4_msgs/msg/detail/uavcan_parameter_request__rosidl_typesupport_fastrtps_cpp.hpp\n'}
[6.204481] (px4_msgs) StdoutLine: {'line': b'-- Up-to-date: /home/subhalaxmi/nidar_ws/install/px4_msgs/include/px4_msgs/px4_msgs/msg/detail/config_overrides__rosidl_typesupport_fastrtps_cpp.hpp\n'}
[6.204578] (px4_msgs) StdoutLine: {'line': b'-- Up-to-date: /home/subhalaxmi/nidar_ws/install/px4_msgs/include/px4_msgs/px4_msgs/msg/detail/vehicle_magnetometer__rosidl_typesupport_fastrtps_cpp.hpp\n'}
[6.204674] (px4_msgs) StdoutLine: {'line': b'-- Up-to-date: /home/subhalaxmi/nidar_ws/install/px4_msgs/include/px4_msgs/px4_msgs/msg/detail/raptor_input__rosidl_typesupport_fastrtps_cpp.hpp\n'}
[6.204771] (px4_msgs) StdoutLine: {'line': b'-- Up-to-date: /home/subhalaxmi/nidar_ws/install/px4_msgs/include/px4_msgs/px4_msgs/msg/detail/onboard_computer_status__rosidl_typesupport_fastrtps_cpp.hpp\n'}
[6.204877] (px4_msgs) StdoutLine: {'line': b'-- Up-to-date: /home/subhalaxmi/nidar_ws/install/px4_msgs/include/px4_msgs/px4_msgs/msg/detail/vehicle_air_data__rosidl_typesupport_fastrtps_cpp.hpp\n'}
[6.204976] (px4_msgs) StdoutLine: {'line': b'-- Up-to-date: /home/subhalaxmi/nidar_ws/install/px4_msgs/include/px4_msgs/px4_msgs/msg/detail/geofence_status__rosidl_typesupport_fastrtps_cpp.hpp\n'}
[6.205072] (px4_msgs) StdoutLine: {'line': b'-- Up-to-date: /home/subhalaxmi/nidar_ws/install/px4_msgs/include/px4_msgs/px4_msgs/msg/detail/landing_target_pose__rosidl_typesupport_fastrtps_cpp.hpp\n'}
[6.205196] (px4_msgs) StdoutLine: {'line': b'-- Up-to-date: /home/subhalaxmi/nidar_ws/install/px4_msgs/include/px4_msgs/px4_msgs/msg/detail/vehicle_land_detected__rosidl_typesupport_fastrtps_cpp.hpp\n'}
[6.205300] (px4_msgs) StdoutLine: {'line': b'-- Up-to-date: /home/subhalaxmi/nidar_ws/install/px4_msgs/include/px4_msgs/px4_msgs/msg/detail/uavcan_parameter_value__rosidl_typesupport_fastrtps_cpp.hpp\n'}
[6.205398] (px4_msgs) StdoutLine: {'line': b'-- Up-to-date: /home/subhalaxmi/nidar_ws/install/px4_msgs/include/px4_msgs/px4_msgs/msg/detail/magnetometer_bias_estimate__rosidl_typesupport_fastrtps_cpp.hpp\n'}
[6.205583] (px4_msgs) StdoutLine: {'line': b'-- Up-to-date: /home/subhalaxmi/nidar_ws/install/px4_msgs/include/px4_msgs/px4_msgs/msg/detail/vehicle_rates_setpoint__rosidl_typesupport_fastrtps_cpp.hpp\n'}
[6.205688] (px4_msgs) StdoutLine: {'line': b'-- Up-to-date: /home/subhalaxmi/nidar_ws/install/px4_msgs/include/px4_msgs/px4_msgs/msg/detail/esc_report__rosidl_typesupport_fastrtps_cpp.hpp\n'}
[6.205797] (px4_msgs) StdoutLine: {'line': b'-- Up-to-date: /home/subhalaxmi/nidar_ws/install/px4_msgs/include/px4_msgs/px4_msgs/msg/detail/obstacle_distance__rosidl_typesupport_fastrtps_cpp.hpp\n'}
[6.205897] (px4_msgs) StdoutLine: {'line': b'-- Up-to-date: /home/subhalaxmi/nidar_ws/install/px4_msgs/include/px4_msgs/px4_msgs/msg/detail/logger_status__rosidl_typesupport_fastrtps_cpp.hpp\n'}
[6.205996] (px4_msgs) StdoutLine: {'line': b'-- Up-to-date: /home/subhalaxmi/nidar_ws/install/px4_msgs/include/px4_msgs/px4_msgs/msg/detail/rover_speed_setpoint__rosidl_typesupport_fastrtps_cpp.hpp\n'}
[6.206093] (px4_msgs) StdoutLine: {'line': b'-- Up-to-date: /home/subhalaxmi/nidar_ws/install/px4_msgs/include/px4_msgs/px4_msgs/msg/detail/vehicle_roi__rosidl_typesupport_fastrtps_cpp.hpp\n'}
[6.206232] (px4_msgs) StdoutLine: {'line': b'-- Up-to-date: /home/subhalaxmi/nidar_ws/install/px4_msgs/include/px4_msgs/px4_msgs/msg/detail/sensors_status_imu__rosidl_typesupport_fastrtps_cpp.hpp\n'}
[6.206334] (px4_msgs) StdoutLine: {'line': b'-- Up-to-date: /home/subhalaxmi/nidar_ws/install/px4_msgs/include/px4_msgs/px4_msgs/msg/detail/qshell_req__rosidl_typesupport_fastrtps_cpp.hpp\n'}
[6.206493] (px4_msgs) StdoutLine: {'line': b'-- Up-to-date: /home/subhalaxmi/nidar_ws/install/px4_msgs/include/px4_msgs/px4_msgs/msg/detail/wind__rosidl_typesupport_fastrtps_cpp.hpp\n'}
[6.206597] (px4_msgs) StdoutLine: {'line': b'-- Up-to-date: /home/subhalaxmi/nidar_ws/install/px4_msgs/include/px4_msgs/px4_msgs/msg/detail/sensor_accel_fifo__rosidl_typesupport_fastrtps_cpp.hpp\n'}
[6.206695] (px4_msgs) StdoutLine: {'line': b'-- Up-to-date: /home/subhalaxmi/nidar_ws/install/px4_msgs/include/px4_msgs/px4_msgs/msg/detail/offboard_control_mode__rosidl_typesupport_fastrtps_cpp.hpp\n'}
[6.206792] (px4_msgs) StdoutLine: {'line': b'-- Up-to-date: /home/subhalaxmi/nidar_ws/install/px4_msgs/include/px4_msgs/px4_msgs/msg/rosidl_typesupport_fastrtps_cpp__visibility_control.h\n'}
[6.206889] (px4_msgs) StdoutLine: {'line': b'-- Up-to-date: /home/subhalaxmi/nidar_ws/install/px4_msgs/include/px4_msgs/px4_msgs/srv\n'}
[6.206985] (px4_msgs) StdoutLine: {'line': b'-- Up-to-date: /home/subhalaxmi/nidar_ws/install/px4_msgs/include/px4_msgs/px4_msgs/srv/detail\n'}
[6.207081] (px4_msgs) StdoutLine: {'line': b'-- Up-to-date: /home/subhalaxmi/nidar_ws/install/px4_msgs/include/px4_msgs/px4_msgs/srv/detail/dds_fastrtps\n'}
[6.207224] (px4_msgs) StdoutLine: {'line': b'-- Up-to-date: /home/subhalaxmi/nidar_ws/install/px4_msgs/include/px4_msgs/px4_msgs/srv/detail/vehicle_command__rosidl_typesupport_fastrtps_cpp.hpp\n'}
[6.207326] (px4_msgs) StdoutLine: {'line': b'-- Up-to-date: /home/subhalaxmi/nidar_ws/install/px4_msgs/lib/libpx4_msgs__rosidl_typesupport_fastrtps_cpp.so\n'}
[6.207423] (px4_msgs) StdoutLine: {'line': b'-- Up-to-date: /home/subhalaxmi/nidar_ws/install/px4_msgs/include/px4_msgs/px4_msgs\n'}
[6.207518] (px4_msgs) StdoutLine: {'line': b'-- Up-to-date: /home/subhalaxmi/nidar_ws/install/px4_msgs/include/px4_msgs/px4_msgs/msg\n'}
[6.207616] (px4_msgs) StdoutLine: {'line': b'-- Up-to-date: /home/subhalaxmi/nidar_ws/install/px4_msgs/include/px4_msgs/px4_msgs/msg/rosidl_typesupport_introspection_c__visibility_control.h\n'}
[6.207716] (px4_msgs) StdoutLine: {'line': b'-- Up-to-date: /home/subhalaxmi/nidar_ws/install/px4_msgs/include/px4_msgs/px4_msgs/msg/detail\n'}
[6.207848] (px4_msgs) StdoutLine: {'line': b'-- Up-to-date: /home/subhalaxmi/nidar_ws/install/px4_msgs/include/px4_msgs/px4_msgs/msg/detail/estimator_bias__type_support.c\n'}
[6.208053] (px4_msgs) StdoutLine: {'line': b'-- Up-to-date: /home/subhalaxmi/nidar_ws/install/px4_msgs/include/px4_msgs/px4_msgs/msg/detail/offboard_control_mode__rosidl_typesupport_introspection_c.h\n'}
[6.208187] (px4_msgs) StdoutLine: {'line': b'-- Up-to-date: /home/subhalaxmi/nidar_ws/install/px4_msgs/include/px4_msgs/px4_msgs/msg/detail/mount_orientation__type_support.c\n'}
[6.208294] (px4_msgs) StdoutLine: {'line': b'-- Up-to-date: /home/subhalaxmi/nidar_ws/install/px4_msgs/include/px4_msgs/px4_msgs/msg/detail/fixed_wing_longitudinal_setpoint__type_support.c\n'}
[6.208401] (px4_msgs) StdoutLine: {'line': b'-- Up-to-date: /home/subhalaxmi/nidar_ws/install/px4_msgs/include/px4_msgs/px4_msgs/msg/detail/vehicle_imu__rosidl_typesupport_introspection_c.h\n'}
[6.208499] (px4_msgs) StdoutLine: {'line': b'-- Up-to-date: /home/subhalaxmi/nidar_ws/install/px4_msgs/include/px4_msgs/px4_msgs/msg/detail/vehicle_rates_setpoint__type_support.c\n'}
[6.208595] (px4_msgs) StdoutLine: {'line': b'-- Up-to-date: /home/subhalaxmi/nidar_ws/install/px4_msgs/include/px4_msgs/px4_msgs/msg/detail/device_information__rosidl_typesupport_introspection_c.h\n'}
[6.208692] (px4_msgs) StdoutLine: {'line': b'-- Up-to-date: /home/subhalaxmi/nidar_ws/install/px4_msgs/include/px4_msgs/px4_msgs/msg/detail/sensor_airflow__rosidl_typesupport_introspection_c.h\n'}
[6.208835] (px4_msgs) StdoutLine: {'line': b'-- Up-to-date: /home/subhalaxmi/nidar_ws/install/px4_msgs/include/px4_msgs/px4_msgs/msg/detail/rover_rate_setpoint__type_support.c\n'}
[6.208972] (px4_msgs) StdoutLine: {'line': b'-- Up-to-date: /home/subhalaxmi/nidar_ws/install/px4_msgs/include/px4_msgs/px4_msgs/msg/detail/vehicle_local_position__type_support.c\n'}
[6.209108] (px4_msgs) StdoutLine: {'line': b'-- Up-to-date: /home/subhalaxmi/nidar_ws/install/px4_msgs/include/px4_msgs/px4_msgs/msg/detail/sensor_uwb__type_support.c\n'}
[6.209447] (px4_msgs) StdoutLine: {'line': b'-- Up-to-date: /home/subhalaxmi/nidar_ws/install/px4_msgs/include/px4_msgs/px4_msgs/msg/detail/sensor_gyro_fft__type_support.c\n'}
[6.209625] (px4_msgs) StdoutLine: {'line': b'-- Up-to-date: /home/subhalaxmi/nidar_ws/install/px4_msgs/include/px4_msgs/px4_msgs/msg/detail/internal_combustion_engine_control__rosidl_typesupport_introspection_c.h\n'}
[6.209815] (px4_msgs) StdoutLine: {'line': b'-- Up-to-date: /home/subhalaxmi/nidar_ws/install/px4_msgs/include/px4_msgs/px4_msgs/msg/detail/vehicle_imu_status__type_support.c\n'}
[6.209989] (px4_msgs) StdoutLine: {'line': b'-- Up-to-date: /home/subhalaxmi/nidar_ws/install/px4_msgs/include/px4_msgs/px4_msgs/msg/detail/sensor_correction__type_support.c\n'}
[6.210188] (px4_msgs) StdoutLine: {'line': b'-- Up-to-date: /home/subhalaxmi/nidar_ws/install/px4_msgs/include/px4_msgs/px4_msgs/msg/detail/sensor_gyro__type_support.c\n'}
[6.210384] (px4_msgs) StdoutLine: {'line': b'-- Up-to-date: /home/subhalaxmi/nidar_ws/install/px4_msgs/include/px4_msgs/px4_msgs/msg/detail/vehicle_optical_flow__type_support.c\n'}
[6.210559] (px4_msgs) StdoutLine: {'line': b'-- Up-to-date: /home/subhalaxmi/nidar_ws/install/px4_msgs/include/px4_msgs/px4_msgs/msg/detail/satellite_info__type_support.c\n'}
[6.210767] (px4_msgs) StdoutLine: {'line': b'-- Up-to-date: /home/subhalaxmi/nidar_ws/install/px4_msgs/include/px4_msgs/px4_msgs/msg/detail/manual_control_switches__rosidl_typesupport_introspection_c.h\n'}
[6.210946] (px4_msgs) StdoutLine: {'line': b'-- Up-to-date: /home/subhalaxmi/nidar_ws/install/px4_msgs/include/px4_msgs/px4_msgs/msg/detail/sensor_gyro_fft__rosidl_typesupport_introspection_c.h\n'}
[6.211135] (px4_msgs) StdoutLine: {'line': b'-- Up-to-date: /home/subhalaxmi/nidar_ws/install/px4_msgs/include/px4_msgs/px4_msgs/msg/detail/actuator_outputs__rosidl_typesupport_introspection_c.h\n'}
[6.211346] (px4_msgs) StdoutLine: {'line': b'-- Up-to-date: /home/subhalaxmi/nidar_ws/install/px4_msgs/include/px4_msgs/px4_msgs/msg/detail/vehicle_global_position__type_support.c\n'}
[6.211528] (px4_msgs) StdoutLine: {'line': b'-- Up-to-date: /home/subhalaxmi/nidar_ws/install/px4_msgs/include/px4_msgs/px4_msgs/msg/detail/orb_test__type_support.c\n'}
[6.211702] (px4_msgs) StdoutLine: {'line': b'-- Up-to-date: /home/subhalaxmi/nidar_ws/install/px4_msgs/include/px4_msgs/px4_msgs/msg/detail/sensor_gnss_relative__rosidl_typesupport_introspection_c.h\n'}
[6.211878] (px4_msgs) StdoutLine: {'line': b'-- Up-to-date: /home/subhalaxmi/nidar_ws/install/px4_msgs/include/px4_msgs/px4_msgs/msg/detail/gpio_out__type_support.c\n'}
[6.212078] (px4_msgs) StdoutLine: {'line': b'-- Up-to-date: /home/subhalaxmi/nidar_ws/install/px4_msgs/include/px4_msgs/px4_msgs/msg/detail/aux_global_position__rosidl_typesupport_introspection_c.h\n'}
[6.212416] (px4_msgs) StdoutLine: {'line': b'-- Up-to-date: /home/subhalaxmi/nidar_ws/install/px4_msgs/include/px4_msgs/px4_msgs/msg/detail/actuator_outputs__type_support.c\n'}
[6.212619] (px4_msgs) StdoutLine: {'line': b'-- Up-to-date: /home/subhalaxmi/nidar_ws/install/px4_msgs/include/px4_msgs/px4_msgs/msg/detail/estimator_aid_source1d__rosidl_typesupport_introspection_c.h\n'}
[6.212806] (px4_msgs) StdoutLine: {'line': b'-- Up-to-date: /home/subhalaxmi/nidar_ws/install/px4_msgs/include/px4_msgs/px4_msgs/msg/detail/gpio_config__type_support.c\n'}
[6.213171] (px4_msgs) StdoutLine: {'line': b'-- Up-to-date: /home/subhalaxmi/nidar_ws/install/px4_msgs/include/px4_msgs/px4_msgs/msg/detail/debug_value__rosidl_typesupport_introspection_c.h\n'}
[6.213392] (px4_msgs) StdoutLine: {'line': b'-- Up-to-date: /home/subhalaxmi/nidar_ws/install/px4_msgs/include/px4_msgs/px4_msgs/msg/detail/vehicle_local_position_setpoint__rosidl_typesupport_introspection_c.h\n'}
[6.213593] (px4_msgs) StdoutLine: {'line': b'-- Up-to-date: /home/subhalaxmi/nidar_ws/install/px4_msgs/include/px4_msgs/px4_msgs/msg/detail/differential_pressure__type_support.c\n'}
[6.213773] (px4_msgs) StdoutLine: {'line': b'-- Up-to-date: /home/subhalaxmi/nidar_ws/install/px4_msgs/include/px4_msgs/px4_msgs/msg/detail/estimator_selector_status__rosidl_typesupport_introspection_c.h\n'}
[6.213950] (px4_msgs) StdoutLine: {'line': b'-- Up-to-date: /home/subhalaxmi/nidar_ws/install/px4_msgs/include/px4_msgs/px4_msgs/msg/detail/gpio_config__rosidl_typesupport_introspection_c.h\n'}
[6.214108] (px4_msgs) StdoutLine: {'line': b'-- Up-to-date: /home/subhalaxmi/nidar_ws/install/px4_msgs/include/px4_msgs/px4_msgs/msg/detail/estimator_states__type_support.c\n'}
[6.214312] (px4_msgs) StdoutLine: {'line': b'-- Up-to-date: /home/subhalaxmi/nidar_ws/install/px4_msgs/include/px4_msgs/px4_msgs/msg/detail/estimator_gps_status__rosidl_typesupport_introspection_c.h\n'}
[6.214519] (px4_msgs) StdoutLine: {'line': b'-- Up-to-date: /home/subhalaxmi/nidar_ws/install/px4_msgs/include/px4_msgs/px4_msgs/msg/detail/gimbal_manager_set_attitude__rosidl_typesupport_introspection_c.h\n'}
[6.214715] (px4_msgs) StdoutLine: {'line': b'-- Up-to-date: /home/subhalaxmi/nidar_ws/install/px4_msgs/include/px4_msgs/px4_msgs/msg/detail/navigator_mission_item__rosidl_typesupport_introspection_c.h\n'}
[6.214908] (px4_msgs) StdoutLine: {'line': b'-- Up-to-date: /home/subhalaxmi/nidar_ws/install/px4_msgs/include/px4_msgs/px4_msgs/msg/detail/estimator_status_flags__type_support.c\n'}
[6.215105] (px4_msgs) StdoutLine: {'line': b'-- Up-to-date: /home/subhalaxmi/nidar_ws/install/px4_msgs/include/px4_msgs/px4_msgs/msg/detail/debug_array__rosidl_typesupport_introspection_c.h\n'}
[6.215452] (px4_msgs) StdoutLine: {'line': b'-- Up-to-date: /home/subhalaxmi/nidar_ws/install/px4_msgs/include/px4_msgs/px4_msgs/msg/detail/mavlink_tunnel__rosidl_typesupport_introspection_c.h\n'}
[6.215642] (px4_msgs) StdoutLine: {'line': b'-- Up-to-date: /home/subhalaxmi/nidar_ws/install/px4_msgs/include/px4_msgs/px4_msgs/msg/detail/parameter_reset_request__rosidl_typesupport_introspection_c.h\n'}
[6.215815] (px4_msgs) StdoutLine: {'line': b'-- Up-to-date: /home/subhalaxmi/nidar_ws/install/px4_msgs/include/px4_msgs/px4_msgs/msg/detail/iridiumsbd_status__rosidl_typesupport_introspection_c.h\n'}
[6.215994] (px4_msgs) StdoutLine: {'line': b'-- Up-to-date: /home/subhalaxmi/nidar_ws/install/px4_msgs/include/px4_msgs/px4_msgs/msg/detail/follow_target__rosidl_typesupport_introspection_c.h\n'}
[6.216254] (px4_msgs) StdoutLine: {'line': b'-- Up-to-date: /home/subhalaxmi/nidar_ws/install/px4_msgs/include/px4_msgs/px4_msgs/msg/detail/pwm_input__rosidl_typesupport_introspection_c.h\n'}
[6.216438] (px4_msgs) StdoutLine: {'line': b'-- Up-to-date: /home/subhalaxmi/nidar_ws/install/px4_msgs/include/px4_msgs/px4_msgs/msg/detail/estimator_sensor_bias__type_support.c\n'}
[6.216671] (px4_msgs) StdoutLine: {'line': b'-- Up-to-date: /home/subhalaxmi/nidar_ws/install/px4_msgs/include/px4_msgs/px4_msgs/msg/detail/irlock_report__type_support.c\n'}
[6.216863] (px4_msgs) StdoutLine: {'line': b'-- Up-to-date: /home/subhalaxmi/nidar_ws/install/px4_msgs/include/px4_msgs/px4_msgs/msg/detail/figure_eight_status__type_support.c\n'}
[6.217030] (px4_msgs) StdoutLine: {'line': b'-- Up-to-date: /home/subhalaxmi/nidar_ws/install/px4_msgs/include/px4_msgs/px4_msgs/msg/detail/follow_target_estimator__rosidl_typesupport_introspection_c.h\n'}
[6.217249] (px4_msgs) StdoutLine: {'line': b'-- Up-to-date: /home/subhalaxmi/nidar_ws/install/px4_msgs/include/px4_msgs/px4_msgs/msg/detail/system_power__rosidl_typesupport_introspection_c.h\n'}
[6.217457] (px4_msgs) StdoutLine: {'line': b'-- Up-to-date: /home/subhalaxmi/nidar_ws/install/px4_msgs/include/px4_msgs/px4_msgs/msg/detail/estimator_aid_source3d__rosidl_typesupport_introspection_c.h\n'}
[6.217649] (px4_msgs) StdoutLine: {'line': b'-- Up-to-date: /home/subhalaxmi/nidar_ws/install/px4_msgs/include/px4_msgs/px4_msgs/msg/detail/position_controller_landing_status__rosidl_typesupport_introspection_c.h\n'}
[6.217836] (px4_msgs) StdoutLine: {'line': b'-- Up-to-date: /home/subhalaxmi/nidar_ws/install/px4_msgs/include/px4_msgs/px4_msgs/msg/detail/led_control__type_support.c\n'}
[6.218103] (px4_msgs) StdoutLine: {'line': b'-- Up-to-date: /home/subhalaxmi/nidar_ws/install/px4_msgs/include/px4_msgs/px4_msgs/msg/detail/mode_completed__rosidl_typesupport_introspection_c.h\n'}
[6.218383] (px4_msgs) StdoutLine: {'line': b'-- Up-to-date: /home/subhalaxmi/nidar_ws/install/px4_msgs/include/px4_msgs/px4_msgs/msg/detail/obstacle_distance__rosidl_typesupport_introspection_c.h\n'}
[6.218578] (px4_msgs) StdoutLine: {'line': b'-- Up-to-date: /home/subhalaxmi/nidar_ws/install/px4_msgs/include/px4_msgs/px4_msgs/msg/detail/estimator_bias3d__type_support.c\n'}
[6.218757] (px4_msgs) StdoutLine: {'line': b'-- Up-to-date: /home/subhalaxmi/nidar_ws/install/px4_msgs/include/px4_msgs/px4_msgs/msg/detail/log_message__rosidl_typesupport_introspection_c.h\n'}
[6.218933] (px4_msgs) StdoutLine: {'line': b'-- Up-to-date: /home/subhalaxmi/nidar_ws/install/px4_msgs/include/px4_msgs/px4_msgs/msg/detail/heater_status__type_support.c\n'}
[6.219107] (px4_msgs) StdoutLine: {'line': b'-- Up-to-date: /home/subhalaxmi/nidar_ws/install/px4_msgs/include/px4_msgs/px4_msgs/msg/detail/magnetometer_bias_estimate__type_support.c\n'}
[6.219327] (px4_msgs) StdoutLine: {'line': b'-- Up-to-date: /home/subhalaxmi/nidar_ws/install/px4_msgs/include/px4_msgs/px4_msgs/msg/detail/parameter_reset_request__type_support.c\n'}
[6.219510] (px4_msgs) StdoutLine: {'line': b'-- Up-to-date: /home/subhalaxmi/nidar_ws/install/px4_msgs/include/px4_msgs/px4_msgs/msg/detail/camera_status__rosidl_typesupport_introspection_c.h\n'}
[6.219695] (px4_msgs) StdoutLine: {'line': b'-- Up-to-date: /home/subhalaxmi/nidar_ws/install/px4_msgs/include/px4_msgs/px4_msgs/msg/detail/navigator_status__type_support.c\n'}
[6.219872] (px4_msgs) StdoutLine: {'line': b'-- Up-to-date: /home/subhalaxmi/nidar_ws/install/px4_msgs/include/px4_msgs/px4_msgs/msg/detail/position_controller_landing_status__type_support.c\n'}
[6.220048] (px4_msgs) StdoutLine: {'line': b'-- Up-to-date: /home/subhalaxmi/nidar_ws/install/px4_msgs/include/px4_msgs/px4_msgs/msg/detail/logger_status__rosidl_typesupport_introspection_c.h\n'}
[6.220265] (px4_msgs) StdoutLine: {'line': b'-- Up-to-date: /home/subhalaxmi/nidar_ws/install/px4_msgs/include/px4_msgs/px4_msgs/msg/detail/gain_compression__type_support.c\n'}
[6.220445] (px4_msgs) StdoutLine: {'line': b'-- Up-to-date: /home/subhalaxmi/nidar_ws/install/px4_msgs/include/px4_msgs/px4_msgs/msg/detail/button_event__rosidl_typesupport_introspection_c.h\n'}
[6.220620] (px4_msgs) StdoutLine: {'line': b'-- Up-to-date: /home/subhalaxmi/nidar_ws/install/px4_msgs/include/px4_msgs/px4_msgs/msg/detail/home_position__type_support.c\n'}
[6.220793] (px4_msgs) StdoutLine: {'line': b'-- Up-to-date: /home/subhalaxmi/nidar_ws/install/px4_msgs/include/px4_msgs/px4_msgs/msg/detail/arming_check_reply__rosidl_typesupport_introspection_c.h\n'}
[6.220937] (px4_msgs) StdoutLine: {'line': b'-- Up-to-date: /home/subhalaxmi/nidar_ws/install/px4_msgs/include/px4_msgs/px4_msgs/msg/detail/task_stack_info__type_support.c\n'}
[6.221053] (px4_msgs) StdoutLine: {'line': b'-- Up-to-date: /home/subhalaxmi/nidar_ws/install/px4_msgs/include/px4_msgs/px4_msgs/msg/detail/goto_setpoint__type_support.c\n'}
[6.221192] (px4_msgs) StdoutLine: {'line': b'-- Up-to-date: /home/subhalaxmi/nidar_ws/install/px4_msgs/include/px4_msgs/px4_msgs/msg/detail/message_format_request__rosidl_typesupport_introspection_c.h\n'}
[6.221398] (px4_msgs) StdoutLine: {'line': b'-- Up-to-date: /home/subhalaxmi/nidar_ws/install/px4_msgs/include/px4_msgs/px4_msgs/msg/detail/vehicle_angular_velocity__type_support.c\n'}
[6.221504] (px4_msgs) StdoutLine: {'line': b'-- Up-to-date: /home/subhalaxmi/nidar_ws/install/px4_msgs/include/px4_msgs/px4_msgs/msg/detail/raptor_input__rosidl_typesupport_introspection_c.h\n'}
[6.221603] (px4_msgs) StdoutLine: {'line': b'-- Up-to-date: /home/subhalaxmi/nidar_ws/install/px4_msgs/include/px4_msgs/px4_msgs/msg/detail/estimator_status__rosidl_typesupport_introspection_c.h\n'}
[6.221700] (px4_msgs) StdoutLine: {'line': b'-- Up-to-date: /home/subhalaxmi/nidar_ws/install/px4_msgs/include/px4_msgs/px4_msgs/msg/detail/manual_control_setpoint__rosidl_typesupport_introspection_c.h\n'}
[6.221800] (px4_msgs) StdoutLine: {'line': b'-- Up-to-date: /home/subhalaxmi/nidar_ws/install/px4_msgs/include/px4_msgs/px4_msgs/msg/detail/mavlink_log__rosidl_typesupport_introspection_c.h\n'}
[6.221895] (-) TimerEvent: {}
[6.222140] (px4_msgs) StdoutLine: {'line': b'-- Up-to-date: /home/subhalaxmi/nidar_ws/install/px4_msgs/include/px4_msgs/px4_msgs/msg/detail/rtl_status__type_support.c\n'}
[6.222292] (px4_msgs) StdoutLine: {'line': b'-- Up-to-date: /home/subhalaxmi/nidar_ws/install/px4_msgs/include/px4_msgs/px4_msgs/msg/detail/follow_target_estimator__type_support.c\n'}
[6.222395] (px4_msgs) StdoutLine: {'line': b'-- Up-to-date: /home/subhalaxmi/nidar_ws/install/px4_msgs/include/px4_msgs/px4_msgs/msg/detail/vehicle_attitude_setpoint__rosidl_typesupport_introspection_c.h\n'}
[6.222493] (px4_msgs) StdoutLine: {'line': b'-- Up-to-date: /home/subhalaxmi/nidar_ws/install/px4_msgs/include/px4_msgs/px4_msgs/msg/detail/fixed_wing_lateral_setpoint__type_support.c\n'}
[6.222592] (px4_msgs) StdoutLine: {'line': b'-- Up-to-date: /home/subhalaxmi/nidar_ws/install/px4_msgs/include/px4_msgs/px4_msgs/msg/detail/sensor_gyro_fifo__rosidl_typesupport_introspection_c.h\n'}
[6.222690] (px4_msgs) StdoutLine: {'line': b'-- Up-to-date: /home/subhalaxmi/nidar_ws/install/px4_msgs/include/px4_msgs/px4_msgs/msg/detail/sensor_combined__type_support.c\n'}
[6.222809] (px4_msgs) StdoutLine: {'line': b'-- Up-to-date: /home/subhalaxmi/nidar_ws/install/px4_msgs/include/px4_msgs/px4_msgs/msg/detail/vtx__rosidl_typesupport_introspection_c.h\n'}
[6.222951] (px4_msgs) StdoutLine: {'line': b'-- Up-to-date: /home/subhalaxmi/nidar_ws/install/px4_msgs/include/px4_msgs/px4_msgs/msg/detail/sensor_preflight_mag__rosidl_typesupport_introspection_c.h\n'}
[6.223094] (px4_msgs) StdoutLine: {'line': b'-- Up-to-date: /home/subhalaxmi/nidar_ws/install/px4_msgs/include/px4_msgs/px4_msgs/msg/detail/mode_completed__type_support.c\n'}
[6.223290] (px4_msgs) StdoutLine: {'line': b'-- Up-to-date: /home/subhalaxmi/nidar_ws/install/px4_msgs/include/px4_msgs/px4_msgs/msg/detail/sensor_optical_flow__type_support.c\n'}
[6.223395] (px4_msgs) StdoutLine: {'line': b'-- Up-to-date: /home/subhalaxmi/nidar_ws/install/px4_msgs/include/px4_msgs/px4_msgs/msg/detail/gripper__rosidl_typesupport_introspection_c.h\n'}
[6.223494] (px4_msgs) StdoutLine: {'line': b'-- Up-to-date: /home/subhalaxmi/nidar_ws/install/px4_msgs/include/px4_msgs/px4_msgs/msg/detail/figure_eight_status__rosidl_typesupport_introspection_c.h\n'}
[6.223592] (px4_msgs) StdoutLine: {'line': b'-- Up-to-date: /home/subhalaxmi/nidar_ws/install/px4_msgs/include/px4_msgs/px4_msgs/msg/detail/sensor_airflow__type_support.c\n'}
[6.223689] (px4_msgs) StdoutLine: {'line': b'-- Up-to-date: /home/subhalaxmi/nidar_ws/install/px4_msgs/include/px4_msgs/px4_msgs/msg/detail/tune_control__rosidl_typesupport_introspection_c.h\n'}
[6.223795] (px4_msgs) StdoutLine: {'line': b'-- Up-to-date: /home/subhalaxmi/nidar_ws/install/px4_msgs/include/px4_msgs/px4_msgs/msg/detail/fixed_wing_lateral_guidance_status__rosidl_typesupport_introspection_c.h\n'}
[6.223893] (px4_msgs) StdoutLine: {'line': b'-- Up-to-date: /home/subhalaxmi/nidar_ws/install/px4_msgs/include/px4_msgs/px4_msgs/msg/detail/position_setpoint_triplet__rosidl_typesupport_introspection_c.h\n'}
[6.223991] (px4_msgs) StdoutLine: {'line': b'-- Up-to-date: /home/subhalaxmi/nidar_ws/install/px4_msgs/include/px4_msgs/px4_msgs/msg/detail/estimator_innovations__type_support.c\n'}
[6.224089] (px4_msgs) StdoutLine: {'line': b'-- Up-to-date: /home/subhalaxmi/nidar_ws/install/px4_msgs/include/px4_msgs/px4_msgs/msg/detail/rc_parameter_map__rosidl_typesupport_introspection_c.h\n'}
[6.224223] (px4_msgs) StdoutLine: {'line': b'-- Up-to-date: /home/subhalaxmi/nidar_ws/install/px4_msgs/include/px4_msgs/px4_msgs/msg/detail/vtx__type_support.c\n'}
[6.224332] (px4_msgs) StdoutLine: {'line': b'-- Up-to-date: /home/subhalaxmi/nidar_ws/install/px4_msgs/include/px4_msgs/px4_msgs/msg/detail/parameter_set_value_request__type_support.c\n'}
[6.224485] (px4_msgs) StdoutLine: {'line': b'-- Up-to-date: /home/subhalaxmi/nidar_ws/install/px4_msgs/include/px4_msgs/px4_msgs/msg/detail/control_allocator_status__rosidl_typesupport_introspection_c.h\n'}
[6.224623] (px4_msgs) StdoutLine: {'line': b'-- Up-to-date: /home/subhalaxmi/nidar_ws/install/px4_msgs/include/px4_msgs/px4_msgs/msg/detail/actuator_armed__type_support.c\n'}
[6.224757] (px4_msgs) StdoutLine: {'line': b'-- Up-to-date: /home/subhalaxmi/nidar_ws/install/px4_msgs/include/px4_msgs/px4_msgs/msg/detail/heater_status__rosidl_typesupport_introspection_c.h\n'}
[6.224893] (px4_msgs) StdoutLine: {'line': b'-- Up-to-date: /home/subhalaxmi/nidar_ws/install/px4_msgs/include/px4_msgs/px4_msgs/msg/detail/gain_compression__rosidl_typesupport_introspection_c.h\n'}
[6.225030] (px4_msgs) StdoutLine: {'line': b'-- Up-to-date: /home/subhalaxmi/nidar_ws/install/px4_msgs/include/px4_msgs/px4_msgs/msg/detail/arming_check_reply__type_support.c\n'}
[6.225234] (px4_msgs) StdoutLine: {'line': b'-- Up-to-date: /home/subhalaxmi/nidar_ws/install/px4_msgs/include/px4_msgs/px4_msgs/msg/detail/rover_attitude_setpoint__rosidl_typesupport_introspection_c.h\n'}
[6.225400] (px4_msgs) StdoutLine: {'line': b'-- Up-to-date: /home/subhalaxmi/nidar_ws/install/px4_msgs/include/px4_msgs/px4_msgs/msg/detail/vehicle_control_mode__type_support.c\n'}
[6.225503] (px4_msgs) StdoutLine: {'line': b'-- Up-to-date: /home/subhalaxmi/nidar_ws/install/px4_msgs/include/px4_msgs/px4_msgs/msg/detail/autotune_attitude_control_status__rosidl_typesupport_introspection_c.h\n'}
[6.225602] (px4_msgs) StdoutLine: {'line': b'-- Up-to-date: /home/subhalaxmi/nidar_ws/install/px4_msgs/include/px4_msgs/px4_msgs/msg/detail/gimbal_manager_set_manual_control__rosidl_typesupport_introspection_c.h\n'}
[6.225699] (px4_msgs) StdoutLine: {'line': b'-- Up-to-date: /home/subhalaxmi/nidar_ws/install/px4_msgs/include/px4_msgs/px4_msgs/msg/detail/uavcan_parameter_value__type_support.c\n'}
[6.225795] (px4_msgs) StdoutLine: {'line': b'-- Up-to-date: /home/subhalaxmi/nidar_ws/install/px4_msgs/include/px4_msgs/px4_msgs/msg/detail/velocity_limits__rosidl_typesupport_introspection_c.h\n'}
[6.225891] (px4_msgs) StdoutLine: {'line': b'-- Up-to-date: /home/subhalaxmi/nidar_ws/install/px4_msgs/include/px4_msgs/px4_msgs/msg/detail/estimator_innovations__rosidl_typesupport_introspection_c.h\n'}
[6.225988] (px4_msgs) StdoutLine: {'line': b'-- Up-to-date: /home/subhalaxmi/nidar_ws/install/px4_msgs/include/px4_msgs/px4_msgs/msg/detail/rover_steering_setpoint__rosidl_typesupport_introspection_c.h\n'}
[6.226097] (px4_msgs) StdoutLine: {'line': b'-- Up-to-date: /home/subhalaxmi/nidar_ws/install/px4_msgs/include/px4_msgs/px4_msgs/msg/detail/longitudinal_control_configuration__type_support.c\n'}
[6.226226] (px4_msgs) StdoutLine: {'line': b'-- Up-to-date: /home/subhalaxmi/nidar_ws/install/px4_msgs/include/px4_msgs/px4_msgs/msg/detail/rc_parameter_map__type_support.c\n'}
[6.226344] (px4_msgs) StdoutLine: {'line': b'-- Up-to-date: /home/subhalaxmi/nidar_ws/install/px4_msgs/include/px4_msgs/px4_msgs/msg/detail/orb_test__rosidl_typesupport_introspection_c.h\n'}
[6.226443] (px4_msgs) StdoutLine: {'line': b'-- Up-to-date: /home/subhalaxmi/nidar_ws/install/px4_msgs/include/px4_msgs/px4_msgs/msg/detail/action_request__rosidl_typesupport_introspection_c.h\n'}
[6.226542] (px4_msgs) StdoutLine: {'line': b'-- Up-to-date: /home/subhalaxmi/nidar_ws/install/px4_msgs/include/px4_msgs/px4_msgs/msg/detail/parameter_set_used_request__type_support.c\n'}
[6.226640] (px4_msgs) StdoutLine: {'line': b'-- Up-to-date: /home/subhalaxmi/nidar_ws/install/px4_msgs/include/px4_msgs/px4_msgs/msg/detail/sensor_gnss_relative__type_support.c\n'}
[6.226814] (px4_msgs) StdoutLine: {'line': b'-- Up-to-date: /home/subhalaxmi/nidar_ws/install/px4_msgs/include/px4_msgs/px4_msgs/msg/detail/estimator_status_flags__rosidl_typesupport_introspection_c.h\n'}
[6.226917] (px4_msgs) StdoutLine: {'line': b'-- Up-to-date: /home/subhalaxmi/nidar_ws/install/px4_msgs/include/px4_msgs/px4_msgs/msg/detail/gimbal_device_information__rosidl_typesupport_introspection_c.h\n'}
[6.227014] (px4_msgs) StdoutLine: {'line': b'-- Up-to-date: /home/subhalaxmi/nidar_ws/install/px4_msgs/include/px4_msgs/px4_msgs/msg/detail/radio_status__type_support.c\n'}
[6.227110] (px4_msgs) StdoutLine: {'line': b'-- Up-to-date: /home/subhalaxmi/nidar_ws/install/px4_msgs/include/px4_msgs/px4_msgs/msg/detail/adc_report__type_support.c\n'}
[6.227238] (px4_msgs) StdoutLine: {'line': b'-- Up-to-date: /home/subhalaxmi/nidar_ws/install/px4_msgs/include/px4_msgs/px4_msgs/msg/detail/cpuload__rosidl_typesupport_introspection_c.h\n'}
[6.227335] (px4_msgs) StdoutLine: {'line': b'-- Up-to-date: /home/subhalaxmi/nidar_ws/install/px4_msgs/include/px4_msgs/px4_msgs/msg/detail/distance_sensor__type_support.c\n'}
[6.227431] (px4_msgs) StdoutLine: {'line': b'-- Up-to-date: /home/subhalaxmi/nidar_ws/install/px4_msgs/include/px4_msgs/px4_msgs/msg/detail/open_drone_id_arm_status__rosidl_typesupport_introspection_c.h\n'}
[6.227527] (px4_msgs) StdoutLine: {'line': b'-- Up-to-date: /home/subhalaxmi/nidar_ws/install/px4_msgs/include/px4_msgs/px4_msgs/msg/detail/orb_test_large__type_support.c\n'}
[6.227623] (px4_msgs) StdoutLine: {'line': b'-- Up-to-date: /home/subhalaxmi/nidar_ws/install/px4_msgs/include/px4_msgs/px4_msgs/msg/detail/landing_gear_wheel__rosidl_typesupport_introspection_c.h\n'}
[6.227771] (px4_msgs) StdoutLine: {'line': b'-- Up-to-date: /home/subhalaxmi/nidar_ws/install/px4_msgs/include/px4_msgs/px4_msgs/msg/detail/vehicle_angular_acceleration_setpoint__type_support.c\n'}
[6.227908] (px4_msgs) StdoutLine: {'line': b'-- Up-to-date: /home/subhalaxmi/nidar_ws/install/px4_msgs/include/px4_msgs/px4_msgs/msg/detail/control_allocator_status__type_support.c\n'}
[6.228043] (px4_msgs) StdoutLine: {'line': b'-- Up-to-date: /home/subhalaxmi/nidar_ws/install/px4_msgs/include/px4_msgs/px4_msgs/msg/detail/parameter_update__type_support.c\n'}
[6.228196] (px4_msgs) StdoutLine: {'line': b'-- Up-to-date: /home/subhalaxmi/nidar_ws/install/px4_msgs/include/px4_msgs/px4_msgs/msg/detail/fixed_wing_runway_control__rosidl_typesupport_introspection_c.h\n'}
[6.228302] (px4_msgs) StdoutLine: {'line': b'-- Up-to-date: /home/subhalaxmi/nidar_ws/install/px4_msgs/include/px4_msgs/px4_msgs/msg/detail/collision_constraints__type_support.c\n'}
[6.228400] (px4_msgs) StdoutLine: {'line': b'-- Up-to-date: /home/subhalaxmi/nidar_ws/install/px4_msgs/include/px4_msgs/px4_msgs/msg/detail/camera_capture__type_support.c\n'}
[6.228498] (px4_msgs) StdoutLine: {'line': b'-- Up-to-date: /home/subhalaxmi/nidar_ws/install/px4_msgs/include/px4_msgs/px4_msgs/msg/detail/rover_rate_setpoint__rosidl_typesupport_introspection_c.h\n'}
[6.228596] (px4_msgs) StdoutLine: {'line': b'-- Up-to-date: /home/subhalaxmi/nidar_ws/install/px4_msgs/include/px4_msgs/px4_msgs/msg/detail/pps_capture__rosidl_typesupport_introspection_c.h\n'}
[6.228694] (px4_msgs) StdoutLine: {'line': b'-- Up-to-date: /home/subhalaxmi/nidar_ws/install/px4_msgs/include/px4_msgs/px4_msgs/msg/detail/orbit_status__type_support.c\n'}
[6.228804] (px4_msgs) StdoutLine: {'line': b'-- Up-to-date: /home/subhalaxmi/nidar_ws/install/px4_msgs/include/px4_msgs/px4_msgs/msg/detail/camera_capture__rosidl_typesupport_introspection_c.h\n'}
[6.228904] (px4_msgs) StdoutLine: {'line': b'-- Up-to-date: /home/subhalaxmi/nidar_ws/install/px4_msgs/include/px4_msgs/px4_msgs/msg/detail/battery_status__rosidl_typesupport_introspection_c.h\n'}
[6.229004] (px4_msgs) StdoutLine: {'line': b'-- Up-to-date: /home/subhalaxmi/nidar_ws/install/px4_msgs/include/px4_msgs/px4_msgs/msg/detail/radio_status__rosidl_typesupport_introspection_c.h\n'}
[6.229110] (px4_msgs) StdoutLine: {'line': b'-- Up-to-date: /home/subhalaxmi/nidar_ws/install/px4_msgs/include/px4_msgs/px4_msgs/msg/detail/health_report__type_support.c\n'}
[6.229377] (px4_msgs) StdoutLine: {'line': b'-- Up-to-date: /home/subhalaxmi/nidar_ws/install/px4_msgs/include/px4_msgs/px4_msgs/msg/detail/esc_report__rosidl_typesupport_introspection_c.h\n'}
[6.229481] (px4_msgs) StdoutLine: {'line': b'-- Up-to-date: /home/subhalaxmi/nidar_ws/install/px4_msgs/include/px4_msgs/px4_msgs/msg/detail/airspeed_wind__rosidl_typesupport_introspection_c.h\n'}
[6.229579] (px4_msgs) StdoutLine: {'line': b'-- Up-to-date: /home/subhalaxmi/nidar_ws/install/px4_msgs/include/px4_msgs/px4_msgs/msg/detail/ulog_stream__rosidl_typesupport_introspection_c.h\n'}
[6.229696] (px4_msgs) StdoutLine: {'line': b'-- Up-to-date: /home/subhalaxmi/nidar_ws/install/px4_msgs/include/px4_msgs/px4_msgs/msg/detail/raptor_status__type_support.c\n'}
[6.229794] (px4_msgs) StdoutLine: {'line': b'-- Up-to-date: /home/subhalaxmi/nidar_ws/install/px4_msgs/include/px4_msgs/px4_msgs/msg/detail/vehicle_magnetometer__rosidl_typesupport_introspection_c.h\n'}
[6.229890] (px4_msgs) StdoutLine: {'line': b'-- Up-to-date: /home/subhalaxmi/nidar_ws/install/px4_msgs/include/px4_msgs/px4_msgs/msg/detail/rtl_time_estimate__type_support.c\n'}
[6.230001] (px4_msgs) StdoutLine: {'line': b'-- Up-to-date: /home/subhalaxmi/nidar_ws/install/px4_msgs/include/px4_msgs/px4_msgs/msg/detail/vehicle_roi__rosidl_typesupport_introspection_c.h\n'}
[6.230159] (px4_msgs) StdoutLine: {'line': b'-- Up-to-date: /home/subhalaxmi/nidar_ws/install/px4_msgs/include/px4_msgs/px4_msgs/msg/detail/launch_detection_status__type_support.c\n'}
[6.230328] (px4_msgs) StdoutLine: {'line': b'-- Up-to-date: /home/subhalaxmi/nidar_ws/install/px4_msgs/include/px4_msgs/px4_msgs/msg/detail/vtol_vehicle_status__type_support.c\n'}
[6.230427] (px4_msgs) StdoutLine: {'line': b'-- Up-to-date: /home/subhalaxmi/nidar_ws/install/px4_msgs/include/px4_msgs/px4_msgs/msg/detail/mission__rosidl_typesupport_introspection_c.h\n'}
[6.230524] (px4_msgs) StdoutLine: {'line': b'-- Up-to-date: /home/subhalaxmi/nidar_ws/install/px4_msgs/include/px4_msgs/px4_msgs/msg/detail/takeoff_status__rosidl_typesupport_introspection_c.h\n'}
[6.230620] (px4_msgs) StdoutLine: {'line': b'-- Up-to-date: /home/subhalaxmi/nidar_ws/install/px4_msgs/include/px4_msgs/px4_msgs/msg/detail/mavlink_tunnel__type_support.c\n'}
[6.230716] (px4_msgs) StdoutLine: {'line': b'-- Up-to-date: /home/subhalaxmi/nidar_ws/install/px4_msgs/include/px4_msgs/px4_msgs/msg/detail/estimator_bias__rosidl_typesupport_introspection_c.h\n'}
[6.230814] (px4_msgs) StdoutLine: {'line': b'-- Up-to-date: /home/subhalaxmi/nidar_ws/install/px4_msgs/include/px4_msgs/px4_msgs/msg/detail/position_setpoint__rosidl_typesupport_introspection_c.h\n'}
[6.230913] (px4_msgs) StdoutLine: {'line': b'-- Up-to-date: /home/subhalaxmi/nidar_ws/install/px4_msgs/include/px4_msgs/px4_msgs/msg/detail/sensor_accel__type_support.c\n'}
[6.231010] (px4_msgs) StdoutLine: {'line': b'-- Up-to-date: /home/subhalaxmi/nidar_ws/install/px4_msgs/include/px4_msgs/px4_msgs/msg/detail/vehicle_local_position_setpoint__type_support.c\n'}
[6.231107] (px4_msgs) StdoutLine: {'line': b'-- Up-to-date: /home/subhalaxmi/nidar_ws/install/px4_msgs/include/px4_msgs/px4_msgs/msg/detail/battery_status__type_support.c\n'}
[6.231232] (px4_msgs) StdoutLine: {'line': b'-- Up-to-date: /home/subhalaxmi/nidar_ws/install/px4_msgs/include/px4_msgs/px4_msgs/msg/detail/mag_worker_data__type_support.c\n'}
[6.231350] (px4_msgs) StdoutLine: {'line': b'-- Up-to-date: /home/subhalaxmi/nidar_ws/install/px4_msgs/include/px4_msgs/px4_msgs/msg/detail/gimbal_manager_information__type_support.c\n'}
[6.231503] (px4_msgs) StdoutLine: {'line': b'-- Up-to-date: /home/subhalaxmi/nidar_ws/install/px4_msgs/include/px4_msgs/px4_msgs/msg/detail/telemetry_status__rosidl_typesupport_introspection_c.h\n'}
[6.231644] (px4_msgs) StdoutLine: {'line': b'-- Up-to-date: /home/subhalaxmi/nidar_ws/install/px4_msgs/include/px4_msgs/px4_msgs/msg/detail/mission_result__type_support.c\n'}
[6.231779] (px4_msgs) StdoutLine: {'line': b'-- Up-to-date: /home/subhalaxmi/nidar_ws/install/px4_msgs/include/px4_msgs/px4_msgs/msg/detail/follow_target__type_support.c\n'}
[6.231915] (px4_msgs) StdoutLine: {'line': b'-- Up-to-date: /home/subhalaxmi/nidar_ws/install/px4_msgs/include/px4_msgs/px4_msgs/msg/detail/actuator_test__rosidl_typesupport_introspection_c.h\n'}
[6.232050] (px4_msgs) StdoutLine: {'line': b'-- Up-to-date: /home/subhalaxmi/nidar_ws/install/px4_msgs/include/px4_msgs/px4_msgs/msg/detail/message_format_request__type_support.c\n'}
[6.232246] (px4_msgs) StdoutLine: {'line': b'-- Up-to-date: /home/subhalaxmi/nidar_ws/install/px4_msgs/include/px4_msgs/px4_msgs/msg/detail/rover_throttle_setpoint__rosidl_typesupport_introspection_c.h\n'}
[6.232381] (px4_msgs) StdoutLine: {'line': b'-- Up-to-date: /home/subhalaxmi/nidar_ws/install/px4_msgs/include/px4_msgs/px4_msgs/msg/detail/power_button_state__type_support.c\n'}
[6.232519] (px4_msgs) StdoutLine: {'line': b'-- Up-to-date: /home/subhalaxmi/nidar_ws/install/px4_msgs/include/px4_msgs/px4_msgs/msg/detail/failure_detector_status__type_support.c\n'}
[6.232654] (px4_msgs) StdoutLine: {'line': b'-- Up-to-date: /home/subhalaxmi/nidar_ws/install/px4_msgs/include/px4_msgs/px4_msgs/msg/detail/raptor_input__type_support.c\n'}
[6.232832] (px4_msgs) StdoutLine: {'line': b'-- Up-to-date: /home/subhalaxmi/nidar_ws/install/px4_msgs/include/px4_msgs/px4_msgs/msg/detail/open_drone_id_operator_id__rosidl_typesupport_introspection_c.h\n'}
[6.232936] (px4_msgs) StdoutLine: {'line': b'-- Up-to-date: /home/subhalaxmi/nidar_ws/install/px4_msgs/include/px4_msgs/px4_msgs/msg/detail/estimator_event_flags__rosidl_typesupport_introspection_c.h\n'}
[6.233034] (px4_msgs) StdoutLine: {'line': b'-- Up-to-date: /home/subhalaxmi/nidar_ws/install/px4_msgs/include/px4_msgs/px4_msgs/msg/detail/rover_attitude_status__rosidl_typesupport_introspection_c.h\n'}
[6.233144] (px4_msgs) StdoutLine: {'line': b'-- Up-to-date: /home/subhalaxmi/nidar_ws/install/px4_msgs/include/px4_msgs/px4_msgs/msg/detail/trajectory_setpoint__type_support.c\n'}
[6.233256] (px4_msgs) StdoutLine: {'line': b'-- Up-to-date: /home/subhalaxmi/nidar_ws/install/px4_msgs/include/px4_msgs/px4_msgs/msg/detail/landing_target_pose__type_support.c\n'}
[6.233367] (px4_msgs) StdoutLine: {'line': b'-- Up-to-date: /home/subhalaxmi/nidar_ws/install/px4_msgs/include/px4_msgs/px4_msgs/msg/detail/rpm__type_support.c\n'}
[6.233466] (px4_msgs) StdoutLine: {'line': b'-- Up-to-date: /home/subhalaxmi/nidar_ws/install/px4_msgs/include/px4_msgs/px4_msgs/msg/detail/distance_sensor__rosidl_typesupport_introspection_c.h\n'}
[6.233562] (px4_msgs) StdoutLine: {'line': b'-- Up-to-date: /home/subhalaxmi/nidar_ws/install/px4_msgs/include/px4_msgs/px4_msgs/msg/detail/sensor_mag__type_support.c\n'}
[6.233660] (px4_msgs) StdoutLine: {'line': b'-- Up-to-date: /home/subhalaxmi/nidar_ws/install/px4_msgs/include/px4_msgs/px4_msgs/msg/detail/gpio_out__rosidl_typesupport_introspection_c.h\n'}
[6.233810] (px4_msgs) StdoutLine: {'line': b'-- Up-to-date: /home/subhalaxmi/nidar_ws/install/px4_msgs/include/px4_msgs/px4_msgs/msg/detail/sensor_preflight_mag__type_support.c\n'}
[6.233951] (px4_msgs) StdoutLine: {'line': b'-- Up-to-date: /home/subhalaxmi/nidar_ws/install/px4_msgs/include/px4_msgs/px4_msgs/msg/detail/uavcan_parameter_request__rosidl_typesupport_introspection_c.h\n'}
[6.234088] (px4_msgs) StdoutLine: {'line': b'-- Up-to-date: /home/subhalaxmi/nidar_ws/install/px4_msgs/include/px4_msgs/px4_msgs/msg/detail/landing_gear__rosidl_typesupport_introspection_c.h\n'}
[6.234278] (px4_msgs) StdoutLine: {'line': b'-- Up-to-date: /home/subhalaxmi/nidar_ws/install/px4_msgs/include/px4_msgs/px4_msgs/msg/detail/sensor_gyro__rosidl_typesupport_introspection_c.h\n'}
[6.234434] (px4_msgs) StdoutLine: {'line': b'-- Up-to-date: /home/subhalaxmi/nidar_ws/install/px4_msgs/include/px4_msgs/px4_msgs/msg/detail/actuator_motors__type_support.c\n'}
[6.234583] (px4_msgs) StdoutLine: {'line': b'-- Up-to-date: /home/subhalaxmi/nidar_ws/install/px4_msgs/include/px4_msgs/px4_msgs/msg/detail/vehicle_acceleration__rosidl_typesupport_introspection_c.h\n'}
[6.234700] (px4_msgs) StdoutLine: {'line': b'-- Up-to-date: /home/subhalaxmi/nidar_ws/install/px4_msgs/include/px4_msgs/px4_msgs/msg/detail/debug_key_value__type_support.c\n'}
[6.234842] (px4_msgs) StdoutLine: {'line': b'-- Up-to-date: /home/subhalaxmi/nidar_ws/install/px4_msgs/include/px4_msgs/px4_msgs/msg/detail/can_interface_status__rosidl_typesupport_introspection_c.h\n'}
[6.234981] (px4_msgs) StdoutLine: {'line': b'-- Up-to-date: /home/subhalaxmi/nidar_ws/install/px4_msgs/include/px4_msgs/px4_msgs/msg/detail/gimbal_device_set_attitude__rosidl_typesupport_introspection_c.h\n'}
[6.235136] (px4_msgs) StdoutLine: {'line': b'-- Up-to-date: /home/subhalaxmi/nidar_ws/install/px4_msgs/include/px4_msgs/px4_msgs/msg/detail/sensor_hygrometer__rosidl_typesupport_introspection_c.h\n'}
[6.235308] (px4_msgs) StdoutLine: {'line': b'-- Up-to-date: /home/subhalaxmi/nidar_ws/install/px4_msgs/include/px4_msgs/px4_msgs/msg/detail/hover_thrust_estimate__type_support.c\n'}
[6.235408] (px4_msgs) StdoutLine: {'line': b'-- Up-to-date: /home/subhalaxmi/nidar_ws/install/px4_msgs/include/px4_msgs/px4_msgs/msg/detail/rpm__rosidl_typesupport_introspection_c.h\n'}
[6.235505] (px4_msgs) StdoutLine: {'line': b'-- Up-to-date: /home/subhalaxmi/nidar_ws/install/px4_msgs/include/px4_msgs/px4_msgs/msg/detail/logger_status__type_support.c\n'}
[6.235602] (px4_msgs) StdoutLine: {'line': b'-- Up-to-date: /home/subhalaxmi/nidar_ws/install/px4_msgs/include/px4_msgs/px4_msgs/msg/detail/estimator_aid_source2d__type_support.c\n'}
[6.235698] (px4_msgs) StdoutLine: {'line': b'-- Up-to-date: /home/subhalaxmi/nidar_ws/install/px4_msgs/include/px4_msgs/px4_msgs/msg/detail/rover_attitude_setpoint__type_support.c\n'}
[6.235832] (px4_msgs) StdoutLine: {'line': b'-- Up-to-date: /home/subhalaxmi/nidar_ws/install/px4_msgs/include/px4_msgs/px4_msgs/msg/detail/vehicle_local_position__rosidl_typesupport_introspection_c.h\n'}
[6.236012] (px4_msgs) StdoutLine: {'line': b'-- Up-to-date: /home/subhalaxmi/nidar_ws/install/px4_msgs/include/px4_msgs/px4_msgs/msg/detail/parameter_update__rosidl_typesupport_introspection_c.h\n'}
[6.236244] (px4_msgs) StdoutLine: {'line': b'-- Up-to-date: /home/subhalaxmi/nidar_ws/install/px4_msgs/include/px4_msgs/px4_msgs/msg/detail/parameter_set_value_request__rosidl_typesupport_introspection_c.h\n'}
[6.236474] (px4_msgs) StdoutLine: {'line': b'-- Up-to-date: /home/subhalaxmi/nidar_ws/install/px4_msgs/include/px4_msgs/px4_msgs/msg/detail/health_report__rosidl_typesupport_introspection_c.h\n'}
[6.236664] (px4_msgs) StdoutLine: {'line': b'-- Up-to-date: /home/subhalaxmi/nidar_ws/install/px4_msgs/include/px4_msgs/px4_msgs/msg/detail/vehicle_command__type_support.c\n'}
[6.236850] (px4_msgs) StdoutLine: {'line': b'-- Up-to-date: /home/subhalaxmi/nidar_ws/install/px4_msgs/include/px4_msgs/px4_msgs/msg/detail/sensor_hygrometer__type_support.c\n'}
[6.237011] (px4_msgs) StdoutLine: {'line': b'-- Up-to-date: /home/subhalaxmi/nidar_ws/install/px4_msgs/include/px4_msgs/px4_msgs/msg/detail/orb_test_medium__rosidl_typesupport_introspection_c.h\n'}
[6.237251] (px4_msgs) StdoutLine: {'line': b'-- Up-to-date: /home/subhalaxmi/nidar_ws/install/px4_msgs/include/px4_msgs/px4_msgs/msg/detail/vehicle_command__rosidl_typesupport_introspection_c.h\n'}
[6.237371] (px4_msgs) StdoutLine: {'line': b'-- Up-to-date: /home/subhalaxmi/nidar_ws/install/px4_msgs/include/px4_msgs/px4_msgs/msg/detail/airspeed_validated__rosidl_typesupport_introspection_c.h\n'}
[6.237484] (px4_msgs) StdoutLine: {'line': b'-- Up-to-date: /home/subhalaxmi/nidar_ws/install/px4_msgs/include/px4_msgs/px4_msgs/msg/detail/vehicle_air_data__rosidl_typesupport_introspection_c.h\n'}
[6.237595] (px4_msgs) StdoutLine: {'line': b'-- Up-to-date: /home/subhalaxmi/nidar_ws/install/px4_msgs/include/px4_msgs/px4_msgs/msg/detail/tecs_status__rosidl_typesupport_introspection_c.h\n'}
[6.237694] (px4_msgs) StdoutLine: {'line': b'-- Up-to-date: /home/subhalaxmi/nidar_ws/install/px4_msgs/include/px4_msgs/px4_msgs/msg/detail/camera_trigger__type_support.c\n'}
[6.237791] (px4_msgs) StdoutLine: {'line': b'-- Up-to-date: /home/subhalaxmi/nidar_ws/install/px4_msgs/include/px4_msgs/px4_msgs/msg/detail/action_request__type_support.c\n'}
[6.237888] (px4_msgs) StdoutLine: {'line': b'-- Up-to-date: /home/subhalaxmi/nidar_ws/install/px4_msgs/include/px4_msgs/px4_msgs/msg/detail/message_format_response__type_support.c\n'}
[6.237986] (px4_msgs) StdoutLine: {'line': b'-- Up-to-date: /home/subhalaxmi/nidar_ws/install/px4_msgs/include/px4_msgs/px4_msgs/msg/detail/yaw_estimator_status__rosidl_typesupport_introspection_c.h\n'}
[6.238083] (px4_msgs) StdoutLine: {'line': b'-- Up-to-date: /home/subhalaxmi/nidar_ws/install/px4_msgs/include/px4_msgs/px4_msgs/msg/detail/sensor_baro__rosidl_typesupport_introspection_c.h\n'}
[6.238211] (px4_msgs) StdoutLine: {'line': b'-- Up-to-date: /home/subhalaxmi/nidar_ws/install/px4_msgs/include/px4_msgs/px4_msgs/msg/detail/aux_global_position__type_support.c\n'}
[6.238314] (px4_msgs) StdoutLine: {'line': b'-- Up-to-date: /home/subhalaxmi/nidar_ws/install/px4_msgs/include/px4_msgs/px4_msgs/msg/detail/parameter_set_used_request__rosidl_typesupport_introspection_c.h\n'}
[6.238413] (px4_msgs) StdoutLine: {'line': b'-- Up-to-date: /home/subhalaxmi/nidar_ws/install/px4_msgs/include/px4_msgs/px4_msgs/msg/detail/power_monitor__type_support.c\n'}
[6.238512] (px4_msgs) StdoutLine: {'line': b'-- Up-to-date: /home/subhalaxmi/nidar_ws/install/px4_msgs/include/px4_msgs/px4_msgs/msg/detail/vehicle_angular_acceleration_setpoint__rosidl_typesupport_introspection_c.h\n'}
[6.238629] (px4_msgs) StdoutLine: {'line': b'-- Up-to-date: /home/subhalaxmi/nidar_ws/install/px4_msgs/include/px4_msgs/px4_msgs/msg/detail/landing_gear__type_support.c\n'}
[6.238785] (px4_msgs) StdoutLine: {'line': b'-- Up-to-date: /home/subhalaxmi/nidar_ws/install/px4_msgs/include/px4_msgs/px4_msgs/msg/detail/fixed_wing_lateral_status__type_support.c\n'}
[6.238924] (px4_msgs) StdoutLine: {'line': b'-- Up-to-date: /home/subhalaxmi/nidar_ws/install/px4_msgs/include/px4_msgs/px4_msgs/msg/detail/dataman_request__type_support.c\n'}
[6.239061] (px4_msgs) StdoutLine: {'line': b'-- Up-to-date: /home/subhalaxmi/nidar_ws/install/px4_msgs/include/px4_msgs/px4_msgs/msg/detail/px4io_status__type_support.c\n'}
[6.239253] (px4_msgs) StdoutLine: {'line': b'-- Up-to-date: /home/subhalaxmi/nidar_ws/install/px4_msgs/include/px4_msgs/px4_msgs/msg/detail/sensor_gyro_fifo__type_support.c\n'}
[6.239358] (px4_msgs) StdoutLine: {'line': b'-- Up-to-date: /home/subhalaxmi/nidar_ws/install/px4_msgs/include/px4_msgs/px4_msgs/msg/detail/gimbal_device_attitude_status__rosidl_typesupport_introspection_c.h\n'}
[6.239455] (px4_msgs) StdoutLine: {'line': b'-- Up-to-date: /home/subhalaxmi/nidar_ws/install/px4_msgs/include/px4_msgs/px4_msgs/msg/detail/vehicle_optical_flow_vel__type_support.c\n'}
[6.239558] (px4_msgs) StdoutLine: {'line': b'-- Up-to-date: /home/subhalaxmi/nidar_ws/install/px4_msgs/include/px4_msgs/px4_msgs/msg/detail/ping__type_support.c\n'}
[6.239702] (px4_msgs) StdoutLine: {'line': b'-- Up-to-date: /home/subhalaxmi/nidar_ws/install/px4_msgs/include/px4_msgs/px4_msgs/msg/detail/pure_pursuit_status__type_support.c\n'}
[6.239839] (px4_msgs) StdoutLine: {'line': b'-- Up-to-date: /home/subhalaxmi/nidar_ws/install/px4_msgs/include/px4_msgs/px4_msgs/msg/detail/wheel_encoders__type_support.c\n'}
[6.239974] (px4_msgs) StdoutLine: {'line': b'-- Up-to-date: /home/subhalaxmi/nidar_ws/install/px4_msgs/include/px4_msgs/px4_msgs/msg/detail/can_interface_status__type_support.c\n'}
[6.240158] (px4_msgs) StdoutLine: {'line': b'-- Up-to-date: /home/subhalaxmi/nidar_ws/install/px4_msgs/include/px4_msgs/px4_msgs/msg/detail/vehicle_angular_velocity__rosidl_typesupport_introspection_c.h\n'}
[6.240276] (px4_msgs) StdoutLine: {'line': b'-- Up-to-date: /home/subhalaxmi/nidar_ws/install/px4_msgs/include/px4_msgs/px4_msgs/msg/detail/adc_report__rosidl_typesupport_introspection_c.h\n'}
[6.240374] (px4_msgs) StdoutLine: {'line': b'-- Up-to-date: /home/subhalaxmi/nidar_ws/install/px4_msgs/include/px4_msgs/px4_msgs/msg/detail/position_controller_status__type_support.c\n'}
[6.240472] (px4_msgs) StdoutLine: {'line': b'-- Up-to-date: /home/subhalaxmi/nidar_ws/install/px4_msgs/include/px4_msgs/px4_msgs/msg/detail/sensors_status__type_support.c\n'}
[6.240569] (px4_msgs) StdoutLine: {'line': b'-- Up-to-date: /home/subhalaxmi/nidar_ws/install/px4_msgs/include/px4_msgs/px4_msgs/msg/detail/qshell_req__type_support.c\n'}
[6.240666] (px4_msgs) StdoutLine: {'line': b'-- Up-to-date: /home/subhalaxmi/nidar_ws/install/px4_msgs/include/px4_msgs/px4_msgs/msg/detail/power_button_state__rosidl_typesupport_introspection_c.h\n'}
[6.240763] (px4_msgs) StdoutLine: {'line': b'-- Up-to-date: /home/subhalaxmi/nidar_ws/install/px4_msgs/include/px4_msgs/px4_msgs/msg/detail/normalized_unsigned_setpoint__rosidl_typesupport_introspection_c.h\n'}
[6.240860] (px4_msgs) StdoutLine: {'line': b'-- Up-to-date: /home/subhalaxmi/nidar_ws/install/px4_msgs/include/px4_msgs/px4_msgs/msg/detail/rover_rate_status__type_support.c\n'}
[6.241047] (px4_msgs) StdoutLine: {'line': b'-- Up-to-date: /home/subhalaxmi/nidar_ws/install/px4_msgs/include/px4_msgs/px4_msgs/msg/detail/fuel_tank_status__rosidl_typesupport_introspection_c.h\n'}
[6.241180] (px4_msgs) StdoutLine: {'line': b'-- Up-to-date: /home/subhalaxmi/nidar_ws/install/px4_msgs/include/px4_msgs/px4_msgs/msg/detail/battery_info__rosidl_typesupport_introspection_c.h\n'}
[6.241347] (px4_msgs) StdoutLine: {'line': b'-- Up-to-date: /home/subhalaxmi/nidar_ws/install/px4_msgs/include/px4_msgs/px4_msgs/msg/detail/airspeed__rosidl_typesupport_introspection_c.h\n'}
[6.241509] (px4_msgs) StdoutLine: {'line': b'-- Up-to-date: /home/subhalaxmi/nidar_ws/install/px4_msgs/include/px4_msgs/px4_msgs/msg/detail/ping__rosidl_typesupport_introspection_c.h\n'}
[6.241612] (px4_msgs) StdoutLine: {'line': b'-- Up-to-date: /home/subhalaxmi/nidar_ws/install/px4_msgs/include/px4_msgs/px4_msgs/msg/detail/sensor_gnss_status__type_support.c\n'}
[6.241711] (px4_msgs) StdoutLine: {'line': b'-- Up-to-date: /home/subhalaxmi/nidar_ws/install/px4_msgs/include/px4_msgs/px4_msgs/msg/detail/esc_status__type_support.c\n'}
[6.241810] (px4_msgs) StdoutLine: {'line': b'-- Up-to-date: /home/subhalaxmi/nidar_ws/install/px4_msgs/include/px4_msgs/px4_msgs/msg/detail/open_drone_id_system__rosidl_typesupport_introspection_c.h\n'}
[6.241909] (px4_msgs) StdoutLine: {'line': b'-- Up-to-date: /home/subhalaxmi/nidar_ws/install/px4_msgs/include/px4_msgs/px4_msgs/msg/detail/register_ext_component_request__type_support.c\n'}
[6.242007] (px4_msgs) StdoutLine: {'line': b'-- Up-to-date: /home/subhalaxmi/nidar_ws/install/px4_msgs/include/px4_msgs/px4_msgs/msg/detail/esc_status__rosidl_typesupport_introspection_c.h\n'}
[6.242138] (px4_msgs) StdoutLine: {'line': b'-- Up-to-date: /home/subhalaxmi/nidar_ws/install/px4_msgs/include/px4_msgs/px4_msgs/msg/detail/actuator_controls_status__rosidl_typesupport_introspection_c.h\n'}
[6.242322] (px4_msgs) StdoutLine: {'line': b'-- Up-to-date: /home/subhalaxmi/nidar_ws/install/px4_msgs/include/px4_msgs/px4_msgs/msg/detail/rtl_time_estimate__rosidl_typesupport_introspection_c.h\n'}
[6.242423] (px4_msgs) StdoutLine: {'line': b'-- Up-to-date: /home/subhalaxmi/nidar_ws/install/px4_msgs/include/px4_msgs/px4_msgs/msg/detail/orbit_status__rosidl_typesupport_introspection_c.h\n'}
[6.242522] (px4_msgs) StdoutLine: {'line': b'-- Up-to-date: /home/subhalaxmi/nidar_ws/install/px4_msgs/include/px4_msgs/px4_msgs/msg/detail/gripper__type_support.c\n'}
[6.242619] (px4_msgs) StdoutLine: {'line': b'-- Up-to-date: /home/subhalaxmi/nidar_ws/install/px4_msgs/include/px4_msgs/px4_msgs/msg/detail/rover_position_setpoint__type_support.c\n'}
[6.242729] (px4_msgs) StdoutLine: {'line': b'-- Up-to-date: /home/subhalaxmi/nidar_ws/install/px4_msgs/include/px4_msgs/px4_msgs/msg/detail/manual_control_setpoint__type_support.c\n'}
[6.242825] (px4_msgs) StdoutLine: {'line': b'-- Up-to-date: /home/subhalaxmi/nidar_ws/install/px4_msgs/include/px4_msgs/px4_msgs/msg/detail/takeoff_status__type_support.c\n'}
[6.242921] (px4_msgs) StdoutLine: {'line': b'-- Up-to-date: /home/subhalaxmi/nidar_ws/install/px4_msgs/include/px4_msgs/px4_msgs/msg/detail/vehicle_attitude__rosidl_typesupport_introspection_c.h\n'}
[6.243017] (px4_msgs) StdoutLine: {'line': b'-- Up-to-date: /home/subhalaxmi/nidar_ws/install/px4_msgs/include/px4_msgs/px4_msgs/msg/detail/qshell_retval__rosidl_typesupport_introspection_c.h\n'}
[6.243113] (px4_msgs) StdoutLine: {'line': b'-- Up-to-date: /home/subhalaxmi/nidar_ws/install/px4_msgs/include/px4_msgs/px4_msgs/msg/detail/tiltrotor_extra_controls__type_support.c\n'}
[6.243260] (px4_msgs) StdoutLine: {'line': b'-- Up-to-date: /home/subhalaxmi/nidar_ws/install/px4_msgs/include/px4_msgs/px4_msgs/msg/detail/estimator_sensor_bias__rosidl_typesupport_introspection_c.h\n'}
[6.243360] (px4_msgs) StdoutLine: {'line': b'-- Up-to-date: /home/subhalaxmi/nidar_ws/install/px4_msgs/include/px4_msgs/px4_msgs/msg/detail/dataman_request__rosidl_typesupport_introspection_c.h\n'}
[6.243458] (px4_msgs) StdoutLine: {'line': b'-- Up-to-date: /home/subhalaxmi/nidar_ws/install/px4_msgs/include/px4_msgs/px4_msgs/msg/detail/rover_speed_status__type_support.c\n'}
[6.243618] (px4_msgs) StdoutLine: {'line': b'-- Up-to-date: /home/subhalaxmi/nidar_ws/install/px4_msgs/include/px4_msgs/px4_msgs/msg/detail/unregister_ext_component__rosidl_typesupport_introspection_c.h\n'}
[6.243767] (px4_msgs) StdoutLine: {'line': b'-- Up-to-date: /home/subhalaxmi/nidar_ws/install/px4_msgs/include/px4_msgs/px4_msgs/msg/detail/navigator_mission_item__type_support.c\n'}
[6.243903] (px4_msgs) StdoutLine: {'line': b'-- Up-to-date: /home/subhalaxmi/nidar_ws/install/px4_msgs/include/px4_msgs/px4_msgs/msg/detail/cpuload__type_support.c\n'}
[6.244040] (px4_msgs) StdoutLine: {'line': b'-- Up-to-date: /home/subhalaxmi/nidar_ws/install/px4_msgs/include/px4_msgs/px4_msgs/msg/detail/arming_check_request__rosidl_typesupport_introspection_c.h\n'}
[6.244240] (px4_msgs) StdoutLine: {'line': b'-- Up-to-date: /home/subhalaxmi/nidar_ws/install/px4_msgs/include/px4_msgs/px4_msgs/msg/detail/estimator_selector_status__type_support.c\n'}
[6.244350] (px4_msgs) StdoutLine: {'line': b'-- Up-to-date: /home/subhalaxmi/nidar_ws/install/px4_msgs/include/px4_msgs/px4_msgs/msg/detail/flight_phase_estimation__type_support.c\n'}
[6.244456] (px4_msgs) StdoutLine: {'line': b'-- Up-to-date: /home/subhalaxmi/nidar_ws/install/px4_msgs/include/px4_msgs/px4_msgs/msg/detail/yaw_estimator_status__type_support.c\n'}
[6.244598] (px4_msgs) StdoutLine: {'line': b'-- Up-to-date: /home/subhalaxmi/nidar_ws/install/px4_msgs/include/px4_msgs/px4_msgs/msg/detail/vehicle_constraints__rosidl_typesupport_introspection_c.h\n'}
[6.244772] (px4_msgs) StdoutLine: {'line': b'-- Up-to-date: /home/subhalaxmi/nidar_ws/install/px4_msgs/include/px4_msgs/px4_msgs/msg/detail/sensor_mag__rosidl_typesupport_introspection_c.h\n'}
[6.244873] (px4_msgs) StdoutLine: {'line': b'-- Up-to-date: /home/subhalaxmi/nidar_ws/install/px4_msgs/include/px4_msgs/px4_msgs/msg/detail/sensor_accel_fifo__type_support.c\n'}
[6.244971] (px4_msgs) StdoutLine: {'line': b'-- Up-to-date: /home/subhalaxmi/nidar_ws/install/px4_msgs/include/px4_msgs/px4_msgs/msg/detail/rover_speed_status__rosidl_typesupport_introspection_c.h\n'}
[6.245068] (px4_msgs) StdoutLine: {'line': b'-- Up-to-date: /home/subhalaxmi/nidar_ws/install/px4_msgs/include/px4_msgs/px4_msgs/msg/detail/system_power__type_support.c\n'}
[6.245204] (px4_msgs) StdoutLine: {'line': b'-- Up-to-date: /home/subhalaxmi/nidar_ws/install/px4_msgs/include/px4_msgs/px4_msgs/msg/detail/actuator_controls_status__type_support.c\n'}
[6.245318] (px4_msgs) StdoutLine: {'line': b'-- Up-to-date: /home/subhalaxmi/nidar_ws/install/px4_msgs/include/px4_msgs/px4_msgs/msg/detail/rc_channels__rosidl_typesupport_introspection_c.h\n'}
[6.245418] (px4_msgs) StdoutLine: {'line': b'-- Up-to-date: /home/subhalaxmi/nidar_ws/install/px4_msgs/include/px4_msgs/px4_msgs/msg/detail/estimator_bias3d__rosidl_typesupport_introspection_c.h\n'}
[6.245524] (px4_msgs) StdoutLine: {'line': b'-- Up-to-date: /home/subhalaxmi/nidar_ws/install/px4_msgs/include/px4_msgs/px4_msgs/msg/detail/qshell_retval__type_support.c\n'}
[6.245667] (px4_msgs) StdoutLine: {'line': b'-- Up-to-date: /home/subhalaxmi/nidar_ws/install/px4_msgs/include/px4_msgs/px4_msgs/msg/detail/dataman_response__type_support.c\n'}
[6.245804] (px4_msgs) StdoutLine: {'line': b'-- Up-to-date: /home/subhalaxmi/nidar_ws/install/px4_msgs/include/px4_msgs/px4_msgs/msg/detail/ulog_stream__type_support.c\n'}
[6.245941] (px4_msgs) StdoutLine: {'line': b'-- Up-to-date: /home/subhalaxmi/nidar_ws/install/px4_msgs/include/px4_msgs/px4_msgs/msg/detail/estimator_aid_source1d__type_support.c\n'}
[6.246078] (px4_msgs) StdoutLine: {'line': b'-- Up-to-date: /home/subhalaxmi/nidar_ws/install/px4_msgs/include/px4_msgs/px4_msgs/msg/detail/onboard_computer_status__rosidl_typesupport_introspection_c.h\n'}
[6.246284] (px4_msgs) StdoutLine: {'line': b'-- Up-to-date: /home/subhalaxmi/nidar_ws/install/px4_msgs/include/px4_msgs/px4_msgs/msg/detail/mount_orientation__rosidl_typesupport_introspection_c.h\n'}
[6.246394] (px4_msgs) StdoutLine: {'line': b'-- Up-to-date: /home/subhalaxmi/nidar_ws/install/px4_msgs/include/px4_msgs/px4_msgs/msg/detail/vehicle_odometry__rosidl_typesupport_introspection_c.h\n'}
[6.246543] (px4_msgs) StdoutLine: {'line': b'-- Up-to-date: /home/subhalaxmi/nidar_ws/install/px4_msgs/include/px4_msgs/px4_msgs/msg/detail/internal_combustion_engine_status__rosidl_typesupport_introspection_c.h\n'}
[6.246682] (px4_msgs) StdoutLine: {'line': b'-- Up-to-date: /home/subhalaxmi/nidar_ws/install/px4_msgs/include/px4_msgs/px4_msgs/msg/detail/gimbal_device_attitude_status__type_support.c\n'}
[6.246865] (px4_msgs) StdoutLine: {'line': b'-- Up-to-date: /home/subhalaxmi/nidar_ws/install/px4_msgs/include/px4_msgs/px4_msgs/msg/detail/geofence_result__type_support.c\n'}
[6.246971] (px4_msgs) StdoutLine: {'line': b'-- Up-to-date: /home/subhalaxmi/nidar_ws/install/px4_msgs/include/px4_msgs/px4_msgs/msg/detail/sensors_status_imu__rosidl_typesupport_introspection_c.h\n'}
[6.247071] (px4_msgs) StdoutLine: {'line': b'-- Up-to-date: /home/subhalaxmi/nidar_ws/install/px4_msgs/include/px4_msgs/px4_msgs/msg/detail/rover_steering_setpoint__type_support.c\n'}
[6.247197] (px4_msgs) StdoutLine: {'line': b'-- Up-to-date: /home/subhalaxmi/nidar_ws/install/px4_msgs/include/px4_msgs/px4_msgs/msg/detail/distance_sensor_mode_change_request__rosidl_typesupport_introspection_c.h\n'}
[6.247305] (px4_msgs) StdoutLine: {'line': b'-- Up-to-date: /home/subhalaxmi/nidar_ws/install/px4_msgs/include/px4_msgs/px4_msgs/msg/detail/vehicle_status__type_support.c\n'}
[6.247466] (px4_msgs) StdoutLine: {'line': b'-- Up-to-date: /home/subhalaxmi/nidar_ws/install/px4_msgs/include/px4_msgs/px4_msgs/msg/detail/failsafe_flags__type_support.c\n'}
[6.247576] (px4_msgs) StdoutLine: {'line': b'-- Up-to-date: /home/subhalaxmi/nidar_ws/install/px4_msgs/include/px4_msgs/px4_msgs/msg/detail/gimbal_manager_set_manual_control__type_support.c\n'}
[6.247678] (px4_msgs) StdoutLine: {'line': b'-- Up-to-date: /home/subhalaxmi/nidar_ws/install/px4_msgs/include/px4_msgs/px4_msgs/msg/detail/wheel_encoders__rosidl_typesupport_introspection_c.h\n'}
[6.247776] (px4_msgs) StdoutLine: {'line': b'-- Up-to-date: /home/subhalaxmi/nidar_ws/install/px4_msgs/include/px4_msgs/px4_msgs/msg/detail/open_drone_id_self_id__type_support.c\n'}
[6.247873] (px4_msgs) StdoutLine: {'line': b'-- Up-to-date: /home/subhalaxmi/nidar_ws/install/px4_msgs/include/px4_msgs/px4_msgs/msg/detail/open_drone_id_system__type_support.c\n'}
[6.247970] (px4_msgs) StdoutLine: {'line': b'-- Up-to-date: /home/subhalaxmi/nidar_ws/install/px4_msgs/include/px4_msgs/px4_msgs/msg/detail/actuator_motors__rosidl_typesupport_introspection_c.h\n'}
[6.248078] (px4_msgs) StdoutLine: {'line': b'-- Up-to-date: /home/subhalaxmi/nidar_ws/install/px4_msgs/include/px4_msgs/px4_msgs/msg/detail/offboard_control_mode__type_support.c\n'}
[6.248216] (px4_msgs) StdoutLine: {'line': b'-- Up-to-date: /home/subhalaxmi/nidar_ws/install/px4_msgs/include/px4_msgs/px4_msgs/msg/detail/vehicle_odometry__type_support.c\n'}
[6.248333] (px4_msgs) StdoutLine: {'line': b'-- Up-to-date: /home/subhalaxmi/nidar_ws/install/px4_msgs/include/px4_msgs/px4_msgs/msg/detail/flight_phase_estimation__rosidl_typesupport_introspection_c.h\n'}
[6.248459] (px4_msgs) StdoutLine: {'line': b'-- Up-to-date: /home/subhalaxmi/nidar_ws/install/px4_msgs/include/px4_msgs/px4_msgs/msg/detail/iridiumsbd_status__type_support.c\n'}
[6.248604] (px4_msgs) StdoutLine: {'line': b'-- Up-to-date: /home/subhalaxmi/nidar_ws/install/px4_msgs/include/px4_msgs/px4_msgs/msg/detail/vehicle_torque_setpoint__rosidl_typesupport_introspection_c.h\n'}
[6.248740] (px4_msgs) StdoutLine: {'line': b'-- Up-to-date: /home/subhalaxmi/nidar_ws/install/px4_msgs/include/px4_msgs/px4_msgs/msg/detail/orb_test_medium__type_support.c\n'}
[6.248875] (px4_msgs) StdoutLine: {'line': b'-- Up-to-date: /home/subhalaxmi/nidar_ws/install/px4_msgs/include/px4_msgs/px4_msgs/msg/detail/parameter_set_value_response__type_support.c\n'}
[6.249012] (px4_msgs) StdoutLine: {'line': b'-- Up-to-date: /home/subhalaxmi/nidar_ws/install/px4_msgs/include/px4_msgs/px4_msgs/msg/detail/gimbal_controls__type_support.c\n'}
[6.249207] (px4_msgs) StdoutLine: {'line': b'-- Up-to-date: /home/subhalaxmi/nidar_ws/install/px4_msgs/include/px4_msgs/px4_msgs/msg/detail/tecs_status__type_support.c\n'}
[6.249324] (px4_msgs) StdoutLine: {'line': b'-- Up-to-date: /home/subhalaxmi/nidar_ws/install/px4_msgs/include/px4_msgs/px4_msgs/msg/detail/estimator_states__rosidl_typesupport_introspection_c.h\n'}
[6.249423] (px4_msgs) StdoutLine: {'line': b'-- Up-to-date: /home/subhalaxmi/nidar_ws/install/px4_msgs/include/px4_msgs/px4_msgs/msg/detail/register_ext_component_reply__rosidl_typesupport_introspection_c.h\n'}
[6.249522] (px4_msgs) StdoutLine: {'line': b'-- Up-to-date: /home/subhalaxmi/nidar_ws/install/px4_msgs/include/px4_msgs/px4_msgs/msg/detail/open_drone_id_arm_status__type_support.c\n'}
[6.249662] (px4_msgs) StdoutLine: {'line': b'-- Up-to-date: /home/subhalaxmi/nidar_ws/install/px4_msgs/include/px4_msgs/px4_msgs/msg/detail/vehicle_land_detected__rosidl_typesupport_introspection_c.h\n'}
[6.249872] (px4_msgs) StdoutLine: {'line': b'-- Up-to-date: /home/subhalaxmi/nidar_ws/install/px4_msgs/include/px4_msgs/px4_msgs/msg/detail/parameter_set_value_response__rosidl_typesupport_introspection_c.h\n'}
[6.250099] (px4_msgs) StdoutLine: {'line': b'-- Up-to-date: /home/subhalaxmi/nidar_ws/install/px4_msgs/include/px4_msgs/px4_msgs/msg/detail/message_format_response__rosidl_typesupport_introspection_c.h\n'}
[6.250335] (px4_msgs) StdoutLine: {'line': b'-- Up-to-date: /home/subhalaxmi/nidar_ws/install/px4_msgs/include/px4_msgs/px4_msgs/msg/detail/sensor_uwb__rosidl_typesupport_introspection_c.h\n'}
[6.250531] (px4_msgs) StdoutLine: {'line': b'-- Up-to-date: /home/subhalaxmi/nidar_ws/install/px4_msgs/include/px4_msgs/px4_msgs/msg/detail/gimbal_device_information__type_support.c\n'}
[6.250724] (px4_msgs) StdoutLine: {'line': b'-- Up-to-date: /home/subhalaxmi/nidar_ws/install/px4_msgs/include/px4_msgs/px4_msgs/msg/detail/landing_target_innovations__rosidl_typesupport_introspection_c.h\n'}
[6.250918] (px4_msgs) StdoutLine: {'line': b'-- Up-to-date: /home/subhalaxmi/nidar_ws/install/px4_msgs/include/px4_msgs/px4_msgs/msg/detail/magnetometer_bias_estimate__rosidl_typesupport_introspection_c.h\n'}
[6.251154] (px4_msgs) StdoutLine: {'line': b'-- Up-to-date: /home/subhalaxmi/nidar_ws/install/px4_msgs/include/px4_msgs/px4_msgs/msg/detail/vehicle_control_mode__rosidl_typesupport_introspection_c.h\n'}
[6.251469] (px4_msgs) StdoutLine: {'line': b'-- Up-to-date: /home/subhalaxmi/nidar_ws/install/px4_msgs/include/px4_msgs/px4_msgs/msg/detail/hover_thrust_estimate__rosidl_typesupport_introspection_c.h\n'}
[6.251644] (px4_msgs) StdoutLine: {'line': b'-- Up-to-date: /home/subhalaxmi/nidar_ws/install/px4_msgs/include/px4_msgs/px4_msgs/msg/detail/sensor_selection__rosidl_typesupport_introspection_c.h\n'}
[6.251748] (px4_msgs) StdoutLine: {'line': b'-- Up-to-date: /home/subhalaxmi/nidar_ws/install/px4_msgs/include/px4_msgs/px4_msgs/msg/detail/position_setpoint_triplet__type_support.c\n'}
[6.251847] (px4_msgs) StdoutLine: {'line': b'-- Up-to-date: /home/subhalaxmi/nidar_ws/install/px4_msgs/include/px4_msgs/px4_msgs/msg/detail/vehicle_air_data__type_support.c\n'}
[6.251947] (px4_msgs) StdoutLine: {'line': b'-- Up-to-date: /home/subhalaxmi/nidar_ws/install/px4_msgs/include/px4_msgs/px4_msgs/msg/detail/task_stack_info__rosidl_typesupport_introspection_c.h\n'}
[6.252046] (px4_msgs) StdoutLine: {'line': b'-- Up-to-date: /home/subhalaxmi/nidar_ws/install/px4_msgs/include/px4_msgs/px4_msgs/msg/detail/gps_inject_data__type_support.c\n'}
[6.252170] (px4_msgs) StdoutLine: {'line': b'-- Up-to-date: /home/subhalaxmi/nidar_ws/install/px4_msgs/include/px4_msgs/px4_msgs/msg/detail/pps_capture__type_support.c\n'}
[6.252280] (px4_msgs) StdoutLine: {'line': b'-- Up-to-date: /home/subhalaxmi/nidar_ws/install/px4_msgs/include/px4_msgs/px4_msgs/msg/detail/power_monitor__rosidl_typesupport_introspection_c.h\n'}
[6.252384] (px4_msgs) StdoutLine: {'line': b'-- Up-to-date: /home/subhalaxmi/nidar_ws/install/px4_msgs/include/px4_msgs/px4_msgs/msg/detail/vehicle_torque_setpoint__type_support.c\n'}
[6.252545] (px4_msgs) StdoutLine: {'line': b'-- Up-to-date: /home/subhalaxmi/nidar_ws/install/px4_msgs/include/px4_msgs/px4_msgs/msg/detail/differential_pressure__rosidl_typesupport_introspection_c.h\n'}
[6.252741] (px4_msgs) StdoutLine: {'line': b'-- Up-to-date: /home/subhalaxmi/nidar_ws/install/px4_msgs/include/px4_msgs/px4_msgs/msg/detail/failure_detector_status__rosidl_typesupport_introspection_c.h\n'}
[6.252841] (px4_msgs) StdoutLine: {'line': b'-- Up-to-date: /home/subhalaxmi/nidar_ws/install/px4_msgs/include/px4_msgs/px4_msgs/msg/detail/camera_status__type_support.c\n'}
[6.252938] (px4_msgs) StdoutLine: {'line': b'-- Up-to-date: /home/subhalaxmi/nidar_ws/install/px4_msgs/include/px4_msgs/px4_msgs/msg/detail/vehicle_command_ack__rosidl_typesupport_introspection_c.h\n'}
[6.253036] (px4_msgs) StdoutLine: {'line': b'-- Up-to-date: /home/subhalaxmi/nidar_ws/install/px4_msgs/include/px4_msgs/px4_msgs/msg/detail/tune_control__type_support.c\n'}
[6.253150] (px4_msgs) StdoutLine: {'line': b'-- Up-to-date: /home/subhalaxmi/nidar_ws/install/px4_msgs/include/px4_msgs/px4_msgs/msg/detail/airspeed_validated__type_support.c\n'}
[6.253264] (px4_msgs) StdoutLine: {'line': b'-- Up-to-date: /home/subhalaxmi/nidar_ws/install/px4_msgs/include/px4_msgs/px4_msgs/msg/detail/estimator_gps_status__type_support.c\n'}
[6.253378] (px4_msgs) StdoutLine: {'line': b'-- Up-to-date: /home/subhalaxmi/nidar_ws/install/px4_msgs/include/px4_msgs/px4_msgs/msg/detail/vehicle_status__rosidl_typesupport_introspection_c.h\n'}
[6.253518] (px4_msgs) StdoutLine: {'line': b'-- Up-to-date: /home/subhalaxmi/nidar_ws/install/px4_msgs/include/px4_msgs/px4_msgs/msg/detail/telemetry_status__type_support.c\n'}
[6.253655] (px4_msgs) StdoutLine: {'line': b'-- Up-to-date: /home/subhalaxmi/nidar_ws/install/px4_msgs/include/px4_msgs/px4_msgs/msg/detail/sensor_gnss_status__rosidl_typesupport_introspection_c.h\n'}
[6.253792] (px4_msgs) StdoutLine: {'line': b'-- Up-to-date: /home/subhalaxmi/nidar_ws/install/px4_msgs/include/px4_msgs/px4_msgs/msg/detail/pwm_input__type_support.c\n'}
[6.253929] (px4_msgs) StdoutLine: {'line': b'-- Up-to-date: /home/subhalaxmi/nidar_ws/install/px4_msgs/include/px4_msgs/px4_msgs/msg/detail/vehicle_optical_flow_vel__rosidl_typesupport_introspection_c.h\n'}
[6.254068] (px4_msgs) StdoutLine: {'line': b'-- Up-to-date: /home/subhalaxmi/nidar_ws/install/px4_msgs/include/px4_msgs/px4_msgs/msg/detail/sensor_combined__rosidl_typesupport_introspection_c.h\n'}
[6.254262] (px4_msgs) StdoutLine: {'line': b'-- Up-to-date: /home/subhalaxmi/nidar_ws/install/px4_msgs/include/px4_msgs/px4_msgs/msg/detail/vehicle_attitude__type_support.c\n'}
[6.254382] (px4_msgs) StdoutLine: {'line': b'-- Up-to-date: /home/subhalaxmi/nidar_ws/install/px4_msgs/include/px4_msgs/px4_msgs/msg/detail/mission_result__rosidl_typesupport_introspection_c.h\n'}
[6.254493] (px4_msgs) StdoutLine: {'line': b'-- Up-to-date: /home/subhalaxmi/nidar_ws/install/px4_msgs/include/px4_msgs/px4_msgs/msg/detail/distance_sensor_mode_change_request__type_support.c\n'}
[6.254594] (px4_msgs) StdoutLine: {'line': b'-- Up-to-date: /home/subhalaxmi/nidar_ws/install/px4_msgs/include/px4_msgs/px4_msgs/msg/detail/pure_pursuit_status__rosidl_typesupport_introspection_c.h\n'}
[6.254694] (px4_msgs) StdoutLine: {'line': b'-- Up-to-date: /home/subhalaxmi/nidar_ws/install/px4_msgs/include/px4_msgs/px4_msgs/msg/detail/actuator_test__type_support.c\n'}
[6.254853] (px4_msgs) StdoutLine: {'line': b'-- Up-to-date: /home/subhalaxmi/nidar_ws/install/px4_msgs/include/px4_msgs/px4_msgs/msg/detail/vehicle_optical_flow__rosidl_typesupport_introspection_c.h\n'}
[6.254995] (px4_msgs) StdoutLine: {'line': b'-- Up-to-date: /home/subhalaxmi/nidar_ws/install/px4_msgs/include/px4_msgs/px4_msgs/msg/detail/actuator_servos_trim__rosidl_typesupport_introspection_c.h\n'}
[6.255155] (px4_msgs) StdoutLine: {'line': b'-- Up-to-date: /home/subhalaxmi/nidar_ws/install/px4_msgs/include/px4_msgs/px4_msgs/msg/detail/estimator_aid_source3d__type_support.c\n'}
[6.255329] (px4_msgs) StdoutLine: {'line': b'-- Up-to-date: /home/subhalaxmi/nidar_ws/install/px4_msgs/include/px4_msgs/px4_msgs/msg/detail/qshell_req__rosidl_typesupport_introspection_c.h\n'}
[6.255431] (px4_msgs) StdoutLine: {'line': b'-- Up-to-date: /home/subhalaxmi/nidar_ws/install/px4_msgs/include/px4_msgs/px4_msgs/msg/detail/gpio_request__rosidl_typesupport_introspection_c.h\n'}
[6.255530] (px4_msgs) StdoutLine: {'line': b'-- Up-to-date: /home/subhalaxmi/nidar_ws/install/px4_msgs/include/px4_msgs/px4_msgs/msg/detail/velocity_limits__type_support.c\n'}
[6.255629] (px4_msgs) StdoutLine: {'line': b'-- Up-to-date: /home/subhalaxmi/nidar_ws/install/px4_msgs/include/px4_msgs/px4_msgs/msg/detail/gimbal_device_set_attitude__type_support.c\n'}
[6.255751] (px4_msgs) StdoutLine: {'line': b'-- Up-to-date: /home/subhalaxmi/nidar_ws/install/px4_msgs/include/px4_msgs/px4_msgs/msg/detail/wind__type_support.c\n'}
[6.255888] (px4_msgs) StdoutLine: {'line': b'-- Up-to-date: /home/subhalaxmi/nidar_ws/install/px4_msgs/include/px4_msgs/px4_msgs/msg/detail/timesync_status__type_support.c\n'}
[6.256024] (px4_msgs) StdoutLine: {'line': b'-- Up-to-date: /home/subhalaxmi/nidar_ws/install/px4_msgs/include/px4_msgs/px4_msgs/msg/detail/gps_dump__type_support.c\n'}
[6.256233] (px4_msgs) StdoutLine: {'line': b'-- Up-to-date: /home/subhalaxmi/nidar_ws/install/px4_msgs/include/px4_msgs/px4_msgs/msg/detail/rc_channels__type_support.c\n'}
[6.256488] (px4_msgs) StdoutLine: {'line': b'-- Up-to-date: /home/subhalaxmi/nidar_ws/install/px4_msgs/include/px4_msgs/px4_msgs/msg/detail/ekf2_timestamps__rosidl_typesupport_introspection_c.h\n'}
[6.256614] (px4_msgs) StdoutLine: {'line': b'-- Up-to-date: /home/subhalaxmi/nidar_ws/install/px4_msgs/include/px4_msgs/px4_msgs/msg/detail/wind__rosidl_typesupport_introspection_c.h\n'}
[6.256747] (px4_msgs) StdoutLine: {'line': b'-- Up-to-date: /home/subhalaxmi/nidar_ws/install/px4_msgs/include/px4_msgs/px4_msgs/msg/detail/airspeed__type_support.c\n'}
[6.256932] (px4_msgs) StdoutLine: {'line': b'-- Up-to-date: /home/subhalaxmi/nidar_ws/install/px4_msgs/include/px4_msgs/px4_msgs/msg/detail/landing_gear_wheel__type_support.c\n'}
[6.257100] (px4_msgs) StdoutLine: {'line': b'-- Up-to-date: /home/subhalaxmi/nidar_ws/install/px4_msgs/include/px4_msgs/px4_msgs/msg/detail/trajectory_setpoint__rosidl_typesupport_introspection_c.h\n'}
[6.257380] (px4_msgs) StdoutLine: {'line': b'-- Up-to-date: /home/subhalaxmi/nidar_ws/install/px4_msgs/include/px4_msgs/px4_msgs/msg/detail/vehicle_thrust_setpoint__type_support.c\n'}
[6.257495] (px4_msgs) StdoutLine: {'line': b'-- Up-to-date: /home/subhalaxmi/nidar_ws/install/px4_msgs/include/px4_msgs/px4_msgs/msg/detail/rtl_status__rosidl_typesupport_introspection_c.h\n'}
[6.257608] (px4_msgs) StdoutLine: {'line': b'-- Up-to-date: /home/subhalaxmi/nidar_ws/install/px4_msgs/include/px4_msgs/px4_msgs/msg/detail/vehicle_land_detected__type_support.c\n'}
[6.257706] (px4_msgs) StdoutLine: {'line': b'-- Up-to-date: /home/subhalaxmi/nidar_ws/install/px4_msgs/include/px4_msgs/px4_msgs/msg/detail/estimator_aid_source2d__rosidl_typesupport_introspection_c.h\n'}
[6.257804] (px4_msgs) StdoutLine: {'line': b'-- Up-to-date: /home/subhalaxmi/nidar_ws/install/px4_msgs/include/px4_msgs/px4_msgs/msg/detail/debug_key_value__rosidl_typesupport_introspection_c.h\n'}
[6.257902] (px4_msgs) StdoutLine: {'line': b'-- Up-to-date: /home/subhalaxmi/nidar_ws/install/px4_msgs/include/px4_msgs/px4_msgs/msg/detail/cellular_status__type_support.c\n'}
[6.257999] (px4_msgs) StdoutLine: {'line': b'-- Up-to-date: /home/subhalaxmi/nidar_ws/install/px4_msgs/include/px4_msgs/px4_msgs/msg/detail/follow_target_status__type_support.c\n'}
[6.258097] (px4_msgs) StdoutLine: {'line': b'-- Up-to-date: /home/subhalaxmi/nidar_ws/install/px4_msgs/include/px4_msgs/px4_msgs/msg/detail/uavcan_parameter_request__type_support.c\n'}
[6.258246] (px4_msgs) StdoutLine: {'line': b'-- Up-to-date: /home/subhalaxmi/nidar_ws/install/px4_msgs/include/px4_msgs/px4_msgs/msg/detail/battery_info__type_support.c\n'}
[6.258628] (px4_msgs) StdoutLine: {'line': b'-- Up-to-date: /home/subhalaxmi/nidar_ws/install/px4_msgs/include/px4_msgs/px4_msgs/msg/detail/internal_combustion_engine_control__type_support.c\n'}
[6.258866] (px4_msgs) StdoutLine: {'line': b'-- Up-to-date: /home/subhalaxmi/nidar_ws/install/px4_msgs/include/px4_msgs/px4_msgs/msg/detail/register_ext_component_request__rosidl_typesupport_introspection_c.h\n'}
[6.258989] (px4_msgs) StdoutLine: {'line': b'-- Up-to-date: /home/subhalaxmi/nidar_ws/install/px4_msgs/include/px4_msgs/px4_msgs/msg/detail/vehicle_command_ack__type_support.c\n'}
[6.259091] (px4_msgs) StdoutLine: {'line': b'-- Up-to-date: /home/subhalaxmi/nidar_ws/install/px4_msgs/include/px4_msgs/px4_msgs/msg/detail/gimbal_manager_set_attitude__type_support.c\n'}
[6.259231] (px4_msgs) StdoutLine: {'line': b'-- Up-to-date: /home/subhalaxmi/nidar_ws/install/px4_msgs/include/px4_msgs/px4_msgs/msg/detail/onboard_computer_status__type_support.c\n'}
[6.259335] (px4_msgs) StdoutLine: {'line': b'-- Up-to-date: /home/subhalaxmi/nidar_ws/install/px4_msgs/include/px4_msgs/px4_msgs/msg/detail/vtol_vehicle_status__rosidl_typesupport_introspection_c.h\n'}
[6.259500] (px4_msgs) StdoutLine: {'line': b'-- Up-to-date: /home/subhalaxmi/nidar_ws/install/px4_msgs/include/px4_msgs/px4_msgs/msg/detail/gimbal_manager_status__type_support.c\n'}
[6.259673] (px4_msgs) StdoutLine: {'line': b'-- Up-to-date: /home/subhalaxmi/nidar_ws/install/px4_msgs/include/px4_msgs/px4_msgs/msg/detail/vehicle_magnetometer__type_support.c\n'}
[6.259832] (px4_msgs) StdoutLine: {'line': b'-- Up-to-date: /home/subhalaxmi/nidar_ws/install/px4_msgs/include/px4_msgs/px4_msgs/msg/detail/goto_setpoint__rosidl_typesupport_introspection_c.h\n'}
[6.260072] (px4_msgs) StdoutLine: {'line': b'-- Up-to-date: /home/subhalaxmi/nidar_ws/install/px4_msgs/include/px4_msgs/px4_msgs/msg/detail/debug_vect__type_support.c\n'}
[6.260348] (px4_msgs) StdoutLine: {'line': b'-- Up-to-date: /home/subhalaxmi/nidar_ws/install/px4_msgs/include/px4_msgs/px4_msgs/msg/detail/ulog_stream_ack__rosidl_typesupport_introspection_c.h\n'}
[6.260568] (px4_msgs) StdoutLine: {'line': b'-- Up-to-date: /home/subhalaxmi/nidar_ws/install/px4_msgs/include/px4_msgs/px4_msgs/msg/detail/manual_control_switches__type_support.c\n'}
[6.260777] (px4_msgs) StdoutLine: {'line': b'-- Up-to-date: /home/subhalaxmi/nidar_ws/install/px4_msgs/include/px4_msgs/px4_msgs/msg/detail/actuator_servos__type_support.c\n'}
[6.260974] (px4_msgs) StdoutLine: {'line': b'-- Up-to-date: /home/subhalaxmi/nidar_ws/install/px4_msgs/include/px4_msgs/px4_msgs/msg/detail/event__type_support.c\n'}
[6.261171] (px4_msgs) StdoutLine: {'line': b'-- Up-to-date: /home/subhalaxmi/nidar_ws/install/px4_msgs/include/px4_msgs/px4_msgs/msg/detail/config_overrides__type_support.c\n'}
[6.261406] (px4_msgs) StdoutLine: {'line': b'-- Up-to-date: /home/subhalaxmi/nidar_ws/install/px4_msgs/include/px4_msgs/px4_msgs/msg/detail/fixed_wing_runway_control__type_support.c\n'}
[6.261615] (px4_msgs) StdoutLine: {'line': b'-- Up-to-date: /home/subhalaxmi/nidar_ws/install/px4_msgs/include/px4_msgs/px4_msgs/msg/detail/normalized_unsigned_setpoint__type_support.c\n'}
[6.261829] (px4_msgs) StdoutLine: {'line': b'-- Up-to-date: /home/subhalaxmi/nidar_ws/install/px4_msgs/include/px4_msgs/px4_msgs/msg/detail/neural_control__type_support.c\n'}
[6.262090] (px4_msgs) StdoutLine: {'line': b'-- Up-to-date: /home/subhalaxmi/nidar_ws/install/px4_msgs/include/px4_msgs/px4_msgs/msg/detail/tiltrotor_extra_controls__rosidl_typesupport_introspection_c.h\n'}
[6.262328] (px4_msgs) StdoutLine: {'line': b'-- Up-to-date: /home/subhalaxmi/nidar_ws/install/px4_msgs/include/px4_msgs/px4_msgs/msg/detail/sensor_selection__type_support.c\n'}
[6.262534] (px4_msgs) StdoutLine: {'line': b'-- Up-to-date: /home/subhalaxmi/nidar_ws/install/px4_msgs/include/px4_msgs/px4_msgs/msg/detail/estimator_event_flags__type_support.c\n'}
[6.262738] (px4_msgs) StdoutLine: {'line': b'-- Up-to-date: /home/subhalaxmi/nidar_ws/install/px4_msgs/include/px4_msgs/px4_msgs/msg/detail/debug_array__type_support.c\n'}
[6.262965] (px4_msgs) StdoutLine: {'line': b'-- Up-to-date: /home/subhalaxmi/nidar_ws/install/px4_msgs/include/px4_msgs/px4_msgs/msg/detail/autotune_attitude_control_status__type_support.c\n'}
[6.263145] (px4_msgs) StdoutLine: {'line': b'-- Up-to-date: /home/subhalaxmi/nidar_ws/install/px4_msgs/include/px4_msgs/px4_msgs/msg/detail/cellular_status__rosidl_typesupport_introspection_c.h\n'}
[6.263359] (px4_msgs) StdoutLine: {'line': b'-- Up-to-date: /home/subhalaxmi/nidar_ws/install/px4_msgs/include/px4_msgs/px4_msgs/msg/detail/actuator_servos_trim__type_support.c\n'}
[6.263469] (px4_msgs) StdoutLine: {'line': b'-- Up-to-date: /home/subhalaxmi/nidar_ws/install/px4_msgs/include/px4_msgs/px4_msgs/msg/detail/rate_ctrl_status__type_support.c\n'}
[6.263572] (px4_msgs) StdoutLine: {'line': b'-- Up-to-date: /home/subhalaxmi/nidar_ws/install/px4_msgs/include/px4_msgs/px4_msgs/msg/detail/position_controller_status__rosidl_typesupport_introspection_c.h\n'}
[6.263673] (px4_msgs) StdoutLine: {'line': b'-- Up-to-date: /home/subhalaxmi/nidar_ws/install/px4_msgs/include/px4_msgs/px4_msgs/msg/detail/sensors_status__rosidl_typesupport_introspection_c.h\n'}
[6.263790] (px4_msgs) StdoutLine: {'line': b'-- Up-to-date: /home/subhalaxmi/nidar_ws/install/px4_msgs/include/px4_msgs/px4_msgs/msg/detail/gps_inject_data__rosidl_typesupport_introspection_c.h\n'}
[6.263903] (px4_msgs) StdoutLine: {'line': b'-- Up-to-date: /home/subhalaxmi/nidar_ws/install/px4_msgs/include/px4_msgs/px4_msgs/msg/detail/camera_trigger__rosidl_typesupport_introspection_c.h\n'}
[6.264032] (px4_msgs) StdoutLine: {'line': b'-- Up-to-date: /home/subhalaxmi/nidar_ws/install/px4_msgs/include/px4_msgs/px4_msgs/msg/detail/rover_speed_setpoint__rosidl_typesupport_introspection_c.h\n'}
[6.264231] (px4_msgs) StdoutLine: {'line': b'-- Up-to-date: /home/subhalaxmi/nidar_ws/install/px4_msgs/include/px4_msgs/px4_msgs/msg/detail/neural_control__rosidl_typesupport_introspection_c.h\n'}
[6.264350] (px4_msgs) StdoutLine: {'line': b'-- Up-to-date: /home/subhalaxmi/nidar_ws/install/px4_msgs/include/px4_msgs/px4_msgs/msg/detail/fuel_tank_status__type_support.c\n'}
[6.264452] (px4_msgs) StdoutLine: {'line': b'-- Up-to-date: /home/subhalaxmi/nidar_ws/install/px4_msgs/include/px4_msgs/px4_msgs/msg/detail/geofence_status__type_support.c\n'}
[6.264553] (px4_msgs) StdoutLine: {'line': b'-- Up-to-date: /home/subhalaxmi/nidar_ws/install/px4_msgs/include/px4_msgs/px4_msgs/msg/detail/irlock_report__rosidl_typesupport_introspection_c.h\n'}
[6.264653] (px4_msgs) StdoutLine: {'line': b'-- Up-to-date: /home/subhalaxmi/nidar_ws/install/px4_msgs/include/px4_msgs/px4_msgs/msg/detail/vehicle_imu_status__rosidl_typesupport_introspection_c.h\n'}
[6.264766] (px4_msgs) StdoutLine: {'line': b'-- Up-to-date: /home/subhalaxmi/nidar_ws/install/px4_msgs/include/px4_msgs/px4_msgs/msg/detail/sensor_correction__rosidl_typesupport_introspection_c.h\n'}
[6.264876] (px4_msgs) StdoutLine: {'line': b'-- Up-to-date: /home/subhalaxmi/nidar_ws/install/px4_msgs/include/px4_msgs/px4_msgs/msg/detail/geofence_result__rosidl_typesupport_introspection_c.h\n'}
[6.265019] (px4_msgs) StdoutLine: {'line': b'-- Up-to-date: /home/subhalaxmi/nidar_ws/install/px4_msgs/include/px4_msgs/px4_msgs/msg/detail/sensor_baro__type_support.c\n'}
[6.265235] (px4_msgs) StdoutLine: {'line': b'-- Up-to-date: /home/subhalaxmi/nidar_ws/install/px4_msgs/include/px4_msgs/px4_msgs/msg/detail/obstacle_distance__type_support.c\n'}
[6.265351] (px4_msgs) StdoutLine: {'line': b'-- Up-to-date: /home/subhalaxmi/nidar_ws/install/px4_msgs/include/px4_msgs/px4_msgs/msg/detail/landing_target_innovations__type_support.c\n'}
[6.265483] (px4_msgs) StdoutLine: {'line': b'-- Up-to-date: /home/subhalaxmi/nidar_ws/install/px4_msgs/include/px4_msgs/px4_msgs/msg/detail/landing_target_pose__rosidl_typesupport_introspection_c.h\n'}
[6.265668] (px4_msgs) StdoutLine: {'line': b'-- Up-to-date: /home/subhalaxmi/nidar_ws/install/px4_msgs/include/px4_msgs/px4_msgs/msg/detail/dronecan_node_status__rosidl_typesupport_introspection_c.h\n'}
[6.265843] (px4_msgs) StdoutLine: {'line': b'-- Up-to-date: /home/subhalaxmi/nidar_ws/install/px4_msgs/include/px4_msgs/px4_msgs/msg/detail/launch_detection_status__rosidl_typesupport_introspection_c.h\n'}
[6.266035] (px4_msgs) StdoutLine: {'line': b'-- Up-to-date: /home/subhalaxmi/nidar_ws/install/px4_msgs/include/px4_msgs/px4_msgs/msg/detail/mag_worker_data__rosidl_typesupport_introspection_c.h\n'}
[6.266281] (px4_msgs) StdoutLine: {'line': b'-- Up-to-date: /home/subhalaxmi/nidar_ws/install/px4_msgs/include/px4_msgs/px4_msgs/msg/detail/transponder_report__rosidl_typesupport_introspection_c.h\n'}
[6.266595] (px4_msgs) StdoutLine: {'line': b'-- Up-to-date: /home/subhalaxmi/nidar_ws/install/px4_msgs/include/px4_msgs/px4_msgs/msg/detail/config_overrides__rosidl_typesupport_introspection_c.h\n'}
[6.266713] (px4_msgs) StdoutLine: {'line': b'-- Up-to-date: /home/subhalaxmi/nidar_ws/install/px4_msgs/include/px4_msgs/px4_msgs/msg/detail/gimbal_controls__rosidl_typesupport_introspection_c.h\n'}
[6.266813] (px4_msgs) StdoutLine: {'line': b'-- Up-to-date: /home/subhalaxmi/nidar_ws/install/px4_msgs/include/px4_msgs/px4_msgs/msg/detail/vehicle_imu__type_support.c\n'}
[6.266913] (px4_msgs) StdoutLine: {'line': b'-- Up-to-date: /home/subhalaxmi/nidar_ws/install/px4_msgs/include/px4_msgs/px4_msgs/msg/detail/rover_attitude_status__type_support.c\n'}
[6.267025] (px4_msgs) StdoutLine: {'line': b'-- Up-to-date: /home/subhalaxmi/nidar_ws/install/px4_msgs/include/px4_msgs/px4_msgs/msg/detail/input_rc__type_support.c\n'}
[6.267238] (px4_msgs) StdoutLine: {'line': b'-- Up-to-date: /home/subhalaxmi/nidar_ws/install/px4_msgs/include/px4_msgs/px4_msgs/msg/detail/esc_report__type_support.c\n'}
[6.267356] (px4_msgs) StdoutLine: {'line': b'-- Up-to-date: /home/subhalaxmi/nidar_ws/install/px4_msgs/include/px4_msgs/px4_msgs/msg/detail/vehicle_global_position__rosidl_typesupport_introspection_c.h\n'}
[6.267457] (px4_msgs) StdoutLine: {'line': b'-- Up-to-date: /home/subhalaxmi/nidar_ws/install/px4_msgs/include/px4_msgs/px4_msgs/msg/detail/sensors_status_imu__type_support.c\n'}
[6.267567] (px4_msgs) StdoutLine: {'line': b'-- Up-to-date: /home/subhalaxmi/nidar_ws/install/px4_msgs/include/px4_msgs/px4_msgs/msg/detail/collision_constraints__rosidl_typesupport_introspection_c.h\n'}
[6.267741] (px4_msgs) StdoutLine: {'line': b'-- Up-to-date: /home/subhalaxmi/nidar_ws/install/px4_msgs/include/px4_msgs/px4_msgs/msg/detail/fixed_wing_longitudinal_setpoint__rosidl_typesupport_introspection_c.h\n'}
[6.267911] (px4_msgs) StdoutLine: {'line': b'-- Up-to-date: /home/subhalaxmi/nidar_ws/install/px4_msgs/include/px4_msgs/px4_msgs/msg/detail/dataman_response__rosidl_typesupport_introspection_c.h\n'}
[6.268109] (px4_msgs) StdoutLine: {'line': b'-- Up-to-date: /home/subhalaxmi/nidar_ws/install/px4_msgs/include/px4_msgs/px4_msgs/msg/detail/estimator_status__type_support.c\n'}
[6.268364] (px4_msgs) StdoutLine: {'line': b'-- Up-to-date: /home/subhalaxmi/nidar_ws/install/px4_msgs/include/px4_msgs/px4_msgs/msg/detail/vehicle_roi__type_support.c\n'}
[6.268551] (px4_msgs) StdoutLine: {'line': b'-- Up-to-date: /home/subhalaxmi/nidar_ws/install/px4_msgs/include/px4_msgs/px4_msgs/msg/detail/raptor_status__rosidl_typesupport_introspection_c.h\n'}
[6.268750] (px4_msgs) StdoutLine: {'line': b'-- Up-to-date: /home/subhalaxmi/nidar_ws/install/px4_msgs/include/px4_msgs/px4_msgs/msg/detail/sensor_gps__rosidl_typesupport_introspection_c.h\n'}
[6.269040] (px4_msgs) StdoutLine: {'line': b'-- Up-to-date: /home/subhalaxmi/nidar_ws/install/px4_msgs/include/px4_msgs/px4_msgs/msg/detail/vehicle_constraints__type_support.c\n'}
[6.269276] (px4_msgs) StdoutLine: {'line': b'-- Up-to-date: /home/subhalaxmi/nidar_ws/install/px4_msgs/include/px4_msgs/px4_msgs/msg/detail/lateral_control_configuration__rosidl_typesupport_introspection_c.h\n'}
[6.269393] (px4_msgs) StdoutLine: {'line': b'-- Up-to-date: /home/subhalaxmi/nidar_ws/install/px4_msgs/include/px4_msgs/px4_msgs/msg/detail/trajectory_setpoint6dof__type_support.c\n'}
[6.269494] (px4_msgs) StdoutLine: {'line': b'-- Up-to-date: /home/subhalaxmi/nidar_ws/install/px4_msgs/include/px4_msgs/px4_msgs/msg/detail/rover_throttle_setpoint__type_support.c\n'}
[6.269593] (px4_msgs) StdoutLine: {'line': b'-- Up-to-date: /home/subhalaxmi/nidar_ws/install/px4_msgs/include/px4_msgs/px4_msgs/msg/detail/sensor_accel_fifo__rosidl_typesupport_introspection_c.h\n'}
[6.269692] (px4_msgs) StdoutLine: {'line': b'-- Up-to-date: /home/subhalaxmi/nidar_ws/install/px4_msgs/include/px4_msgs/px4_msgs/msg/detail/sensor_temp__rosidl_typesupport_introspection_c.h\n'}
[6.269791] (px4_msgs) StdoutLine: {'line': b'-- Up-to-date: /home/subhalaxmi/nidar_ws/install/px4_msgs/include/px4_msgs/px4_msgs/msg/detail/generator_status__type_support.c\n'}
[6.269888] (px4_msgs) StdoutLine: {'line': b'-- Up-to-date: /home/subhalaxmi/nidar_ws/install/px4_msgs/include/px4_msgs/px4_msgs/msg/detail/vehicle_thrust_setpoint__rosidl_typesupport_introspection_c.h\n'}
[6.270003] (px4_msgs) StdoutLine: {'line': b'-- Up-to-date: /home/subhalaxmi/nidar_ws/install/px4_msgs/include/px4_msgs/px4_msgs/msg/detail/sensor_optical_flow__rosidl_typesupport_introspection_c.h\n'}
[6.270220] (px4_msgs) StdoutLine: {'line': b'-- Up-to-date: /home/subhalaxmi/nidar_ws/install/px4_msgs/include/px4_msgs/px4_msgs/msg/detail/timesync_status__rosidl_typesupport_introspection_c.h\n'}
[6.270342] (px4_msgs) StdoutLine: {'line': b'-- Up-to-date: /home/subhalaxmi/nidar_ws/install/px4_msgs/include/px4_msgs/px4_msgs/msg/detail/sensor_temp__type_support.c\n'}
[6.270442] (px4_msgs) StdoutLine: {'line': b'-- Up-to-date: /home/subhalaxmi/nidar_ws/install/px4_msgs/include/px4_msgs/px4_msgs/msg/detail/follow_target_status__rosidl_typesupport_introspection_c.h\n'}
[6.270540] (px4_msgs) StdoutLine: {'line': b'-- Up-to-date: /home/subhalaxmi/nidar_ws/install/px4_msgs/include/px4_msgs/px4_msgs/msg/detail/open_drone_id_self_id__rosidl_typesupport_introspection_c.h\n'}
[6.270639] (px4_msgs) StdoutLine: {'line': b'-- Up-to-date: /home/subhalaxmi/nidar_ws/install/px4_msgs/include/px4_msgs/px4_msgs/msg/detail/button_event__type_support.c\n'}
[6.270820] (px4_msgs) StdoutLine: {'line': b'-- Up-to-date: /home/subhalaxmi/nidar_ws/install/px4_msgs/include/px4_msgs/px4_msgs/msg/detail/gpio_in__type_support.c\n'}
[6.270922] (px4_msgs) StdoutLine: {'line': b'-- Up-to-date: /home/subhalaxmi/nidar_ws/install/px4_msgs/include/px4_msgs/px4_msgs/msg/detail/rover_speed_setpoint__type_support.c\n'}
[6.271021] (px4_msgs) StdoutLine: {'line': b'-- Up-to-date: /home/subhalaxmi/nidar_ws/install/px4_msgs/include/px4_msgs/px4_msgs/msg/detail/rover_rate_status__rosidl_typesupport_introspection_c.h\n'}
[6.271135] (px4_msgs) StdoutLine: {'line': b'-- Up-to-date: /home/subhalaxmi/nidar_ws/install/px4_msgs/include/px4_msgs/px4_msgs/msg/detail/airspeed_wind__type_support.c\n'}
[6.271314] (px4_msgs) StdoutLine: {'line': b'-- Up-to-date: /home/subhalaxmi/nidar_ws/install/px4_msgs/include/px4_msgs/px4_msgs/msg/detail/input_rc__rosidl_typesupport_introspection_c.h\n'}
[6.271451] (px4_msgs) StdoutLine: {'line': b'-- Up-to-date: /home/subhalaxmi/nidar_ws/install/px4_msgs/include/px4_msgs/px4_msgs/msg/detail/debug_vect__rosidl_typesupport_introspection_c.h\n'}
[6.271624] (px4_msgs) StdoutLine: {'line': b'-- Up-to-date: /home/subhalaxmi/nidar_ws/install/px4_msgs/include/px4_msgs/px4_msgs/msg/detail/log_message__type_support.c\n'}
[6.271847] (px4_msgs) StdoutLine: {'line': b'-- Up-to-date: /home/subhalaxmi/nidar_ws/install/px4_msgs/include/px4_msgs/px4_msgs/msg/detail/vehicle_attitude_setpoint__type_support.c\n'}
[6.271957] (px4_msgs) StdoutLine: {'line': b'-- Up-to-date: /home/subhalaxmi/nidar_ws/install/px4_msgs/include/px4_msgs/px4_msgs/msg/detail/geofence_status__rosidl_typesupport_introspection_c.h\n'}
[6.272059] (px4_msgs) StdoutLine: {'line': b'-- Up-to-date: /home/subhalaxmi/nidar_ws/install/px4_msgs/include/px4_msgs/px4_msgs/msg/detail/register_ext_component_reply__type_support.c\n'}
[6.272196] (px4_msgs) StdoutLine: {'line': b'-- Up-to-date: /home/subhalaxmi/nidar_ws/install/px4_msgs/include/px4_msgs/px4_msgs/msg/detail/position_setpoint__type_support.c\n'}
[6.272381] (px4_msgs) StdoutLine: {'line': b'-- Up-to-date: /home/subhalaxmi/nidar_ws/install/px4_msgs/include/px4_msgs/px4_msgs/msg/detail/actuator_servos__rosidl_typesupport_introspection_c.h\n'}
[6.272481] (px4_msgs) StdoutLine: {'line': b'-- Up-to-date: /home/subhalaxmi/nidar_ws/install/px4_msgs/include/px4_msgs/px4_msgs/msg/detail/debug_value__type_support.c\n'}
[6.272581] (px4_msgs) StdoutLine: {'line': b'-- Up-to-date: /home/subhalaxmi/nidar_ws/install/px4_msgs/include/px4_msgs/px4_msgs/msg/detail/fixed_wing_lateral_setpoint__rosidl_typesupport_introspection_c.h\n'}
[6.272679] (px4_msgs) StdoutLine: {'line': b'-- Up-to-date: /home/subhalaxmi/nidar_ws/install/px4_msgs/include/px4_msgs/px4_msgs/msg/detail/internal_combustion_engine_status__type_support.c\n'}
[6.272780] (px4_msgs) StdoutLine: {'line': b'-- Up-to-date: /home/subhalaxmi/nidar_ws/install/px4_msgs/include/px4_msgs/px4_msgs/msg/detail/sensor_accel__rosidl_typesupport_introspection_c.h\n'}
[6.272887] (px4_msgs) StdoutLine: {'line': b'-- Up-to-date: /home/subhalaxmi/nidar_ws/install/px4_msgs/include/px4_msgs/px4_msgs/msg/detail/failsafe_flags__rosidl_typesupport_introspection_c.h\n'}
[6.273037] (px4_msgs) StdoutLine: {'line': b'-- Up-to-date: /home/subhalaxmi/nidar_ws/install/px4_msgs/include/px4_msgs/px4_msgs/msg/detail/dronecan_node_status__type_support.c\n'}
[6.273241] (px4_msgs) StdoutLine: {'line': b'-- Up-to-date: /home/subhalaxmi/nidar_ws/install/px4_msgs/include/px4_msgs/px4_msgs/msg/detail/actuator_armed__rosidl_typesupport_introspection_c.h\n'}
[6.273353] (px4_msgs) StdoutLine: {'line': b'-- Up-to-date: /home/subhalaxmi/nidar_ws/install/px4_msgs/include/px4_msgs/px4_msgs/msg/detail/px4io_status__rosidl_typesupport_introspection_c.h\n'}
[6.273454] (px4_msgs) StdoutLine: {'line': b'-- Up-to-date: /home/subhalaxmi/nidar_ws/install/px4_msgs/include/px4_msgs/px4_msgs/msg/detail/ekf2_timestamps__type_support.c\n'}
[6.273553] (px4_msgs) StdoutLine: {'line': b'-- Up-to-date: /home/subhalaxmi/nidar_ws/install/px4_msgs/include/px4_msgs/px4_msgs/msg/detail/led_control__rosidl_typesupport_introspection_c.h\n'}
[6.273693] (px4_msgs) StdoutLine: {'line': b'-- Up-to-date: /home/subhalaxmi/nidar_ws/install/px4_msgs/include/px4_msgs/px4_msgs/msg/detail/home_position__rosidl_typesupport_introspection_c.h\n'}
[6.273832] (px4_msgs) StdoutLine: {'line': b'-- Up-to-date: /home/subhalaxmi/nidar_ws/install/px4_msgs/include/px4_msgs/px4_msgs/msg/detail/gpio_request__type_support.c\n'}
[6.273969] (px4_msgs) StdoutLine: {'line': b'-- Up-to-date: /home/subhalaxmi/nidar_ws/install/px4_msgs/include/px4_msgs/px4_msgs/msg/detail/arming_check_request__type_support.c\n'}
[6.274107] (px4_msgs) StdoutLine: {'line': b'-- Up-to-date: /home/subhalaxmi/nidar_ws/install/px4_msgs/include/px4_msgs/px4_msgs/msg/detail/gimbal_manager_status__rosidl_typesupport_introspection_c.h\n'}
[6.274304] (px4_msgs) StdoutLine: {'line': b'-- Up-to-date: /home/subhalaxmi/nidar_ws/install/px4_msgs/include/px4_msgs/px4_msgs/msg/detail/ulog_stream_ack__type_support.c\n'}
[6.274406] (px4_msgs) StdoutLine: {'line': b'-- Up-to-date: /home/subhalaxmi/nidar_ws/install/px4_msgs/include/px4_msgs/px4_msgs/msg/detail/rate_ctrl_status__rosidl_typesupport_introspection_c.h\n'}
[6.274505] (px4_msgs) StdoutLine: {'line': b'-- Up-to-date: /home/subhalaxmi/nidar_ws/install/px4_msgs/include/px4_msgs/px4_msgs/msg/detail/satellite_info__rosidl_typesupport_introspection_c.h\n'}
[6.274604] (px4_msgs) StdoutLine: {'line': b'-- Up-to-date: /home/subhalaxmi/nidar_ws/install/px4_msgs/include/px4_msgs/px4_msgs/msg/detail/transponder_report__type_support.c\n'}
[6.274791] (px4_msgs) StdoutLine: {'line': b'-- Up-to-date: /home/subhalaxmi/nidar_ws/install/px4_msgs/include/px4_msgs/px4_msgs/msg/detail/trajectory_setpoint6dof__rosidl_typesupport_introspection_c.h\n'}
[6.274897] (px4_msgs) StdoutLine: {'line': b'-- Up-to-date: /home/subhalaxmi/nidar_ws/install/px4_msgs/include/px4_msgs/px4_msgs/msg/detail/navigator_status__rosidl_typesupport_introspection_c.h\n'}
[6.274996] (px4_msgs) StdoutLine: {'line': b'-- Up-to-date: /home/subhalaxmi/nidar_ws/install/px4_msgs/include/px4_msgs/px4_msgs/msg/detail/fixed_wing_lateral_guidance_status__type_support.c\n'}
[6.275094] (px4_msgs) StdoutLine: {'line': b'-- Up-to-date: /home/subhalaxmi/nidar_ws/install/px4_msgs/include/px4_msgs/px4_msgs/msg/detail/vehicle_rates_setpoint__rosidl_typesupport_introspection_c.h\n'}
[6.275234] (px4_msgs) StdoutLine: {'line': b'-- Up-to-date: /home/subhalaxmi/nidar_ws/install/px4_msgs/include/px4_msgs/px4_msgs/msg/detail/gimbal_manager_information__rosidl_typesupport_introspection_c.h\n'}
[6.275341] (px4_msgs) StdoutLine: {'line': b'-- Up-to-date: /home/subhalaxmi/nidar_ws/install/px4_msgs/include/px4_msgs/px4_msgs/msg/detail/device_information__type_support.c\n'}
[6.275492] (px4_msgs) StdoutLine: {'line': b'-- Up-to-date: /home/subhalaxmi/nidar_ws/install/px4_msgs/include/px4_msgs/px4_msgs/msg/detail/unregister_ext_component__type_support.c\n'}
[6.275633] (px4_msgs) StdoutLine: {'line': b'-- Up-to-date: /home/subhalaxmi/nidar_ws/install/px4_msgs/include/px4_msgs/px4_msgs/msg/detail/uavcan_parameter_value__rosidl_typesupport_introspection_c.h\n'}
[6.275771] (px4_msgs) StdoutLine: {'line': b'-- Up-to-date: /home/subhalaxmi/nidar_ws/install/px4_msgs/include/px4_msgs/px4_msgs/msg/detail/fixed_wing_lateral_status__rosidl_typesupport_introspection_c.h\n'}
[6.275910] (px4_msgs) StdoutLine: {'line': b'-- Up-to-date: /home/subhalaxmi/nidar_ws/install/px4_msgs/include/px4_msgs/px4_msgs/msg/detail/event__rosidl_typesupport_introspection_c.h\n'}
[6.276049] (px4_msgs) StdoutLine: {'line': b'-- Up-to-date: /home/subhalaxmi/nidar_ws/install/px4_msgs/include/px4_msgs/px4_msgs/msg/detail/open_drone_id_operator_id__type_support.c\n'}
[6.276249] (px4_msgs) StdoutLine: {'line': b'-- Up-to-date: /home/subhalaxmi/nidar_ws/install/px4_msgs/include/px4_msgs/px4_msgs/msg/detail/generator_status__rosidl_typesupport_introspection_c.h\n'}
[6.276364] (px4_msgs) StdoutLine: {'line': b'-- Up-to-date: /home/subhalaxmi/nidar_ws/install/px4_msgs/include/px4_msgs/px4_msgs/msg/detail/sensor_gps__type_support.c\n'}
[6.276511] (px4_msgs) StdoutLine: {'line': b'-- Up-to-date: /home/subhalaxmi/nidar_ws/install/px4_msgs/include/px4_msgs/px4_msgs/msg/detail/vehicle_acceleration__type_support.c\n'}
[6.276654] (px4_msgs) StdoutLine: {'line': b'-- Up-to-date: /home/subhalaxmi/nidar_ws/install/px4_msgs/include/px4_msgs/px4_msgs/msg/detail/rover_position_setpoint__rosidl_typesupport_introspection_c.h\n'}
[6.276795] (px4_msgs) StdoutLine: {'line': b'-- Up-to-date: /home/subhalaxmi/nidar_ws/install/px4_msgs/include/px4_msgs/px4_msgs/msg/detail/mission__type_support.c\n'}
[6.276935] (px4_msgs) StdoutLine: {'line': b'-- Up-to-date: /home/subhalaxmi/nidar_ws/install/px4_msgs/include/px4_msgs/px4_msgs/msg/detail/gps_dump__rosidl_typesupport_introspection_c.h\n'}
[6.277105] (px4_msgs) StdoutLine: {'line': b'-- Up-to-date: /home/subhalaxmi/nidar_ws/install/px4_msgs/include/px4_msgs/px4_msgs/msg/detail/orb_test_large__rosidl_typesupport_introspection_c.h\n'}
[6.277275] (px4_msgs) StdoutLine: {'line': b'-- Up-to-date: /home/subhalaxmi/nidar_ws/install/px4_msgs/include/px4_msgs/px4_msgs/msg/detail/mavlink_log__type_support.c\n'}
[6.277378] (px4_msgs) StdoutLine: {'line': b'-- Up-to-date: /home/subhalaxmi/nidar_ws/install/px4_msgs/include/px4_msgs/px4_msgs/msg/detail/lateral_control_configuration__type_support.c\n'}
[6.277478] (px4_msgs) StdoutLine: {'line': b'-- Up-to-date: /home/subhalaxmi/nidar_ws/install/px4_msgs/include/px4_msgs/px4_msgs/msg/detail/longitudinal_control_configuration__rosidl_typesupport_introspection_c.h\n'}
[6.277577] (px4_msgs) StdoutLine: {'line': b'-- Up-to-date: /home/subhalaxmi/nidar_ws/install/px4_msgs/include/px4_msgs/px4_msgs/msg/detail/gpio_in__rosidl_typesupport_introspection_c.h\n'}
[6.277675] (px4_msgs) StdoutLine: {'line': b'-- Up-to-date: /home/subhalaxmi/nidar_ws/install/px4_msgs/include/px4_msgs/px4_msgs/srv\n'}
[6.277773] (px4_msgs) StdoutLine: {'line': b'-- Up-to-date: /home/subhalaxmi/nidar_ws/install/px4_msgs/include/px4_msgs/px4_msgs/srv/detail\n'}
[6.277872] (px4_msgs) StdoutLine: {'line': b'-- Up-to-date: /home/subhalaxmi/nidar_ws/install/px4_msgs/include/px4_msgs/px4_msgs/srv/detail/vehicle_command__type_support.c\n'}
[6.277970] (px4_msgs) StdoutLine: {'line': b'-- Up-to-date: /home/subhalaxmi/nidar_ws/install/px4_msgs/include/px4_msgs/px4_msgs/srv/detail/vehicle_command__rosidl_typesupport_introspection_c.h\n'}
[6.278070] (px4_msgs) StdoutLine: {'line': b'-- Up-to-date: /home/subhalaxmi/nidar_ws/install/px4_msgs/lib/libpx4_msgs__rosidl_typesupport_introspection_c.so\n'}
[6.278240] (px4_msgs) StdoutLine: {'line': b'-- Up-to-date: /home/subhalaxmi/nidar_ws/install/px4_msgs/lib/libpx4_msgs__rosidl_typesupport_c.so\n'}
[6.278406] (px4_msgs) StdoutLine: {'line': b'-- Up-to-date: /home/subhalaxmi/nidar_ws/install/px4_msgs/include/px4_msgs/px4_msgs\n'}
[6.278508] (px4_msgs) StdoutLine: {'line': b'-- Up-to-date: /home/subhalaxmi/nidar_ws/install/px4_msgs/include/px4_msgs/px4_msgs/msg\n'}
[6.278625] (px4_msgs) StdoutLine: {'line': b'-- Up-to-date: /home/subhalaxmi/nidar_ws/install/px4_msgs/include/px4_msgs/px4_msgs/msg/detail\n'}
[6.278722] (px4_msgs) StdoutLine: {'line': b'-- Up-to-date: /home/subhalaxmi/nidar_ws/install/px4_msgs/include/px4_msgs/px4_msgs/msg/detail/rover_position_setpoint__rosidl_typesupport_introspection_cpp.hpp\n'}
[6.278833] (px4_msgs) StdoutLine: {'line': b'-- Up-to-date: /home/subhalaxmi/nidar_ws/install/px4_msgs/include/px4_msgs/px4_msgs/msg/detail/estimator_status_flags__type_support.cpp\n'}
[6.279016] (px4_msgs) StdoutLine: {'line': b'-- Up-to-date: /home/subhalaxmi/nidar_ws/install/px4_msgs/include/px4_msgs/px4_msgs/msg/detail/battery_info__rosidl_typesupport_introspection_cpp.hpp\n'}
[6.279141] (px4_msgs) StdoutLine: {'line': b'-- Up-to-date: /home/subhalaxmi/nidar_ws/install/px4_msgs/include/px4_msgs/px4_msgs/msg/detail/dronecan_node_status__rosidl_typesupport_introspection_cpp.hpp\n'}
[6.279259] (px4_msgs) StdoutLine: {'line': b'-- Up-to-date: /home/subhalaxmi/nidar_ws/install/px4_msgs/include/px4_msgs/px4_msgs/msg/detail/gpio_config__rosidl_typesupport_introspection_cpp.hpp\n'}
[6.279361] (px4_msgs) StdoutLine: {'line': b'-- Up-to-date: /home/subhalaxmi/nidar_ws/install/px4_msgs/include/px4_msgs/px4_msgs/msg/detail/control_allocator_status__type_support.cpp\n'}
[6.279462] (px4_msgs) StdoutLine: {'line': b'-- Up-to-date: /home/subhalaxmi/nidar_ws/install/px4_msgs/include/px4_msgs/px4_msgs/msg/detail/vehicle_local_position_setpoint__rosidl_typesupport_introspection_cpp.hpp\n'}
[6.279562] (px4_msgs) StdoutLine: {'line': b'-- Up-to-date: /home/subhalaxmi/nidar_ws/install/px4_msgs/include/px4_msgs/px4_msgs/msg/detail/landing_gear__rosidl_typesupport_introspection_cpp.hpp\n'}
[6.279662] (px4_msgs) StdoutLine: {'line': b'-- Up-to-date: /home/subhalaxmi/nidar_ws/install/px4_msgs/include/px4_msgs/px4_msgs/msg/detail/arming_check_request__type_support.cpp\n'}
[6.279773] (px4_msgs) StdoutLine: {'line': b'-- Up-to-date: /home/subhalaxmi/nidar_ws/install/px4_msgs/include/px4_msgs/px4_msgs/msg/detail/power_button_state__rosidl_typesupport_introspection_cpp.hpp\n'}
[6.279887] (px4_msgs) StdoutLine: {'line': b'-- Up-to-date: /home/subhalaxmi/nidar_ws/install/px4_msgs/include/px4_msgs/px4_msgs/msg/detail/log_message__type_support.cpp\n'}
[6.280038] (px4_msgs) StdoutLine: {'line': b'-- Up-to-date: /home/subhalaxmi/nidar_ws/install/px4_msgs/include/px4_msgs/px4_msgs/msg/detail/pwm_input__rosidl_typesupport_introspection_cpp.hpp\n'}
[6.280236] (px4_msgs) StdoutLine: {'line': b'-- Up-to-date: /home/subhalaxmi/nidar_ws/install/px4_msgs/include/px4_msgs/px4_msgs/msg/detail/fixed_wing_runway_control__type_support.cpp\n'}
[6.280375] (px4_msgs) StdoutLine: {'line': b'-- Up-to-date: /home/subhalaxmi/nidar_ws/install/px4_msgs/include/px4_msgs/px4_msgs/msg/detail/open_drone_id_self_id__type_support.cpp\n'}
[6.280487] (px4_msgs) StdoutLine: {'line': b'-- Up-to-date: /home/subhalaxmi/nidar_ws/install/px4_msgs/include/px4_msgs/px4_msgs/msg/detail/hover_thrust_estimate__type_support.cpp\n'}
[6.280609] (px4_msgs) StdoutLine: {'line': b'-- Up-to-date: /home/subhalaxmi/nidar_ws/install/px4_msgs/include/px4_msgs/px4_msgs/msg/detail/register_ext_component_request__rosidl_typesupport_introspection_cpp.hpp\n'}
[6.280749] (px4_msgs) StdoutLine: {'line': b'-- Up-to-date: /home/subhalaxmi/nidar_ws/install/px4_msgs/include/px4_msgs/px4_msgs/msg/detail/vehicle_angular_velocity__type_support.cpp\n'}
[6.280887] (px4_msgs) StdoutLine: {'line': b'-- Up-to-date: /home/subhalaxmi/nidar_ws/install/px4_msgs/include/px4_msgs/px4_msgs/msg/detail/fixed_wing_lateral_guidance_status__type_support.cpp\n'}
[6.281026] (px4_msgs) StdoutLine: {'line': b'-- Up-to-date: /home/subhalaxmi/nidar_ws/install/px4_msgs/include/px4_msgs/px4_msgs/msg/detail/landing_gear_wheel__rosidl_typesupport_introspection_cpp.hpp\n'}
[6.281230] (px4_msgs) StdoutLine: {'line': b'-- Up-to-date: /home/subhalaxmi/nidar_ws/install/px4_msgs/include/px4_msgs/px4_msgs/msg/detail/adc_report__type_support.cpp\n'}
[6.281346] (px4_msgs) StdoutLine: {'line': b'-- Up-to-date: /home/subhalaxmi/nidar_ws/install/px4_msgs/include/px4_msgs/px4_msgs/msg/detail/timesync_status__type_support.cpp\n'}
[6.281446] (px4_msgs) StdoutLine: {'line': b'-- Up-to-date: /home/subhalaxmi/nidar_ws/install/px4_msgs/include/px4_msgs/px4_msgs/msg/detail/timesync_status__rosidl_typesupport_introspection_cpp.hpp\n'}
[6.281547] (px4_msgs) StdoutLine: {'line': b'-- Up-to-date: /home/subhalaxmi/nidar_ws/install/px4_msgs/include/px4_msgs/px4_msgs/msg/detail/estimator_aid_source2d__rosidl_typesupport_introspection_cpp.hpp\n'}
[6.281693] (px4_msgs) StdoutLine: {'line': b'-- Up-to-date: /home/subhalaxmi/nidar_ws/install/px4_msgs/include/px4_msgs/px4_msgs/msg/detail/rover_rate_setpoint__rosidl_typesupport_introspection_cpp.hpp\n'}
[6.281832] (px4_msgs) StdoutLine: {'line': b'-- Up-to-date: /home/subhalaxmi/nidar_ws/install/px4_msgs/include/px4_msgs/px4_msgs/msg/detail/figure_eight_status__type_support.cpp\n'}
[6.281970] (px4_msgs) StdoutLine: {'line': b'-- Up-to-date: /home/subhalaxmi/nidar_ws/install/px4_msgs/include/px4_msgs/px4_msgs/msg/detail/sensors_status__type_support.cpp\n'}
[6.282109] (px4_msgs) StdoutLine: {'line': b'-- Up-to-date: /home/subhalaxmi/nidar_ws/install/px4_msgs/include/px4_msgs/px4_msgs/msg/detail/distance_sensor_mode_change_request__type_support.cpp\n'}
[6.282344] (px4_msgs) StdoutLine: {'line': b'-- Up-to-date: /home/subhalaxmi/nidar_ws/install/px4_msgs/include/px4_msgs/px4_msgs/msg/detail/camera_capture__rosidl_typesupport_introspection_cpp.hpp\n'}
[6.282471] (px4_msgs) StdoutLine: {'line': b'-- Up-to-date: /home/subhalaxmi/nidar_ws/install/px4_msgs/include/px4_msgs/px4_msgs/msg/detail/estimator_innovations__type_support.cpp\n'}
[6.282579] (px4_msgs) StdoutLine: {'line': b'-- Up-to-date: /home/subhalaxmi/nidar_ws/install/px4_msgs/include/px4_msgs/px4_msgs/msg/detail/rover_throttle_setpoint__rosidl_typesupport_introspection_cpp.hpp\n'}
[6.282687] (px4_msgs) StdoutLine: {'line': b'-- Up-to-date: /home/subhalaxmi/nidar_ws/install/px4_msgs/include/px4_msgs/px4_msgs/msg/detail/follow_target_estimator__rosidl_typesupport_introspection_cpp.hpp\n'}
[6.282787] (px4_msgs) StdoutLine: {'line': b'-- Up-to-date: /home/subhalaxmi/nidar_ws/install/px4_msgs/include/px4_msgs/px4_msgs/msg/detail/vehicle_status__type_support.cpp\n'}
[6.282888] (px4_msgs) StdoutLine: {'line': b'-- Up-to-date: /home/subhalaxmi/nidar_ws/install/px4_msgs/include/px4_msgs/px4_msgs/msg/detail/home_position__rosidl_typesupport_introspection_cpp.hpp\n'}
[6.282986] (px4_msgs) StdoutLine: {'line': b'-- Up-to-date: /home/subhalaxmi/nidar_ws/install/px4_msgs/include/px4_msgs/px4_msgs/msg/detail/device_information__rosidl_typesupport_introspection_cpp.hpp\n'}
[6.283085] (px4_msgs) StdoutLine: {'line': b'-- Up-to-date: /home/subhalaxmi/nidar_ws/install/px4_msgs/include/px4_msgs/px4_msgs/msg/detail/rover_speed_status__type_support.cpp\n'}
[6.283217] (px4_msgs) StdoutLine: {'line': b'-- Up-to-date: /home/subhalaxmi/nidar_ws/install/px4_msgs/include/px4_msgs/px4_msgs/msg/detail/open_drone_id_arm_status__type_support.cpp\n'}
[6.283330] (px4_msgs) StdoutLine: {'line': b'-- Up-to-date: /home/subhalaxmi/nidar_ws/install/px4_msgs/include/px4_msgs/px4_msgs/msg/detail/sensor_correction__rosidl_typesupport_introspection_cpp.hpp\n'}
[6.283488] (px4_msgs) StdoutLine: {'line': b'-- Up-to-date: /home/subhalaxmi/nidar_ws/install/px4_msgs/include/px4_msgs/px4_msgs/msg/detail/input_rc__rosidl_typesupport_introspection_cpp.hpp\n'}
[6.283629] (px4_msgs) StdoutLine: {'line': b'-- Up-to-date: /home/subhalaxmi/nidar_ws/install/px4_msgs/include/px4_msgs/px4_msgs/msg/detail/gimbal_device_attitude_status__rosidl_typesupport_introspection_cpp.hpp\n'}
[6.283766] (px4_msgs) StdoutLine: {'line': b'-- Up-to-date: /home/subhalaxmi/nidar_ws/install/px4_msgs/include/px4_msgs/px4_msgs/msg/detail/message_format_response__rosidl_typesupport_introspection_cpp.hpp\n'}
[6.283903] (px4_msgs) StdoutLine: {'line': b'-- Up-to-date: /home/subhalaxmi/nidar_ws/install/px4_msgs/include/px4_msgs/px4_msgs/msg/detail/follow_target__rosidl_typesupport_introspection_cpp.hpp\n'}
[6.284041] (px4_msgs) StdoutLine: {'line': b'-- Up-to-date: /home/subhalaxmi/nidar_ws/install/px4_msgs/include/px4_msgs/px4_msgs/msg/detail/ping__type_support.cpp\n'}
[6.284261] (px4_msgs) StdoutLine: {'line': b'-- Up-to-date: /home/subhalaxmi/nidar_ws/install/px4_msgs/include/px4_msgs/px4_msgs/msg/detail/obstacle_distance__type_support.cpp\n'}
[6.284372] (px4_msgs) StdoutLine: {'line': b'-- Up-to-date: /home/subhalaxmi/nidar_ws/install/px4_msgs/include/px4_msgs/px4_msgs/msg/detail/radio_status__type_support.cpp\n'}
[6.284471] (px4_msgs) StdoutLine: {'line': b'-- Up-to-date: /home/subhalaxmi/nidar_ws/install/px4_msgs/include/px4_msgs/px4_msgs/msg/detail/flight_phase_estimation__type_support.cpp\n'}
[6.284569] (px4_msgs) StdoutLine: {'line': b'-- Up-to-date: /home/subhalaxmi/nidar_ws/install/px4_msgs/include/px4_msgs/px4_msgs/msg/detail/cellular_status__rosidl_typesupport_introspection_cpp.hpp\n'}
[6.284667] (px4_msgs) StdoutLine: {'line': b'-- Up-to-date: /home/subhalaxmi/nidar_ws/install/px4_msgs/include/px4_msgs/px4_msgs/msg/detail/rtl_time_estimate__type_support.cpp\n'}
[6.284765] (px4_msgs) StdoutLine: {'line': b'-- Up-to-date: /home/subhalaxmi/nidar_ws/install/px4_msgs/include/px4_msgs/px4_msgs/msg/detail/gpio_request__rosidl_typesupport_introspection_cpp.hpp\n'}
[6.284864] (px4_msgs) StdoutLine: {'line': b'-- Up-to-date: /home/subhalaxmi/nidar_ws/install/px4_msgs/include/px4_msgs/px4_msgs/msg/detail/geofence_result__type_support.cpp\n'}
[6.284965] (px4_msgs) StdoutLine: {'line': b'-- Up-to-date: /home/subhalaxmi/nidar_ws/install/px4_msgs/include/px4_msgs/px4_msgs/msg/detail/launch_detection_status__type_support.cpp\n'}
[6.285145] (px4_msgs) StdoutLine: {'line': b'-- Up-to-date: /home/subhalaxmi/nidar_ws/install/px4_msgs/include/px4_msgs/px4_msgs/msg/detail/vehicle_imu_status__rosidl_typesupport_introspection_cpp.hpp\n'}
[6.285281] (px4_msgs) StdoutLine: {'line': b'-- Up-to-date: /home/subhalaxmi/nidar_ws/install/px4_msgs/include/px4_msgs/px4_msgs/msg/detail/led_control__rosidl_typesupport_introspection_cpp.hpp\n'}
[6.285382] (px4_msgs) StdoutLine: {'line': b'-- Up-to-date: /home/subhalaxmi/nidar_ws/install/px4_msgs/include/px4_msgs/px4_msgs/msg/detail/fuel_tank_status__rosidl_typesupport_introspection_cpp.hpp\n'}
[6.285482] (px4_msgs) StdoutLine: {'line': b'-- Up-to-date: /home/subhalaxmi/nidar_ws/install/px4_msgs/include/px4_msgs/px4_msgs/msg/detail/cpuload__type_support.cpp\n'}
[6.285581] (px4_msgs) StdoutLine: {'line': b'-- Up-to-date: /home/subhalaxmi/nidar_ws/install/px4_msgs/include/px4_msgs/px4_msgs/msg/detail/gimbal_manager_information__type_support.cpp\n'}
[6.285679] (px4_msgs) StdoutLine: {'line': b'-- Up-to-date: /home/subhalaxmi/nidar_ws/install/px4_msgs/include/px4_msgs/px4_msgs/msg/detail/power_button_state__type_support.cpp\n'}
[6.285861] (px4_msgs) StdoutLine: {'line': b'-- Up-to-date: /home/subhalaxmi/nidar_ws/install/px4_msgs/include/px4_msgs/px4_msgs/msg/detail/follow_target_status__type_support.cpp\n'}
[6.285966] (px4_msgs) StdoutLine: {'line': b'-- Up-to-date: /home/subhalaxmi/nidar_ws/install/px4_msgs/include/px4_msgs/px4_msgs/msg/detail/parameter_set_value_request__type_support.cpp\n'}
[6.286065] (px4_msgs) StdoutLine: {'line': b'-- Up-to-date: /home/subhalaxmi/nidar_ws/install/px4_msgs/include/px4_msgs/px4_msgs/msg/detail/vehicle_attitude__rosidl_typesupport_introspection_cpp.hpp\n'}
[6.286197] (px4_msgs) StdoutLine: {'line': b'-- Up-to-date: /home/subhalaxmi/nidar_ws/install/px4_msgs/include/px4_msgs/px4_msgs/msg/detail/internal_combustion_engine_status__type_support.cpp\n'}
[6.286303] (px4_msgs) StdoutLine: {'line': b'-- Up-to-date: /home/subhalaxmi/nidar_ws/install/px4_msgs/include/px4_msgs/px4_msgs/msg/detail/sensor_optical_flow__rosidl_typesupport_introspection_cpp.hpp\n'}
[6.286403] (px4_msgs) StdoutLine: {'line': b'-- Up-to-date: /home/subhalaxmi/nidar_ws/install/px4_msgs/include/px4_msgs/px4_msgs/msg/detail/transponder_report__type_support.cpp\n'}
[6.286500] (px4_msgs) StdoutLine: {'line': b'-- Up-to-date: /home/subhalaxmi/nidar_ws/install/px4_msgs/include/px4_msgs/px4_msgs/msg/detail/vehicle_air_data__rosidl_typesupport_introspection_cpp.hpp\n'}
[6.286598] (px4_msgs) StdoutLine: {'line': b'-- Up-to-date: /home/subhalaxmi/nidar_ws/install/px4_msgs/include/px4_msgs/px4_msgs/msg/detail/open_drone_id_operator_id__type_support.cpp\n'}
[6.286696] (px4_msgs) StdoutLine: {'line': b'-- Up-to-date: /home/subhalaxmi/nidar_ws/install/px4_msgs/include/px4_msgs/px4_msgs/msg/detail/mavlink_log__rosidl_typesupport_introspection_cpp.hpp\n'}
[6.286859] (px4_msgs) StdoutLine: {'line': b'-- Up-to-date: /home/subhalaxmi/nidar_ws/install/px4_msgs/include/px4_msgs/px4_msgs/msg/detail/pure_pursuit_status__rosidl_typesupport_introspection_cpp.hpp\n'}
[6.286968] (px4_msgs) StdoutLine: {'line': b'-- Up-to-date: /home/subhalaxmi/nidar_ws/install/px4_msgs/include/px4_msgs/px4_msgs/msg/detail/gimbal_manager_information__rosidl_typesupport_introspection_cpp.hpp\n'}
[6.287066] (px4_msgs) StdoutLine: {'line': b'-- Up-to-date: /home/subhalaxmi/nidar_ws/install/px4_msgs/include/px4_msgs/px4_msgs/msg/detail/estimator_selector_status__rosidl_typesupport_introspection_cpp.hpp\n'}
[6.287199] (px4_msgs) StdoutLine: {'line': b'-- Up-to-date: /home/subhalaxmi/nidar_ws/install/px4_msgs/include/px4_msgs/px4_msgs/msg/detail/open_drone_id_operator_id__rosidl_typesupport_introspection_cpp.hpp\n'}
[6.287304] (px4_msgs) StdoutLine: {'line': b'-- Up-to-date: /home/subhalaxmi/nidar_ws/install/px4_msgs/include/px4_msgs/px4_msgs/msg/detail/tecs_status__type_support.cpp\n'}
[6.287401] (px4_msgs) StdoutLine: {'line': b'-- Up-to-date: /home/subhalaxmi/nidar_ws/install/px4_msgs/include/px4_msgs/px4_msgs/msg/detail/velocity_limits__rosidl_typesupport_introspection_cpp.hpp\n'}
[6.287524] (px4_msgs) StdoutLine: {'line': b'-- Up-to-date: /home/subhalaxmi/nidar_ws/install/px4_msgs/include/px4_msgs/px4_msgs/msg/detail/rpm__rosidl_typesupport_introspection_cpp.hpp\n'}
[6.287694] (px4_msgs) StdoutLine: {'line': b'-- Up-to-date: /home/subhalaxmi/nidar_ws/install/px4_msgs/include/px4_msgs/px4_msgs/msg/detail/sensor_gnss_status__rosidl_typesupport_introspection_cpp.hpp\n'}
[6.287806] (px4_msgs) StdoutLine: {'line': b'-- Up-to-date: /home/subhalaxmi/nidar_ws/install/px4_msgs/include/px4_msgs/px4_msgs/msg/detail/debug_value__rosidl_typesupport_introspection_cpp.hpp\n'}
[6.287935] (px4_msgs) StdoutLine: {'line': b'-- Up-to-date: /home/subhalaxmi/nidar_ws/install/px4_msgs/include/px4_msgs/px4_msgs/msg/detail/vehicle_odometry__type_support.cpp\n'}
[6.288035] (px4_msgs) StdoutLine: {'line': b'-- Up-to-date: /home/subhalaxmi/nidar_ws/install/px4_msgs/include/px4_msgs/px4_msgs/msg/detail/follow_target__type_support.cpp\n'}
[6.288163] (px4_msgs) StdoutLine: {'line': b'-- Up-to-date: /home/subhalaxmi/nidar_ws/install/px4_msgs/include/px4_msgs/px4_msgs/msg/detail/vtx__rosidl_typesupport_introspection_cpp.hpp\n'}
[6.288273] (px4_msgs) StdoutLine: {'line': b'-- Up-to-date: /home/subhalaxmi/nidar_ws/install/px4_msgs/include/px4_msgs/px4_msgs/msg/detail/mission__type_support.cpp\n'}
[6.288373] (px4_msgs) StdoutLine: {'line': b'-- Up-to-date: /home/subhalaxmi/nidar_ws/install/px4_msgs/include/px4_msgs/px4_msgs/msg/detail/manual_control_switches__rosidl_typesupport_introspection_cpp.hpp\n'}
[6.288473] (px4_msgs) StdoutLine: {'line': b'-- Up-to-date: /home/subhalaxmi/nidar_ws/install/px4_msgs/include/px4_msgs/px4_msgs/msg/detail/pps_capture__rosidl_typesupport_introspection_cpp.hpp\n'}
[6.288574] (px4_msgs) StdoutLine: {'line': b'-- Up-to-date: /home/subhalaxmi/nidar_ws/install/px4_msgs/include/px4_msgs/px4_msgs/msg/detail/rover_steering_setpoint__type_support.cpp\n'}
[6.288731] (px4_msgs) StdoutLine: {'line': b'-- Up-to-date: /home/subhalaxmi/nidar_ws/install/px4_msgs/include/px4_msgs/px4_msgs/msg/detail/orb_test_large__type_support.cpp\n'}
[6.288930] (px4_msgs) StdoutLine: {'line': b'-- Up-to-date: /home/subhalaxmi/nidar_ws/install/px4_msgs/include/px4_msgs/px4_msgs/msg/detail/task_stack_info__type_support.cpp\n'}
[6.289036] (px4_msgs) StdoutLine: {'line': b'-- Up-to-date: /home/subhalaxmi/nidar_ws/install/px4_msgs/include/px4_msgs/px4_msgs/msg/detail/mavlink_tunnel__rosidl_typesupport_introspection_cpp.hpp\n'}
[6.289151] (px4_msgs) StdoutLine: {'line': b'-- Up-to-date: /home/subhalaxmi/nidar_ws/install/px4_msgs/include/px4_msgs/px4_msgs/msg/detail/mode_completed__rosidl_typesupport_introspection_cpp.hpp\n'}
[6.289278] (px4_msgs) StdoutLine: {'line': b'-- Up-to-date: /home/subhalaxmi/nidar_ws/install/px4_msgs/include/px4_msgs/px4_msgs/msg/detail/sensor_gnss_relative__type_support.cpp\n'}
[6.289420] (px4_msgs) StdoutLine: {'line': b'-- Up-to-date: /home/subhalaxmi/nidar_ws/install/px4_msgs/include/px4_msgs/px4_msgs/msg/detail/gain_compression__type_support.cpp\n'}
[6.289558] (px4_msgs) StdoutLine: {'line': b'-- Up-to-date: /home/subhalaxmi/nidar_ws/install/px4_msgs/include/px4_msgs/px4_msgs/msg/detail/autotune_attitude_control_status__rosidl_typesupport_introspection_cpp.hpp\n'}
[6.289695] (px4_msgs) StdoutLine: {'line': b'-- Up-to-date: /home/subhalaxmi/nidar_ws/install/px4_msgs/include/px4_msgs/px4_msgs/msg/detail/logger_status__type_support.cpp\n'}
[6.289833] (px4_msgs) StdoutLine: {'line': b'-- Up-to-date: /home/subhalaxmi/nidar_ws/install/px4_msgs/include/px4_msgs/px4_msgs/msg/detail/raptor_input__rosidl_typesupport_introspection_cpp.hpp\n'}
[6.289971] (px4_msgs) StdoutLine: {'line': b'-- Up-to-date: /home/subhalaxmi/nidar_ws/install/px4_msgs/include/px4_msgs/px4_msgs/msg/detail/message_format_request__type_support.cpp\n'}
[6.290108] (px4_msgs) StdoutLine: {'line': b'-- Up-to-date: /home/subhalaxmi/nidar_ws/install/px4_msgs/include/px4_msgs/px4_msgs/msg/detail/rover_attitude_status__rosidl_typesupport_introspection_cpp.hpp\n'}
[6.290298] (px4_msgs) StdoutLine: {'line': b'-- Up-to-date: /home/subhalaxmi/nidar_ws/install/px4_msgs/include/px4_msgs/px4_msgs/msg/detail/geofence_result__rosidl_typesupport_introspection_cpp.hpp\n'}
[6.290447] (px4_msgs) StdoutLine: {'line': b'-- Up-to-date: /home/subhalaxmi/nidar_ws/install/px4_msgs/include/px4_msgs/px4_msgs/msg/detail/orb_test_large__rosidl_typesupport_introspection_cpp.hpp\n'}
[6.290609] (px4_msgs) StdoutLine: {'line': b'-- Up-to-date: /home/subhalaxmi/nidar_ws/install/px4_msgs/include/px4_msgs/px4_msgs/msg/detail/mission_result__rosidl_typesupport_introspection_cpp.hpp\n'}
[6.290709] (px4_msgs) StdoutLine: {'line': b'-- Up-to-date: /home/subhalaxmi/nidar_ws/install/px4_msgs/include/px4_msgs/px4_msgs/msg/detail/vehicle_global_position__type_support.cpp\n'}
[6.290808] (px4_msgs) StdoutLine: {'line': b'-- Up-to-date: /home/subhalaxmi/nidar_ws/install/px4_msgs/include/px4_msgs/px4_msgs/msg/detail/vehicle_control_mode__rosidl_typesupport_introspection_cpp.hpp\n'}
[6.290907] (px4_msgs) StdoutLine: {'line': b'-- Up-to-date: /home/subhalaxmi/nidar_ws/install/px4_msgs/include/px4_msgs/px4_msgs/msg/detail/health_report__rosidl_typesupport_introspection_cpp.hpp\n'}
[6.291007] (px4_msgs) StdoutLine: {'line': b'-- Up-to-date: /home/subhalaxmi/nidar_ws/install/px4_msgs/include/px4_msgs/px4_msgs/msg/detail/gimbal_manager_set_attitude__type_support.cpp\n'}
[6.291162] (px4_msgs) StdoutLine: {'line': b'-- Up-to-date: /home/subhalaxmi/nidar_ws/install/px4_msgs/include/px4_msgs/px4_msgs/msg/detail/gpio_out__type_support.cpp\n'}
[6.291327] (px4_msgs) StdoutLine: {'line': b'-- Up-to-date: /home/subhalaxmi/nidar_ws/install/px4_msgs/include/px4_msgs/px4_msgs/msg/detail/uavcan_parameter_value__rosidl_typesupport_introspection_cpp.hpp\n'}
[6.291432] (px4_msgs) StdoutLine: {'line': b'-- Up-to-date: /home/subhalaxmi/nidar_ws/install/px4_msgs/include/px4_msgs/px4_msgs/msg/detail/wind__rosidl_typesupport_introspection_cpp.hpp\n'}
[6.291535] (px4_msgs) StdoutLine: {'line': b'-- Up-to-date: /home/subhalaxmi/nidar_ws/install/px4_msgs/include/px4_msgs/px4_msgs/msg/detail/satellite_info__type_support.cpp\n'}
[6.291636] (px4_msgs) StdoutLine: {'line': b'-- Up-to-date: /home/subhalaxmi/nidar_ws/install/px4_msgs/include/px4_msgs/px4_msgs/msg/detail/wheel_encoders__rosidl_typesupport_introspection_cpp.hpp\n'}
[6.291738] (px4_msgs) StdoutLine: {'line': b'-- Up-to-date: /home/subhalaxmi/nidar_ws/install/px4_msgs/include/px4_msgs/px4_msgs/msg/detail/sensor_gyro_fft__type_support.cpp\n'}
[6.291881] (px4_msgs) StdoutLine: {'line': b'-- Up-to-date: /home/subhalaxmi/nidar_ws/install/px4_msgs/include/px4_msgs/px4_msgs/msg/detail/internal_combustion_engine_status__rosidl_typesupport_introspection_cpp.hpp\n'}
[6.292019] (px4_msgs) StdoutLine: {'line': b'-- Up-to-date: /home/subhalaxmi/nidar_ws/install/px4_msgs/include/px4_msgs/px4_msgs/msg/detail/actuator_servos__type_support.cpp\n'}
[6.292214] (px4_msgs) StdoutLine: {'line': b'-- Up-to-date: /home/subhalaxmi/nidar_ws/install/px4_msgs/include/px4_msgs/px4_msgs/msg/detail/sensor_uwb__rosidl_typesupport_introspection_cpp.hpp\n'}
[6.292333] (px4_msgs) StdoutLine: {'line': b'-- Up-to-date: /home/subhalaxmi/nidar_ws/install/px4_msgs/include/px4_msgs/px4_msgs/msg/detail/gpio_in__type_support.cpp\n'}
[6.292496] (px4_msgs) StdoutLine: {'line': b'-- Up-to-date: /home/subhalaxmi/nidar_ws/install/px4_msgs/include/px4_msgs/px4_msgs/msg/detail/sensor_accel__type_support.cpp\n'}
[6.292607] (px4_msgs) StdoutLine: {'line': b'-- Up-to-date: /home/subhalaxmi/nidar_ws/install/px4_msgs/include/px4_msgs/px4_msgs/msg/detail/parameter_reset_request__rosidl_typesupport_introspection_cpp.hpp\n'}
[6.292707] (px4_msgs) StdoutLine: {'line': b'-- Up-to-date: /home/subhalaxmi/nidar_ws/install/px4_msgs/include/px4_msgs/px4_msgs/msg/detail/normalized_unsigned_setpoint__type_support.cpp\n'}
[6.292805] (px4_msgs) StdoutLine: {'line': b'-- Up-to-date: /home/subhalaxmi/nidar_ws/install/px4_msgs/include/px4_msgs/px4_msgs/msg/detail/satellite_info__rosidl_typesupport_introspection_cpp.hpp\n'}
[6.292921] (px4_msgs) StdoutLine: {'line': b'-- Up-to-date: /home/subhalaxmi/nidar_ws/install/px4_msgs/include/px4_msgs/px4_msgs/msg/detail/wheel_encoders__type_support.cpp\n'}
[6.293022] (px4_msgs) StdoutLine: {'line': b'-- Up-to-date: /home/subhalaxmi/nidar_ws/install/px4_msgs/include/px4_msgs/px4_msgs/msg/detail/button_event__rosidl_typesupport_introspection_cpp.hpp\n'}
[6.293212] (px4_msgs) StdoutLine: {'line': b'-- Up-to-date: /home/subhalaxmi/nidar_ws/install/px4_msgs/include/px4_msgs/px4_msgs/msg/detail/vehicle_rates_setpoint__rosidl_typesupport_introspection_cpp.hpp\n'}
[6.293328] (px4_msgs) StdoutLine: {'line': b'-- Up-to-date: /home/subhalaxmi/nidar_ws/install/px4_msgs/include/px4_msgs/px4_msgs/msg/detail/qshell_req__rosidl_typesupport_introspection_cpp.hpp\n'}
[6.293428] (px4_msgs) StdoutLine: {'line': b'-- Up-to-date: /home/subhalaxmi/nidar_ws/install/px4_msgs/include/px4_msgs/px4_msgs/msg/detail/gain_compression__rosidl_typesupport_introspection_cpp.hpp\n'}
[6.293526] (px4_msgs) StdoutLine: {'line': b'-- Up-to-date: /home/subhalaxmi/nidar_ws/install/px4_msgs/include/px4_msgs/px4_msgs/msg/detail/airspeed__type_support.cpp\n'}
[6.293625] (px4_msgs) StdoutLine: {'line': b'-- Up-to-date: /home/subhalaxmi/nidar_ws/install/px4_msgs/include/px4_msgs/px4_msgs/msg/detail/vehicle_land_detected__rosidl_typesupport_introspection_cpp.hpp\n'}
[6.293725] (px4_msgs) StdoutLine: {'line': b'-- Up-to-date: /home/subhalaxmi/nidar_ws/install/px4_msgs/include/px4_msgs/px4_msgs/msg/detail/raptor_input__type_support.cpp\n'}
[6.293882] (px4_msgs) StdoutLine: {'line': b'-- Up-to-date: /home/subhalaxmi/nidar_ws/install/px4_msgs/include/px4_msgs/px4_msgs/msg/detail/actuator_test__type_support.cpp\n'}
[6.293982] (px4_msgs) StdoutLine: {'line': b'-- Up-to-date: /home/subhalaxmi/nidar_ws/install/px4_msgs/include/px4_msgs/px4_msgs/msg/detail/yaw_estimator_status__rosidl_typesupport_introspection_cpp.hpp\n'}
[6.294081] (px4_msgs) StdoutLine: {'line': b'-- Up-to-date: /home/subhalaxmi/nidar_ws/install/px4_msgs/include/px4_msgs/px4_msgs/msg/detail/gimbal_device_set_attitude__type_support.cpp\n'}
[6.294211] (px4_msgs) StdoutLine: {'line': b'-- Up-to-date: /home/subhalaxmi/nidar_ws/install/px4_msgs/include/px4_msgs/px4_msgs/msg/detail/vehicle_land_detected__type_support.cpp\n'}
[6.294314] (px4_msgs) StdoutLine: {'line': b'-- Up-to-date: /home/subhalaxmi/nidar_ws/install/px4_msgs/include/px4_msgs/px4_msgs/msg/detail/dataman_request__rosidl_typesupport_introspection_cpp.hpp\n'}
[6.294414] (px4_msgs) StdoutLine: {'line': b'-- Up-to-date: /home/subhalaxmi/nidar_ws/install/px4_msgs/include/px4_msgs/px4_msgs/msg/detail/airspeed_validated__rosidl_typesupport_introspection_cpp.hpp\n'}
[6.294513] (px4_msgs) StdoutLine: {'line': b'-- Up-to-date: /home/subhalaxmi/nidar_ws/install/px4_msgs/include/px4_msgs/px4_msgs/msg/detail/sensor_airflow__type_support.cpp\n'}
[6.294612] (px4_msgs) StdoutLine: {'line': b'-- Up-to-date: /home/subhalaxmi/nidar_ws/install/px4_msgs/include/px4_msgs/px4_msgs/msg/detail/sensor_selection__type_support.cpp\n'}
[6.294710] (px4_msgs) StdoutLine: {'line': b'-- Up-to-date: /home/subhalaxmi/nidar_ws/install/px4_msgs/include/px4_msgs/px4_msgs/msg/detail/landing_gear_wheel__type_support.cpp\n'}
[6.294818] (px4_msgs) StdoutLine: {'line': b'-- Up-to-date: /home/subhalaxmi/nidar_ws/install/px4_msgs/include/px4_msgs/px4_msgs/msg/detail/vehicle_imu_status__type_support.cpp\n'}
[6.294974] (px4_msgs) StdoutLine: {'line': b'-- Up-to-date: /home/subhalaxmi/nidar_ws/install/px4_msgs/include/px4_msgs/px4_msgs/msg/detail/actuator_servos_trim__rosidl_typesupport_introspection_cpp.hpp\n'}
[6.295135] (px4_msgs) StdoutLine: {'line': b'-- Up-to-date: /home/subhalaxmi/nidar_ws/install/px4_msgs/include/px4_msgs/px4_msgs/msg/detail/gripper__type_support.cpp\n'}
[6.295308] (px4_msgs) StdoutLine: {'line': b'-- Up-to-date: /home/subhalaxmi/nidar_ws/install/px4_msgs/include/px4_msgs/px4_msgs/msg/detail/esc_status__type_support.cpp\n'}
[6.295408] (px4_msgs) StdoutLine: {'line': b'-- Up-to-date: /home/subhalaxmi/nidar_ws/install/px4_msgs/include/px4_msgs/px4_msgs/msg/detail/gimbal_manager_set_manual_control__type_support.cpp\n'}
[6.295513] (px4_msgs) StdoutLine: {'line': b'-- Up-to-date: /home/subhalaxmi/nidar_ws/install/px4_msgs/include/px4_msgs/px4_msgs/msg/detail/vehicle_command__rosidl_typesupport_introspection_cpp.hpp\n'}
[6.295689] (px4_msgs) StdoutLine: {'line': b'-- Up-to-date: /home/subhalaxmi/nidar_ws/install/px4_msgs/include/px4_msgs/px4_msgs/msg/detail/uavcan_parameter_value__type_support.cpp\n'}
[6.295799] (px4_msgs) StdoutLine: {'line': b'-- Up-to-date: /home/subhalaxmi/nidar_ws/install/px4_msgs/include/px4_msgs/px4_msgs/msg/detail/arming_check_request__rosidl_typesupport_introspection_cpp.hpp\n'}
[6.295899] (px4_msgs) StdoutLine: {'line': b'-- Up-to-date: /home/subhalaxmi/nidar_ws/install/px4_msgs/include/px4_msgs/px4_msgs/msg/detail/control_allocator_status__rosidl_typesupport_introspection_cpp.hpp\n'}
[6.295996] (px4_msgs) StdoutLine: {'line': b'-- Up-to-date: /home/subhalaxmi/nidar_ws/install/px4_msgs/include/px4_msgs/px4_msgs/msg/detail/lateral_control_configuration__rosidl_typesupport_introspection_cpp.hpp\n'}
[6.296094] (px4_msgs) StdoutLine: {'line': b'-- Up-to-date: /home/subhalaxmi/nidar_ws/install/px4_msgs/include/px4_msgs/px4_msgs/msg/detail/estimator_status__type_support.cpp\n'}
[6.296221] (px4_msgs) StdoutLine: {'line': b'-- Up-to-date: /home/subhalaxmi/nidar_ws/install/px4_msgs/include/px4_msgs/px4_msgs/msg/detail/dataman_request__type_support.cpp\n'}
[6.296343] (px4_msgs) StdoutLine: {'line': b'-- Up-to-date: /home/subhalaxmi/nidar_ws/install/px4_msgs/include/px4_msgs/px4_msgs/msg/detail/neural_control__type_support.cpp\n'}
[6.296445] (px4_msgs) StdoutLine: {'line': b'-- Up-to-date: /home/subhalaxmi/nidar_ws/install/px4_msgs/include/px4_msgs/px4_msgs/msg/detail/vehicle_magnetometer__type_support.cpp\n'}
[6.296555] (px4_msgs) StdoutLine: {'line': b'-- Up-to-date: /home/subhalaxmi/nidar_ws/install/px4_msgs/include/px4_msgs/px4_msgs/msg/detail/vehicle_thrust_setpoint__type_support.cpp\n'}
[6.296708] (px4_msgs) StdoutLine: {'line': b'-- Up-to-date: /home/subhalaxmi/nidar_ws/install/px4_msgs/include/px4_msgs/px4_msgs/msg/detail/generator_status__rosidl_typesupport_introspection_cpp.hpp\n'}
[6.296846] (px4_msgs) StdoutLine: {'line': b'-- Up-to-date: /home/subhalaxmi/nidar_ws/install/px4_msgs/include/px4_msgs/px4_msgs/msg/detail/sensors_status__rosidl_typesupport_introspection_cpp.hpp\n'}
[6.296985] (px4_msgs) StdoutLine: {'line': b'-- Up-to-date: /home/subhalaxmi/nidar_ws/install/px4_msgs/include/px4_msgs/px4_msgs/msg/detail/estimator_bias3d__type_support.cpp\n'}
[6.297167] (px4_msgs) StdoutLine: {'line': b'-- Up-to-date: /home/subhalaxmi/nidar_ws/install/px4_msgs/include/px4_msgs/px4_msgs/msg/detail/vehicle_acceleration__type_support.cpp\n'}
[6.297299] (px4_msgs) StdoutLine: {'line': b'-- Up-to-date: /home/subhalaxmi/nidar_ws/install/px4_msgs/include/px4_msgs/px4_msgs/msg/detail/can_interface_status__rosidl_typesupport_introspection_cpp.hpp\n'}
[6.297445] (px4_msgs) StdoutLine: {'line': b'-- Up-to-date: /home/subhalaxmi/nidar_ws/install/px4_msgs/include/px4_msgs/px4_msgs/msg/detail/can_interface_status__type_support.cpp\n'}
[6.297584] (px4_msgs) StdoutLine: {'line': b'-- Up-to-date: /home/subhalaxmi/nidar_ws/install/px4_msgs/include/px4_msgs/px4_msgs/msg/detail/rate_ctrl_status__rosidl_typesupport_introspection_cpp.hpp\n'}
[6.297720] (px4_msgs) StdoutLine: {'line': b'-- Up-to-date: /home/subhalaxmi/nidar_ws/install/px4_msgs/include/px4_msgs/px4_msgs/msg/detail/position_setpoint__type_support.cpp\n'}
[6.297856] (px4_msgs) StdoutLine: {'line': b'-- Up-to-date: /home/subhalaxmi/nidar_ws/install/px4_msgs/include/px4_msgs/px4_msgs/msg/detail/sensor_mag__rosidl_typesupport_introspection_cpp.hpp\n'}
[6.297991] (px4_msgs) StdoutLine: {'line': b'-- Up-to-date: /home/subhalaxmi/nidar_ws/install/px4_msgs/include/px4_msgs/px4_msgs/msg/detail/sensor_correction__type_support.cpp\n'}
[6.298143] (px4_msgs) StdoutLine: {'line': b'-- Up-to-date: /home/subhalaxmi/nidar_ws/install/px4_msgs/include/px4_msgs/px4_msgs/msg/detail/unregister_ext_component__rosidl_typesupport_introspection_cpp.hpp\n'}
[6.298328] (px4_msgs) StdoutLine: {'line': b'-- Up-to-date: /home/subhalaxmi/nidar_ws/install/px4_msgs/include/px4_msgs/px4_msgs/msg/detail/estimator_status_flags__rosidl_typesupport_introspection_cpp.hpp\n'}
[6.298475] (px4_msgs) StdoutLine: {'line': b'-- Up-to-date: /home/subhalaxmi/nidar_ws/install/px4_msgs/include/px4_msgs/px4_msgs/msg/detail/config_overrides__rosidl_typesupport_introspection_cpp.hpp\n'}
[6.298631] (px4_msgs) StdoutLine: {'line': b'-- Up-to-date: /home/subhalaxmi/nidar_ws/install/px4_msgs/include/px4_msgs/px4_msgs/msg/detail/open_drone_id_arm_status__rosidl_typesupport_introspection_cpp.hpp\n'}
[6.298732] (px4_msgs) StdoutLine: {'line': b'-- Up-to-date: /home/subhalaxmi/nidar_ws/install/px4_msgs/include/px4_msgs/px4_msgs/msg/detail/vehicle_local_position__type_support.cpp\n'}
[6.298830] (px4_msgs) StdoutLine: {'line': b'-- Up-to-date: /home/subhalaxmi/nidar_ws/install/px4_msgs/include/px4_msgs/px4_msgs/msg/detail/parameter_update__rosidl_typesupport_introspection_cpp.hpp\n'}
[6.298928] (px4_msgs) StdoutLine: {'line': b'-- Up-to-date: /home/subhalaxmi/nidar_ws/install/px4_msgs/include/px4_msgs/px4_msgs/msg/detail/mission_result__type_support.cpp\n'}
[6.299078] (px4_msgs) StdoutLine: {'line': b'-- Up-to-date: /home/subhalaxmi/nidar_ws/install/px4_msgs/include/px4_msgs/px4_msgs/msg/detail/ekf2_timestamps__type_support.cpp\n'}
[6.299219] (px4_msgs) StdoutLine: {'line': b'-- Up-to-date: /home/subhalaxmi/nidar_ws/install/px4_msgs/include/px4_msgs/px4_msgs/msg/detail/rover_speed_setpoint__rosidl_typesupport_introspection_cpp.hpp\n'}
[6.299324] (px4_msgs) StdoutLine: {'line': b'-- Up-to-date: /home/subhalaxmi/nidar_ws/install/px4_msgs/include/px4_msgs/px4_msgs/msg/detail/sensor_accel_fifo__rosidl_typesupport_introspection_cpp.hpp\n'}
[6.299423] (px4_msgs) StdoutLine: {'line': b'-- Up-to-date: /home/subhalaxmi/nidar_ws/install/px4_msgs/include/px4_msgs/px4_msgs/msg/detail/follow_target_status__rosidl_typesupport_introspection_cpp.hpp\n'}
[6.299522] (px4_msgs) StdoutLine: {'line': b'-- Up-to-date: /home/subhalaxmi/nidar_ws/install/px4_msgs/include/px4_msgs/px4_msgs/msg/detail/tune_control__rosidl_typesupport_introspection_cpp.hpp\n'}
[6.299620] (px4_msgs) StdoutLine: {'line': b'-- Up-to-date: /home/subhalaxmi/nidar_ws/install/px4_msgs/include/px4_msgs/px4_msgs/msg/detail/aux_global_position__type_support.cpp\n'}
[6.299718] (px4_msgs) StdoutLine: {'line': b'-- Up-to-date: /home/subhalaxmi/nidar_ws/install/px4_msgs/include/px4_msgs/px4_msgs/msg/detail/vehicle_global_position__rosidl_typesupport_introspection_cpp.hpp\n'}
[6.299815] (px4_msgs) StdoutLine: {'line': b'-- Up-to-date: /home/subhalaxmi/nidar_ws/install/px4_msgs/include/px4_msgs/px4_msgs/msg/detail/sensors_status_imu__rosidl_typesupport_introspection_cpp.hpp\n'}
[6.299929] (px4_msgs) StdoutLine: {'line': b'-- Up-to-date: /home/subhalaxmi/nidar_ws/install/px4_msgs/include/px4_msgs/px4_msgs/msg/detail/battery_status__type_support.cpp\n'}
[6.300033] (px4_msgs) StdoutLine: {'line': b'-- Up-to-date: /home/subhalaxmi/nidar_ws/install/px4_msgs/include/px4_msgs/px4_msgs/msg/detail/gps_inject_data__type_support.cpp\n'}
[6.300241] (px4_msgs) StdoutLine: {'line': b'-- Up-to-date: /home/subhalaxmi/nidar_ws/install/px4_msgs/include/px4_msgs/px4_msgs/msg/detail/vehicle_optical_flow_vel__rosidl_typesupport_introspection_cpp.hpp\n'}
[6.300347] (px4_msgs) StdoutLine: {'line': b'-- Up-to-date: /home/subhalaxmi/nidar_ws/install/px4_msgs/include/px4_msgs/px4_msgs/msg/detail/failure_detector_status__rosidl_typesupport_introspection_cpp.hpp\n'}
[6.300446] (px4_msgs) StdoutLine: {'line': b'-- Up-to-date: /home/subhalaxmi/nidar_ws/install/px4_msgs/include/px4_msgs/px4_msgs/msg/detail/vehicle_command_ack__type_support.cpp\n'}
[6.300543] (px4_msgs) StdoutLine: {'line': b'-- Up-to-date: /home/subhalaxmi/nidar_ws/install/px4_msgs/include/px4_msgs/px4_msgs/msg/detail/navigator_mission_item__rosidl_typesupport_introspection_cpp.hpp\n'}
[6.300642] (px4_msgs) StdoutLine: {'line': b'-- Up-to-date: /home/subhalaxmi/nidar_ws/install/px4_msgs/include/px4_msgs/px4_msgs/msg/detail/vehicle_imu__type_support.cpp\n'}
[6.300749] (px4_msgs) StdoutLine: {'line': b'-- Up-to-date: /home/subhalaxmi/nidar_ws/install/px4_msgs/include/px4_msgs/px4_msgs/msg/detail/gimbal_device_information__type_support.cpp\n'}
[6.300897] (px4_msgs) StdoutLine: {'line': b'-- Up-to-date: /home/subhalaxmi/nidar_ws/install/px4_msgs/include/px4_msgs/px4_msgs/msg/detail/landing_target_innovations__rosidl_typesupport_introspection_cpp.hpp\n'}
[6.301060] (px4_msgs) StdoutLine: {'line': b'-- Up-to-date: /home/subhalaxmi/nidar_ws/install/px4_msgs/include/px4_msgs/px4_msgs/msg/detail/airspeed_validated__type_support.cpp\n'}
[6.301186] (px4_msgs) StdoutLine: {'line': b'-- Up-to-date: /home/subhalaxmi/nidar_ws/install/px4_msgs/include/px4_msgs/px4_msgs/msg/detail/position_setpoint__rosidl_typesupport_introspection_cpp.hpp\n'}
[6.301291] (px4_msgs) StdoutLine: {'line': b'-- Up-to-date: /home/subhalaxmi/nidar_ws/install/px4_msgs/include/px4_msgs/px4_msgs/msg/detail/actuator_armed__type_support.cpp\n'}
[6.301389] (px4_msgs) StdoutLine: {'line': b'-- Up-to-date: /home/subhalaxmi/nidar_ws/install/px4_msgs/include/px4_msgs/px4_msgs/msg/detail/mount_orientation__rosidl_typesupport_introspection_cpp.hpp\n'}
[6.301487] (px4_msgs) StdoutLine: {'line': b'-- Up-to-date: /home/subhalaxmi/nidar_ws/install/px4_msgs/include/px4_msgs/px4_msgs/msg/detail/position_controller_landing_status__type_support.cpp\n'}
[6.301584] (px4_msgs) StdoutLine: {'line': b'-- Up-to-date: /home/subhalaxmi/nidar_ws/install/px4_msgs/include/px4_msgs/px4_msgs/msg/detail/event__type_support.cpp\n'}
[6.301683] (px4_msgs) StdoutLine: {'line': b'-- Up-to-date: /home/subhalaxmi/nidar_ws/install/px4_msgs/include/px4_msgs/px4_msgs/msg/detail/vehicle_thrust_setpoint__rosidl_typesupport_introspection_cpp.hpp\n'}
[6.301793] (px4_msgs) StdoutLine: {'line': b'-- Up-to-date: /home/subhalaxmi/nidar_ws/install/px4_msgs/include/px4_msgs/px4_msgs/msg/detail/register_ext_component_request__type_support.cpp\n'}
[6.301941] (px4_msgs) StdoutLine: {'line': b'-- Up-to-date: /home/subhalaxmi/nidar_ws/install/px4_msgs/include/px4_msgs/px4_msgs/msg/detail/battery_info__type_support.cpp\n'}
[6.302080] (px4_msgs) StdoutLine: {'line': b'-- Up-to-date: /home/subhalaxmi/nidar_ws/install/px4_msgs/include/px4_msgs/px4_msgs/msg/detail/manual_control_switches__type_support.cpp\n'}
[6.302269] (px4_msgs) StdoutLine: {'line': b'-- Up-to-date: /home/subhalaxmi/nidar_ws/install/px4_msgs/include/px4_msgs/px4_msgs/msg/detail/estimator_sensor_bias__type_support.cpp\n'}
[6.302384] (px4_msgs) StdoutLine: {'line': b'-- Up-to-date: /home/subhalaxmi/nidar_ws/install/px4_msgs/include/px4_msgs/px4_msgs/msg/detail/sensor_baro__rosidl_typesupport_introspection_cpp.hpp\n'}
[6.302489] (px4_msgs) StdoutLine: {'line': b'-- Up-to-date: /home/subhalaxmi/nidar_ws/install/px4_msgs/include/px4_msgs/px4_msgs/msg/detail/gimbal_controls__type_support.cpp\n'}
[6.302637] (px4_msgs) StdoutLine: {'line': b'-- Up-to-date: /home/subhalaxmi/nidar_ws/install/px4_msgs/include/px4_msgs/px4_msgs/msg/detail/gripper__rosidl_typesupport_introspection_cpp.hpp\n'}
[6.302779] (px4_msgs) StdoutLine: {'line': b'-- Up-to-date: /home/subhalaxmi/nidar_ws/install/px4_msgs/include/px4_msgs/px4_msgs/msg/detail/orbit_status__type_support.cpp\n'}
[6.302916] (px4_msgs) StdoutLine: {'line': b'-- Up-to-date: /home/subhalaxmi/nidar_ws/install/px4_msgs/include/px4_msgs/px4_msgs/msg/detail/estimator_gps_status__type_support.cpp\n'}
[6.303055] (px4_msgs) StdoutLine: {'line': b'-- Up-to-date: /home/subhalaxmi/nidar_ws/install/px4_msgs/include/px4_msgs/px4_msgs/msg/detail/failsafe_flags__type_support.cpp\n'}
[6.303250] (px4_msgs) StdoutLine: {'line': b'-- Up-to-date: /home/subhalaxmi/nidar_ws/install/px4_msgs/include/px4_msgs/px4_msgs/msg/detail/geofence_status__type_support.cpp\n'}
[6.303359] (px4_msgs) StdoutLine: {'line': b'-- Up-to-date: /home/subhalaxmi/nidar_ws/install/px4_msgs/include/px4_msgs/px4_msgs/msg/detail/generator_status__type_support.cpp\n'}
[6.303458] (px4_msgs) StdoutLine: {'line': b'-- Up-to-date: /home/subhalaxmi/nidar_ws/install/px4_msgs/include/px4_msgs/px4_msgs/msg/detail/gimbal_manager_set_manual_control__rosidl_typesupport_introspection_cpp.hpp\n'}
[6.303647] (px4_msgs) StdoutLine: {'line': b'-- Up-to-date: /home/subhalaxmi/nidar_ws/install/px4_msgs/include/px4_msgs/px4_msgs/msg/detail/camera_status__type_support.cpp\n'}
[6.303754] (px4_msgs) StdoutLine: {'line': b'-- Up-to-date: /home/subhalaxmi/nidar_ws/install/px4_msgs/include/px4_msgs/px4_msgs/msg/detail/vehicle_control_mode__type_support.cpp\n'}
[6.303861] (px4_msgs) StdoutLine: {'line': b'-- Up-to-date: /home/subhalaxmi/nidar_ws/install/px4_msgs/include/px4_msgs/px4_msgs/msg/detail/distance_sensor__rosidl_typesupport_introspection_cpp.hpp\n'}
[6.303959] (px4_msgs) StdoutLine: {'line': b'-- Up-to-date: /home/subhalaxmi/nidar_ws/install/px4_msgs/include/px4_msgs/px4_msgs/msg/detail/navigator_status__rosidl_typesupport_introspection_cpp.hpp\n'}
[6.304057] (px4_msgs) StdoutLine: {'line': b'-- Up-to-date: /home/subhalaxmi/nidar_ws/install/px4_msgs/include/px4_msgs/px4_msgs/msg/detail/vehicle_torque_setpoint__type_support.cpp\n'}
[6.304188] (px4_msgs) StdoutLine: {'line': b'-- Up-to-date: /home/subhalaxmi/nidar_ws/install/px4_msgs/include/px4_msgs/px4_msgs/msg/detail/px4io_status__rosidl_typesupport_introspection_cpp.hpp\n'}
[6.304361] (px4_msgs) StdoutLine: {'line': b'-- Up-to-date: /home/subhalaxmi/nidar_ws/install/px4_msgs/include/px4_msgs/px4_msgs/msg/detail/vtol_vehicle_status__type_support.cpp\n'}
[6.304462] (px4_msgs) StdoutLine: {'line': b'-- Up-to-date: /home/subhalaxmi/nidar_ws/install/px4_msgs/include/px4_msgs/px4_msgs/msg/detail/mavlink_log__type_support.cpp\n'}
[6.304558] (px4_msgs) StdoutLine: {'line': b'-- Up-to-date: /home/subhalaxmi/nidar_ws/install/px4_msgs/include/px4_msgs/px4_msgs/msg/detail/vehicle_angular_acceleration_setpoint__rosidl_typesupport_introspection_cpp.hpp\n'}
[6.304657] (px4_msgs) StdoutLine: {'line': b'-- Up-to-date: /home/subhalaxmi/nidar_ws/install/px4_msgs/include/px4_msgs/px4_msgs/msg/detail/fixed_wing_longitudinal_setpoint__rosidl_typesupport_introspection_cpp.hpp\n'}
[6.304756] (px4_msgs) StdoutLine: {'line': b'-- Up-to-date: /home/subhalaxmi/nidar_ws/install/px4_msgs/include/px4_msgs/px4_msgs/msg/detail/vehicle_local_position_setpoint__type_support.cpp\n'}
[6.304854] (px4_msgs) StdoutLine: {'line': b'-- Up-to-date: /home/subhalaxmi/nidar_ws/install/px4_msgs/include/px4_msgs/px4_msgs/msg/detail/position_setpoint_triplet__type_support.cpp\n'}
[6.304952] (px4_msgs) StdoutLine: {'line': b'-- Up-to-date: /home/subhalaxmi/nidar_ws/install/px4_msgs/include/px4_msgs/px4_msgs/msg/detail/gimbal_manager_status__type_support.cpp\n'}
[6.305049] (px4_msgs) StdoutLine: {'line': b'-- Up-to-date: /home/subhalaxmi/nidar_ws/install/px4_msgs/include/px4_msgs/px4_msgs/msg/detail/mount_orientation__type_support.cpp\n'}
[6.305167] (px4_msgs) StdoutLine: {'line': b'-- Up-to-date: /home/subhalaxmi/nidar_ws/install/px4_msgs/include/px4_msgs/px4_msgs/msg/detail/gpio_config__type_support.cpp\n'}
[6.305291] (px4_msgs) StdoutLine: {'line': b'-- Up-to-date: /home/subhalaxmi/nidar_ws/install/px4_msgs/include/px4_msgs/px4_msgs/msg/detail/estimator_aid_source3d__rosidl_typesupport_introspection_cpp.hpp\n'}
[6.305446] (px4_msgs) StdoutLine: {'line': b'-- Up-to-date: /home/subhalaxmi/nidar_ws/install/px4_msgs/include/px4_msgs/px4_msgs/msg/detail/vehicle_constraints__type_support.cpp\n'}
[6.305585] (px4_msgs) StdoutLine: {'line': b'-- Up-to-date: /home/subhalaxmi/nidar_ws/install/px4_msgs/include/px4_msgs/px4_msgs/msg/detail/fixed_wing_runway_control__rosidl_typesupport_introspection_cpp.hpp\n'}
[6.305772] (px4_msgs) StdoutLine: {'line': b'-- Up-to-date: /home/subhalaxmi/nidar_ws/install/px4_msgs/include/px4_msgs/px4_msgs/msg/detail/input_rc__type_support.cpp\n'}
[6.305876] (px4_msgs) StdoutLine: {'line': b'-- Up-to-date: /home/subhalaxmi/nidar_ws/install/px4_msgs/include/px4_msgs/px4_msgs/msg/detail/actuator_outputs__rosidl_typesupport_introspection_cpp.hpp\n'}
[6.306004] (px4_msgs) StdoutLine: {'line': b'-- Up-to-date: /home/subhalaxmi/nidar_ws/install/px4_msgs/include/px4_msgs/px4_msgs/msg/detail/collision_constraints__type_support.cpp\n'}
[6.306151] (px4_msgs) StdoutLine: {'line': b'-- Up-to-date: /home/subhalaxmi/nidar_ws/install/px4_msgs/include/px4_msgs/px4_msgs/msg/detail/estimator_aid_source3d__type_support.cpp\n'}
[6.306310] (px4_msgs) StdoutLine: {'line': b'-- Up-to-date: /home/subhalaxmi/nidar_ws/install/px4_msgs/include/px4_msgs/px4_msgs/msg/detail/sensors_status_imu__type_support.cpp\n'}
[6.306419] (px4_msgs) StdoutLine: {'line': b'-- Up-to-date: /home/subhalaxmi/nidar_ws/install/px4_msgs/include/px4_msgs/px4_msgs/msg/detail/rover_steering_setpoint__rosidl_typesupport_introspection_cpp.hpp\n'}
[6.306517] (px4_msgs) StdoutLine: {'line': b'-- Up-to-date: /home/subhalaxmi/nidar_ws/install/px4_msgs/include/px4_msgs/px4_msgs/msg/detail/rc_channels__type_support.cpp\n'}
[6.306613] (px4_msgs) StdoutLine: {'line': b'-- Up-to-date: /home/subhalaxmi/nidar_ws/install/px4_msgs/include/px4_msgs/px4_msgs/msg/detail/onboard_computer_status__type_support.cpp\n'}
[6.306709] (px4_msgs) StdoutLine: {'line': b'-- Up-to-date: /home/subhalaxmi/nidar_ws/install/px4_msgs/include/px4_msgs/px4_msgs/msg/detail/vehicle_command_ack__rosidl_typesupport_introspection_cpp.hpp\n'}
[6.306805] (px4_msgs) StdoutLine: {'line': b'-- Up-to-date: /home/subhalaxmi/nidar_ws/install/px4_msgs/include/px4_msgs/px4_msgs/msg/detail/sensor_preflight_mag__type_support.cpp\n'}
[6.306903] (px4_msgs) StdoutLine: {'line': b'-- Up-to-date: /home/subhalaxmi/nidar_ws/install/px4_msgs/include/px4_msgs/px4_msgs/msg/detail/mode_completed__type_support.cpp\n'}
[6.307088] (px4_msgs) StdoutLine: {'line': b'-- Up-to-date: /home/subhalaxmi/nidar_ws/install/px4_msgs/include/px4_msgs/px4_msgs/msg/detail/vehicle_torque_setpoint__rosidl_typesupport_introspection_cpp.hpp\n'}
[6.307219] (px4_msgs) StdoutLine: {'line': b'-- Up-to-date: /home/subhalaxmi/nidar_ws/install/px4_msgs/include/px4_msgs/px4_msgs/msg/detail/fixed_wing_lateral_status__type_support.cpp\n'}
[6.307320] (px4_msgs) StdoutLine: {'line': b'-- Up-to-date: /home/subhalaxmi/nidar_ws/install/px4_msgs/include/px4_msgs/px4_msgs/msg/detail/gimbal_controls__rosidl_typesupport_introspection_cpp.hpp\n'}
[6.307418] (px4_msgs) StdoutLine: {'line': b'-- Up-to-date: /home/subhalaxmi/nidar_ws/install/px4_msgs/include/px4_msgs/px4_msgs/msg/detail/px4io_status__type_support.cpp\n'}
[6.307513] (px4_msgs) StdoutLine: {'line': b'-- Up-to-date: /home/subhalaxmi/nidar_ws/install/px4_msgs/include/px4_msgs/px4_msgs/msg/detail/gps_dump__rosidl_typesupport_introspection_cpp.hpp\n'}
[6.307611] (px4_msgs) StdoutLine: {'line': b'-- Up-to-date: /home/subhalaxmi/nidar_ws/install/px4_msgs/include/px4_msgs/px4_msgs/msg/detail/magnetometer_bias_estimate__type_support.cpp\n'}
[6.307760] (px4_msgs) StdoutLine: {'line': b'-- Up-to-date: /home/subhalaxmi/nidar_ws/install/px4_msgs/include/px4_msgs/px4_msgs/msg/detail/vtx__type_support.cpp\n'}
[6.307861] (px4_msgs) StdoutLine: {'line': b'-- Up-to-date: /home/subhalaxmi/nidar_ws/install/px4_msgs/include/px4_msgs/px4_msgs/msg/detail/orb_test__type_support.cpp\n'}
[6.307958] (px4_msgs) StdoutLine: {'line': b'-- Up-to-date: /home/subhalaxmi/nidar_ws/install/px4_msgs/include/px4_msgs/px4_msgs/msg/detail/pps_capture__type_support.cpp\n'}
[6.308056] (px4_msgs) StdoutLine: {'line': b'-- Up-to-date: /home/subhalaxmi/nidar_ws/install/px4_msgs/include/px4_msgs/px4_msgs/msg/detail/sensor_optical_flow__type_support.cpp\n'}
[6.308184] (px4_msgs) StdoutLine: {'line': b'-- Up-to-date: /home/subhalaxmi/nidar_ws/install/px4_msgs/include/px4_msgs/px4_msgs/msg/detail/estimator_event_flags__type_support.cpp\n'}
[6.308294] (px4_msgs) StdoutLine: {'line': b'-- Up-to-date: /home/subhalaxmi/nidar_ws/install/px4_msgs/include/px4_msgs/px4_msgs/msg/detail/vehicle_roi__rosidl_typesupport_introspection_cpp.hpp\n'}
[6.308394] (px4_msgs) StdoutLine: {'line': b'-- Up-to-date: /home/subhalaxmi/nidar_ws/install/px4_msgs/include/px4_msgs/px4_msgs/msg/detail/actuator_servos__rosidl_typesupport_introspection_cpp.hpp\n'}
[6.308492] (px4_msgs) StdoutLine: {'line': b'-- Up-to-date: /home/subhalaxmi/nidar_ws/install/px4_msgs/include/px4_msgs/px4_msgs/msg/detail/flight_phase_estimation__rosidl_typesupport_introspection_cpp.hpp\n'}
[6.308590] (px4_msgs) StdoutLine: {'line': b'-- Up-to-date: /home/subhalaxmi/nidar_ws/install/px4_msgs/include/px4_msgs/px4_msgs/msg/detail/estimator_event_flags__rosidl_typesupport_introspection_cpp.hpp\n'}
[6.308714] (px4_msgs) StdoutLine: {'line': b'-- Up-to-date: /home/subhalaxmi/nidar_ws/install/px4_msgs/include/px4_msgs/px4_msgs/msg/detail/orbit_status__rosidl_typesupport_introspection_cpp.hpp\n'}
[6.308922] (px4_msgs) StdoutLine: {'line': b'-- Up-to-date: /home/subhalaxmi/nidar_ws/install/px4_msgs/include/px4_msgs/px4_msgs/msg/detail/sensor_gnss_relative__rosidl_typesupport_introspection_cpp.hpp\n'}
[6.309032] (px4_msgs) StdoutLine: {'line': b'-- Up-to-date: /home/subhalaxmi/nidar_ws/install/px4_msgs/include/px4_msgs/px4_msgs/msg/detail/tecs_status__rosidl_typesupport_introspection_cpp.hpp\n'}
[6.309150] (px4_msgs) StdoutLine: {'line': b'-- Up-to-date: /home/subhalaxmi/nidar_ws/install/px4_msgs/include/px4_msgs/px4_msgs/msg/detail/mission__rosidl_typesupport_introspection_cpp.hpp\n'}
[6.309262] (px4_msgs) StdoutLine: {'line': b'-- Up-to-date: /home/subhalaxmi/nidar_ws/install/px4_msgs/include/px4_msgs/px4_msgs/msg/detail/ulog_stream_ack__type_support.cpp\n'}
[6.309359] (px4_msgs) StdoutLine: {'line': b'-- Up-to-date: /home/subhalaxmi/nidar_ws/install/px4_msgs/include/px4_msgs/px4_msgs/msg/detail/rover_rate_status__type_support.cpp\n'}
[6.309503] (px4_msgs) StdoutLine: {'line': b'-- Up-to-date: /home/subhalaxmi/nidar_ws/install/px4_msgs/include/px4_msgs/px4_msgs/msg/detail/internal_combustion_engine_control__type_support.cpp\n'}
[6.309639] (px4_msgs) StdoutLine: {'line': b'-- Up-to-date: /home/subhalaxmi/nidar_ws/install/px4_msgs/include/px4_msgs/px4_msgs/msg/detail/normalized_unsigned_setpoint__rosidl_typesupport_introspection_cpp.hpp\n'}
[6.309775] (px4_msgs) StdoutLine: {'line': b'-- Up-to-date: /home/subhalaxmi/nidar_ws/install/px4_msgs/include/px4_msgs/px4_msgs/msg/detail/rover_speed_status__rosidl_typesupport_introspection_cpp.hpp\n'}
[6.309913] (px4_msgs) StdoutLine: {'line': b'-- Up-to-date: /home/subhalaxmi/nidar_ws/install/px4_msgs/include/px4_msgs/px4_msgs/msg/detail/cpuload__rosidl_typesupport_introspection_cpp.hpp\n'}
[6.310051] (px4_msgs) StdoutLine: {'line': b'-- Up-to-date: /home/subhalaxmi/nidar_ws/install/px4_msgs/include/px4_msgs/px4_msgs/msg/detail/arming_check_reply__type_support.cpp\n'}
[6.310241] (px4_msgs) StdoutLine: {'line': b'-- Up-to-date: /home/subhalaxmi/nidar_ws/install/px4_msgs/include/px4_msgs/px4_msgs/msg/detail/failure_detector_status__type_support.cpp\n'}
[6.310351] (px4_msgs) StdoutLine: {'line': b'-- Up-to-date: /home/subhalaxmi/nidar_ws/install/px4_msgs/include/px4_msgs/px4_msgs/msg/detail/rate_ctrl_status__type_support.cpp\n'}
[6.310461] (px4_msgs) StdoutLine: {'line': b'-- Up-to-date: /home/subhalaxmi/nidar_ws/install/px4_msgs/include/px4_msgs/px4_msgs/msg/detail/transponder_report__rosidl_typesupport_introspection_cpp.hpp\n'}
[6.310640] (px4_msgs) StdoutLine: {'line': b'-- Up-to-date: /home/subhalaxmi/nidar_ws/install/px4_msgs/include/px4_msgs/px4_msgs/msg/detail/adc_report__rosidl_typesupport_introspection_cpp.hpp\n'}
[6.310742] (px4_msgs) StdoutLine: {'line': b'-- Up-to-date: /home/subhalaxmi/nidar_ws/install/px4_msgs/include/px4_msgs/px4_msgs/msg/detail/internal_combustion_engine_control__rosidl_typesupport_introspection_cpp.hpp\n'}
[6.310841] (px4_msgs) StdoutLine: {'line': b'-- Up-to-date: /home/subhalaxmi/nidar_ws/install/px4_msgs/include/px4_msgs/px4_msgs/msg/detail/parameter_set_value_response__rosidl_typesupport_introspection_cpp.hpp\n'}
[6.310940] (px4_msgs) StdoutLine: {'line': b'-- Up-to-date: /home/subhalaxmi/nidar_ws/install/px4_msgs/include/px4_msgs/px4_msgs/msg/detail/gps_dump__type_support.cpp\n'}
[6.311038] (px4_msgs) StdoutLine: {'line': b'-- Up-to-date: /home/subhalaxmi/nidar_ws/install/px4_msgs/include/px4_msgs/px4_msgs/msg/detail/autotune_attitude_control_status__type_support.cpp\n'}
[6.311165] (px4_msgs) StdoutLine: {'line': b'-- Up-to-date: /home/subhalaxmi/nidar_ws/install/px4_msgs/include/px4_msgs/px4_msgs/msg/detail/failsafe_flags__rosidl_typesupport_introspection_cpp.hpp\n'}
[6.311329] (px4_msgs) StdoutLine: {'line': b'-- Up-to-date: /home/subhalaxmi/nidar_ws/install/px4_msgs/include/px4_msgs/px4_msgs/msg/detail/pwm_input__type_support.cpp\n'}
[6.311440] (px4_msgs) StdoutLine: {'line': b'-- Up-to-date: /home/subhalaxmi/nidar_ws/install/px4_msgs/include/px4_msgs/px4_msgs/msg/detail/sensor_combined__rosidl_typesupport_introspection_cpp.hpp\n'}
[6.311539] (px4_msgs) StdoutLine: {'line': b'-- Up-to-date: /home/subhalaxmi/nidar_ws/install/px4_msgs/include/px4_msgs/px4_msgs/msg/detail/rc_channels__rosidl_typesupport_introspection_cpp.hpp\n'}
[6.311637] (px4_msgs) StdoutLine: {'line': b'-- Up-to-date: /home/subhalaxmi/nidar_ws/install/px4_msgs/include/px4_msgs/px4_msgs/msg/detail/gps_inject_data__rosidl_typesupport_introspection_cpp.hpp\n'}
[6.311734] (px4_msgs) StdoutLine: {'line': b'-- Up-to-date: /home/subhalaxmi/nidar_ws/install/px4_msgs/include/px4_msgs/px4_msgs/msg/detail/estimator_selector_status__type_support.cpp\n'}
[6.311831] (px4_msgs) StdoutLine: {'line': b'-- Up-to-date: /home/subhalaxmi/nidar_ws/install/px4_msgs/include/px4_msgs/px4_msgs/msg/detail/offboard_control_mode__rosidl_typesupport_introspection_cpp.hpp\n'}
[6.311927] (px4_msgs) StdoutLine: {'line': b'-- Up-to-date: /home/subhalaxmi/nidar_ws/install/px4_msgs/include/px4_msgs/px4_msgs/msg/detail/vehicle_attitude__type_support.cpp\n'}
[6.312023] (px4_msgs) StdoutLine: {'line': b'-- Up-to-date: /home/subhalaxmi/nidar_ws/install/px4_msgs/include/px4_msgs/px4_msgs/msg/detail/trajectory_setpoint6dof__rosidl_typesupport_introspection_cpp.hpp\n'}
[6.312150] (px4_msgs) StdoutLine: {'line': b'-- Up-to-date: /home/subhalaxmi/nidar_ws/install/px4_msgs/include/px4_msgs/px4_msgs/msg/detail/vtol_vehicle_status__rosidl_typesupport_introspection_cpp.hpp\n'}
[6.312371] (px4_msgs) StdoutLine: {'line': b'-- Up-to-date: /home/subhalaxmi/nidar_ws/install/px4_msgs/include/px4_msgs/px4_msgs/msg/detail/message_format_response__type_support.cpp\n'}
[6.312481] (px4_msgs) StdoutLine: {'line': b'-- Up-to-date: /home/subhalaxmi/nidar_ws/install/px4_msgs/include/px4_msgs/px4_msgs/msg/detail/takeoff_status__rosidl_typesupport_introspection_cpp.hpp\n'}
[6.312581] (px4_msgs) StdoutLine: {'line': b'-- Up-to-date: /home/subhalaxmi/nidar_ws/install/px4_msgs/include/px4_msgs/px4_msgs/msg/detail/fixed_wing_lateral_setpoint__rosidl_typesupport_introspection_cpp.hpp\n'}
[6.312678] (px4_msgs) StdoutLine: {'line': b'-- Up-to-date: /home/subhalaxmi/nidar_ws/install/px4_msgs/include/px4_msgs/px4_msgs/msg/detail/estimator_bias__type_support.cpp\n'}
[6.312777] (px4_msgs) StdoutLine: {'line': b'-- Up-to-date: /home/subhalaxmi/nidar_ws/install/px4_msgs/include/px4_msgs/px4_msgs/msg/detail/onboard_computer_status__rosidl_typesupport_introspection_cpp.hpp\n'}
[6.312878] (px4_msgs) StdoutLine: {'line': b'-- Up-to-date: /home/subhalaxmi/nidar_ws/install/px4_msgs/include/px4_msgs/px4_msgs/msg/detail/actuator_controls_status__type_support.cpp\n'}
[6.313022] (px4_msgs) StdoutLine: {'line': b'-- Up-to-date: /home/subhalaxmi/nidar_ws/install/px4_msgs/include/px4_msgs/px4_msgs/msg/detail/radio_status__rosidl_typesupport_introspection_cpp.hpp\n'}
[6.313223] (px4_msgs) StdoutLine: {'line': b'-- Up-to-date: /home/subhalaxmi/nidar_ws/install/px4_msgs/include/px4_msgs/px4_msgs/msg/detail/task_stack_info__rosidl_typesupport_introspection_cpp.hpp\n'}
[6.313338] (px4_msgs) StdoutLine: {'line': b'-- Up-to-date: /home/subhalaxmi/nidar_ws/install/px4_msgs/include/px4_msgs/px4_msgs/msg/detail/vehicle_local_position__rosidl_typesupport_introspection_cpp.hpp\n'}
[6.313440] (px4_msgs) StdoutLine: {'line': b'-- Up-to-date: /home/subhalaxmi/nidar_ws/install/px4_msgs/include/px4_msgs/px4_msgs/msg/detail/sensor_temp__type_support.cpp\n'}
[6.313539] (px4_msgs) StdoutLine: {'line': b'-- Up-to-date: /home/subhalaxmi/nidar_ws/install/px4_msgs/include/px4_msgs/px4_msgs/msg/detail/esc_status__rosidl_typesupport_introspection_cpp.hpp\n'}
[6.313649] (px4_msgs) StdoutLine: {'line': b'-- Up-to-date: /home/subhalaxmi/nidar_ws/install/px4_msgs/include/px4_msgs/px4_msgs/msg/detail/sensor_preflight_mag__rosidl_typesupport_introspection_cpp.hpp\n'}
[6.313823] (px4_msgs) StdoutLine: {'line': b'-- Up-to-date: /home/subhalaxmi/nidar_ws/install/px4_msgs/include/px4_msgs/px4_msgs/msg/detail/action_request__rosidl_typesupport_introspection_cpp.hpp\n'}
[6.313932] (px4_msgs) StdoutLine: {'line': b'-- Up-to-date: /home/subhalaxmi/nidar_ws/install/px4_msgs/include/px4_msgs/px4_msgs/msg/detail/debug_array__rosidl_typesupport_introspection_cpp.hpp\n'}
[6.314031] (px4_msgs) StdoutLine: {'line': b'-- Up-to-date: /home/subhalaxmi/nidar_ws/install/px4_msgs/include/px4_msgs/px4_msgs/msg/detail/register_ext_component_reply__type_support.cpp\n'}
[6.314146] (px4_msgs) StdoutLine: {'line': b'-- Up-to-date: /home/subhalaxmi/nidar_ws/install/px4_msgs/include/px4_msgs/px4_msgs/msg/detail/action_request__type_support.cpp\n'}
[6.314265] (px4_msgs) StdoutLine: {'line': b'-- Up-to-date: /home/subhalaxmi/nidar_ws/install/px4_msgs/include/px4_msgs/px4_msgs/msg/detail/qshell_retval__type_support.cpp\n'}
[6.314421] (px4_msgs) StdoutLine: {'line': b'-- Up-to-date: /home/subhalaxmi/nidar_ws/install/px4_msgs/include/px4_msgs/px4_msgs/msg/detail/gimbal_manager_set_attitude__rosidl_typesupport_introspection_cpp.hpp\n'}
[6.314562] (px4_msgs) StdoutLine: {'line': b'-- Up-to-date: /home/subhalaxmi/nidar_ws/install/px4_msgs/include/px4_msgs/px4_msgs/msg/detail/sensor_gyro_fifo__type_support.cpp\n'}
[6.314700] (px4_msgs) StdoutLine: {'line': b'-- Up-to-date: /home/subhalaxmi/nidar_ws/install/px4_msgs/include/px4_msgs/px4_msgs/msg/detail/vehicle_constraints__rosidl_typesupport_introspection_cpp.hpp\n'}
[6.314838] (px4_msgs) StdoutLine: {'line': b'-- Up-to-date: /home/subhalaxmi/nidar_ws/install/px4_msgs/include/px4_msgs/px4_msgs/msg/detail/neural_control__rosidl_typesupport_introspection_cpp.hpp\n'}
[6.314978] (px4_msgs) StdoutLine: {'line': b'-- Up-to-date: /home/subhalaxmi/nidar_ws/install/px4_msgs/include/px4_msgs/px4_msgs/msg/detail/open_drone_id_system__rosidl_typesupport_introspection_cpp.hpp\n'}
[6.315135] (px4_msgs) StdoutLine: {'line': b'-- Up-to-date: /home/subhalaxmi/nidar_ws/install/px4_msgs/include/px4_msgs/px4_msgs/msg/detail/uavcan_parameter_request__type_support.cpp\n'}
[6.315337] (px4_msgs) StdoutLine: {'line': b'-- Up-to-date: /home/subhalaxmi/nidar_ws/install/px4_msgs/include/px4_msgs/px4_msgs/msg/detail/raptor_status__rosidl_typesupport_introspection_cpp.hpp\n'}
[6.315439] (px4_msgs) StdoutLine: {'line': b'-- Up-to-date: /home/subhalaxmi/nidar_ws/install/px4_msgs/include/px4_msgs/px4_msgs/msg/detail/estimator_states__rosidl_typesupport_introspection_cpp.hpp\n'}
[6.315549] (px4_msgs) StdoutLine: {'line': b'-- Up-to-date: /home/subhalaxmi/nidar_ws/install/px4_msgs/include/px4_msgs/px4_msgs/msg/detail/log_message__rosidl_typesupport_introspection_cpp.hpp\n'}
[6.315647] (px4_msgs) StdoutLine: {'line': b'-- Up-to-date: /home/subhalaxmi/nidar_ws/install/px4_msgs/include/px4_msgs/px4_msgs/msg/detail/health_report__type_support.cpp\n'}
[6.315799] (px4_msgs) StdoutLine: {'line': b'-- Up-to-date: /home/subhalaxmi/nidar_ws/install/px4_msgs/include/px4_msgs/px4_msgs/msg/detail/power_monitor__rosidl_typesupport_introspection_cpp.hpp\n'}
[6.315898] (px4_msgs) StdoutLine: {'line': b'-- Up-to-date: /home/subhalaxmi/nidar_ws/install/px4_msgs/include/px4_msgs/px4_msgs/msg/detail/airspeed_wind__type_support.cpp\n'}
[6.315996] (px4_msgs) StdoutLine: {'line': b'-- Up-to-date: /home/subhalaxmi/nidar_ws/install/px4_msgs/include/px4_msgs/px4_msgs/msg/detail/fixed_wing_lateral_guidance_status__rosidl_typesupport_introspection_cpp.hpp\n'}
[6.316093] (px4_msgs) StdoutLine: {'line': b'-- Up-to-date: /home/subhalaxmi/nidar_ws/install/px4_msgs/include/px4_msgs/px4_msgs/msg/detail/vehicle_rates_setpoint__type_support.cpp\n'}
[6.316220] (px4_msgs) StdoutLine: {'line': b'-- Up-to-date: /home/subhalaxmi/nidar_ws/install/px4_msgs/include/px4_msgs/px4_msgs/msg/detail/sensor_accel_fifo__type_support.cpp\n'}
[6.316322] (px4_msgs) StdoutLine: {'line': b'-- Up-to-date: /home/subhalaxmi/nidar_ws/install/px4_msgs/include/px4_msgs/px4_msgs/msg/detail/ekf2_timestamps__rosidl_typesupport_introspection_cpp.hpp\n'}
[6.316419] (px4_msgs) StdoutLine: {'line': b'-- Up-to-date: /home/subhalaxmi/nidar_ws/install/px4_msgs/include/px4_msgs/px4_msgs/msg/detail/sensor_accel__rosidl_typesupport_introspection_cpp.hpp\n'}
[6.316526] (px4_msgs) StdoutLine: {'line': b'-- Up-to-date: /home/subhalaxmi/nidar_ws/install/px4_msgs/include/px4_msgs/px4_msgs/msg/detail/sensor_selection__rosidl_typesupport_introspection_cpp.hpp\n'}
[6.316659] (px4_msgs) StdoutLine: {'line': b'-- Up-to-date: /home/subhalaxmi/nidar_ws/install/px4_msgs/include/px4_msgs/px4_msgs/msg/detail/differential_pressure__rosidl_typesupport_introspection_cpp.hpp\n'}
[6.316784] (px4_msgs) StdoutLine: {'line': b'-- Up-to-date: /home/subhalaxmi/nidar_ws/install/px4_msgs/include/px4_msgs/px4_msgs/msg/detail/open_drone_id_self_id__rosidl_typesupport_introspection_cpp.hpp\n'}
[6.316933] (px4_msgs) StdoutLine: {'line': b'-- Up-to-date: /home/subhalaxmi/nidar_ws/install/px4_msgs/include/px4_msgs/px4_msgs/msg/detail/debug_array__type_support.cpp\n'}
[6.317072] (px4_msgs) StdoutLine: {'line': b'-- Up-to-date: /home/subhalaxmi/nidar_ws/install/px4_msgs/include/px4_msgs/px4_msgs/msg/detail/vehicle_acceleration__rosidl_typesupport_introspection_cpp.hpp\n'}
[6.317269] (px4_msgs) StdoutLine: {'line': b'-- Up-to-date: /home/subhalaxmi/nidar_ws/install/px4_msgs/include/px4_msgs/px4_msgs/msg/detail/actuator_controls_status__rosidl_typesupport_introspection_cpp.hpp\n'}
[6.317394] (px4_msgs) StdoutLine: {'line': b'-- Up-to-date: /home/subhalaxmi/nidar_ws/install/px4_msgs/include/px4_msgs/px4_msgs/msg/detail/estimator_innovations__rosidl_typesupport_introspection_cpp.hpp\n'}
[6.317501] (px4_msgs) StdoutLine: {'line': b'-- Up-to-date: /home/subhalaxmi/nidar_ws/install/px4_msgs/include/px4_msgs/px4_msgs/msg/detail/gimbal_manager_status__rosidl_typesupport_introspection_cpp.hpp\n'}
[6.317639] (px4_msgs) StdoutLine: {'line': b'-- Up-to-date: /home/subhalaxmi/nidar_ws/install/px4_msgs/include/px4_msgs/px4_msgs/msg/detail/rover_attitude_status__type_support.cpp\n'}
[6.317776] (px4_msgs) StdoutLine: {'line': b'-- Up-to-date: /home/subhalaxmi/nidar_ws/install/px4_msgs/include/px4_msgs/px4_msgs/msg/detail/landing_target_pose__rosidl_typesupport_introspection_cpp.hpp\n'}
[6.317913] (px4_msgs) StdoutLine: {'line': b'-- Up-to-date: /home/subhalaxmi/nidar_ws/install/px4_msgs/include/px4_msgs/px4_msgs/msg/detail/ulog_stream__rosidl_typesupport_introspection_cpp.hpp\n'}
[6.318050] (px4_msgs) StdoutLine: {'line': b'-- Up-to-date: /home/subhalaxmi/nidar_ws/install/px4_msgs/include/px4_msgs/px4_msgs/msg/detail/tune_control__type_support.cpp\n'}
[6.318239] (px4_msgs) StdoutLine: {'line': b'-- Up-to-date: /home/subhalaxmi/nidar_ws/install/px4_msgs/include/px4_msgs/px4_msgs/msg/detail/differential_pressure__type_support.cpp\n'}
[6.318347] (px4_msgs) StdoutLine: {'line': b'-- Up-to-date: /home/subhalaxmi/nidar_ws/install/px4_msgs/include/px4_msgs/px4_msgs/msg/detail/trajectory_setpoint__rosidl_typesupport_introspection_cpp.hpp\n'}
[6.318445] (px4_msgs) StdoutLine: {'line': b'-- Up-to-date: /home/subhalaxmi/nidar_ws/install/px4_msgs/include/px4_msgs/px4_msgs/msg/detail/sensor_hygrometer__type_support.cpp\n'}
[6.318555] (px4_msgs) StdoutLine: {'line': b'-- Up-to-date: /home/subhalaxmi/nidar_ws/install/px4_msgs/include/px4_msgs/px4_msgs/msg/detail/orb_test__rosidl_typesupport_introspection_cpp.hpp\n'}
[6.318698] (px4_msgs) StdoutLine: {'line': b'-- Up-to-date: /home/subhalaxmi/nidar_ws/install/px4_msgs/include/px4_msgs/px4_msgs/msg/detail/system_power__rosidl_typesupport_introspection_cpp.hpp\n'}
[6.318881] (px4_msgs) StdoutLine: {'line': b'-- Up-to-date: /home/subhalaxmi/nidar_ws/install/px4_msgs/include/px4_msgs/px4_msgs/msg/detail/dronecan_node_status__type_support.cpp\n'}
[6.318985] (px4_msgs) StdoutLine: {'line': b'-- Up-to-date: /home/subhalaxmi/nidar_ws/install/px4_msgs/include/px4_msgs/px4_msgs/msg/detail/raptor_status__type_support.cpp\n'}
[6.319084] (px4_msgs) StdoutLine: {'line': b'-- Up-to-date: /home/subhalaxmi/nidar_ws/install/px4_msgs/include/px4_msgs/px4_msgs/msg/detail/camera_trigger__type_support.cpp\n'}
[6.319217] (px4_msgs) StdoutLine: {'line': b'-- Up-to-date: /home/subhalaxmi/nidar_ws/install/px4_msgs/include/px4_msgs/px4_msgs/msg/detail/goto_setpoint__type_support.cpp\n'}
[6.319375] (px4_msgs) StdoutLine: {'line': b'-- Up-to-date: /home/subhalaxmi/nidar_ws/install/px4_msgs/include/px4_msgs/px4_msgs/msg/detail/sensor_gps__rosidl_typesupport_introspection_cpp.hpp\n'}
[6.319476] (px4_msgs) StdoutLine: {'line': b'-- Up-to-date: /home/subhalaxmi/nidar_ws/install/px4_msgs/include/px4_msgs/px4_msgs/msg/detail/vehicle_angular_velocity__rosidl_typesupport_introspection_cpp.hpp\n'}
[6.319575] (px4_msgs) StdoutLine: {'line': b'-- Up-to-date: /home/subhalaxmi/nidar_ws/install/px4_msgs/include/px4_msgs/px4_msgs/msg/detail/velocity_limits__type_support.cpp\n'}
[6.319674] (px4_msgs) StdoutLine: {'line': b'-- Up-to-date: /home/subhalaxmi/nidar_ws/install/px4_msgs/include/px4_msgs/px4_msgs/msg/detail/device_information__type_support.cpp\n'}
[6.319772] (px4_msgs) StdoutLine: {'line': b'-- Up-to-date: /home/subhalaxmi/nidar_ws/install/px4_msgs/include/px4_msgs/px4_msgs/msg/detail/aux_global_position__rosidl_typesupport_introspection_cpp.hpp\n'}
[6.319872] (px4_msgs) StdoutLine: {'line': b'-- Up-to-date: /home/subhalaxmi/nidar_ws/install/px4_msgs/include/px4_msgs/px4_msgs/msg/detail/sensor_gnss_status__type_support.cpp\n'}
[6.319971] (px4_msgs) StdoutLine: {'line': b'-- Up-to-date: /home/subhalaxmi/nidar_ws/install/px4_msgs/include/px4_msgs/px4_msgs/msg/detail/home_position__type_support.cpp\n'}
[6.320069] (px4_msgs) StdoutLine: {'line': b'-- Up-to-date: /home/subhalaxmi/nidar_ws/install/px4_msgs/include/px4_msgs/px4_msgs/msg/detail/vehicle_optical_flow__type_support.cpp\n'}
[6.320199] (px4_msgs) StdoutLine: {'line': b'-- Up-to-date: /home/subhalaxmi/nidar_ws/install/px4_msgs/include/px4_msgs/px4_msgs/msg/detail/magnetometer_bias_estimate__rosidl_typesupport_introspection_cpp.hpp\n'}
[6.320386] (px4_msgs) StdoutLine: {'line': b'-- Up-to-date: /home/subhalaxmi/nidar_ws/install/px4_msgs/include/px4_msgs/px4_msgs/msg/detail/heater_status__type_support.cpp\n'}
[6.320492] (px4_msgs) StdoutLine: {'line': b'-- Up-to-date: /home/subhalaxmi/nidar_ws/install/px4_msgs/include/px4_msgs/px4_msgs/msg/detail/camera_status__rosidl_typesupport_introspection_cpp.hpp\n'}
[6.320591] (px4_msgs) StdoutLine: {'line': b'-- Up-to-date: /home/subhalaxmi/nidar_ws/install/px4_msgs/include/px4_msgs/px4_msgs/msg/detail/actuator_servos_trim__type_support.cpp\n'}
[6.320688] (px4_msgs) StdoutLine: {'line': b'-- Up-to-date: /home/subhalaxmi/nidar_ws/install/px4_msgs/include/px4_msgs/px4_msgs/msg/detail/debug_key_value__type_support.cpp\n'}
[6.320784] (px4_msgs) StdoutLine: {'line': b'-- Up-to-date: /home/subhalaxmi/nidar_ws/install/px4_msgs/include/px4_msgs/px4_msgs/msg/detail/vehicle_roi__type_support.cpp\n'}
[6.320904] (px4_msgs) StdoutLine: {'line': b'-- Up-to-date: /home/subhalaxmi/nidar_ws/install/px4_msgs/include/px4_msgs/px4_msgs/msg/detail/trajectory_setpoint6dof__type_support.cpp\n'}
[6.321047] (px4_msgs) StdoutLine: {'line': b'-- Up-to-date: /home/subhalaxmi/nidar_ws/install/px4_msgs/include/px4_msgs/px4_msgs/msg/detail/parameter_update__type_support.cpp\n'}
[6.321246] (px4_msgs) StdoutLine: {'line': b'-- Up-to-date: /home/subhalaxmi/nidar_ws/install/px4_msgs/include/px4_msgs/px4_msgs/msg/detail/manual_control_setpoint__rosidl_typesupport_introspection_cpp.hpp\n'}
[6.321356] (px4_msgs) StdoutLine: {'line': b'-- Up-to-date: /home/subhalaxmi/nidar_ws/install/px4_msgs/include/px4_msgs/px4_msgs/msg/detail/unregister_ext_component__type_support.cpp\n'}
[6.321456] (px4_msgs) StdoutLine: {'line': b'-- Up-to-date: /home/subhalaxmi/nidar_ws/install/px4_msgs/include/px4_msgs/px4_msgs/msg/detail/orb_test_medium__type_support.cpp\n'}
[6.321556] (px4_msgs) StdoutLine: {'line': b'-- Up-to-date: /home/subhalaxmi/nidar_ws/install/px4_msgs/include/px4_msgs/px4_msgs/msg/detail/actuator_test__rosidl_typesupport_introspection_cpp.hpp\n'}
[6.321655] (px4_msgs) StdoutLine: {'line': b'-- Up-to-date: /home/subhalaxmi/nidar_ws/install/px4_msgs/include/px4_msgs/px4_msgs/msg/detail/battery_status__rosidl_typesupport_introspection_cpp.hpp\n'}
[6.321753] (px4_msgs) StdoutLine: {'line': b'-- Up-to-date: /home/subhalaxmi/nidar_ws/install/px4_msgs/include/px4_msgs/px4_msgs/msg/detail/esc_report__type_support.cpp\n'}
[6.321861] (px4_msgs) StdoutLine: {'line': b'-- Up-to-date: /home/subhalaxmi/nidar_ws/install/px4_msgs/include/px4_msgs/px4_msgs/msg/detail/sensor_gyro_fifo__rosidl_typesupport_introspection_cpp.hpp\n'}
[6.321960] (-) TimerEvent: {}
[6.322199] (px4_msgs) StdoutLine: {'line': b'-- Up-to-date: /home/subhalaxmi/nidar_ws/install/px4_msgs/include/px4_msgs/px4_msgs/msg/detail/landing_target_innovations__type_support.cpp\n'}
[6.322389] (px4_msgs) StdoutLine: {'line': b'-- Up-to-date: /home/subhalaxmi/nidar_ws/install/px4_msgs/include/px4_msgs/px4_msgs/msg/detail/vehicle_command__type_support.cpp\n'}
[6.322496] (px4_msgs) StdoutLine: {'line': b'-- Up-to-date: /home/subhalaxmi/nidar_ws/install/px4_msgs/include/px4_msgs/px4_msgs/msg/detail/vehicle_status__rosidl_typesupport_introspection_cpp.hpp\n'}
[6.322596] (px4_msgs) StdoutLine: {'line': b'-- Up-to-date: /home/subhalaxmi/nidar_ws/install/px4_msgs/include/px4_msgs/px4_msgs/msg/detail/mavlink_tunnel__type_support.cpp\n'}
[6.322714] (px4_msgs) StdoutLine: {'line': b'-- Up-to-date: /home/subhalaxmi/nidar_ws/install/px4_msgs/include/px4_msgs/px4_msgs/msg/detail/trajectory_setpoint__type_support.cpp\n'}
[6.322864] (px4_msgs) StdoutLine: {'line': b'-- Up-to-date: /home/subhalaxmi/nidar_ws/install/px4_msgs/include/px4_msgs/px4_msgs/msg/detail/irlock_report__rosidl_typesupport_introspection_cpp.hpp\n'}
[6.323002] (px4_msgs) StdoutLine: {'line': b'-- Up-to-date: /home/subhalaxmi/nidar_ws/install/px4_msgs/include/px4_msgs/px4_msgs/msg/detail/vehicle_optical_flow__rosidl_typesupport_introspection_cpp.hpp\n'}
[6.323149] (px4_msgs) StdoutLine: {'line': b'-- Up-to-date: /home/subhalaxmi/nidar_ws/install/px4_msgs/include/px4_msgs/px4_msgs/msg/detail/irlock_report__type_support.cpp\n'}
[6.323325] (px4_msgs) StdoutLine: {'line': b'-- Up-to-date: /home/subhalaxmi/nidar_ws/install/px4_msgs/include/px4_msgs/px4_msgs/msg/detail/open_drone_id_system__type_support.cpp\n'}
[6.323428] (px4_msgs) StdoutLine: {'line': b'-- Up-to-date: /home/subhalaxmi/nidar_ws/install/px4_msgs/include/px4_msgs/px4_msgs/msg/detail/event__rosidl_typesupport_introspection_cpp.hpp\n'}
[6.323528] (px4_msgs) StdoutLine: {'line': b'-- Up-to-date: /home/subhalaxmi/nidar_ws/install/px4_msgs/include/px4_msgs/px4_msgs/msg/detail/sensor_gyro__rosidl_typesupport_introspection_cpp.hpp\n'}
[6.323626] (px4_msgs) StdoutLine: {'line': b'-- Up-to-date: /home/subhalaxmi/nidar_ws/install/px4_msgs/include/px4_msgs/px4_msgs/msg/detail/rover_position_setpoint__type_support.cpp\n'}
[6.323740] (px4_msgs) StdoutLine: {'line': b'-- Up-to-date: /home/subhalaxmi/nidar_ws/install/px4_msgs/include/px4_msgs/px4_msgs/msg/detail/position_setpoint_triplet__rosidl_typesupport_introspection_cpp.hpp\n'}
[6.323889] (px4_msgs) StdoutLine: {'line': b'-- Up-to-date: /home/subhalaxmi/nidar_ws/install/px4_msgs/include/px4_msgs/px4_msgs/msg/detail/wind__type_support.cpp\n'}
[6.324028] (px4_msgs) StdoutLine: {'line': b'-- Up-to-date: /home/subhalaxmi/nidar_ws/install/px4_msgs/include/px4_msgs/px4_msgs/msg/detail/register_ext_component_reply__rosidl_typesupport_introspection_cpp.hpp\n'}
[6.324229] (px4_msgs) StdoutLine: {'line': b'-- Up-to-date: /home/subhalaxmi/nidar_ws/install/px4_msgs/include/px4_msgs/px4_msgs/msg/detail/vehicle_odometry__rosidl_typesupport_introspection_cpp.hpp\n'}
[6.324348] (px4_msgs) StdoutLine: {'line': b'-- Up-to-date: /home/subhalaxmi/nidar_ws/install/px4_msgs/include/px4_msgs/px4_msgs/msg/detail/pure_pursuit_status__type_support.cpp\n'}
[6.324471] (px4_msgs) StdoutLine: {'line': b'-- Up-to-date: /home/subhalaxmi/nidar_ws/install/px4_msgs/include/px4_msgs/px4_msgs/msg/detail/sensor_temp__rosidl_typesupport_introspection_cpp.hpp\n'}
[6.324612] (px4_msgs) StdoutLine: {'line': b'-- Up-to-date: /home/subhalaxmi/nidar_ws/install/px4_msgs/include/px4_msgs/px4_msgs/msg/detail/rtl_status__type_support.cpp\n'}
[6.324751] (px4_msgs) StdoutLine: {'line': b'-- Up-to-date: /home/subhalaxmi/nidar_ws/install/px4_msgs/include/px4_msgs/px4_msgs/msg/detail/goto_setpoint__rosidl_typesupport_introspection_cpp.hpp\n'}
[6.324924] (px4_msgs) StdoutLine: {'line': b'-- Up-to-date: /home/subhalaxmi/nidar_ws/install/px4_msgs/include/px4_msgs/px4_msgs/msg/detail/power_monitor__type_support.cpp\n'}
[6.325026] (px4_msgs) StdoutLine: {'line': b'-- Up-to-date: /home/subhalaxmi/nidar_ws/install/px4_msgs/include/px4_msgs/px4_msgs/msg/detail/rover_attitude_setpoint__type_support.cpp\n'}
[6.325141] (px4_msgs) StdoutLine: {'line': b'-- Up-to-date: /home/subhalaxmi/nidar_ws/install/px4_msgs/include/px4_msgs/px4_msgs/msg/detail/debug_vect__type_support.cpp\n'}
[6.325255] (px4_msgs) StdoutLine: {'line': b'-- Up-to-date: /home/subhalaxmi/nidar_ws/install/px4_msgs/include/px4_msgs/px4_msgs/msg/detail/debug_key_value__rosidl_typesupport_introspection_cpp.hpp\n'}
[6.325354] (px4_msgs) StdoutLine: {'line': b'-- Up-to-date: /home/subhalaxmi/nidar_ws/install/px4_msgs/include/px4_msgs/px4_msgs/msg/detail/parameter_set_used_request__rosidl_typesupport_introspection_cpp.hpp\n'}
[6.325468] (px4_msgs) StdoutLine: {'line': b'-- Up-to-date: /home/subhalaxmi/nidar_ws/install/px4_msgs/include/px4_msgs/px4_msgs/msg/detail/estimator_aid_source2d__type_support.cpp\n'}
[6.325615] (px4_msgs) StdoutLine: {'line': b'-- Up-to-date: /home/subhalaxmi/nidar_ws/install/px4_msgs/include/px4_msgs/px4_msgs/msg/detail/estimator_sensor_bias__rosidl_typesupport_introspection_cpp.hpp\n'}
[6.325755] (px4_msgs) StdoutLine: {'line': b'-- Up-to-date: /home/subhalaxmi/nidar_ws/install/px4_msgs/include/px4_msgs/px4_msgs/msg/detail/launch_detection_status__rosidl_typesupport_introspection_cpp.hpp\n'}
[6.325942] (px4_msgs) StdoutLine: {'line': b'-- Up-to-date: /home/subhalaxmi/nidar_ws/install/px4_msgs/include/px4_msgs/px4_msgs/msg/detail/takeoff_status__type_support.cpp\n'}
[6.326046] (px4_msgs) StdoutLine: {'line': b'-- Up-to-date: /home/subhalaxmi/nidar_ws/install/px4_msgs/include/px4_msgs/px4_msgs/msg/detail/position_controller_status__type_support.cpp\n'}
[6.326226] (px4_msgs) StdoutLine: {'line': b'-- Up-to-date: /home/subhalaxmi/nidar_ws/install/px4_msgs/include/px4_msgs/px4_msgs/msg/detail/offboard_control_mode__type_support.cpp\n'}
[6.326341] (px4_msgs) StdoutLine: {'line': b'-- Up-to-date: /home/subhalaxmi/nidar_ws/install/px4_msgs/include/px4_msgs/px4_msgs/msg/detail/figure_eight_status__rosidl_typesupport_introspection_cpp.hpp\n'}
[6.326440] (px4_msgs) StdoutLine: {'line': b'-- Up-to-date: /home/subhalaxmi/nidar_ws/install/px4_msgs/include/px4_msgs/px4_msgs/msg/detail/rover_rate_setpoint__type_support.cpp\n'}
[6.326537] (px4_msgs) StdoutLine: {'line': b'-- Up-to-date: /home/subhalaxmi/nidar_ws/install/px4_msgs/include/px4_msgs/px4_msgs/msg/detail/geofence_status__rosidl_typesupport_introspection_cpp.hpp\n'}
[6.326635] (px4_msgs) StdoutLine: {'line': b'-- Up-to-date: /home/subhalaxmi/nidar_ws/install/px4_msgs/include/px4_msgs/px4_msgs/msg/detail/gimbal_device_information__rosidl_typesupport_introspection_cpp.hpp\n'}
[6.326733] (px4_msgs) StdoutLine: {'line': b'-- Up-to-date: /home/subhalaxmi/nidar_ws/install/px4_msgs/include/px4_msgs/px4_msgs/msg/detail/camera_capture__type_support.cpp\n'}
[6.326831] (px4_msgs) StdoutLine: {'line': b'-- Up-to-date: /home/subhalaxmi/nidar_ws/install/px4_msgs/include/px4_msgs/px4_msgs/msg/detail/gpio_out__rosidl_typesupport_introspection_cpp.hpp\n'}
[6.326929] (px4_msgs) StdoutLine: {'line': b'-- Up-to-date: /home/subhalaxmi/nidar_ws/install/px4_msgs/include/px4_msgs/px4_msgs/msg/detail/vehicle_air_data__type_support.cpp\n'}
[6.327026] (px4_msgs) StdoutLine: {'line': b'-- Up-to-date: /home/subhalaxmi/nidar_ws/install/px4_msgs/include/px4_msgs/px4_msgs/msg/detail/fixed_wing_lateral_setpoint__type_support.cpp\n'}
[6.327148] (px4_msgs) StdoutLine: {'line': b'-- Up-to-date: /home/subhalaxmi/nidar_ws/install/px4_msgs/include/px4_msgs/px4_msgs/msg/detail/ulog_stream_ack__rosidl_typesupport_introspection_cpp.hpp\n'}
[6.327335] (px4_msgs) StdoutLine: {'line': b'-- Up-to-date: /home/subhalaxmi/nidar_ws/install/px4_msgs/include/px4_msgs/px4_msgs/msg/detail/parameter_set_value_response__type_support.cpp\n'}
[6.327438] (px4_msgs) StdoutLine: {'line': b'-- Up-to-date: /home/subhalaxmi/nidar_ws/install/px4_msgs/include/px4_msgs/px4_msgs/msg/detail/vehicle_attitude_setpoint__rosidl_typesupport_introspection_cpp.hpp\n'}
[6.327550] (px4_msgs) StdoutLine: {'line': b'-- Up-to-date: /home/subhalaxmi/nidar_ws/install/px4_msgs/include/px4_msgs/px4_msgs/msg/detail/dataman_response__rosidl_typesupport_introspection_cpp.hpp\n'}
[6.327650] (px4_msgs) StdoutLine: {'line': b'-- Up-to-date: /home/subhalaxmi/nidar_ws/install/px4_msgs/include/px4_msgs/px4_msgs/msg/detail/sensor_airflow__rosidl_typesupport_introspection_cpp.hpp\n'}
[6.327749] (px4_msgs) StdoutLine: {'line': b'-- Up-to-date: /home/subhalaxmi/nidar_ws/install/px4_msgs/include/px4_msgs/px4_msgs/msg/detail/qshell_req__type_support.cpp\n'}
[6.327863] (px4_msgs) StdoutLine: {'line': b'-- Up-to-date: /home/subhalaxmi/nidar_ws/install/px4_msgs/include/px4_msgs/px4_msgs/msg/detail/heater_status__rosidl_typesupport_introspection_cpp.hpp\n'}
[6.328012] (px4_msgs) StdoutLine: {'line': b'-- Up-to-date: /home/subhalaxmi/nidar_ws/install/px4_msgs/include/px4_msgs/px4_msgs/msg/detail/vehicle_optical_flow_vel__type_support.cpp\n'}
[6.328208] (px4_msgs) StdoutLine: {'line': b'-- Up-to-date: /home/subhalaxmi/nidar_ws/install/px4_msgs/include/px4_msgs/px4_msgs/msg/detail/sensor_combined__type_support.cpp\n'}
[6.328323] (px4_msgs) StdoutLine: {'line': b'-- Up-to-date: /home/subhalaxmi/nidar_ws/install/px4_msgs/include/px4_msgs/px4_msgs/msg/detail/rtl_time_estimate__rosidl_typesupport_introspection_cpp.hpp\n'}
[6.328441] (px4_msgs) StdoutLine: {'line': b'-- Up-to-date: /home/subhalaxmi/nidar_ws/install/px4_msgs/include/px4_msgs/px4_msgs/msg/detail/logger_status__rosidl_typesupport_introspection_cpp.hpp\n'}
[6.328539] (px4_msgs) StdoutLine: {'line': b'-- Up-to-date: /home/subhalaxmi/nidar_ws/install/px4_msgs/include/px4_msgs/px4_msgs/msg/detail/rc_parameter_map__type_support.cpp\n'}
[6.328636] (px4_msgs) StdoutLine: {'line': b'-- Up-to-date: /home/subhalaxmi/nidar_ws/install/px4_msgs/include/px4_msgs/px4_msgs/msg/detail/vehicle_attitude_setpoint__type_support.cpp\n'}
[6.328733] (px4_msgs) StdoutLine: {'line': b'-- Up-to-date: /home/subhalaxmi/nidar_ws/install/px4_msgs/include/px4_msgs/px4_msgs/msg/detail/sensor_mag__type_support.cpp\n'}
[6.328831] (px4_msgs) StdoutLine: {'line': b'-- Up-to-date: /home/subhalaxmi/nidar_ws/install/px4_msgs/include/px4_msgs/px4_msgs/msg/detail/sensor_baro__type_support.cpp\n'}
[6.329001] (px4_msgs) StdoutLine: {'line': b'-- Up-to-date: /home/subhalaxmi/nidar_ws/install/px4_msgs/include/px4_msgs/px4_msgs/msg/detail/qshell_retval__rosidl_typesupport_introspection_cpp.hpp\n'}
[6.329129] (px4_msgs) StdoutLine: {'line': b'-- Up-to-date: /home/subhalaxmi/nidar_ws/install/px4_msgs/include/px4_msgs/px4_msgs/msg/detail/tiltrotor_extra_controls__rosidl_typesupport_introspection_cpp.hpp\n'}
[6.329249] (px4_msgs) StdoutLine: {'line': b'-- Up-to-date: /home/subhalaxmi/nidar_ws/install/px4_msgs/include/px4_msgs/px4_msgs/msg/detail/debug_value__type_support.cpp\n'}
[6.329348] (px4_msgs) StdoutLine: {'line': b'-- Up-to-date: /home/subhalaxmi/nidar_ws/install/px4_msgs/include/px4_msgs/px4_msgs/msg/detail/follow_target_estimator__type_support.cpp\n'}
[6.329446] (px4_msgs) StdoutLine: {'line': b'-- Up-to-date: /home/subhalaxmi/nidar_ws/install/px4_msgs/include/px4_msgs/px4_msgs/msg/detail/iridiumsbd_status__rosidl_typesupport_introspection_cpp.hpp\n'}
[6.329545] (px4_msgs) StdoutLine: {'line': b'-- Up-to-date: /home/subhalaxmi/nidar_ws/install/px4_msgs/include/px4_msgs/px4_msgs/msg/detail/orb_test_medium__rosidl_typesupport_introspection_cpp.hpp\n'}
[6.329697] (px4_msgs) StdoutLine: {'line': b'-- Up-to-date: /home/subhalaxmi/nidar_ws/install/px4_msgs/include/px4_msgs/px4_msgs/msg/detail/iridiumsbd_status__type_support.cpp\n'}
[6.329837] (px4_msgs) StdoutLine: {'line': b'-- Up-to-date: /home/subhalaxmi/nidar_ws/install/px4_msgs/include/px4_msgs/px4_msgs/msg/detail/manual_control_setpoint__type_support.cpp\n'}
[6.329975] (px4_msgs) StdoutLine: {'line': b'-- Up-to-date: /home/subhalaxmi/nidar_ws/install/px4_msgs/include/px4_msgs/px4_msgs/msg/detail/position_controller_landing_status__rosidl_typesupport_introspection_cpp.hpp\n'}
[6.330156] (px4_msgs) StdoutLine: {'line': b'-- Up-to-date: /home/subhalaxmi/nidar_ws/install/px4_msgs/include/px4_msgs/px4_msgs/msg/detail/distance_sensor__type_support.cpp\n'}
[6.330271] (px4_msgs) StdoutLine: {'line': b'-- Up-to-date: /home/subhalaxmi/nidar_ws/install/px4_msgs/include/px4_msgs/px4_msgs/msg/detail/debug_vect__rosidl_typesupport_introspection_cpp.hpp\n'}
[6.330371] (px4_msgs) StdoutLine: {'line': b'-- Up-to-date: /home/subhalaxmi/nidar_ws/install/px4_msgs/include/px4_msgs/px4_msgs/msg/detail/estimator_bias__rosidl_typesupport_introspection_cpp.hpp\n'}
[6.330470] (px4_msgs) StdoutLine: {'line': b'-- Up-to-date: /home/subhalaxmi/nidar_ws/install/px4_msgs/include/px4_msgs/px4_msgs/msg/detail/rover_rate_status__rosidl_typesupport_introspection_cpp.hpp\n'}
[6.330568] (px4_msgs) StdoutLine: {'line': b'-- Up-to-date: /home/subhalaxmi/nidar_ws/install/px4_msgs/include/px4_msgs/px4_msgs/msg/detail/estimator_states__type_support.cpp\n'}
[6.330718] (px4_msgs) StdoutLine: {'line': b'-- Up-to-date: /home/subhalaxmi/nidar_ws/install/px4_msgs/include/px4_msgs/px4_msgs/msg/detail/rc_parameter_map__rosidl_typesupport_introspection_cpp.hpp\n'}
[6.330859] (px4_msgs) StdoutLine: {'line': b'-- Up-to-date: /home/subhalaxmi/nidar_ws/install/px4_msgs/include/px4_msgs/px4_msgs/msg/detail/camera_trigger__rosidl_typesupport_introspection_cpp.hpp\n'}
[6.330996] (px4_msgs) StdoutLine: {'line': b'-- Up-to-date: /home/subhalaxmi/nidar_ws/install/px4_msgs/include/px4_msgs/px4_msgs/msg/detail/vehicle_angular_acceleration_setpoint__type_support.cpp\n'}
[6.331145] (px4_msgs) StdoutLine: {'line': b'-- Up-to-date: /home/subhalaxmi/nidar_ws/install/px4_msgs/include/px4_msgs/px4_msgs/msg/detail/landing_gear__type_support.cpp\n'}
[6.331321] (px4_msgs) StdoutLine: {'line': b'-- Up-to-date: /home/subhalaxmi/nidar_ws/install/px4_msgs/include/px4_msgs/px4_msgs/msg/detail/vehicle_magnetometer__rosidl_typesupport_introspection_cpp.hpp\n'}
[6.331522] (px4_msgs) StdoutLine: {'line': b'-- Up-to-date: /home/subhalaxmi/nidar_ws/install/px4_msgs/include/px4_msgs/px4_msgs/msg/detail/navigator_mission_item__type_support.cpp\n'}
[6.331624] (px4_msgs) StdoutLine: {'line': b'-- Up-to-date: /home/subhalaxmi/nidar_ws/install/px4_msgs/include/px4_msgs/px4_msgs/msg/detail/ulog_stream__type_support.cpp\n'}
[6.331721] (px4_msgs) StdoutLine: {'line': b'-- Up-to-date: /home/subhalaxmi/nidar_ws/install/px4_msgs/include/px4_msgs/px4_msgs/msg/detail/mag_worker_data__type_support.cpp\n'}
[6.331818] (px4_msgs) StdoutLine: {'line': b'-- Up-to-date: /home/subhalaxmi/nidar_ws/install/px4_msgs/include/px4_msgs/px4_msgs/msg/detail/obstacle_distance__rosidl_typesupport_introspection_cpp.hpp\n'}
[6.331933] (px4_msgs) StdoutLine: {'line': b'-- Up-to-date: /home/subhalaxmi/nidar_ws/install/px4_msgs/include/px4_msgs/px4_msgs/msg/detail/collision_constraints__rosidl_typesupport_introspection_cpp.hpp\n'}
[6.332031] (px4_msgs) StdoutLine: {'line': b'-- Up-to-date: /home/subhalaxmi/nidar_ws/install/px4_msgs/include/px4_msgs/px4_msgs/msg/detail/led_control__type_support.cpp\n'}
[6.332144] (px4_msgs) StdoutLine: {'line': b'-- Up-to-date: /home/subhalaxmi/nidar_ws/install/px4_msgs/include/px4_msgs/px4_msgs/msg/detail/gimbal_device_attitude_status__type_support.cpp\n'}
[6.332256] (px4_msgs) StdoutLine: {'line': b'-- Up-to-date: /home/subhalaxmi/nidar_ws/install/px4_msgs/include/px4_msgs/px4_msgs/msg/detail/landing_target_pose__type_support.cpp\n'}
[6.332383] (px4_msgs) StdoutLine: {'line': b'-- Up-to-date: /home/subhalaxmi/nidar_ws/install/px4_msgs/include/px4_msgs/px4_msgs/msg/detail/config_overrides__type_support.cpp\n'}
[6.332580] (px4_msgs) StdoutLine: {'line': b'-- Up-to-date: /home/subhalaxmi/nidar_ws/install/px4_msgs/include/px4_msgs/px4_msgs/msg/detail/actuator_motors__rosidl_typesupport_introspection_cpp.hpp\n'}
[6.332747] (px4_msgs) StdoutLine: {'line': b'-- Up-to-date: /home/subhalaxmi/nidar_ws/install/px4_msgs/include/px4_msgs/px4_msgs/msg/detail/parameter_set_value_request__rosidl_typesupport_introspection_cpp.hpp\n'}
[6.333020] (px4_msgs) StdoutLine: {'line': b'-- Up-to-date: /home/subhalaxmi/nidar_ws/install/px4_msgs/include/px4_msgs/px4_msgs/msg/detail/hover_thrust_estimate__rosidl_typesupport_introspection_cpp.hpp\n'}
[6.333239] (px4_msgs) StdoutLine: {'line': b'-- Up-to-date: /home/subhalaxmi/nidar_ws/install/px4_msgs/include/px4_msgs/px4_msgs/msg/detail/esc_report__rosidl_typesupport_introspection_cpp.hpp\n'}
[6.333434] (px4_msgs) StdoutLine: {'line': b'-- Up-to-date: /home/subhalaxmi/nidar_ws/install/px4_msgs/include/px4_msgs/px4_msgs/msg/detail/estimator_status__rosidl_typesupport_introspection_cpp.hpp\n'}
[6.333576] (px4_msgs) StdoutLine: {'line': b'-- Up-to-date: /home/subhalaxmi/nidar_ws/install/px4_msgs/include/px4_msgs/px4_msgs/msg/detail/longitudinal_control_configuration__rosidl_typesupport_introspection_cpp.hpp\n'}
[6.333716] (px4_msgs) StdoutLine: {'line': b'-- Up-to-date: /home/subhalaxmi/nidar_ws/install/px4_msgs/include/px4_msgs/px4_msgs/msg/detail/arming_check_reply__rosidl_typesupport_introspection_cpp.hpp\n'}
[6.333856] (px4_msgs) StdoutLine: {'line': b'-- Up-to-date: /home/subhalaxmi/nidar_ws/install/px4_msgs/include/px4_msgs/px4_msgs/msg/detail/estimator_aid_source1d__rosidl_typesupport_introspection_cpp.hpp\n'}
[6.334001] (px4_msgs) StdoutLine: {'line': b'-- Up-to-date: /home/subhalaxmi/nidar_ws/install/px4_msgs/include/px4_msgs/px4_msgs/msg/detail/dataman_response__type_support.cpp\n'}
[6.334155] (px4_msgs) StdoutLine: {'line': b'-- Up-to-date: /home/subhalaxmi/nidar_ws/install/px4_msgs/include/px4_msgs/px4_msgs/msg/detail/sensor_uwb__type_support.cpp\n'}
[6.334358] (px4_msgs) StdoutLine: {'line': b'-- Up-to-date: /home/subhalaxmi/nidar_ws/install/px4_msgs/include/px4_msgs/px4_msgs/msg/detail/parameter_reset_request__type_support.cpp\n'}
[6.334459] (px4_msgs) StdoutLine: {'line': b'-- Up-to-date: /home/subhalaxmi/nidar_ws/install/px4_msgs/include/px4_msgs/px4_msgs/msg/detail/estimator_bias3d__rosidl_typesupport_introspection_cpp.hpp\n'}
[6.334560] (px4_msgs) StdoutLine: {'line': b'-- Up-to-date: /home/subhalaxmi/nidar_ws/install/px4_msgs/include/px4_msgs/px4_msgs/msg/detail/telemetry_status__type_support.cpp\n'}
[6.334710] (px4_msgs) StdoutLine: {'line': b'-- Up-to-date: /home/subhalaxmi/nidar_ws/install/px4_msgs/include/px4_msgs/px4_msgs/msg/detail/actuator_outputs__type_support.cpp\n'}
[6.334849] (px4_msgs) StdoutLine: {'line': b'-- Up-to-date: /home/subhalaxmi/nidar_ws/install/px4_msgs/include/px4_msgs/px4_msgs/msg/detail/ping__rosidl_typesupport_introspection_cpp.hpp\n'}
[6.334988] (px4_msgs) StdoutLine: {'line': b'-- Up-to-date: /home/subhalaxmi/nidar_ws/install/px4_msgs/include/px4_msgs/px4_msgs/msg/detail/fuel_tank_status__type_support.cpp\n'}
[6.335142] (px4_msgs) StdoutLine: {'line': b'-- Up-to-date: /home/subhalaxmi/nidar_ws/install/px4_msgs/include/px4_msgs/px4_msgs/msg/detail/airspeed_wind__rosidl_typesupport_introspection_cpp.hpp\n'}
[6.335374] (px4_msgs) StdoutLine: {'line': b'-- Up-to-date: /home/subhalaxmi/nidar_ws/install/px4_msgs/include/px4_msgs/px4_msgs/msg/detail/rtl_status__rosidl_typesupport_introspection_cpp.hpp\n'}
[6.335484] (px4_msgs) StdoutLine: {'line': b'-- Up-to-date: /home/subhalaxmi/nidar_ws/install/px4_msgs/include/px4_msgs/px4_msgs/msg/detail/airspeed__rosidl_typesupport_introspection_cpp.hpp\n'}
[6.335583] (px4_msgs) StdoutLine: {'line': b'-- Up-to-date: /home/subhalaxmi/nidar_ws/install/px4_msgs/include/px4_msgs/px4_msgs/msg/detail/actuator_armed__rosidl_typesupport_introspection_cpp.hpp\n'}
[6.335683] (px4_msgs) StdoutLine: {'line': b'-- Up-to-date: /home/subhalaxmi/nidar_ws/install/px4_msgs/include/px4_msgs/px4_msgs/msg/detail/rover_throttle_setpoint__type_support.cpp\n'}
[6.335781] (px4_msgs) StdoutLine: {'line': b'-- Up-to-date: /home/subhalaxmi/nidar_ws/install/px4_msgs/include/px4_msgs/px4_msgs/msg/detail/sensor_hygrometer__rosidl_typesupport_introspection_cpp.hpp\n'}
[6.335880] (px4_msgs) StdoutLine: {'line': b'-- Up-to-date: /home/subhalaxmi/nidar_ws/install/px4_msgs/include/px4_msgs/px4_msgs/msg/detail/yaw_estimator_status__type_support.cpp\n'}
[6.336022] (px4_msgs) StdoutLine: {'line': b'-- Up-to-date: /home/subhalaxmi/nidar_ws/install/px4_msgs/include/px4_msgs/px4_msgs/msg/detail/estimator_aid_source1d__type_support.cpp\n'}
[6.336225] (px4_msgs) StdoutLine: {'line': b'-- Up-to-date: /home/subhalaxmi/nidar_ws/install/px4_msgs/include/px4_msgs/px4_msgs/msg/detail/gpio_request__type_support.cpp\n'}
[6.336334] (px4_msgs) StdoutLine: {'line': b'-- Up-to-date: /home/subhalaxmi/nidar_ws/install/px4_msgs/include/px4_msgs/px4_msgs/msg/detail/vehicle_imu__rosidl_typesupport_introspection_cpp.hpp\n'}
[6.336439] (px4_msgs) StdoutLine: {'line': b'-- Up-to-date: /home/subhalaxmi/nidar_ws/install/px4_msgs/include/px4_msgs/px4_msgs/msg/detail/cellular_status__type_support.cpp\n'}
[6.336538] (px4_msgs) StdoutLine: {'line': b'-- Up-to-date: /home/subhalaxmi/nidar_ws/install/px4_msgs/include/px4_msgs/px4_msgs/msg/detail/parameter_set_used_request__type_support.cpp\n'}
[6.336635] (px4_msgs) StdoutLine: {'line': b'-- Up-to-date: /home/subhalaxmi/nidar_ws/install/px4_msgs/include/px4_msgs/px4_msgs/msg/detail/rpm__type_support.cpp\n'}
[6.336733] (px4_msgs) StdoutLine: {'line': b'-- Up-to-date: /home/subhalaxmi/nidar_ws/install/px4_msgs/include/px4_msgs/px4_msgs/msg/detail/distance_sensor_mode_change_request__rosidl_typesupport_introspection_cpp.hpp\n'}
[6.336831] (px4_msgs) StdoutLine: {'line': b'-- Up-to-date: /home/subhalaxmi/nidar_ws/install/px4_msgs/include/px4_msgs/px4_msgs/msg/detail/fixed_wing_longitudinal_setpoint__type_support.cpp\n'}
[6.336929] (px4_msgs) StdoutLine: {'line': b'-- Up-to-date: /home/subhalaxmi/nidar_ws/install/px4_msgs/include/px4_msgs/px4_msgs/msg/detail/gpio_in__rosidl_typesupport_introspection_cpp.hpp\n'}
[6.337050] (px4_msgs) StdoutLine: {'line': b'-- Up-to-date: /home/subhalaxmi/nidar_ws/install/px4_msgs/include/px4_msgs/px4_msgs/msg/detail/telemetry_status__rosidl_typesupport_introspection_cpp.hpp\n'}
[6.337255] (px4_msgs) StdoutLine: {'line': b'-- Up-to-date: /home/subhalaxmi/nidar_ws/install/px4_msgs/include/px4_msgs/px4_msgs/msg/detail/rover_speed_setpoint__type_support.cpp\n'}
[6.337365] (px4_msgs) StdoutLine: {'line': b'-- Up-to-date: /home/subhalaxmi/nidar_ws/install/px4_msgs/include/px4_msgs/px4_msgs/msg/detail/button_event__type_support.cpp\n'}
[6.337463] (px4_msgs) StdoutLine: {'line': b'-- Up-to-date: /home/subhalaxmi/nidar_ws/install/px4_msgs/include/px4_msgs/px4_msgs/msg/detail/tiltrotor_extra_controls__type_support.cpp\n'}
[6.337559] (px4_msgs) StdoutLine: {'line': b'-- Up-to-date: /home/subhalaxmi/nidar_ws/install/px4_msgs/include/px4_msgs/px4_msgs/msg/detail/sensor_gyro__type_support.cpp\n'}
[6.337656] (px4_msgs) StdoutLine: {'line': b'-- Up-to-date: /home/subhalaxmi/nidar_ws/install/px4_msgs/include/px4_msgs/px4_msgs/msg/detail/actuator_motors__type_support.cpp\n'}
[6.337797] (px4_msgs) StdoutLine: {'line': b'-- Up-to-date: /home/subhalaxmi/nidar_ws/install/px4_msgs/include/px4_msgs/px4_msgs/msg/detail/navigator_status__type_support.cpp\n'}
[6.337933] (px4_msgs) StdoutLine: {'line': b'-- Up-to-date: /home/subhalaxmi/nidar_ws/install/px4_msgs/include/px4_msgs/px4_msgs/msg/detail/estimator_gps_status__rosidl_typesupport_introspection_cpp.hpp\n'}
[6.338070] (px4_msgs) StdoutLine: {'line': b'-- Up-to-date: /home/subhalaxmi/nidar_ws/install/px4_msgs/include/px4_msgs/px4_msgs/msg/detail/sensor_gyro_fft__rosidl_typesupport_introspection_cpp.hpp\n'}
[6.338262] (px4_msgs) StdoutLine: {'line': b'-- Up-to-date: /home/subhalaxmi/nidar_ws/install/px4_msgs/include/px4_msgs/px4_msgs/msg/detail/message_format_request__rosidl_typesupport_introspection_cpp.hpp\n'}
[6.338368] (px4_msgs) StdoutLine: {'line': b'-- Up-to-date: /home/subhalaxmi/nidar_ws/install/px4_msgs/include/px4_msgs/px4_msgs/msg/detail/sensor_gps__type_support.cpp\n'}
[6.338466] (px4_msgs) StdoutLine: {'line': b'-- Up-to-date: /home/subhalaxmi/nidar_ws/install/px4_msgs/include/px4_msgs/px4_msgs/msg/detail/longitudinal_control_configuration__type_support.cpp\n'}
[6.338565] (px4_msgs) StdoutLine: {'line': b'-- Up-to-date: /home/subhalaxmi/nidar_ws/install/px4_msgs/include/px4_msgs/px4_msgs/msg/detail/mag_worker_data__rosidl_typesupport_introspection_cpp.hpp\n'}
[6.338676] (px4_msgs) StdoutLine: {'line': b'-- Up-to-date: /home/subhalaxmi/nidar_ws/install/px4_msgs/include/px4_msgs/px4_msgs/msg/detail/gimbal_device_set_attitude__rosidl_typesupport_introspection_cpp.hpp\n'}
[6.338819] (px4_msgs) StdoutLine: {'line': b'-- Up-to-date: /home/subhalaxmi/nidar_ws/install/px4_msgs/include/px4_msgs/px4_msgs/msg/detail/rover_attitude_setpoint__rosidl_typesupport_introspection_cpp.hpp\n'}
[6.338962] (px4_msgs) StdoutLine: {'line': b'-- Up-to-date: /home/subhalaxmi/nidar_ws/install/px4_msgs/include/px4_msgs/px4_msgs/msg/detail/lateral_control_configuration__type_support.cpp\n'}
[6.339101] (px4_msgs) StdoutLine: {'line': b'-- Up-to-date: /home/subhalaxmi/nidar_ws/install/px4_msgs/include/px4_msgs/px4_msgs/msg/detail/system_power__type_support.cpp\n'}
[6.339285] (px4_msgs) StdoutLine: {'line': b'-- Up-to-date: /home/subhalaxmi/nidar_ws/install/px4_msgs/include/px4_msgs/px4_msgs/msg/detail/uavcan_parameter_request__rosidl_typesupport_introspection_cpp.hpp\n'}
[6.339392] (px4_msgs) StdoutLine: {'line': b'-- Up-to-date: /home/subhalaxmi/nidar_ws/install/px4_msgs/include/px4_msgs/px4_msgs/msg/detail/position_controller_status__rosidl_typesupport_introspection_cpp.hpp\n'}
[6.339536] (px4_msgs) StdoutLine: {'line': b'-- Up-to-date: /home/subhalaxmi/nidar_ws/install/px4_msgs/include/px4_msgs/px4_msgs/msg/detail/fixed_wing_lateral_status__rosidl_typesupport_introspection_cpp.hpp\n'}
[6.339707] (px4_msgs) StdoutLine: {'line': b'-- Up-to-date: /home/subhalaxmi/nidar_ws/install/px4_msgs/include/px4_msgs/px4_msgs/srv\n'}
[6.339815] (px4_msgs) StdoutLine: {'line': b'-- Up-to-date: /home/subhalaxmi/nidar_ws/install/px4_msgs/include/px4_msgs/px4_msgs/srv/detail\n'}
[6.339916] (px4_msgs) StdoutLine: {'line': b'-- Up-to-date: /home/subhalaxmi/nidar_ws/install/px4_msgs/include/px4_msgs/px4_msgs/srv/detail/vehicle_command__rosidl_typesupport_introspection_cpp.hpp\n'}
[6.340015] (px4_msgs) StdoutLine: {'line': b'-- Up-to-date: /home/subhalaxmi/nidar_ws/install/px4_msgs/include/px4_msgs/px4_msgs/srv/detail/vehicle_command__type_support.cpp\n'}
[6.340113] (px4_msgs) StdoutLine: {'line': b'-- Up-to-date: /home/subhalaxmi/nidar_ws/install/px4_msgs/lib/libpx4_msgs__rosidl_typesupport_introspection_cpp.so\n'}
[6.340240] (px4_msgs) StdoutLine: {'line': b'-- Up-to-date: /home/subhalaxmi/nidar_ws/install/px4_msgs/lib/libpx4_msgs__rosidl_typesupport_cpp.so\n'}
[6.340339] (px4_msgs) StdoutLine: {'line': b'-- Up-to-date: /home/subhalaxmi/nidar_ws/install/px4_msgs/share/px4_msgs/environment/pythonpath.sh\n'}
[6.340438] (px4_msgs) StdoutLine: {'line': b'-- Up-to-date: /home/subhalaxmi/nidar_ws/install/px4_msgs/share/px4_msgs/environment/pythonpath.dsv\n'}
[6.340588] (px4_msgs) StdoutLine: {'line': b'-- Up-to-date: /home/subhalaxmi/nidar_ws/install/px4_msgs/local/lib/python3.10/dist-packages/px4_msgs-2.0.1-py3.10.egg-info\n'}
[6.340728] (px4_msgs) StdoutLine: {'line': b'-- Installing: /home/subhalaxmi/nidar_ws/install/px4_msgs/local/lib/python3.10/dist-packages/px4_msgs-2.0.1-py3.10.egg-info/PKG-INFO\n'}
[6.340866] (px4_msgs) StdoutLine: {'line': b'-- Installing: /home/subhalaxmi/nidar_ws/install/px4_msgs/local/lib/python3.10/dist-packages/px4_msgs-2.0.1-py3.10.egg-info/SOURCES.txt\n'}
[6.341003] (px4_msgs) StdoutLine: {'line': b'-- Installing: /home/subhalaxmi/nidar_ws/install/px4_msgs/local/lib/python3.10/dist-packages/px4_msgs-2.0.1-py3.10.egg-info/top_level.txt\n'}
[6.341219] (px4_msgs) StdoutLine: {'line': b'-- Installing: /home/subhalaxmi/nidar_ws/install/px4_msgs/local/lib/python3.10/dist-packages/px4_msgs-2.0.1-py3.10.egg-info/dependency_links.txt\n'}
[6.341341] (px4_msgs) StdoutLine: {'line': b'-- Up-to-date: /home/subhalaxmi/nidar_ws/install/px4_msgs/local/lib/python3.10/dist-packages/px4_msgs\n'}
[6.341509] (px4_msgs) StdoutLine: {'line': b'-- Up-to-date: /home/subhalaxmi/nidar_ws/install/px4_msgs/local/lib/python3.10/dist-packages/px4_msgs/px4_msgs_s__rosidl_typesupport_introspection_c.cpython-310-x86_64-linux-gnu.so\n'}
[6.341695] (px4_msgs) StdoutLine: {'line': b'-- Up-to-date: /home/subhalaxmi/nidar_ws/install/px4_msgs/local/lib/python3.10/dist-packages/px4_msgs/libpx4_msgs__rosidl_generator_py.so\n'}
[6.341800] (px4_msgs) StdoutLine: {'line': b'-- Up-to-date: /home/subhalaxmi/nidar_ws/install/px4_msgs/local/lib/python3.10/dist-packages/px4_msgs/__init__.py\n'}
[6.341900] (px4_msgs) StdoutLine: {'line': b'-- Up-to-date: /home/subhalaxmi/nidar_ws/install/px4_msgs/local/lib/python3.10/dist-packages/px4_msgs/msg\n'}
[6.341999] (px4_msgs) StdoutLine: {'line': b'-- Up-to-date: /home/subhalaxmi/nidar_ws/install/px4_msgs/local/lib/python3.10/dist-packages/px4_msgs/msg/_orb_test_medium_s.c\n'}
[6.342097] (px4_msgs) StdoutLine: {'line': b'-- Up-to-date: /home/subhalaxmi/nidar_ws/install/px4_msgs/local/lib/python3.10/dist-packages/px4_msgs/msg/_vehicle_thrust_setpoint_s.c\n'}
[6.342283] (px4_msgs) StdoutLine: {'line': b'-- Up-to-date: /home/subhalaxmi/nidar_ws/install/px4_msgs/local/lib/python3.10/dist-packages/px4_msgs/msg/_rover_attitude_status_s.c\n'}
[6.342480] (px4_msgs) StdoutLine: {'line': b'-- Up-to-date: /home/subhalaxmi/nidar_ws/install/px4_msgs/local/lib/python3.10/dist-packages/px4_msgs/msg/_landing_target_pose.py\n'}
[6.342584] (px4_msgs) StdoutLine: {'line': b'-- Up-to-date: /home/subhalaxmi/nidar_ws/install/px4_msgs/local/lib/python3.10/dist-packages/px4_msgs/msg/_fuel_tank_status_s.c\n'}
[6.342683] (px4_msgs) StdoutLine: {'line': b'-- Up-to-date: /home/subhalaxmi/nidar_ws/install/px4_msgs/local/lib/python3.10/dist-packages/px4_msgs/msg/_health_report_s.c\n'}
[6.342782] (px4_msgs) StdoutLine: {'line': b'-- Up-to-date: /home/subhalaxmi/nidar_ws/install/px4_msgs/local/lib/python3.10/dist-packages/px4_msgs/msg/_sensor_combined.py\n'}
[6.342880] (px4_msgs) StdoutLine: {'line': b'-- Up-to-date: /home/subhalaxmi/nidar_ws/install/px4_msgs/local/lib/python3.10/dist-packages/px4_msgs/msg/_message_format_response.py\n'}
[6.342977] (px4_msgs) StdoutLine: {'line': b'-- Up-to-date: /home/subhalaxmi/nidar_ws/install/px4_msgs/local/lib/python3.10/dist-packages/px4_msgs/msg/_button_event.py\n'}
[6.343143] (px4_msgs) StdoutLine: {'line': b'-- Up-to-date: /home/subhalaxmi/nidar_ws/install/px4_msgs/local/lib/python3.10/dist-packages/px4_msgs/msg/_sensor_combined_s.c\n'}
[6.343312] (px4_msgs) StdoutLine: {'line': b'-- Up-to-date: /home/subhalaxmi/nidar_ws/install/px4_msgs/local/lib/python3.10/dist-packages/px4_msgs/msg/_uavcan_parameter_value.py\n'}
[6.343411] (px4_msgs) StdoutLine: {'line': b'-- Up-to-date: /home/subhalaxmi/nidar_ws/install/px4_msgs/local/lib/python3.10/dist-packages/px4_msgs/msg/_normalized_unsigned_setpoint.py\n'}
[6.343511] (px4_msgs) StdoutLine: {'line': b'-- Up-to-date: /home/subhalaxmi/nidar_ws/install/px4_msgs/local/lib/python3.10/dist-packages/px4_msgs/msg/_adc_report_s.c\n'}
[6.343610] (px4_msgs) StdoutLine: {'line': b'-- Up-to-date: /home/subhalaxmi/nidar_ws/install/px4_msgs/local/lib/python3.10/dist-packages/px4_msgs/msg/_debug_array.py\n'}
[6.343719] (px4_msgs) StdoutLine: {'line': b'-- Up-to-date: /home/subhalaxmi/nidar_ws/install/px4_msgs/local/lib/python3.10/dist-packages/px4_msgs/msg/_gimbal_controls_s.c\n'}
[6.343829] (px4_msgs) StdoutLine: {'line': b'-- Up-to-date: /home/subhalaxmi/nidar_ws/install/px4_msgs/local/lib/python3.10/dist-packages/px4_msgs/msg/_timesync_status_s.c\n'}
[6.343928] (px4_msgs) StdoutLine: {'line': b'-- Up-to-date: /home/subhalaxmi/nidar_ws/install/px4_msgs/local/lib/python3.10/dist-packages/px4_msgs/msg/_actuator_servos_trim.py\n'}
[6.344025] (px4_msgs) StdoutLine: {'line': b'-- Up-to-date: /home/subhalaxmi/nidar_ws/install/px4_msgs/local/lib/python3.10/dist-packages/px4_msgs/msg/_message_format_response_s.c\n'}
[6.344241] (px4_msgs) StdoutLine: {'line': b'-- Up-to-date: /home/subhalaxmi/nidar_ws/install/px4_msgs/local/lib/python3.10/dist-packages/px4_msgs/msg/_can_interface_status_s.c\n'}
[6.344352] (px4_msgs) StdoutLine: {'line': b'-- Up-to-date: /home/subhalaxmi/nidar_ws/install/px4_msgs/local/lib/python3.10/dist-packages/px4_msgs/msg/_yaw_estimator_status_s.c\n'}
[6.344451] (px4_msgs) StdoutLine: {'line': b'-- Up-to-date: /home/subhalaxmi/nidar_ws/install/px4_msgs/local/lib/python3.10/dist-packages/px4_msgs/msg/_qshell_req.py\n'}
[6.344561] (px4_msgs) StdoutLine: {'line': b'-- Up-to-date: /home/subhalaxmi/nidar_ws/install/px4_msgs/local/lib/python3.10/dist-packages/px4_msgs/msg/_arming_check_reply.py\n'}
[6.344658] (px4_msgs) StdoutLine: {'line': b'-- Up-to-date: /home/subhalaxmi/nidar_ws/install/px4_msgs/local/lib/python3.10/dist-packages/px4_msgs/msg/_estimator_states_s.c\n'}
[6.344756] (px4_msgs) StdoutLine: {'line': b'-- Up-to-date: /home/subhalaxmi/nidar_ws/install/px4_msgs/local/lib/python3.10/dist-packages/px4_msgs/msg/_vehicle_odometry_s.c\n'}
[6.344909] (px4_msgs) StdoutLine: {'line': b'-- Up-to-date: /home/subhalaxmi/nidar_ws/install/px4_msgs/local/lib/python3.10/dist-packages/px4_msgs/msg/_landing_target_pose_s.c\n'}
[6.345047] (px4_msgs) StdoutLine: {'line': b'-- Up-to-date: /home/subhalaxmi/nidar_ws/install/px4_msgs/local/lib/python3.10/dist-packages/px4_msgs/msg/_input_rc_s.c\n'}
[6.345249] (px4_msgs) StdoutLine: {'line': b'-- Up-to-date: /home/subhalaxmi/nidar_ws/install/px4_msgs/local/lib/python3.10/dist-packages/px4_msgs/msg/_vehicle_optical_flow_s.c\n'}
[6.345360] (px4_msgs) StdoutLine: {'line': b'-- Up-to-date: /home/subhalaxmi/nidar_ws/install/px4_msgs/local/lib/python3.10/dist-packages/px4_msgs/msg/_obstacle_distance_s.c\n'}
[6.345460] (px4_msgs) StdoutLine: {'line': b'-- Up-to-date: /home/subhalaxmi/nidar_ws/install/px4_msgs/local/lib/python3.10/dist-packages/px4_msgs/msg/_dataman_request.py\n'}
[6.345561] (px4_msgs) StdoutLine: {'line': b'-- Up-to-date: /home/subhalaxmi/nidar_ws/install/px4_msgs/local/lib/python3.10/dist-packages/px4_msgs/msg/_parameter_set_value_request_s.c\n'}
[6.345662] (px4_msgs) StdoutLine: {'line': b'-- Up-to-date: /home/subhalaxmi/nidar_ws/install/px4_msgs/local/lib/python3.10/dist-packages/px4_msgs/msg/_mission_result.py\n'}
[6.345760] (px4_msgs) StdoutLine: {'line': b'-- Up-to-date: /home/subhalaxmi/nidar_ws/install/px4_msgs/local/lib/python3.10/dist-packages/px4_msgs/msg/_estimator_innovations_s.c\n'}
[6.345910] (px4_msgs) StdoutLine: {'line': b'-- Up-to-date: /home/subhalaxmi/nidar_ws/install/px4_msgs/local/lib/python3.10/dist-packages/px4_msgs/msg/_vehicle_odometry.py\n'}
[6.346052] (px4_msgs) StdoutLine: {'line': b'-- Up-to-date: /home/subhalaxmi/nidar_ws/install/px4_msgs/local/lib/python3.10/dist-packages/px4_msgs/msg/_fixed_wing_runway_control_s.c\n'}
[6.346252] (px4_msgs) StdoutLine: {'line': b'-- Up-to-date: /home/subhalaxmi/nidar_ws/install/px4_msgs/local/lib/python3.10/dist-packages/px4_msgs/msg/_tiltrotor_extra_controls_s.c\n'}
[6.346361] (px4_msgs) StdoutLine: {'line': b'-- Up-to-date: /home/subhalaxmi/nidar_ws/install/px4_msgs/local/lib/python3.10/dist-packages/px4_msgs/msg/_rpm.py\n'}
[6.346461] (px4_msgs) StdoutLine: {'line': b'-- Up-to-date: /home/subhalaxmi/nidar_ws/install/px4_msgs/local/lib/python3.10/dist-packages/px4_msgs/msg/_rover_speed_status_s.c\n'}
[6.346606] (px4_msgs) StdoutLine: {'line': b'-- Up-to-date: /home/subhalaxmi/nidar_ws/install/px4_msgs/local/lib/python3.10/dist-packages/px4_msgs/msg/_fixed_wing_lateral_status.py\n'}
[6.346743] (px4_msgs) StdoutLine: {'line': b'-- Up-to-date: /home/subhalaxmi/nidar_ws/install/px4_msgs/local/lib/python3.10/dist-packages/px4_msgs/msg/_vehicle_attitude_s.c\n'}
[6.346878] (px4_msgs) StdoutLine: {'line': b'-- Up-to-date: /home/subhalaxmi/nidar_ws/install/px4_msgs/local/lib/python3.10/dist-packages/px4_msgs/msg/_collision_constraints_s.c\n'}
[6.347015] (px4_msgs) StdoutLine: {'line': b'-- Up-to-date: /home/subhalaxmi/nidar_ws/install/px4_msgs/local/lib/python3.10/dist-packages/px4_msgs/msg/_vehicle_rates_setpoint.py\n'}
[6.347212] (px4_msgs) StdoutLine: {'line': b'-- Up-to-date: /home/subhalaxmi/nidar_ws/install/px4_msgs/local/lib/python3.10/dist-packages/px4_msgs/msg/_task_stack_info.py\n'}
[6.347327] (px4_msgs) StdoutLine: {'line': b'-- Up-to-date: /home/subhalaxmi/nidar_ws/install/px4_msgs/local/lib/python3.10/dist-packages/px4_msgs/msg/_button_event_s.c\n'}
[6.347440] (px4_msgs) StdoutLine: {'line': b'-- Up-to-date: /home/subhalaxmi/nidar_ws/install/px4_msgs/local/lib/python3.10/dist-packages/px4_msgs/msg/_landing_gear_wheel_s.c\n'}
[6.347591] (px4_msgs) StdoutLine: {'line': b'-- Up-to-date: /home/subhalaxmi/nidar_ws/install/px4_msgs/local/lib/python3.10/dist-packages/px4_msgs/msg/_vtx_s.c\n'}
[6.347829] (px4_msgs) StdoutLine: {'line': b'-- Up-to-date: /home/subhalaxmi/nidar_ws/install/px4_msgs/local/lib/python3.10/dist-packages/px4_msgs/msg/_dronecan_node_status.py\n'}
[6.348028] (px4_msgs) StdoutLine: {'line': b'-- Up-to-date: /home/subhalaxmi/nidar_ws/install/px4_msgs/local/lib/python3.10/dist-packages/px4_msgs/msg/_action_request.py\n'}
[6.348407] (px4_msgs) StdoutLine: {'line': b'-- Up-to-date: /home/subhalaxmi/nidar_ws/install/px4_msgs/local/lib/python3.10/dist-packages/px4_msgs/msg/_ulog_stream_ack_s.c\n'}
[6.348612] (px4_msgs) StdoutLine: {'line': b'-- Up-to-date: /home/subhalaxmi/nidar_ws/install/px4_msgs/local/lib/python3.10/dist-packages/px4_msgs/msg/_pwm_input.py\n'}
[6.348802] (px4_msgs) StdoutLine: {'line': b'-- Up-to-date: /home/subhalaxmi/nidar_ws/install/px4_msgs/local/lib/python3.10/dist-packages/px4_msgs/msg/_landing_gear.py\n'}
[6.348995] (px4_msgs) StdoutLine: {'line': b'-- Up-to-date: /home/subhalaxmi/nidar_ws/install/px4_msgs/local/lib/python3.10/dist-packages/px4_msgs/msg/_position_setpoint_triplet.py\n'}
[6.349330] (px4_msgs) StdoutLine: {'line': b'-- Up-to-date: /home/subhalaxmi/nidar_ws/install/px4_msgs/local/lib/python3.10/dist-packages/px4_msgs/msg/_cpuload.py\n'}
[6.349471] (px4_msgs) StdoutLine: {'line': b'-- Up-to-date: /home/subhalaxmi/nidar_ws/install/px4_msgs/local/lib/python3.10/dist-packages/px4_msgs/msg/_raptor_input.py\n'}
[6.349575] (px4_msgs) StdoutLine: {'line': b'-- Up-to-date: /home/subhalaxmi/nidar_ws/install/px4_msgs/local/lib/python3.10/dist-packages/px4_msgs/msg/_vehicle_air_data_s.c\n'}
[6.349676] (px4_msgs) StdoutLine: {'line': b'-- Up-to-date: /home/subhalaxmi/nidar_ws/install/px4_msgs/local/lib/python3.10/dist-packages/px4_msgs/msg/_unregister_ext_component.py\n'}
[6.349776] (px4_msgs) StdoutLine: {'line': b'-- Up-to-date: /home/subhalaxmi/nidar_ws/install/px4_msgs/local/lib/python3.10/dist-packages/px4_msgs/msg/_gimbal_manager_set_manual_control_s.c\n'}
[6.349963] (px4_msgs) StdoutLine: {'line': b'-- Up-to-date: /home/subhalaxmi/nidar_ws/install/px4_msgs/local/lib/python3.10/dist-packages/px4_msgs/msg/_parameter_update_s.c\n'}
[6.350070] (px4_msgs) StdoutLine: {'line': b'-- Up-to-date: /home/subhalaxmi/nidar_ws/install/px4_msgs/local/lib/python3.10/dist-packages/px4_msgs/msg/_estimator_aid_source2d_s.c\n'}
[6.350201] (px4_msgs) StdoutLine: {'line': b'-- Up-to-date: /home/subhalaxmi/nidar_ws/install/px4_msgs/local/lib/python3.10/dist-packages/px4_msgs/msg/_pwm_input_s.c\n'}
[6.350305] (px4_msgs) StdoutLine: {'line': b'-- Up-to-date: /home/subhalaxmi/nidar_ws/install/px4_msgs/local/lib/python3.10/dist-packages/px4_msgs/msg/_task_stack_info_s.c\n'}
[6.350402] (px4_msgs) StdoutLine: {'line': b'-- Up-to-date: /home/subhalaxmi/nidar_ws/install/px4_msgs/local/lib/python3.10/dist-packages/px4_msgs/msg/_camera_trigger_s.c\n'}
[6.350500] (px4_msgs) StdoutLine: {'line': b'-- Up-to-date: /home/subhalaxmi/nidar_ws/install/px4_msgs/local/lib/python3.10/dist-packages/px4_msgs/msg/_actuator_motors_s.c\n'}
[6.350664] (px4_msgs) StdoutLine: {'line': b'-- Up-to-date: /home/subhalaxmi/nidar_ws/install/px4_msgs/local/lib/python3.10/dist-packages/px4_msgs/msg/_debug_value.py\n'}
[6.350765] (px4_msgs) StdoutLine: {'line': b'-- Up-to-date: /home/subhalaxmi/nidar_ws/install/px4_msgs/local/lib/python3.10/dist-packages/px4_msgs/msg/_follow_target_estimator_s.c\n'}
[6.350864] (px4_msgs) StdoutLine: {'line': b'-- Up-to-date: /home/subhalaxmi/nidar_ws/install/px4_msgs/local/lib/python3.10/dist-packages/px4_msgs/msg/_generator_status_s.c\n'}
[6.350963] (px4_msgs) StdoutLine: {'line': b'-- Up-to-date: /home/subhalaxmi/nidar_ws/install/px4_msgs/local/lib/python3.10/dist-packages/px4_msgs/msg/_parameter_set_value_response_s.c\n'}
[6.351060] (px4_msgs) StdoutLine: {'line': b'-- Up-to-date: /home/subhalaxmi/nidar_ws/install/px4_msgs/local/lib/python3.10/dist-packages/px4_msgs/msg/_sensor_optical_flow.py\n'}
[6.351207] (px4_msgs) StdoutLine: {'line': b'-- Up-to-date: /home/subhalaxmi/nidar_ws/install/px4_msgs/local/lib/python3.10/dist-packages/px4_msgs/msg/_camera_capture.py\n'}
[6.351309] (px4_msgs) StdoutLine: {'line': b'-- Up-to-date: /home/subhalaxmi/nidar_ws/install/px4_msgs/local/lib/python3.10/dist-packages/px4_msgs/msg/_config_overrides.py\n'}
[6.351454] (px4_msgs) StdoutLine: {'line': b'-- Up-to-date: /home/subhalaxmi/nidar_ws/install/px4_msgs/local/lib/python3.10/dist-packages/px4_msgs/msg/_gimbal_controls.py\n'}
[6.351613] (px4_msgs) StdoutLine: {'line': b'-- Up-to-date: /home/subhalaxmi/nidar_ws/install/px4_msgs/local/lib/python3.10/dist-packages/px4_msgs/msg/_wind.py\n'}
[6.351804] (px4_msgs) StdoutLine: {'line': b'-- Up-to-date: /home/subhalaxmi/nidar_ws/install/px4_msgs/local/lib/python3.10/dist-packages/px4_msgs/msg/_position_setpoint.py\n'}
[6.352008] (px4_msgs) StdoutLine: {'line': b'-- Up-to-date: /home/subhalaxmi/nidar_ws/install/px4_msgs/local/lib/python3.10/dist-packages/px4_msgs/msg/_sensor_gnss_relative_s.c\n'}
[6.352332] (px4_msgs) StdoutLine: {'line': b'-- Up-to-date: /home/subhalaxmi/nidar_ws/install/px4_msgs/local/lib/python3.10/dist-packages/px4_msgs/msg/_system_power_s.c\n'}
[6.352583] (px4_msgs) StdoutLine: {'line': b'-- Up-to-date: /home/subhalaxmi/nidar_ws/install/px4_msgs/local/lib/python3.10/dist-packages/px4_msgs/msg/_fixed_wing_longitudinal_setpoint_s.c\n'}
[6.352818] (px4_msgs) StdoutLine: {'line': b'-- Up-to-date: /home/subhalaxmi/nidar_ws/install/px4_msgs/local/lib/python3.10/dist-packages/px4_msgs/msg/_transponder_report_s.c\n'}
[6.353000] (px4_msgs) StdoutLine: {'line': b'-- Up-to-date: /home/subhalaxmi/nidar_ws/install/px4_msgs/local/lib/python3.10/dist-packages/px4_msgs/msg/_register_ext_component_reply.py\n'}
[6.353114] (px4_msgs) StdoutLine: {'line': b'-- Up-to-date: /home/subhalaxmi/nidar_ws/install/px4_msgs/local/lib/python3.10/dist-packages/px4_msgs/msg/_vehicle_local_position_setpoint.py\n'}
[6.353331] (px4_msgs) StdoutLine: {'line': b'-- Up-to-date: /home/subhalaxmi/nidar_ws/install/px4_msgs/local/lib/python3.10/dist-packages/px4_msgs/msg/_camera_status_s.c\n'}
[6.353440] (px4_msgs) StdoutLine: {'line': b'-- Up-to-date: /home/subhalaxmi/nidar_ws/install/px4_msgs/local/lib/python3.10/dist-packages/px4_msgs/msg/_actuator_outputs_s.c\n'}
[6.353540] (px4_msgs) StdoutLine: {'line': b'-- Up-to-date: /home/subhalaxmi/nidar_ws/install/px4_msgs/local/lib/python3.10/dist-packages/px4_msgs/msg/_pure_pursuit_status.py\n'}
[6.353638] (px4_msgs) StdoutLine: {'line': b'-- Up-to-date: /home/subhalaxmi/nidar_ws/install/px4_msgs/local/lib/python3.10/dist-packages/px4_msgs/msg/_orb_test_s.c\n'}
[6.353738] (px4_msgs) StdoutLine: {'line': b'-- Up-to-date: /home/subhalaxmi/nidar_ws/install/px4_msgs/local/lib/python3.10/dist-packages/px4_msgs/msg/_rtl_status.py\n'}
[6.353866] (px4_msgs) StdoutLine: {'line': b'-- Up-to-date: /home/subhalaxmi/nidar_ws/install/px4_msgs/local/lib/python3.10/dist-packages/px4_msgs/msg/_vehicle_constraints_s.c\n'}
[6.354014] (px4_msgs) StdoutLine: {'line': b'-- Up-to-date: /home/subhalaxmi/nidar_ws/install/px4_msgs/local/lib/python3.10/dist-packages/px4_msgs/msg/_estimator_gps_status_s.c\n'}
[6.354226] (px4_msgs) StdoutLine: {'line': b'-- Up-to-date: /home/subhalaxmi/nidar_ws/install/px4_msgs/local/lib/python3.10/dist-packages/px4_msgs/msg/_transponder_report.py\n'}
[6.354346] (px4_msgs) StdoutLine: {'line': b'-- Up-to-date: /home/subhalaxmi/nidar_ws/install/px4_msgs/local/lib/python3.10/dist-packages/px4_msgs/msg/_vehicle_angular_acceleration_setpoint_s.c\n'}
[6.354448] (px4_msgs) StdoutLine: {'line': b'-- Up-to-date: /home/subhalaxmi/nidar_ws/install/px4_msgs/local/lib/python3.10/dist-packages/px4_msgs/msg/_distance_sensor_mode_change_request.py\n'}
[6.354555] (px4_msgs) StdoutLine: {'line': b'-- Up-to-date: /home/subhalaxmi/nidar_ws/install/px4_msgs/local/lib/python3.10/dist-packages/px4_msgs/msg/_sensor_gyro_fifo_s.c\n'}
[6.354698] (px4_msgs) StdoutLine: {'line': b'-- Up-to-date: /home/subhalaxmi/nidar_ws/install/px4_msgs/local/lib/python3.10/dist-packages/px4_msgs/msg/_gimbal_device_set_attitude_s.c\n'}
[6.354901] (px4_msgs) StdoutLine: {'line': b'-- Up-to-date: /home/subhalaxmi/nidar_ws/install/px4_msgs/local/lib/python3.10/dist-packages/px4_msgs/msg/_failure_detector_status_s.c\n'}
[6.355069] (px4_msgs) StdoutLine: {'line': b'-- Up-to-date: /home/subhalaxmi/nidar_ws/install/px4_msgs/local/lib/python3.10/dist-packages/px4_msgs/msg/_estimator_selector_status_s.c\n'}
[6.355280] (px4_msgs) StdoutLine: {'line': b'-- Up-to-date: /home/subhalaxmi/nidar_ws/install/px4_msgs/local/lib/python3.10/dist-packages/px4_msgs/msg/_fixed_wing_lateral_setpoint.py\n'}
[6.355420] (px4_msgs) StdoutLine: {'line': b'-- Up-to-date: /home/subhalaxmi/nidar_ws/install/px4_msgs/local/lib/python3.10/dist-packages/px4_msgs/msg/_manual_control_switches_s.c\n'}
[6.355559] (px4_msgs) StdoutLine: {'line': b'-- Up-to-date: /home/subhalaxmi/nidar_ws/install/px4_msgs/local/lib/python3.10/dist-packages/px4_msgs/msg/_failure_detector_status.py\n'}
[6.355696] (px4_msgs) StdoutLine: {'line': b'-- Up-to-date: /home/subhalaxmi/nidar_ws/install/px4_msgs/local/lib/python3.10/dist-packages/px4_msgs/msg/_rpm_s.c\n'}
[6.355834] (px4_msgs) StdoutLine: {'line': b'-- Up-to-date: /home/subhalaxmi/nidar_ws/install/px4_msgs/local/lib/python3.10/dist-packages/px4_msgs/msg/_differential_pressure.py\n'}
[6.355975] (px4_msgs) StdoutLine: {'line': b'-- Up-to-date: /home/subhalaxmi/nidar_ws/install/px4_msgs/local/lib/python3.10/dist-packages/px4_msgs/msg/_airspeed_validated.py\n'}
[6.356136] (px4_msgs) StdoutLine: {'line': b'-- Up-to-date: /home/subhalaxmi/nidar_ws/install/px4_msgs/local/lib/python3.10/dist-packages/px4_msgs/msg/_sensor_correction_s.c\n'}
[6.356393] (px4_msgs) StdoutLine: {'line': b'-- Up-to-date: /home/subhalaxmi/nidar_ws/install/px4_msgs/local/lib/python3.10/dist-packages/px4_msgs/msg/_internal_combustion_engine_control.py\n'}
[6.356499] (px4_msgs) StdoutLine: {'line': b'-- Up-to-date: /home/subhalaxmi/nidar_ws/install/px4_msgs/local/lib/python3.10/dist-packages/px4_msgs/msg/_estimator_sensor_bias_s.c\n'}
[6.356599] (px4_msgs) StdoutLine: {'line': b'-- Up-to-date: /home/subhalaxmi/nidar_ws/install/px4_msgs/local/lib/python3.10/dist-packages/px4_msgs/msg/_figure_eight_status_s.c\n'}
[6.356722] (px4_msgs) StdoutLine: {'line': b'-- Up-to-date: /home/subhalaxmi/nidar_ws/install/px4_msgs/local/lib/python3.10/dist-packages/px4_msgs/msg/_sensor_gnss_relative.py\n'}
[6.356873] (px4_msgs) StdoutLine: {'line': b'-- Up-to-date: /home/subhalaxmi/nidar_ws/install/px4_msgs/local/lib/python3.10/dist-packages/px4_msgs/msg/_velocity_limits.py\n'}
[6.357014] (px4_msgs) StdoutLine: {'line': b'-- Up-to-date: /home/subhalaxmi/nidar_ws/install/px4_msgs/local/lib/python3.10/dist-packages/px4_msgs/msg/_rover_attitude_setpoint_s.c\n'}
[6.357215] (px4_msgs) StdoutLine: {'line': b'-- Up-to-date: /home/subhalaxmi/nidar_ws/install/px4_msgs/local/lib/python3.10/dist-packages/px4_msgs/msg/_mag_worker_data_s.c\n'}
[6.357332] (px4_msgs) StdoutLine: {'line': b'-- Up-to-date: /home/subhalaxmi/nidar_ws/install/px4_msgs/local/lib/python3.10/dist-packages/px4_msgs/msg/_tune_control.py\n'}
[6.357441] (px4_msgs) StdoutLine: {'line': b'-- Up-to-date: /home/subhalaxmi/nidar_ws/install/px4_msgs/local/lib/python3.10/dist-packages/px4_msgs/msg/_telemetry_status.py\n'}
[6.357581] (px4_msgs) StdoutLine: {'line': b'-- Up-to-date: /home/subhalaxmi/nidar_ws/install/px4_msgs/local/lib/python3.10/dist-packages/px4_msgs/msg/_timesync_status.py\n'}
[6.357720] (px4_msgs) StdoutLine: {'line': b'-- Up-to-date: /home/subhalaxmi/nidar_ws/install/px4_msgs/local/lib/python3.10/dist-packages/px4_msgs/msg/_parameter_set_value_request.py\n'}
[6.357895] (px4_msgs) StdoutLine: {'line': b'-- Up-to-date: /home/subhalaxmi/nidar_ws/install/px4_msgs/local/lib/python3.10/dist-packages/px4_msgs/msg/_tiltrotor_extra_controls.py\n'}
[6.357998] (px4_msgs) StdoutLine: {'line': b'-- Up-to-date: /home/subhalaxmi/nidar_ws/install/px4_msgs/local/lib/python3.10/dist-packages/px4_msgs/msg/_satellite_info.py\n'}
[6.358106] (px4_msgs) StdoutLine: {'line': b'-- Up-to-date: /home/subhalaxmi/nidar_ws/install/px4_msgs/local/lib/python3.10/dist-packages/px4_msgs/msg/_geofence_result_s.c\n'}
[6.358234] (px4_msgs) StdoutLine: {'line': b'-- Up-to-date: /home/subhalaxmi/nidar_ws/install/px4_msgs/local/lib/python3.10/dist-packages/px4_msgs/msg/_raptor_status_s.c\n'}
[6.358337] (px4_msgs) StdoutLine: {'line': b'-- Up-to-date: /home/subhalaxmi/nidar_ws/install/px4_msgs/local/lib/python3.10/dist-packages/px4_msgs/msg/_gripper_s.c\n'}
[6.358436] (px4_msgs) StdoutLine: {'line': b'-- Up-to-date: /home/subhalaxmi/nidar_ws/install/px4_msgs/local/lib/python3.10/dist-packages/px4_msgs/msg/_position_controller_landing_status.py\n'}
[6.358578] (px4_msgs) StdoutLine: {'line': b'-- Up-to-date: /home/subhalaxmi/nidar_ws/install/px4_msgs/local/lib/python3.10/dist-packages/px4_msgs/msg/_rover_rate_setpoint_s.c\n'}
[6.358720] (px4_msgs) StdoutLine: {'line': b'-- Up-to-date: /home/subhalaxmi/nidar_ws/install/px4_msgs/local/lib/python3.10/dist-packages/px4_msgs/msg/_vehicle_angular_velocity.py\n'}
[6.358859] (px4_msgs) StdoutLine: {'line': b'-- Up-to-date: /home/subhalaxmi/nidar_ws/install/px4_msgs/local/lib/python3.10/dist-packages/px4_msgs/msg/_sensor_gyro_fifo.py\n'}
[6.359029] (px4_msgs) StdoutLine: {'line': b'-- Up-to-date: /home/subhalaxmi/nidar_ws/install/px4_msgs/local/lib/python3.10/dist-packages/px4_msgs/msg/_home_position_s.c\n'}
[6.359412] (px4_msgs) StdoutLine: {'line': b'-- Up-to-date: /home/subhalaxmi/nidar_ws/install/px4_msgs/local/lib/python3.10/dist-packages/px4_msgs/msg/_estimator_sensor_bias.py\n'}
[6.359544] (px4_msgs) StdoutLine: {'line': b'-- Up-to-date: /home/subhalaxmi/nidar_ws/install/px4_msgs/local/lib/python3.10/dist-packages/px4_msgs/msg/_cellular_status.py\n'}
[6.359649] (px4_msgs) StdoutLine: {'line': b'-- Up-to-date: /home/subhalaxmi/nidar_ws/install/px4_msgs/local/lib/python3.10/dist-packages/px4_msgs/msg/_geofence_status_s.c\n'}
[6.359752] (px4_msgs) StdoutLine: {'line': b'-- Up-to-date: /home/subhalaxmi/nidar_ws/install/px4_msgs/local/lib/python3.10/dist-packages/px4_msgs/msg/_gimbal_manager_set_manual_control.py\n'}
[6.359855] (px4_msgs) StdoutLine: {'line': b'-- Up-to-date: /home/subhalaxmi/nidar_ws/install/px4_msgs/local/lib/python3.10/dist-packages/px4_msgs/msg/_estimator_event_flags_s.c\n'}
[6.359956] (px4_msgs) StdoutLine: {'line': b'-- Up-to-date: /home/subhalaxmi/nidar_ws/install/px4_msgs/local/lib/python3.10/dist-packages/px4_msgs/msg/_vehicle_global_position_s.c\n'}
[6.360054] (px4_msgs) StdoutLine: {'line': b'-- Up-to-date: /home/subhalaxmi/nidar_ws/install/px4_msgs/local/lib/python3.10/dist-packages/px4_msgs/msg/_rover_position_setpoint.py\n'}
[6.360178] (px4_msgs) StdoutLine: {'line': b'-- Up-to-date: /home/subhalaxmi/nidar_ws/install/px4_msgs/local/lib/python3.10/dist-packages/px4_msgs/msg/_gpio_request_s.c\n'}
[6.360287] (px4_msgs) StdoutLine: {'line': b'-- Up-to-date: /home/subhalaxmi/nidar_ws/install/px4_msgs/local/lib/python3.10/dist-packages/px4_msgs/msg/_vehicle_constraints.py\n'}
[6.360387] (px4_msgs) StdoutLine: {'line': b'-- Up-to-date: /home/subhalaxmi/nidar_ws/install/px4_msgs/local/lib/python3.10/dist-packages/px4_msgs/msg/_distance_sensor.py\n'}
[6.360540] (px4_msgs) StdoutLine: {'line': b'-- Up-to-date: /home/subhalaxmi/nidar_ws/install/px4_msgs/local/lib/python3.10/dist-packages/px4_msgs/msg/_sensor_hygrometer.py\n'}
[6.360680] (px4_msgs) StdoutLine: {'line': b'-- Up-to-date: /home/subhalaxmi/nidar_ws/install/px4_msgs/local/lib/python3.10/dist-packages/px4_msgs/msg/_landing_target_innovations.py\n'}
[6.360872] (px4_msgs) StdoutLine: {'line': b'-- Up-to-date: /home/subhalaxmi/nidar_ws/install/px4_msgs/local/lib/python3.10/dist-packages/px4_msgs/msg/_gimbal_manager_set_attitude.py\n'}
[6.360978] (px4_msgs) StdoutLine: {'line': b'-- Up-to-date: /home/subhalaxmi/nidar_ws/install/px4_msgs/local/lib/python3.10/dist-packages/px4_msgs/msg/_rover_rate_status.py\n'}
[6.361078] (px4_msgs) StdoutLine: {'line': b'-- Up-to-date: /home/subhalaxmi/nidar_ws/install/px4_msgs/local/lib/python3.10/dist-packages/px4_msgs/msg/_vehicle_magnetometer.py\n'}
[6.361271] (px4_msgs) StdoutLine: {'line': b'-- Up-to-date: /home/subhalaxmi/nidar_ws/install/px4_msgs/local/lib/python3.10/dist-packages/px4_msgs/msg/_qshell_req_s.c\n'}
[6.361377] (px4_msgs) StdoutLine: {'line': b'-- Up-to-date: /home/subhalaxmi/nidar_ws/install/px4_msgs/local/lib/python3.10/dist-packages/px4_msgs/msg/_sensor_optical_flow_s.c\n'}
[6.361476] (px4_msgs) StdoutLine: {'line': b'-- Up-to-date: /home/subhalaxmi/nidar_ws/install/px4_msgs/local/lib/python3.10/dist-packages/px4_msgs/msg/_flight_phase_estimation_s.c\n'}
[6.361574] (px4_msgs) StdoutLine: {'line': b'-- Up-to-date: /home/subhalaxmi/nidar_ws/install/px4_msgs/local/lib/python3.10/dist-packages/px4_msgs/msg/_adc_report.py\n'}
[6.361673] (px4_msgs) StdoutLine: {'line': b'-- Up-to-date: /home/subhalaxmi/nidar_ws/install/px4_msgs/local/lib/python3.10/dist-packages/px4_msgs/msg/_follow_target.py\n'}
[6.361770] (px4_msgs) StdoutLine: {'line': b'-- Up-to-date: /home/subhalaxmi/nidar_ws/install/px4_msgs/local/lib/python3.10/dist-packages/px4_msgs/msg/_gimbal_device_attitude_status_s.c\n'}
[6.361890] (px4_msgs) StdoutLine: {'line': b'-- Up-to-date: /home/subhalaxmi/nidar_ws/install/px4_msgs/local/lib/python3.10/dist-packages/px4_msgs/msg/_flight_phase_estimation.py\n'}
[6.361990] (px4_msgs) StdoutLine: {'line': b'-- Up-to-date: /home/subhalaxmi/nidar_ws/install/px4_msgs/local/lib/python3.10/dist-packages/px4_msgs/msg/_magnetometer_bias_estimate.py\n'}
[6.362088] (px4_msgs) StdoutLine: {'line': b'-- Up-to-date: /home/subhalaxmi/nidar_ws/install/px4_msgs/local/lib/python3.10/dist-packages/px4_msgs/msg/_position_setpoint_s.c\n'}
[6.362234] (px4_msgs) StdoutLine: {'line': b'-- Up-to-date: /home/subhalaxmi/nidar_ws/install/px4_msgs/local/lib/python3.10/dist-packages/px4_msgs/msg/_takeoff_status_s.c\n'}
[6.362386] (px4_msgs) StdoutLine: {'line': b'-- Up-to-date: /home/subhalaxmi/nidar_ws/install/px4_msgs/local/lib/python3.10/dist-packages/px4_msgs/msg/_radio_status_s.c\n'}
[6.362524] (px4_msgs) StdoutLine: {'line': b'-- Up-to-date: /home/subhalaxmi/nidar_ws/install/px4_msgs/local/lib/python3.10/dist-packages/px4_msgs/msg/_longitudinal_control_configuration.py\n'}
[6.362661] (px4_msgs) StdoutLine: {'line': b'-- Up-to-date: /home/subhalaxmi/nidar_ws/install/px4_msgs/local/lib/python3.10/dist-packages/px4_msgs/msg/_gimbal_device_attitude_status.py\n'}
[6.362797] (px4_msgs) StdoutLine: {'line': b'-- Up-to-date: /home/subhalaxmi/nidar_ws/install/px4_msgs/local/lib/python3.10/dist-packages/px4_msgs/msg/_power_button_state.py\n'}
[6.362934] (px4_msgs) StdoutLine: {'line': b'-- Up-to-date: /home/subhalaxmi/nidar_ws/install/px4_msgs/local/lib/python3.10/dist-packages/px4_msgs/msg/_actuator_controls_status.py\n'}
[6.363070] (px4_msgs) StdoutLine: {'line': b'-- Up-to-date: /home/subhalaxmi/nidar_ws/install/px4_msgs/local/lib/python3.10/dist-packages/px4_msgs/msg/_distance_sensor_s.c\n'}
[6.363282] (px4_msgs) StdoutLine: {'line': b'-- Up-to-date: /home/subhalaxmi/nidar_ws/install/px4_msgs/local/lib/python3.10/dist-packages/px4_msgs/msg/_rover_throttle_setpoint_s.c\n'}
[6.363387] (px4_msgs) StdoutLine: {'line': b'-- Up-to-date: /home/subhalaxmi/nidar_ws/install/px4_msgs/local/lib/python3.10/dist-packages/px4_msgs/msg/_rc_parameter_map_s.c\n'}
[6.363486] (px4_msgs) StdoutLine: {'line': b'-- Up-to-date: /home/subhalaxmi/nidar_ws/install/px4_msgs/local/lib/python3.10/dist-packages/px4_msgs/msg/_onboard_computer_status_s.c\n'}
[6.363584] (px4_msgs) StdoutLine: {'line': b'-- Up-to-date: /home/subhalaxmi/nidar_ws/install/px4_msgs/local/lib/python3.10/dist-packages/px4_msgs/msg/_airspeed_s.c\n'}
[6.363682] (px4_msgs) StdoutLine: {'line': b'-- Up-to-date: /home/subhalaxmi/nidar_ws/install/px4_msgs/local/lib/python3.10/dist-packages/px4_msgs/msg/__init__.py\n'}
[6.363780] (px4_msgs) StdoutLine: {'line': b'-- Up-to-date: /home/subhalaxmi/nidar_ws/install/px4_msgs/local/lib/python3.10/dist-packages/px4_msgs/msg/_generator_status.py\n'}
[6.363878] (px4_msgs) StdoutLine: {'line': b'-- Up-to-date: /home/subhalaxmi/nidar_ws/install/px4_msgs/local/lib/python3.10/dist-packages/px4_msgs/msg/_rc_parameter_map.py\n'}
[6.364029] (px4_msgs) StdoutLine: {'line': b'-- Up-to-date: /home/subhalaxmi/nidar_ws/install/px4_msgs/local/lib/python3.10/dist-packages/px4_msgs/msg/_mavlink_tunnel_s.c\n'}
[6.364232] (px4_msgs) StdoutLine: {'line': b'-- Up-to-date: /home/subhalaxmi/nidar_ws/install/px4_msgs/local/lib/python3.10/dist-packages/px4_msgs/msg/_gimbal_manager_information_s.c\n'}
[6.364350] (px4_msgs) StdoutLine: {'line': b'-- Up-to-date: /home/subhalaxmi/nidar_ws/install/px4_msgs/local/lib/python3.10/dist-packages/px4_msgs/msg/_vehicle_command_s.c\n'}
[6.364459] (px4_msgs) StdoutLine: {'line': b'-- Up-to-date: /home/subhalaxmi/nidar_ws/install/px4_msgs/local/lib/python3.10/dist-packages/px4_msgs/msg/_uavcan_parameter_value_s.c\n'}
[6.364560] (px4_msgs) StdoutLine: {'line': b'-- Up-to-date: /home/subhalaxmi/nidar_ws/install/px4_msgs/local/lib/python3.10/dist-packages/px4_msgs/msg/_gpio_config.py\n'}
[6.364670] (px4_msgs) StdoutLine: {'line': b'-- Up-to-date: /home/subhalaxmi/nidar_ws/install/px4_msgs/local/lib/python3.10/dist-packages/px4_msgs/msg/_vehicle_local_position_s.c\n'}
[6.364811] (px4_msgs) StdoutLine: {'line': b'-- Up-to-date: /home/subhalaxmi/nidar_ws/install/px4_msgs/local/lib/python3.10/dist-packages/px4_msgs/msg/_sensor_gyro_fft.py\n'}
[6.364950] (px4_msgs) StdoutLine: {'line': b'-- Up-to-date: /home/subhalaxmi/nidar_ws/install/px4_msgs/local/lib/python3.10/dist-packages/px4_msgs/msg/_iridiumsbd_status.py\n'}
[6.365088] (px4_msgs) StdoutLine: {'line': b'-- Up-to-date: /home/subhalaxmi/nidar_ws/install/px4_msgs/local/lib/python3.10/dist-packages/px4_msgs/msg/_obstacle_distance.py\n'}
[6.365276] (px4_msgs) StdoutLine: {'line': b'-- Up-to-date: /home/subhalaxmi/nidar_ws/install/px4_msgs/local/lib/python3.10/dist-packages/px4_msgs/msg/_orbit_status.py\n'}
[6.365380] (px4_msgs) StdoutLine: {'line': b'-- Up-to-date: /home/subhalaxmi/nidar_ws/install/px4_msgs/local/lib/python3.10/dist-packages/px4_msgs/msg/_tecs_status.py\n'}
[6.365479] (px4_msgs) StdoutLine: {'line': b'-- Up-to-date: /home/subhalaxmi/nidar_ws/install/px4_msgs/local/lib/python3.10/dist-packages/px4_msgs/msg/_vehicle_angular_acceleration_setpoint.py\n'}
[6.365634] (px4_msgs) StdoutLine: {'line': b'-- Up-to-date: /home/subhalaxmi/nidar_ws/install/px4_msgs/local/lib/python3.10/dist-packages/px4_msgs/msg/_rover_rate_setpoint.py\n'}
[6.365746] (px4_msgs) StdoutLine: {'line': b'-- Up-to-date: /home/subhalaxmi/nidar_ws/install/px4_msgs/local/lib/python3.10/dist-packages/px4_msgs/msg/_rate_ctrl_status.py\n'}
[6.365938] (px4_msgs) StdoutLine: {'line': b'-- Up-to-date: /home/subhalaxmi/nidar_ws/install/px4_msgs/local/lib/python3.10/dist-packages/px4_msgs/msg/_vehicle_control_mode.py\n'}
[6.366042] (px4_msgs) StdoutLine: {'line': b'-- Up-to-date: /home/subhalaxmi/nidar_ws/install/px4_msgs/local/lib/python3.10/dist-packages/px4_msgs/msg/_fixed_wing_longitudinal_setpoint.py\n'}
[6.366166] (px4_msgs) StdoutLine: {'line': b'-- Up-to-date: /home/subhalaxmi/nidar_ws/install/px4_msgs/local/lib/python3.10/dist-packages/px4_msgs/msg/_follow_target_estimator.py\n'}
[6.366275] (px4_msgs) StdoutLine: {'line': b'-- Up-to-date: /home/subhalaxmi/nidar_ws/install/px4_msgs/local/lib/python3.10/dist-packages/px4_msgs/msg/_sensor_selection.py\n'}
[6.366374] (px4_msgs) StdoutLine: {'line': b'-- Up-to-date: /home/subhalaxmi/nidar_ws/install/px4_msgs/local/lib/python3.10/dist-packages/px4_msgs/msg/_hover_thrust_estimate_s.c\n'}
[6.366484] (px4_msgs) StdoutLine: {'line': b'-- Up-to-date: /home/subhalaxmi/nidar_ws/install/px4_msgs/local/lib/python3.10/dist-packages/px4_msgs/msg/_mag_worker_data.py\n'}
[6.366633] (px4_msgs) StdoutLine: {'line': b'-- Up-to-date: /home/subhalaxmi/nidar_ws/install/px4_msgs/local/lib/python3.10/dist-packages/px4_msgs/msg/_collision_constraints.py\n'}
[6.366771] (px4_msgs) StdoutLine: {'line': b'-- Up-to-date: /home/subhalaxmi/nidar_ws/install/px4_msgs/local/lib/python3.10/dist-packages/px4_msgs/msg/_vehicle_torque_setpoint_s.c\n'}
[6.366909] (px4_msgs) StdoutLine: {'line': b'-- Up-to-date: /home/subhalaxmi/nidar_ws/install/px4_msgs/local/lib/python3.10/dist-packages/px4_msgs/msg/_device_information_s.c\n'}
[6.367072] (px4_msgs) StdoutLine: {'line': b'-- Up-to-date: /home/subhalaxmi/nidar_ws/install/px4_msgs/local/lib/python3.10/dist-packages/px4_msgs/msg/_figure_eight_status.py\n'}
[6.367199] (px4_msgs) StdoutLine: {'line': b'-- Up-to-date: /home/subhalaxmi/nidar_ws/install/px4_msgs/local/lib/python3.10/dist-packages/px4_msgs/msg/_message_format_request.py\n'}
[6.367302] (px4_msgs) StdoutLine: {'line': b'-- Up-to-date: /home/subhalaxmi/nidar_ws/install/px4_msgs/local/lib/python3.10/dist-packages/px4_msgs/msg/_sensor_accel_s.c\n'}
[6.367401] (px4_msgs) StdoutLine: {'line': b'-- Up-to-date: /home/subhalaxmi/nidar_ws/install/px4_msgs/local/lib/python3.10/dist-packages/px4_msgs/msg/_led_control.py\n'}
[6.367504] (px4_msgs) StdoutLine: {'line': b'-- Up-to-date: /home/subhalaxmi/nidar_ws/install/px4_msgs/local/lib/python3.10/dist-packages/px4_msgs/msg/_rover_speed_setpoint_s.c\n'}
[6.367654] (px4_msgs) StdoutLine: {'line': b'-- Up-to-date: /home/subhalaxmi/nidar_ws/install/px4_msgs/local/lib/python3.10/dist-packages/px4_msgs/msg/_event.py\n'}
[6.367797] (px4_msgs) StdoutLine: {'line': b'-- Up-to-date: /home/subhalaxmi/nidar_ws/install/px4_msgs/local/lib/python3.10/dist-packages/px4_msgs/msg/_wheel_encoders.py\n'}
[6.367936] (px4_msgs) StdoutLine: {'line': b'-- Up-to-date: /home/subhalaxmi/nidar_ws/install/px4_msgs/local/lib/python3.10/dist-packages/px4_msgs/msg/_control_allocator_status.py\n'}
[6.368074] (px4_msgs) StdoutLine: {'line': b'-- Up-to-date: /home/subhalaxmi/nidar_ws/install/px4_msgs/local/lib/python3.10/dist-packages/px4_msgs/msg/_orb_test_large_s.c\n'}
[6.368306] (px4_msgs) StdoutLine: {'line': b'-- Up-to-date: /home/subhalaxmi/nidar_ws/install/px4_msgs/local/lib/python3.10/dist-packages/px4_msgs/msg/_wind_s.c\n'}
[6.368425] (px4_msgs) StdoutLine: {'line': b'-- Up-to-date: /home/subhalaxmi/nidar_ws/install/px4_msgs/local/lib/python3.10/dist-packages/px4_msgs/msg/_gain_compression.py\n'}
[6.368527] (px4_msgs) StdoutLine: {'line': b'-- Up-to-date: /home/subhalaxmi/nidar_ws/install/px4_msgs/local/lib/python3.10/dist-packages/px4_msgs/msg/_estimator_status_s.c\n'}
[6.368626] (px4_msgs) StdoutLine: {'line': b'-- Up-to-date: /home/subhalaxmi/nidar_ws/install/px4_msgs/local/lib/python3.10/dist-packages/px4_msgs/msg/_log_message_s.c\n'}
[6.368724] (px4_msgs) StdoutLine: {'line': b'-- Up-to-date: /home/subhalaxmi/nidar_ws/install/px4_msgs/local/lib/python3.10/dist-packages/px4_msgs/msg/_mode_completed_s.c\n'}
[6.368822] (px4_msgs) StdoutLine: {'line': b'-- Up-to-date: /home/subhalaxmi/nidar_ws/install/px4_msgs/local/lib/python3.10/dist-packages/px4_msgs/msg/_trajectory_setpoint6dof.py\n'}
[6.368920] (px4_msgs) StdoutLine: {'line': b'-- Up-to-date: /home/subhalaxmi/nidar_ws/install/px4_msgs/local/lib/python3.10/dist-packages/px4_msgs/msg/_autotune_attitude_control_status.py\n'}
[6.369018] (px4_msgs) StdoutLine: {'line': b'-- Up-to-date: /home/subhalaxmi/nidar_ws/install/px4_msgs/local/lib/python3.10/dist-packages/px4_msgs/msg/_rtl_time_estimate.py\n'}
[6.369131] (px4_msgs) StdoutLine: {'line': b'-- Up-to-date: /home/subhalaxmi/nidar_ws/install/px4_msgs/local/lib/python3.10/dist-packages/px4_msgs/msg/_satellite_info_s.c\n'}
[6.369253] (px4_msgs) StdoutLine: {'line': b'-- Up-to-date: /home/subhalaxmi/nidar_ws/install/px4_msgs/local/lib/python3.10/dist-packages/px4_msgs/msg/_manual_control_setpoint.py\n'}
[6.369417] (px4_msgs) StdoutLine: {'line': b'-- Up-to-date: /home/subhalaxmi/nidar_ws/install/px4_msgs/local/lib/python3.10/dist-packages/px4_msgs/msg/_gpio_request.py\n'}
[6.369519] (px4_msgs) StdoutLine: {'line': b'-- Up-to-date: /home/subhalaxmi/nidar_ws/install/px4_msgs/local/lib/python3.10/dist-packages/px4_msgs/msg/_esc_report_s.c\n'}
[6.369617] (px4_msgs) StdoutLine: {'line': b'-- Up-to-date: /home/subhalaxmi/nidar_ws/install/px4_msgs/local/lib/python3.10/dist-packages/px4_msgs/msg/_estimator_innovations.py\n'}
[6.369714] (px4_msgs) StdoutLine: {'line': b'-- Up-to-date: /home/subhalaxmi/nidar_ws/install/px4_msgs/local/lib/python3.10/dist-packages/px4_msgs/msg/_estimator_bias.py\n'}
[6.369836] (px4_msgs) StdoutLine: {'line': b'-- Up-to-date: /home/subhalaxmi/nidar_ws/install/px4_msgs/local/lib/python3.10/dist-packages/px4_msgs/msg/_neural_control_s.c\n'}
[6.369935] (px4_msgs) StdoutLine: {'line': b'-- Up-to-date: /home/subhalaxmi/nidar_ws/install/px4_msgs/local/lib/python3.10/dist-packages/px4_msgs/msg/_sensors_status_s.c\n'}
[6.370084] (px4_msgs) StdoutLine: {'line': b'-- Up-to-date: /home/subhalaxmi/nidar_ws/install/px4_msgs/local/lib/python3.10/dist-packages/px4_msgs/msg/_gps_inject_data_s.c\n'}
[6.370281] (px4_msgs) StdoutLine: {'line': b'-- Up-to-date: /home/subhalaxmi/nidar_ws/install/px4_msgs/local/lib/python3.10/dist-packages/px4_msgs/msg/_failsafe_flags.py\n'}
[6.370387] (px4_msgs) StdoutLine: {'line': b'-- Up-to-date: /home/subhalaxmi/nidar_ws/install/px4_msgs/local/lib/python3.10/dist-packages/px4_msgs/msg/_mission_result_s.c\n'}
[6.370485] (px4_msgs) StdoutLine: {'line': b'-- Up-to-date: /home/subhalaxmi/nidar_ws/install/px4_msgs/local/lib/python3.10/dist-packages/px4_msgs/msg/_cellular_status_s.c\n'}
[6.370584] (px4_msgs) StdoutLine: {'line': b'-- Up-to-date: /home/subhalaxmi/nidar_ws/install/px4_msgs/local/lib/python3.10/dist-packages/px4_msgs/msg/_camera_capture_s.c\n'}
[6.370682] (px4_msgs) StdoutLine: {'line': b'-- Up-to-date: /home/subhalaxmi/nidar_ws/install/px4_msgs/local/lib/python3.10/dist-packages/px4_msgs/msg/_debug_vect_s.c\n'}
[6.370779] (px4_msgs) StdoutLine: {'line': b'-- Up-to-date: /home/subhalaxmi/nidar_ws/install/px4_msgs/local/lib/python3.10/dist-packages/px4_msgs/msg/_trajectory_setpoint.py\n'}
[6.370878] (px4_msgs) StdoutLine: {'line': b'-- Up-to-date: /home/subhalaxmi/nidar_ws/install/px4_msgs/local/lib/python3.10/dist-packages/px4_msgs/msg/_battery_info_s.c\n'}
[6.370977] (px4_msgs) StdoutLine: {'line': b'-- Up-to-date: /home/subhalaxmi/nidar_ws/install/px4_msgs/local/lib/python3.10/dist-packages/px4_msgs/msg/_gimbal_manager_status.py\n'}
[6.371144] (px4_msgs) StdoutLine: {'line': b'-- Up-to-date: /home/subhalaxmi/nidar_ws/install/px4_msgs/local/lib/python3.10/dist-packages/px4_msgs/msg/_position_controller_status.py\n'}
[6.371326] (px4_msgs) StdoutLine: {'line': b'-- Up-to-date: /home/subhalaxmi/nidar_ws/install/px4_msgs/local/lib/python3.10/dist-packages/px4_msgs/msg/_gimbal_device_set_attitude.py\n'}
[6.371436] (px4_msgs) StdoutLine: {'line': b'-- Up-to-date: /home/subhalaxmi/nidar_ws/install/px4_msgs/local/lib/python3.10/dist-packages/px4_msgs/msg/_mount_orientation.py\n'}
[6.371536] (px4_msgs) StdoutLine: {'line': b'-- Up-to-date: /home/subhalaxmi/nidar_ws/install/px4_msgs/local/lib/python3.10/dist-packages/px4_msgs/msg/_landing_gear_s.c\n'}
[6.371633] (px4_msgs) StdoutLine: {'line': b'-- Up-to-date: /home/subhalaxmi/nidar_ws/install/px4_msgs/local/lib/python3.10/dist-packages/px4_msgs/msg/_debug_key_value_s.c\n'}
[6.371732] (px4_msgs) StdoutLine: {'line': b'-- Up-to-date: /home/subhalaxmi/nidar_ws/install/px4_msgs/local/lib/python3.10/dist-packages/px4_msgs/msg/_normalized_unsigned_setpoint_s.c\n'}
[6.371903] (px4_msgs) StdoutLine: {'line': b'-- Up-to-date: /home/subhalaxmi/nidar_ws/install/px4_msgs/local/lib/python3.10/dist-packages/px4_msgs/msg/_estimator_states.py\n'}
[6.372008] (px4_msgs) StdoutLine: {'line': b'-- Up-to-date: /home/subhalaxmi/nidar_ws/install/px4_msgs/local/lib/python3.10/dist-packages/px4_msgs/msg/_vehicle_status.py\n'}
[6.372106] (px4_msgs) StdoutLine: {'line': b'-- Up-to-date: /home/subhalaxmi/nidar_ws/install/px4_msgs/local/lib/python3.10/dist-packages/px4_msgs/msg/_estimator_aid_source1d_s.c\n'}
[6.372304] (px4_msgs) StdoutLine: {'line': b'-- Up-to-date: /home/subhalaxmi/nidar_ws/install/px4_msgs/local/lib/python3.10/dist-packages/px4_msgs/msg/_vehicle_control_mode_s.c\n'}
[6.372482] (px4_msgs) StdoutLine: {'line': b'-- Up-to-date: /home/subhalaxmi/nidar_ws/install/px4_msgs/local/lib/python3.10/dist-packages/px4_msgs/msg/_rover_steering_setpoint_s.c\n'}
[6.372660] (px4_msgs) StdoutLine: {'line': b'-- Up-to-date: /home/subhalaxmi/nidar_ws/install/px4_msgs/local/lib/python3.10/dist-packages/px4_msgs/msg/_arming_check_request.py\n'}
[6.372859] (px4_msgs) StdoutLine: {'line': b'-- Up-to-date: /home/subhalaxmi/nidar_ws/install/px4_msgs/local/lib/python3.10/dist-packages/px4_msgs/msg/_dronecan_node_status_s.c\n'}
[6.373058] (px4_msgs) StdoutLine: {'line': b'-- Up-to-date: /home/subhalaxmi/nidar_ws/install/px4_msgs/local/lib/python3.10/dist-packages/px4_msgs/msg/_power_monitor.py\n'}
[6.373330] (px4_msgs) StdoutLine: {'line': b'-- Up-to-date: /home/subhalaxmi/nidar_ws/install/px4_msgs/local/lib/python3.10/dist-packages/px4_msgs/msg/_launch_detection_status_s.c\n'}
[6.373529] (px4_msgs) StdoutLine: {'line': b'-- Up-to-date: /home/subhalaxmi/nidar_ws/install/px4_msgs/local/lib/python3.10/dist-packages/px4_msgs/msg/_vehicle_torque_setpoint.py\n'}
[6.373712] (px4_msgs) StdoutLine: {'line': b'-- Up-to-date: /home/subhalaxmi/nidar_ws/install/px4_msgs/local/lib/python3.10/dist-packages/px4_msgs/msg/_home_position.py\n'}
[6.373914] (px4_msgs) StdoutLine: {'line': b'-- Up-to-date: /home/subhalaxmi/nidar_ws/install/px4_msgs/local/lib/python3.10/dist-packages/px4_msgs/msg/_position_controller_status_s.c\n'}
[6.374114] (px4_msgs) StdoutLine: {'line': b'-- Up-to-date: /home/subhalaxmi/nidar_ws/install/px4_msgs/local/lib/python3.10/dist-packages/px4_msgs/msg/_power_button_state_s.c\n'}
[6.374460] (px4_msgs) StdoutLine: {'line': b'-- Up-to-date: /home/subhalaxmi/nidar_ws/install/px4_msgs/local/lib/python3.10/dist-packages/px4_msgs/msg/_actuator_motors.py\n'}
[6.374649] (px4_msgs) StdoutLine: {'line': b'-- Up-to-date: /home/subhalaxmi/nidar_ws/install/px4_msgs/local/lib/python3.10/dist-packages/px4_msgs/msg/_fixed_wing_lateral_guidance_status_s.c\n'}
[6.374880] (px4_msgs) StdoutLine: {'line': b'-- Up-to-date: /home/subhalaxmi/nidar_ws/install/px4_msgs/local/lib/python3.10/dist-packages/px4_msgs/msg/_distance_sensor_mode_change_request_s.c\n'}
[6.375100] (px4_msgs) StdoutLine: {'line': b'-- Up-to-date: /home/subhalaxmi/nidar_ws/install/px4_msgs/local/lib/python3.10/dist-packages/px4_msgs/msg/_vtol_vehicle_status.py\n'}
[6.375276] (px4_msgs) StdoutLine: {'line': b'-- Up-to-date: /home/subhalaxmi/nidar_ws/install/px4_msgs/local/lib/python3.10/dist-packages/px4_msgs/msg/_tecs_status_s.c\n'}
[6.375383] (px4_msgs) StdoutLine: {'line': b'-- Up-to-date: /home/subhalaxmi/nidar_ws/install/px4_msgs/local/lib/python3.10/dist-packages/px4_msgs/msg/_lateral_control_configuration.py\n'}
[6.375484] (px4_msgs) StdoutLine: {'line': b'-- Up-to-date: /home/subhalaxmi/nidar_ws/install/px4_msgs/local/lib/python3.10/dist-packages/px4_msgs/msg/_control_allocator_status_s.c\n'}
[6.375584] (px4_msgs) StdoutLine: {'line': b'-- Up-to-date: /home/subhalaxmi/nidar_ws/install/px4_msgs/local/lib/python3.10/dist-packages/px4_msgs/msg/_can_interface_status.py\n'}
[6.375683] (px4_msgs) StdoutLine: {'line': b'-- Up-to-date: /home/subhalaxmi/nidar_ws/install/px4_msgs/local/lib/python3.10/dist-packages/px4_msgs/msg/_airspeed_wind.py\n'}
[6.375781] (px4_msgs) StdoutLine: {'line': b'-- Up-to-date: /home/subhalaxmi/nidar_ws/install/px4_msgs/local/lib/python3.10/dist-packages/px4_msgs/msg/_estimator_bias3d_s.c\n'}
[6.375932] (px4_msgs) StdoutLine: {'line': b'-- Up-to-date: /home/subhalaxmi/nidar_ws/install/px4_msgs/local/lib/python3.10/dist-packages/px4_msgs/msg/_gpio_out_s.c\n'}
[6.376111] (px4_msgs) StdoutLine: {'line': b'-- Up-to-date: /home/subhalaxmi/nidar_ws/install/px4_msgs/local/lib/python3.10/dist-packages/px4_msgs/msg/_parameter_set_used_request_s.c\n'}
[6.376355] (px4_msgs) StdoutLine: {'line': b'-- Up-to-date: /home/subhalaxmi/nidar_ws/install/px4_msgs/local/lib/python3.10/dist-packages/px4_msgs/msg/_iridiumsbd_status_s.c\n'}
[6.376562] (px4_msgs) StdoutLine: {'line': b'-- Up-to-date: /home/subhalaxmi/nidar_ws/install/px4_msgs/local/lib/python3.10/dist-packages/px4_msgs/msg/_sensor_gps.py\n'}
[6.376733] (px4_msgs) StdoutLine: {'line': b'-- Up-to-date: /home/subhalaxmi/nidar_ws/install/px4_msgs/local/lib/python3.10/dist-packages/px4_msgs/msg/_landing_target_innovations_s.c\n'}
[6.376921] (px4_msgs) StdoutLine: {'line': b'-- Up-to-date: /home/subhalaxmi/nidar_ws/install/px4_msgs/local/lib/python3.10/dist-packages/px4_msgs/msg/_gimbal_device_information_s.c\n'}
[6.377176] (px4_msgs) StdoutLine: {'line': b'-- Up-to-date: /home/subhalaxmi/nidar_ws/install/px4_msgs/local/lib/python3.10/dist-packages/px4_msgs/msg/_goto_setpoint_s.c\n'}
[6.377891] (px4_msgs) StdoutLine: {'line': b'-- Up-to-date: /home/subhalaxmi/nidar_ws/install/px4_msgs/local/lib/python3.10/dist-packages/px4_msgs/msg/_gimbal_manager_set_attitude_s.c\n'}
[6.378023] (px4_msgs) StdoutLine: {'line': b'-- Up-to-date: /home/subhalaxmi/nidar_ws/install/px4_msgs/local/lib/python3.10/dist-packages/px4_msgs/msg/_event_s.c\n'}
[6.378217] (px4_msgs) StdoutLine: {'line': b'-- Up-to-date: /home/subhalaxmi/nidar_ws/install/px4_msgs/local/lib/python3.10/dist-packages/px4_msgs/msg/_sensor_accel_fifo.py\n'}
[6.378377] (px4_msgs) StdoutLine: {'line': b'-- Up-to-date: /home/subhalaxmi/nidar_ws/install/px4_msgs/local/lib/python3.10/dist-packages/px4_msgs/msg/_sensor_gyro_fft_s.c\n'}
[6.378942] (px4_msgs) StdoutLine: {'line': b'-- Up-to-date: /home/subhalaxmi/nidar_ws/install/px4_msgs/local/lib/python3.10/dist-packages/px4_msgs/msg/_estimator_status_flags_s.c\n'}
[6.379585] (px4_msgs) StdoutLine: {'line': b'-- Up-to-date: /home/subhalaxmi/nidar_ws/install/px4_msgs/local/lib/python3.10/dist-packages/px4_msgs/msg/_geofence_status.py\n'}
[6.379760] (px4_msgs) StdoutLine: {'line': b'-- Up-to-date: /home/subhalaxmi/nidar_ws/install/px4_msgs/local/lib/python3.10/dist-packages/px4_msgs/msg/_ping.py\n'}
[6.379866] (px4_msgs) StdoutLine: {'line': b'-- Up-to-date: /home/subhalaxmi/nidar_ws/install/px4_msgs/local/lib/python3.10/dist-packages/px4_msgs/msg/_trajectory_setpoint6dof_s.c\n'}
[6.379968] (px4_msgs) StdoutLine: {'line': b'-- Up-to-date: /home/subhalaxmi/nidar_ws/install/px4_msgs/local/lib/python3.10/dist-packages/px4_msgs/msg/_ping_s.c\n'}
[6.380066] (px4_msgs) StdoutLine: {'line': b'-- Up-to-date: /home/subhalaxmi/nidar_ws/install/px4_msgs/local/lib/python3.10/dist-packages/px4_msgs/msg/_navigator_mission_item.py\n'}
[6.380210] (px4_msgs) StdoutLine: {'line': b'-- Up-to-date: /home/subhalaxmi/nidar_ws/install/px4_msgs/local/lib/python3.10/dist-packages/px4_msgs/msg/_rtl_time_estimate_s.c\n'}
[6.380318] (px4_msgs) StdoutLine: {'line': b'-- Up-to-date: /home/subhalaxmi/nidar_ws/install/px4_msgs/local/lib/python3.10/dist-packages/px4_msgs/msg/_health_report.py\n'}
[6.380479] (px4_msgs) StdoutLine: {'line': b'-- Up-to-date: /home/subhalaxmi/nidar_ws/install/px4_msgs/local/lib/python3.10/dist-packages/px4_msgs/msg/_trajectory_setpoint_s.c\n'}
[6.380626] (px4_msgs) StdoutLine: {'line': b'-- Up-to-date: /home/subhalaxmi/nidar_ws/install/px4_msgs/local/lib/python3.10/dist-packages/px4_msgs/msg/_battery_status.py\n'}
[6.380796] (px4_msgs) StdoutLine: {'line': b'-- Up-to-date: /home/subhalaxmi/nidar_ws/install/px4_msgs/local/lib/python3.10/dist-packages/px4_msgs/msg/_register_ext_component_reply_s.c\n'}
[6.381013] (px4_msgs) StdoutLine: {'line': b'-- Up-to-date: /home/subhalaxmi/nidar_ws/install/px4_msgs/local/lib/python3.10/dist-packages/px4_msgs/msg/_actuator_test.py\n'}
[6.381266] (px4_msgs) StdoutLine: {'line': b'-- Up-to-date: /home/subhalaxmi/nidar_ws/install/px4_msgs/local/lib/python3.10/dist-packages/px4_msgs/msg/_manual_control_setpoint_s.c\n'}
[6.381425] (px4_msgs) StdoutLine: {'line': b'-- Up-to-date: /home/subhalaxmi/nidar_ws/install/px4_msgs/local/lib/python3.10/dist-packages/px4_msgs/msg/_autotune_attitude_control_status_s.c\n'}
[6.381568] (px4_msgs) StdoutLine: {'line': b'-- Up-to-date: /home/subhalaxmi/nidar_ws/install/px4_msgs/local/lib/python3.10/dist-packages/px4_msgs/msg/_px4io_status.py\n'}
[6.381716] (px4_msgs) StdoutLine: {'line': b'-- Up-to-date: /home/subhalaxmi/nidar_ws/install/px4_msgs/local/lib/python3.10/dist-packages/px4_msgs/msg/_mavlink_log.py\n'}
[6.381862] (px4_msgs) StdoutLine: {'line': b'-- Up-to-date: /home/subhalaxmi/nidar_ws/install/px4_msgs/local/lib/python3.10/dist-packages/px4_msgs/msg/_estimator_bias3d.py\n'}
[6.382001] (px4_msgs) StdoutLine: {'line': b'-- Up-to-date: /home/subhalaxmi/nidar_ws/install/px4_msgs/local/lib/python3.10/dist-packages/px4_msgs/msg/_magnetometer_bias_estimate_s.c\n'}
[6.382234] (px4_msgs) StdoutLine: {'line': b'-- Up-to-date: /home/subhalaxmi/nidar_ws/install/px4_msgs/local/lib/python3.10/dist-packages/px4_msgs/msg/_open_drone_id_arm_status_s.c\n'}
[6.382338] (px4_msgs) StdoutLine: {'line': b'-- Up-to-date: /home/subhalaxmi/nidar_ws/install/px4_msgs/local/lib/python3.10/dist-packages/px4_msgs/msg/_sensor_preflight_mag_s.c\n'}
[6.382465] (px4_msgs) StdoutLine: {'line': b'-- Up-to-date: /home/subhalaxmi/nidar_ws/install/px4_msgs/local/lib/python3.10/dist-packages/px4_msgs/msg/_orb_test_medium.py\n'}
[6.382606] (px4_msgs) StdoutLine: {'line': b'-- Up-to-date: /home/subhalaxmi/nidar_ws/install/px4_msgs/local/lib/python3.10/dist-packages/px4_msgs/msg/_parameter_reset_request.py\n'}
[6.382744] (px4_msgs) StdoutLine: {'line': b'-- Up-to-date: /home/subhalaxmi/nidar_ws/install/px4_msgs/local/lib/python3.10/dist-packages/px4_msgs/msg/_irlock_report.py\n'}
[6.382882] (px4_msgs) StdoutLine: {'line': b'-- Up-to-date: /home/subhalaxmi/nidar_ws/install/px4_msgs/local/lib/python3.10/dist-packages/px4_msgs/msg/_offboard_control_mode.py\n'}
[6.383067] (px4_msgs) StdoutLine: {'line': b'-- Up-to-date: /home/subhalaxmi/nidar_ws/install/px4_msgs/local/lib/python3.10/dist-packages/px4_msgs/msg/_vehicle_roi_s.c\n'}
[6.383203] (px4_msgs) StdoutLine: {'line': b'-- Up-to-date: /home/subhalaxmi/nidar_ws/install/px4_msgs/local/lib/python3.10/dist-packages/px4_msgs/msg/_qshell_retval_s.c\n'}
[6.383307] (px4_msgs) StdoutLine: {'line': b'-- Up-to-date: /home/subhalaxmi/nidar_ws/install/px4_msgs/local/lib/python3.10/dist-packages/px4_msgs/msg/_device_information.py\n'}
[6.383406] (px4_msgs) StdoutLine: {'line': b'-- Up-to-date: /home/subhalaxmi/nidar_ws/install/px4_msgs/local/lib/python3.10/dist-packages/px4_msgs/msg/_cpuload_s.c\n'}
[6.383545] (px4_msgs) StdoutLine: {'line': b'-- Up-to-date: /home/subhalaxmi/nidar_ws/install/px4_msgs/local/lib/python3.10/dist-packages/px4_msgs/msg/_irlock_report_s.c\n'}
[6.383690] (px4_msgs) StdoutLine: {'line': b'-- Up-to-date: /home/subhalaxmi/nidar_ws/install/px4_msgs/local/lib/python3.10/dist-packages/px4_msgs/msg/_debug_array_s.c\n'}
[6.383829] (px4_msgs) StdoutLine: {'line': b'-- Up-to-date: /home/subhalaxmi/nidar_ws/install/px4_msgs/local/lib/python3.10/dist-packages/px4_msgs/msg/_open_drone_id_arm_status.py\n'}
[6.383966] (px4_msgs) StdoutLine: {'line': b'-- Up-to-date: /home/subhalaxmi/nidar_ws/install/px4_msgs/local/lib/python3.10/dist-packages/px4_msgs/msg/_pps_capture.py\n'}
[6.384103] (px4_msgs) StdoutLine: {'line': b'-- Up-to-date: /home/subhalaxmi/nidar_ws/install/px4_msgs/local/lib/python3.10/dist-packages/px4_msgs/msg/_open_drone_id_system_s.c\n'}
[6.384317] (px4_msgs) StdoutLine: {'line': b'-- Up-to-date: /home/subhalaxmi/nidar_ws/install/px4_msgs/local/lib/python3.10/dist-packages/px4_msgs/msg/_sensor_temp_s.c\n'}
[6.384422] (px4_msgs) StdoutLine: {'line': b'-- Up-to-date: /home/subhalaxmi/nidar_ws/install/px4_msgs/local/lib/python3.10/dist-packages/px4_msgs/msg/_vtx.py\n'}
[6.384520] (px4_msgs) StdoutLine: {'line': b'-- Up-to-date: /home/subhalaxmi/nidar_ws/install/px4_msgs/local/lib/python3.10/dist-packages/px4_msgs/msg/_gimbal_manager_status_s.c\n'}
[6.384615] (px4_msgs) StdoutLine: {'line': b'-- Up-to-date: /home/subhalaxmi/nidar_ws/install/px4_msgs/local/lib/python3.10/dist-packages/px4_msgs/msg/_sensor_airflow_s.c\n'}
[6.384713] (px4_msgs) StdoutLine: {'line': b'-- Up-to-date: /home/subhalaxmi/nidar_ws/install/px4_msgs/local/lib/python3.10/dist-packages/px4_msgs/msg/_position_setpoint_triplet_s.c\n'}
[6.384810] (px4_msgs) StdoutLine: {'line': b'-- Up-to-date: /home/subhalaxmi/nidar_ws/install/px4_msgs/local/lib/python3.10/dist-packages/px4_msgs/msg/_ekf2_timestamps_s.c\n'}
[6.384907] (px4_msgs) StdoutLine: {'line': b'-- Up-to-date: /home/subhalaxmi/nidar_ws/install/px4_msgs/local/lib/python3.10/dist-packages/px4_msgs/msg/_rover_speed_status.py\n'}
[6.385003] (px4_msgs) StdoutLine: {'line': b'-- Up-to-date: /home/subhalaxmi/nidar_ws/install/px4_msgs/local/lib/python3.10/dist-packages/px4_msgs/msg/_navigator_status_s.c\n'}
[6.385131] (px4_msgs) StdoutLine: {'line': b'-- Up-to-date: /home/subhalaxmi/nidar_ws/install/px4_msgs/local/lib/python3.10/dist-packages/px4_msgs/msg/_esc_status_s.c\n'}
[6.385267] (px4_msgs) StdoutLine: {'line': b'-- Up-to-date: /home/subhalaxmi/nidar_ws/install/px4_msgs/local/lib/python3.10/dist-packages/px4_msgs/msg/_vehicle_acceleration_s.c\n'}
[6.385416] (px4_msgs) StdoutLine: {'line': b'-- Up-to-date: /home/subhalaxmi/nidar_ws/install/px4_msgs/local/lib/python3.10/dist-packages/px4_msgs/msg/_orb_test.py\n'}
[6.385598] (px4_msgs) StdoutLine: {'line': b'-- Up-to-date: /home/subhalaxmi/nidar_ws/install/px4_msgs/local/lib/python3.10/dist-packages/px4_msgs/msg/_follow_target_status.py\n'}
[6.385702] (px4_msgs) StdoutLine: {'line': b'-- Up-to-date: /home/subhalaxmi/nidar_ws/install/px4_msgs/local/lib/python3.10/dist-packages/px4_msgs/msg/_estimator_event_flags.py\n'}
[6.385800] (px4_msgs) StdoutLine: {'line': b'-- Up-to-date: /home/subhalaxmi/nidar_ws/install/px4_msgs/local/lib/python3.10/dist-packages/px4_msgs/msg/_gps_dump_s.c\n'}
[6.385900] (px4_msgs) StdoutLine: {'line': b'-- Up-to-date: /home/subhalaxmi/nidar_ws/install/px4_msgs/local/lib/python3.10/dist-packages/px4_msgs/msg/_ulog_stream.py\n'}
[6.386044] (px4_msgs) StdoutLine: {'line': b'-- Up-to-date: /home/subhalaxmi/nidar_ws/install/px4_msgs/local/lib/python3.10/dist-packages/px4_msgs/msg/_gripper.py\n'}
[6.386238] (px4_msgs) StdoutLine: {'line': b'-- Up-to-date: /home/subhalaxmi/nidar_ws/install/px4_msgs/local/lib/python3.10/dist-packages/px4_msgs/msg/_orbit_status_s.c\n'}
[6.386347] (px4_msgs) StdoutLine: {'line': b'-- Up-to-date: /home/subhalaxmi/nidar_ws/install/px4_msgs/local/lib/python3.10/dist-packages/px4_msgs/msg/_goto_setpoint.py\n'}
[6.386445] (px4_msgs) StdoutLine: {'line': b'-- Up-to-date: /home/subhalaxmi/nidar_ws/install/px4_msgs/local/lib/python3.10/dist-packages/px4_msgs/msg/_airspeed.py\n'}
[6.386543] (px4_msgs) StdoutLine: {'line': b'-- Up-to-date: /home/subhalaxmi/nidar_ws/install/px4_msgs/local/lib/python3.10/dist-packages/px4_msgs/msg/_uavcan_parameter_request.py\n'}
[6.386641] (px4_msgs) StdoutLine: {'line': b'-- Up-to-date: /home/subhalaxmi/nidar_ws/install/px4_msgs/local/lib/python3.10/dist-packages/px4_msgs/msg/_open_drone_id_operator_id.py\n'}
[6.386737] (px4_msgs) StdoutLine: {'line': b'-- Up-to-date: /home/subhalaxmi/nidar_ws/install/px4_msgs/local/lib/python3.10/dist-packages/px4_msgs/msg/_estimator_status_flags.py\n'}
[6.386843] (px4_msgs) StdoutLine: {'line': b'-- Up-to-date: /home/subhalaxmi/nidar_ws/install/px4_msgs/local/lib/python3.10/dist-packages/px4_msgs/msg/_register_ext_component_request_s.c\n'}
[6.386942] (px4_msgs) StdoutLine: {'line': b'-- Up-to-date: /home/subhalaxmi/nidar_ws/install/px4_msgs/local/lib/python3.10/dist-packages/px4_msgs/msg/_gps_inject_data.py\n'}
[6.387083] (px4_msgs) StdoutLine: {'line': b'-- Up-to-date: /home/subhalaxmi/nidar_ws/install/px4_msgs/local/lib/python3.10/dist-packages/px4_msgs/msg/_vehicle_land_detected.py\n'}
[6.387308] (px4_msgs) StdoutLine: {'line': b'-- Up-to-date: /home/subhalaxmi/nidar_ws/install/px4_msgs/local/lib/python3.10/dist-packages/px4_msgs/msg/_rover_attitude_setpoint.py\n'}
[6.387417] (px4_msgs) StdoutLine: {'line': b'-- Up-to-date: /home/subhalaxmi/nidar_ws/install/px4_msgs/local/lib/python3.10/dist-packages/px4_msgs/msg/_offboard_control_mode_s.c\n'}
[6.387515] (px4_msgs) StdoutLine: {'line': b'-- Up-to-date: /home/subhalaxmi/nidar_ws/install/px4_msgs/local/lib/python3.10/dist-packages/px4_msgs/msg/_gimbal_device_information.py\n'}
[6.387613] (px4_msgs) StdoutLine: {'line': b'-- Up-to-date: /home/subhalaxmi/nidar_ws/install/px4_msgs/local/lib/python3.10/dist-packages/px4_msgs/msg/_ulog_stream_s.c\n'}
[6.387719] (px4_msgs) StdoutLine: {'line': b'-- Up-to-date: /home/subhalaxmi/nidar_ws/install/px4_msgs/local/lib/python3.10/dist-packages/px4_msgs/msg/_navigator_mission_item_s.c\n'}
[6.387860] (px4_msgs) StdoutLine: {'line': b'-- Up-to-date: /home/subhalaxmi/nidar_ws/install/px4_msgs/local/lib/python3.10/dist-packages/px4_msgs/msg/_sensor_gnss_status_s.c\n'}
[6.388016] (px4_msgs) StdoutLine: {'line': b'-- Up-to-date: /home/subhalaxmi/nidar_ws/install/px4_msgs/local/lib/python3.10/dist-packages/px4_msgs/msg/_estimator_aid_source2d.py\n'}
[6.388133] (px4_msgs) StdoutLine: {'line': b'-- Up-to-date: /home/subhalaxmi/nidar_ws/install/px4_msgs/local/lib/python3.10/dist-packages/px4_msgs/msg/_pure_pursuit_status_s.c\n'}
[6.388247] (px4_msgs) StdoutLine: {'line': b'-- Up-to-date: /home/subhalaxmi/nidar_ws/install/px4_msgs/local/lib/python3.10/dist-packages/px4_msgs/msg/_sensor_uwb.py\n'}
[6.388346] (px4_msgs) StdoutLine: {'line': b'-- Up-to-date: /home/subhalaxmi/nidar_ws/install/px4_msgs/local/lib/python3.10/dist-packages/px4_msgs/msg/_debug_key_value.py\n'}
[6.388443] (px4_msgs) StdoutLine: {'line': b'-- Up-to-date: /home/subhalaxmi/nidar_ws/install/px4_msgs/local/lib/python3.10/dist-packages/px4_msgs/msg/_open_drone_id_system.py\n'}
[6.388616] (px4_msgs) StdoutLine: {'line': b'-- Up-to-date: /home/subhalaxmi/nidar_ws/install/px4_msgs/local/lib/python3.10/dist-packages/px4_msgs/msg/_follow_target_s.c\n'}
[6.388820] (px4_msgs) StdoutLine: {'line': b'-- Up-to-date: /home/subhalaxmi/nidar_ws/install/px4_msgs/local/lib/python3.10/dist-packages/px4_msgs/msg/_estimator_aid_source3d_s.c\n'}
[6.389003] (px4_msgs) StdoutLine: {'line': b'-- Up-to-date: /home/subhalaxmi/nidar_ws/install/px4_msgs/local/lib/python3.10/dist-packages/px4_msgs/msg/_position_controller_landing_status_s.c\n'}
[6.389220] (px4_msgs) StdoutLine: {'line': b'-- Up-to-date: /home/subhalaxmi/nidar_ws/install/px4_msgs/local/lib/python3.10/dist-packages/px4_msgs/msg/_mavlink_tunnel.py\n'}
[6.389341] (px4_msgs) StdoutLine: {'line': b'-- Up-to-date: /home/subhalaxmi/nidar_ws/install/px4_msgs/local/lib/python3.10/dist-packages/px4_msgs/msg/_vehicle_imu_status.py\n'}
[6.389441] (px4_msgs) StdoutLine: {'line': b'-- Up-to-date: /home/subhalaxmi/nidar_ws/install/px4_msgs/local/lib/python3.10/dist-packages/px4_msgs/msg/_radio_status.py\n'}
[6.389540] (px4_msgs) StdoutLine: {'line': b'-- Up-to-date: /home/subhalaxmi/nidar_ws/install/px4_msgs/local/lib/python3.10/dist-packages/px4_msgs/msg/_vehicle_status_s.c\n'}
[6.389715] (px4_msgs) StdoutLine: {'line': b'-- Up-to-date: /home/subhalaxmi/nidar_ws/install/px4_msgs/local/lib/python3.10/dist-packages/px4_msgs/msg/_rover_position_setpoint_s.c\n'}
[6.389817] (px4_msgs) StdoutLine: {'line': b'-- Up-to-date: /home/subhalaxmi/nidar_ws/install/px4_msgs/local/lib/python3.10/dist-packages/px4_msgs/msg/_led_control_s.c\n'}
[6.389916] (px4_msgs) StdoutLine: {'line': b'-- Up-to-date: /home/subhalaxmi/nidar_ws/install/px4_msgs/local/lib/python3.10/dist-packages/px4_msgs/msg/_input_rc.py\n'}
[6.390013] (px4_msgs) StdoutLine: {'line': b'-- Up-to-date: /home/subhalaxmi/nidar_ws/install/px4_msgs/local/lib/python3.10/dist-packages/px4_msgs/msg/_sensors_status_imu_s.c\n'}
[6.390110] (px4_msgs) StdoutLine: {'line': b'-- Up-to-date: /home/subhalaxmi/nidar_ws/install/px4_msgs/local/lib/python3.10/dist-packages/px4_msgs/msg/_open_drone_id_operator_id_s.c\n'}
[6.390240] (px4_msgs) StdoutLine: {'line': b'-- Up-to-date: /home/subhalaxmi/nidar_ws/install/px4_msgs/local/lib/python3.10/dist-packages/px4_msgs/msg/_open_drone_id_self_id_s.c\n'}
[6.390338] (px4_msgs) StdoutLine: {'line': b'-- Up-to-date: /home/subhalaxmi/nidar_ws/install/px4_msgs/local/lib/python3.10/dist-packages/px4_msgs/msg/_onboard_computer_status.py\n'}
[6.390434] (px4_msgs) StdoutLine: {'line': b'-- Up-to-date: /home/subhalaxmi/nidar_ws/install/px4_msgs/local/lib/python3.10/dist-packages/px4_msgs/msg/_vehicle_attitude.py\n'}
[6.390538] (px4_msgs) StdoutLine: {'line': b'-- Up-to-date: /home/subhalaxmi/nidar_ws/install/px4_msgs/local/lib/python3.10/dist-packages/px4_msgs/msg/_unregister_ext_component_s.c\n'}
[6.390638] (px4_msgs) StdoutLine: {'line': b'-- Up-to-date: /home/subhalaxmi/nidar_ws/install/px4_msgs/local/lib/python3.10/dist-packages/px4_msgs/msg/_vehicle_acceleration.py\n'}
[6.390782] (px4_msgs) StdoutLine: {'line': b'-- Up-to-date: /home/subhalaxmi/nidar_ws/install/px4_msgs/local/lib/python3.10/dist-packages/px4_msgs/msg/_lateral_control_configuration_s.c\n'}
[6.390959] (px4_msgs) StdoutLine: {'line': b'-- Up-to-date: /home/subhalaxmi/nidar_ws/install/px4_msgs/local/lib/python3.10/dist-packages/px4_msgs/msg/_fixed_wing_lateral_guidance_status.py\n'}
[6.391059] (px4_msgs) StdoutLine: {'line': b'-- Up-to-date: /home/subhalaxmi/nidar_ws/install/px4_msgs/local/lib/python3.10/dist-packages/px4_msgs/msg/_vehicle_magnetometer_s.c\n'}
[6.391188] (px4_msgs) StdoutLine: {'line': b'-- Up-to-date: /home/subhalaxmi/nidar_ws/install/px4_msgs/local/lib/python3.10/dist-packages/px4_msgs/msg/_internal_combustion_engine_status.py\n'}
[6.391295] (px4_msgs) StdoutLine: {'line': b'-- Up-to-date: /home/subhalaxmi/nidar_ws/install/px4_msgs/local/lib/python3.10/dist-packages/px4_msgs/msg/_gpio_config_s.c\n'}
[6.391395] (px4_msgs) StdoutLine: {'line': b'-- Up-to-date: /home/subhalaxmi/nidar_ws/install/px4_msgs/local/lib/python3.10/dist-packages/px4_msgs/msg/_estimator_bias_s.c\n'}
[6.391546] (px4_msgs) StdoutLine: {'line': b'-- Up-to-date: /home/subhalaxmi/nidar_ws/install/px4_msgs/local/lib/python3.10/dist-packages/px4_msgs/msg/_sensor_gnss_status.py\n'}
[6.391647] (px4_msgs) StdoutLine: {'line': b'-- Up-to-date: /home/subhalaxmi/nidar_ws/install/px4_msgs/local/lib/python3.10/dist-packages/px4_msgs/msg/_rover_rate_status_s.c\n'}
[6.391745] (px4_msgs) StdoutLine: {'line': b'-- Up-to-date: /home/subhalaxmi/nidar_ws/install/px4_msgs/local/lib/python3.10/dist-packages/px4_msgs/msg/_sensor_gyro.py\n'}
[6.391844] (px4_msgs) StdoutLine: {'line': b'-- Up-to-date: /home/subhalaxmi/nidar_ws/install/px4_msgs/local/lib/python3.10/dist-packages/px4_msgs/msg/_pps_capture_s.c\n'}
[6.391942] (px4_msgs) StdoutLine: {'line': b'-- Up-to-date: /home/subhalaxmi/nidar_ws/install/px4_msgs/local/lib/python3.10/dist-packages/px4_msgs/msg/_action_request_s.c\n'}
[6.392041] (px4_msgs) StdoutLine: {'line': b'-- Up-to-date: /home/subhalaxmi/nidar_ws/install/px4_msgs/local/lib/python3.10/dist-packages/px4_msgs/msg/_sensor_uwb_s.c\n'}
[6.392155] (px4_msgs) StdoutLine: {'line': b'-- Up-to-date: /home/subhalaxmi/nidar_ws/install/px4_msgs/local/lib/python3.10/dist-packages/px4_msgs/msg/_vehicle_optical_flow_vel_s.c\n'}
[6.392268] (px4_msgs) StdoutLine: {'line': b'-- Up-to-date: /home/subhalaxmi/nidar_ws/install/px4_msgs/local/lib/python3.10/dist-packages/px4_msgs/msg/_uavcan_parameter_request_s.c\n'}
[6.392369] (px4_msgs) StdoutLine: {'line': b'-- Up-to-date: /home/subhalaxmi/nidar_ws/install/px4_msgs/local/lib/python3.10/dist-packages/px4_msgs/msg/_actuator_armed_s.c\n'}
[6.392485] (px4_msgs) StdoutLine: {'line': b'-- Up-to-date: /home/subhalaxmi/nidar_ws/install/px4_msgs/local/lib/python3.10/dist-packages/px4_msgs/msg/_dataman_response_s.c\n'}
[6.392645] (px4_msgs) StdoutLine: {'line': b'-- Up-to-date: /home/subhalaxmi/nidar_ws/install/px4_msgs/local/lib/python3.10/dist-packages/px4_msgs/msg/_sensor_hygrometer_s.c\n'}
[6.392788] (px4_msgs) StdoutLine: {'line': b'-- Up-to-date: /home/subhalaxmi/nidar_ws/install/px4_msgs/local/lib/python3.10/dist-packages/px4_msgs/msg/_camera_status.py\n'}
[6.392924] (px4_msgs) StdoutLine: {'line': b'-- Up-to-date: /home/subhalaxmi/nidar_ws/install/px4_msgs/local/lib/python3.10/dist-packages/px4_msgs/msg/_telemetry_status_s.c\n'}
[6.393060] (px4_msgs) StdoutLine: {'line': b'-- Up-to-date: /home/subhalaxmi/nidar_ws/install/px4_msgs/local/lib/python3.10/dist-packages/px4_msgs/msg/_yaw_estimator_status.py\n'}
[6.393306] (px4_msgs) StdoutLine: {'line': b'-- Up-to-date: /home/subhalaxmi/nidar_ws/install/px4_msgs/local/lib/python3.10/dist-packages/px4_msgs/msg/_power_monitor_s.c\n'}
[6.393454] (px4_msgs) StdoutLine: {'line': b'-- Up-to-date: /home/subhalaxmi/nidar_ws/install/px4_msgs/local/lib/python3.10/dist-packages/px4_msgs/msg/_estimator_aid_source1d.py\n'}
[6.393622] (px4_msgs) StdoutLine: {'line': b'-- Up-to-date: /home/subhalaxmi/nidar_ws/install/px4_msgs/local/lib/python3.10/dist-packages/px4_msgs/msg/_vehicle_imu_status_s.c\n'}
[6.393727] (px4_msgs) StdoutLine: {'line': b'-- Up-to-date: /home/subhalaxmi/nidar_ws/install/px4_msgs/local/lib/python3.10/dist-packages/px4_msgs/msg/_gimbal_manager_information.py\n'}
[6.393833] (px4_msgs) StdoutLine: {'line': b'-- Up-to-date: /home/subhalaxmi/nidar_ws/install/px4_msgs/local/lib/python3.10/dist-packages/px4_msgs/msg/_actuator_outputs.py\n'}
[6.393931] (px4_msgs) StdoutLine: {'line': b'-- Up-to-date: /home/subhalaxmi/nidar_ws/install/px4_msgs/local/lib/python3.10/dist-packages/px4_msgs/msg/_rover_throttle_setpoint.py\n'}
[6.394027] (px4_msgs) StdoutLine: {'line': b'-- Up-to-date: /home/subhalaxmi/nidar_ws/install/px4_msgs/local/lib/python3.10/dist-packages/px4_msgs/msg/_rc_channels.py\n'}
[6.394153] (px4_msgs) StdoutLine: {'line': b'-- Up-to-date: /home/subhalaxmi/nidar_ws/install/px4_msgs/local/lib/python3.10/dist-packages/px4_msgs/msg/_debug_value_s.c\n'}
[6.394269] (px4_msgs) StdoutLine: {'line': b'-- Up-to-date: /home/subhalaxmi/nidar_ws/install/px4_msgs/local/lib/python3.10/dist-packages/px4_msgs/msg/_mission_s.c\n'}
[6.394451] (px4_msgs) StdoutLine: {'line': b'-- Up-to-date: /home/subhalaxmi/nidar_ws/install/px4_msgs/local/lib/python3.10/dist-packages/px4_msgs/msg/_estimator_status.py\n'}
[6.394556] (px4_msgs) StdoutLine: {'line': b'-- Up-to-date: /home/subhalaxmi/nidar_ws/install/px4_msgs/local/lib/python3.10/dist-packages/px4_msgs/msg/_vehicle_optical_flow_vel.py\n'}
[6.394655] (px4_msgs) StdoutLine: {'line': b'-- Up-to-date: /home/subhalaxmi/nidar_ws/install/px4_msgs/local/lib/python3.10/dist-packages/px4_msgs/msg/_fixed_wing_lateral_setpoint_s.c\n'}
[6.394754] (px4_msgs) StdoutLine: {'line': b'-- Up-to-date: /home/subhalaxmi/nidar_ws/install/px4_msgs/local/lib/python3.10/dist-packages/px4_msgs/msg/_vehicle_roi.py\n'}
[6.394851] (px4_msgs) StdoutLine: {'line': b'-- Up-to-date: /home/subhalaxmi/nidar_ws/install/px4_msgs/local/lib/python3.10/dist-packages/px4_msgs/msg/_parameter_reset_request_s.c\n'}
[6.394950] (px4_msgs) StdoutLine: {'line': b'-- Up-to-date: /home/subhalaxmi/nidar_ws/install/px4_msgs/local/lib/python3.10/dist-packages/px4_msgs/msg/_sensor_gps_s.c\n'}
[6.395075] (px4_msgs) StdoutLine: {'line': b'-- Up-to-date: /home/subhalaxmi/nidar_ws/install/px4_msgs/local/lib/python3.10/dist-packages/px4_msgs/msg/_sensors_status.py\n'}
[6.395274] (px4_msgs) StdoutLine: {'line': b'-- Up-to-date: /home/subhalaxmi/nidar_ws/install/px4_msgs/local/lib/python3.10/dist-packages/px4_msgs/msg/_estimator_aid_source3d.py\n'}
[6.395380] (px4_msgs) StdoutLine: {'line': b'-- Up-to-date: /home/subhalaxmi/nidar_ws/install/px4_msgs/local/lib/python3.10/dist-packages/px4_msgs/msg/_vehicle_attitude_setpoint_s.c\n'}
[6.395480] (px4_msgs) StdoutLine: {'line': b'-- Up-to-date: /home/subhalaxmi/nidar_ws/install/px4_msgs/local/lib/python3.10/dist-packages/px4_msgs/msg/_gpio_out.py\n'}
[6.395580] (px4_msgs) StdoutLine: {'line': b'-- Up-to-date: /home/subhalaxmi/nidar_ws/install/px4_msgs/local/lib/python3.10/dist-packages/px4_msgs/msg/_gps_dump.py\n'}
[6.395678] (px4_msgs) StdoutLine: {'line': b'-- Up-to-date: /home/subhalaxmi/nidar_ws/install/px4_msgs/local/lib/python3.10/dist-packages/px4_msgs/msg/_vehicle_thrust_setpoint.py\n'}
[6.395776] (px4_msgs) StdoutLine: {'line': b'-- Up-to-date: /home/subhalaxmi/nidar_ws/install/px4_msgs/local/lib/python3.10/dist-packages/px4_msgs/msg/_takeoff_status.py\n'}
[6.395873] (px4_msgs) StdoutLine: {'line': b'-- Up-to-date: /home/subhalaxmi/nidar_ws/install/px4_msgs/local/lib/python3.10/dist-packages/px4_msgs/msg/_vehicle_rates_setpoint_s.c\n'}
[6.395970] (px4_msgs) StdoutLine: {'line': b'-- Up-to-date: /home/subhalaxmi/nidar_ws/install/px4_msgs/local/lib/python3.10/dist-packages/px4_msgs/msg/_velocity_limits_s.c\n'}
[6.396107] (px4_msgs) StdoutLine: {'line': b'-- Up-to-date: /home/subhalaxmi/nidar_ws/install/px4_msgs/local/lib/python3.10/dist-packages/px4_msgs/msg/_vehicle_command_ack.py\n'}
[6.396342] (px4_msgs) StdoutLine: {'line': b'-- Up-to-date: /home/subhalaxmi/nidar_ws/install/px4_msgs/local/lib/python3.10/dist-packages/px4_msgs/msg/_vehicle_command.py\n'}
[6.396447] (px4_msgs) StdoutLine: {'line': b'-- Up-to-date: /home/subhalaxmi/nidar_ws/install/px4_msgs/local/lib/python3.10/dist-packages/px4_msgs/msg/_logger_status.py\n'}
[6.396558] (px4_msgs) StdoutLine: {'line': b'-- Up-to-date: /home/subhalaxmi/nidar_ws/install/px4_msgs/local/lib/python3.10/dist-packages/px4_msgs/msg/_sensor_correction.py\n'}
[6.396655] (px4_msgs) StdoutLine: {'line': b'-- Up-to-date: /home/subhalaxmi/nidar_ws/install/px4_msgs/local/lib/python3.10/dist-packages/px4_msgs/msg/_airspeed_wind_s.c\n'}
[6.396752] (px4_msgs) StdoutLine: {'line': b'-- Up-to-date: /home/subhalaxmi/nidar_ws/install/px4_msgs/local/lib/python3.10/dist-packages/px4_msgs/msg/_ekf2_timestamps.py\n'}
[6.396848] (px4_msgs) StdoutLine: {'line': b'-- Up-to-date: /home/subhalaxmi/nidar_ws/install/px4_msgs/local/lib/python3.10/dist-packages/px4_msgs/msg/_sensor_temp.py\n'}
[6.396994] (px4_msgs) StdoutLine: {'line': b'-- Up-to-date: /home/subhalaxmi/nidar_ws/install/px4_msgs/local/lib/python3.10/dist-packages/px4_msgs/msg/_sensor_preflight_mag.py\n'}
[6.397147] (px4_msgs) StdoutLine: {'line': b'-- Up-to-date: /home/subhalaxmi/nidar_ws/install/px4_msgs/local/lib/python3.10/dist-packages/px4_msgs/msg/_manual_control_switches.py\n'}
[6.397318] (px4_msgs) StdoutLine: {'line': b'-- Up-to-date: /home/subhalaxmi/nidar_ws/install/px4_msgs/local/lib/python3.10/dist-packages/px4_msgs/msg/_vehicle_command_ack_s.c\n'}
[6.397437] (px4_msgs) StdoutLine: {'line': b'-- Up-to-date: /home/subhalaxmi/nidar_ws/install/px4_msgs/local/lib/python3.10/dist-packages/px4_msgs/msg/_sensors_status_imu.py\n'}
[6.397546] (px4_msgs) StdoutLine: {'line': b'-- Up-to-date: /home/subhalaxmi/nidar_ws/install/px4_msgs/local/lib/python3.10/dist-packages/px4_msgs/msg/_aux_global_position_s.c\n'}
[6.397718] (px4_msgs) StdoutLine: {'line': b'-- Up-to-date: /home/subhalaxmi/nidar_ws/install/px4_msgs/local/lib/python3.10/dist-packages/px4_msgs/msg/_follow_target_status_s.c\n'}
[6.397918] (px4_msgs) StdoutLine: {'line': b'-- Up-to-date: /home/subhalaxmi/nidar_ws/install/px4_msgs/local/lib/python3.10/dist-packages/px4_msgs/msg/_sensor_gyro_s.c\n'}
[6.398141] (px4_msgs) StdoutLine: {'line': b'-- Up-to-date: /home/subhalaxmi/nidar_ws/install/px4_msgs/local/lib/python3.10/dist-packages/px4_msgs/msg/_actuator_controls_status_s.c\n'}
[6.398478] (px4_msgs) StdoutLine: {'line': b'-- Up-to-date: /home/subhalaxmi/nidar_ws/install/px4_msgs/local/lib/python3.10/dist-packages/px4_msgs/msg/_navigator_status.py\n'}
[6.398684] (px4_msgs) StdoutLine: {'line': b'-- Up-to-date: /home/subhalaxmi/nidar_ws/install/px4_msgs/local/lib/python3.10/dist-packages/px4_msgs/msg/_aux_global_position.py\n'}
[6.398866] (px4_msgs) StdoutLine: {'line': b'-- Up-to-date: /home/subhalaxmi/nidar_ws/install/px4_msgs/local/lib/python3.10/dist-packages/px4_msgs/msg/_px4io_status_s.c\n'}
[6.399060] (px4_msgs) StdoutLine: {'line': b'-- Up-to-date: /home/subhalaxmi/nidar_ws/install/px4_msgs/local/lib/python3.10/dist-packages/px4_msgs/msg/_rover_steering_setpoint.py\n'}
[6.399379] (px4_msgs) StdoutLine: {'line': b'-- Up-to-date: /home/subhalaxmi/nidar_ws/install/px4_msgs/local/lib/python3.10/dist-packages/px4_msgs/msg/_mavlink_log_s.c\n'}
[6.399587] (px4_msgs) StdoutLine: {'line': b'-- Up-to-date: /home/subhalaxmi/nidar_ws/install/px4_msgs/local/lib/python3.10/dist-packages/px4_msgs/msg/_launch_detection_status.py\n'}
[6.399773] (px4_msgs) StdoutLine: {'line': b'-- Up-to-date: /home/subhalaxmi/nidar_ws/install/px4_msgs/local/lib/python3.10/dist-packages/px4_msgs/msg/_vehicle_air_data.py\n'}
[6.399948] (px4_msgs) StdoutLine: {'line': b'-- Up-to-date: /home/subhalaxmi/nidar_ws/install/px4_msgs/local/lib/python3.10/dist-packages/px4_msgs/msg/_geofence_result.py\n'}
[6.400139] (px4_msgs) StdoutLine: {'line': b'-- Up-to-date: /home/subhalaxmi/nidar_ws/install/px4_msgs/local/lib/python3.10/dist-packages/px4_msgs/msg/_rc_channels_s.c\n'}
[6.400347] (px4_msgs) StdoutLine: {'line': b'-- Up-to-date: /home/subhalaxmi/nidar_ws/install/px4_msgs/local/lib/python3.10/dist-packages/px4_msgs/msg/_arming_check_reply_s.c\n'}
[6.400522] (px4_msgs) StdoutLine: {'line': b'-- Up-to-date: /home/subhalaxmi/nidar_ws/install/px4_msgs/local/lib/python3.10/dist-packages/px4_msgs/msg/_fixed_wing_runway_control.py\n'}
[6.400720] (px4_msgs) StdoutLine: {'line': b'-- Up-to-date: /home/subhalaxmi/nidar_ws/install/px4_msgs/local/lib/python3.10/dist-packages/px4_msgs/msg/_raptor_status.py\n'}
[6.400888] (px4_msgs) StdoutLine: {'line': b'-- Up-to-date: /home/subhalaxmi/nidar_ws/install/px4_msgs/local/lib/python3.10/dist-packages/px4_msgs/msg/_airspeed_validated_s.c\n'}
[6.401001] (px4_msgs) StdoutLine: {'line': b'-- Up-to-date: /home/subhalaxmi/nidar_ws/install/px4_msgs/local/lib/python3.10/dist-packages/px4_msgs/msg/_sensor_accel_fifo_s.c\n'}
[6.401101] (px4_msgs) StdoutLine: {'line': b'-- Up-to-date: /home/subhalaxmi/nidar_ws/install/px4_msgs/local/lib/python3.10/dist-packages/px4_msgs/msg/_estimator_selector_status.py\n'}
[6.401238] (px4_msgs) StdoutLine: {'line': b'-- Up-to-date: /home/subhalaxmi/nidar_ws/install/px4_msgs/local/lib/python3.10/dist-packages/px4_msgs/msg/_sensor_baro_s.c\n'}
[6.401445] (px4_msgs) StdoutLine: {'line': b'-- Up-to-date: /home/subhalaxmi/nidar_ws/install/px4_msgs/local/lib/python3.10/dist-packages/px4_msgs/msg/_actuator_servos.py\n'}
[6.401657] (px4_msgs) StdoutLine: {'line': b'-- Up-to-date: /home/subhalaxmi/nidar_ws/install/px4_msgs/local/lib/python3.10/dist-packages/px4_msgs/msg/_internal_combustion_engine_control_s.c\n'}
[6.401937] (px4_msgs) StdoutLine: {'line': b'-- Up-to-date: /home/subhalaxmi/nidar_ws/install/px4_msgs/local/lib/python3.10/dist-packages/px4_msgs/msg/_sensor_mag.py\n'}
[6.402047] (px4_msgs) StdoutLine: {'line': b'-- Up-to-date: /home/subhalaxmi/nidar_ws/install/px4_msgs/local/lib/python3.10/dist-packages/px4_msgs/msg/_qshell_retval.py\n'}
[6.402188] (px4_msgs) StdoutLine: {'line': b'-- Up-to-date: /home/subhalaxmi/nidar_ws/install/px4_msgs/local/lib/python3.10/dist-packages/px4_msgs/msg/_vehicle_local_position.py\n'}
[6.402307] (px4_msgs) StdoutLine: {'line': b'-- Up-to-date: /home/subhalaxmi/nidar_ws/install/px4_msgs/local/lib/python3.10/dist-packages/px4_msgs/msg/_vehicle_attitude_setpoint.py\n'}
[6.402464] (px4_msgs) StdoutLine: {'line': b'-- Up-to-date: /home/subhalaxmi/nidar_ws/install/px4_msgs/local/lib/python3.10/dist-packages/px4_msgs/msg/_mount_orientation_s.c\n'}
[6.402652] (px4_msgs) StdoutLine: {'line': b'-- Up-to-date: /home/subhalaxmi/nidar_ws/install/px4_msgs/local/lib/python3.10/dist-packages/px4_msgs/msg/_longitudinal_control_configuration_s.c\n'}
[6.402825] (px4_msgs) StdoutLine: {'line': b'-- Up-to-date: /home/subhalaxmi/nidar_ws/install/px4_msgs/local/lib/python3.10/dist-packages/px4_msgs/msg/_sensor_mag_s.c\n'}
[6.402938] (px4_msgs) StdoutLine: {'line': b'-- Up-to-date: /home/subhalaxmi/nidar_ws/install/px4_msgs/local/lib/python3.10/dist-packages/px4_msgs/msg/_vehicle_land_detected_s.c\n'}
[6.403143] (px4_msgs) StdoutLine: {'line': b'-- Up-to-date: /home/subhalaxmi/nidar_ws/install/px4_msgs/local/lib/python3.10/dist-packages/px4_msgs/msg/_esc_report.py\n'}
[6.403329] (px4_msgs) StdoutLine: {'line': b'-- Up-to-date: /home/subhalaxmi/nidar_ws/install/px4_msgs/local/lib/python3.10/dist-packages/px4_msgs/msg/_mission.py\n'}
[6.403455] (px4_msgs) StdoutLine: {'line': b'-- Up-to-date: /home/subhalaxmi/nidar_ws/install/px4_msgs/local/lib/python3.10/dist-packages/px4_msgs/msg/_dataman_response.py\n'}
[6.403572] (px4_msgs) StdoutLine: {'line': b'-- Up-to-date: /home/subhalaxmi/nidar_ws/install/px4_msgs/local/lib/python3.10/dist-packages/px4_msgs/msg/_open_drone_id_self_id.py\n'}
[6.403681] (px4_msgs) StdoutLine: {'line': b'-- Up-to-date: /home/subhalaxmi/nidar_ws/install/px4_msgs/local/lib/python3.10/dist-packages/px4_msgs/msg/_camera_trigger.py\n'}
[6.403790] (px4_msgs) StdoutLine: {'line': b'-- Up-to-date: /home/subhalaxmi/nidar_ws/install/px4_msgs/local/lib/python3.10/dist-packages/px4_msgs/msg/_vtol_vehicle_status_s.c\n'}
[6.403898] (px4_msgs) StdoutLine: {'line': b'-- Up-to-date: /home/subhalaxmi/nidar_ws/install/px4_msgs/local/lib/python3.10/dist-packages/px4_msgs/msg/_esc_status.py\n'}
[6.404006] (px4_msgs) StdoutLine: {'line': b'-- Up-to-date: /home/subhalaxmi/nidar_ws/install/px4_msgs/local/lib/python3.10/dist-packages/px4_msgs/msg/_system_power.py\n'}
[6.404221] (px4_msgs) StdoutLine: {'line': b'-- Up-to-date: /home/subhalaxmi/nidar_ws/install/px4_msgs/local/lib/python3.10/dist-packages/px4_msgs/msg/_fuel_tank_status.py\n'}
[6.404347] (px4_msgs) StdoutLine: {'line': b'-- Up-to-date: /home/subhalaxmi/nidar_ws/install/px4_msgs/local/lib/python3.10/dist-packages/px4_msgs/msg/_actuator_servos_trim_s.c\n'}
[6.404461] (px4_msgs) StdoutLine: {'line': b'-- Up-to-date: /home/subhalaxmi/nidar_ws/install/px4_msgs/local/lib/python3.10/dist-packages/px4_msgs/msg/_parameter_set_used_request.py\n'}
[6.404569] (px4_msgs) StdoutLine: {'line': b'-- Up-to-date: /home/subhalaxmi/nidar_ws/install/px4_msgs/local/lib/python3.10/dist-packages/px4_msgs/msg/_orb_test_large.py\n'}
[6.404677] (px4_msgs) StdoutLine: {'line': b'-- Up-to-date: /home/subhalaxmi/nidar_ws/install/px4_msgs/local/lib/python3.10/dist-packages/px4_msgs/msg/_parameter_update.py\n'}
[6.404784] (px4_msgs) StdoutLine: {'line': b'-- Up-to-date: /home/subhalaxmi/nidar_ws/install/px4_msgs/local/lib/python3.10/dist-packages/px4_msgs/msg/_actuator_servos_s.c\n'}
[6.404891] (px4_msgs) StdoutLine: {'line': b'-- Up-to-date: /home/subhalaxmi/nidar_ws/install/px4_msgs/local/lib/python3.10/dist-packages/px4_msgs/msg/_vehicle_optical_flow.py\n'}
[6.404996] (px4_msgs) StdoutLine: {'line': b'-- Up-to-date: /home/subhalaxmi/nidar_ws/install/px4_msgs/local/lib/python3.10/dist-packages/px4_msgs/msg/_battery_info.py\n'}
[6.405105] (px4_msgs) StdoutLine: {'line': b'-- Up-to-date: /home/subhalaxmi/nidar_ws/install/px4_msgs/local/lib/python3.10/dist-packages/px4_msgs/msg/_vehicle_imu_s.c\n'}
[6.405297] (px4_msgs) StdoutLine: {'line': b'-- Up-to-date: /home/subhalaxmi/nidar_ws/install/px4_msgs/local/lib/python3.10/dist-packages/px4_msgs/msg/_heater_status.py\n'}
[6.405406] (px4_msgs) StdoutLine: {'line': b'-- Up-to-date: /home/subhalaxmi/nidar_ws/install/px4_msgs/local/lib/python3.10/dist-packages/px4_msgs/msg/_config_overrides_s.c\n'}
[6.405513] (px4_msgs) StdoutLine: {'line': b'-- Up-to-date: /home/subhalaxmi/nidar_ws/install/px4_msgs/local/lib/python3.10/dist-packages/px4_msgs/msg/_vehicle_global_position.py\n'}
[6.405620] (px4_msgs) StdoutLine: {'line': b'-- Up-to-date: /home/subhalaxmi/nidar_ws/install/px4_msgs/local/lib/python3.10/dist-packages/px4_msgs/msg/_actuator_armed.py\n'}
[6.405727] (px4_msgs) StdoutLine: {'line': b'-- Up-to-date: /home/subhalaxmi/nidar_ws/install/px4_msgs/local/lib/python3.10/dist-packages/px4_msgs/msg/_ulog_stream_ack.py\n'}
[6.405835] (px4_msgs) StdoutLine: {'line': b'-- Up-to-date: /home/subhalaxmi/nidar_ws/install/px4_msgs/local/lib/python3.10/dist-packages/px4_msgs/msg/_message_format_request_s.c\n'}
[6.405942] (px4_msgs) StdoutLine: {'line': b'-- Up-to-date: /home/subhalaxmi/nidar_ws/install/px4_msgs/local/lib/python3.10/dist-packages/px4_msgs/msg/_sensor_airflow.py\n'}
[6.406049] (px4_msgs) StdoutLine: {'line': b'-- Up-to-date: /home/subhalaxmi/nidar_ws/install/px4_msgs/local/lib/python3.10/dist-packages/px4_msgs/msg/_wheel_encoders_s.c\n'}
[6.406179] (px4_msgs) StdoutLine: {'line': b'-- Up-to-date: /home/subhalaxmi/nidar_ws/install/px4_msgs/local/lib/python3.10/dist-packages/px4_msgs/msg/_tune_control_s.c\n'}
[6.406297] (px4_msgs) StdoutLine: {'line': b'-- Up-to-date: /home/subhalaxmi/nidar_ws/install/px4_msgs/local/lib/python3.10/dist-packages/px4_msgs/msg/_battery_status_s.c\n'}
[6.406417] (px4_msgs) StdoutLine: {'line': b'-- Up-to-date: /home/subhalaxmi/nidar_ws/install/px4_msgs/local/lib/python3.10/dist-packages/px4_msgs/msg/_estimator_gps_status.py\n'}
[6.406529] (px4_msgs) StdoutLine: {'line': b'-- Up-to-date: /home/subhalaxmi/nidar_ws/install/px4_msgs/local/lib/python3.10/dist-packages/px4_msgs/msg/_hover_thrust_estimate.py\n'}
[6.406638] (px4_msgs) StdoutLine: {'line': b'-- Up-to-date: /home/subhalaxmi/nidar_ws/install/px4_msgs/local/lib/python3.10/dist-packages/px4_msgs/msg/_dataman_request_s.c\n'}
[6.406746] (px4_msgs) StdoutLine: {'line': b'-- Up-to-date: /home/subhalaxmi/nidar_ws/install/px4_msgs/local/lib/python3.10/dist-packages/px4_msgs/msg/_failsafe_flags_s.c\n'}
[6.406919] (px4_msgs) StdoutLine: {'line': b'-- Up-to-date: /home/subhalaxmi/nidar_ws/install/px4_msgs/local/lib/python3.10/dist-packages/px4_msgs/msg/_vehicle_angular_velocity_s.c\n'}
[6.407081] (px4_msgs) StdoutLine: {'line': b'-- Up-to-date: /home/subhalaxmi/nidar_ws/install/px4_msgs/local/lib/python3.10/dist-packages/px4_msgs/msg/_heater_status_s.c\n'}
[6.407231] (px4_msgs) StdoutLine: {'line': b'-- Up-to-date: /home/subhalaxmi/nidar_ws/install/px4_msgs/local/lib/python3.10/dist-packages/px4_msgs/msg/_actuator_test_s.c\n'}
[6.407345] (px4_msgs) StdoutLine: {'line': b'-- Up-to-date: /home/subhalaxmi/nidar_ws/install/px4_msgs/local/lib/python3.10/dist-packages/px4_msgs/msg/_arming_check_request_s.c\n'}
[6.407451] (px4_msgs) StdoutLine: {'line': b'-- Up-to-date: /home/subhalaxmi/nidar_ws/install/px4_msgs/local/lib/python3.10/dist-packages/px4_msgs/msg/_landing_gear_wheel.py\n'}
[6.407557] (px4_msgs) StdoutLine: {'line': b'-- Up-to-date: /home/subhalaxmi/nidar_ws/install/px4_msgs/local/lib/python3.10/dist-packages/px4_msgs/msg/_neural_control.py\n'}
[6.407664] (px4_msgs) StdoutLine: {'line': b'-- Up-to-date: /home/subhalaxmi/nidar_ws/install/px4_msgs/local/lib/python3.10/dist-packages/px4_msgs/msg/_sensor_baro.py\n'}
[6.407770] (px4_msgs) StdoutLine: {'line': b'-- Up-to-date: /home/subhalaxmi/nidar_ws/install/px4_msgs/local/lib/python3.10/dist-packages/px4_msgs/msg/_parameter_set_value_response.py\n'}
[6.407877] (px4_msgs) StdoutLine: {'line': b'-- Up-to-date: /home/subhalaxmi/nidar_ws/install/px4_msgs/local/lib/python3.10/dist-packages/px4_msgs/msg/_gain_compression_s.c\n'}
[6.407983] (px4_msgs) StdoutLine: {'line': b'-- Up-to-date: /home/subhalaxmi/nidar_ws/install/px4_msgs/local/lib/python3.10/dist-packages/px4_msgs/msg/_raptor_input_s.c\n'}
[6.408090] (px4_msgs) StdoutLine: {'line': b'-- Up-to-date: /home/subhalaxmi/nidar_ws/install/px4_msgs/local/lib/python3.10/dist-packages/px4_msgs/msg/_vehicle_local_position_setpoint_s.c\n'}
[6.408222] (px4_msgs) StdoutLine: {'line': b'-- Up-to-date: /home/subhalaxmi/nidar_ws/install/px4_msgs/local/lib/python3.10/dist-packages/px4_msgs/msg/_debug_vect.py\n'}
[6.408334] (px4_msgs) StdoutLine: {'line': b'-- Up-to-date: /home/subhalaxmi/nidar_ws/install/px4_msgs/local/lib/python3.10/dist-packages/px4_msgs/msg/_gpio_in_s.c\n'}
[6.408452] (px4_msgs) StdoutLine: {'line': b'-- Up-to-date: /home/subhalaxmi/nidar_ws/install/px4_msgs/local/lib/python3.10/dist-packages/px4_msgs/msg/_sensor_accel.py\n'}
[6.408565] (px4_msgs) StdoutLine: {'line': b'-- Up-to-date: /home/subhalaxmi/nidar_ws/install/px4_msgs/local/lib/python3.10/dist-packages/px4_msgs/msg/_register_ext_component_request.py\n'}
[6.408675] (px4_msgs) StdoutLine: {'line': b'-- Up-to-date: /home/subhalaxmi/nidar_ws/install/px4_msgs/local/lib/python3.10/dist-packages/px4_msgs/msg/_differential_pressure_s.c\n'}
[6.408784] (px4_msgs) StdoutLine: {'line': b'-- Up-to-date: /home/subhalaxmi/nidar_ws/install/px4_msgs/local/lib/python3.10/dist-packages/px4_msgs/msg/_rate_ctrl_status_s.c\n'}
[6.408893] (px4_msgs) StdoutLine: {'line': b'-- Up-to-date: /home/subhalaxmi/nidar_ws/install/px4_msgs/local/lib/python3.10/dist-packages/px4_msgs/msg/_logger_status_s.c\n'}
[6.409000] (px4_msgs) StdoutLine: {'line': b'-- Up-to-date: /home/subhalaxmi/nidar_ws/install/px4_msgs/local/lib/python3.10/dist-packages/px4_msgs/msg/_gpio_in.py\n'}
[6.409108] (px4_msgs) StdoutLine: {'line': b'-- Up-to-date: /home/subhalaxmi/nidar_ws/install/px4_msgs/local/lib/python3.10/dist-packages/px4_msgs/msg/_log_message.py\n'}
[6.409302] (px4_msgs) StdoutLine: {'line': b'-- Up-to-date: /home/subhalaxmi/nidar_ws/install/px4_msgs/local/lib/python3.10/dist-packages/px4_msgs/msg/_mode_completed.py\n'}
[6.409411] (px4_msgs) StdoutLine: {'line': b'-- Up-to-date: /home/subhalaxmi/nidar_ws/install/px4_msgs/local/lib/python3.10/dist-packages/px4_msgs/msg/_rover_attitude_status.py\n'}
[6.409517] (px4_msgs) StdoutLine: {'line': b'-- Up-to-date: /home/subhalaxmi/nidar_ws/install/px4_msgs/local/lib/python3.10/dist-packages/px4_msgs/msg/_fixed_wing_lateral_status_s.c\n'}
[6.409688] (px4_msgs) StdoutLine: {'line': b'-- Up-to-date: /home/subhalaxmi/nidar_ws/install/px4_msgs/local/lib/python3.10/dist-packages/px4_msgs/msg/_internal_combustion_engine_status_s.c\n'}
[6.409787] (px4_msgs) StdoutLine: {'line': b'-- Up-to-date: /home/subhalaxmi/nidar_ws/install/px4_msgs/local/lib/python3.10/dist-packages/px4_msgs/msg/_rover_speed_setpoint.py\n'}
[6.409884] (px4_msgs) StdoutLine: {'line': b'-- Up-to-date: /home/subhalaxmi/nidar_ws/install/px4_msgs/local/lib/python3.10/dist-packages/px4_msgs/msg/_vehicle_imu.py\n'}
[6.409982] (px4_msgs) StdoutLine: {'line': b'-- Up-to-date: /home/subhalaxmi/nidar_ws/install/px4_msgs/local/lib/python3.10/dist-packages/px4_msgs/msg/_sensor_selection_s.c\n'}
[6.410081] (px4_msgs) StdoutLine: {'line': b'-- Up-to-date: /home/subhalaxmi/nidar_ws/install/px4_msgs/local/lib/python3.10/dist-packages/px4_msgs/msg/_rtl_status_s.c\n'}
[6.410217] (px4_msgs) StdoutLine: {'line': b'-- Up-to-date: /home/subhalaxmi/nidar_ws/install/px4_msgs/local/lib/python3.10/dist-packages/px4_msgs/px4_msgs_s__rosidl_typesupport_c.cpython-310-x86_64-linux-gnu.so\n'}
[6.410322] (px4_msgs) StdoutLine: {'line': b'-- Up-to-date: /home/subhalaxmi/nidar_ws/install/px4_msgs/local/lib/python3.10/dist-packages/px4_msgs/px4_msgs_s__rosidl_typesupport_fastrtps_c.cpython-310-x86_64-linux-gnu.so\n'}
[6.410504] (px4_msgs) StdoutLine: {'line': b'-- Up-to-date: /home/subhalaxmi/nidar_ws/install/px4_msgs/local/lib/python3.10/dist-packages/px4_msgs/srv\n'}
[6.410614] (px4_msgs) StdoutLine: {'line': b'-- Up-to-date: /home/subhalaxmi/nidar_ws/install/px4_msgs/local/lib/python3.10/dist-packages/px4_msgs/srv/__init__.py\n'}
[6.410714] (px4_msgs) StdoutLine: {'line': b'-- Up-to-date: /home/subhalaxmi/nidar_ws/install/px4_msgs/local/lib/python3.10/dist-packages/px4_msgs/srv/_vehicle_command_s.c\n'}
[6.410826] (px4_msgs) StdoutLine: {'line': b'-- Up-to-date: /home/subhalaxmi/nidar_ws/install/px4_msgs/local/lib/python3.10/dist-packages/px4_msgs/srv/_vehicle_command.py\n'}
[6.410925] (px4_msgs) StdoutLine: {'line': b'-- Up-to-date: /home/subhalaxmi/nidar_ws/install/px4_msgs/local/lib/python3.10/dist-packages/px4_msgs/_px4_msgs_s.ep.rosidl_typesupport_fastrtps_c.c\n'}
[6.411024] (px4_msgs) StdoutLine: {'line': b'-- Up-to-date: /home/subhalaxmi/nidar_ws/install/px4_msgs/local/lib/python3.10/dist-packages/px4_msgs/_px4_msgs_s.ep.rosidl_typesupport_c.c\n'}
[6.411148] (px4_msgs) StdoutLine: {'line': b'-- Up-to-date: /home/subhalaxmi/nidar_ws/install/px4_msgs/local/lib/python3.10/dist-packages/px4_msgs/_px4_msgs_s.ep.rosidl_typesupport_introspection_c.c\n'}
[6.411274] (px4_msgs) StdoutLine: {'line': b"Listing '/home/subhalaxmi/nidar_ws/install/px4_msgs/local/lib/python3.10/dist-packages/px4_msgs'...\n"}
[6.411383] (px4_msgs) StdoutLine: {'line': b"Listing '/home/subhalaxmi/nidar_ws/install/px4_msgs/local/lib/python3.10/dist-packages/px4_msgs/msg'...\n"}
[6.411490] (px4_msgs) StdoutLine: {'line': b"Listing '/home/subhalaxmi/nidar_ws/install/px4_msgs/local/lib/python3.10/dist-packages/px4_msgs/srv'...\n"}
[6.411597] (px4_msgs) StdoutLine: {'line': b'-- Up-to-date: /home/subhalaxmi/nidar_ws/install/px4_msgs/local/lib/python3.10/dist-packages/px4_msgs/px4_msgs_s__rosidl_typesupport_fastrtps_c.cpython-310-x86_64-linux-gnu.so\n'}
[6.411705] (px4_msgs) StdoutLine: {'line': b'-- Up-to-date: /home/subhalaxmi/nidar_ws/install/px4_msgs/local/lib/python3.10/dist-packages/px4_msgs/px4_msgs_s__rosidl_typesupport_introspection_c.cpython-310-x86_64-linux-gnu.so\n'}
[6.411817] (px4_msgs) StdoutLine: {'line': b'-- Up-to-date: /home/subhalaxmi/nidar_ws/install/px4_msgs/local/lib/python3.10/dist-packages/px4_msgs/px4_msgs_s__rosidl_typesupport_c.cpython-310-x86_64-linux-gnu.so\n'}
[6.411925] (px4_msgs) StdoutLine: {'line': b'-- Up-to-date: /home/subhalaxmi/nidar_ws/install/px4_msgs/lib/libpx4_msgs__rosidl_generator_py.so\n'}
[6.412032] (px4_msgs) StdoutLine: {'line': b'-- Up-to-date: /home/subhalaxmi/nidar_ws/install/px4_msgs/share/px4_msgs/msg/ActionRequest.idl\n'}
[6.412154] (px4_msgs) StdoutLine: {'line': b'-- Up-to-date: /home/subhalaxmi/nidar_ws/install/px4_msgs/share/px4_msgs/msg/ActuatorArmed.idl\n'}
[6.412348] (px4_msgs) StdoutLine: {'line': b'-- Up-to-date: /home/subhalaxmi/nidar_ws/install/px4_msgs/share/px4_msgs/msg/ActuatorControlsStatus.idl\n'}
[6.412467] (px4_msgs) StdoutLine: {'line': b'-- Up-to-date: /home/subhalaxmi/nidar_ws/install/px4_msgs/share/px4_msgs/msg/ActuatorMotors.idl\n'}
[6.412576] (px4_msgs) StdoutLine: {'line': b'-- Up-to-date: /home/subhalaxmi/nidar_ws/install/px4_msgs/share/px4_msgs/msg/ActuatorOutputs.idl\n'}
[6.412683] (px4_msgs) StdoutLine: {'line': b'-- Up-to-date: /home/subhalaxmi/nidar_ws/install/px4_msgs/share/px4_msgs/msg/ActuatorServos.idl\n'}
[6.412792] (px4_msgs) StdoutLine: {'line': b'-- Up-to-date: /home/subhalaxmi/nidar_ws/install/px4_msgs/share/px4_msgs/msg/ActuatorServosTrim.idl\n'}
[6.412901] (px4_msgs) StdoutLine: {'line': b'-- Up-to-date: /home/subhalaxmi/nidar_ws/install/px4_msgs/share/px4_msgs/msg/ActuatorTest.idl\n'}
[6.413009] (px4_msgs) StdoutLine: {'line': b'-- Up-to-date: /home/subhalaxmi/nidar_ws/install/px4_msgs/share/px4_msgs/msg/AdcReport.idl\n'}
[6.413134] (px4_msgs) StdoutLine: {'line': b'-- Up-to-date: /home/subhalaxmi/nidar_ws/install/px4_msgs/share/px4_msgs/msg/Airspeed.idl\n'}
[6.413314] (px4_msgs) StdoutLine: {'line': b'-- Up-to-date: /home/subhalaxmi/nidar_ws/install/px4_msgs/share/px4_msgs/msg/AirspeedValidated.idl\n'}
[6.413425] (px4_msgs) StdoutLine: {'line': b'-- Up-to-date: /home/subhalaxmi/nidar_ws/install/px4_msgs/share/px4_msgs/msg/AirspeedWind.idl\n'}
[6.413534] (px4_msgs) StdoutLine: {'line': b'-- Up-to-date: /home/subhalaxmi/nidar_ws/install/px4_msgs/share/px4_msgs/msg/ArmingCheckReply.idl\n'}
[6.413641] (px4_msgs) StdoutLine: {'line': b'-- Up-to-date: /home/subhalaxmi/nidar_ws/install/px4_msgs/share/px4_msgs/msg/ArmingCheckRequest.idl\n'}
[6.413748] (px4_msgs) StdoutLine: {'line': b'-- Up-to-date: /home/subhalaxmi/nidar_ws/install/px4_msgs/share/px4_msgs/msg/AutotuneAttitudeControlStatus.idl\n'}
[6.413854] (px4_msgs) StdoutLine: {'line': b'-- Up-to-date: /home/subhalaxmi/nidar_ws/install/px4_msgs/share/px4_msgs/msg/AuxGlobalPosition.idl\n'}
[6.413960] (px4_msgs) StdoutLine: {'line': b'-- Up-to-date: /home/subhalaxmi/nidar_ws/install/px4_msgs/share/px4_msgs/msg/BatteryInfo.idl\n'}
[6.414066] (px4_msgs) StdoutLine: {'line': b'-- Up-to-date: /home/subhalaxmi/nidar_ws/install/px4_msgs/share/px4_msgs/msg/BatteryStatus.idl\n'}
[6.414237] (px4_msgs) StdoutLine: {'line': b'-- Up-to-date: /home/subhalaxmi/nidar_ws/install/px4_msgs/share/px4_msgs/msg/ButtonEvent.idl\n'}
[6.414343] (px4_msgs) StdoutLine: {'line': b'-- Up-to-date: /home/subhalaxmi/nidar_ws/install/px4_msgs/share/px4_msgs/msg/CameraCapture.idl\n'}
[6.414518] (px4_msgs) StdoutLine: {'line': b'-- Up-to-date: /home/subhalaxmi/nidar_ws/install/px4_msgs/share/px4_msgs/msg/CameraStatus.idl\n'}
[6.414624] (px4_msgs) StdoutLine: {'line': b'-- Up-to-date: /home/subhalaxmi/nidar_ws/install/px4_msgs/share/px4_msgs/msg/CameraTrigger.idl\n'}
[6.414722] (px4_msgs) StdoutLine: {'line': b'-- Up-to-date: /home/subhalaxmi/nidar_ws/install/px4_msgs/share/px4_msgs/msg/CanInterfaceStatus.idl\n'}
[6.414819] (px4_msgs) StdoutLine: {'line': b'-- Up-to-date: /home/subhalaxmi/nidar_ws/install/px4_msgs/share/px4_msgs/msg/CellularStatus.idl\n'}
[6.414915] (px4_msgs) StdoutLine: {'line': b'-- Up-to-date: /home/subhalaxmi/nidar_ws/install/px4_msgs/share/px4_msgs/msg/CollisionConstraints.idl\n'}
[6.415011] (px4_msgs) StdoutLine: {'line': b'-- Up-to-date: /home/subhalaxmi/nidar_ws/install/px4_msgs/share/px4_msgs/msg/ConfigOverrides.idl\n'}
[6.415145] (px4_msgs) StdoutLine: {'line': b'-- Up-to-date: /home/subhalaxmi/nidar_ws/install/px4_msgs/share/px4_msgs/msg/ControlAllocatorStatus.idl\n'}
[6.415270] (px4_msgs) StdoutLine: {'line': b'-- Up-to-date: /home/subhalaxmi/nidar_ws/install/px4_msgs/share/px4_msgs/msg/Cpuload.idl\n'}
[6.415378] (px4_msgs) StdoutLine: {'line': b'-- Up-to-date: /home/subhalaxmi/nidar_ws/install/px4_msgs/share/px4_msgs/msg/DatamanRequest.idl\n'}
[6.415486] (px4_msgs) StdoutLine: {'line': b'-- Up-to-date: /home/subhalaxmi/nidar_ws/install/px4_msgs/share/px4_msgs/msg/DatamanResponse.idl\n'}
[6.415643] (px4_msgs) StdoutLine: {'line': b'-- Up-to-date: /home/subhalaxmi/nidar_ws/install/px4_msgs/share/px4_msgs/msg/DebugArray.idl\n'}
[6.415742] (px4_msgs) StdoutLine: {'line': b'-- Up-to-date: /home/subhalaxmi/nidar_ws/install/px4_msgs/share/px4_msgs/msg/DebugKeyValue.idl\n'}
[6.415839] (px4_msgs) StdoutLine: {'line': b'-- Up-to-date: /home/subhalaxmi/nidar_ws/install/px4_msgs/share/px4_msgs/msg/DebugValue.idl\n'}
[6.415937] (px4_msgs) StdoutLine: {'line': b'-- Up-to-date: /home/subhalaxmi/nidar_ws/install/px4_msgs/share/px4_msgs/msg/DebugVect.idl\n'}
[6.416034] (px4_msgs) StdoutLine: {'line': b'-- Up-to-date: /home/subhalaxmi/nidar_ws/install/px4_msgs/share/px4_msgs/msg/DeviceInformation.idl\n'}
[6.416147] (px4_msgs) StdoutLine: {'line': b'-- Up-to-date: /home/subhalaxmi/nidar_ws/install/px4_msgs/share/px4_msgs/msg/DifferentialPressure.idl\n'}
[6.416268] (px4_msgs) StdoutLine: {'line': b'-- Up-to-date: /home/subhalaxmi/nidar_ws/install/px4_msgs/share/px4_msgs/msg/DistanceSensor.idl\n'}
[6.416386] (px4_msgs) StdoutLine: {'line': b'-- Up-to-date: /home/subhalaxmi/nidar_ws/install/px4_msgs/share/px4_msgs/msg/DistanceSensorModeChangeRequest.idl\n'}
[6.416495] (px4_msgs) StdoutLine: {'line': b'-- Up-to-date: /home/subhalaxmi/nidar_ws/install/px4_msgs/share/px4_msgs/msg/DronecanNodeStatus.idl\n'}
[6.416603] (px4_msgs) StdoutLine: {'line': b'-- Up-to-date: /home/subhalaxmi/nidar_ws/install/px4_msgs/share/px4_msgs/msg/Ekf2Timestamps.idl\n'}
[6.416709] (px4_msgs) StdoutLine: {'line': b'-- Up-to-date: /home/subhalaxmi/nidar_ws/install/px4_msgs/share/px4_msgs/msg/EscReport.idl\n'}
[6.416815] (px4_msgs) StdoutLine: {'line': b'-- Up-to-date: /home/subhalaxmi/nidar_ws/install/px4_msgs/share/px4_msgs/msg/EscStatus.idl\n'}
[6.416924] (px4_msgs) StdoutLine: {'line': b'-- Up-to-date: /home/subhalaxmi/nidar_ws/install/px4_msgs/share/px4_msgs/msg/EstimatorAidSource1d.idl\n'}
[6.417030] (px4_msgs) StdoutLine: {'line': b'-- Up-to-date: /home/subhalaxmi/nidar_ws/install/px4_msgs/share/px4_msgs/msg/EstimatorAidSource2d.idl\n'}
[6.417219] (px4_msgs) StdoutLine: {'line': b'-- Up-to-date: /home/subhalaxmi/nidar_ws/install/px4_msgs/share/px4_msgs/msg/EstimatorAidSource3d.idl\n'}
[6.417339] (px4_msgs) StdoutLine: {'line': b'-- Up-to-date: /home/subhalaxmi/nidar_ws/install/px4_msgs/share/px4_msgs/msg/EstimatorBias.idl\n'}
[6.417446] (px4_msgs) StdoutLine: {'line': b'-- Up-to-date: /home/subhalaxmi/nidar_ws/install/px4_msgs/share/px4_msgs/msg/EstimatorBias3d.idl\n'}
[6.417554] (px4_msgs) StdoutLine: {'line': b'-- Up-to-date: /home/subhalaxmi/nidar_ws/install/px4_msgs/share/px4_msgs/msg/EstimatorEventFlags.idl\n'}
[6.417663] (px4_msgs) StdoutLine: {'line': b'-- Up-to-date: /home/subhalaxmi/nidar_ws/install/px4_msgs/share/px4_msgs/msg/EstimatorGpsStatus.idl\n'}
[6.417771] (px4_msgs) StdoutLine: {'line': b'-- Up-to-date: /home/subhalaxmi/nidar_ws/install/px4_msgs/share/px4_msgs/msg/EstimatorInnovations.idl\n'}
[6.417879] (px4_msgs) StdoutLine: {'line': b'-- Up-to-date: /home/subhalaxmi/nidar_ws/install/px4_msgs/share/px4_msgs/msg/EstimatorSelectorStatus.idl\n'}
[6.417987] (px4_msgs) StdoutLine: {'line': b'-- Up-to-date: /home/subhalaxmi/nidar_ws/install/px4_msgs/share/px4_msgs/msg/EstimatorSensorBias.idl\n'}
[6.418093] (px4_msgs) StdoutLine: {'line': b'-- Up-to-date: /home/subhalaxmi/nidar_ws/install/px4_msgs/share/px4_msgs/msg/EstimatorStates.idl\n'}
[6.418231] (px4_msgs) StdoutLine: {'line': b'-- Up-to-date: /home/subhalaxmi/nidar_ws/install/px4_msgs/share/px4_msgs/msg/EstimatorStatus.idl\n'}
[6.418427] (px4_msgs) StdoutLine: {'line': b'-- Up-to-date: /home/subhalaxmi/nidar_ws/install/px4_msgs/share/px4_msgs/msg/EstimatorStatusFlags.idl\n'}
[6.418594] (px4_msgs) StdoutLine: {'line': b'-- Up-to-date: /home/subhalaxmi/nidar_ws/install/px4_msgs/share/px4_msgs/msg/Event.idl\n'}
[6.418732] (px4_msgs) StdoutLine: {'line': b'-- Up-to-date: /home/subhalaxmi/nidar_ws/install/px4_msgs/share/px4_msgs/msg/FailsafeFlags.idl\n'}
[6.418869] (px4_msgs) StdoutLine: {'line': b'-- Up-to-date: /home/subhalaxmi/nidar_ws/install/px4_msgs/share/px4_msgs/msg/FailureDetectorStatus.idl\n'}
[6.419076] (px4_msgs) StdoutLine: {'line': b'-- Up-to-date: /home/subhalaxmi/nidar_ws/install/px4_msgs/share/px4_msgs/msg/FigureEightStatus.idl\n'}
[6.419254] (px4_msgs) StdoutLine: {'line': b'-- Up-to-date: /home/subhalaxmi/nidar_ws/install/px4_msgs/share/px4_msgs/msg/FixedWingLateralGuidanceStatus.idl\n'}
[6.419360] (px4_msgs) StdoutLine: {'line': b'-- Up-to-date: /home/subhalaxmi/nidar_ws/install/px4_msgs/share/px4_msgs/msg/FixedWingLateralSetpoint.idl\n'}
[6.419459] (px4_msgs) StdoutLine: {'line': b'-- Up-to-date: /home/subhalaxmi/nidar_ws/install/px4_msgs/share/px4_msgs/msg/FixedWingLateralStatus.idl\n'}
[6.419558] (px4_msgs) StdoutLine: {'line': b'-- Up-to-date: /home/subhalaxmi/nidar_ws/install/px4_msgs/share/px4_msgs/msg/FixedWingLongitudinalSetpoint.idl\n'}
[6.419655] (px4_msgs) StdoutLine: {'line': b'-- Up-to-date: /home/subhalaxmi/nidar_ws/install/px4_msgs/share/px4_msgs/msg/FixedWingRunwayControl.idl\n'}
[6.419752] (px4_msgs) StdoutLine: {'line': b'-- Up-to-date: /home/subhalaxmi/nidar_ws/install/px4_msgs/share/px4_msgs/msg/FlightPhaseEstimation.idl\n'}
[6.419849] (px4_msgs) StdoutLine: {'line': b'-- Up-to-date: /home/subhalaxmi/nidar_ws/install/px4_msgs/share/px4_msgs/msg/FollowTarget.idl\n'}
[6.419946] (px4_msgs) StdoutLine: {'line': b'-- Up-to-date: /home/subhalaxmi/nidar_ws/install/px4_msgs/share/px4_msgs/msg/FollowTargetEstimator.idl\n'}
[6.420043] (px4_msgs) StdoutLine: {'line': b'-- Up-to-date: /home/subhalaxmi/nidar_ws/install/px4_msgs/share/px4_msgs/msg/FollowTargetStatus.idl\n'}
[6.420184] (px4_msgs) StdoutLine: {'line': b'-- Up-to-date: /home/subhalaxmi/nidar_ws/install/px4_msgs/share/px4_msgs/msg/FuelTankStatus.idl\n'}
[6.420383] (px4_msgs) StdoutLine: {'line': b'-- Up-to-date: /home/subhalaxmi/nidar_ws/install/px4_msgs/share/px4_msgs/msg/GainCompression.idl\n'}
[6.420488] (px4_msgs) StdoutLine: {'line': b'-- Up-to-date: /home/subhalaxmi/nidar_ws/install/px4_msgs/share/px4_msgs/msg/GeneratorStatus.idl\n'}
[6.420591] (px4_msgs) StdoutLine: {'line': b'-- Up-to-date: /home/subhalaxmi/nidar_ws/install/px4_msgs/share/px4_msgs/msg/GeofenceResult.idl\n'}
[6.420688] (px4_msgs) StdoutLine: {'line': b'-- Up-to-date: /home/subhalaxmi/nidar_ws/install/px4_msgs/share/px4_msgs/msg/GeofenceStatus.idl\n'}
[6.420785] (px4_msgs) StdoutLine: {'line': b'-- Up-to-date: /home/subhalaxmi/nidar_ws/install/px4_msgs/share/px4_msgs/msg/GimbalControls.idl\n'}
[6.420884] (px4_msgs) StdoutLine: {'line': b'-- Up-to-date: /home/subhalaxmi/nidar_ws/install/px4_msgs/share/px4_msgs/msg/GimbalDeviceAttitudeStatus.idl\n'}
[6.421036] (px4_msgs) StdoutLine: {'line': b'-- Up-to-date: /home/subhalaxmi/nidar_ws/install/px4_msgs/share/px4_msgs/msg/GimbalDeviceInformation.idl\n'}
[6.421235] (px4_msgs) StdoutLine: {'line': b'-- Up-to-date: /home/subhalaxmi/nidar_ws/install/px4_msgs/share/px4_msgs/msg/GimbalDeviceSetAttitude.idl\n'}
[6.421342] (px4_msgs) StdoutLine: {'line': b'-- Up-to-date: /home/subhalaxmi/nidar_ws/install/px4_msgs/share/px4_msgs/msg/GimbalManagerInformation.idl\n'}
[6.421441] (px4_msgs) StdoutLine: {'line': b'-- Up-to-date: /home/subhalaxmi/nidar_ws/install/px4_msgs/share/px4_msgs/msg/GimbalManagerSetAttitude.idl\n'}
[6.421539] (px4_msgs) StdoutLine: {'line': b'-- Up-to-date: /home/subhalaxmi/nidar_ws/install/px4_msgs/share/px4_msgs/msg/GimbalManagerSetManualControl.idl\n'}
[6.421636] (px4_msgs) StdoutLine: {'line': b'-- Up-to-date: /home/subhalaxmi/nidar_ws/install/px4_msgs/share/px4_msgs/msg/GimbalManagerStatus.idl\n'}
[6.421731] (px4_msgs) StdoutLine: {'line': b'-- Up-to-date: /home/subhalaxmi/nidar_ws/install/px4_msgs/share/px4_msgs/msg/GotoSetpoint.idl\n'}
[6.421828] (px4_msgs) StdoutLine: {'line': b'-- Up-to-date: /home/subhalaxmi/nidar_ws/install/px4_msgs/share/px4_msgs/msg/GpioConfig.idl\n'}
[6.421925] (px4_msgs) StdoutLine: {'line': b'-- Up-to-date: /home/subhalaxmi/nidar_ws/install/px4_msgs/share/px4_msgs/msg/GpioIn.idl\n'}
[6.422076] (-) TimerEvent: {}
[6.422335] (px4_msgs) StdoutLine: {'line': b'-- Up-to-date: /home/subhalaxmi/nidar_ws/install/px4_msgs/share/px4_msgs/msg/GpioOut.idl\n'}
[6.422527] (px4_msgs) StdoutLine: {'line': b'-- Up-to-date: /home/subhalaxmi/nidar_ws/install/px4_msgs/share/px4_msgs/msg/GpioRequest.idl\n'}
[6.422633] (px4_msgs) StdoutLine: {'line': b'-- Up-to-date: /home/subhalaxmi/nidar_ws/install/px4_msgs/share/px4_msgs/msg/GpsDump.idl\n'}
[6.422782] (px4_msgs) StdoutLine: {'line': b'-- Up-to-date: /home/subhalaxmi/nidar_ws/install/px4_msgs/share/px4_msgs/msg/GpsInjectData.idl\n'}
[6.422921] (px4_msgs) StdoutLine: {'line': b'-- Up-to-date: /home/subhalaxmi/nidar_ws/install/px4_msgs/share/px4_msgs/msg/Gripper.idl\n'}
[6.423062] (px4_msgs) StdoutLine: {'line': b'-- Up-to-date: /home/subhalaxmi/nidar_ws/install/px4_msgs/share/px4_msgs/msg/HealthReport.idl\n'}
[6.423256] (px4_msgs) StdoutLine: {'line': b'-- Up-to-date: /home/subhalaxmi/nidar_ws/install/px4_msgs/share/px4_msgs/msg/HeaterStatus.idl\n'}
[6.423365] (px4_msgs) StdoutLine: {'line': b'-- Up-to-date: /home/subhalaxmi/nidar_ws/install/px4_msgs/share/px4_msgs/msg/HomePosition.idl\n'}
[6.423464] (px4_msgs) StdoutLine: {'line': b'-- Up-to-date: /home/subhalaxmi/nidar_ws/install/px4_msgs/share/px4_msgs/msg/HoverThrustEstimate.idl\n'}
[6.423563] (px4_msgs) StdoutLine: {'line': b'-- Up-to-date: /home/subhalaxmi/nidar_ws/install/px4_msgs/share/px4_msgs/msg/InputRc.idl\n'}
[6.423662] (px4_msgs) StdoutLine: {'line': b'-- Up-to-date: /home/subhalaxmi/nidar_ws/install/px4_msgs/share/px4_msgs/msg/InternalCombustionEngineControl.idl\n'}
[6.423794] (px4_msgs) StdoutLine: {'line': b'-- Up-to-date: /home/subhalaxmi/nidar_ws/install/px4_msgs/share/px4_msgs/msg/InternalCombustionEngineStatus.idl\n'}
[6.423989] (px4_msgs) StdoutLine: {'line': b'-- Up-to-date: /home/subhalaxmi/nidar_ws/install/px4_msgs/share/px4_msgs/msg/IridiumsbdStatus.idl\n'}
[6.424096] (px4_msgs) StdoutLine: {'line': b'-- Up-to-date: /home/subhalaxmi/nidar_ws/install/px4_msgs/share/px4_msgs/msg/IrlockReport.idl\n'}
[6.424224] (px4_msgs) StdoutLine: {'line': b'-- Up-to-date: /home/subhalaxmi/nidar_ws/install/px4_msgs/share/px4_msgs/msg/LandingGear.idl\n'}
[6.424325] (px4_msgs) StdoutLine: {'line': b'-- Up-to-date: /home/subhalaxmi/nidar_ws/install/px4_msgs/share/px4_msgs/msg/LandingGearWheel.idl\n'}
[6.424424] (px4_msgs) StdoutLine: {'line': b'-- Up-to-date: /home/subhalaxmi/nidar_ws/install/px4_msgs/share/px4_msgs/msg/LandingTargetInnovations.idl\n'}
[6.424573] (px4_msgs) StdoutLine: {'line': b'-- Up-to-date: /home/subhalaxmi/nidar_ws/install/px4_msgs/share/px4_msgs/msg/LandingTargetPose.idl\n'}
[6.424712] (px4_msgs) StdoutLine: {'line': b'-- Up-to-date: /home/subhalaxmi/nidar_ws/install/px4_msgs/share/px4_msgs/msg/LateralControlConfiguration.idl\n'}
[6.424852] (px4_msgs) StdoutLine: {'line': b'-- Up-to-date: /home/subhalaxmi/nidar_ws/install/px4_msgs/share/px4_msgs/msg/LaunchDetectionStatus.idl\n'}
[6.424993] (px4_msgs) StdoutLine: {'line': b'-- Up-to-date: /home/subhalaxmi/nidar_ws/install/px4_msgs/share/px4_msgs/msg/LedControl.idl\n'}
[6.425146] (px4_msgs) StdoutLine: {'line': b'-- Up-to-date: /home/subhalaxmi/nidar_ws/install/px4_msgs/share/px4_msgs/msg/LogMessage.idl\n'}
[6.425370] (px4_msgs) StdoutLine: {'line': b'-- Up-to-date: /home/subhalaxmi/nidar_ws/install/px4_msgs/share/px4_msgs/msg/LoggerStatus.idl\n'}
[6.425474] (px4_msgs) StdoutLine: {'line': b'-- Up-to-date: /home/subhalaxmi/nidar_ws/install/px4_msgs/share/px4_msgs/msg/LongitudinalControlConfiguration.idl\n'}
[6.425575] (px4_msgs) StdoutLine: {'line': b'-- Up-to-date: /home/subhalaxmi/nidar_ws/install/px4_msgs/share/px4_msgs/msg/MagWorkerData.idl\n'}
[6.425694] (px4_msgs) StdoutLine: {'line': b'-- Up-to-date: /home/subhalaxmi/nidar_ws/install/px4_msgs/share/px4_msgs/msg/MagnetometerBiasEstimate.idl\n'}
[6.425797] (px4_msgs) StdoutLine: {'line': b'-- Up-to-date: /home/subhalaxmi/nidar_ws/install/px4_msgs/share/px4_msgs/msg/ManualControlSetpoint.idl\n'}
[6.425951] (px4_msgs) StdoutLine: {'line': b'-- Up-to-date: /home/subhalaxmi/nidar_ws/install/px4_msgs/share/px4_msgs/msg/ManualControlSwitches.idl\n'}
[6.426090] (px4_msgs) StdoutLine: {'line': b'-- Up-to-date: /home/subhalaxmi/nidar_ws/install/px4_msgs/share/px4_msgs/msg/MavlinkLog.idl\n'}
[6.426275] (px4_msgs) StdoutLine: {'line': b'-- Up-to-date: /home/subhalaxmi/nidar_ws/install/px4_msgs/share/px4_msgs/msg/MavlinkTunnel.idl\n'}
[6.426378] (px4_msgs) StdoutLine: {'line': b'-- Up-to-date: /home/subhalaxmi/nidar_ws/install/px4_msgs/share/px4_msgs/msg/MessageFormatRequest.idl\n'}
[6.426478] (px4_msgs) StdoutLine: {'line': b'-- Up-to-date: /home/subhalaxmi/nidar_ws/install/px4_msgs/share/px4_msgs/msg/MessageFormatResponse.idl\n'}
[6.426629] (px4_msgs) StdoutLine: {'line': b'-- Up-to-date: /home/subhalaxmi/nidar_ws/install/px4_msgs/share/px4_msgs/msg/Mission.idl\n'}
[6.426770] (px4_msgs) StdoutLine: {'line': b'-- Up-to-date: /home/subhalaxmi/nidar_ws/install/px4_msgs/share/px4_msgs/msg/MissionResult.idl\n'}
[6.426907] (px4_msgs) StdoutLine: {'line': b'-- Up-to-date: /home/subhalaxmi/nidar_ws/install/px4_msgs/share/px4_msgs/msg/ModeCompleted.idl\n'}
[6.427043] (px4_msgs) StdoutLine: {'line': b'-- Up-to-date: /home/subhalaxmi/nidar_ws/install/px4_msgs/share/px4_msgs/msg/MountOrientation.idl\n'}
[6.427245] (px4_msgs) StdoutLine: {'line': b'-- Up-to-date: /home/subhalaxmi/nidar_ws/install/px4_msgs/share/px4_msgs/msg/NavigatorMissionItem.idl\n'}
[6.427410] (px4_msgs) StdoutLine: {'line': b'-- Up-to-date: /home/subhalaxmi/nidar_ws/install/px4_msgs/share/px4_msgs/msg/NavigatorStatus.idl\n'}
[6.427512] (px4_msgs) StdoutLine: {'line': b'-- Up-to-date: /home/subhalaxmi/nidar_ws/install/px4_msgs/share/px4_msgs/msg/NeuralControl.idl\n'}
[6.427610] (px4_msgs) StdoutLine: {'line': b'-- Up-to-date: /home/subhalaxmi/nidar_ws/install/px4_msgs/share/px4_msgs/msg/NormalizedUnsignedSetpoint.idl\n'}
[6.427708] (px4_msgs) StdoutLine: {'line': b'-- Up-to-date: /home/subhalaxmi/nidar_ws/install/px4_msgs/share/px4_msgs/msg/ObstacleDistance.idl\n'}
[6.427806] (px4_msgs) StdoutLine: {'line': b'-- Up-to-date: /home/subhalaxmi/nidar_ws/install/px4_msgs/share/px4_msgs/msg/OffboardControlMode.idl\n'}
[6.427903] (px4_msgs) StdoutLine: {'line': b'-- Up-to-date: /home/subhalaxmi/nidar_ws/install/px4_msgs/share/px4_msgs/msg/OnboardComputerStatus.idl\n'}
[6.428002] (px4_msgs) StdoutLine: {'line': b'-- Up-to-date: /home/subhalaxmi/nidar_ws/install/px4_msgs/share/px4_msgs/msg/OpenDroneIdArmStatus.idl\n'}
[6.428100] (px4_msgs) StdoutLine: {'line': b'-- Up-to-date: /home/subhalaxmi/nidar_ws/install/px4_msgs/share/px4_msgs/msg/OpenDroneIdOperatorId.idl\n'}
[6.428228] (px4_msgs) StdoutLine: {'line': b'-- Up-to-date: /home/subhalaxmi/nidar_ws/install/px4_msgs/share/px4_msgs/msg/OpenDroneIdSelfId.idl\n'}
[6.428392] (px4_msgs) StdoutLine: {'line': b'-- Up-to-date: /home/subhalaxmi/nidar_ws/install/px4_msgs/share/px4_msgs/msg/OpenDroneIdSystem.idl\n'}
[6.428535] (px4_msgs) StdoutLine: {'line': b'-- Up-to-date: /home/subhalaxmi/nidar_ws/install/px4_msgs/share/px4_msgs/msg/OrbTest.idl\n'}
[6.428674] (px4_msgs) StdoutLine: {'line': b'-- Up-to-date: /home/subhalaxmi/nidar_ws/install/px4_msgs/share/px4_msgs/msg/OrbTestLarge.idl\n'}
[6.428809] (px4_msgs) StdoutLine: {'line': b'-- Up-to-date: /home/subhalaxmi/nidar_ws/install/px4_msgs/share/px4_msgs/msg/OrbTestMedium.idl\n'}
[6.429003] (px4_msgs) StdoutLine: {'line': b'-- Up-to-date: /home/subhalaxmi/nidar_ws/install/px4_msgs/share/px4_msgs/msg/OrbitStatus.idl\n'}
[6.429191] (px4_msgs) StdoutLine: {'line': b'-- Up-to-date: /home/subhalaxmi/nidar_ws/install/px4_msgs/share/px4_msgs/msg/ParameterResetRequest.idl\n'}
[6.429311] (px4_msgs) StdoutLine: {'line': b'-- Up-to-date: /home/subhalaxmi/nidar_ws/install/px4_msgs/share/px4_msgs/msg/ParameterSetUsedRequest.idl\n'}
[6.429413] (px4_msgs) StdoutLine: {'line': b'-- Up-to-date: /home/subhalaxmi/nidar_ws/install/px4_msgs/share/px4_msgs/msg/ParameterSetValueRequest.idl\n'}
[6.429555] (px4_msgs) StdoutLine: {'line': b'-- Up-to-date: /home/subhalaxmi/nidar_ws/install/px4_msgs/share/px4_msgs/msg/ParameterSetValueResponse.idl\n'}
[6.429738] (px4_msgs) StdoutLine: {'line': b'-- Up-to-date: /home/subhalaxmi/nidar_ws/install/px4_msgs/share/px4_msgs/msg/ParameterUpdate.idl\n'}
[6.429944] (px4_msgs) StdoutLine: {'line': b'-- Up-to-date: /home/subhalaxmi/nidar_ws/install/px4_msgs/share/px4_msgs/msg/Ping.idl\n'}
[6.430174] (px4_msgs) StdoutLine: {'line': b'-- Up-to-date: /home/subhalaxmi/nidar_ws/install/px4_msgs/share/px4_msgs/msg/PositionControllerLandingStatus.idl\n'}
[6.430428] (px4_msgs) StdoutLine: {'line': b'-- Up-to-date: /home/subhalaxmi/nidar_ws/install/px4_msgs/share/px4_msgs/msg/PositionControllerStatus.idl\n'}
[6.430624] (px4_msgs) StdoutLine: {'line': b'-- Up-to-date: /home/subhalaxmi/nidar_ws/install/px4_msgs/share/px4_msgs/msg/PositionSetpoint.idl\n'}
[6.430810] (px4_msgs) StdoutLine: {'line': b'-- Up-to-date: /home/subhalaxmi/nidar_ws/install/px4_msgs/share/px4_msgs/msg/PositionSetpointTriplet.idl\n'}
[6.430950] (px4_msgs) StdoutLine: {'line': b'-- Up-to-date: /home/subhalaxmi/nidar_ws/install/px4_msgs/share/px4_msgs/msg/PowerButtonState.idl\n'}
[6.431087] (px4_msgs) StdoutLine: {'line': b'-- Up-to-date: /home/subhalaxmi/nidar_ws/install/px4_msgs/share/px4_msgs/msg/PowerMonitor.idl\n'}
[6.431315] (px4_msgs) StdoutLine: {'line': b'-- Up-to-date: /home/subhalaxmi/nidar_ws/install/px4_msgs/share/px4_msgs/msg/PpsCapture.idl\n'}
[6.431421] (px4_msgs) StdoutLine: {'line': b'-- Up-to-date: /home/subhalaxmi/nidar_ws/install/px4_msgs/share/px4_msgs/msg/PurePursuitStatus.idl\n'}
[6.431519] (px4_msgs) StdoutLine: {'line': b'-- Up-to-date: /home/subhalaxmi/nidar_ws/install/px4_msgs/share/px4_msgs/msg/PwmInput.idl\n'}
[6.431616] (px4_msgs) StdoutLine: {'line': b'-- Up-to-date: /home/subhalaxmi/nidar_ws/install/px4_msgs/share/px4_msgs/msg/Px4ioStatus.idl\n'}
[6.431733] (px4_msgs) StdoutLine: {'line': b'-- Up-to-date: /home/subhalaxmi/nidar_ws/install/px4_msgs/share/px4_msgs/msg/QshellReq.idl\n'}
[6.431831] (px4_msgs) StdoutLine: {'line': b'-- Up-to-date: /home/subhalaxmi/nidar_ws/install/px4_msgs/share/px4_msgs/msg/QshellRetval.idl\n'}
[6.431976] (px4_msgs) StdoutLine: {'line': b'-- Up-to-date: /home/subhalaxmi/nidar_ws/install/px4_msgs/share/px4_msgs/msg/RadioStatus.idl\n'}
[6.432135] (px4_msgs) StdoutLine: {'line': b'-- Up-to-date: /home/subhalaxmi/nidar_ws/install/px4_msgs/share/px4_msgs/msg/RaptorInput.idl\n'}
[6.432305] (px4_msgs) StdoutLine: {'line': b'-- Up-to-date: /home/subhalaxmi/nidar_ws/install/px4_msgs/share/px4_msgs/msg/RaptorStatus.idl\n'}
[6.432407] (px4_msgs) StdoutLine: {'line': b'-- Up-to-date: /home/subhalaxmi/nidar_ws/install/px4_msgs/share/px4_msgs/msg/RateCtrlStatus.idl\n'}
[6.432506] (px4_msgs) StdoutLine: {'line': b'-- Up-to-date: /home/subhalaxmi/nidar_ws/install/px4_msgs/share/px4_msgs/msg/RcChannels.idl\n'}
[6.432618] (px4_msgs) StdoutLine: {'line': b'-- Up-to-date: /home/subhalaxmi/nidar_ws/install/px4_msgs/share/px4_msgs/msg/RcParameterMap.idl\n'}
[6.432767] (px4_msgs) StdoutLine: {'line': b'-- Up-to-date: /home/subhalaxmi/nidar_ws/install/px4_msgs/share/px4_msgs/msg/RegisterExtComponentReply.idl\n'}
[6.432946] (px4_msgs) StdoutLine: {'line': b'-- Up-to-date: /home/subhalaxmi/nidar_ws/install/px4_msgs/share/px4_msgs/msg/RegisterExtComponentRequest.idl\n'}
[6.433114] (px4_msgs) StdoutLine: {'line': b'-- Up-to-date: /home/subhalaxmi/nidar_ws/install/px4_msgs/share/px4_msgs/msg/RoverAttitudeSetpoint.idl\n'}
[6.433247] (px4_msgs) StdoutLine: {'line': b'-- Up-to-date: /home/subhalaxmi/nidar_ws/install/px4_msgs/share/px4_msgs/msg/RoverAttitudeStatus.idl\n'}
[6.433346] (px4_msgs) StdoutLine: {'line': b'-- Up-to-date: /home/subhalaxmi/nidar_ws/install/px4_msgs/share/px4_msgs/msg/RoverPositionSetpoint.idl\n'}
[6.433444] (px4_msgs) StdoutLine: {'line': b'-- Up-to-date: /home/subhalaxmi/nidar_ws/install/px4_msgs/share/px4_msgs/msg/RoverRateSetpoint.idl\n'}
[6.433542] (px4_msgs) StdoutLine: {'line': b'-- Up-to-date: /home/subhalaxmi/nidar_ws/install/px4_msgs/share/px4_msgs/msg/RoverRateStatus.idl\n'}
[6.433644] (px4_msgs) StdoutLine: {'line': b'-- Up-to-date: /home/subhalaxmi/nidar_ws/install/px4_msgs/share/px4_msgs/msg/RoverSpeedSetpoint.idl\n'}
[6.433791] (px4_msgs) StdoutLine: {'line': b'-- Up-to-date: /home/subhalaxmi/nidar_ws/install/px4_msgs/share/px4_msgs/msg/RoverSpeedStatus.idl\n'}
[6.433961] (px4_msgs) StdoutLine: {'line': b'-- Up-to-date: /home/subhalaxmi/nidar_ws/install/px4_msgs/share/px4_msgs/msg/RoverSteeringSetpoint.idl\n'}
[6.434062] (px4_msgs) StdoutLine: {'line': b'-- Up-to-date: /home/subhalaxmi/nidar_ws/install/px4_msgs/share/px4_msgs/msg/RoverThrottleSetpoint.idl\n'}
[6.434187] (px4_msgs) StdoutLine: {'line': b'-- Up-to-date: /home/subhalaxmi/nidar_ws/install/px4_msgs/share/px4_msgs/msg/Rpm.idl\n'}
[6.434293] (px4_msgs) StdoutLine: {'line': b'-- Up-to-date: /home/subhalaxmi/nidar_ws/install/px4_msgs/share/px4_msgs/msg/RtlStatus.idl\n'}
[6.434461] (px4_msgs) StdoutLine: {'line': b'-- Up-to-date: /home/subhalaxmi/nidar_ws/install/px4_msgs/share/px4_msgs/msg/RtlTimeEstimate.idl\n'}
[6.434566] (px4_msgs) StdoutLine: {'line': b'-- Up-to-date: /home/subhalaxmi/nidar_ws/install/px4_msgs/share/px4_msgs/msg/SatelliteInfo.idl\n'}
[6.434691] (px4_msgs) StdoutLine: {'line': b'-- Up-to-date: /home/subhalaxmi/nidar_ws/install/px4_msgs/share/px4_msgs/msg/SensorAccel.idl\n'}
[6.434854] (px4_msgs) StdoutLine: {'line': b'-- Up-to-date: /home/subhalaxmi/nidar_ws/install/px4_msgs/share/px4_msgs/msg/SensorAccelFifo.idl\n'}
[6.435020] (px4_msgs) StdoutLine: {'line': b'-- Up-to-date: /home/subhalaxmi/nidar_ws/install/px4_msgs/share/px4_msgs/msg/SensorAirflow.idl\n'}
[6.435232] (px4_msgs) StdoutLine: {'line': b'-- Up-to-date: /home/subhalaxmi/nidar_ws/install/px4_msgs/share/px4_msgs/msg/SensorBaro.idl\n'}
[6.435427] (px4_msgs) StdoutLine: {'line': b'-- Up-to-date: /home/subhalaxmi/nidar_ws/install/px4_msgs/share/px4_msgs/msg/SensorCombined.idl\n'}
[6.435632] (px4_msgs) StdoutLine: {'line': b'-- Up-to-date: /home/subhalaxmi/nidar_ws/install/px4_msgs/share/px4_msgs/msg/SensorCorrection.idl\n'}
[6.435819] (px4_msgs) StdoutLine: {'line': b'-- Up-to-date: /home/subhalaxmi/nidar_ws/install/px4_msgs/share/px4_msgs/msg/SensorGnssRelative.idl\n'}
[6.436011] (px4_msgs) StdoutLine: {'line': b'-- Up-to-date: /home/subhalaxmi/nidar_ws/install/px4_msgs/share/px4_msgs/msg/SensorGnssStatus.idl\n'}
[6.436307] (px4_msgs) StdoutLine: {'line': b'-- Up-to-date: /home/subhalaxmi/nidar_ws/install/px4_msgs/share/px4_msgs/msg/SensorGps.idl\n'}
[6.436511] (px4_msgs) StdoutLine: {'line': b'-- Up-to-date: /home/subhalaxmi/nidar_ws/install/px4_msgs/share/px4_msgs/msg/SensorGyro.idl\n'}
[6.436628] (px4_msgs) StdoutLine: {'line': b'-- Up-to-date: /home/subhalaxmi/nidar_ws/install/px4_msgs/share/px4_msgs/msg/SensorGyroFft.idl\n'}
[6.436737] (px4_msgs) StdoutLine: {'line': b'-- Up-to-date: /home/subhalaxmi/nidar_ws/install/px4_msgs/share/px4_msgs/msg/SensorGyroFifo.idl\n'}
[6.436844] (px4_msgs) StdoutLine: {'line': b'-- Up-to-date: /home/subhalaxmi/nidar_ws/install/px4_msgs/share/px4_msgs/msg/SensorHygrometer.idl\n'}
[6.436951] (px4_msgs) StdoutLine: {'line': b'-- Up-to-date: /home/subhalaxmi/nidar_ws/install/px4_msgs/share/px4_msgs/msg/SensorMag.idl\n'}
[6.437057] (px4_msgs) StdoutLine: {'line': b'-- Up-to-date: /home/subhalaxmi/nidar_ws/install/px4_msgs/share/px4_msgs/msg/SensorOpticalFlow.idl\n'}
[6.437289] (px4_msgs) StdoutLine: {'line': b'-- Up-to-date: /home/subhalaxmi/nidar_ws/install/px4_msgs/share/px4_msgs/msg/SensorPreflightMag.idl\n'}
[6.437396] (px4_msgs) StdoutLine: {'line': b'-- Up-to-date: /home/subhalaxmi/nidar_ws/install/px4_msgs/share/px4_msgs/msg/SensorSelection.idl\n'}
[6.437495] (px4_msgs) StdoutLine: {'line': b'-- Up-to-date: /home/subhalaxmi/nidar_ws/install/px4_msgs/share/px4_msgs/msg/SensorTemp.idl\n'}
[6.437610] (px4_msgs) StdoutLine: {'line': b'-- Up-to-date: /home/subhalaxmi/nidar_ws/install/px4_msgs/share/px4_msgs/msg/SensorUwb.idl\n'}
[6.437817] (px4_msgs) StdoutLine: {'line': b'-- Up-to-date: /home/subhalaxmi/nidar_ws/install/px4_msgs/share/px4_msgs/msg/SensorsStatus.idl\n'}
[6.437922] (px4_msgs) StdoutLine: {'line': b'-- Up-to-date: /home/subhalaxmi/nidar_ws/install/px4_msgs/share/px4_msgs/msg/SensorsStatusImu.idl\n'}
[6.438036] (px4_msgs) StdoutLine: {'line': b'-- Up-to-date: /home/subhalaxmi/nidar_ws/install/px4_msgs/share/px4_msgs/msg/SystemPower.idl\n'}
[6.438234] (px4_msgs) StdoutLine: {'line': b'-- Up-to-date: /home/subhalaxmi/nidar_ws/install/px4_msgs/share/px4_msgs/msg/TakeoffStatus.idl\n'}
[6.438444] (px4_msgs) StdoutLine: {'line': b'-- Up-to-date: /home/subhalaxmi/nidar_ws/install/px4_msgs/share/px4_msgs/msg/TaskStackInfo.idl\n'}
[6.438549] (px4_msgs) StdoutLine: {'line': b'-- Up-to-date: /home/subhalaxmi/nidar_ws/install/px4_msgs/share/px4_msgs/msg/TecsStatus.idl\n'}
[6.438648] (px4_msgs) StdoutLine: {'line': b'-- Up-to-date: /home/subhalaxmi/nidar_ws/install/px4_msgs/share/px4_msgs/msg/TelemetryStatus.idl\n'}
[6.438747] (px4_msgs) StdoutLine: {'line': b'-- Up-to-date: /home/subhalaxmi/nidar_ws/install/px4_msgs/share/px4_msgs/msg/TiltrotorExtraControls.idl\n'}
[6.438846] (px4_msgs) StdoutLine: {'line': b'-- Up-to-date: /home/subhalaxmi/nidar_ws/install/px4_msgs/share/px4_msgs/msg/TimesyncStatus.idl\n'}
[6.438944] (px4_msgs) StdoutLine: {'line': b'-- Up-to-date: /home/subhalaxmi/nidar_ws/install/px4_msgs/share/px4_msgs/msg/TrajectorySetpoint.idl\n'}
[6.439041] (px4_msgs) StdoutLine: {'line': b'-- Up-to-date: /home/subhalaxmi/nidar_ws/install/px4_msgs/share/px4_msgs/msg/TrajectorySetpoint6dof.idl\n'}
[6.439176] (px4_msgs) StdoutLine: {'line': b'-- Up-to-date: /home/subhalaxmi/nidar_ws/install/px4_msgs/share/px4_msgs/msg/TransponderReport.idl\n'}
[6.439324] (px4_msgs) StdoutLine: {'line': b'-- Up-to-date: /home/subhalaxmi/nidar_ws/install/px4_msgs/share/px4_msgs/msg/TuneControl.idl\n'}
[6.439436] (px4_msgs) StdoutLine: {'line': b'-- Up-to-date: /home/subhalaxmi/nidar_ws/install/px4_msgs/share/px4_msgs/msg/UavcanParameterRequest.idl\n'}
[6.439597] (px4_msgs) StdoutLine: {'line': b'-- Up-to-date: /home/subhalaxmi/nidar_ws/install/px4_msgs/share/px4_msgs/msg/UavcanParameterValue.idl\n'}
[6.439736] (px4_msgs) StdoutLine: {'line': b'-- Up-to-date: /home/subhalaxmi/nidar_ws/install/px4_msgs/share/px4_msgs/msg/UlogStream.idl\n'}
[6.439873] (px4_msgs) StdoutLine: {'line': b'-- Up-to-date: /home/subhalaxmi/nidar_ws/install/px4_msgs/share/px4_msgs/msg/UlogStreamAck.idl\n'}
[6.440009] (px4_msgs) StdoutLine: {'line': b'-- Up-to-date: /home/subhalaxmi/nidar_ws/install/px4_msgs/share/px4_msgs/msg/UnregisterExtComponent.idl\n'}
[6.440230] (px4_msgs) StdoutLine: {'line': b'-- Up-to-date: /home/subhalaxmi/nidar_ws/install/px4_msgs/share/px4_msgs/msg/VehicleAcceleration.idl\n'}
[6.440352] (px4_msgs) StdoutLine: {'line': b'-- Up-to-date: /home/subhalaxmi/nidar_ws/install/px4_msgs/share/px4_msgs/msg/VehicleAirData.idl\n'}
[6.440452] (px4_msgs) StdoutLine: {'line': b'-- Up-to-date: /home/subhalaxmi/nidar_ws/install/px4_msgs/share/px4_msgs/msg/VehicleAngularAccelerationSetpoint.idl\n'}
[6.440551] (px4_msgs) StdoutLine: {'line': b'-- Up-to-date: /home/subhalaxmi/nidar_ws/install/px4_msgs/share/px4_msgs/msg/VehicleAngularVelocity.idl\n'}
[6.440647] (px4_msgs) StdoutLine: {'line': b'-- Up-to-date: /home/subhalaxmi/nidar_ws/install/px4_msgs/share/px4_msgs/msg/VehicleAttitude.idl\n'}
[6.440744] (px4_msgs) StdoutLine: {'line': b'-- Up-to-date: /home/subhalaxmi/nidar_ws/install/px4_msgs/share/px4_msgs/msg/VehicleAttitudeSetpoint.idl\n'}
[6.440841] (px4_msgs) StdoutLine: {'line': b'-- Up-to-date: /home/subhalaxmi/nidar_ws/install/px4_msgs/share/px4_msgs/msg/VehicleCommand.idl\n'}
[6.440937] (px4_msgs) StdoutLine: {'line': b'-- Up-to-date: /home/subhalaxmi/nidar_ws/install/px4_msgs/share/px4_msgs/msg/VehicleCommandAck.idl\n'}
[6.441033] (px4_msgs) StdoutLine: {'line': b'-- Up-to-date: /home/subhalaxmi/nidar_ws/install/px4_msgs/share/px4_msgs/msg/VehicleConstraints.idl\n'}
[6.441153] (px4_msgs) StdoutLine: {'line': b'-- Up-to-date: /home/subhalaxmi/nidar_ws/install/px4_msgs/share/px4_msgs/msg/VehicleControlMode.idl\n'}
[6.441333] (px4_msgs) StdoutLine: {'line': b'-- Up-to-date: /home/subhalaxmi/nidar_ws/install/px4_msgs/share/px4_msgs/msg/VehicleGlobalPosition.idl\n'}
[6.441439] (px4_msgs) StdoutLine: {'line': b'-- Up-to-date: /home/subhalaxmi/nidar_ws/install/px4_msgs/share/px4_msgs/msg/VehicleImu.idl\n'}
[6.441566] (px4_msgs) StdoutLine: {'line': b'-- Up-to-date: /home/subhalaxmi/nidar_ws/install/px4_msgs/share/px4_msgs/msg/VehicleImuStatus.idl\n'}
[6.441699] (px4_msgs) StdoutLine: {'line': b'-- Up-to-date: /home/subhalaxmi/nidar_ws/install/px4_msgs/share/px4_msgs/msg/VehicleLandDetected.idl\n'}
[6.441806] (px4_msgs) StdoutLine: {'line': b'-- Up-to-date: /home/subhalaxmi/nidar_ws/install/px4_msgs/share/px4_msgs/msg/VehicleLocalPosition.idl\n'}
[6.441904] (px4_msgs) StdoutLine: {'line': b'-- Up-to-date: /home/subhalaxmi/nidar_ws/install/px4_msgs/share/px4_msgs/msg/VehicleLocalPositionSetpoint.idl\n'}
[6.442053] (px4_msgs) StdoutLine: {'line': b'-- Up-to-date: /home/subhalaxmi/nidar_ws/install/px4_msgs/share/px4_msgs/msg/VehicleMagnetometer.idl\n'}
[6.442183] (px4_msgs) StdoutLine: {'line': b'-- Up-to-date: /home/subhalaxmi/nidar_ws/install/px4_msgs/share/px4_msgs/msg/VehicleOdometry.idl\n'}
[6.442292] (px4_msgs) StdoutLine: {'line': b'-- Up-to-date: /home/subhalaxmi/nidar_ws/install/px4_msgs/share/px4_msgs/msg/VehicleOpticalFlow.idl\n'}
[6.442389] (px4_msgs) StdoutLine: {'line': b'-- Up-to-date: /home/subhalaxmi/nidar_ws/install/px4_msgs/share/px4_msgs/msg/VehicleOpticalFlowVel.idl\n'}
[6.442490] (px4_msgs) StdoutLine: {'line': b'-- Up-to-date: /home/subhalaxmi/nidar_ws/install/px4_msgs/share/px4_msgs/msg/VehicleRatesSetpoint.idl\n'}
[6.442589] (px4_msgs) StdoutLine: {'line': b'-- Up-to-date: /home/subhalaxmi/nidar_ws/install/px4_msgs/share/px4_msgs/msg/VehicleRoi.idl\n'}
[6.442688] (px4_msgs) StdoutLine: {'line': b'-- Up-to-date: /home/subhalaxmi/nidar_ws/install/px4_msgs/share/px4_msgs/msg/VehicleStatus.idl\n'}
[6.442810] (px4_msgs) StdoutLine: {'line': b'-- Up-to-date: /home/subhalaxmi/nidar_ws/install/px4_msgs/share/px4_msgs/msg/VehicleThrustSetpoint.idl\n'}
[6.442909] (px4_msgs) StdoutLine: {'line': b'-- Up-to-date: /home/subhalaxmi/nidar_ws/install/px4_msgs/share/px4_msgs/msg/VehicleTorqueSetpoint.idl\n'}
[6.443007] (px4_msgs) StdoutLine: {'line': b'-- Up-to-date: /home/subhalaxmi/nidar_ws/install/px4_msgs/share/px4_msgs/msg/VelocityLimits.idl\n'}
[6.443201] (px4_msgs) StdoutLine: {'line': b'-- Up-to-date: /home/subhalaxmi/nidar_ws/install/px4_msgs/share/px4_msgs/msg/VtolVehicleStatus.idl\n'}
[6.443318] (px4_msgs) StdoutLine: {'line': b'-- Up-to-date: /home/subhalaxmi/nidar_ws/install/px4_msgs/share/px4_msgs/msg/Vtx.idl\n'}
[6.443416] (px4_msgs) StdoutLine: {'line': b'-- Up-to-date: /home/subhalaxmi/nidar_ws/install/px4_msgs/share/px4_msgs/msg/WheelEncoders.idl\n'}
[6.443513] (px4_msgs) StdoutLine: {'line': b'-- Up-to-date: /home/subhalaxmi/nidar_ws/install/px4_msgs/share/px4_msgs/msg/Wind.idl\n'}
[6.443610] (px4_msgs) StdoutLine: {'line': b'-- Up-to-date: /home/subhalaxmi/nidar_ws/install/px4_msgs/share/px4_msgs/msg/YawEstimatorStatus.idl\n'}
[6.443707] (px4_msgs) StdoutLine: {'line': b'-- Up-to-date: /home/subhalaxmi/nidar_ws/install/px4_msgs/share/px4_msgs/srv/VehicleCommand.idl\n'}
[6.443820] (px4_msgs) StdoutLine: {'line': b'-- Up-to-date: /home/subhalaxmi/nidar_ws/install/px4_msgs/share/px4_msgs/msg/ActionRequest.msg\n'}
[6.443968] (px4_msgs) StdoutLine: {'line': b'-- Up-to-date: /home/subhalaxmi/nidar_ws/install/px4_msgs/share/px4_msgs/msg/ActuatorArmed.msg\n'}
[6.444109] (px4_msgs) StdoutLine: {'line': b'-- Up-to-date: /home/subhalaxmi/nidar_ws/install/px4_msgs/share/px4_msgs/msg/ActuatorControlsStatus.msg\n'}
[6.444291] (px4_msgs) StdoutLine: {'line': b'-- Up-to-date: /home/subhalaxmi/nidar_ws/install/px4_msgs/share/px4_msgs/msg/ActuatorMotors.msg\n'}
[6.444391] (px4_msgs) StdoutLine: {'line': b'-- Up-to-date: /home/subhalaxmi/nidar_ws/install/px4_msgs/share/px4_msgs/msg/ActuatorOutputs.msg\n'}
[6.444490] (px4_msgs) StdoutLine: {'line': b'-- Up-to-date: /home/subhalaxmi/nidar_ws/install/px4_msgs/share/px4_msgs/msg/ActuatorServos.msg\n'}
[6.444600] (px4_msgs) StdoutLine: {'line': b'-- Up-to-date: /home/subhalaxmi/nidar_ws/install/px4_msgs/share/px4_msgs/msg/ActuatorServosTrim.msg\n'}
[6.444699] (px4_msgs) StdoutLine: {'line': b'-- Up-to-date: /home/subhalaxmi/nidar_ws/install/px4_msgs/share/px4_msgs/msg/ActuatorTest.msg\n'}
[6.444798] (px4_msgs) StdoutLine: {'line': b'-- Up-to-date: /home/subhalaxmi/nidar_ws/install/px4_msgs/share/px4_msgs/msg/AdcReport.msg\n'}
[6.444929] (px4_msgs) StdoutLine: {'line': b'-- Up-to-date: /home/subhalaxmi/nidar_ws/install/px4_msgs/share/px4_msgs/msg/Airspeed.msg\n'}
[6.445072] (px4_msgs) StdoutLine: {'line': b'-- Up-to-date: /home/subhalaxmi/nidar_ws/install/px4_msgs/share/px4_msgs/msg/AirspeedValidated.msg\n'}
[6.445273] (px4_msgs) StdoutLine: {'line': b'-- Up-to-date: /home/subhalaxmi/nidar_ws/install/px4_msgs/share/px4_msgs/msg/AirspeedWind.msg\n'}
[6.445379] (px4_msgs) StdoutLine: {'line': b'-- Up-to-date: /home/subhalaxmi/nidar_ws/install/px4_msgs/share/px4_msgs/msg/ArmingCheckReply.msg\n'}
[6.445476] (px4_msgs) StdoutLine: {'line': b'-- Up-to-date: /home/subhalaxmi/nidar_ws/install/px4_msgs/share/px4_msgs/msg/ArmingCheckRequest.msg\n'}
[6.445573] (px4_msgs) StdoutLine: {'line': b'-- Up-to-date: /home/subhalaxmi/nidar_ws/install/px4_msgs/share/px4_msgs/msg/AutotuneAttitudeControlStatus.msg\n'}
[6.445714] (px4_msgs) StdoutLine: {'line': b'-- Up-to-date: /home/subhalaxmi/nidar_ws/install/px4_msgs/share/px4_msgs/msg/AuxGlobalPosition.msg\n'}
[6.445855] (px4_msgs) StdoutLine: {'line': b'-- Up-to-date: /home/subhalaxmi/nidar_ws/install/px4_msgs/share/px4_msgs/msg/BatteryInfo.msg\n'}
[6.445989] (px4_msgs) StdoutLine: {'line': b'-- Up-to-date: /home/subhalaxmi/nidar_ws/install/px4_msgs/share/px4_msgs/msg/BatteryStatus.msg\n'}
[6.446142] (px4_msgs) StdoutLine: {'line': b'-- Up-to-date: /home/subhalaxmi/nidar_ws/install/px4_msgs/share/px4_msgs/msg/ButtonEvent.msg\n'}
[6.446330] (px4_msgs) StdoutLine: {'line': b'-- Up-to-date: /home/subhalaxmi/nidar_ws/install/px4_msgs/share/px4_msgs/msg/CameraCapture.msg\n'}
[6.446475] (px4_msgs) StdoutLine: {'line': b'-- Up-to-date: /home/subhalaxmi/nidar_ws/install/px4_msgs/share/px4_msgs/msg/CameraStatus.msg\n'}
[6.446611] (px4_msgs) StdoutLine: {'line': b'-- Up-to-date: /home/subhalaxmi/nidar_ws/install/px4_msgs/share/px4_msgs/msg/CameraTrigger.msg\n'}
[6.446748] (px4_msgs) StdoutLine: {'line': b'-- Up-to-date: /home/subhalaxmi/nidar_ws/install/px4_msgs/share/px4_msgs/msg/CanInterfaceStatus.msg\n'}
[6.446887] (px4_msgs) StdoutLine: {'line': b'-- Up-to-date: /home/subhalaxmi/nidar_ws/install/px4_msgs/share/px4_msgs/msg/CellularStatus.msg\n'}
[6.447030] (px4_msgs) StdoutLine: {'line': b'-- Up-to-date: /home/subhalaxmi/nidar_ws/install/px4_msgs/share/px4_msgs/msg/CollisionConstraints.msg\n'}
[6.447252] (px4_msgs) StdoutLine: {'line': b'-- Up-to-date: /home/subhalaxmi/nidar_ws/install/px4_msgs/share/px4_msgs/msg/ConfigOverrides.msg\n'}
[6.447372] (px4_msgs) StdoutLine: {'line': b'-- Up-to-date: /home/subhalaxmi/nidar_ws/install/px4_msgs/share/px4_msgs/msg/ControlAllocatorStatus.msg\n'}
[6.447472] (px4_msgs) StdoutLine: {'line': b'-- Up-to-date: /home/subhalaxmi/nidar_ws/install/px4_msgs/share/px4_msgs/msg/Cpuload.msg\n'}
[6.447571] (px4_msgs) StdoutLine: {'line': b'-- Up-to-date: /home/subhalaxmi/nidar_ws/install/px4_msgs/share/px4_msgs/msg/DatamanRequest.msg\n'}
[6.447671] (px4_msgs) StdoutLine: {'line': b'-- Up-to-date: /home/subhalaxmi/nidar_ws/install/px4_msgs/share/px4_msgs/msg/DatamanResponse.msg\n'}
[6.447827] (px4_msgs) StdoutLine: {'line': b'-- Up-to-date: /home/subhalaxmi/nidar_ws/install/px4_msgs/share/px4_msgs/msg/DebugArray.msg\n'}
[6.447931] (px4_msgs) StdoutLine: {'line': b'-- Up-to-date: /home/subhalaxmi/nidar_ws/install/px4_msgs/share/px4_msgs/msg/DebugKeyValue.msg\n'}
[6.448028] (px4_msgs) StdoutLine: {'line': b'-- Up-to-date: /home/subhalaxmi/nidar_ws/install/px4_msgs/share/px4_msgs/msg/DebugValue.msg\n'}
[6.448141] (px4_msgs) StdoutLine: {'line': b'-- Up-to-date: /home/subhalaxmi/nidar_ws/install/px4_msgs/share/px4_msgs/msg/DebugVect.msg\n'}
[6.448272] (px4_msgs) StdoutLine: {'line': b'-- Up-to-date: /home/subhalaxmi/nidar_ws/install/px4_msgs/share/px4_msgs/msg/DeviceInformation.msg\n'}
[6.448371] (px4_msgs) StdoutLine: {'line': b'-- Up-to-date: /home/subhalaxmi/nidar_ws/install/px4_msgs/share/px4_msgs/msg/DifferentialPressure.msg\n'}
[6.448480] (px4_msgs) StdoutLine: {'line': b'-- Up-to-date: /home/subhalaxmi/nidar_ws/install/px4_msgs/share/px4_msgs/msg/DistanceSensor.msg\n'}
[6.448878] (px4_msgs) StdoutLine: {'line': b'-- Up-to-date: /home/subhalaxmi/nidar_ws/install/px4_msgs/share/px4_msgs/msg/DistanceSensorModeChangeRequest.msg\n'}
[6.449109] (px4_msgs) StdoutLine: {'line': b'-- Up-to-date: /home/subhalaxmi/nidar_ws/install/px4_msgs/share/px4_msgs/msg/DronecanNodeStatus.msg\n'}
[6.449375] (px4_msgs) StdoutLine: {'line': b'-- Up-to-date: /home/subhalaxmi/nidar_ws/install/px4_msgs/share/px4_msgs/msg/Ekf2Timestamps.msg\n'}
[6.449599] (px4_msgs) StdoutLine: {'line': b'-- Up-to-date: /home/subhalaxmi/nidar_ws/install/px4_msgs/share/px4_msgs/msg/EscReport.msg\n'}
[6.449806] (px4_msgs) StdoutLine: {'line': b'-- Up-to-date: /home/subhalaxmi/nidar_ws/install/px4_msgs/share/px4_msgs/msg/EscStatus.msg\n'}
[6.450068] (px4_msgs) StdoutLine: {'line': b'-- Up-to-date: /home/subhalaxmi/nidar_ws/install/px4_msgs/share/px4_msgs/msg/EstimatorAidSource1d.msg\n'}
[6.450332] (px4_msgs) StdoutLine: {'line': b'-- Up-to-date: /home/subhalaxmi/nidar_ws/install/px4_msgs/share/px4_msgs/msg/EstimatorAidSource2d.msg\n'}
[6.450634] (px4_msgs) StdoutLine: {'line': b'-- Up-to-date: /home/subhalaxmi/nidar_ws/install/px4_msgs/share/px4_msgs/msg/EstimatorAidSource3d.msg\n'}
[6.450868] (px4_msgs) StdoutLine: {'line': b'-- Up-to-date: /home/subhalaxmi/nidar_ws/install/px4_msgs/share/px4_msgs/msg/EstimatorBias.msg\n'}
[6.451072] (px4_msgs) StdoutLine: {'line': b'-- Up-to-date: /home/subhalaxmi/nidar_ws/install/px4_msgs/share/px4_msgs/msg/EstimatorBias3d.msg\n'}
[6.451419] (px4_msgs) StdoutLine: {'line': b'-- Up-to-date: /home/subhalaxmi/nidar_ws/install/px4_msgs/share/px4_msgs/msg/EstimatorEventFlags.msg\n'}
[6.451656] (px4_msgs) StdoutLine: {'line': b'-- Up-to-date: /home/subhalaxmi/nidar_ws/install/px4_msgs/share/px4_msgs/msg/EstimatorGpsStatus.msg\n'}
[6.451952] (px4_msgs) StdoutLine: {'line': b'-- Up-to-date: /home/subhalaxmi/nidar_ws/install/px4_msgs/share/px4_msgs/msg/EstimatorInnovations.msg\n'}
[6.452208] (px4_msgs) StdoutLine: {'line': b'-- Up-to-date: /home/subhalaxmi/nidar_ws/install/px4_msgs/share/px4_msgs/msg/EstimatorSelectorStatus.msg\n'}
[6.452429] (px4_msgs) StdoutLine: {'line': b'-- Up-to-date: /home/subhalaxmi/nidar_ws/install/px4_msgs/share/px4_msgs/msg/EstimatorSensorBias.msg\n'}
[6.452678] (px4_msgs) StdoutLine: {'line': b'-- Up-to-date: /home/subhalaxmi/nidar_ws/install/px4_msgs/share/px4_msgs/msg/EstimatorStates.msg\n'}
[6.452932] (px4_msgs) StdoutLine: {'line': b'-- Up-to-date: /home/subhalaxmi/nidar_ws/install/px4_msgs/share/px4_msgs/msg/EstimatorStatus.msg\n'}
[6.453258] (px4_msgs) StdoutLine: {'line': b'-- Up-to-date: /home/subhalaxmi/nidar_ws/install/px4_msgs/share/px4_msgs/msg/EstimatorStatusFlags.msg\n'}
[6.453476] (px4_msgs) StdoutLine: {'line': b'-- Up-to-date: /home/subhalaxmi/nidar_ws/install/px4_msgs/share/px4_msgs/msg/Event.msg\n'}
[6.453673] (px4_msgs) StdoutLine: {'line': b'-- Up-to-date: /home/subhalaxmi/nidar_ws/install/px4_msgs/share/px4_msgs/msg/FailsafeFlags.msg\n'}
[6.453945] (px4_msgs) StdoutLine: {'line': b'-- Up-to-date: /home/subhalaxmi/nidar_ws/install/px4_msgs/share/px4_msgs/msg/FailureDetectorStatus.msg\n'}
[6.454171] (px4_msgs) StdoutLine: {'line': b'-- Up-to-date: /home/subhalaxmi/nidar_ws/install/px4_msgs/share/px4_msgs/msg/FigureEightStatus.msg\n'}
[6.454384] (px4_msgs) StdoutLine: {'line': b'-- Up-to-date: /home/subhalaxmi/nidar_ws/install/px4_msgs/share/px4_msgs/msg/FixedWingLateralGuidanceStatus.msg\n'}
[6.454578] (px4_msgs) StdoutLine: {'line': b'-- Up-to-date: /home/subhalaxmi/nidar_ws/install/px4_msgs/share/px4_msgs/msg/FixedWingLateralSetpoint.msg\n'}
[6.454774] (px4_msgs) StdoutLine: {'line': b'-- Up-to-date: /home/subhalaxmi/nidar_ws/install/px4_msgs/share/px4_msgs/msg/FixedWingLateralStatus.msg\n'}
[6.454963] (px4_msgs) StdoutLine: {'line': b'-- Up-to-date: /home/subhalaxmi/nidar_ws/install/px4_msgs/share/px4_msgs/msg/FixedWingLongitudinalSetpoint.msg\n'}
[6.455222] (px4_msgs) StdoutLine: {'line': b'-- Up-to-date: /home/subhalaxmi/nidar_ws/install/px4_msgs/share/px4_msgs/msg/FixedWingRunwayControl.msg\n'}
[6.455494] (px4_msgs) StdoutLine: {'line': b'-- Up-to-date: /home/subhalaxmi/nidar_ws/install/px4_msgs/share/px4_msgs/msg/FlightPhaseEstimation.msg\n'}
[6.455782] (px4_msgs) StdoutLine: {'line': b'-- Up-to-date: /home/subhalaxmi/nidar_ws/install/px4_msgs/share/px4_msgs/msg/FollowTarget.msg\n'}
[6.455981] (px4_msgs) StdoutLine: {'line': b'-- Up-to-date: /home/subhalaxmi/nidar_ws/install/px4_msgs/share/px4_msgs/msg/FollowTargetEstimator.msg\n'}
[6.456198] (px4_msgs) StdoutLine: {'line': b'-- Up-to-date: /home/subhalaxmi/nidar_ws/install/px4_msgs/share/px4_msgs/msg/FollowTargetStatus.msg\n'}
[6.456490] (px4_msgs) StdoutLine: {'line': b'-- Up-to-date: /home/subhalaxmi/nidar_ws/install/px4_msgs/share/px4_msgs/msg/FuelTankStatus.msg\n'}
[6.456688] (px4_msgs) StdoutLine: {'line': b'-- Up-to-date: /home/subhalaxmi/nidar_ws/install/px4_msgs/share/px4_msgs/msg/GainCompression.msg\n'}
[6.456879] (px4_msgs) StdoutLine: {'line': b'-- Up-to-date: /home/subhalaxmi/nidar_ws/install/px4_msgs/share/px4_msgs/msg/GeneratorStatus.msg\n'}
[6.457071] (px4_msgs) StdoutLine: {'line': b'-- Up-to-date: /home/subhalaxmi/nidar_ws/install/px4_msgs/share/px4_msgs/msg/GeofenceResult.msg\n'}
[6.457292] (px4_msgs) StdoutLine: {'line': b'-- Up-to-date: /home/subhalaxmi/nidar_ws/install/px4_msgs/share/px4_msgs/msg/GeofenceStatus.msg\n'}
[6.457485] (px4_msgs) StdoutLine: {'line': b'-- Up-to-date: /home/subhalaxmi/nidar_ws/install/px4_msgs/share/px4_msgs/msg/GimbalControls.msg\n'}
[6.457704] (px4_msgs) StdoutLine: {'line': b'-- Up-to-date: /home/subhalaxmi/nidar_ws/install/px4_msgs/share/px4_msgs/msg/GimbalDeviceAttitudeStatus.msg\n'}
[6.458036] (px4_msgs) StdoutLine: {'line': b'-- Up-to-date: /home/subhalaxmi/nidar_ws/install/px4_msgs/share/px4_msgs/msg/GimbalDeviceInformation.msg\n'}
[6.458259] (px4_msgs) StdoutLine: {'line': b'-- Up-to-date: /home/subhalaxmi/nidar_ws/install/px4_msgs/share/px4_msgs/msg/GimbalDeviceSetAttitude.msg\n'}
[6.458470] (px4_msgs) StdoutLine: {'line': b'-- Up-to-date: /home/subhalaxmi/nidar_ws/install/px4_msgs/share/px4_msgs/msg/GimbalManagerInformation.msg\n'}
[6.458664] (px4_msgs) StdoutLine: {'line': b'-- Up-to-date: /home/subhalaxmi/nidar_ws/install/px4_msgs/share/px4_msgs/msg/GimbalManagerSetAttitude.msg\n'}
[6.458857] (px4_msgs) StdoutLine: {'line': b'-- Up-to-date: /home/subhalaxmi/nidar_ws/install/px4_msgs/share/px4_msgs/msg/GimbalManagerSetManualControl.msg\n'}
[6.459063] (px4_msgs) StdoutLine: {'line': b'-- Up-to-date: /home/subhalaxmi/nidar_ws/install/px4_msgs/share/px4_msgs/msg/GimbalManagerStatus.msg\n'}
[6.459359] (px4_msgs) StdoutLine: {'line': b'-- Up-to-date: /home/subhalaxmi/nidar_ws/install/px4_msgs/share/px4_msgs/msg/GotoSetpoint.msg\n'}
[6.459566] (px4_msgs) StdoutLine: {'line': b'-- Up-to-date: /home/subhalaxmi/nidar_ws/install/px4_msgs/share/px4_msgs/msg/GpioConfig.msg\n'}
[6.459754] (px4_msgs) StdoutLine: {'line': b'-- Up-to-date: /home/subhalaxmi/nidar_ws/install/px4_msgs/share/px4_msgs/msg/GpioIn.msg\n'}
[6.459940] (px4_msgs) StdoutLine: {'line': b'-- Up-to-date: /home/subhalaxmi/nidar_ws/install/px4_msgs/share/px4_msgs/msg/GpioOut.msg\n'}
[6.460143] (px4_msgs) StdoutLine: {'line': b'-- Up-to-date: /home/subhalaxmi/nidar_ws/install/px4_msgs/share/px4_msgs/msg/GpioRequest.msg\n'}
[6.460411] (px4_msgs) StdoutLine: {'line': b'-- Up-to-date: /home/subhalaxmi/nidar_ws/install/px4_msgs/share/px4_msgs/msg/GpsDump.msg\n'}
[6.460694] (px4_msgs) StdoutLine: {'line': b'-- Up-to-date: /home/subhalaxmi/nidar_ws/install/px4_msgs/share/px4_msgs/msg/GpsInjectData.msg\n'}
[6.460897] (px4_msgs) StdoutLine: {'line': b'-- Up-to-date: /home/subhalaxmi/nidar_ws/install/px4_msgs/share/px4_msgs/msg/Gripper.msg\n'}
[6.461093] (px4_msgs) StdoutLine: {'line': b'-- Up-to-date: /home/subhalaxmi/nidar_ws/install/px4_msgs/share/px4_msgs/msg/HealthReport.msg\n'}
[6.461314] (px4_msgs) StdoutLine: {'line': b'-- Up-to-date: /home/subhalaxmi/nidar_ws/install/px4_msgs/share/px4_msgs/msg/HeaterStatus.msg\n'}
[6.461527] (px4_msgs) StdoutLine: {'line': b'-- Up-to-date: /home/subhalaxmi/nidar_ws/install/px4_msgs/share/px4_msgs/msg/HomePosition.msg\n'}
[6.461776] (px4_msgs) StdoutLine: {'line': b'-- Up-to-date: /home/subhalaxmi/nidar_ws/install/px4_msgs/share/px4_msgs/msg/HoverThrustEstimate.msg\n'}
[6.461985] (px4_msgs) StdoutLine: {'line': b'-- Up-to-date: /home/subhalaxmi/nidar_ws/install/px4_msgs/share/px4_msgs/msg/InputRc.msg\n'}
[6.462192] (px4_msgs) StdoutLine: {'line': b'-- Up-to-date: /home/subhalaxmi/nidar_ws/install/px4_msgs/share/px4_msgs/msg/InternalCombustionEngineControl.msg\n'}
[6.462393] (px4_msgs) StdoutLine: {'line': b'-- Up-to-date: /home/subhalaxmi/nidar_ws/install/px4_msgs/share/px4_msgs/msg/InternalCombustionEngineStatus.msg\n'}
[6.462576] (px4_msgs) StdoutLine: {'line': b'-- Up-to-date: /home/subhalaxmi/nidar_ws/install/px4_msgs/share/px4_msgs/msg/IridiumsbdStatus.msg\n'}
[6.462793] (px4_msgs) StdoutLine: {'line': b'-- Up-to-date: /home/subhalaxmi/nidar_ws/install/px4_msgs/share/px4_msgs/msg/IrlockReport.msg\n'}
[6.463081] (px4_msgs) StdoutLine: {'line': b'-- Up-to-date: /home/subhalaxmi/nidar_ws/install/px4_msgs/share/px4_msgs/msg/LandingGear.msg\n'}
[6.463291] (px4_msgs) StdoutLine: {'line': b'-- Up-to-date: /home/subhalaxmi/nidar_ws/install/px4_msgs/share/px4_msgs/msg/LandingGearWheel.msg\n'}
[6.463502] (px4_msgs) StdoutLine: {'line': b'-- Up-to-date: /home/subhalaxmi/nidar_ws/install/px4_msgs/share/px4_msgs/msg/LandingTargetInnovations.msg\n'}
[6.463705] (px4_msgs) StdoutLine: {'line': b'-- Up-to-date: /home/subhalaxmi/nidar_ws/install/px4_msgs/share/px4_msgs/msg/LandingTargetPose.msg\n'}
[6.463898] (px4_msgs) StdoutLine: {'line': b'-- Up-to-date: /home/subhalaxmi/nidar_ws/install/px4_msgs/share/px4_msgs/msg/LateralControlConfiguration.msg\n'}
[6.464113] (px4_msgs) StdoutLine: {'line': b'-- Up-to-date: /home/subhalaxmi/nidar_ws/install/px4_msgs/share/px4_msgs/msg/LaunchDetectionStatus.msg\n'}
[6.464416] (px4_msgs) StdoutLine: {'line': b'-- Up-to-date: /home/subhalaxmi/nidar_ws/install/px4_msgs/share/px4_msgs/msg/LedControl.msg\n'}
[6.464613] (px4_msgs) StdoutLine: {'line': b'-- Up-to-date: /home/subhalaxmi/nidar_ws/install/px4_msgs/share/px4_msgs/msg/LogMessage.msg\n'}
[6.464813] (px4_msgs) StdoutLine: {'line': b'-- Up-to-date: /home/subhalaxmi/nidar_ws/install/px4_msgs/share/px4_msgs/msg/LoggerStatus.msg\n'}
[6.465044] (px4_msgs) StdoutLine: {'line': b'-- Up-to-date: /home/subhalaxmi/nidar_ws/install/px4_msgs/share/px4_msgs/msg/LongitudinalControlConfiguration.msg\n'}
[6.465329] (px4_msgs) StdoutLine: {'line': b'-- Up-to-date: /home/subhalaxmi/nidar_ws/install/px4_msgs/share/px4_msgs/msg/MagWorkerData.msg\n'}
[6.465674] (px4_msgs) StdoutLine: {'line': b'-- Up-to-date: /home/subhalaxmi/nidar_ws/install/px4_msgs/share/px4_msgs/msg/MagnetometerBiasEstimate.msg\n'}
[6.465924] (px4_msgs) StdoutLine: {'line': b'-- Up-to-date: /home/subhalaxmi/nidar_ws/install/px4_msgs/share/px4_msgs/msg/ManualControlSetpoint.msg\n'}
[6.466276] (px4_msgs) StdoutLine: {'line': b'-- Up-to-date: /home/subhalaxmi/nidar_ws/install/px4_msgs/share/px4_msgs/msg/ManualControlSwitches.msg\n'}
[6.466523] (px4_msgs) StdoutLine: {'line': b'-- Up-to-date: /home/subhalaxmi/nidar_ws/install/px4_msgs/share/px4_msgs/msg/MavlinkLog.msg\n'}
[6.466751] (px4_msgs) StdoutLine: {'line': b'-- Up-to-date: /home/subhalaxmi/nidar_ws/install/px4_msgs/share/px4_msgs/msg/MavlinkTunnel.msg\n'}
[6.466978] (px4_msgs) StdoutLine: {'line': b'-- Up-to-date: /home/subhalaxmi/nidar_ws/install/px4_msgs/share/px4_msgs/msg/MessageFormatRequest.msg\n'}
[6.467224] (px4_msgs) StdoutLine: {'line': b'-- Up-to-date: /home/subhalaxmi/nidar_ws/install/px4_msgs/share/px4_msgs/msg/MessageFormatResponse.msg\n'}
[6.467569] (px4_msgs) StdoutLine: {'line': b'-- Up-to-date: /home/subhalaxmi/nidar_ws/install/px4_msgs/share/px4_msgs/msg/Mission.msg\n'}
[6.467794] (px4_msgs) StdoutLine: {'line': b'-- Up-to-date: /home/subhalaxmi/nidar_ws/install/px4_msgs/share/px4_msgs/msg/MissionResult.msg\n'}
[6.468038] (px4_msgs) StdoutLine: {'line': b'-- Up-to-date: /home/subhalaxmi/nidar_ws/install/px4_msgs/share/px4_msgs/msg/ModeCompleted.msg\n'}
[6.468385] (px4_msgs) StdoutLine: {'line': b'-- Up-to-date: /home/subhalaxmi/nidar_ws/install/px4_msgs/share/px4_msgs/msg/MountOrientation.msg\n'}
[6.468686] (px4_msgs) StdoutLine: {'line': b'-- Up-to-date: /home/subhalaxmi/nidar_ws/install/px4_msgs/share/px4_msgs/msg/NavigatorMissionItem.msg\n'}
[6.468921] (px4_msgs) StdoutLine: {'line': b'-- Up-to-date: /home/subhalaxmi/nidar_ws/install/px4_msgs/share/px4_msgs/msg/NavigatorStatus.msg\n'}
[6.469143] (px4_msgs) StdoutLine: {'line': b'-- Up-to-date: /home/subhalaxmi/nidar_ws/install/px4_msgs/share/px4_msgs/msg/NeuralControl.msg\n'}
[6.469423] (px4_msgs) StdoutLine: {'line': b'-- Up-to-date: /home/subhalaxmi/nidar_ws/install/px4_msgs/share/px4_msgs/msg/NormalizedUnsignedSetpoint.msg\n'}
[6.469627] (px4_msgs) StdoutLine: {'line': b'-- Up-to-date: /home/subhalaxmi/nidar_ws/install/px4_msgs/share/px4_msgs/msg/ObstacleDistance.msg\n'}
[6.469833] (px4_msgs) StdoutLine: {'line': b'-- Up-to-date: /home/subhalaxmi/nidar_ws/install/px4_msgs/share/px4_msgs/msg/OffboardControlMode.msg\n'}
[6.470045] (px4_msgs) StdoutLine: {'line': b'-- Up-to-date: /home/subhalaxmi/nidar_ws/install/px4_msgs/share/px4_msgs/msg/OnboardComputerStatus.msg\n'}
[6.470305] (px4_msgs) StdoutLine: {'line': b'-- Up-to-date: /home/subhalaxmi/nidar_ws/install/px4_msgs/share/px4_msgs/msg/OpenDroneIdArmStatus.msg\n'}
[6.470521] (px4_msgs) StdoutLine: {'line': b'-- Up-to-date: /home/subhalaxmi/nidar_ws/install/px4_msgs/share/px4_msgs/msg/OpenDroneIdOperatorId.msg\n'}
[6.470758] (px4_msgs) StdoutLine: {'line': b'-- Up-to-date: /home/subhalaxmi/nidar_ws/install/px4_msgs/share/px4_msgs/msg/OpenDroneIdSelfId.msg\n'}
[6.471075] (px4_msgs) StdoutLine: {'line': b'-- Up-to-date: /home/subhalaxmi/nidar_ws/install/px4_msgs/share/px4_msgs/msg/OpenDroneIdSystem.msg\n'}
[6.471303] (px4_msgs) StdoutLine: {'line': b'-- Up-to-date: /home/subhalaxmi/nidar_ws/install/px4_msgs/share/px4_msgs/msg/OrbTest.msg\n'}
[6.471526] (px4_msgs) StdoutLine: {'line': b'-- Up-to-date: /home/subhalaxmi/nidar_ws/install/px4_msgs/share/px4_msgs/msg/OrbTestLarge.msg\n'}
[6.471722] (px4_msgs) StdoutLine: {'line': b'-- Up-to-date: /home/subhalaxmi/nidar_ws/install/px4_msgs/share/px4_msgs/msg/OrbTestMedium.msg\n'}
[6.471965] (px4_msgs) StdoutLine: {'line': b'-- Up-to-date: /home/subhalaxmi/nidar_ws/install/px4_msgs/share/px4_msgs/msg/OrbitStatus.msg\n'}
[6.472178] (px4_msgs) StdoutLine: {'line': b'-- Up-to-date: /home/subhalaxmi/nidar_ws/install/px4_msgs/share/px4_msgs/msg/ParameterResetRequest.msg\n'}
[6.472389] (px4_msgs) StdoutLine: {'line': b'-- Up-to-date: /home/subhalaxmi/nidar_ws/install/px4_msgs/share/px4_msgs/msg/ParameterSetUsedRequest.msg\n'}
[6.472580] (px4_msgs) StdoutLine: {'line': b'-- Up-to-date: /home/subhalaxmi/nidar_ws/install/px4_msgs/share/px4_msgs/msg/ParameterSetValueRequest.msg\n'}
[6.472770] (px4_msgs) StdoutLine: {'line': b'-- Up-to-date: /home/subhalaxmi/nidar_ws/install/px4_msgs/share/px4_msgs/msg/ParameterSetValueResponse.msg\n'}
[6.472961] (px4_msgs) StdoutLine: {'line': b'-- Up-to-date: /home/subhalaxmi/nidar_ws/install/px4_msgs/share/px4_msgs/msg/ParameterUpdate.msg\n'}
[6.473157] (px4_msgs) StdoutLine: {'line': b'-- Up-to-date: /home/subhalaxmi/nidar_ws/install/px4_msgs/share/px4_msgs/msg/Ping.msg\n'}
[6.473443] (px4_msgs) StdoutLine: {'line': b'-- Up-to-date: /home/subhalaxmi/nidar_ws/install/px4_msgs/share/px4_msgs/msg/PositionControllerLandingStatus.msg\n'}
[6.473668] (px4_msgs) StdoutLine: {'line': b'-- Up-to-date: /home/subhalaxmi/nidar_ws/install/px4_msgs/share/px4_msgs/msg/PositionControllerStatus.msg\n'}
[6.473943] (px4_msgs) StdoutLine: {'line': b'-- Up-to-date: /home/subhalaxmi/nidar_ws/install/px4_msgs/share/px4_msgs/msg/PositionSetpoint.msg\n'}
[6.474161] (px4_msgs) StdoutLine: {'line': b'-- Up-to-date: /home/subhalaxmi/nidar_ws/install/px4_msgs/share/px4_msgs/msg/PositionSetpointTriplet.msg\n'}
[6.474373] (px4_msgs) StdoutLine: {'line': b'-- Up-to-date: /home/subhalaxmi/nidar_ws/install/px4_msgs/share/px4_msgs/msg/PowerButtonState.msg\n'}
[6.474614] (px4_msgs) StdoutLine: {'line': b'-- Up-to-date: /home/subhalaxmi/nidar_ws/install/px4_msgs/share/px4_msgs/msg/PowerMonitor.msg\n'}
[6.474806] (px4_msgs) StdoutLine: {'line': b'-- Up-to-date: /home/subhalaxmi/nidar_ws/install/px4_msgs/share/px4_msgs/msg/PpsCapture.msg\n'}
[6.475018] (px4_msgs) StdoutLine: {'line': b'-- Up-to-date: /home/subhalaxmi/nidar_ws/install/px4_msgs/share/px4_msgs/msg/PurePursuitStatus.msg\n'}
[6.475238] (px4_msgs) StdoutLine: {'line': b'-- Up-to-date: /home/subhalaxmi/nidar_ws/install/px4_msgs/share/px4_msgs/msg/PwmInput.msg\n'}
[6.475437] (px4_msgs) StdoutLine: {'line': b'-- Up-to-date: /home/subhalaxmi/nidar_ws/install/px4_msgs/share/px4_msgs/msg/Px4ioStatus.msg\n'}
[6.475634] (px4_msgs) StdoutLine: {'line': b'-- Up-to-date: /home/subhalaxmi/nidar_ws/install/px4_msgs/share/px4_msgs/msg/QshellReq.msg\n'}
[6.475867] (px4_msgs) StdoutLine: {'line': b'-- Up-to-date: /home/subhalaxmi/nidar_ws/install/px4_msgs/share/px4_msgs/msg/QshellRetval.msg\n'}
[6.476201] (px4_msgs) StdoutLine: {'line': b'-- Up-to-date: /home/subhalaxmi/nidar_ws/install/px4_msgs/share/px4_msgs/msg/RadioStatus.msg\n'}
[6.476402] (px4_msgs) StdoutLine: {'line': b'-- Up-to-date: /home/subhalaxmi/nidar_ws/install/px4_msgs/share/px4_msgs/msg/RaptorInput.msg\n'}
[6.476611] (px4_msgs) StdoutLine: {'line': b'-- Up-to-date: /home/subhalaxmi/nidar_ws/install/px4_msgs/share/px4_msgs/msg/RaptorStatus.msg\n'}
[6.476805] (px4_msgs) StdoutLine: {'line': b'-- Up-to-date: /home/subhalaxmi/nidar_ws/install/px4_msgs/share/px4_msgs/msg/RateCtrlStatus.msg\n'}
[6.476995] (px4_msgs) StdoutLine: {'line': b'-- Up-to-date: /home/subhalaxmi/nidar_ws/install/px4_msgs/share/px4_msgs/msg/RcChannels.msg\n'}
[6.477331] (px4_msgs) StdoutLine: {'line': b'-- Up-to-date: /home/subhalaxmi/nidar_ws/install/px4_msgs/share/px4_msgs/msg/RcParameterMap.msg\n'}
[6.477478] (px4_msgs) StdoutLine: {'line': b'-- Up-to-date: /home/subhalaxmi/nidar_ws/install/px4_msgs/share/px4_msgs/msg/RegisterExtComponentReply.msg\n'}
[6.477595] (px4_msgs) StdoutLine: {'line': b'-- Up-to-date: /home/subhalaxmi/nidar_ws/install/px4_msgs/share/px4_msgs/msg/RegisterExtComponentRequest.msg\n'}
[6.477707] (px4_msgs) StdoutLine: {'line': b'-- Up-to-date: /home/subhalaxmi/nidar_ws/install/px4_msgs/share/px4_msgs/msg/RoverAttitudeSetpoint.msg\n'}
[6.477822] (px4_msgs) StdoutLine: {'line': b'-- Up-to-date: /home/subhalaxmi/nidar_ws/install/px4_msgs/share/px4_msgs/msg/RoverAttitudeStatus.msg\n'}
[6.477942] (px4_msgs) StdoutLine: {'line': b'-- Up-to-date: /home/subhalaxmi/nidar_ws/install/px4_msgs/share/px4_msgs/msg/RoverPositionSetpoint.msg\n'}
[6.478055] (px4_msgs) StdoutLine: {'line': b'-- Up-to-date: /home/subhalaxmi/nidar_ws/install/px4_msgs/share/px4_msgs/msg/RoverRateSetpoint.msg\n'}
[6.478288] (px4_msgs) StdoutLine: {'line': b'-- Up-to-date: /home/subhalaxmi/nidar_ws/install/px4_msgs/share/px4_msgs/msg/RoverRateStatus.msg\n'}
[6.478406] (px4_msgs) StdoutLine: {'line': b'-- Up-to-date: /home/subhalaxmi/nidar_ws/install/px4_msgs/share/px4_msgs/msg/RoverSpeedSetpoint.msg\n'}
[6.478511] (px4_msgs) StdoutLine: {'line': b'-- Up-to-date: /home/subhalaxmi/nidar_ws/install/px4_msgs/share/px4_msgs/msg/RoverSpeedStatus.msg\n'}
[6.478713] (px4_msgs) StdoutLine: {'line': b'-- Up-to-date: /home/subhalaxmi/nidar_ws/install/px4_msgs/share/px4_msgs/msg/RoverSteeringSetpoint.msg\n'}
[6.478833] (px4_msgs) StdoutLine: {'line': b'-- Up-to-date: /home/subhalaxmi/nidar_ws/install/px4_msgs/share/px4_msgs/msg/RoverThrottleSetpoint.msg\n'}
[6.478934] (px4_msgs) StdoutLine: {'line': b'-- Up-to-date: /home/subhalaxmi/nidar_ws/install/px4_msgs/share/px4_msgs/msg/Rpm.msg\n'}
[6.479034] (px4_msgs) StdoutLine: {'line': b'-- Up-to-date: /home/subhalaxmi/nidar_ws/install/px4_msgs/share/px4_msgs/msg/RtlStatus.msg\n'}
[6.479209] (px4_msgs) StdoutLine: {'line': b'-- Up-to-date: /home/subhalaxmi/nidar_ws/install/px4_msgs/share/px4_msgs/msg/RtlTimeEstimate.msg\n'}
[6.479329] (px4_msgs) StdoutLine: {'line': b'-- Up-to-date: /home/subhalaxmi/nidar_ws/install/px4_msgs/share/px4_msgs/msg/SatelliteInfo.msg\n'}
[6.479539] (px4_msgs) StdoutLine: {'line': b'-- Up-to-date: /home/subhalaxmi/nidar_ws/install/px4_msgs/share/px4_msgs/msg/SensorAccel.msg\n'}
[6.479649] (px4_msgs) StdoutLine: {'line': b'-- Up-to-date: /home/subhalaxmi/nidar_ws/install/px4_msgs/share/px4_msgs/msg/SensorAccelFifo.msg\n'}
[6.479768] (px4_msgs) StdoutLine: {'line': b'-- Up-to-date: /home/subhalaxmi/nidar_ws/install/px4_msgs/share/px4_msgs/msg/SensorAirflow.msg\n'}
[6.479871] (px4_msgs) StdoutLine: {'line': b'-- Up-to-date: /home/subhalaxmi/nidar_ws/install/px4_msgs/share/px4_msgs/msg/SensorBaro.msg\n'}
[6.479973] (px4_msgs) StdoutLine: {'line': b'-- Up-to-date: /home/subhalaxmi/nidar_ws/install/px4_msgs/share/px4_msgs/msg/SensorCombined.msg\n'}
[6.480083] (px4_msgs) StdoutLine: {'line': b'-- Up-to-date: /home/subhalaxmi/nidar_ws/install/px4_msgs/share/px4_msgs/msg/SensorCorrection.msg\n'}
[6.480236] (px4_msgs) StdoutLine: {'line': b'-- Up-to-date: /home/subhalaxmi/nidar_ws/install/px4_msgs/share/px4_msgs/msg/SensorGnssRelative.msg\n'}
[6.480352] (px4_msgs) StdoutLine: {'line': b'-- Up-to-date: /home/subhalaxmi/nidar_ws/install/px4_msgs/share/px4_msgs/msg/SensorGnssStatus.msg\n'}
[6.480464] (px4_msgs) StdoutLine: {'line': b'-- Up-to-date: /home/subhalaxmi/nidar_ws/install/px4_msgs/share/px4_msgs/msg/SensorGps.msg\n'}
[6.480573] (px4_msgs) StdoutLine: {'line': b'-- Up-to-date: /home/subhalaxmi/nidar_ws/install/px4_msgs/share/px4_msgs/msg/SensorGyro.msg\n'}
[6.480681] (px4_msgs) StdoutLine: {'line': b'-- Up-to-date: /home/subhalaxmi/nidar_ws/install/px4_msgs/share/px4_msgs/msg/SensorGyroFft.msg\n'}
[6.480789] (px4_msgs) StdoutLine: {'line': b'-- Up-to-date: /home/subhalaxmi/nidar_ws/install/px4_msgs/share/px4_msgs/msg/SensorGyroFifo.msg\n'}
[6.480898] (px4_msgs) StdoutLine: {'line': b'-- Up-to-date: /home/subhalaxmi/nidar_ws/install/px4_msgs/share/px4_msgs/msg/SensorHygrometer.msg\n'}
[6.481005] (px4_msgs) StdoutLine: {'line': b'-- Up-to-date: /home/subhalaxmi/nidar_ws/install/px4_msgs/share/px4_msgs/msg/SensorMag.msg\n'}
[6.481113] (px4_msgs) StdoutLine: {'line': b'-- Up-to-date: /home/subhalaxmi/nidar_ws/install/px4_msgs/share/px4_msgs/msg/SensorOpticalFlow.msg\n'}
[6.481256] (px4_msgs) StdoutLine: {'line': b'-- Up-to-date: /home/subhalaxmi/nidar_ws/install/px4_msgs/share/px4_msgs/msg/SensorPreflightMag.msg\n'}
[6.481377] (px4_msgs) StdoutLine: {'line': b'-- Up-to-date: /home/subhalaxmi/nidar_ws/install/px4_msgs/share/px4_msgs/msg/SensorSelection.msg\n'}
[6.481491] (px4_msgs) StdoutLine: {'line': b'-- Up-to-date: /home/subhalaxmi/nidar_ws/install/px4_msgs/share/px4_msgs/msg/SensorTemp.msg\n'}
[6.481603] (px4_msgs) StdoutLine: {'line': b'-- Up-to-date: /home/subhalaxmi/nidar_ws/install/px4_msgs/share/px4_msgs/msg/SensorUwb.msg\n'}
[6.481713] (px4_msgs) StdoutLine: {'line': b'-- Up-to-date: /home/subhalaxmi/nidar_ws/install/px4_msgs/share/px4_msgs/msg/SensorsStatus.msg\n'}
[6.481822] (px4_msgs) StdoutLine: {'line': b'-- Up-to-date: /home/subhalaxmi/nidar_ws/install/px4_msgs/share/px4_msgs/msg/SensorsStatusImu.msg\n'}
[6.481932] (px4_msgs) StdoutLine: {'line': b'-- Up-to-date: /home/subhalaxmi/nidar_ws/install/px4_msgs/share/px4_msgs/msg/SystemPower.msg\n'}
[6.482041] (px4_msgs) StdoutLine: {'line': b'-- Up-to-date: /home/subhalaxmi/nidar_ws/install/px4_msgs/share/px4_msgs/msg/TakeoffStatus.msg\n'}
[6.482339] (px4_msgs) StdoutLine: {'line': b'-- Up-to-date: /home/subhalaxmi/nidar_ws/install/px4_msgs/share/px4_msgs/msg/TaskStackInfo.msg\n'}
[6.482516] (px4_msgs) StdoutLine: {'line': b'-- Up-to-date: /home/subhalaxmi/nidar_ws/install/px4_msgs/share/px4_msgs/msg/TecsStatus.msg\n'}
[6.482630] (px4_msgs) StdoutLine: {'line': b'-- Up-to-date: /home/subhalaxmi/nidar_ws/install/px4_msgs/share/px4_msgs/msg/TelemetryStatus.msg\n'}
[6.482737] (px4_msgs) StdoutLine: {'line': b'-- Up-to-date: /home/subhalaxmi/nidar_ws/install/px4_msgs/share/px4_msgs/msg/TiltrotorExtraControls.msg\n'}
[6.482863] (px4_msgs) StdoutLine: {'line': b'-- Up-to-date: /home/subhalaxmi/nidar_ws/install/px4_msgs/share/px4_msgs/msg/TimesyncStatus.msg\n'}
[6.482966] (px4_msgs) StdoutLine: {'line': b'-- Up-to-date: /home/subhalaxmi/nidar_ws/install/px4_msgs/share/px4_msgs/msg/TrajectorySetpoint.msg\n'}
[6.483068] (px4_msgs) StdoutLine: {'line': b'-- Up-to-date: /home/subhalaxmi/nidar_ws/install/px4_msgs/share/px4_msgs/msg/TrajectorySetpoint6dof.msg\n'}
[6.483215] (px4_msgs) StdoutLine: {'line': b'-- Up-to-date: /home/subhalaxmi/nidar_ws/install/px4_msgs/share/px4_msgs/msg/TransponderReport.msg\n'}
[6.483335] (px4_msgs) StdoutLine: {'line': b'-- Up-to-date: /home/subhalaxmi/nidar_ws/install/px4_msgs/share/px4_msgs/msg/TuneControl.msg\n'}
[6.483525] (px4_msgs) StdoutLine: {'line': b'-- Up-to-date: /home/subhalaxmi/nidar_ws/install/px4_msgs/share/px4_msgs/msg/UavcanParameterRequest.msg\n'}
[6.484137] (px4_msgs) StdoutLine: {'line': b'-- Up-to-date: /home/subhalaxmi/nidar_ws/install/px4_msgs/share/px4_msgs/msg/UavcanParameterValue.msg\n'}
[6.485241] (px4_msgs) StdoutLine: {'line': b'-- Up-to-date: /home/subhalaxmi/nidar_ws/install/px4_msgs/share/px4_msgs/msg/UlogStream.msg\n'}
[6.485976] (px4_msgs) StdoutLine: {'line': b'-- Up-to-date: /home/subhalaxmi/nidar_ws/install/px4_msgs/share/px4_msgs/msg/UlogStreamAck.msg\n'}
[6.487076] (px4_msgs) StdoutLine: {'line': b'-- Up-to-date: /home/subhalaxmi/nidar_ws/install/px4_msgs/share/px4_msgs/msg/UnregisterExtComponent.msg\n'}
[6.487789] (px4_msgs) StdoutLine: {'line': b'-- Up-to-date: /home/subhalaxmi/nidar_ws/install/px4_msgs/share/px4_msgs/msg/VehicleAcceleration.msg\n'}
[6.488866] (px4_msgs) StdoutLine: {'line': b'-- Up-to-date: /home/subhalaxmi/nidar_ws/install/px4_msgs/share/px4_msgs/msg/VehicleAirData.msg\n'}
[6.489594] (px4_msgs) StdoutLine: {'line': b'-- Up-to-date: /home/subhalaxmi/nidar_ws/install/px4_msgs/share/px4_msgs/msg/VehicleAngularAccelerationSetpoint.msg\n'}
[6.490675] (px4_msgs) StdoutLine: {'line': b'-- Up-to-date: /home/subhalaxmi/nidar_ws/install/px4_msgs/share/px4_msgs/msg/VehicleAngularVelocity.msg\n'}
[6.491387] (px4_msgs) StdoutLine: {'line': b'-- Up-to-date: /home/subhalaxmi/nidar_ws/install/px4_msgs/share/px4_msgs/msg/VehicleAttitude.msg\n'}
[6.492487] (px4_msgs) StdoutLine: {'line': b'-- Up-to-date: /home/subhalaxmi/nidar_ws/install/px4_msgs/share/px4_msgs/msg/VehicleAttitudeSetpoint.msg\n'}
[6.493167] (px4_msgs) StdoutLine: {'line': b'-- Up-to-date: /home/subhalaxmi/nidar_ws/install/px4_msgs/share/px4_msgs/msg/VehicleCommand.msg\n'}
[6.494273] (px4_msgs) StdoutLine: {'line': b'-- Up-to-date: /home/subhalaxmi/nidar_ws/install/px4_msgs/share/px4_msgs/msg/VehicleCommandAck.msg\n'}
[6.494959] (px4_msgs) StdoutLine: {'line': b'-- Up-to-date: /home/subhalaxmi/nidar_ws/install/px4_msgs/share/px4_msgs/msg/VehicleConstraints.msg\n'}
[6.496053] (px4_msgs) StdoutLine: {'line': b'-- Up-to-date: /home/subhalaxmi/nidar_ws/install/px4_msgs/share/px4_msgs/msg/VehicleControlMode.msg\n'}
[6.496776] (px4_msgs) StdoutLine: {'line': b'-- Up-to-date: /home/subhalaxmi/nidar_ws/install/px4_msgs/share/px4_msgs/msg/VehicleGlobalPosition.msg\n'}
[6.497857] (px4_msgs) StdoutLine: {'line': b'-- Up-to-date: /home/subhalaxmi/nidar_ws/install/px4_msgs/share/px4_msgs/msg/VehicleImu.msg\n'}
[6.498536] (px4_msgs) StdoutLine: {'line': b'-- Up-to-date: /home/subhalaxmi/nidar_ws/install/px4_msgs/share/px4_msgs/msg/VehicleImuStatus.msg\n'}
[6.499334] (px4_msgs) StdoutLine: {'line': b'-- Up-to-date: /home/subhalaxmi/nidar_ws/install/px4_msgs/share/px4_msgs/msg/VehicleLandDetected.msg\n'}
[6.499989] (px4_msgs) StdoutLine: {'line': b'-- Up-to-date: /home/subhalaxmi/nidar_ws/install/px4_msgs/share/px4_msgs/msg/VehicleLocalPosition.msg\n'}
[6.500669] (px4_msgs) StdoutLine: {'line': b'-- Up-to-date: /home/subhalaxmi/nidar_ws/install/px4_msgs/share/px4_msgs/msg/VehicleLocalPositionSetpoint.msg\n'}
[6.501363] (px4_msgs) StdoutLine: {'line': b'-- Up-to-date: /home/subhalaxmi/nidar_ws/install/px4_msgs/share/px4_msgs/msg/VehicleMagnetometer.msg\n'}
[6.502424] (px4_msgs) StdoutLine: {'line': b'-- Up-to-date: /home/subhalaxmi/nidar_ws/install/px4_msgs/share/px4_msgs/msg/VehicleOdometry.msg\n'}
[6.503041] (px4_msgs) StdoutLine: {'line': b'-- Up-to-date: /home/subhalaxmi/nidar_ws/install/px4_msgs/share/px4_msgs/msg/VehicleOpticalFlow.msg\n'}
[6.504317] (px4_msgs) StdoutLine: {'line': b'-- Up-to-date: /home/subhalaxmi/nidar_ws/install/px4_msgs/share/px4_msgs/msg/VehicleOpticalFlowVel.msg\n'}
[6.505200] (px4_msgs) StdoutLine: {'line': b'-- Up-to-date: /home/subhalaxmi/nidar_ws/install/px4_msgs/share/px4_msgs/msg/VehicleRatesSetpoint.msg\n'}
[6.506328] (px4_msgs) StdoutLine: {'line': b'-- Up-to-date: /home/subhalaxmi/nidar_ws/install/px4_msgs/share/px4_msgs/msg/VehicleRoi.msg\n'}
[6.506991] (px4_msgs) StdoutLine: {'line': b'-- Up-to-date: /home/subhalaxmi/nidar_ws/install/px4_msgs/share/px4_msgs/msg/VehicleStatus.msg\n'}
[6.508096] (px4_msgs) StdoutLine: {'line': b'-- Up-to-date: /home/subhalaxmi/nidar_ws/install/px4_msgs/share/px4_msgs/msg/VehicleThrustSetpoint.msg\n'}
[6.508784] (px4_msgs) StdoutLine: {'line': b'-- Up-to-date: /home/subhalaxmi/nidar_ws/install/px4_msgs/share/px4_msgs/msg/VehicleTorqueSetpoint.msg\n'}
[6.509860] (px4_msgs) StdoutLine: {'line': b'-- Up-to-date: /home/subhalaxmi/nidar_ws/install/px4_msgs/share/px4_msgs/msg/VelocityLimits.msg\n'}
[6.510560] (px4_msgs) StdoutLine: {'line': b'-- Up-to-date: /home/subhalaxmi/nidar_ws/install/px4_msgs/share/px4_msgs/msg/VtolVehicleStatus.msg\n'}
[6.511640] (px4_msgs) StdoutLine: {'line': b'-- Up-to-date: /home/subhalaxmi/nidar_ws/install/px4_msgs/share/px4_msgs/msg/Vtx.msg\n'}
[6.512327] (px4_msgs) StdoutLine: {'line': b'-- Up-to-date: /home/subhalaxmi/nidar_ws/install/px4_msgs/share/px4_msgs/msg/WheelEncoders.msg\n'}
[6.513412] (px4_msgs) StdoutLine: {'line': b'-- Up-to-date: /home/subhalaxmi/nidar_ws/install/px4_msgs/share/px4_msgs/msg/Wind.msg\n'}
[6.514085] (px4_msgs) StdoutLine: {'line': b'-- Up-to-date: /home/subhalaxmi/nidar_ws/install/px4_msgs/share/px4_msgs/msg/YawEstimatorStatus.msg\n'}
[6.515180] (px4_msgs) StdoutLine: {'line': b'-- Up-to-date: /home/subhalaxmi/nidar_ws/install/px4_msgs/share/px4_msgs/srv/VehicleCommand.srv\n'}
[6.515882] (px4_msgs) StdoutLine: {'line': b'-- Up-to-date: /home/subhalaxmi/nidar_ws/install/px4_msgs/share/px4_msgs/srv/VehicleCommand_Request.msg\n'}
[6.516952] (px4_msgs) StdoutLine: {'line': b'-- Up-to-date: /home/subhalaxmi/nidar_ws/install/px4_msgs/share/px4_msgs/srv/VehicleCommand_Response.msg\n'}
[6.517907] (px4_msgs) StdoutLine: {'line': b'-- Up-to-date: /home/subhalaxmi/nidar_ws/install/px4_msgs/share/ament_index/resource_index/package_run_dependencies/px4_msgs\n'}
[6.519435] (px4_msgs) StdoutLine: {'line': b'-- Up-to-date: /home/subhalaxmi/nidar_ws/install/px4_msgs/share/ament_index/resource_index/parent_prefix_path/px4_msgs\n'}
[6.520452] (px4_msgs) StdoutLine: {'line': b'-- Up-to-date: /home/subhalaxmi/nidar_ws/install/px4_msgs/share/px4_msgs/environment/ament_prefix_path.sh\n'}
[6.521530] (px4_msgs) StdoutLine: {'line': b'-- Up-to-date: /home/subhalaxmi/nidar_ws/install/px4_msgs/share/px4_msgs/environment/ament_prefix_path.dsv\n'}
[6.522180] (-) TimerEvent: {}
[6.523397] (px4_msgs) StdoutLine: {'line': b'-- Up-to-date: /home/subhalaxmi/nidar_ws/install/px4_msgs/share/px4_msgs/environment/path.sh\n'}
[6.523833] (px4_msgs) StdoutLine: {'line': b'-- Up-to-date: /home/subhalaxmi/nidar_ws/install/px4_msgs/share/px4_msgs/environment/path.dsv\n'}
[6.524658] (px4_msgs) StdoutLine: {'line': b'-- Up-to-date: /home/subhalaxmi/nidar_ws/install/px4_msgs/share/px4_msgs/local_setup.bash\n'}
[6.526156] (px4_msgs) StdoutLine: {'line': b'-- Up-to-date: /home/subhalaxmi/nidar_ws/install/px4_msgs/share/px4_msgs/local_setup.sh\n'}
[6.527174] (px4_msgs) StdoutLine: {'line': b'-- Up-to-date: /home/subhalaxmi/nidar_ws/install/px4_msgs/share/px4_msgs/local_setup.zsh\n'}
[6.528663] (px4_msgs) StdoutLine: {'line': b'-- Up-to-date: /home/subhalaxmi/nidar_ws/install/px4_msgs/share/px4_msgs/local_setup.dsv\n'}
[6.529688] (px4_msgs) StdoutLine: {'line': b'-- Installing: /home/subhalaxmi/nidar_ws/install/px4_msgs/share/px4_msgs/package.dsv\n'}
[6.531191] (px4_msgs) StdoutLine: {'line': b'-- Up-to-date: /home/subhalaxmi/nidar_ws/install/px4_msgs/share/ament_index/resource_index/packages/px4_msgs\n'}
[6.532026] (px4_msgs) StdoutLine: {'line': b'-- Up-to-date: /home/subhalaxmi/nidar_ws/install/px4_msgs/share/px4_msgs/cmake/export_px4_msgs__rosidl_generator_cExport.cmake\n'}
[6.533109] (px4_msgs) StdoutLine: {'line': b'-- Up-to-date: /home/subhalaxmi/nidar_ws/install/px4_msgs/share/px4_msgs/cmake/export_px4_msgs__rosidl_generator_cExport-noconfig.cmake\n'}
[6.533932] (px4_msgs) StdoutLine: {'line': b'-- Up-to-date: /home/subhalaxmi/nidar_ws/install/px4_msgs/share/px4_msgs/cmake/export_px4_msgs__rosidl_typesupport_fastrtps_cExport.cmake\n'}
[6.535009] (px4_msgs) StdoutLine: {'line': b'-- Up-to-date: /home/subhalaxmi/nidar_ws/install/px4_msgs/share/px4_msgs/cmake/export_px4_msgs__rosidl_typesupport_fastrtps_cExport-noconfig.cmake\n'}
[6.535832] (px4_msgs) StdoutLine: {'line': b'-- Up-to-date: /home/subhalaxmi/nidar_ws/install/px4_msgs/share/px4_msgs/cmake/export_px4_msgs__rosidl_generator_cppExport.cmake\n'}
[6.536981] (px4_msgs) StdoutLine: {'line': b'-- Up-to-date: /home/subhalaxmi/nidar_ws/install/px4_msgs/share/px4_msgs/cmake/export_px4_msgs__rosidl_typesupport_fastrtps_cppExport.cmake\n'}
[6.537677] (px4_msgs) StdoutLine: {'line': b'-- Up-to-date: /home/subhalaxmi/nidar_ws/install/px4_msgs/share/px4_msgs/cmake/export_px4_msgs__rosidl_typesupport_fastrtps_cppExport-noconfig.cmake\n'}
[6.538865] (px4_msgs) StdoutLine: {'line': b'-- Up-to-date: /home/subhalaxmi/nidar_ws/install/px4_msgs/share/px4_msgs/cmake/px4_msgs__rosidl_typesupport_introspection_cExport.cmake\n'}
[6.539561] (px4_msgs) StdoutLine: {'line': b'-- Up-to-date: /home/subhalaxmi/nidar_ws/install/px4_msgs/share/px4_msgs/cmake/px4_msgs__rosidl_typesupport_introspection_cExport-noconfig.cmake\n'}
[6.540724] (px4_msgs) StdoutLine: {'line': b'-- Up-to-date: /home/subhalaxmi/nidar_ws/install/px4_msgs/share/px4_msgs/cmake/px4_msgs__rosidl_typesupport_cExport.cmake\n'}
[6.541382] (px4_msgs) StdoutLine: {'line': b'-- Up-to-date: /home/subhalaxmi/nidar_ws/install/px4_msgs/share/px4_msgs/cmake/px4_msgs__rosidl_typesupport_cExport-noconfig.cmake\n'}
[6.542382] (px4_msgs) StdoutLine: {'line': b'-- Up-to-date: /home/subhalaxmi/nidar_ws/install/px4_msgs/share/px4_msgs/cmake/px4_msgs__rosidl_typesupport_introspection_cppExport.cmake\n'}
[6.543011] (px4_msgs) StdoutLine: {'line': b'-- Up-to-date: /home/subhalaxmi/nidar_ws/install/px4_msgs/share/px4_msgs/cmake/px4_msgs__rosidl_typesupport_introspection_cppExport-noconfig.cmake\n'}
[6.543813] (px4_msgs) StdoutLine: {'line': b'-- Up-to-date: /home/subhalaxmi/nidar_ws/install/px4_msgs/share/px4_msgs/cmake/px4_msgs__rosidl_typesupport_cppExport.cmake\n'}
[6.544572] (px4_msgs) StdoutLine: {'line': b'-- Up-to-date: /home/subhalaxmi/nidar_ws/install/px4_msgs/share/px4_msgs/cmake/px4_msgs__rosidl_typesupport_cppExport-noconfig.cmake\n'}
[6.545746] (px4_msgs) StdoutLine: {'line': b'-- Up-to-date: /home/subhalaxmi/nidar_ws/install/px4_msgs/share/px4_msgs/cmake/export_px4_msgs__rosidl_generator_pyExport.cmake\n'}
[6.546440] (px4_msgs) StdoutLine: {'line': b'-- Up-to-date: /home/subhalaxmi/nidar_ws/install/px4_msgs/share/px4_msgs/cmake/export_px4_msgs__rosidl_generator_pyExport-noconfig.cmake\n'}
[6.547473] (px4_msgs) StdoutLine: {'line': b'-- Up-to-date: /home/subhalaxmi/nidar_ws/install/px4_msgs/share/px4_msgs/cmake/rosidl_cmake-extras.cmake\n'}
[6.548265] (px4_msgs) StdoutLine: {'line': b'-- Up-to-date: /home/subhalaxmi/nidar_ws/install/px4_msgs/share/px4_msgs/cmake/ament_cmake_export_dependencies-extras.cmake\n'}
[6.549412] (px4_msgs) StdoutLine: {'line': b'-- Up-to-date: /home/subhalaxmi/nidar_ws/install/px4_msgs/share/px4_msgs/cmake/ament_cmake_export_include_directories-extras.cmake\n'}
[6.550104] (px4_msgs) StdoutLine: {'line': b'-- Up-to-date: /home/subhalaxmi/nidar_ws/install/px4_msgs/share/px4_msgs/cmake/ament_cmake_export_libraries-extras.cmake\n'}
[6.551259] (px4_msgs) StdoutLine: {'line': b'-- Up-to-date: /home/subhalaxmi/nidar_ws/install/px4_msgs/share/px4_msgs/cmake/ament_cmake_export_targets-extras.cmake\n'}
[6.552140] (px4_msgs) StdoutLine: {'line': b'-- Up-to-date: /home/subhalaxmi/nidar_ws/install/px4_msgs/share/px4_msgs/cmake/rosidl_cmake_export_typesupport_targets-extras.cmake\n'}
[6.553494] (px4_msgs) StdoutLine: {'line': b'-- Up-to-date: /home/subhalaxmi/nidar_ws/install/px4_msgs/share/px4_msgs/cmake/rosidl_cmake_export_typesupport_libraries-extras.cmake\n'}
[6.554339] (px4_msgs) StdoutLine: {'line': b'-- Up-to-date: /home/subhalaxmi/nidar_ws/install/px4_msgs/share/px4_msgs/cmake/px4_msgsConfig.cmake\n'}
[6.554932] (px4_msgs) StdoutLine: {'line': b'-- Up-to-date: /home/subhalaxmi/nidar_ws/install/px4_msgs/share/px4_msgs/cmake/px4_msgsConfig-version.cmake\n'}
[6.555725] (px4_msgs) StdoutLine: {'line': b'-- Up-to-date: /home/subhalaxmi/nidar_ws/install/px4_msgs/share/px4_msgs/package.xml\n'}
[6.563718] (px4_msgs) CommandEnded: {'returncode': 0}
[6.613532] (px4_msgs) JobEnded: {'identifier': 'px4_msgs', 'rc': 0}
[6.614832] (nidar_flight) JobStarted: {'identifier': 'nidar_flight'}
[6.622475] (-) TimerEvent: {}
[6.722805] (-) TimerEvent: {}
[6.823342] (-) TimerEvent: {}
[6.923749] (-) TimerEvent: {}
[7.024173] (-) TimerEvent: {}
[7.124584] (-) TimerEvent: {}
[7.226196] (-) TimerEvent: {}
[7.326601] (-) TimerEvent: {}
[7.426984] (-) TimerEvent: {}
[7.527351] (-) TimerEvent: {}
[7.627708] (-) TimerEvent: {}
[7.728038] (-) TimerEvent: {}
[7.828404] (-) TimerEvent: {}
[7.928738] (-) TimerEvent: {}
[8.029086] (-) TimerEvent: {}
[8.129436] (-) TimerEvent: {}
[8.140175] (nidar_flight) Command: {'cmd': ['/usr/bin/python3', '-W', 'ignore:setup.py install is deprecated', '-W', 'ignore:easy_install command is deprecated', 'setup.py', 'egg_info', '--egg-base', '../../build/nidar_flight', 'build', '--build-base', '/home/subhalaxmi/nidar_ws/build/nidar_flight/build', 'install', '--record', '/home/subhalaxmi/nidar_ws/build/nidar_flight/install.log', '--single-version-externally-managed', 'install_data'], 'cwd': '/home/subhalaxmi/nidar_ws/src/nidar_flight', 'env': {'GJS_DEBUG_TOPICS': 'JS ERROR;JS LOG', 'LESSOPEN': '| /usr/bin/lesspipe %s', 'LANGUAGE': 'en_IN:en', 'USER': 'subhalaxmi', 'XDG_SESSION_TYPE': 'wayland', 'SHLVL': '1', 'LD_LIBRARY_PATH': '/home/subhalaxmi/nidar_ws/install/px4_msgs/lib:/opt/ros/humble/opt/rviz_ogre_vendor/lib:/opt/ros/humble/lib/x86_64-linux-gnu:/opt/ros/humble/lib', 'HOME': '/home/subhalaxmi', 'OLDPWD': '/home/subhalaxmi', 'DESKTOP_SESSION': 'ubuntu', 'GIO_LAUNCHED_DESKTOP_FILE': '/usr/share/applications/terminator.desktop', 'ROS_PYTHON_VERSION': '3', 'GNOME_SHELL_SESSION_MODE': 'ubuntu', 'GTK_MODULES': 'gail:atk-bridge', 'MANAGERPID': '1036', 'SYSTEMD_EXEC_PID': '1178', 'DBUS_SESSION_BUS_ADDRESS': 'unix:path=/run/user/1000/bus', 'COLORTERM': 'truecolor', 'TERMINATOR_DBUS_NAME': 'net.tenshu.Terminator25ef4b219e3b005583550f2b0f9f990c3', 'GIO_LAUNCHED_DESKTOP_FILE_PID': '17318', 'IM_CONFIG_PHASE': '1', 'WAYLAND_DISPLAY': 'wayland-0', 'COLCON_PREFIX_PATH': '/home/subhalaxmi/nidar_ws/install:/home/subhalaxmi/rover_ws/install:/home/subhalaxmi/autonav_ws/install:/home/subhalaxmi/my_robot_ws/install:/home/subhalaxmi/ros2_ws/install', 'ROS_DISTRO': 'humble', 'LOGNAME': 'subhalaxmi', 'JOURNAL_STREAM': '8:8924', '_': '/usr/bin/colcon', 'ROS_VERSION': '2', 'XDG_SESSION_CLASS': 'user', 'USERNAME': 'subhalaxmi', 'TERM': 'xterm-256color', 'GNOME_DESKTOP_SESSION_ID': 'this-is-deprecated', 'ROS_LOCALHOST_ONLY': '0', 'PATH': '/home/subhalaxmi/.local/bin:/home/subhalaxmi/.local/bin:/opt/ros/humble/bin:/home/subhalaxmi/.local/bin:/usr/local/sbin:/usr/local/bin:/usr/sbin:/usr/bin:/sbin:/bin:/usr/games:/usr/local/games:/snap/bin:/snap/bin', 'SESSION_MANAGER': 'local/subhalaxmi-Lenovo-G50-80:@/tmp/.ICE-unix/1147,unix/subhalaxmi-Lenovo-G50-80:/tmp/.ICE-unix/1147', 'INVOCATION_ID': '5668d60ff2944fae98086cdc9fc421e1', 'XDG_MENU_PREFIX': 'gnome-', 'GNOME_SETUP_DISPLAY': ':1', 'XDG_RUNTIME_DIR': '/run/user/1000', 'DISPLAY': ':0', 'TERMINATOR_DBUS_PATH': '/net/tenshu/Terminator2', 'LANG': 'en_US.UTF-8', 'XDG_CURRENT_DESKTOP': 'ubuntu:GNOME', 'IBUS_DISABLE_SNOOPER': '1', 'XMODIFIERS': '@im=ibus', 'XDG_SESSION_DESKTOP': 'ubuntu', 'XAUTHORITY': '/run/user/1000/.mutter-Xwaylandauth.519EM3', 'LS_COLORS': 'rs=0:di=01;34:ln=01;36:mh=00:pi=40;33:so=01;35:do=01;35:bd=40;33;01:cd=40;33;01:or=40;31;01:mi=00:su=37;41:sg=30;43:ca=30;41:tw=30;42:ow=34;42:st=37;44:ex=01;32:*.tar=01;31:*.tgz=01;31:*.arc=01;31:*.arj=01;31:*.taz=01;31:*.lha=01;31:*.lz4=01;31:*.lzh=01;31:*.lzma=01;31:*.tlz=01;31:*.txz=01;31:*.tzo=01;31:*.t7z=01;31:*.zip=01;31:*.z=01;31:*.dz=01;31:*.gz=01;31:*.lrz=01;31:*.lz=01;31:*.lzo=01;31:*.xz=01;31:*.zst=01;31:*.tzst=01;31:*.bz2=01;31:*.bz=01;31:*.tbz=01;31:*.tbz2=01;31:*.tz=01;31:*.deb=01;31:*.rpm=01;31:*.jar=01;31:*.war=01;31:*.ear=01;31:*.sar=01;31:*.rar=01;31:*.alz=01;31:*.ace=01;31:*.zoo=01;31:*.cpio=01;31:*.7z=01;31:*.rz=01;31:*.cab=01;31:*.wim=01;31:*.swm=01;31:*.dwm=01;31:*.esd=01;31:*.jpg=01;35:*.jpeg=01;35:*.mjpg=01;35:*.mjpeg=01;35:*.gif=01;35:*.bmp=01;35:*.pbm=01;35:*.pgm=01;35:*.ppm=01;35:*.tga=01;35:*.xbm=01;35:*.xpm=01;35:*.tif=01;35:*.tiff=01;35:*.png=01;35:*.svg=01;35:*.svgz=01;35:*.mng=01;35:*.pcx=01;35:*.mov=01;35:*.mpg=01;35:*.mpeg=01;35:*.m2v=01;35:*.mkv=01;35:*.webm=01;35:*.webp=01;35:*.ogm=01;35:*.mp4=01;35:*.m4v=01;35:*.mp4v=01;35:*.vob=01;35:*.qt=01;35:*.nuv=01;35:*.wmv=01;35:*.asf=01;35:*.rm=01;35:*.rmvb=01;35:*.flc=01;35:*.avi=01;35:*.fli=01;35:*.flv=01;35:*.gl=01;35:*.dl=01;35:*.xcf=01;35:*.xwd=01;35:*.yuv=01;35:*.cgm=01;35:*.emf=01;35:*.ogv=01;35:*.ogx=01;35:*.aac=00;36:*.au=00;36:*.flac=00;36:*.m4a=00;36:*.mid=00;36:*.midi=00;36:*.mka=00;36:*.mp3=00;36:*.mpc=00;36:*.ogg=00;36:*.ra=00;36:*.wav=00;36:*.oga=00;36:*.opus=00;36:*.spx=00;36:*.xspf=00;36:', 'SSH_AGENT_LAUNCHER': 'gnome-keyring', 'SSH_AUTH_SOCK': '/run/user/1000/keyring/ssh', 'AMENT_PREFIX_PATH': '/home/subhalaxmi/nidar_ws/install/nidar_flight:/home/subhalaxmi/nidar_ws/install/px4_msgs:/home/subhalaxmi/nidar_ws/install/my_drone_bringup:/home/subhalaxmi/nidar_ws/install/drone_pkg:/home/subhalaxmi/rover_ws/install/rover_ctrl:/home/subhalaxmi/autonav_ws/install/my_rover_description:/home/subhalaxmi/autonav_ws/install/my_rover_bringup:/home/subhalaxmi/my_robot_ws/install/my_robot_bringup:/home/subhalaxmi/my_robot_ws/install/my_robot_description:/home/subhalaxmi/my_robot_ws/install/line_follower:/home/subhalaxmi/ros2_ws/install/my_py_pkg:/opt/ros/humble', 'SHELL': '/bin/bash', 'TERMINATOR_UUID': 'urn:uuid:58195a0c-9f6d-451e-898e-fa7162240c90', 'QT_ACCESSIBILITY': '1', 'GDMSESSION': 'ubuntu', 'LESSCLOSE': '/usr/bin/lesspipe %s %s', 'GJS_DEBUG_OUTPUT': 'stderr', 'QT_IM_MODULE': 'ibus', 'PWD': '/home/subhalaxmi/nidar_ws/build/nidar_flight', 'LC_ALL': 'en_US.UTF-8', 'XDG_CONFIG_DIRS': '/etc/xdg/xdg-ubuntu:/etc/xdg', 'XDG_DATA_DIRS': '/usr/share/ubuntu:/usr/local/share/:/usr/share/:/var/lib/snapd/desktop', 'PYTHONPATH': '/home/subhalaxmi/nidar_ws/build/nidar_flight/prefix_override:/usr/lib/python3/dist-packages/colcon_core/task/python/colcon_distutils_commands:/home/subhalaxmi/nidar_ws/install/nidar_flight/lib/python3.10/site-packages:/home/subhalaxmi/nidar_ws/install/nidar_flight/lib/python3.10/site-packages:/home/subhalaxmi/nidar_ws/install/px4_msgs/local/lib/python3.10/dist-packages:/home/subhalaxmi/nidar_ws/install/my_drone_bringup/lib/python3.10/site-packages:/home/subhalaxmi/nidar_ws/install/drone_pkg/lib/python3.10/site-packages:/home/subhalaxmi/my_robot_ws/install/line_follower/lib/python3.10/site-packages:/home/subhalaxmi/ros2_ws/install/my_py_pkg/lib/python3.10/site-packages:/opt/ros/humble/lib/python3.10/site-packages:/opt/ros/humble/local/lib/python3.10/dist-packages', 'COLCON': '1', 'VTE_VERSION': '6800', 'CMAKE_PREFIX_PATH': '/home/subhalaxmi/nidar_ws/install/px4_msgs:/home/subhalaxmi/nidar_ws/install/my_drone_bringup:/home/subhalaxmi/rover_ws/install/rover_ctrl:/home/subhalaxmi/autonav_ws/install/my_rover_description:/home/subhalaxmi/autonav_ws/install/my_rover_bringup:/home/subhalaxmi/my_robot_ws/install/my_robot_bringup:/home/subhalaxmi/my_robot_ws/install/my_robot_description'}, 'shell': False}
[8.229564] (-) TimerEvent: {}
[8.329939] (-) TimerEvent: {}
[8.430342] (-) TimerEvent: {}
[8.530723] (-) TimerEvent: {}
[8.631144] (-) TimerEvent: {}
[8.655137] (nidar_flight) StdoutLine: {'line': b'running egg_info\n'}
[8.656670] (nidar_flight) StdoutLine: {'line': b'writing ../../build/nidar_flight/nidar_flight.egg-info/PKG-INFO\n'}
[8.657178] (nidar_flight) StdoutLine: {'line': b'writing dependency_links to ../../build/nidar_flight/nidar_flight.egg-info/dependency_links.txt\n'}
[8.657600] (nidar_flight) StdoutLine: {'line': b'writing entry points to ../../build/nidar_flight/nidar_flight.egg-info/entry_points.txt\n'}
[8.658008] (nidar_flight) StdoutLine: {'line': b'writing requirements to ../../build/nidar_flight/nidar_flight.egg-info/requires.txt\n'}
[8.658382] (nidar_flight) StdoutLine: {'line': b'writing top-level names to ../../build/nidar_flight/nidar_flight.egg-info/top_level.txt\n'}
[8.662129] (nidar_flight) StdoutLine: {'line': b"reading manifest file '../../build/nidar_flight/nidar_flight.egg-info/SOURCES.txt'\n"}
[8.663712] (nidar_flight) StdoutLine: {'line': b"writing manifest file '../../build/nidar_flight/nidar_flight.egg-info/SOURCES.txt'\n"}
[8.664063] (nidar_flight) StdoutLine: {'line': b'running build\n'}
[8.664308] (nidar_flight) StdoutLine: {'line': b'running build_py\n'}
[8.664617] (nidar_flight) StdoutLine: {'line': b'copying nidar_flight/takeoff_node.py -> /home/subhalaxmi/nidar_ws/build/nidar_flight/build/lib/nidar_flight\n'}
[8.665100] (nidar_flight) StdoutLine: {'line': b'running install\n'}
[8.665835] (nidar_flight) StdoutLine: {'line': b'running install_lib\n'}
[8.667371] (nidar_flight) StdoutLine: {'line': b'copying /home/subhalaxmi/nidar_ws/build/nidar_flight/build/lib/nidar_flight/takeoff_node.py -> /home/subhalaxmi/nidar_ws/install/nidar_flight/lib/python3.10/site-packages/nidar_flight\n'}
[8.668566] (nidar_flight) StdoutLine: {'line': b'byte-compiling /home/subhalaxmi/nidar_ws/install/nidar_flight/lib/python3.10/site-packages/nidar_flight/takeoff_node.py to takeoff_node.cpython-310.pyc\n'}
[8.670537] (nidar_flight) StdoutLine: {'line': b'running install_data\n'}
[8.670969] (nidar_flight) StdoutLine: {'line': b'running install_egg_info\n'}
[8.674205] (nidar_flight) StdoutLine: {'line': b"removing '/home/subhalaxmi/nidar_ws/install/nidar_flight/lib/python3.10/site-packages/nidar_flight-0.0.0-py3.10.egg-info' (and everything under it)\n"}
[8.674708] (nidar_flight) StdoutLine: {'line': b'Copying ../../build/nidar_flight/nidar_flight.egg-info to /home/subhalaxmi/nidar_ws/install/nidar_flight/lib/python3.10/site-packages/nidar_flight-0.0.0-py3.10.egg-info\n'}
[8.676216] (nidar_flight) StdoutLine: {'line': b'running install_scripts\n'}
[8.714164] (nidar_flight) StdoutLine: {'line': b'Installing takeoff_node script to /home/subhalaxmi/nidar_ws/install/nidar_flight/lib/nidar_flight\n'}
[8.714754] (nidar_flight) StdoutLine: {'line': b"writing list of installed files to '/home/subhalaxmi/nidar_ws/build/nidar_flight/install.log'\n"}
[8.731220] (-) TimerEvent: {}
[8.757633] (nidar_flight) CommandEnded: {'returncode': 0}
[8.769585] (nidar_flight) JobEnded: {'identifier': 'nidar_flight', 'rc': 0}
[8.770916] (-) EventReactorShutdown: {}
