[0.000000] (-) TimerEvent: {}
[0.001264] (drone_pkg) JobQueued: {'identifier': 'drone_pkg', 'dependencies': OrderedDict()}
[0.001374] (px4_msgs) JobQueued: {'identifier': 'px4_msgs', 'dependencies': OrderedDict()}
[0.001415] (my_drone_bringup) JobQueued: {'identifier': 'my_drone_bringup', 'dependencies': OrderedDict([('drone_pkg', '/home/subhalaxmi/nidar_ws/install/drone_pkg')])}
[0.001456] (nidar_flight) JobQueued: {'identifier': 'nidar_flight', 'dependencies': OrderedDict([('px4_msgs', '/home/subhalaxmi/nidar_ws/install/px4_msgs')])}
[0.001492] (drone_pkg) JobStarted: {'identifier': 'drone_pkg'}
[0.019098] (px4_msgs) JobStarted: {'identifier': 'px4_msgs'}
[0.099517] (-) TimerEvent: {}
[0.199883] (-) TimerEvent: {}
[0.300266] (-) TimerEvent: {}
[0.400611] (-) TimerEvent: {}
[0.500947] (-) TimerEvent: {}
[0.602914] (-) TimerEvent: {}
[0.615958] (px4_msgs) JobProgress: {'identifier': 'px4_msgs', 'progress': 'cmake'}
[0.617504] (px4_msgs) JobProgress: {'identifier': 'px4_msgs', 'progress': 'build'}
[0.618976] (px4_msgs) Command: {'cmd': ['/usr/bin/cmake', '--build', '/home/subhalaxmi/nidar_ws/build/px4_msgs', '--', '-j4', '-l4'], 'cwd': '/home/subhalaxmi/nidar_ws/build/px4_msgs', 'env': OrderedDict([('GJS_DEBUG_TOPICS', 'JS ERROR;JS LOG'), ('LESSOPEN', '| /usr/bin/lesspipe %s'), ('LANGUAGE', 'en_IN:en'), ('USER', 'subhalaxmi'), ('XDG_SESSION_TYPE', 'wayland'), ('SHLVL', '1'), ('LD_LIBRARY_PATH', '/home/subhalaxmi/nidar_ws/install/px4_msgs/lib:/opt/ros/humble/opt/rviz_ogre_vendor/lib:/opt/ros/humble/lib/x86_64-linux-gnu:/opt/ros/humble/lib'), ('HOME', '/home/subhalaxmi'), ('OLDPWD', '/home/subhalaxmi/nidar_ws'), ('DESKTOP_SESSION', 'ubuntu'), ('GIO_LAUNCHED_DESKTOP_FILE', '/usr/share/applications/terminator.desktop'), ('ROS_PYTHON_VERSION', '3'), ('GNOME_SHELL_SESSION_MODE', 'ubuntu'), ('GTK_MODULES', 'gail:atk-bridge'), ('MANAGERPID', '1036'), ('SYSTEMD_EXEC_PID', '1178'), ('DBUS_SESSION_BUS_ADDRESS', 'unix:path=/run/user/1000/bus'), ('COLORTERM', 'truecolor'), ('TERMINATOR_DBUS_NAME', 'net.tenshu.Terminator25ef4b219e3b005583550f2b0f9f990c3'), ('GIO_LAUNCHED_DESKTOP_FILE_PID', '17318'), ('IM_CONFIG_PHASE', '1'), ('WAYLAND_DISPLAY', 'wayland-0'), ('COLCON_PREFIX_PATH', '/home/subhalaxmi/nidar_ws/install:/home/subhalaxmi/rover_ws/install:/home/subhalaxmi/autonav_ws/install:/home/subhalaxmi/my_robot_ws/install:/home/subhalaxmi/ros2_ws/install'), ('ROS_DISTRO', 'humble'), ('LOGNAME', 'subhalaxmi'), ('JOURNAL_STREAM', '8:8924'), ('_', '/usr/bin/colcon'), ('ROS_VERSION', '2'), ('XDG_SESSION_CLASS', 'user'), ('USERNAME', 'subhalaxmi'), ('TERM', 'xterm-256color'), ('GNOME_DESKTOP_SESSION_ID', 'this-is-deprecated'), ('ROS_LOCALHOST_ONLY', '0'), ('PATH', '/home/subhalaxmi/.local/bin:/home/subhalaxmi/.local/bin:/opt/ros/humble/bin:/home/subhalaxmi/.local/bin:/usr/local/sbin:/usr/local/bin:/usr/sbin:/usr/bin:/sbin:/bin:/usr/games:/usr/local/games:/snap/bin:/snap/bin'), ('SESSION_MANAGER', 'local/subhalaxmi-Lenovo-G50-80:@/tmp/.ICE-unix/1147,unix/subhalaxmi-Lenovo-G50-80:/tmp/.ICE-unix/1147'), ('INVOCATION_ID', '5668d60ff2944fae98086cdc9fc421e1'), ('XDG_MENU_PREFIX', 'gnome-'), ('GNOME_SETUP_DISPLAY', ':1'), ('XDG_RUNTIME_DIR', '/run/user/1000'), ('DISPLAY', ':0'), ('TERMINATOR_DBUS_PATH', '/net/tenshu/Terminator2'), ('LANG', 'en_US.UTF-8'), ('XDG_CURRENT_DESKTOP', 'ubuntu:GNOME'), ('IBUS_DISABLE_SNOOPER', '1'), ('XMODIFIERS', '@im=ibus'), ('XDG_SESSION_DESKTOP', 'ubuntu'), ('XAUTHORITY', '/run/user/1000/.mutter-Xwaylandauth.519EM3'), ('LS_COLORS', 'rs=0:di=01;34:ln=01;36:mh=00:pi=40;33:so=01;35:do=01;35:bd=40;33;01:cd=40;33;01:or=40;31;01:mi=00:su=37;41:sg=30;43:ca=30;41:tw=30;42:ow=34;42:st=37;44:ex=01;32:*.tar=01;31:*.tgz=01;31:*.arc=01;31:*.arj=01;31:*.taz=01;31:*.lha=01;31:*.lz4=01;31:*.lzh=01;31:*.lzma=01;31:*.tlz=01;31:*.txz=01;31:*.tzo=01;31:*.t7z=01;31:*.zip=01;31:*.z=01;31:*.dz=01;31:*.gz=01;31:*.lrz=01;31:*.lz=01;31:*.lzo=01;31:*.xz=01;31:*.zst=01;31:*.tzst=01;31:*.bz2=01;31:*.bz=01;31:*.tbz=01;31:*.tbz2=01;31:*.tz=01;31:*.deb=01;31:*.rpm=01;31:*.jar=01;31:*.war=01;31:*.ear=01;31:*.sar=01;31:*.rar=01;31:*.alz=01;31:*.ace=01;31:*.zoo=01;31:*.cpio=01;31:*.7z=01;31:*.rz=01;31:*.cab=01;31:*.wim=01;31:*.swm=01;31:*.dwm=01;31:*.esd=01;31:*.jpg=01;35:*.jpeg=01;35:*.mjpg=01;35:*.mjpeg=01;35:*.gif=01;35:*.bmp=01;35:*.pbm=01;35:*.pgm=01;35:*.ppm=01;35:*.tga=01;35:*.xbm=01;35:*.xpm=01;35:*.tif=01;35:*.tiff=01;35:*.png=01;35:*.svg=01;35:*.svgz=01;35:*.mng=01;35:*.pcx=01;35:*.mov=01;35:*.mpg=01;35:*.mpeg=01;35:*.m2v=01;35:*.mkv=01;35:*.webm=01;35:*.webp=01;35:*.ogm=01;35:*.mp4=01;35:*.m4v=01;35:*.mp4v=01;35:*.vob=01;35:*.qt=01;35:*.nuv=01;35:*.wmv=01;35:*.asf=01;35:*.rm=01;35:*.rmvb=01;35:*.flc=01;35:*.avi=01;35:*.fli=01;35:*.flv=01;35:*.gl=01;35:*.dl=01;35:*.xcf=01;35:*.xwd=01;35:*.yuv=01;35:*.cgm=01;35:*.emf=01;35:*.ogv=01;35:*.ogx=01;35:*.aac=00;36:*.au=00;36:*.flac=00;36:*.m4a=00;36:*.mid=00;36:*.midi=00;36:*.mka=00;36:*.mp3=00;36:*.mpc=00;36:*.ogg=00;36:*.ra=00;36:*.wav=00;36:*.oga=00;36:*.opus=00;36:*.spx=00;36:*.xspf=00;36:'), ('SSH_AGENT_LAUNCHER', 'gnome-keyring'), ('SSH_AUTH_SOCK', '/run/user/1000/keyring/ssh'), ('AMENT_PREFIX_PATH', '/home/subhalaxmi/nidar_ws/install/nidar_flight:/home/subhalaxmi/nidar_ws/install/px4_msgs:/home/subhalaxmi/nidar_ws/install/my_drone_bringup:/home/subhalaxmi/nidar_ws/install/drone_pkg:/home/subhalaxmi/rover_ws/install/rover_ctrl:/home/subhalaxmi/autonav_ws/install/my_rover_description:/home/subhalaxmi/autonav_ws/install/my_rover_bringup:/home/subhalaxmi/my_robot_ws/install/my_robot_bringup:/home/subhalaxmi/my_robot_ws/install/my_robot_description:/home/subhalaxmi/my_robot_ws/install/line_follower:/home/subhalaxmi/ros2_ws/install/my_py_pkg:/opt/ros/humble'), ('SHELL', '/bin/bash'), ('TERMINATOR_UUID', 'urn:uuid:58195a0c-9f6d-451e-898e-fa7162240c90'), ('QT_ACCESSIBILITY', '1'), ('GDMSESSION', 'ubuntu'), ('LESSCLOSE', '/usr/bin/lesspipe %s %s'), ('GJS_DEBUG_OUTPUT', 'stderr'), ('QT_IM_MODULE', 'ibus'), ('PWD', '/home/subhalaxmi/nidar_ws/build/px4_msgs'), ('LC_ALL', 'en_US.UTF-8'), ('XDG_CONFIG_DIRS', '/etc/xdg/xdg-ubuntu:/etc/xdg'), ('XDG_DATA_DIRS', '/usr/share/ubuntu:/usr/local/share/:/usr/share/:/var/lib/snapd/desktop'), ('PYTHONPATH', '/home/subhalaxmi/nidar_ws/install/nidar_flight/lib/python3.10/site-packages:/home/subhalaxmi/nidar_ws/install/px4_msgs/local/lib/python3.10/dist-packages:/home/subhalaxmi/nidar_ws/install/my_drone_bringup/lib/python3.10/site-packages:/home/subhalaxmi/nidar_ws/install/drone_pkg/lib/python3.10/site-packages:/home/subhalaxmi/my_robot_ws/install/line_follower/lib/python3.10/site-packages:/home/subhalaxmi/ros2_ws/install/my_py_pkg/lib/python3.10/site-packages:/opt/ros/humble/lib/python3.10/site-packages:/opt/ros/humble/local/lib/python3.10/dist-packages'), ('COLCON', '1'), ('VTE_VERSION', '6800'), ('CMAKE_PREFIX_PATH', '/home/subhalaxmi/nidar_ws/install/px4_msgs:/home/subhalaxmi/nidar_ws/install/my_drone_bringup:/home/subhalaxmi/rover_ws/install/rover_ctrl:/home/subhalaxmi/autonav_ws/install/my_rover_description:/home/subhalaxmi/autonav_ws/install/my_rover_bringup:/home/subhalaxmi/my_robot_ws/install/my_robot_bringup:/home/subhalaxmi/my_robot_ws/install/my_robot_description:/home/subhalaxmi/nidar_ws/install/nidar_flight:/home/subhalaxmi/nidar_ws/install/drone_pkg:/home/subhalaxmi/my_robot_ws/install/line_follower:/home/subhalaxmi/ros2_ws/install/my_py_pkg:/opt/ros/humble')]), 'shell': False}
[0.703055] (-) TimerEvent: {}
[0.803593] (-) TimerEvent: {}
[0.904850] (-) TimerEvent: {}
[1.005374] (-) TimerEvent: {}
[1.105998] (-) TimerEvent: {}
[1.206486] (-) TimerEvent: {}
[1.306984] (-) TimerEvent: {}
[1.407480] (-) TimerEvent: {}
[1.423402] (drone_pkg) Command: {'cmd': ['/usr/bin/python3', '-W', 'ignore:setup.py install is deprecated', '-W', 'ignore:easy_install command is deprecated', 'setup.py', 'egg_info', '--egg-base', '../../build/drone_pkg', 'build', '--build-base', '/home/subhalaxmi/nidar_ws/build/drone_pkg/build', 'install', '--record', '/home/subhalaxmi/nidar_ws/build/drone_pkg/install.log', '--single-version-externally-managed', 'install_data'], 'cwd': '/home/subhalaxmi/nidar_ws/src/drone_pkg', 'env': {'GJS_DEBUG_TOPICS': 'JS ERROR;JS LOG', 'LESSOPEN': '| /usr/bin/lesspipe %s', 'LANGUAGE': 'en_IN:en', 'USER': 'subhalaxmi', 'XDG_SESSION_TYPE': 'wayland', 'SHLVL': '1', 'LD_LIBRARY_PATH': '/home/subhalaxmi/nidar_ws/install/px4_msgs/lib:/opt/ros/humble/opt/rviz_ogre_vendor/lib:/opt/ros/humble/lib/x86_64-linux-gnu:/opt/ros/humble/lib', 'HOME': '/home/subhalaxmi', 'OLDPWD': '/home/subhalaxmi/nidar_ws', 'DESKTOP_SESSION': 'ubuntu', 'GIO_LAUNCHED_DESKTOP_FILE': '/usr/share/applications/terminator.desktop', 'ROS_PYTHON_VERSION': '3', 'GNOME_SHELL_SESSION_MODE': 'ubuntu', 'GTK_MODULES': 'gail:atk-bridge', 'MANAGERPID': '1036', 'SYSTEMD_EXEC_PID': '1178', 'DBUS_SESSION_BUS_ADDRESS': 'unix:path=/run/user/1000/bus', 'COLORTERM': 'truecolor', 'TERMINATOR_DBUS_NAME': 'net.tenshu.Terminator25ef4b219e3b005583550f2b0f9f990c3', 'GIO_LAUNCHED_DESKTOP_FILE_PID': '17318', 'IM_CONFIG_PHASE': '1', 'WAYLAND_DISPLAY': 'wayland-0', 'COLCON_PREFIX_PATH': '/home/subhalaxmi/nidar_ws/install:/home/subhalaxmi/rover_ws/install:/home/subhalaxmi/autonav_ws/install:/home/subhalaxmi/my_robot_ws/install:/home/subhalaxmi/ros2_ws/install', 'ROS_DISTRO': 'humble', 'LOGNAME': 'subhalaxmi', 'JOURNAL_STREAM': '8:8924', '_': '/usr/bin/colcon', 'ROS_VERSION': '2', 'XDG_SESSION_CLASS': 'user', 'USERNAME': 'subhalaxmi', 'TERM': 'xterm-256color', 'GNOME_DESKTOP_SESSION_ID': 'this-is-deprecated', 'ROS_LOCALHOST_ONLY': '0', 'PATH': '/home/subhalaxmi/.local/bin:/home/subhalaxmi/.local/bin:/opt/ros/humble/bin:/home/subhalaxmi/.local/bin:/usr/local/sbin:/usr/local/bin:/usr/sbin:/usr/bin:/sbin:/bin:/usr/games:/usr/local/games:/snap/bin:/snap/bin', 'SESSION_MANAGER': 'local/subhalaxmi-Lenovo-G50-80:@/tmp/.ICE-unix/1147,unix/subhalaxmi-Lenovo-G50-80:/tmp/.ICE-unix/1147', 'INVOCATION_ID': '5668d60ff2944fae98086cdc9fc421e1', 'XDG_MENU_PREFIX': 'gnome-', 'GNOME_SETUP_DISPLAY': ':1', 'XDG_RUNTIME_DIR': '/run/user/1000', 'DISPLAY': ':0', 'TERMINATOR_DBUS_PATH': '/net/tenshu/Terminator2', 'LANG': 'en_US.UTF-8', 'XDG_CURRENT_DESKTOP': 'ubuntu:GNOME', 'IBUS_DISABLE_SNOOPER': '1', 'XMODIFIERS': '@im=ibus', 'XDG_SESSION_DESKTOP': 'ubuntu', 'XAUTHORITY': '/run/user/1000/.mutter-Xwaylandauth.519EM3', 'LS_COLORS': 'rs=0:di=01;34:ln=01;36:mh=00:pi=40;33:so=01;35:do=01;35:bd=40;33;01:cd=40;33;01:or=40;31;01:mi=00:su=37;41:sg=30;43:ca=30;41:tw=30;42:ow=34;42:st=37;44:ex=01;32:*.tar=01;31:*.tgz=01;31:*.arc=01;31:*.arj=01;31:*.taz=01;31:*.lha=01;31:*.lz4=01;31:*.lzh=01;31:*.lzma=01;31:*.tlz=01;31:*.txz=01;31:*.tzo=01;31:*.t7z=01;31:*.zip=01;31:*.z=01;31:*.dz=01;31:*.gz=01;31:*.lrz=01;31:*.lz=01;31:*.lzo=01;31:*.xz=01;31:*.zst=01;31:*.tzst=01;31:*.bz2=01;31:*.bz=01;31:*.tbz=01;31:*.tbz2=01;31:*.tz=01;31:*.deb=01;31:*.rpm=01;31:*.jar=01;31:*.war=01;31:*.ear=01;31:*.sar=01;31:*.rar=01;31:*.alz=01;31:*.ace=01;31:*.zoo=01;31:*.cpio=01;31:*.7z=01;31:*.rz=01;31:*.cab=01;31:*.wim=01;31:*.swm=01;31:*.dwm=01;31:*.esd=01;31:*.jpg=01;35:*.jpeg=01;35:*.mjpg=01;35:*.mjpeg=01;35:*.gif=01;35:*.bmp=01;35:*.pbm=01;35:*.pgm=01;35:*.ppm=01;35:*.tga=01;35:*.xbm=01;35:*.xpm=01;35:*.tif=01;35:*.tiff=01;35:*.png=01;35:*.svg=01;35:*.svgz=01;35:*.mng=01;35:*.pcx=01;35:*.mov=01;35:*.mpg=01;35:*.mpeg=01;35:*.m2v=01;35:*.mkv=01;35:*.webm=01;35:*.webp=01;35:*.ogm=01;35:*.mp4=01;35:*.m4v=01;35:*.mp4v=01;35:*.vob=01;35:*.qt=01;35:*.nuv=01;35:*.wmv=01;35:*.asf=01;35:*.rm=01;35:*.rmvb=01;35:*.flc=01;35:*.avi=01;35:*.fli=01;35:*.flv=01;35:*.gl=01;35:*.dl=01;35:*.xcf=01;35:*.xwd=01;35:*.yuv=01;35:*.cgm=01;35:*.emf=01;35:*.ogv=01;35:*.ogx=01;35:*.aac=00;36:*.au=00;36:*.flac=00;36:*.m4a=00;36:*.mid=00;36:*.midi=00;36:*.mka=00;36:*.mp3=00;36:*.mpc=00;36:*.ogg=00;36:*.ra=00;36:*.wav=00;36:*.oga=00;36:*.opus=00;36:*.spx=00;36:*.xspf=00;36:', 'SSH_AGENT_LAUNCHER': 'gnome-keyring', 'SSH_AUTH_SOCK': '/run/user/1000/keyring/ssh', 'AMENT_PREFIX_PATH': '/home/subhalaxmi/nidar_ws/install/nidar_flight:/home/subhalaxmi/nidar_ws/install/px4_msgs:/home/subhalaxmi/nidar_ws/install/my_drone_bringup:/home/subhalaxmi/nidar_ws/install/drone_pkg:/home/subhalaxmi/rover_ws/install/rover_ctrl:/home/subhalaxmi/autonav_ws/install/my_rover_description:/home/subhalaxmi/autonav_ws/install/my_rover_bringup:/home/subhalaxmi/my_robot_ws/install/my_robot_bringup:/home/subhalaxmi/my_robot_ws/install/my_robot_description:/home/subhalaxmi/my_robot_ws/install/line_follower:/home/subhalaxmi/ros2_ws/install/my_py_pkg:/opt/ros/humble', 'SHELL': '/bin/bash', 'TERMINATOR_UUID': 'urn:uuid:58195a0c-9f6d-451e-898e-fa7162240c90', 'QT_ACCESSIBILITY': '1', 'GDMSESSION': 'ubuntu', 'LESSCLOSE': '/usr/bin/lesspipe %s %s', 'GJS_DEBUG_OUTPUT': 'stderr', 'QT_IM_MODULE': 'ibus', 'PWD': '/home/subhalaxmi/nidar_ws/build/drone_pkg', 'LC_ALL': 'en_US.UTF-8', 'XDG_CONFIG_DIRS': '/etc/xdg/xdg-ubuntu:/etc/xdg', 'XDG_DATA_DIRS': '/usr/share/ubuntu:/usr/local/share/:/usr/share/:/var/lib/snapd/desktop', 'PYTHONPATH': '/home/subhalaxmi/nidar_ws/build/drone_pkg/prefix_override:/usr/lib/python3/dist-packages/colcon_core/task/python/colcon_distutils_commands:/home/subhalaxmi/nidar_ws/install/drone_pkg/lib/python3.10/site-packages:/home/subhalaxmi/nidar_ws/install/nidar_flight/lib/python3.10/site-packages:/home/subhalaxmi/nidar_ws/install/px4_msgs/local/lib/python3.10/dist-packages:/home/subhalaxmi/nidar_ws/install/my_drone_bringup/lib/python3.10/site-packages:/home/subhalaxmi/nidar_ws/install/drone_pkg/lib/python3.10/site-packages:/home/subhalaxmi/my_robot_ws/install/line_follower/lib/python3.10/site-packages:/home/subhalaxmi/ros2_ws/install/my_py_pkg/lib/python3.10/site-packages:/opt/ros/humble/lib/python3.10/site-packages:/opt/ros/humble/local/lib/python3.10/dist-packages', 'COLCON': '1', 'VTE_VERSION': '6800', 'CMAKE_PREFIX_PATH': '/home/subhalaxmi/nidar_ws/install/px4_msgs:/home/subhalaxmi/nidar_ws/install/my_drone_bringup:/home/subhalaxmi/rover_ws/install/rover_ctrl:/home/subhalaxmi/autonav_ws/install/my_rover_description:/home/subhalaxmi/autonav_ws/install/my_rover_bringup:/home/subhalaxmi/my_robot_ws/install/my_robot_bringup:/home/subhalaxmi/my_robot_ws/install/my_robot_description'}, 'shell': False}
[1.507619] (-) TimerEvent: {}
[1.608112] (-) TimerEvent: {}
[1.708609] (-) TimerEvent: {}
[1.809102] (-) TimerEvent: {}
[1.909609] (-) TimerEvent: {}
[2.010113] (-) TimerEvent: {}
[2.024250] (drone_pkg) StdoutLine: {'line': b'running egg_info\n'}
[2.025982] (drone_pkg) StdoutLine: {'line': b'writing ../../build/drone_pkg/drone_pkg.egg-info/PKG-INFO\n'}
[2.026545] (drone_pkg) StdoutLine: {'line': b'writing dependency_links to ../../build/drone_pkg/drone_pkg.egg-info/dependency_links.txt\n'}
[2.027065] (drone_pkg) StdoutLine: {'line': b'writing entry points to ../../build/drone_pkg/drone_pkg.egg-info/entry_points.txt\n'}
[2.027435] (drone_pkg) StdoutLine: {'line': b'writing requirements to ../../build/drone_pkg/drone_pkg.egg-info/requires.txt\n'}
[2.027787] (drone_pkg) StdoutLine: {'line': b'writing top-level names to ../../build/drone_pkg/drone_pkg.egg-info/top_level.txt\n'}
[2.032225] (drone_pkg) StdoutLine: {'line': b"reading manifest file '../../build/drone_pkg/drone_pkg.egg-info/SOURCES.txt'\n"}
[2.034052] (drone_pkg) StdoutLine: {'line': b"writing manifest file '../../build/drone_pkg/drone_pkg.egg-info/SOURCES.txt'\n"}
[2.034547] (drone_pkg) StdoutLine: {'line': b'running build\n'}
[2.034831] (drone_pkg) StdoutLine: {'line': b'running build_py\n'}
[2.035633] (drone_pkg) StdoutLine: {'line': b'running install\n'}
[2.036438] (drone_pkg) StdoutLine: {'line': b'running install_lib\n'}
[2.040213] (drone_pkg) StdoutLine: {'line': b'running install_data\n'}
[2.040681] (drone_pkg) StdoutLine: {'line': b'running install_egg_info\n'}
[2.044606] (drone_pkg) StdoutLine: {'line': b"removing '/home/subhalaxmi/nidar_ws/install/drone_pkg/lib/python3.10/site-packages/drone_pkg-0.0.0-py3.10.egg-info' (and everything under it)\n"}
[2.045396] (drone_pkg) StdoutLine: {'line': b'Copying ../../build/drone_pkg/drone_pkg.egg-info to /home/subhalaxmi/nidar_ws/install/drone_pkg/lib/python3.10/site-packages/drone_pkg-0.0.0-py3.10.egg-info\n'}
[2.047465] (drone_pkg) StdoutLine: {'line': b'running install_scripts\n'}
[2.090443] (drone_pkg) StdoutLine: {'line': b'Installing altitude_publisher script to /home/subhalaxmi/nidar_ws/install/drone_pkg/lib/drone_pkg\n'}
[2.090986] (drone_pkg) StdoutLine: {'line': b'Installing altitude_subscriber script to /home/subhalaxmi/nidar_ws/install/drone_pkg/lib/drone_pkg\n'}
[2.091433] (drone_pkg) StdoutLine: {'line': b'Installing arm_client script to /home/subhalaxmi/nidar_ws/install/drone_pkg/lib/drone_pkg\n'}
[2.091920] (drone_pkg) StdoutLine: {'line': b'Installing arm_server script to /home/subhalaxmi/nidar_ws/install/drone_pkg/lib/drone_pkg\n'}
[2.092208] (drone_pkg) StdoutLine: {'line': b'Installing simple_node script to /home/subhalaxmi/nidar_ws/install/drone_pkg/lib/drone_pkg\n'}
[2.092729] (drone_pkg) StdoutLine: {'line': b"writing list of installed files to '/home/subhalaxmi/nidar_ws/build/drone_pkg/install.log'\n"}
[2.110251] (-) TimerEvent: {}
[2.146060] (drone_pkg) CommandEnded: {'returncode': 0}
[2.188056] (drone_pkg) JobEnded: {'identifier': 'drone_pkg', 'rc': 0}
[2.189009] (my_drone_bringup) JobStarted: {'identifier': 'my_drone_bringup'}
[2.210479] (-) TimerEvent: {}
[2.219876] (my_drone_bringup) JobProgress: {'identifier': 'my_drone_bringup', 'progress': 'cmake'}
[2.222496] (my_drone_bringup) JobProgress: {'identifier': 'my_drone_bringup', 'progress': 'build'}
[2.223752] (my_drone_bringup) Command: {'cmd': ['/usr/bin/cmake', '--build', '/home/subhalaxmi/nidar_ws/build/my_drone_bringup', '--', '-j4', '-l4'], 'cwd': '/home/subhalaxmi/nidar_ws/build/my_drone_bringup', 'env': OrderedDict([('GJS_DEBUG_TOPICS', 'JS ERROR;JS LOG'), ('LESSOPEN', '| /usr/bin/lesspipe %s'), ('LANGUAGE', 'en_IN:en'), ('USER', 'subhalaxmi'), ('XDG_SESSION_TYPE', 'wayland'), ('SHLVL', '1'), ('LD_LIBRARY_PATH', '/home/subhalaxmi/nidar_ws/install/px4_msgs/lib:/opt/ros/humble/opt/rviz_ogre_vendor/lib:/opt/ros/humble/lib/x86_64-linux-gnu:/opt/ros/humble/lib'), ('HOME', '/home/subhalaxmi'), ('OLDPWD', '/home/subhalaxmi/nidar_ws'), ('DESKTOP_SESSION', 'ubuntu'), ('GIO_LAUNCHED_DESKTOP_FILE', '/usr/share/applications/terminator.desktop'), ('ROS_PYTHON_VERSION', '3'), ('GNOME_SHELL_SESSION_MODE', 'ubuntu'), ('GTK_MODULES', 'gail:atk-bridge'), ('MANAGERPID', '1036'), ('SYSTEMD_EXEC_PID', '1178'), ('DBUS_SESSION_BUS_ADDRESS', 'unix:path=/run/user/1000/bus'), ('COLORTERM', 'truecolor'), ('TERMINATOR_DBUS_NAME', 'net.tenshu.Terminator25ef4b219e3b005583550f2b0f9f990c3'), ('GIO_LAUNCHED_DESKTOP_FILE_PID', '17318'), ('IM_CONFIG_PHASE', '1'), ('WAYLAND_DISPLAY', 'wayland-0'), ('COLCON_PREFIX_PATH', '/home/subhalaxmi/nidar_ws/install:/home/subhalaxmi/rover_ws/install:/home/subhalaxmi/autonav_ws/install:/home/subhalaxmi/my_robot_ws/install:/home/subhalaxmi/ros2_ws/install'), ('ROS_DISTRO', 'humble'), ('LOGNAME', 'subhalaxmi'), ('JOURNAL_STREAM', '8:8924'), ('_', '/usr/bin/colcon'), ('ROS_VERSION', '2'), ('XDG_SESSION_CLASS', 'user'), ('USERNAME', 'subhalaxmi'), ('TERM', 'xterm-256color'), ('GNOME_DESKTOP_SESSION_ID', 'this-is-deprecated'), ('ROS_LOCALHOST_ONLY', '0'), ('PATH', '/home/subhalaxmi/.local/bin:/home/subhalaxmi/.local/bin:/opt/ros/humble/bin:/home/subhalaxmi/.local/bin:/usr/local/sbin:/usr/local/bin:/usr/sbin:/usr/bin:/sbin:/bin:/usr/games:/usr/local/games:/snap/bin:/snap/bin'), ('SESSION_MANAGER', 'local/subhalaxmi-Lenovo-G50-80:@/tmp/.ICE-unix/1147,unix/subhalaxmi-Lenovo-G50-80:/tmp/.ICE-unix/1147'), ('INVOCATION_ID', '5668d60ff2944fae98086cdc9fc421e1'), ('XDG_MENU_PREFIX', 'gnome-'), ('GNOME_SETUP_DISPLAY', ':1'), ('XDG_RUNTIME_DIR', '/run/user/1000'), ('DISPLAY', ':0'), ('TERMINATOR_DBUS_PATH', '/net/tenshu/Terminator2'), ('LANG', 'en_US.UTF-8'), ('XDG_CURRENT_DESKTOP', 'ubuntu:GNOME'), ('IBUS_DISABLE_SNOOPER', '1'), ('XMODIFIERS', '@im=ibus'), ('XDG_SESSION_DESKTOP', 'ubuntu'), ('XAUTHORITY', '/run/user/1000/.mutter-Xwaylandauth.519EM3'), ('LS_COLORS', 'rs=0:di=01;34:ln=01;36:mh=00:pi=40;33:so=01;35:do=01;35:bd=40;33;01:cd=40;33;01:or=40;31;01:mi=00:su=37;41:sg=30;43:ca=30;41:tw=30;42:ow=34;42:st=37;44:ex=01;32:*.tar=01;31:*.tgz=01;31:*.arc=01;31:*.arj=01;31:*.taz=01;31:*.lha=01;31:*.lz4=01;31:*.lzh=01;31:*.lzma=01;31:*.tlz=01;31:*.txz=01;31:*.tzo=01;31:*.t7z=01;31:*.zip=01;31:*.z=01;31:*.dz=01;31:*.gz=01;31:*.lrz=01;31:*.lz=01;31:*.lzo=01;31:*.xz=01;31:*.zst=01;31:*.tzst=01;31:*.bz2=01;31:*.bz=01;31:*.tbz=01;31:*.tbz2=01;31:*.tz=01;31:*.deb=01;31:*.rpm=01;31:*.jar=01;31:*.war=01;31:*.ear=01;31:*.sar=01;31:*.rar=01;31:*.alz=01;31:*.ace=01;31:*.zoo=01;31:*.cpio=01;31:*.7z=01;31:*.rz=01;31:*.cab=01;31:*.wim=01;31:*.swm=01;31:*.dwm=01;31:*.esd=01;31:*.jpg=01;35:*.jpeg=01;35:*.mjpg=01;35:*.mjpeg=01;35:*.gif=01;35:*.bmp=01;35:*.pbm=01;35:*.pgm=01;35:*.ppm=01;35:*.tga=01;35:*.xbm=01;35:*.xpm=01;35:*.tif=01;35:*.tiff=01;35:*.png=01;35:*.svg=01;35:*.svgz=01;35:*.mng=01;35:*.pcx=01;35:*.mov=01;35:*.mpg=01;35:*.mpeg=01;35:*.m2v=01;35:*.mkv=01;35:*.webm=01;35:*.webp=01;35:*.ogm=01;35:*.mp4=01;35:*.m4v=01;35:*.mp4v=01;35:*.vob=01;35:*.qt=01;35:*.nuv=01;35:*.wmv=01;35:*.asf=01;35:*.rm=01;35:*.rmvb=01;35:*.flc=01;35:*.avi=01;35:*.fli=01;35:*.flv=01;35:*.gl=01;35:*.dl=01;35:*.xcf=01;35:*.xwd=01;35:*.yuv=01;35:*.cgm=01;35:*.emf=01;35:*.ogv=01;35:*.ogx=01;35:*.aac=00;36:*.au=00;36:*.flac=00;36:*.m4a=00;36:*.mid=00;36:*.midi=00;36:*.mka=00;36:*.mp3=00;36:*.mpc=00;36:*.ogg=00;36:*.ra=00;36:*.wav=00;36:*.oga=00;36:*.opus=00;36:*.spx=00;36:*.xspf=00;36:'), ('SSH_AGENT_LAUNCHER', 'gnome-keyring'), ('SSH_AUTH_SOCK', '/run/user/1000/keyring/ssh'), ('AMENT_PREFIX_PATH', '/home/subhalaxmi/nidar_ws/install/drone_pkg:/home/subhalaxmi/nidar_ws/install/nidar_flight:/home/subhalaxmi/nidar_ws/install/px4_msgs:/home/subhalaxmi/nidar_ws/install/my_drone_bringup:/home/subhalaxmi/rover_ws/install/rover_ctrl:/home/subhalaxmi/autonav_ws/install/my_rover_description:/home/subhalaxmi/autonav_ws/install/my_rover_bringup:/home/subhalaxmi/my_robot_ws/install/my_robot_bringup:/home/subhalaxmi/my_robot_ws/install/my_robot_description:/home/subhalaxmi/my_robot_ws/install/line_follower:/home/subhalaxmi/ros2_ws/install/my_py_pkg:/opt/ros/humble'), ('SHELL', '/bin/bash'), ('TERMINATOR_UUID', 'urn:uuid:58195a0c-9f6d-451e-898e-fa7162240c90'), ('QT_ACCESSIBILITY', '1'), ('GDMSESSION', 'ubuntu'), ('LESSCLOSE', '/usr/bin/lesspipe %s %s'), ('GJS_DEBUG_OUTPUT', 'stderr'), ('QT_IM_MODULE', 'ibus'), ('PWD', '/home/subhalaxmi/nidar_ws/build/my_drone_bringup'), ('LC_ALL', 'en_US.UTF-8'), ('XDG_CONFIG_DIRS', '/etc/xdg/xdg-ubuntu:/etc/xdg'), ('XDG_DATA_DIRS', '/usr/share/ubuntu:/usr/local/share/:/usr/share/:/var/lib/snapd/desktop'), ('PYTHONPATH', '/home/subhalaxmi/nidar_ws/install/drone_pkg/lib/python3.10/site-packages:/home/subhalaxmi/nidar_ws/install/nidar_flight/lib/python3.10/site-packages:/home/subhalaxmi/nidar_ws/install/px4_msgs/local/lib/python3.10/dist-packages:/home/subhalaxmi/nidar_ws/install/my_drone_bringup/lib/python3.10/site-packages:/home/subhalaxmi/my_robot_ws/install/line_follower/lib/python3.10/site-packages:/home/subhalaxmi/ros2_ws/install/my_py_pkg/lib/python3.10/site-packages:/opt/ros/humble/lib/python3.10/site-packages:/opt/ros/humble/local/lib/python3.10/dist-packages'), ('COLCON', '1'), ('VTE_VERSION', '6800'), ('CMAKE_PREFIX_PATH', '/home/subhalaxmi/nidar_ws/install/px4_msgs:/home/subhalaxmi/nidar_ws/install/my_drone_bringup:/home/subhalaxmi/rover_ws/install/rover_ctrl:/home/subhalaxmi/autonav_ws/install/my_rover_description:/home/subhalaxmi/autonav_ws/install/my_rover_bringup:/home/subhalaxmi/my_robot_ws/install/my_robot_bringup:/home/subhalaxmi/my_robot_ws/install/my_robot_description:/home/subhalaxmi/nidar_ws/install/nidar_flight:/home/subhalaxmi/nidar_ws/install/drone_pkg:/home/subhalaxmi/my_robot_ws/install/line_follower:/home/subhalaxmi/ros2_ws/install/my_py_pkg:/opt/ros/humble')]), 'shell': False}
[2.310621] (-) TimerEvent: {}
[2.312387] (my_drone_bringup) CommandEnded: {'returncode': 0}
[2.313787] (my_drone_bringup) JobProgress: {'identifier': 'my_drone_bringup', 'progress': 'install'}
[2.330320] (my_drone_bringup) Command: {'cmd': ['/usr/bin/cmake', '--install', '/home/subhalaxmi/nidar_ws/build/my_drone_bringup'], 'cwd': '/home/subhalaxmi/nidar_ws/build/my_drone_bringup', 'env': OrderedDict([('GJS_DEBUG_TOPICS', 'JS ERROR;JS LOG'), ('LESSOPEN', '| /usr/bin/lesspipe %s'), ('LANGUAGE', 'en_IN:en'), ('USER', 'subhalaxmi'), ('XDG_SESSION_TYPE', 'wayland'), ('SHLVL', '1'), ('LD_LIBRARY_PATH', '/home/subhalaxmi/nidar_ws/install/px4_msgs/lib:/opt/ros/humble/opt/rviz_ogre_vendor/lib:/opt/ros/humble/lib/x86_64-linux-gnu:/opt/ros/humble/lib'), ('HOME', '/home/subhalaxmi'), ('OLDPWD', '/home/subhalaxmi/nidar_ws'), ('DESKTOP_SESSION', 'ubuntu'), ('GIO_LAUNCHED_DESKTOP_FILE', '/usr/share/applications/terminator.desktop'), ('ROS_PYTHON_VERSION', '3'), ('GNOME_SHELL_SESSION_MODE', 'ubuntu'), ('GTK_MODULES', 'gail:atk-bridge'), ('MANAGERPID', '1036'), ('SYSTEMD_EXEC_PID', '1178'), ('DBUS_SESSION_BUS_ADDRESS', 'unix:path=/run/user/1000/bus'), ('COLORTERM', 'truecolor'), ('TERMINATOR_DBUS_NAME', 'net.tenshu.Terminator25ef4b219e3b005583550f2b0f9f990c3'), ('GIO_LAUNCHED_DESKTOP_FILE_PID', '17318'), ('IM_CONFIG_PHASE', '1'), ('WAYLAND_DISPLAY', 'wayland-0'), ('COLCON_PREFIX_PATH', '/home/subhalaxmi/nidar_ws/install:/home/subhalaxmi/rover_ws/install:/home/subhalaxmi/autonav_ws/install:/home/subhalaxmi/my_robot_ws/install:/home/subhalaxmi/ros2_ws/install'), ('ROS_DISTRO', 'humble'), ('LOGNAME', 'subhalaxmi'), ('JOURNAL_STREAM', '8:8924'), ('_', '/usr/bin/colcon'), ('ROS_VERSION', '2'), ('XDG_SESSION_CLASS', 'user'), ('USERNAME', 'subhalaxmi'), ('TERM', 'xterm-256color'), ('GNOME_DESKTOP_SESSION_ID', 'this-is-deprecated'), ('ROS_LOCALHOST_ONLY', '0'), ('PATH', '/home/subhalaxmi/.local/bin:/home/subhalaxmi/.local/bin:/opt/ros/humble/bin:/home/subhalaxmi/.local/bin:/usr/local/sbin:/usr/local/bin:/usr/sbin:/usr/bin:/sbin:/bin:/usr/games:/usr/local/games:/snap/bin:/snap/bin'), ('SESSION_MANAGER', 'local/subhalaxmi-Lenovo-G50-80:@/tmp/.ICE-unix/1147,unix/subhalaxmi-Lenovo-G50-80:/tmp/.ICE-unix/1147'), ('INVOCATION_ID', '5668d60ff2944fae98086cdc9fc421e1'), ('XDG_MENU_PREFIX', 'gnome-'), ('GNOME_SETUP_DISPLAY', ':1'), ('XDG_RUNTIME_DIR', '/run/user/1000'), ('DISPLAY', ':0'), ('TERMINATOR_DBUS_PATH', '/net/tenshu/Terminator2'), ('LANG', 'en_US.UTF-8'), ('XDG_CURRENT_DESKTOP', 'ubuntu:GNOME'), ('IBUS_DISABLE_SNOOPER', '1'), ('XMODIFIERS', '@im=ibus'), ('XDG_SESSION_DESKTOP', 'ubuntu'), ('XAUTHORITY', '/run/user/1000/.mutter-Xwaylandauth.519EM3'), ('LS_COLORS', 'rs=0:di=01;34:ln=01;36:mh=00:pi=40;33:so=01;35:do=01;35:bd=40;33;01:cd=40;33;01:or=40;31;01:mi=00:su=37;41:sg=30;43:ca=30;41:tw=30;42:ow=34;42:st=37;44:ex=01;32:*.tar=01;31:*.tgz=01;31:*.arc=01;31:*.arj=01;31:*.taz=01;31:*.lha=01;31:*.lz4=01;31:*.lzh=01;31:*.lzma=01;31:*.tlz=01;31:*.txz=01;31:*.tzo=01;31:*.t7z=01;31:*.zip=01;31:*.z=01;31:*.dz=01;31:*.gz=01;31:*.lrz=01;31:*.lz=01;31:*.lzo=01;31:*.xz=01;31:*.zst=01;31:*.tzst=01;31:*.bz2=01;31:*.bz=01;31:*.tbz=01;31:*.tbz2=01;31:*.tz=01;31:*.deb=01;31:*.rpm=01;31:*.jar=01;31:*.war=01;31:*.ear=01;31:*.sar=01;31:*.rar=01;31:*.alz=01;31:*.ace=01;31:*.zoo=01;31:*.cpio=01;31:*.7z=01;31:*.rz=01;31:*.cab=01;31:*.wim=01;31:*.swm=01;31:*.dwm=01;31:*.esd=01;31:*.jpg=01;35:*.jpeg=01;35:*.mjpg=01;35:*.mjpeg=01;35:*.gif=01;35:*.bmp=01;35:*.pbm=01;35:*.pgm=01;35:*.ppm=01;35:*.tga=01;35:*.xbm=01;35:*.xpm=01;35:*.tif=01;35:*.tiff=01;35:*.png=01;35:*.svg=01;35:*.svgz=01;35:*.mng=01;35:*.pcx=01;35:*.mov=01;35:*.mpg=01;35:*.mpeg=01;35:*.m2v=01;35:*.mkv=01;35:*.webm=01;35:*.webp=01;35:*.ogm=01;35:*.mp4=01;35:*.m4v=01;35:*.mp4v=01;35:*.vob=01;35:*.qt=01;35:*.nuv=01;35:*.wmv=01;35:*.asf=01;35:*.rm=01;35:*.rmvb=01;35:*.flc=01;35:*.avi=01;35:*.fli=01;35:*.flv=01;35:*.gl=01;35:*.dl=01;35:*.xcf=01;35:*.xwd=01;35:*.yuv=01;35:*.cgm=01;35:*.emf=01;35:*.ogv=01;35:*.ogx=01;35:*.aac=00;36:*.au=00;36:*.flac=00;36:*.m4a=00;36:*.mid=00;36:*.midi=00;36:*.mka=00;36:*.mp3=00;36:*.mpc=00;36:*.ogg=00;36:*.ra=00;36:*.wav=00;36:*.oga=00;36:*.opus=00;36:*.spx=00;36:*.xspf=00;36:'), ('SSH_AGENT_LAUNCHER', 'gnome-keyring'), ('SSH_AUTH_SOCK', '/run/user/1000/keyring/ssh'), ('AMENT_PREFIX_PATH', '/home/subhalaxmi/nidar_ws/install/drone_pkg:/home/subhalaxmi/nidar_ws/install/nidar_flight:/home/subhalaxmi/nidar_ws/install/px4_msgs:/home/subhalaxmi/nidar_ws/install/my_drone_bringup:/home/subhalaxmi/rover_ws/install/rover_ctrl:/home/subhalaxmi/autonav_ws/install/my_rover_description:/home/subhalaxmi/autonav_ws/install/my_rover_bringup:/home/subhalaxmi/my_robot_ws/install/my_robot_bringup:/home/subhalaxmi/my_robot_ws/install/my_robot_description:/home/subhalaxmi/my_robot_ws/install/line_follower:/home/subhalaxmi/ros2_ws/install/my_py_pkg:/opt/ros/humble'), ('SHELL', '/bin/bash'), ('TERMINATOR_UUID', 'urn:uuid:58195a0c-9f6d-451e-898e-fa7162240c90'), ('QT_ACCESSIBILITY', '1'), ('GDMSESSION', 'ubuntu'), ('LESSCLOSE', '/usr/bin/lesspipe %s %s'), ('GJS_DEBUG_OUTPUT', 'stderr'), ('QT_IM_MODULE', 'ibus'), ('PWD', '/home/subhalaxmi/nidar_ws/build/my_drone_bringup'), ('LC_ALL', 'en_US.UTF-8'), ('XDG_CONFIG_DIRS', '/etc/xdg/xdg-ubuntu:/etc/xdg'), ('XDG_DATA_DIRS', '/usr/share/ubuntu:/usr/local/share/:/usr/share/:/var/lib/snapd/desktop'), ('PYTHONPATH', '/home/subhalaxmi/nidar_ws/install/drone_pkg/lib/python3.10/site-packages:/home/subhalaxmi/nidar_ws/install/nidar_flight/lib/python3.10/site-packages:/home/subhalaxmi/nidar_ws/install/px4_msgs/local/lib/python3.10/dist-packages:/home/subhalaxmi/nidar_ws/install/my_drone_bringup/lib/python3.10/site-packages:/home/subhalaxmi/my_robot_ws/install/line_follower/lib/python3.10/site-packages:/home/subhalaxmi/ros2_ws/install/my_py_pkg/lib/python3.10/site-packages:/opt/ros/humble/lib/python3.10/site-packages:/opt/ros/humble/local/lib/python3.10/dist-packages'), ('COLCON', '1'), ('VTE_VERSION', '6800'), ('CMAKE_PREFIX_PATH', '/home/subhalaxmi/nidar_ws/install/px4_msgs:/home/subhalaxmi/nidar_ws/install/my_drone_bringup:/home/subhalaxmi/rover_ws/install/rover_ctrl:/home/subhalaxmi/autonav_ws/install/my_rover_description:/home/subhalaxmi/autonav_ws/install/my_rover_bringup:/home/subhalaxmi/my_robot_ws/install/my_robot_bringup:/home/subhalaxmi/my_robot_ws/install/my_robot_description:/home/subhalaxmi/nidar_ws/install/nidar_flight:/home/subhalaxmi/nidar_ws/install/drone_pkg:/home/subhalaxmi/my_robot_ws/install/line_follower:/home/subhalaxmi/ros2_ws/install/my_py_pkg:/opt/ros/humble')]), 'shell': False}
[2.344554] (my_drone_bringup) StdoutLine: {'line': b'-- Install configuration: ""\n'}
[2.345088] (my_drone_bringup) StdoutLine: {'line': b'-- Up-to-date: /home/subhalaxmi/nidar_ws/install/my_drone_bringup/share/my_drone_bringup//launch\n'}
[2.345359] (my_drone_bringup) StdoutLine: {'line': b'-- Up-to-date: /home/subhalaxmi/nidar_ws/install/my_drone_bringup/share/my_drone_bringup//launch/drone.launch.py\n'}
[2.346330] (my_drone_bringup) StdoutLine: {'line': b'-- Up-to-date: /home/subhalaxmi/nidar_ws/install/my_drone_bringup/share/ament_index/resource_index/package_run_dependencies/my_drone_bringup\n'}
[2.346549] (my_drone_bringup) StdoutLine: {'line': b'-- Up-to-date: /home/subhalaxmi/nidar_ws/install/my_drone_bringup/share/ament_index/resource_index/parent_prefix_path/my_drone_bringup\n'}
[2.346758] (my_drone_bringup) StdoutLine: {'line': b'-- Up-to-date: /home/subhalaxmi/nidar_ws/install/my_drone_bringup/share/my_drone_bringup/environment/ament_prefix_path.sh\n'}
[2.347002] (my_drone_bringup) StdoutLine: {'line': b'-- Up-to-date: /home/subhalaxmi/nidar_ws/install/my_drone_bringup/share/my_drone_bringup/environment/ament_prefix_path.dsv\n'}
[2.347296] (my_drone_bringup) StdoutLine: {'line': b'-- Up-to-date: /home/subhalaxmi/nidar_ws/install/my_drone_bringup/share/my_drone_bringup/environment/path.sh\n'}
[2.347549] (my_drone_bringup) StdoutLine: {'line': b'-- Up-to-date: /home/subhalaxmi/nidar_ws/install/my_drone_bringup/share/my_drone_bringup/environment/path.dsv\n'}
[2.347939] (my_drone_bringup) StdoutLine: {'line': b'-- Up-to-date: /home/subhalaxmi/nidar_ws/install/my_drone_bringup/share/my_drone_bringup/local_setup.bash\n'}
[2.348153] (my_drone_bringup) StdoutLine: {'line': b'-- Up-to-date: /home/subhalaxmi/nidar_ws/install/my_drone_bringup/share/my_drone_bringup/local_setup.sh\n'}
[2.348346] (my_drone_bringup) StdoutLine: {'line': b'-- Up-to-date: /home/subhalaxmi/nidar_ws/install/my_drone_bringup/share/my_drone_bringup/local_setup.zsh\n'}
[2.348543] (my_drone_bringup) StdoutLine: {'line': b'-- Up-to-date: /home/subhalaxmi/nidar_ws/install/my_drone_bringup/share/my_drone_bringup/local_setup.dsv\n'}
[2.348740] (my_drone_bringup) StdoutLine: {'line': b'-- Installing: /home/subhalaxmi/nidar_ws/install/my_drone_bringup/share/my_drone_bringup/package.dsv\n'}
[2.348929] (my_drone_bringup) StdoutLine: {'line': b'-- Up-to-date: /home/subhalaxmi/nidar_ws/install/my_drone_bringup/share/ament_index/resource_index/packages/my_drone_bringup\n'}
[2.349103] (my_drone_bringup) StdoutLine: {'line': b'-- Up-to-date: /home/subhalaxmi/nidar_ws/install/my_drone_bringup/share/my_drone_bringup/cmake/my_drone_bringupConfig.cmake\n'}
[2.349276] (my_drone_bringup) StdoutLine: {'line': b'-- Up-to-date: /home/subhalaxmi/nidar_ws/install/my_drone_bringup/share/my_drone_bringup/cmake/my_drone_bringupConfig-version.cmake\n'}
[2.349452] (my_drone_bringup) StdoutLine: {'line': b'-- Up-to-date: /home/subhalaxmi/nidar_ws/install/my_drone_bringup/share/my_drone_bringup/package.xml\n'}
[2.350844] (my_drone_bringup) CommandEnded: {'returncode': 0}
[2.390216] (my_drone_bringup) JobEnded: {'identifier': 'my_drone_bringup', 'rc': 0}
[2.410753] (-) TimerEvent: {}
[2.511195] (-) TimerEvent: {}
[2.611646] (-) TimerEvent: {}
[2.712033] (-) TimerEvent: {}
[2.812437] (-) TimerEvent: {}
[2.912886] (-) TimerEvent: {}
[2.913312] (px4_msgs) StdoutLine: {'line': b'[  0%] Built target px4_msgs__cpp\n'}
[3.013004] (-) TimerEvent: {}
[3.056472] (px4_msgs) StdoutLine: {'line': b'[  0%] Built target ament_cmake_python_copy_px4_msgs\n'}
[3.113128] (-) TimerEvent: {}
[3.213572] (-) TimerEvent: {}
[3.289476] (px4_msgs) StdoutLine: {'line': b'[ 12%] Built target px4_msgs__rosidl_typesupport_fastrtps_cpp\n'}
[3.313692] (-) TimerEvent: {}
[3.414103] (-) TimerEvent: {}
[3.504683] (px4_msgs) StdoutLine: {'line': b'[ 25%] Built target px4_msgs__rosidl_typesupport_introspection_cpp\n'}
[3.514222] (-) TimerEvent: {}
[3.614596] (-) TimerEvent: {}
[3.714932] (-) TimerEvent: {}
[3.815259] (-) TimerEvent: {}
[3.915594] (-) TimerEvent: {}
[4.015915] (-) TimerEvent: {}
[4.027264] (px4_msgs) StdoutLine: {'line': b'running egg_info\n'}
[4.028815] (px4_msgs) StdoutLine: {'line': b'writing px4_msgs.egg-info/PKG-INFO\n'}
[4.029295] (px4_msgs) StdoutLine: {'line': b'writing dependency_links to px4_msgs.egg-info/dependency_links.txt\n'}
[4.029676] (px4_msgs) StdoutLine: {'line': b'writing top-level names to px4_msgs.egg-info/top_level.txt\n'}
[4.039707] (px4_msgs) StdoutLine: {'line': b"reading manifest file 'px4_msgs.egg-info/SOURCES.txt'\n"}
[4.046703] (px4_msgs) StdoutLine: {'line': b"writing manifest file 'px4_msgs.egg-info/SOURCES.txt'\n"}
[4.092146] (px4_msgs) StdoutLine: {'line': b'[ 25%] Built target ament_cmake_python_build_px4_msgs_egg\n'}
[4.116052] (-) TimerEvent: {}
[4.216425] (-) TimerEvent: {}
[4.280452] (px4_msgs) StdoutLine: {'line': b'[ 37%] Built target px4_msgs__rosidl_typesupport_cpp\n'}
[4.316580] (-) TimerEvent: {}
[4.416953] (-) TimerEvent: {}
[4.440841] (px4_msgs) StdoutLine: {'line': b'[ 49%] Built target px4_msgs__rosidl_generator_c\n'}
[4.517077] (-) TimerEvent: {}
[4.617427] (-) TimerEvent: {}
[4.662338] (px4_msgs) StdoutLine: {'line': b'[ 62%] Built target px4_msgs__rosidl_typesupport_fastrtps_c\n'}
[4.717577] (-) TimerEvent: {}
[4.764556] (px4_msgs) StdoutLine: {'line': b'[ 75%] Built target px4_msgs__rosidl_typesupport_c\n'}
[4.817688] (-) TimerEvent: {}
[4.907846] (px4_msgs) StdoutLine: {'line': b'[ 88%] Built target px4_msgs__rosidl_typesupport_introspection_c\n'}
[4.917806] (-) TimerEvent: {}
[4.942788] (px4_msgs) StdoutLine: {'line': b'[ 88%] Built target px4_msgs\n'}
[4.997306] (px4_msgs) StdoutLine: {'line': b'[ 88%] Built target px4_msgs__py\n'}
[5.017942] (-) TimerEvent: {}
[5.118441] (-) TimerEvent: {}
[5.206454] (px4_msgs) StdoutLine: {'line': b'[100%] Built target px4_msgs__rosidl_generator_py\n'}
[5.218578] (-) TimerEvent: {}
[5.252634] (px4_msgs) StdoutLine: {'line': b'[100%] Built target px4_msgs__rosidl_typesupport_fastrtps_c__pyext\n'}
[5.297716] (px4_msgs) StdoutLine: {'line': b'[100%] Built target px4_msgs__rosidl_typesupport_c__pyext\n'}
[5.318698] (-) TimerEvent: {}
[5.342394] (px4_msgs) StdoutLine: {'line': b'[100%] Built target px4_msgs__rosidl_typesupport_introspection_c__pyext\n'}
[5.362754] (px4_msgs) CommandEnded: {'returncode': 0}
[5.363944] (px4_msgs) JobProgress: {'identifier': 'px4_msgs', 'progress': 'install'}
[5.364638] (px4_msgs) Command: {'cmd': ['/usr/bin/cmake', '--install', '/home/subhalaxmi/nidar_ws/build/px4_msgs'], 'cwd': '/home/subhalaxmi/nidar_ws/build/px4_msgs', 'env': OrderedDict([('GJS_DEBUG_TOPICS', 'JS ERROR;JS LOG'), ('LESSOPEN', '| /usr/bin/lesspipe %s'), ('LANGUAGE', 'en_IN:en'), ('USER', 'subhalaxmi'), ('XDG_SESSION_TYPE', 'wayland'), ('SHLVL', '1'), ('LD_LIBRARY_PATH', '/home/subhalaxmi/nidar_ws/install/px4_msgs/lib:/opt/ros/humble/opt/rviz_ogre_vendor/lib:/opt/ros/humble/lib/x86_64-linux-gnu:/opt/ros/humble/lib'), ('HOME', '/home/subhalaxmi'), ('OLDPWD', '/home/subhalaxmi/nidar_ws'), ('DESKTOP_SESSION', 'ubuntu'), ('GIO_LAUNCHED_DESKTOP_FILE', '/usr/share/applications/terminator.desktop'), ('ROS_PYTHON_VERSION', '3'), ('GNOME_SHELL_SESSION_MODE', 'ubuntu'), ('GTK_MODULES', 'gail:atk-bridge'), ('MANAGERPID', '1036'), ('SYSTEMD_EXEC_PID', '1178'), ('DBUS_SESSION_BUS_ADDRESS', 'unix:path=/run/user/1000/bus'), ('COLORTERM', 'truecolor'), ('TERMINATOR_DBUS_NAME', 'net.tenshu.Terminator25ef4b219e3b005583550f2b0f9f990c3'), ('GIO_LAUNCHED_DESKTOP_FILE_PID', '17318'), ('IM_CONFIG_PHASE', '1'), ('WAYLAND_DISPLAY', 'wayland-0'), ('COLCON_PREFIX_PATH', '/home/subhalaxmi/nidar_ws/install:/home/subhalaxmi/rover_ws/install:/home/subhalaxmi/autonav_ws/install:/home/subhalaxmi/my_robot_ws/install:/home/subhalaxmi/ros2_ws/install'), ('ROS_DISTRO', 'humble'), ('LOGNAME', 'subhalaxmi'), ('JOURNAL_STREAM', '8:8924'), ('_', '/usr/bin/colcon'), ('ROS_VERSION', '2'), ('XDG_SESSION_CLASS', 'user'), ('USERNAME', 'subhalaxmi'), ('TERM', 'xterm-256color'), ('GNOME_DESKTOP_SESSION_ID', 'this-is-deprecated'), ('ROS_LOCALHOST_ONLY', '0'), ('PATH', '/home/subhalaxmi/.local/bin:/home/subhalaxmi/.local/bin:/opt/ros/humble/bin:/home/subhalaxmi/.local/bin:/usr/local/sbin:/usr/local/bin:/usr/sbin:/usr/bin:/sbin:/bin:/usr/games:/usr/local/games:/snap/bin:/snap/bin'), ('SESSION_MANAGER', 'local/subhalaxmi-Lenovo-G50-80:@/tmp/.ICE-unix/1147,unix/subhalaxmi-Lenovo-G50-80:/tmp/.ICE-unix/1147'), ('INVOCATION_ID', '5668d60ff2944fae98086cdc9fc421e1'), ('XDG_MENU_PREFIX', 'gnome-'), ('GNOME_SETUP_DISPLAY', ':1'), ('XDG_RUNTIME_DIR', '/run/user/1000'), ('DISPLAY', ':0'), ('TERMINATOR_DBUS_PATH', '/net/tenshu/Terminator2'), ('LANG', 'en_US.UTF-8'), ('XDG_CURRENT_DESKTOP', 'ubuntu:GNOME'), ('IBUS_DISABLE_SNOOPER', '1'), ('XMODIFIERS', '@im=ibus'), ('XDG_SESSION_DESKTOP', 'ubuntu'), ('XAUTHORITY', '/run/user/1000/.mutter-Xwaylandauth.519EM3'), ('LS_COLORS', 'rs=0:di=01;34:ln=01;36:mh=00:pi=40;33:so=01;35:do=01;35:bd=40;33;01:cd=40;33;01:or=40;31;01:mi=00:su=37;41:sg=30;43:ca=30;41:tw=30;42:ow=34;42:st=37;44:ex=01;32:*.tar=01;31:*.tgz=01;31:*.arc=01;31:*.arj=01;31:*.taz=01;31:*.lha=01;31:*.lz4=01;31:*.lzh=01;31:*.lzma=01;31:*.tlz=01;31:*.txz=01;31:*.tzo=01;31:*.t7z=01;31:*.zip=01;31:*.z=01;31:*.dz=01;31:*.gz=01;31:*.lrz=01;31:*.lz=01;31:*.lzo=01;31:*.xz=01;31:*.zst=01;31:*.tzst=01;31:*.bz2=01;31:*.bz=01;31:*.tbz=01;31:*.tbz2=01;31:*.tz=01;31:*.deb=01;31:*.rpm=01;31:*.jar=01;31:*.war=01;31:*.ear=01;31:*.sar=01;31:*.rar=01;31:*.alz=01;31:*.ace=01;31:*.zoo=01;31:*.cpio=01;31:*.7z=01;31:*.rz=01;31:*.cab=01;31:*.wim=01;31:*.swm=01;31:*.dwm=01;31:*.esd=01;31:*.jpg=01;35:*.jpeg=01;35:*.mjpg=01;35:*.mjpeg=01;35:*.gif=01;35:*.bmp=01;35:*.pbm=01;35:*.pgm=01;35:*.ppm=01;35:*.tga=01;35:*.xbm=01;35:*.xpm=01;35:*.tif=01;35:*.tiff=01;35:*.png=01;35:*.svg=01;35:*.svgz=01;35:*.mng=01;35:*.pcx=01;35:*.mov=01;35:*.mpg=01;35:*.mpeg=01;35:*.m2v=01;35:*.mkv=01;35:*.webm=01;35:*.webp=01;35:*.ogm=01;35:*.mp4=01;35:*.m4v=01;35:*.mp4v=01;35:*.vob=01;35:*.qt=01;35:*.nuv=01;35:*.wmv=01;35:*.asf=01;35:*.rm=01;35:*.rmvb=01;35:*.flc=01;35:*.avi=01;35:*.fli=01;35:*.flv=01;35:*.gl=01;35:*.dl=01;35:*.xcf=01;35:*.xwd=01;35:*.yuv=01;35:*.cgm=01;35:*.emf=01;35:*.ogv=01;35:*.ogx=01;35:*.aac=00;36:*.au=00;36:*.flac=00;36:*.m4a=00;36:*.mid=00;36:*.midi=00;36:*.mka=00;36:*.mp3=00;36:*.mpc=00;36:*.ogg=00;36:*.ra=00;36:*.wav=00;36:*.oga=00;36:*.opus=00;36:*.spx=00;36:*.xspf=00;36:'), ('SSH_AGENT_LAUNCHER', 'gnome-keyring'), ('SSH_AUTH_SOCK', '/run/user/1000/keyring/ssh'), ('AMENT_PREFIX_PATH', '/home/subhalaxmi/nidar_ws/install/nidar_flight:/home/subhalaxmi/nidar_ws/install/px4_msgs:/home/subhalaxmi/nidar_ws/install/my_drone_bringup:/home/subhalaxmi/nidar_ws/install/drone_pkg:/home/subhalaxmi/rover_ws/install/rover_ctrl:/home/subhalaxmi/autonav_ws/install/my_rover_description:/home/subhalaxmi/autonav_ws/install/my_rover_bringup:/home/subhalaxmi/my_robot_ws/install/my_robot_bringup:/home/subhalaxmi/my_robot_ws/install/my_robot_description:/home/subhalaxmi/my_robot_ws/install/line_follower:/home/subhalaxmi/ros2_ws/install/my_py_pkg:/opt/ros/humble'), ('SHELL', '/bin/bash'), ('TERMINATOR_UUID', 'urn:uuid:58195a0c-9f6d-451e-898e-fa7162240c90'), ('QT_ACCESSIBILITY', '1'), ('GDMSESSION', 'ubuntu'), ('LESSCLOSE', '/usr/bin/lesspipe %s %s'), ('GJS_DEBUG_OUTPUT', 'stderr'), ('QT_IM_MODULE', 'ibus'), ('PWD', '/home/subhalaxmi/nidar_ws/build/px4_msgs'), ('LC_ALL', 'en_US.UTF-8'), ('XDG_CONFIG_DIRS', '/etc/xdg/xdg-ubuntu:/etc/xdg'), ('XDG_DATA_DIRS', '/usr/share/ubuntu:/usr/local/share/:/usr/share/:/var/lib/snapd/desktop'), ('PYTHONPATH', '/home/subhalaxmi/nidar_ws/install/nidar_flight/lib/python3.10/site-packages:/home/subhalaxmi/nidar_ws/install/px4_msgs/local/lib/python3.10/dist-packages:/home/subhalaxmi/nidar_ws/install/my_drone_bringup/lib/python3.10/site-packages:/home/subhalaxmi/nidar_ws/install/drone_pkg/lib/python3.10/site-packages:/home/subhalaxmi/my_robot_ws/install/line_follower/lib/python3.10/site-packages:/home/subhalaxmi/ros2_ws/install/my_py_pkg/lib/python3.10/site-packages:/opt/ros/humble/lib/python3.10/site-packages:/opt/ros/humble/local/lib/python3.10/dist-packages'), ('COLCON', '1'), ('VTE_VERSION', '6800'), ('CMAKE_PREFIX_PATH', '/home/subhalaxmi/nidar_ws/install/px4_msgs:/home/subhalaxmi/nidar_ws/install/my_drone_bringup:/home/subhalaxmi/rover_ws/install/rover_ctrl:/home/subhalaxmi/autonav_ws/install/my_rover_description:/home/subhalaxmi/autonav_ws/install/my_rover_bringup:/home/subhalaxmi/my_robot_ws/install/my_robot_bringup:/home/subhalaxmi/my_robot_ws/install/my_robot_description:/home/subhalaxmi/nidar_ws/install/nidar_flight:/home/subhalaxmi/nidar_ws/install/drone_pkg:/home/subhalaxmi/my_robot_ws/install/line_follower:/home/subhalaxmi/ros2_ws/install/my_py_pkg:/opt/ros/humble')]), 'shell': False}
[5.383781] (px4_msgs) StdoutLine: {'line': b'-- Install configuration: ""\n'}
[5.384272] (px4_msgs) StdoutLine: {'line': b'-- Up-to-date: /home/subhalaxmi/nidar_ws/install/px4_msgs/share/ament_index/resource_index/rosidl_interfaces/px4_msgs\n'}
[5.384569] (px4_msgs) StdoutLine: {'line': b'-- Up-to-date: /home/subhalaxmi/nidar_ws/install/px4_msgs/include/px4_msgs/px4_msgs\n'}
[5.385023] (px4_msgs) StdoutLine: {'line': b'-- Up-to-date: /home/subhalaxmi/nidar_ws/install/px4_msgs/include/px4_msgs/px4_msgs/msg\n'}
[5.385430] (px4_msgs) StdoutLine: {'line': b'-- Up-to-date: /home/subhalaxmi/nidar_ws/install/px4_msgs/include/px4_msgs/px4_msgs/msg/vehicle_acceleration.h\n'}
[5.385828] (px4_msgs) StdoutLine: {'line': b'-- Up-to-date: /home/subhalaxmi/nidar_ws/install/px4_msgs/include/px4_msgs/px4_msgs/msg/device_information.h\n'}
[5.386189] (px4_msgs) StdoutLine: {'line': b'-- Up-to-date: /home/subhalaxmi/nidar_ws/install/px4_msgs/include/px4_msgs/px4_msgs/msg/airspeed.h\n'}
[5.386538] (px4_msgs) StdoutLine: {'line': b'-- Up-to-date: /home/subhalaxmi/nidar_ws/install/px4_msgs/include/px4_msgs/px4_msgs/msg/estimator_bias.h\n'}
[5.386910] (px4_msgs) StdoutLine: {'line': b'-- Up-to-date: /home/subhalaxmi/nidar_ws/install/px4_msgs/include/px4_msgs/px4_msgs/msg/health_report.h\n'}
[5.387273] (px4_msgs) StdoutLine: {'line': b'-- Up-to-date: /home/subhalaxmi/nidar_ws/install/px4_msgs/include/px4_msgs/px4_msgs/msg/rtl_time_estimate.h\n'}
[5.387608] (px4_msgs) StdoutLine: {'line': b'-- Up-to-date: /home/subhalaxmi/nidar_ws/install/px4_msgs/include/px4_msgs/px4_msgs/msg/rosidl_generator_c__visibility_control.h\n'}
[5.387958] (px4_msgs) StdoutLine: {'line': b'-- Up-to-date: /home/subhalaxmi/nidar_ws/install/px4_msgs/include/px4_msgs/px4_msgs/msg/goto_setpoint.h\n'}
[5.388270] (px4_msgs) StdoutLine: {'line': b'-- Up-to-date: /home/subhalaxmi/nidar_ws/install/px4_msgs/include/px4_msgs/px4_msgs/msg/qshell_req.h\n'}
[5.388627] (px4_msgs) StdoutLine: {'line': b'-- Up-to-date: /home/subhalaxmi/nidar_ws/install/px4_msgs/include/px4_msgs/px4_msgs/msg/vehicle_roi.h\n'}
[5.388971] (px4_msgs) StdoutLine: {'line': b'-- Up-to-date: /home/subhalaxmi/nidar_ws/install/px4_msgs/include/px4_msgs/px4_msgs/msg/gripper.h\n'}
[5.389333] (px4_msgs) StdoutLine: {'line': b'-- Up-to-date: /home/subhalaxmi/nidar_ws/install/px4_msgs/include/px4_msgs/px4_msgs/msg/fuel_tank_status.h\n'}
[5.389717] (px4_msgs) StdoutLine: {'line': b'-- Up-to-date: /home/subhalaxmi/nidar_ws/install/px4_msgs/include/px4_msgs/px4_msgs/msg/rover_rate_setpoint.h\n'}
[5.390056] (px4_msgs) StdoutLine: {'line': b'-- Up-to-date: /home/subhalaxmi/nidar_ws/install/px4_msgs/include/px4_msgs/px4_msgs/msg/offboard_control_mode.h\n'}
[5.390418] (px4_msgs) StdoutLine: {'line': b'-- Up-to-date: /home/subhalaxmi/nidar_ws/install/px4_msgs/include/px4_msgs/px4_msgs/msg/control_allocator_status.h\n'}
[5.390757] (px4_msgs) StdoutLine: {'line': b'-- Up-to-date: /home/subhalaxmi/nidar_ws/install/px4_msgs/include/px4_msgs/px4_msgs/msg/esc_status.h\n'}
[5.391087] (px4_msgs) StdoutLine: {'line': b'-- Up-to-date: /home/subhalaxmi/nidar_ws/install/px4_msgs/include/px4_msgs/px4_msgs/msg/mount_orientation.h\n'}
[5.391438] (px4_msgs) StdoutLine: {'line': b'-- Up-to-date: /home/subhalaxmi/nidar_ws/install/px4_msgs/include/px4_msgs/px4_msgs/msg/actuator_motors.h\n'}
[5.391792] (px4_msgs) StdoutLine: {'line': b'-- Up-to-date: /home/subhalaxmi/nidar_ws/install/px4_msgs/include/px4_msgs/px4_msgs/msg/landing_target_pose.h\n'}
[5.392142] (px4_msgs) StdoutLine: {'line': b'-- Up-to-date: /home/subhalaxmi/nidar_ws/install/px4_msgs/include/px4_msgs/px4_msgs/msg/rover_speed_status.h\n'}
[5.392484] (px4_msgs) StdoutLine: {'line': b'-- Up-to-date: /home/subhalaxmi/nidar_ws/install/px4_msgs/include/px4_msgs/px4_msgs/msg/raptor_input.h\n'}
[5.392856] (px4_msgs) StdoutLine: {'line': b'-- Up-to-date: /home/subhalaxmi/nidar_ws/install/px4_msgs/include/px4_msgs/px4_msgs/msg/orb_test.h\n'}
[5.393206] (px4_msgs) StdoutLine: {'line': b'-- Up-to-date: /home/subhalaxmi/nidar_ws/install/px4_msgs/include/px4_msgs/px4_msgs/msg/normalized_unsigned_setpoint.h\n'}
[5.393567] (px4_msgs) StdoutLine: {'line': b'-- Up-to-date: /home/subhalaxmi/nidar_ws/install/px4_msgs/include/px4_msgs/px4_msgs/msg/dronecan_node_status.h\n'}
[5.393909] (px4_msgs) StdoutLine: {'line': b'-- Up-to-date: /home/subhalaxmi/nidar_ws/install/px4_msgs/include/px4_msgs/px4_msgs/msg/esc_report.h\n'}
[5.394282] (px4_msgs) StdoutLine: {'line': b'-- Up-to-date: /home/subhalaxmi/nidar_ws/install/px4_msgs/include/px4_msgs/px4_msgs/msg/debug_value.h\n'}
[5.394654] (px4_msgs) StdoutLine: {'line': b'-- Up-to-date: /home/subhalaxmi/nidar_ws/install/px4_msgs/include/px4_msgs/px4_msgs/msg/sensor_airflow.h\n'}
[5.395020] (px4_msgs) StdoutLine: {'line': b'-- Up-to-date: /home/subhalaxmi/nidar_ws/install/px4_msgs/include/px4_msgs/px4_msgs/msg/gimbal_controls.h\n'}
[5.395363] (px4_msgs) StdoutLine: {'line': b'-- Up-to-date: /home/subhalaxmi/nidar_ws/install/px4_msgs/include/px4_msgs/px4_msgs/msg/follow_target_status.h\n'}
[5.395718] (px4_msgs) StdoutLine: {'line': b'-- Up-to-date: /home/subhalaxmi/nidar_ws/install/px4_msgs/include/px4_msgs/px4_msgs/msg/distance_sensor_mode_change_request.h\n'}
[5.396044] (px4_msgs) StdoutLine: {'line': b'-- Up-to-date: /home/subhalaxmi/nidar_ws/install/px4_msgs/include/px4_msgs/px4_msgs/msg/landing_gear.h\n'}
[5.396380] (px4_msgs) StdoutLine: {'line': b'-- Up-to-date: /home/subhalaxmi/nidar_ws/install/px4_msgs/include/px4_msgs/px4_msgs/msg/arming_check_request.h\n'}
[5.396622] (px4_msgs) StdoutLine: {'line': b'-- Up-to-date: /home/subhalaxmi/nidar_ws/install/px4_msgs/include/px4_msgs/px4_msgs/msg/sensor_baro.h\n'}
[5.396824] (px4_msgs) StdoutLine: {'line': b'-- Up-to-date: /home/subhalaxmi/nidar_ws/install/px4_msgs/include/px4_msgs/px4_msgs/msg/navigator_status.h\n'}
[5.397005] (px4_msgs) StdoutLine: {'line': b'-- Up-to-date: /home/subhalaxmi/nidar_ws/install/px4_msgs/include/px4_msgs/px4_msgs/msg/figure_eight_status.h\n'}
[5.397207] (px4_msgs) StdoutLine: {'line': b'-- Up-to-date: /home/subhalaxmi/nidar_ws/install/px4_msgs/include/px4_msgs/px4_msgs/msg/onboard_computer_status.h\n'}
[5.397392] (px4_msgs) StdoutLine: {'line': b'-- Up-to-date: /home/subhalaxmi/nidar_ws/install/px4_msgs/include/px4_msgs/px4_msgs/msg/mission.h\n'}
[5.397578] (px4_msgs) StdoutLine: {'line': b'-- Up-to-date: /home/subhalaxmi/nidar_ws/install/px4_msgs/include/px4_msgs/px4_msgs/msg/sensor_temp.h\n'}
[5.397786] (px4_msgs) StdoutLine: {'line': b'-- Up-to-date: /home/subhalaxmi/nidar_ws/install/px4_msgs/include/px4_msgs/px4_msgs/msg/mavlink_tunnel.h\n'}
[5.398146] (px4_msgs) StdoutLine: {'line': b'-- Up-to-date: /home/subhalaxmi/nidar_ws/install/px4_msgs/include/px4_msgs/px4_msgs/msg/gimbal_manager_set_attitude.h\n'}
[5.398504] (px4_msgs) StdoutLine: {'line': b'-- Up-to-date: /home/subhalaxmi/nidar_ws/install/px4_msgs/include/px4_msgs/px4_msgs/msg/vehicle_status.h\n'}
[5.398859] (px4_msgs) StdoutLine: {'line': b'-- Up-to-date: /home/subhalaxmi/nidar_ws/install/px4_msgs/include/px4_msgs/px4_msgs/msg/vehicle_angular_acceleration_setpoint.h\n'}
[5.399187] (px4_msgs) StdoutLine: {'line': b'-- Up-to-date: /home/subhalaxmi/nidar_ws/install/px4_msgs/include/px4_msgs/px4_msgs/msg/ping.h\n'}
[5.399496] (px4_msgs) StdoutLine: {'line': b'-- Up-to-date: /home/subhalaxmi/nidar_ws/install/px4_msgs/include/px4_msgs/px4_msgs/msg/yaw_estimator_status.h\n'}
[5.399844] (px4_msgs) StdoutLine: {'line': b'-- Up-to-date: /home/subhalaxmi/nidar_ws/install/px4_msgs/include/px4_msgs/px4_msgs/msg/unregister_ext_component.h\n'}
[5.400170] (px4_msgs) StdoutLine: {'line': b'-- Up-to-date: /home/subhalaxmi/nidar_ws/install/px4_msgs/include/px4_msgs/px4_msgs/msg/vehicle_angular_velocity.h\n'}
[5.400531] (px4_msgs) StdoutLine: {'line': b'-- Up-to-date: /home/subhalaxmi/nidar_ws/install/px4_msgs/include/px4_msgs/px4_msgs/msg/geofence_status.h\n'}
[5.400859] (px4_msgs) StdoutLine: {'line': b'-- Up-to-date: /home/subhalaxmi/nidar_ws/install/px4_msgs/include/px4_msgs/px4_msgs/msg/open_drone_id_operator_id.h\n'}
[5.401164] (px4_msgs) StdoutLine: {'line': b'-- Up-to-date: /home/subhalaxmi/nidar_ws/install/px4_msgs/include/px4_msgs/px4_msgs/msg/orb_test_large.h\n'}
[5.401487] (px4_msgs) StdoutLine: {'line': b'-- Up-to-date: /home/subhalaxmi/nidar_ws/install/px4_msgs/include/px4_msgs/px4_msgs/msg/magnetometer_bias_estimate.h\n'}
[5.401839] (px4_msgs) StdoutLine: {'line': b'-- Up-to-date: /home/subhalaxmi/nidar_ws/install/px4_msgs/include/px4_msgs/px4_msgs/msg/gimbal_manager_information.h\n'}
[5.402156] (px4_msgs) StdoutLine: {'line': b'-- Up-to-date: /home/subhalaxmi/nidar_ws/install/px4_msgs/include/px4_msgs/px4_msgs/msg/fixed_wing_lateral_guidance_status.h\n'}
[5.402474] (px4_msgs) StdoutLine: {'line': b'-- Up-to-date: /home/subhalaxmi/nidar_ws/install/px4_msgs/include/px4_msgs/px4_msgs/msg/estimator_aid_source1d.h\n'}
[5.402889] (px4_msgs) StdoutLine: {'line': b'-- Up-to-date: /home/subhalaxmi/nidar_ws/install/px4_msgs/include/px4_msgs/px4_msgs/msg/mavlink_log.h\n'}
[5.403058] (px4_msgs) StdoutLine: {'line': b'-- Up-to-date: /home/subhalaxmi/nidar_ws/install/px4_msgs/include/px4_msgs/px4_msgs/msg/parameter_set_value_response.h\n'}
[5.403203] (px4_msgs) StdoutLine: {'line': b'-- Up-to-date: /home/subhalaxmi/nidar_ws/install/px4_msgs/include/px4_msgs/px4_msgs/msg/fixed_wing_runway_control.h\n'}
[5.403346] (px4_msgs) StdoutLine: {'line': b'-- Up-to-date: /home/subhalaxmi/nidar_ws/install/px4_msgs/include/px4_msgs/px4_msgs/msg/sensor_combined.h\n'}
[5.403482] (px4_msgs) StdoutLine: {'line': b'-- Up-to-date: /home/subhalaxmi/nidar_ws/install/px4_msgs/include/px4_msgs/px4_msgs/msg/led_control.h\n'}
[5.403635] (px4_msgs) StdoutLine: {'line': b'-- Up-to-date: /home/subhalaxmi/nidar_ws/install/px4_msgs/include/px4_msgs/px4_msgs/msg/action_request.h\n'}
[5.403770] (px4_msgs) StdoutLine: {'line': b'-- Up-to-date: /home/subhalaxmi/nidar_ws/install/px4_msgs/include/px4_msgs/px4_msgs/msg/vehicle_command.h\n'}
[5.403904] (px4_msgs) StdoutLine: {'line': b'-- Up-to-date: /home/subhalaxmi/nidar_ws/install/px4_msgs/include/px4_msgs/px4_msgs/msg/position_setpoint.h\n'}
[5.404153] (px4_msgs) StdoutLine: {'line': b'-- Up-to-date: /home/subhalaxmi/nidar_ws/install/px4_msgs/include/px4_msgs/px4_msgs/msg/cellular_status.h\n'}
[5.405378] (px4_msgs) StdoutLine: {'line': b'-- Up-to-date: /home/subhalaxmi/nidar_ws/install/px4_msgs/include/px4_msgs/px4_msgs/msg/hover_thrust_estimate.h\n'}
[5.405766] (px4_msgs) StdoutLine: {'line': b'-- Up-to-date: /home/subhalaxmi/nidar_ws/install/px4_msgs/include/px4_msgs/px4_msgs/msg/battery_info.h\n'}
[5.406124] (px4_msgs) StdoutLine: {'line': b'-- Up-to-date: /home/subhalaxmi/nidar_ws/install/px4_msgs/include/px4_msgs/px4_msgs/msg/satellite_info.h\n'}
[5.406436] (px4_msgs) StdoutLine: {'line': b'-- Up-to-date: /home/subhalaxmi/nidar_ws/install/px4_msgs/include/px4_msgs/px4_msgs/msg/camera_trigger.h\n'}
[5.406758] (px4_msgs) StdoutLine: {'line': b'-- Up-to-date: /home/subhalaxmi/nidar_ws/install/px4_msgs/include/px4_msgs/px4_msgs/msg/mag_worker_data.h\n'}
[5.407063] (px4_msgs) StdoutLine: {'line': b'-- Up-to-date: /home/subhalaxmi/nidar_ws/install/px4_msgs/include/px4_msgs/px4_msgs/msg/arming_check_reply.h\n'}
[5.407381] (px4_msgs) StdoutLine: {'line': b'-- Up-to-date: /home/subhalaxmi/nidar_ws/install/px4_msgs/include/px4_msgs/px4_msgs/msg/vehicle_constraints.h\n'}
[5.407710] (px4_msgs) StdoutLine: {'line': b'-- Up-to-date: /home/subhalaxmi/nidar_ws/install/px4_msgs/include/px4_msgs/px4_msgs/msg/sensors_status_imu.h\n'}
[5.408004] (px4_msgs) StdoutLine: {'line': b'-- Up-to-date: /home/subhalaxmi/nidar_ws/install/px4_msgs/include/px4_msgs/px4_msgs/msg/rover_rate_status.h\n'}
[5.408347] (px4_msgs) StdoutLine: {'line': b'-- Up-to-date: /home/subhalaxmi/nidar_ws/install/px4_msgs/include/px4_msgs/px4_msgs/msg/register_ext_component_reply.h\n'}
[5.408680] (px4_msgs) StdoutLine: {'line': b'-- Up-to-date: /home/subhalaxmi/nidar_ws/install/px4_msgs/include/px4_msgs/px4_msgs/msg/distance_sensor.h\n'}
[5.408992] (px4_msgs) StdoutLine: {'line': b'-- Up-to-date: /home/subhalaxmi/nidar_ws/install/px4_msgs/include/px4_msgs/px4_msgs/msg/timesync_status.h\n'}
[5.409298] (px4_msgs) StdoutLine: {'line': b'-- Up-to-date: /home/subhalaxmi/nidar_ws/install/px4_msgs/include/px4_msgs/px4_msgs/msg/vtol_vehicle_status.h\n'}
[5.409633] (px4_msgs) StdoutLine: {'line': b'-- Up-to-date: /home/subhalaxmi/nidar_ws/install/px4_msgs/include/px4_msgs/px4_msgs/msg/iridiumsbd_status.h\n'}
[5.409935] (px4_msgs) StdoutLine: {'line': b'-- Up-to-date: /home/subhalaxmi/nidar_ws/install/px4_msgs/include/px4_msgs/px4_msgs/msg/manual_control_switches.h\n'}
[5.410232] (px4_msgs) StdoutLine: {'line': b'-- Up-to-date: /home/subhalaxmi/nidar_ws/install/px4_msgs/include/px4_msgs/px4_msgs/msg/fixed_wing_lateral_setpoint.h\n'}
[5.410534] (px4_msgs) StdoutLine: {'line': b'-- Up-to-date: /home/subhalaxmi/nidar_ws/install/px4_msgs/include/px4_msgs/px4_msgs/msg/vehicle_odometry.h\n'}
[5.410842] (px4_msgs) StdoutLine: {'line': b'-- Up-to-date: /home/subhalaxmi/nidar_ws/install/px4_msgs/include/px4_msgs/px4_msgs/msg/uavcan_parameter_request.h\n'}
[5.411125] (px4_msgs) StdoutLine: {'line': b'-- Up-to-date: /home/subhalaxmi/nidar_ws/install/px4_msgs/include/px4_msgs/px4_msgs/msg/failsafe_flags.h\n'}
[5.411446] (px4_msgs) StdoutLine: {'line': b'-- Up-to-date: /home/subhalaxmi/nidar_ws/install/px4_msgs/include/px4_msgs/px4_msgs/msg/follow_target_estimator.h\n'}
[5.411758] (px4_msgs) StdoutLine: {'line': b'-- Up-to-date: /home/subhalaxmi/nidar_ws/install/px4_msgs/include/px4_msgs/px4_msgs/msg/landing_target_innovations.h\n'}
[5.412073] (px4_msgs) StdoutLine: {'line': b'-- Up-to-date: /home/subhalaxmi/nidar_ws/install/px4_msgs/include/px4_msgs/px4_msgs/msg/config_overrides.h\n'}
[5.412378] (px4_msgs) StdoutLine: {'line': b'-- Up-to-date: /home/subhalaxmi/nidar_ws/install/px4_msgs/include/px4_msgs/px4_msgs/msg/takeoff_status.h\n'}
[5.412713] (px4_msgs) StdoutLine: {'line': b'-- Up-to-date: /home/subhalaxmi/nidar_ws/install/px4_msgs/include/px4_msgs/px4_msgs/msg/longitudinal_control_configuration.h\n'}
[5.413025] (px4_msgs) StdoutLine: {'line': b'-- Up-to-date: /home/subhalaxmi/nidar_ws/install/px4_msgs/include/px4_msgs/px4_msgs/msg/telemetry_status.h\n'}
[5.413328] (px4_msgs) StdoutLine: {'line': b'-- Up-to-date: /home/subhalaxmi/nidar_ws/install/px4_msgs/include/px4_msgs/px4_msgs/msg/manual_control_setpoint.h\n'}
[5.413660] (px4_msgs) StdoutLine: {'line': b'-- Up-to-date: /home/subhalaxmi/nidar_ws/install/px4_msgs/include/px4_msgs/px4_msgs/msg/rc_parameter_map.h\n'}
[5.413970] (px4_msgs) StdoutLine: {'line': b'-- Up-to-date: /home/subhalaxmi/nidar_ws/install/px4_msgs/include/px4_msgs/px4_msgs/msg/failure_detector_status.h\n'}
[5.414274] (px4_msgs) StdoutLine: {'line': b'-- Up-to-date: /home/subhalaxmi/nidar_ws/install/px4_msgs/include/px4_msgs/px4_msgs/msg/actuator_test.h\n'}
[5.414580] (px4_msgs) StdoutLine: {'line': b'-- Up-to-date: /home/subhalaxmi/nidar_ws/install/px4_msgs/include/px4_msgs/px4_msgs/msg/gimbal_manager_set_manual_control.h\n'}
[5.414906] (px4_msgs) StdoutLine: {'line': b'-- Up-to-date: /home/subhalaxmi/nidar_ws/install/px4_msgs/include/px4_msgs/px4_msgs/msg/vehicle_land_detected.h\n'}
[5.415212] (px4_msgs) StdoutLine: {'line': b'-- Up-to-date: /home/subhalaxmi/nidar_ws/install/px4_msgs/include/px4_msgs/px4_msgs/msg/radio_status.h\n'}
[5.415454] (px4_msgs) StdoutLine: {'line': b'-- Up-to-date: /home/subhalaxmi/nidar_ws/install/px4_msgs/include/px4_msgs/px4_msgs/msg/pure_pursuit_status.h\n'}
[5.415813] (px4_msgs) StdoutLine: {'line': b'-- Up-to-date: /home/subhalaxmi/nidar_ws/install/px4_msgs/include/px4_msgs/px4_msgs/msg/gpio_config.h\n'}
[5.416099] (px4_msgs) StdoutLine: {'line': b'-- Up-to-date: /home/subhalaxmi/nidar_ws/install/px4_msgs/include/px4_msgs/px4_msgs/msg/battery_status.h\n'}
[5.416390] (px4_msgs) StdoutLine: {'line': b'-- Up-to-date: /home/subhalaxmi/nidar_ws/install/px4_msgs/include/px4_msgs/px4_msgs/msg/estimator_status.h\n'}
[5.416718] (px4_msgs) StdoutLine: {'line': b'-- Up-to-date: /home/subhalaxmi/nidar_ws/install/px4_msgs/include/px4_msgs/px4_msgs/msg/vehicle_command_ack.h\n'}
[5.417026] (px4_msgs) StdoutLine: {'line': b'-- Up-to-date: /home/subhalaxmi/nidar_ws/install/px4_msgs/include/px4_msgs/px4_msgs/msg/debug_vect.h\n'}
[5.417311] (px4_msgs) StdoutLine: {'line': b'-- Up-to-date: /home/subhalaxmi/nidar_ws/install/px4_msgs/include/px4_msgs/px4_msgs/msg/rover_position_setpoint.h\n'}
[5.417628] (px4_msgs) StdoutLine: {'line': b'-- Up-to-date: /home/subhalaxmi/nidar_ws/install/px4_msgs/include/px4_msgs/px4_msgs/msg/flight_phase_estimation.h\n'}
[5.417952] (px4_msgs) StdoutLine: {'line': b'-- Up-to-date: /home/subhalaxmi/nidar_ws/install/px4_msgs/include/px4_msgs/px4_msgs/msg/register_ext_component_request.h\n'}
[5.418258] (px4_msgs) StdoutLine: {'line': b'-- Up-to-date: /home/subhalaxmi/nidar_ws/install/px4_msgs/include/px4_msgs/px4_msgs/msg/position_setpoint_triplet.h\n'}
[5.418565] (px4_msgs) StdoutLine: {'line': b'-- Up-to-date: /home/subhalaxmi/nidar_ws/install/px4_msgs/include/px4_msgs/px4_msgs/msg/power_button_state.h\n'}
[5.418881] (-) TimerEvent: {}
[5.419181] (px4_msgs) StdoutLine: {'line': b'-- Up-to-date: /home/subhalaxmi/nidar_ws/install/px4_msgs/include/px4_msgs/px4_msgs/msg/pps_capture.h\n'}
[5.419537] (px4_msgs) StdoutLine: {'line': b'-- Up-to-date: /home/subhalaxmi/nidar_ws/install/px4_msgs/include/px4_msgs/px4_msgs/msg/autotune_attitude_control_status.h\n'}
[5.419862] (px4_msgs) StdoutLine: {'line': b'-- Up-to-date: /home/subhalaxmi/nidar_ws/install/px4_msgs/include/px4_msgs/px4_msgs/msg/trajectory_setpoint.h\n'}
[5.420161] (px4_msgs) StdoutLine: {'line': b'-- Up-to-date: /home/subhalaxmi/nidar_ws/install/px4_msgs/include/px4_msgs/px4_msgs/msg/open_drone_id_system.h\n'}
[5.420397] (px4_msgs) StdoutLine: {'line': b'-- Up-to-date: /home/subhalaxmi/nidar_ws/install/px4_msgs/include/px4_msgs/px4_msgs/msg/neural_control.h\n'}
[5.420765] (px4_msgs) StdoutLine: {'line': b'-- Up-to-date: /home/subhalaxmi/nidar_ws/install/px4_msgs/include/px4_msgs/px4_msgs/msg/rc_channels.h\n'}
[5.421100] (px4_msgs) StdoutLine: {'line': b'-- Up-to-date: /home/subhalaxmi/nidar_ws/install/px4_msgs/include/px4_msgs/px4_msgs/msg/pwm_input.h\n'}
[5.421400] (px4_msgs) StdoutLine: {'line': b'-- Up-to-date: /home/subhalaxmi/nidar_ws/install/px4_msgs/include/px4_msgs/px4_msgs/msg/parameter_set_used_request.h\n'}
[5.421730] (px4_msgs) StdoutLine: {'line': b'-- Up-to-date: /home/subhalaxmi/nidar_ws/install/px4_msgs/include/px4_msgs/px4_msgs/msg/airspeed_wind.h\n'}
[5.422040] (px4_msgs) StdoutLine: {'line': b'-- Up-to-date: /home/subhalaxmi/nidar_ws/install/px4_msgs/include/px4_msgs/px4_msgs/msg/vehicle_optical_flow_vel.h\n'}
[5.422339] (px4_msgs) StdoutLine: {'line': b'-- Up-to-date: /home/subhalaxmi/nidar_ws/install/px4_msgs/include/px4_msgs/px4_msgs/msg/vehicle_local_position_setpoint.h\n'}
[5.422664] (px4_msgs) StdoutLine: {'line': b'-- Up-to-date: /home/subhalaxmi/nidar_ws/install/px4_msgs/include/px4_msgs/px4_msgs/msg/follow_target.h\n'}
[5.422951] (px4_msgs) StdoutLine: {'line': b'-- Up-to-date: /home/subhalaxmi/nidar_ws/install/px4_msgs/include/px4_msgs/px4_msgs/msg/vehicle_thrust_setpoint.h\n'}
[5.423271] (px4_msgs) StdoutLine: {'line': b'-- Up-to-date: /home/subhalaxmi/nidar_ws/install/px4_msgs/include/px4_msgs/px4_msgs/msg/gpio_in.h\n'}
[5.423584] (px4_msgs) StdoutLine: {'line': b'-- Up-to-date: /home/subhalaxmi/nidar_ws/install/px4_msgs/include/px4_msgs/px4_msgs/msg/geofence_result.h\n'}
[5.423844] (px4_msgs) StdoutLine: {'line': b'-- Up-to-date: /home/subhalaxmi/nidar_ws/install/px4_msgs/include/px4_msgs/px4_msgs/msg/gimbal_device_set_attitude.h\n'}
[5.424043] (px4_msgs) StdoutLine: {'line': b'-- Up-to-date: /home/subhalaxmi/nidar_ws/install/px4_msgs/include/px4_msgs/px4_msgs/msg/rover_attitude_status.h\n'}
[5.424240] (px4_msgs) StdoutLine: {'line': b'-- Up-to-date: /home/subhalaxmi/nidar_ws/install/px4_msgs/include/px4_msgs/px4_msgs/msg/generator_status.h\n'}
[5.424433] (px4_msgs) StdoutLine: {'line': b'-- Up-to-date: /home/subhalaxmi/nidar_ws/install/px4_msgs/include/px4_msgs/px4_msgs/msg/sensor_hygrometer.h\n'}
[5.424654] (px4_msgs) StdoutLine: {'line': b'-- Up-to-date: /home/subhalaxmi/nidar_ws/install/px4_msgs/include/px4_msgs/px4_msgs/msg/button_event.h\n'}
[5.424863] (px4_msgs) StdoutLine: {'line': b'-- Up-to-date: /home/subhalaxmi/nidar_ws/install/px4_msgs/include/px4_msgs/px4_msgs/msg/sensor_accel.h\n'}
[5.425065] (px4_msgs) StdoutLine: {'line': b'-- Up-to-date: /home/subhalaxmi/nidar_ws/install/px4_msgs/include/px4_msgs/px4_msgs/msg/ulog_stream.h\n'}
[5.425286] (px4_msgs) StdoutLine: {'line': b'-- Up-to-date: /home/subhalaxmi/nidar_ws/install/px4_msgs/include/px4_msgs/px4_msgs/msg/parameter_update.h\n'}
[5.425501] (px4_msgs) StdoutLine: {'line': b'-- Up-to-date: /home/subhalaxmi/nidar_ws/install/px4_msgs/include/px4_msgs/px4_msgs/msg/dataman_response.h\n'}
[5.425737] (px4_msgs) StdoutLine: {'line': b'-- Up-to-date: /home/subhalaxmi/nidar_ws/install/px4_msgs/include/px4_msgs/px4_msgs/msg/transponder_report.h\n'}
[5.425941] (px4_msgs) StdoutLine: {'line': b'-- Up-to-date: /home/subhalaxmi/nidar_ws/install/px4_msgs/include/px4_msgs/px4_msgs/msg/gimbal_device_information.h\n'}
[5.426139] (px4_msgs) StdoutLine: {'line': b'-- Up-to-date: /home/subhalaxmi/nidar_ws/install/px4_msgs/include/px4_msgs/px4_msgs/msg/uavcan_parameter_value.h\n'}
[5.426338] (px4_msgs) StdoutLine: {'line': b'-- Up-to-date: /home/subhalaxmi/nidar_ws/install/px4_msgs/include/px4_msgs/px4_msgs/msg/navigator_mission_item.h\n'}
[5.426547] (px4_msgs) StdoutLine: {'line': b'-- Up-to-date: /home/subhalaxmi/nidar_ws/install/px4_msgs/include/px4_msgs/px4_msgs/msg/vehicle_imu_status.h\n'}
[5.426758] (px4_msgs) StdoutLine: {'line': b'-- Up-to-date: /home/subhalaxmi/nidar_ws/install/px4_msgs/include/px4_msgs/px4_msgs/msg/sensor_selection.h\n'}
[5.426955] (px4_msgs) StdoutLine: {'line': b'-- Up-to-date: /home/subhalaxmi/nidar_ws/install/px4_msgs/include/px4_msgs/px4_msgs/msg/system_power.h\n'}
[5.427160] (px4_msgs) StdoutLine: {'line': b'-- Up-to-date: /home/subhalaxmi/nidar_ws/install/px4_msgs/include/px4_msgs/px4_msgs/msg/orb_test_medium.h\n'}
[5.428121] (px4_msgs) StdoutLine: {'line': b'-- Up-to-date: /home/subhalaxmi/nidar_ws/install/px4_msgs/include/px4_msgs/px4_msgs/msg/log_message.h\n'}
[5.428543] (px4_msgs) StdoutLine: {'line': b'-- Up-to-date: /home/subhalaxmi/nidar_ws/install/px4_msgs/include/px4_msgs/px4_msgs/msg/vehicle_attitude_setpoint.h\n'}
[5.428880] (px4_msgs) StdoutLine: {'line': b'-- Up-to-date: /home/subhalaxmi/nidar_ws/install/px4_msgs/include/px4_msgs/px4_msgs/msg/rtl_status.h\n'}
[5.429155] (px4_msgs) StdoutLine: {'line': b'-- Up-to-date: /home/subhalaxmi/nidar_ws/install/px4_msgs/include/px4_msgs/px4_msgs/msg/adc_report.h\n'}
[5.429391] (px4_msgs) StdoutLine: {'line': b'-- Up-to-date: /home/subhalaxmi/nidar_ws/install/px4_msgs/include/px4_msgs/px4_msgs/msg/power_monitor.h\n'}
[5.429693] (px4_msgs) StdoutLine: {'line': b'-- Up-to-date: /home/subhalaxmi/nidar_ws/install/px4_msgs/include/px4_msgs/px4_msgs/msg/launch_detection_status.h\n'}
[5.430262] (px4_msgs) StdoutLine: {'line': b'-- Up-to-date: /home/subhalaxmi/nidar_ws/install/px4_msgs/include/px4_msgs/px4_msgs/msg/trajectory_setpoint6dof.h\n'}
[5.430746] (px4_msgs) StdoutLine: {'line': b'-- Up-to-date: /home/subhalaxmi/nidar_ws/install/px4_msgs/include/px4_msgs/px4_msgs/msg/fixed_wing_longitudinal_setpoint.h\n'}
[5.431052] (px4_msgs) StdoutLine: {'line': b'-- Up-to-date: /home/subhalaxmi/nidar_ws/install/px4_msgs/include/px4_msgs/px4_msgs/msg/position_controller_status.h\n'}
[5.431354] (px4_msgs) StdoutLine: {'line': b'-- Up-to-date: /home/subhalaxmi/nidar_ws/install/px4_msgs/include/px4_msgs/px4_msgs/msg/gpio_out.h\n'}
[5.431684] (px4_msgs) StdoutLine: {'line': b'-- Up-to-date: /home/subhalaxmi/nidar_ws/install/px4_msgs/include/px4_msgs/px4_msgs/msg/home_position.h\n'}
[5.431987] (px4_msgs) StdoutLine: {'line': b'-- Up-to-date: /home/subhalaxmi/nidar_ws/install/px4_msgs/include/px4_msgs/px4_msgs/msg/ulog_stream_ack.h\n'}
[5.432297] (px4_msgs) StdoutLine: {'line': b'-- Up-to-date: /home/subhalaxmi/nidar_ws/install/px4_msgs/include/px4_msgs/px4_msgs/msg/estimator_selector_status.h\n'}
[5.432594] (px4_msgs) StdoutLine: {'line': b'-- Up-to-date: /home/subhalaxmi/nidar_ws/install/px4_msgs/include/px4_msgs/px4_msgs/msg/irlock_report.h\n'}
[5.432909] (px4_msgs) StdoutLine: {'line': b'-- Up-to-date: /home/subhalaxmi/nidar_ws/install/px4_msgs/include/px4_msgs/px4_msgs/msg/actuator_servos_trim.h\n'}
[5.433207] (px4_msgs) StdoutLine: {'line': b'-- Up-to-date: /home/subhalaxmi/nidar_ws/install/px4_msgs/include/px4_msgs/px4_msgs/msg/parameter_reset_request.h\n'}
[5.433501] (px4_msgs) StdoutLine: {'line': b'-- Up-to-date: /home/subhalaxmi/nidar_ws/install/px4_msgs/include/px4_msgs/px4_msgs/msg/rpm.h\n'}
[5.433842] (px4_msgs) StdoutLine: {'line': b'-- Up-to-date: /home/subhalaxmi/nidar_ws/install/px4_msgs/include/px4_msgs/px4_msgs/msg/gimbal_device_attitude_status.h\n'}
[5.434154] (px4_msgs) StdoutLine: {'line': b'-- Up-to-date: /home/subhalaxmi/nidar_ws/install/px4_msgs/include/px4_msgs/px4_msgs/msg/actuator_controls_status.h\n'}
[5.434450] (px4_msgs) StdoutLine: {'line': b'-- Up-to-date: /home/subhalaxmi/nidar_ws/install/px4_msgs/include/px4_msgs/px4_msgs/msg/internal_combustion_engine_control.h\n'}
[5.434785] (px4_msgs) StdoutLine: {'line': b'-- Up-to-date: /home/subhalaxmi/nidar_ws/install/px4_msgs/include/px4_msgs/px4_msgs/msg/rover_throttle_setpoint.h\n'}
[5.435090] (px4_msgs) StdoutLine: {'line': b'-- Up-to-date: /home/subhalaxmi/nidar_ws/install/px4_msgs/include/px4_msgs/px4_msgs/msg/estimator_aid_source3d.h\n'}
[5.435403] (px4_msgs) StdoutLine: {'line': b'-- Up-to-date: /home/subhalaxmi/nidar_ws/install/px4_msgs/include/px4_msgs/px4_msgs/msg/estimator_states.h\n'}
[5.435720] (px4_msgs) StdoutLine: {'line': b'-- Up-to-date: /home/subhalaxmi/nidar_ws/install/px4_msgs/include/px4_msgs/px4_msgs/msg/sensor_gyro_fft.h\n'}
[5.436055] (px4_msgs) StdoutLine: {'line': b'-- Up-to-date: /home/subhalaxmi/nidar_ws/install/px4_msgs/include/px4_msgs/px4_msgs/msg/vehicle_optical_flow.h\n'}
[5.436348] (px4_msgs) StdoutLine: {'line': b'-- Up-to-date: /home/subhalaxmi/nidar_ws/install/px4_msgs/include/px4_msgs/px4_msgs/msg/orbit_status.h\n'}
[5.436646] (px4_msgs) StdoutLine: {'line': b'-- Up-to-date: /home/subhalaxmi/nidar_ws/install/px4_msgs/include/px4_msgs/px4_msgs/msg/event.h\n'}
[5.436952] (px4_msgs) StdoutLine: {'line': b'-- Up-to-date: /home/subhalaxmi/nidar_ws/install/px4_msgs/include/px4_msgs/px4_msgs/msg/vehicle_control_mode.h\n'}
[5.437251] (px4_msgs) StdoutLine: {'line': b'-- Up-to-date: /home/subhalaxmi/nidar_ws/install/px4_msgs/include/px4_msgs/px4_msgs/msg/vehicle_global_position.h\n'}
[5.437556] (px4_msgs) StdoutLine: {'line': b'-- Up-to-date: /home/subhalaxmi/nidar_ws/install/px4_msgs/include/px4_msgs/px4_msgs/msg/raptor_status.h\n'}
[5.437863] (px4_msgs) StdoutLine: {'line': b'-- Up-to-date: /home/subhalaxmi/nidar_ws/install/px4_msgs/include/px4_msgs/px4_msgs/msg/sensor_gnss_status.h\n'}
[5.438182] (px4_msgs) StdoutLine: {'line': b'-- Up-to-date: /home/subhalaxmi/nidar_ws/install/px4_msgs/include/px4_msgs/px4_msgs/msg/sensor_gyro.h\n'}
[5.438497] (px4_msgs) StdoutLine: {'line': b'-- Up-to-date: /home/subhalaxmi/nidar_ws/install/px4_msgs/include/px4_msgs/px4_msgs/msg/vehicle_imu.h\n'}
[5.438754] (px4_msgs) StdoutLine: {'line': b'-- Up-to-date: /home/subhalaxmi/nidar_ws/install/px4_msgs/include/px4_msgs/px4_msgs/msg/message_format_request.h\n'}
[5.438885] (px4_msgs) StdoutLine: {'line': b'-- Up-to-date: /home/subhalaxmi/nidar_ws/install/px4_msgs/include/px4_msgs/px4_msgs/msg/aux_global_position.h\n'}
[5.438995] (px4_msgs) StdoutLine: {'line': b'-- Up-to-date: /home/subhalaxmi/nidar_ws/install/px4_msgs/include/px4_msgs/px4_msgs/msg/vtx.h\n'}
[5.439100] (px4_msgs) StdoutLine: {'line': b'-- Up-to-date: /home/subhalaxmi/nidar_ws/install/px4_msgs/include/px4_msgs/px4_msgs/msg/obstacle_distance.h\n'}
[5.439202] (px4_msgs) StdoutLine: {'line': b'-- Up-to-date: /home/subhalaxmi/nidar_ws/install/px4_msgs/include/px4_msgs/px4_msgs/msg/velocity_limits.h\n'}
[5.439325] (px4_msgs) StdoutLine: {'line': b'-- Up-to-date: /home/subhalaxmi/nidar_ws/install/px4_msgs/include/px4_msgs/px4_msgs/msg/landing_gear_wheel.h\n'}
[5.439425] (px4_msgs) StdoutLine: {'line': b'-- Up-to-date: /home/subhalaxmi/nidar_ws/install/px4_msgs/include/px4_msgs/px4_msgs/msg/sensor_gnss_relative.h\n'}
[5.439537] (px4_msgs) StdoutLine: {'line': b'-- Up-to-date: /home/subhalaxmi/nidar_ws/install/px4_msgs/include/px4_msgs/px4_msgs/msg/cpuload.h\n'}
[5.439691] (px4_msgs) StdoutLine: {'line': b'-- Up-to-date: /home/subhalaxmi/nidar_ws/install/px4_msgs/include/px4_msgs/px4_msgs/msg/ekf2_timestamps.h\n'}
[5.439819] (px4_msgs) StdoutLine: {'line': b'-- Up-to-date: /home/subhalaxmi/nidar_ws/install/px4_msgs/include/px4_msgs/px4_msgs/msg/wind.h\n'}
[5.439946] (px4_msgs) StdoutLine: {'line': b'-- Up-to-date: /home/subhalaxmi/nidar_ws/install/px4_msgs/include/px4_msgs/px4_msgs/msg/input_rc.h\n'}
[5.440074] (px4_msgs) StdoutLine: {'line': b'-- Up-to-date: /home/subhalaxmi/nidar_ws/install/px4_msgs/include/px4_msgs/px4_msgs/msg/sensor_correction.h\n'}
[5.440202] (px4_msgs) StdoutLine: {'line': b'-- Up-to-date: /home/subhalaxmi/nidar_ws/install/px4_msgs/include/px4_msgs/px4_msgs/msg/sensors_status.h\n'}
[5.440327] (px4_msgs) StdoutLine: {'line': b'-- Up-to-date: /home/subhalaxmi/nidar_ws/install/px4_msgs/include/px4_msgs/px4_msgs/msg/task_stack_info.h\n'}
[5.440454] (px4_msgs) StdoutLine: {'line': b'-- Up-to-date: /home/subhalaxmi/nidar_ws/install/px4_msgs/include/px4_msgs/px4_msgs/msg/wheel_encoders.h\n'}
[5.441062] (px4_msgs) StdoutLine: {'line': b'-- Up-to-date: /home/subhalaxmi/nidar_ws/install/px4_msgs/include/px4_msgs/px4_msgs/msg/actuator_servos.h\n'}
[5.441204] (px4_msgs) StdoutLine: {'line': b'-- Up-to-date: /home/subhalaxmi/nidar_ws/install/px4_msgs/include/px4_msgs/px4_msgs/msg/rover_attitude_setpoint.h\n'}
[5.441330] (px4_msgs) StdoutLine: {'line': b'-- Up-to-date: /home/subhalaxmi/nidar_ws/install/px4_msgs/include/px4_msgs/px4_msgs/msg/camera_status.h\n'}
[5.441454] (px4_msgs) StdoutLine: {'line': b'-- Up-to-date: /home/subhalaxmi/nidar_ws/install/px4_msgs/include/px4_msgs/px4_msgs/msg/detail\n'}
[5.441602] (px4_msgs) StdoutLine: {'line': b'-- Up-to-date: /home/subhalaxmi/nidar_ws/install/px4_msgs/include/px4_msgs/px4_msgs/msg/detail/airspeed_wind__type_support.h\n'}
[5.441979] (px4_msgs) StdoutLine: {'line': b'-- Up-to-date: /home/subhalaxmi/nidar_ws/install/px4_msgs/include/px4_msgs/px4_msgs/msg/detail/sensors_status_imu__type_support.h\n'}
[5.442105] (px4_msgs) StdoutLine: {'line': b'-- Up-to-date: /home/subhalaxmi/nidar_ws/install/px4_msgs/include/px4_msgs/px4_msgs/msg/detail/navigator_mission_item__type_support.h\n'}
[5.442218] (px4_msgs) StdoutLine: {'line': b'-- Up-to-date: /home/subhalaxmi/nidar_ws/install/px4_msgs/include/px4_msgs/px4_msgs/msg/detail/normalized_unsigned_setpoint__functions.h\n'}
[5.442343] (px4_msgs) StdoutLine: {'line': b'-- Up-to-date: /home/subhalaxmi/nidar_ws/install/px4_msgs/include/px4_msgs/px4_msgs/msg/detail/generator_status__functions.c\n'}
[5.442466] (px4_msgs) StdoutLine: {'line': b'-- Up-to-date: /home/subhalaxmi/nidar_ws/install/px4_msgs/include/px4_msgs/px4_msgs/msg/detail/takeoff_status__type_support.h\n'}
[5.442663] (px4_msgs) StdoutLine: {'line': b'-- Up-to-date: /home/subhalaxmi/nidar_ws/install/px4_msgs/include/px4_msgs/px4_msgs/msg/detail/launch_detection_status__struct.h\n'}
[5.442798] (px4_msgs) StdoutLine: {'line': b'-- Up-to-date: /home/subhalaxmi/nidar_ws/install/px4_msgs/include/px4_msgs/px4_msgs/msg/detail/qshell_retval__functions.c\n'}
[5.442924] (px4_msgs) StdoutLine: {'line': b'-- Up-to-date: /home/subhalaxmi/nidar_ws/install/px4_msgs/include/px4_msgs/px4_msgs/msg/detail/aux_global_position__functions.h\n'}
[5.443050] (px4_msgs) StdoutLine: {'line': b'-- Up-to-date: /home/subhalaxmi/nidar_ws/install/px4_msgs/include/px4_msgs/px4_msgs/msg/detail/manual_control_setpoint__type_support.h\n'}
[5.443174] (px4_msgs) StdoutLine: {'line': b'-- Up-to-date: /home/subhalaxmi/nidar_ws/install/px4_msgs/include/px4_msgs/px4_msgs/msg/detail/estimator_event_flags__type_support.h\n'}
[5.443294] (px4_msgs) StdoutLine: {'line': b'-- Up-to-date: /home/subhalaxmi/nidar_ws/install/px4_msgs/include/px4_msgs/px4_msgs/msg/detail/rover_attitude_setpoint__type_support.h\n'}
[5.443418] (px4_msgs) StdoutLine: {'line': b'-- Up-to-date: /home/subhalaxmi/nidar_ws/install/px4_msgs/include/px4_msgs/px4_msgs/msg/detail/estimator_bias3d__functions.h\n'}
[5.443553] (px4_msgs) StdoutLine: {'line': b'-- Up-to-date: /home/subhalaxmi/nidar_ws/install/px4_msgs/include/px4_msgs/px4_msgs/msg/detail/vehicle_control_mode__functions.h\n'}
[5.444095] (px4_msgs) StdoutLine: {'line': b'-- Up-to-date: /home/subhalaxmi/nidar_ws/install/px4_msgs/include/px4_msgs/px4_msgs/msg/detail/estimator_aid_source2d__functions.c\n'}
[5.444231] (px4_msgs) StdoutLine: {'line': b'-- Up-to-date: /home/subhalaxmi/nidar_ws/install/px4_msgs/include/px4_msgs/px4_msgs/msg/detail/rpm__functions.c\n'}
[5.444354] (px4_msgs) StdoutLine: {'line': b'-- Up-to-date: /home/subhalaxmi/nidar_ws/install/px4_msgs/include/px4_msgs/px4_msgs/msg/detail/button_event__type_support.h\n'}
[5.444477] (px4_msgs) StdoutLine: {'line': b'-- Up-to-date: /home/subhalaxmi/nidar_ws/install/px4_msgs/include/px4_msgs/px4_msgs/msg/detail/vehicle_command__functions.c\n'}
[5.444929] (px4_msgs) StdoutLine: {'line': b'-- Up-to-date: /home/subhalaxmi/nidar_ws/install/px4_msgs/include/px4_msgs/px4_msgs/msg/detail/estimator_status__functions.c\n'}
[5.445222] (px4_msgs) StdoutLine: {'line': b'-- Up-to-date: /home/subhalaxmi/nidar_ws/install/px4_msgs/include/px4_msgs/px4_msgs/msg/detail/aux_global_position__functions.c\n'}
[5.445438] (px4_msgs) StdoutLine: {'line': b'-- Up-to-date: /home/subhalaxmi/nidar_ws/install/px4_msgs/include/px4_msgs/px4_msgs/msg/detail/wheel_encoders__struct.h\n'}
[5.445722] (px4_msgs) StdoutLine: {'line': b'-- Up-to-date: /home/subhalaxmi/nidar_ws/install/px4_msgs/include/px4_msgs/px4_msgs/msg/detail/gimbal_manager_information__functions.c\n'}
[5.445864] (px4_msgs) StdoutLine: {'line': b'-- Up-to-date: /home/subhalaxmi/nidar_ws/install/px4_msgs/include/px4_msgs/px4_msgs/msg/detail/vehicle_control_mode__type_support.h\n'}
[5.446022] (px4_msgs) StdoutLine: {'line': b'-- Up-to-date: /home/subhalaxmi/nidar_ws/install/px4_msgs/include/px4_msgs/px4_msgs/msg/detail/unregister_ext_component__struct.h\n'}
[5.446293] (px4_msgs) StdoutLine: {'line': b'-- Up-to-date: /home/subhalaxmi/nidar_ws/install/px4_msgs/include/px4_msgs/px4_msgs/msg/detail/velocity_limits__functions.h\n'}
[5.446422] (px4_msgs) StdoutLine: {'line': b'-- Up-to-date: /home/subhalaxmi/nidar_ws/install/px4_msgs/include/px4_msgs/px4_msgs/msg/detail/sensor_uwb__functions.h\n'}
[5.446563] (px4_msgs) StdoutLine: {'line': b'-- Up-to-date: /home/subhalaxmi/nidar_ws/install/px4_msgs/include/px4_msgs/px4_msgs/msg/detail/airspeed_validated__functions.h\n'}
[5.446904] (px4_msgs) StdoutLine: {'line': b'-- Up-to-date: /home/subhalaxmi/nidar_ws/install/px4_msgs/include/px4_msgs/px4_msgs/msg/detail/vehicle_angular_velocity__type_support.h\n'}
[5.447037] (px4_msgs) StdoutLine: {'line': b'-- Up-to-date: /home/subhalaxmi/nidar_ws/install/px4_msgs/include/px4_msgs/px4_msgs/msg/detail/actuator_outputs__struct.h\n'}
[5.447164] (px4_msgs) StdoutLine: {'line': b'-- Up-to-date: /home/subhalaxmi/nidar_ws/install/px4_msgs/include/px4_msgs/px4_msgs/msg/detail/sensor_mag__struct.h\n'}
[5.447294] (px4_msgs) StdoutLine: {'line': b'-- Up-to-date: /home/subhalaxmi/nidar_ws/install/px4_msgs/include/px4_msgs/px4_msgs/msg/detail/gimbal_device_set_attitude__functions.c\n'}
[5.447420] (px4_msgs) StdoutLine: {'line': b'-- Up-to-date: /home/subhalaxmi/nidar_ws/install/px4_msgs/include/px4_msgs/px4_msgs/msg/detail/sensor_gnss_status__struct.h\n'}
[5.447562] (px4_msgs) StdoutLine: {'line': b'-- Up-to-date: /home/subhalaxmi/nidar_ws/install/px4_msgs/include/px4_msgs/px4_msgs/msg/detail/sensor_mag__functions.c\n'}
[5.447709] (px4_msgs) StdoutLine: {'line': b'-- Up-to-date: /home/subhalaxmi/nidar_ws/install/px4_msgs/include/px4_msgs/px4_msgs/msg/detail/parameter_set_value_response__type_support.h\n'}
[5.447839] (px4_msgs) StdoutLine: {'line': b'-- Up-to-date: /home/subhalaxmi/nidar_ws/install/px4_msgs/include/px4_msgs/px4_msgs/msg/detail/vehicle_local_position_setpoint__functions.h\n'}
[5.447968] (px4_msgs) StdoutLine: {'line': b'-- Up-to-date: /home/subhalaxmi/nidar_ws/install/px4_msgs/include/px4_msgs/px4_msgs/msg/detail/failure_detector_status__struct.h\n'}
[5.448096] (px4_msgs) StdoutLine: {'line': b'-- Up-to-date: /home/subhalaxmi/nidar_ws/install/px4_msgs/include/px4_msgs/px4_msgs/msg/detail/rpm__functions.h\n'}
[5.448222] (px4_msgs) StdoutLine: {'line': b'-- Up-to-date: /home/subhalaxmi/nidar_ws/install/px4_msgs/include/px4_msgs/px4_msgs/msg/detail/log_message__functions.c\n'}
[5.448351] (px4_msgs) StdoutLine: {'line': b'-- Up-to-date: /home/subhalaxmi/nidar_ws/install/px4_msgs/include/px4_msgs/px4_msgs/msg/detail/gimbal_device_set_attitude__functions.h\n'}
[5.448479] (px4_msgs) StdoutLine: {'line': b'-- Up-to-date: /home/subhalaxmi/nidar_ws/install/px4_msgs/include/px4_msgs/px4_msgs/msg/detail/sensor_combined__functions.h\n'}
[5.448627] (px4_msgs) StdoutLine: {'line': b'-- Up-to-date: /home/subhalaxmi/nidar_ws/install/px4_msgs/include/px4_msgs/px4_msgs/msg/detail/offboard_control_mode__functions.h\n'}
[5.448834] (px4_msgs) StdoutLine: {'line': b'-- Up-to-date: /home/subhalaxmi/nidar_ws/install/px4_msgs/include/px4_msgs/px4_msgs/msg/detail/distance_sensor_mode_change_request__functions.c\n'}
[5.448959] (px4_msgs) StdoutLine: {'line': b'-- Up-to-date: /home/subhalaxmi/nidar_ws/install/px4_msgs/include/px4_msgs/px4_msgs/msg/detail/parameter_update__functions.h\n'}
[5.449083] (px4_msgs) StdoutLine: {'line': b'-- Up-to-date: /home/subhalaxmi/nidar_ws/install/px4_msgs/include/px4_msgs/px4_msgs/msg/detail/fixed_wing_runway_control__type_support.h\n'}
[5.449206] (px4_msgs) StdoutLine: {'line': b'-- Up-to-date: /home/subhalaxmi/nidar_ws/install/px4_msgs/include/px4_msgs/px4_msgs/msg/detail/open_drone_id_arm_status__functions.c\n'}
[5.449329] (px4_msgs) StdoutLine: {'line': b'-- Up-to-date: /home/subhalaxmi/nidar_ws/install/px4_msgs/include/px4_msgs/px4_msgs/msg/detail/failure_detector_status__functions.h\n'}
[5.449453] (px4_msgs) StdoutLine: {'line': b'-- Up-to-date: /home/subhalaxmi/nidar_ws/install/px4_msgs/include/px4_msgs/px4_msgs/msg/detail/tiltrotor_extra_controls__functions.c\n'}
[5.450152] (px4_msgs) StdoutLine: {'line': b'-- Up-to-date: /home/subhalaxmi/nidar_ws/install/px4_msgs/include/px4_msgs/px4_msgs/msg/detail/vehicle_odometry__type_support.h\n'}
[5.450288] (px4_msgs) StdoutLine: {'line': b'-- Up-to-date: /home/subhalaxmi/nidar_ws/install/px4_msgs/include/px4_msgs/px4_msgs/msg/detail/ulog_stream_ack__struct.h\n'}
[5.450416] (px4_msgs) StdoutLine: {'line': b'-- Up-to-date: /home/subhalaxmi/nidar_ws/install/px4_msgs/include/px4_msgs/px4_msgs/msg/detail/vehicle_attitude__type_support.h\n'}
[5.450552] (px4_msgs) StdoutLine: {'line': b'-- Up-to-date: /home/subhalaxmi/nidar_ws/install/px4_msgs/include/px4_msgs/px4_msgs/msg/detail/parameter_set_value_response__struct.h\n'}
[5.450776] (px4_msgs) StdoutLine: {'line': b'-- Up-to-date: /home/subhalaxmi/nidar_ws/install/px4_msgs/include/px4_msgs/px4_msgs/msg/detail/rover_steering_setpoint__functions.c\n'}
[5.451122] (px4_msgs) StdoutLine: {'line': b'-- Up-to-date: /home/subhalaxmi/nidar_ws/install/px4_msgs/include/px4_msgs/px4_msgs/msg/detail/battery_info__struct.h\n'}
[5.451255] (px4_msgs) StdoutLine: {'line': b'-- Up-to-date: /home/subhalaxmi/nidar_ws/install/px4_msgs/include/px4_msgs/px4_msgs/msg/detail/rover_speed_status__struct.h\n'}
[5.451383] (px4_msgs) StdoutLine: {'line': b'-- Up-to-date: /home/subhalaxmi/nidar_ws/install/px4_msgs/include/px4_msgs/px4_msgs/msg/detail/control_allocator_status__struct.h\n'}
[5.451510] (px4_msgs) StdoutLine: {'line': b'-- Up-to-date: /home/subhalaxmi/nidar_ws/install/px4_msgs/include/px4_msgs/px4_msgs/msg/detail/parameter_set_value_response__functions.h\n'}
[5.451694] (px4_msgs) StdoutLine: {'line': b'-- Up-to-date: /home/subhalaxmi/nidar_ws/install/px4_msgs/include/px4_msgs/px4_msgs/msg/detail/sensor_gyro_fifo__type_support.h\n'}
[5.451832] (px4_msgs) StdoutLine: {'line': b'-- Up-to-date: /home/subhalaxmi/nidar_ws/install/px4_msgs/include/px4_msgs/px4_msgs/msg/detail/led_control__functions.h\n'}
[5.451957] (px4_msgs) StdoutLine: {'line': b'-- Up-to-date: /home/subhalaxmi/nidar_ws/install/px4_msgs/include/px4_msgs/px4_msgs/msg/detail/unregister_ext_component__functions.h\n'}
[5.452077] (px4_msgs) StdoutLine: {'line': b'-- Up-to-date: /home/subhalaxmi/nidar_ws/install/px4_msgs/include/px4_msgs/px4_msgs/msg/detail/airspeed__type_support.h\n'}
[5.452185] (px4_msgs) StdoutLine: {'line': b'-- Up-to-date: /home/subhalaxmi/nidar_ws/install/px4_msgs/include/px4_msgs/px4_msgs/msg/detail/rover_rate_setpoint__struct.h\n'}
[5.452306] (px4_msgs) StdoutLine: {'line': b'-- Up-to-date: /home/subhalaxmi/nidar_ws/install/px4_msgs/include/px4_msgs/px4_msgs/msg/detail/dataman_response__type_support.h\n'}
[5.452432] (px4_msgs) StdoutLine: {'line': b'-- Up-to-date: /home/subhalaxmi/nidar_ws/install/px4_msgs/include/px4_msgs/px4_msgs/msg/detail/mission_result__type_support.h\n'}
[5.452693] (px4_msgs) StdoutLine: {'line': b'-- Up-to-date: /home/subhalaxmi/nidar_ws/install/px4_msgs/include/px4_msgs/px4_msgs/msg/detail/action_request__struct.h\n'}
[5.452838] (px4_msgs) StdoutLine: {'line': b'-- Up-to-date: /home/subhalaxmi/nidar_ws/install/px4_msgs/include/px4_msgs/px4_msgs/msg/detail/esc_status__struct.h\n'}
[5.452963] (px4_msgs) StdoutLine: {'line': b'-- Up-to-date: /home/subhalaxmi/nidar_ws/install/px4_msgs/include/px4_msgs/px4_msgs/msg/detail/vehicle_imu_status__struct.h\n'}
[5.453090] (px4_msgs) StdoutLine: {'line': b'-- Up-to-date: /home/subhalaxmi/nidar_ws/install/px4_msgs/include/px4_msgs/px4_msgs/msg/detail/rate_ctrl_status__struct.h\n'}
[5.453219] (px4_msgs) StdoutLine: {'line': b'-- Up-to-date: /home/subhalaxmi/nidar_ws/install/px4_msgs/include/px4_msgs/px4_msgs/msg/detail/vehicle_optical_flow_vel__type_support.h\n'}
[5.453345] (px4_msgs) StdoutLine: {'line': b'-- Up-to-date: /home/subhalaxmi/nidar_ws/install/px4_msgs/include/px4_msgs/px4_msgs/msg/detail/rover_throttle_setpoint__type_support.h\n'}
[5.453472] (px4_msgs) StdoutLine: {'line': b'-- Up-to-date: /home/subhalaxmi/nidar_ws/install/px4_msgs/include/px4_msgs/px4_msgs/msg/detail/config_overrides__functions.c\n'}
[5.453622] (px4_msgs) StdoutLine: {'line': b'-- Up-to-date: /home/subhalaxmi/nidar_ws/install/px4_msgs/include/px4_msgs/px4_msgs/msg/detail/vehicle_constraints__type_support.h\n'}
[5.453902] (px4_msgs) StdoutLine: {'line': b'-- Up-to-date: /home/subhalaxmi/nidar_ws/install/px4_msgs/include/px4_msgs/px4_msgs/msg/detail/tiltrotor_extra_controls__functions.h\n'}
[5.454029] (px4_msgs) StdoutLine: {'line': b'-- Up-to-date: /home/subhalaxmi/nidar_ws/install/px4_msgs/include/px4_msgs/px4_msgs/msg/detail/ekf2_timestamps__functions.h\n'}
[5.454140] (px4_msgs) StdoutLine: {'line': b'-- Up-to-date: /home/subhalaxmi/nidar_ws/install/px4_msgs/include/px4_msgs/px4_msgs/msg/detail/camera_trigger__struct.h\n'}
[5.454249] (px4_msgs) StdoutLine: {'line': b'-- Up-to-date: /home/subhalaxmi/nidar_ws/install/px4_msgs/include/px4_msgs/px4_msgs/msg/detail/sensor_accel__struct.h\n'}
[5.454357] (px4_msgs) StdoutLine: {'line': b'-- Up-to-date: /home/subhalaxmi/nidar_ws/install/px4_msgs/include/px4_msgs/px4_msgs/msg/detail/input_rc__functions.h\n'}
[5.454465] (px4_msgs) StdoutLine: {'line': b'-- Up-to-date: /home/subhalaxmi/nidar_ws/install/px4_msgs/include/px4_msgs/px4_msgs/msg/detail/qshell_req__functions.h\n'}
[5.454854] (px4_msgs) StdoutLine: {'line': b'-- Up-to-date: /home/subhalaxmi/nidar_ws/install/px4_msgs/include/px4_msgs/px4_msgs/msg/detail/sensor_temp__type_support.h\n'}
[5.455208] (px4_msgs) StdoutLine: {'line': b'-- Up-to-date: /home/subhalaxmi/nidar_ws/install/px4_msgs/include/px4_msgs/px4_msgs/msg/detail/wind__struct.h\n'}
[5.455444] (px4_msgs) StdoutLine: {'line': b'-- Up-to-date: /home/subhalaxmi/nidar_ws/install/px4_msgs/include/px4_msgs/px4_msgs/msg/detail/estimator_states__struct.h\n'}
[5.455692] (px4_msgs) StdoutLine: {'line': b'-- Up-to-date: /home/subhalaxmi/nidar_ws/install/px4_msgs/include/px4_msgs/px4_msgs/msg/detail/landing_target_innovations__functions.h\n'}
[5.455948] (px4_msgs) StdoutLine: {'line': b'-- Up-to-date: /home/subhalaxmi/nidar_ws/install/px4_msgs/include/px4_msgs/px4_msgs/msg/detail/yaw_estimator_status__functions.h\n'}
[5.456169] (px4_msgs) StdoutLine: {'line': b'-- Up-to-date: /home/subhalaxmi/nidar_ws/install/px4_msgs/include/px4_msgs/px4_msgs/msg/detail/gpio_out__struct.h\n'}
[5.456377] (px4_msgs) StdoutLine: {'line': b'-- Up-to-date: /home/subhalaxmi/nidar_ws/install/px4_msgs/include/px4_msgs/px4_msgs/msg/detail/raptor_input__type_support.h\n'}
[5.456745] (px4_msgs) StdoutLine: {'line': b'-- Up-to-date: /home/subhalaxmi/nidar_ws/install/px4_msgs/include/px4_msgs/px4_msgs/msg/detail/gimbal_manager_information__struct.h\n'}
[5.456968] (px4_msgs) StdoutLine: {'line': b'-- Up-to-date: /home/subhalaxmi/nidar_ws/install/px4_msgs/include/px4_msgs/px4_msgs/msg/detail/estimator_bias__functions.c\n'}
[5.457144] (px4_msgs) StdoutLine: {'line': b'-- Up-to-date: /home/subhalaxmi/nidar_ws/install/px4_msgs/include/px4_msgs/px4_msgs/msg/detail/parameter_set_used_request__type_support.h\n'}
[5.457337] (px4_msgs) StdoutLine: {'line': b'-- Up-to-date: /home/subhalaxmi/nidar_ws/install/px4_msgs/include/px4_msgs/px4_msgs/msg/detail/vehicle_odometry__functions.h\n'}
[5.457697] (px4_msgs) StdoutLine: {'line': b'-- Up-to-date: /home/subhalaxmi/nidar_ws/install/px4_msgs/include/px4_msgs/px4_msgs/msg/detail/sensor_hygrometer__functions.c\n'}
[5.458014] (px4_msgs) StdoutLine: {'line': b'-- Up-to-date: /home/subhalaxmi/nidar_ws/install/px4_msgs/include/px4_msgs/px4_msgs/msg/detail/vehicle_control_mode__struct.h\n'}
[5.458327] (px4_msgs) StdoutLine: {'line': b'-- Up-to-date: /home/subhalaxmi/nidar_ws/install/px4_msgs/include/px4_msgs/px4_msgs/msg/detail/vehicle_imu__type_support.h\n'}
[5.458636] (px4_msgs) StdoutLine: {'line': b'-- Up-to-date: /home/subhalaxmi/nidar_ws/install/px4_msgs/include/px4_msgs/px4_msgs/msg/detail/fixed_wing_lateral_guidance_status__struct.h\n'}
[5.458952] (px4_msgs) StdoutLine: {'line': b'-- Up-to-date: /home/subhalaxmi/nidar_ws/install/px4_msgs/include/px4_msgs/px4_msgs/msg/detail/button_event__struct.h\n'}
[5.459273] (px4_msgs) StdoutLine: {'line': b'-- Up-to-date: /home/subhalaxmi/nidar_ws/install/px4_msgs/include/px4_msgs/px4_msgs/msg/detail/home_position__type_support.h\n'}
[5.459544] (px4_msgs) StdoutLine: {'line': b'-- Up-to-date: /home/subhalaxmi/nidar_ws/install/px4_msgs/include/px4_msgs/px4_msgs/msg/detail/vehicle_global_position__struct.h\n'}
[5.460014] (px4_msgs) StdoutLine: {'line': b'-- Up-to-date: /home/subhalaxmi/nidar_ws/install/px4_msgs/include/px4_msgs/px4_msgs/msg/detail/sensor_preflight_mag__functions.h\n'}
[5.460311] (px4_msgs) StdoutLine: {'line': b'-- Up-to-date: /home/subhalaxmi/nidar_ws/install/px4_msgs/include/px4_msgs/px4_msgs/msg/detail/power_button_state__struct.h\n'}
[5.460713] (px4_msgs) StdoutLine: {'line': b'-- Up-to-date: /home/subhalaxmi/nidar_ws/install/px4_msgs/include/px4_msgs/px4_msgs/msg/detail/sensor_correction__struct.h\n'}
[5.461031] (px4_msgs) StdoutLine: {'line': b'-- Up-to-date: /home/subhalaxmi/nidar_ws/install/px4_msgs/include/px4_msgs/px4_msgs/msg/detail/rc_channels__functions.h\n'}
[5.461325] (px4_msgs) StdoutLine: {'line': b'-- Up-to-date: /home/subhalaxmi/nidar_ws/install/px4_msgs/include/px4_msgs/px4_msgs/msg/detail/longitudinal_control_configuration__functions.h\n'}
[5.461647] (px4_msgs) StdoutLine: {'line': b'-- Up-to-date: /home/subhalaxmi/nidar_ws/install/px4_msgs/include/px4_msgs/px4_msgs/msg/detail/ping__struct.h\n'}
[5.461877] (px4_msgs) StdoutLine: {'line': b'-- Up-to-date: /home/subhalaxmi/nidar_ws/install/px4_msgs/include/px4_msgs/px4_msgs/msg/detail/gimbal_manager_set_manual_control__type_support.h\n'}
[5.462070] (px4_msgs) StdoutLine: {'line': b'-- Up-to-date: /home/subhalaxmi/nidar_ws/install/px4_msgs/include/px4_msgs/px4_msgs/msg/detail/camera_trigger__functions.c\n'}
[5.462260] (px4_msgs) StdoutLine: {'line': b'-- Up-to-date: /home/subhalaxmi/nidar_ws/install/px4_msgs/include/px4_msgs/px4_msgs/msg/detail/position_setpoint__functions.h\n'}
[5.462450] (px4_msgs) StdoutLine: {'line': b'-- Up-to-date: /home/subhalaxmi/nidar_ws/install/px4_msgs/include/px4_msgs/px4_msgs/msg/detail/mount_orientation__type_support.h\n'}
[5.462671] (px4_msgs) StdoutLine: {'line': b'-- Up-to-date: /home/subhalaxmi/nidar_ws/install/px4_msgs/include/px4_msgs/px4_msgs/msg/detail/navigator_status__functions.c\n'}
[5.462863] (px4_msgs) StdoutLine: {'line': b'-- Up-to-date: /home/subhalaxmi/nidar_ws/install/px4_msgs/include/px4_msgs/px4_msgs/msg/detail/flight_phase_estimation__type_support.h\n'}
[5.463050] (px4_msgs) StdoutLine: {'line': b'-- Up-to-date: /home/subhalaxmi/nidar_ws/install/px4_msgs/include/px4_msgs/px4_msgs/msg/detail/position_setpoint_triplet__struct.h\n'}
[5.463239] (px4_msgs) StdoutLine: {'line': b'-- Up-to-date: /home/subhalaxmi/nidar_ws/install/px4_msgs/include/px4_msgs/px4_msgs/msg/detail/mount_orientation__functions.c\n'}
[5.463428] (px4_msgs) StdoutLine: {'line': b'-- Up-to-date: /home/subhalaxmi/nidar_ws/install/px4_msgs/include/px4_msgs/px4_msgs/msg/detail/vtx__functions.c\n'}
[5.463640] (px4_msgs) StdoutLine: {'line': b'-- Up-to-date: /home/subhalaxmi/nidar_ws/install/px4_msgs/include/px4_msgs/px4_msgs/msg/detail/mission_result__functions.h\n'}
[5.463838] (px4_msgs) StdoutLine: {'line': b'-- Up-to-date: /home/subhalaxmi/nidar_ws/install/px4_msgs/include/px4_msgs/px4_msgs/msg/detail/vehicle_imu__struct.h\n'}
[5.464024] (px4_msgs) StdoutLine: {'line': b'-- Up-to-date: /home/subhalaxmi/nidar_ws/install/px4_msgs/include/px4_msgs/px4_msgs/msg/detail/open_drone_id_arm_status__type_support.h\n'}
[5.464210] (px4_msgs) StdoutLine: {'line': b'-- Up-to-date: /home/subhalaxmi/nidar_ws/install/px4_msgs/include/px4_msgs/px4_msgs/msg/detail/vehicle_local_position__functions.c\n'}
[5.464397] (px4_msgs) StdoutLine: {'line': b'-- Up-to-date: /home/subhalaxmi/nidar_ws/install/px4_msgs/include/px4_msgs/px4_msgs/msg/detail/airspeed_validated__type_support.h\n'}
[5.464844] (px4_msgs) StdoutLine: {'line': b'-- Up-to-date: /home/subhalaxmi/nidar_ws/install/px4_msgs/include/px4_msgs/px4_msgs/msg/detail/estimator_states__functions.h\n'}
[5.465302] (px4_msgs) StdoutLine: {'line': b'-- Up-to-date: /home/subhalaxmi/nidar_ws/install/px4_msgs/include/px4_msgs/px4_msgs/msg/detail/estimator_gps_status__type_support.h\n'}
[5.465614] (px4_msgs) StdoutLine: {'line': b'-- Up-to-date: /home/subhalaxmi/nidar_ws/install/px4_msgs/include/px4_msgs/px4_msgs/msg/detail/internal_combustion_engine_status__functions.c\n'}
[5.465906] (px4_msgs) StdoutLine: {'line': b'-- Up-to-date: /home/subhalaxmi/nidar_ws/install/px4_msgs/include/px4_msgs/px4_msgs/msg/detail/satellite_info__type_support.h\n'}
[5.466221] (px4_msgs) StdoutLine: {'line': b'-- Up-to-date: /home/subhalaxmi/nidar_ws/install/px4_msgs/include/px4_msgs/px4_msgs/msg/detail/generator_status__type_support.h\n'}
[5.466512] (px4_msgs) StdoutLine: {'line': b'-- Up-to-date: /home/subhalaxmi/nidar_ws/install/px4_msgs/include/px4_msgs/px4_msgs/msg/detail/cpuload__type_support.h\n'}
[5.466841] (px4_msgs) StdoutLine: {'line': b'-- Up-to-date: /home/subhalaxmi/nidar_ws/install/px4_msgs/include/px4_msgs/px4_msgs/msg/detail/actuator_servos_trim__struct.h\n'}
[5.467129] (px4_msgs) StdoutLine: {'line': b'-- Up-to-date: /home/subhalaxmi/nidar_ws/install/px4_msgs/include/px4_msgs/px4_msgs/msg/detail/transponder_report__type_support.h\n'}
[5.467440] (px4_msgs) StdoutLine: {'line': b'-- Up-to-date: /home/subhalaxmi/nidar_ws/install/px4_msgs/include/px4_msgs/px4_msgs/msg/detail/estimator_aid_source3d__type_support.h\n'}
[5.467765] (px4_msgs) StdoutLine: {'line': b'-- Up-to-date: /home/subhalaxmi/nidar_ws/install/px4_msgs/include/px4_msgs/px4_msgs/msg/detail/rc_parameter_map__type_support.h\n'}
[5.468071] (px4_msgs) StdoutLine: {'line': b'-- Up-to-date: /home/subhalaxmi/nidar_ws/install/px4_msgs/include/px4_msgs/px4_msgs/msg/detail/vehicle_attitude__functions.h\n'}
[5.468358] (px4_msgs) StdoutLine: {'line': b'-- Up-to-date: /home/subhalaxmi/nidar_ws/install/px4_msgs/include/px4_msgs/px4_msgs/msg/detail/onboard_computer_status__type_support.h\n'}
[5.468676] (px4_msgs) StdoutLine: {'line': b'-- Up-to-date: /home/subhalaxmi/nidar_ws/install/px4_msgs/include/px4_msgs/px4_msgs/msg/detail/sensor_temp__struct.h\n'}
[5.468956] (px4_msgs) StdoutLine: {'line': b'-- Up-to-date: /home/subhalaxmi/nidar_ws/install/px4_msgs/include/px4_msgs/px4_msgs/msg/detail/rover_steering_setpoint__struct.h\n'}
[5.469223] (px4_msgs) StdoutLine: {'line': b'-- Up-to-date: /home/subhalaxmi/nidar_ws/install/px4_msgs/include/px4_msgs/px4_msgs/msg/detail/rover_speed_status__functions.h\n'}
[5.469519] (px4_msgs) StdoutLine: {'line': b'-- Up-to-date: /home/subhalaxmi/nidar_ws/install/px4_msgs/include/px4_msgs/px4_msgs/msg/detail/tecs_status__functions.c\n'}
[5.469841] (px4_msgs) StdoutLine: {'line': b'-- Up-to-date: /home/subhalaxmi/nidar_ws/install/px4_msgs/include/px4_msgs/px4_msgs/msg/detail/airspeed_wind__functions.h\n'}
[5.470151] (px4_msgs) StdoutLine: {'line': b'-- Up-to-date: /home/subhalaxmi/nidar_ws/install/px4_msgs/include/px4_msgs/px4_msgs/msg/detail/goto_setpoint__struct.h\n'}
[5.470461] (px4_msgs) StdoutLine: {'line': b'-- Up-to-date: /home/subhalaxmi/nidar_ws/install/px4_msgs/include/px4_msgs/px4_msgs/msg/detail/landing_target_pose__struct.h\n'}
[5.470760] (px4_msgs) StdoutLine: {'line': b'-- Up-to-date: /home/subhalaxmi/nidar_ws/install/px4_msgs/include/px4_msgs/px4_msgs/msg/detail/camera_capture__functions.c\n'}
[5.471049] (px4_msgs) StdoutLine: {'line': b'-- Up-to-date: /home/subhalaxmi/nidar_ws/install/px4_msgs/include/px4_msgs/px4_msgs/msg/detail/debug_array__functions.h\n'}
[5.471358] (px4_msgs) StdoutLine: {'line': b'-- Up-to-date: /home/subhalaxmi/nidar_ws/install/px4_msgs/include/px4_msgs/px4_msgs/msg/detail/landing_gear_wheel__functions.h\n'}
[5.471655] (px4_msgs) StdoutLine: {'line': b'-- Up-to-date: /home/subhalaxmi/nidar_ws/install/px4_msgs/include/px4_msgs/px4_msgs/msg/detail/yaw_estimator_status__functions.c\n'}
[5.471950] (px4_msgs) StdoutLine: {'line': b'-- Up-to-date: /home/subhalaxmi/nidar_ws/install/px4_msgs/include/px4_msgs/px4_msgs/msg/detail/gimbal_device_attitude_status__type_support.h\n'}
[5.472258] (px4_msgs) StdoutLine: {'line': b'-- Up-to-date: /home/subhalaxmi/nidar_ws/install/px4_msgs/include/px4_msgs/px4_msgs/msg/detail/mavlink_tunnel__type_support.h\n'}
[5.472576] (px4_msgs) StdoutLine: {'line': b'-- Up-to-date: /home/subhalaxmi/nidar_ws/install/px4_msgs/include/px4_msgs/px4_msgs/msg/detail/sensor_gyro_fft__struct.h\n'}
[5.472863] (px4_msgs) StdoutLine: {'line': b'-- Up-to-date: /home/subhalaxmi/nidar_ws/install/px4_msgs/include/px4_msgs/px4_msgs/msg/detail/arming_check_request__functions.h\n'}
[5.473062] (px4_msgs) StdoutLine: {'line': b'-- Up-to-date: /home/subhalaxmi/nidar_ws/install/px4_msgs/include/px4_msgs/px4_msgs/msg/detail/follow_target__struct.h\n'}
[5.473262] (px4_msgs) StdoutLine: {'line': b'-- Up-to-date: /home/subhalaxmi/nidar_ws/install/px4_msgs/include/px4_msgs/px4_msgs/msg/detail/flight_phase_estimation__functions.h\n'}
[5.473482] (px4_msgs) StdoutLine: {'line': b'-- Up-to-date: /home/subhalaxmi/nidar_ws/install/px4_msgs/include/px4_msgs/px4_msgs/msg/detail/obstacle_distance__struct.h\n'}
[5.473735] (px4_msgs) StdoutLine: {'line': b'-- Up-to-date: /home/subhalaxmi/nidar_ws/install/px4_msgs/include/px4_msgs/px4_msgs/msg/detail/log_message__type_support.h\n'}
[5.474014] (px4_msgs) StdoutLine: {'line': b'-- Up-to-date: /home/subhalaxmi/nidar_ws/install/px4_msgs/include/px4_msgs/px4_msgs/msg/detail/estimator_bias3d__functions.c\n'}
[5.474247] (px4_msgs) StdoutLine: {'line': b'-- Up-to-date: /home/subhalaxmi/nidar_ws/install/px4_msgs/include/px4_msgs/px4_msgs/msg/detail/orb_test__struct.h\n'}
[5.474451] (px4_msgs) StdoutLine: {'line': b'-- Up-to-date: /home/subhalaxmi/nidar_ws/install/px4_msgs/include/px4_msgs/px4_msgs/msg/detail/pps_capture__functions.c\n'}
[5.474735] (px4_msgs) StdoutLine: {'line': b'-- Up-to-date: /home/subhalaxmi/nidar_ws/install/px4_msgs/include/px4_msgs/px4_msgs/msg/detail/message_format_response__functions.h\n'}
[5.474967] (px4_msgs) StdoutLine: {'line': b'-- Up-to-date: /home/subhalaxmi/nidar_ws/install/px4_msgs/include/px4_msgs/px4_msgs/msg/detail/vehicle_acceleration__struct.h\n'}
[5.475278] (px4_msgs) StdoutLine: {'line': b'-- Up-to-date: /home/subhalaxmi/nidar_ws/install/px4_msgs/include/px4_msgs/px4_msgs/msg/detail/task_stack_info__functions.c\n'}
[5.475624] (px4_msgs) StdoutLine: {'line': b'-- Up-to-date: /home/subhalaxmi/nidar_ws/install/px4_msgs/include/px4_msgs/px4_msgs/msg/detail/vehicle_local_position__struct.h\n'}
[5.475957] (px4_msgs) StdoutLine: {'line': b'-- Up-to-date: /home/subhalaxmi/nidar_ws/install/px4_msgs/include/px4_msgs/px4_msgs/msg/detail/ekf2_timestamps__functions.c\n'}
[5.476268] (px4_msgs) StdoutLine: {'line': b'-- Up-to-date: /home/subhalaxmi/nidar_ws/install/px4_msgs/include/px4_msgs/px4_msgs/msg/detail/vehicle_land_detected__type_support.h\n'}
[5.476601] (px4_msgs) StdoutLine: {'line': b'-- Up-to-date: /home/subhalaxmi/nidar_ws/install/px4_msgs/include/px4_msgs/px4_msgs/msg/detail/vehicle_attitude_setpoint__functions.c\n'}
[5.476914] (px4_msgs) StdoutLine: {'line': b'-- Up-to-date: /home/subhalaxmi/nidar_ws/install/px4_msgs/include/px4_msgs/px4_msgs/msg/detail/vehicle_command_ack__type_support.h\n'}
[5.477219] (px4_msgs) StdoutLine: {'line': b'-- Up-to-date: /home/subhalaxmi/nidar_ws/install/px4_msgs/include/px4_msgs/px4_msgs/msg/detail/camera_capture__functions.h\n'}
[5.477546] (px4_msgs) StdoutLine: {'line': b'-- Up-to-date: /home/subhalaxmi/nidar_ws/install/px4_msgs/include/px4_msgs/px4_msgs/msg/detail/landing_target_innovations__struct.h\n'}
[5.477832] (px4_msgs) StdoutLine: {'line': b'-- Up-to-date: /home/subhalaxmi/nidar_ws/install/px4_msgs/include/px4_msgs/px4_msgs/msg/detail/normalized_unsigned_setpoint__type_support.h\n'}
[5.478068] (px4_msgs) StdoutLine: {'line': b'-- Up-to-date: /home/subhalaxmi/nidar_ws/install/px4_msgs/include/px4_msgs/px4_msgs/msg/detail/orb_test__type_support.h\n'}
[5.478423] (px4_msgs) StdoutLine: {'line': b'-- Up-to-date: /home/subhalaxmi/nidar_ws/install/px4_msgs/include/px4_msgs/px4_msgs/msg/detail/ping__functions.c\n'}
[5.478766] (px4_msgs) StdoutLine: {'line': b'-- Up-to-date: /home/subhalaxmi/nidar_ws/install/px4_msgs/include/px4_msgs/px4_msgs/msg/detail/heater_status__functions.h\n'}
[5.479063] (px4_msgs) StdoutLine: {'line': b'-- Up-to-date: /home/subhalaxmi/nidar_ws/install/px4_msgs/include/px4_msgs/px4_msgs/msg/detail/sensor_gnss_relative__type_support.h\n'}
[5.479383] (px4_msgs) StdoutLine: {'line': b'-- Up-to-date: /home/subhalaxmi/nidar_ws/install/px4_msgs/include/px4_msgs/px4_msgs/msg/detail/pwm_input__struct.h\n'}
[5.479728] (px4_msgs) StdoutLine: {'line': b'-- Up-to-date: /home/subhalaxmi/nidar_ws/install/px4_msgs/include/px4_msgs/px4_msgs/msg/detail/airspeed__functions.c\n'}
[5.480062] (px4_msgs) StdoutLine: {'line': b'-- Up-to-date: /home/subhalaxmi/nidar_ws/install/px4_msgs/include/px4_msgs/px4_msgs/msg/detail/gain_compression__functions.h\n'}
[5.480383] (px4_msgs) StdoutLine: {'line': b'-- Up-to-date: /home/subhalaxmi/nidar_ws/install/px4_msgs/include/px4_msgs/px4_msgs/msg/detail/estimator_innovations__functions.c\n'}
[5.480694] (px4_msgs) StdoutLine: {'line': b'-- Up-to-date: /home/subhalaxmi/nidar_ws/install/px4_msgs/include/px4_msgs/px4_msgs/msg/detail/tune_control__struct.h\n'}
[5.481030] (px4_msgs) StdoutLine: {'line': b'-- Up-to-date: /home/subhalaxmi/nidar_ws/install/px4_msgs/include/px4_msgs/px4_msgs/msg/detail/estimator_status_flags__functions.c\n'}
[5.481347] (px4_msgs) StdoutLine: {'line': b'-- Up-to-date: /home/subhalaxmi/nidar_ws/install/px4_msgs/include/px4_msgs/px4_msgs/msg/detail/vehicle_optical_flow__functions.h\n'}
[5.481981] (px4_msgs) StdoutLine: {'line': b'-- Up-to-date: /home/subhalaxmi/nidar_ws/install/px4_msgs/include/px4_msgs/px4_msgs/msg/detail/action_request__functions.h\n'}
[5.482342] (px4_msgs) StdoutLine: {'line': b'-- Up-to-date: /home/subhalaxmi/nidar_ws/install/px4_msgs/include/px4_msgs/px4_msgs/msg/detail/sensor_selection__struct.h\n'}
[5.482690] (px4_msgs) StdoutLine: {'line': b'-- Up-to-date: /home/subhalaxmi/nidar_ws/install/px4_msgs/include/px4_msgs/px4_msgs/msg/detail/offboard_control_mode__type_support.h\n'}
[5.483000] (px4_msgs) StdoutLine: {'line': b'-- Up-to-date: /home/subhalaxmi/nidar_ws/install/px4_msgs/include/px4_msgs/px4_msgs/msg/detail/position_controller_status__functions.c\n'}
[5.483317] (px4_msgs) StdoutLine: {'line': b'-- Up-to-date: /home/subhalaxmi/nidar_ws/install/px4_msgs/include/px4_msgs/px4_msgs/msg/detail/actuator_test__functions.c\n'}
[5.483648] (px4_msgs) StdoutLine: {'line': b'-- Up-to-date: /home/subhalaxmi/nidar_ws/install/px4_msgs/include/px4_msgs/px4_msgs/msg/detail/landing_gear__functions.c\n'}
[5.483969] (px4_msgs) StdoutLine: {'line': b'-- Up-to-date: /home/subhalaxmi/nidar_ws/install/px4_msgs/include/px4_msgs/px4_msgs/msg/detail/open_drone_id_self_id__functions.h\n'}
[5.484281] (px4_msgs) StdoutLine: {'line': b'-- Up-to-date: /home/subhalaxmi/nidar_ws/install/px4_msgs/include/px4_msgs/px4_msgs/msg/detail/transponder_report__functions.c\n'}
[5.484607] (px4_msgs) StdoutLine: {'line': b'-- Up-to-date: /home/subhalaxmi/nidar_ws/install/px4_msgs/include/px4_msgs/px4_msgs/msg/detail/rc_channels__struct.h\n'}
[5.485095] (px4_msgs) StdoutLine: {'line': b'-- Up-to-date: /home/subhalaxmi/nidar_ws/install/px4_msgs/include/px4_msgs/px4_msgs/msg/detail/timesync_status__type_support.h\n'}
[5.485412] (px4_msgs) StdoutLine: {'line': b'-- Up-to-date: /home/subhalaxmi/nidar_ws/install/px4_msgs/include/px4_msgs/px4_msgs/msg/detail/magnetometer_bias_estimate__functions.h\n'}
[5.485612] (px4_msgs) StdoutLine: {'line': b'-- Up-to-date: /home/subhalaxmi/nidar_ws/install/px4_msgs/include/px4_msgs/px4_msgs/msg/detail/manual_control_switches__type_support.h\n'}
[5.485822] (px4_msgs) StdoutLine: {'line': b'-- Up-to-date: /home/subhalaxmi/nidar_ws/install/px4_msgs/include/px4_msgs/px4_msgs/msg/detail/gimbal_device_attitude_status__functions.h\n'}
[5.485994] (px4_msgs) StdoutLine: {'line': b'-- Up-to-date: /home/subhalaxmi/nidar_ws/install/px4_msgs/include/px4_msgs/px4_msgs/msg/detail/generator_status__struct.h\n'}
[5.486167] (px4_msgs) StdoutLine: {'line': b'-- Up-to-date: /home/subhalaxmi/nidar_ws/install/px4_msgs/include/px4_msgs/px4_msgs/msg/detail/cpuload__functions.c\n'}
[5.486335] (px4_msgs) StdoutLine: {'line': b'-- Up-to-date: /home/subhalaxmi/nidar_ws/install/px4_msgs/include/px4_msgs/px4_msgs/msg/detail/vehicle_command_ack__struct.h\n'}
[5.486502] (px4_msgs) StdoutLine: {'line': b'-- Up-to-date: /home/subhalaxmi/nidar_ws/install/px4_msgs/include/px4_msgs/px4_msgs/msg/detail/heater_status__struct.h\n'}
[5.486800] (px4_msgs) StdoutLine: {'line': b'-- Up-to-date: /home/subhalaxmi/nidar_ws/install/px4_msgs/include/px4_msgs/px4_msgs/msg/detail/vehicle_acceleration__functions.c\n'}
[5.487112] (px4_msgs) StdoutLine: {'line': b'-- Up-to-date: /home/subhalaxmi/nidar_ws/install/px4_msgs/include/px4_msgs/px4_msgs/msg/detail/navigator_status__functions.h\n'}
[5.487406] (px4_msgs) StdoutLine: {'line': b'-- Up-to-date: /home/subhalaxmi/nidar_ws/install/px4_msgs/include/px4_msgs/px4_msgs/msg/detail/actuator_armed__functions.c\n'}
[5.487715] (px4_msgs) StdoutLine: {'line': b'-- Up-to-date: /home/subhalaxmi/nidar_ws/install/px4_msgs/include/px4_msgs/px4_msgs/msg/detail/log_message__functions.h\n'}
[5.488005] (px4_msgs) StdoutLine: {'line': b'-- Up-to-date: /home/subhalaxmi/nidar_ws/install/px4_msgs/include/px4_msgs/px4_msgs/msg/detail/telemetry_status__type_support.h\n'}
[5.488307] (px4_msgs) StdoutLine: {'line': b'-- Up-to-date: /home/subhalaxmi/nidar_ws/install/px4_msgs/include/px4_msgs/px4_msgs/msg/detail/magnetometer_bias_estimate__type_support.h\n'}
[5.488607] (px4_msgs) StdoutLine: {'line': b'-- Up-to-date: /home/subhalaxmi/nidar_ws/install/px4_msgs/include/px4_msgs/px4_msgs/msg/detail/manual_control_setpoint__struct.h\n'}
[5.488933] (px4_msgs) StdoutLine: {'line': b'-- Up-to-date: /home/subhalaxmi/nidar_ws/install/px4_msgs/include/px4_msgs/px4_msgs/msg/detail/sensor_airflow__struct.h\n'}
[5.489238] (px4_msgs) StdoutLine: {'line': b'-- Up-to-date: /home/subhalaxmi/nidar_ws/install/px4_msgs/include/px4_msgs/px4_msgs/msg/detail/vehicle_angular_velocity__struct.h\n'}
[5.489571] (px4_msgs) StdoutLine: {'line': b'-- Up-to-date: /home/subhalaxmi/nidar_ws/install/px4_msgs/include/px4_msgs/px4_msgs/msg/detail/rpm__struct.h\n'}
[5.489881] (px4_msgs) StdoutLine: {'line': b'-- Up-to-date: /home/subhalaxmi/nidar_ws/install/px4_msgs/include/px4_msgs/px4_msgs/msg/detail/vehicle_optical_flow_vel__struct.h\n'}
[5.490188] (px4_msgs) StdoutLine: {'line': b'-- Up-to-date: /home/subhalaxmi/nidar_ws/install/px4_msgs/include/px4_msgs/px4_msgs/msg/detail/mag_worker_data__functions.c\n'}
[5.490511] (px4_msgs) StdoutLine: {'line': b'-- Up-to-date: /home/subhalaxmi/nidar_ws/install/px4_msgs/include/px4_msgs/px4_msgs/msg/detail/message_format_request__struct.h\n'}
[5.490857] (px4_msgs) StdoutLine: {'line': b'-- Up-to-date: /home/subhalaxmi/nidar_ws/install/px4_msgs/include/px4_msgs/px4_msgs/msg/detail/event__functions.c\n'}
[5.491167] (px4_msgs) StdoutLine: {'line': b'-- Up-to-date: /home/subhalaxmi/nidar_ws/install/px4_msgs/include/px4_msgs/px4_msgs/msg/detail/gimbal_manager_set_attitude__functions.c\n'}
[5.491466] (px4_msgs) StdoutLine: {'line': b'-- Up-to-date: /home/subhalaxmi/nidar_ws/install/px4_msgs/include/px4_msgs/px4_msgs/msg/detail/fixed_wing_runway_control__struct.h\n'}
[5.491765] (px4_msgs) StdoutLine: {'line': b'-- Up-to-date: /home/subhalaxmi/nidar_ws/install/px4_msgs/include/px4_msgs/px4_msgs/msg/detail/airspeed_wind__functions.c\n'}
[5.492078] (px4_msgs) StdoutLine: {'line': b'-- Up-to-date: /home/subhalaxmi/nidar_ws/install/px4_msgs/include/px4_msgs/px4_msgs/msg/detail/parameter_set_used_request__functions.c\n'}
[5.492369] (px4_msgs) StdoutLine: {'line': b'-- Up-to-date: /home/subhalaxmi/nidar_ws/install/px4_msgs/include/px4_msgs/px4_msgs/msg/detail/velocity_limits__functions.c\n'}
[5.492711] (px4_msgs) StdoutLine: {'line': b'-- Up-to-date: /home/subhalaxmi/nidar_ws/install/px4_msgs/include/px4_msgs/px4_msgs/msg/detail/mode_completed__functions.c\n'}
[5.493012] (px4_msgs) StdoutLine: {'line': b'-- Up-to-date: /home/subhalaxmi/nidar_ws/install/px4_msgs/include/px4_msgs/px4_msgs/msg/detail/vehicle_constraints__functions.c\n'}
[5.493349] (px4_msgs) StdoutLine: {'line': b'-- Up-to-date: /home/subhalaxmi/nidar_ws/install/px4_msgs/include/px4_msgs/px4_msgs/msg/detail/led_control__type_support.h\n'}
[5.493670] (px4_msgs) StdoutLine: {'line': b'-- Up-to-date: /home/subhalaxmi/nidar_ws/install/px4_msgs/include/px4_msgs/px4_msgs/msg/detail/sensor_accel__type_support.h\n'}
[5.493965] (px4_msgs) StdoutLine: {'line': b'-- Up-to-date: /home/subhalaxmi/nidar_ws/install/px4_msgs/include/px4_msgs/px4_msgs/msg/detail/follow_target_status__functions.h\n'}
[5.494258] (px4_msgs) StdoutLine: {'line': b'-- Up-to-date: /home/subhalaxmi/nidar_ws/install/px4_msgs/include/px4_msgs/px4_msgs/msg/detail/estimator_innovations__functions.h\n'}
[5.494560] (px4_msgs) StdoutLine: {'line': b'-- Up-to-date: /home/subhalaxmi/nidar_ws/install/px4_msgs/include/px4_msgs/px4_msgs/msg/detail/magnetometer_bias_estimate__struct.h\n'}
[5.494882] (px4_msgs) StdoutLine: {'line': b'-- Up-to-date: /home/subhalaxmi/nidar_ws/install/px4_msgs/include/px4_msgs/px4_msgs/msg/detail/dataman_request__functions.h\n'}
[5.495188] (px4_msgs) StdoutLine: {'line': b'-- Up-to-date: /home/subhalaxmi/nidar_ws/install/px4_msgs/include/px4_msgs/px4_msgs/msg/detail/estimator_sensor_bias__functions.h\n'}
[5.495481] (px4_msgs) StdoutLine: {'line': b'-- Up-to-date: /home/subhalaxmi/nidar_ws/install/px4_msgs/include/px4_msgs/px4_msgs/msg/detail/follow_target__type_support.h\n'}
[5.495791] (px4_msgs) StdoutLine: {'line': b'-- Up-to-date: /home/subhalaxmi/nidar_ws/install/px4_msgs/include/px4_msgs/px4_msgs/msg/detail/aux_global_position__type_support.h\n'}
[5.496087] (px4_msgs) StdoutLine: {'line': b'-- Up-to-date: /home/subhalaxmi/nidar_ws/install/px4_msgs/include/px4_msgs/px4_msgs/msg/detail/hover_thrust_estimate__struct.h\n'}
[5.496382] (px4_msgs) StdoutLine: {'line': b'-- Up-to-date: /home/subhalaxmi/nidar_ws/install/px4_msgs/include/px4_msgs/px4_msgs/msg/detail/vehicle_angular_acceleration_setpoint__struct.h\n'}
[5.496694] (px4_msgs) StdoutLine: {'line': b'-- Up-to-date: /home/subhalaxmi/nidar_ws/install/px4_msgs/include/px4_msgs/px4_msgs/msg/detail/debug_value__functions.c\n'}
[5.497000] (px4_msgs) StdoutLine: {'line': b'-- Up-to-date: /home/subhalaxmi/nidar_ws/install/px4_msgs/include/px4_msgs/px4_msgs/msg/detail/sensor_combined__type_support.h\n'}
[5.497304] (px4_msgs) StdoutLine: {'line': b'-- Up-to-date: /home/subhalaxmi/nidar_ws/install/px4_msgs/include/px4_msgs/px4_msgs/msg/detail/gimbal_manager_status__struct.h\n'}
[5.497603] (px4_msgs) StdoutLine: {'line': b'-- Up-to-date: /home/subhalaxmi/nidar_ws/install/px4_msgs/include/px4_msgs/px4_msgs/msg/detail/landing_target_pose__functions.c\n'}
[5.497898] (px4_msgs) StdoutLine: {'line': b'-- Up-to-date: /home/subhalaxmi/nidar_ws/install/px4_msgs/include/px4_msgs/px4_msgs/msg/detail/cpuload__functions.h\n'}
[5.498193] (px4_msgs) StdoutLine: {'line': b'-- Up-to-date: /home/subhalaxmi/nidar_ws/install/px4_msgs/include/px4_msgs/px4_msgs/msg/detail/gripper__struct.h\n'}
[5.498536] (px4_msgs) StdoutLine: {'line': b'-- Up-to-date: /home/subhalaxmi/nidar_ws/install/px4_msgs/include/px4_msgs/px4_msgs/msg/detail/unregister_ext_component__functions.c\n'}
[5.498833] (px4_msgs) StdoutLine: {'line': b'-- Up-to-date: /home/subhalaxmi/nidar_ws/install/px4_msgs/include/px4_msgs/px4_msgs/msg/detail/raptor_status__functions.h\n'}
[5.498984] (px4_msgs) StdoutLine: {'line': b'-- Up-to-date: /home/subhalaxmi/nidar_ws/install/px4_msgs/include/px4_msgs/px4_msgs/msg/detail/actuator_servos__struct.h\n'}
[5.499118] (px4_msgs) StdoutLine: {'line': b'-- Up-to-date: /home/subhalaxmi/nidar_ws/install/px4_msgs/include/px4_msgs/px4_msgs/msg/detail/button_event__functions.c\n'}
[5.499247] (px4_msgs) StdoutLine: {'line': b'-- Up-to-date: /home/subhalaxmi/nidar_ws/install/px4_msgs/include/px4_msgs/px4_msgs/msg/detail/estimator_sensor_bias__functions.c\n'}
[5.499375] (px4_msgs) StdoutLine: {'line': b'-- Up-to-date: /home/subhalaxmi/nidar_ws/install/px4_msgs/include/px4_msgs/px4_msgs/msg/detail/differential_pressure__type_support.h\n'}
[5.499502] (px4_msgs) StdoutLine: {'line': b'-- Up-to-date: /home/subhalaxmi/nidar_ws/install/px4_msgs/include/px4_msgs/px4_msgs/msg/detail/trajectory_setpoint6dof__type_support.h\n'}
[5.499717] (px4_msgs) StdoutLine: {'line': b'-- Up-to-date: /home/subhalaxmi/nidar_ws/install/px4_msgs/include/px4_msgs/px4_msgs/msg/detail/parameter_set_value_request__functions.c\n'}
[5.500020] (px4_msgs) StdoutLine: {'line': b'-- Up-to-date: /home/subhalaxmi/nidar_ws/install/px4_msgs/include/px4_msgs/px4_msgs/msg/detail/orb_test_large__functions.c\n'}
[5.500149] (px4_msgs) StdoutLine: {'line': b'-- Up-to-date: /home/subhalaxmi/nidar_ws/install/px4_msgs/include/px4_msgs/px4_msgs/msg/detail/pwm_input__functions.c\n'}
[5.500276] (px4_msgs) StdoutLine: {'line': b'-- Up-to-date: /home/subhalaxmi/nidar_ws/install/px4_msgs/include/px4_msgs/px4_msgs/msg/detail/led_control__struct.h\n'}
[5.500401] (px4_msgs) StdoutLine: {'line': b'-- Up-to-date: /home/subhalaxmi/nidar_ws/install/px4_msgs/include/px4_msgs/px4_msgs/msg/detail/gimbal_device_information__struct.h\n'}
[5.500594] (px4_msgs) StdoutLine: {'line': b'-- Up-to-date: /home/subhalaxmi/nidar_ws/install/px4_msgs/include/px4_msgs/px4_msgs/msg/detail/esc_report__functions.h\n'}
[5.500745] (px4_msgs) StdoutLine: {'line': b'-- Up-to-date: /home/subhalaxmi/nidar_ws/install/px4_msgs/include/px4_msgs/px4_msgs/msg/detail/manual_control_switches__functions.c\n'}
[5.500874] (px4_msgs) StdoutLine: {'line': b'-- Up-to-date: /home/subhalaxmi/nidar_ws/install/px4_msgs/include/px4_msgs/px4_msgs/msg/detail/satellite_info__struct.h\n'}
[5.501000] (px4_msgs) StdoutLine: {'line': b'-- Up-to-date: /home/subhalaxmi/nidar_ws/install/px4_msgs/include/px4_msgs/px4_msgs/msg/detail/position_setpoint__type_support.h\n'}
[5.501126] (px4_msgs) StdoutLine: {'line': b'-- Up-to-date: /home/subhalaxmi/nidar_ws/install/px4_msgs/include/px4_msgs/px4_msgs/msg/detail/obstacle_distance__functions.h\n'}
[5.501252] (px4_msgs) StdoutLine: {'line': b'-- Up-to-date: /home/subhalaxmi/nidar_ws/install/px4_msgs/include/px4_msgs/px4_msgs/msg/detail/longitudinal_control_configuration__type_support.h\n'}
[5.501378] (px4_msgs) StdoutLine: {'line': b'-- Up-to-date: /home/subhalaxmi/nidar_ws/install/px4_msgs/include/px4_msgs/px4_msgs/msg/detail/home_position__functions.h\n'}
[5.501505] (px4_msgs) StdoutLine: {'line': b'-- Up-to-date: /home/subhalaxmi/nidar_ws/install/px4_msgs/include/px4_msgs/px4_msgs/msg/detail/open_drone_id_operator_id__type_support.h\n'}
[5.501781] (px4_msgs) StdoutLine: {'line': b'-- Up-to-date: /home/subhalaxmi/nidar_ws/install/px4_msgs/include/px4_msgs/px4_msgs/msg/detail/sensors_status__type_support.h\n'}
[5.502261] (px4_msgs) StdoutLine: {'line': b'-- Up-to-date: /home/subhalaxmi/nidar_ws/install/px4_msgs/include/px4_msgs/px4_msgs/msg/detail/estimator_gps_status__struct.h\n'}
[5.502393] (px4_msgs) StdoutLine: {'line': b'-- Up-to-date: /home/subhalaxmi/nidar_ws/install/px4_msgs/include/px4_msgs/px4_msgs/msg/detail/onboard_computer_status__struct.h\n'}
[5.502521] (px4_msgs) StdoutLine: {'line': b'-- Up-to-date: /home/subhalaxmi/nidar_ws/install/px4_msgs/include/px4_msgs/px4_msgs/msg/detail/debug_vect__type_support.h\n'}
[5.502672] (px4_msgs) StdoutLine: {'line': b'-- Up-to-date: /home/subhalaxmi/nidar_ws/install/px4_msgs/include/px4_msgs/px4_msgs/msg/detail/parameter_set_value_request__functions.h\n'}
[5.502800] (px4_msgs) StdoutLine: {'line': b'-- Up-to-date: /home/subhalaxmi/nidar_ws/install/px4_msgs/include/px4_msgs/px4_msgs/msg/detail/can_interface_status__struct.h\n'}
[5.502923] (px4_msgs) StdoutLine: {'line': b'-- Up-to-date: /home/subhalaxmi/nidar_ws/install/px4_msgs/include/px4_msgs/px4_msgs/msg/detail/gimbal_manager_information__functions.h\n'}
[5.503047] (px4_msgs) StdoutLine: {'line': b'-- Up-to-date: /home/subhalaxmi/nidar_ws/install/px4_msgs/include/px4_msgs/px4_msgs/msg/detail/landing_gear_wheel__functions.c\n'}
[5.503170] (px4_msgs) StdoutLine: {'line': b'-- Up-to-date: /home/subhalaxmi/nidar_ws/install/px4_msgs/include/px4_msgs/px4_msgs/msg/detail/rc_channels__type_support.h\n'}
[5.503294] (px4_msgs) StdoutLine: {'line': b'-- Up-to-date: /home/subhalaxmi/nidar_ws/install/px4_msgs/include/px4_msgs/px4_msgs/msg/detail/sensor_correction__type_support.h\n'}
[5.503419] (px4_msgs) StdoutLine: {'line': b'-- Up-to-date: /home/subhalaxmi/nidar_ws/install/px4_msgs/include/px4_msgs/px4_msgs/msg/detail/uavcan_parameter_value__struct.h\n'}
[5.503553] (px4_msgs) StdoutLine: {'line': b'-- Up-to-date: /home/subhalaxmi/nidar_ws/install/px4_msgs/include/px4_msgs/px4_msgs/msg/detail/differential_pressure__struct.h\n'}
[5.503988] (px4_msgs) StdoutLine: {'line': b'-- Up-to-date: /home/subhalaxmi/nidar_ws/install/px4_msgs/include/px4_msgs/px4_msgs/msg/detail/tecs_status__struct.h\n'}
[5.504117] (px4_msgs) StdoutLine: {'line': b'-- Up-to-date: /home/subhalaxmi/nidar_ws/install/px4_msgs/include/px4_msgs/px4_msgs/msg/detail/parameter_set_value_request__struct.h\n'}
[5.504240] (px4_msgs) StdoutLine: {'line': b'-- Up-to-date: /home/subhalaxmi/nidar_ws/install/px4_msgs/include/px4_msgs/px4_msgs/msg/detail/rtl_time_estimate__functions.c\n'}
[5.504364] (px4_msgs) StdoutLine: {'line': b'-- Up-to-date: /home/subhalaxmi/nidar_ws/install/px4_msgs/include/px4_msgs/px4_msgs/msg/detail/gimbal_manager_set_attitude__type_support.h\n'}
[5.504489] (px4_msgs) StdoutLine: {'line': b'-- Up-to-date: /home/subhalaxmi/nidar_ws/install/px4_msgs/include/px4_msgs/px4_msgs/msg/detail/actuator_motors__functions.h\n'}
[5.504720] (px4_msgs) StdoutLine: {'line': b'-- Up-to-date: /home/subhalaxmi/nidar_ws/install/px4_msgs/include/px4_msgs/px4_msgs/msg/detail/sensor_gnss_status__type_support.h\n'}
[5.504856] (px4_msgs) StdoutLine: {'line': b'-- Up-to-date: /home/subhalaxmi/nidar_ws/install/px4_msgs/include/px4_msgs/px4_msgs/msg/detail/actuator_servos__functions.c\n'}
[5.504981] (px4_msgs) StdoutLine: {'line': b'-- Up-to-date: /home/subhalaxmi/nidar_ws/install/px4_msgs/include/px4_msgs/px4_msgs/msg/detail/qshell_req__struct.h\n'}
[5.505107] (px4_msgs) StdoutLine: {'line': b'-- Up-to-date: /home/subhalaxmi/nidar_ws/install/px4_msgs/include/px4_msgs/px4_msgs/msg/detail/fixed_wing_lateral_setpoint__struct.h\n'}
[5.505232] (px4_msgs) StdoutLine: {'line': b'-- Up-to-date: /home/subhalaxmi/nidar_ws/install/px4_msgs/include/px4_msgs/px4_msgs/msg/detail/esc_status__functions.h\n'}
[5.505506] (px4_msgs) StdoutLine: {'line': b'-- Up-to-date: /home/subhalaxmi/nidar_ws/install/px4_msgs/include/px4_msgs/px4_msgs/msg/detail/estimator_aid_source1d__struct.h\n'}
[5.505665] (px4_msgs) StdoutLine: {'line': b'-- Up-to-date: /home/subhalaxmi/nidar_ws/install/px4_msgs/include/px4_msgs/px4_msgs/msg/detail/longitudinal_control_configuration__struct.h\n'}
[5.505951] (px4_msgs) StdoutLine: {'line': b'-- Up-to-date: /home/subhalaxmi/nidar_ws/install/px4_msgs/include/px4_msgs/px4_msgs/msg/detail/vehicle_local_position__type_support.h\n'}
[5.506078] (px4_msgs) StdoutLine: {'line': b'-- Up-to-date: /home/subhalaxmi/nidar_ws/install/px4_msgs/include/px4_msgs/px4_msgs/msg/detail/parameter_update__functions.c\n'}
[5.506204] (px4_msgs) StdoutLine: {'line': b'-- Up-to-date: /home/subhalaxmi/nidar_ws/install/px4_msgs/include/px4_msgs/px4_msgs/msg/detail/fixed_wing_longitudinal_setpoint__functions.h\n'}
[5.506334] (px4_msgs) StdoutLine: {'line': b'-- Up-to-date: /home/subhalaxmi/nidar_ws/install/px4_msgs/include/px4_msgs/px4_msgs/msg/detail/timesync_status__functions.c\n'}
[5.506459] (px4_msgs) StdoutLine: {'line': b'-- Up-to-date: /home/subhalaxmi/nidar_ws/install/px4_msgs/include/px4_msgs/px4_msgs/msg/detail/parameter_update__type_support.h\n'}
[5.506605] (px4_msgs) StdoutLine: {'line': b'-- Up-to-date: /home/subhalaxmi/nidar_ws/install/px4_msgs/include/px4_msgs/px4_msgs/msg/detail/sensor_correction__functions.c\n'}
[5.506832] (px4_msgs) StdoutLine: {'line': b'-- Up-to-date: /home/subhalaxmi/nidar_ws/install/px4_msgs/include/px4_msgs/px4_msgs/msg/detail/arming_check_reply__functions.h\n'}
[5.506960] (px4_msgs) StdoutLine: {'line': b'-- Up-to-date: /home/subhalaxmi/nidar_ws/install/px4_msgs/include/px4_msgs/px4_msgs/msg/detail/rc_parameter_map__functions.h\n'}
[5.507088] (px4_msgs) StdoutLine: {'line': b'-- Up-to-date: /home/subhalaxmi/nidar_ws/install/px4_msgs/include/px4_msgs/px4_msgs/msg/detail/arming_check_request__functions.c\n'}
[5.507563] (px4_msgs) StdoutLine: {'line': b'-- Up-to-date: /home/subhalaxmi/nidar_ws/install/px4_msgs/include/px4_msgs/px4_msgs/msg/detail/orb_test_medium__functions.h\n'}
[5.507708] (px4_msgs) StdoutLine: {'line': b'-- Up-to-date: /home/subhalaxmi/nidar_ws/install/px4_msgs/include/px4_msgs/px4_msgs/msg/detail/manual_control_switches__struct.h\n'}
[5.507941] (px4_msgs) StdoutLine: {'line': b'-- Up-to-date: /home/subhalaxmi/nidar_ws/install/px4_msgs/include/px4_msgs/px4_msgs/msg/detail/vehicle_roi__functions.c\n'}
[5.508068] (px4_msgs) StdoutLine: {'line': b'-- Up-to-date: /home/subhalaxmi/nidar_ws/install/px4_msgs/include/px4_msgs/px4_msgs/msg/detail/actuator_controls_status__struct.h\n'}
[5.508194] (px4_msgs) StdoutLine: {'line': b'-- Up-to-date: /home/subhalaxmi/nidar_ws/install/px4_msgs/include/px4_msgs/px4_msgs/msg/detail/message_format_request__type_support.h\n'}
[5.508318] (px4_msgs) StdoutLine: {'line': b'-- Up-to-date: /home/subhalaxmi/nidar_ws/install/px4_msgs/include/px4_msgs/px4_msgs/msg/detail/pure_pursuit_status__struct.h\n'}
[5.508444] (px4_msgs) StdoutLine: {'line': b'-- Up-to-date: /home/subhalaxmi/nidar_ws/install/px4_msgs/include/px4_msgs/px4_msgs/msg/detail/sensors_status_imu__struct.h\n'}
[5.508618] (px4_msgs) StdoutLine: {'line': b'-- Up-to-date: /home/subhalaxmi/nidar_ws/install/px4_msgs/include/px4_msgs/px4_msgs/msg/detail/gimbal_manager_status__functions.c\n'}
[5.508757] (px4_msgs) StdoutLine: {'line': b'-- Up-to-date: /home/subhalaxmi/nidar_ws/install/px4_msgs/include/px4_msgs/px4_msgs/msg/detail/config_overrides__functions.h\n'}
[5.508884] (px4_msgs) StdoutLine: {'line': b'-- Up-to-date: /home/subhalaxmi/nidar_ws/install/px4_msgs/include/px4_msgs/px4_msgs/msg/detail/fixed_wing_lateral_status__struct.h\n'}
[5.509009] (px4_msgs) StdoutLine: {'line': b'-- Up-to-date: /home/subhalaxmi/nidar_ws/install/px4_msgs/include/px4_msgs/px4_msgs/msg/detail/camera_status__struct.h\n'}
[5.509136] (px4_msgs) StdoutLine: {'line': b'-- Up-to-date: /home/subhalaxmi/nidar_ws/install/px4_msgs/include/px4_msgs/px4_msgs/msg/detail/follow_target_estimator__functions.c\n'}
[5.509261] (px4_msgs) StdoutLine: {'line': b'-- Up-to-date: /home/subhalaxmi/nidar_ws/install/px4_msgs/include/px4_msgs/px4_msgs/msg/detail/system_power__type_support.h\n'}
[5.509387] (px4_msgs) StdoutLine: {'line': b'-- Up-to-date: /home/subhalaxmi/nidar_ws/install/px4_msgs/include/px4_msgs/px4_msgs/msg/detail/health_report__functions.h\n'}
[5.509513] (px4_msgs) StdoutLine: {'line': b'-- Up-to-date: /home/subhalaxmi/nidar_ws/install/px4_msgs/include/px4_msgs/px4_msgs/msg/detail/estimator_bias3d__type_support.h\n'}
[5.509797] (px4_msgs) StdoutLine: {'line': b'-- Up-to-date: /home/subhalaxmi/nidar_ws/install/px4_msgs/include/px4_msgs/px4_msgs/msg/detail/estimator_innovations__struct.h\n'}
[5.509926] (px4_msgs) StdoutLine: {'line': b'-- Up-to-date: /home/subhalaxmi/nidar_ws/install/px4_msgs/include/px4_msgs/px4_msgs/msg/detail/vehicle_attitude__functions.c\n'}
[5.510052] (px4_msgs) StdoutLine: {'line': b'-- Up-to-date: /home/subhalaxmi/nidar_ws/install/px4_msgs/include/px4_msgs/px4_msgs/msg/detail/estimator_selector_status__functions.c\n'}
[5.510177] (px4_msgs) StdoutLine: {'line': b'-- Up-to-date: /home/subhalaxmi/nidar_ws/install/px4_msgs/include/px4_msgs/px4_msgs/msg/detail/rover_rate_status__type_support.h\n'}
[5.510509] (px4_msgs) StdoutLine: {'line': b'-- Up-to-date: /home/subhalaxmi/nidar_ws/install/px4_msgs/include/px4_msgs/px4_msgs/msg/detail/distance_sensor_mode_change_request__type_support.h\n'}
[5.510918] (px4_msgs) StdoutLine: {'line': b'-- Up-to-date: /home/subhalaxmi/nidar_ws/install/px4_msgs/include/px4_msgs/px4_msgs/msg/detail/vehicle_local_position_setpoint__type_support.h\n'}
[5.511049] (px4_msgs) StdoutLine: {'line': b'-- Up-to-date: /home/subhalaxmi/nidar_ws/install/px4_msgs/include/px4_msgs/px4_msgs/msg/detail/geofence_status__struct.h\n'}
[5.511173] (px4_msgs) StdoutLine: {'line': b'-- Up-to-date: /home/subhalaxmi/nidar_ws/install/px4_msgs/include/px4_msgs/px4_msgs/msg/detail/sensor_gps__functions.c\n'}
[5.511296] (px4_msgs) StdoutLine: {'line': b'-- Up-to-date: /home/subhalaxmi/nidar_ws/install/px4_msgs/include/px4_msgs/px4_msgs/msg/detail/sensor_gyro__struct.h\n'}
[5.511421] (px4_msgs) StdoutLine: {'line': b'-- Up-to-date: /home/subhalaxmi/nidar_ws/install/px4_msgs/include/px4_msgs/px4_msgs/msg/detail/position_setpoint__struct.h\n'}
[5.511649] (px4_msgs) StdoutLine: {'line': b'-- Up-to-date: /home/subhalaxmi/nidar_ws/install/px4_msgs/include/px4_msgs/px4_msgs/msg/detail/uavcan_parameter_request__struct.h\n'}
[5.511782] (px4_msgs) StdoutLine: {'line': b'-- Up-to-date: /home/subhalaxmi/nidar_ws/install/px4_msgs/include/px4_msgs/px4_msgs/msg/detail/sensor_temp__functions.h\n'}
[5.511911] (px4_msgs) StdoutLine: {'line': b'-- Up-to-date: /home/subhalaxmi/nidar_ws/install/px4_msgs/include/px4_msgs/px4_msgs/msg/detail/velocity_limits__struct.h\n'}
[5.512037] (px4_msgs) StdoutLine: {'line': b'-- Up-to-date: /home/subhalaxmi/nidar_ws/install/px4_msgs/include/px4_msgs/px4_msgs/msg/detail/message_format_response__functions.c\n'}
[5.512162] (px4_msgs) StdoutLine: {'line': b'-- Up-to-date: /home/subhalaxmi/nidar_ws/install/px4_msgs/include/px4_msgs/px4_msgs/msg/detail/rover_rate_status__struct.h\n'}
[5.512287] (px4_msgs) StdoutLine: {'line': b'-- Up-to-date: /home/subhalaxmi/nidar_ws/install/px4_msgs/include/px4_msgs/px4_msgs/msg/detail/autotune_attitude_control_status__functions.c\n'}
[5.512410] (px4_msgs) StdoutLine: {'line': b'-- Up-to-date: /home/subhalaxmi/nidar_ws/install/px4_msgs/include/px4_msgs/px4_msgs/msg/detail/obstacle_distance__type_support.h\n'}
[5.513088] (px4_msgs) StdoutLine: {'line': b'-- Up-to-date: /home/subhalaxmi/nidar_ws/install/px4_msgs/include/px4_msgs/px4_msgs/msg/detail/vehicle_magnetometer__functions.c\n'}
[5.513296] (px4_msgs) StdoutLine: {'line': b'-- Up-to-date: /home/subhalaxmi/nidar_ws/install/px4_msgs/include/px4_msgs/px4_msgs/msg/detail/dronecan_node_status__functions.h\n'}
[5.513454] (px4_msgs) StdoutLine: {'line': b'-- Up-to-date: /home/subhalaxmi/nidar_ws/install/px4_msgs/include/px4_msgs/px4_msgs/msg/detail/sensor_temp__functions.c\n'}
[5.513787] (px4_msgs) StdoutLine: {'line': b'-- Up-to-date: /home/subhalaxmi/nidar_ws/install/px4_msgs/include/px4_msgs/px4_msgs/msg/detail/camera_capture__type_support.h\n'}
[5.513939] (px4_msgs) StdoutLine: {'line': b'-- Up-to-date: /home/subhalaxmi/nidar_ws/install/px4_msgs/include/px4_msgs/px4_msgs/msg/detail/hover_thrust_estimate__functions.c\n'}
[5.514052] (px4_msgs) StdoutLine: {'line': b'-- Up-to-date: /home/subhalaxmi/nidar_ws/install/px4_msgs/include/px4_msgs/px4_msgs/msg/detail/radio_status__functions.c\n'}
[5.514153] (px4_msgs) StdoutLine: {'line': b'-- Up-to-date: /home/subhalaxmi/nidar_ws/install/px4_msgs/include/px4_msgs/px4_msgs/msg/detail/parameter_set_value_response__functions.c\n'}
[5.514255] (px4_msgs) StdoutLine: {'line': b'-- Up-to-date: /home/subhalaxmi/nidar_ws/install/px4_msgs/include/px4_msgs/px4_msgs/msg/detail/navigator_status__struct.h\n'}
[5.514353] (px4_msgs) StdoutLine: {'line': b'-- Up-to-date: /home/subhalaxmi/nidar_ws/install/px4_msgs/include/px4_msgs/px4_msgs/msg/detail/flight_phase_estimation__functions.c\n'}
[5.514453] (px4_msgs) StdoutLine: {'line': b'-- Up-to-date: /home/subhalaxmi/nidar_ws/install/px4_msgs/include/px4_msgs/px4_msgs/msg/detail/gpio_in__functions.c\n'}
[5.514580] (px4_msgs) StdoutLine: {'line': b'-- Up-to-date: /home/subhalaxmi/nidar_ws/install/px4_msgs/include/px4_msgs/px4_msgs/msg/detail/normalized_unsigned_setpoint__struct.h\n'}
[5.514717] (px4_msgs) StdoutLine: {'line': b'-- Up-to-date: /home/subhalaxmi/nidar_ws/install/px4_msgs/include/px4_msgs/px4_msgs/msg/detail/landing_gear_wheel__struct.h\n'}
[5.514842] (px4_msgs) StdoutLine: {'line': b'-- Up-to-date: /home/subhalaxmi/nidar_ws/install/px4_msgs/include/px4_msgs/px4_msgs/msg/detail/mode_completed__type_support.h\n'}
[5.514966] (px4_msgs) StdoutLine: {'line': b'-- Up-to-date: /home/subhalaxmi/nidar_ws/install/px4_msgs/include/px4_msgs/px4_msgs/msg/detail/rover_speed_setpoint__functions.c\n'}
[5.515091] (px4_msgs) StdoutLine: {'line': b'-- Up-to-date: /home/subhalaxmi/nidar_ws/install/px4_msgs/include/px4_msgs/px4_msgs/msg/detail/vehicle_status__struct.h\n'}
[5.515217] (px4_msgs) StdoutLine: {'line': b'-- Up-to-date: /home/subhalaxmi/nidar_ws/install/px4_msgs/include/px4_msgs/px4_msgs/msg/detail/qshell_retval__type_support.h\n'}
[5.515777] (px4_msgs) StdoutLine: {'line': b'-- Up-to-date: /home/subhalaxmi/nidar_ws/install/px4_msgs/include/px4_msgs/px4_msgs/msg/detail/register_ext_component_reply__functions.h\n'}
[5.515969] (px4_msgs) StdoutLine: {'line': b'-- Up-to-date: /home/subhalaxmi/nidar_ws/install/px4_msgs/include/px4_msgs/px4_msgs/msg/detail/neural_control__functions.h\n'}
[5.516087] (px4_msgs) StdoutLine: {'line': b'-- Up-to-date: /home/subhalaxmi/nidar_ws/install/px4_msgs/include/px4_msgs/px4_msgs/msg/detail/manual_control_switches__functions.h\n'}
[5.516210] (px4_msgs) StdoutLine: {'line': b'-- Up-to-date: /home/subhalaxmi/nidar_ws/install/px4_msgs/include/px4_msgs/px4_msgs/msg/detail/debug_value__struct.h\n'}
[5.516354] (px4_msgs) StdoutLine: {'line': b'-- Up-to-date: /home/subhalaxmi/nidar_ws/install/px4_msgs/include/px4_msgs/px4_msgs/msg/detail/gimbal_controls__functions.c\n'}
[5.516494] (px4_msgs) StdoutLine: {'line': b'-- Up-to-date: /home/subhalaxmi/nidar_ws/install/px4_msgs/include/px4_msgs/px4_msgs/msg/detail/rover_position_setpoint__type_support.h\n'}
[5.516928] (px4_msgs) StdoutLine: {'line': b'-- Up-to-date: /home/subhalaxmi/nidar_ws/install/px4_msgs/include/px4_msgs/px4_msgs/msg/detail/open_drone_id_self_id__type_support.h\n'}
[5.517153] (px4_msgs) StdoutLine: {'line': b'-- Up-to-date: /home/subhalaxmi/nidar_ws/install/px4_msgs/include/px4_msgs/px4_msgs/msg/detail/estimator_states__type_support.h\n'}
[5.517301] (px4_msgs) StdoutLine: {'line': b'-- Up-to-date: /home/subhalaxmi/nidar_ws/install/px4_msgs/include/px4_msgs/px4_msgs/msg/detail/health_report__functions.c\n'}
[5.517445] (px4_msgs) StdoutLine: {'line': b'-- Up-to-date: /home/subhalaxmi/nidar_ws/install/px4_msgs/include/px4_msgs/px4_msgs/msg/detail/collision_constraints__functions.h\n'}
[5.517742] (px4_msgs) StdoutLine: {'line': b'-- Up-to-date: /home/subhalaxmi/nidar_ws/install/px4_msgs/include/px4_msgs/px4_msgs/msg/detail/sensor_uwb__type_support.h\n'}
[5.518018] (px4_msgs) StdoutLine: {'line': b'-- Up-to-date: /home/subhalaxmi/nidar_ws/install/px4_msgs/include/px4_msgs/px4_msgs/msg/detail/estimator_bias__struct.h\n'}
[5.518165] (px4_msgs) StdoutLine: {'line': b'-- Up-to-date: /home/subhalaxmi/nidar_ws/install/px4_msgs/include/px4_msgs/px4_msgs/msg/detail/open_drone_id_operator_id__functions.c\n'}
[5.518309] (px4_msgs) StdoutLine: {'line': b'-- Up-to-date: /home/subhalaxmi/nidar_ws/install/px4_msgs/include/px4_msgs/px4_msgs/msg/detail/mavlink_log__functions.h\n'}
[5.518451] (px4_msgs) StdoutLine: {'line': b'-- Up-to-date: /home/subhalaxmi/nidar_ws/install/px4_msgs/include/px4_msgs/px4_msgs/msg/detail/control_allocator_status__functions.h\n'}
[5.518767] (px4_msgs) StdoutLine: {'line': b'-- Up-to-date: /home/subhalaxmi/nidar_ws/install/px4_msgs/include/px4_msgs/px4_msgs/msg/detail/distance_sensor__functions.h\n'}
[5.519041] (-) TimerEvent: {}
[5.519299] (px4_msgs) StdoutLine: {'line': b'-- Up-to-date: /home/subhalaxmi/nidar_ws/install/px4_msgs/include/px4_msgs/px4_msgs/msg/detail/follow_target_estimator__functions.h\n'}
[5.519702] (px4_msgs) StdoutLine: {'line': b'-- Up-to-date: /home/subhalaxmi/nidar_ws/install/px4_msgs/include/px4_msgs/px4_msgs/msg/detail/open_drone_id_self_id__struct.h\n'}
[5.520042] (px4_msgs) StdoutLine: {'line': b'-- Up-to-date: /home/subhalaxmi/nidar_ws/install/px4_msgs/include/px4_msgs/px4_msgs/msg/detail/manual_control_setpoint__functions.h\n'}
[5.520193] (px4_msgs) StdoutLine: {'line': b'-- Up-to-date: /home/subhalaxmi/nidar_ws/install/px4_msgs/include/px4_msgs/px4_msgs/msg/detail/estimator_selector_status__struct.h\n'}
[5.520339] (px4_msgs) StdoutLine: {'line': b'-- Up-to-date: /home/subhalaxmi/nidar_ws/install/px4_msgs/include/px4_msgs/px4_msgs/msg/detail/gimbal_device_set_attitude__struct.h\n'}
[5.520482] (px4_msgs) StdoutLine: {'line': b'-- Up-to-date: /home/subhalaxmi/nidar_ws/install/px4_msgs/include/px4_msgs/px4_msgs/msg/detail/vehicle_air_data__struct.h\n'}
[5.520853] (px4_msgs) StdoutLine: {'line': b'-- Up-to-date: /home/subhalaxmi/nidar_ws/install/px4_msgs/include/px4_msgs/px4_msgs/msg/detail/figure_eight_status__functions.h\n'}
[5.521052] (px4_msgs) StdoutLine: {'line': b'-- Up-to-date: /home/subhalaxmi/nidar_ws/install/px4_msgs/include/px4_msgs/px4_msgs/msg/detail/battery_info__functions.h\n'}
[5.521159] (px4_msgs) StdoutLine: {'line': b'-- Up-to-date: /home/subhalaxmi/nidar_ws/install/px4_msgs/include/px4_msgs/px4_msgs/msg/detail/mag_worker_data__type_support.h\n'}
[5.521334] (px4_msgs) StdoutLine: {'line': b'-- Up-to-date: /home/subhalaxmi/nidar_ws/install/px4_msgs/include/px4_msgs/px4_msgs/msg/detail/rover_rate_status__functions.c\n'}
[5.521493] (px4_msgs) StdoutLine: {'line': b'-- Up-to-date: /home/subhalaxmi/nidar_ws/install/px4_msgs/include/px4_msgs/px4_msgs/msg/detail/open_drone_id_system__type_support.h\n'}
[5.521871] (px4_msgs) StdoutLine: {'line': b'-- Up-to-date: /home/subhalaxmi/nidar_ws/install/px4_msgs/include/px4_msgs/px4_msgs/msg/detail/hover_thrust_estimate__type_support.h\n'}
[5.522084] (px4_msgs) StdoutLine: {'line': b'-- Up-to-date: /home/subhalaxmi/nidar_ws/install/px4_msgs/include/px4_msgs/px4_msgs/msg/detail/open_drone_id_operator_id__functions.h\n'}
[5.522228] (px4_msgs) StdoutLine: {'line': b'-- Up-to-date: /home/subhalaxmi/nidar_ws/install/px4_msgs/include/px4_msgs/px4_msgs/msg/detail/arming_check_reply__type_support.h\n'}
[5.522372] (px4_msgs) StdoutLine: {'line': b'-- Up-to-date: /home/subhalaxmi/nidar_ws/install/px4_msgs/include/px4_msgs/px4_msgs/msg/detail/landing_gear_wheel__type_support.h\n'}
[5.522563] (px4_msgs) StdoutLine: {'line': b'-- Up-to-date: /home/subhalaxmi/nidar_ws/install/px4_msgs/include/px4_msgs/px4_msgs/msg/detail/event__struct.h\n'}
[5.522977] (px4_msgs) StdoutLine: {'line': b'-- Up-to-date: /home/subhalaxmi/nidar_ws/install/px4_msgs/include/px4_msgs/px4_msgs/msg/detail/ekf2_timestamps__type_support.h\n'}
[5.523126] (px4_msgs) StdoutLine: {'line': b'-- Up-to-date: /home/subhalaxmi/nidar_ws/install/px4_msgs/include/px4_msgs/px4_msgs/msg/detail/figure_eight_status__functions.c\n'}
[5.523269] (px4_msgs) StdoutLine: {'line': b'-- Up-to-date: /home/subhalaxmi/nidar_ws/install/px4_msgs/include/px4_msgs/px4_msgs/msg/detail/power_monitor__functions.c\n'}
[5.523412] (px4_msgs) StdoutLine: {'line': b'-- Up-to-date: /home/subhalaxmi/nidar_ws/install/px4_msgs/include/px4_msgs/px4_msgs/msg/detail/gimbal_controls__struct.h\n'}
[5.523560] (px4_msgs) StdoutLine: {'line': b'-- Up-to-date: /home/subhalaxmi/nidar_ws/install/px4_msgs/include/px4_msgs/px4_msgs/msg/detail/fixed_wing_lateral_setpoint__functions.c\n'}
[5.523957] (px4_msgs) StdoutLine: {'line': b'-- Up-to-date: /home/subhalaxmi/nidar_ws/install/px4_msgs/include/px4_msgs/px4_msgs/msg/detail/sensor_selection__type_support.h\n'}
[5.524108] (px4_msgs) StdoutLine: {'line': b'-- Up-to-date: /home/subhalaxmi/nidar_ws/install/px4_msgs/include/px4_msgs/px4_msgs/msg/detail/actuator_controls_status__type_support.h\n'}
[5.524252] (px4_msgs) StdoutLine: {'line': b'-- Up-to-date: /home/subhalaxmi/nidar_ws/install/px4_msgs/include/px4_msgs/px4_msgs/msg/detail/sensor_mag__type_support.h\n'}
[5.524393] (px4_msgs) StdoutLine: {'line': b'-- Up-to-date: /home/subhalaxmi/nidar_ws/install/px4_msgs/include/px4_msgs/px4_msgs/msg/detail/camera_status__functions.c\n'}
[5.524548] (px4_msgs) StdoutLine: {'line': b'-- Up-to-date: /home/subhalaxmi/nidar_ws/install/px4_msgs/include/px4_msgs/px4_msgs/msg/detail/onboard_computer_status__functions.c\n'}
[5.524962] (px4_msgs) StdoutLine: {'line': b'-- Up-to-date: /home/subhalaxmi/nidar_ws/install/px4_msgs/include/px4_msgs/px4_msgs/msg/detail/lateral_control_configuration__type_support.h\n'}
[5.525112] (px4_msgs) StdoutLine: {'line': b'-- Up-to-date: /home/subhalaxmi/nidar_ws/install/px4_msgs/include/px4_msgs/px4_msgs/msg/detail/dataman_response__struct.h\n'}
[5.525255] (px4_msgs) StdoutLine: {'line': b'-- Up-to-date: /home/subhalaxmi/nidar_ws/install/px4_msgs/include/px4_msgs/px4_msgs/msg/detail/rover_position_setpoint__functions.c\n'}
[5.525395] (px4_msgs) StdoutLine: {'line': b'-- Up-to-date: /home/subhalaxmi/nidar_ws/install/px4_msgs/include/px4_msgs/px4_msgs/msg/detail/failure_detector_status__type_support.h\n'}
[5.525744] (px4_msgs) StdoutLine: {'line': b'-- Up-to-date: /home/subhalaxmi/nidar_ws/install/px4_msgs/include/px4_msgs/px4_msgs/msg/detail/rover_speed_setpoint__functions.h\n'}
[5.526064] (px4_msgs) StdoutLine: {'line': b'-- Up-to-date: /home/subhalaxmi/nidar_ws/install/px4_msgs/include/px4_msgs/px4_msgs/msg/detail/mode_completed__functions.h\n'}
[5.526212] (px4_msgs) StdoutLine: {'line': b'-- Up-to-date: /home/subhalaxmi/nidar_ws/install/px4_msgs/include/px4_msgs/px4_msgs/msg/detail/orb_test__functions.c\n'}
[5.526534] (px4_msgs) StdoutLine: {'line': b'-- Up-to-date: /home/subhalaxmi/nidar_ws/install/px4_msgs/include/px4_msgs/px4_msgs/msg/detail/mission_result__functions.c\n'}
[5.526905] (px4_msgs) StdoutLine: {'line': b'-- Up-to-date: /home/subhalaxmi/nidar_ws/install/px4_msgs/include/px4_msgs/px4_msgs/msg/detail/debug_array__type_support.h\n'}
[5.527054] (px4_msgs) StdoutLine: {'line': b'-- Up-to-date: /home/subhalaxmi/nidar_ws/install/px4_msgs/include/px4_msgs/px4_msgs/msg/detail/sensor_uwb__struct.h\n'}
[5.527200] (px4_msgs) StdoutLine: {'line': b'-- Up-to-date: /home/subhalaxmi/nidar_ws/install/px4_msgs/include/px4_msgs/px4_msgs/msg/detail/irlock_report__type_support.h\n'}
[5.527342] (px4_msgs) StdoutLine: {'line': b'-- Up-to-date: /home/subhalaxmi/nidar_ws/install/px4_msgs/include/px4_msgs/px4_msgs/msg/detail/rate_ctrl_status__type_support.h\n'}
[5.527483] (px4_msgs) StdoutLine: {'line': b'-- Up-to-date: /home/subhalaxmi/nidar_ws/install/px4_msgs/include/px4_msgs/px4_msgs/msg/detail/pure_pursuit_status__functions.h\n'}
[5.527876] (px4_msgs) StdoutLine: {'line': b'-- Up-to-date: /home/subhalaxmi/nidar_ws/install/px4_msgs/include/px4_msgs/px4_msgs/msg/detail/landing_gear__functions.h\n'}
[5.528093] (px4_msgs) StdoutLine: {'line': b'-- Up-to-date: /home/subhalaxmi/nidar_ws/install/px4_msgs/include/px4_msgs/px4_msgs/msg/detail/rover_position_setpoint__struct.h\n'}
[5.528238] (px4_msgs) StdoutLine: {'line': b'-- Up-to-date: /home/subhalaxmi/nidar_ws/install/px4_msgs/include/px4_msgs/px4_msgs/msg/detail/telemetry_status__struct.h\n'}
[5.528382] (px4_msgs) StdoutLine: {'line': b'-- Up-to-date: /home/subhalaxmi/nidar_ws/install/px4_msgs/include/px4_msgs/px4_msgs/msg/detail/esc_report__type_support.h\n'}
[5.528532] (px4_msgs) StdoutLine: {'line': b'-- Up-to-date: /home/subhalaxmi/nidar_ws/install/px4_msgs/include/px4_msgs/px4_msgs/msg/detail/sensor_hygrometer__functions.h\n'}
[5.529008] (px4_msgs) StdoutLine: {'line': b'-- Up-to-date: /home/subhalaxmi/nidar_ws/install/px4_msgs/include/px4_msgs/px4_msgs/msg/detail/esc_report__functions.c\n'}
[5.529160] (px4_msgs) StdoutLine: {'line': b'-- Up-to-date: /home/subhalaxmi/nidar_ws/install/px4_msgs/include/px4_msgs/px4_msgs/msg/detail/debug_array__functions.c\n'}
[5.529341] (px4_msgs) StdoutLine: {'line': b'-- Up-to-date: /home/subhalaxmi/nidar_ws/install/px4_msgs/include/px4_msgs/px4_msgs/msg/detail/tune_control__functions.h\n'}
[5.529550] (px4_msgs) StdoutLine: {'line': b'-- Up-to-date: /home/subhalaxmi/nidar_ws/install/px4_msgs/include/px4_msgs/px4_msgs/msg/detail/rpm__type_support.h\n'}
[5.529726] (px4_msgs) StdoutLine: {'line': b'-- Up-to-date: /home/subhalaxmi/nidar_ws/install/px4_msgs/include/px4_msgs/px4_msgs/msg/detail/arming_check_request__struct.h\n'}
[5.529928] (px4_msgs) StdoutLine: {'line': b'-- Up-to-date: /home/subhalaxmi/nidar_ws/install/px4_msgs/include/px4_msgs/px4_msgs/msg/detail/fixed_wing_lateral_status__functions.c\n'}
[5.530136] (px4_msgs) StdoutLine: {'line': b'-- Up-to-date: /home/subhalaxmi/nidar_ws/install/px4_msgs/include/px4_msgs/px4_msgs/msg/detail/arming_check_request__type_support.h\n'}
[5.530323] (px4_msgs) StdoutLine: {'line': b'-- Up-to-date: /home/subhalaxmi/nidar_ws/install/px4_msgs/include/px4_msgs/px4_msgs/msg/detail/landing_gear__struct.h\n'}
[5.530442] (px4_msgs) StdoutLine: {'line': b'-- Up-to-date: /home/subhalaxmi/nidar_ws/install/px4_msgs/include/px4_msgs/px4_msgs/msg/detail/actuator_armed__type_support.h\n'}
[5.530572] (px4_msgs) StdoutLine: {'line': b'-- Up-to-date: /home/subhalaxmi/nidar_ws/install/px4_msgs/include/px4_msgs/px4_msgs/msg/detail/actuator_test__functions.h\n'}
[5.531040] (px4_msgs) StdoutLine: {'line': b'-- Up-to-date: /home/subhalaxmi/nidar_ws/install/px4_msgs/include/px4_msgs/px4_msgs/msg/detail/vtol_vehicle_status__functions.h\n'}
[5.531173] (px4_msgs) StdoutLine: {'line': b'-- Up-to-date: /home/subhalaxmi/nidar_ws/install/px4_msgs/include/px4_msgs/px4_msgs/msg/detail/estimator_aid_source1d__functions.h\n'}
[5.531301] (px4_msgs) StdoutLine: {'line': b'-- Up-to-date: /home/subhalaxmi/nidar_ws/install/px4_msgs/include/px4_msgs/px4_msgs/msg/detail/device_information__struct.h\n'}
[5.531422] (px4_msgs) StdoutLine: {'line': b'-- Up-to-date: /home/subhalaxmi/nidar_ws/install/px4_msgs/include/px4_msgs/px4_msgs/msg/detail/distance_sensor_mode_change_request__functions.h\n'}
[5.531557] (px4_msgs) StdoutLine: {'line': b'-- Up-to-date: /home/subhalaxmi/nidar_ws/install/px4_msgs/include/px4_msgs/px4_msgs/msg/detail/airspeed__struct.h\n'}
[5.531780] (px4_msgs) StdoutLine: {'line': b'-- Up-to-date: /home/subhalaxmi/nidar_ws/install/px4_msgs/include/px4_msgs/px4_msgs/msg/detail/vehicle_air_data__functions.c\n'}
[5.531907] (px4_msgs) StdoutLine: {'line': b'-- Up-to-date: /home/subhalaxmi/nidar_ws/install/px4_msgs/include/px4_msgs/px4_msgs/msg/detail/sensor_gnss_status__functions.h\n'}
[5.532033] (px4_msgs) StdoutLine: {'line': b'-- Up-to-date: /home/subhalaxmi/nidar_ws/install/px4_msgs/include/px4_msgs/px4_msgs/msg/detail/failure_detector_status__functions.c\n'}
[5.532158] (px4_msgs) StdoutLine: {'line': b'-- Up-to-date: /home/subhalaxmi/nidar_ws/install/px4_msgs/include/px4_msgs/px4_msgs/msg/detail/failsafe_flags__type_support.h\n'}
[5.532283] (px4_msgs) StdoutLine: {'line': b'-- Up-to-date: /home/subhalaxmi/nidar_ws/install/px4_msgs/include/px4_msgs/px4_msgs/msg/detail/vehicle_angular_acceleration_setpoint__type_support.h\n'}
[5.532402] (px4_msgs) StdoutLine: {'line': b'-- Up-to-date: /home/subhalaxmi/nidar_ws/install/px4_msgs/include/px4_msgs/px4_msgs/msg/detail/estimator_sensor_bias__struct.h\n'}
[5.532916] (px4_msgs) StdoutLine: {'line': b'-- Up-to-date: /home/subhalaxmi/nidar_ws/install/px4_msgs/include/px4_msgs/px4_msgs/msg/detail/dataman_response__functions.c\n'}
[5.533114] (px4_msgs) StdoutLine: {'line': b'-- Up-to-date: /home/subhalaxmi/nidar_ws/install/px4_msgs/include/px4_msgs/px4_msgs/msg/detail/sensors_status__functions.c\n'}
[5.533244] (px4_msgs) StdoutLine: {'line': b'-- Up-to-date: /home/subhalaxmi/nidar_ws/install/px4_msgs/include/px4_msgs/px4_msgs/msg/detail/offboard_control_mode__struct.h\n'}
[5.533372] (px4_msgs) StdoutLine: {'line': b'-- Up-to-date: /home/subhalaxmi/nidar_ws/install/px4_msgs/include/px4_msgs/px4_msgs/msg/detail/camera_status__type_support.h\n'}
[5.533498] (px4_msgs) StdoutLine: {'line': b'-- Up-to-date: /home/subhalaxmi/nidar_ws/install/px4_msgs/include/px4_msgs/px4_msgs/msg/detail/ulog_stream__struct.h\n'}
[5.533643] (px4_msgs) StdoutLine: {'line': b'-- Up-to-date: /home/subhalaxmi/nidar_ws/install/px4_msgs/include/px4_msgs/px4_msgs/msg/detail/iridiumsbd_status__struct.h\n'}
[5.533811] (px4_msgs) StdoutLine: {'line': b'-- Up-to-date: /home/subhalaxmi/nidar_ws/install/px4_msgs/include/px4_msgs/px4_msgs/msg/detail/rover_attitude_setpoint__functions.c\n'}
[5.533938] (px4_msgs) StdoutLine: {'line': b'-- Up-to-date: /home/subhalaxmi/nidar_ws/install/px4_msgs/include/px4_msgs/px4_msgs/msg/detail/vehicle_command_ack__functions.h\n'}
[5.534063] (px4_msgs) StdoutLine: {'line': b'-- Up-to-date: /home/subhalaxmi/nidar_ws/install/px4_msgs/include/px4_msgs/px4_msgs/msg/detail/debug_value__functions.h\n'}
[5.534184] (px4_msgs) StdoutLine: {'line': b'-- Up-to-date: /home/subhalaxmi/nidar_ws/install/px4_msgs/include/px4_msgs/px4_msgs/msg/detail/neural_control__struct.h\n'}
[5.534305] (px4_msgs) StdoutLine: {'line': b'-- Up-to-date: /home/subhalaxmi/nidar_ws/install/px4_msgs/include/px4_msgs/px4_msgs/msg/detail/takeoff_status__functions.h\n'}
[5.534586] (px4_msgs) StdoutLine: {'line': b'-- Up-to-date: /home/subhalaxmi/nidar_ws/install/px4_msgs/include/px4_msgs/px4_msgs/msg/detail/vehicle_torque_setpoint__type_support.h\n'}
[5.534847] (px4_msgs) StdoutLine: {'line': b'-- Up-to-date: /home/subhalaxmi/nidar_ws/install/px4_msgs/include/px4_msgs/px4_msgs/msg/detail/position_controller_status__type_support.h\n'}
[5.534950] (px4_msgs) StdoutLine: {'line': b'-- Up-to-date: /home/subhalaxmi/nidar_ws/install/px4_msgs/include/px4_msgs/px4_msgs/msg/detail/failsafe_flags__struct.h\n'}
[5.535051] (px4_msgs) StdoutLine: {'line': b'-- Up-to-date: /home/subhalaxmi/nidar_ws/install/px4_msgs/include/px4_msgs/px4_msgs/msg/detail/event__type_support.h\n'}
[5.535150] (px4_msgs) StdoutLine: {'line': b'-- Up-to-date: /home/subhalaxmi/nidar_ws/install/px4_msgs/include/px4_msgs/px4_msgs/msg/detail/estimator_aid_source3d__functions.h\n'}
[5.535249] (px4_msgs) StdoutLine: {'line': b'-- Up-to-date: /home/subhalaxmi/nidar_ws/install/px4_msgs/include/px4_msgs/px4_msgs/msg/detail/heater_status__functions.c\n'}
[5.535364] (px4_msgs) StdoutLine: {'line': b'-- Up-to-date: /home/subhalaxmi/nidar_ws/install/px4_msgs/include/px4_msgs/px4_msgs/msg/detail/camera_trigger__type_support.h\n'}
[5.535485] (px4_msgs) StdoutLine: {'line': b'-- Up-to-date: /home/subhalaxmi/nidar_ws/install/px4_msgs/include/px4_msgs/px4_msgs/msg/detail/qshell_retval__struct.h\n'}
[5.535620] (px4_msgs) StdoutLine: {'line': b'-- Up-to-date: /home/subhalaxmi/nidar_ws/install/px4_msgs/include/px4_msgs/px4_msgs/msg/detail/vehicle_attitude_setpoint__functions.h\n'}
[5.535731] (px4_msgs) StdoutLine: {'line': b'-- Up-to-date: /home/subhalaxmi/nidar_ws/install/px4_msgs/include/px4_msgs/px4_msgs/msg/detail/airspeed__functions.h\n'}
[5.535843] (px4_msgs) StdoutLine: {'line': b'-- Up-to-date: /home/subhalaxmi/nidar_ws/install/px4_msgs/include/px4_msgs/px4_msgs/msg/detail/vehicle_command_ack__functions.c\n'}
[5.535951] (px4_msgs) StdoutLine: {'line': b'-- Up-to-date: /home/subhalaxmi/nidar_ws/install/px4_msgs/include/px4_msgs/px4_msgs/msg/detail/power_button_state__functions.c\n'}
[5.536059] (px4_msgs) StdoutLine: {'line': b'-- Up-to-date: /home/subhalaxmi/nidar_ws/install/px4_msgs/include/px4_msgs/px4_msgs/msg/detail/vehicle_air_data__functions.h\n'}
[5.536173] (px4_msgs) StdoutLine: {'line': b'-- Up-to-date: /home/subhalaxmi/nidar_ws/install/px4_msgs/include/px4_msgs/px4_msgs/msg/detail/fuel_tank_status__functions.c\n'}
[5.536301] (px4_msgs) StdoutLine: {'line': b'-- Up-to-date: /home/subhalaxmi/nidar_ws/install/px4_msgs/include/px4_msgs/px4_msgs/msg/detail/velocity_limits__type_support.h\n'}
[5.536429] (px4_msgs) StdoutLine: {'line': b'-- Up-to-date: /home/subhalaxmi/nidar_ws/install/px4_msgs/include/px4_msgs/px4_msgs/msg/detail/vehicle_control_mode__functions.c\n'}
[5.536626] (px4_msgs) StdoutLine: {'line': b'-- Up-to-date: /home/subhalaxmi/nidar_ws/install/px4_msgs/include/px4_msgs/px4_msgs/msg/detail/sensor_gyro_fft__functions.h\n'}
[5.536768] (px4_msgs) StdoutLine: {'line': b'-- Up-to-date: /home/subhalaxmi/nidar_ws/install/px4_msgs/include/px4_msgs/px4_msgs/msg/detail/fixed_wing_lateral_guidance_status__functions.h\n'}
[5.536892] (px4_msgs) StdoutLine: {'line': b'-- Up-to-date: /home/subhalaxmi/nidar_ws/install/px4_msgs/include/px4_msgs/px4_msgs/msg/detail/ulog_stream__functions.h\n'}
[5.537013] (px4_msgs) StdoutLine: {'line': b'-- Up-to-date: /home/subhalaxmi/nidar_ws/install/px4_msgs/include/px4_msgs/px4_msgs/msg/detail/position_controller_landing_status__functions.c\n'}
[5.537137] (px4_msgs) StdoutLine: {'line': b'-- Up-to-date: /home/subhalaxmi/nidar_ws/install/px4_msgs/include/px4_msgs/px4_msgs/msg/detail/vtol_vehicle_status__type_support.h\n'}
[5.537259] (px4_msgs) StdoutLine: {'line': b'-- Up-to-date: /home/subhalaxmi/nidar_ws/install/px4_msgs/include/px4_msgs/px4_msgs/msg/detail/battery_status__type_support.h\n'}
[5.537750] (px4_msgs) StdoutLine: {'line': b'-- Up-to-date: /home/subhalaxmi/nidar_ws/install/px4_msgs/include/px4_msgs/px4_msgs/msg/detail/position_controller_status__functions.h\n'}
[5.537892] (px4_msgs) StdoutLine: {'line': b'-- Up-to-date: /home/subhalaxmi/nidar_ws/install/px4_msgs/include/px4_msgs/px4_msgs/msg/detail/vehicle_rates_setpoint__functions.c\n'}
[5.538017] (px4_msgs) StdoutLine: {'line': b'-- Up-to-date: /home/subhalaxmi/nidar_ws/install/px4_msgs/include/px4_msgs/px4_msgs/msg/detail/estimator_status__functions.h\n'}
[5.538191] (px4_msgs) StdoutLine: {'line': b'-- Up-to-date: /home/subhalaxmi/nidar_ws/install/px4_msgs/include/px4_msgs/px4_msgs/msg/detail/logger_status__type_support.h\n'}
[5.538314] (px4_msgs) StdoutLine: {'line': b'-- Up-to-date: /home/subhalaxmi/nidar_ws/install/px4_msgs/include/px4_msgs/px4_msgs/msg/detail/sensor_selection__functions.c\n'}
[5.538439] (px4_msgs) StdoutLine: {'line': b'-- Up-to-date: /home/subhalaxmi/nidar_ws/install/px4_msgs/include/px4_msgs/px4_msgs/msg/detail/vtol_vehicle_status__functions.c\n'}
[5.538578] (px4_msgs) StdoutLine: {'line': b'-- Up-to-date: /home/subhalaxmi/nidar_ws/install/px4_msgs/include/px4_msgs/px4_msgs/msg/detail/home_position__struct.h\n'}
[5.538696] (px4_msgs) StdoutLine: {'line': b'-- Up-to-date: /home/subhalaxmi/nidar_ws/install/px4_msgs/include/px4_msgs/px4_msgs/msg/detail/tecs_status__functions.h\n'}
[5.538896] (px4_msgs) StdoutLine: {'line': b'-- Up-to-date: /home/subhalaxmi/nidar_ws/install/px4_msgs/include/px4_msgs/px4_msgs/msg/detail/estimator_sensor_bias__type_support.h\n'}
[5.539014] (px4_msgs) StdoutLine: {'line': b'-- Up-to-date: /home/subhalaxmi/nidar_ws/install/px4_msgs/include/px4_msgs/px4_msgs/msg/detail/gain_compression__functions.c\n'}
[5.539122] (px4_msgs) StdoutLine: {'line': b'-- Up-to-date: /home/subhalaxmi/nidar_ws/install/px4_msgs/include/px4_msgs/px4_msgs/msg/detail/sensor_gyro__functions.c\n'}
[5.539230] (px4_msgs) StdoutLine: {'line': b'-- Up-to-date: /home/subhalaxmi/nidar_ws/install/px4_msgs/include/px4_msgs/px4_msgs/msg/detail/qshell_retval__functions.h\n'}
[5.539336] (px4_msgs) StdoutLine: {'line': b'-- Up-to-date: /home/subhalaxmi/nidar_ws/install/px4_msgs/include/px4_msgs/px4_msgs/msg/detail/power_monitor__struct.h\n'}
[5.539457] (px4_msgs) StdoutLine: {'line': b'-- Up-to-date: /home/subhalaxmi/nidar_ws/install/px4_msgs/include/px4_msgs/px4_msgs/msg/detail/uavcan_parameter_request__functions.h\n'}
[5.539711] (px4_msgs) StdoutLine: {'line': b'-- Up-to-date: /home/subhalaxmi/nidar_ws/install/px4_msgs/include/px4_msgs/px4_msgs/msg/detail/estimator_bias__type_support.h\n'}
[5.539958] (px4_msgs) StdoutLine: {'line': b'-- Up-to-date: /home/subhalaxmi/nidar_ws/install/px4_msgs/include/px4_msgs/px4_msgs/msg/detail/can_interface_status__type_support.h\n'}
[5.540086] (px4_msgs) StdoutLine: {'line': b'-- Up-to-date: /home/subhalaxmi/nidar_ws/install/px4_msgs/include/px4_msgs/px4_msgs/msg/detail/goto_setpoint__type_support.h\n'}
[5.540215] (px4_msgs) StdoutLine: {'line': b'-- Up-to-date: /home/subhalaxmi/nidar_ws/install/px4_msgs/include/px4_msgs/px4_msgs/msg/detail/logger_status__functions.c\n'}
[5.540341] (px4_msgs) StdoutLine: {'line': b'-- Up-to-date: /home/subhalaxmi/nidar_ws/install/px4_msgs/include/px4_msgs/px4_msgs/msg/detail/position_controller_status__struct.h\n'}
[5.540466] (px4_msgs) StdoutLine: {'line': b'-- Up-to-date: /home/subhalaxmi/nidar_ws/install/px4_msgs/include/px4_msgs/px4_msgs/msg/detail/device_information__functions.h\n'}
[5.540774] (px4_msgs) StdoutLine: {'line': b'-- Up-to-date: /home/subhalaxmi/nidar_ws/install/px4_msgs/include/px4_msgs/px4_msgs/msg/detail/trajectory_setpoint6dof__functions.c\n'}
[5.540913] (px4_msgs) StdoutLine: {'line': b'-- Up-to-date: /home/subhalaxmi/nidar_ws/install/px4_msgs/include/px4_msgs/px4_msgs/msg/detail/geofence_result__struct.h\n'}
[5.541040] (px4_msgs) StdoutLine: {'line': b'-- Up-to-date: /home/subhalaxmi/nidar_ws/install/px4_msgs/include/px4_msgs/px4_msgs/msg/detail/raptor_input__functions.h\n'}
[5.541164] (px4_msgs) StdoutLine: {'line': b'-- Up-to-date: /home/subhalaxmi/nidar_ws/install/px4_msgs/include/px4_msgs/px4_msgs/msg/detail/rtl_status__type_support.h\n'}
[5.541288] (px4_msgs) StdoutLine: {'line': b'-- Up-to-date: /home/subhalaxmi/nidar_ws/install/px4_msgs/include/px4_msgs/px4_msgs/msg/detail/trajectory_setpoint__functions.h\n'}
[5.541410] (px4_msgs) StdoutLine: {'line': b'-- Up-to-date: /home/subhalaxmi/nidar_ws/install/px4_msgs/include/px4_msgs/px4_msgs/msg/detail/launch_detection_status__type_support.h\n'}
[5.541756] (px4_msgs) StdoutLine: {'line': b'-- Up-to-date: /home/subhalaxmi/nidar_ws/install/px4_msgs/include/px4_msgs/px4_msgs/msg/detail/ulog_stream__functions.c\n'}
[5.541890] (px4_msgs) StdoutLine: {'line': b'-- Up-to-date: /home/subhalaxmi/nidar_ws/install/px4_msgs/include/px4_msgs/px4_msgs/msg/detail/actuator_outputs__functions.h\n'}
[5.542016] (px4_msgs) StdoutLine: {'line': b'-- Up-to-date: /home/subhalaxmi/nidar_ws/install/px4_msgs/include/px4_msgs/px4_msgs/msg/detail/ulog_stream_ack__functions.h\n'}
[5.542139] (px4_msgs) StdoutLine: {'line': b'-- Up-to-date: /home/subhalaxmi/nidar_ws/install/px4_msgs/include/px4_msgs/px4_msgs/msg/detail/navigator_mission_item__functions.h\n'}
[5.542266] (px4_msgs) StdoutLine: {'line': b'-- Up-to-date: /home/subhalaxmi/nidar_ws/install/px4_msgs/include/px4_msgs/px4_msgs/msg/detail/vehicle_roi__struct.h\n'}
[5.542389] (px4_msgs) StdoutLine: {'line': b'-- Up-to-date: /home/subhalaxmi/nidar_ws/install/px4_msgs/include/px4_msgs/px4_msgs/msg/detail/position_controller_landing_status__functions.h\n'}
[5.542828] (px4_msgs) StdoutLine: {'line': b'-- Up-to-date: /home/subhalaxmi/nidar_ws/install/px4_msgs/include/px4_msgs/px4_msgs/msg/detail/actuator_armed__struct.h\n'}
[5.542978] (px4_msgs) StdoutLine: {'line': b'-- Up-to-date: /home/subhalaxmi/nidar_ws/install/px4_msgs/include/px4_msgs/px4_msgs/msg/detail/actuator_test__struct.h\n'}
[5.543104] (px4_msgs) StdoutLine: {'line': b'-- Up-to-date: /home/subhalaxmi/nidar_ws/install/px4_msgs/include/px4_msgs/px4_msgs/msg/detail/log_message__struct.h\n'}
[5.543226] (px4_msgs) StdoutLine: {'line': b'-- Up-to-date: /home/subhalaxmi/nidar_ws/install/px4_msgs/include/px4_msgs/px4_msgs/msg/detail/unregister_ext_component__type_support.h\n'}
[5.543350] (px4_msgs) StdoutLine: {'line': b'-- Up-to-date: /home/subhalaxmi/nidar_ws/install/px4_msgs/include/px4_msgs/px4_msgs/msg/detail/vehicle_command__type_support.h\n'}
[5.543473] (px4_msgs) StdoutLine: {'line': b'-- Up-to-date: /home/subhalaxmi/nidar_ws/install/px4_msgs/include/px4_msgs/px4_msgs/msg/detail/vehicle_rates_setpoint__type_support.h\n'}
[5.543858] (px4_msgs) StdoutLine: {'line': b'-- Up-to-date: /home/subhalaxmi/nidar_ws/install/px4_msgs/include/px4_msgs/px4_msgs/msg/detail/vehicle_attitude_setpoint__type_support.h\n'}
[5.544044] (px4_msgs) StdoutLine: {'line': b'-- Up-to-date: /home/subhalaxmi/nidar_ws/install/px4_msgs/include/px4_msgs/px4_msgs/msg/detail/vehicle_global_position__functions.h\n'}
[5.544170] (px4_msgs) StdoutLine: {'line': b'-- Up-to-date: /home/subhalaxmi/nidar_ws/install/px4_msgs/include/px4_msgs/px4_msgs/msg/detail/tecs_status__type_support.h\n'}
[5.544297] (px4_msgs) StdoutLine: {'line': b'-- Up-to-date: /home/subhalaxmi/nidar_ws/install/px4_msgs/include/px4_msgs/px4_msgs/msg/detail/sensor_gps__type_support.h\n'}
[5.544423] (px4_msgs) StdoutLine: {'line': b'-- Up-to-date: /home/subhalaxmi/nidar_ws/install/px4_msgs/include/px4_msgs/px4_msgs/msg/detail/adc_report__type_support.h\n'}
[5.544561] (px4_msgs) StdoutLine: {'line': b'-- Up-to-date: /home/subhalaxmi/nidar_ws/install/px4_msgs/include/px4_msgs/px4_msgs/msg/detail/follow_target__functions.c\n'}
[5.545021] (px4_msgs) StdoutLine: {'line': b'-- Up-to-date: /home/subhalaxmi/nidar_ws/install/px4_msgs/include/px4_msgs/px4_msgs/msg/detail/rover_speed_setpoint__type_support.h\n'}
[5.545244] (px4_msgs) StdoutLine: {'line': b'-- Up-to-date: /home/subhalaxmi/nidar_ws/install/px4_msgs/include/px4_msgs/px4_msgs/msg/detail/gpio_in__struct.h\n'}
[5.545447] (px4_msgs) StdoutLine: {'line': b'-- Up-to-date: /home/subhalaxmi/nidar_ws/install/px4_msgs/include/px4_msgs/px4_msgs/msg/detail/mavlink_log__struct.h\n'}
[5.545715] (px4_msgs) StdoutLine: {'line': b'-- Up-to-date: /home/subhalaxmi/nidar_ws/install/px4_msgs/include/px4_msgs/px4_msgs/msg/detail/fuel_tank_status__struct.h\n'}
[5.545836] (px4_msgs) StdoutLine: {'line': b'-- Up-to-date: /home/subhalaxmi/nidar_ws/install/px4_msgs/include/px4_msgs/px4_msgs/msg/detail/uavcan_parameter_value__functions.h\n'}
[5.545943] (px4_msgs) StdoutLine: {'line': b'-- Up-to-date: /home/subhalaxmi/nidar_ws/install/px4_msgs/include/px4_msgs/px4_msgs/msg/detail/estimator_bias__functions.h\n'}
[5.546250] (px4_msgs) StdoutLine: {'line': b'-- Up-to-date: /home/subhalaxmi/nidar_ws/install/px4_msgs/include/px4_msgs/px4_msgs/msg/detail/fixed_wing_lateral_guidance_status__functions.c\n'}
[5.546380] (px4_msgs) StdoutLine: {'line': b'-- Up-to-date: /home/subhalaxmi/nidar_ws/install/px4_msgs/include/px4_msgs/px4_msgs/msg/detail/distance_sensor__type_support.h\n'}
[5.546509] (px4_msgs) StdoutLine: {'line': b'-- Up-to-date: /home/subhalaxmi/nidar_ws/install/px4_msgs/include/px4_msgs/px4_msgs/msg/detail/goto_setpoint__functions.h\n'}
[5.546664] (px4_msgs) StdoutLine: {'line': b'-- Up-to-date: /home/subhalaxmi/nidar_ws/install/px4_msgs/include/px4_msgs/px4_msgs/msg/detail/vehicle_status__functions.h\n'}
[5.546901] (px4_msgs) StdoutLine: {'line': b'-- Up-to-date: /home/subhalaxmi/nidar_ws/install/px4_msgs/include/px4_msgs/px4_msgs/msg/detail/open_drone_id_operator_id__struct.h\n'}
[5.547030] (px4_msgs) StdoutLine: {'line': b'-- Up-to-date: /home/subhalaxmi/nidar_ws/install/px4_msgs/include/px4_msgs/px4_msgs/msg/detail/gpio_out__type_support.h\n'}
[5.547157] (px4_msgs) StdoutLine: {'line': b'-- Up-to-date: /home/subhalaxmi/nidar_ws/install/px4_msgs/include/px4_msgs/px4_msgs/msg/detail/gripper__functions.h\n'}
[5.547282] (px4_msgs) StdoutLine: {'line': b'-- Up-to-date: /home/subhalaxmi/nidar_ws/install/px4_msgs/include/px4_msgs/px4_msgs/msg/detail/gain_compression__type_support.h\n'}
[5.547406] (px4_msgs) StdoutLine: {'line': b'-- Up-to-date: /home/subhalaxmi/nidar_ws/install/px4_msgs/include/px4_msgs/px4_msgs/msg/detail/ulog_stream_ack__type_support.h\n'}
[5.547538] (px4_msgs) StdoutLine: {'line': b'-- Up-to-date: /home/subhalaxmi/nidar_ws/install/px4_msgs/include/px4_msgs/px4_msgs/msg/detail/follow_target_status__functions.c\n'}
[5.547681] (px4_msgs) StdoutLine: {'line': b'-- Up-to-date: /home/subhalaxmi/nidar_ws/install/px4_msgs/include/px4_msgs/px4_msgs/msg/detail/obstacle_distance__functions.c\n'}
[5.547804] (px4_msgs) StdoutLine: {'line': b'-- Up-to-date: /home/subhalaxmi/nidar_ws/install/px4_msgs/include/px4_msgs/px4_msgs/msg/detail/sensors_status__functions.h\n'}
[5.547927] (px4_msgs) StdoutLine: {'line': b'-- Up-to-date: /home/subhalaxmi/nidar_ws/install/px4_msgs/include/px4_msgs/px4_msgs/msg/detail/navigator_mission_item__struct.h\n'}
[5.548050] (px4_msgs) StdoutLine: {'line': b'-- Up-to-date: /home/subhalaxmi/nidar_ws/install/px4_msgs/include/px4_msgs/px4_msgs/msg/detail/sensor_gps__functions.h\n'}
[5.548173] (px4_msgs) StdoutLine: {'line': b'-- Up-to-date: /home/subhalaxmi/nidar_ws/install/px4_msgs/include/px4_msgs/px4_msgs/msg/detail/goto_setpoint__functions.c\n'}
[5.548661] (px4_msgs) StdoutLine: {'line': b'-- Up-to-date: /home/subhalaxmi/nidar_ws/install/px4_msgs/include/px4_msgs/px4_msgs/msg/detail/parameter_set_used_request__functions.h\n'}
[5.548794] (px4_msgs) StdoutLine: {'line': b'-- Up-to-date: /home/subhalaxmi/nidar_ws/install/px4_msgs/include/px4_msgs/px4_msgs/msg/detail/rc_parameter_map__functions.c\n'}
[5.548905] (px4_msgs) StdoutLine: {'line': b'-- Up-to-date: /home/subhalaxmi/nidar_ws/install/px4_msgs/include/px4_msgs/px4_msgs/msg/detail/rtl_status__functions.c\n'}
[5.549014] (px4_msgs) StdoutLine: {'line': b'-- Up-to-date: /home/subhalaxmi/nidar_ws/install/px4_msgs/include/px4_msgs/px4_msgs/msg/detail/sensors_status_imu__functions.h\n'}
[5.549302] (px4_msgs) StdoutLine: {'line': b'-- Up-to-date: /home/subhalaxmi/nidar_ws/install/px4_msgs/include/px4_msgs/px4_msgs/msg/detail/sensor_combined__functions.c\n'}
[5.549424] (px4_msgs) StdoutLine: {'line': b'-- Up-to-date: /home/subhalaxmi/nidar_ws/install/px4_msgs/include/px4_msgs/px4_msgs/msg/detail/vehicle_optical_flow__functions.c\n'}
[5.549551] (px4_msgs) StdoutLine: {'line': b'-- Up-to-date: /home/subhalaxmi/nidar_ws/install/px4_msgs/include/px4_msgs/px4_msgs/msg/detail/sensor_uwb__functions.c\n'}
[5.549679] (px4_msgs) StdoutLine: {'line': b'-- Up-to-date: /home/subhalaxmi/nidar_ws/install/px4_msgs/include/px4_msgs/px4_msgs/msg/detail/uavcan_parameter_request__type_support.h\n'}
[5.549855] (px4_msgs) StdoutLine: {'line': b'-- Up-to-date: /home/subhalaxmi/nidar_ws/install/px4_msgs/include/px4_msgs/px4_msgs/msg/detail/autotune_attitude_control_status__struct.h\n'}
[5.549957] (px4_msgs) StdoutLine: {'line': b'-- Up-to-date: /home/subhalaxmi/nidar_ws/install/px4_msgs/include/px4_msgs/px4_msgs/msg/detail/mavlink_log__functions.c\n'}
[5.550056] (px4_msgs) StdoutLine: {'line': b'-- Up-to-date: /home/subhalaxmi/nidar_ws/install/px4_msgs/include/px4_msgs/px4_msgs/msg/detail/vtx__type_support.h\n'}
[5.550156] (px4_msgs) StdoutLine: {'line': b'-- Up-to-date: /home/subhalaxmi/nidar_ws/install/px4_msgs/include/px4_msgs/px4_msgs/msg/detail/vehicle_local_position_setpoint__struct.h\n'}
[5.550257] (px4_msgs) StdoutLine: {'line': b'-- Up-to-date: /home/subhalaxmi/nidar_ws/install/px4_msgs/include/px4_msgs/px4_msgs/msg/detail/rover_throttle_setpoint__functions.c\n'}
[5.550375] (px4_msgs) StdoutLine: {'line': b'-- Up-to-date: /home/subhalaxmi/nidar_ws/install/px4_msgs/include/px4_msgs/px4_msgs/msg/detail/pps_capture__functions.h\n'}
[5.550493] (px4_msgs) StdoutLine: {'line': b'-- Up-to-date: /home/subhalaxmi/nidar_ws/install/px4_msgs/include/px4_msgs/px4_msgs/msg/detail/esc_report__struct.h\n'}
[5.550626] (px4_msgs) StdoutLine: {'line': b'-- Up-to-date: /home/subhalaxmi/nidar_ws/install/px4_msgs/include/px4_msgs/px4_msgs/msg/detail/wind__type_support.h\n'}
[5.550738] (px4_msgs) StdoutLine: {'line': b'-- Up-to-date: /home/subhalaxmi/nidar_ws/install/px4_msgs/include/px4_msgs/px4_msgs/msg/detail/vehicle_torque_setpoint__struct.h\n'}
[5.550852] (px4_msgs) StdoutLine: {'line': b'-- Up-to-date: /home/subhalaxmi/nidar_ws/install/px4_msgs/include/px4_msgs/px4_msgs/msg/detail/rover_attitude_setpoint__functions.h\n'}
[5.550961] (px4_msgs) StdoutLine: {'line': b'-- Up-to-date: /home/subhalaxmi/nidar_ws/install/px4_msgs/include/px4_msgs/px4_msgs/msg/detail/landing_target_pose__type_support.h\n'}
[5.551083] (px4_msgs) StdoutLine: {'line': b'-- Up-to-date: /home/subhalaxmi/nidar_ws/install/px4_msgs/include/px4_msgs/px4_msgs/msg/detail/pps_capture__struct.h\n'}
[5.551194] (px4_msgs) StdoutLine: {'line': b'-- Up-to-date: /home/subhalaxmi/nidar_ws/install/px4_msgs/include/px4_msgs/px4_msgs/msg/detail/landing_target_pose__functions.h\n'}
[5.551302] (px4_msgs) StdoutLine: {'line': b'-- Up-to-date: /home/subhalaxmi/nidar_ws/install/px4_msgs/include/px4_msgs/px4_msgs/msg/detail/debug_key_value__functions.c\n'}
[5.551423] (px4_msgs) StdoutLine: {'line': b'-- Up-to-date: /home/subhalaxmi/nidar_ws/install/px4_msgs/include/px4_msgs/px4_msgs/msg/detail/health_report__type_support.h\n'}
[5.551561] (px4_msgs) StdoutLine: {'line': b'-- Up-to-date: /home/subhalaxmi/nidar_ws/install/px4_msgs/include/px4_msgs/px4_msgs/msg/detail/cellular_status__functions.c\n'}
[5.551710] (px4_msgs) StdoutLine: {'line': b'-- Up-to-date: /home/subhalaxmi/nidar_ws/install/px4_msgs/include/px4_msgs/px4_msgs/msg/detail/longitudinal_control_configuration__functions.c\n'}
[5.551850] (px4_msgs) StdoutLine: {'line': b'-- Up-to-date: /home/subhalaxmi/nidar_ws/install/px4_msgs/include/px4_msgs/px4_msgs/msg/detail/gps_dump__struct.h\n'}
[5.551988] (px4_msgs) StdoutLine: {'line': b'-- Up-to-date: /home/subhalaxmi/nidar_ws/install/px4_msgs/include/px4_msgs/px4_msgs/msg/detail/pure_pursuit_status__functions.c\n'}
[5.552126] (px4_msgs) StdoutLine: {'line': b'-- Up-to-date: /home/subhalaxmi/nidar_ws/install/px4_msgs/include/px4_msgs/px4_msgs/msg/detail/estimator_aid_source1d__type_support.h\n'}
[5.552263] (px4_msgs) StdoutLine: {'line': b'-- Up-to-date: /home/subhalaxmi/nidar_ws/install/px4_msgs/include/px4_msgs/px4_msgs/msg/detail/sensor_combined__struct.h\n'}
[5.552402] (px4_msgs) StdoutLine: {'line': b'-- Up-to-date: /home/subhalaxmi/nidar_ws/install/px4_msgs/include/px4_msgs/px4_msgs/msg/detail/irlock_report__struct.h\n'}
[5.552553] (px4_msgs) StdoutLine: {'line': b'-- Up-to-date: /home/subhalaxmi/nidar_ws/install/px4_msgs/include/px4_msgs/px4_msgs/msg/detail/uavcan_parameter_value__type_support.h\n'}
[5.553052] (px4_msgs) StdoutLine: {'line': b'-- Up-to-date: /home/subhalaxmi/nidar_ws/install/px4_msgs/include/px4_msgs/px4_msgs/msg/detail/vehicle_global_position__type_support.h\n'}
[5.553367] (px4_msgs) StdoutLine: {'line': b'-- Up-to-date: /home/subhalaxmi/nidar_ws/install/px4_msgs/include/px4_msgs/px4_msgs/msg/detail/sensor_baro__struct.h\n'}
[5.553518] (px4_msgs) StdoutLine: {'line': b'-- Up-to-date: /home/subhalaxmi/nidar_ws/install/px4_msgs/include/px4_msgs/px4_msgs/msg/detail/telemetry_status__functions.h\n'}
[5.553813] (px4_msgs) StdoutLine: {'line': b'-- Up-to-date: /home/subhalaxmi/nidar_ws/install/px4_msgs/include/px4_msgs/px4_msgs/msg/detail/vtx__functions.h\n'}
[5.553967] (px4_msgs) StdoutLine: {'line': b'-- Up-to-date: /home/subhalaxmi/nidar_ws/install/px4_msgs/include/px4_msgs/px4_msgs/msg/detail/ulog_stream__type_support.h\n'}
[5.554111] (px4_msgs) StdoutLine: {'line': b'-- Up-to-date: /home/subhalaxmi/nidar_ws/install/px4_msgs/include/px4_msgs/px4_msgs/msg/detail/trajectory_setpoint__type_support.h\n'}
[5.554252] (px4_msgs) StdoutLine: {'line': b'-- Up-to-date: /home/subhalaxmi/nidar_ws/install/px4_msgs/include/px4_msgs/px4_msgs/msg/detail/sensor_accel__functions.c\n'}
[5.554391] (px4_msgs) StdoutLine: {'line': b'-- Up-to-date: /home/subhalaxmi/nidar_ws/install/px4_msgs/include/px4_msgs/px4_msgs/msg/detail/vehicle_global_position__functions.c\n'}
[5.554544] (px4_msgs) StdoutLine: {'line': b'-- Up-to-date: /home/subhalaxmi/nidar_ws/install/px4_msgs/include/px4_msgs/px4_msgs/msg/detail/input_rc__type_support.h\n'}
[5.554980] (px4_msgs) StdoutLine: {'line': b'-- Up-to-date: /home/subhalaxmi/nidar_ws/install/px4_msgs/include/px4_msgs/px4_msgs/msg/detail/vtol_vehicle_status__struct.h\n'}
[5.555131] (px4_msgs) StdoutLine: {'line': b'-- Up-to-date: /home/subhalaxmi/nidar_ws/install/px4_msgs/include/px4_msgs/px4_msgs/msg/detail/lateral_control_configuration__functions.h\n'}
[5.555274] (px4_msgs) StdoutLine: {'line': b'-- Up-to-date: /home/subhalaxmi/nidar_ws/install/px4_msgs/include/px4_msgs/px4_msgs/msg/detail/raptor_status__functions.c\n'}
[5.555414] (px4_msgs) StdoutLine: {'line': b'-- Up-to-date: /home/subhalaxmi/nidar_ws/install/px4_msgs/include/px4_msgs/px4_msgs/msg/detail/estimator_status_flags__functions.h\n'}
[5.555563] (px4_msgs) StdoutLine: {'line': b'-- Up-to-date: /home/subhalaxmi/nidar_ws/install/px4_msgs/include/px4_msgs/px4_msgs/msg/detail/sensor_optical_flow__type_support.h\n'}
[5.555966] (px4_msgs) StdoutLine: {'line': b'-- Up-to-date: /home/subhalaxmi/nidar_ws/install/px4_msgs/include/px4_msgs/px4_msgs/msg/detail/follow_target_status__struct.h\n'}
[5.556115] (px4_msgs) StdoutLine: {'line': b'-- Up-to-date: /home/subhalaxmi/nidar_ws/install/px4_msgs/include/px4_msgs/px4_msgs/msg/detail/control_allocator_status__functions.c\n'}
[5.556258] (px4_msgs) StdoutLine: {'line': b'-- Up-to-date: /home/subhalaxmi/nidar_ws/install/px4_msgs/include/px4_msgs/px4_msgs/msg/detail/vehicle_attitude__struct.h\n'}
[5.556398] (px4_msgs) StdoutLine: {'line': b'-- Up-to-date: /home/subhalaxmi/nidar_ws/install/px4_msgs/include/px4_msgs/px4_msgs/msg/detail/logger_status__functions.h\n'}
[5.556548] (px4_msgs) StdoutLine: {'line': b'-- Up-to-date: /home/subhalaxmi/nidar_ws/install/px4_msgs/include/px4_msgs/px4_msgs/msg/detail/vehicle_attitude_setpoint__struct.h\n'}
[5.557103] (px4_msgs) StdoutLine: {'line': b'-- Up-to-date: /home/subhalaxmi/nidar_ws/install/px4_msgs/include/px4_msgs/px4_msgs/msg/detail/gps_inject_data__functions.c\n'}
[5.557255] (px4_msgs) StdoutLine: {'line': b'-- Up-to-date: /home/subhalaxmi/nidar_ws/install/px4_msgs/include/px4_msgs/px4_msgs/msg/detail/orb_test_medium__functions.c\n'}
[5.557398] (px4_msgs) StdoutLine: {'line': b'-- Up-to-date: /home/subhalaxmi/nidar_ws/install/px4_msgs/include/px4_msgs/px4_msgs/msg/detail/message_format_request__functions.c\n'}
[5.557550] (px4_msgs) StdoutLine: {'line': b'-- Up-to-date: /home/subhalaxmi/nidar_ws/install/px4_msgs/include/px4_msgs/px4_msgs/msg/detail/message_format_request__functions.h\n'}
[5.557943] (px4_msgs) StdoutLine: {'line': b'-- Up-to-date: /home/subhalaxmi/nidar_ws/install/px4_msgs/include/px4_msgs/px4_msgs/msg/detail/irlock_report__functions.h\n'}
[5.558156] (px4_msgs) StdoutLine: {'line': b'-- Up-to-date: /home/subhalaxmi/nidar_ws/install/px4_msgs/include/px4_msgs/px4_msgs/msg/detail/rtl_time_estimate__type_support.h\n'}
[5.558302] (px4_msgs) StdoutLine: {'line': b'-- Up-to-date: /home/subhalaxmi/nidar_ws/install/px4_msgs/include/px4_msgs/px4_msgs/msg/detail/sensor_optical_flow__functions.c\n'}
[5.558446] (px4_msgs) StdoutLine: {'line': b'-- Up-to-date: /home/subhalaxmi/nidar_ws/install/px4_msgs/include/px4_msgs/px4_msgs/msg/detail/debug_vect__functions.h\n'}
[5.558774] (px4_msgs) StdoutLine: {'line': b'-- Up-to-date: /home/subhalaxmi/nidar_ws/install/px4_msgs/include/px4_msgs/px4_msgs/msg/detail/vtx__struct.h\n'}
[5.559052] (px4_msgs) StdoutLine: {'line': b'-- Up-to-date: /home/subhalaxmi/nidar_ws/install/px4_msgs/include/px4_msgs/px4_msgs/msg/detail/landing_target_innovations__functions.c\n'}
[5.559213] (px4_msgs) StdoutLine: {'line': b'-- Up-to-date: /home/subhalaxmi/nidar_ws/install/px4_msgs/include/px4_msgs/px4_msgs/msg/detail/system_power__functions.c\n'}
[5.559368] (px4_msgs) StdoutLine: {'line': b'-- Up-to-date: /home/subhalaxmi/nidar_ws/install/px4_msgs/include/px4_msgs/px4_msgs/msg/detail/device_information__type_support.h\n'}
[5.559517] (px4_msgs) StdoutLine: {'line': b'-- Up-to-date: /home/subhalaxmi/nidar_ws/install/px4_msgs/include/px4_msgs/px4_msgs/msg/detail/vehicle_local_position_setpoint__functions.c\n'}
[5.559864] (px4_msgs) StdoutLine: {'line': b'-- Up-to-date: /home/subhalaxmi/nidar_ws/install/px4_msgs/include/px4_msgs/px4_msgs/msg/detail/sensor_correction__functions.h\n'}
[5.560128] (px4_msgs) StdoutLine: {'line': b'-- Up-to-date: /home/subhalaxmi/nidar_ws/install/px4_msgs/include/px4_msgs/px4_msgs/msg/detail/sensor_hygrometer__struct.h\n'}
[5.560442] (px4_msgs) StdoutLine: {'line': b'-- Up-to-date: /home/subhalaxmi/nidar_ws/install/px4_msgs/include/px4_msgs/px4_msgs/msg/detail/mode_completed__struct.h\n'}
[5.560713] (px4_msgs) StdoutLine: {'line': b'-- Up-to-date: /home/subhalaxmi/nidar_ws/install/px4_msgs/include/px4_msgs/px4_msgs/msg/detail/heater_status__type_support.h\n'}
[5.560826] (px4_msgs) StdoutLine: {'line': b'-- Up-to-date: /home/subhalaxmi/nidar_ws/install/px4_msgs/include/px4_msgs/px4_msgs/msg/detail/internal_combustion_engine_status__struct.h\n'}
[5.560930] (px4_msgs) StdoutLine: {'line': b'-- Up-to-date: /home/subhalaxmi/nidar_ws/install/px4_msgs/include/px4_msgs/px4_msgs/msg/detail/sensor_gnss_relative__struct.h\n'}
[5.561032] (px4_msgs) StdoutLine: {'line': b'-- Up-to-date: /home/subhalaxmi/nidar_ws/install/px4_msgs/include/px4_msgs/px4_msgs/msg/detail/parameter_reset_request__functions.c\n'}
[5.561132] (px4_msgs) StdoutLine: {'line': b'-- Up-to-date: /home/subhalaxmi/nidar_ws/install/px4_msgs/include/px4_msgs/px4_msgs/msg/detail/arming_check_reply__functions.c\n'}
[5.561232] (px4_msgs) StdoutLine: {'line': b'-- Up-to-date: /home/subhalaxmi/nidar_ws/install/px4_msgs/include/px4_msgs/px4_msgs/msg/detail/fuel_tank_status__type_support.h\n'}
[5.561330] (px4_msgs) StdoutLine: {'line': b'-- Up-to-date: /home/subhalaxmi/nidar_ws/install/px4_msgs/include/px4_msgs/px4_msgs/msg/detail/fuel_tank_status__functions.h\n'}
[5.561428] (px4_msgs) StdoutLine: {'line': b'-- Up-to-date: /home/subhalaxmi/nidar_ws/install/px4_msgs/include/px4_msgs/px4_msgs/msg/detail/mount_orientation__struct.h\n'}
[5.561541] (px4_msgs) StdoutLine: {'line': b'-- Up-to-date: /home/subhalaxmi/nidar_ws/install/px4_msgs/include/px4_msgs/px4_msgs/msg/detail/vehicle_angular_velocity__functions.h\n'}
[5.561670] (px4_msgs) StdoutLine: {'line': b'-- Up-to-date: /home/subhalaxmi/nidar_ws/install/px4_msgs/include/px4_msgs/px4_msgs/msg/detail/actuator_servos__functions.h\n'}
[5.561847] (px4_msgs) StdoutLine: {'line': b'-- Up-to-date: /home/subhalaxmi/nidar_ws/install/px4_msgs/include/px4_msgs/px4_msgs/msg/detail/action_request__type_support.h\n'}
[5.561952] (px4_msgs) StdoutLine: {'line': b'-- Up-to-date: /home/subhalaxmi/nidar_ws/install/px4_msgs/include/px4_msgs/px4_msgs/msg/detail/fixed_wing_lateral_status__type_support.h\n'}
[5.562067] (px4_msgs) StdoutLine: {'line': b'-- Up-to-date: /home/subhalaxmi/nidar_ws/install/px4_msgs/include/px4_msgs/px4_msgs/msg/detail/debug_array__struct.h\n'}
[5.562169] (px4_msgs) StdoutLine: {'line': b'-- Up-to-date: /home/subhalaxmi/nidar_ws/install/px4_msgs/include/px4_msgs/px4_msgs/msg/detail/sensor_accel_fifo__type_support.h\n'}
[5.562268] (px4_msgs) StdoutLine: {'line': b'-- Up-to-date: /home/subhalaxmi/nidar_ws/install/px4_msgs/include/px4_msgs/px4_msgs/msg/detail/battery_status__functions.h\n'}
[5.562366] (px4_msgs) StdoutLine: {'line': b'-- Up-to-date: /home/subhalaxmi/nidar_ws/install/px4_msgs/include/px4_msgs/px4_msgs/msg/detail/estimator_aid_source1d__functions.c\n'}
[5.562466] (px4_msgs) StdoutLine: {'line': b'-- Up-to-date: /home/subhalaxmi/nidar_ws/install/px4_msgs/include/px4_msgs/px4_msgs/msg/detail/open_drone_id_arm_status__functions.h\n'}
[5.562591] (px4_msgs) StdoutLine: {'line': b'-- Up-to-date: /home/subhalaxmi/nidar_ws/install/px4_msgs/include/px4_msgs/px4_msgs/msg/detail/gpio_out__functions.c\n'}
[5.562701] (px4_msgs) StdoutLine: {'line': b'-- Up-to-date: /home/subhalaxmi/nidar_ws/install/px4_msgs/include/px4_msgs/px4_msgs/msg/detail/fixed_wing_lateral_status__functions.h\n'}
[5.562800] (px4_msgs) StdoutLine: {'line': b'-- Up-to-date: /home/subhalaxmi/nidar_ws/install/px4_msgs/include/px4_msgs/px4_msgs/msg/detail/sensor_gnss_relative__functions.c\n'}
[5.562898] (px4_msgs) StdoutLine: {'line': b'-- Up-to-date: /home/subhalaxmi/nidar_ws/install/px4_msgs/include/px4_msgs/px4_msgs/msg/detail/distance_sensor__functions.c\n'}
[5.562996] (px4_msgs) StdoutLine: {'line': b'-- Up-to-date: /home/subhalaxmi/nidar_ws/install/px4_msgs/include/px4_msgs/px4_msgs/msg/detail/rover_throttle_setpoint__functions.h\n'}
[5.563095] (px4_msgs) StdoutLine: {'line': b'-- Up-to-date: /home/subhalaxmi/nidar_ws/install/px4_msgs/include/px4_msgs/px4_msgs/msg/detail/ekf2_timestamps__struct.h\n'}
[5.563194] (px4_msgs) StdoutLine: {'line': b'-- Up-to-date: /home/subhalaxmi/nidar_ws/install/px4_msgs/include/px4_msgs/px4_msgs/msg/detail/parameter_reset_request__functions.h\n'}
[5.563293] (px4_msgs) StdoutLine: {'line': b'-- Up-to-date: /home/subhalaxmi/nidar_ws/install/px4_msgs/include/px4_msgs/px4_msgs/msg/detail/estimator_aid_source3d__functions.c\n'}
[5.563391] (px4_msgs) StdoutLine: {'line': b'-- Up-to-date: /home/subhalaxmi/nidar_ws/install/px4_msgs/include/px4_msgs/px4_msgs/msg/detail/open_drone_id_system__functions.c\n'}
[5.563489] (px4_msgs) StdoutLine: {'line': b'-- Up-to-date: /home/subhalaxmi/nidar_ws/install/px4_msgs/include/px4_msgs/px4_msgs/msg/detail/rate_ctrl_status__functions.c\n'}
[5.563838] (px4_msgs) StdoutLine: {'line': b'-- Up-to-date: /home/subhalaxmi/nidar_ws/install/px4_msgs/include/px4_msgs/px4_msgs/msg/detail/rc_parameter_map__struct.h\n'}
[5.563997] (px4_msgs) StdoutLine: {'line': b'-- Up-to-date: /home/subhalaxmi/nidar_ws/install/px4_msgs/include/px4_msgs/px4_msgs/msg/detail/rover_rate_setpoint__functions.c\n'}
[5.564290] (px4_msgs) StdoutLine: {'line': b'-- Up-to-date: /home/subhalaxmi/nidar_ws/install/px4_msgs/include/px4_msgs/px4_msgs/msg/detail/qshell_req__type_support.h\n'}
[5.564452] (px4_msgs) StdoutLine: {'line': b'-- Up-to-date: /home/subhalaxmi/nidar_ws/install/px4_msgs/include/px4_msgs/px4_msgs/msg/detail/flight_phase_estimation__struct.h\n'}
[5.565017] (px4_msgs) StdoutLine: {'line': b'-- Up-to-date: /home/subhalaxmi/nidar_ws/install/px4_msgs/include/px4_msgs/px4_msgs/msg/detail/irlock_report__functions.c\n'}
[5.565327] (px4_msgs) StdoutLine: {'line': b'-- Up-to-date: /home/subhalaxmi/nidar_ws/install/px4_msgs/include/px4_msgs/px4_msgs/msg/detail/dataman_request__struct.h\n'}
[5.565478] (px4_msgs) StdoutLine: {'line': b'-- Up-to-date: /home/subhalaxmi/nidar_ws/install/px4_msgs/include/px4_msgs/px4_msgs/msg/detail/sensor_gyro_fft__type_support.h\n'}
[5.565832] (px4_msgs) StdoutLine: {'line': b'-- Up-to-date: /home/subhalaxmi/nidar_ws/install/px4_msgs/include/px4_msgs/px4_msgs/msg/detail/neural_control__functions.c\n'}
[5.566057] (px4_msgs) StdoutLine: {'line': b'-- Up-to-date: /home/subhalaxmi/nidar_ws/install/px4_msgs/include/px4_msgs/px4_msgs/msg/detail/vehicle_imu_status__functions.c\n'}
[5.566201] (px4_msgs) StdoutLine: {'line': b'-- Up-to-date: /home/subhalaxmi/nidar_ws/install/px4_msgs/include/px4_msgs/px4_msgs/msg/detail/hover_thrust_estimate__functions.h\n'}
[5.566343] (px4_msgs) StdoutLine: {'line': b'-- Up-to-date: /home/subhalaxmi/nidar_ws/install/px4_msgs/include/px4_msgs/px4_msgs/msg/detail/vehicle_thrust_setpoint__type_support.h\n'}
[5.566484] (px4_msgs) StdoutLine: {'line': b'-- Up-to-date: /home/subhalaxmi/nidar_ws/install/px4_msgs/include/px4_msgs/px4_msgs/msg/detail/vehicle_odometry__struct.h\n'}
[5.566887] (px4_msgs) StdoutLine: {'line': b'-- Up-to-date: /home/subhalaxmi/nidar_ws/install/px4_msgs/include/px4_msgs/px4_msgs/msg/detail/task_stack_info__type_support.h\n'}
[5.567107] (px4_msgs) StdoutLine: {'line': b'-- Up-to-date: /home/subhalaxmi/nidar_ws/install/px4_msgs/include/px4_msgs/px4_msgs/msg/detail/system_power__struct.h\n'}
[5.567251] (px4_msgs) StdoutLine: {'line': b'-- Up-to-date: /home/subhalaxmi/nidar_ws/install/px4_msgs/include/px4_msgs/px4_msgs/msg/detail/power_monitor__functions.h\n'}
[5.567393] (px4_msgs) StdoutLine: {'line': b'-- Up-to-date: /home/subhalaxmi/nidar_ws/install/px4_msgs/include/px4_msgs/px4_msgs/msg/detail/orb_test_large__functions.h\n'}
[5.567546] (px4_msgs) StdoutLine: {'line': b'-- Up-to-date: /home/subhalaxmi/nidar_ws/install/px4_msgs/include/px4_msgs/px4_msgs/msg/detail/rover_speed_status__functions.c\n'}
[5.567955] (px4_msgs) StdoutLine: {'line': b'-- Up-to-date: /home/subhalaxmi/nidar_ws/install/px4_msgs/include/px4_msgs/px4_msgs/msg/detail/sensor_preflight_mag__functions.c\n'}
[5.568105] (px4_msgs) StdoutLine: {'line': b'-- Up-to-date: /home/subhalaxmi/nidar_ws/install/px4_msgs/include/px4_msgs/px4_msgs/msg/detail/message_format_response__struct.h\n'}
[5.568248] (px4_msgs) StdoutLine: {'line': b'-- Up-to-date: /home/subhalaxmi/nidar_ws/install/px4_msgs/include/px4_msgs/px4_msgs/msg/detail/raptor_status__struct.h\n'}
[5.568388] (px4_msgs) StdoutLine: {'line': b'-- Up-to-date: /home/subhalaxmi/nidar_ws/install/px4_msgs/include/px4_msgs/px4_msgs/msg/detail/orbit_status__struct.h\n'}
[5.568542] (px4_msgs) StdoutLine: {'line': b'-- Up-to-date: /home/subhalaxmi/nidar_ws/install/px4_msgs/include/px4_msgs/px4_msgs/msg/detail/vehicle_optical_flow_vel__functions.c\n'}
[5.568979] (px4_msgs) StdoutLine: {'line': b'-- Up-to-date: /home/subhalaxmi/nidar_ws/install/px4_msgs/include/px4_msgs/px4_msgs/msg/detail/sensor_airflow__functions.c\n'}
[5.569130] (px4_msgs) StdoutLine: {'line': b'-- Up-to-date: /home/subhalaxmi/nidar_ws/install/px4_msgs/include/px4_msgs/px4_msgs/msg/detail/position_controller_landing_status__struct.h\n'}
[5.569273] (px4_msgs) StdoutLine: {'line': b'-- Up-to-date: /home/subhalaxmi/nidar_ws/install/px4_msgs/include/px4_msgs/px4_msgs/msg/detail/pwm_input__type_support.h\n'}
[5.569413] (px4_msgs) StdoutLine: {'line': b'-- Up-to-date: /home/subhalaxmi/nidar_ws/install/px4_msgs/include/px4_msgs/px4_msgs/msg/detail/follow_target_status__type_support.h\n'}
[5.569564] (px4_msgs) StdoutLine: {'line': b'-- Up-to-date: /home/subhalaxmi/nidar_ws/install/px4_msgs/include/px4_msgs/px4_msgs/msg/detail/gimbal_manager_status__type_support.h\n'}
[5.569991] (px4_msgs) StdoutLine: {'line': b'-- Up-to-date: /home/subhalaxmi/nidar_ws/install/px4_msgs/include/px4_msgs/px4_msgs/msg/detail/px4io_status__functions.c\n'}
[5.570143] (px4_msgs) StdoutLine: {'line': b'-- Up-to-date: /home/subhalaxmi/nidar_ws/install/px4_msgs/include/px4_msgs/px4_msgs/msg/detail/debug_key_value__type_support.h\n'}
[5.570287] (px4_msgs) StdoutLine: {'line': b'-- Up-to-date: /home/subhalaxmi/nidar_ws/install/px4_msgs/include/px4_msgs/px4_msgs/msg/detail/sensor_gnss_relative__functions.h\n'}
[5.570429] (px4_msgs) StdoutLine: {'line': b'-- Up-to-date: /home/subhalaxmi/nidar_ws/install/px4_msgs/include/px4_msgs/px4_msgs/msg/detail/sensor_accel_fifo__struct.h\n'}
[5.570588] (px4_msgs) StdoutLine: {'line': b'-- Up-to-date: /home/subhalaxmi/nidar_ws/install/px4_msgs/include/px4_msgs/px4_msgs/msg/detail/mag_worker_data__functions.h\n'}
[5.570800] (px4_msgs) StdoutLine: {'line': b'-- Up-to-date: /home/subhalaxmi/nidar_ws/install/px4_msgs/include/px4_msgs/px4_msgs/msg/detail/radio_status__type_support.h\n'}
[5.570907] (px4_msgs) StdoutLine: {'line': b'-- Up-to-date: /home/subhalaxmi/nidar_ws/install/px4_msgs/include/px4_msgs/px4_msgs/msg/detail/dataman_request__type_support.h\n'}
[5.571009] (px4_msgs) StdoutLine: {'line': b'-- Up-to-date: /home/subhalaxmi/nidar_ws/install/px4_msgs/include/px4_msgs/px4_msgs/msg/detail/rtl_status__functions.h\n'}
[5.571112] (px4_msgs) StdoutLine: {'line': b'-- Up-to-date: /home/subhalaxmi/nidar_ws/install/px4_msgs/include/px4_msgs/px4_msgs/msg/detail/vehicle_torque_setpoint__functions.h\n'}
[5.571262] (px4_msgs) StdoutLine: {'line': b'-- Up-to-date: /home/subhalaxmi/nidar_ws/install/px4_msgs/include/px4_msgs/px4_msgs/msg/detail/geofence_result__functions.h\n'}
[5.571380] (px4_msgs) StdoutLine: {'line': b'-- Up-to-date: /home/subhalaxmi/nidar_ws/install/px4_msgs/include/px4_msgs/px4_msgs/msg/detail/differential_pressure__functions.h\n'}
[5.571482] (px4_msgs) StdoutLine: {'line': b'-- Up-to-date: /home/subhalaxmi/nidar_ws/install/px4_msgs/include/px4_msgs/px4_msgs/msg/detail/vehicle_rates_setpoint__struct.h\n'}
[5.571619] (px4_msgs) StdoutLine: {'line': b'-- Up-to-date: /home/subhalaxmi/nidar_ws/install/px4_msgs/include/px4_msgs/px4_msgs/msg/detail/gimbal_device_attitude_status__functions.c\n'}
[5.571722] (px4_msgs) StdoutLine: {'line': b'-- Up-to-date: /home/subhalaxmi/nidar_ws/install/px4_msgs/include/px4_msgs/px4_msgs/msg/detail/camera_status__functions.h\n'}
[5.571821] (px4_msgs) StdoutLine: {'line': b'-- Up-to-date: /home/subhalaxmi/nidar_ws/install/px4_msgs/include/px4_msgs/px4_msgs/msg/detail/vehicle_thrust_setpoint__struct.h\n'}
[5.571919] (px4_msgs) StdoutLine: {'line': b'-- Up-to-date: /home/subhalaxmi/nidar_ws/install/px4_msgs/include/px4_msgs/px4_msgs/msg/detail/actuator_test__type_support.h\n'}
[5.572019] (px4_msgs) StdoutLine: {'line': b'-- Up-to-date: /home/subhalaxmi/nidar_ws/install/px4_msgs/include/px4_msgs/px4_msgs/msg/detail/vehicle_acceleration__type_support.h\n'}
[5.572117] (px4_msgs) StdoutLine: {'line': b'-- Up-to-date: /home/subhalaxmi/nidar_ws/install/px4_msgs/include/px4_msgs/px4_msgs/msg/detail/sensor_gyro_fifo__struct.h\n'}
[5.572265] (px4_msgs) StdoutLine: {'line': b'-- Up-to-date: /home/subhalaxmi/nidar_ws/install/px4_msgs/include/px4_msgs/px4_msgs/msg/detail/gimbal_manager_set_manual_control__functions.c\n'}
[5.572408] (px4_msgs) StdoutLine: {'line': b'-- Up-to-date: /home/subhalaxmi/nidar_ws/install/px4_msgs/include/px4_msgs/px4_msgs/msg/detail/task_stack_info__functions.h\n'}
[5.572556] (px4_msgs) StdoutLine: {'line': b'-- Up-to-date: /home/subhalaxmi/nidar_ws/install/px4_msgs/include/px4_msgs/px4_msgs/msg/detail/takeoff_status__struct.h\n'}
[5.572725] (px4_msgs) StdoutLine: {'line': b'-- Up-to-date: /home/subhalaxmi/nidar_ws/install/px4_msgs/include/px4_msgs/px4_msgs/msg/detail/debug_key_value__functions.h\n'}
[5.572825] (px4_msgs) StdoutLine: {'line': b'-- Up-to-date: /home/subhalaxmi/nidar_ws/install/px4_msgs/include/px4_msgs/px4_msgs/msg/detail/control_allocator_status__type_support.h\n'}
[5.572925] (px4_msgs) StdoutLine: {'line': b'-- Up-to-date: /home/subhalaxmi/nidar_ws/install/px4_msgs/include/px4_msgs/px4_msgs/msg/detail/pwm_input__functions.h\n'}
[5.573064] (px4_msgs) StdoutLine: {'line': b'-- Up-to-date: /home/subhalaxmi/nidar_ws/install/px4_msgs/include/px4_msgs/px4_msgs/msg/detail/gps_dump__type_support.h\n'}
[5.573201] (px4_msgs) StdoutLine: {'line': b'-- Up-to-date: /home/subhalaxmi/nidar_ws/install/px4_msgs/include/px4_msgs/px4_msgs/msg/detail/estimator_aid_source2d__struct.h\n'}
[5.573338] (px4_msgs) StdoutLine: {'line': b'-- Up-to-date: /home/subhalaxmi/nidar_ws/install/px4_msgs/include/px4_msgs/px4_msgs/msg/detail/internal_combustion_engine_status__functions.h\n'}
[5.573476] (px4_msgs) StdoutLine: {'line': b'-- Up-to-date: /home/subhalaxmi/nidar_ws/install/px4_msgs/include/px4_msgs/px4_msgs/msg/detail/message_format_response__type_support.h\n'}
[5.573683] (px4_msgs) StdoutLine: {'line': b'-- Up-to-date: /home/subhalaxmi/nidar_ws/install/px4_msgs/include/px4_msgs/px4_msgs/msg/detail/sensor_gps__struct.h\n'}
[5.573789] (px4_msgs) StdoutLine: {'line': b'-- Up-to-date: /home/subhalaxmi/nidar_ws/install/px4_msgs/include/px4_msgs/px4_msgs/msg/detail/sensor_selection__functions.h\n'}
[5.573888] (px4_msgs) StdoutLine: {'line': b'-- Up-to-date: /home/subhalaxmi/nidar_ws/install/px4_msgs/include/px4_msgs/px4_msgs/msg/detail/raptor_input__functions.c\n'}
[5.574027] (px4_msgs) StdoutLine: {'line': b'-- Up-to-date: /home/subhalaxmi/nidar_ws/install/px4_msgs/include/px4_msgs/px4_msgs/msg/detail/parameter_reset_request__type_support.h\n'}
[5.574165] (px4_msgs) StdoutLine: {'line': b'-- Up-to-date: /home/subhalaxmi/nidar_ws/install/px4_msgs/include/px4_msgs/px4_msgs/msg/detail/wheel_encoders__type_support.h\n'}
[5.574304] (px4_msgs) StdoutLine: {'line': b'-- Up-to-date: /home/subhalaxmi/nidar_ws/install/px4_msgs/include/px4_msgs/px4_msgs/msg/detail/position_setpoint__functions.c\n'}
[5.574440] (px4_msgs) StdoutLine: {'line': b'-- Up-to-date: /home/subhalaxmi/nidar_ws/install/px4_msgs/include/px4_msgs/px4_msgs/msg/detail/vehicle_torque_setpoint__functions.c\n'}
[5.574633] (px4_msgs) StdoutLine: {'line': b'-- Up-to-date: /home/subhalaxmi/nidar_ws/install/px4_msgs/include/px4_msgs/px4_msgs/msg/detail/action_request__functions.c\n'}
[5.575056] (px4_msgs) StdoutLine: {'line': b'-- Up-to-date: /home/subhalaxmi/nidar_ws/install/px4_msgs/include/px4_msgs/px4_msgs/msg/detail/fixed_wing_longitudinal_setpoint__type_support.h\n'}
[5.575202] (px4_msgs) StdoutLine: {'line': b'-- Up-to-date: /home/subhalaxmi/nidar_ws/install/px4_msgs/include/px4_msgs/px4_msgs/msg/detail/gpio_request__struct.h\n'}
[5.575344] (px4_msgs) StdoutLine: {'line': b'-- Up-to-date: /home/subhalaxmi/nidar_ws/install/px4_msgs/include/px4_msgs/px4_msgs/msg/detail/raptor_input__struct.h\n'}
[5.575484] (px4_msgs) StdoutLine: {'line': b'-- Up-to-date: /home/subhalaxmi/nidar_ws/install/px4_msgs/include/px4_msgs/px4_msgs/msg/detail/pps_capture__type_support.h\n'}
[5.575888] (px4_msgs) StdoutLine: {'line': b'-- Up-to-date: /home/subhalaxmi/nidar_ws/install/px4_msgs/include/px4_msgs/px4_msgs/msg/detail/gpio_config__functions.c\n'}
[5.576121] (px4_msgs) StdoutLine: {'line': b'-- Up-to-date: /home/subhalaxmi/nidar_ws/install/px4_msgs/include/px4_msgs/px4_msgs/msg/detail/launch_detection_status__functions.h\n'}
[5.576421] (px4_msgs) StdoutLine: {'line': b'-- Up-to-date: /home/subhalaxmi/nidar_ws/install/px4_msgs/include/px4_msgs/px4_msgs/msg/detail/sensor_gyro_fifo__functions.h\n'}
[5.576672] (px4_msgs) StdoutLine: {'line': b'-- Up-to-date: /home/subhalaxmi/nidar_ws/install/px4_msgs/include/px4_msgs/px4_msgs/msg/detail/geofence_status__functions.h\n'}
[5.576992] (px4_msgs) StdoutLine: {'line': b'-- Up-to-date: /home/subhalaxmi/nidar_ws/install/px4_msgs/include/px4_msgs/px4_msgs/msg/detail/gimbal_manager_set_manual_control__functions.h\n'}
[5.577140] (px4_msgs) StdoutLine: {'line': b'-- Up-to-date: /home/subhalaxmi/nidar_ws/install/px4_msgs/include/px4_msgs/px4_msgs/msg/detail/aux_global_position__struct.h\n'}
[5.577282] (px4_msgs) StdoutLine: {'line': b'-- Up-to-date: /home/subhalaxmi/nidar_ws/install/px4_msgs/include/px4_msgs/px4_msgs/msg/detail/rover_rate_setpoint__functions.h\n'}
[5.577421] (px4_msgs) StdoutLine: {'line': b'-- Up-to-date: /home/subhalaxmi/nidar_ws/install/px4_msgs/include/px4_msgs/px4_msgs/msg/detail/collision_constraints__functions.c\n'}
[5.577605] (px4_msgs) StdoutLine: {'line': b'-- Up-to-date: /home/subhalaxmi/nidar_ws/install/px4_msgs/include/px4_msgs/px4_msgs/msg/detail/tune_control__functions.c\n'}
[5.578159] (px4_msgs) StdoutLine: {'line': b'-- Up-to-date: /home/subhalaxmi/nidar_ws/install/px4_msgs/include/px4_msgs/px4_msgs/msg/detail/cpuload__struct.h\n'}
[5.578310] (px4_msgs) StdoutLine: {'line': b'-- Up-to-date: /home/subhalaxmi/nidar_ws/install/px4_msgs/include/px4_msgs/px4_msgs/msg/detail/parameter_set_used_request__struct.h\n'}
[5.578496] (px4_msgs) StdoutLine: {'line': b'-- Up-to-date: /home/subhalaxmi/nidar_ws/install/px4_msgs/include/px4_msgs/px4_msgs/msg/detail/debug_vect__struct.h\n'}
[5.578878] (px4_msgs) StdoutLine: {'line': b'-- Up-to-date: /home/subhalaxmi/nidar_ws/install/px4_msgs/include/px4_msgs/px4_msgs/msg/detail/mag_worker_data__struct.h\n'}
[5.579086] (px4_msgs) StdoutLine: {'line': b'-- Up-to-date: /home/subhalaxmi/nidar_ws/install/px4_msgs/include/px4_msgs/px4_msgs/msg/detail/geofence_status__type_support.h\n'}
[5.579231] (px4_msgs) StdoutLine: {'line': b'-- Up-to-date: /home/subhalaxmi/nidar_ws/install/px4_msgs/include/px4_msgs/px4_msgs/msg/detail/arming_check_reply__struct.h\n'}
[5.579372] (px4_msgs) StdoutLine: {'line': b'-- Up-to-date: /home/subhalaxmi/nidar_ws/install/px4_msgs/include/px4_msgs/px4_msgs/msg/detail/orb_test_medium__type_support.h\n'}
[5.579513] (px4_msgs) StdoutLine: {'line': b'-- Up-to-date: /home/subhalaxmi/nidar_ws/install/px4_msgs/include/px4_msgs/px4_msgs/msg/detail/failsafe_flags__functions.c\n'}
[5.579930] (px4_msgs) StdoutLine: {'line': b'-- Up-to-date: /home/subhalaxmi/nidar_ws/install/px4_msgs/include/px4_msgs/px4_msgs/msg/detail/open_drone_id_self_id__functions.c\n'}
[5.580080] (px4_msgs) StdoutLine: {'line': b'-- Up-to-date: /home/subhalaxmi/nidar_ws/install/px4_msgs/include/px4_msgs/px4_msgs/msg/detail/esc_status__type_support.h\n'}
[5.580224] (px4_msgs) StdoutLine: {'line': b'-- Up-to-date: /home/subhalaxmi/nidar_ws/install/px4_msgs/include/px4_msgs/px4_msgs/msg/detail/yaw_estimator_status__type_support.h\n'}
[5.580364] (px4_msgs) StdoutLine: {'line': b'-- Up-to-date: /home/subhalaxmi/nidar_ws/install/px4_msgs/include/px4_msgs/px4_msgs/msg/detail/dataman_request__functions.c\n'}
[5.580509] (px4_msgs) StdoutLine: {'line': b'-- Up-to-date: /home/subhalaxmi/nidar_ws/install/px4_msgs/include/px4_msgs/px4_msgs/msg/detail/vehicle_thrust_setpoint__functions.h\n'}
[5.580918] (px4_msgs) StdoutLine: {'line': b'-- Up-to-date: /home/subhalaxmi/nidar_ws/install/px4_msgs/include/px4_msgs/px4_msgs/msg/detail/vehicle_angular_velocity__functions.c\n'}
[5.581129] (px4_msgs) StdoutLine: {'line': b'-- Up-to-date: /home/subhalaxmi/nidar_ws/install/px4_msgs/include/px4_msgs/px4_msgs/msg/detail/rover_steering_setpoint__functions.h\n'}
[5.581273] (px4_msgs) StdoutLine: {'line': b'-- Up-to-date: /home/subhalaxmi/nidar_ws/install/px4_msgs/include/px4_msgs/px4_msgs/msg/detail/position_setpoint_triplet__functions.h\n'}
[5.581451] (px4_msgs) StdoutLine: {'line': b'-- Up-to-date: /home/subhalaxmi/nidar_ws/install/px4_msgs/include/px4_msgs/px4_msgs/msg/detail/vehicle_land_detected__functions.h\n'}
[5.581815] (px4_msgs) StdoutLine: {'line': b'-- Up-to-date: /home/subhalaxmi/nidar_ws/install/px4_msgs/include/px4_msgs/px4_msgs/msg/detail/gps_inject_data__struct.h\n'}
[5.582088] (px4_msgs) StdoutLine: {'line': b'-- Up-to-date: /home/subhalaxmi/nidar_ws/install/px4_msgs/include/px4_msgs/px4_msgs/msg/detail/gpio_config__functions.h\n'}
[5.582233] (px4_msgs) StdoutLine: {'line': b'-- Up-to-date: /home/subhalaxmi/nidar_ws/install/px4_msgs/include/px4_msgs/px4_msgs/msg/detail/wind__functions.h\n'}
[5.582372] (px4_msgs) StdoutLine: {'line': b'-- Up-to-date: /home/subhalaxmi/nidar_ws/install/px4_msgs/include/px4_msgs/px4_msgs/msg/detail/logger_status__struct.h\n'}
[5.582510] (px4_msgs) StdoutLine: {'line': b'-- Up-to-date: /home/subhalaxmi/nidar_ws/install/px4_msgs/include/px4_msgs/px4_msgs/msg/detail/gps_inject_data__functions.h\n'}
[5.582914] (px4_msgs) StdoutLine: {'line': b'-- Up-to-date: /home/subhalaxmi/nidar_ws/install/px4_msgs/include/px4_msgs/px4_msgs/msg/detail/gimbal_controls__functions.h\n'}
[5.583125] (px4_msgs) StdoutLine: {'line': b'-- Up-to-date: /home/subhalaxmi/nidar_ws/install/px4_msgs/include/px4_msgs/px4_msgs/msg/detail/register_ext_component_request__functions.h\n'}
[5.583267] (px4_msgs) StdoutLine: {'line': b'-- Up-to-date: /home/subhalaxmi/nidar_ws/install/px4_msgs/include/px4_msgs/px4_msgs/msg/detail/actuator_motors__struct.h\n'}
[5.583568] (px4_msgs) StdoutLine: {'line': b'-- Up-to-date: /home/subhalaxmi/nidar_ws/install/px4_msgs/include/px4_msgs/px4_msgs/msg/detail/launch_detection_status__functions.c\n'}
[5.583930] (px4_msgs) StdoutLine: {'line': b'-- Up-to-date: /home/subhalaxmi/nidar_ws/install/px4_msgs/include/px4_msgs/px4_msgs/msg/detail/fixed_wing_lateral_setpoint__type_support.h\n'}
[5.584075] (px4_msgs) StdoutLine: {'line': b'-- Up-to-date: /home/subhalaxmi/nidar_ws/install/px4_msgs/include/px4_msgs/px4_msgs/msg/detail/navigator_mission_item__functions.c\n'}
[5.584215] (px4_msgs) StdoutLine: {'line': b'-- Up-to-date: /home/subhalaxmi/nidar_ws/install/px4_msgs/include/px4_msgs/px4_msgs/msg/detail/rover_rate_setpoint__type_support.h\n'}
[5.584353] (px4_msgs) StdoutLine: {'line': b'-- Up-to-date: /home/subhalaxmi/nidar_ws/install/px4_msgs/include/px4_msgs/px4_msgs/msg/detail/device_information__functions.c\n'}
[5.584488] (px4_msgs) StdoutLine: {'line': b'-- Up-to-date: /home/subhalaxmi/nidar_ws/install/px4_msgs/include/px4_msgs/px4_msgs/msg/detail/fixed_wing_runway_control__functions.c\n'}
[5.584876] (px4_msgs) StdoutLine: {'line': b'-- Up-to-date: /home/subhalaxmi/nidar_ws/install/px4_msgs/include/px4_msgs/px4_msgs/msg/detail/fixed_wing_longitudinal_setpoint__struct.h\n'}
[5.585090] (px4_msgs) StdoutLine: {'line': b'-- Up-to-date: /home/subhalaxmi/nidar_ws/install/px4_msgs/include/px4_msgs/px4_msgs/msg/detail/neural_control__type_support.h\n'}
[5.585232] (px4_msgs) StdoutLine: {'line': b'-- Up-to-date: /home/subhalaxmi/nidar_ws/install/px4_msgs/include/px4_msgs/px4_msgs/msg/detail/adc_report__functions.h\n'}
[5.585373] (px4_msgs) StdoutLine: {'line': b'-- Up-to-date: /home/subhalaxmi/nidar_ws/install/px4_msgs/include/px4_msgs/px4_msgs/msg/detail/gimbal_device_set_attitude__type_support.h\n'}
[5.585511] (px4_msgs) StdoutLine: {'line': b'-- Up-to-date: /home/subhalaxmi/nidar_ws/install/px4_msgs/include/px4_msgs/px4_msgs/msg/detail/dronecan_node_status__functions.c\n'}
[5.585866] (px4_msgs) StdoutLine: {'line': b'-- Up-to-date: /home/subhalaxmi/nidar_ws/install/px4_msgs/include/px4_msgs/px4_msgs/msg/detail/battery_status__functions.c\n'}
[5.586080] (px4_msgs) StdoutLine: {'line': b'-- Up-to-date: /home/subhalaxmi/nidar_ws/install/px4_msgs/include/px4_msgs/px4_msgs/msg/detail/vehicle_imu__functions.c\n'}
[5.586223] (px4_msgs) StdoutLine: {'line': b'-- Up-to-date: /home/subhalaxmi/nidar_ws/install/px4_msgs/include/px4_msgs/px4_msgs/msg/detail/dronecan_node_status__type_support.h\n'}
[5.586362] (px4_msgs) StdoutLine: {'line': b'-- Up-to-date: /home/subhalaxmi/nidar_ws/install/px4_msgs/include/px4_msgs/px4_msgs/msg/detail/airspeed_validated__functions.c\n'}
[5.586500] (px4_msgs) StdoutLine: {'line': b'-- Up-to-date: /home/subhalaxmi/nidar_ws/install/px4_msgs/include/px4_msgs/px4_msgs/msg/detail/sensor_accel__functions.h\n'}
[5.586879] (px4_msgs) StdoutLine: {'line': b'-- Up-to-date: /home/subhalaxmi/nidar_ws/install/px4_msgs/include/px4_msgs/px4_msgs/msg/detail/estimator_gps_status__functions.c\n'}
[5.587092] (px4_msgs) StdoutLine: {'line': b'-- Up-to-date: /home/subhalaxmi/nidar_ws/install/px4_msgs/include/px4_msgs/px4_msgs/msg/detail/debug_vect__functions.c\n'}
[5.587234] (px4_msgs) StdoutLine: {'line': b'-- Up-to-date: /home/subhalaxmi/nidar_ws/install/px4_msgs/include/px4_msgs/px4_msgs/msg/detail/open_drone_id_arm_status__struct.h\n'}
[5.587374] (px4_msgs) StdoutLine: {'line': b'-- Up-to-date: /home/subhalaxmi/nidar_ws/install/px4_msgs/include/px4_msgs/px4_msgs/msg/detail/button_event__functions.h\n'}
[5.587511] (px4_msgs) StdoutLine: {'line': b'-- Up-to-date: /home/subhalaxmi/nidar_ws/install/px4_msgs/include/px4_msgs/px4_msgs/msg/detail/collision_constraints__type_support.h\n'}
[5.587940] (px4_msgs) StdoutLine: {'line': b'-- Up-to-date: /home/subhalaxmi/nidar_ws/install/px4_msgs/include/px4_msgs/px4_msgs/msg/detail/cellular_status__type_support.h\n'}
[5.588155] (px4_msgs) StdoutLine: {'line': b'-- Up-to-date: /home/subhalaxmi/nidar_ws/install/px4_msgs/include/px4_msgs/px4_msgs/msg/detail/gps_inject_data__type_support.h\n'}
[5.588296] (px4_msgs) StdoutLine: {'line': b'-- Up-to-date: /home/subhalaxmi/nidar_ws/install/px4_msgs/include/px4_msgs/px4_msgs/msg/detail/actuator_servos_trim__functions.c\n'}
[5.588473] (px4_msgs) StdoutLine: {'line': b'-- Up-to-date: /home/subhalaxmi/nidar_ws/install/px4_msgs/include/px4_msgs/px4_msgs/msg/detail/rover_attitude_status__struct.h\n'}
[5.588841] (px4_msgs) StdoutLine: {'line': b'-- Up-to-date: /home/subhalaxmi/nidar_ws/install/px4_msgs/include/px4_msgs/px4_msgs/msg/detail/distance_sensor_mode_change_request__struct.h\n'}
[5.589062] (px4_msgs) StdoutLine: {'line': b'-- Up-to-date: /home/subhalaxmi/nidar_ws/install/px4_msgs/include/px4_msgs/px4_msgs/msg/detail/register_ext_component_request__type_support.h\n'}
[5.589210] (px4_msgs) StdoutLine: {'line': b'-- Up-to-date: /home/subhalaxmi/nidar_ws/install/px4_msgs/include/px4_msgs/px4_msgs/msg/detail/register_ext_component_request__functions.c\n'}
[5.589349] (px4_msgs) StdoutLine: {'line': b'-- Up-to-date: /home/subhalaxmi/nidar_ws/install/px4_msgs/include/px4_msgs/px4_msgs/msg/detail/led_control__functions.c\n'}
[5.589487] (px4_msgs) StdoutLine: {'line': b'-- Up-to-date: /home/subhalaxmi/nidar_ws/install/px4_msgs/include/px4_msgs/px4_msgs/msg/detail/gpio_request__type_support.h\n'}
[5.589850] (px4_msgs) StdoutLine: {'line': b'-- Up-to-date: /home/subhalaxmi/nidar_ws/install/px4_msgs/include/px4_msgs/px4_msgs/msg/detail/fixed_wing_runway_control__functions.h\n'}
[5.590062] (px4_msgs) StdoutLine: {'line': b'-- Up-to-date: /home/subhalaxmi/nidar_ws/install/px4_msgs/include/px4_msgs/px4_msgs/msg/detail/rover_rate_status__functions.h\n'}
[5.590366] (px4_msgs) StdoutLine: {'line': b'-- Up-to-date: /home/subhalaxmi/nidar_ws/install/px4_msgs/include/px4_msgs/px4_msgs/msg/detail/sensor_gnss_status__functions.c\n'}
[5.590512] (px4_msgs) StdoutLine: {'line': b'-- Up-to-date: /home/subhalaxmi/nidar_ws/install/px4_msgs/include/px4_msgs/px4_msgs/msg/detail/vehicle_odometry__functions.c\n'}
[5.590882] (px4_msgs) StdoutLine: {'line': b'-- Up-to-date: /home/subhalaxmi/nidar_ws/install/px4_msgs/include/px4_msgs/px4_msgs/msg/detail/sensor_airflow__functions.h\n'}
[5.591084] (px4_msgs) StdoutLine: {'line': b'-- Up-to-date: /home/subhalaxmi/nidar_ws/install/px4_msgs/include/px4_msgs/px4_msgs/msg/detail/adc_report__functions.c\n'}
[5.591225] (px4_msgs) StdoutLine: {'line': b'-- Up-to-date: /home/subhalaxmi/nidar_ws/install/px4_msgs/include/px4_msgs/px4_msgs/msg/detail/mavlink_tunnel__functions.h\n'}
[5.591364] (px4_msgs) StdoutLine: {'line': b'-- Up-to-date: /home/subhalaxmi/nidar_ws/install/px4_msgs/include/px4_msgs/px4_msgs/msg/detail/vehicle_magnetometer__type_support.h\n'}
[5.591502] (px4_msgs) StdoutLine: {'line': b'-- Up-to-date: /home/subhalaxmi/nidar_ws/install/px4_msgs/include/px4_msgs/px4_msgs/msg/detail/input_rc__struct.h\n'}
[5.591853] (px4_msgs) StdoutLine: {'line': b'-- Up-to-date: /home/subhalaxmi/nidar_ws/install/px4_msgs/include/px4_msgs/px4_msgs/msg/detail/offboard_control_mode__functions.c\n'}
[5.592067] (px4_msgs) StdoutLine: {'line': b'-- Up-to-date: /home/subhalaxmi/nidar_ws/install/px4_msgs/include/px4_msgs/px4_msgs/msg/detail/camera_trigger__functions.h\n'}
[5.592207] (px4_msgs) StdoutLine: {'line': b'-- Up-to-date: /home/subhalaxmi/nidar_ws/install/px4_msgs/include/px4_msgs/px4_msgs/msg/detail/gimbal_device_information__functions.c\n'}
[5.592345] (px4_msgs) StdoutLine: {'line': b'-- Up-to-date: /home/subhalaxmi/nidar_ws/install/px4_msgs/include/px4_msgs/px4_msgs/msg/detail/rover_attitude_setpoint__struct.h\n'}
[5.592483] (px4_msgs) StdoutLine: {'line': b'-- Up-to-date: /home/subhalaxmi/nidar_ws/install/px4_msgs/include/px4_msgs/px4_msgs/msg/detail/estimator_event_flags__functions.c\n'}
[5.592754] (px4_msgs) StdoutLine: {'line': b'-- Up-to-date: /home/subhalaxmi/nidar_ws/install/px4_msgs/include/px4_msgs/px4_msgs/msg/detail/vehicle_air_data__type_support.h\n'}
[5.592864] (px4_msgs) StdoutLine: {'line': b'-- Up-to-date: /home/subhalaxmi/nidar_ws/install/px4_msgs/include/px4_msgs/px4_msgs/msg/detail/vehicle_land_detected__functions.c\n'}
[5.592964] (px4_msgs) StdoutLine: {'line': b'-- Up-to-date: /home/subhalaxmi/nidar_ws/install/px4_msgs/include/px4_msgs/px4_msgs/msg/detail/gimbal_manager_set_manual_control__struct.h\n'}
[5.593075] (px4_msgs) StdoutLine: {'line': b'-- Up-to-date: /home/subhalaxmi/nidar_ws/install/px4_msgs/include/px4_msgs/px4_msgs/msg/detail/orb_test_large__struct.h\n'}
[5.593174] (px4_msgs) StdoutLine: {'line': b'-- Up-to-date: /home/subhalaxmi/nidar_ws/install/px4_msgs/include/px4_msgs/px4_msgs/msg/detail/open_drone_id_system__functions.h\n'}
[5.593316] (px4_msgs) StdoutLine: {'line': b'-- Up-to-date: /home/subhalaxmi/nidar_ws/install/px4_msgs/include/px4_msgs/px4_msgs/msg/detail/wheel_encoders__functions.h\n'}
[5.593418] (px4_msgs) StdoutLine: {'line': b'-- Up-to-date: /home/subhalaxmi/nidar_ws/install/px4_msgs/include/px4_msgs/px4_msgs/msg/detail/vehicle_acceleration__functions.h\n'}
[5.593538] (px4_msgs) StdoutLine: {'line': b'-- Up-to-date: /home/subhalaxmi/nidar_ws/install/px4_msgs/include/px4_msgs/px4_msgs/msg/detail/parameter_update__struct.h\n'}
[5.593654] (px4_msgs) StdoutLine: {'line': b'-- Up-to-date: /home/subhalaxmi/nidar_ws/install/px4_msgs/include/px4_msgs/px4_msgs/msg/detail/sensor_gyro__type_support.h\n'}
[5.593752] (px4_msgs) StdoutLine: {'line': b'-- Up-to-date: /home/subhalaxmi/nidar_ws/install/px4_msgs/include/px4_msgs/px4_msgs/msg/detail/cellular_status__functions.h\n'}
[5.593849] (px4_msgs) StdoutLine: {'line': b'-- Up-to-date: /home/subhalaxmi/nidar_ws/install/px4_msgs/include/px4_msgs/px4_msgs/msg/detail/actuator_outputs__functions.c\n'}
[5.593945] (px4_msgs) StdoutLine: {'line': b'-- Up-to-date: /home/subhalaxmi/nidar_ws/install/px4_msgs/include/px4_msgs/px4_msgs/msg/detail/fixed_wing_lateral_guidance_status__type_support.h\n'}
[5.594043] (px4_msgs) StdoutLine: {'line': b'-- Up-to-date: /home/subhalaxmi/nidar_ws/install/px4_msgs/include/px4_msgs/px4_msgs/msg/detail/system_power__functions.h\n'}
[5.594140] (px4_msgs) StdoutLine: {'line': b'-- Up-to-date: /home/subhalaxmi/nidar_ws/install/px4_msgs/include/px4_msgs/px4_msgs/msg/detail/telemetry_status__functions.c\n'}
[5.594235] (px4_msgs) StdoutLine: {'line': b'-- Up-to-date: /home/subhalaxmi/nidar_ws/install/px4_msgs/include/px4_msgs/px4_msgs/msg/detail/wheel_encoders__functions.c\n'}
[5.594332] (px4_msgs) StdoutLine: {'line': b'-- Up-to-date: /home/subhalaxmi/nidar_ws/install/px4_msgs/include/px4_msgs/px4_msgs/msg/detail/gain_compression__struct.h\n'}
[5.594443] (px4_msgs) StdoutLine: {'line': b'-- Up-to-date: /home/subhalaxmi/nidar_ws/install/px4_msgs/include/px4_msgs/px4_msgs/msg/detail/power_button_state__functions.h\n'}
[5.594614] (px4_msgs) StdoutLine: {'line': b'-- Up-to-date: /home/subhalaxmi/nidar_ws/install/px4_msgs/include/px4_msgs/px4_msgs/msg/detail/mission_result__struct.h\n'}
[5.594767] (px4_msgs) StdoutLine: {'line': b'-- Up-to-date: /home/subhalaxmi/nidar_ws/install/px4_msgs/include/px4_msgs/px4_msgs/msg/detail/vehicle_command__functions.h\n'}
[5.594903] (px4_msgs) StdoutLine: {'line': b'-- Up-to-date: /home/subhalaxmi/nidar_ws/install/px4_msgs/include/px4_msgs/px4_msgs/msg/detail/register_ext_component_request__struct.h\n'}
[5.595115] (px4_msgs) StdoutLine: {'line': b'-- Up-to-date: /home/subhalaxmi/nidar_ws/install/px4_msgs/include/px4_msgs/px4_msgs/msg/detail/px4io_status__functions.h\n'}
[5.595221] (px4_msgs) StdoutLine: {'line': b'-- Up-to-date: /home/subhalaxmi/nidar_ws/install/px4_msgs/include/px4_msgs/px4_msgs/msg/detail/vehicle_roi__functions.h\n'}
[5.595318] (px4_msgs) StdoutLine: {'line': b'-- Up-to-date: /home/subhalaxmi/nidar_ws/install/px4_msgs/include/px4_msgs/px4_msgs/msg/detail/orb_test_large__type_support.h\n'}
[5.595414] (px4_msgs) StdoutLine: {'line': b'-- Up-to-date: /home/subhalaxmi/nidar_ws/install/px4_msgs/include/px4_msgs/px4_msgs/msg/detail/sensor_gyro_fifo__functions.c\n'}
[5.595511] (px4_msgs) StdoutLine: {'line': b'-- Up-to-date: /home/subhalaxmi/nidar_ws/install/px4_msgs/include/px4_msgs/px4_msgs/msg/detail/estimator_aid_source2d__type_support.h\n'}
[5.595714] (px4_msgs) StdoutLine: {'line': b'-- Up-to-date: /home/subhalaxmi/nidar_ws/install/px4_msgs/include/px4_msgs/px4_msgs/msg/detail/autotune_attitude_control_status__type_support.h\n'}
[5.595833] (px4_msgs) StdoutLine: {'line': b'-- Up-to-date: /home/subhalaxmi/nidar_ws/install/px4_msgs/include/px4_msgs/px4_msgs/msg/detail/sensor_accel_fifo__functions.c\n'}
[5.595932] (px4_msgs) StdoutLine: {'line': b'-- Up-to-date: /home/subhalaxmi/nidar_ws/install/px4_msgs/include/px4_msgs/px4_msgs/msg/detail/satellite_info__functions.h\n'}
[5.596029] (px4_msgs) StdoutLine: {'line': b'-- Up-to-date: /home/subhalaxmi/nidar_ws/install/px4_msgs/include/px4_msgs/px4_msgs/msg/detail/transponder_report__functions.h\n'}
[5.596125] (px4_msgs) StdoutLine: {'line': b'-- Up-to-date: /home/subhalaxmi/nidar_ws/install/px4_msgs/include/px4_msgs/px4_msgs/msg/detail/actuator_outputs__type_support.h\n'}
[5.596271] (px4_msgs) StdoutLine: {'line': b'-- Up-to-date: /home/subhalaxmi/nidar_ws/install/px4_msgs/include/px4_msgs/px4_msgs/msg/detail/dronecan_node_status__struct.h\n'}
[5.596371] (px4_msgs) StdoutLine: {'line': b'-- Up-to-date: /home/subhalaxmi/nidar_ws/install/px4_msgs/include/px4_msgs/px4_msgs/msg/detail/fixed_wing_lateral_setpoint__functions.h\n'}
[5.596468] (px4_msgs) StdoutLine: {'line': b'-- Up-to-date: /home/subhalaxmi/nidar_ws/install/px4_msgs/include/px4_msgs/px4_msgs/msg/detail/estimator_status__struct.h\n'}
[5.596603] (px4_msgs) StdoutLine: {'line': b'-- Up-to-date: /home/subhalaxmi/nidar_ws/install/px4_msgs/include/px4_msgs/px4_msgs/msg/detail/rover_steering_setpoint__type_support.h\n'}
[5.596767] (px4_msgs) StdoutLine: {'line': b'-- Up-to-date: /home/subhalaxmi/nidar_ws/install/px4_msgs/include/px4_msgs/px4_msgs/msg/detail/airspeed_wind__struct.h\n'}
[5.596939] (px4_msgs) StdoutLine: {'line': b'-- Up-to-date: /home/subhalaxmi/nidar_ws/install/px4_msgs/include/px4_msgs/px4_msgs/msg/detail/gpio_request__functions.c\n'}
[5.597129] (px4_msgs) StdoutLine: {'line': b'-- Up-to-date: /home/subhalaxmi/nidar_ws/install/px4_msgs/include/px4_msgs/px4_msgs/msg/detail/tiltrotor_extra_controls__struct.h\n'}
[5.597336] (px4_msgs) StdoutLine: {'line': b'-- Up-to-date: /home/subhalaxmi/nidar_ws/install/px4_msgs/include/px4_msgs/px4_msgs/msg/detail/generator_status__functions.h\n'}
[5.597549] (px4_msgs) StdoutLine: {'line': b'-- Up-to-date: /home/subhalaxmi/nidar_ws/install/px4_msgs/include/px4_msgs/px4_msgs/msg/detail/vehicle_thrust_setpoint__functions.c\n'}
[5.597759] (px4_msgs) StdoutLine: {'line': b'-- Up-to-date: /home/subhalaxmi/nidar_ws/install/px4_msgs/include/px4_msgs/px4_msgs/msg/detail/vehicle_magnetometer__struct.h\n'}
[5.597944] (px4_msgs) StdoutLine: {'line': b'-- Up-to-date: /home/subhalaxmi/nidar_ws/install/px4_msgs/include/px4_msgs/px4_msgs/msg/detail/mission__struct.h\n'}
[5.598110] (px4_msgs) StdoutLine: {'line': b'-- Up-to-date: /home/subhalaxmi/nidar_ws/install/px4_msgs/include/px4_msgs/px4_msgs/msg/detail/figure_eight_status__type_support.h\n'}
[5.598248] (px4_msgs) StdoutLine: {'line': b'-- Up-to-date: /home/subhalaxmi/nidar_ws/install/px4_msgs/include/px4_msgs/px4_msgs/msg/detail/rover_attitude_status__type_support.h\n'}
[5.598384] (px4_msgs) StdoutLine: {'line': b'-- Up-to-date: /home/subhalaxmi/nidar_ws/install/px4_msgs/include/px4_msgs/px4_msgs/msg/detail/sensor_baro__functions.h\n'}
[5.598521] (px4_msgs) StdoutLine: {'line': b'-- Up-to-date: /home/subhalaxmi/nidar_ws/install/px4_msgs/include/px4_msgs/px4_msgs/msg/detail/health_report__struct.h\n'}
[5.598711] (px4_msgs) StdoutLine: {'line': b'-- Up-to-date: /home/subhalaxmi/nidar_ws/install/px4_msgs/include/px4_msgs/px4_msgs/msg/detail/failsafe_flags__functions.h\n'}
[5.598809] (px4_msgs) StdoutLine: {'line': b'-- Up-to-date: /home/subhalaxmi/nidar_ws/install/px4_msgs/include/px4_msgs/px4_msgs/msg/detail/takeoff_status__functions.c\n'}
[5.598905] (px4_msgs) StdoutLine: {'line': b'-- Up-to-date: /home/subhalaxmi/nidar_ws/install/px4_msgs/include/px4_msgs/px4_msgs/msg/detail/rtl_time_estimate__functions.h\n'}
[5.599002] (px4_msgs) StdoutLine: {'line': b'-- Up-to-date: /home/subhalaxmi/nidar_ws/install/px4_msgs/include/px4_msgs/px4_msgs/msg/detail/cellular_status__struct.h\n'}
[5.599097] (px4_msgs) StdoutLine: {'line': b'-- Up-to-date: /home/subhalaxmi/nidar_ws/install/px4_msgs/include/px4_msgs/px4_msgs/msg/detail/mavlink_tunnel__functions.c\n'}
[5.599206] (px4_msgs) StdoutLine: {'line': b'-- Up-to-date: /home/subhalaxmi/nidar_ws/install/px4_msgs/include/px4_msgs/px4_msgs/msg/detail/airspeed_validated__struct.h\n'}
[5.599303] (px4_msgs) StdoutLine: {'line': b'-- Up-to-date: /home/subhalaxmi/nidar_ws/install/px4_msgs/include/px4_msgs/px4_msgs/msg/detail/ping__functions.h\n'}
[5.599398] (px4_msgs) StdoutLine: {'line': b'-- Up-to-date: /home/subhalaxmi/nidar_ws/install/px4_msgs/include/px4_msgs/px4_msgs/msg/detail/tune_control__type_support.h\n'}
[5.599506] (px4_msgs) StdoutLine: {'line': b'-- Up-to-date: /home/subhalaxmi/nidar_ws/install/px4_msgs/include/px4_msgs/px4_msgs/msg/detail/mavlink_log__type_support.h\n'}
[5.599753] (px4_msgs) StdoutLine: {'line': b'-- Up-to-date: /home/subhalaxmi/nidar_ws/install/px4_msgs/include/px4_msgs/px4_msgs/msg/detail/px4io_status__type_support.h\n'}
[5.599857] (px4_msgs) StdoutLine: {'line': b'-- Up-to-date: /home/subhalaxmi/nidar_ws/install/px4_msgs/include/px4_msgs/px4_msgs/msg/detail/estimator_bias3d__struct.h\n'}
[5.599954] (px4_msgs) StdoutLine: {'line': b'-- Up-to-date: /home/subhalaxmi/nidar_ws/install/px4_msgs/include/px4_msgs/px4_msgs/msg/detail/sensor_optical_flow__functions.h\n'}
[5.600049] (px4_msgs) StdoutLine: {'line': b'-- Up-to-date: /home/subhalaxmi/nidar_ws/install/px4_msgs/include/px4_msgs/px4_msgs/msg/detail/lateral_control_configuration__struct.h\n'}
[5.600164] (px4_msgs) StdoutLine: {'line': b'-- Up-to-date: /home/subhalaxmi/nidar_ws/install/px4_msgs/include/px4_msgs/px4_msgs/msg/detail/actuator_servos__type_support.h\n'}
[5.600298] (px4_msgs) StdoutLine: {'line': b'-- Up-to-date: /home/subhalaxmi/nidar_ws/install/px4_msgs/include/px4_msgs/px4_msgs/msg/detail/sensors_status__struct.h\n'}
[5.600432] (px4_msgs) StdoutLine: {'line': b'-- Up-to-date: /home/subhalaxmi/nidar_ws/install/px4_msgs/include/px4_msgs/px4_msgs/msg/detail/magnetometer_bias_estimate__functions.c\n'}
[5.600700] (px4_msgs) StdoutLine: {'line': b'-- Up-to-date: /home/subhalaxmi/nidar_ws/install/px4_msgs/include/px4_msgs/px4_msgs/msg/detail/gps_dump__functions.c\n'}
[5.600990] (px4_msgs) StdoutLine: {'line': b'-- Up-to-date: /home/subhalaxmi/nidar_ws/install/px4_msgs/include/px4_msgs/px4_msgs/msg/detail/sensor_airflow__type_support.h\n'}
[5.601141] (px4_msgs) StdoutLine: {'line': b'-- Up-to-date: /home/subhalaxmi/nidar_ws/install/px4_msgs/include/px4_msgs/px4_msgs/msg/detail/vehicle_imu_status__type_support.h\n'}
[5.601286] (px4_msgs) StdoutLine: {'line': b'-- Up-to-date: /home/subhalaxmi/nidar_ws/install/px4_msgs/include/px4_msgs/px4_msgs/msg/detail/orb_test__functions.h\n'}
[5.601433] (px4_msgs) StdoutLine: {'line': b'-- Up-to-date: /home/subhalaxmi/nidar_ws/install/px4_msgs/include/px4_msgs/px4_msgs/msg/detail/onboard_computer_status__functions.h\n'}
[5.601626] (px4_msgs) StdoutLine: {'line': b'-- Up-to-date: /home/subhalaxmi/nidar_ws/install/px4_msgs/include/px4_msgs/px4_msgs/msg/detail/config_overrides__struct.h\n'}
[5.601904] (px4_msgs) StdoutLine: {'line': b'-- Up-to-date: /home/subhalaxmi/nidar_ws/install/px4_msgs/include/px4_msgs/px4_msgs/msg/detail/gripper__type_support.h\n'}
[5.602116] (px4_msgs) StdoutLine: {'line': b'-- Up-to-date: /home/subhalaxmi/nidar_ws/install/px4_msgs/include/px4_msgs/px4_msgs/msg/detail/qshell_req__functions.c\n'}
[5.602265] (px4_msgs) StdoutLine: {'line': b'-- Up-to-date: /home/subhalaxmi/nidar_ws/install/px4_msgs/include/px4_msgs/px4_msgs/msg/detail/gimbal_manager_information__type_support.h\n'}
[5.602411] (px4_msgs) StdoutLine: {'line': b'-- Up-to-date: /home/subhalaxmi/nidar_ws/install/px4_msgs/include/px4_msgs/px4_msgs/msg/detail/debug_value__type_support.h\n'}
[5.602596] (px4_msgs) StdoutLine: {'line': b'-- Up-to-date: /home/subhalaxmi/nidar_ws/install/px4_msgs/include/px4_msgs/px4_msgs/msg/detail/mission__functions.h\n'}
[5.602967] (px4_msgs) StdoutLine: {'line': b'-- Up-to-date: /home/subhalaxmi/nidar_ws/install/px4_msgs/include/px4_msgs/px4_msgs/msg/detail/sensor_gyro__functions.h\n'}
[5.603173] (px4_msgs) StdoutLine: {'line': b'-- Up-to-date: /home/subhalaxmi/nidar_ws/install/px4_msgs/include/px4_msgs/px4_msgs/msg/detail/estimator_aid_source2d__functions.h\n'}
[5.603322] (px4_msgs) StdoutLine: {'line': b'-- Up-to-date: /home/subhalaxmi/nidar_ws/install/px4_msgs/include/px4_msgs/px4_msgs/msg/detail/gimbal_manager_status__functions.h\n'}
[5.603467] (px4_msgs) StdoutLine: {'line': b'-- Up-to-date: /home/subhalaxmi/nidar_ws/install/px4_msgs/include/px4_msgs/px4_msgs/msg/detail/vehicle_constraints__struct.h\n'}
[5.603761] (px4_msgs) StdoutLine: {'line': b'-- Up-to-date: /home/subhalaxmi/nidar_ws/install/px4_msgs/include/px4_msgs/px4_msgs/msg/detail/orb_test_medium__struct.h\n'}
[5.603918] (px4_msgs) StdoutLine: {'line': b'-- Up-to-date: /home/subhalaxmi/nidar_ws/install/px4_msgs/include/px4_msgs/px4_msgs/msg/detail/gimbal_device_information__type_support.h\n'}
[5.604064] (px4_msgs) StdoutLine: {'line': b'-- Up-to-date: /home/subhalaxmi/nidar_ws/install/px4_msgs/include/px4_msgs/px4_msgs/msg/detail/distance_sensor__struct.h\n'}
[5.604209] (px4_msgs) StdoutLine: {'line': b'-- Up-to-date: /home/subhalaxmi/nidar_ws/install/px4_msgs/include/px4_msgs/px4_msgs/msg/detail/can_interface_status__functions.c\n'}
[5.604358] (px4_msgs) StdoutLine: {'line': b'-- Up-to-date: /home/subhalaxmi/nidar_ws/install/px4_msgs/include/px4_msgs/px4_msgs/msg/detail/estimator_status_flags__type_support.h\n'}
[5.604502] (px4_msgs) StdoutLine: {'line': b'-- Up-to-date: /home/subhalaxmi/nidar_ws/install/px4_msgs/include/px4_msgs/px4_msgs/msg/detail/sensor_baro__type_support.h\n'}
[5.604875] (px4_msgs) StdoutLine: {'line': b'-- Up-to-date: /home/subhalaxmi/nidar_ws/install/px4_msgs/include/px4_msgs/px4_msgs/msg/detail/gimbal_device_information__functions.h\n'}
[5.605057] (px4_msgs) StdoutLine: {'line': b'-- Up-to-date: /home/subhalaxmi/nidar_ws/install/px4_msgs/include/px4_msgs/px4_msgs/msg/detail/landing_target_innovations__type_support.h\n'}
[5.605207] (px4_msgs) StdoutLine: {'line': b'-- Up-to-date: /home/subhalaxmi/nidar_ws/install/px4_msgs/include/px4_msgs/px4_msgs/msg/detail/position_setpoint_triplet__functions.c\n'}
[5.605498] (px4_msgs) StdoutLine: {'line': b'-- Up-to-date: /home/subhalaxmi/nidar_ws/install/px4_msgs/include/px4_msgs/px4_msgs/msg/detail/rover_position_setpoint__functions.h\n'}
[5.605804] (px4_msgs) StdoutLine: {'line': b'-- Up-to-date: /home/subhalaxmi/nidar_ws/install/px4_msgs/include/px4_msgs/px4_msgs/msg/detail/orbit_status__type_support.h\n'}
[5.605988] (px4_msgs) StdoutLine: {'line': b'-- Up-to-date: /home/subhalaxmi/nidar_ws/install/px4_msgs/include/px4_msgs/px4_msgs/msg/detail/adc_report__struct.h\n'}
[5.606138] (px4_msgs) StdoutLine: {'line': b'-- Up-to-date: /home/subhalaxmi/nidar_ws/install/px4_msgs/include/px4_msgs/px4_msgs/msg/detail/gpio_config__type_support.h\n'}
[5.606282] (px4_msgs) StdoutLine: {'line': b'-- Up-to-date: /home/subhalaxmi/nidar_ws/install/px4_msgs/include/px4_msgs/px4_msgs/msg/detail/actuator_servos_trim__functions.h\n'}
[5.606426] (px4_msgs) StdoutLine: {'line': b'-- Up-to-date: /home/subhalaxmi/nidar_ws/install/px4_msgs/include/px4_msgs/px4_msgs/msg/detail/timesync_status__functions.h\n'}
[5.606617] (px4_msgs) StdoutLine: {'line': b'-- Up-to-date: /home/subhalaxmi/nidar_ws/install/px4_msgs/include/px4_msgs/px4_msgs/msg/detail/manual_control_setpoint__functions.c\n'}
[5.607105] (px4_msgs) StdoutLine: {'line': b'-- Up-to-date: /home/subhalaxmi/nidar_ws/install/px4_msgs/include/px4_msgs/px4_msgs/msg/detail/actuator_controls_status__functions.c\n'}
[5.607259] (px4_msgs) StdoutLine: {'line': b'-- Up-to-date: /home/subhalaxmi/nidar_ws/install/px4_msgs/include/px4_msgs/px4_msgs/msg/detail/actuator_controls_status__functions.h\n'}
[5.607406] (px4_msgs) StdoutLine: {'line': b'-- Up-to-date: /home/subhalaxmi/nidar_ws/install/px4_msgs/include/px4_msgs/px4_msgs/msg/detail/trajectory_setpoint6dof__functions.h\n'}
[5.607563] (px4_msgs) StdoutLine: {'line': b'-- Up-to-date: /home/subhalaxmi/nidar_ws/install/px4_msgs/include/px4_msgs/px4_msgs/msg/detail/sensor_accel_fifo__functions.h\n'}
[5.607982] (px4_msgs) StdoutLine: {'line': b'-- Up-to-date: /home/subhalaxmi/nidar_ws/install/px4_msgs/include/px4_msgs/px4_msgs/msg/detail/yaw_estimator_status__struct.h\n'}
[5.608142] (px4_msgs) StdoutLine: {'line': b'-- Up-to-date: /home/subhalaxmi/nidar_ws/install/px4_msgs/include/px4_msgs/px4_msgs/msg/detail/register_ext_component_reply__functions.c\n'}
[5.608387] (px4_msgs) StdoutLine: {'line': b'-- Up-to-date: /home/subhalaxmi/nidar_ws/install/px4_msgs/include/px4_msgs/px4_msgs/msg/detail/orbit_status__functions.h\n'}
[5.608557] (px4_msgs) StdoutLine: {'line': b'-- Up-to-date: /home/subhalaxmi/nidar_ws/install/px4_msgs/include/px4_msgs/px4_msgs/msg/detail/wind__functions.c\n'}
[5.608861] (px4_msgs) StdoutLine: {'line': b'-- Up-to-date: /home/subhalaxmi/nidar_ws/install/px4_msgs/include/px4_msgs/px4_msgs/msg/detail/vehicle_imu__functions.h\n'}
[5.609014] (px4_msgs) StdoutLine: {'line': b'-- Up-to-date: /home/subhalaxmi/nidar_ws/install/px4_msgs/include/px4_msgs/px4_msgs/msg/detail/sensor_preflight_mag__type_support.h\n'}
[5.609278] (px4_msgs) StdoutLine: {'line': b'-- Up-to-date: /home/subhalaxmi/nidar_ws/install/px4_msgs/include/px4_msgs/px4_msgs/msg/detail/can_interface_status__functions.h\n'}
[5.609430] (px4_msgs) StdoutLine: {'line': b'-- Up-to-date: /home/subhalaxmi/nidar_ws/install/px4_msgs/include/px4_msgs/px4_msgs/msg/detail/ping__type_support.h\n'}
[5.609688] (px4_msgs) StdoutLine: {'line': b'-- Up-to-date: /home/subhalaxmi/nidar_ws/install/px4_msgs/include/px4_msgs/px4_msgs/msg/detail/battery_info__type_support.h\n'}
[5.609962] (px4_msgs) StdoutLine: {'line': b'-- Up-to-date: /home/subhalaxmi/nidar_ws/install/px4_msgs/include/px4_msgs/px4_msgs/msg/detail/gpio_request__functions.h\n'}
[5.610112] (px4_msgs) StdoutLine: {'line': b'-- Up-to-date: /home/subhalaxmi/nidar_ws/install/px4_msgs/include/px4_msgs/px4_msgs/msg/detail/gripper__functions.c\n'}
[5.610254] (px4_msgs) StdoutLine: {'line': b'-- Up-to-date: /home/subhalaxmi/nidar_ws/install/px4_msgs/include/px4_msgs/px4_msgs/msg/detail/debug_key_value__struct.h\n'}
[5.610395] (px4_msgs) StdoutLine: {'line': b'-- Up-to-date: /home/subhalaxmi/nidar_ws/install/px4_msgs/include/px4_msgs/px4_msgs/msg/detail/trajectory_setpoint6dof__struct.h\n'}
[5.610549] (px4_msgs) StdoutLine: {'line': b'-- Up-to-date: /home/subhalaxmi/nidar_ws/install/px4_msgs/include/px4_msgs/px4_msgs/msg/detail/rover_speed_setpoint__struct.h\n'}
[5.610917] (px4_msgs) StdoutLine: {'line': b'-- Up-to-date: /home/subhalaxmi/nidar_ws/install/px4_msgs/include/px4_msgs/px4_msgs/msg/detail/gpio_in__functions.h\n'}
[5.611076] (px4_msgs) StdoutLine: {'line': b'-- Up-to-date: /home/subhalaxmi/nidar_ws/install/px4_msgs/include/px4_msgs/px4_msgs/msg/detail/gpio_config__struct.h\n'}
[5.611309] (px4_msgs) StdoutLine: {'line': b'-- Up-to-date: /home/subhalaxmi/nidar_ws/install/px4_msgs/include/px4_msgs/px4_msgs/msg/detail/dataman_response__functions.h\n'}
[5.611457] (px4_msgs) StdoutLine: {'line': b'-- Up-to-date: /home/subhalaxmi/nidar_ws/install/px4_msgs/include/px4_msgs/px4_msgs/msg/detail/estimator_states__functions.c\n'}
[5.611795] (px4_msgs) StdoutLine: {'line': b'-- Up-to-date: /home/subhalaxmi/nidar_ws/install/px4_msgs/include/px4_msgs/px4_msgs/msg/detail/internal_combustion_engine_control__functions.c\n'}
[5.612056] (px4_msgs) StdoutLine: {'line': b'-- Up-to-date: /home/subhalaxmi/nidar_ws/install/px4_msgs/include/px4_msgs/px4_msgs/msg/detail/rover_throttle_setpoint__struct.h\n'}
[5.612207] (px4_msgs) StdoutLine: {'line': b'-- Up-to-date: /home/subhalaxmi/nidar_ws/install/px4_msgs/include/px4_msgs/px4_msgs/msg/detail/mission__functions.c\n'}
[5.612353] (px4_msgs) StdoutLine: {'line': b'-- Up-to-date: /home/subhalaxmi/nidar_ws/install/px4_msgs/include/px4_msgs/px4_msgs/msg/detail/landing_gear__type_support.h\n'}
[5.612655] (px4_msgs) StdoutLine: {'line': b'-- Up-to-date: /home/subhalaxmi/nidar_ws/install/px4_msgs/include/px4_msgs/px4_msgs/msg/detail/gimbal_manager_set_attitude__functions.h\n'}
[5.612875] (px4_msgs) StdoutLine: {'line': b'-- Up-to-date: /home/subhalaxmi/nidar_ws/install/px4_msgs/include/px4_msgs/px4_msgs/msg/detail/tiltrotor_extra_controls__type_support.h\n'}
[5.613095] (px4_msgs) StdoutLine: {'line': b'-- Up-to-date: /home/subhalaxmi/nidar_ws/install/px4_msgs/include/px4_msgs/px4_msgs/msg/detail/follow_target_estimator__type_support.h\n'}
[5.613241] (px4_msgs) StdoutLine: {'line': b'-- Up-to-date: /home/subhalaxmi/nidar_ws/install/px4_msgs/include/px4_msgs/px4_msgs/msg/detail/vehicle_local_position__functions.h\n'}
[5.613387] (px4_msgs) StdoutLine: {'line': b'-- Up-to-date: /home/subhalaxmi/nidar_ws/install/px4_msgs/include/px4_msgs/px4_msgs/msg/detail/vehicle_optical_flow_vel__functions.h\n'}
[5.613542] (px4_msgs) StdoutLine: {'line': b'-- Up-to-date: /home/subhalaxmi/nidar_ws/install/px4_msgs/include/px4_msgs/px4_msgs/msg/detail/task_stack_info__struct.h\n'}
[5.613911] (px4_msgs) StdoutLine: {'line': b'-- Up-to-date: /home/subhalaxmi/nidar_ws/install/px4_msgs/include/px4_msgs/px4_msgs/msg/detail/actuator_motors__type_support.h\n'}
[5.614065] (px4_msgs) StdoutLine: {'line': b'-- Up-to-date: /home/subhalaxmi/nidar_ws/install/px4_msgs/include/px4_msgs/px4_msgs/msg/detail/rc_channels__functions.c\n'}
[5.614209] (px4_msgs) StdoutLine: {'line': b'-- Up-to-date: /home/subhalaxmi/nidar_ws/install/px4_msgs/include/px4_msgs/px4_msgs/msg/detail/rover_attitude_status__functions.h\n'}
[5.614460] (px4_msgs) StdoutLine: {'line': b'-- Up-to-date: /home/subhalaxmi/nidar_ws/install/px4_msgs/include/px4_msgs/px4_msgs/msg/detail/internal_combustion_engine_status__type_support.h\n'}
[5.614742] (px4_msgs) StdoutLine: {'line': b'-- Up-to-date: /home/subhalaxmi/nidar_ws/install/px4_msgs/include/px4_msgs/px4_msgs/msg/detail/vehicle_command__struct.h\n'}
[5.614988] (px4_msgs) StdoutLine: {'line': b'-- Up-to-date: /home/subhalaxmi/nidar_ws/install/px4_msgs/include/px4_msgs/px4_msgs/msg/detail/vehicle_status__type_support.h\n'}
[5.615144] (px4_msgs) StdoutLine: {'line': b'-- Up-to-date: /home/subhalaxmi/nidar_ws/install/px4_msgs/include/px4_msgs/px4_msgs/msg/detail/iridiumsbd_status__type_support.h\n'}
[5.615292] (px4_msgs) StdoutLine: {'line': b'-- Up-to-date: /home/subhalaxmi/nidar_ws/install/px4_msgs/include/px4_msgs/px4_msgs/msg/detail/trajectory_setpoint__functions.c\n'}
[5.615438] (px4_msgs) StdoutLine: {'line': b'-- Up-to-date: /home/subhalaxmi/nidar_ws/install/px4_msgs/include/px4_msgs/px4_msgs/msg/detail/input_rc__functions.c\n'}
[5.615643] (px4_msgs) StdoutLine: {'line': b'-- Up-to-date: /home/subhalaxmi/nidar_ws/install/px4_msgs/include/px4_msgs/px4_msgs/msg/detail/figure_eight_status__struct.h\n'}
[5.616016] (px4_msgs) StdoutLine: {'line': b'-- Up-to-date: /home/subhalaxmi/nidar_ws/install/px4_msgs/include/px4_msgs/px4_msgs/msg/detail/follow_target_estimator__struct.h\n'}
[5.616133] (px4_msgs) StdoutLine: {'line': b'-- Up-to-date: /home/subhalaxmi/nidar_ws/install/px4_msgs/include/px4_msgs/px4_msgs/msg/detail/actuator_motors__functions.c\n'}
[5.616235] (px4_msgs) StdoutLine: {'line': b'-- Up-to-date: /home/subhalaxmi/nidar_ws/install/px4_msgs/include/px4_msgs/px4_msgs/msg/detail/rate_ctrl_status__functions.h\n'}
[5.616334] (px4_msgs) StdoutLine: {'line': b'-- Up-to-date: /home/subhalaxmi/nidar_ws/install/px4_msgs/include/px4_msgs/px4_msgs/msg/detail/vehicle_optical_flow__type_support.h\n'}
[5.616430] (px4_msgs) StdoutLine: {'line': b'-- Up-to-date: /home/subhalaxmi/nidar_ws/install/px4_msgs/include/px4_msgs/px4_msgs/msg/detail/px4io_status__struct.h\n'}
[5.616541] (px4_msgs) StdoutLine: {'line': b'-- Up-to-date: /home/subhalaxmi/nidar_ws/install/px4_msgs/include/px4_msgs/px4_msgs/msg/detail/navigator_status__type_support.h\n'}
[5.616882] (px4_msgs) StdoutLine: {'line': b'-- Up-to-date: /home/subhalaxmi/nidar_ws/install/px4_msgs/include/px4_msgs/px4_msgs/msg/detail/lateral_control_configuration__functions.c\n'}
[5.617036] (px4_msgs) StdoutLine: {'line': b'-- Up-to-date: /home/subhalaxmi/nidar_ws/install/px4_msgs/include/px4_msgs/px4_msgs/msg/detail/differential_pressure__functions.c\n'}
[5.617180] (px4_msgs) StdoutLine: {'line': b'-- Up-to-date: /home/subhalaxmi/nidar_ws/install/px4_msgs/include/px4_msgs/px4_msgs/msg/detail/vehicle_imu_status__functions.h\n'}
[5.617545] (px4_msgs) StdoutLine: {'line': b'-- Up-to-date: /home/subhalaxmi/nidar_ws/install/px4_msgs/include/px4_msgs/px4_msgs/msg/detail/actuator_armed__functions.h\n'}
[5.617850] (px4_msgs) StdoutLine: {'line': b'-- Up-to-date: /home/subhalaxmi/nidar_ws/install/px4_msgs/include/px4_msgs/px4_msgs/msg/detail/satellite_info__functions.c\n'}
[5.618005] (px4_msgs) StdoutLine: {'line': b'-- Up-to-date: /home/subhalaxmi/nidar_ws/install/px4_msgs/include/px4_msgs/px4_msgs/msg/detail/sensor_hygrometer__type_support.h\n'}
[5.618151] (px4_msgs) StdoutLine: {'line': b'-- Up-to-date: /home/subhalaxmi/nidar_ws/install/px4_msgs/include/px4_msgs/px4_msgs/msg/detail/gpio_in__type_support.h\n'}
[5.618296] (px4_msgs) StdoutLine: {'line': b'-- Up-to-date: /home/subhalaxmi/nidar_ws/install/px4_msgs/include/px4_msgs/px4_msgs/msg/detail/sensor_mag__functions.h\n'}
[5.618441] (px4_msgs) StdoutLine: {'line': b'-- Up-to-date: /home/subhalaxmi/nidar_ws/install/px4_msgs/include/px4_msgs/px4_msgs/msg/detail/internal_combustion_engine_control__type_support.h\n'}
[5.618632] (px4_msgs) StdoutLine: {'line': b'-- Up-to-date: /home/subhalaxmi/nidar_ws/install/px4_msgs/include/px4_msgs/px4_msgs/msg/detail/vehicle_status__functions.c\n'}
[5.619015] (px4_msgs) StdoutLine: {'line': b'-- Up-to-date: /home/subhalaxmi/nidar_ws/install/px4_msgs/include/px4_msgs/px4_msgs/msg/detail/sensors_status_imu__functions.c\n'}
[5.619161] (-) TimerEvent: {}
[5.619423] (px4_msgs) StdoutLine: {'line': b'-- Up-to-date: /home/subhalaxmi/nidar_ws/install/px4_msgs/include/px4_msgs/px4_msgs/msg/detail/geofence_result__functions.c\n'}
[5.619827] (px4_msgs) StdoutLine: {'line': b'-- Up-to-date: /home/subhalaxmi/nidar_ws/install/px4_msgs/include/px4_msgs/px4_msgs/msg/detail/esc_status__functions.c\n'}
[5.620019] (px4_msgs) StdoutLine: {'line': b'-- Up-to-date: /home/subhalaxmi/nidar_ws/install/px4_msgs/include/px4_msgs/px4_msgs/msg/detail/vehicle_angular_acceleration_setpoint__functions.c\n'}
[5.620171] (px4_msgs) StdoutLine: {'line': b'-- Up-to-date: /home/subhalaxmi/nidar_ws/install/px4_msgs/include/px4_msgs/px4_msgs/msg/detail/raptor_status__type_support.h\n'}
[5.620317] (px4_msgs) StdoutLine: {'line': b'-- Up-to-date: /home/subhalaxmi/nidar_ws/install/px4_msgs/include/px4_msgs/px4_msgs/msg/detail/sensor_baro__functions.c\n'}
[5.620459] (px4_msgs) StdoutLine: {'line': b'-- Up-to-date: /home/subhalaxmi/nidar_ws/install/px4_msgs/include/px4_msgs/px4_msgs/msg/detail/sensor_preflight_mag__struct.h\n'}
[5.620656] (px4_msgs) StdoutLine: {'line': b'-- Up-to-date: /home/subhalaxmi/nidar_ws/install/px4_msgs/include/px4_msgs/px4_msgs/msg/detail/internal_combustion_engine_control__struct.h\n'}
[5.620911] (px4_msgs) StdoutLine: {'line': b'-- Up-to-date: /home/subhalaxmi/nidar_ws/install/px4_msgs/include/px4_msgs/px4_msgs/msg/detail/register_ext_component_reply__struct.h\n'}
[5.621016] (px4_msgs) StdoutLine: {'line': b'-- Up-to-date: /home/subhalaxmi/nidar_ws/install/px4_msgs/include/px4_msgs/px4_msgs/msg/detail/uavcan_parameter_value__functions.c\n'}
[5.621115] (px4_msgs) StdoutLine: {'line': b'-- Up-to-date: /home/subhalaxmi/nidar_ws/install/px4_msgs/include/px4_msgs/px4_msgs/msg/detail/vehicle_land_detected__struct.h\n'}
[5.621212] (px4_msgs) StdoutLine: {'line': b'-- Up-to-date: /home/subhalaxmi/nidar_ws/install/px4_msgs/include/px4_msgs/px4_msgs/msg/detail/orbit_status__functions.c\n'}
[5.621309] (px4_msgs) StdoutLine: {'line': b'-- Up-to-date: /home/subhalaxmi/nidar_ws/install/px4_msgs/include/px4_msgs/px4_msgs/msg/detail/parameter_reset_request__struct.h\n'}
[5.621404] (px4_msgs) StdoutLine: {'line': b'-- Up-to-date: /home/subhalaxmi/nidar_ws/install/px4_msgs/include/px4_msgs/px4_msgs/msg/detail/rtl_time_estimate__struct.h\n'}
[5.621500] (px4_msgs) StdoutLine: {'line': b'-- Up-to-date: /home/subhalaxmi/nidar_ws/install/px4_msgs/include/px4_msgs/px4_msgs/msg/detail/vehicle_optical_flow__struct.h\n'}
[5.621830] (px4_msgs) StdoutLine: {'line': b'-- Up-to-date: /home/subhalaxmi/nidar_ws/install/px4_msgs/include/px4_msgs/px4_msgs/msg/detail/vehicle_rates_setpoint__functions.h\n'}
[5.622031] (px4_msgs) StdoutLine: {'line': b'-- Up-to-date: /home/subhalaxmi/nidar_ws/install/px4_msgs/include/px4_msgs/px4_msgs/msg/detail/parameter_set_value_request__type_support.h\n'}
[5.622180] (px4_msgs) StdoutLine: {'line': b'-- Up-to-date: /home/subhalaxmi/nidar_ws/install/px4_msgs/include/px4_msgs/px4_msgs/msg/detail/geofence_result__type_support.h\n'}
[5.622322] (px4_msgs) StdoutLine: {'line': b'-- Up-to-date: /home/subhalaxmi/nidar_ws/install/px4_msgs/include/px4_msgs/px4_msgs/msg/detail/estimator_event_flags__functions.h\n'}
[5.622464] (px4_msgs) StdoutLine: {'line': b'-- Up-to-date: /home/subhalaxmi/nidar_ws/install/px4_msgs/include/px4_msgs/px4_msgs/msg/detail/autotune_attitude_control_status__functions.h\n'}
[5.622757] (px4_msgs) StdoutLine: {'line': b'-- Up-to-date: /home/subhalaxmi/nidar_ws/install/px4_msgs/include/px4_msgs/px4_msgs/msg/detail/vehicle_constraints__functions.h\n'}
[5.622998] (px4_msgs) StdoutLine: {'line': b'-- Up-to-date: /home/subhalaxmi/nidar_ws/install/px4_msgs/include/px4_msgs/px4_msgs/msg/detail/power_button_state__type_support.h\n'}
[5.623249] (px4_msgs) StdoutLine: {'line': b'-- Up-to-date: /home/subhalaxmi/nidar_ws/install/px4_msgs/include/px4_msgs/px4_msgs/msg/detail/estimator_innovations__type_support.h\n'}
[5.623463] (px4_msgs) StdoutLine: {'line': b'-- Up-to-date: /home/subhalaxmi/nidar_ws/install/px4_msgs/include/px4_msgs/px4_msgs/msg/detail/battery_status__struct.h\n'}
[5.623768] (px4_msgs) StdoutLine: {'line': b'-- Up-to-date: /home/subhalaxmi/nidar_ws/install/px4_msgs/include/px4_msgs/px4_msgs/msg/detail/estimator_status_flags__struct.h\n'}
[5.623957] (px4_msgs) StdoutLine: {'line': b'-- Up-to-date: /home/subhalaxmi/nidar_ws/install/px4_msgs/include/px4_msgs/px4_msgs/msg/detail/estimator_selector_status__functions.h\n'}
[5.624107] (px4_msgs) StdoutLine: {'line': b'-- Up-to-date: /home/subhalaxmi/nidar_ws/install/px4_msgs/include/px4_msgs/px4_msgs/msg/detail/mission__type_support.h\n'}
[5.624251] (px4_msgs) StdoutLine: {'line': b'-- Up-to-date: /home/subhalaxmi/nidar_ws/install/px4_msgs/include/px4_msgs/px4_msgs/msg/detail/transponder_report__struct.h\n'}
[5.624433] (px4_msgs) StdoutLine: {'line': b'-- Up-to-date: /home/subhalaxmi/nidar_ws/install/px4_msgs/include/px4_msgs/px4_msgs/msg/detail/position_setpoint_triplet__type_support.h\n'}
[5.624648] (px4_msgs) StdoutLine: {'line': b'-- Up-to-date: /home/subhalaxmi/nidar_ws/install/px4_msgs/include/px4_msgs/px4_msgs/msg/detail/fixed_wing_longitudinal_setpoint__functions.c\n'}
[5.624950] (px4_msgs) StdoutLine: {'line': b'-- Up-to-date: /home/subhalaxmi/nidar_ws/install/px4_msgs/include/px4_msgs/px4_msgs/msg/detail/estimator_selector_status__type_support.h\n'}
[5.625103] (px4_msgs) StdoutLine: {'line': b'-- Up-to-date: /home/subhalaxmi/nidar_ws/install/px4_msgs/include/px4_msgs/px4_msgs/msg/detail/iridiumsbd_status__functions.h\n'}
[5.625418] (px4_msgs) StdoutLine: {'line': b'-- Up-to-date: /home/subhalaxmi/nidar_ws/install/px4_msgs/include/px4_msgs/px4_msgs/msg/detail/radio_status__functions.h\n'}
[5.625673] (px4_msgs) StdoutLine: {'line': b'-- Up-to-date: /home/subhalaxmi/nidar_ws/install/px4_msgs/include/px4_msgs/px4_msgs/msg/detail/gpio_out__functions.h\n'}
[5.625925] (px4_msgs) StdoutLine: {'line': b'-- Up-to-date: /home/subhalaxmi/nidar_ws/install/px4_msgs/include/px4_msgs/px4_msgs/msg/detail/gimbal_manager_set_attitude__struct.h\n'}
[5.626075] (px4_msgs) StdoutLine: {'line': b'-- Up-to-date: /home/subhalaxmi/nidar_ws/install/px4_msgs/include/px4_msgs/px4_msgs/msg/detail/estimator_aid_source3d__struct.h\n'}
[5.626220] (px4_msgs) StdoutLine: {'line': b'-- Up-to-date: /home/subhalaxmi/nidar_ws/install/px4_msgs/include/px4_msgs/px4_msgs/msg/detail/estimator_gps_status__functions.h\n'}
[5.626363] (px4_msgs) StdoutLine: {'line': b'-- Up-to-date: /home/subhalaxmi/nidar_ws/install/px4_msgs/include/px4_msgs/px4_msgs/msg/detail/register_ext_component_reply__type_support.h\n'}
[5.626683] (px4_msgs) StdoutLine: {'line': b'-- Up-to-date: /home/subhalaxmi/nidar_ws/install/px4_msgs/include/px4_msgs/px4_msgs/msg/detail/actuator_servos_trim__type_support.h\n'}
[5.626985] (px4_msgs) StdoutLine: {'line': b'-- Up-to-date: /home/subhalaxmi/nidar_ws/install/px4_msgs/include/px4_msgs/px4_msgs/msg/detail/sensor_gyro_fft__functions.c\n'}
[5.627139] (px4_msgs) StdoutLine: {'line': b'-- Up-to-date: /home/subhalaxmi/nidar_ws/install/px4_msgs/include/px4_msgs/px4_msgs/msg/detail/follow_target__functions.h\n'}
[5.627285] (px4_msgs) StdoutLine: {'line': b'-- Up-to-date: /home/subhalaxmi/nidar_ws/install/px4_msgs/include/px4_msgs/px4_msgs/msg/detail/sensor_optical_flow__struct.h\n'}
[5.627428] (px4_msgs) StdoutLine: {'line': b'-- Up-to-date: /home/subhalaxmi/nidar_ws/install/px4_msgs/include/px4_msgs/px4_msgs/msg/detail/internal_combustion_engine_control__functions.h\n'}
[5.627619] (px4_msgs) StdoutLine: {'line': b'-- Up-to-date: /home/subhalaxmi/nidar_ws/install/px4_msgs/include/px4_msgs/px4_msgs/msg/detail/pure_pursuit_status__type_support.h\n'}
[5.627915] (px4_msgs) StdoutLine: {'line': b'-- Up-to-date: /home/subhalaxmi/nidar_ws/install/px4_msgs/include/px4_msgs/px4_msgs/msg/detail/normalized_unsigned_setpoint__functions.c\n'}
[5.628062] (px4_msgs) StdoutLine: {'line': b'-- Up-to-date: /home/subhalaxmi/nidar_ws/install/px4_msgs/include/px4_msgs/px4_msgs/msg/detail/open_drone_id_system__struct.h\n'}
[5.628216] (px4_msgs) StdoutLine: {'line': b'-- Up-to-date: /home/subhalaxmi/nidar_ws/install/px4_msgs/include/px4_msgs/px4_msgs/msg/detail/mount_orientation__functions.h\n'}
[5.628749] (px4_msgs) StdoutLine: {'line': b'-- Up-to-date: /home/subhalaxmi/nidar_ws/install/px4_msgs/include/px4_msgs/px4_msgs/msg/detail/ulog_stream_ack__functions.c\n'}
[5.628947] (px4_msgs) StdoutLine: {'line': b'-- Up-to-date: /home/subhalaxmi/nidar_ws/install/px4_msgs/include/px4_msgs/px4_msgs/msg/detail/power_monitor__type_support.h\n'}
[5.629127] (px4_msgs) StdoutLine: {'line': b'-- Up-to-date: /home/subhalaxmi/nidar_ws/install/px4_msgs/include/px4_msgs/px4_msgs/msg/detail/estimator_status__type_support.h\n'}
[5.629306] (px4_msgs) StdoutLine: {'line': b'-- Up-to-date: /home/subhalaxmi/nidar_ws/install/px4_msgs/include/px4_msgs/px4_msgs/msg/detail/vehicle_roi__type_support.h\n'}
[5.629482] (px4_msgs) StdoutLine: {'line': b'-- Up-to-date: /home/subhalaxmi/nidar_ws/install/px4_msgs/include/px4_msgs/px4_msgs/msg/detail/gimbal_device_attitude_status__struct.h\n'}
[5.629691] (px4_msgs) StdoutLine: {'line': b'-- Up-to-date: /home/subhalaxmi/nidar_ws/install/px4_msgs/include/px4_msgs/px4_msgs/msg/detail/radio_status__struct.h\n'}
[5.629879] (px4_msgs) StdoutLine: {'line': b'-- Up-to-date: /home/subhalaxmi/nidar_ws/install/px4_msgs/include/px4_msgs/px4_msgs/msg/detail/collision_constraints__struct.h\n'}
[5.630071] (px4_msgs) StdoutLine: {'line': b'-- Up-to-date: /home/subhalaxmi/nidar_ws/install/px4_msgs/include/px4_msgs/px4_msgs/msg/detail/geofence_status__functions.c\n'}
[5.630262] (px4_msgs) StdoutLine: {'line': b'-- Up-to-date: /home/subhalaxmi/nidar_ws/install/px4_msgs/include/px4_msgs/px4_msgs/msg/detail/rover_attitude_status__functions.c\n'}
[5.630457] (px4_msgs) StdoutLine: {'line': b'-- Up-to-date: /home/subhalaxmi/nidar_ws/install/px4_msgs/include/px4_msgs/px4_msgs/msg/detail/vehicle_angular_acceleration_setpoint__functions.h\n'}
[5.630689] (px4_msgs) StdoutLine: {'line': b'-- Up-to-date: /home/subhalaxmi/nidar_ws/install/px4_msgs/include/px4_msgs/px4_msgs/msg/detail/rtl_status__struct.h\n'}
[5.630895] (px4_msgs) StdoutLine: {'line': b'-- Up-to-date: /home/subhalaxmi/nidar_ws/install/px4_msgs/include/px4_msgs/px4_msgs/msg/detail/vehicle_magnetometer__functions.h\n'}
[5.631308] (px4_msgs) StdoutLine: {'line': b'-- Up-to-date: /home/subhalaxmi/nidar_ws/install/px4_msgs/include/px4_msgs/px4_msgs/msg/detail/camera_capture__struct.h\n'}
[5.631472] (px4_msgs) StdoutLine: {'line': b'-- Up-to-date: /home/subhalaxmi/nidar_ws/install/px4_msgs/include/px4_msgs/px4_msgs/msg/detail/gimbal_controls__type_support.h\n'}
[5.631627] (px4_msgs) StdoutLine: {'line': b'-- Up-to-date: /home/subhalaxmi/nidar_ws/install/px4_msgs/include/px4_msgs/px4_msgs/msg/detail/config_overrides__type_support.h\n'}
[5.631750] (px4_msgs) StdoutLine: {'line': b'-- Up-to-date: /home/subhalaxmi/nidar_ws/install/px4_msgs/include/px4_msgs/px4_msgs/msg/detail/home_position__functions.c\n'}
[5.631849] (px4_msgs) StdoutLine: {'line': b'-- Up-to-date: /home/subhalaxmi/nidar_ws/install/px4_msgs/include/px4_msgs/px4_msgs/msg/detail/mavlink_tunnel__struct.h\n'}
[5.631967] (px4_msgs) StdoutLine: {'line': b'-- Up-to-date: /home/subhalaxmi/nidar_ws/install/px4_msgs/include/px4_msgs/px4_msgs/msg/detail/rover_speed_status__type_support.h\n'}
[5.632065] (px4_msgs) StdoutLine: {'line': b'-- Up-to-date: /home/subhalaxmi/nidar_ws/install/px4_msgs/include/px4_msgs/px4_msgs/msg/detail/estimator_event_flags__struct.h\n'}
[5.632162] (px4_msgs) StdoutLine: {'line': b'-- Up-to-date: /home/subhalaxmi/nidar_ws/install/px4_msgs/include/px4_msgs/px4_msgs/msg/detail/iridiumsbd_status__functions.c\n'}
[5.632258] (px4_msgs) StdoutLine: {'line': b'-- Up-to-date: /home/subhalaxmi/nidar_ws/install/px4_msgs/include/px4_msgs/px4_msgs/msg/detail/position_controller_landing_status__type_support.h\n'}
[5.632361] (px4_msgs) StdoutLine: {'line': b'-- Up-to-date: /home/subhalaxmi/nidar_ws/install/px4_msgs/include/px4_msgs/px4_msgs/msg/detail/gps_dump__functions.h\n'}
[5.632459] (px4_msgs) StdoutLine: {'line': b'-- Up-to-date: /home/subhalaxmi/nidar_ws/install/px4_msgs/include/px4_msgs/px4_msgs/msg/detail/event__functions.h\n'}
[5.632573] (px4_msgs) StdoutLine: {'line': b'-- Up-to-date: /home/subhalaxmi/nidar_ws/install/px4_msgs/include/px4_msgs/px4_msgs/msg/detail/battery_info__functions.c\n'}
[5.632680] (px4_msgs) StdoutLine: {'line': b'-- Up-to-date: /home/subhalaxmi/nidar_ws/install/px4_msgs/include/px4_msgs/px4_msgs/msg/detail/trajectory_setpoint__struct.h\n'}
[5.632776] (px4_msgs) StdoutLine: {'line': b'-- Up-to-date: /home/subhalaxmi/nidar_ws/install/px4_msgs/include/px4_msgs/px4_msgs/msg/detail/uavcan_parameter_request__functions.c\n'}
[5.632873] (px4_msgs) StdoutLine: {'line': b'-- Up-to-date: /home/subhalaxmi/nidar_ws/install/px4_msgs/include/px4_msgs/px4_msgs/msg/detail/timesync_status__struct.h\n'}
[5.632970] (px4_msgs) StdoutLine: {'line': b'-- Up-to-date: /home/subhalaxmi/nidar_ws/install/px4_msgs/include/px4_msgs/px4_msgs/msg/open_drone_id_arm_status.h\n'}
[5.633067] (px4_msgs) StdoutLine: {'line': b'-- Up-to-date: /home/subhalaxmi/nidar_ws/install/px4_msgs/include/px4_msgs/px4_msgs/msg/parameter_set_value_request.h\n'}
[5.633162] (px4_msgs) StdoutLine: {'line': b'-- Up-to-date: /home/subhalaxmi/nidar_ws/install/px4_msgs/include/px4_msgs/px4_msgs/msg/message_format_response.h\n'}
[5.633256] (px4_msgs) StdoutLine: {'line': b'-- Up-to-date: /home/subhalaxmi/nidar_ws/install/px4_msgs/include/px4_msgs/px4_msgs/msg/debug_array.h\n'}
[5.633352] (px4_msgs) StdoutLine: {'line': b'-- Up-to-date: /home/subhalaxmi/nidar_ws/install/px4_msgs/include/px4_msgs/px4_msgs/msg/debug_key_value.h\n'}
[5.633448] (px4_msgs) StdoutLine: {'line': b'-- Up-to-date: /home/subhalaxmi/nidar_ws/install/px4_msgs/include/px4_msgs/px4_msgs/msg/estimator_gps_status.h\n'}
[5.635290] (px4_msgs) StdoutLine: {'line': b'-- Up-to-date: /home/subhalaxmi/nidar_ws/install/px4_msgs/include/px4_msgs/px4_msgs/msg/tecs_status.h\n'}
[5.635615] (px4_msgs) StdoutLine: {'line': b'-- Up-to-date: /home/subhalaxmi/nidar_ws/install/px4_msgs/include/px4_msgs/px4_msgs/msg/vehicle_local_position.h\n'}
[5.635830] (px4_msgs) StdoutLine: {'line': b'-- Up-to-date: /home/subhalaxmi/nidar_ws/install/px4_msgs/include/px4_msgs/px4_msgs/msg/sensor_gyro_fifo.h\n'}
[5.636032] (px4_msgs) StdoutLine: {'line': b'-- Up-to-date: /home/subhalaxmi/nidar_ws/install/px4_msgs/include/px4_msgs/px4_msgs/msg/camera_capture.h\n'}
[5.636206] (px4_msgs) StdoutLine: {'line': b'-- Up-to-date: /home/subhalaxmi/nidar_ws/install/px4_msgs/include/px4_msgs/px4_msgs/msg/heater_status.h\n'}
[5.636313] (px4_msgs) StdoutLine: {'line': b'-- Up-to-date: /home/subhalaxmi/nidar_ws/install/px4_msgs/include/px4_msgs/px4_msgs/msg/open_drone_id_self_id.h\n'}
[5.636413] (px4_msgs) StdoutLine: {'line': b'-- Up-to-date: /home/subhalaxmi/nidar_ws/install/px4_msgs/include/px4_msgs/px4_msgs/msg/estimator_aid_source2d.h\n'}
[5.636548] (px4_msgs) StdoutLine: {'line': b'-- Up-to-date: /home/subhalaxmi/nidar_ws/install/px4_msgs/include/px4_msgs/px4_msgs/msg/rover_speed_setpoint.h\n'}
[5.636668] (px4_msgs) StdoutLine: {'line': b'-- Up-to-date: /home/subhalaxmi/nidar_ws/install/px4_msgs/include/px4_msgs/px4_msgs/msg/gimbal_manager_status.h\n'}
[5.636767] (px4_msgs) StdoutLine: {'line': b'-- Up-to-date: /home/subhalaxmi/nidar_ws/install/px4_msgs/include/px4_msgs/px4_msgs/msg/tune_control.h\n'}
[5.636865] (px4_msgs) StdoutLine: {'line': b'-- Up-to-date: /home/subhalaxmi/nidar_ws/install/px4_msgs/include/px4_msgs/px4_msgs/msg/logger_status.h\n'}
[5.636962] (px4_msgs) StdoutLine: {'line': b'-- Up-to-date: /home/subhalaxmi/nidar_ws/install/px4_msgs/include/px4_msgs/px4_msgs/msg/sensor_optical_flow.h\n'}
[5.637059] (px4_msgs) StdoutLine: {'line': b'-- Up-to-date: /home/subhalaxmi/nidar_ws/install/px4_msgs/include/px4_msgs/px4_msgs/msg/vehicle_rates_setpoint.h\n'}
[5.637156] (px4_msgs) StdoutLine: {'line': b'-- Up-to-date: /home/subhalaxmi/nidar_ws/install/px4_msgs/include/px4_msgs/px4_msgs/msg/vehicle_attitude.h\n'}
[5.637314] (px4_msgs) StdoutLine: {'line': b'-- Up-to-date: /home/subhalaxmi/nidar_ws/install/px4_msgs/include/px4_msgs/px4_msgs/msg/vehicle_torque_setpoint.h\n'}
[5.637497] (px4_msgs) StdoutLine: {'line': b'-- Up-to-date: /home/subhalaxmi/nidar_ws/install/px4_msgs/include/px4_msgs/px4_msgs/msg/dataman_request.h\n'}
[5.637732] (px4_msgs) StdoutLine: {'line': b'-- Up-to-date: /home/subhalaxmi/nidar_ws/install/px4_msgs/include/px4_msgs/px4_msgs/msg/mode_completed.h\n'}
[5.637937] (px4_msgs) StdoutLine: {'line': b'-- Up-to-date: /home/subhalaxmi/nidar_ws/install/px4_msgs/include/px4_msgs/px4_msgs/msg/rover_steering_setpoint.h\n'}
[5.638135] (px4_msgs) StdoutLine: {'line': b'-- Up-to-date: /home/subhalaxmi/nidar_ws/install/px4_msgs/include/px4_msgs/px4_msgs/msg/gpio_request.h\n'}
[5.638337] (px4_msgs) StdoutLine: {'line': b'-- Up-to-date: /home/subhalaxmi/nidar_ws/install/px4_msgs/include/px4_msgs/px4_msgs/msg/gps_inject_data.h\n'}
[5.638587] (px4_msgs) StdoutLine: {'line': b'-- Up-to-date: /home/subhalaxmi/nidar_ws/install/px4_msgs/include/px4_msgs/px4_msgs/msg/actuator_armed.h\n'}
[5.638770] (px4_msgs) StdoutLine: {'line': b'-- Up-to-date: /home/subhalaxmi/nidar_ws/install/px4_msgs/include/px4_msgs/px4_msgs/msg/gps_dump.h\n'}
[5.638982] (px4_msgs) StdoutLine: {'line': b'-- Up-to-date: /home/subhalaxmi/nidar_ws/install/px4_msgs/include/px4_msgs/px4_msgs/msg/sensor_gps.h\n'}
[5.639097] (px4_msgs) StdoutLine: {'line': b'-- Up-to-date: /home/subhalaxmi/nidar_ws/install/px4_msgs/include/px4_msgs/px4_msgs/msg/lateral_control_configuration.h\n'}
[5.639199] (px4_msgs) StdoutLine: {'line': b'-- Up-to-date: /home/subhalaxmi/nidar_ws/install/px4_msgs/include/px4_msgs/px4_msgs/msg/sensor_mag.h\n'}
[5.639297] (px4_msgs) StdoutLine: {'line': b'-- Up-to-date: /home/subhalaxmi/nidar_ws/install/px4_msgs/include/px4_msgs/px4_msgs/msg/fixed_wing_lateral_status.h\n'}
[5.639395] (px4_msgs) StdoutLine: {'line': b'-- Up-to-date: /home/subhalaxmi/nidar_ws/install/px4_msgs/include/px4_msgs/px4_msgs/msg/actuator_outputs.h\n'}
[5.639492] (px4_msgs) StdoutLine: {'line': b'-- Up-to-date: /home/subhalaxmi/nidar_ws/install/px4_msgs/include/px4_msgs/px4_msgs/msg/estimator_sensor_bias.h\n'}
[5.639626] (px4_msgs) StdoutLine: {'line': b'-- Up-to-date: /home/subhalaxmi/nidar_ws/install/px4_msgs/include/px4_msgs/px4_msgs/msg/estimator_status_flags.h\n'}
[5.639727] (px4_msgs) StdoutLine: {'line': b'-- Up-to-date: /home/subhalaxmi/nidar_ws/install/px4_msgs/include/px4_msgs/px4_msgs/msg/mission_result.h\n'}
[5.639823] (px4_msgs) StdoutLine: {'line': b'-- Up-to-date: /home/subhalaxmi/nidar_ws/install/px4_msgs/include/px4_msgs/px4_msgs/msg/tiltrotor_extra_controls.h\n'}
[5.639919] (px4_msgs) StdoutLine: {'line': b'-- Up-to-date: /home/subhalaxmi/nidar_ws/install/px4_msgs/include/px4_msgs/px4_msgs/msg/sensor_accel_fifo.h\n'}
[5.640014] (px4_msgs) StdoutLine: {'line': b'-- Up-to-date: /home/subhalaxmi/nidar_ws/install/px4_msgs/include/px4_msgs/px4_msgs/msg/collision_constraints.h\n'}
[5.640123] (px4_msgs) StdoutLine: {'line': b'-- Up-to-date: /home/subhalaxmi/nidar_ws/install/px4_msgs/include/px4_msgs/px4_msgs/msg/estimator_event_flags.h\n'}
[5.640221] (px4_msgs) StdoutLine: {'line': b'-- Up-to-date: /home/subhalaxmi/nidar_ws/install/px4_msgs/include/px4_msgs/px4_msgs/msg/vehicle_air_data.h\n'}
[5.640317] (px4_msgs) StdoutLine: {'line': b'-- Up-to-date: /home/subhalaxmi/nidar_ws/install/px4_msgs/include/px4_msgs/px4_msgs/msg/estimator_bias3d.h\n'}
[5.640413] (px4_msgs) StdoutLine: {'line': b'-- Up-to-date: /home/subhalaxmi/nidar_ws/install/px4_msgs/include/px4_msgs/px4_msgs/msg/vehicle_magnetometer.h\n'}
[5.640509] (px4_msgs) StdoutLine: {'line': b'-- Up-to-date: /home/subhalaxmi/nidar_ws/install/px4_msgs/include/px4_msgs/px4_msgs/msg/differential_pressure.h\n'}
[5.640631] (px4_msgs) StdoutLine: {'line': b'-- Up-to-date: /home/subhalaxmi/nidar_ws/install/px4_msgs/include/px4_msgs/px4_msgs/msg/gain_compression.h\n'}
[5.640729] (px4_msgs) StdoutLine: {'line': b'-- Up-to-date: /home/subhalaxmi/nidar_ws/install/px4_msgs/include/px4_msgs/px4_msgs/msg/position_controller_landing_status.h\n'}
[5.640825] (px4_msgs) StdoutLine: {'line': b'-- Up-to-date: /home/subhalaxmi/nidar_ws/install/px4_msgs/include/px4_msgs/px4_msgs/msg/internal_combustion_engine_status.h\n'}
[5.640921] (px4_msgs) StdoutLine: {'line': b'-- Up-to-date: /home/subhalaxmi/nidar_ws/install/px4_msgs/include/px4_msgs/px4_msgs/msg/estimator_innovations.h\n'}
[5.641016] (px4_msgs) StdoutLine: {'line': b'-- Up-to-date: /home/subhalaxmi/nidar_ws/install/px4_msgs/include/px4_msgs/px4_msgs/msg/sensor_preflight_mag.h\n'}
[5.641112] (px4_msgs) StdoutLine: {'line': b'-- Up-to-date: /home/subhalaxmi/nidar_ws/install/px4_msgs/include/px4_msgs/px4_msgs/msg/qshell_retval.h\n'}
[5.641206] (px4_msgs) StdoutLine: {'line': b'-- Up-to-date: /home/subhalaxmi/nidar_ws/install/px4_msgs/include/px4_msgs/px4_msgs/msg/rate_ctrl_status.h\n'}
[5.641300] (px4_msgs) StdoutLine: {'line': b'-- Up-to-date: /home/subhalaxmi/nidar_ws/install/px4_msgs/include/px4_msgs/px4_msgs/msg/sensor_uwb.h\n'}
[5.641393] (px4_msgs) StdoutLine: {'line': b'-- Up-to-date: /home/subhalaxmi/nidar_ws/install/px4_msgs/include/px4_msgs/px4_msgs/msg/px4io_status.h\n'}
[5.641488] (px4_msgs) StdoutLine: {'line': b'-- Up-to-date: /home/subhalaxmi/nidar_ws/install/px4_msgs/include/px4_msgs/px4_msgs/msg/airspeed_validated.h\n'}
[5.641615] (px4_msgs) StdoutLine: {'line': b'-- Up-to-date: /home/subhalaxmi/nidar_ws/install/px4_msgs/include/px4_msgs/px4_msgs/msg/can_interface_status.h\n'}
[5.641715] (px4_msgs) StdoutLine: {'line': b'-- Up-to-date: /home/subhalaxmi/nidar_ws/install/px4_msgs/include/px4_msgs/px4_msgs/srv\n'}
[5.641809] (px4_msgs) StdoutLine: {'line': b'-- Up-to-date: /home/subhalaxmi/nidar_ws/install/px4_msgs/include/px4_msgs/px4_msgs/srv/vehicle_command.h\n'}
[5.641904] (px4_msgs) StdoutLine: {'line': b'-- Up-to-date: /home/subhalaxmi/nidar_ws/install/px4_msgs/include/px4_msgs/px4_msgs/srv/detail\n'}
[5.641998] (px4_msgs) StdoutLine: {'line': b'-- Up-to-date: /home/subhalaxmi/nidar_ws/install/px4_msgs/include/px4_msgs/px4_msgs/srv/detail/vehicle_command__functions.c\n'}
[5.642094] (px4_msgs) StdoutLine: {'line': b'-- Up-to-date: /home/subhalaxmi/nidar_ws/install/px4_msgs/include/px4_msgs/px4_msgs/srv/detail/vehicle_command__type_support.h\n'}
[5.642188] (px4_msgs) StdoutLine: {'line': b'-- Up-to-date: /home/subhalaxmi/nidar_ws/install/px4_msgs/include/px4_msgs/px4_msgs/srv/detail/vehicle_command__functions.h\n'}
[5.642283] (px4_msgs) StdoutLine: {'line': b'-- Up-to-date: /home/subhalaxmi/nidar_ws/install/px4_msgs/include/px4_msgs/px4_msgs/srv/detail/vehicle_command__struct.h\n'}
[5.642388] (px4_msgs) StdoutLine: {'line': b'-- Up-to-date: /home/subhalaxmi/nidar_ws/install/px4_msgs/share/px4_msgs/environment/library_path.sh\n'}
[5.642497] (px4_msgs) StdoutLine: {'line': b'-- Up-to-date: /home/subhalaxmi/nidar_ws/install/px4_msgs/share/px4_msgs/environment/library_path.dsv\n'}
[5.642639] (px4_msgs) StdoutLine: {'line': b'-- Up-to-date: /home/subhalaxmi/nidar_ws/install/px4_msgs/lib/libpx4_msgs__rosidl_generator_c.so\n'}
[5.642749] (px4_msgs) StdoutLine: {'line': b'-- Up-to-date: /home/subhalaxmi/nidar_ws/install/px4_msgs/include/px4_msgs/px4_msgs\n'}
[5.642843] (px4_msgs) StdoutLine: {'line': b'-- Up-to-date: /home/subhalaxmi/nidar_ws/install/px4_msgs/include/px4_msgs/px4_msgs/msg\n'}
[5.642936] (px4_msgs) StdoutLine: {'line': b'-- Up-to-date: /home/subhalaxmi/nidar_ws/install/px4_msgs/include/px4_msgs/px4_msgs/msg/rosidl_typesupport_fastrtps_c__visibility_control.h\n'}
[5.643030] (px4_msgs) StdoutLine: {'line': b'-- Up-to-date: /home/subhalaxmi/nidar_ws/install/px4_msgs/include/px4_msgs/px4_msgs/msg/detail\n'}
[5.643124] (px4_msgs) StdoutLine: {'line': b'-- Up-to-date: /home/subhalaxmi/nidar_ws/install/px4_msgs/include/px4_msgs/px4_msgs/msg/detail/vehicle_rates_setpoint__rosidl_typesupport_fastrtps_c.h\n'}
[5.643219] (px4_msgs) StdoutLine: {'line': b'-- Up-to-date: /home/subhalaxmi/nidar_ws/install/px4_msgs/include/px4_msgs/px4_msgs/msg/detail/offboard_control_mode__rosidl_typesupport_fastrtps_c.h\n'}
[5.643315] (px4_msgs) StdoutLine: {'line': b'-- Up-to-date: /home/subhalaxmi/nidar_ws/install/px4_msgs/include/px4_msgs/px4_msgs/msg/detail/takeoff_status__rosidl_typesupport_fastrtps_c.h\n'}
[5.643409] (px4_msgs) StdoutLine: {'line': b'-- Up-to-date: /home/subhalaxmi/nidar_ws/install/px4_msgs/include/px4_msgs/px4_msgs/msg/detail/irlock_report__rosidl_typesupport_fastrtps_c.h\n'}
[5.643503] (px4_msgs) StdoutLine: {'line': b'-- Up-to-date: /home/subhalaxmi/nidar_ws/install/px4_msgs/include/px4_msgs/px4_msgs/msg/detail/led_control__rosidl_typesupport_fastrtps_c.h\n'}
[5.643621] (px4_msgs) StdoutLine: {'line': b'-- Up-to-date: /home/subhalaxmi/nidar_ws/install/px4_msgs/include/px4_msgs/px4_msgs/msg/detail/position_controller_landing_status__rosidl_typesupport_fastrtps_c.h\n'}
[5.643721] (px4_msgs) StdoutLine: {'line': b'-- Up-to-date: /home/subhalaxmi/nidar_ws/install/px4_msgs/include/px4_msgs/px4_msgs/msg/detail/gimbal_manager_set_manual_control__rosidl_typesupport_fastrtps_c.h\n'}
[5.643816] (px4_msgs) StdoutLine: {'line': b'-- Up-to-date: /home/subhalaxmi/nidar_ws/install/px4_msgs/include/px4_msgs/px4_msgs/msg/detail/rover_throttle_setpoint__rosidl_typesupport_fastrtps_c.h\n'}
[5.643911] (px4_msgs) StdoutLine: {'line': b'-- Up-to-date: /home/subhalaxmi/nidar_ws/install/px4_msgs/include/px4_msgs/px4_msgs/msg/detail/sensor_temp__rosidl_typesupport_fastrtps_c.h\n'}
[5.644006] (px4_msgs) StdoutLine: {'line': b'-- Up-to-date: /home/subhalaxmi/nidar_ws/install/px4_msgs/include/px4_msgs/px4_msgs/msg/detail/mission__rosidl_typesupport_fastrtps_c.h\n'}
[5.644101] (px4_msgs) StdoutLine: {'line': b'-- Up-to-date: /home/subhalaxmi/nidar_ws/install/px4_msgs/include/px4_msgs/px4_msgs/msg/detail/fixed_wing_lateral_status__rosidl_typesupport_fastrtps_c.h\n'}
[5.644194] (px4_msgs) StdoutLine: {'line': b'-- Up-to-date: /home/subhalaxmi/nidar_ws/install/px4_msgs/include/px4_msgs/px4_msgs/msg/detail/rover_attitude_status__rosidl_typesupport_fastrtps_c.h\n'}
[5.644287] (px4_msgs) StdoutLine: {'line': b'-- Up-to-date: /home/subhalaxmi/nidar_ws/install/px4_msgs/include/px4_msgs/px4_msgs/msg/detail/flight_phase_estimation__rosidl_typesupport_fastrtps_c.h\n'}
[5.644380] (px4_msgs) StdoutLine: {'line': b'-- Up-to-date: /home/subhalaxmi/nidar_ws/install/px4_msgs/include/px4_msgs/px4_msgs/msg/detail/orb_test_large__rosidl_typesupport_fastrtps_c.h\n'}
[5.644473] (px4_msgs) StdoutLine: {'line': b'-- Up-to-date: /home/subhalaxmi/nidar_ws/install/px4_msgs/include/px4_msgs/px4_msgs/msg/detail/cpuload__rosidl_typesupport_fastrtps_c.h\n'}
[5.644590] (px4_msgs) StdoutLine: {'line': b'-- Up-to-date: /home/subhalaxmi/nidar_ws/install/px4_msgs/include/px4_msgs/px4_msgs/msg/detail/mag_worker_data__rosidl_typesupport_fastrtps_c.h\n'}
[5.644692] (px4_msgs) StdoutLine: {'line': b'-- Up-to-date: /home/subhalaxmi/nidar_ws/install/px4_msgs/include/px4_msgs/px4_msgs/msg/detail/px4io_status__rosidl_typesupport_fastrtps_c.h\n'}
[5.644785] (px4_msgs) StdoutLine: {'line': b'-- Up-to-date: /home/subhalaxmi/nidar_ws/install/px4_msgs/include/px4_msgs/px4_msgs/msg/detail/vehicle_optical_flow_vel__rosidl_typesupport_fastrtps_c.h\n'}
[5.644889] (px4_msgs) StdoutLine: {'line': b'-- Up-to-date: /home/subhalaxmi/nidar_ws/install/px4_msgs/include/px4_msgs/px4_msgs/msg/detail/fixed_wing_lateral_setpoint__rosidl_typesupport_fastrtps_c.h\n'}
[5.644982] (px4_msgs) StdoutLine: {'line': b'-- Up-to-date: /home/subhalaxmi/nidar_ws/install/px4_msgs/include/px4_msgs/px4_msgs/msg/detail/rover_position_setpoint__rosidl_typesupport_fastrtps_c.h\n'}
[5.645076] (px4_msgs) StdoutLine: {'line': b'-- Up-to-date: /home/subhalaxmi/nidar_ws/install/px4_msgs/include/px4_msgs/px4_msgs/msg/detail/vtx__rosidl_typesupport_fastrtps_c.h\n'}
[5.645170] (px4_msgs) StdoutLine: {'line': b'-- Up-to-date: /home/subhalaxmi/nidar_ws/install/px4_msgs/include/px4_msgs/px4_msgs/msg/detail/qshell_req__rosidl_typesupport_fastrtps_c.h\n'}
[5.645270] (px4_msgs) StdoutLine: {'line': b'-- Up-to-date: /home/subhalaxmi/nidar_ws/install/px4_msgs/include/px4_msgs/px4_msgs/msg/detail/velocity_limits__rosidl_typesupport_fastrtps_c.h\n'}
[5.645365] (px4_msgs) StdoutLine: {'line': b'-- Up-to-date: /home/subhalaxmi/nidar_ws/install/px4_msgs/include/px4_msgs/px4_msgs/msg/detail/estimator_bias__rosidl_typesupport_fastrtps_c.h\n'}
[5.645474] (px4_msgs) StdoutLine: {'line': b'-- Up-to-date: /home/subhalaxmi/nidar_ws/install/px4_msgs/include/px4_msgs/px4_msgs/msg/detail/gimbal_manager_set_attitude__rosidl_typesupport_fastrtps_c.h\n'}
[5.645589] (px4_msgs) StdoutLine: {'line': b'-- Up-to-date: /home/subhalaxmi/nidar_ws/install/px4_msgs/include/px4_msgs/px4_msgs/msg/detail/sensor_gyro__rosidl_typesupport_fastrtps_c.h\n'}
[5.645737] (px4_msgs) StdoutLine: {'line': b'-- Up-to-date: /home/subhalaxmi/nidar_ws/install/px4_msgs/include/px4_msgs/px4_msgs/msg/detail/logger_status__rosidl_typesupport_fastrtps_c.h\n'}
[5.645937] (px4_msgs) StdoutLine: {'line': b'-- Up-to-date: /home/subhalaxmi/nidar_ws/install/px4_msgs/include/px4_msgs/px4_msgs/msg/detail/manual_control_setpoint__rosidl_typesupport_fastrtps_c.h\n'}
[5.646143] (px4_msgs) StdoutLine: {'line': b'-- Up-to-date: /home/subhalaxmi/nidar_ws/install/px4_msgs/include/px4_msgs/px4_msgs/msg/detail/orb_test_medium__rosidl_typesupport_fastrtps_c.h\n'}
[5.646318] (px4_msgs) StdoutLine: {'line': b'-- Up-to-date: /home/subhalaxmi/nidar_ws/install/px4_msgs/include/px4_msgs/px4_msgs/msg/detail/estimator_aid_source3d__rosidl_typesupport_fastrtps_c.h\n'}
[5.646499] (px4_msgs) StdoutLine: {'line': b'-- Up-to-date: /home/subhalaxmi/nidar_ws/install/px4_msgs/include/px4_msgs/px4_msgs/msg/detail/rover_steering_setpoint__rosidl_typesupport_fastrtps_c.h\n'}
[5.646730] (px4_msgs) StdoutLine: {'line': b'-- Up-to-date: /home/subhalaxmi/nidar_ws/install/px4_msgs/include/px4_msgs/px4_msgs/msg/detail/follow_target__rosidl_typesupport_fastrtps_c.h\n'}
[5.646937] (px4_msgs) StdoutLine: {'line': b'-- Up-to-date: /home/subhalaxmi/nidar_ws/install/px4_msgs/include/px4_msgs/px4_msgs/msg/detail/vehicle_constraints__rosidl_typesupport_fastrtps_c.h\n'}
[5.647134] (px4_msgs) StdoutLine: {'line': b'-- Up-to-date: /home/subhalaxmi/nidar_ws/install/px4_msgs/include/px4_msgs/px4_msgs/msg/detail/vehicle_local_position__rosidl_typesupport_fastrtps_c.h\n'}
[5.647272] (px4_msgs) StdoutLine: {'line': b'-- Up-to-date: /home/subhalaxmi/nidar_ws/install/px4_msgs/include/px4_msgs/px4_msgs/msg/detail/satellite_info__rosidl_typesupport_fastrtps_c.h\n'}
[5.647373] (px4_msgs) StdoutLine: {'line': b'-- Up-to-date: /home/subhalaxmi/nidar_ws/install/px4_msgs/include/px4_msgs/px4_msgs/msg/detail/rover_speed_setpoint__rosidl_typesupport_fastrtps_c.h\n'}
[5.647471] (px4_msgs) StdoutLine: {'line': b'-- Up-to-date: /home/subhalaxmi/nidar_ws/install/px4_msgs/include/px4_msgs/px4_msgs/msg/detail/radio_status__rosidl_typesupport_fastrtps_c.h\n'}
[5.647603] (px4_msgs) StdoutLine: {'line': b'-- Up-to-date: /home/subhalaxmi/nidar_ws/install/px4_msgs/include/px4_msgs/px4_msgs/msg/detail/gimbal_device_set_attitude__rosidl_typesupport_fastrtps_c.h\n'}
[5.647708] (px4_msgs) StdoutLine: {'line': b'-- Up-to-date: /home/subhalaxmi/nidar_ws/install/px4_msgs/include/px4_msgs/px4_msgs/msg/detail/vehicle_optical_flow__rosidl_typesupport_fastrtps_c.h\n'}
[5.647828] (px4_msgs) StdoutLine: {'line': b'-- Up-to-date: /home/subhalaxmi/nidar_ws/install/px4_msgs/include/px4_msgs/px4_msgs/msg/detail/tecs_status__rosidl_typesupport_fastrtps_c.h\n'}
[5.647925] (px4_msgs) StdoutLine: {'line': b'-- Up-to-date: /home/subhalaxmi/nidar_ws/install/px4_msgs/include/px4_msgs/px4_msgs/msg/detail/arming_check_reply__rosidl_typesupport_fastrtps_c.h\n'}
[5.648023] (px4_msgs) StdoutLine: {'line': b'-- Up-to-date: /home/subhalaxmi/nidar_ws/install/px4_msgs/include/px4_msgs/px4_msgs/msg/detail/neural_control__rosidl_typesupport_fastrtps_c.h\n'}
[5.648121] (px4_msgs) StdoutLine: {'line': b'-- Up-to-date: /home/subhalaxmi/nidar_ws/install/px4_msgs/include/px4_msgs/px4_msgs/msg/detail/vehicle_magnetometer__rosidl_typesupport_fastrtps_c.h\n'}
[5.648218] (px4_msgs) StdoutLine: {'line': b'-- Up-to-date: /home/subhalaxmi/nidar_ws/install/px4_msgs/include/px4_msgs/px4_msgs/msg/detail/open_drone_id_operator_id__rosidl_typesupport_fastrtps_c.h\n'}
[5.648313] (px4_msgs) StdoutLine: {'line': b'-- Up-to-date: /home/subhalaxmi/nidar_ws/install/px4_msgs/include/px4_msgs/px4_msgs/msg/detail/uavcan_parameter_value__rosidl_typesupport_fastrtps_c.h\n'}
[5.648410] (px4_msgs) StdoutLine: {'line': b'-- Up-to-date: /home/subhalaxmi/nidar_ws/install/px4_msgs/include/px4_msgs/px4_msgs/msg/detail/wheel_encoders__rosidl_typesupport_fastrtps_c.h\n'}
[5.648506] (px4_msgs) StdoutLine: {'line': b'-- Up-to-date: /home/subhalaxmi/nidar_ws/install/px4_msgs/include/px4_msgs/px4_msgs/msg/detail/adc_report__rosidl_typesupport_fastrtps_c.h\n'}
[5.648636] (px4_msgs) StdoutLine: {'line': b'-- Up-to-date: /home/subhalaxmi/nidar_ws/install/px4_msgs/include/px4_msgs/px4_msgs/msg/detail/rpm__rosidl_typesupport_fastrtps_c.h\n'}
[5.648747] (px4_msgs) StdoutLine: {'line': b'-- Up-to-date: /home/subhalaxmi/nidar_ws/install/px4_msgs/include/px4_msgs/px4_msgs/msg/detail/mode_completed__rosidl_typesupport_fastrtps_c.h\n'}
[5.648845] (px4_msgs) StdoutLine: {'line': b'-- Up-to-date: /home/subhalaxmi/nidar_ws/install/px4_msgs/include/px4_msgs/px4_msgs/msg/detail/gps_dump__rosidl_typesupport_fastrtps_c.h\n'}
[5.648942] (px4_msgs) StdoutLine: {'line': b'-- Up-to-date: /home/subhalaxmi/nidar_ws/install/px4_msgs/include/px4_msgs/px4_msgs/msg/detail/sensor_hygrometer__rosidl_typesupport_fastrtps_c.h\n'}
[5.649038] (px4_msgs) StdoutLine: {'line': b'-- Up-to-date: /home/subhalaxmi/nidar_ws/install/px4_msgs/include/px4_msgs/px4_msgs/msg/detail/system_power__rosidl_typesupport_fastrtps_c.h\n'}
[5.649148] (px4_msgs) StdoutLine: {'line': b'-- Up-to-date: /home/subhalaxmi/nidar_ws/install/px4_msgs/include/px4_msgs/px4_msgs/msg/detail/sensor_mag__rosidl_typesupport_fastrtps_c.h\n'}
[5.649244] (px4_msgs) StdoutLine: {'line': b'-- Up-to-date: /home/subhalaxmi/nidar_ws/install/px4_msgs/include/px4_msgs/px4_msgs/msg/detail/fixed_wing_lateral_guidance_status__rosidl_typesupport_fastrtps_c.h\n'}
[5.649338] (px4_msgs) StdoutLine: {'line': b'-- Up-to-date: /home/subhalaxmi/nidar_ws/install/px4_msgs/include/px4_msgs/px4_msgs/msg/detail/raptor_status__rosidl_typesupport_fastrtps_c.h\n'}
[5.649432] (px4_msgs) StdoutLine: {'line': b'-- Up-to-date: /home/subhalaxmi/nidar_ws/install/px4_msgs/include/px4_msgs/px4_msgs/msg/detail/navigator_status__rosidl_typesupport_fastrtps_c.h\n'}
[5.649534] (px4_msgs) StdoutLine: {'line': b'-- Up-to-date: /home/subhalaxmi/nidar_ws/install/px4_msgs/include/px4_msgs/px4_msgs/msg/detail/dataman_response__rosidl_typesupport_fastrtps_c.h\n'}
[5.649641] (px4_msgs) StdoutLine: {'line': b'-- Up-to-date: /home/subhalaxmi/nidar_ws/install/px4_msgs/include/px4_msgs/px4_msgs/msg/detail/parameter_set_value_request__rosidl_typesupport_fastrtps_c.h\n'}
[5.649736] (px4_msgs) StdoutLine: {'line': b'-- Up-to-date: /home/subhalaxmi/nidar_ws/install/px4_msgs/include/px4_msgs/px4_msgs/msg/detail/onboard_computer_status__rosidl_typesupport_fastrtps_c.h\n'}
[5.649830] (px4_msgs) StdoutLine: {'line': b'-- Up-to-date: /home/subhalaxmi/nidar_ws/install/px4_msgs/include/px4_msgs/px4_msgs/msg/detail/position_controller_status__rosidl_typesupport_fastrtps_c.h\n'}
[5.649933] (px4_msgs) StdoutLine: {'line': b'-- Up-to-date: /home/subhalaxmi/nidar_ws/install/px4_msgs/include/px4_msgs/px4_msgs/msg/detail/actuator_motors__rosidl_typesupport_fastrtps_c.h\n'}
[5.650027] (px4_msgs) StdoutLine: {'line': b'-- Up-to-date: /home/subhalaxmi/nidar_ws/install/px4_msgs/include/px4_msgs/px4_msgs/msg/detail/battery_info__rosidl_typesupport_fastrtps_c.h\n'}
[5.650123] (px4_msgs) StdoutLine: {'line': b'-- Up-to-date: /home/subhalaxmi/nidar_ws/install/px4_msgs/include/px4_msgs/px4_msgs/msg/detail/heater_status__rosidl_typesupport_fastrtps_c.h\n'}
[5.650218] (px4_msgs) StdoutLine: {'line': b'-- Up-to-date: /home/subhalaxmi/nidar_ws/install/px4_msgs/include/px4_msgs/px4_msgs/msg/detail/timesync_status__rosidl_typesupport_fastrtps_c.h\n'}
[5.650312] (px4_msgs) StdoutLine: {'line': b'-- Up-to-date: /home/subhalaxmi/nidar_ws/install/px4_msgs/include/px4_msgs/px4_msgs/msg/detail/launch_detection_status__rosidl_typesupport_fastrtps_c.h\n'}
[5.650407] (px4_msgs) StdoutLine: {'line': b'-- Up-to-date: /home/subhalaxmi/nidar_ws/install/px4_msgs/include/px4_msgs/px4_msgs/msg/detail/parameter_reset_request__rosidl_typesupport_fastrtps_c.h\n'}
[5.650503] (px4_msgs) StdoutLine: {'line': b'-- Up-to-date: /home/subhalaxmi/nidar_ws/install/px4_msgs/include/px4_msgs/px4_msgs/msg/detail/vehicle_angular_acceleration_setpoint__rosidl_typesupport_fastrtps_c.h\n'}
[5.650617] (px4_msgs) StdoutLine: {'line': b'-- Up-to-date: /home/subhalaxmi/nidar_ws/install/px4_msgs/include/px4_msgs/px4_msgs/msg/detail/debug_vect__rosidl_typesupport_fastrtps_c.h\n'}
[5.650718] (px4_msgs) StdoutLine: {'line': b'-- Up-to-date: /home/subhalaxmi/nidar_ws/install/px4_msgs/include/px4_msgs/px4_msgs/msg/detail/sensor_gps__rosidl_typesupport_fastrtps_c.h\n'}
[5.650813] (px4_msgs) StdoutLine: {'line': b'-- Up-to-date: /home/subhalaxmi/nidar_ws/install/px4_msgs/include/px4_msgs/px4_msgs/msg/detail/actuator_armed__rosidl_typesupport_fastrtps_c.h\n'}
[5.650908] (px4_msgs) StdoutLine: {'line': b'-- Up-to-date: /home/subhalaxmi/nidar_ws/install/px4_msgs/include/px4_msgs/px4_msgs/msg/detail/geofence_status__rosidl_typesupport_fastrtps_c.h\n'}
[5.651002] (px4_msgs) StdoutLine: {'line': b'-- Up-to-date: /home/subhalaxmi/nidar_ws/install/px4_msgs/include/px4_msgs/px4_msgs/msg/detail/gimbal_manager_information__rosidl_typesupport_fastrtps_c.h\n'}
[5.651097] (px4_msgs) StdoutLine: {'line': b'-- Up-to-date: /home/subhalaxmi/nidar_ws/install/px4_msgs/include/px4_msgs/px4_msgs/msg/detail/cellular_status__rosidl_typesupport_fastrtps_c.h\n'}
[5.651190] (px4_msgs) StdoutLine: {'line': b'-- Up-to-date: /home/subhalaxmi/nidar_ws/install/px4_msgs/include/px4_msgs/px4_msgs/msg/detail/vehicle_attitude_setpoint__rosidl_typesupport_fastrtps_c.h\n'}
[5.651292] (px4_msgs) StdoutLine: {'line': b'-- Up-to-date: /home/subhalaxmi/nidar_ws/install/px4_msgs/include/px4_msgs/px4_msgs/msg/detail/action_request__rosidl_typesupport_fastrtps_c.h\n'}
[5.651389] (px4_msgs) StdoutLine: {'line': b'-- Up-to-date: /home/subhalaxmi/nidar_ws/install/px4_msgs/include/px4_msgs/px4_msgs/msg/detail/gimbal_manager_status__rosidl_typesupport_fastrtps_c.h\n'}
[5.651483] (px4_msgs) StdoutLine: {'line': b'-- Up-to-date: /home/subhalaxmi/nidar_ws/install/px4_msgs/include/px4_msgs/px4_msgs/msg/detail/rover_rate_setpoint__rosidl_typesupport_fastrtps_c.h\n'}
[5.651596] (px4_msgs) StdoutLine: {'line': b'-- Up-to-date: /home/subhalaxmi/nidar_ws/install/px4_msgs/include/px4_msgs/px4_msgs/msg/detail/esc_status__rosidl_typesupport_fastrtps_c.h\n'}
[5.651695] (px4_msgs) StdoutLine: {'line': b'-- Up-to-date: /home/subhalaxmi/nidar_ws/install/px4_msgs/include/px4_msgs/px4_msgs/msg/detail/ulog_stream_ack__rosidl_typesupport_fastrtps_c.h\n'}
[5.651790] (px4_msgs) StdoutLine: {'line': b'-- Up-to-date: /home/subhalaxmi/nidar_ws/install/px4_msgs/include/px4_msgs/px4_msgs/msg/detail/vehicle_angular_velocity__rosidl_typesupport_fastrtps_c.h\n'}
[5.651901] (px4_msgs) StdoutLine: {'line': b'-- Up-to-date: /home/subhalaxmi/nidar_ws/install/px4_msgs/include/px4_msgs/px4_msgs/msg/detail/debug_value__rosidl_typesupport_fastrtps_c.h\n'}
[5.652004] (px4_msgs) StdoutLine: {'line': b'-- Up-to-date: /home/subhalaxmi/nidar_ws/install/px4_msgs/include/px4_msgs/px4_msgs/msg/detail/transponder_report__rosidl_typesupport_fastrtps_c.h\n'}
[5.652099] (px4_msgs) StdoutLine: {'line': b'-- Up-to-date: /home/subhalaxmi/nidar_ws/install/px4_msgs/include/px4_msgs/px4_msgs/msg/detail/log_message__rosidl_typesupport_fastrtps_c.h\n'}
[5.652194] (px4_msgs) StdoutLine: {'line': b'-- Up-to-date: /home/subhalaxmi/nidar_ws/install/px4_msgs/include/px4_msgs/px4_msgs/msg/detail/dronecan_node_status__rosidl_typesupport_fastrtps_c.h\n'}
[5.652290] (px4_msgs) StdoutLine: {'line': b'-- Up-to-date: /home/subhalaxmi/nidar_ws/install/px4_msgs/include/px4_msgs/px4_msgs/msg/detail/dataman_request__rosidl_typesupport_fastrtps_c.h\n'}
[5.652385] (px4_msgs) StdoutLine: {'line': b'-- Up-to-date: /home/subhalaxmi/nidar_ws/install/px4_msgs/include/px4_msgs/px4_msgs/msg/detail/mavlink_log__rosidl_typesupport_fastrtps_c.h\n'}
[5.652479] (px4_msgs) StdoutLine: {'line': b'-- Up-to-date: /home/subhalaxmi/nidar_ws/install/px4_msgs/include/px4_msgs/px4_msgs/msg/detail/health_report__rosidl_typesupport_fastrtps_c.h\n'}
[5.652607] (px4_msgs) StdoutLine: {'line': b'-- Up-to-date: /home/subhalaxmi/nidar_ws/install/px4_msgs/include/px4_msgs/px4_msgs/msg/detail/sensor_optical_flow__rosidl_typesupport_fastrtps_c.h\n'}
[5.652710] (px4_msgs) StdoutLine: {'line': b'-- Up-to-date: /home/subhalaxmi/nidar_ws/install/px4_msgs/include/px4_msgs/px4_msgs/msg/detail/parameter_set_used_request__rosidl_typesupport_fastrtps_c.h\n'}
[5.652803] (px4_msgs) StdoutLine: {'line': b'-- Up-to-date: /home/subhalaxmi/nidar_ws/install/px4_msgs/include/px4_msgs/px4_msgs/msg/detail/estimator_aid_source2d__rosidl_typesupport_fastrtps_c.h\n'}
[5.652897] (px4_msgs) StdoutLine: {'line': b'-- Up-to-date: /home/subhalaxmi/nidar_ws/install/px4_msgs/include/px4_msgs/px4_msgs/msg/detail/sensor_gnss_status__rosidl_typesupport_fastrtps_c.h\n'}
[5.652991] (px4_msgs) StdoutLine: {'line': b'-- Up-to-date: /home/subhalaxmi/nidar_ws/install/px4_msgs/include/px4_msgs/px4_msgs/msg/detail/obstacle_distance__rosidl_typesupport_fastrtps_c.h\n'}
[5.653084] (px4_msgs) StdoutLine: {'line': b'-- Up-to-date: /home/subhalaxmi/nidar_ws/install/px4_msgs/include/px4_msgs/px4_msgs/msg/detail/qshell_retval__rosidl_typesupport_fastrtps_c.h\n'}
[5.653178] (px4_msgs) StdoutLine: {'line': b'-- Up-to-date: /home/subhalaxmi/nidar_ws/install/px4_msgs/include/px4_msgs/px4_msgs/msg/detail/estimator_innovations__rosidl_typesupport_fastrtps_c.h\n'}
[5.653272] (px4_msgs) StdoutLine: {'line': b'-- Up-to-date: /home/subhalaxmi/nidar_ws/install/px4_msgs/include/px4_msgs/px4_msgs/msg/detail/estimator_selector_status__rosidl_typesupport_fastrtps_c.h\n'}
[5.653366] (px4_msgs) StdoutLine: {'line': b'-- Up-to-date: /home/subhalaxmi/nidar_ws/install/px4_msgs/include/px4_msgs/px4_msgs/msg/detail/event__rosidl_typesupport_fastrtps_c.h\n'}
[5.653460] (px4_msgs) StdoutLine: {'line': b'-- Up-to-date: /home/subhalaxmi/nidar_ws/install/px4_msgs/include/px4_msgs/px4_msgs/msg/detail/vehicle_local_position_setpoint__rosidl_typesupport_fastrtps_c.h\n'}
[5.653577] (px4_msgs) StdoutLine: {'line': b'-- Up-to-date: /home/subhalaxmi/nidar_ws/install/px4_msgs/include/px4_msgs/px4_msgs/msg/detail/vehicle_global_position__rosidl_typesupport_fastrtps_c.h\n'}
[5.653686] (px4_msgs) StdoutLine: {'line': b'-- Up-to-date: /home/subhalaxmi/nidar_ws/install/px4_msgs/include/px4_msgs/px4_msgs/msg/detail/raptor_input__rosidl_typesupport_fastrtps_c.h\n'}
[5.653781] (px4_msgs) StdoutLine: {'line': b'-- Up-to-date: /home/subhalaxmi/nidar_ws/install/px4_msgs/include/px4_msgs/px4_msgs/msg/detail/sensor_airflow__rosidl_typesupport_fastrtps_c.h\n'}
[5.653876] (px4_msgs) StdoutLine: {'line': b'-- Up-to-date: /home/subhalaxmi/nidar_ws/install/px4_msgs/include/px4_msgs/px4_msgs/msg/detail/mission_result__rosidl_typesupport_fastrtps_c.h\n'}
[5.653978] (px4_msgs) StdoutLine: {'line': b'-- Up-to-date: /home/subhalaxmi/nidar_ws/install/px4_msgs/include/px4_msgs/px4_msgs/msg/detail/unregister_ext_component__rosidl_typesupport_fastrtps_c.h\n'}
[5.654080] (px4_msgs) StdoutLine: {'line': b'-- Up-to-date: /home/subhalaxmi/nidar_ws/install/px4_msgs/include/px4_msgs/px4_msgs/msg/detail/camera_status__rosidl_typesupport_fastrtps_c.h\n'}
[5.654174] (px4_msgs) StdoutLine: {'line': b'-- Up-to-date: /home/subhalaxmi/nidar_ws/install/px4_msgs/include/px4_msgs/px4_msgs/msg/detail/estimator_sensor_bias__rosidl_typesupport_fastrtps_c.h\n'}
[5.654267] (px4_msgs) StdoutLine: {'line': b'-- Up-to-date: /home/subhalaxmi/nidar_ws/install/px4_msgs/include/px4_msgs/px4_msgs/msg/detail/landing_gear__rosidl_typesupport_fastrtps_c.h\n'}
[5.654361] (px4_msgs) StdoutLine: {'line': b'-- Up-to-date: /home/subhalaxmi/nidar_ws/install/px4_msgs/include/px4_msgs/px4_msgs/msg/detail/config_overrides__rosidl_typesupport_fastrtps_c.h\n'}
[5.654456] (px4_msgs) StdoutLine: {'line': b'-- Up-to-date: /home/subhalaxmi/nidar_ws/install/px4_msgs/include/px4_msgs/px4_msgs/msg/detail/follow_target_status__rosidl_typesupport_fastrtps_c.h\n'}
[5.654568] (px4_msgs) StdoutLine: {'line': b'-- Up-to-date: /home/subhalaxmi/nidar_ws/install/px4_msgs/include/px4_msgs/px4_msgs/msg/detail/vehicle_torque_setpoint__rosidl_typesupport_fastrtps_c.h\n'}
[5.654688] (px4_msgs) StdoutLine: {'line': b'-- Up-to-date: /home/subhalaxmi/nidar_ws/install/px4_msgs/include/px4_msgs/px4_msgs/msg/detail/gpio_in__rosidl_typesupport_fastrtps_c.h\n'}
[5.654784] (px4_msgs) StdoutLine: {'line': b'-- Up-to-date: /home/subhalaxmi/nidar_ws/install/px4_msgs/include/px4_msgs/px4_msgs/msg/detail/task_stack_info__rosidl_typesupport_fastrtps_c.h\n'}
[5.654879] (px4_msgs) StdoutLine: {'line': b'-- Up-to-date: /home/subhalaxmi/nidar_ws/install/px4_msgs/include/px4_msgs/px4_msgs/msg/detail/internal_combustion_engine_status__rosidl_typesupport_fastrtps_c.h\n'}
[5.654975] (px4_msgs) StdoutLine: {'line': b'-- Up-to-date: /home/subhalaxmi/nidar_ws/install/px4_msgs/include/px4_msgs/px4_msgs/msg/detail/tune_control__rosidl_typesupport_fastrtps_c.h\n'}
[5.655069] (px4_msgs) StdoutLine: {'line': b'-- Up-to-date: /home/subhalaxmi/nidar_ws/install/px4_msgs/include/px4_msgs/px4_msgs/msg/detail/ekf2_timestamps__rosidl_typesupport_fastrtps_c.h\n'}
[5.655164] (px4_msgs) StdoutLine: {'line': b'-- Up-to-date: /home/subhalaxmi/nidar_ws/install/px4_msgs/include/px4_msgs/px4_msgs/msg/detail/mount_orientation__rosidl_typesupport_fastrtps_c.h\n'}
[5.655258] (px4_msgs) StdoutLine: {'line': b'-- Up-to-date: /home/subhalaxmi/nidar_ws/install/px4_msgs/include/px4_msgs/px4_msgs/msg/detail/longitudinal_control_configuration__rosidl_typesupport_fastrtps_c.h\n'}
[5.655353] (px4_msgs) StdoutLine: {'line': b'-- Up-to-date: /home/subhalaxmi/nidar_ws/install/px4_msgs/include/px4_msgs/px4_msgs/msg/detail/pure_pursuit_status__rosidl_typesupport_fastrtps_c.h\n'}
[5.655447] (px4_msgs) StdoutLine: {'line': b'-- Up-to-date: /home/subhalaxmi/nidar_ws/install/px4_msgs/include/px4_msgs/px4_msgs/msg/detail/geofence_result__rosidl_typesupport_fastrtps_c.h\n'}
[5.655563] (px4_msgs) StdoutLine: {'line': b'-- Up-to-date: /home/subhalaxmi/nidar_ws/install/px4_msgs/include/px4_msgs/px4_msgs/msg/detail/yaw_estimator_status__rosidl_typesupport_fastrtps_c.h\n'}
[5.655680] (px4_msgs) StdoutLine: {'line': b'-- Up-to-date: /home/subhalaxmi/nidar_ws/install/px4_msgs/include/px4_msgs/px4_msgs/msg/detail/mavlink_tunnel__rosidl_typesupport_fastrtps_c.h\n'}
[5.655778] (px4_msgs) StdoutLine: {'line': b'-- Up-to-date: /home/subhalaxmi/nidar_ws/install/px4_msgs/include/px4_msgs/px4_msgs/msg/detail/vehicle_status__rosidl_typesupport_fastrtps_c.h\n'}
[5.655872] (px4_msgs) StdoutLine: {'line': b'-- Up-to-date: /home/subhalaxmi/nidar_ws/install/px4_msgs/include/px4_msgs/px4_msgs/msg/detail/vehicle_thrust_setpoint__rosidl_typesupport_fastrtps_c.h\n'}
[5.655966] (px4_msgs) StdoutLine: {'line': b'-- Up-to-date: /home/subhalaxmi/nidar_ws/install/px4_msgs/include/px4_msgs/px4_msgs/msg/detail/sensor_preflight_mag__rosidl_typesupport_fastrtps_c.h\n'}
[5.656071] (px4_msgs) StdoutLine: {'line': b'-- Up-to-date: /home/subhalaxmi/nidar_ws/install/px4_msgs/include/px4_msgs/px4_msgs/msg/detail/sensor_accel_fifo__rosidl_typesupport_fastrtps_c.h\n'}
[5.656166] (px4_msgs) StdoutLine: {'line': b'-- Up-to-date: /home/subhalaxmi/nidar_ws/install/px4_msgs/include/px4_msgs/px4_msgs/msg/detail/landing_target_innovations__rosidl_typesupport_fastrtps_c.h\n'}
[5.656260] (px4_msgs) StdoutLine: {'line': b'-- Up-to-date: /home/subhalaxmi/nidar_ws/install/px4_msgs/include/px4_msgs/px4_msgs/msg/detail/gimbal_device_attitude_status__rosidl_typesupport_fastrtps_c.h\n'}
[5.656354] (px4_msgs) StdoutLine: {'line': b'-- Up-to-date: /home/subhalaxmi/nidar_ws/install/px4_msgs/include/px4_msgs/px4_msgs/msg/detail/home_position__rosidl_typesupport_fastrtps_c.h\n'}
[5.656449] (px4_msgs) StdoutLine: {'line': b'-- Up-to-date: /home/subhalaxmi/nidar_ws/install/px4_msgs/include/px4_msgs/px4_msgs/msg/detail/estimator_states__rosidl_typesupport_fastrtps_c.h\n'}
[5.656563] (px4_msgs) StdoutLine: {'line': b'-- Up-to-date: /home/subhalaxmi/nidar_ws/install/px4_msgs/include/px4_msgs/px4_msgs/msg/detail/sensor_combined__rosidl_typesupport_fastrtps_c.h\n'}
[5.656673] (px4_msgs) StdoutLine: {'line': b'-- Up-to-date: /home/subhalaxmi/nidar_ws/install/px4_msgs/include/px4_msgs/px4_msgs/msg/detail/estimator_status__rosidl_typesupport_fastrtps_c.h\n'}
[5.656768] (px4_msgs) StdoutLine: {'line': b'-- Up-to-date: /home/subhalaxmi/nidar_ws/install/px4_msgs/include/px4_msgs/px4_msgs/msg/detail/magnetometer_bias_estimate__rosidl_typesupport_fastrtps_c.h\n'}
[5.656892] (px4_msgs) StdoutLine: {'line': b'-- Up-to-date: /home/subhalaxmi/nidar_ws/install/px4_msgs/include/px4_msgs/px4_msgs/msg/detail/sensor_gyro_fifo__rosidl_typesupport_fastrtps_c.h\n'}
[5.656988] (px4_msgs) StdoutLine: {'line': b'-- Up-to-date: /home/subhalaxmi/nidar_ws/install/px4_msgs/include/px4_msgs/px4_msgs/msg/detail/tiltrotor_extra_controls__rosidl_typesupport_fastrtps_c.h\n'}
[5.657083] (px4_msgs) StdoutLine: {'line': b'-- Up-to-date: /home/subhalaxmi/nidar_ws/install/px4_msgs/include/px4_msgs/px4_msgs/msg/detail/uavcan_parameter_request__rosidl_typesupport_fastrtps_c.h\n'}
[5.657178] (px4_msgs) StdoutLine: {'line': b'-- Up-to-date: /home/subhalaxmi/nidar_ws/install/px4_msgs/include/px4_msgs/px4_msgs/msg/detail/position_setpoint_triplet__rosidl_typesupport_fastrtps_c.h\n'}
[5.657316] (px4_msgs) StdoutLine: {'line': b'-- Up-to-date: /home/subhalaxmi/nidar_ws/install/px4_msgs/include/px4_msgs/px4_msgs/msg/detail/actuator_outputs__rosidl_typesupport_fastrtps_c.h\n'}
[5.657416] (px4_msgs) StdoutLine: {'line': b'-- Up-to-date: /home/subhalaxmi/nidar_ws/install/px4_msgs/include/px4_msgs/px4_msgs/msg/detail/ping__rosidl_typesupport_fastrtps_c.h\n'}
[5.657551] (px4_msgs) StdoutLine: {'line': b'-- Up-to-date: /home/subhalaxmi/nidar_ws/install/px4_msgs/include/px4_msgs/px4_msgs/msg/detail/gripper__rosidl_typesupport_fastrtps_c.h\n'}
[5.657664] (px4_msgs) StdoutLine: {'line': b'-- Up-to-date: /home/subhalaxmi/nidar_ws/install/px4_msgs/include/px4_msgs/px4_msgs/msg/detail/debug_key_value__rosidl_typesupport_fastrtps_c.h\n'}
[5.657760] (px4_msgs) StdoutLine: {'line': b'-- Up-to-date: /home/subhalaxmi/nidar_ws/install/px4_msgs/include/px4_msgs/px4_msgs/msg/detail/failure_detector_status__rosidl_typesupport_fastrtps_c.h\n'}
[5.657855] (px4_msgs) StdoutLine: {'line': b'-- Up-to-date: /home/subhalaxmi/nidar_ws/install/px4_msgs/include/px4_msgs/px4_msgs/msg/detail/goto_setpoint__rosidl_typesupport_fastrtps_c.h\n'}
[5.657950] (px4_msgs) StdoutLine: {'line': b'-- Up-to-date: /home/subhalaxmi/nidar_ws/install/px4_msgs/include/px4_msgs/px4_msgs/msg/detail/figure_eight_status__rosidl_typesupport_fastrtps_c.h\n'}
[5.658043] (px4_msgs) StdoutLine: {'line': b'-- Up-to-date: /home/subhalaxmi/nidar_ws/install/px4_msgs/include/px4_msgs/px4_msgs/msg/detail/actuator_servos_trim__rosidl_typesupport_fastrtps_c.h\n'}
[5.658138] (px4_msgs) StdoutLine: {'line': b'-- Up-to-date: /home/subhalaxmi/nidar_ws/install/px4_msgs/include/px4_msgs/px4_msgs/msg/detail/device_information__rosidl_typesupport_fastrtps_c.h\n'}
[5.658308] (px4_msgs) StdoutLine: {'line': b'-- Up-to-date: /home/subhalaxmi/nidar_ws/install/px4_msgs/include/px4_msgs/px4_msgs/msg/detail/sensor_gyro_fft__rosidl_typesupport_fastrtps_c.h\n'}
[5.658471] (px4_msgs) StdoutLine: {'line': b'-- Up-to-date: /home/subhalaxmi/nidar_ws/install/px4_msgs/include/px4_msgs/px4_msgs/msg/detail/lateral_control_configuration__rosidl_typesupport_fastrtps_c.h\n'}
[5.658688] (px4_msgs) StdoutLine: {'line': b'-- Up-to-date: /home/subhalaxmi/nidar_ws/install/px4_msgs/include/px4_msgs/px4_msgs/msg/detail/vehicle_attitude__rosidl_typesupport_fastrtps_c.h\n'}
[5.658887] (px4_msgs) StdoutLine: {'line': b'-- Up-to-date: /home/subhalaxmi/nidar_ws/install/px4_msgs/include/px4_msgs/px4_msgs/msg/detail/iridiumsbd_status__rosidl_typesupport_fastrtps_c.h\n'}
[5.659070] (px4_msgs) StdoutLine: {'line': b'-- Up-to-date: /home/subhalaxmi/nidar_ws/install/px4_msgs/include/px4_msgs/px4_msgs/msg/detail/manual_control_switches__rosidl_typesupport_fastrtps_c.h\n'}
[5.659278] (px4_msgs) StdoutLine: {'line': b'-- Up-to-date: /home/subhalaxmi/nidar_ws/install/px4_msgs/include/px4_msgs/px4_msgs/msg/detail/distance_sensor__rosidl_typesupport_fastrtps_c.h\n'}
[5.659486] (px4_msgs) StdoutLine: {'line': b'-- Up-to-date: /home/subhalaxmi/nidar_ws/install/px4_msgs/include/px4_msgs/px4_msgs/msg/detail/generator_status__rosidl_typesupport_fastrtps_c.h\n'}
[5.659695] (px4_msgs) StdoutLine: {'line': b'-- Up-to-date: /home/subhalaxmi/nidar_ws/install/px4_msgs/include/px4_msgs/px4_msgs/msg/detail/airspeed_wind__rosidl_typesupport_fastrtps_c.h\n'}
[5.659805] (px4_msgs) StdoutLine: {'line': b'-- Up-to-date: /home/subhalaxmi/nidar_ws/install/px4_msgs/include/px4_msgs/px4_msgs/msg/detail/gimbal_controls__rosidl_typesupport_fastrtps_c.h\n'}
[5.659904] (px4_msgs) StdoutLine: {'line': b'-- Up-to-date: /home/subhalaxmi/nidar_ws/install/px4_msgs/include/px4_msgs/px4_msgs/msg/detail/autotune_attitude_control_status__rosidl_typesupport_fastrtps_c.h\n'}
[5.660018] (px4_msgs) StdoutLine: {'line': b'-- Up-to-date: /home/subhalaxmi/nidar_ws/install/px4_msgs/include/px4_msgs/px4_msgs/msg/detail/position_setpoint__rosidl_typesupport_fastrtps_c.h\n'}
[5.660118] (px4_msgs) StdoutLine: {'line': b'-- Up-to-date: /home/subhalaxmi/nidar_ws/install/px4_msgs/include/px4_msgs/px4_msgs/msg/detail/vehicle_roi__rosidl_typesupport_fastrtps_c.h\n'}
[5.660216] (px4_msgs) StdoutLine: {'line': b'-- Up-to-date: /home/subhalaxmi/nidar_ws/install/px4_msgs/include/px4_msgs/px4_msgs/msg/detail/airspeed__rosidl_typesupport_fastrtps_c.h\n'}
[5.660313] (px4_msgs) StdoutLine: {'line': b'-- Up-to-date: /home/subhalaxmi/nidar_ws/install/px4_msgs/include/px4_msgs/px4_msgs/msg/detail/failsafe_flags__rosidl_typesupport_fastrtps_c.h\n'}
[5.660410] (px4_msgs) StdoutLine: {'line': b'-- Up-to-date: /home/subhalaxmi/nidar_ws/install/px4_msgs/include/px4_msgs/px4_msgs/msg/detail/sensor_correction__rosidl_typesupport_fastrtps_c.h\n'}
[5.660506] (px4_msgs) StdoutLine: {'line': b'-- Up-to-date: /home/subhalaxmi/nidar_ws/install/px4_msgs/include/px4_msgs/px4_msgs/msg/detail/sensor_uwb__rosidl_typesupport_fastrtps_c.h\n'}
[5.660632] (px4_msgs) StdoutLine: {'line': b'-- Up-to-date: /home/subhalaxmi/nidar_ws/install/px4_msgs/include/px4_msgs/px4_msgs/msg/detail/telemetry_status__rosidl_typesupport_fastrtps_c.h\n'}
[5.660732] (px4_msgs) StdoutLine: {'line': b'-- Up-to-date: /home/subhalaxmi/nidar_ws/install/px4_msgs/include/px4_msgs/px4_msgs/msg/detail/wind__rosidl_typesupport_fastrtps_c.h\n'}
[5.660828] (px4_msgs) StdoutLine: {'line': b'-- Up-to-date: /home/subhalaxmi/nidar_ws/install/px4_msgs/include/px4_msgs/px4_msgs/msg/detail/input_rc__rosidl_typesupport_fastrtps_c.h\n'}
[5.660924] (px4_msgs) StdoutLine: {'line': b'-- Up-to-date: /home/subhalaxmi/nidar_ws/install/px4_msgs/include/px4_msgs/px4_msgs/msg/detail/differential_pressure__rosidl_typesupport_fastrtps_c.h\n'}
[5.661019] (px4_msgs) StdoutLine: {'line': b'-- Up-to-date: /home/subhalaxmi/nidar_ws/install/px4_msgs/include/px4_msgs/px4_msgs/msg/detail/sensors_status_imu__rosidl_typesupport_fastrtps_c.h\n'}
[5.661137] (px4_msgs) StdoutLine: {'line': b'-- Up-to-date: /home/subhalaxmi/nidar_ws/install/px4_msgs/include/px4_msgs/px4_msgs/msg/detail/trajectory_setpoint__rosidl_typesupport_fastrtps_c.h\n'}
[5.661233] (px4_msgs) StdoutLine: {'line': b'-- Up-to-date: /home/subhalaxmi/nidar_ws/install/px4_msgs/include/px4_msgs/px4_msgs/msg/detail/fixed_wing_runway_control__rosidl_typesupport_fastrtps_c.h\n'}
[5.661343] (px4_msgs) StdoutLine: {'line': b'-- Up-to-date: /home/subhalaxmi/nidar_ws/install/px4_msgs/include/px4_msgs/px4_msgs/msg/detail/estimator_bias3d__rosidl_typesupport_fastrtps_c.h\n'}
[5.661518] (px4_msgs) StdoutLine: {'line': b'-- Up-to-date: /home/subhalaxmi/nidar_ws/install/px4_msgs/include/px4_msgs/px4_msgs/msg/detail/vehicle_acceleration__rosidl_typesupport_fastrtps_c.h\n'}
[5.661683] (px4_msgs) StdoutLine: {'line': b'-- Up-to-date: /home/subhalaxmi/nidar_ws/install/px4_msgs/include/px4_msgs/px4_msgs/msg/detail/rover_speed_status__rosidl_typesupport_fastrtps_c.h\n'}
[5.661783] (px4_msgs) StdoutLine: {'line': b'-- Up-to-date: /home/subhalaxmi/nidar_ws/install/px4_msgs/include/px4_msgs/px4_msgs/msg/detail/control_allocator_status__rosidl_typesupport_fastrtps_c.h\n'}
[5.661880] (px4_msgs) StdoutLine: {'line': b'-- Up-to-date: /home/subhalaxmi/nidar_ws/install/px4_msgs/include/px4_msgs/px4_msgs/msg/detail/gpio_out__rosidl_typesupport_fastrtps_c.h\n'}
[5.661978] (px4_msgs) StdoutLine: {'line': b'-- Up-to-date: /home/subhalaxmi/nidar_ws/install/px4_msgs/include/px4_msgs/px4_msgs/msg/detail/actuator_test__rosidl_typesupport_fastrtps_c.h\n'}
[5.662074] (px4_msgs) StdoutLine: {'line': b'-- Up-to-date: /home/subhalaxmi/nidar_ws/install/px4_msgs/include/px4_msgs/px4_msgs/msg/detail/power_button_state__rosidl_typesupport_fastrtps_c.h\n'}
[5.662171] (px4_msgs) StdoutLine: {'line': b'-- Up-to-date: /home/subhalaxmi/nidar_ws/install/px4_msgs/include/px4_msgs/px4_msgs/msg/detail/sensors_status__rosidl_typesupport_fastrtps_c.h\n'}
[5.662268] (px4_msgs) StdoutLine: {'line': b'-- Up-to-date: /home/subhalaxmi/nidar_ws/install/px4_msgs/include/px4_msgs/px4_msgs/msg/detail/estimator_event_flags__rosidl_typesupport_fastrtps_c.h\n'}
[5.662364] (px4_msgs) StdoutLine: {'line': b'-- Up-to-date: /home/subhalaxmi/nidar_ws/install/px4_msgs/include/px4_msgs/px4_msgs/msg/detail/button_event__rosidl_typesupport_fastrtps_c.h\n'}
[5.662460] (px4_msgs) StdoutLine: {'line': b'-- Up-to-date: /home/subhalaxmi/nidar_ws/install/px4_msgs/include/px4_msgs/px4_msgs/msg/detail/sensor_accel__rosidl_typesupport_fastrtps_c.h\n'}
[5.662579] (px4_msgs) StdoutLine: {'line': b'-- Up-to-date: /home/subhalaxmi/nidar_ws/install/px4_msgs/include/px4_msgs/px4_msgs/msg/detail/parameter_update__rosidl_typesupport_fastrtps_c.h\n'}
[5.662686] (px4_msgs) StdoutLine: {'line': b'-- Up-to-date: /home/subhalaxmi/nidar_ws/install/px4_msgs/include/px4_msgs/px4_msgs/msg/detail/register_ext_component_reply__rosidl_typesupport_fastrtps_c.h\n'}
[5.662782] (px4_msgs) StdoutLine: {'line': b'-- Up-to-date: /home/subhalaxmi/nidar_ws/install/px4_msgs/include/px4_msgs/px4_msgs/msg/detail/gpio_request__rosidl_typesupport_fastrtps_c.h\n'}
[5.662890] (px4_msgs) StdoutLine: {'line': b'-- Up-to-date: /home/subhalaxmi/nidar_ws/install/px4_msgs/include/px4_msgs/px4_msgs/msg/detail/gimbal_device_information__rosidl_typesupport_fastrtps_c.h\n'}
[5.662987] (px4_msgs) StdoutLine: {'line': b'-- Up-to-date: /home/subhalaxmi/nidar_ws/install/px4_msgs/include/px4_msgs/px4_msgs/msg/detail/aux_global_position__rosidl_typesupport_fastrtps_c.h\n'}
[5.663081] (px4_msgs) StdoutLine: {'line': b'-- Up-to-date: /home/subhalaxmi/nidar_ws/install/px4_msgs/include/px4_msgs/px4_msgs/msg/detail/battery_status__rosidl_typesupport_fastrtps_c.h\n'}
[5.663175] (px4_msgs) StdoutLine: {'line': b'-- Up-to-date: /home/subhalaxmi/nidar_ws/install/px4_msgs/include/px4_msgs/px4_msgs/msg/detail/gpio_config__rosidl_typesupport_fastrtps_c.h\n'}
[5.663270] (px4_msgs) StdoutLine: {'line': b'-- Up-to-date: /home/subhalaxmi/nidar_ws/install/px4_msgs/include/px4_msgs/px4_msgs/msg/detail/distance_sensor_mode_change_request__rosidl_typesupport_fastrtps_c.h\n'}
[5.663373] (px4_msgs) StdoutLine: {'line': b'-- Up-to-date: /home/subhalaxmi/nidar_ws/install/px4_msgs/include/px4_msgs/px4_msgs/msg/detail/debug_array__rosidl_typesupport_fastrtps_c.h\n'}
[5.663468] (px4_msgs) StdoutLine: {'line': b'-- Up-to-date: /home/subhalaxmi/nidar_ws/install/px4_msgs/include/px4_msgs/px4_msgs/msg/detail/gain_compression__rosidl_typesupport_fastrtps_c.h\n'}
[5.663582] (px4_msgs) StdoutLine: {'line': b'-- Up-to-date: /home/subhalaxmi/nidar_ws/install/px4_msgs/include/px4_msgs/px4_msgs/msg/detail/sensor_selection__rosidl_typesupport_fastrtps_c.h\n'}
[5.663688] (px4_msgs) StdoutLine: {'line': b'-- Up-to-date: /home/subhalaxmi/nidar_ws/install/px4_msgs/include/px4_msgs/px4_msgs/msg/detail/vehicle_odometry__rosidl_typesupport_fastrtps_c.h\n'}
[5.663783] (px4_msgs) StdoutLine: {'line': b'-- Up-to-date: /home/subhalaxmi/nidar_ws/install/px4_msgs/include/px4_msgs/px4_msgs/msg/detail/fuel_tank_status__rosidl_typesupport_fastrtps_c.h\n'}
[5.663878] (px4_msgs) StdoutLine: {'line': b'-- Up-to-date: /home/subhalaxmi/nidar_ws/install/px4_msgs/include/px4_msgs/px4_msgs/msg/detail/arming_check_request__rosidl_typesupport_fastrtps_c.h\n'}
[5.663973] (px4_msgs) StdoutLine: {'line': b'-- Up-to-date: /home/subhalaxmi/nidar_ws/install/px4_msgs/include/px4_msgs/px4_msgs/msg/detail/actuator_controls_status__rosidl_typesupport_fastrtps_c.h\n'}
[5.664085] (px4_msgs) StdoutLine: {'line': b'-- Up-to-date: /home/subhalaxmi/nidar_ws/install/px4_msgs/include/px4_msgs/px4_msgs/msg/detail/esc_report__rosidl_typesupport_fastrtps_c.h\n'}
[5.664181] (px4_msgs) StdoutLine: {'line': b'-- Up-to-date: /home/subhalaxmi/nidar_ws/install/px4_msgs/include/px4_msgs/px4_msgs/msg/detail/camera_trigger__rosidl_typesupport_fastrtps_c.h\n'}
[5.664275] (px4_msgs) StdoutLine: {'line': b'-- Up-to-date: /home/subhalaxmi/nidar_ws/install/px4_msgs/include/px4_msgs/px4_msgs/msg/detail/rc_channels__rosidl_typesupport_fastrtps_c.h\n'}
[5.664406] (px4_msgs) StdoutLine: {'line': b'-- Up-to-date: /home/subhalaxmi/nidar_ws/install/px4_msgs/include/px4_msgs/px4_msgs/msg/detail/follow_target_estimator__rosidl_typesupport_fastrtps_c.h\n'}
[5.664506] (px4_msgs) StdoutLine: {'line': b'-- Up-to-date: /home/subhalaxmi/nidar_ws/install/px4_msgs/include/px4_msgs/px4_msgs/msg/detail/camera_capture__rosidl_typesupport_fastrtps_c.h\n'}
[5.664638] (px4_msgs) StdoutLine: {'line': b'-- Up-to-date: /home/subhalaxmi/nidar_ws/install/px4_msgs/include/px4_msgs/px4_msgs/msg/detail/orb_test__rosidl_typesupport_fastrtps_c.h\n'}
[5.664738] (px4_msgs) StdoutLine: {'line': b'-- Up-to-date: /home/subhalaxmi/nidar_ws/install/px4_msgs/include/px4_msgs/px4_msgs/msg/detail/rover_attitude_setpoint__rosidl_typesupport_fastrtps_c.h\n'}
[5.664834] (px4_msgs) StdoutLine: {'line': b'-- Up-to-date: /home/subhalaxmi/nidar_ws/install/px4_msgs/include/px4_msgs/px4_msgs/msg/detail/collision_constraints__rosidl_typesupport_fastrtps_c.h\n'}
[5.664927] (px4_msgs) StdoutLine: {'line': b'-- Up-to-date: /home/subhalaxmi/nidar_ws/install/px4_msgs/include/px4_msgs/px4_msgs/msg/detail/can_interface_status__rosidl_typesupport_fastrtps_c.h\n'}
[5.665022] (px4_msgs) StdoutLine: {'line': b'-- Up-to-date: /home/subhalaxmi/nidar_ws/install/px4_msgs/include/px4_msgs/px4_msgs/msg/detail/vehicle_air_data__rosidl_typesupport_fastrtps_c.h\n'}
[5.665116] (px4_msgs) StdoutLine: {'line': b'-- Up-to-date: /home/subhalaxmi/nidar_ws/install/px4_msgs/include/px4_msgs/px4_msgs/msg/detail/pwm_input__rosidl_typesupport_fastrtps_c.h\n'}
[5.665212] (px4_msgs) StdoutLine: {'line': b'-- Up-to-date: /home/subhalaxmi/nidar_ws/install/px4_msgs/include/px4_msgs/px4_msgs/msg/detail/estimator_status_flags__rosidl_typesupport_fastrtps_c.h\n'}
[5.665306] (px4_msgs) StdoutLine: {'line': b'-- Up-to-date: /home/subhalaxmi/nidar_ws/install/px4_msgs/include/px4_msgs/px4_msgs/msg/detail/actuator_servos__rosidl_typesupport_fastrtps_c.h\n'}
[5.665401] (px4_msgs) StdoutLine: {'line': b'-- Up-to-date: /home/subhalaxmi/nidar_ws/install/px4_msgs/include/px4_msgs/px4_msgs/msg/detail/sensor_baro__rosidl_typesupport_fastrtps_c.h\n'}
[5.665536] (px4_msgs) StdoutLine: {'line': b'-- Up-to-date: /home/subhalaxmi/nidar_ws/install/px4_msgs/include/px4_msgs/px4_msgs/msg/detail/vehicle_land_detected__rosidl_typesupport_fastrtps_c.h\n'}
[5.665652] (px4_msgs) StdoutLine: {'line': b'-- Up-to-date: /home/subhalaxmi/nidar_ws/install/px4_msgs/include/px4_msgs/px4_msgs/msg/detail/open_drone_id_arm_status__rosidl_typesupport_fastrtps_c.h\n'}
[5.665749] (px4_msgs) StdoutLine: {'line': b'-- Up-to-date: /home/subhalaxmi/nidar_ws/install/px4_msgs/include/px4_msgs/px4_msgs/msg/detail/pps_capture__rosidl_typesupport_fastrtps_c.h\n'}
[5.665844] (px4_msgs) StdoutLine: {'line': b'-- Up-to-date: /home/subhalaxmi/nidar_ws/install/px4_msgs/include/px4_msgs/px4_msgs/msg/detail/message_format_response__rosidl_typesupport_fastrtps_c.h\n'}
[5.665939] (px4_msgs) StdoutLine: {'line': b'-- Up-to-date: /home/subhalaxmi/nidar_ws/install/px4_msgs/include/px4_msgs/px4_msgs/msg/detail/landing_target_pose__rosidl_typesupport_fastrtps_c.h\n'}
[5.666033] (px4_msgs) StdoutLine: {'line': b'-- Up-to-date: /home/subhalaxmi/nidar_ws/install/px4_msgs/include/px4_msgs/px4_msgs/msg/detail/vehicle_command_ack__rosidl_typesupport_fastrtps_c.h\n'}
[5.666127] (px4_msgs) StdoutLine: {'line': b'-- Up-to-date: /home/subhalaxmi/nidar_ws/install/px4_msgs/include/px4_msgs/px4_msgs/msg/detail/vtol_vehicle_status__rosidl_typesupport_fastrtps_c.h\n'}
[5.666221] (px4_msgs) StdoutLine: {'line': b'-- Up-to-date: /home/subhalaxmi/nidar_ws/install/px4_msgs/include/px4_msgs/px4_msgs/msg/detail/rover_rate_status__rosidl_typesupport_fastrtps_c.h\n'}
[5.666315] (px4_msgs) StdoutLine: {'line': b'-- Up-to-date: /home/subhalaxmi/nidar_ws/install/px4_msgs/include/px4_msgs/px4_msgs/msg/detail/normalized_unsigned_setpoint__rosidl_typesupport_fastrtps_c.h\n'}
[5.666408] (px4_msgs) StdoutLine: {'line': b'-- Up-to-date: /home/subhalaxmi/nidar_ws/install/px4_msgs/include/px4_msgs/px4_msgs/msg/detail/landing_gear_wheel__rosidl_typesupport_fastrtps_c.h\n'}
[5.666502] (px4_msgs) StdoutLine: {'line': b'-- Up-to-date: /home/subhalaxmi/nidar_ws/install/px4_msgs/include/px4_msgs/px4_msgs/msg/detail/sensor_gnss_relative__rosidl_typesupport_fastrtps_c.h\n'}
[5.666629] (px4_msgs) StdoutLine: {'line': b'-- Up-to-date: /home/subhalaxmi/nidar_ws/install/px4_msgs/include/px4_msgs/px4_msgs/msg/detail/parameter_set_value_response__rosidl_typesupport_fastrtps_c.h\n'}
[5.666728] (px4_msgs) StdoutLine: {'line': b'-- Up-to-date: /home/subhalaxmi/nidar_ws/install/px4_msgs/include/px4_msgs/px4_msgs/msg/detail/vehicle_control_mode__rosidl_typesupport_fastrtps_c.h\n'}
[5.666823] (px4_msgs) StdoutLine: {'line': b'-- Up-to-date: /home/subhalaxmi/nidar_ws/install/px4_msgs/include/px4_msgs/px4_msgs/msg/detail/navigator_mission_item__rosidl_typesupport_fastrtps_c.h\n'}
[5.666933] (px4_msgs) StdoutLine: {'line': b'-- Up-to-date: /home/subhalaxmi/nidar_ws/install/px4_msgs/include/px4_msgs/px4_msgs/msg/detail/vehicle_imu__rosidl_typesupport_fastrtps_c.h\n'}
[5.667029] (px4_msgs) StdoutLine: {'line': b'-- Up-to-date: /home/subhalaxmi/nidar_ws/install/px4_msgs/include/px4_msgs/px4_msgs/msg/detail/rc_parameter_map__rosidl_typesupport_fastrtps_c.h\n'}
[5.667124] (px4_msgs) StdoutLine: {'line': b'-- Up-to-date: /home/subhalaxmi/nidar_ws/install/px4_msgs/include/px4_msgs/px4_msgs/msg/detail/open_drone_id_system__rosidl_typesupport_fastrtps_c.h\n'}
[5.667219] (px4_msgs) StdoutLine: {'line': b'-- Up-to-date: /home/subhalaxmi/nidar_ws/install/px4_msgs/include/px4_msgs/px4_msgs/msg/detail/message_format_request__rosidl_typesupport_fastrtps_c.h\n'}
[5.667315] (px4_msgs) StdoutLine: {'line': b'-- Up-to-date: /home/subhalaxmi/nidar_ws/install/px4_msgs/include/px4_msgs/px4_msgs/msg/detail/internal_combustion_engine_control__rosidl_typesupport_fastrtps_c.h\n'}
[5.667410] (px4_msgs) StdoutLine: {'line': b'-- Up-to-date: /home/subhalaxmi/nidar_ws/install/px4_msgs/include/px4_msgs/px4_msgs/msg/detail/estimator_aid_source1d__rosidl_typesupport_fastrtps_c.h\n'}
[5.667504] (px4_msgs) StdoutLine: {'line': b'-- Up-to-date: /home/subhalaxmi/nidar_ws/install/px4_msgs/include/px4_msgs/px4_msgs/msg/detail/vehicle_imu_status__rosidl_typesupport_fastrtps_c.h\n'}
[5.667645] (px4_msgs) StdoutLine: {'line': b'-- Up-to-date: /home/subhalaxmi/nidar_ws/install/px4_msgs/include/px4_msgs/px4_msgs/msg/detail/hover_thrust_estimate__rosidl_typesupport_fastrtps_c.h\n'}
[5.667747] (px4_msgs) StdoutLine: {'line': b'-- Up-to-date: /home/subhalaxmi/nidar_ws/install/px4_msgs/include/px4_msgs/px4_msgs/msg/detail/rtl_status__rosidl_typesupport_fastrtps_c.h\n'}
[5.667843] (px4_msgs) StdoutLine: {'line': b'-- Up-to-date: /home/subhalaxmi/nidar_ws/install/px4_msgs/include/px4_msgs/px4_msgs/msg/detail/orbit_status__rosidl_typesupport_fastrtps_c.h\n'}
[5.667939] (px4_msgs) StdoutLine: {'line': b'-- Up-to-date: /home/subhalaxmi/nidar_ws/install/px4_msgs/include/px4_msgs/px4_msgs/msg/detail/ulog_stream__rosidl_typesupport_fastrtps_c.h\n'}
[5.668034] (px4_msgs) StdoutLine: {'line': b'-- Up-to-date: /home/subhalaxmi/nidar_ws/install/px4_msgs/include/px4_msgs/px4_msgs/msg/detail/airspeed_validated__rosidl_typesupport_fastrtps_c.h\n'}
[5.668137] (px4_msgs) StdoutLine: {'line': b'-- Up-to-date: /home/subhalaxmi/nidar_ws/install/px4_msgs/include/px4_msgs/px4_msgs/msg/detail/rtl_time_estimate__rosidl_typesupport_fastrtps_c.h\n'}
[5.668233] (px4_msgs) StdoutLine: {'line': b'-- Up-to-date: /home/subhalaxmi/nidar_ws/install/px4_msgs/include/px4_msgs/px4_msgs/msg/detail/fixed_wing_longitudinal_setpoint__rosidl_typesupport_fastrtps_c.h\n'}
[5.668328] (px4_msgs) StdoutLine: {'line': b'-- Up-to-date: /home/subhalaxmi/nidar_ws/install/px4_msgs/include/px4_msgs/px4_msgs/msg/detail/rate_ctrl_status__rosidl_typesupport_fastrtps_c.h\n'}
[5.668423] (px4_msgs) StdoutLine: {'line': b'-- Up-to-date: /home/subhalaxmi/nidar_ws/install/px4_msgs/include/px4_msgs/px4_msgs/msg/detail/vehicle_command__rosidl_typesupport_fastrtps_c.h\n'}
[5.668517] (px4_msgs) StdoutLine: {'line': b'-- Up-to-date: /home/subhalaxmi/nidar_ws/install/px4_msgs/include/px4_msgs/px4_msgs/msg/detail/register_ext_component_request__rosidl_typesupport_fastrtps_c.h\n'}
[5.668634] (px4_msgs) StdoutLine: {'line': b'-- Up-to-date: /home/subhalaxmi/nidar_ws/install/px4_msgs/include/px4_msgs/px4_msgs/msg/detail/trajectory_setpoint6dof__rosidl_typesupport_fastrtps_c.h\n'}
[5.668731] (px4_msgs) StdoutLine: {'line': b'-- Up-to-date: /home/subhalaxmi/nidar_ws/install/px4_msgs/include/px4_msgs/px4_msgs/msg/detail/open_drone_id_self_id__rosidl_typesupport_fastrtps_c.h\n'}
[5.668827] (px4_msgs) StdoutLine: {'line': b'-- Up-to-date: /home/subhalaxmi/nidar_ws/install/px4_msgs/include/px4_msgs/px4_msgs/msg/detail/estimator_gps_status__rosidl_typesupport_fastrtps_c.h\n'}
[5.668924] (px4_msgs) StdoutLine: {'line': b'-- Up-to-date: /home/subhalaxmi/nidar_ws/install/px4_msgs/include/px4_msgs/px4_msgs/msg/detail/power_monitor__rosidl_typesupport_fastrtps_c.h\n'}
[5.669020] (px4_msgs) StdoutLine: {'line': b'-- Up-to-date: /home/subhalaxmi/nidar_ws/install/px4_msgs/include/px4_msgs/px4_msgs/msg/detail/gps_inject_data__rosidl_typesupport_fastrtps_c.h\n'}
[5.669117] (px4_msgs) StdoutLine: {'line': b'-- Up-to-date: /home/subhalaxmi/nidar_ws/install/px4_msgs/include/px4_msgs/px4_msgs/srv\n'}
[5.669213] (px4_msgs) StdoutLine: {'line': b'-- Up-to-date: /home/subhalaxmi/nidar_ws/install/px4_msgs/include/px4_msgs/px4_msgs/srv/detail\n'}
[5.669309] (px4_msgs) StdoutLine: {'line': b'-- Up-to-date: /home/subhalaxmi/nidar_ws/install/px4_msgs/include/px4_msgs/px4_msgs/srv/detail/vehicle_command__rosidl_typesupport_fastrtps_c.h\n'}
[5.669404] (px4_msgs) StdoutLine: {'line': b'-- Up-to-date: /home/subhalaxmi/nidar_ws/install/px4_msgs/lib/libpx4_msgs__rosidl_typesupport_fastrtps_c.so\n'}
[5.669501] (px4_msgs) StdoutLine: {'line': b'-- Up-to-date: /home/subhalaxmi/nidar_ws/install/px4_msgs/include/px4_msgs/px4_msgs\n'}
[5.669614] (px4_msgs) StdoutLine: {'line': b'-- Up-to-date: /home/subhalaxmi/nidar_ws/install/px4_msgs/include/px4_msgs/px4_msgs/msg\n'}
[5.669712] (px4_msgs) StdoutLine: {'line': b'-- Up-to-date: /home/subhalaxmi/nidar_ws/install/px4_msgs/include/px4_msgs/px4_msgs/msg/internal_combustion_engine_status.hpp\n'}
[5.669831] (px4_msgs) StdoutLine: {'line': b'-- Up-to-date: /home/subhalaxmi/nidar_ws/install/px4_msgs/include/px4_msgs/px4_msgs/msg/vehicle_roi.hpp\n'}
[5.669927] (px4_msgs) StdoutLine: {'line': b'-- Up-to-date: /home/subhalaxmi/nidar_ws/install/px4_msgs/include/px4_msgs/px4_msgs/msg/obstacle_distance.hpp\n'}
[5.670022] (px4_msgs) StdoutLine: {'line': b'-- Up-to-date: /home/subhalaxmi/nidar_ws/install/px4_msgs/include/px4_msgs/px4_msgs/msg/tecs_status.hpp\n'}
[5.670117] (px4_msgs) StdoutLine: {'line': b'-- Up-to-date: /home/subhalaxmi/nidar_ws/install/px4_msgs/include/px4_msgs/px4_msgs/msg/timesync_status.hpp\n'}
[5.670214] (px4_msgs) StdoutLine: {'line': b'-- Up-to-date: /home/subhalaxmi/nidar_ws/install/px4_msgs/include/px4_msgs/px4_msgs/msg/gimbal_controls.hpp\n'}
[5.670309] (px4_msgs) StdoutLine: {'line': b'-- Up-to-date: /home/subhalaxmi/nidar_ws/install/px4_msgs/include/px4_msgs/px4_msgs/msg/launch_detection_status.hpp\n'}
[5.670405] (px4_msgs) StdoutLine: {'line': b'-- Up-to-date: /home/subhalaxmi/nidar_ws/install/px4_msgs/include/px4_msgs/px4_msgs/msg/sensor_gyro.hpp\n'}
[5.670501] (px4_msgs) StdoutLine: {'line': b'-- Up-to-date: /home/subhalaxmi/nidar_ws/install/px4_msgs/include/px4_msgs/px4_msgs/msg/vehicle_optical_flow.hpp\n'}
[5.670631] (px4_msgs) StdoutLine: {'line': b'-- Up-to-date: /home/subhalaxmi/nidar_ws/install/px4_msgs/include/px4_msgs/px4_msgs/msg/vehicle_odometry.hpp\n'}
[5.670730] (px4_msgs) StdoutLine: {'line': b'-- Up-to-date: /home/subhalaxmi/nidar_ws/install/px4_msgs/include/px4_msgs/px4_msgs/msg/sensor_correction.hpp\n'}
[5.670826] (px4_msgs) StdoutLine: {'line': b'-- Up-to-date: /home/subhalaxmi/nidar_ws/install/px4_msgs/include/px4_msgs/px4_msgs/msg/gimbal_manager_status.hpp\n'}
[5.670920] (px4_msgs) StdoutLine: {'line': b'-- Up-to-date: /home/subhalaxmi/nidar_ws/install/px4_msgs/include/px4_msgs/px4_msgs/msg/autotune_attitude_control_status.hpp\n'}
[5.671066] (px4_msgs) StdoutLine: {'line': b'-- Up-to-date: /home/subhalaxmi/nidar_ws/install/px4_msgs/include/px4_msgs/px4_msgs/msg/vehicle_magnetometer.hpp\n'}
[5.671241] (px4_msgs) StdoutLine: {'line': b'-- Up-to-date: /home/subhalaxmi/nidar_ws/install/px4_msgs/include/px4_msgs/px4_msgs/msg/tune_control.hpp\n'}
[5.671430] (px4_msgs) StdoutLine: {'line': b'-- Up-to-date: /home/subhalaxmi/nidar_ws/install/px4_msgs/include/px4_msgs/px4_msgs/msg/fixed_wing_lateral_status.hpp\n'}
[5.671649] (px4_msgs) StdoutLine: {'line': b'-- Up-to-date: /home/subhalaxmi/nidar_ws/install/px4_msgs/include/px4_msgs/px4_msgs/msg/sensor_baro.hpp\n'}
[5.671783] (px4_msgs) StdoutLine: {'line': b'-- Up-to-date: /home/subhalaxmi/nidar_ws/install/px4_msgs/include/px4_msgs/px4_msgs/msg/gain_compression.hpp\n'}
[5.671906] (px4_msgs) StdoutLine: {'line': b'-- Up-to-date: /home/subhalaxmi/nidar_ws/install/px4_msgs/include/px4_msgs/px4_msgs/msg/failsafe_flags.hpp\n'}
[5.672046] (px4_msgs) StdoutLine: {'line': b'-- Up-to-date: /home/subhalaxmi/nidar_ws/install/px4_msgs/include/px4_msgs/px4_msgs/msg/estimator_status.hpp\n'}
[5.672145] (px4_msgs) StdoutLine: {'line': b'-- Up-to-date: /home/subhalaxmi/nidar_ws/install/px4_msgs/include/px4_msgs/px4_msgs/msg/estimator_innovations.hpp\n'}
[5.672320] (px4_msgs) StdoutLine: {'line': b'-- Up-to-date: /home/subhalaxmi/nidar_ws/install/px4_msgs/include/px4_msgs/px4_msgs/msg/unregister_ext_component.hpp\n'}
[5.672507] (px4_msgs) StdoutLine: {'line': b'-- Up-to-date: /home/subhalaxmi/nidar_ws/install/px4_msgs/include/px4_msgs/px4_msgs/msg/estimator_bias.hpp\n'}
[5.672725] (px4_msgs) StdoutLine: {'line': b'-- Up-to-date: /home/subhalaxmi/nidar_ws/install/px4_msgs/include/px4_msgs/px4_msgs/msg/gimbal_manager_set_manual_control.hpp\n'}
[5.672914] (px4_msgs) StdoutLine: {'line': b'-- Up-to-date: /home/subhalaxmi/nidar_ws/install/px4_msgs/include/px4_msgs/px4_msgs/msg/sensor_accel.hpp\n'}
[5.673094] (px4_msgs) StdoutLine: {'line': b'-- Up-to-date: /home/subhalaxmi/nidar_ws/install/px4_msgs/include/px4_msgs/px4_msgs/msg/parameter_set_value_response.hpp\n'}
[5.673277] (px4_msgs) StdoutLine: {'line': b'-- Up-to-date: /home/subhalaxmi/nidar_ws/install/px4_msgs/include/px4_msgs/px4_msgs/msg/mavlink_tunnel.hpp\n'}
[5.673490] (px4_msgs) StdoutLine: {'line': b'-- Up-to-date: /home/subhalaxmi/nidar_ws/install/px4_msgs/include/px4_msgs/px4_msgs/msg/register_ext_component_reply.hpp\n'}
[5.673724] (px4_msgs) StdoutLine: {'line': b'-- Up-to-date: /home/subhalaxmi/nidar_ws/install/px4_msgs/include/px4_msgs/px4_msgs/msg/airspeed_wind.hpp\n'}
[5.673922] (px4_msgs) StdoutLine: {'line': b'-- Up-to-date: /home/subhalaxmi/nidar_ws/install/px4_msgs/include/px4_msgs/px4_msgs/msg/vehicle_angular_acceleration_setpoint.hpp\n'}
[5.674108] (px4_msgs) StdoutLine: {'line': b'-- Up-to-date: /home/subhalaxmi/nidar_ws/install/px4_msgs/include/px4_msgs/px4_msgs/msg/ekf2_timestamps.hpp\n'}
[5.674294] (px4_msgs) StdoutLine: {'line': b'-- Up-to-date: /home/subhalaxmi/nidar_ws/install/px4_msgs/include/px4_msgs/px4_msgs/msg/camera_trigger.hpp\n'}
[5.674479] (px4_msgs) StdoutLine: {'line': b'-- Up-to-date: /home/subhalaxmi/nidar_ws/install/px4_msgs/include/px4_msgs/px4_msgs/msg/vehicle_torque_setpoint.hpp\n'}
[5.674710] (px4_msgs) StdoutLine: {'line': b'-- Up-to-date: /home/subhalaxmi/nidar_ws/install/px4_msgs/include/px4_msgs/px4_msgs/msg/position_setpoint.hpp\n'}
[5.674907] (px4_msgs) StdoutLine: {'line': b'-- Up-to-date: /home/subhalaxmi/nidar_ws/install/px4_msgs/include/px4_msgs/px4_msgs/msg/vehicle_rates_setpoint.hpp\n'}
[5.675106] (px4_msgs) StdoutLine: {'line': b'-- Up-to-date: /home/subhalaxmi/nidar_ws/install/px4_msgs/include/px4_msgs/px4_msgs/msg/vehicle_imu_status.hpp\n'}
[5.675224] (px4_msgs) StdoutLine: {'line': b'-- Up-to-date: /home/subhalaxmi/nidar_ws/install/px4_msgs/include/px4_msgs/px4_msgs/msg/figure_eight_status.hpp\n'}
[5.675325] (px4_msgs) StdoutLine: {'line': b'-- Up-to-date: /home/subhalaxmi/nidar_ws/install/px4_msgs/include/px4_msgs/px4_msgs/msg/vehicle_command.hpp\n'}
[5.675447] (px4_msgs) StdoutLine: {'line': b'-- Up-to-date: /home/subhalaxmi/nidar_ws/install/px4_msgs/include/px4_msgs/px4_msgs/msg/estimator_aid_source2d.hpp\n'}
[5.675569] (px4_msgs) StdoutLine: {'line': b'-- Up-to-date: /home/subhalaxmi/nidar_ws/install/px4_msgs/include/px4_msgs/px4_msgs/msg/vehicle_attitude.hpp\n'}
[5.675685] (px4_msgs) StdoutLine: {'line': b'-- Up-to-date: /home/subhalaxmi/nidar_ws/install/px4_msgs/include/px4_msgs/px4_msgs/msg/logger_status.hpp\n'}
[5.675782] (px4_msgs) StdoutLine: {'line': b'-- Up-to-date: /home/subhalaxmi/nidar_ws/install/px4_msgs/include/px4_msgs/px4_msgs/msg/orb_test.hpp\n'}
[5.675879] (px4_msgs) StdoutLine: {'line': b'-- Up-to-date: /home/subhalaxmi/nidar_ws/install/px4_msgs/include/px4_msgs/px4_msgs/msg/gimbal_device_set_attitude.hpp\n'}
[5.675975] (px4_msgs) StdoutLine: {'line': b'-- Up-to-date: /home/subhalaxmi/nidar_ws/install/px4_msgs/include/px4_msgs/px4_msgs/msg/action_request.hpp\n'}
[5.676072] (px4_msgs) StdoutLine: {'line': b'-- Up-to-date: /home/subhalaxmi/nidar_ws/install/px4_msgs/include/px4_msgs/px4_msgs/msg/landing_gear.hpp\n'}
[5.676168] (px4_msgs) StdoutLine: {'line': b'-- Up-to-date: /home/subhalaxmi/nidar_ws/install/px4_msgs/include/px4_msgs/px4_msgs/msg/landing_target_pose.hpp\n'}
[5.676264] (px4_msgs) StdoutLine: {'line': b'-- Up-to-date: /home/subhalaxmi/nidar_ws/install/px4_msgs/include/px4_msgs/px4_msgs/msg/rover_rate_status.hpp\n'}
[5.676360] (px4_msgs) StdoutLine: {'line': b'-- Up-to-date: /home/subhalaxmi/nidar_ws/install/px4_msgs/include/px4_msgs/px4_msgs/msg/heater_status.hpp\n'}
[5.676456] (px4_msgs) StdoutLine: {'line': b'-- Up-to-date: /home/subhalaxmi/nidar_ws/install/px4_msgs/include/px4_msgs/px4_msgs/msg/button_event.hpp\n'}
[5.676567] (px4_msgs) StdoutLine: {'line': b'-- Up-to-date: /home/subhalaxmi/nidar_ws/install/px4_msgs/include/px4_msgs/px4_msgs/msg/gimbal_device_attitude_status.hpp\n'}
[5.676699] (px4_msgs) StdoutLine: {'line': b'-- Up-to-date: /home/subhalaxmi/nidar_ws/install/px4_msgs/include/px4_msgs/px4_msgs/msg/navigator_mission_item.hpp\n'}
[5.676845] (px4_msgs) StdoutLine: {'line': b'-- Up-to-date: /home/subhalaxmi/nidar_ws/install/px4_msgs/include/px4_msgs/px4_msgs/msg/rtl_time_estimate.hpp\n'}
[5.677029] (px4_msgs) StdoutLine: {'line': b'-- Up-to-date: /home/subhalaxmi/nidar_ws/install/px4_msgs/include/px4_msgs/px4_msgs/msg/lateral_control_configuration.hpp\n'}
[5.677229] (px4_msgs) StdoutLine: {'line': b'-- Up-to-date: /home/subhalaxmi/nidar_ws/install/px4_msgs/include/px4_msgs/px4_msgs/msg/px4io_status.hpp\n'}
[5.677410] (px4_msgs) StdoutLine: {'line': b'-- Up-to-date: /home/subhalaxmi/nidar_ws/install/px4_msgs/include/px4_msgs/px4_msgs/msg/rover_rate_setpoint.hpp\n'}
[5.677618] (px4_msgs) StdoutLine: {'line': b'-- Up-to-date: /home/subhalaxmi/nidar_ws/install/px4_msgs/include/px4_msgs/px4_msgs/msg/iridiumsbd_status.hpp\n'}
[5.677806] (px4_msgs) StdoutLine: {'line': b'-- Up-to-date: /home/subhalaxmi/nidar_ws/install/px4_msgs/include/px4_msgs/px4_msgs/msg/sensor_accel_fifo.hpp\n'}
[5.677909] (px4_msgs) StdoutLine: {'line': b'-- Up-to-date: /home/subhalaxmi/nidar_ws/install/px4_msgs/include/px4_msgs/px4_msgs/msg/airspeed.hpp\n'}
[5.678010] (px4_msgs) StdoutLine: {'line': b'-- Up-to-date: /home/subhalaxmi/nidar_ws/install/px4_msgs/include/px4_msgs/px4_msgs/msg/position_setpoint_triplet.hpp\n'}
[5.678108] (px4_msgs) StdoutLine: {'line': b'-- Up-to-date: /home/subhalaxmi/nidar_ws/install/px4_msgs/include/px4_msgs/px4_msgs/msg/rover_speed_setpoint.hpp\n'}
[5.678204] (px4_msgs) StdoutLine: {'line': b'-- Up-to-date: /home/subhalaxmi/nidar_ws/install/px4_msgs/include/px4_msgs/px4_msgs/msg/estimator_sensor_bias.hpp\n'}
[5.678300] (px4_msgs) StdoutLine: {'line': b'-- Up-to-date: /home/subhalaxmi/nidar_ws/install/px4_msgs/include/px4_msgs/px4_msgs/msg/distance_sensor_mode_change_request.hpp\n'}
[5.678396] (px4_msgs) StdoutLine: {'line': b'-- Up-to-date: /home/subhalaxmi/nidar_ws/install/px4_msgs/include/px4_msgs/px4_msgs/msg/mavlink_log.hpp\n'}
[5.678493] (px4_msgs) StdoutLine: {'line': b'-- Up-to-date: /home/subhalaxmi/nidar_ws/install/px4_msgs/include/px4_msgs/px4_msgs/msg/fixed_wing_lateral_setpoint.hpp\n'}
[5.678630] (px4_msgs) StdoutLine: {'line': b'-- Up-to-date: /home/subhalaxmi/nidar_ws/install/px4_msgs/include/px4_msgs/px4_msgs/msg/register_ext_component_request.hpp\n'}
[5.678731] (px4_msgs) StdoutLine: {'line': b'-- Up-to-date: /home/subhalaxmi/nidar_ws/install/px4_msgs/include/px4_msgs/px4_msgs/msg/goto_setpoint.hpp\n'}
[5.678827] (px4_msgs) StdoutLine: {'line': b'-- Up-to-date: /home/subhalaxmi/nidar_ws/install/px4_msgs/include/px4_msgs/px4_msgs/msg/fixed_wing_longitudinal_setpoint.hpp\n'}
[5.678923] (px4_msgs) StdoutLine: {'line': b'-- Up-to-date: /home/subhalaxmi/nidar_ws/install/px4_msgs/include/px4_msgs/px4_msgs/msg/health_report.hpp\n'}
[5.679019] (px4_msgs) StdoutLine: {'line': b'-- Up-to-date: /home/subhalaxmi/nidar_ws/install/px4_msgs/include/px4_msgs/px4_msgs/msg/vehicle_status.hpp\n'}
[5.679114] (px4_msgs) StdoutLine: {'line': b'-- Up-to-date: /home/subhalaxmi/nidar_ws/install/px4_msgs/include/px4_msgs/px4_msgs/msg/uavcan_parameter_value.hpp\n'}
[5.679210] (px4_msgs) StdoutLine: {'line': b'-- Up-to-date: /home/subhalaxmi/nidar_ws/install/px4_msgs/include/px4_msgs/px4_msgs/msg/sensors_status_imu.hpp\n'}
[5.679305] (px4_msgs) StdoutLine: {'line': b'-- Up-to-date: /home/subhalaxmi/nidar_ws/install/px4_msgs/include/px4_msgs/px4_msgs/msg/gpio_request.hpp\n'}
[5.679401] (px4_msgs) StdoutLine: {'line': b'-- Up-to-date: /home/subhalaxmi/nidar_ws/install/px4_msgs/include/px4_msgs/px4_msgs/msg/open_drone_id_system.hpp\n'}
[5.679497] (px4_msgs) StdoutLine: {'line': b'-- Up-to-date: /home/subhalaxmi/nidar_ws/install/px4_msgs/include/px4_msgs/px4_msgs/msg/raptor_status.hpp\n'}
[5.679627] (px4_msgs) StdoutLine: {'line': b'-- Up-to-date: /home/subhalaxmi/nidar_ws/install/px4_msgs/include/px4_msgs/px4_msgs/msg/rover_attitude_status.hpp\n'}
[5.679749] (px4_msgs) StdoutLine: {'line': b'-- Up-to-date: /home/subhalaxmi/nidar_ws/install/px4_msgs/include/px4_msgs/px4_msgs/msg/fixed_wing_lateral_guidance_status.hpp\n'}
[5.679846] (px4_msgs) StdoutLine: {'line': b'-- Up-to-date: /home/subhalaxmi/nidar_ws/install/px4_msgs/include/px4_msgs/px4_msgs/msg/gps_dump.hpp\n'}
[5.679941] (px4_msgs) StdoutLine: {'line': b'-- Up-to-date: /home/subhalaxmi/nidar_ws/install/px4_msgs/include/px4_msgs/px4_msgs/msg/hover_thrust_estimate.hpp\n'}
[5.680044] (px4_msgs) StdoutLine: {'line': b'-- Up-to-date: /home/subhalaxmi/nidar_ws/install/px4_msgs/include/px4_msgs/px4_msgs/msg/follow_target_estimator.hpp\n'}
[5.680140] (px4_msgs) StdoutLine: {'line': b'-- Up-to-date: /home/subhalaxmi/nidar_ws/install/px4_msgs/include/px4_msgs/px4_msgs/msg/vehicle_local_position_setpoint.hpp\n'}
[5.680234] (px4_msgs) StdoutLine: {'line': b'-- Up-to-date: /home/subhalaxmi/nidar_ws/install/px4_msgs/include/px4_msgs/px4_msgs/msg/satellite_info.hpp\n'}
[5.680328] (px4_msgs) StdoutLine: {'line': b'-- Up-to-date: /home/subhalaxmi/nidar_ws/install/px4_msgs/include/px4_msgs/px4_msgs/msg/actuator_servos.hpp\n'}
[5.680422] (px4_msgs) StdoutLine: {'line': b'-- Up-to-date: /home/subhalaxmi/nidar_ws/install/px4_msgs/include/px4_msgs/px4_msgs/msg/vehicle_control_mode.hpp\n'}
[5.680531] (px4_msgs) StdoutLine: {'line': b'-- Up-to-date: /home/subhalaxmi/nidar_ws/install/px4_msgs/include/px4_msgs/px4_msgs/msg/mount_orientation.hpp\n'}
[5.680642] (px4_msgs) StdoutLine: {'line': b'-- Up-to-date: /home/subhalaxmi/nidar_ws/install/px4_msgs/include/px4_msgs/px4_msgs/msg/gps_inject_data.hpp\n'}
[5.680738] (px4_msgs) StdoutLine: {'line': b'-- Up-to-date: /home/subhalaxmi/nidar_ws/install/px4_msgs/include/px4_msgs/px4_msgs/msg/sensor_gps.hpp\n'}
[5.680833] (px4_msgs) StdoutLine: {'line': b'-- Up-to-date: /home/subhalaxmi/nidar_ws/install/px4_msgs/include/px4_msgs/px4_msgs/msg/dataman_response.hpp\n'}
[5.680928] (px4_msgs) StdoutLine: {'line': b'-- Up-to-date: /home/subhalaxmi/nidar_ws/install/px4_msgs/include/px4_msgs/px4_msgs/msg/rover_throttle_setpoint.hpp\n'}
[5.681023] (px4_msgs) StdoutLine: {'line': b'-- Up-to-date: /home/subhalaxmi/nidar_ws/install/px4_msgs/include/px4_msgs/px4_msgs/msg/transponder_report.hpp\n'}
[5.681117] (px4_msgs) StdoutLine: {'line': b'-- Up-to-date: /home/subhalaxmi/nidar_ws/install/px4_msgs/include/px4_msgs/px4_msgs/msg/orb_test_large.hpp\n'}
[5.681212] (px4_msgs) StdoutLine: {'line': b'-- Up-to-date: /home/subhalaxmi/nidar_ws/install/px4_msgs/include/px4_msgs/px4_msgs/msg/telemetry_status.hpp\n'}
[5.681305] (px4_msgs) StdoutLine: {'line': b'-- Up-to-date: /home/subhalaxmi/nidar_ws/install/px4_msgs/include/px4_msgs/px4_msgs/msg/vehicle_imu.hpp\n'}
[5.681399] (px4_msgs) StdoutLine: {'line': b'-- Up-to-date: /home/subhalaxmi/nidar_ws/install/px4_msgs/include/px4_msgs/px4_msgs/msg/event.hpp\n'}
[5.681492] (px4_msgs) StdoutLine: {'line': b'-- Up-to-date: /home/subhalaxmi/nidar_ws/install/px4_msgs/include/px4_msgs/px4_msgs/msg/cpuload.hpp\n'}
[5.681604] (px4_msgs) StdoutLine: {'line': b'-- Up-to-date: /home/subhalaxmi/nidar_ws/install/px4_msgs/include/px4_msgs/px4_msgs/msg/pure_pursuit_status.hpp\n'}
[5.681702] (px4_msgs) StdoutLine: {'line': b'-- Up-to-date: /home/subhalaxmi/nidar_ws/install/px4_msgs/include/px4_msgs/px4_msgs/msg/distance_sensor.hpp\n'}
[5.681795] (px4_msgs) StdoutLine: {'line': b'-- Up-to-date: /home/subhalaxmi/nidar_ws/install/px4_msgs/include/px4_msgs/px4_msgs/msg/parameter_set_value_request.hpp\n'}
[5.681888] (px4_msgs) StdoutLine: {'line': b'-- Up-to-date: /home/subhalaxmi/nidar_ws/install/px4_msgs/include/px4_msgs/px4_msgs/msg/wheel_encoders.hpp\n'}
[5.681982] (px4_msgs) StdoutLine: {'line': b'-- Up-to-date: /home/subhalaxmi/nidar_ws/install/px4_msgs/include/px4_msgs/px4_msgs/msg/debug_value.hpp\n'}
[5.682075] (px4_msgs) StdoutLine: {'line': b'-- Up-to-date: /home/subhalaxmi/nidar_ws/install/px4_msgs/include/px4_msgs/px4_msgs/msg/rover_position_setpoint.hpp\n'}
[5.682169] (px4_msgs) StdoutLine: {'line': b'-- Up-to-date: /home/subhalaxmi/nidar_ws/install/px4_msgs/include/px4_msgs/px4_msgs/msg/takeoff_status.hpp\n'}
[5.682262] (px4_msgs) StdoutLine: {'line': b'-- Up-to-date: /home/subhalaxmi/nidar_ws/install/px4_msgs/include/px4_msgs/px4_msgs/msg/led_control.hpp\n'}
[5.682355] (px4_msgs) StdoutLine: {'line': b'-- Up-to-date: /home/subhalaxmi/nidar_ws/install/px4_msgs/include/px4_msgs/px4_msgs/msg/follow_target.hpp\n'}
[5.682449] (px4_msgs) StdoutLine: {'line': b'-- Up-to-date: /home/subhalaxmi/nidar_ws/install/px4_msgs/include/px4_msgs/px4_msgs/msg/vehicle_command_ack.hpp\n'}
[5.682567] (px4_msgs) StdoutLine: {'line': b'-- Up-to-date: /home/subhalaxmi/nidar_ws/install/px4_msgs/include/px4_msgs/px4_msgs/msg/vehicle_thrust_setpoint.hpp\n'}
[5.682674] (px4_msgs) StdoutLine: {'line': b'-- Up-to-date: /home/subhalaxmi/nidar_ws/install/px4_msgs/include/px4_msgs/px4_msgs/msg/pwm_input.hpp\n'}
[5.682769] (px4_msgs) StdoutLine: {'line': b'-- Up-to-date: /home/subhalaxmi/nidar_ws/install/px4_msgs/include/px4_msgs/px4_msgs/msg/rc_parameter_map.hpp\n'}
[5.682864] (px4_msgs) StdoutLine: {'line': b'-- Up-to-date: /home/subhalaxmi/nidar_ws/install/px4_msgs/include/px4_msgs/px4_msgs/msg/battery_status.hpp\n'}
[5.682959] (px4_msgs) StdoutLine: {'line': b'-- Up-to-date: /home/subhalaxmi/nidar_ws/install/px4_msgs/include/px4_msgs/px4_msgs/msg/esc_report.hpp\n'}
[5.683052] (px4_msgs) StdoutLine: {'line': b'-- Up-to-date: /home/subhalaxmi/nidar_ws/install/px4_msgs/include/px4_msgs/px4_msgs/msg/debug_array.hpp\n'}
[5.683146] (px4_msgs) StdoutLine: {'line': b'-- Up-to-date: /home/subhalaxmi/nidar_ws/install/px4_msgs/include/px4_msgs/px4_msgs/msg/ping.hpp\n'}
[5.683239] (px4_msgs) StdoutLine: {'line': b'-- Up-to-date: /home/subhalaxmi/nidar_ws/install/px4_msgs/include/px4_msgs/px4_msgs/msg/actuator_outputs.hpp\n'}
[5.683348] (px4_msgs) StdoutLine: {'line': b'-- Up-to-date: /home/subhalaxmi/nidar_ws/install/px4_msgs/include/px4_msgs/px4_msgs/msg/sensor_uwb.hpp\n'}
[5.683442] (px4_msgs) StdoutLine: {'line': b'-- Up-to-date: /home/subhalaxmi/nidar_ws/install/px4_msgs/include/px4_msgs/px4_msgs/msg/open_drone_id_operator_id.hpp\n'}
[5.683553] (px4_msgs) StdoutLine: {'line': b'-- Up-to-date: /home/subhalaxmi/nidar_ws/install/px4_msgs/include/px4_msgs/px4_msgs/msg/uavcan_parameter_request.hpp\n'}
[5.683736] (px4_msgs) StdoutLine: {'line': b'-- Up-to-date: /home/subhalaxmi/nidar_ws/install/px4_msgs/include/px4_msgs/px4_msgs/msg/yaw_estimator_status.hpp\n'}
[5.683836] (px4_msgs) StdoutLine: {'line': b'-- Up-to-date: /home/subhalaxmi/nidar_ws/install/px4_msgs/include/px4_msgs/px4_msgs/msg/power_monitor.hpp\n'}
[5.683931] (px4_msgs) StdoutLine: {'line': b'-- Up-to-date: /home/subhalaxmi/nidar_ws/install/px4_msgs/include/px4_msgs/px4_msgs/msg/estimator_states.hpp\n'}
[5.684034] (px4_msgs) StdoutLine: {'line': b'-- Up-to-date: /home/subhalaxmi/nidar_ws/install/px4_msgs/include/px4_msgs/px4_msgs/msg/sensor_temp.hpp\n'}
[5.684132] (px4_msgs) StdoutLine: {'line': b'-- Up-to-date: /home/subhalaxmi/nidar_ws/install/px4_msgs/include/px4_msgs/px4_msgs/msg/orb_test_medium.hpp\n'}
[5.684227] (px4_msgs) StdoutLine: {'line': b'-- Up-to-date: /home/subhalaxmi/nidar_ws/install/px4_msgs/include/px4_msgs/px4_msgs/msg/failure_detector_status.hpp\n'}
[5.684321] (px4_msgs) StdoutLine: {'line': b'-- Up-to-date: /home/subhalaxmi/nidar_ws/install/px4_msgs/include/px4_msgs/px4_msgs/msg/gimbal_device_information.hpp\n'}
[5.684415] (px4_msgs) StdoutLine: {'line': b'-- Up-to-date: /home/subhalaxmi/nidar_ws/install/px4_msgs/include/px4_msgs/px4_msgs/msg/camera_status.hpp\n'}
[5.684510] (px4_msgs) StdoutLine: {'line': b'-- Up-to-date: /home/subhalaxmi/nidar_ws/install/px4_msgs/include/px4_msgs/px4_msgs/msg/velocity_limits.hpp\n'}
[5.684631] (px4_msgs) StdoutLine: {'line': b'-- Up-to-date: /home/subhalaxmi/nidar_ws/install/px4_msgs/include/px4_msgs/px4_msgs/msg/rover_speed_status.hpp\n'}
[5.684730] (px4_msgs) StdoutLine: {'line': b'-- Up-to-date: /home/subhalaxmi/nidar_ws/install/px4_msgs/include/px4_msgs/px4_msgs/msg/fixed_wing_runway_control.hpp\n'}
[5.684827] (px4_msgs) StdoutLine: {'line': b'-- Up-to-date: /home/subhalaxmi/nidar_ws/install/px4_msgs/include/px4_msgs/px4_msgs/msg/sensor_gyro_fft.hpp\n'}
[5.684921] (px4_msgs) StdoutLine: {'line': b'-- Up-to-date: /home/subhalaxmi/nidar_ws/install/px4_msgs/include/px4_msgs/px4_msgs/msg/sensors_status.hpp\n'}
[5.685015] (px4_msgs) StdoutLine: {'line': b'-- Up-to-date: /home/subhalaxmi/nidar_ws/install/px4_msgs/include/px4_msgs/px4_msgs/msg/debug_vect.hpp\n'}
[5.685107] (px4_msgs) StdoutLine: {'line': b'-- Up-to-date: /home/subhalaxmi/nidar_ws/install/px4_msgs/include/px4_msgs/px4_msgs/msg/rtl_status.hpp\n'}
[5.685210] (px4_msgs) StdoutLine: {'line': b'-- Up-to-date: /home/subhalaxmi/nidar_ws/install/px4_msgs/include/px4_msgs/px4_msgs/msg/vehicle_local_position.hpp\n'}
[5.685305] (px4_msgs) StdoutLine: {'line': b'-- Up-to-date: /home/subhalaxmi/nidar_ws/install/px4_msgs/include/px4_msgs/px4_msgs/msg/actuator_motors.hpp\n'}
[5.685399] (px4_msgs) StdoutLine: {'line': b'-- Up-to-date: /home/subhalaxmi/nidar_ws/install/px4_msgs/include/px4_msgs/px4_msgs/msg/differential_pressure.hpp\n'}
[5.685493] (px4_msgs) StdoutLine: {'line': b'-- Up-to-date: /home/subhalaxmi/nidar_ws/install/px4_msgs/include/px4_msgs/px4_msgs/msg/parameter_update.hpp\n'}
[5.685609] (px4_msgs) StdoutLine: {'line': b'-- Up-to-date: /home/subhalaxmi/nidar_ws/install/px4_msgs/include/px4_msgs/px4_msgs/msg/message_format_response.hpp\n'}
[5.685707] (px4_msgs) StdoutLine: {'line': b'-- Up-to-date: /home/subhalaxmi/nidar_ws/install/px4_msgs/include/px4_msgs/px4_msgs/msg/manual_control_setpoint.hpp\n'}
[5.685802] (px4_msgs) StdoutLine: {'line': b'-- Up-to-date: /home/subhalaxmi/nidar_ws/install/px4_msgs/include/px4_msgs/px4_msgs/msg/vehicle_global_position.hpp\n'}
[5.685896] (px4_msgs) StdoutLine: {'line': b'-- Up-to-date: /home/subhalaxmi/nidar_ws/install/px4_msgs/include/px4_msgs/px4_msgs/msg/orbit_status.hpp\n'}
[5.685991] (px4_msgs) StdoutLine: {'line': b'-- Up-to-date: /home/subhalaxmi/nidar_ws/install/px4_msgs/include/px4_msgs/px4_msgs/msg/parameter_reset_request.hpp\n'}
[5.686085] (px4_msgs) StdoutLine: {'line': b'-- Up-to-date: /home/subhalaxmi/nidar_ws/install/px4_msgs/include/px4_msgs/px4_msgs/msg/mission.hpp\n'}
[5.686179] (px4_msgs) StdoutLine: {'line': b'-- Up-to-date: /home/subhalaxmi/nidar_ws/install/px4_msgs/include/px4_msgs/px4_msgs/msg/position_controller_status.hpp\n'}
[5.686274] (px4_msgs) StdoutLine: {'line': b'-- Up-to-date: /home/subhalaxmi/nidar_ws/install/px4_msgs/include/px4_msgs/px4_msgs/msg/longitudinal_control_configuration.hpp\n'}
[5.686369] (px4_msgs) StdoutLine: {'line': b'-- Up-to-date: /home/subhalaxmi/nidar_ws/install/px4_msgs/include/px4_msgs/px4_msgs/msg/input_rc.hpp\n'}
[5.686463] (px4_msgs) StdoutLine: {'line': b'-- Up-to-date: /home/subhalaxmi/nidar_ws/install/px4_msgs/include/px4_msgs/px4_msgs/msg/position_controller_landing_status.hpp\n'}
[5.686572] (px4_msgs) StdoutLine: {'line': b'-- Up-to-date: /home/subhalaxmi/nidar_ws/install/px4_msgs/include/px4_msgs/px4_msgs/msg/device_information.hpp\n'}
[5.686678] (px4_msgs) StdoutLine: {'line': b'-- Up-to-date: /home/subhalaxmi/nidar_ws/install/px4_msgs/include/px4_msgs/px4_msgs/msg/magnetometer_bias_estimate.hpp\n'}
[5.686771] (px4_msgs) StdoutLine: {'line': b'-- Up-to-date: /home/subhalaxmi/nidar_ws/install/px4_msgs/include/px4_msgs/px4_msgs/msg/geofence_result.hpp\n'}
[5.686865] (px4_msgs) StdoutLine: {'line': b'-- Up-to-date: /home/subhalaxmi/nidar_ws/install/px4_msgs/include/px4_msgs/px4_msgs/msg/vehicle_acceleration.hpp\n'}
[5.686960] (px4_msgs) StdoutLine: {'line': b'-- Up-to-date: /home/subhalaxmi/nidar_ws/install/px4_msgs/include/px4_msgs/px4_msgs/msg/sensor_mag.hpp\n'}
[5.687070] (px4_msgs) StdoutLine: {'line': b'-- Up-to-date: /home/subhalaxmi/nidar_ws/install/px4_msgs/include/px4_msgs/px4_msgs/msg/raptor_input.hpp\n'}
[5.687165] (px4_msgs) StdoutLine: {'line': b'-- Up-to-date: /home/subhalaxmi/nidar_ws/install/px4_msgs/include/px4_msgs/px4_msgs/msg/estimator_bias3d.hpp\n'}
[5.687274] (px4_msgs) StdoutLine: {'line': b'-- Up-to-date: /home/subhalaxmi/nidar_ws/install/px4_msgs/include/px4_msgs/px4_msgs/msg/power_button_state.hpp\n'}
[5.687385] (px4_msgs) StdoutLine: {'line': b'-- Up-to-date: /home/subhalaxmi/nidar_ws/install/px4_msgs/include/px4_msgs/px4_msgs/msg/gimbal_manager_information.hpp\n'}
[5.687482] (px4_msgs) StdoutLine: {'line': b'-- Up-to-date: /home/subhalaxmi/nidar_ws/install/px4_msgs/include/px4_msgs/px4_msgs/msg/manual_control_switches.hpp\n'}
[5.687610] (px4_msgs) StdoutLine: {'line': b'-- Up-to-date: /home/subhalaxmi/nidar_ws/install/px4_msgs/include/px4_msgs/px4_msgs/msg/wind.hpp\n'}
[5.687720] (px4_msgs) StdoutLine: {'line': b'-- Up-to-date: /home/subhalaxmi/nidar_ws/install/px4_msgs/include/px4_msgs/px4_msgs/msg/gpio_config.hpp\n'}
[5.687816] (px4_msgs) StdoutLine: {'line': b'-- Up-to-date: /home/subhalaxmi/nidar_ws/install/px4_msgs/include/px4_msgs/px4_msgs/msg/open_drone_id_arm_status.hpp\n'}
[5.687912] (px4_msgs) StdoutLine: {'line': b'-- Up-to-date: /home/subhalaxmi/nidar_ws/install/px4_msgs/include/px4_msgs/px4_msgs/msg/geofence_status.hpp\n'}
[5.688006] (px4_msgs) StdoutLine: {'line': b'-- Up-to-date: /home/subhalaxmi/nidar_ws/install/px4_msgs/include/px4_msgs/px4_msgs/msg/fuel_tank_status.hpp\n'}
[5.688100] (px4_msgs) StdoutLine: {'line': b'-- Up-to-date: /home/subhalaxmi/nidar_ws/install/px4_msgs/include/px4_msgs/px4_msgs/msg/qshell_req.hpp\n'}
[5.688194] (px4_msgs) StdoutLine: {'line': b'-- Up-to-date: /home/subhalaxmi/nidar_ws/install/px4_msgs/include/px4_msgs/px4_msgs/msg/sensor_combined.hpp\n'}
[5.688288] (px4_msgs) StdoutLine: {'line': b'-- Up-to-date: /home/subhalaxmi/nidar_ws/install/px4_msgs/include/px4_msgs/px4_msgs/msg/qshell_retval.hpp\n'}
[5.688381] (px4_msgs) StdoutLine: {'line': b'-- Up-to-date: /home/subhalaxmi/nidar_ws/install/px4_msgs/include/px4_msgs/px4_msgs/msg/system_power.hpp\n'}
[5.688476] (px4_msgs) StdoutLine: {'line': b'-- Up-to-date: /home/subhalaxmi/nidar_ws/install/px4_msgs/include/px4_msgs/px4_msgs/msg/arming_check_request.hpp\n'}
[5.688586] (px4_msgs) StdoutLine: {'line': b'-- Up-to-date: /home/subhalaxmi/nidar_ws/install/px4_msgs/include/px4_msgs/px4_msgs/msg/vehicle_angular_velocity.hpp\n'}
[5.688686] (px4_msgs) StdoutLine: {'line': b'-- Up-to-date: /home/subhalaxmi/nidar_ws/install/px4_msgs/include/px4_msgs/px4_msgs/msg/adc_report.hpp\n'}
[5.688780] (px4_msgs) StdoutLine: {'line': b'-- Up-to-date: /home/subhalaxmi/nidar_ws/install/px4_msgs/include/px4_msgs/px4_msgs/msg/vtx.hpp\n'}
[5.688874] (px4_msgs) StdoutLine: {'line': b'-- Up-to-date: /home/subhalaxmi/nidar_ws/install/px4_msgs/include/px4_msgs/px4_msgs/msg/gripper.hpp\n'}
[5.688968] (px4_msgs) StdoutLine: {'line': b'-- Up-to-date: /home/subhalaxmi/nidar_ws/install/px4_msgs/include/px4_msgs/px4_msgs/msg/dataman_request.hpp\n'}
[5.689063] (px4_msgs) StdoutLine: {'line': b'-- Up-to-date: /home/subhalaxmi/nidar_ws/install/px4_msgs/include/px4_msgs/px4_msgs/msg/pps_capture.hpp\n'}
[5.689157] (px4_msgs) StdoutLine: {'line': b'-- Up-to-date: /home/subhalaxmi/nidar_ws/install/px4_msgs/include/px4_msgs/px4_msgs/msg/control_allocator_status.hpp\n'}
[5.689251] (px4_msgs) StdoutLine: {'line': b'-- Up-to-date: /home/subhalaxmi/nidar_ws/install/px4_msgs/include/px4_msgs/px4_msgs/msg/vehicle_attitude_setpoint.hpp\n'}
[5.689346] (px4_msgs) StdoutLine: {'line': b'-- Up-to-date: /home/subhalaxmi/nidar_ws/install/px4_msgs/include/px4_msgs/px4_msgs/msg/home_position.hpp\n'}
[5.689440] (px4_msgs) StdoutLine: {'line': b'-- Up-to-date: /home/subhalaxmi/nidar_ws/install/px4_msgs/include/px4_msgs/px4_msgs/msg/battery_info.hpp\n'}
[5.689542] (px4_msgs) StdoutLine: {'line': b'-- Up-to-date: /home/subhalaxmi/nidar_ws/install/px4_msgs/include/px4_msgs/px4_msgs/msg/estimator_aid_source3d.hpp\n'}
[5.689652] (px4_msgs) StdoutLine: {'line': b'-- Up-to-date: /home/subhalaxmi/nidar_ws/install/px4_msgs/include/px4_msgs/px4_msgs/msg/sensor_preflight_mag.hpp\n'}
[5.689747] (px4_msgs) StdoutLine: {'line': b'-- Up-to-date: /home/subhalaxmi/nidar_ws/install/px4_msgs/include/px4_msgs/px4_msgs/msg/navigator_status.hpp\n'}
[5.689842] (px4_msgs) StdoutLine: {'line': b'-- Up-to-date: /home/subhalaxmi/nidar_ws/install/px4_msgs/include/px4_msgs/px4_msgs/msg/message_format_request.hpp\n'}
[5.689936] (px4_msgs) StdoutLine: {'line': b'-- Up-to-date: /home/subhalaxmi/nidar_ws/install/px4_msgs/include/px4_msgs/px4_msgs/msg/log_message.hpp\n'}
[5.690031] (px4_msgs) StdoutLine: {'line': b'-- Up-to-date: /home/subhalaxmi/nidar_ws/install/px4_msgs/include/px4_msgs/px4_msgs/msg/open_drone_id_self_id.hpp\n'}
[5.690124] (px4_msgs) StdoutLine: {'line': b'-- Up-to-date: /home/subhalaxmi/nidar_ws/install/px4_msgs/include/px4_msgs/px4_msgs/msg/estimator_selector_status.hpp\n'}
[5.690227] (px4_msgs) StdoutLine: {'line': b'-- Up-to-date: /home/subhalaxmi/nidar_ws/install/px4_msgs/include/px4_msgs/px4_msgs/msg/airspeed_validated.hpp\n'}
[5.690321] (px4_msgs) StdoutLine: {'line': b'-- Up-to-date: /home/subhalaxmi/nidar_ws/install/px4_msgs/include/px4_msgs/px4_msgs/msg/flight_phase_estimation.hpp\n'}
[5.690416] (px4_msgs) StdoutLine: {'line': b'-- Up-to-date: /home/subhalaxmi/nidar_ws/install/px4_msgs/include/px4_msgs/px4_msgs/msg/gpio_out.hpp\n'}
[5.690510] (px4_msgs) StdoutLine: {'line': b'-- Up-to-date: /home/subhalaxmi/nidar_ws/install/px4_msgs/include/px4_msgs/px4_msgs/msg/neural_control.hpp\n'}
[5.690621] (px4_msgs) StdoutLine: {'line': b'-- Up-to-date: /home/subhalaxmi/nidar_ws/install/px4_msgs/include/px4_msgs/px4_msgs/msg/vehicle_constraints.hpp\n'}
[5.690718] (px4_msgs) StdoutLine: {'line': b'-- Up-to-date: /home/subhalaxmi/nidar_ws/install/px4_msgs/include/px4_msgs/px4_msgs/msg/detail\n'}
[5.690832] (px4_msgs) StdoutLine: {'line': b'-- Up-to-date: /home/subhalaxmi/nidar_ws/install/px4_msgs/include/px4_msgs/px4_msgs/msg/detail/follow_target__struct.hpp\n'}
[5.690930] (px4_msgs) StdoutLine: {'line': b'-- Up-to-date: /home/subhalaxmi/nidar_ws/install/px4_msgs/include/px4_msgs/px4_msgs/msg/detail/rover_attitude_setpoint__type_support.hpp\n'}
[5.691025] (px4_msgs) StdoutLine: {'line': b'-- Up-to-date: /home/subhalaxmi/nidar_ws/install/px4_msgs/include/px4_msgs/px4_msgs/msg/detail/register_ext_component_request__builder.hpp\n'}
[5.691120] (px4_msgs) StdoutLine: {'line': b'-- Up-to-date: /home/subhalaxmi/nidar_ws/install/px4_msgs/include/px4_msgs/px4_msgs/msg/detail/airspeed_wind__traits.hpp\n'}
[5.691216] (px4_msgs) StdoutLine: {'line': b'-- Up-to-date: /home/subhalaxmi/nidar_ws/install/px4_msgs/include/px4_msgs/px4_msgs/msg/detail/message_format_request__struct.hpp\n'}
[5.691311] (px4_msgs) StdoutLine: {'line': b'-- Up-to-date: /home/subhalaxmi/nidar_ws/install/px4_msgs/include/px4_msgs/px4_msgs/msg/detail/sensor_baro__builder.hpp\n'}
[5.691407] (px4_msgs) StdoutLine: {'line': b'-- Up-to-date: /home/subhalaxmi/nidar_ws/install/px4_msgs/include/px4_msgs/px4_msgs/msg/detail/register_ext_component_request__struct.hpp\n'}
[5.691503] (px4_msgs) StdoutLine: {'line': b'-- Up-to-date: /home/subhalaxmi/nidar_ws/install/px4_msgs/include/px4_msgs/px4_msgs/msg/detail/open_drone_id_operator_id__type_support.hpp\n'}
[5.691629] (px4_msgs) StdoutLine: {'line': b'-- Up-to-date: /home/subhalaxmi/nidar_ws/install/px4_msgs/include/px4_msgs/px4_msgs/msg/detail/actuator_servos_trim__struct.hpp\n'}
[5.691730] (px4_msgs) StdoutLine: {'line': b'-- Up-to-date: /home/subhalaxmi/nidar_ws/install/px4_msgs/include/px4_msgs/px4_msgs/msg/detail/register_ext_component_reply__builder.hpp\n'}
[5.691889] (px4_msgs) StdoutLine: {'line': b'-- Up-to-date: /home/subhalaxmi/nidar_ws/install/px4_msgs/include/px4_msgs/px4_msgs/msg/detail/rover_steering_setpoint__type_support.hpp\n'}
[5.692051] (px4_msgs) StdoutLine: {'line': b'-- Up-to-date: /home/subhalaxmi/nidar_ws/install/px4_msgs/include/px4_msgs/px4_msgs/msg/detail/follow_target_estimator__type_support.hpp\n'}
[5.692228] (px4_msgs) StdoutLine: {'line': b'-- Up-to-date: /home/subhalaxmi/nidar_ws/install/px4_msgs/include/px4_msgs/px4_msgs/msg/detail/vehicle_roi__builder.hpp\n'}
[5.692414] (px4_msgs) StdoutLine: {'line': b'-- Up-to-date: /home/subhalaxmi/nidar_ws/install/px4_msgs/include/px4_msgs/px4_msgs/msg/detail/position_controller_status__traits.hpp\n'}
[5.692625] (px4_msgs) StdoutLine: {'line': b'-- Up-to-date: /home/subhalaxmi/nidar_ws/install/px4_msgs/include/px4_msgs/px4_msgs/msg/detail/navigator_mission_item__traits.hpp\n'}
[5.692830] (px4_msgs) StdoutLine: {'line': b'-- Up-to-date: /home/subhalaxmi/nidar_ws/install/px4_msgs/include/px4_msgs/px4_msgs/msg/detail/camera_capture__struct.hpp\n'}
[5.693048] (px4_msgs) StdoutLine: {'line': b'-- Up-to-date: /home/subhalaxmi/nidar_ws/install/px4_msgs/include/px4_msgs/px4_msgs/msg/detail/log_message__traits.hpp\n'}
[5.693246] (px4_msgs) StdoutLine: {'line': b'-- Up-to-date: /home/subhalaxmi/nidar_ws/install/px4_msgs/include/px4_msgs/px4_msgs/msg/detail/sensor_correction__type_support.hpp\n'}
[5.693384] (px4_msgs) StdoutLine: {'line': b'-- Up-to-date: /home/subhalaxmi/nidar_ws/install/px4_msgs/include/px4_msgs/px4_msgs/msg/detail/sensor_gyro__builder.hpp\n'}
[5.693488] (px4_msgs) StdoutLine: {'line': b'-- Up-to-date: /home/subhalaxmi/nidar_ws/install/px4_msgs/include/px4_msgs/px4_msgs/msg/detail/battery_status__type_support.hpp\n'}
[5.693630] (px4_msgs) StdoutLine: {'line': b'-- Up-to-date: /home/subhalaxmi/nidar_ws/install/px4_msgs/include/px4_msgs/px4_msgs/msg/detail/orbit_status__traits.hpp\n'}
[5.693735] (px4_msgs) StdoutLine: {'line': b'-- Up-to-date: /home/subhalaxmi/nidar_ws/install/px4_msgs/include/px4_msgs/px4_msgs/msg/detail/debug_key_value__struct.hpp\n'}
[5.693832] (px4_msgs) StdoutLine: {'line': b'-- Up-to-date: /home/subhalaxmi/nidar_ws/install/px4_msgs/include/px4_msgs/px4_msgs/msg/detail/parameter_set_value_response__type_support.hpp\n'}
[5.693930] (px4_msgs) StdoutLine: {'line': b'-- Up-to-date: /home/subhalaxmi/nidar_ws/install/px4_msgs/include/px4_msgs/px4_msgs/msg/detail/rover_rate_status__type_support.hpp\n'}
[5.694027] (px4_msgs) StdoutLine: {'line': b'-- Up-to-date: /home/subhalaxmi/nidar_ws/install/px4_msgs/include/px4_msgs/px4_msgs/msg/detail/ulog_stream_ack__type_support.hpp\n'}
[5.694123] (px4_msgs) StdoutLine: {'line': b'-- Up-to-date: /home/subhalaxmi/nidar_ws/install/px4_msgs/include/px4_msgs/px4_msgs/msg/detail/fuel_tank_status__traits.hpp\n'}
[5.694219] (px4_msgs) StdoutLine: {'line': b'-- Up-to-date: /home/subhalaxmi/nidar_ws/install/px4_msgs/include/px4_msgs/px4_msgs/msg/detail/flight_phase_estimation__struct.hpp\n'}
[5.694315] (px4_msgs) StdoutLine: {'line': b'-- Up-to-date: /home/subhalaxmi/nidar_ws/install/px4_msgs/include/px4_msgs/px4_msgs/msg/detail/landing_gear__traits.hpp\n'}
[5.694410] (px4_msgs) StdoutLine: {'line': b'-- Up-to-date: /home/subhalaxmi/nidar_ws/install/px4_msgs/include/px4_msgs/px4_msgs/msg/detail/parameter_update__traits.hpp\n'}
[5.694505] (px4_msgs) StdoutLine: {'line': b'-- Up-to-date: /home/subhalaxmi/nidar_ws/install/px4_msgs/include/px4_msgs/px4_msgs/msg/detail/rtl_time_estimate__struct.hpp\n'}
[5.694642] (px4_msgs) StdoutLine: {'line': b'-- Up-to-date: /home/subhalaxmi/nidar_ws/install/px4_msgs/include/px4_msgs/px4_msgs/msg/detail/sensor_optical_flow__type_support.hpp\n'}
[5.694820] (px4_msgs) StdoutLine: {'line': b'-- Up-to-date: /home/subhalaxmi/nidar_ws/install/px4_msgs/include/px4_msgs/px4_msgs/msg/detail/neural_control__traits.hpp\n'}
[5.694974] (px4_msgs) StdoutLine: {'line': b'-- Up-to-date: /home/subhalaxmi/nidar_ws/install/px4_msgs/include/px4_msgs/px4_msgs/msg/detail/sensor_selection__builder.hpp\n'}
[5.695075] (px4_msgs) StdoutLine: {'line': b'-- Up-to-date: /home/subhalaxmi/nidar_ws/install/px4_msgs/include/px4_msgs/px4_msgs/msg/detail/manual_control_setpoint__traits.hpp\n'}
[5.695173] (px4_msgs) StdoutLine: {'line': b'-- Up-to-date: /home/subhalaxmi/nidar_ws/install/px4_msgs/include/px4_msgs/px4_msgs/msg/detail/sensor_preflight_mag__struct.hpp\n'}
[5.695272] (px4_msgs) StdoutLine: {'line': b'-- Up-to-date: /home/subhalaxmi/nidar_ws/install/px4_msgs/include/px4_msgs/px4_msgs/msg/detail/debug_value__traits.hpp\n'}
[5.695370] (px4_msgs) StdoutLine: {'line': b'-- Up-to-date: /home/subhalaxmi/nidar_ws/install/px4_msgs/include/px4_msgs/px4_msgs/msg/detail/navigator_mission_item__type_support.hpp\n'}
[5.695468] (px4_msgs) StdoutLine: {'line': b'-- Up-to-date: /home/subhalaxmi/nidar_ws/install/px4_msgs/include/px4_msgs/px4_msgs/msg/detail/task_stack_info__builder.hpp\n'}
[5.695590] (px4_msgs) StdoutLine: {'line': b'-- Up-to-date: /home/subhalaxmi/nidar_ws/install/px4_msgs/include/px4_msgs/px4_msgs/msg/detail/vtol_vehicle_status__traits.hpp\n'}
[5.695698] (px4_msgs) StdoutLine: {'line': b'-- Up-to-date: /home/subhalaxmi/nidar_ws/install/px4_msgs/include/px4_msgs/px4_msgs/msg/detail/offboard_control_mode__struct.hpp\n'}
[5.695795] (px4_msgs) StdoutLine: {'line': b'-- Up-to-date: /home/subhalaxmi/nidar_ws/install/px4_msgs/include/px4_msgs/px4_msgs/msg/detail/onboard_computer_status__struct.hpp\n'}
[5.695903] (px4_msgs) StdoutLine: {'line': b'-- Up-to-date: /home/subhalaxmi/nidar_ws/install/px4_msgs/include/px4_msgs/px4_msgs/msg/detail/sensor_uwb__traits.hpp\n'}
[5.696002] (px4_msgs) StdoutLine: {'line': b'-- Up-to-date: /home/subhalaxmi/nidar_ws/install/px4_msgs/include/px4_msgs/px4_msgs/msg/detail/hover_thrust_estimate__traits.hpp\n'}
[5.696098] (px4_msgs) StdoutLine: {'line': b'-- Up-to-date: /home/subhalaxmi/nidar_ws/install/px4_msgs/include/px4_msgs/px4_msgs/msg/detail/log_message__type_support.hpp\n'}
[5.696195] (px4_msgs) StdoutLine: {'line': b'-- Up-to-date: /home/subhalaxmi/nidar_ws/install/px4_msgs/include/px4_msgs/px4_msgs/msg/detail/internal_combustion_engine_status__struct.hpp\n'}
[5.696292] (px4_msgs) StdoutLine: {'line': b'-- Up-to-date: /home/subhalaxmi/nidar_ws/install/px4_msgs/include/px4_msgs/px4_msgs/msg/detail/can_interface_status__struct.hpp\n'}
[5.696387] (px4_msgs) StdoutLine: {'line': b'-- Up-to-date: /home/subhalaxmi/nidar_ws/install/px4_msgs/include/px4_msgs/px4_msgs/msg/detail/open_drone_id_system__traits.hpp\n'}
[5.696482] (px4_msgs) StdoutLine: {'line': b'-- Up-to-date: /home/subhalaxmi/nidar_ws/install/px4_msgs/include/px4_msgs/px4_msgs/msg/detail/vtol_vehicle_status__type_support.hpp\n'}
[5.696618] (px4_msgs) StdoutLine: {'line': b'-- Up-to-date: /home/subhalaxmi/nidar_ws/install/px4_msgs/include/px4_msgs/px4_msgs/msg/detail/mode_completed__builder.hpp\n'}
[5.696720] (px4_msgs) StdoutLine: {'line': b'-- Up-to-date: /home/subhalaxmi/nidar_ws/install/px4_msgs/include/px4_msgs/px4_msgs/msg/detail/pps_capture__type_support.hpp\n'}
[5.696817] (px4_msgs) StdoutLine: {'line': b'-- Up-to-date: /home/subhalaxmi/nidar_ws/install/px4_msgs/include/px4_msgs/px4_msgs/msg/detail/gimbal_manager_set_manual_control__type_support.hpp\n'}
[5.696914] (px4_msgs) StdoutLine: {'line': b'-- Up-to-date: /home/subhalaxmi/nidar_ws/install/px4_msgs/include/px4_msgs/px4_msgs/msg/detail/mission_result__builder.hpp\n'}
[5.697008] (px4_msgs) StdoutLine: {'line': b'-- Up-to-date: /home/subhalaxmi/nidar_ws/install/px4_msgs/include/px4_msgs/px4_msgs/msg/detail/gimbal_controls__type_support.hpp\n'}
[5.697102] (px4_msgs) StdoutLine: {'line': b'-- Up-to-date: /home/subhalaxmi/nidar_ws/install/px4_msgs/include/px4_msgs/px4_msgs/msg/detail/rover_steering_setpoint__struct.hpp\n'}
[5.697197] (px4_msgs) StdoutLine: {'line': b'-- Up-to-date: /home/subhalaxmi/nidar_ws/install/px4_msgs/include/px4_msgs/px4_msgs/msg/detail/sensor_combined__struct.hpp\n'}
[5.697291] (px4_msgs) StdoutLine: {'line': b'-- Up-to-date: /home/subhalaxmi/nidar_ws/install/px4_msgs/include/px4_msgs/px4_msgs/msg/detail/vehicle_thrust_setpoint__struct.hpp\n'}
[5.697385] (px4_msgs) StdoutLine: {'line': b'-- Up-to-date: /home/subhalaxmi/nidar_ws/install/px4_msgs/include/px4_msgs/px4_msgs/msg/detail/message_format_request__traits.hpp\n'}
[5.697478] (px4_msgs) StdoutLine: {'line': b'-- Up-to-date: /home/subhalaxmi/nidar_ws/install/px4_msgs/include/px4_msgs/px4_msgs/msg/detail/timesync_status__struct.hpp\n'}
[5.697605] (px4_msgs) StdoutLine: {'line': b'-- Up-to-date: /home/subhalaxmi/nidar_ws/install/px4_msgs/include/px4_msgs/px4_msgs/msg/detail/sensor_preflight_mag__traits.hpp\n'}
[5.697708] (px4_msgs) StdoutLine: {'line': b'-- Up-to-date: /home/subhalaxmi/nidar_ws/install/px4_msgs/include/px4_msgs/px4_msgs/msg/detail/gps_inject_data__builder.hpp\n'}
[5.697813] (px4_msgs) StdoutLine: {'line': b'-- Up-to-date: /home/subhalaxmi/nidar_ws/install/px4_msgs/include/px4_msgs/px4_msgs/msg/detail/actuator_motors__struct.hpp\n'}
[5.697909] (px4_msgs) StdoutLine: {'line': b'-- Up-to-date: /home/subhalaxmi/nidar_ws/install/px4_msgs/include/px4_msgs/px4_msgs/msg/detail/estimator_aid_source1d__struct.hpp\n'}
[5.698004] (px4_msgs) StdoutLine: {'line': b'-- Up-to-date: /home/subhalaxmi/nidar_ws/install/px4_msgs/include/px4_msgs/px4_msgs/msg/detail/vehicle_attitude__type_support.hpp\n'}
[5.698099] (px4_msgs) StdoutLine: {'line': b'-- Up-to-date: /home/subhalaxmi/nidar_ws/install/px4_msgs/include/px4_msgs/px4_msgs/msg/detail/aux_global_position__struct.hpp\n'}
[5.698212] (px4_msgs) StdoutLine: {'line': b'-- Up-to-date: /home/subhalaxmi/nidar_ws/install/px4_msgs/include/px4_msgs/px4_msgs/msg/detail/ulog_stream_ack__struct.hpp\n'}
[5.698307] (px4_msgs) StdoutLine: {'line': b'-- Up-to-date: /home/subhalaxmi/nidar_ws/install/px4_msgs/include/px4_msgs/px4_msgs/msg/detail/actuator_controls_status__type_support.hpp\n'}
[5.698401] (px4_msgs) StdoutLine: {'line': b'-- Up-to-date: /home/subhalaxmi/nidar_ws/install/px4_msgs/include/px4_msgs/px4_msgs/msg/detail/sensor_gyro_fifo__traits.hpp\n'}
[5.698496] (px4_msgs) StdoutLine: {'line': b'-- Up-to-date: /home/subhalaxmi/nidar_ws/install/px4_msgs/include/px4_msgs/px4_msgs/msg/detail/actuator_armed__type_support.hpp\n'}
[5.698608] (px4_msgs) StdoutLine: {'line': b'-- Up-to-date: /home/subhalaxmi/nidar_ws/install/px4_msgs/include/px4_msgs/px4_msgs/msg/detail/onboard_computer_status__traits.hpp\n'}
[5.698705] (px4_msgs) StdoutLine: {'line': b'-- Up-to-date: /home/subhalaxmi/nidar_ws/install/px4_msgs/include/px4_msgs/px4_msgs/msg/detail/manual_control_switches__traits.hpp\n'}
[5.698800] (px4_msgs) StdoutLine: {'line': b'-- Up-to-date: /home/subhalaxmi/nidar_ws/install/px4_msgs/include/px4_msgs/px4_msgs/msg/detail/register_ext_component_reply__traits.hpp\n'}
[5.698894] (px4_msgs) StdoutLine: {'line': b'-- Up-to-date: /home/subhalaxmi/nidar_ws/install/px4_msgs/include/px4_msgs/px4_msgs/msg/detail/camera_capture__type_support.hpp\n'}
[5.698988] (px4_msgs) StdoutLine: {'line': b'-- Up-to-date: /home/subhalaxmi/nidar_ws/install/px4_msgs/include/px4_msgs/px4_msgs/msg/detail/gimbal_manager_set_manual_control__builder.hpp\n'}
[5.699083] (px4_msgs) StdoutLine: {'line': b'-- Up-to-date: /home/subhalaxmi/nidar_ws/install/px4_msgs/include/px4_msgs/px4_msgs/msg/detail/vehicle_local_position_setpoint__struct.hpp\n'}
[5.699177] (px4_msgs) StdoutLine: {'line': b'-- Up-to-date: /home/subhalaxmi/nidar_ws/install/px4_msgs/include/px4_msgs/px4_msgs/msg/detail/dataman_response__traits.hpp\n'}
[5.699273] (px4_msgs) StdoutLine: {'line': b'-- Up-to-date: /home/subhalaxmi/nidar_ws/install/px4_msgs/include/px4_msgs/px4_msgs/msg/detail/register_ext_component_request__type_support.hpp\n'}
[5.699367] (px4_msgs) StdoutLine: {'line': b'-- Up-to-date: /home/subhalaxmi/nidar_ws/install/px4_msgs/include/px4_msgs/px4_msgs/msg/detail/lateral_control_configuration__struct.hpp\n'}
[5.699462] (px4_msgs) StdoutLine: {'line': b'-- Up-to-date: /home/subhalaxmi/nidar_ws/install/px4_msgs/include/px4_msgs/px4_msgs/msg/detail/vehicle_acceleration__traits.hpp\n'}
[5.699579] (px4_msgs) StdoutLine: {'line': b'-- Up-to-date: /home/subhalaxmi/nidar_ws/install/px4_msgs/include/px4_msgs/px4_msgs/msg/detail/internal_combustion_engine_control__type_support.hpp\n'}
[5.699687] (px4_msgs) StdoutLine: {'line': b'-- Up-to-date: /home/subhalaxmi/nidar_ws/install/px4_msgs/include/px4_msgs/px4_msgs/msg/detail/normalized_unsigned_setpoint__struct.hpp\n'}
[5.699781] (px4_msgs) StdoutLine: {'line': b'-- Up-to-date: /home/subhalaxmi/nidar_ws/install/px4_msgs/include/px4_msgs/px4_msgs/msg/detail/mag_worker_data__traits.hpp\n'}
[5.699877] (px4_msgs) StdoutLine: {'line': b'-- Up-to-date: /home/subhalaxmi/nidar_ws/install/px4_msgs/include/px4_msgs/px4_msgs/msg/detail/collision_constraints__struct.hpp\n'}
[5.699971] (px4_msgs) StdoutLine: {'line': b'-- Up-to-date: /home/subhalaxmi/nidar_ws/install/px4_msgs/include/px4_msgs/px4_msgs/msg/detail/vehicle_local_position_setpoint__type_support.hpp\n'}
[5.700067] (px4_msgs) StdoutLine: {'line': b'-- Up-to-date: /home/subhalaxmi/nidar_ws/install/px4_msgs/include/px4_msgs/px4_msgs/msg/detail/internal_combustion_engine_control__builder.hpp\n'}
[5.700162] (px4_msgs) StdoutLine: {'line': b'-- Up-to-date: /home/subhalaxmi/nidar_ws/install/px4_msgs/include/px4_msgs/px4_msgs/msg/detail/landing_gear_wheel__builder.hpp\n'}
[5.700256] (px4_msgs) StdoutLine: {'line': b'-- Up-to-date: /home/subhalaxmi/nidar_ws/install/px4_msgs/include/px4_msgs/px4_msgs/msg/detail/estimator_sensor_bias__traits.hpp\n'}
[5.700351] (px4_msgs) StdoutLine: {'line': b'-- Up-to-date: /home/subhalaxmi/nidar_ws/install/px4_msgs/include/px4_msgs/px4_msgs/msg/detail/debug_array__struct.hpp\n'}
[5.700455] (px4_msgs) StdoutLine: {'line': b'-- Up-to-date: /home/subhalaxmi/nidar_ws/install/px4_msgs/include/px4_msgs/px4_msgs/msg/detail/iridiumsbd_status__traits.hpp\n'}
[5.700569] (px4_msgs) StdoutLine: {'line': b'-- Up-to-date: /home/subhalaxmi/nidar_ws/install/px4_msgs/include/px4_msgs/px4_msgs/msg/detail/vehicle_optical_flow__type_support.hpp\n'}
[5.700683] (px4_msgs) StdoutLine: {'line': b'-- Up-to-date: /home/subhalaxmi/nidar_ws/install/px4_msgs/include/px4_msgs/px4_msgs/msg/detail/esc_report__builder.hpp\n'}
[5.700779] (px4_msgs) StdoutLine: {'line': b'-- Up-to-date: /home/subhalaxmi/nidar_ws/install/px4_msgs/include/px4_msgs/px4_msgs/msg/detail/mavlink_tunnel__builder.hpp\n'}
[5.700874] (px4_msgs) StdoutLine: {'line': b'-- Up-to-date: /home/subhalaxmi/nidar_ws/install/px4_msgs/include/px4_msgs/px4_msgs/msg/detail/wind__struct.hpp\n'}
[5.700968] (px4_msgs) StdoutLine: {'line': b'-- Up-to-date: /home/subhalaxmi/nidar_ws/install/px4_msgs/include/px4_msgs/px4_msgs/msg/detail/actuator_outputs__struct.hpp\n'}
[5.701062] (px4_msgs) StdoutLine: {'line': b'-- Up-to-date: /home/subhalaxmi/nidar_ws/install/px4_msgs/include/px4_msgs/px4_msgs/msg/detail/radio_status__traits.hpp\n'}
[5.701156] (px4_msgs) StdoutLine: {'line': b'-- Up-to-date: /home/subhalaxmi/nidar_ws/install/px4_msgs/include/px4_msgs/px4_msgs/msg/detail/vehicle_attitude_setpoint__traits.hpp\n'}
[5.701268] (px4_msgs) StdoutLine: {'line': b'-- Up-to-date: /home/subhalaxmi/nidar_ws/install/px4_msgs/include/px4_msgs/px4_msgs/msg/detail/satellite_info__builder.hpp\n'}
[5.701365] (px4_msgs) StdoutLine: {'line': b'-- Up-to-date: /home/subhalaxmi/nidar_ws/install/px4_msgs/include/px4_msgs/px4_msgs/msg/detail/message_format_response__traits.hpp\n'}
[5.701460] (px4_msgs) StdoutLine: {'line': b'-- Up-to-date: /home/subhalaxmi/nidar_ws/install/px4_msgs/include/px4_msgs/px4_msgs/msg/detail/fixed_wing_longitudinal_setpoint__struct.hpp\n'}
[5.701581] (px4_msgs) StdoutLine: {'line': b'-- Up-to-date: /home/subhalaxmi/nidar_ws/install/px4_msgs/include/px4_msgs/px4_msgs/msg/detail/orbit_status__type_support.hpp\n'}
[5.701686] (px4_msgs) StdoutLine: {'line': b'-- Up-to-date: /home/subhalaxmi/nidar_ws/install/px4_msgs/include/px4_msgs/px4_msgs/msg/detail/rover_attitude_status__builder.hpp\n'}
[5.701780] (px4_msgs) StdoutLine: {'line': b'-- Up-to-date: /home/subhalaxmi/nidar_ws/install/px4_msgs/include/px4_msgs/px4_msgs/msg/detail/manual_control_switches__type_support.hpp\n'}
[5.701875] (px4_msgs) StdoutLine: {'line': b'-- Up-to-date: /home/subhalaxmi/nidar_ws/install/px4_msgs/include/px4_msgs/px4_msgs/msg/detail/magnetometer_bias_estimate__builder.hpp\n'}
[5.701969] (px4_msgs) StdoutLine: {'line': b'-- Up-to-date: /home/subhalaxmi/nidar_ws/install/px4_msgs/include/px4_msgs/px4_msgs/msg/detail/position_controller_status__type_support.hpp\n'}
[5.702064] (px4_msgs) StdoutLine: {'line': b'-- Up-to-date: /home/subhalaxmi/nidar_ws/install/px4_msgs/include/px4_msgs/px4_msgs/msg/detail/estimator_aid_source2d__struct.hpp\n'}
[5.702157] (px4_msgs) StdoutLine: {'line': b'-- Up-to-date: /home/subhalaxmi/nidar_ws/install/px4_msgs/include/px4_msgs/px4_msgs/msg/detail/vehicle_land_detected__type_support.hpp\n'}
[5.702251] (px4_msgs) StdoutLine: {'line': b'-- Up-to-date: /home/subhalaxmi/nidar_ws/install/px4_msgs/include/px4_msgs/px4_msgs/msg/detail/rover_speed_status__builder.hpp\n'}
[5.702346] (px4_msgs) StdoutLine: {'line': b'-- Up-to-date: /home/subhalaxmi/nidar_ws/install/px4_msgs/include/px4_msgs/px4_msgs/msg/detail/register_ext_component_request__traits.hpp\n'}
[5.702440] (px4_msgs) StdoutLine: {'line': b'-- Up-to-date: /home/subhalaxmi/nidar_ws/install/px4_msgs/include/px4_msgs/px4_msgs/msg/detail/rtl_time_estimate__builder.hpp\n'}
[5.702546] (px4_msgs) StdoutLine: {'line': b'-- Up-to-date: /home/subhalaxmi/nidar_ws/install/px4_msgs/include/px4_msgs/px4_msgs/msg/detail/geofence_status__struct.hpp\n'}
[5.702656] (px4_msgs) StdoutLine: {'line': b'-- Up-to-date: /home/subhalaxmi/nidar_ws/install/px4_msgs/include/px4_msgs/px4_msgs/msg/detail/vehicle_rates_setpoint__struct.hpp\n'}
[5.702762] (px4_msgs) StdoutLine: {'line': b'-- Up-to-date: /home/subhalaxmi/nidar_ws/install/px4_msgs/include/px4_msgs/px4_msgs/msg/detail/offboard_control_mode__type_support.hpp\n'}
[5.702859] (px4_msgs) StdoutLine: {'line': b'-- Up-to-date: /home/subhalaxmi/nidar_ws/install/px4_msgs/include/px4_msgs/px4_msgs/msg/detail/vehicle_imu_status__type_support.hpp\n'}
[5.702954] (px4_msgs) StdoutLine: {'line': b'-- Up-to-date: /home/subhalaxmi/nidar_ws/install/px4_msgs/include/px4_msgs/px4_msgs/msg/detail/position_setpoint_triplet__struct.hpp\n'}
[5.703050] (px4_msgs) StdoutLine: {'line': b'-- Up-to-date: /home/subhalaxmi/nidar_ws/install/px4_msgs/include/px4_msgs/px4_msgs/msg/detail/pure_pursuit_status__struct.hpp\n'}
[5.703145] (px4_msgs) StdoutLine: {'line': b'-- Up-to-date: /home/subhalaxmi/nidar_ws/install/px4_msgs/include/px4_msgs/px4_msgs/msg/detail/fixed_wing_lateral_status__builder.hpp\n'}
[5.703239] (px4_msgs) StdoutLine: {'line': b'-- Up-to-date: /home/subhalaxmi/nidar_ws/install/px4_msgs/include/px4_msgs/px4_msgs/msg/detail/parameter_set_value_response__builder.hpp\n'}
[5.703333] (px4_msgs) StdoutLine: {'line': b'-- Up-to-date: /home/subhalaxmi/nidar_ws/install/px4_msgs/include/px4_msgs/px4_msgs/msg/detail/gimbal_manager_status__struct.hpp\n'}
[5.703427] (px4_msgs) StdoutLine: {'line': b'-- Up-to-date: /home/subhalaxmi/nidar_ws/install/px4_msgs/include/px4_msgs/px4_msgs/msg/detail/can_interface_status__type_support.hpp\n'}
[5.703541] (px4_msgs) StdoutLine: {'line': b'-- Up-to-date: /home/subhalaxmi/nidar_ws/install/px4_msgs/include/px4_msgs/px4_msgs/msg/detail/gimbal_manager_status__traits.hpp\n'}
[5.703668] (px4_msgs) StdoutLine: {'line': b'-- Up-to-date: /home/subhalaxmi/nidar_ws/install/px4_msgs/include/px4_msgs/px4_msgs/msg/detail/open_drone_id_operator_id__struct.hpp\n'}
[5.703807] (px4_msgs) StdoutLine: {'line': b'-- Up-to-date: /home/subhalaxmi/nidar_ws/install/px4_msgs/include/px4_msgs/px4_msgs/msg/detail/estimator_aid_source3d__builder.hpp\n'}
[5.703905] (px4_msgs) StdoutLine: {'line': b'-- Up-to-date: /home/subhalaxmi/nidar_ws/install/px4_msgs/include/px4_msgs/px4_msgs/msg/detail/vehicle_optical_flow_vel__type_support.hpp\n'}
[5.704000] (px4_msgs) StdoutLine: {'line': b'-- Up-to-date: /home/subhalaxmi/nidar_ws/install/px4_msgs/include/px4_msgs/px4_msgs/msg/detail/navigator_status__traits.hpp\n'}
[5.704098] (px4_msgs) StdoutLine: {'line': b'-- Up-to-date: /home/subhalaxmi/nidar_ws/install/px4_msgs/include/px4_msgs/px4_msgs/msg/detail/estimator_selector_status__traits.hpp\n'}
[5.704192] (px4_msgs) StdoutLine: {'line': b'-- Up-to-date: /home/subhalaxmi/nidar_ws/install/px4_msgs/include/px4_msgs/px4_msgs/msg/detail/orb_test_large__struct.hpp\n'}
[5.704287] (px4_msgs) StdoutLine: {'line': b'-- Up-to-date: /home/subhalaxmi/nidar_ws/install/px4_msgs/include/px4_msgs/px4_msgs/msg/detail/follow_target_status__type_support.hpp\n'}
[5.704401] (px4_msgs) StdoutLine: {'line': b'-- Up-to-date: /home/subhalaxmi/nidar_ws/install/px4_msgs/include/px4_msgs/px4_msgs/msg/detail/rover_position_setpoint__struct.hpp\n'}
[5.704496] (px4_msgs) StdoutLine: {'line': b'-- Up-to-date: /home/subhalaxmi/nidar_ws/install/px4_msgs/include/px4_msgs/px4_msgs/msg/detail/vehicle_status__traits.hpp\n'}
[5.704625] (px4_msgs) StdoutLine: {'line': b'-- Up-to-date: /home/subhalaxmi/nidar_ws/install/px4_msgs/include/px4_msgs/px4_msgs/msg/detail/fixed_wing_lateral_guidance_status__struct.hpp\n'}
[5.704725] (px4_msgs) StdoutLine: {'line': b'-- Up-to-date: /home/subhalaxmi/nidar_ws/install/px4_msgs/include/px4_msgs/px4_msgs/msg/detail/internal_combustion_engine_status__builder.hpp\n'}
[5.704821] (px4_msgs) StdoutLine: {'line': b'-- Up-to-date: /home/subhalaxmi/nidar_ws/install/px4_msgs/include/px4_msgs/px4_msgs/msg/detail/airspeed_validated__builder.hpp\n'}
[5.704916] (px4_msgs) StdoutLine: {'line': b'-- Up-to-date: /home/subhalaxmi/nidar_ws/install/px4_msgs/include/px4_msgs/px4_msgs/msg/detail/vehicle_local_position_setpoint__traits.hpp\n'}
[5.705024] (px4_msgs) StdoutLine: {'line': b'-- Up-to-date: /home/subhalaxmi/nidar_ws/install/px4_msgs/include/px4_msgs/px4_msgs/msg/detail/satellite_info__traits.hpp\n'}
[5.705119] (px4_msgs) StdoutLine: {'line': b'-- Up-to-date: /home/subhalaxmi/nidar_ws/install/px4_msgs/include/px4_msgs/px4_msgs/msg/detail/flight_phase_estimation__type_support.hpp\n'}
[5.705214] (px4_msgs) StdoutLine: {'line': b'-- Up-to-date: /home/subhalaxmi/nidar_ws/install/px4_msgs/include/px4_msgs/px4_msgs/msg/detail/rpm__builder.hpp\n'}
[5.705308] (px4_msgs) StdoutLine: {'line': b'-- Up-to-date: /home/subhalaxmi/nidar_ws/install/px4_msgs/include/px4_msgs/px4_msgs/msg/detail/satellite_info__struct.hpp\n'}
[5.705403] (px4_msgs) StdoutLine: {'line': b'-- Up-to-date: /home/subhalaxmi/nidar_ws/install/px4_msgs/include/px4_msgs/px4_msgs/msg/detail/px4io_status__struct.hpp\n'}
[5.705496] (px4_msgs) StdoutLine: {'line': b'-- Up-to-date: /home/subhalaxmi/nidar_ws/install/px4_msgs/include/px4_msgs/px4_msgs/msg/detail/geofence_result__traits.hpp\n'}
[5.705629] (px4_msgs) StdoutLine: {'line': b'-- Up-to-date: /home/subhalaxmi/nidar_ws/install/px4_msgs/include/px4_msgs/px4_msgs/msg/detail/sensor_gnss_relative__builder.hpp\n'}
[5.705727] (px4_msgs) StdoutLine: {'line': b'-- Up-to-date: /home/subhalaxmi/nidar_ws/install/px4_msgs/include/px4_msgs/px4_msgs/msg/detail/system_power__struct.hpp\n'}
[5.705821] (px4_msgs) StdoutLine: {'line': b'-- Up-to-date: /home/subhalaxmi/nidar_ws/install/px4_msgs/include/px4_msgs/px4_msgs/msg/detail/sensor_accel__struct.hpp\n'}
[5.705915] (px4_msgs) StdoutLine: {'line': b'-- Up-to-date: /home/subhalaxmi/nidar_ws/install/px4_msgs/include/px4_msgs/px4_msgs/msg/detail/airspeed__builder.hpp\n'}
[5.706009] (px4_msgs) StdoutLine: {'line': b'-- Up-to-date: /home/subhalaxmi/nidar_ws/install/px4_msgs/include/px4_msgs/px4_msgs/msg/detail/actuator_servos_trim__type_support.hpp\n'}
[5.706104] (px4_msgs) StdoutLine: {'line': b'-- Up-to-date: /home/subhalaxmi/nidar_ws/install/px4_msgs/include/px4_msgs/px4_msgs/msg/detail/ekf2_timestamps__traits.hpp\n'}
[5.706198] (px4_msgs) StdoutLine: {'line': b'-- Up-to-date: /home/subhalaxmi/nidar_ws/install/px4_msgs/include/px4_msgs/px4_msgs/msg/detail/unregister_ext_component__struct.hpp\n'}
[5.706292] (px4_msgs) StdoutLine: {'line': b'-- Up-to-date: /home/subhalaxmi/nidar_ws/install/px4_msgs/include/px4_msgs/px4_msgs/msg/detail/landing_target_pose__builder.hpp\n'}
[5.706387] (px4_msgs) StdoutLine: {'line': b'-- Up-to-date: /home/subhalaxmi/nidar_ws/install/px4_msgs/include/px4_msgs/px4_msgs/msg/detail/parameter_set_value_response__traits.hpp\n'}
[5.706482] (px4_msgs) StdoutLine: {'line': b'-- Up-to-date: /home/subhalaxmi/nidar_ws/install/px4_msgs/include/px4_msgs/px4_msgs/msg/detail/estimator_status__type_support.hpp\n'}
[5.706609] (px4_msgs) StdoutLine: {'line': b'-- Up-to-date: /home/subhalaxmi/nidar_ws/install/px4_msgs/include/px4_msgs/px4_msgs/msg/detail/vehicle_roi__type_support.hpp\n'}
[5.706710] (px4_msgs) StdoutLine: {'line': b'-- Up-to-date: /home/subhalaxmi/nidar_ws/install/px4_msgs/include/px4_msgs/px4_msgs/msg/detail/pwm_input__traits.hpp\n'}
[5.706804] (px4_msgs) StdoutLine: {'line': b'-- Up-to-date: /home/subhalaxmi/nidar_ws/install/px4_msgs/include/px4_msgs/px4_msgs/msg/detail/timesync_status__traits.hpp\n'}
[5.706898] (px4_msgs) StdoutLine: {'line': b'-- Up-to-date: /home/subhalaxmi/nidar_ws/install/px4_msgs/include/px4_msgs/px4_msgs/msg/detail/estimator_sensor_bias__builder.hpp\n'}
[5.706992] (px4_msgs) StdoutLine: {'line': b'-- Up-to-date: /home/subhalaxmi/nidar_ws/install/px4_msgs/include/px4_msgs/px4_msgs/msg/detail/estimator_aid_source1d__builder.hpp\n'}
[5.707085] (px4_msgs) StdoutLine: {'line': b'-- Up-to-date: /home/subhalaxmi/nidar_ws/install/px4_msgs/include/px4_msgs/px4_msgs/msg/detail/vehicle_angular_velocity__traits.hpp\n'}
[5.707179] (px4_msgs) StdoutLine: {'line': b'-- Up-to-date: /home/subhalaxmi/nidar_ws/install/px4_msgs/include/px4_msgs/px4_msgs/msg/detail/irlock_report__builder.hpp\n'}
[5.707273] (px4_msgs) StdoutLine: {'line': b'-- Up-to-date: /home/subhalaxmi/nidar_ws/install/px4_msgs/include/px4_msgs/px4_msgs/msg/detail/parameter_set_used_request__builder.hpp\n'}
[5.707423] (px4_msgs) StdoutLine: {'line': b'-- Up-to-date: /home/subhalaxmi/nidar_ws/install/px4_msgs/include/px4_msgs/px4_msgs/msg/detail/estimator_states__struct.hpp\n'}
[5.707534] (px4_msgs) StdoutLine: {'line': b'-- Up-to-date: /home/subhalaxmi/nidar_ws/install/px4_msgs/include/px4_msgs/px4_msgs/msg/detail/landing_target_innovations__traits.hpp\n'}
[5.707665] (px4_msgs) StdoutLine: {'line': b'-- Up-to-date: /home/subhalaxmi/nidar_ws/install/px4_msgs/include/px4_msgs/px4_msgs/msg/detail/logger_status__traits.hpp\n'}
[5.707762] (px4_msgs) StdoutLine: {'line': b'-- Up-to-date: /home/subhalaxmi/nidar_ws/install/px4_msgs/include/px4_msgs/px4_msgs/msg/detail/gpio_request__builder.hpp\n'}
[5.707857] (px4_msgs) StdoutLine: {'line': b'-- Up-to-date: /home/subhalaxmi/nidar_ws/install/px4_msgs/include/px4_msgs/px4_msgs/msg/detail/led_control__builder.hpp\n'}
[5.707953] (px4_msgs) StdoutLine: {'line': b'-- Up-to-date: /home/subhalaxmi/nidar_ws/install/px4_msgs/include/px4_msgs/px4_msgs/msg/detail/camera_trigger__builder.hpp\n'}
[5.708048] (px4_msgs) StdoutLine: {'line': b'-- Up-to-date: /home/subhalaxmi/nidar_ws/install/px4_msgs/include/px4_msgs/px4_msgs/msg/detail/sensor_mag__type_support.hpp\n'}
[5.708142] (px4_msgs) StdoutLine: {'line': b'-- Up-to-date: /home/subhalaxmi/nidar_ws/install/px4_msgs/include/px4_msgs/px4_msgs/msg/detail/rover_attitude_status__type_support.hpp\n'}
[5.708237] (px4_msgs) StdoutLine: {'line': b'-- Up-to-date: /home/subhalaxmi/nidar_ws/install/px4_msgs/include/px4_msgs/px4_msgs/msg/detail/estimator_aid_source2d__builder.hpp\n'}
[5.708332] (px4_msgs) StdoutLine: {'line': b'-- Up-to-date: /home/subhalaxmi/nidar_ws/install/px4_msgs/include/px4_msgs/px4_msgs/msg/detail/gpio_config__type_support.hpp\n'}
[5.708426] (px4_msgs) StdoutLine: {'line': b'-- Up-to-date: /home/subhalaxmi/nidar_ws/install/px4_msgs/include/px4_msgs/px4_msgs/msg/detail/pps_capture__struct.hpp\n'}
[5.708521] (px4_msgs) StdoutLine: {'line': b'-- Up-to-date: /home/subhalaxmi/nidar_ws/install/px4_msgs/include/px4_msgs/px4_msgs/msg/detail/sensor_optical_flow__builder.hpp\n'}
[5.708641] (px4_msgs) StdoutLine: {'line': b'-- Up-to-date: /home/subhalaxmi/nidar_ws/install/px4_msgs/include/px4_msgs/px4_msgs/msg/detail/rover_speed_setpoint__builder.hpp\n'}
[5.708736] (px4_msgs) StdoutLine: {'line': b'-- Up-to-date: /home/subhalaxmi/nidar_ws/install/px4_msgs/include/px4_msgs/px4_msgs/msg/detail/config_overrides__traits.hpp\n'}
[5.708830] (px4_msgs) StdoutLine: {'line': b'-- Up-to-date: /home/subhalaxmi/nidar_ws/install/px4_msgs/include/px4_msgs/px4_msgs/msg/detail/trajectory_setpoint__builder.hpp\n'}
[5.708925] (px4_msgs) StdoutLine: {'line': b'-- Up-to-date: /home/subhalaxmi/nidar_ws/install/px4_msgs/include/px4_msgs/px4_msgs/msg/detail/failure_detector_status__type_support.hpp\n'}
[5.709020] (px4_msgs) StdoutLine: {'line': b'-- Up-to-date: /home/subhalaxmi/nidar_ws/install/px4_msgs/include/px4_msgs/px4_msgs/msg/detail/tune_control__builder.hpp\n'}
[5.709117] (px4_msgs) StdoutLine: {'line': b'-- Up-to-date: /home/subhalaxmi/nidar_ws/install/px4_msgs/include/px4_msgs/px4_msgs/msg/detail/parameter_set_used_request__type_support.hpp\n'}
[5.709214] (px4_msgs) StdoutLine: {'line': b'-- Up-to-date: /home/subhalaxmi/nidar_ws/install/px4_msgs/include/px4_msgs/px4_msgs/msg/detail/vehicle_rates_setpoint__traits.hpp\n'}
[5.709310] (px4_msgs) StdoutLine: {'line': b'-- Up-to-date: /home/subhalaxmi/nidar_ws/install/px4_msgs/include/px4_msgs/px4_msgs/msg/detail/rate_ctrl_status__type_support.hpp\n'}
[5.709406] (px4_msgs) StdoutLine: {'line': b'-- Up-to-date: /home/subhalaxmi/nidar_ws/install/px4_msgs/include/px4_msgs/px4_msgs/msg/detail/rc_parameter_map__builder.hpp\n'}
[5.709502] (px4_msgs) StdoutLine: {'line': b'-- Up-to-date: /home/subhalaxmi/nidar_ws/install/px4_msgs/include/px4_msgs/px4_msgs/msg/detail/orb_test__type_support.hpp\n'}
[5.709655] (px4_msgs) StdoutLine: {'line': b'-- Up-to-date: /home/subhalaxmi/nidar_ws/install/px4_msgs/include/px4_msgs/px4_msgs/msg/detail/landing_target_pose__type_support.hpp\n'}
[5.709765] (px4_msgs) StdoutLine: {'line': b'-- Up-to-date: /home/subhalaxmi/nidar_ws/install/px4_msgs/include/px4_msgs/px4_msgs/msg/detail/takeoff_status__builder.hpp\n'}
[5.709862] (px4_msgs) StdoutLine: {'line': b'-- Up-to-date: /home/subhalaxmi/nidar_ws/install/px4_msgs/include/px4_msgs/px4_msgs/msg/detail/estimator_status_flags__type_support.hpp\n'}
[5.709960] (px4_msgs) StdoutLine: {'line': b'-- Up-to-date: /home/subhalaxmi/nidar_ws/install/px4_msgs/include/px4_msgs/px4_msgs/msg/detail/parameter_update__struct.hpp\n'}
[5.710057] (px4_msgs) StdoutLine: {'line': b'-- Up-to-date: /home/subhalaxmi/nidar_ws/install/px4_msgs/include/px4_msgs/px4_msgs/msg/detail/sensor_baro__type_support.hpp\n'}
[5.710153] (px4_msgs) StdoutLine: {'line': b'-- Up-to-date: /home/subhalaxmi/nidar_ws/install/px4_msgs/include/px4_msgs/px4_msgs/msg/detail/estimator_states__builder.hpp\n'}
[5.710249] (px4_msgs) StdoutLine: {'line': b'-- Up-to-date: /home/subhalaxmi/nidar_ws/install/px4_msgs/include/px4_msgs/px4_msgs/msg/detail/position_controller_status__struct.hpp\n'}
[5.710345] (px4_msgs) StdoutLine: {'line': b'-- Up-to-date: /home/subhalaxmi/nidar_ws/install/px4_msgs/include/px4_msgs/px4_msgs/msg/detail/offboard_control_mode__builder.hpp\n'}
[5.710440] (px4_msgs) StdoutLine: {'line': b'-- Up-to-date: /home/subhalaxmi/nidar_ws/install/px4_msgs/include/px4_msgs/px4_msgs/msg/detail/vehicle_control_mode__traits.hpp\n'}
[5.710544] (px4_msgs) StdoutLine: {'line': b'-- Up-to-date: /home/subhalaxmi/nidar_ws/install/px4_msgs/include/px4_msgs/px4_msgs/msg/detail/qshell_retval__builder.hpp\n'}
[5.710653] (px4_msgs) StdoutLine: {'line': b'-- Up-to-date: /home/subhalaxmi/nidar_ws/install/px4_msgs/include/px4_msgs/px4_msgs/msg/detail/gimbal_manager_information__builder.hpp\n'}
[5.710748] (px4_msgs) StdoutLine: {'line': b'-- Up-to-date: /home/subhalaxmi/nidar_ws/install/px4_msgs/include/px4_msgs/px4_msgs/msg/detail/distance_sensor_mode_change_request__traits.hpp\n'}
[5.710858] (px4_msgs) StdoutLine: {'line': b'-- Up-to-date: /home/subhalaxmi/nidar_ws/install/px4_msgs/include/px4_msgs/px4_msgs/msg/detail/ulog_stream_ack__traits.hpp\n'}
[5.710953] (px4_msgs) StdoutLine: {'line': b'-- Up-to-date: /home/subhalaxmi/nidar_ws/install/px4_msgs/include/px4_msgs/px4_msgs/msg/detail/rover_throttle_setpoint__type_support.hpp\n'}
[5.711049] (px4_msgs) StdoutLine: {'line': b'-- Up-to-date: /home/subhalaxmi/nidar_ws/install/px4_msgs/include/px4_msgs/px4_msgs/msg/detail/neural_control__builder.hpp\n'}
[5.711144] (px4_msgs) StdoutLine: {'line': b'-- Up-to-date: /home/subhalaxmi/nidar_ws/install/px4_msgs/include/px4_msgs/px4_msgs/msg/detail/mavlink_log__traits.hpp\n'}
[5.711239] (px4_msgs) StdoutLine: {'line': b'-- Up-to-date: /home/subhalaxmi/nidar_ws/install/px4_msgs/include/px4_msgs/px4_msgs/msg/detail/debug_vect__traits.hpp\n'}
[5.711335] (px4_msgs) StdoutLine: {'line': b'-- Up-to-date: /home/subhalaxmi/nidar_ws/install/px4_msgs/include/px4_msgs/px4_msgs/msg/detail/rc_channels__struct.hpp\n'}
[5.711431] (px4_msgs) StdoutLine: {'line': b'-- Up-to-date: /home/subhalaxmi/nidar_ws/install/px4_msgs/include/px4_msgs/px4_msgs/msg/detail/airspeed_validated__type_support.hpp\n'}
[5.711534] (px4_msgs) StdoutLine: {'line': b'-- Up-to-date: /home/subhalaxmi/nidar_ws/install/px4_msgs/include/px4_msgs/px4_msgs/msg/detail/wind__traits.hpp\n'}
[5.711643] (px4_msgs) StdoutLine: {'line': b'-- Up-to-date: /home/subhalaxmi/nidar_ws/install/px4_msgs/include/px4_msgs/px4_msgs/msg/detail/vehicle_status__builder.hpp\n'}
[5.711740] (px4_msgs) StdoutLine: {'line': b'-- Up-to-date: /home/subhalaxmi/nidar_ws/install/px4_msgs/include/px4_msgs/px4_msgs/msg/detail/airspeed__struct.hpp\n'}
[5.711836] (px4_msgs) StdoutLine: {'line': b'-- Up-to-date: /home/subhalaxmi/nidar_ws/install/px4_msgs/include/px4_msgs/px4_msgs/msg/detail/figure_eight_status__struct.hpp\n'}
[5.711930] (px4_msgs) StdoutLine: {'line': b'-- Up-to-date: /home/subhalaxmi/nidar_ws/install/px4_msgs/include/px4_msgs/px4_msgs/msg/detail/sensors_status__struct.hpp\n'}
[5.712032] (px4_msgs) StdoutLine: {'line': b'-- Up-to-date: /home/subhalaxmi/nidar_ws/install/px4_msgs/include/px4_msgs/px4_msgs/msg/detail/estimator_aid_source3d__traits.hpp\n'}
[5.712128] (px4_msgs) StdoutLine: {'line': b'-- Up-to-date: /home/subhalaxmi/nidar_ws/install/px4_msgs/include/px4_msgs/px4_msgs/msg/detail/goto_setpoint__type_support.hpp\n'}
[5.712223] (px4_msgs) StdoutLine: {'line': b'-- Up-to-date: /home/subhalaxmi/nidar_ws/install/px4_msgs/include/px4_msgs/px4_msgs/msg/detail/gpio_out__type_support.hpp\n'}
[5.712317] (px4_msgs) StdoutLine: {'line': b'-- Up-to-date: /home/subhalaxmi/nidar_ws/install/px4_msgs/include/px4_msgs/px4_msgs/msg/detail/sensor_preflight_mag__type_support.hpp\n'}
[5.712412] (px4_msgs) StdoutLine: {'line': b'-- Up-to-date: /home/subhalaxmi/nidar_ws/install/px4_msgs/include/px4_msgs/px4_msgs/msg/detail/cellular_status__traits.hpp\n'}
[5.712507] (px4_msgs) StdoutLine: {'line': b'-- Up-to-date: /home/subhalaxmi/nidar_ws/install/px4_msgs/include/px4_msgs/px4_msgs/msg/detail/vehicle_acceleration__struct.hpp\n'}
[5.712638] (px4_msgs) StdoutLine: {'line': b'-- Up-to-date: /home/subhalaxmi/nidar_ws/install/px4_msgs/include/px4_msgs/px4_msgs/msg/detail/sensor_combined__type_support.hpp\n'}
[5.712745] (px4_msgs) StdoutLine: {'line': b'-- Up-to-date: /home/subhalaxmi/nidar_ws/install/px4_msgs/include/px4_msgs/px4_msgs/msg/detail/longitudinal_control_configuration__traits.hpp\n'}
[5.712842] (px4_msgs) StdoutLine: {'line': b'-- Up-to-date: /home/subhalaxmi/nidar_ws/install/px4_msgs/include/px4_msgs/px4_msgs/msg/detail/arming_check_reply__struct.hpp\n'}
[5.712936] (px4_msgs) StdoutLine: {'line': b'-- Up-to-date: /home/subhalaxmi/nidar_ws/install/px4_msgs/include/px4_msgs/px4_msgs/msg/detail/gpio_config__struct.hpp\n'}
[5.713031] (px4_msgs) StdoutLine: {'line': b'-- Up-to-date: /home/subhalaxmi/nidar_ws/install/px4_msgs/include/px4_msgs/px4_msgs/msg/detail/gimbal_manager_set_attitude__builder.hpp\n'}
[5.713127] (px4_msgs) StdoutLine: {'line': b'-- Up-to-date: /home/subhalaxmi/nidar_ws/install/px4_msgs/include/px4_msgs/px4_msgs/msg/detail/transponder_report__struct.hpp\n'}
[5.713221] (px4_msgs) StdoutLine: {'line': b'-- Up-to-date: /home/subhalaxmi/nidar_ws/install/px4_msgs/include/px4_msgs/px4_msgs/msg/detail/gimbal_manager_set_attitude__type_support.hpp\n'}
[5.713316] (px4_msgs) StdoutLine: {'line': b'-- Up-to-date: /home/subhalaxmi/nidar_ws/install/px4_msgs/include/px4_msgs/px4_msgs/msg/detail/sensor_uwb__type_support.hpp\n'}
[5.713412] (px4_msgs) StdoutLine: {'line': b'-- Up-to-date: /home/subhalaxmi/nidar_ws/install/px4_msgs/include/px4_msgs/px4_msgs/msg/detail/sensor_gnss_status__builder.hpp\n'}
[5.713507] (px4_msgs) StdoutLine: {'line': b'-- Up-to-date: /home/subhalaxmi/nidar_ws/install/px4_msgs/include/px4_msgs/px4_msgs/msg/detail/position_controller_landing_status__type_support.hpp\n'}
[5.713640] (px4_msgs) StdoutLine: {'line': b'-- Up-to-date: /home/subhalaxmi/nidar_ws/install/px4_msgs/include/px4_msgs/px4_msgs/msg/detail/differential_pressure__traits.hpp\n'}
[5.713740] (px4_msgs) StdoutLine: {'line': b'-- Up-to-date: /home/subhalaxmi/nidar_ws/install/px4_msgs/include/px4_msgs/px4_msgs/msg/detail/gimbal_device_information__type_support.hpp\n'}
[5.713837] (px4_msgs) StdoutLine: {'line': b'-- Up-to-date: /home/subhalaxmi/nidar_ws/install/px4_msgs/include/px4_msgs/px4_msgs/msg/detail/vtol_vehicle_status__builder.hpp\n'}
[5.713932] (px4_msgs) StdoutLine: {'line': b'-- Up-to-date: /home/subhalaxmi/nidar_ws/install/px4_msgs/include/px4_msgs/px4_msgs/msg/detail/actuator_test__struct.hpp\n'}
[5.714028] (px4_msgs) StdoutLine: {'line': b'-- Up-to-date: /home/subhalaxmi/nidar_ws/install/px4_msgs/include/px4_msgs/px4_msgs/msg/detail/ulog_stream__struct.hpp\n'}
[5.714138] (px4_msgs) StdoutLine: {'line': b'-- Up-to-date: /home/subhalaxmi/nidar_ws/install/px4_msgs/include/px4_msgs/px4_msgs/msg/detail/collision_constraints__type_support.hpp\n'}
[5.714235] (px4_msgs) StdoutLine: {'line': b'-- Up-to-date: /home/subhalaxmi/nidar_ws/install/px4_msgs/include/px4_msgs/px4_msgs/msg/detail/arming_check_reply__traits.hpp\n'}
[5.714337] (px4_msgs) StdoutLine: {'line': b'-- Up-to-date: /home/subhalaxmi/nidar_ws/install/px4_msgs/include/px4_msgs/px4_msgs/msg/detail/camera_status__builder.hpp\n'}
[5.714433] (px4_msgs) StdoutLine: {'line': b'-- Up-to-date: /home/subhalaxmi/nidar_ws/install/px4_msgs/include/px4_msgs/px4_msgs/msg/detail/vehicle_attitude_setpoint__type_support.hpp\n'}
[5.714540] (px4_msgs) StdoutLine: {'line': b'-- Up-to-date: /home/subhalaxmi/nidar_ws/install/px4_msgs/include/px4_msgs/px4_msgs/msg/detail/vehicle_global_position__struct.hpp\n'}
[5.714652] (px4_msgs) StdoutLine: {'line': b'-- Up-to-date: /home/subhalaxmi/nidar_ws/install/px4_msgs/include/px4_msgs/px4_msgs/msg/detail/sensors_status_imu__builder.hpp\n'}
[5.714748] (px4_msgs) StdoutLine: {'line': b'-- Up-to-date: /home/subhalaxmi/nidar_ws/install/px4_msgs/include/px4_msgs/px4_msgs/msg/detail/geofence_status__type_support.hpp\n'}
[5.714843] (px4_msgs) StdoutLine: {'line': b'-- Up-to-date: /home/subhalaxmi/nidar_ws/install/px4_msgs/include/px4_msgs/px4_msgs/msg/detail/actuator_servos__builder.hpp\n'}
[5.714940] (px4_msgs) StdoutLine: {'line': b'-- Up-to-date: /home/subhalaxmi/nidar_ws/install/px4_msgs/include/px4_msgs/px4_msgs/msg/detail/ping__struct.hpp\n'}
[5.715036] (px4_msgs) StdoutLine: {'line': b'-- Up-to-date: /home/subhalaxmi/nidar_ws/install/px4_msgs/include/px4_msgs/px4_msgs/msg/detail/orb_test_medium__struct.hpp\n'}
[5.715132] (px4_msgs) StdoutLine: {'line': b'-- Up-to-date: /home/subhalaxmi/nidar_ws/install/px4_msgs/include/px4_msgs/px4_msgs/msg/detail/ulog_stream__traits.hpp\n'}
[5.715228] (px4_msgs) StdoutLine: {'line': b'-- Up-to-date: /home/subhalaxmi/nidar_ws/install/px4_msgs/include/px4_msgs/px4_msgs/msg/detail/rtl_status__builder.hpp\n'}
[5.715323] (px4_msgs) StdoutLine: {'line': b'-- Up-to-date: /home/subhalaxmi/nidar_ws/install/px4_msgs/include/px4_msgs/px4_msgs/msg/detail/tune_control__traits.hpp\n'}
[5.715417] (px4_msgs) StdoutLine: {'line': b'-- Up-to-date: /home/subhalaxmi/nidar_ws/install/px4_msgs/include/px4_msgs/px4_msgs/msg/detail/tiltrotor_extra_controls__builder.hpp\n'}
[5.715513] (px4_msgs) StdoutLine: {'line': b'-- Up-to-date: /home/subhalaxmi/nidar_ws/install/px4_msgs/include/px4_msgs/px4_msgs/msg/detail/fixed_wing_runway_control__struct.hpp\n'}
[5.715637] (px4_msgs) StdoutLine: {'line': b'-- Up-to-date: /home/subhalaxmi/nidar_ws/install/px4_msgs/include/px4_msgs/px4_msgs/msg/detail/landing_gear__type_support.hpp\n'}
[5.715748] (px4_msgs) StdoutLine: {'line': b'-- Up-to-date: /home/subhalaxmi/nidar_ws/install/px4_msgs/include/px4_msgs/px4_msgs/msg/detail/parameter_set_used_request__traits.hpp\n'}
[5.715876] (px4_msgs) StdoutLine: {'line': b'-- Up-to-date: /home/subhalaxmi/nidar_ws/install/px4_msgs/include/px4_msgs/px4_msgs/msg/detail/fuel_tank_status__builder.hpp\n'}
[5.715995] (px4_msgs) StdoutLine: {'line': b'-- Up-to-date: /home/subhalaxmi/nidar_ws/install/px4_msgs/include/px4_msgs/px4_msgs/msg/detail/trajectory_setpoint6dof__struct.hpp\n'}
[5.716093] (px4_msgs) StdoutLine: {'line': b'-- Up-to-date: /home/subhalaxmi/nidar_ws/install/px4_msgs/include/px4_msgs/px4_msgs/msg/detail/mount_orientation__traits.hpp\n'}
[5.716187] (px4_msgs) StdoutLine: {'line': b'-- Up-to-date: /home/subhalaxmi/nidar_ws/install/px4_msgs/include/px4_msgs/px4_msgs/msg/detail/navigator_status__builder.hpp\n'}
[5.716282] (px4_msgs) StdoutLine: {'line': b'-- Up-to-date: /home/subhalaxmi/nidar_ws/install/px4_msgs/include/px4_msgs/px4_msgs/msg/detail/sensor_accel_fifo__builder.hpp\n'}
[5.716376] (px4_msgs) StdoutLine: {'line': b'-- Up-to-date: /home/subhalaxmi/nidar_ws/install/px4_msgs/include/px4_msgs/px4_msgs/msg/detail/estimator_gps_status__traits.hpp\n'}
[5.716471] (px4_msgs) StdoutLine: {'line': b'-- Up-to-date: /home/subhalaxmi/nidar_ws/install/px4_msgs/include/px4_msgs/px4_msgs/msg/detail/message_format_response__struct.hpp\n'}
[5.716585] (px4_msgs) StdoutLine: {'line': b'-- Up-to-date: /home/subhalaxmi/nidar_ws/install/px4_msgs/include/px4_msgs/px4_msgs/msg/detail/open_drone_id_arm_status__builder.hpp\n'}
[5.716686] (px4_msgs) StdoutLine: {'line': b'-- Up-to-date: /home/subhalaxmi/nidar_ws/install/px4_msgs/include/px4_msgs/px4_msgs/msg/detail/vehicle_status__struct.hpp\n'}
[5.716797] (px4_msgs) StdoutLine: {'line': b'-- Up-to-date: /home/subhalaxmi/nidar_ws/install/px4_msgs/include/px4_msgs/px4_msgs/msg/detail/navigator_mission_item__builder.hpp\n'}
[5.716894] (px4_msgs) StdoutLine: {'line': b'-- Up-to-date: /home/subhalaxmi/nidar_ws/install/px4_msgs/include/px4_msgs/px4_msgs/msg/detail/differential_pressure__struct.hpp\n'}
[5.716989] (px4_msgs) StdoutLine: {'line': b'-- Up-to-date: /home/subhalaxmi/nidar_ws/install/px4_msgs/include/px4_msgs/px4_msgs/msg/detail/message_format_request__type_support.hpp\n'}
[5.717085] (px4_msgs) StdoutLine: {'line': b'-- Up-to-date: /home/subhalaxmi/nidar_ws/install/px4_msgs/include/px4_msgs/px4_msgs/msg/detail/vehicle_imu_status__traits.hpp\n'}
[5.717179] (px4_msgs) StdoutLine: {'line': b'-- Up-to-date: /home/subhalaxmi/nidar_ws/install/px4_msgs/include/px4_msgs/px4_msgs/msg/detail/vehicle_local_position__traits.hpp\n'}
[5.717274] (px4_msgs) StdoutLine: {'line': b'-- Up-to-date: /home/subhalaxmi/nidar_ws/install/px4_msgs/include/px4_msgs/px4_msgs/msg/detail/camera_trigger__type_support.hpp\n'}
[5.717382] (px4_msgs) StdoutLine: {'line': b'-- Up-to-date: /home/subhalaxmi/nidar_ws/install/px4_msgs/include/px4_msgs/px4_msgs/msg/detail/rc_channels__type_support.hpp\n'}
[5.717480] (px4_msgs) StdoutLine: {'line': b'-- Up-to-date: /home/subhalaxmi/nidar_ws/install/px4_msgs/include/px4_msgs/px4_msgs/msg/detail/gimbal_device_information__struct.hpp\n'}
[5.717605] (px4_msgs) StdoutLine: {'line': b'-- Up-to-date: /home/subhalaxmi/nidar_ws/install/px4_msgs/include/px4_msgs/px4_msgs/msg/detail/sensor_gyro__type_support.hpp\n'}
[5.717708] (px4_msgs) StdoutLine: {'line': b'-- Up-to-date: /home/subhalaxmi/nidar_ws/install/px4_msgs/include/px4_msgs/px4_msgs/msg/detail/vehicle_thrust_setpoint__type_support.hpp\n'}
[5.717803] (px4_msgs) StdoutLine: {'line': b'-- Up-to-date: /home/subhalaxmi/nidar_ws/install/px4_msgs/include/px4_msgs/px4_msgs/msg/detail/rc_parameter_map__type_support.hpp\n'}
[5.717898] (px4_msgs) StdoutLine: {'line': b'-- Up-to-date: /home/subhalaxmi/nidar_ws/install/px4_msgs/include/px4_msgs/px4_msgs/msg/detail/system_power__builder.hpp\n'}
[5.717992] (px4_msgs) StdoutLine: {'line': b'-- Up-to-date: /home/subhalaxmi/nidar_ws/install/px4_msgs/include/px4_msgs/px4_msgs/msg/detail/input_rc__traits.hpp\n'}
[5.718087] (px4_msgs) StdoutLine: {'line': b'-- Up-to-date: /home/subhalaxmi/nidar_ws/install/px4_msgs/include/px4_msgs/px4_msgs/msg/detail/arming_check_request__builder.hpp\n'}
[5.718182] (px4_msgs) StdoutLine: {'line': b'-- Up-to-date: /home/subhalaxmi/nidar_ws/install/px4_msgs/include/px4_msgs/px4_msgs/msg/detail/vehicle_torque_setpoint__builder.hpp\n'}
[5.718277] (px4_msgs) StdoutLine: {'line': b'-- Up-to-date: /home/subhalaxmi/nidar_ws/install/px4_msgs/include/px4_msgs/px4_msgs/msg/detail/estimator_status__builder.hpp\n'}
[5.718371] (px4_msgs) StdoutLine: {'line': b'-- Up-to-date: /home/subhalaxmi/nidar_ws/install/px4_msgs/include/px4_msgs/px4_msgs/msg/detail/actuator_servos_trim__builder.hpp\n'}
[5.718466] (px4_msgs) StdoutLine: {'line': b'-- Up-to-date: /home/subhalaxmi/nidar_ws/install/px4_msgs/include/px4_msgs/px4_msgs/msg/detail/vehicle_control_mode__type_support.hpp\n'}
[5.718580] (px4_msgs) StdoutLine: {'line': b'-- Up-to-date: /home/subhalaxmi/nidar_ws/install/px4_msgs/include/px4_msgs/px4_msgs/msg/detail/sensor_temp__type_support.hpp\n'}
[5.718697] (px4_msgs) StdoutLine: {'line': b'-- Up-to-date: /home/subhalaxmi/nidar_ws/install/px4_msgs/include/px4_msgs/px4_msgs/msg/detail/actuator_armed__traits.hpp\n'}
[5.718795] (px4_msgs) StdoutLine: {'line': b'-- Up-to-date: /home/subhalaxmi/nidar_ws/install/px4_msgs/include/px4_msgs/px4_msgs/msg/detail/qshell_req__struct.hpp\n'}
[5.718890] (px4_msgs) StdoutLine: {'line': b'-- Up-to-date: /home/subhalaxmi/nidar_ws/install/px4_msgs/include/px4_msgs/px4_msgs/msg/detail/rover_rate_setpoint__struct.hpp\n'}
[5.718985] (px4_msgs) StdoutLine: {'line': b'-- Up-to-date: /home/subhalaxmi/nidar_ws/install/px4_msgs/include/px4_msgs/px4_msgs/msg/detail/estimator_status_flags__traits.hpp\n'}
[5.719087] (px4_msgs) StdoutLine: {'line': b'-- Up-to-date: /home/subhalaxmi/nidar_ws/install/px4_msgs/include/px4_msgs/px4_msgs/msg/detail/mission_result__traits.hpp\n'}
[5.719179] (-) TimerEvent: {}
[5.719345] (px4_msgs) StdoutLine: {'line': b'-- Up-to-date: /home/subhalaxmi/nidar_ws/install/px4_msgs/include/px4_msgs/px4_msgs/msg/detail/sensor_gyro_fifo__builder.hpp\n'}
[5.719460] (px4_msgs) StdoutLine: {'line': b'-- Up-to-date: /home/subhalaxmi/nidar_ws/install/px4_msgs/include/px4_msgs/px4_msgs/msg/detail/telemetry_status__type_support.hpp\n'}
[5.719583] (px4_msgs) StdoutLine: {'line': b'-- Up-to-date: /home/subhalaxmi/nidar_ws/install/px4_msgs/include/px4_msgs/px4_msgs/msg/detail/qshell_retval__struct.hpp\n'}
[5.719693] (px4_msgs) StdoutLine: {'line': b'-- Up-to-date: /home/subhalaxmi/nidar_ws/install/px4_msgs/include/px4_msgs/px4_msgs/msg/detail/debug_value__builder.hpp\n'}
[5.719789] (px4_msgs) StdoutLine: {'line': b'-- Up-to-date: /home/subhalaxmi/nidar_ws/install/px4_msgs/include/px4_msgs/px4_msgs/msg/detail/estimator_bias3d__builder.hpp\n'}
[5.719920] (px4_msgs) StdoutLine: {'line': b'-- Up-to-date: /home/subhalaxmi/nidar_ws/install/px4_msgs/include/px4_msgs/px4_msgs/msg/detail/sensor_optical_flow__struct.hpp\n'}
[5.720060] (px4_msgs) StdoutLine: {'line': b'-- Up-to-date: /home/subhalaxmi/nidar_ws/install/px4_msgs/include/px4_msgs/px4_msgs/msg/detail/actuator_controls_status__struct.hpp\n'}
[5.720160] (px4_msgs) StdoutLine: {'line': b'-- Up-to-date: /home/subhalaxmi/nidar_ws/install/px4_msgs/include/px4_msgs/px4_msgs/msg/detail/vtx__type_support.hpp\n'}
[5.720257] (px4_msgs) StdoutLine: {'line': b'-- Up-to-date: /home/subhalaxmi/nidar_ws/install/px4_msgs/include/px4_msgs/px4_msgs/msg/detail/vehicle_imu__struct.hpp\n'}
[5.720392] (px4_msgs) StdoutLine: {'line': b'-- Up-to-date: /home/subhalaxmi/nidar_ws/install/px4_msgs/include/px4_msgs/px4_msgs/msg/detail/task_stack_info__traits.hpp\n'}
[5.720491] (px4_msgs) StdoutLine: {'line': b'-- Up-to-date: /home/subhalaxmi/nidar_ws/install/px4_msgs/include/px4_msgs/px4_msgs/msg/detail/mission_result__type_support.hpp\n'}
[5.720612] (px4_msgs) StdoutLine: {'line': b'-- Up-to-date: /home/subhalaxmi/nidar_ws/install/px4_msgs/include/px4_msgs/px4_msgs/msg/detail/trajectory_setpoint6dof__traits.hpp\n'}
[5.720713] (px4_msgs) StdoutLine: {'line': b'-- Up-to-date: /home/subhalaxmi/nidar_ws/install/px4_msgs/include/px4_msgs/px4_msgs/msg/detail/airspeed_validated__struct.hpp\n'}
[5.720809] (px4_msgs) StdoutLine: {'line': b'-- Up-to-date: /home/subhalaxmi/nidar_ws/install/px4_msgs/include/px4_msgs/px4_msgs/msg/detail/open_drone_id_system__type_support.hpp\n'}
[5.720927] (px4_msgs) StdoutLine: {'line': b'-- Up-to-date: /home/subhalaxmi/nidar_ws/install/px4_msgs/include/px4_msgs/px4_msgs/msg/detail/wind__builder.hpp\n'}
[5.721023] (px4_msgs) StdoutLine: {'line': b'-- Up-to-date: /home/subhalaxmi/nidar_ws/install/px4_msgs/include/px4_msgs/px4_msgs/msg/detail/distance_sensor__builder.hpp\n'}
[5.721118] (px4_msgs) StdoutLine: {'line': b'-- Up-to-date: /home/subhalaxmi/nidar_ws/install/px4_msgs/include/px4_msgs/px4_msgs/msg/detail/actuator_armed__builder.hpp\n'}
[5.721213] (px4_msgs) StdoutLine: {'line': b'-- Up-to-date: /home/subhalaxmi/nidar_ws/install/px4_msgs/include/px4_msgs/px4_msgs/msg/detail/sensor_mag__builder.hpp\n'}
[5.721308] (px4_msgs) StdoutLine: {'line': b'-- Up-to-date: /home/subhalaxmi/nidar_ws/install/px4_msgs/include/px4_msgs/px4_msgs/msg/detail/velocity_limits__struct.hpp\n'}
[5.721403] (px4_msgs) StdoutLine: {'line': b'-- Up-to-date: /home/subhalaxmi/nidar_ws/install/px4_msgs/include/px4_msgs/px4_msgs/msg/detail/collision_constraints__builder.hpp\n'}
[5.721498] (px4_msgs) StdoutLine: {'line': b'-- Up-to-date: /home/subhalaxmi/nidar_ws/install/px4_msgs/include/px4_msgs/px4_msgs/msg/detail/estimator_selector_status__struct.hpp\n'}
[5.721629] (px4_msgs) StdoutLine: {'line': b'-- Up-to-date: /home/subhalaxmi/nidar_ws/install/px4_msgs/include/px4_msgs/px4_msgs/msg/detail/vehicle_air_data__struct.hpp\n'}
[5.721737] (px4_msgs) StdoutLine: {'line': b'-- Up-to-date: /home/subhalaxmi/nidar_ws/install/px4_msgs/include/px4_msgs/px4_msgs/msg/detail/rover_rate_status__traits.hpp\n'}
[5.721834] (px4_msgs) StdoutLine: {'line': b'-- Up-to-date: /home/subhalaxmi/nidar_ws/install/px4_msgs/include/px4_msgs/px4_msgs/msg/detail/fuel_tank_status__type_support.hpp\n'}
[5.721930] (px4_msgs) StdoutLine: {'line': b'-- Up-to-date: /home/subhalaxmi/nidar_ws/install/px4_msgs/include/px4_msgs/px4_msgs/msg/detail/geofence_result__struct.hpp\n'}
[5.722025] (px4_msgs) StdoutLine: {'line': b'-- Up-to-date: /home/subhalaxmi/nidar_ws/install/px4_msgs/include/px4_msgs/px4_msgs/msg/detail/vehicle_magnetometer__type_support.hpp\n'}
[5.722126] (px4_msgs) StdoutLine: {'line': b'-- Up-to-date: /home/subhalaxmi/nidar_ws/install/px4_msgs/include/px4_msgs/px4_msgs/msg/detail/landing_gear_wheel__type_support.hpp\n'}
[5.722223] (px4_msgs) StdoutLine: {'line': b'-- Up-to-date: /home/subhalaxmi/nidar_ws/install/px4_msgs/include/px4_msgs/px4_msgs/msg/detail/debug_vect__type_support.hpp\n'}
[5.722318] (px4_msgs) StdoutLine: {'line': b'-- Up-to-date: /home/subhalaxmi/nidar_ws/install/px4_msgs/include/px4_msgs/px4_msgs/msg/detail/estimator_bias3d__type_support.hpp\n'}
[5.722412] (px4_msgs) StdoutLine: {'line': b'-- Up-to-date: /home/subhalaxmi/nidar_ws/install/px4_msgs/include/px4_msgs/px4_msgs/msg/detail/power_button_state__struct.hpp\n'}
[5.722506] (px4_msgs) StdoutLine: {'line': b'-- Up-to-date: /home/subhalaxmi/nidar_ws/install/px4_msgs/include/px4_msgs/px4_msgs/msg/detail/gps_inject_data__type_support.hpp\n'}
[5.722625] (px4_msgs) StdoutLine: {'line': b'-- Up-to-date: /home/subhalaxmi/nidar_ws/install/px4_msgs/include/px4_msgs/px4_msgs/msg/detail/distance_sensor__traits.hpp\n'}
[5.722723] (px4_msgs) StdoutLine: {'line': b'-- Up-to-date: /home/subhalaxmi/nidar_ws/install/px4_msgs/include/px4_msgs/px4_msgs/msg/detail/vehicle_optical_flow__struct.hpp\n'}
[5.722818] (px4_msgs) StdoutLine: {'line': b'-- Up-to-date: /home/subhalaxmi/nidar_ws/install/px4_msgs/include/px4_msgs/px4_msgs/msg/detail/orb_test_large__type_support.hpp\n'}
[5.722914] (px4_msgs) StdoutLine: {'line': b'-- Up-to-date: /home/subhalaxmi/nidar_ws/install/px4_msgs/include/px4_msgs/px4_msgs/msg/detail/sensors_status_imu__struct.hpp\n'}
[5.723009] (px4_msgs) StdoutLine: {'line': b'-- Up-to-date: /home/subhalaxmi/nidar_ws/install/px4_msgs/include/px4_msgs/px4_msgs/msg/detail/debug_value__type_support.hpp\n'}
[5.723104] (px4_msgs) StdoutLine: {'line': b'-- Up-to-date: /home/subhalaxmi/nidar_ws/install/px4_msgs/include/px4_msgs/px4_msgs/msg/detail/register_ext_component_reply__type_support.hpp\n'}
[5.723200] (px4_msgs) StdoutLine: {'line': b'-- Up-to-date: /home/subhalaxmi/nidar_ws/install/px4_msgs/include/px4_msgs/px4_msgs/msg/detail/follow_target_status__struct.hpp\n'}
[5.723297] (px4_msgs) StdoutLine: {'line': b'-- Up-to-date: /home/subhalaxmi/nidar_ws/install/px4_msgs/include/px4_msgs/px4_msgs/msg/detail/unregister_ext_component__type_support.hpp\n'}
[5.723393] (px4_msgs) StdoutLine: {'line': b'-- Up-to-date: /home/subhalaxmi/nidar_ws/install/px4_msgs/include/px4_msgs/px4_msgs/msg/detail/trajectory_setpoint6dof__type_support.hpp\n'}
[5.723488] (px4_msgs) StdoutLine: {'line': b'-- Up-to-date: /home/subhalaxmi/nidar_ws/install/px4_msgs/include/px4_msgs/px4_msgs/msg/detail/orb_test__struct.hpp\n'}
[5.723611] (px4_msgs) StdoutLine: {'line': b'-- Up-to-date: /home/subhalaxmi/nidar_ws/install/px4_msgs/include/px4_msgs/px4_msgs/msg/detail/button_event__traits.hpp\n'}
[5.723711] (px4_msgs) StdoutLine: {'line': b'-- Up-to-date: /home/subhalaxmi/nidar_ws/install/px4_msgs/include/px4_msgs/px4_msgs/msg/detail/uavcan_parameter_request__struct.hpp\n'}
[5.723806] (px4_msgs) StdoutLine: {'line': b'-- Up-to-date: /home/subhalaxmi/nidar_ws/install/px4_msgs/include/px4_msgs/px4_msgs/msg/detail/vehicle_status__type_support.hpp\n'}
[5.723900] (px4_msgs) StdoutLine: {'line': b'-- Up-to-date: /home/subhalaxmi/nidar_ws/install/px4_msgs/include/px4_msgs/px4_msgs/msg/detail/cellular_status__type_support.hpp\n'}
[5.724004] (px4_msgs) StdoutLine: {'line': b'-- Up-to-date: /home/subhalaxmi/nidar_ws/install/px4_msgs/include/px4_msgs/px4_msgs/msg/detail/vehicle_torque_setpoint__type_support.hpp\n'}
[5.724113] (px4_msgs) StdoutLine: {'line': b'-- Up-to-date: /home/subhalaxmi/nidar_ws/install/px4_msgs/include/px4_msgs/px4_msgs/msg/detail/magnetometer_bias_estimate__type_support.hpp\n'}
[5.724208] (px4_msgs) StdoutLine: {'line': b'-- Up-to-date: /home/subhalaxmi/nidar_ws/install/px4_msgs/include/px4_msgs/px4_msgs/msg/detail/orb_test__traits.hpp\n'}
[5.724302] (px4_msgs) StdoutLine: {'line': b'-- Up-to-date: /home/subhalaxmi/nidar_ws/install/px4_msgs/include/px4_msgs/px4_msgs/msg/detail/vtol_vehicle_status__struct.hpp\n'}
[5.724397] (px4_msgs) StdoutLine: {'line': b'-- Up-to-date: /home/subhalaxmi/nidar_ws/install/px4_msgs/include/px4_msgs/px4_msgs/msg/detail/uavcan_parameter_request__traits.hpp\n'}
[5.724492] (px4_msgs) StdoutLine: {'line': b'-- Up-to-date: /home/subhalaxmi/nidar_ws/install/px4_msgs/include/px4_msgs/px4_msgs/msg/detail/estimator_bias__struct.hpp\n'}
[5.724604] (px4_msgs) StdoutLine: {'line': b'-- Up-to-date: /home/subhalaxmi/nidar_ws/install/px4_msgs/include/px4_msgs/px4_msgs/msg/detail/gripper__struct.hpp\n'}
[5.724702] (px4_msgs) StdoutLine: {'line': b'-- Up-to-date: /home/subhalaxmi/nidar_ws/install/px4_msgs/include/px4_msgs/px4_msgs/msg/detail/rover_speed_status__traits.hpp\n'}
[5.724797] (px4_msgs) StdoutLine: {'line': b'-- Up-to-date: /home/subhalaxmi/nidar_ws/install/px4_msgs/include/px4_msgs/px4_msgs/msg/detail/distance_sensor_mode_change_request__builder.hpp\n'}
[5.724893] (px4_msgs) StdoutLine: {'line': b'-- Up-to-date: /home/subhalaxmi/nidar_ws/install/px4_msgs/include/px4_msgs/px4_msgs/msg/detail/battery_info__struct.hpp\n'}
[5.724987] (px4_msgs) StdoutLine: {'line': b'-- Up-to-date: /home/subhalaxmi/nidar_ws/install/px4_msgs/include/px4_msgs/px4_msgs/msg/detail/manual_control_setpoint__type_support.hpp\n'}
[5.725089] (px4_msgs) StdoutLine: {'line': b'-- Up-to-date: /home/subhalaxmi/nidar_ws/install/px4_msgs/include/px4_msgs/px4_msgs/msg/detail/ulog_stream_ack__builder.hpp\n'}
[5.725187] (px4_msgs) StdoutLine: {'line': b'-- Up-to-date: /home/subhalaxmi/nidar_ws/install/px4_msgs/include/px4_msgs/px4_msgs/msg/detail/sensor_gyro_fft__traits.hpp\n'}
[5.725283] (px4_msgs) StdoutLine: {'line': b'-- Up-to-date: /home/subhalaxmi/nidar_ws/install/px4_msgs/include/px4_msgs/px4_msgs/msg/detail/transponder_report__builder.hpp\n'}
[5.725377] (px4_msgs) StdoutLine: {'line': b'-- Up-to-date: /home/subhalaxmi/nidar_ws/install/px4_msgs/include/px4_msgs/px4_msgs/msg/detail/battery_status__traits.hpp\n'}
[5.725471] (px4_msgs) StdoutLine: {'line': b'-- Up-to-date: /home/subhalaxmi/nidar_ws/install/px4_msgs/include/px4_msgs/px4_msgs/msg/detail/vehicle_rates_setpoint__type_support.hpp\n'}
[5.725591] (px4_msgs) StdoutLine: {'line': b'-- Up-to-date: /home/subhalaxmi/nidar_ws/install/px4_msgs/include/px4_msgs/px4_msgs/msg/detail/arming_check_request__type_support.hpp\n'}
[5.725694] (px4_msgs) StdoutLine: {'line': b'-- Up-to-date: /home/subhalaxmi/nidar_ws/install/px4_msgs/include/px4_msgs/px4_msgs/msg/detail/landing_target_innovations__type_support.hpp\n'}
[5.725788] (px4_msgs) StdoutLine: {'line': b'-- Up-to-date: /home/subhalaxmi/nidar_ws/install/px4_msgs/include/px4_msgs/px4_msgs/msg/detail/follow_target_status__builder.hpp\n'}
[5.725884] (px4_msgs) StdoutLine: {'line': b'-- Up-to-date: /home/subhalaxmi/nidar_ws/install/px4_msgs/include/px4_msgs/px4_msgs/msg/detail/actuator_test__traits.hpp\n'}
[5.725979] (px4_msgs) StdoutLine: {'line': b'-- Up-to-date: /home/subhalaxmi/nidar_ws/install/px4_msgs/include/px4_msgs/px4_msgs/msg/detail/estimator_bias3d__traits.hpp\n'}
[5.726074] (px4_msgs) StdoutLine: {'line': b'-- Up-to-date: /home/subhalaxmi/nidar_ws/install/px4_msgs/include/px4_msgs/px4_msgs/msg/detail/failure_detector_status__struct.hpp\n'}
[5.726168] (px4_msgs) StdoutLine: {'line': b'-- Up-to-date: /home/subhalaxmi/nidar_ws/install/px4_msgs/include/px4_msgs/px4_msgs/msg/detail/vehicle_roi__struct.hpp\n'}
[5.726263] (px4_msgs) StdoutLine: {'line': b'-- Up-to-date: /home/subhalaxmi/nidar_ws/install/px4_msgs/include/px4_msgs/px4_msgs/msg/detail/mission_result__struct.hpp\n'}
[5.726365] (px4_msgs) StdoutLine: {'line': b'-- Up-to-date: /home/subhalaxmi/nidar_ws/install/px4_msgs/include/px4_msgs/px4_msgs/msg/detail/action_request__builder.hpp\n'}
[5.726461] (px4_msgs) StdoutLine: {'line': b'-- Up-to-date: /home/subhalaxmi/nidar_ws/install/px4_msgs/include/px4_msgs/px4_msgs/msg/detail/mission__struct.hpp\n'}
[5.726572] (px4_msgs) StdoutLine: {'line': b'-- Up-to-date: /home/subhalaxmi/nidar_ws/install/px4_msgs/include/px4_msgs/px4_msgs/msg/detail/figure_eight_status__builder.hpp\n'}
[5.726678] (px4_msgs) StdoutLine: {'line': b'-- Up-to-date: /home/subhalaxmi/nidar_ws/install/px4_msgs/include/px4_msgs/px4_msgs/msg/detail/vtx__traits.hpp\n'}
[5.726773] (px4_msgs) StdoutLine: {'line': b'-- Up-to-date: /home/subhalaxmi/nidar_ws/install/px4_msgs/include/px4_msgs/px4_msgs/msg/detail/gain_compression__struct.hpp\n'}
[5.726868] (px4_msgs) StdoutLine: {'line': b'-- Up-to-date: /home/subhalaxmi/nidar_ws/install/px4_msgs/include/px4_msgs/px4_msgs/msg/detail/orb_test_large__traits.hpp\n'}
[5.726961] (px4_msgs) StdoutLine: {'line': b'-- Up-to-date: /home/subhalaxmi/nidar_ws/install/px4_msgs/include/px4_msgs/px4_msgs/msg/detail/fixed_wing_longitudinal_setpoint__builder.hpp\n'}
[5.727055] (px4_msgs) StdoutLine: {'line': b'-- Up-to-date: /home/subhalaxmi/nidar_ws/install/px4_msgs/include/px4_msgs/px4_msgs/msg/detail/launch_detection_status__type_support.hpp\n'}
[5.727150] (px4_msgs) StdoutLine: {'line': b'-- Up-to-date: /home/subhalaxmi/nidar_ws/install/px4_msgs/include/px4_msgs/px4_msgs/msg/detail/launch_detection_status__struct.hpp\n'}
[5.727244] (px4_msgs) StdoutLine: {'line': b'-- Up-to-date: /home/subhalaxmi/nidar_ws/install/px4_msgs/include/px4_msgs/px4_msgs/msg/detail/input_rc__struct.hpp\n'}
[5.727357] (px4_msgs) StdoutLine: {'line': b'-- Up-to-date: /home/subhalaxmi/nidar_ws/install/px4_msgs/include/px4_msgs/px4_msgs/msg/detail/raptor_input__traits.hpp\n'}
[5.727452] (px4_msgs) StdoutLine: {'line': b'-- Up-to-date: /home/subhalaxmi/nidar_ws/install/px4_msgs/include/px4_msgs/px4_msgs/msg/detail/position_controller_landing_status__struct.hpp\n'}
[5.727561] (px4_msgs) StdoutLine: {'line': b'-- Up-to-date: /home/subhalaxmi/nidar_ws/install/px4_msgs/include/px4_msgs/px4_msgs/msg/detail/timesync_status__builder.hpp\n'}
[5.727670] (px4_msgs) StdoutLine: {'line': b'-- Up-to-date: /home/subhalaxmi/nidar_ws/install/px4_msgs/include/px4_msgs/px4_msgs/msg/detail/sensors_status__traits.hpp\n'}
[5.727766] (px4_msgs) StdoutLine: {'line': b'-- Up-to-date: /home/subhalaxmi/nidar_ws/install/px4_msgs/include/px4_msgs/px4_msgs/msg/detail/qshell_req__builder.hpp\n'}
[5.727861] (px4_msgs) StdoutLine: {'line': b'-- Up-to-date: /home/subhalaxmi/nidar_ws/install/px4_msgs/include/px4_msgs/px4_msgs/msg/detail/onboard_computer_status__type_support.hpp\n'}
[5.727956] (px4_msgs) StdoutLine: {'line': b'-- Up-to-date: /home/subhalaxmi/nidar_ws/install/px4_msgs/include/px4_msgs/px4_msgs/msg/detail/actuator_outputs__traits.hpp\n'}
[5.728059] (px4_msgs) StdoutLine: {'line': b'-- Up-to-date: /home/subhalaxmi/nidar_ws/install/px4_msgs/include/px4_msgs/px4_msgs/msg/detail/arming_check_reply__type_support.hpp\n'}
[5.728155] (px4_msgs) StdoutLine: {'line': b'-- Up-to-date: /home/subhalaxmi/nidar_ws/install/px4_msgs/include/px4_msgs/px4_msgs/msg/detail/wheel_encoders__struct.hpp\n'}
[5.728252] (px4_msgs) StdoutLine: {'line': b'-- Up-to-date: /home/subhalaxmi/nidar_ws/install/px4_msgs/include/px4_msgs/px4_msgs/msg/detail/vtx__builder.hpp\n'}
[5.728346] (px4_msgs) StdoutLine: {'line': b'-- Up-to-date: /home/subhalaxmi/nidar_ws/install/px4_msgs/include/px4_msgs/px4_msgs/msg/detail/sensor_gnss_status__struct.hpp\n'}
[5.728440] (px4_msgs) StdoutLine: {'line': b'-- Up-to-date: /home/subhalaxmi/nidar_ws/install/px4_msgs/include/px4_msgs/px4_msgs/msg/detail/figure_eight_status__traits.hpp\n'}
[5.728545] (px4_msgs) StdoutLine: {'line': b'-- Up-to-date: /home/subhalaxmi/nidar_ws/install/px4_msgs/include/px4_msgs/px4_msgs/msg/detail/autotune_attitude_control_status__type_support.hpp\n'}
[5.728662] (px4_msgs) StdoutLine: {'line': b'-- Up-to-date: /home/subhalaxmi/nidar_ws/install/px4_msgs/include/px4_msgs/px4_msgs/msg/detail/gpio_out__struct.hpp\n'}
[5.728759] (px4_msgs) StdoutLine: {'line': b'-- Up-to-date: /home/subhalaxmi/nidar_ws/install/px4_msgs/include/px4_msgs/px4_msgs/msg/detail/home_position__struct.hpp\n'}
[5.728853] (px4_msgs) StdoutLine: {'line': b'-- Up-to-date: /home/subhalaxmi/nidar_ws/install/px4_msgs/include/px4_msgs/px4_msgs/msg/detail/launch_detection_status__builder.hpp\n'}
[5.728948] (px4_msgs) StdoutLine: {'line': b'-- Up-to-date: /home/subhalaxmi/nidar_ws/install/px4_msgs/include/px4_msgs/px4_msgs/msg/detail/actuator_motors__type_support.hpp\n'}
[5.729042] (px4_msgs) StdoutLine: {'line': b'-- Up-to-date: /home/subhalaxmi/nidar_ws/install/px4_msgs/include/px4_msgs/px4_msgs/msg/detail/can_interface_status__builder.hpp\n'}
[5.729136] (px4_msgs) StdoutLine: {'line': b'-- Up-to-date: /home/subhalaxmi/nidar_ws/install/px4_msgs/include/px4_msgs/px4_msgs/msg/detail/vehicle_angular_velocity__builder.hpp\n'}
[5.729231] (px4_msgs) StdoutLine: {'line': b'-- Up-to-date: /home/subhalaxmi/nidar_ws/install/px4_msgs/include/px4_msgs/px4_msgs/msg/detail/button_event__type_support.hpp\n'}
[5.729325] (px4_msgs) StdoutLine: {'line': b'-- Up-to-date: /home/subhalaxmi/nidar_ws/install/px4_msgs/include/px4_msgs/px4_msgs/msg/detail/led_control__type_support.hpp\n'}
[5.729419] (px4_msgs) StdoutLine: {'line': b'-- Up-to-date: /home/subhalaxmi/nidar_ws/install/px4_msgs/include/px4_msgs/px4_msgs/msg/detail/input_rc__type_support.hpp\n'}
[5.729514] (px4_msgs) StdoutLine: {'line': b'-- Up-to-date: /home/subhalaxmi/nidar_ws/install/px4_msgs/include/px4_msgs/px4_msgs/msg/detail/sensor_gyro_fifo__struct.hpp\n'}
[5.729656] (px4_msgs) StdoutLine: {'line': b'-- Up-to-date: /home/subhalaxmi/nidar_ws/install/px4_msgs/include/px4_msgs/px4_msgs/msg/detail/actuator_motors__traits.hpp\n'}
[5.729757] (px4_msgs) StdoutLine: {'line': b'-- Up-to-date: /home/subhalaxmi/nidar_ws/install/px4_msgs/include/px4_msgs/px4_msgs/msg/detail/vehicle_optical_flow__builder.hpp\n'}
[5.729855] (px4_msgs) StdoutLine: {'line': b'-- Up-to-date: /home/subhalaxmi/nidar_ws/install/px4_msgs/include/px4_msgs/px4_msgs/msg/detail/sensor_accel__traits.hpp\n'}
[5.729949] (px4_msgs) StdoutLine: {'line': b'-- Up-to-date: /home/subhalaxmi/nidar_ws/install/px4_msgs/include/px4_msgs/px4_msgs/msg/detail/ulog_stream__builder.hpp\n'}
[5.730044] (px4_msgs) StdoutLine: {'line': b'-- Up-to-date: /home/subhalaxmi/nidar_ws/install/px4_msgs/include/px4_msgs/px4_msgs/msg/detail/open_drone_id_arm_status__type_support.hpp\n'}
[5.730140] (px4_msgs) StdoutLine: {'line': b'-- Up-to-date: /home/subhalaxmi/nidar_ws/install/px4_msgs/include/px4_msgs/px4_msgs/msg/detail/mavlink_log__type_support.hpp\n'}
[5.730235] (px4_msgs) StdoutLine: {'line': b'-- Up-to-date: /home/subhalaxmi/nidar_ws/install/px4_msgs/include/px4_msgs/px4_msgs/msg/detail/vehicle_command_ack__traits.hpp\n'}
[5.730331] (px4_msgs) StdoutLine: {'line': b'-- Up-to-date: /home/subhalaxmi/nidar_ws/install/px4_msgs/include/px4_msgs/px4_msgs/msg/detail/estimator_aid_source1d__type_support.hpp\n'}
[5.730427] (px4_msgs) StdoutLine: {'line': b'-- Up-to-date: /home/subhalaxmi/nidar_ws/install/px4_msgs/include/px4_msgs/px4_msgs/msg/detail/esc_status__type_support.hpp\n'}
[5.730553] (px4_msgs) StdoutLine: {'line': b'-- Up-to-date: /home/subhalaxmi/nidar_ws/install/px4_msgs/include/px4_msgs/px4_msgs/msg/detail/heater_status__builder.hpp\n'}
[5.730665] (px4_msgs) StdoutLine: {'line': b'-- Up-to-date: /home/subhalaxmi/nidar_ws/install/px4_msgs/include/px4_msgs/px4_msgs/msg/detail/gimbal_manager_set_manual_control__traits.hpp\n'}
[5.730761] (px4_msgs) StdoutLine: {'line': b'-- Up-to-date: /home/subhalaxmi/nidar_ws/install/px4_msgs/include/px4_msgs/px4_msgs/msg/detail/actuator_outputs__builder.hpp\n'}
[5.730855] (px4_msgs) StdoutLine: {'line': b'-- Up-to-date: /home/subhalaxmi/nidar_ws/install/px4_msgs/include/px4_msgs/px4_msgs/msg/detail/ping__traits.hpp\n'}
[5.730959] (px4_msgs) StdoutLine: {'line': b'-- Up-to-date: /home/subhalaxmi/nidar_ws/install/px4_msgs/include/px4_msgs/px4_msgs/msg/detail/parameter_set_value_request__builder.hpp\n'}
[5.731059] (px4_msgs) StdoutLine: {'line': b'-- Up-to-date: /home/subhalaxmi/nidar_ws/install/px4_msgs/include/px4_msgs/px4_msgs/msg/detail/rover_rate_setpoint__traits.hpp\n'}
[5.731156] (px4_msgs) StdoutLine: {'line': b'-- Up-to-date: /home/subhalaxmi/nidar_ws/install/px4_msgs/include/px4_msgs/px4_msgs/msg/detail/sensor_mag__traits.hpp\n'}
[5.731251] (px4_msgs) StdoutLine: {'line': b'-- Up-to-date: /home/subhalaxmi/nidar_ws/install/px4_msgs/include/px4_msgs/px4_msgs/msg/detail/vehicle_local_position__type_support.hpp\n'}
[5.731346] (px4_msgs) StdoutLine: {'line': b'-- Up-to-date: /home/subhalaxmi/nidar_ws/install/px4_msgs/include/px4_msgs/px4_msgs/msg/detail/sensor_gnss_relative__type_support.hpp\n'}
[5.731441] (px4_msgs) StdoutLine: {'line': b'-- Up-to-date: /home/subhalaxmi/nidar_ws/install/px4_msgs/include/px4_msgs/px4_msgs/msg/detail/vehicle_attitude__traits.hpp\n'}
[5.731552] (px4_msgs) StdoutLine: {'line': b'-- Up-to-date: /home/subhalaxmi/nidar_ws/install/px4_msgs/include/px4_msgs/px4_msgs/msg/detail/follow_target_estimator__builder.hpp\n'}
[5.731663] (px4_msgs) StdoutLine: {'line': b'-- Up-to-date: /home/subhalaxmi/nidar_ws/install/px4_msgs/include/px4_msgs/px4_msgs/msg/detail/position_setpoint__type_support.hpp\n'}
[5.731760] (px4_msgs) StdoutLine: {'line': b'-- Up-to-date: /home/subhalaxmi/nidar_ws/install/px4_msgs/include/px4_msgs/px4_msgs/msg/detail/rate_ctrl_status__struct.hpp\n'}
[5.731855] (px4_msgs) StdoutLine: {'line': b'-- Up-to-date: /home/subhalaxmi/nidar_ws/install/px4_msgs/include/px4_msgs/px4_msgs/msg/detail/parameter_reset_request__struct.hpp\n'}
[5.731952] (px4_msgs) StdoutLine: {'line': b'-- Up-to-date: /home/subhalaxmi/nidar_ws/install/px4_msgs/include/px4_msgs/px4_msgs/msg/detail/sensor_selection__traits.hpp\n'}
[5.732047] (px4_msgs) StdoutLine: {'line': b'-- Up-to-date: /home/subhalaxmi/nidar_ws/install/px4_msgs/include/px4_msgs/px4_msgs/msg/detail/config_overrides__struct.hpp\n'}
[5.732142] (px4_msgs) StdoutLine: {'line': b'-- Up-to-date: /home/subhalaxmi/nidar_ws/install/px4_msgs/include/px4_msgs/px4_msgs/msg/detail/gpio_in__builder.hpp\n'}
[5.732236] (px4_msgs) StdoutLine: {'line': b'-- Up-to-date: /home/subhalaxmi/nidar_ws/install/px4_msgs/include/px4_msgs/px4_msgs/msg/detail/sensor_gps__builder.hpp\n'}
[5.732330] (px4_msgs) StdoutLine: {'line': b'-- Up-to-date: /home/subhalaxmi/nidar_ws/install/px4_msgs/include/px4_msgs/px4_msgs/msg/detail/parameter_update__builder.hpp\n'}
[5.732425] (px4_msgs) StdoutLine: {'line': b'-- Up-to-date: /home/subhalaxmi/nidar_ws/install/px4_msgs/include/px4_msgs/px4_msgs/msg/detail/dataman_request__builder.hpp\n'}
[5.732521] (px4_msgs) StdoutLine: {'line': b'-- Up-to-date: /home/subhalaxmi/nidar_ws/install/px4_msgs/include/px4_msgs/px4_msgs/msg/detail/goto_setpoint__traits.hpp\n'}
[5.732652] (px4_msgs) StdoutLine: {'line': b'-- Up-to-date: /home/subhalaxmi/nidar_ws/install/px4_msgs/include/px4_msgs/px4_msgs/msg/detail/follow_target_estimator__struct.hpp\n'}
[5.732749] (px4_msgs) StdoutLine: {'line': b'-- Up-to-date: /home/subhalaxmi/nidar_ws/install/px4_msgs/include/px4_msgs/px4_msgs/msg/detail/position_setpoint__traits.hpp\n'}
[5.732844] (px4_msgs) StdoutLine: {'line': b'-- Up-to-date: /home/subhalaxmi/nidar_ws/install/px4_msgs/include/px4_msgs/px4_msgs/msg/detail/longitudinal_control_configuration__builder.hpp\n'}
[5.732939] (px4_msgs) StdoutLine: {'line': b'-- Up-to-date: /home/subhalaxmi/nidar_ws/install/px4_msgs/include/px4_msgs/px4_msgs/msg/detail/debug_array__traits.hpp\n'}
[5.733034] (px4_msgs) StdoutLine: {'line': b'-- Up-to-date: /home/subhalaxmi/nidar_ws/install/px4_msgs/include/px4_msgs/px4_msgs/msg/detail/fixed_wing_runway_control__builder.hpp\n'}
[5.733129] (px4_msgs) StdoutLine: {'line': b'-- Up-to-date: /home/subhalaxmi/nidar_ws/install/px4_msgs/include/px4_msgs/px4_msgs/msg/detail/airspeed_wind__builder.hpp\n'}
[5.733224] (px4_msgs) StdoutLine: {'line': b'-- Up-to-date: /home/subhalaxmi/nidar_ws/install/px4_msgs/include/px4_msgs/px4_msgs/msg/detail/estimator_sensor_bias__type_support.hpp\n'}
[5.733329] (px4_msgs) StdoutLine: {'line': b'-- Up-to-date: /home/subhalaxmi/nidar_ws/install/px4_msgs/include/px4_msgs/px4_msgs/msg/detail/rover_position_setpoint__traits.hpp\n'}
[5.733426] (px4_msgs) StdoutLine: {'line': b'-- Up-to-date: /home/subhalaxmi/nidar_ws/install/px4_msgs/include/px4_msgs/px4_msgs/msg/detail/landing_target_innovations__builder.hpp\n'}
[5.733521] (px4_msgs) StdoutLine: {'line': b'-- Up-to-date: /home/subhalaxmi/nidar_ws/install/px4_msgs/include/px4_msgs/px4_msgs/msg/detail/vehicle_global_position__builder.hpp\n'}
[5.733647] (px4_msgs) StdoutLine: {'line': b'-- Up-to-date: /home/subhalaxmi/nidar_ws/install/px4_msgs/include/px4_msgs/px4_msgs/msg/detail/message_format_response__builder.hpp\n'}
[5.733765] (px4_msgs) StdoutLine: {'line': b'-- Up-to-date: /home/subhalaxmi/nidar_ws/install/px4_msgs/include/px4_msgs/px4_msgs/msg/detail/tiltrotor_extra_controls__struct.hpp\n'}
[5.733862] (px4_msgs) StdoutLine: {'line': b'-- Up-to-date: /home/subhalaxmi/nidar_ws/install/px4_msgs/include/px4_msgs/px4_msgs/msg/detail/vehicle_control_mode__builder.hpp\n'}
[5.733957] (px4_msgs) StdoutLine: {'line': b'-- Up-to-date: /home/subhalaxmi/nidar_ws/install/px4_msgs/include/px4_msgs/px4_msgs/msg/detail/vehicle_optical_flow_vel__traits.hpp\n'}
[5.734057] (px4_msgs) StdoutLine: {'line': b'-- Up-to-date: /home/subhalaxmi/nidar_ws/install/px4_msgs/include/px4_msgs/px4_msgs/msg/detail/gps_dump__type_support.hpp\n'}
[5.734154] (px4_msgs) StdoutLine: {'line': b'-- Up-to-date: /home/subhalaxmi/nidar_ws/install/px4_msgs/include/px4_msgs/px4_msgs/msg/detail/rpm__traits.hpp\n'}
[5.734249] (px4_msgs) StdoutLine: {'line': b'-- Up-to-date: /home/subhalaxmi/nidar_ws/install/px4_msgs/include/px4_msgs/px4_msgs/msg/detail/battery_status__struct.hpp\n'}
[5.734345] (px4_msgs) StdoutLine: {'line': b'-- Up-to-date: /home/subhalaxmi/nidar_ws/install/px4_msgs/include/px4_msgs/px4_msgs/msg/detail/sensor_selection__type_support.hpp\n'}
[5.734440] (px4_msgs) StdoutLine: {'line': b'-- Up-to-date: /home/subhalaxmi/nidar_ws/install/px4_msgs/include/px4_msgs/px4_msgs/msg/detail/mission__traits.hpp\n'}
[5.734549] (px4_msgs) StdoutLine: {'line': b'-- Up-to-date: /home/subhalaxmi/nidar_ws/install/px4_msgs/include/px4_msgs/px4_msgs/msg/detail/system_power__traits.hpp\n'}
[5.734660] (px4_msgs) StdoutLine: {'line': b'-- Up-to-date: /home/subhalaxmi/nidar_ws/install/px4_msgs/include/px4_msgs/px4_msgs/msg/detail/tecs_status__traits.hpp\n'}
[5.734756] (px4_msgs) StdoutLine: {'line': b'-- Up-to-date: /home/subhalaxmi/nidar_ws/install/px4_msgs/include/px4_msgs/px4_msgs/msg/detail/telemetry_status__struct.hpp\n'}
[5.734851] (px4_msgs) StdoutLine: {'line': b'-- Up-to-date: /home/subhalaxmi/nidar_ws/install/px4_msgs/include/px4_msgs/px4_msgs/msg/detail/vehicle_control_mode__struct.hpp\n'}
[5.734946] (px4_msgs) StdoutLine: {'line': b'-- Up-to-date: /home/subhalaxmi/nidar_ws/install/px4_msgs/include/px4_msgs/px4_msgs/msg/detail/power_button_state__traits.hpp\n'}
[5.735041] (px4_msgs) StdoutLine: {'line': b'-- Up-to-date: /home/subhalaxmi/nidar_ws/install/px4_msgs/include/px4_msgs/px4_msgs/msg/detail/parameter_set_value_request__type_support.hpp\n'}
[5.735136] (px4_msgs) StdoutLine: {'line': b'-- Up-to-date: /home/subhalaxmi/nidar_ws/install/px4_msgs/include/px4_msgs/px4_msgs/msg/detail/actuator_servos__type_support.hpp\n'}
[5.735232] (px4_msgs) StdoutLine: {'line': b'-- Up-to-date: /home/subhalaxmi/nidar_ws/install/px4_msgs/include/px4_msgs/px4_msgs/msg/detail/sensor_optical_flow__traits.hpp\n'}
[5.735325] (px4_msgs) StdoutLine: {'line': b'-- Up-to-date: /home/subhalaxmi/nidar_ws/install/px4_msgs/include/px4_msgs/px4_msgs/msg/detail/internal_combustion_engine_control__struct.hpp\n'}
[5.735419] (px4_msgs) StdoutLine: {'line': b'-- Up-to-date: /home/subhalaxmi/nidar_ws/install/px4_msgs/include/px4_msgs/px4_msgs/msg/detail/mag_worker_data__builder.hpp\n'}
[5.735513] (px4_msgs) StdoutLine: {'line': b'-- Up-to-date: /home/subhalaxmi/nidar_ws/install/px4_msgs/include/px4_msgs/px4_msgs/msg/detail/vehicle_local_position__builder.hpp\n'}
[5.735633] (px4_msgs) StdoutLine: {'line': b'-- Up-to-date: /home/subhalaxmi/nidar_ws/install/px4_msgs/include/px4_msgs/px4_msgs/msg/detail/distance_sensor__type_support.hpp\n'}
[5.735732] (px4_msgs) StdoutLine: {'line': b'-- Up-to-date: /home/subhalaxmi/nidar_ws/install/px4_msgs/include/px4_msgs/px4_msgs/msg/detail/fixed_wing_lateral_status__type_support.hpp\n'}
[5.735827] (px4_msgs) StdoutLine: {'line': b'-- Up-to-date: /home/subhalaxmi/nidar_ws/install/px4_msgs/include/px4_msgs/px4_msgs/msg/detail/sensor_gps__traits.hpp\n'}
[5.735921] (px4_msgs) StdoutLine: {'line': b'-- Up-to-date: /home/subhalaxmi/nidar_ws/install/px4_msgs/include/px4_msgs/px4_msgs/msg/detail/rover_attitude_setpoint__traits.hpp\n'}
[5.736017] (px4_msgs) StdoutLine: {'line': b'-- Up-to-date: /home/subhalaxmi/nidar_ws/install/px4_msgs/include/px4_msgs/px4_msgs/msg/detail/mission__builder.hpp\n'}
[5.736112] (px4_msgs) StdoutLine: {'line': b'-- Up-to-date: /home/subhalaxmi/nidar_ws/install/px4_msgs/include/px4_msgs/px4_msgs/msg/detail/estimator_innovations__builder.hpp\n'}
[5.736208] (px4_msgs) StdoutLine: {'line': b'-- Up-to-date: /home/subhalaxmi/nidar_ws/install/px4_msgs/include/px4_msgs/px4_msgs/msg/detail/open_drone_id_system__builder.hpp\n'}
[5.736303] (px4_msgs) StdoutLine: {'line': b'-- Up-to-date: /home/subhalaxmi/nidar_ws/install/px4_msgs/include/px4_msgs/px4_msgs/msg/detail/battery_info__builder.hpp\n'}
[5.736398] (px4_msgs) StdoutLine: {'line': b'-- Up-to-date: /home/subhalaxmi/nidar_ws/install/px4_msgs/include/px4_msgs/px4_msgs/msg/detail/pure_pursuit_status__builder.hpp\n'}
[5.736493] (px4_msgs) StdoutLine: {'line': b'-- Up-to-date: /home/subhalaxmi/nidar_ws/install/px4_msgs/include/px4_msgs/px4_msgs/msg/detail/gimbal_device_attitude_status__type_support.hpp\n'}
[5.736606] (px4_msgs) StdoutLine: {'line': b'-- Up-to-date: /home/subhalaxmi/nidar_ws/install/px4_msgs/include/px4_msgs/px4_msgs/msg/detail/actuator_test__type_support.hpp\n'}
[5.736705] (px4_msgs) StdoutLine: {'line': b'-- Up-to-date: /home/subhalaxmi/nidar_ws/install/px4_msgs/include/px4_msgs/px4_msgs/msg/detail/generator_status__struct.hpp\n'}
[5.736802] (px4_msgs) StdoutLine: {'line': b'-- Up-to-date: /home/subhalaxmi/nidar_ws/install/px4_msgs/include/px4_msgs/px4_msgs/msg/detail/vehicle_angular_velocity__struct.hpp\n'}
[5.736912] (px4_msgs) StdoutLine: {'line': b'-- Up-to-date: /home/subhalaxmi/nidar_ws/install/px4_msgs/include/px4_msgs/px4_msgs/msg/detail/sensor_gyro_fft__builder.hpp\n'}
[5.737114] (px4_msgs) StdoutLine: {'line': b'-- Up-to-date: /home/subhalaxmi/nidar_ws/install/px4_msgs/include/px4_msgs/px4_msgs/msg/detail/pwm_input__builder.hpp\n'}
[5.737223] (px4_msgs) StdoutLine: {'line': b'-- Up-to-date: /home/subhalaxmi/nidar_ws/install/px4_msgs/include/px4_msgs/px4_msgs/msg/detail/dataman_request__type_support.hpp\n'}
[5.737320] (px4_msgs) StdoutLine: {'line': b'-- Up-to-date: /home/subhalaxmi/nidar_ws/install/px4_msgs/include/px4_msgs/px4_msgs/msg/detail/landing_target_pose__struct.hpp\n'}
[5.737417] (px4_msgs) StdoutLine: {'line': b'-- Up-to-date: /home/subhalaxmi/nidar_ws/install/px4_msgs/include/px4_msgs/px4_msgs/msg/detail/vehicle_attitude__builder.hpp\n'}
[5.737515] (px4_msgs) StdoutLine: {'line': b'-- Up-to-date: /home/subhalaxmi/nidar_ws/install/px4_msgs/include/px4_msgs/px4_msgs/msg/detail/raptor_status__struct.hpp\n'}
[5.737649] (px4_msgs) StdoutLine: {'line': b'-- Up-to-date: /home/subhalaxmi/nidar_ws/install/px4_msgs/include/px4_msgs/px4_msgs/msg/detail/vehicle_attitude__struct.hpp\n'}
[5.737749] (px4_msgs) StdoutLine: {'line': b'-- Up-to-date: /home/subhalaxmi/nidar_ws/install/px4_msgs/include/px4_msgs/px4_msgs/msg/detail/heater_status__type_support.hpp\n'}
[5.737845] (px4_msgs) StdoutLine: {'line': b'-- Up-to-date: /home/subhalaxmi/nidar_ws/install/px4_msgs/include/px4_msgs/px4_msgs/msg/detail/fixed_wing_lateral_status__struct.hpp\n'}
[5.737941] (px4_msgs) StdoutLine: {'line': b'-- Up-to-date: /home/subhalaxmi/nidar_ws/install/px4_msgs/include/px4_msgs/px4_msgs/msg/detail/lateral_control_configuration__builder.hpp\n'}
[5.738052] (px4_msgs) StdoutLine: {'line': b'-- Up-to-date: /home/subhalaxmi/nidar_ws/install/px4_msgs/include/px4_msgs/px4_msgs/msg/detail/dataman_request__traits.hpp\n'}
[5.738148] (px4_msgs) StdoutLine: {'line': b'-- Up-to-date: /home/subhalaxmi/nidar_ws/install/px4_msgs/include/px4_msgs/px4_msgs/msg/detail/obstacle_distance__traits.hpp\n'}
[5.738242] (px4_msgs) StdoutLine: {'line': b'-- Up-to-date: /home/subhalaxmi/nidar_ws/install/px4_msgs/include/px4_msgs/px4_msgs/msg/detail/sensor_airflow__struct.hpp\n'}
[5.738337] (px4_msgs) StdoutLine: {'line': b'-- Up-to-date: /home/subhalaxmi/nidar_ws/install/px4_msgs/include/px4_msgs/px4_msgs/msg/detail/ping__builder.hpp\n'}
[5.738432] (px4_msgs) StdoutLine: {'line': b'-- Up-to-date: /home/subhalaxmi/nidar_ws/install/px4_msgs/include/px4_msgs/px4_msgs/msg/detail/esc_status__builder.hpp\n'}
[5.738538] (px4_msgs) StdoutLine: {'line': b'-- Up-to-date: /home/subhalaxmi/nidar_ws/install/px4_msgs/include/px4_msgs/px4_msgs/msg/detail/control_allocator_status__traits.hpp\n'}
[5.738656] (px4_msgs) StdoutLine: {'line': b'-- Up-to-date: /home/subhalaxmi/nidar_ws/install/px4_msgs/include/px4_msgs/px4_msgs/msg/detail/power_button_state__builder.hpp\n'}
[5.738752] (px4_msgs) StdoutLine: {'line': b'-- Up-to-date: /home/subhalaxmi/nidar_ws/install/px4_msgs/include/px4_msgs/px4_msgs/msg/detail/estimator_event_flags__type_support.hpp\n'}
[5.738847] (px4_msgs) StdoutLine: {'line': b'-- Up-to-date: /home/subhalaxmi/nidar_ws/install/px4_msgs/include/px4_msgs/px4_msgs/msg/detail/takeoff_status__traits.hpp\n'}
[5.738943] (px4_msgs) StdoutLine: {'line': b'-- Up-to-date: /home/subhalaxmi/nidar_ws/install/px4_msgs/include/px4_msgs/px4_msgs/msg/detail/rover_speed_setpoint__traits.hpp\n'}
[5.739039] (px4_msgs) StdoutLine: {'line': b'-- Up-to-date: /home/subhalaxmi/nidar_ws/install/px4_msgs/include/px4_msgs/px4_msgs/msg/detail/failsafe_flags__builder.hpp\n'}
[5.739134] (px4_msgs) StdoutLine: {'line': b'-- Up-to-date: /home/subhalaxmi/nidar_ws/install/px4_msgs/include/px4_msgs/px4_msgs/msg/detail/power_monitor__struct.hpp\n'}
[5.739230] (px4_msgs) StdoutLine: {'line': b'-- Up-to-date: /home/subhalaxmi/nidar_ws/install/px4_msgs/include/px4_msgs/px4_msgs/msg/detail/battery_info__traits.hpp\n'}
[5.739326] (px4_msgs) StdoutLine: {'line': b'-- Up-to-date: /home/subhalaxmi/nidar_ws/install/px4_msgs/include/px4_msgs/px4_msgs/msg/detail/gimbal_manager_set_attitude__traits.hpp\n'}
[5.739421] (px4_msgs) StdoutLine: {'line': b'-- Up-to-date: /home/subhalaxmi/nidar_ws/install/px4_msgs/include/px4_msgs/px4_msgs/msg/detail/gpio_request__traits.hpp\n'}
[5.739516] (px4_msgs) StdoutLine: {'line': b'-- Up-to-date: /home/subhalaxmi/nidar_ws/install/px4_msgs/include/px4_msgs/px4_msgs/msg/detail/velocity_limits__traits.hpp\n'}
[5.739638] (px4_msgs) StdoutLine: {'line': b'-- Up-to-date: /home/subhalaxmi/nidar_ws/install/px4_msgs/include/px4_msgs/px4_msgs/msg/detail/manual_control_setpoint__builder.hpp\n'}
[5.739734] (px4_msgs) StdoutLine: {'line': b'-- Up-to-date: /home/subhalaxmi/nidar_ws/install/px4_msgs/include/px4_msgs/px4_msgs/msg/detail/differential_pressure__type_support.hpp\n'}
[5.739830] (px4_msgs) StdoutLine: {'line': b'-- Up-to-date: /home/subhalaxmi/nidar_ws/install/px4_msgs/include/px4_msgs/px4_msgs/msg/detail/sensor_combined__traits.hpp\n'}
[5.739924] (px4_msgs) StdoutLine: {'line': b'-- Up-to-date: /home/subhalaxmi/nidar_ws/install/px4_msgs/include/px4_msgs/px4_msgs/msg/detail/unregister_ext_component__traits.hpp\n'}
[5.740020] (px4_msgs) StdoutLine: {'line': b'-- Up-to-date: /home/subhalaxmi/nidar_ws/install/px4_msgs/include/px4_msgs/px4_msgs/msg/detail/gimbal_manager_status__builder.hpp\n'}
[5.740127] (px4_msgs) StdoutLine: {'line': b'-- Up-to-date: /home/subhalaxmi/nidar_ws/install/px4_msgs/include/px4_msgs/px4_msgs/msg/detail/position_setpoint_triplet__type_support.hpp\n'}
[5.740225] (px4_msgs) StdoutLine: {'line': b'-- Up-to-date: /home/subhalaxmi/nidar_ws/install/px4_msgs/include/px4_msgs/px4_msgs/msg/detail/landing_gear__struct.hpp\n'}
[5.740340] (px4_msgs) StdoutLine: {'line': b'-- Up-to-date: /home/subhalaxmi/nidar_ws/install/px4_msgs/include/px4_msgs/px4_msgs/msg/detail/vehicle_magnetometer__builder.hpp\n'}
[5.740436] (px4_msgs) StdoutLine: {'line': b'-- Up-to-date: /home/subhalaxmi/nidar_ws/install/px4_msgs/include/px4_msgs/px4_msgs/msg/detail/power_button_state__type_support.hpp\n'}
[5.740544] (px4_msgs) StdoutLine: {'line': b'-- Up-to-date: /home/subhalaxmi/nidar_ws/install/px4_msgs/include/px4_msgs/px4_msgs/msg/detail/logger_status__struct.hpp\n'}
[5.740656] (px4_msgs) StdoutLine: {'line': b'-- Up-to-date: /home/subhalaxmi/nidar_ws/install/px4_msgs/include/px4_msgs/px4_msgs/msg/detail/landing_gear_wheel__struct.hpp\n'}
[5.740752] (px4_msgs) StdoutLine: {'line': b'-- Up-to-date: /home/subhalaxmi/nidar_ws/install/px4_msgs/include/px4_msgs/px4_msgs/msg/detail/vehicle_command__struct.hpp\n'}
[5.740847] (px4_msgs) StdoutLine: {'line': b'-- Up-to-date: /home/subhalaxmi/nidar_ws/install/px4_msgs/include/px4_msgs/px4_msgs/msg/detail/rover_attitude_status__traits.hpp\n'}
[5.740943] (px4_msgs) StdoutLine: {'line': b'-- Up-to-date: /home/subhalaxmi/nidar_ws/install/px4_msgs/include/px4_msgs/px4_msgs/msg/detail/rover_rate_status__struct.hpp\n'}
[5.741039] (px4_msgs) StdoutLine: {'line': b'-- Up-to-date: /home/subhalaxmi/nidar_ws/install/px4_msgs/include/px4_msgs/px4_msgs/msg/detail/mag_worker_data__type_support.hpp\n'}
[5.741136] (px4_msgs) StdoutLine: {'line': b'-- Up-to-date: /home/subhalaxmi/nidar_ws/install/px4_msgs/include/px4_msgs/px4_msgs/msg/detail/actuator_servos_trim__traits.hpp\n'}
[5.741231] (px4_msgs) StdoutLine: {'line': b'-- Up-to-date: /home/subhalaxmi/nidar_ws/install/px4_msgs/include/px4_msgs/px4_msgs/msg/detail/logger_status__type_support.hpp\n'}
[5.741326] (px4_msgs) StdoutLine: {'line': b'-- Up-to-date: /home/subhalaxmi/nidar_ws/install/px4_msgs/include/px4_msgs/px4_msgs/msg/detail/estimator_bias__type_support.hpp\n'}
[5.741421] (px4_msgs) StdoutLine: {'line': b'-- Up-to-date: /home/subhalaxmi/nidar_ws/install/px4_msgs/include/px4_msgs/px4_msgs/msg/detail/cellular_status__builder.hpp\n'}
[5.741515] (px4_msgs) StdoutLine: {'line': b'-- Up-to-date: /home/subhalaxmi/nidar_ws/install/px4_msgs/include/px4_msgs/px4_msgs/msg/detail/aux_global_position__type_support.hpp\n'}
[5.741642] (px4_msgs) StdoutLine: {'line': b'-- Up-to-date: /home/subhalaxmi/nidar_ws/install/px4_msgs/include/px4_msgs/px4_msgs/msg/detail/generator_status__type_support.hpp\n'}
[5.741738] (px4_msgs) StdoutLine: {'line': b'-- Up-to-date: /home/subhalaxmi/nidar_ws/install/px4_msgs/include/px4_msgs/px4_msgs/msg/detail/home_position__type_support.hpp\n'}
[5.741833] (px4_msgs) StdoutLine: {'line': b'-- Up-to-date: /home/subhalaxmi/nidar_ws/install/px4_msgs/include/px4_msgs/px4_msgs/msg/detail/geofence_status__builder.hpp\n'}
[5.741929] (px4_msgs) StdoutLine: {'line': b'-- Up-to-date: /home/subhalaxmi/nidar_ws/install/px4_msgs/include/px4_msgs/px4_msgs/msg/detail/sensor_airflow__traits.hpp\n'}
[5.742024] (px4_msgs) StdoutLine: {'line': b'-- Up-to-date: /home/subhalaxmi/nidar_ws/install/px4_msgs/include/px4_msgs/px4_msgs/msg/detail/battery_info__type_support.hpp\n'}
[5.742118] (px4_msgs) StdoutLine: {'line': b'-- Up-to-date: /home/subhalaxmi/nidar_ws/install/px4_msgs/include/px4_msgs/px4_msgs/msg/detail/vehicle_thrust_setpoint__traits.hpp\n'}
[5.742213] (px4_msgs) StdoutLine: {'line': b'-- Up-to-date: /home/subhalaxmi/nidar_ws/install/px4_msgs/include/px4_msgs/px4_msgs/msg/detail/sensor_baro__traits.hpp\n'}
[5.742308] (px4_msgs) StdoutLine: {'line': b'-- Up-to-date: /home/subhalaxmi/nidar_ws/install/px4_msgs/include/px4_msgs/px4_msgs/msg/detail/sensor_hygrometer__builder.hpp\n'}
[5.742403] (px4_msgs) StdoutLine: {'line': b'-- Up-to-date: /home/subhalaxmi/nidar_ws/install/px4_msgs/include/px4_msgs/px4_msgs/msg/detail/parameter_reset_request__builder.hpp\n'}
[5.742501] (px4_msgs) StdoutLine: {'line': b'-- Up-to-date: /home/subhalaxmi/nidar_ws/install/px4_msgs/include/px4_msgs/px4_msgs/msg/detail/led_control__traits.hpp\n'}
[5.742633] (px4_msgs) StdoutLine: {'line': b'-- Up-to-date: /home/subhalaxmi/nidar_ws/install/px4_msgs/include/px4_msgs/px4_msgs/msg/detail/action_request__struct.hpp\n'}
[5.742747] (px4_msgs) StdoutLine: {'line': b'-- Up-to-date: /home/subhalaxmi/nidar_ws/install/px4_msgs/include/px4_msgs/px4_msgs/msg/detail/estimator_aid_source2d__type_support.hpp\n'}
[5.742844] (px4_msgs) StdoutLine: {'line': b'-- Up-to-date: /home/subhalaxmi/nidar_ws/install/px4_msgs/include/px4_msgs/px4_msgs/msg/detail/pps_capture__builder.hpp\n'}
[5.742938] (px4_msgs) StdoutLine: {'line': b'-- Up-to-date: /home/subhalaxmi/nidar_ws/install/px4_msgs/include/px4_msgs/px4_msgs/msg/detail/logger_status__builder.hpp\n'}
[5.743033] (px4_msgs) StdoutLine: {'line': b'-- Up-to-date: /home/subhalaxmi/nidar_ws/install/px4_msgs/include/px4_msgs/px4_msgs/msg/detail/vehicle_odometry__traits.hpp\n'}
[5.743129] (px4_msgs) StdoutLine: {'line': b'-- Up-to-date: /home/subhalaxmi/nidar_ws/install/px4_msgs/include/px4_msgs/px4_msgs/msg/detail/rover_position_setpoint__type_support.hpp\n'}
[5.743238] (px4_msgs) StdoutLine: {'line': b'-- Up-to-date: /home/subhalaxmi/nidar_ws/install/px4_msgs/include/px4_msgs/px4_msgs/msg/detail/gpio_in__struct.hpp\n'}
[5.743407] (px4_msgs) StdoutLine: {'line': b'-- Up-to-date: /home/subhalaxmi/nidar_ws/install/px4_msgs/include/px4_msgs/px4_msgs/msg/detail/control_allocator_status__type_support.hpp\n'}
[5.743601] (px4_msgs) StdoutLine: {'line': b'-- Up-to-date: /home/subhalaxmi/nidar_ws/install/px4_msgs/include/px4_msgs/px4_msgs/msg/detail/open_drone_id_operator_id__builder.hpp\n'}
[5.743800] (px4_msgs) StdoutLine: {'line': b'-- Up-to-date: /home/subhalaxmi/nidar_ws/install/px4_msgs/include/px4_msgs/px4_msgs/msg/detail/estimator_bias__traits.hpp\n'}
[5.743973] (px4_msgs) StdoutLine: {'line': b'-- Up-to-date: /home/subhalaxmi/nidar_ws/install/px4_msgs/include/px4_msgs/px4_msgs/msg/detail/follow_target_estimator__traits.hpp\n'}
[5.744144] (px4_msgs) StdoutLine: {'line': b'-- Up-to-date: /home/subhalaxmi/nidar_ws/install/px4_msgs/include/px4_msgs/px4_msgs/msg/detail/velocity_limits__builder.hpp\n'}
[5.744285] (px4_msgs) StdoutLine: {'line': b'-- Up-to-date: /home/subhalaxmi/nidar_ws/install/px4_msgs/include/px4_msgs/px4_msgs/msg/detail/mavlink_tunnel__struct.hpp\n'}
[5.744383] (px4_msgs) StdoutLine: {'line': b'-- Up-to-date: /home/subhalaxmi/nidar_ws/install/px4_msgs/include/px4_msgs/px4_msgs/msg/detail/takeoff_status__type_support.hpp\n'}
[5.744478] (px4_msgs) StdoutLine: {'line': b'-- Up-to-date: /home/subhalaxmi/nidar_ws/install/px4_msgs/include/px4_msgs/px4_msgs/msg/detail/flight_phase_estimation__builder.hpp\n'}
[5.744608] (px4_msgs) StdoutLine: {'line': b'-- Up-to-date: /home/subhalaxmi/nidar_ws/install/px4_msgs/include/px4_msgs/px4_msgs/msg/detail/home_position__traits.hpp\n'}
[5.744713] (px4_msgs) StdoutLine: {'line': b'-- Up-to-date: /home/subhalaxmi/nidar_ws/install/px4_msgs/include/px4_msgs/px4_msgs/msg/detail/actuator_servos__struct.hpp\n'}
[5.744853] (px4_msgs) StdoutLine: {'line': b'-- Up-to-date: /home/subhalaxmi/nidar_ws/install/px4_msgs/include/px4_msgs/px4_msgs/msg/detail/navigator_status__type_support.hpp\n'}
[5.745047] (px4_msgs) StdoutLine: {'line': b'-- Up-to-date: /home/subhalaxmi/nidar_ws/install/px4_msgs/include/px4_msgs/px4_msgs/msg/detail/parameter_reset_request__traits.hpp\n'}
[5.745250] (px4_msgs) StdoutLine: {'line': b'-- Up-to-date: /home/subhalaxmi/nidar_ws/install/px4_msgs/include/px4_msgs/px4_msgs/msg/detail/rpm__type_support.hpp\n'}
[5.745423] (px4_msgs) StdoutLine: {'line': b'-- Up-to-date: /home/subhalaxmi/nidar_ws/install/px4_msgs/include/px4_msgs/px4_msgs/msg/detail/magnetometer_bias_estimate__struct.hpp\n'}
[5.745622] (px4_msgs) StdoutLine: {'line': b'-- Up-to-date: /home/subhalaxmi/nidar_ws/install/px4_msgs/include/px4_msgs/px4_msgs/msg/detail/can_interface_status__traits.hpp\n'}
[5.745819] (px4_msgs) StdoutLine: {'line': b'-- Up-to-date: /home/subhalaxmi/nidar_ws/install/px4_msgs/include/px4_msgs/px4_msgs/msg/detail/normalized_unsigned_setpoint__traits.hpp\n'}
[5.746004] (px4_msgs) StdoutLine: {'line': b'-- Up-to-date: /home/subhalaxmi/nidar_ws/install/px4_msgs/include/px4_msgs/px4_msgs/msg/detail/yaw_estimator_status__traits.hpp\n'}
[5.746222] (px4_msgs) StdoutLine: {'line': b'-- Up-to-date: /home/subhalaxmi/nidar_ws/install/px4_msgs/include/px4_msgs/px4_msgs/msg/detail/distance_sensor__struct.hpp\n'}
[5.746408] (px4_msgs) StdoutLine: {'line': b'-- Up-to-date: /home/subhalaxmi/nidar_ws/install/px4_msgs/include/px4_msgs/px4_msgs/msg/detail/estimator_event_flags__builder.hpp\n'}
[5.746553] (px4_msgs) StdoutLine: {'line': b'-- Up-to-date: /home/subhalaxmi/nidar_ws/install/px4_msgs/include/px4_msgs/px4_msgs/msg/detail/debug_value__struct.hpp\n'}
[5.746673] (px4_msgs) StdoutLine: {'line': b'-- Up-to-date: /home/subhalaxmi/nidar_ws/install/px4_msgs/include/px4_msgs/px4_msgs/msg/detail/rover_attitude_setpoint__struct.hpp\n'}
[5.746771] (px4_msgs) StdoutLine: {'line': b'-- Up-to-date: /home/subhalaxmi/nidar_ws/install/px4_msgs/include/px4_msgs/px4_msgs/msg/detail/iridiumsbd_status__struct.hpp\n'}
[5.746867] (px4_msgs) StdoutLine: {'line': b'-- Up-to-date: /home/subhalaxmi/nidar_ws/install/px4_msgs/include/px4_msgs/px4_msgs/msg/detail/device_information__struct.hpp\n'}
[5.746963] (px4_msgs) StdoutLine: {'line': b'-- Up-to-date: /home/subhalaxmi/nidar_ws/install/px4_msgs/include/px4_msgs/px4_msgs/msg/detail/aux_global_position__builder.hpp\n'}
[5.747060] (px4_msgs) StdoutLine: {'line': b'-- Up-to-date: /home/subhalaxmi/nidar_ws/install/px4_msgs/include/px4_msgs/px4_msgs/msg/detail/lateral_control_configuration__traits.hpp\n'}
[5.747157] (px4_msgs) StdoutLine: {'line': b'-- Up-to-date: /home/subhalaxmi/nidar_ws/install/px4_msgs/include/px4_msgs/px4_msgs/msg/detail/onboard_computer_status__builder.hpp\n'}
[5.747254] (px4_msgs) StdoutLine: {'line': b'-- Up-to-date: /home/subhalaxmi/nidar_ws/install/px4_msgs/include/px4_msgs/px4_msgs/msg/detail/rover_rate_status__builder.hpp\n'}
[5.747350] (px4_msgs) StdoutLine: {'line': b'-- Up-to-date: /home/subhalaxmi/nidar_ws/install/px4_msgs/include/px4_msgs/px4_msgs/msg/detail/flight_phase_estimation__traits.hpp\n'}
[5.747447] (px4_msgs) StdoutLine: {'line': b'-- Up-to-date: /home/subhalaxmi/nidar_ws/install/px4_msgs/include/px4_msgs/px4_msgs/msg/detail/vehicle_odometry__struct.hpp\n'}
[5.747571] (px4_msgs) StdoutLine: {'line': b'-- Up-to-date: /home/subhalaxmi/nidar_ws/install/px4_msgs/include/px4_msgs/px4_msgs/msg/detail/esc_report__struct.hpp\n'}
[5.747684] (px4_msgs) StdoutLine: {'line': b'-- Up-to-date: /home/subhalaxmi/nidar_ws/install/px4_msgs/include/px4_msgs/px4_msgs/msg/detail/mount_orientation__type_support.hpp\n'}
[5.747879] (px4_msgs) StdoutLine: {'line': b'-- Up-to-date: /home/subhalaxmi/nidar_ws/install/px4_msgs/include/px4_msgs/px4_msgs/msg/detail/task_stack_info__struct.hpp\n'}
[5.747979] (px4_msgs) StdoutLine: {'line': b'-- Up-to-date: /home/subhalaxmi/nidar_ws/install/px4_msgs/include/px4_msgs/px4_msgs/msg/detail/vehicle_acceleration__type_support.hpp\n'}
[5.748074] (px4_msgs) StdoutLine: {'line': b'-- Up-to-date: /home/subhalaxmi/nidar_ws/install/px4_msgs/include/px4_msgs/px4_msgs/msg/detail/px4io_status__builder.hpp\n'}
[5.748190] (px4_msgs) StdoutLine: {'line': b'-- Up-to-date: /home/subhalaxmi/nidar_ws/install/px4_msgs/include/px4_msgs/px4_msgs/msg/detail/fixed_wing_lateral_guidance_status__traits.hpp\n'}
[5.748288] (px4_msgs) StdoutLine: {'line': b'-- Up-to-date: /home/subhalaxmi/nidar_ws/install/px4_msgs/include/px4_msgs/px4_msgs/msg/detail/event__traits.hpp\n'}
[5.748383] (px4_msgs) StdoutLine: {'line': b'-- Up-to-date: /home/subhalaxmi/nidar_ws/install/px4_msgs/include/px4_msgs/px4_msgs/msg/detail/event__type_support.hpp\n'}
[5.748479] (px4_msgs) StdoutLine: {'line': b'-- Up-to-date: /home/subhalaxmi/nidar_ws/install/px4_msgs/include/px4_msgs/px4_msgs/msg/detail/px4io_status__traits.hpp\n'}
[5.748600] (px4_msgs) StdoutLine: {'line': b'-- Up-to-date: /home/subhalaxmi/nidar_ws/install/px4_msgs/include/px4_msgs/px4_msgs/msg/detail/vehicle_global_position__traits.hpp\n'}
[5.748703] (px4_msgs) StdoutLine: {'line': b'-- Up-to-date: /home/subhalaxmi/nidar_ws/install/px4_msgs/include/px4_msgs/px4_msgs/msg/detail/debug_vect__struct.hpp\n'}
[5.748807] (px4_msgs) StdoutLine: {'line': b'-- Up-to-date: /home/subhalaxmi/nidar_ws/install/px4_msgs/include/px4_msgs/px4_msgs/msg/detail/landing_target_innovations__struct.hpp\n'}
[5.748902] (px4_msgs) StdoutLine: {'line': b'-- Up-to-date: /home/subhalaxmi/nidar_ws/install/px4_msgs/include/px4_msgs/px4_msgs/msg/detail/internal_combustion_engine_control__traits.hpp\n'}
[5.748997] (px4_msgs) StdoutLine: {'line': b'-- Up-to-date: /home/subhalaxmi/nidar_ws/install/px4_msgs/include/px4_msgs/px4_msgs/msg/detail/takeoff_status__struct.hpp\n'}
[5.749093] (px4_msgs) StdoutLine: {'line': b'-- Up-to-date: /home/subhalaxmi/nidar_ws/install/px4_msgs/include/px4_msgs/px4_msgs/msg/detail/sensor_temp__struct.hpp\n'}
[5.749188] (px4_msgs) StdoutLine: {'line': b'-- Up-to-date: /home/subhalaxmi/nidar_ws/install/px4_msgs/include/px4_msgs/px4_msgs/msg/detail/button_event__struct.hpp\n'}
[5.749282] (px4_msgs) StdoutLine: {'line': b'-- Up-to-date: /home/subhalaxmi/nidar_ws/install/px4_msgs/include/px4_msgs/px4_msgs/msg/detail/actuator_motors__builder.hpp\n'}
[5.749381] (px4_msgs) StdoutLine: {'line': b'-- Up-to-date: /home/subhalaxmi/nidar_ws/install/px4_msgs/include/px4_msgs/px4_msgs/msg/detail/gripper__traits.hpp\n'}
[5.749497] (px4_msgs) StdoutLine: {'line': b'-- Up-to-date: /home/subhalaxmi/nidar_ws/install/px4_msgs/include/px4_msgs/px4_msgs/msg/detail/follow_target__builder.hpp\n'}
[5.749625] (px4_msgs) StdoutLine: {'line': b'-- Up-to-date: /home/subhalaxmi/nidar_ws/install/px4_msgs/include/px4_msgs/px4_msgs/msg/detail/rover_position_setpoint__builder.hpp\n'}
[5.749758] (px4_msgs) StdoutLine: {'line': b'-- Up-to-date: /home/subhalaxmi/nidar_ws/install/px4_msgs/include/px4_msgs/px4_msgs/msg/detail/vehicle_angular_acceleration_setpoint__traits.hpp\n'}
[5.749872] (px4_msgs) StdoutLine: {'line': b'-- Up-to-date: /home/subhalaxmi/nidar_ws/install/px4_msgs/include/px4_msgs/px4_msgs/msg/detail/landing_gear_wheel__traits.hpp\n'}
[5.750040] (px4_msgs) StdoutLine: {'line': b'-- Up-to-date: /home/subhalaxmi/nidar_ws/install/px4_msgs/include/px4_msgs/px4_msgs/msg/detail/manual_control_setpoint__struct.hpp\n'}
[5.750135] (px4_msgs) StdoutLine: {'line': b'-- Up-to-date: /home/subhalaxmi/nidar_ws/install/px4_msgs/include/px4_msgs/px4_msgs/msg/detail/ping__type_support.hpp\n'}
[5.750231] (px4_msgs) StdoutLine: {'line': b'-- Up-to-date: /home/subhalaxmi/nidar_ws/install/px4_msgs/include/px4_msgs/px4_msgs/msg/detail/adc_report__type_support.hpp\n'}
[5.750327] (px4_msgs) StdoutLine: {'line': b'-- Up-to-date: /home/subhalaxmi/nidar_ws/install/px4_msgs/include/px4_msgs/px4_msgs/msg/detail/cpuload__struct.hpp\n'}
[5.750424] (px4_msgs) StdoutLine: {'line': b'-- Up-to-date: /home/subhalaxmi/nidar_ws/install/px4_msgs/include/px4_msgs/px4_msgs/msg/detail/orb_test_medium__traits.hpp\n'}
[5.750519] (px4_msgs) StdoutLine: {'line': b'-- Up-to-date: /home/subhalaxmi/nidar_ws/install/px4_msgs/include/px4_msgs/px4_msgs/msg/detail/gpio_in__traits.hpp\n'}
[5.750649] (px4_msgs) StdoutLine: {'line': b'-- Up-to-date: /home/subhalaxmi/nidar_ws/install/px4_msgs/include/px4_msgs/px4_msgs/msg/detail/gimbal_manager_status__type_support.hpp\n'}
[5.750744] (px4_msgs) StdoutLine: {'line': b'-- Up-to-date: /home/subhalaxmi/nidar_ws/install/px4_msgs/include/px4_msgs/px4_msgs/msg/detail/open_drone_id_operator_id__traits.hpp\n'}
[5.750867] (px4_msgs) StdoutLine: {'line': b'-- Up-to-date: /home/subhalaxmi/nidar_ws/install/px4_msgs/include/px4_msgs/px4_msgs/msg/detail/orbit_status__builder.hpp\n'}
[5.750966] (px4_msgs) StdoutLine: {'line': b'-- Up-to-date: /home/subhalaxmi/nidar_ws/install/px4_msgs/include/px4_msgs/px4_msgs/msg/detail/adc_report__struct.hpp\n'}
[5.751062] (px4_msgs) StdoutLine: {'line': b'-- Up-to-date: /home/subhalaxmi/nidar_ws/install/px4_msgs/include/px4_msgs/px4_msgs/msg/detail/qshell_req__type_support.hpp\n'}
[5.751157] (px4_msgs) StdoutLine: {'line': b'-- Up-to-date: /home/subhalaxmi/nidar_ws/install/px4_msgs/include/px4_msgs/px4_msgs/msg/detail/gimbal_device_information__builder.hpp\n'}
[5.751253] (px4_msgs) StdoutLine: {'line': b'-- Up-to-date: /home/subhalaxmi/nidar_ws/install/px4_msgs/include/px4_msgs/px4_msgs/msg/detail/estimator_status__struct.hpp\n'}
[5.751373] (px4_msgs) StdoutLine: {'line': b'-- Up-to-date: /home/subhalaxmi/nidar_ws/install/px4_msgs/include/px4_msgs/px4_msgs/msg/detail/debug_array__type_support.hpp\n'}
[5.751604] (px4_msgs) StdoutLine: {'line': b'-- Up-to-date: /home/subhalaxmi/nidar_ws/install/px4_msgs/include/px4_msgs/px4_msgs/msg/detail/gpio_request__struct.hpp\n'}
[5.751782] (px4_msgs) StdoutLine: {'line': b'-- Up-to-date: /home/subhalaxmi/nidar_ws/install/px4_msgs/include/px4_msgs/px4_msgs/msg/detail/rtl_status__struct.hpp\n'}
[5.751964] (px4_msgs) StdoutLine: {'line': b'-- Up-to-date: /home/subhalaxmi/nidar_ws/install/px4_msgs/include/px4_msgs/px4_msgs/msg/detail/landing_target_pose__traits.hpp\n'}
[5.752067] (px4_msgs) StdoutLine: {'line': b'-- Up-to-date: /home/subhalaxmi/nidar_ws/install/px4_msgs/include/px4_msgs/px4_msgs/msg/detail/led_control__struct.hpp\n'}
[5.752163] (px4_msgs) StdoutLine: {'line': b'-- Up-to-date: /home/subhalaxmi/nidar_ws/install/px4_msgs/include/px4_msgs/px4_msgs/msg/detail/dronecan_node_status__builder.hpp\n'}
[5.752257] (px4_msgs) StdoutLine: {'line': b'-- Up-to-date: /home/subhalaxmi/nidar_ws/install/px4_msgs/include/px4_msgs/px4_msgs/msg/detail/heater_status__struct.hpp\n'}
[5.752415] (px4_msgs) StdoutLine: {'line': b'-- Up-to-date: /home/subhalaxmi/nidar_ws/install/px4_msgs/include/px4_msgs/px4_msgs/msg/detail/normalized_unsigned_setpoint__type_support.hpp\n'}
[5.752597] (px4_msgs) StdoutLine: {'line': b'-- Up-to-date: /home/subhalaxmi/nidar_ws/install/px4_msgs/include/px4_msgs/px4_msgs/msg/detail/irlock_report__traits.hpp\n'}
[5.752747] (px4_msgs) StdoutLine: {'line': b'-- Up-to-date: /home/subhalaxmi/nidar_ws/install/px4_msgs/include/px4_msgs/px4_msgs/msg/detail/rover_speed_status__type_support.hpp\n'}
[5.752859] (px4_msgs) StdoutLine: {'line': b'-- Up-to-date: /home/subhalaxmi/nidar_ws/install/px4_msgs/include/px4_msgs/px4_msgs/msg/detail/vehicle_imu_status__builder.hpp\n'}
[5.752966] (px4_msgs) StdoutLine: {'line': b'-- Up-to-date: /home/subhalaxmi/nidar_ws/install/px4_msgs/include/px4_msgs/px4_msgs/msg/detail/rover_steering_setpoint__builder.hpp\n'}
[5.753071] (px4_msgs) StdoutLine: {'line': b'-- Up-to-date: /home/subhalaxmi/nidar_ws/install/px4_msgs/include/px4_msgs/px4_msgs/msg/detail/dataman_response__struct.hpp\n'}
[5.753176] (px4_msgs) StdoutLine: {'line': b'-- Up-to-date: /home/subhalaxmi/nidar_ws/install/px4_msgs/include/px4_msgs/px4_msgs/msg/detail/event__struct.hpp\n'}
[5.753281] (px4_msgs) StdoutLine: {'line': b'-- Up-to-date: /home/subhalaxmi/nidar_ws/install/px4_msgs/include/px4_msgs/px4_msgs/msg/detail/ekf2_timestamps__builder.hpp\n'}
[5.753385] (px4_msgs) StdoutLine: {'line': b'-- Up-to-date: /home/subhalaxmi/nidar_ws/install/px4_msgs/include/px4_msgs/px4_msgs/msg/detail/estimator_gps_status__struct.hpp\n'}
[5.753489] (px4_msgs) StdoutLine: {'line': b'-- Up-to-date: /home/subhalaxmi/nidar_ws/install/px4_msgs/include/px4_msgs/px4_msgs/msg/detail/obstacle_distance__type_support.hpp\n'}
[5.753622] (px4_msgs) StdoutLine: {'line': b'-- Up-to-date: /home/subhalaxmi/nidar_ws/install/px4_msgs/include/px4_msgs/px4_msgs/msg/detail/iridiumsbd_status__type_support.hpp\n'}
[5.753731] (px4_msgs) StdoutLine: {'line': b'-- Up-to-date: /home/subhalaxmi/nidar_ws/install/px4_msgs/include/px4_msgs/px4_msgs/msg/detail/estimator_selector_status__type_support.hpp\n'}
[5.753836] (px4_msgs) StdoutLine: {'line': b'-- Up-to-date: /home/subhalaxmi/nidar_ws/install/px4_msgs/include/px4_msgs/px4_msgs/msg/detail/camera_trigger__traits.hpp\n'}
[5.753949] (px4_msgs) StdoutLine: {'line': b'-- Up-to-date: /home/subhalaxmi/nidar_ws/install/px4_msgs/include/px4_msgs/px4_msgs/msg/detail/yaw_estimator_status__type_support.hpp\n'}
[5.754057] (px4_msgs) StdoutLine: {'line': b'-- Up-to-date: /home/subhalaxmi/nidar_ws/install/px4_msgs/include/px4_msgs/px4_msgs/msg/detail/vehicle_angular_acceleration_setpoint__type_support.hpp\n'}
[5.754164] (px4_msgs) StdoutLine: {'line': b'-- Up-to-date: /home/subhalaxmi/nidar_ws/install/px4_msgs/include/px4_msgs/px4_msgs/msg/detail/power_monitor__type_support.hpp\n'}
[5.754345] (px4_msgs) StdoutLine: {'line': b'-- Up-to-date: /home/subhalaxmi/nidar_ws/install/px4_msgs/include/px4_msgs/px4_msgs/msg/detail/vehicle_command__type_support.hpp\n'}
[5.754450] (px4_msgs) StdoutLine: {'line': b'-- Up-to-date: /home/subhalaxmi/nidar_ws/install/px4_msgs/include/px4_msgs/px4_msgs/msg/detail/gimbal_device_attitude_status__struct.hpp\n'}
[5.754638] (px4_msgs) StdoutLine: {'line': b'-- Up-to-date: /home/subhalaxmi/nidar_ws/install/px4_msgs/include/px4_msgs/px4_msgs/msg/detail/sensor_selection__struct.hpp\n'}
[5.754759] (px4_msgs) StdoutLine: {'line': b'-- Up-to-date: /home/subhalaxmi/nidar_ws/install/px4_msgs/include/px4_msgs/px4_msgs/msg/detail/gimbal_device_set_attitude__struct.hpp\n'}
[5.754874] (px4_msgs) StdoutLine: {'line': b'-- Up-to-date: /home/subhalaxmi/nidar_ws/install/px4_msgs/include/px4_msgs/px4_msgs/msg/detail/radio_status__struct.hpp\n'}
[5.754981] (px4_msgs) StdoutLine: {'line': b'-- Up-to-date: /home/subhalaxmi/nidar_ws/install/px4_msgs/include/px4_msgs/px4_msgs/msg/detail/gimbal_manager_set_manual_control__struct.hpp\n'}
[5.755086] (px4_msgs) StdoutLine: {'line': b'-- Up-to-date: /home/subhalaxmi/nidar_ws/install/px4_msgs/include/px4_msgs/px4_msgs/msg/detail/estimator_gps_status__type_support.hpp\n'}
[5.755191] (px4_msgs) StdoutLine: {'line': b'-- Up-to-date: /home/subhalaxmi/nidar_ws/install/px4_msgs/include/px4_msgs/px4_msgs/msg/detail/uavcan_parameter_value__builder.hpp\n'}
[5.755295] (px4_msgs) StdoutLine: {'line': b'-- Up-to-date: /home/subhalaxmi/nidar_ws/install/px4_msgs/include/px4_msgs/px4_msgs/msg/detail/orbit_status__struct.hpp\n'}
[5.755400] (px4_msgs) StdoutLine: {'line': b'-- Up-to-date: /home/subhalaxmi/nidar_ws/install/px4_msgs/include/px4_msgs/px4_msgs/msg/detail/gpio_out__builder.hpp\n'}
[5.755507] (px4_msgs) StdoutLine: {'line': b'-- Up-to-date: /home/subhalaxmi/nidar_ws/install/px4_msgs/include/px4_msgs/px4_msgs/msg/detail/message_format_request__builder.hpp\n'}
[5.755652] (px4_msgs) StdoutLine: {'line': b'-- Up-to-date: /home/subhalaxmi/nidar_ws/install/px4_msgs/include/px4_msgs/px4_msgs/msg/detail/obstacle_distance__builder.hpp\n'}
[5.755872] (px4_msgs) StdoutLine: {'line': b'-- Up-to-date: /home/subhalaxmi/nidar_ws/install/px4_msgs/include/px4_msgs/px4_msgs/msg/detail/estimator_aid_source2d__traits.hpp\n'}
[5.755970] (px4_msgs) StdoutLine: {'line': b'-- Up-to-date: /home/subhalaxmi/nidar_ws/install/px4_msgs/include/px4_msgs/px4_msgs/msg/detail/radio_status__type_support.hpp\n'}
[5.756066] (px4_msgs) StdoutLine: {'line': b'-- Up-to-date: /home/subhalaxmi/nidar_ws/install/px4_msgs/include/px4_msgs/px4_msgs/msg/detail/parameter_set_value_request__traits.hpp\n'}
[5.756163] (px4_msgs) StdoutLine: {'line': b'-- Up-to-date: /home/subhalaxmi/nidar_ws/install/px4_msgs/include/px4_msgs/px4_msgs/msg/detail/fixed_wing_longitudinal_setpoint__traits.hpp\n'}
[5.756269] (px4_msgs) StdoutLine: {'line': b'-- Up-to-date: /home/subhalaxmi/nidar_ws/install/px4_msgs/include/px4_msgs/px4_msgs/msg/detail/vehicle_magnetometer__traits.hpp\n'}
[5.756379] (px4_msgs) StdoutLine: {'line': b'-- Up-to-date: /home/subhalaxmi/nidar_ws/install/px4_msgs/include/px4_msgs/px4_msgs/msg/detail/fuel_tank_status__struct.hpp\n'}
[5.756484] (px4_msgs) StdoutLine: {'line': b'-- Up-to-date: /home/subhalaxmi/nidar_ws/install/px4_msgs/include/px4_msgs/px4_msgs/msg/detail/sensor_hygrometer__type_support.hpp\n'}
[5.756662] (px4_msgs) StdoutLine: {'line': b'-- Up-to-date: /home/subhalaxmi/nidar_ws/install/px4_msgs/include/px4_msgs/px4_msgs/msg/detail/navigator_mission_item__struct.hpp\n'}
[5.756762] (px4_msgs) StdoutLine: {'line': b'-- Up-to-date: /home/subhalaxmi/nidar_ws/install/px4_msgs/include/px4_msgs/px4_msgs/msg/detail/raptor_status__builder.hpp\n'}
[5.756858] (px4_msgs) StdoutLine: {'line': b'-- Up-to-date: /home/subhalaxmi/nidar_ws/install/px4_msgs/include/px4_msgs/px4_msgs/msg/detail/sensor_mag__struct.hpp\n'}
[5.756952] (px4_msgs) StdoutLine: {'line': b'-- Up-to-date: /home/subhalaxmi/nidar_ws/install/px4_msgs/include/px4_msgs/px4_msgs/msg/detail/mavlink_tunnel__traits.hpp\n'}
[5.757073] (px4_msgs) StdoutLine: {'line': b'-- Up-to-date: /home/subhalaxmi/nidar_ws/install/px4_msgs/include/px4_msgs/px4_msgs/msg/detail/rtl_time_estimate__traits.hpp\n'}
[5.757178] (px4_msgs) StdoutLine: {'line': b'-- Up-to-date: /home/subhalaxmi/nidar_ws/install/px4_msgs/include/px4_msgs/px4_msgs/msg/detail/vehicle_angular_acceleration_setpoint__builder.hpp\n'}
[5.757283] (px4_msgs) StdoutLine: {'line': b'-- Up-to-date: /home/subhalaxmi/nidar_ws/install/px4_msgs/include/px4_msgs/px4_msgs/msg/detail/config_overrides__builder.hpp\n'}
[5.757386] (px4_msgs) StdoutLine: {'line': b'-- Up-to-date: /home/subhalaxmi/nidar_ws/install/px4_msgs/include/px4_msgs/px4_msgs/msg/detail/vehicle_odometry__builder.hpp\n'}
[5.757489] (px4_msgs) StdoutLine: {'line': b'-- Up-to-date: /home/subhalaxmi/nidar_ws/install/px4_msgs/include/px4_msgs/px4_msgs/msg/detail/rc_channels__builder.hpp\n'}
[5.757620] (px4_msgs) StdoutLine: {'line': b'-- Up-to-date: /home/subhalaxmi/nidar_ws/install/px4_msgs/include/px4_msgs/px4_msgs/msg/detail/autotune_attitude_control_status__builder.hpp\n'}
[5.757728] (px4_msgs) StdoutLine: {'line': b'-- Up-to-date: /home/subhalaxmi/nidar_ws/install/px4_msgs/include/px4_msgs/px4_msgs/msg/detail/gpio_config__builder.hpp\n'}
[5.757833] (px4_msgs) StdoutLine: {'line': b'-- Up-to-date: /home/subhalaxmi/nidar_ws/install/px4_msgs/include/px4_msgs/px4_msgs/msg/detail/open_drone_id_self_id__traits.hpp\n'}
[5.757937] (px4_msgs) StdoutLine: {'line': b'-- Up-to-date: /home/subhalaxmi/nidar_ws/install/px4_msgs/include/px4_msgs/px4_msgs/msg/detail/register_ext_component_reply__struct.hpp\n'}
[5.758102] (px4_msgs) StdoutLine: {'line': b'-- Up-to-date: /home/subhalaxmi/nidar_ws/install/px4_msgs/include/px4_msgs/px4_msgs/msg/detail/airspeed__traits.hpp\n'}
[5.758212] (px4_msgs) StdoutLine: {'line': b'-- Up-to-date: /home/subhalaxmi/nidar_ws/install/px4_msgs/include/px4_msgs/px4_msgs/msg/detail/estimator_innovations__struct.hpp\n'}
[5.758324] (px4_msgs) StdoutLine: {'line': b'-- Up-to-date: /home/subhalaxmi/nidar_ws/install/px4_msgs/include/px4_msgs/px4_msgs/msg/detail/mission__type_support.hpp\n'}
[5.758475] (px4_msgs) StdoutLine: {'line': b'-- Up-to-date: /home/subhalaxmi/nidar_ws/install/px4_msgs/include/px4_msgs/px4_msgs/msg/detail/trajectory_setpoint6dof__builder.hpp\n'}
[5.758743] (px4_msgs) StdoutLine: {'line': b'-- Up-to-date: /home/subhalaxmi/nidar_ws/install/px4_msgs/include/px4_msgs/px4_msgs/msg/detail/hover_thrust_estimate__type_support.hpp\n'}
[5.758938] (px4_msgs) StdoutLine: {'line': b'-- Up-to-date: /home/subhalaxmi/nidar_ws/install/px4_msgs/include/px4_msgs/px4_msgs/msg/detail/camera_capture__traits.hpp\n'}
[5.759137] (px4_msgs) StdoutLine: {'line': b'-- Up-to-date: /home/subhalaxmi/nidar_ws/install/px4_msgs/include/px4_msgs/px4_msgs/msg/detail/failure_detector_status__traits.hpp\n'}
[5.759328] (px4_msgs) StdoutLine: {'line': b'-- Up-to-date: /home/subhalaxmi/nidar_ws/install/px4_msgs/include/px4_msgs/px4_msgs/msg/detail/gimbal_device_set_attitude__builder.hpp\n'}
[5.759593] (px4_msgs) StdoutLine: {'line': b'-- Up-to-date: /home/subhalaxmi/nidar_ws/install/px4_msgs/include/px4_msgs/px4_msgs/msg/detail/geofence_result__type_support.hpp\n'}
[5.759892] (px4_msgs) StdoutLine: {'line': b'-- Up-to-date: /home/subhalaxmi/nidar_ws/install/px4_msgs/include/px4_msgs/px4_msgs/msg/detail/open_drone_id_system__struct.hpp\n'}
[5.759998] (px4_msgs) StdoutLine: {'line': b'-- Up-to-date: /home/subhalaxmi/nidar_ws/install/px4_msgs/include/px4_msgs/px4_msgs/msg/detail/device_information__builder.hpp\n'}
[5.760097] (px4_msgs) StdoutLine: {'line': b'-- Up-to-date: /home/subhalaxmi/nidar_ws/install/px4_msgs/include/px4_msgs/px4_msgs/msg/detail/input_rc__builder.hpp\n'}
[5.760289] (px4_msgs) StdoutLine: {'line': b'-- Up-to-date: /home/subhalaxmi/nidar_ws/install/px4_msgs/include/px4_msgs/px4_msgs/msg/detail/rate_ctrl_status__traits.hpp\n'}
[5.760393] (px4_msgs) StdoutLine: {'line': b'-- Up-to-date: /home/subhalaxmi/nidar_ws/install/px4_msgs/include/px4_msgs/px4_msgs/msg/detail/dronecan_node_status__type_support.hpp\n'}
[5.760498] (px4_msgs) StdoutLine: {'line': b'-- Up-to-date: /home/subhalaxmi/nidar_ws/install/px4_msgs/include/px4_msgs/px4_msgs/msg/detail/vehicle_optical_flow_vel__struct.hpp\n'}
[5.760692] (px4_msgs) StdoutLine: {'line': b'-- Up-to-date: /home/subhalaxmi/nidar_ws/install/px4_msgs/include/px4_msgs/px4_msgs/msg/detail/gripper__builder.hpp\n'}
[5.760801] (px4_msgs) StdoutLine: {'line': b'-- Up-to-date: /home/subhalaxmi/nidar_ws/install/px4_msgs/include/px4_msgs/px4_msgs/msg/detail/autotune_attitude_control_status__traits.hpp\n'}
[5.760900] (px4_msgs) StdoutLine: {'line': b'-- Up-to-date: /home/subhalaxmi/nidar_ws/install/px4_msgs/include/px4_msgs/px4_msgs/msg/detail/gain_compression__traits.hpp\n'}
[5.761008] (px4_msgs) StdoutLine: {'line': b'-- Up-to-date: /home/subhalaxmi/nidar_ws/install/px4_msgs/include/px4_msgs/px4_msgs/msg/detail/yaw_estimator_status__builder.hpp\n'}
[5.761116] (px4_msgs) StdoutLine: {'line': b'-- Up-to-date: /home/subhalaxmi/nidar_ws/install/px4_msgs/include/px4_msgs/px4_msgs/msg/detail/dataman_response__builder.hpp\n'}
[5.761221] (px4_msgs) StdoutLine: {'line': b'-- Up-to-date: /home/subhalaxmi/nidar_ws/install/px4_msgs/include/px4_msgs/px4_msgs/msg/detail/config_overrides__type_support.hpp\n'}
[5.761348] (px4_msgs) StdoutLine: {'line': b'-- Up-to-date: /home/subhalaxmi/nidar_ws/install/px4_msgs/include/px4_msgs/px4_msgs/msg/detail/uavcan_parameter_value__struct.hpp\n'}
[5.761547] (px4_msgs) StdoutLine: {'line': b'-- Up-to-date: /home/subhalaxmi/nidar_ws/install/px4_msgs/include/px4_msgs/px4_msgs/msg/detail/sensor_airflow__type_support.hpp\n'}
[5.761735] (px4_msgs) StdoutLine: {'line': b'-- Up-to-date: /home/subhalaxmi/nidar_ws/install/px4_msgs/include/px4_msgs/px4_msgs/msg/detail/gimbal_controls__traits.hpp\n'}
[5.761833] (px4_msgs) StdoutLine: {'line': b'-- Up-to-date: /home/subhalaxmi/nidar_ws/install/px4_msgs/include/px4_msgs/px4_msgs/msg/detail/estimator_bias3d__struct.hpp\n'}
[5.761929] (px4_msgs) StdoutLine: {'line': b'-- Up-to-date: /home/subhalaxmi/nidar_ws/install/px4_msgs/include/px4_msgs/px4_msgs/msg/detail/gps_inject_data__traits.hpp\n'}
[5.762026] (px4_msgs) StdoutLine: {'line': b'-- Up-to-date: /home/subhalaxmi/nidar_ws/install/px4_msgs/include/px4_msgs/px4_msgs/msg/detail/offboard_control_mode__traits.hpp\n'}
[5.762137] (px4_msgs) StdoutLine: {'line': b'-- Up-to-date: /home/subhalaxmi/nidar_ws/install/px4_msgs/include/px4_msgs/px4_msgs/msg/detail/figure_eight_status__type_support.hpp\n'}
[5.762286] (px4_msgs) StdoutLine: {'line': b'-- Up-to-date: /home/subhalaxmi/nidar_ws/install/px4_msgs/include/px4_msgs/px4_msgs/msg/detail/yaw_estimator_status__struct.hpp\n'}
[5.762423] (px4_msgs) StdoutLine: {'line': b'-- Up-to-date: /home/subhalaxmi/nidar_ws/install/px4_msgs/include/px4_msgs/px4_msgs/msg/detail/iridiumsbd_status__builder.hpp\n'}
[5.762645] (px4_msgs) StdoutLine: {'line': b'-- Up-to-date: /home/subhalaxmi/nidar_ws/install/px4_msgs/include/px4_msgs/px4_msgs/msg/detail/manual_control_switches__struct.hpp\n'}
[5.762766] (px4_msgs) StdoutLine: {'line': b'-- Up-to-date: /home/subhalaxmi/nidar_ws/install/px4_msgs/include/px4_msgs/px4_msgs/msg/detail/open_drone_id_arm_status__traits.hpp\n'}
[5.762891] (px4_msgs) StdoutLine: {'line': b'-- Up-to-date: /home/subhalaxmi/nidar_ws/install/px4_msgs/include/px4_msgs/px4_msgs/msg/detail/vehicle_command_ack__type_support.hpp\n'}
[5.763027] (px4_msgs) StdoutLine: {'line': b'-- Up-to-date: /home/subhalaxmi/nidar_ws/install/px4_msgs/include/px4_msgs/px4_msgs/msg/detail/vehicle_command_ack__struct.hpp\n'}
[5.763163] (px4_msgs) StdoutLine: {'line': b'-- Up-to-date: /home/subhalaxmi/nidar_ws/install/px4_msgs/include/px4_msgs/px4_msgs/msg/detail/estimator_gps_status__builder.hpp\n'}
[5.763297] (px4_msgs) StdoutLine: {'line': b'-- Up-to-date: /home/subhalaxmi/nidar_ws/install/px4_msgs/include/px4_msgs/px4_msgs/msg/detail/sensor_gnss_status__traits.hpp\n'}
[5.763430] (px4_msgs) StdoutLine: {'line': b'-- Up-to-date: /home/subhalaxmi/nidar_ws/install/px4_msgs/include/px4_msgs/px4_msgs/msg/detail/tune_control__type_support.hpp\n'}
[5.763613] (px4_msgs) StdoutLine: {'line': b'-- Up-to-date: /home/subhalaxmi/nidar_ws/install/px4_msgs/include/px4_msgs/px4_msgs/msg/detail/failsafe_flags__traits.hpp\n'}
[5.763714] (px4_msgs) StdoutLine: {'line': b'-- Up-to-date: /home/subhalaxmi/nidar_ws/install/px4_msgs/include/px4_msgs/px4_msgs/msg/detail/power_monitor__traits.hpp\n'}
[5.763811] (px4_msgs) StdoutLine: {'line': b'-- Up-to-date: /home/subhalaxmi/nidar_ws/install/px4_msgs/include/px4_msgs/px4_msgs/msg/detail/vehicle_constraints__traits.hpp\n'}
[5.763952] (px4_msgs) StdoutLine: {'line': b'-- Up-to-date: /home/subhalaxmi/nidar_ws/install/px4_msgs/include/px4_msgs/px4_msgs/msg/detail/sensor_correction__struct.hpp\n'}
[5.764090] (px4_msgs) StdoutLine: {'line': b'-- Up-to-date: /home/subhalaxmi/nidar_ws/install/px4_msgs/include/px4_msgs/px4_msgs/msg/detail/vehicle_air_data__builder.hpp\n'}
[5.764226] (px4_msgs) StdoutLine: {'line': b'-- Up-to-date: /home/subhalaxmi/nidar_ws/install/px4_msgs/include/px4_msgs/px4_msgs/msg/detail/estimator_innovations__traits.hpp\n'}
[5.764362] (px4_msgs) StdoutLine: {'line': b'-- Up-to-date: /home/subhalaxmi/nidar_ws/install/px4_msgs/include/px4_msgs/px4_msgs/msg/detail/esc_status__struct.hpp\n'}
[5.764602] (px4_msgs) StdoutLine: {'line': b'-- Up-to-date: /home/subhalaxmi/nidar_ws/install/px4_msgs/include/px4_msgs/px4_msgs/msg/detail/vehicle_odometry__type_support.hpp\n'}
[5.764718] (px4_msgs) StdoutLine: {'line': b'-- Up-to-date: /home/subhalaxmi/nidar_ws/install/px4_msgs/include/px4_msgs/px4_msgs/msg/detail/follow_target__traits.hpp\n'}
[5.764815] (px4_msgs) StdoutLine: {'line': b'-- Up-to-date: /home/subhalaxmi/nidar_ws/install/px4_msgs/include/px4_msgs/px4_msgs/msg/detail/estimator_event_flags__struct.hpp\n'}
[5.764911] (px4_msgs) StdoutLine: {'line': b'-- Up-to-date: /home/subhalaxmi/nidar_ws/install/px4_msgs/include/px4_msgs/px4_msgs/msg/detail/sensor_gyro__struct.hpp\n'}
[5.765007] (px4_msgs) StdoutLine: {'line': b'-- Up-to-date: /home/subhalaxmi/nidar_ws/install/px4_msgs/include/px4_msgs/px4_msgs/msg/detail/estimator_status_flags__builder.hpp\n'}
[5.765102] (px4_msgs) StdoutLine: {'line': b'-- Up-to-date: /home/subhalaxmi/nidar_ws/install/px4_msgs/include/px4_msgs/px4_msgs/msg/detail/airspeed_wind__struct.hpp\n'}
[5.765197] (px4_msgs) StdoutLine: {'line': b'-- Up-to-date: /home/subhalaxmi/nidar_ws/install/px4_msgs/include/px4_msgs/px4_msgs/msg/detail/sensor_gyro_fifo__type_support.hpp\n'}
[5.765291] (px4_msgs) StdoutLine: {'line': b'-- Up-to-date: /home/subhalaxmi/nidar_ws/install/px4_msgs/include/px4_msgs/px4_msgs/msg/detail/sensor_accel_fifo__traits.hpp\n'}
[5.765386] (px4_msgs) StdoutLine: {'line': b'-- Up-to-date: /home/subhalaxmi/nidar_ws/install/px4_msgs/include/px4_msgs/px4_msgs/msg/detail/rover_throttle_setpoint__traits.hpp\n'}
[5.765481] (px4_msgs) StdoutLine: {'line': b'-- Up-to-date: /home/subhalaxmi/nidar_ws/install/px4_msgs/include/px4_msgs/px4_msgs/msg/detail/actuator_test__builder.hpp\n'}
[5.765685] (px4_msgs) StdoutLine: {'line': b'-- Up-to-date: /home/subhalaxmi/nidar_ws/install/px4_msgs/include/px4_msgs/px4_msgs/msg/detail/device_information__traits.hpp\n'}
[5.765790] (px4_msgs) StdoutLine: {'line': b'-- Up-to-date: /home/subhalaxmi/nidar_ws/install/px4_msgs/include/px4_msgs/px4_msgs/msg/detail/debug_key_value__builder.hpp\n'}
[5.765887] (px4_msgs) StdoutLine: {'line': b'-- Up-to-date: /home/subhalaxmi/nidar_ws/install/px4_msgs/include/px4_msgs/px4_msgs/msg/detail/debug_key_value__type_support.hpp\n'}
[5.765983] (px4_msgs) StdoutLine: {'line': b'-- Up-to-date: /home/subhalaxmi/nidar_ws/install/px4_msgs/include/px4_msgs/px4_msgs/msg/detail/mode_completed__struct.hpp\n'}
[5.766078] (px4_msgs) StdoutLine: {'line': b'-- Up-to-date: /home/subhalaxmi/nidar_ws/install/px4_msgs/include/px4_msgs/px4_msgs/msg/detail/rc_parameter_map__struct.hpp\n'}
[5.766172] (px4_msgs) StdoutLine: {'line': b'-- Up-to-date: /home/subhalaxmi/nidar_ws/install/px4_msgs/include/px4_msgs/px4_msgs/msg/detail/position_setpoint__builder.hpp\n'}
[5.766332] (px4_msgs) StdoutLine: {'line': b'-- Up-to-date: /home/subhalaxmi/nidar_ws/install/px4_msgs/include/px4_msgs/px4_msgs/msg/detail/estimator_status_flags__struct.hpp\n'}
[5.766438] (px4_msgs) StdoutLine: {'line': b'-- Up-to-date: /home/subhalaxmi/nidar_ws/install/px4_msgs/include/px4_msgs/px4_msgs/msg/detail/gps_dump__traits.hpp\n'}
[5.766553] (px4_msgs) StdoutLine: {'line': b'-- Up-to-date: /home/subhalaxmi/nidar_ws/install/px4_msgs/include/px4_msgs/px4_msgs/msg/detail/sensor_hygrometer__struct.hpp\n'}
[5.766666] (px4_msgs) StdoutLine: {'line': b'-- Up-to-date: /home/subhalaxmi/nidar_ws/install/px4_msgs/include/px4_msgs/px4_msgs/msg/detail/sensor_gyro_fft__type_support.hpp\n'}
[5.766761] (px4_msgs) StdoutLine: {'line': b'-- Up-to-date: /home/subhalaxmi/nidar_ws/install/px4_msgs/include/px4_msgs/px4_msgs/msg/detail/wheel_encoders__type_support.hpp\n'}
[5.766856] (px4_msgs) StdoutLine: {'line': b'-- Up-to-date: /home/subhalaxmi/nidar_ws/install/px4_msgs/include/px4_msgs/px4_msgs/msg/detail/vehicle_magnetometer__struct.hpp\n'}
[5.766950] (px4_msgs) StdoutLine: {'line': b'-- Up-to-date: /home/subhalaxmi/nidar_ws/install/px4_msgs/include/px4_msgs/px4_msgs/msg/detail/sensor_baro__struct.hpp\n'}
[5.767045] (px4_msgs) StdoutLine: {'line': b'-- Up-to-date: /home/subhalaxmi/nidar_ws/install/px4_msgs/include/px4_msgs/px4_msgs/msg/detail/neural_control__type_support.hpp\n'}
[5.767140] (px4_msgs) StdoutLine: {'line': b'-- Up-to-date: /home/subhalaxmi/nidar_ws/install/px4_msgs/include/px4_msgs/px4_msgs/msg/detail/sensor_temp__builder.hpp\n'}
[5.767315] (px4_msgs) StdoutLine: {'line': b'-- Up-to-date: /home/subhalaxmi/nidar_ws/install/px4_msgs/include/px4_msgs/px4_msgs/msg/detail/action_request__traits.hpp\n'}
[5.767417] (px4_msgs) StdoutLine: {'line': b'-- Up-to-date: /home/subhalaxmi/nidar_ws/install/px4_msgs/include/px4_msgs/px4_msgs/msg/detail/magnetometer_bias_estimate__traits.hpp\n'}
[5.767515] (px4_msgs) StdoutLine: {'line': b'-- Up-to-date: /home/subhalaxmi/nidar_ws/install/px4_msgs/include/px4_msgs/px4_msgs/msg/detail/differential_pressure__builder.hpp\n'}
[5.767641] (px4_msgs) StdoutLine: {'line': b'-- Up-to-date: /home/subhalaxmi/nidar_ws/install/px4_msgs/include/px4_msgs/px4_msgs/msg/detail/internal_combustion_engine_status__traits.hpp\n'}
[5.767741] (px4_msgs) StdoutLine: {'line': b'-- Up-to-date: /home/subhalaxmi/nidar_ws/install/px4_msgs/include/px4_msgs/px4_msgs/msg/detail/vehicle_imu__traits.hpp\n'}
[5.767836] (px4_msgs) StdoutLine: {'line': b'-- Up-to-date: /home/subhalaxmi/nidar_ws/install/px4_msgs/include/px4_msgs/px4_msgs/msg/detail/camera_capture__builder.hpp\n'}
[5.767984] (px4_msgs) StdoutLine: {'line': b'-- Up-to-date: /home/subhalaxmi/nidar_ws/install/px4_msgs/include/px4_msgs/px4_msgs/msg/detail/esc_report__type_support.hpp\n'}
[5.768125] (px4_msgs) StdoutLine: {'line': b'-- Up-to-date: /home/subhalaxmi/nidar_ws/install/px4_msgs/include/px4_msgs/px4_msgs/msg/detail/autotune_attitude_control_status__struct.hpp\n'}
[5.768299] (px4_msgs) StdoutLine: {'line': b'-- Up-to-date: /home/subhalaxmi/nidar_ws/install/px4_msgs/include/px4_msgs/px4_msgs/msg/detail/arming_check_request__traits.hpp\n'}
[5.768398] (px4_msgs) StdoutLine: {'line': b'-- Up-to-date: /home/subhalaxmi/nidar_ws/install/px4_msgs/include/px4_msgs/px4_msgs/msg/detail/actuator_controls_status__traits.hpp\n'}
[5.768492] (px4_msgs) StdoutLine: {'line': b'-- Up-to-date: /home/subhalaxmi/nidar_ws/install/px4_msgs/include/px4_msgs/px4_msgs/msg/detail/trajectory_setpoint__type_support.hpp\n'}
[5.768615] (px4_msgs) StdoutLine: {'line': b'-- Up-to-date: /home/subhalaxmi/nidar_ws/install/px4_msgs/include/px4_msgs/px4_msgs/msg/detail/geofence_status__traits.hpp\n'}
[5.768715] (px4_msgs) StdoutLine: {'line': b'-- Up-to-date: /home/subhalaxmi/nidar_ws/install/px4_msgs/include/px4_msgs/px4_msgs/msg/detail/camera_status__type_support.hpp\n'}
[5.768809] (px4_msgs) StdoutLine: {'line': b'-- Up-to-date: /home/subhalaxmi/nidar_ws/install/px4_msgs/include/px4_msgs/px4_msgs/msg/detail/open_drone_id_self_id__struct.hpp\n'}
[5.768954] (px4_msgs) StdoutLine: {'line': b'-- Up-to-date: /home/subhalaxmi/nidar_ws/install/px4_msgs/include/px4_msgs/px4_msgs/msg/detail/parameter_reset_request__type_support.hpp\n'}
[5.769120] (px4_msgs) StdoutLine: {'line': b'-- Up-to-date: /home/subhalaxmi/nidar_ws/install/px4_msgs/include/px4_msgs/px4_msgs/msg/detail/airspeed_wind__type_support.hpp\n'}
[5.769219] (px4_msgs) StdoutLine: {'line': b'-- Up-to-date: /home/subhalaxmi/nidar_ws/install/px4_msgs/include/px4_msgs/px4_msgs/msg/detail/airspeed_validated__traits.hpp\n'}
[5.769317] (px4_msgs) StdoutLine: {'line': b'-- Up-to-date: /home/subhalaxmi/nidar_ws/install/px4_msgs/include/px4_msgs/px4_msgs/msg/detail/irlock_report__struct.hpp\n'}
[5.769413] (px4_msgs) StdoutLine: {'line': b'-- Up-to-date: /home/subhalaxmi/nidar_ws/install/px4_msgs/include/px4_msgs/px4_msgs/msg/detail/qshell_retval__traits.hpp\n'}
[5.769509] (px4_msgs) StdoutLine: {'line': b'-- Up-to-date: /home/subhalaxmi/nidar_ws/install/px4_msgs/include/px4_msgs/px4_msgs/msg/detail/rover_rate_setpoint__builder.hpp\n'}
[5.769696] (px4_msgs) StdoutLine: {'line': b'-- Up-to-date: /home/subhalaxmi/nidar_ws/install/px4_msgs/include/px4_msgs/px4_msgs/msg/detail/camera_trigger__struct.hpp\n'}
[5.769809] (px4_msgs) StdoutLine: {'line': b'-- Up-to-date: /home/subhalaxmi/nidar_ws/install/px4_msgs/include/px4_msgs/px4_msgs/msg/detail/sensor_gnss_relative__traits.hpp\n'}
[5.769907] (px4_msgs) StdoutLine: {'line': b'-- Up-to-date: /home/subhalaxmi/nidar_ws/install/px4_msgs/include/px4_msgs/px4_msgs/msg/detail/sensor_airflow__builder.hpp\n'}
[5.770003] (px4_msgs) StdoutLine: {'line': b'-- Up-to-date: /home/subhalaxmi/nidar_ws/install/px4_msgs/include/px4_msgs/px4_msgs/msg/detail/cpuload__type_support.hpp\n'}
[5.770098] (px4_msgs) StdoutLine: {'line': b'-- Up-to-date: /home/subhalaxmi/nidar_ws/install/px4_msgs/include/px4_msgs/px4_msgs/msg/detail/fixed_wing_lateral_status__traits.hpp\n'}
[5.770193] (px4_msgs) StdoutLine: {'line': b'-- Up-to-date: /home/subhalaxmi/nidar_ws/install/px4_msgs/include/px4_msgs/px4_msgs/msg/detail/ekf2_timestamps__type_support.hpp\n'}
[5.770288] (px4_msgs) StdoutLine: {'line': b'-- Up-to-date: /home/subhalaxmi/nidar_ws/install/px4_msgs/include/px4_msgs/px4_msgs/msg/detail/pwm_input__type_support.hpp\n'}
[5.770382] (px4_msgs) StdoutLine: {'line': b'-- Up-to-date: /home/subhalaxmi/nidar_ws/install/px4_msgs/include/px4_msgs/px4_msgs/msg/detail/longitudinal_control_configuration__struct.hpp\n'}
[5.770479] (px4_msgs) StdoutLine: {'line': b'-- Up-to-date: /home/subhalaxmi/nidar_ws/install/px4_msgs/include/px4_msgs/px4_msgs/msg/detail/launch_detection_status__traits.hpp\n'}
[5.770661] (px4_msgs) StdoutLine: {'line': b'-- Up-to-date: /home/subhalaxmi/nidar_ws/install/px4_msgs/include/px4_msgs/px4_msgs/msg/detail/dronecan_node_status__struct.hpp\n'}
[5.770768] (px4_msgs) StdoutLine: {'line': b'-- Up-to-date: /home/subhalaxmi/nidar_ws/install/px4_msgs/include/px4_msgs/px4_msgs/msg/detail/vehicle_imu_status__struct.hpp\n'}
[5.770863] (px4_msgs) StdoutLine: {'line': b'-- Up-to-date: /home/subhalaxmi/nidar_ws/install/px4_msgs/include/px4_msgs/px4_msgs/msg/detail/vehicle_thrust_setpoint__builder.hpp\n'}
[5.770958] (px4_msgs) StdoutLine: {'line': b'-- Up-to-date: /home/subhalaxmi/nidar_ws/install/px4_msgs/include/px4_msgs/px4_msgs/msg/detail/distance_sensor_mode_change_request__struct.hpp\n'}
[5.771053] (px4_msgs) StdoutLine: {'line': b'-- Up-to-date: /home/subhalaxmi/nidar_ws/install/px4_msgs/include/px4_msgs/px4_msgs/msg/detail/rc_channels__traits.hpp\n'}
[5.771148] (px4_msgs) StdoutLine: {'line': b'-- Up-to-date: /home/subhalaxmi/nidar_ws/install/px4_msgs/include/px4_msgs/px4_msgs/msg/detail/health_report__type_support.hpp\n'}
[5.771253] (px4_msgs) StdoutLine: {'line': b'-- Up-to-date: /home/subhalaxmi/nidar_ws/install/px4_msgs/include/px4_msgs/px4_msgs/msg/detail/position_setpoint_triplet__traits.hpp\n'}
[5.771397] (px4_msgs) StdoutLine: {'line': b'-- Up-to-date: /home/subhalaxmi/nidar_ws/install/px4_msgs/include/px4_msgs/px4_msgs/msg/detail/uavcan_parameter_request__type_support.hpp\n'}
[5.771547] (px4_msgs) StdoutLine: {'line': b'-- Up-to-date: /home/subhalaxmi/nidar_ws/install/px4_msgs/include/px4_msgs/px4_msgs/msg/detail/fixed_wing_lateral_guidance_status__type_support.hpp\n'}
[5.771720] (px4_msgs) StdoutLine: {'line': b'-- Up-to-date: /home/subhalaxmi/nidar_ws/install/px4_msgs/include/px4_msgs/px4_msgs/msg/detail/gain_compression__builder.hpp\n'}
[5.771833] (px4_msgs) StdoutLine: {'line': b'-- Up-to-date: /home/subhalaxmi/nidar_ws/install/px4_msgs/include/px4_msgs/px4_msgs/msg/detail/neural_control__struct.hpp\n'}
[5.771929] (px4_msgs) StdoutLine: {'line': b'-- Up-to-date: /home/subhalaxmi/nidar_ws/install/px4_msgs/include/px4_msgs/px4_msgs/msg/detail/gain_compression__type_support.hpp\n'}
[5.772025] (px4_msgs) StdoutLine: {'line': b'-- Up-to-date: /home/subhalaxmi/nidar_ws/install/px4_msgs/include/px4_msgs/px4_msgs/msg/detail/generator_status__traits.hpp\n'}
[5.772122] (px4_msgs) StdoutLine: {'line': b'-- Up-to-date: /home/subhalaxmi/nidar_ws/install/px4_msgs/include/px4_msgs/px4_msgs/msg/detail/estimator_aid_source3d__struct.hpp\n'}
[5.772220] (px4_msgs) StdoutLine: {'line': b'-- Up-to-date: /home/subhalaxmi/nidar_ws/install/px4_msgs/include/px4_msgs/px4_msgs/msg/detail/pps_capture__traits.hpp\n'}
[5.772367] (px4_msgs) StdoutLine: {'line': b'-- Up-to-date: /home/subhalaxmi/nidar_ws/install/px4_msgs/include/px4_msgs/px4_msgs/msg/detail/gpio_config__traits.hpp\n'}
[5.772463] (px4_msgs) StdoutLine: {'line': b'-- Up-to-date: /home/subhalaxmi/nidar_ws/install/px4_msgs/include/px4_msgs/px4_msgs/msg/detail/timesync_status__type_support.hpp\n'}
[5.772583] (px4_msgs) StdoutLine: {'line': b'-- Up-to-date: /home/subhalaxmi/nidar_ws/install/px4_msgs/include/px4_msgs/px4_msgs/msg/detail/trajectory_setpoint__struct.hpp\n'}
[5.772688] (px4_msgs) StdoutLine: {'line': b'-- Up-to-date: /home/subhalaxmi/nidar_ws/install/px4_msgs/include/px4_msgs/px4_msgs/msg/detail/vehicle_attitude_setpoint__builder.hpp\n'}
[5.772783] (px4_msgs) StdoutLine: {'line': b'-- Up-to-date: /home/subhalaxmi/nidar_ws/install/px4_msgs/include/px4_msgs/px4_msgs/msg/detail/adc_report__traits.hpp\n'}
[5.772877] (px4_msgs) StdoutLine: {'line': b'-- Up-to-date: /home/subhalaxmi/nidar_ws/install/px4_msgs/include/px4_msgs/px4_msgs/msg/detail/actuator_outputs__type_support.hpp\n'}
[5.773028] (px4_msgs) StdoutLine: {'line': b'-- Up-to-date: /home/subhalaxmi/nidar_ws/install/px4_msgs/include/px4_msgs/px4_msgs/msg/detail/heater_status__traits.hpp\n'}
[5.773137] (px4_msgs) StdoutLine: {'line': b'-- Up-to-date: /home/subhalaxmi/nidar_ws/install/px4_msgs/include/px4_msgs/px4_msgs/msg/detail/generator_status__builder.hpp\n'}
[5.773234] (px4_msgs) StdoutLine: {'line': b'-- Up-to-date: /home/subhalaxmi/nidar_ws/install/px4_msgs/include/px4_msgs/px4_msgs/msg/detail/adc_report__builder.hpp\n'}
[5.773329] (px4_msgs) StdoutLine: {'line': b'-- Up-to-date: /home/subhalaxmi/nidar_ws/install/px4_msgs/include/px4_msgs/px4_msgs/msg/detail/estimator_states__type_support.hpp\n'}
[5.773424] (px4_msgs) StdoutLine: {'line': b'-- Up-to-date: /home/subhalaxmi/nidar_ws/install/px4_msgs/include/px4_msgs/px4_msgs/msg/detail/vehicle_optical_flow__traits.hpp\n'}
[5.773519] (px4_msgs) StdoutLine: {'line': b'-- Up-to-date: /home/subhalaxmi/nidar_ws/install/px4_msgs/include/px4_msgs/px4_msgs/msg/detail/health_report__traits.hpp\n'}
[5.773657] (px4_msgs) StdoutLine: {'line': b'-- Up-to-date: /home/subhalaxmi/nidar_ws/install/px4_msgs/include/px4_msgs/px4_msgs/msg/detail/raptor_status__type_support.hpp\n'}
[5.773805] (px4_msgs) StdoutLine: {'line': b'-- Up-to-date: /home/subhalaxmi/nidar_ws/install/px4_msgs/include/px4_msgs/px4_msgs/msg/detail/vehicle_roi__traits.hpp\n'}
[5.773942] (px4_msgs) StdoutLine: {'line': b'-- Up-to-date: /home/subhalaxmi/nidar_ws/install/px4_msgs/include/px4_msgs/px4_msgs/msg/detail/gps_inject_data__struct.hpp\n'}
[5.774078] (px4_msgs) StdoutLine: {'line': b'-- Up-to-date: /home/subhalaxmi/nidar_ws/install/px4_msgs/include/px4_msgs/px4_msgs/msg/detail/vtx__struct.hpp\n'}
[5.774215] (px4_msgs) StdoutLine: {'line': b'-- Up-to-date: /home/subhalaxmi/nidar_ws/install/px4_msgs/include/px4_msgs/px4_msgs/msg/detail/tecs_status__builder.hpp\n'}
[5.774352] (px4_msgs) StdoutLine: {'line': b'-- Up-to-date: /home/subhalaxmi/nidar_ws/install/px4_msgs/include/px4_msgs/px4_msgs/msg/detail/gimbal_device_attitude_status__traits.hpp\n'}
[5.774546] (px4_msgs) StdoutLine: {'line': b'-- Up-to-date: /home/subhalaxmi/nidar_ws/install/px4_msgs/include/px4_msgs/px4_msgs/msg/detail/parameter_set_value_request__struct.hpp\n'}
[5.774661] (px4_msgs) StdoutLine: {'line': b'-- Up-to-date: /home/subhalaxmi/nidar_ws/install/px4_msgs/include/px4_msgs/px4_msgs/msg/detail/esc_status__traits.hpp\n'}
[5.774759] (px4_msgs) StdoutLine: {'line': b'-- Up-to-date: /home/subhalaxmi/nidar_ws/install/px4_msgs/include/px4_msgs/px4_msgs/msg/detail/sensor_accel_fifo__struct.hpp\n'}
[5.774856] (px4_msgs) StdoutLine: {'line': b'-- Up-to-date: /home/subhalaxmi/nidar_ws/install/px4_msgs/include/px4_msgs/px4_msgs/msg/detail/uavcan_parameter_value__traits.hpp\n'}
[5.774961] (px4_msgs) StdoutLine: {'line': b'-- Up-to-date: /home/subhalaxmi/nidar_ws/install/px4_msgs/include/px4_msgs/px4_msgs/msg/detail/message_format_response__type_support.hpp\n'}
[5.775099] (px4_msgs) StdoutLine: {'line': b'-- Up-to-date: /home/subhalaxmi/nidar_ws/install/px4_msgs/include/px4_msgs/px4_msgs/msg/detail/raptor_status__traits.hpp\n'}
[5.775234] (px4_msgs) StdoutLine: {'line': b'-- Up-to-date: /home/subhalaxmi/nidar_ws/install/px4_msgs/include/px4_msgs/px4_msgs/msg/detail/fixed_wing_runway_control__traits.hpp\n'}
[5.775368] (px4_msgs) StdoutLine: {'line': b'-- Up-to-date: /home/subhalaxmi/nidar_ws/install/px4_msgs/include/px4_msgs/px4_msgs/msg/detail/open_drone_id_self_id__builder.hpp\n'}
[5.775503] (px4_msgs) StdoutLine: {'line': b'-- Up-to-date: /home/subhalaxmi/nidar_ws/install/px4_msgs/include/px4_msgs/px4_msgs/msg/detail/aux_global_position__traits.hpp\n'}
[5.775727] (px4_msgs) StdoutLine: {'line': b'-- Up-to-date: /home/subhalaxmi/nidar_ws/install/px4_msgs/include/px4_msgs/px4_msgs/msg/detail/rover_speed_setpoint__struct.hpp\n'}
[5.775861] (px4_msgs) StdoutLine: {'line': b'-- Up-to-date: /home/subhalaxmi/nidar_ws/install/px4_msgs/include/px4_msgs/px4_msgs/msg/detail/hover_thrust_estimate__struct.hpp\n'}
[5.775991] (px4_msgs) StdoutLine: {'line': b'-- Up-to-date: /home/subhalaxmi/nidar_ws/install/px4_msgs/include/px4_msgs/px4_msgs/msg/detail/orb_test_large__builder.hpp\n'}
[5.776087] (px4_msgs) StdoutLine: {'line': b'-- Up-to-date: /home/subhalaxmi/nidar_ws/install/px4_msgs/include/px4_msgs/px4_msgs/msg/detail/fixed_wing_lateral_setpoint__traits.hpp\n'}
[5.776182] (px4_msgs) StdoutLine: {'line': b'-- Up-to-date: /home/subhalaxmi/nidar_ws/install/px4_msgs/include/px4_msgs/px4_msgs/msg/detail/sensor_combined__builder.hpp\n'}
[5.776277] (px4_msgs) StdoutLine: {'line': b'-- Up-to-date: /home/subhalaxmi/nidar_ws/install/px4_msgs/include/px4_msgs/px4_msgs/msg/detail/gpio_in__type_support.hpp\n'}
[5.776370] (px4_msgs) StdoutLine: {'line': b'-- Up-to-date: /home/subhalaxmi/nidar_ws/install/px4_msgs/include/px4_msgs/px4_msgs/msg/detail/rover_attitude_status__struct.hpp\n'}
[5.776465] (px4_msgs) StdoutLine: {'line': b'-- Up-to-date: /home/subhalaxmi/nidar_ws/install/px4_msgs/include/px4_msgs/px4_msgs/msg/detail/mag_worker_data__struct.hpp\n'}
[5.776585] (px4_msgs) StdoutLine: {'line': b'-- Up-to-date: /home/subhalaxmi/nidar_ws/install/px4_msgs/include/px4_msgs/px4_msgs/msg/detail/tecs_status__struct.hpp\n'}
[5.776785] (px4_msgs) StdoutLine: {'line': b'-- Up-to-date: /home/subhalaxmi/nidar_ws/install/px4_msgs/include/px4_msgs/px4_msgs/msg/detail/sensor_gnss_relative__struct.hpp\n'}
[5.776948] (px4_msgs) StdoutLine: {'line': b'-- Up-to-date: /home/subhalaxmi/nidar_ws/install/px4_msgs/include/px4_msgs/px4_msgs/msg/detail/gimbal_manager_information__type_support.hpp\n'}
[5.777098] (px4_msgs) StdoutLine: {'line': b'-- Up-to-date: /home/subhalaxmi/nidar_ws/install/px4_msgs/include/px4_msgs/px4_msgs/msg/detail/home_position__builder.hpp\n'}
[5.777213] (px4_msgs) StdoutLine: {'line': b'-- Up-to-date: /home/subhalaxmi/nidar_ws/install/px4_msgs/include/px4_msgs/px4_msgs/msg/detail/sensor_preflight_mag__builder.hpp\n'}
[5.777309] (px4_msgs) StdoutLine: {'line': b'-- Up-to-date: /home/subhalaxmi/nidar_ws/install/px4_msgs/include/px4_msgs/px4_msgs/msg/detail/longitudinal_control_configuration__type_support.hpp\n'}
[5.777420] (px4_msgs) StdoutLine: {'line': b'-- Up-to-date: /home/subhalaxmi/nidar_ws/install/px4_msgs/include/px4_msgs/px4_msgs/msg/detail/sensor_accel__type_support.hpp\n'}
[5.777592] (px4_msgs) StdoutLine: {'line': b'-- Up-to-date: /home/subhalaxmi/nidar_ws/install/px4_msgs/include/px4_msgs/px4_msgs/msg/detail/vehicle_land_detected__traits.hpp\n'}
[5.777713] (px4_msgs) StdoutLine: {'line': b'-- Up-to-date: /home/subhalaxmi/nidar_ws/install/px4_msgs/include/px4_msgs/px4_msgs/msg/detail/control_allocator_status__struct.hpp\n'}
[5.777811] (px4_msgs) StdoutLine: {'line': b'-- Up-to-date: /home/subhalaxmi/nidar_ws/install/px4_msgs/include/px4_msgs/px4_msgs/msg/detail/task_stack_info__type_support.hpp\n'}
[5.777907] (px4_msgs) StdoutLine: {'line': b'-- Up-to-date: /home/subhalaxmi/nidar_ws/install/px4_msgs/include/px4_msgs/px4_msgs/msg/detail/sensor_uwb__builder.hpp\n'}
[5.778004] (px4_msgs) StdoutLine: {'line': b'-- Up-to-date: /home/subhalaxmi/nidar_ws/install/px4_msgs/include/px4_msgs/px4_msgs/msg/detail/wheel_encoders__traits.hpp\n'}
[5.778099] (px4_msgs) StdoutLine: {'line': b'-- Up-to-date: /home/subhalaxmi/nidar_ws/install/px4_msgs/include/px4_msgs/px4_msgs/msg/detail/sensor_gnss_status__type_support.hpp\n'}
[5.778193] (px4_msgs) StdoutLine: {'line': b'-- Up-to-date: /home/subhalaxmi/nidar_ws/install/px4_msgs/include/px4_msgs/px4_msgs/msg/detail/estimator_aid_source1d__traits.hpp\n'}
[5.778289] (px4_msgs) StdoutLine: {'line': b'-- Up-to-date: /home/subhalaxmi/nidar_ws/install/px4_msgs/include/px4_msgs/px4_msgs/msg/detail/sensors_status__builder.hpp\n'}
[5.778383] (px4_msgs) StdoutLine: {'line': b'-- Up-to-date: /home/subhalaxmi/nidar_ws/install/px4_msgs/include/px4_msgs/px4_msgs/msg/detail/raptor_input__struct.hpp\n'}
[5.778480] (px4_msgs) StdoutLine: {'line': b'-- Up-to-date: /home/subhalaxmi/nidar_ws/install/px4_msgs/include/px4_msgs/px4_msgs/msg/detail/pure_pursuit_status__traits.hpp\n'}
[5.778652] (px4_msgs) StdoutLine: {'line': b'-- Up-to-date: /home/subhalaxmi/nidar_ws/install/px4_msgs/include/px4_msgs/px4_msgs/msg/detail/landing_gear__builder.hpp\n'}
[5.778760] (px4_msgs) StdoutLine: {'line': b'-- Up-to-date: /home/subhalaxmi/nidar_ws/install/px4_msgs/include/px4_msgs/px4_msgs/msg/detail/health_report__struct.hpp\n'}
[5.778856] (px4_msgs) StdoutLine: {'line': b'-- Up-to-date: /home/subhalaxmi/nidar_ws/install/px4_msgs/include/px4_msgs/px4_msgs/msg/detail/vehicle_rates_setpoint__builder.hpp\n'}
[5.778951] (px4_msgs) StdoutLine: {'line': b'-- Up-to-date: /home/subhalaxmi/nidar_ws/install/px4_msgs/include/px4_msgs/px4_msgs/msg/detail/wheel_encoders__builder.hpp\n'}
[5.779046] (px4_msgs) StdoutLine: {'line': b'-- Up-to-date: /home/subhalaxmi/nidar_ws/install/px4_msgs/include/px4_msgs/px4_msgs/msg/detail/device_information__type_support.hpp\n'}
[5.779140] (px4_msgs) StdoutLine: {'line': b'-- Up-to-date: /home/subhalaxmi/nidar_ws/install/px4_msgs/include/px4_msgs/px4_msgs/msg/detail/rc_parameter_map__traits.hpp\n'}
[5.779239] (px4_msgs) StdoutLine: {'line': b'-- Up-to-date: /home/subhalaxmi/nidar_ws/install/px4_msgs/include/px4_msgs/px4_msgs/msg/detail/gimbal_controls__builder.hpp\n'}
[5.779385] (px4_msgs) StdoutLine: {'line': b'-- Up-to-date: /home/subhalaxmi/nidar_ws/install/px4_msgs/include/px4_msgs/px4_msgs/msg/detail/trajectory_setpoint__traits.hpp\n'}
[5.779579] (px4_msgs) StdoutLine: {'line': b'-- Up-to-date: /home/subhalaxmi/nidar_ws/install/px4_msgs/include/px4_msgs/px4_msgs/msg/detail/estimator_selector_status__builder.hpp\n'}
[5.779692] (px4_msgs) StdoutLine: {'line': b'-- Up-to-date: /home/subhalaxmi/nidar_ws/install/px4_msgs/include/px4_msgs/px4_msgs/msg/detail/sensor_uwb__struct.hpp\n'}
[5.779788] (px4_msgs) StdoutLine: {'line': b'-- Up-to-date: /home/subhalaxmi/nidar_ws/install/px4_msgs/include/px4_msgs/px4_msgs/msg/detail/transponder_report__type_support.hpp\n'}
[5.779884] (px4_msgs) StdoutLine: {'line': b'-- Up-to-date: /home/subhalaxmi/nidar_ws/install/px4_msgs/include/px4_msgs/px4_msgs/msg/detail/tiltrotor_extra_controls__type_support.hpp\n'}
[5.779988] (px4_msgs) StdoutLine: {'line': b'-- Up-to-date: /home/subhalaxmi/nidar_ws/install/px4_msgs/include/px4_msgs/px4_msgs/msg/detail/vehicle_imu__type_support.hpp\n'}
[5.780104] (px4_msgs) StdoutLine: {'line': b'-- Up-to-date: /home/subhalaxmi/nidar_ws/install/px4_msgs/include/px4_msgs/px4_msgs/msg/detail/arming_check_request__struct.hpp\n'}
[5.780202] (px4_msgs) StdoutLine: {'line': b'-- Up-to-date: /home/subhalaxmi/nidar_ws/install/px4_msgs/include/px4_msgs/px4_msgs/msg/detail/gimbal_device_information__traits.hpp\n'}
[5.780374] (px4_msgs) StdoutLine: {'line': b'-- Up-to-date: /home/subhalaxmi/nidar_ws/install/px4_msgs/include/px4_msgs/px4_msgs/msg/detail/fixed_wing_lateral_guidance_status__builder.hpp\n'}
[5.780481] (px4_msgs) StdoutLine: {'line': b'-- Up-to-date: /home/subhalaxmi/nidar_ws/install/px4_msgs/include/px4_msgs/px4_msgs/msg/detail/sensor_correction__traits.hpp\n'}
[5.780607] (px4_msgs) StdoutLine: {'line': b'-- Up-to-date: /home/subhalaxmi/nidar_ws/install/px4_msgs/include/px4_msgs/px4_msgs/msg/detail/ulog_stream__type_support.hpp\n'}
[5.780708] (px4_msgs) StdoutLine: {'line': b'-- Up-to-date: /home/subhalaxmi/nidar_ws/install/px4_msgs/include/px4_msgs/px4_msgs/msg/detail/collision_constraints__traits.hpp\n'}
[5.780804] (px4_msgs) StdoutLine: {'line': b'-- Up-to-date: /home/subhalaxmi/nidar_ws/install/px4_msgs/include/px4_msgs/px4_msgs/msg/detail/vehicle_constraints__builder.hpp\n'}
[5.780899] (px4_msgs) StdoutLine: {'line': b'-- Up-to-date: /home/subhalaxmi/nidar_ws/install/px4_msgs/include/px4_msgs/px4_msgs/msg/detail/vehicle_command__traits.hpp\n'}
[5.781034] (px4_msgs) StdoutLine: {'line': b'-- Up-to-date: /home/subhalaxmi/nidar_ws/install/px4_msgs/include/px4_msgs/px4_msgs/msg/detail/position_controller_landing_status__builder.hpp\n'}
[5.781172] (px4_msgs) StdoutLine: {'line': b'-- Up-to-date: /home/subhalaxmi/nidar_ws/install/px4_msgs/include/px4_msgs/px4_msgs/msg/detail/cellular_status__struct.hpp\n'}
[5.781305] (px4_msgs) StdoutLine: {'line': b'-- Up-to-date: /home/subhalaxmi/nidar_ws/install/px4_msgs/include/px4_msgs/px4_msgs/msg/detail/airspeed__type_support.hpp\n'}
[5.781440] (px4_msgs) StdoutLine: {'line': b'-- Up-to-date: /home/subhalaxmi/nidar_ws/install/px4_msgs/include/px4_msgs/px4_msgs/msg/detail/dronecan_node_status__traits.hpp\n'}
[5.781630] (px4_msgs) StdoutLine: {'line': b'-- Up-to-date: /home/subhalaxmi/nidar_ws/install/px4_msgs/include/px4_msgs/px4_msgs/msg/detail/mount_orientation__builder.hpp\n'}
[5.781743] (px4_msgs) StdoutLine: {'line': b'-- Up-to-date: /home/subhalaxmi/nidar_ws/install/px4_msgs/include/px4_msgs/px4_msgs/msg/detail/rtl_status__type_support.hpp\n'}
[5.781840] (px4_msgs) StdoutLine: {'line': b'-- Up-to-date: /home/subhalaxmi/nidar_ws/install/px4_msgs/include/px4_msgs/px4_msgs/msg/detail/dataman_request__struct.hpp\n'}
[5.781936] (px4_msgs) StdoutLine: {'line': b'-- Up-to-date: /home/subhalaxmi/nidar_ws/install/px4_msgs/include/px4_msgs/px4_msgs/msg/detail/wind__type_support.hpp\n'}
[5.782074] (px4_msgs) StdoutLine: {'line': b'-- Up-to-date: /home/subhalaxmi/nidar_ws/install/px4_msgs/include/px4_msgs/px4_msgs/msg/detail/parameter_update__type_support.hpp\n'}
[5.782211] (px4_msgs) StdoutLine: {'line': b'-- Up-to-date: /home/subhalaxmi/nidar_ws/install/px4_msgs/include/px4_msgs/px4_msgs/msg/detail/telemetry_status__builder.hpp\n'}
[5.782346] (px4_msgs) StdoutLine: {'line': b'-- Up-to-date: /home/subhalaxmi/nidar_ws/install/px4_msgs/include/px4_msgs/px4_msgs/msg/detail/distance_sensor_mode_change_request__type_support.hpp\n'}
[5.782483] (px4_msgs) StdoutLine: {'line': b'-- Up-to-date: /home/subhalaxmi/nidar_ws/install/px4_msgs/include/px4_msgs/px4_msgs/msg/detail/failsafe_flags__type_support.hpp\n'}
[5.782673] (px4_msgs) StdoutLine: {'line': b'-- Up-to-date: /home/subhalaxmi/nidar_ws/install/px4_msgs/include/px4_msgs/px4_msgs/msg/detail/rate_ctrl_status__builder.hpp\n'}
[5.782818] (px4_msgs) StdoutLine: {'line': b'-- Up-to-date: /home/subhalaxmi/nidar_ws/install/px4_msgs/include/px4_msgs/px4_msgs/msg/detail/sensor_gyro__traits.hpp\n'}
[5.782930] (px4_msgs) StdoutLine: {'line': b'-- Up-to-date: /home/subhalaxmi/nidar_ws/install/px4_msgs/include/px4_msgs/px4_msgs/msg/detail/obstacle_distance__struct.hpp\n'}
[5.783028] (px4_msgs) StdoutLine: {'line': b'-- Up-to-date: /home/subhalaxmi/nidar_ws/install/px4_msgs/include/px4_msgs/px4_msgs/msg/detail/position_setpoint__struct.hpp\n'}
[5.783126] (px4_msgs) StdoutLine: {'line': b'-- Up-to-date: /home/subhalaxmi/nidar_ws/install/px4_msgs/include/px4_msgs/px4_msgs/msg/detail/normalized_unsigned_setpoint__builder.hpp\n'}
[5.783223] (px4_msgs) StdoutLine: {'line': b'-- Up-to-date: /home/subhalaxmi/nidar_ws/install/px4_msgs/include/px4_msgs/px4_msgs/msg/detail/failsafe_flags__struct.hpp\n'}
[5.783319] (px4_msgs) StdoutLine: {'line': b'-- Up-to-date: /home/subhalaxmi/nidar_ws/install/px4_msgs/include/px4_msgs/px4_msgs/msg/detail/esc_report__traits.hpp\n'}
[5.783429] (px4_msgs) StdoutLine: {'line': b'-- Up-to-date: /home/subhalaxmi/nidar_ws/install/px4_msgs/include/px4_msgs/px4_msgs/msg/detail/vehicle_air_data__type_support.hpp\n'}
[5.783538] (px4_msgs) StdoutLine: {'line': b'-- Up-to-date: /home/subhalaxmi/nidar_ws/install/px4_msgs/include/px4_msgs/px4_msgs/msg/detail/goto_setpoint__struct.hpp\n'}
[5.783653] (px4_msgs) StdoutLine: {'line': b'-- Up-to-date: /home/subhalaxmi/nidar_ws/install/px4_msgs/include/px4_msgs/px4_msgs/msg/detail/position_controller_landing_status__traits.hpp\n'}
[5.783800] (px4_msgs) StdoutLine: {'line': b'-- Up-to-date: /home/subhalaxmi/nidar_ws/install/px4_msgs/include/px4_msgs/px4_msgs/msg/detail/vehicle_global_position__type_support.hpp\n'}
[5.783937] (px4_msgs) StdoutLine: {'line': b'-- Up-to-date: /home/subhalaxmi/nidar_ws/install/px4_msgs/include/px4_msgs/px4_msgs/msg/detail/position_controller_status__builder.hpp\n'}
[5.784118] (px4_msgs) StdoutLine: {'line': b'-- Up-to-date: /home/subhalaxmi/nidar_ws/install/px4_msgs/include/px4_msgs/px4_msgs/msg/detail/goto_setpoint__builder.hpp\n'}
[5.784222] (px4_msgs) StdoutLine: {'line': b'-- Up-to-date: /home/subhalaxmi/nidar_ws/install/px4_msgs/include/px4_msgs/px4_msgs/msg/detail/vehicle_angular_velocity__type_support.hpp\n'}
[5.784318] (px4_msgs) StdoutLine: {'line': b'-- Up-to-date: /home/subhalaxmi/nidar_ws/install/px4_msgs/include/px4_msgs/px4_msgs/msg/detail/gimbal_manager_information__struct.hpp\n'}
[5.784452] (px4_msgs) StdoutLine: {'line': b'-- Up-to-date: /home/subhalaxmi/nidar_ws/install/px4_msgs/include/px4_msgs/px4_msgs/msg/detail/parameter_set_value_response__struct.hpp\n'}
[5.784636] (px4_msgs) StdoutLine: {'line': b'-- Up-to-date: /home/subhalaxmi/nidar_ws/install/px4_msgs/include/px4_msgs/px4_msgs/msg/detail/vehicle_land_detected__builder.hpp\n'}
[5.784741] (px4_msgs) StdoutLine: {'line': b'-- Up-to-date: /home/subhalaxmi/nidar_ws/install/px4_msgs/include/px4_msgs/px4_msgs/msg/detail/follow_target__type_support.hpp\n'}
[5.784838] (px4_msgs) StdoutLine: {'line': b'-- Up-to-date: /home/subhalaxmi/nidar_ws/install/px4_msgs/include/px4_msgs/px4_msgs/msg/detail/failure_detector_status__builder.hpp\n'}
[5.784934] (px4_msgs) StdoutLine: {'line': b'-- Up-to-date: /home/subhalaxmi/nidar_ws/install/px4_msgs/include/px4_msgs/px4_msgs/msg/detail/button_event__builder.hpp\n'}
[5.785030] (px4_msgs) StdoutLine: {'line': b'-- Up-to-date: /home/subhalaxmi/nidar_ws/install/px4_msgs/include/px4_msgs/px4_msgs/msg/detail/qshell_retval__type_support.hpp\n'}
[5.785124] (px4_msgs) StdoutLine: {'line': b'-- Up-to-date: /home/subhalaxmi/nidar_ws/install/px4_msgs/include/px4_msgs/px4_msgs/msg/detail/mavlink_log__builder.hpp\n'}
[5.785219] (px4_msgs) StdoutLine: {'line': b'-- Up-to-date: /home/subhalaxmi/nidar_ws/install/px4_msgs/include/px4_msgs/px4_msgs/msg/detail/sensors_status_imu__type_support.hpp\n'}
[5.785315] (px4_msgs) StdoutLine: {'line': b'-- Up-to-date: /home/subhalaxmi/nidar_ws/install/px4_msgs/include/px4_msgs/px4_msgs/msg/detail/gimbal_controls__struct.hpp\n'}
[5.785454] (px4_msgs) StdoutLine: {'line': b'-- Up-to-date: /home/subhalaxmi/nidar_ws/install/px4_msgs/include/px4_msgs/px4_msgs/msg/detail/uavcan_parameter_request__builder.hpp\n'}
[5.785638] (px4_msgs) StdoutLine: {'line': b'-- Up-to-date: /home/subhalaxmi/nidar_ws/install/px4_msgs/include/px4_msgs/px4_msgs/msg/detail/vehicle_constraints__type_support.hpp\n'}
[5.785742] (px4_msgs) StdoutLine: {'line': b'-- Up-to-date: /home/subhalaxmi/nidar_ws/install/px4_msgs/include/px4_msgs/px4_msgs/msg/detail/follow_target_status__traits.hpp\n'}
[5.785840] (px4_msgs) StdoutLine: {'line': b'-- Up-to-date: /home/subhalaxmi/nidar_ws/install/px4_msgs/include/px4_msgs/px4_msgs/msg/detail/cpuload__traits.hpp\n'}
[5.785937] (px4_msgs) StdoutLine: {'line': b'-- Up-to-date: /home/subhalaxmi/nidar_ws/install/px4_msgs/include/px4_msgs/px4_msgs/msg/detail/sensor_hygrometer__traits.hpp\n'}
[5.786040] (px4_msgs) StdoutLine: {'line': b'-- Up-to-date: /home/subhalaxmi/nidar_ws/install/px4_msgs/include/px4_msgs/px4_msgs/msg/detail/vehicle_optical_flow_vel__builder.hpp\n'}
[5.786183] (px4_msgs) StdoutLine: {'line': b'-- Up-to-date: /home/subhalaxmi/nidar_ws/install/px4_msgs/include/px4_msgs/px4_msgs/msg/detail/event__builder.hpp\n'}
[5.786318] (px4_msgs) StdoutLine: {'line': b'-- Up-to-date: /home/subhalaxmi/nidar_ws/install/px4_msgs/include/px4_msgs/px4_msgs/msg/detail/rover_speed_status__struct.hpp\n'}
[5.786451] (px4_msgs) StdoutLine: {'line': b'-- Up-to-date: /home/subhalaxmi/nidar_ws/install/px4_msgs/include/px4_msgs/px4_msgs/msg/detail/rover_rate_setpoint__type_support.hpp\n'}
[5.786642] (px4_msgs) StdoutLine: {'line': b'-- Up-to-date: /home/subhalaxmi/nidar_ws/install/px4_msgs/include/px4_msgs/px4_msgs/msg/detail/actuator_controls_status__builder.hpp\n'}
[5.786748] (px4_msgs) StdoutLine: {'line': b'-- Up-to-date: /home/subhalaxmi/nidar_ws/install/px4_msgs/include/px4_msgs/px4_msgs/msg/detail/satellite_info__type_support.hpp\n'}
[5.786843] (px4_msgs) StdoutLine: {'line': b'-- Up-to-date: /home/subhalaxmi/nidar_ws/install/px4_msgs/include/px4_msgs/px4_msgs/msg/detail/actuator_armed__struct.hpp\n'}
[5.786939] (px4_msgs) StdoutLine: {'line': b'-- Up-to-date: /home/subhalaxmi/nidar_ws/install/px4_msgs/include/px4_msgs/px4_msgs/msg/detail/estimator_aid_source3d__type_support.hpp\n'}
[5.787040] (px4_msgs) StdoutLine: {'line': b'-- Up-to-date: /home/subhalaxmi/nidar_ws/install/px4_msgs/include/px4_msgs/px4_msgs/msg/detail/vehicle_torque_setpoint__struct.hpp\n'}
[5.787179] (px4_msgs) StdoutLine: {'line': b'-- Up-to-date: /home/subhalaxmi/nidar_ws/install/px4_msgs/include/px4_msgs/px4_msgs/msg/detail/internal_combustion_engine_status__type_support.hpp\n'}
[5.787350] (px4_msgs) StdoutLine: {'line': b'-- Up-to-date: /home/subhalaxmi/nidar_ws/install/px4_msgs/include/px4_msgs/px4_msgs/msg/detail/open_drone_id_arm_status__struct.hpp\n'}
[5.787450] (px4_msgs) StdoutLine: {'line': b'-- Up-to-date: /home/subhalaxmi/nidar_ws/install/px4_msgs/include/px4_msgs/px4_msgs/msg/detail/battery_status__builder.hpp\n'}
[5.787566] (px4_msgs) StdoutLine: {'line': b'-- Up-to-date: /home/subhalaxmi/nidar_ws/install/px4_msgs/include/px4_msgs/px4_msgs/msg/detail/vehicle_torque_setpoint__traits.hpp\n'}
[5.787685] (px4_msgs) StdoutLine: {'line': b'-- Up-to-date: /home/subhalaxmi/nidar_ws/install/px4_msgs/include/px4_msgs/px4_msgs/msg/detail/irlock_report__type_support.hpp\n'}
[5.787825] (px4_msgs) StdoutLine: {'line': b'-- Up-to-date: /home/subhalaxmi/nidar_ws/install/px4_msgs/include/px4_msgs/px4_msgs/msg/detail/cpuload__builder.hpp\n'}
[5.787962] (px4_msgs) StdoutLine: {'line': b'-- Up-to-date: /home/subhalaxmi/nidar_ws/install/px4_msgs/include/px4_msgs/px4_msgs/msg/detail/vehicle_angular_acceleration_setpoint__struct.hpp\n'}
[5.788099] (px4_msgs) StdoutLine: {'line': b'-- Up-to-date: /home/subhalaxmi/nidar_ws/install/px4_msgs/include/px4_msgs/px4_msgs/msg/detail/estimator_sensor_bias__struct.hpp\n'}
[5.788235] (px4_msgs) StdoutLine: {'line': b'-- Up-to-date: /home/subhalaxmi/nidar_ws/install/px4_msgs/include/px4_msgs/px4_msgs/msg/detail/mavlink_log__struct.hpp\n'}
[5.788369] (px4_msgs) StdoutLine: {'line': b'-- Up-to-date: /home/subhalaxmi/nidar_ws/install/px4_msgs/include/px4_msgs/px4_msgs/msg/detail/dataman_response__type_support.hpp\n'}
[5.788535] (px4_msgs) StdoutLine: {'line': b'-- Up-to-date: /home/subhalaxmi/nidar_ws/install/px4_msgs/include/px4_msgs/px4_msgs/msg/detail/fixed_wing_lateral_setpoint__struct.hpp\n'}
[5.788653] (px4_msgs) StdoutLine: {'line': b'-- Up-to-date: /home/subhalaxmi/nidar_ws/install/px4_msgs/include/px4_msgs/px4_msgs/msg/detail/sensor_correction__builder.hpp\n'}
[5.788798] (px4_msgs) StdoutLine: {'line': b'-- Up-to-date: /home/subhalaxmi/nidar_ws/install/px4_msgs/include/px4_msgs/px4_msgs/msg/detail/camera_status__struct.hpp\n'}
[5.788901] (px4_msgs) StdoutLine: {'line': b'-- Up-to-date: /home/subhalaxmi/nidar_ws/install/px4_msgs/include/px4_msgs/px4_msgs/msg/detail/unregister_ext_component__builder.hpp\n'}
[5.788998] (px4_msgs) StdoutLine: {'line': b'-- Up-to-date: /home/subhalaxmi/nidar_ws/install/px4_msgs/include/px4_msgs/px4_msgs/msg/detail/mode_completed__type_support.hpp\n'}
[5.789095] (px4_msgs) StdoutLine: {'line': b'-- Up-to-date: /home/subhalaxmi/nidar_ws/install/px4_msgs/include/px4_msgs/px4_msgs/msg/detail/rover_speed_setpoint__type_support.hpp\n'}
[5.789191] (px4_msgs) StdoutLine: {'line': b'-- Up-to-date: /home/subhalaxmi/nidar_ws/install/px4_msgs/include/px4_msgs/px4_msgs/msg/detail/orb_test__builder.hpp\n'}
[5.789287] (px4_msgs) StdoutLine: {'line': b'-- Up-to-date: /home/subhalaxmi/nidar_ws/install/px4_msgs/include/px4_msgs/px4_msgs/msg/detail/gripper__type_support.hpp\n'}
[5.789384] (px4_msgs) StdoutLine: {'line': b'-- Up-to-date: /home/subhalaxmi/nidar_ws/install/px4_msgs/include/px4_msgs/px4_msgs/msg/detail/fixed_wing_lateral_setpoint__builder.hpp\n'}
[5.789541] (px4_msgs) StdoutLine: {'line': b'-- Up-to-date: /home/subhalaxmi/nidar_ws/install/px4_msgs/include/px4_msgs/px4_msgs/msg/detail/debug_array__builder.hpp\n'}
[5.789652] (px4_msgs) StdoutLine: {'line': b'-- Up-to-date: /home/subhalaxmi/nidar_ws/install/px4_msgs/include/px4_msgs/px4_msgs/msg/detail/action_request__type_support.hpp\n'}
[5.789749] (px4_msgs) StdoutLine: {'line': b'-- Up-to-date: /home/subhalaxmi/nidar_ws/install/px4_msgs/include/px4_msgs/px4_msgs/msg/detail/estimator_status__traits.hpp\n'}
[5.789844] (px4_msgs) StdoutLine: {'line': b'-- Up-to-date: /home/subhalaxmi/nidar_ws/install/px4_msgs/include/px4_msgs/px4_msgs/msg/detail/rover_attitude_setpoint__builder.hpp\n'}
[5.789938] (px4_msgs) StdoutLine: {'line': b'-- Up-to-date: /home/subhalaxmi/nidar_ws/install/px4_msgs/include/px4_msgs/px4_msgs/msg/detail/log_message__builder.hpp\n'}
[5.790033] (px4_msgs) StdoutLine: {'line': b'-- Up-to-date: /home/subhalaxmi/nidar_ws/install/px4_msgs/include/px4_msgs/px4_msgs/msg/detail/vehicle_command__builder.hpp\n'}
[5.790128] (px4_msgs) StdoutLine: {'line': b'-- Up-to-date: /home/subhalaxmi/nidar_ws/install/px4_msgs/include/px4_msgs/px4_msgs/msg/detail/navigator_status__struct.hpp\n'}
[5.790223] (px4_msgs) StdoutLine: {'line': b'-- Up-to-date: /home/subhalaxmi/nidar_ws/install/px4_msgs/include/px4_msgs/px4_msgs/msg/detail/debug_key_value__traits.hpp\n'}
[5.790321] (px4_msgs) StdoutLine: {'line': b'-- Up-to-date: /home/subhalaxmi/nidar_ws/install/px4_msgs/include/px4_msgs/px4_msgs/msg/detail/rover_steering_setpoint__traits.hpp\n'}
[5.790431] (px4_msgs) StdoutLine: {'line': b'-- Up-to-date: /home/subhalaxmi/nidar_ws/install/px4_msgs/include/px4_msgs/px4_msgs/msg/detail/power_monitor__builder.hpp\n'}
[5.790638] (px4_msgs) StdoutLine: {'line': b'-- Up-to-date: /home/subhalaxmi/nidar_ws/install/px4_msgs/include/px4_msgs/px4_msgs/msg/detail/sensors_status__type_support.hpp\n'}
[5.790754] (px4_msgs) StdoutLine: {'line': b'-- Up-to-date: /home/subhalaxmi/nidar_ws/install/px4_msgs/include/px4_msgs/px4_msgs/msg/detail/pure_pursuit_status__type_support.hpp\n'}
[5.790851] (px4_msgs) StdoutLine: {'line': b'-- Up-to-date: /home/subhalaxmi/nidar_ws/install/px4_msgs/include/px4_msgs/px4_msgs/msg/detail/sensor_gyro_fft__struct.hpp\n'}
[5.790948] (px4_msgs) StdoutLine: {'line': b'-- Up-to-date: /home/subhalaxmi/nidar_ws/install/px4_msgs/include/px4_msgs/px4_msgs/msg/detail/rpm__struct.hpp\n'}
[5.791068] (px4_msgs) StdoutLine: {'line': b'-- Up-to-date: /home/subhalaxmi/nidar_ws/install/px4_msgs/include/px4_msgs/px4_msgs/msg/detail/camera_status__traits.hpp\n'}
[5.791225] (px4_msgs) StdoutLine: {'line': b'-- Up-to-date: /home/subhalaxmi/nidar_ws/install/px4_msgs/include/px4_msgs/px4_msgs/msg/detail/pwm_input__struct.hpp\n'}
[5.791323] (px4_msgs) StdoutLine: {'line': b'-- Up-to-date: /home/subhalaxmi/nidar_ws/install/px4_msgs/include/px4_msgs/px4_msgs/msg/detail/estimator_event_flags__traits.hpp\n'}
[5.791418] (px4_msgs) StdoutLine: {'line': b'-- Up-to-date: /home/subhalaxmi/nidar_ws/install/px4_msgs/include/px4_msgs/px4_msgs/msg/detail/orb_test_medium__builder.hpp\n'}
[5.791514] (px4_msgs) StdoutLine: {'line': b'-- Up-to-date: /home/subhalaxmi/nidar_ws/install/px4_msgs/include/px4_msgs/px4_msgs/msg/detail/mode_completed__traits.hpp\n'}
[5.791640] (px4_msgs) StdoutLine: {'line': b'-- Up-to-date: /home/subhalaxmi/nidar_ws/install/px4_msgs/include/px4_msgs/px4_msgs/msg/detail/geofence_result__builder.hpp\n'}
[5.791740] (px4_msgs) StdoutLine: {'line': b'-- Up-to-date: /home/subhalaxmi/nidar_ws/install/px4_msgs/include/px4_msgs/px4_msgs/msg/detail/parameter_set_used_request__struct.hpp\n'}
[5.791835] (px4_msgs) StdoutLine: {'line': b'-- Up-to-date: /home/subhalaxmi/nidar_ws/install/px4_msgs/include/px4_msgs/px4_msgs/msg/detail/gps_dump__builder.hpp\n'}
[5.791930] (px4_msgs) StdoutLine: {'line': b'-- Up-to-date: /home/subhalaxmi/nidar_ws/install/px4_msgs/include/px4_msgs/px4_msgs/msg/detail/sensor_accel__builder.hpp\n'}
[5.792025] (px4_msgs) StdoutLine: {'line': b'-- Up-to-date: /home/subhalaxmi/nidar_ws/install/px4_msgs/include/px4_msgs/px4_msgs/msg/detail/raptor_input__type_support.hpp\n'}
[5.792187] (px4_msgs) StdoutLine: {'line': b'-- Up-to-date: /home/subhalaxmi/nidar_ws/install/px4_msgs/include/px4_msgs/px4_msgs/msg/detail/gps_dump__struct.hpp\n'}
[5.792290] (px4_msgs) StdoutLine: {'line': b'-- Up-to-date: /home/subhalaxmi/nidar_ws/install/px4_msgs/include/px4_msgs/px4_msgs/msg/detail/vehicle_land_detected__struct.hpp\n'}
[5.792388] (px4_msgs) StdoutLine: {'line': b'-- Up-to-date: /home/subhalaxmi/nidar_ws/install/px4_msgs/include/px4_msgs/px4_msgs/msg/detail/gpio_out__traits.hpp\n'}
[5.792484] (px4_msgs) StdoutLine: {'line': b'-- Up-to-date: /home/subhalaxmi/nidar_ws/install/px4_msgs/include/px4_msgs/px4_msgs/msg/detail/vehicle_attitude_setpoint__struct.hpp\n'}
[5.792603] (px4_msgs) StdoutLine: {'line': b'-- Up-to-date: /home/subhalaxmi/nidar_ws/install/px4_msgs/include/px4_msgs/px4_msgs/msg/detail/sensor_gps__type_support.hpp\n'}
[5.792703] (px4_msgs) StdoutLine: {'line': b'-- Up-to-date: /home/subhalaxmi/nidar_ws/install/px4_msgs/include/px4_msgs/px4_msgs/msg/detail/gpio_request__type_support.hpp\n'}
[5.792838] (px4_msgs) StdoutLine: {'line': b'-- Up-to-date: /home/subhalaxmi/nidar_ws/install/px4_msgs/include/px4_msgs/px4_msgs/msg/detail/vehicle_imu__builder.hpp\n'}
[5.792980] (px4_msgs) StdoutLine: {'line': b'-- Up-to-date: /home/subhalaxmi/nidar_ws/install/px4_msgs/include/px4_msgs/px4_msgs/msg/detail/vehicle_constraints__struct.hpp\n'}
[5.793114] (px4_msgs) StdoutLine: {'line': b'-- Up-to-date: /home/subhalaxmi/nidar_ws/install/px4_msgs/include/px4_msgs/px4_msgs/msg/detail/estimator_innovations__type_support.hpp\n'}
[5.793251] (px4_msgs) StdoutLine: {'line': b'-- Up-to-date: /home/subhalaxmi/nidar_ws/install/px4_msgs/include/px4_msgs/px4_msgs/msg/detail/estimator_bias__builder.hpp\n'}
[5.793386] (px4_msgs) StdoutLine: {'line': b'-- Up-to-date: /home/subhalaxmi/nidar_ws/install/px4_msgs/include/px4_msgs/px4_msgs/msg/detail/estimator_states__traits.hpp\n'}
[5.793520] (px4_msgs) StdoutLine: {'line': b'-- Up-to-date: /home/subhalaxmi/nidar_ws/install/px4_msgs/include/px4_msgs/px4_msgs/msg/detail/log_message__struct.hpp\n'}
[5.793699] (px4_msgs) StdoutLine: {'line': b'-- Up-to-date: /home/subhalaxmi/nidar_ws/install/px4_msgs/include/px4_msgs/px4_msgs/msg/detail/rover_throttle_setpoint__struct.hpp\n'}
[5.793846] (px4_msgs) StdoutLine: {'line': b'-- Up-to-date: /home/subhalaxmi/nidar_ws/install/px4_msgs/include/px4_msgs/px4_msgs/msg/detail/rover_throttle_setpoint__builder.hpp\n'}
[5.793962] (px4_msgs) StdoutLine: {'line': b'-- Up-to-date: /home/subhalaxmi/nidar_ws/install/px4_msgs/include/px4_msgs/px4_msgs/msg/detail/vehicle_command_ack__builder.hpp\n'}
[5.794058] (px4_msgs) StdoutLine: {'line': b'-- Up-to-date: /home/subhalaxmi/nidar_ws/install/px4_msgs/include/px4_msgs/px4_msgs/msg/detail/gimbal_device_set_attitude__type_support.hpp\n'}
[5.794153] (px4_msgs) StdoutLine: {'line': b'-- Up-to-date: /home/subhalaxmi/nidar_ws/install/px4_msgs/include/px4_msgs/px4_msgs/msg/detail/vehicle_local_position__struct.hpp\n'}
[5.794247] (px4_msgs) StdoutLine: {'line': b'-- Up-to-date: /home/subhalaxmi/nidar_ws/install/px4_msgs/include/px4_msgs/px4_msgs/msg/detail/mount_orientation__struct.hpp\n'}
[5.794342] (px4_msgs) StdoutLine: {'line': b'-- Up-to-date: /home/subhalaxmi/nidar_ws/install/px4_msgs/include/px4_msgs/px4_msgs/msg/detail/vehicle_acceleration__builder.hpp\n'}
[5.794447] (px4_msgs) StdoutLine: {'line': b'-- Up-to-date: /home/subhalaxmi/nidar_ws/install/px4_msgs/include/px4_msgs/px4_msgs/msg/detail/manual_control_switches__builder.hpp\n'}
[5.794644] (px4_msgs) StdoutLine: {'line': b'-- Up-to-date: /home/subhalaxmi/nidar_ws/install/px4_msgs/include/px4_msgs/px4_msgs/msg/detail/gimbal_device_attitude_status__builder.hpp\n'}
[5.794752] (px4_msgs) StdoutLine: {'line': b'-- Up-to-date: /home/subhalaxmi/nidar_ws/install/px4_msgs/include/px4_msgs/px4_msgs/msg/detail/ekf2_timestamps__struct.hpp\n'}
[5.794859] (px4_msgs) StdoutLine: {'line': b'-- Up-to-date: /home/subhalaxmi/nidar_ws/install/px4_msgs/include/px4_msgs/px4_msgs/msg/detail/rtl_status__traits.hpp\n'}
[5.794974] (px4_msgs) StdoutLine: {'line': b'-- Up-to-date: /home/subhalaxmi/nidar_ws/install/px4_msgs/include/px4_msgs/px4_msgs/msg/detail/telemetry_status__traits.hpp\n'}
[5.795071] (px4_msgs) StdoutLine: {'line': b'-- Up-to-date: /home/subhalaxmi/nidar_ws/install/px4_msgs/include/px4_msgs/px4_msgs/msg/detail/fixed_wing_lateral_setpoint__type_support.hpp\n'}
[5.795181] (px4_msgs) StdoutLine: {'line': b'-- Up-to-date: /home/subhalaxmi/nidar_ws/install/px4_msgs/include/px4_msgs/px4_msgs/msg/detail/radio_status__builder.hpp\n'}
[5.795323] (px4_msgs) StdoutLine: {'line': b'-- Up-to-date: /home/subhalaxmi/nidar_ws/install/px4_msgs/include/px4_msgs/px4_msgs/msg/detail/hover_thrust_estimate__builder.hpp\n'}
[5.795457] (px4_msgs) StdoutLine: {'line': b'-- Up-to-date: /home/subhalaxmi/nidar_ws/install/px4_msgs/include/px4_msgs/px4_msgs/msg/detail/arming_check_reply__builder.hpp\n'}
[5.795654] (px4_msgs) StdoutLine: {'line': b'-- Up-to-date: /home/subhalaxmi/nidar_ws/install/px4_msgs/include/px4_msgs/px4_msgs/msg/detail/tune_control__struct.hpp\n'}
[5.795763] (px4_msgs) StdoutLine: {'line': b'-- Up-to-date: /home/subhalaxmi/nidar_ws/install/px4_msgs/include/px4_msgs/px4_msgs/msg/detail/mavlink_tunnel__type_support.hpp\n'}
[5.795901] (px4_msgs) StdoutLine: {'line': b'-- Up-to-date: /home/subhalaxmi/nidar_ws/install/px4_msgs/include/px4_msgs/px4_msgs/msg/detail/px4io_status__type_support.hpp\n'}
[5.796037] (px4_msgs) StdoutLine: {'line': b'-- Up-to-date: /home/subhalaxmi/nidar_ws/install/px4_msgs/include/px4_msgs/px4_msgs/msg/detail/fixed_wing_longitudinal_setpoint__type_support.hpp\n'}
[5.796174] (px4_msgs) StdoutLine: {'line': b'-- Up-to-date: /home/subhalaxmi/nidar_ws/install/px4_msgs/include/px4_msgs/px4_msgs/msg/detail/tecs_status__type_support.hpp\n'}
[5.796308] (px4_msgs) StdoutLine: {'line': b'-- Up-to-date: /home/subhalaxmi/nidar_ws/install/px4_msgs/include/px4_msgs/px4_msgs/msg/detail/sensor_accel_fifo__type_support.hpp\n'}
[5.796444] (px4_msgs) StdoutLine: {'line': b'-- Up-to-date: /home/subhalaxmi/nidar_ws/install/px4_msgs/include/px4_msgs/px4_msgs/msg/detail/vehicle_air_data__traits.hpp\n'}
[5.796651] (px4_msgs) StdoutLine: {'line': b'-- Up-to-date: /home/subhalaxmi/nidar_ws/install/px4_msgs/include/px4_msgs/px4_msgs/msg/detail/raptor_input__builder.hpp\n'}
[5.796762] (px4_msgs) StdoutLine: {'line': b'-- Up-to-date: /home/subhalaxmi/nidar_ws/install/px4_msgs/include/px4_msgs/px4_msgs/msg/detail/uavcan_parameter_value__type_support.hpp\n'}
[5.796871] (px4_msgs) StdoutLine: {'line': b'-- Up-to-date: /home/subhalaxmi/nidar_ws/install/px4_msgs/include/px4_msgs/px4_msgs/msg/detail/rtl_time_estimate__type_support.hpp\n'}
[5.796968] (px4_msgs) StdoutLine: {'line': b'-- Up-to-date: /home/subhalaxmi/nidar_ws/install/px4_msgs/include/px4_msgs/px4_msgs/msg/detail/open_drone_id_self_id__type_support.hpp\n'}
[5.797062] (px4_msgs) StdoutLine: {'line': b'-- Up-to-date: /home/subhalaxmi/nidar_ws/install/px4_msgs/include/px4_msgs/px4_msgs/msg/detail/debug_vect__builder.hpp\n'}
[5.797189] (px4_msgs) StdoutLine: {'line': b'-- Up-to-date: /home/subhalaxmi/nidar_ws/install/px4_msgs/include/px4_msgs/px4_msgs/msg/detail/vehicle_local_position_setpoint__builder.hpp\n'}
[5.797324] (px4_msgs) StdoutLine: {'line': b'-- Up-to-date: /home/subhalaxmi/nidar_ws/install/px4_msgs/include/px4_msgs/px4_msgs/msg/detail/actuator_servos__traits.hpp\n'}
[5.797458] (px4_msgs) StdoutLine: {'line': b'-- Up-to-date: /home/subhalaxmi/nidar_ws/install/px4_msgs/include/px4_msgs/px4_msgs/msg/detail/sensors_status_imu__traits.hpp\n'}
[5.797644] (px4_msgs) StdoutLine: {'line': b'-- Up-to-date: /home/subhalaxmi/nidar_ws/install/px4_msgs/include/px4_msgs/px4_msgs/msg/detail/orb_test_medium__type_support.hpp\n'}
[5.797750] (px4_msgs) StdoutLine: {'line': b'-- Up-to-date: /home/subhalaxmi/nidar_ws/install/px4_msgs/include/px4_msgs/px4_msgs/msg/detail/velocity_limits__type_support.hpp\n'}
[5.797846] (px4_msgs) StdoutLine: {'line': b'-- Up-to-date: /home/subhalaxmi/nidar_ws/install/px4_msgs/include/px4_msgs/px4_msgs/msg/detail/gimbal_manager_information__traits.hpp\n'}
[5.797942] (px4_msgs) StdoutLine: {'line': b'-- Up-to-date: /home/subhalaxmi/nidar_ws/install/px4_msgs/include/px4_msgs/px4_msgs/msg/detail/position_setpoint_triplet__builder.hpp\n'}
[5.798038] (px4_msgs) StdoutLine: {'line': b'-- Up-to-date: /home/subhalaxmi/nidar_ws/install/px4_msgs/include/px4_msgs/px4_msgs/msg/detail/gimbal_manager_set_attitude__struct.hpp\n'}
[5.798143] (px4_msgs) StdoutLine: {'line': b'-- Up-to-date: /home/subhalaxmi/nidar_ws/install/px4_msgs/include/px4_msgs/px4_msgs/msg/detail/tiltrotor_extra_controls__traits.hpp\n'}
[5.798280] (px4_msgs) StdoutLine: {'line': b'-- Up-to-date: /home/subhalaxmi/nidar_ws/install/px4_msgs/include/px4_msgs/px4_msgs/msg/detail/transponder_report__traits.hpp\n'}
[5.798415] (px4_msgs) StdoutLine: {'line': b'-- Up-to-date: /home/subhalaxmi/nidar_ws/install/px4_msgs/include/px4_msgs/px4_msgs/msg/detail/sensor_temp__traits.hpp\n'}
[5.798604] (px4_msgs) StdoutLine: {'line': b'-- Up-to-date: /home/subhalaxmi/nidar_ws/install/px4_msgs/include/px4_msgs/px4_msgs/msg/detail/fixed_wing_runway_control__type_support.hpp\n'}
[5.798723] (px4_msgs) StdoutLine: {'line': b'-- Up-to-date: /home/subhalaxmi/nidar_ws/install/px4_msgs/include/px4_msgs/px4_msgs/msg/detail/gimbal_device_set_attitude__traits.hpp\n'}
[5.798842] (px4_msgs) StdoutLine: {'line': b'-- Up-to-date: /home/subhalaxmi/nidar_ws/install/px4_msgs/include/px4_msgs/px4_msgs/msg/detail/control_allocator_status__builder.hpp\n'}
[5.799006] (px4_msgs) StdoutLine: {'line': b'-- Up-to-date: /home/subhalaxmi/nidar_ws/install/px4_msgs/include/px4_msgs/px4_msgs/msg/detail/system_power__type_support.hpp\n'}
[5.799106] (px4_msgs) StdoutLine: {'line': b'-- Up-to-date: /home/subhalaxmi/nidar_ws/install/px4_msgs/include/px4_msgs/px4_msgs/msg/detail/qshell_req__traits.hpp\n'}
[5.799202] (px4_msgs) StdoutLine: {'line': b'-- Up-to-date: /home/subhalaxmi/nidar_ws/install/px4_msgs/include/px4_msgs/px4_msgs/msg/detail/health_report__builder.hpp\n'}
[5.799298] (px4_msgs) StdoutLine: {'line': b'-- Up-to-date: /home/subhalaxmi/nidar_ws/install/px4_msgs/include/px4_msgs/px4_msgs/msg/detail/lateral_control_configuration__type_support.hpp\n'}
[5.799394] (px4_msgs) StdoutLine: {'line': b'-- Up-to-date: /home/subhalaxmi/nidar_ws/install/px4_msgs/include/px4_msgs/px4_msgs/msg/detail/sensor_gps__struct.hpp\n'}
[5.799489] (px4_msgs) StdoutLine: {'line': b'-- Up-to-date: /home/subhalaxmi/nidar_ws/install/px4_msgs/include/px4_msgs/px4_msgs/msg/trajectory_setpoint6dof.hpp\n'}
[5.799622] (px4_msgs) StdoutLine: {'line': b'-- Up-to-date: /home/subhalaxmi/nidar_ws/install/px4_msgs/include/px4_msgs/px4_msgs/msg/radio_status.hpp\n'}
[5.799724] (px4_msgs) StdoutLine: {'line': b'-- Up-to-date: /home/subhalaxmi/nidar_ws/install/px4_msgs/include/px4_msgs/px4_msgs/msg/onboard_computer_status.hpp\n'}
[5.799843] (px4_msgs) StdoutLine: {'line': b'-- Up-to-date: /home/subhalaxmi/nidar_ws/install/px4_msgs/include/px4_msgs/px4_msgs/msg/task_stack_info.hpp\n'}
[5.799981] (px4_msgs) StdoutLine: {'line': b'-- Up-to-date: /home/subhalaxmi/nidar_ws/install/px4_msgs/include/px4_msgs/px4_msgs/msg/rosidl_generator_cpp__visibility_control.hpp\n'}
[5.800118] (px4_msgs) StdoutLine: {'line': b'-- Up-to-date: /home/subhalaxmi/nidar_ws/install/px4_msgs/include/px4_msgs/px4_msgs/msg/rover_attitude_setpoint.hpp\n'}
[5.800255] (px4_msgs) StdoutLine: {'line': b'-- Up-to-date: /home/subhalaxmi/nidar_ws/install/px4_msgs/include/px4_msgs/px4_msgs/msg/can_interface_status.hpp\n'}
[5.800390] (px4_msgs) StdoutLine: {'line': b'-- Up-to-date: /home/subhalaxmi/nidar_ws/install/px4_msgs/include/px4_msgs/px4_msgs/msg/offboard_control_mode.hpp\n'}
[5.800536] (px4_msgs) StdoutLine: {'line': b'-- Up-to-date: /home/subhalaxmi/nidar_ws/install/px4_msgs/include/px4_msgs/px4_msgs/msg/rpm.hpp\n'}
[5.800722] (px4_msgs) StdoutLine: {'line': b'-- Up-to-date: /home/subhalaxmi/nidar_ws/install/px4_msgs/include/px4_msgs/px4_msgs/msg/mag_worker_data.hpp\n'}
[5.800820] (px4_msgs) StdoutLine: {'line': b'-- Up-to-date: /home/subhalaxmi/nidar_ws/install/px4_msgs/include/px4_msgs/px4_msgs/msg/normalized_unsigned_setpoint.hpp\n'}
[5.800916] (px4_msgs) StdoutLine: {'line': b'-- Up-to-date: /home/subhalaxmi/nidar_ws/install/px4_msgs/include/px4_msgs/px4_msgs/msg/parameter_set_used_request.hpp\n'}
[5.801013] (px4_msgs) StdoutLine: {'line': b'-- Up-to-date: /home/subhalaxmi/nidar_ws/install/px4_msgs/include/px4_msgs/px4_msgs/msg/mode_completed.hpp\n'}
[5.801109] (px4_msgs) StdoutLine: {'line': b'-- Up-to-date: /home/subhalaxmi/nidar_ws/install/px4_msgs/include/px4_msgs/px4_msgs/msg/mission_result.hpp\n'}
[5.801205] (px4_msgs) StdoutLine: {'line': b'-- Up-to-date: /home/subhalaxmi/nidar_ws/install/px4_msgs/include/px4_msgs/px4_msgs/msg/sensor_gyro_fifo.hpp\n'}
[5.801300] (px4_msgs) StdoutLine: {'line': b'-- Up-to-date: /home/subhalaxmi/nidar_ws/install/px4_msgs/include/px4_msgs/px4_msgs/msg/follow_target_status.hpp\n'}
[5.801395] (px4_msgs) StdoutLine: {'line': b'-- Up-to-date: /home/subhalaxmi/nidar_ws/install/px4_msgs/include/px4_msgs/px4_msgs/msg/cellular_status.hpp\n'}
[5.801535] (px4_msgs) StdoutLine: {'line': b'-- Up-to-date: /home/subhalaxmi/nidar_ws/install/px4_msgs/include/px4_msgs/px4_msgs/msg/debug_key_value.hpp\n'}
[5.801733] (px4_msgs) StdoutLine: {'line': b'-- Up-to-date: /home/subhalaxmi/nidar_ws/install/px4_msgs/include/px4_msgs/px4_msgs/msg/actuator_servos_trim.hpp\n'}
[5.801835] (px4_msgs) StdoutLine: {'line': b'-- Up-to-date: /home/subhalaxmi/nidar_ws/install/px4_msgs/include/px4_msgs/px4_msgs/msg/dronecan_node_status.hpp\n'}
[5.801930] (px4_msgs) StdoutLine: {'line': b'-- Up-to-date: /home/subhalaxmi/nidar_ws/install/px4_msgs/include/px4_msgs/px4_msgs/msg/estimator_aid_source1d.hpp\n'}
[5.802025] (px4_msgs) StdoutLine: {'line': b'-- Up-to-date: /home/subhalaxmi/nidar_ws/install/px4_msgs/include/px4_msgs/px4_msgs/msg/irlock_report.hpp\n'}
[5.802126] (px4_msgs) StdoutLine: {'line': b'-- Up-to-date: /home/subhalaxmi/nidar_ws/install/px4_msgs/include/px4_msgs/px4_msgs/msg/sensor_optical_flow.hpp\n'}
[5.802261] (px4_msgs) StdoutLine: {'line': b'-- Up-to-date: /home/subhalaxmi/nidar_ws/install/px4_msgs/include/px4_msgs/px4_msgs/msg/camera_capture.hpp\n'}
[5.802396] (px4_msgs) StdoutLine: {'line': b'-- Up-to-date: /home/subhalaxmi/nidar_ws/install/px4_msgs/include/px4_msgs/px4_msgs/msg/sensor_airflow.hpp\n'}
[5.802581] (px4_msgs) StdoutLine: {'line': b'-- Up-to-date: /home/subhalaxmi/nidar_ws/install/px4_msgs/include/px4_msgs/px4_msgs/msg/gimbal_manager_set_attitude.hpp\n'}
[5.802702] (px4_msgs) StdoutLine: {'line': b'-- Up-to-date: /home/subhalaxmi/nidar_ws/install/px4_msgs/include/px4_msgs/px4_msgs/msg/vehicle_land_detected.hpp\n'}
[5.802831] (px4_msgs) StdoutLine: {'line': b'-- Up-to-date: /home/subhalaxmi/nidar_ws/install/px4_msgs/include/px4_msgs/px4_msgs/msg/gpio_in.hpp\n'}
[5.802930] (px4_msgs) StdoutLine: {'line': b'-- Up-to-date: /home/subhalaxmi/nidar_ws/install/px4_msgs/include/px4_msgs/px4_msgs/msg/aux_global_position.hpp\n'}
[5.803037] (px4_msgs) StdoutLine: {'line': b'-- Up-to-date: /home/subhalaxmi/nidar_ws/install/px4_msgs/include/px4_msgs/px4_msgs/msg/actuator_armed.hpp\n'}
[5.803135] (px4_msgs) StdoutLine: {'line': b'-- Up-to-date: /home/subhalaxmi/nidar_ws/install/px4_msgs/include/px4_msgs/px4_msgs/msg/actuator_controls_status.hpp\n'}
[5.803242] (px4_msgs) StdoutLine: {'line': b'-- Up-to-date: /home/subhalaxmi/nidar_ws/install/px4_msgs/include/px4_msgs/px4_msgs/msg/ulog_stream_ack.hpp\n'}
[5.803434] (px4_msgs) StdoutLine: {'line': b'-- Up-to-date: /home/subhalaxmi/nidar_ws/install/px4_msgs/include/px4_msgs/px4_msgs/msg/ulog_stream.hpp\n'}
[5.803551] (px4_msgs) StdoutLine: {'line': b'-- Up-to-date: /home/subhalaxmi/nidar_ws/install/px4_msgs/include/px4_msgs/px4_msgs/msg/sensor_hygrometer.hpp\n'}
[5.803665] (px4_msgs) StdoutLine: {'line': b'-- Up-to-date: /home/subhalaxmi/nidar_ws/install/px4_msgs/include/px4_msgs/px4_msgs/msg/vtol_vehicle_status.hpp\n'}
[5.803763] (px4_msgs) StdoutLine: {'line': b'-- Up-to-date: /home/subhalaxmi/nidar_ws/install/px4_msgs/include/px4_msgs/px4_msgs/msg/config_overrides.hpp\n'}
[5.803858] (px4_msgs) StdoutLine: {'line': b'-- Up-to-date: /home/subhalaxmi/nidar_ws/install/px4_msgs/include/px4_msgs/px4_msgs/msg/collision_constraints.hpp\n'}
[5.803957] (px4_msgs) StdoutLine: {'line': b'-- Up-to-date: /home/subhalaxmi/nidar_ws/install/px4_msgs/include/px4_msgs/px4_msgs/msg/rate_ctrl_status.hpp\n'}
[5.804103] (px4_msgs) StdoutLine: {'line': b'-- Up-to-date: /home/subhalaxmi/nidar_ws/install/px4_msgs/include/px4_msgs/px4_msgs/msg/landing_gear_wheel.hpp\n'}
[5.804239] (px4_msgs) StdoutLine: {'line': b'-- Up-to-date: /home/subhalaxmi/nidar_ws/install/px4_msgs/include/px4_msgs/px4_msgs/msg/arming_check_reply.hpp\n'}
[5.804372] (px4_msgs) StdoutLine: {'line': b'-- Up-to-date: /home/subhalaxmi/nidar_ws/install/px4_msgs/include/px4_msgs/px4_msgs/msg/internal_combustion_engine_control.hpp\n'}
[5.804507] (px4_msgs) StdoutLine: {'line': b'-- Up-to-date: /home/subhalaxmi/nidar_ws/install/px4_msgs/include/px4_msgs/px4_msgs/msg/rc_channels.hpp\n'}
[5.804688] (px4_msgs) StdoutLine: {'line': b'-- Up-to-date: /home/subhalaxmi/nidar_ws/install/px4_msgs/include/px4_msgs/px4_msgs/msg/vehicle_air_data.hpp\n'}
[5.804790] (px4_msgs) StdoutLine: {'line': b'-- Up-to-date: /home/subhalaxmi/nidar_ws/install/px4_msgs/include/px4_msgs/px4_msgs/msg/vehicle_optical_flow_vel.hpp\n'}
[5.804886] (px4_msgs) StdoutLine: {'line': b'-- Up-to-date: /home/subhalaxmi/nidar_ws/install/px4_msgs/include/px4_msgs/px4_msgs/msg/estimator_gps_status.hpp\n'}
[5.804988] (px4_msgs) StdoutLine: {'line': b'-- Up-to-date: /home/subhalaxmi/nidar_ws/install/px4_msgs/include/px4_msgs/px4_msgs/msg/tiltrotor_extra_controls.hpp\n'}
[5.805125] (px4_msgs) StdoutLine: {'line': b'-- Up-to-date: /home/subhalaxmi/nidar_ws/install/px4_msgs/include/px4_msgs/px4_msgs/msg/landing_target_innovations.hpp\n'}
[5.805260] (px4_msgs) StdoutLine: {'line': b'-- Up-to-date: /home/subhalaxmi/nidar_ws/install/px4_msgs/include/px4_msgs/px4_msgs/msg/sensor_gnss_status.hpp\n'}
[5.805395] (px4_msgs) StdoutLine: {'line': b'-- Up-to-date: /home/subhalaxmi/nidar_ws/install/px4_msgs/include/px4_msgs/px4_msgs/msg/generator_status.hpp\n'}
[5.805541] (px4_msgs) StdoutLine: {'line': b'-- Up-to-date: /home/subhalaxmi/nidar_ws/install/px4_msgs/include/px4_msgs/px4_msgs/msg/sensor_selection.hpp\n'}
[5.805740] (px4_msgs) StdoutLine: {'line': b'-- Up-to-date: /home/subhalaxmi/nidar_ws/install/px4_msgs/include/px4_msgs/px4_msgs/msg/estimator_status_flags.hpp\n'}
[5.805842] (px4_msgs) StdoutLine: {'line': b'-- Up-to-date: /home/subhalaxmi/nidar_ws/install/px4_msgs/include/px4_msgs/px4_msgs/msg/rover_steering_setpoint.hpp\n'}
[5.805959] (px4_msgs) StdoutLine: {'line': b'-- Up-to-date: /home/subhalaxmi/nidar_ws/install/px4_msgs/include/px4_msgs/px4_msgs/msg/esc_status.hpp\n'}
[5.806055] (px4_msgs) StdoutLine: {'line': b'-- Up-to-date: /home/subhalaxmi/nidar_ws/install/px4_msgs/include/px4_msgs/px4_msgs/msg/actuator_test.hpp\n'}
[5.806150] (px4_msgs) StdoutLine: {'line': b'-- Up-to-date: /home/subhalaxmi/nidar_ws/install/px4_msgs/include/px4_msgs/px4_msgs/msg/estimator_event_flags.hpp\n'}
[5.806247] (px4_msgs) StdoutLine: {'line': b'-- Up-to-date: /home/subhalaxmi/nidar_ws/install/px4_msgs/include/px4_msgs/px4_msgs/msg/sensor_gnss_relative.hpp\n'}
[5.806342] (px4_msgs) StdoutLine: {'line': b'-- Up-to-date: /home/subhalaxmi/nidar_ws/install/px4_msgs/include/px4_msgs/px4_msgs/msg/trajectory_setpoint.hpp\n'}
[5.806437] (px4_msgs) StdoutLine: {'line': b'-- Up-to-date: /home/subhalaxmi/nidar_ws/install/px4_msgs/include/px4_msgs/px4_msgs/srv\n'}
[5.806546] (px4_msgs) StdoutLine: {'line': b'-- Up-to-date: /home/subhalaxmi/nidar_ws/install/px4_msgs/include/px4_msgs/px4_msgs/srv/vehicle_command.hpp\n'}
[5.806666] (px4_msgs) StdoutLine: {'line': b'-- Up-to-date: /home/subhalaxmi/nidar_ws/install/px4_msgs/include/px4_msgs/px4_msgs/srv/detail\n'}
[5.806818] (px4_msgs) StdoutLine: {'line': b'-- Up-to-date: /home/subhalaxmi/nidar_ws/install/px4_msgs/include/px4_msgs/px4_msgs/srv/detail/vehicle_command__struct.hpp\n'}
[5.806955] (px4_msgs) StdoutLine: {'line': b'-- Up-to-date: /home/subhalaxmi/nidar_ws/install/px4_msgs/include/px4_msgs/px4_msgs/srv/detail/vehicle_command__type_support.hpp\n'}
[5.807092] (px4_msgs) StdoutLine: {'line': b'-- Up-to-date: /home/subhalaxmi/nidar_ws/install/px4_msgs/include/px4_msgs/px4_msgs/srv/detail/vehicle_command__traits.hpp\n'}
[5.807226] (px4_msgs) StdoutLine: {'line': b'-- Up-to-date: /home/subhalaxmi/nidar_ws/install/px4_msgs/include/px4_msgs/px4_msgs/srv/detail/vehicle_command__builder.hpp\n'}
[5.807360] (px4_msgs) StdoutLine: {'line': b'-- Up-to-date: /home/subhalaxmi/nidar_ws/install/px4_msgs/include/px4_msgs/px4_msgs\n'}
[5.807493] (px4_msgs) StdoutLine: {'line': b'-- Up-to-date: /home/subhalaxmi/nidar_ws/install/px4_msgs/include/px4_msgs/px4_msgs/msg\n'}
[5.807705] (px4_msgs) StdoutLine: {'line': b'-- Up-to-date: /home/subhalaxmi/nidar_ws/install/px4_msgs/include/px4_msgs/px4_msgs/msg/detail\n'}
[5.807809] (px4_msgs) StdoutLine: {'line': b'-- Up-to-date: /home/subhalaxmi/nidar_ws/install/px4_msgs/include/px4_msgs/px4_msgs/msg/detail/estimator_aid_source3d__rosidl_typesupport_fastrtps_cpp.hpp\n'}
[5.807925] (px4_msgs) StdoutLine: {'line': b'-- Up-to-date: /home/subhalaxmi/nidar_ws/install/px4_msgs/include/px4_msgs/px4_msgs/msg/detail/cpuload__rosidl_typesupport_fastrtps_cpp.hpp\n'}
[5.808024] (px4_msgs) StdoutLine: {'line': b'-- Up-to-date: /home/subhalaxmi/nidar_ws/install/px4_msgs/include/px4_msgs/px4_msgs/msg/detail/open_drone_id_operator_id__rosidl_typesupport_fastrtps_cpp.hpp\n'}
[5.808121] (px4_msgs) StdoutLine: {'line': b'-- Up-to-date: /home/subhalaxmi/nidar_ws/install/px4_msgs/include/px4_msgs/px4_msgs/msg/detail/sensor_gps__rosidl_typesupport_fastrtps_cpp.hpp\n'}
[5.808218] (px4_msgs) StdoutLine: {'line': b'-- Up-to-date: /home/subhalaxmi/nidar_ws/install/px4_msgs/include/px4_msgs/px4_msgs/msg/detail/vehicle_optical_flow__rosidl_typesupport_fastrtps_cpp.hpp\n'}
[5.808315] (px4_msgs) StdoutLine: {'line': b'-- Up-to-date: /home/subhalaxmi/nidar_ws/install/px4_msgs/include/px4_msgs/px4_msgs/msg/detail/trajectory_setpoint6dof__rosidl_typesupport_fastrtps_cpp.hpp\n'}
[5.808454] (px4_msgs) StdoutLine: {'line': b'-- Up-to-date: /home/subhalaxmi/nidar_ws/install/px4_msgs/include/px4_msgs/px4_msgs/msg/detail/rtl_time_estimate__rosidl_typesupport_fastrtps_cpp.hpp\n'}
[5.808624] (px4_msgs) StdoutLine: {'line': b'-- Up-to-date: /home/subhalaxmi/nidar_ws/install/px4_msgs/include/px4_msgs/px4_msgs/msg/detail/gpio_request__rosidl_typesupport_fastrtps_cpp.hpp\n'}
[5.808785] (px4_msgs) StdoutLine: {'line': b'-- Up-to-date: /home/subhalaxmi/nidar_ws/install/px4_msgs/include/px4_msgs/px4_msgs/msg/detail/orb_test_large__rosidl_typesupport_fastrtps_cpp.hpp\n'}
[5.808896] (px4_msgs) StdoutLine: {'line': b'-- Up-to-date: /home/subhalaxmi/nidar_ws/install/px4_msgs/include/px4_msgs/px4_msgs/msg/detail/landing_target_innovations__rosidl_typesupport_fastrtps_cpp.hpp\n'}
[5.808995] (px4_msgs) StdoutLine: {'line': b'-- Up-to-date: /home/subhalaxmi/nidar_ws/install/px4_msgs/include/px4_msgs/px4_msgs/msg/detail/estimator_bias__rosidl_typesupport_fastrtps_cpp.hpp\n'}
[5.809140] (px4_msgs) StdoutLine: {'line': b'-- Up-to-date: /home/subhalaxmi/nidar_ws/install/px4_msgs/include/px4_msgs/px4_msgs/msg/detail/vehicle_local_position_setpoint__rosidl_typesupport_fastrtps_cpp.hpp\n'}
[5.809322] (px4_msgs) StdoutLine: {'line': b'-- Up-to-date: /home/subhalaxmi/nidar_ws/install/px4_msgs/include/px4_msgs/px4_msgs/msg/detail/failsafe_flags__rosidl_typesupport_fastrtps_cpp.hpp\n'}
[5.809509] (px4_msgs) StdoutLine: {'line': b'-- Up-to-date: /home/subhalaxmi/nidar_ws/install/px4_msgs/include/px4_msgs/px4_msgs/msg/detail/sensors_status__rosidl_typesupport_fastrtps_cpp.hpp\n'}
[5.809706] (px4_msgs) StdoutLine: {'line': b'-- Up-to-date: /home/subhalaxmi/nidar_ws/install/px4_msgs/include/px4_msgs/px4_msgs/msg/detail/collision_constraints__rosidl_typesupport_fastrtps_cpp.hpp\n'}
[5.809811] (px4_msgs) StdoutLine: {'line': b'-- Up-to-date: /home/subhalaxmi/nidar_ws/install/px4_msgs/include/px4_msgs/px4_msgs/msg/detail/actuator_servos_trim__rosidl_typesupport_fastrtps_cpp.hpp\n'}
[5.809908] (px4_msgs) StdoutLine: {'line': b'-- Up-to-date: /home/subhalaxmi/nidar_ws/install/px4_msgs/include/px4_msgs/px4_msgs/msg/detail/sensor_combined__rosidl_typesupport_fastrtps_cpp.hpp\n'}
[5.810006] (px4_msgs) StdoutLine: {'line': b'-- Up-to-date: /home/subhalaxmi/nidar_ws/install/px4_msgs/include/px4_msgs/px4_msgs/msg/detail/estimator_innovations__rosidl_typesupport_fastrtps_cpp.hpp\n'}
[5.810103] (px4_msgs) StdoutLine: {'line': b'-- Up-to-date: /home/subhalaxmi/nidar_ws/install/px4_msgs/include/px4_msgs/px4_msgs/msg/detail/ulog_stream__rosidl_typesupport_fastrtps_cpp.hpp\n'}
[5.810251] (px4_msgs) StdoutLine: {'line': b'-- Up-to-date: /home/subhalaxmi/nidar_ws/install/px4_msgs/include/px4_msgs/px4_msgs/msg/detail/debug_value__rosidl_typesupport_fastrtps_cpp.hpp\n'}
[5.810433] (px4_msgs) StdoutLine: {'line': b'-- Up-to-date: /home/subhalaxmi/nidar_ws/install/px4_msgs/include/px4_msgs/px4_msgs/msg/detail/fixed_wing_lateral_guidance_status__rosidl_typesupport_fastrtps_cpp.hpp\n'}
[5.810553] (px4_msgs) StdoutLine: {'line': b'-- Up-to-date: /home/subhalaxmi/nidar_ws/install/px4_msgs/include/px4_msgs/px4_msgs/msg/detail/sensor_baro__rosidl_typesupport_fastrtps_cpp.hpp\n'}
[5.810667] (px4_msgs) StdoutLine: {'line': b'-- Up-to-date: /home/subhalaxmi/nidar_ws/install/px4_msgs/include/px4_msgs/px4_msgs/msg/detail/vehicle_local_position__rosidl_typesupport_fastrtps_cpp.hpp\n'}
[5.810765] (px4_msgs) StdoutLine: {'line': b'-- Up-to-date: /home/subhalaxmi/nidar_ws/install/px4_msgs/include/px4_msgs/px4_msgs/msg/detail/sensor_hygrometer__rosidl_typesupport_fastrtps_cpp.hpp\n'}
[5.810870] (px4_msgs) StdoutLine: {'line': b'-- Up-to-date: /home/subhalaxmi/nidar_ws/install/px4_msgs/include/px4_msgs/px4_msgs/msg/detail/vehicle_constraints__rosidl_typesupport_fastrtps_cpp.hpp\n'}
[5.811008] (px4_msgs) StdoutLine: {'line': b'-- Up-to-date: /home/subhalaxmi/nidar_ws/install/px4_msgs/include/px4_msgs/px4_msgs/msg/detail/dronecan_node_status__rosidl_typesupport_fastrtps_cpp.hpp\n'}
[5.811143] (px4_msgs) StdoutLine: {'line': b'-- Up-to-date: /home/subhalaxmi/nidar_ws/install/px4_msgs/include/px4_msgs/px4_msgs/msg/detail/debug_array__rosidl_typesupport_fastrtps_cpp.hpp\n'}
[5.811277] (px4_msgs) StdoutLine: {'line': b'-- Up-to-date: /home/subhalaxmi/nidar_ws/install/px4_msgs/include/px4_msgs/px4_msgs/msg/detail/manual_control_setpoint__rosidl_typesupport_fastrtps_cpp.hpp\n'}
[5.811413] (px4_msgs) StdoutLine: {'line': b'-- Up-to-date: /home/subhalaxmi/nidar_ws/install/px4_msgs/include/px4_msgs/px4_msgs/msg/detail/neural_control__rosidl_typesupport_fastrtps_cpp.hpp\n'}
[5.811607] (px4_msgs) StdoutLine: {'line': b'-- Up-to-date: /home/subhalaxmi/nidar_ws/install/px4_msgs/include/px4_msgs/px4_msgs/msg/detail/follow_target__rosidl_typesupport_fastrtps_cpp.hpp\n'}
[5.811794] (px4_msgs) StdoutLine: {'line': b'-- Up-to-date: /home/subhalaxmi/nidar_ws/install/px4_msgs/include/px4_msgs/px4_msgs/msg/detail/actuator_motors__rosidl_typesupport_fastrtps_cpp.hpp\n'}
[5.811941] (px4_msgs) StdoutLine: {'line': b'-- Up-to-date: /home/subhalaxmi/nidar_ws/install/px4_msgs/include/px4_msgs/px4_msgs/msg/detail/rate_ctrl_status__rosidl_typesupport_fastrtps_cpp.hpp\n'}
[5.812083] (px4_msgs) StdoutLine: {'line': b'-- Up-to-date: /home/subhalaxmi/nidar_ws/install/px4_msgs/include/px4_msgs/px4_msgs/msg/detail/gimbal_device_set_attitude__rosidl_typesupport_fastrtps_cpp.hpp\n'}
[5.812222] (px4_msgs) StdoutLine: {'line': b'-- Up-to-date: /home/subhalaxmi/nidar_ws/install/px4_msgs/include/px4_msgs/px4_msgs/msg/detail/mode_completed__rosidl_typesupport_fastrtps_cpp.hpp\n'}
[5.812358] (px4_msgs) StdoutLine: {'line': b'-- Up-to-date: /home/subhalaxmi/nidar_ws/install/px4_msgs/include/px4_msgs/px4_msgs/msg/detail/estimator_status__rosidl_typesupport_fastrtps_cpp.hpp\n'}
[5.812495] (px4_msgs) StdoutLine: {'line': b'-- Up-to-date: /home/subhalaxmi/nidar_ws/install/px4_msgs/include/px4_msgs/px4_msgs/msg/detail/estimator_aid_source2d__rosidl_typesupport_fastrtps_cpp.hpp\n'}
[5.812704] (px4_msgs) StdoutLine: {'line': b'-- Up-to-date: /home/subhalaxmi/nidar_ws/install/px4_msgs/include/px4_msgs/px4_msgs/msg/detail/battery_info__rosidl_typesupport_fastrtps_cpp.hpp\n'}
[5.812808] (px4_msgs) StdoutLine: {'line': b'-- Up-to-date: /home/subhalaxmi/nidar_ws/install/px4_msgs/include/px4_msgs/px4_msgs/msg/detail/flight_phase_estimation__rosidl_typesupport_fastrtps_cpp.hpp\n'}
[5.812905] (px4_msgs) StdoutLine: {'line': b'-- Up-to-date: /home/subhalaxmi/nidar_ws/install/px4_msgs/include/px4_msgs/px4_msgs/msg/detail/estimator_event_flags__rosidl_typesupport_fastrtps_cpp.hpp\n'}
[5.813001] (px4_msgs) StdoutLine: {'line': b'-- Up-to-date: /home/subhalaxmi/nidar_ws/install/px4_msgs/include/px4_msgs/px4_msgs/msg/detail/event__rosidl_typesupport_fastrtps_cpp.hpp\n'}
[5.813097] (px4_msgs) StdoutLine: {'line': b'-- Up-to-date: /home/subhalaxmi/nidar_ws/install/px4_msgs/include/px4_msgs/px4_msgs/msg/detail/sensor_mag__rosidl_typesupport_fastrtps_cpp.hpp\n'}
[5.813192] (px4_msgs) StdoutLine: {'line': b'-- Up-to-date: /home/subhalaxmi/nidar_ws/install/px4_msgs/include/px4_msgs/px4_msgs/msg/detail/vehicle_torque_setpoint__rosidl_typesupport_fastrtps_cpp.hpp\n'}
[5.813288] (px4_msgs) StdoutLine: {'line': b'-- Up-to-date: /home/subhalaxmi/nidar_ws/install/px4_msgs/include/px4_msgs/px4_msgs/msg/detail/tecs_status__rosidl_typesupport_fastrtps_cpp.hpp\n'}
[5.813383] (px4_msgs) StdoutLine: {'line': b'-- Up-to-date: /home/subhalaxmi/nidar_ws/install/px4_msgs/include/px4_msgs/px4_msgs/msg/detail/position_setpoint_triplet__rosidl_typesupport_fastrtps_cpp.hpp\n'}
[5.813478] (px4_msgs) StdoutLine: {'line': b'-- Up-to-date: /home/subhalaxmi/nidar_ws/install/px4_msgs/include/px4_msgs/px4_msgs/msg/detail/sensor_gyro_fifo__rosidl_typesupport_fastrtps_cpp.hpp\n'}
[5.813609] (px4_msgs) StdoutLine: {'line': b'-- Up-to-date: /home/subhalaxmi/nidar_ws/install/px4_msgs/include/px4_msgs/px4_msgs/msg/detail/manual_control_switches__rosidl_typesupport_fastrtps_cpp.hpp\n'}
[5.813784] (px4_msgs) StdoutLine: {'line': b'-- Up-to-date: /home/subhalaxmi/nidar_ws/install/px4_msgs/include/px4_msgs/px4_msgs/msg/detail/gimbal_manager_information__rosidl_typesupport_fastrtps_cpp.hpp\n'}
[5.813884] (px4_msgs) StdoutLine: {'line': b'-- Up-to-date: /home/subhalaxmi/nidar_ws/install/px4_msgs/include/px4_msgs/px4_msgs/msg/detail/longitudinal_control_configuration__rosidl_typesupport_fastrtps_cpp.hpp\n'}
[5.813981] (px4_msgs) StdoutLine: {'line': b'-- Up-to-date: /home/subhalaxmi/nidar_ws/install/px4_msgs/include/px4_msgs/px4_msgs/msg/detail/esc_status__rosidl_typesupport_fastrtps_cpp.hpp\n'}
[5.814079] (px4_msgs) StdoutLine: {'line': b'-- Up-to-date: /home/subhalaxmi/nidar_ws/install/px4_msgs/include/px4_msgs/px4_msgs/msg/detail/estimator_selector_status__rosidl_typesupport_fastrtps_cpp.hpp\n'}
[5.814188] (px4_msgs) StdoutLine: {'line': b'-- Up-to-date: /home/subhalaxmi/nidar_ws/install/px4_msgs/include/px4_msgs/px4_msgs/msg/detail/mavlink_log__rosidl_typesupport_fastrtps_cpp.hpp\n'}
[5.814296] (px4_msgs) StdoutLine: {'line': b'-- Up-to-date: /home/subhalaxmi/nidar_ws/install/px4_msgs/include/px4_msgs/px4_msgs/msg/detail/parameter_set_value_response__rosidl_typesupport_fastrtps_cpp.hpp\n'}
[5.814440] (px4_msgs) StdoutLine: {'line': b'-- Up-to-date: /home/subhalaxmi/nidar_ws/install/px4_msgs/include/px4_msgs/px4_msgs/msg/detail/lateral_control_configuration__rosidl_typesupport_fastrtps_cpp.hpp\n'}
[5.814632] (px4_msgs) StdoutLine: {'line': b'-- Up-to-date: /home/subhalaxmi/nidar_ws/install/px4_msgs/include/px4_msgs/px4_msgs/msg/detail/dds_fastrtps\n'}
[5.814747] (px4_msgs) StdoutLine: {'line': b'-- Up-to-date: /home/subhalaxmi/nidar_ws/install/px4_msgs/include/px4_msgs/px4_msgs/msg/detail/estimator_status_flags__rosidl_typesupport_fastrtps_cpp.hpp\n'}
[5.814845] (px4_msgs) StdoutLine: {'line': b'-- Up-to-date: /home/subhalaxmi/nidar_ws/install/px4_msgs/include/px4_msgs/px4_msgs/msg/detail/failure_detector_status__rosidl_typesupport_fastrtps_cpp.hpp\n'}
[5.814960] (px4_msgs) StdoutLine: {'line': b'-- Up-to-date: /home/subhalaxmi/nidar_ws/install/px4_msgs/include/px4_msgs/px4_msgs/msg/detail/vehicle_thrust_setpoint__rosidl_typesupport_fastrtps_cpp.hpp\n'}
[5.815100] (px4_msgs) StdoutLine: {'line': b'-- Up-to-date: /home/subhalaxmi/nidar_ws/install/px4_msgs/include/px4_msgs/px4_msgs/msg/detail/action_request__rosidl_typesupport_fastrtps_cpp.hpp\n'}
[5.815233] (px4_msgs) StdoutLine: {'line': b'-- Up-to-date: /home/subhalaxmi/nidar_ws/install/px4_msgs/include/px4_msgs/px4_msgs/msg/detail/vehicle_status__rosidl_typesupport_fastrtps_cpp.hpp\n'}
[5.815369] (px4_msgs) StdoutLine: {'line': b'-- Up-to-date: /home/subhalaxmi/nidar_ws/install/px4_msgs/include/px4_msgs/px4_msgs/msg/detail/rc_channels__rosidl_typesupport_fastrtps_cpp.hpp\n'}
[5.815505] (px4_msgs) StdoutLine: {'line': b'-- Up-to-date: /home/subhalaxmi/nidar_ws/install/px4_msgs/include/px4_msgs/px4_msgs/msg/detail/actuator_outputs__rosidl_typesupport_fastrtps_cpp.hpp\n'}
[5.815722] (px4_msgs) StdoutLine: {'line': b'-- Up-to-date: /home/subhalaxmi/nidar_ws/install/px4_msgs/include/px4_msgs/px4_msgs/msg/detail/open_drone_id_self_id__rosidl_typesupport_fastrtps_cpp.hpp\n'}
[5.815832] (px4_msgs) StdoutLine: {'line': b'-- Up-to-date: /home/subhalaxmi/nidar_ws/install/px4_msgs/include/px4_msgs/px4_msgs/msg/detail/device_information__rosidl_typesupport_fastrtps_cpp.hpp\n'}
[5.815959] (px4_msgs) StdoutLine: {'line': b'-- Up-to-date: /home/subhalaxmi/nidar_ws/install/px4_msgs/include/px4_msgs/px4_msgs/msg/detail/fixed_wing_runway_control__rosidl_typesupport_fastrtps_cpp.hpp\n'}
[5.816064] (px4_msgs) StdoutLine: {'line': b'-- Up-to-date: /home/subhalaxmi/nidar_ws/install/px4_msgs/include/px4_msgs/px4_msgs/msg/detail/vehicle_command__rosidl_typesupport_fastrtps_cpp.hpp\n'}
[5.816169] (px4_msgs) StdoutLine: {'line': b'-- Up-to-date: /home/subhalaxmi/nidar_ws/install/px4_msgs/include/px4_msgs/px4_msgs/msg/detail/position_controller_status__rosidl_typesupport_fastrtps_cpp.hpp\n'}
[5.816266] (px4_msgs) StdoutLine: {'line': b'-- Up-to-date: /home/subhalaxmi/nidar_ws/install/px4_msgs/include/px4_msgs/px4_msgs/msg/detail/mount_orientation__rosidl_typesupport_fastrtps_cpp.hpp\n'}
[5.816363] (px4_msgs) StdoutLine: {'line': b'-- Up-to-date: /home/subhalaxmi/nidar_ws/install/px4_msgs/include/px4_msgs/px4_msgs/msg/detail/distance_sensor_mode_change_request__rosidl_typesupport_fastrtps_cpp.hpp\n'}
[5.816509] (px4_msgs) StdoutLine: {'line': b'-- Up-to-date: /home/subhalaxmi/nidar_ws/install/px4_msgs/include/px4_msgs/px4_msgs/msg/detail/fixed_wing_longitudinal_setpoint__rosidl_typesupport_fastrtps_cpp.hpp\n'}
[5.816704] (px4_msgs) StdoutLine: {'line': b'-- Up-to-date: /home/subhalaxmi/nidar_ws/install/px4_msgs/include/px4_msgs/px4_msgs/msg/detail/battery_status__rosidl_typesupport_fastrtps_cpp.hpp\n'}
[5.816806] (px4_msgs) StdoutLine: {'line': b'-- Up-to-date: /home/subhalaxmi/nidar_ws/install/px4_msgs/include/px4_msgs/px4_msgs/msg/detail/arming_check_reply__rosidl_typesupport_fastrtps_cpp.hpp\n'}
[5.816926] (px4_msgs) StdoutLine: {'line': b'-- Up-to-date: /home/subhalaxmi/nidar_ws/install/px4_msgs/include/px4_msgs/px4_msgs/msg/detail/pwm_input__rosidl_typesupport_fastrtps_cpp.hpp\n'}
[5.817025] (px4_msgs) StdoutLine: {'line': b'-- Up-to-date: /home/subhalaxmi/nidar_ws/install/px4_msgs/include/px4_msgs/px4_msgs/msg/detail/telemetry_status__rosidl_typesupport_fastrtps_cpp.hpp\n'}
[5.817131] (px4_msgs) StdoutLine: {'line': b'-- Up-to-date: /home/subhalaxmi/nidar_ws/install/px4_msgs/include/px4_msgs/px4_msgs/msg/detail/aux_global_position__rosidl_typesupport_fastrtps_cpp.hpp\n'}
[5.817271] (px4_msgs) StdoutLine: {'line': b'-- Up-to-date: /home/subhalaxmi/nidar_ws/install/px4_msgs/include/px4_msgs/px4_msgs/msg/detail/camera_status__rosidl_typesupport_fastrtps_cpp.hpp\n'}
[5.817407] (px4_msgs) StdoutLine: {'line': b'-- Up-to-date: /home/subhalaxmi/nidar_ws/install/px4_msgs/include/px4_msgs/px4_msgs/msg/detail/generator_status__rosidl_typesupport_fastrtps_cpp.hpp\n'}
[5.817560] (px4_msgs) StdoutLine: {'line': b'-- Up-to-date: /home/subhalaxmi/nidar_ws/install/px4_msgs/include/px4_msgs/px4_msgs/msg/detail/gps_dump__rosidl_typesupport_fastrtps_cpp.hpp\n'}
[5.817726] (px4_msgs) StdoutLine: {'line': b'-- Up-to-date: /home/subhalaxmi/nidar_ws/install/px4_msgs/include/px4_msgs/px4_msgs/msg/detail/rtl_status__rosidl_typesupport_fastrtps_cpp.hpp\n'}
[5.817824] (px4_msgs) StdoutLine: {'line': b'-- Up-to-date: /home/subhalaxmi/nidar_ws/install/px4_msgs/include/px4_msgs/px4_msgs/msg/detail/gripper__rosidl_typesupport_fastrtps_cpp.hpp\n'}
[5.817920] (px4_msgs) StdoutLine: {'line': b'-- Up-to-date: /home/subhalaxmi/nidar_ws/install/px4_msgs/include/px4_msgs/px4_msgs/msg/detail/sensor_gyro_fft__rosidl_typesupport_fastrtps_cpp.hpp\n'}
[5.818015] (px4_msgs) StdoutLine: {'line': b'-- Up-to-date: /home/subhalaxmi/nidar_ws/install/px4_msgs/include/px4_msgs/px4_msgs/msg/detail/vtol_vehicle_status__rosidl_typesupport_fastrtps_cpp.hpp\n'}
[5.818111] (px4_msgs) StdoutLine: {'line': b'-- Up-to-date: /home/subhalaxmi/nidar_ws/install/px4_msgs/include/px4_msgs/px4_msgs/msg/detail/vtx__rosidl_typesupport_fastrtps_cpp.hpp\n'}
[5.818251] (px4_msgs) StdoutLine: {'line': b'-- Up-to-date: /home/subhalaxmi/nidar_ws/install/px4_msgs/include/px4_msgs/px4_msgs/msg/detail/yaw_estimator_status__rosidl_typesupport_fastrtps_cpp.hpp\n'}
[5.818423] (px4_msgs) StdoutLine: {'line': b'-- Up-to-date: /home/subhalaxmi/nidar_ws/install/px4_msgs/include/px4_msgs/px4_msgs/msg/detail/rover_speed_status__rosidl_typesupport_fastrtps_cpp.hpp\n'}
[5.818536] (px4_msgs) StdoutLine: {'line': b'-- Up-to-date: /home/subhalaxmi/nidar_ws/install/px4_msgs/include/px4_msgs/px4_msgs/msg/detail/mavlink_tunnel__rosidl_typesupport_fastrtps_cpp.hpp\n'}
[5.818649] (px4_msgs) StdoutLine: {'line': b'-- Up-to-date: /home/subhalaxmi/nidar_ws/install/px4_msgs/include/px4_msgs/px4_msgs/msg/detail/debug_key_value__rosidl_typesupport_fastrtps_cpp.hpp\n'}
[5.818745] (px4_msgs) StdoutLine: {'line': b'-- Up-to-date: /home/subhalaxmi/nidar_ws/install/px4_msgs/include/px4_msgs/px4_msgs/msg/detail/dataman_response__rosidl_typesupport_fastrtps_cpp.hpp\n'}
[5.818847] (px4_msgs) StdoutLine: {'line': b'-- Up-to-date: /home/subhalaxmi/nidar_ws/install/px4_msgs/include/px4_msgs/px4_msgs/msg/detail/vehicle_angular_velocity__rosidl_typesupport_fastrtps_cpp.hpp\n'}
[5.818987] (px4_msgs) StdoutLine: {'line': b'-- Up-to-date: /home/subhalaxmi/nidar_ws/install/px4_msgs/include/px4_msgs/px4_msgs/msg/detail/sensor_accel__rosidl_typesupport_fastrtps_cpp.hpp\n'}
[5.819123] (px4_msgs) StdoutLine: {'line': b'-- Up-to-date: /home/subhalaxmi/nidar_ws/install/px4_msgs/include/px4_msgs/px4_msgs/msg/detail/open_drone_id_arm_status__rosidl_typesupport_fastrtps_cpp.hpp\n'}
[5.819253] (-) TimerEvent: {}
[5.819559] (px4_msgs) StdoutLine: {'line': b'-- Up-to-date: /home/subhalaxmi/nidar_ws/install/px4_msgs/include/px4_msgs/px4_msgs/msg/detail/vehicle_angular_acceleration_setpoint__rosidl_typesupport_fastrtps_cpp.hpp\n'}
[5.819731] (px4_msgs) StdoutLine: {'line': b'-- Up-to-date: /home/subhalaxmi/nidar_ws/install/px4_msgs/include/px4_msgs/px4_msgs/msg/detail/qshell_retval__rosidl_typesupport_fastrtps_cpp.hpp\n'}
[5.819841] (px4_msgs) StdoutLine: {'line': b'-- Up-to-date: /home/subhalaxmi/nidar_ws/install/px4_msgs/include/px4_msgs/px4_msgs/msg/detail/internal_combustion_engine_control__rosidl_typesupport_fastrtps_cpp.hpp\n'}
[5.819990] (px4_msgs) StdoutLine: {'line': b'-- Up-to-date: /home/subhalaxmi/nidar_ws/install/px4_msgs/include/px4_msgs/px4_msgs/msg/detail/register_ext_component_reply__rosidl_typesupport_fastrtps_cpp.hpp\n'}
[5.820138] (px4_msgs) StdoutLine: {'line': b'-- Up-to-date: /home/subhalaxmi/nidar_ws/install/px4_msgs/include/px4_msgs/px4_msgs/msg/detail/gain_compression__rosidl_typesupport_fastrtps_cpp.hpp\n'}
[5.820275] (px4_msgs) StdoutLine: {'line': b'-- Up-to-date: /home/subhalaxmi/nidar_ws/install/px4_msgs/include/px4_msgs/px4_msgs/msg/detail/follow_target_status__rosidl_typesupport_fastrtps_cpp.hpp\n'}
[5.820410] (px4_msgs) StdoutLine: {'line': b'-- Up-to-date: /home/subhalaxmi/nidar_ws/install/px4_msgs/include/px4_msgs/px4_msgs/msg/detail/navigator_mission_item__rosidl_typesupport_fastrtps_cpp.hpp\n'}
[5.820611] (px4_msgs) StdoutLine: {'line': b'-- Up-to-date: /home/subhalaxmi/nidar_ws/install/px4_msgs/include/px4_msgs/px4_msgs/msg/detail/vehicle_control_mode__rosidl_typesupport_fastrtps_cpp.hpp\n'}
[5.820769] (px4_msgs) StdoutLine: {'line': b'-- Up-to-date: /home/subhalaxmi/nidar_ws/install/px4_msgs/include/px4_msgs/px4_msgs/msg/detail/figure_eight_status__rosidl_typesupport_fastrtps_cpp.hpp\n'}
[5.820869] (px4_msgs) StdoutLine: {'line': b'-- Up-to-date: /home/subhalaxmi/nidar_ws/install/px4_msgs/include/px4_msgs/px4_msgs/msg/detail/vehicle_attitude_setpoint__rosidl_typesupport_fastrtps_cpp.hpp\n'}
[5.820967] (px4_msgs) StdoutLine: {'line': b'-- Up-to-date: /home/subhalaxmi/nidar_ws/install/px4_msgs/include/px4_msgs/px4_msgs/msg/detail/orb_test__rosidl_typesupport_fastrtps_cpp.hpp\n'}
[5.821064] (px4_msgs) StdoutLine: {'line': b'-- Up-to-date: /home/subhalaxmi/nidar_ws/install/px4_msgs/include/px4_msgs/px4_msgs/msg/detail/led_control__rosidl_typesupport_fastrtps_cpp.hpp\n'}
[5.821160] (px4_msgs) StdoutLine: {'line': b'-- Up-to-date: /home/subhalaxmi/nidar_ws/install/px4_msgs/include/px4_msgs/px4_msgs/msg/detail/sensor_temp__rosidl_typesupport_fastrtps_cpp.hpp\n'}
[5.821256] (px4_msgs) StdoutLine: {'line': b'-- Up-to-date: /home/subhalaxmi/nidar_ws/install/px4_msgs/include/px4_msgs/px4_msgs/msg/detail/pps_capture__rosidl_typesupport_fastrtps_cpp.hpp\n'}
[5.821354] (px4_msgs) StdoutLine: {'line': b'-- Up-to-date: /home/subhalaxmi/nidar_ws/install/px4_msgs/include/px4_msgs/px4_msgs/msg/detail/task_stack_info__rosidl_typesupport_fastrtps_cpp.hpp\n'}
[5.821449] (px4_msgs) StdoutLine: {'line': b'-- Up-to-date: /home/subhalaxmi/nidar_ws/install/px4_msgs/include/px4_msgs/px4_msgs/msg/detail/fixed_wing_lateral_status__rosidl_typesupport_fastrtps_cpp.hpp\n'}
[5.821568] (px4_msgs) StdoutLine: {'line': b'-- Up-to-date: /home/subhalaxmi/nidar_ws/install/px4_msgs/include/px4_msgs/px4_msgs/msg/detail/unregister_ext_component__rosidl_typesupport_fastrtps_cpp.hpp\n'}
[5.821749] (px4_msgs) StdoutLine: {'line': b'-- Up-to-date: /home/subhalaxmi/nidar_ws/install/px4_msgs/include/px4_msgs/px4_msgs/msg/detail/rover_rate_status__rosidl_typesupport_fastrtps_cpp.hpp\n'}
[5.821852] (px4_msgs) StdoutLine: {'line': b'-- Up-to-date: /home/subhalaxmi/nidar_ws/install/px4_msgs/include/px4_msgs/px4_msgs/msg/detail/distance_sensor__rosidl_typesupport_fastrtps_cpp.hpp\n'}
[5.821949] (px4_msgs) StdoutLine: {'line': b'-- Up-to-date: /home/subhalaxmi/nidar_ws/install/px4_msgs/include/px4_msgs/px4_msgs/msg/detail/mission_result__rosidl_typesupport_fastrtps_cpp.hpp\n'}
[5.822066] (px4_msgs) StdoutLine: {'line': b'-- Up-to-date: /home/subhalaxmi/nidar_ws/install/px4_msgs/include/px4_msgs/px4_msgs/msg/detail/vehicle_acceleration__rosidl_typesupport_fastrtps_cpp.hpp\n'}
[5.822164] (px4_msgs) StdoutLine: {'line': b'-- Up-to-date: /home/subhalaxmi/nidar_ws/install/px4_msgs/include/px4_msgs/px4_msgs/msg/detail/pure_pursuit_status__rosidl_typesupport_fastrtps_cpp.hpp\n'}
[5.822268] (px4_msgs) StdoutLine: {'line': b'-- Up-to-date: /home/subhalaxmi/nidar_ws/install/px4_msgs/include/px4_msgs/px4_msgs/msg/detail/normalized_unsigned_setpoint__rosidl_typesupport_fastrtps_cpp.hpp\n'}
[5.822409] (px4_msgs) StdoutLine: {'line': b'-- Up-to-date: /home/subhalaxmi/nidar_ws/install/px4_msgs/include/px4_msgs/px4_msgs/msg/detail/rover_attitude_setpoint__rosidl_typesupport_fastrtps_cpp.hpp\n'}
[5.822558] (px4_msgs) StdoutLine: {'line': b'-- Up-to-date: /home/subhalaxmi/nidar_ws/install/px4_msgs/include/px4_msgs/px4_msgs/msg/detail/vehicle_imu__rosidl_typesupport_fastrtps_cpp.hpp\n'}
[5.822720] (px4_msgs) StdoutLine: {'line': b'-- Up-to-date: /home/subhalaxmi/nidar_ws/install/px4_msgs/include/px4_msgs/px4_msgs/msg/detail/rover_rate_setpoint__rosidl_typesupport_fastrtps_cpp.hpp\n'}
[5.822819] (px4_msgs) StdoutLine: {'line': b'-- Up-to-date: /home/subhalaxmi/nidar_ws/install/px4_msgs/include/px4_msgs/px4_msgs/msg/detail/transponder_report__rosidl_typesupport_fastrtps_cpp.hpp\n'}
[5.822917] (px4_msgs) StdoutLine: {'line': b'-- Up-to-date: /home/subhalaxmi/nidar_ws/install/px4_msgs/include/px4_msgs/px4_msgs/msg/detail/vehicle_command_ack__rosidl_typesupport_fastrtps_cpp.hpp\n'}
[5.823012] (px4_msgs) StdoutLine: {'line': b'-- Up-to-date: /home/subhalaxmi/nidar_ws/install/px4_msgs/include/px4_msgs/px4_msgs/msg/detail/gps_inject_data__rosidl_typesupport_fastrtps_cpp.hpp\n'}
[5.823107] (px4_msgs) StdoutLine: {'line': b'-- Up-to-date: /home/subhalaxmi/nidar_ws/install/px4_msgs/include/px4_msgs/px4_msgs/msg/detail/ekf2_timestamps__rosidl_typesupport_fastrtps_cpp.hpp\n'}
[5.823202] (px4_msgs) StdoutLine: {'line': b'-- Up-to-date: /home/subhalaxmi/nidar_ws/install/px4_msgs/include/px4_msgs/px4_msgs/msg/detail/differential_pressure__rosidl_typesupport_fastrtps_cpp.hpp\n'}
[5.823299] (px4_msgs) StdoutLine: {'line': b'-- Up-to-date: /home/subhalaxmi/nidar_ws/install/px4_msgs/include/px4_msgs/px4_msgs/msg/detail/vehicle_imu_status__rosidl_typesupport_fastrtps_cpp.hpp\n'}
[5.823440] (px4_msgs) StdoutLine: {'line': b'-- Up-to-date: /home/subhalaxmi/nidar_ws/install/px4_msgs/include/px4_msgs/px4_msgs/msg/detail/fixed_wing_lateral_setpoint__rosidl_typesupport_fastrtps_cpp.hpp\n'}
[5.823637] (px4_msgs) StdoutLine: {'line': b'-- Up-to-date: /home/subhalaxmi/nidar_ws/install/px4_msgs/include/px4_msgs/px4_msgs/msg/detail/sensor_gyro__rosidl_typesupport_fastrtps_cpp.hpp\n'}
[5.823756] (px4_msgs) StdoutLine: {'line': b'-- Up-to-date: /home/subhalaxmi/nidar_ws/install/px4_msgs/include/px4_msgs/px4_msgs/msg/detail/camera_trigger__rosidl_typesupport_fastrtps_cpp.hpp\n'}
[5.823855] (px4_msgs) StdoutLine: {'line': b'-- Up-to-date: /home/subhalaxmi/nidar_ws/install/px4_msgs/include/px4_msgs/px4_msgs/msg/detail/ping__rosidl_typesupport_fastrtps_cpp.hpp\n'}
[5.823951] (px4_msgs) StdoutLine: {'line': b'-- Up-to-date: /home/subhalaxmi/nidar_ws/install/px4_msgs/include/px4_msgs/px4_msgs/msg/detail/rc_parameter_map__rosidl_typesupport_fastrtps_cpp.hpp\n'}
[5.824073] (px4_msgs) StdoutLine: {'line': b'-- Up-to-date: /home/subhalaxmi/nidar_ws/install/px4_msgs/include/px4_msgs/px4_msgs/msg/detail/timesync_status__rosidl_typesupport_fastrtps_cpp.hpp\n'}
[5.824212] (px4_msgs) StdoutLine: {'line': b'-- Up-to-date: /home/subhalaxmi/nidar_ws/install/px4_msgs/include/px4_msgs/px4_msgs/msg/detail/estimator_aid_source1d__rosidl_typesupport_fastrtps_cpp.hpp\n'}
[5.824348] (px4_msgs) StdoutLine: {'line': b'-- Up-to-date: /home/subhalaxmi/nidar_ws/install/px4_msgs/include/px4_msgs/px4_msgs/msg/detail/orbit_status__rosidl_typesupport_fastrtps_cpp.hpp\n'}
[5.824485] (px4_msgs) StdoutLine: {'line': b'-- Up-to-date: /home/subhalaxmi/nidar_ws/install/px4_msgs/include/px4_msgs/px4_msgs/msg/detail/button_event__rosidl_typesupport_fastrtps_cpp.hpp\n'}
[5.824680] (px4_msgs) StdoutLine: {'line': b'-- Up-to-date: /home/subhalaxmi/nidar_ws/install/px4_msgs/include/px4_msgs/px4_msgs/msg/detail/power_button_state__rosidl_typesupport_fastrtps_cpp.hpp\n'}
[5.824795] (px4_msgs) StdoutLine: {'line': b'-- Up-to-date: /home/subhalaxmi/nidar_ws/install/px4_msgs/include/px4_msgs/px4_msgs/msg/detail/home_position__rosidl_typesupport_fastrtps_cpp.hpp\n'}
[5.824892] (px4_msgs) StdoutLine: {'line': b'-- Up-to-date: /home/subhalaxmi/nidar_ws/install/px4_msgs/include/px4_msgs/px4_msgs/msg/detail/iridiumsbd_status__rosidl_typesupport_fastrtps_cpp.hpp\n'}
[5.824988] (px4_msgs) StdoutLine: {'line': b'-- Up-to-date: /home/subhalaxmi/nidar_ws/install/px4_msgs/include/px4_msgs/px4_msgs/msg/detail/power_monitor__rosidl_typesupport_fastrtps_cpp.hpp\n'}
[5.825145] (px4_msgs) StdoutLine: {'line': b'-- Up-to-date: /home/subhalaxmi/nidar_ws/install/px4_msgs/include/px4_msgs/px4_msgs/msg/detail/autotune_attitude_control_status__rosidl_typesupport_fastrtps_cpp.hpp\n'}
[5.825331] (px4_msgs) StdoutLine: {'line': b'-- Up-to-date: /home/subhalaxmi/nidar_ws/install/px4_msgs/include/px4_msgs/px4_msgs/msg/detail/gimbal_controls__rosidl_typesupport_fastrtps_cpp.hpp\n'}
[5.825577] (px4_msgs) StdoutLine: {'line': b'-- Up-to-date: /home/subhalaxmi/nidar_ws/install/px4_msgs/include/px4_msgs/px4_msgs/msg/detail/sensor_correction__rosidl_typesupport_fastrtps_cpp.hpp\n'}
[5.825822] (px4_msgs) StdoutLine: {'line': b'-- Up-to-date: /home/subhalaxmi/nidar_ws/install/px4_msgs/include/px4_msgs/px4_msgs/msg/detail/position_setpoint__rosidl_typesupport_fastrtps_cpp.hpp\n'}
[5.826033] (px4_msgs) StdoutLine: {'line': b'-- Up-to-date: /home/subhalaxmi/nidar_ws/install/px4_msgs/include/px4_msgs/px4_msgs/msg/detail/goto_setpoint__rosidl_typesupport_fastrtps_cpp.hpp\n'}
[5.826241] (px4_msgs) StdoutLine: {'line': b'-- Up-to-date: /home/subhalaxmi/nidar_ws/install/px4_msgs/include/px4_msgs/px4_msgs/msg/detail/message_format_response__rosidl_typesupport_fastrtps_cpp.hpp\n'}
[5.826447] (px4_msgs) StdoutLine: {'line': b'-- Up-to-date: /home/subhalaxmi/nidar_ws/install/px4_msgs/include/px4_msgs/px4_msgs/msg/detail/system_power__rosidl_typesupport_fastrtps_cpp.hpp\n'}
[5.826698] (px4_msgs) StdoutLine: {'line': b'-- Up-to-date: /home/subhalaxmi/nidar_ws/install/px4_msgs/include/px4_msgs/px4_msgs/msg/detail/takeoff_status__rosidl_typesupport_fastrtps_cpp.hpp\n'}
[5.826908] (px4_msgs) StdoutLine: {'line': b'-- Up-to-date: /home/subhalaxmi/nidar_ws/install/px4_msgs/include/px4_msgs/px4_msgs/msg/detail/tiltrotor_extra_controls__rosidl_typesupport_fastrtps_cpp.hpp\n'}
[5.827108] (px4_msgs) StdoutLine: {'line': b'-- Up-to-date: /home/subhalaxmi/nidar_ws/install/px4_msgs/include/px4_msgs/px4_msgs/msg/detail/navigator_status__rosidl_typesupport_fastrtps_cpp.hpp\n'}
[5.827315] (px4_msgs) StdoutLine: {'line': b'-- Up-to-date: /home/subhalaxmi/nidar_ws/install/px4_msgs/include/px4_msgs/px4_msgs/msg/detail/estimator_bias3d__rosidl_typesupport_fastrtps_cpp.hpp\n'}
[5.827510] (px4_msgs) StdoutLine: {'line': b'-- Up-to-date: /home/subhalaxmi/nidar_ws/install/px4_msgs/include/px4_msgs/px4_msgs/msg/detail/input_rc__rosidl_typesupport_fastrtps_cpp.hpp\n'}
[5.827654] (px4_msgs) StdoutLine: {'line': b'-- Up-to-date: /home/subhalaxmi/nidar_ws/install/px4_msgs/include/px4_msgs/px4_msgs/msg/detail/actuator_controls_status__rosidl_typesupport_fastrtps_cpp.hpp\n'}
[5.827761] (px4_msgs) StdoutLine: {'line': b'-- Up-to-date: /home/subhalaxmi/nidar_ws/install/px4_msgs/include/px4_msgs/px4_msgs/msg/detail/vehicle_odometry__rosidl_typesupport_fastrtps_cpp.hpp\n'}
[5.827876] (px4_msgs) StdoutLine: {'line': b'-- Up-to-date: /home/subhalaxmi/nidar_ws/install/px4_msgs/include/px4_msgs/px4_msgs/msg/detail/gimbal_device_information__rosidl_typesupport_fastrtps_cpp.hpp\n'}
[5.827980] (px4_msgs) StdoutLine: {'line': b'-- Up-to-date: /home/subhalaxmi/nidar_ws/install/px4_msgs/include/px4_msgs/px4_msgs/msg/detail/fuel_tank_status__rosidl_typesupport_fastrtps_cpp.hpp\n'}
[5.828100] (px4_msgs) StdoutLine: {'line': b'-- Up-to-date: /home/subhalaxmi/nidar_ws/install/px4_msgs/include/px4_msgs/px4_msgs/msg/detail/arming_check_request__rosidl_typesupport_fastrtps_cpp.hpp\n'}
[5.828250] (px4_msgs) StdoutLine: {'line': b'-- Up-to-date: /home/subhalaxmi/nidar_ws/install/px4_msgs/include/px4_msgs/px4_msgs/msg/detail/airspeed_wind__rosidl_typesupport_fastrtps_cpp.hpp\n'}
[5.828420] (px4_msgs) StdoutLine: {'line': b'-- Up-to-date: /home/subhalaxmi/nidar_ws/install/px4_msgs/include/px4_msgs/px4_msgs/msg/detail/vehicle_attitude__rosidl_typesupport_fastrtps_cpp.hpp\n'}
[5.828520] (px4_msgs) StdoutLine: {'line': b'-- Up-to-date: /home/subhalaxmi/nidar_ws/install/px4_msgs/include/px4_msgs/px4_msgs/msg/detail/parameter_update__rosidl_typesupport_fastrtps_cpp.hpp\n'}
[5.828658] (px4_msgs) StdoutLine: {'line': b'-- Up-to-date: /home/subhalaxmi/nidar_ws/install/px4_msgs/include/px4_msgs/px4_msgs/msg/detail/position_controller_landing_status__rosidl_typesupport_fastrtps_cpp.hpp\n'}
[5.828757] (px4_msgs) StdoutLine: {'line': b'-- Up-to-date: /home/subhalaxmi/nidar_ws/install/px4_msgs/include/px4_msgs/px4_msgs/msg/detail/radio_status__rosidl_typesupport_fastrtps_cpp.hpp\n'}
[5.828853] (px4_msgs) StdoutLine: {'line': b'-- Up-to-date: /home/subhalaxmi/nidar_ws/install/px4_msgs/include/px4_msgs/px4_msgs/msg/detail/wheel_encoders__rosidl_typesupport_fastrtps_cpp.hpp\n'}
[5.828949] (px4_msgs) StdoutLine: {'line': b'-- Up-to-date: /home/subhalaxmi/nidar_ws/install/px4_msgs/include/px4_msgs/px4_msgs/msg/detail/parameter_reset_request__rosidl_typesupport_fastrtps_cpp.hpp\n'}
[5.829045] (px4_msgs) StdoutLine: {'line': b'-- Up-to-date: /home/subhalaxmi/nidar_ws/install/px4_msgs/include/px4_msgs/px4_msgs/msg/detail/gpio_config__rosidl_typesupport_fastrtps_cpp.hpp\n'}
[5.829180] (px4_msgs) StdoutLine: {'line': b'-- Up-to-date: /home/subhalaxmi/nidar_ws/install/px4_msgs/include/px4_msgs/px4_msgs/msg/detail/can_interface_status__rosidl_typesupport_fastrtps_cpp.hpp\n'}
[5.829315] (px4_msgs) StdoutLine: {'line': b'-- Up-to-date: /home/subhalaxmi/nidar_ws/install/px4_msgs/include/px4_msgs/px4_msgs/msg/detail/geofence_result__rosidl_typesupport_fastrtps_cpp.hpp\n'}
[5.829450] (px4_msgs) StdoutLine: {'line': b'-- Up-to-date: /home/subhalaxmi/nidar_ws/install/px4_msgs/include/px4_msgs/px4_msgs/msg/detail/vehicle_optical_flow_vel__rosidl_typesupport_fastrtps_cpp.hpp\n'}
[5.829666] (px4_msgs) StdoutLine: {'line': b'-- Up-to-date: /home/subhalaxmi/nidar_ws/install/px4_msgs/include/px4_msgs/px4_msgs/msg/detail/trajectory_setpoint__rosidl_typesupport_fastrtps_cpp.hpp\n'}
[5.829861] (px4_msgs) StdoutLine: {'line': b'-- Up-to-date: /home/subhalaxmi/nidar_ws/install/px4_msgs/include/px4_msgs/px4_msgs/msg/detail/rover_position_setpoint__rosidl_typesupport_fastrtps_cpp.hpp\n'}
[5.829999] (px4_msgs) StdoutLine: {'line': b'-- Up-to-date: /home/subhalaxmi/nidar_ws/install/px4_msgs/include/px4_msgs/px4_msgs/msg/detail/ulog_stream_ack__rosidl_typesupport_fastrtps_cpp.hpp\n'}
[5.830101] (px4_msgs) StdoutLine: {'line': b'-- Up-to-date: /home/subhalaxmi/nidar_ws/install/px4_msgs/include/px4_msgs/px4_msgs/msg/detail/hover_thrust_estimate__rosidl_typesupport_fastrtps_cpp.hpp\n'}
[5.830197] (px4_msgs) StdoutLine: {'line': b'-- Up-to-date: /home/subhalaxmi/nidar_ws/install/px4_msgs/include/px4_msgs/px4_msgs/msg/detail/rover_throttle_setpoint__rosidl_typesupport_fastrtps_cpp.hpp\n'}
[5.830295] (px4_msgs) StdoutLine: {'line': b'-- Up-to-date: /home/subhalaxmi/nidar_ws/install/px4_msgs/include/px4_msgs/px4_msgs/msg/detail/gimbal_manager_status__rosidl_typesupport_fastrtps_cpp.hpp\n'}
[5.830392] (px4_msgs) StdoutLine: {'line': b'-- Up-to-date: /home/subhalaxmi/nidar_ws/install/px4_msgs/include/px4_msgs/px4_msgs/msg/detail/parameter_set_value_request__rosidl_typesupport_fastrtps_cpp.hpp\n'}
[5.830490] (px4_msgs) StdoutLine: {'line': b'-- Up-to-date: /home/subhalaxmi/nidar_ws/install/px4_msgs/include/px4_msgs/px4_msgs/msg/detail/internal_combustion_engine_status__rosidl_typesupport_fastrtps_cpp.hpp\n'}
[5.830719] (px4_msgs) StdoutLine: {'line': b'-- Up-to-date: /home/subhalaxmi/nidar_ws/install/px4_msgs/include/px4_msgs/px4_msgs/msg/detail/sensor_gnss_status__rosidl_typesupport_fastrtps_cpp.hpp\n'}
[5.830834] (px4_msgs) StdoutLine: {'line': b'-- Up-to-date: /home/subhalaxmi/nidar_ws/install/px4_msgs/include/px4_msgs/px4_msgs/msg/detail/message_format_request__rosidl_typesupport_fastrtps_cpp.hpp\n'}
[5.830947] (px4_msgs) StdoutLine: {'line': b'-- Up-to-date: /home/subhalaxmi/nidar_ws/install/px4_msgs/include/px4_msgs/px4_msgs/msg/detail/camera_capture__rosidl_typesupport_fastrtps_cpp.hpp\n'}
[5.831106] (px4_msgs) StdoutLine: {'line': b'-- Up-to-date: /home/subhalaxmi/nidar_ws/install/px4_msgs/include/px4_msgs/px4_msgs/msg/detail/tune_control__rosidl_typesupport_fastrtps_cpp.hpp\n'}
[5.831312] (px4_msgs) StdoutLine: {'line': b'-- Up-to-date: /home/subhalaxmi/nidar_ws/install/px4_msgs/include/px4_msgs/px4_msgs/msg/detail/adc_report__rosidl_typesupport_fastrtps_cpp.hpp\n'}
[5.831510] (px4_msgs) StdoutLine: {'line': b'-- Up-to-date: /home/subhalaxmi/nidar_ws/install/px4_msgs/include/px4_msgs/px4_msgs/msg/detail/launch_detection_status__rosidl_typesupport_fastrtps_cpp.hpp\n'}
[5.831752] (px4_msgs) StdoutLine: {'line': b'-- Up-to-date: /home/subhalaxmi/nidar_ws/install/px4_msgs/include/px4_msgs/px4_msgs/msg/detail/satellite_info__rosidl_typesupport_fastrtps_cpp.hpp\n'}
[5.831937] (px4_msgs) StdoutLine: {'line': b'-- Up-to-date: /home/subhalaxmi/nidar_ws/install/px4_msgs/include/px4_msgs/px4_msgs/msg/detail/log_message__rosidl_typesupport_fastrtps_cpp.hpp\n'}
[5.832120] (px4_msgs) StdoutLine: {'line': b'-- Up-to-date: /home/subhalaxmi/nidar_ws/install/px4_msgs/include/px4_msgs/px4_msgs/msg/detail/mag_worker_data__rosidl_typesupport_fastrtps_cpp.hpp\n'}
[5.832297] (px4_msgs) StdoutLine: {'line': b'-- Up-to-date: /home/subhalaxmi/nidar_ws/install/px4_msgs/include/px4_msgs/px4_msgs/msg/detail/airspeed__rosidl_typesupport_fastrtps_cpp.hpp\n'}
[5.832474] (px4_msgs) StdoutLine: {'line': b'-- Up-to-date: /home/subhalaxmi/nidar_ws/install/px4_msgs/include/px4_msgs/px4_msgs/msg/detail/irlock_report__rosidl_typesupport_fastrtps_cpp.hpp\n'}
[5.832691] (px4_msgs) StdoutLine: {'line': b'-- Up-to-date: /home/subhalaxmi/nidar_ws/install/px4_msgs/include/px4_msgs/px4_msgs/msg/detail/px4io_status__rosidl_typesupport_fastrtps_cpp.hpp\n'}
[5.832887] (px4_msgs) StdoutLine: {'line': b'-- Up-to-date: /home/subhalaxmi/nidar_ws/install/px4_msgs/include/px4_msgs/px4_msgs/msg/detail/open_drone_id_system__rosidl_typesupport_fastrtps_cpp.hpp\n'}
[5.833078] (px4_msgs) StdoutLine: {'line': b'-- Up-to-date: /home/subhalaxmi/nidar_ws/install/px4_msgs/include/px4_msgs/px4_msgs/msg/detail/airspeed_validated__rosidl_typesupport_fastrtps_cpp.hpp\n'}
[5.833263] (px4_msgs) StdoutLine: {'line': b'-- Up-to-date: /home/subhalaxmi/nidar_ws/install/px4_msgs/include/px4_msgs/px4_msgs/msg/detail/velocity_limits__rosidl_typesupport_fastrtps_cpp.hpp\n'}
[5.833440] (px4_msgs) StdoutLine: {'line': b'-- Up-to-date: /home/subhalaxmi/nidar_ws/install/px4_msgs/include/px4_msgs/px4_msgs/msg/detail/actuator_armed__rosidl_typesupport_fastrtps_cpp.hpp\n'}
[5.833751] (px4_msgs) StdoutLine: {'line': b'-- Up-to-date: /home/subhalaxmi/nidar_ws/install/px4_msgs/include/px4_msgs/px4_msgs/msg/detail/control_allocator_status__rosidl_typesupport_fastrtps_cpp.hpp\n'}
[5.833954] (px4_msgs) StdoutLine: {'line': b'-- Up-to-date: /home/subhalaxmi/nidar_ws/install/px4_msgs/include/px4_msgs/px4_msgs/msg/detail/sensor_preflight_mag__rosidl_typesupport_fastrtps_cpp.hpp\n'}
[5.834143] (px4_msgs) StdoutLine: {'line': b'-- Up-to-date: /home/subhalaxmi/nidar_ws/install/px4_msgs/include/px4_msgs/px4_msgs/msg/detail/actuator_test__rosidl_typesupport_fastrtps_cpp.hpp\n'}
[5.834319] (px4_msgs) StdoutLine: {'line': b'-- Up-to-date: /home/subhalaxmi/nidar_ws/install/px4_msgs/include/px4_msgs/px4_msgs/msg/detail/estimator_gps_status__rosidl_typesupport_fastrtps_cpp.hpp\n'}
[5.834499] (px4_msgs) StdoutLine: {'line': b'-- Up-to-date: /home/subhalaxmi/nidar_ws/install/px4_msgs/include/px4_msgs/px4_msgs/msg/detail/debug_vect__rosidl_typesupport_fastrtps_cpp.hpp\n'}
[5.834750] (px4_msgs) StdoutLine: {'line': b'-- Up-to-date: /home/subhalaxmi/nidar_ws/install/px4_msgs/include/px4_msgs/px4_msgs/msg/detail/rover_steering_setpoint__rosidl_typesupport_fastrtps_cpp.hpp\n'}
[5.834985] (px4_msgs) StdoutLine: {'line': b'-- Up-to-date: /home/subhalaxmi/nidar_ws/install/px4_msgs/include/px4_msgs/px4_msgs/msg/detail/gpio_out__rosidl_typesupport_fastrtps_cpp.hpp\n'}
[5.835265] (px4_msgs) StdoutLine: {'line': b'-- Up-to-date: /home/subhalaxmi/nidar_ws/install/px4_msgs/include/px4_msgs/px4_msgs/msg/detail/gimbal_manager_set_attitude__rosidl_typesupport_fastrtps_cpp.hpp\n'}
[5.835453] (px4_msgs) StdoutLine: {'line': b'-- Up-to-date: /home/subhalaxmi/nidar_ws/install/px4_msgs/include/px4_msgs/px4_msgs/msg/detail/gpio_in__rosidl_typesupport_fastrtps_cpp.hpp\n'}
[5.835727] (px4_msgs) StdoutLine: {'line': b'-- Up-to-date: /home/subhalaxmi/nidar_ws/install/px4_msgs/include/px4_msgs/px4_msgs/msg/detail/landing_gear_wheel__rosidl_typesupport_fastrtps_cpp.hpp\n'}
[5.835919] (px4_msgs) StdoutLine: {'line': b'-- Up-to-date: /home/subhalaxmi/nidar_ws/install/px4_msgs/include/px4_msgs/px4_msgs/msg/detail/gimbal_device_attitude_status__rosidl_typesupport_fastrtps_cpp.hpp\n'}
[5.836100] (px4_msgs) StdoutLine: {'line': b'-- Up-to-date: /home/subhalaxmi/nidar_ws/install/px4_msgs/include/px4_msgs/px4_msgs/msg/detail/dataman_request__rosidl_typesupport_fastrtps_cpp.hpp\n'}
[5.836281] (px4_msgs) StdoutLine: {'line': b'-- Up-to-date: /home/subhalaxmi/nidar_ws/install/px4_msgs/include/px4_msgs/px4_msgs/msg/detail/follow_target_estimator__rosidl_typesupport_fastrtps_cpp.hpp\n'}
[5.836487] (px4_msgs) StdoutLine: {'line': b'-- Up-to-date: /home/subhalaxmi/nidar_ws/install/px4_msgs/include/px4_msgs/px4_msgs/msg/detail/actuator_servos__rosidl_typesupport_fastrtps_cpp.hpp\n'}
[5.836818] (px4_msgs) StdoutLine: {'line': b'-- Up-to-date: /home/subhalaxmi/nidar_ws/install/px4_msgs/include/px4_msgs/px4_msgs/msg/detail/health_report__rosidl_typesupport_fastrtps_cpp.hpp\n'}
[5.837025] (px4_msgs) StdoutLine: {'line': b'-- Up-to-date: /home/subhalaxmi/nidar_ws/install/px4_msgs/include/px4_msgs/px4_msgs/msg/detail/vehicle_global_position__rosidl_typesupport_fastrtps_cpp.hpp\n'}
[5.837213] (px4_msgs) StdoutLine: {'line': b'-- Up-to-date: /home/subhalaxmi/nidar_ws/install/px4_msgs/include/px4_msgs/px4_msgs/msg/detail/raptor_status__rosidl_typesupport_fastrtps_cpp.hpp\n'}
[5.837401] (px4_msgs) StdoutLine: {'line': b'-- Up-to-date: /home/subhalaxmi/nidar_ws/install/px4_msgs/include/px4_msgs/px4_msgs/msg/detail/register_ext_component_request__rosidl_typesupport_fastrtps_cpp.hpp\n'}
[5.837693] (px4_msgs) StdoutLine: {'line': b'-- Up-to-date: /home/subhalaxmi/nidar_ws/install/px4_msgs/include/px4_msgs/px4_msgs/msg/detail/sensor_gnss_relative__rosidl_typesupport_fastrtps_cpp.hpp\n'}
[5.837912] (px4_msgs) StdoutLine: {'line': b'-- Up-to-date: /home/subhalaxmi/nidar_ws/install/px4_msgs/include/px4_msgs/px4_msgs/msg/detail/parameter_set_used_request__rosidl_typesupport_fastrtps_cpp.hpp\n'}
[5.838124] (px4_msgs) StdoutLine: {'line': b'-- Up-to-date: /home/subhalaxmi/nidar_ws/install/px4_msgs/include/px4_msgs/px4_msgs/msg/detail/rover_attitude_status__rosidl_typesupport_fastrtps_cpp.hpp\n'}
[5.838345] (px4_msgs) StdoutLine: {'line': b'-- Up-to-date: /home/subhalaxmi/nidar_ws/install/px4_msgs/include/px4_msgs/px4_msgs/msg/detail/sensor_selection__rosidl_typesupport_fastrtps_cpp.hpp\n'}
[5.838597] (px4_msgs) StdoutLine: {'line': b'-- Up-to-date: /home/subhalaxmi/nidar_ws/install/px4_msgs/include/px4_msgs/px4_msgs/msg/detail/sensor_airflow__rosidl_typesupport_fastrtps_cpp.hpp\n'}
[5.838908] (px4_msgs) StdoutLine: {'line': b'-- Up-to-date: /home/subhalaxmi/nidar_ws/install/px4_msgs/include/px4_msgs/px4_msgs/msg/detail/landing_gear__rosidl_typesupport_fastrtps_cpp.hpp\n'}
[5.839097] (px4_msgs) StdoutLine: {'line': b'-- Up-to-date: /home/subhalaxmi/nidar_ws/install/px4_msgs/include/px4_msgs/px4_msgs/msg/detail/gimbal_manager_set_manual_control__rosidl_typesupport_fastrtps_cpp.hpp\n'}
[5.839295] (px4_msgs) StdoutLine: {'line': b'-- Up-to-date: /home/subhalaxmi/nidar_ws/install/px4_msgs/include/px4_msgs/px4_msgs/msg/detail/mission__rosidl_typesupport_fastrtps_cpp.hpp\n'}
[5.839483] (px4_msgs) StdoutLine: {'line': b'-- Up-to-date: /home/subhalaxmi/nidar_ws/install/px4_msgs/include/px4_msgs/px4_msgs/msg/detail/orb_test_medium__rosidl_typesupport_fastrtps_cpp.hpp\n'}
[5.839814] (px4_msgs) StdoutLine: {'line': b'-- Up-to-date: /home/subhalaxmi/nidar_ws/install/px4_msgs/include/px4_msgs/px4_msgs/msg/detail/estimator_sensor_bias__rosidl_typesupport_fastrtps_cpp.hpp\n'}
[5.840019] (px4_msgs) StdoutLine: {'line': b'-- Up-to-date: /home/subhalaxmi/nidar_ws/install/px4_msgs/include/px4_msgs/px4_msgs/msg/detail/sensor_uwb__rosidl_typesupport_fastrtps_cpp.hpp\n'}
[5.840209] (px4_msgs) StdoutLine: {'line': b'-- Up-to-date: /home/subhalaxmi/nidar_ws/install/px4_msgs/include/px4_msgs/px4_msgs/msg/detail/heater_status__rosidl_typesupport_fastrtps_cpp.hpp\n'}
[5.840396] (px4_msgs) StdoutLine: {'line': b'-- Up-to-date: /home/subhalaxmi/nidar_ws/install/px4_msgs/include/px4_msgs/px4_msgs/msg/detail/estimator_states__rosidl_typesupport_fastrtps_cpp.hpp\n'}
[5.840607] (px4_msgs) StdoutLine: {'line': b'-- Up-to-date: /home/subhalaxmi/nidar_ws/install/px4_msgs/include/px4_msgs/px4_msgs/msg/detail/sensor_optical_flow__rosidl_typesupport_fastrtps_cpp.hpp\n'}
[5.840916] (px4_msgs) StdoutLine: {'line': b'-- Up-to-date: /home/subhalaxmi/nidar_ws/install/px4_msgs/include/px4_msgs/px4_msgs/msg/detail/cellular_status__rosidl_typesupport_fastrtps_cpp.hpp\n'}
[5.841095] (px4_msgs) StdoutLine: {'line': b'-- Up-to-date: /home/subhalaxmi/nidar_ws/install/px4_msgs/include/px4_msgs/px4_msgs/msg/detail/rpm__rosidl_typesupport_fastrtps_cpp.hpp\n'}
[5.841270] (px4_msgs) StdoutLine: {'line': b'-- Up-to-date: /home/subhalaxmi/nidar_ws/install/px4_msgs/include/px4_msgs/px4_msgs/msg/detail/uavcan_parameter_request__rosidl_typesupport_fastrtps_cpp.hpp\n'}
[5.841443] (px4_msgs) StdoutLine: {'line': b'-- Up-to-date: /home/subhalaxmi/nidar_ws/install/px4_msgs/include/px4_msgs/px4_msgs/msg/detail/config_overrides__rosidl_typesupport_fastrtps_cpp.hpp\n'}
[5.841647] (px4_msgs) StdoutLine: {'line': b'-- Up-to-date: /home/subhalaxmi/nidar_ws/install/px4_msgs/include/px4_msgs/px4_msgs/msg/detail/vehicle_magnetometer__rosidl_typesupport_fastrtps_cpp.hpp\n'}
[5.841828] (px4_msgs) StdoutLine: {'line': b'-- Up-to-date: /home/subhalaxmi/nidar_ws/install/px4_msgs/include/px4_msgs/px4_msgs/msg/detail/raptor_input__rosidl_typesupport_fastrtps_cpp.hpp\n'}
[5.841997] (px4_msgs) StdoutLine: {'line': b'-- Up-to-date: /home/subhalaxmi/nidar_ws/install/px4_msgs/include/px4_msgs/px4_msgs/msg/detail/onboard_computer_status__rosidl_typesupport_fastrtps_cpp.hpp\n'}
[5.842185] (px4_msgs) StdoutLine: {'line': b'-- Up-to-date: /home/subhalaxmi/nidar_ws/install/px4_msgs/include/px4_msgs/px4_msgs/msg/detail/vehicle_air_data__rosidl_typesupport_fastrtps_cpp.hpp\n'}
[5.842369] (px4_msgs) StdoutLine: {'line': b'-- Up-to-date: /home/subhalaxmi/nidar_ws/install/px4_msgs/include/px4_msgs/px4_msgs/msg/detail/geofence_status__rosidl_typesupport_fastrtps_cpp.hpp\n'}
[5.842702] (px4_msgs) StdoutLine: {'line': b'-- Up-to-date: /home/subhalaxmi/nidar_ws/install/px4_msgs/include/px4_msgs/px4_msgs/msg/detail/landing_target_pose__rosidl_typesupport_fastrtps_cpp.hpp\n'}
[5.842931] (px4_msgs) StdoutLine: {'line': b'-- Up-to-date: /home/subhalaxmi/nidar_ws/install/px4_msgs/include/px4_msgs/px4_msgs/msg/detail/vehicle_land_detected__rosidl_typesupport_fastrtps_cpp.hpp\n'}
[5.843124] (px4_msgs) StdoutLine: {'line': b'-- Up-to-date: /home/subhalaxmi/nidar_ws/install/px4_msgs/include/px4_msgs/px4_msgs/msg/detail/uavcan_parameter_value__rosidl_typesupport_fastrtps_cpp.hpp\n'}
[5.843317] (px4_msgs) StdoutLine: {'line': b'-- Up-to-date: /home/subhalaxmi/nidar_ws/install/px4_msgs/include/px4_msgs/px4_msgs/msg/detail/magnetometer_bias_estimate__rosidl_typesupport_fastrtps_cpp.hpp\n'}
[5.843504] (px4_msgs) StdoutLine: {'line': b'-- Up-to-date: /home/subhalaxmi/nidar_ws/install/px4_msgs/include/px4_msgs/px4_msgs/msg/detail/vehicle_rates_setpoint__rosidl_typesupport_fastrtps_cpp.hpp\n'}
[5.844417] (px4_msgs) StdoutLine: {'line': b'-- Up-to-date: /home/subhalaxmi/nidar_ws/install/px4_msgs/include/px4_msgs/px4_msgs/msg/detail/esc_report__rosidl_typesupport_fastrtps_cpp.hpp\n'}
[5.844723] (px4_msgs) StdoutLine: {'line': b'-- Up-to-date: /home/subhalaxmi/nidar_ws/install/px4_msgs/include/px4_msgs/px4_msgs/msg/detail/obstacle_distance__rosidl_typesupport_fastrtps_cpp.hpp\n'}
[5.845002] (px4_msgs) StdoutLine: {'line': b'-- Up-to-date: /home/subhalaxmi/nidar_ws/install/px4_msgs/include/px4_msgs/px4_msgs/msg/detail/logger_status__rosidl_typesupport_fastrtps_cpp.hpp\n'}
[5.845245] (px4_msgs) StdoutLine: {'line': b'-- Up-to-date: /home/subhalaxmi/nidar_ws/install/px4_msgs/include/px4_msgs/px4_msgs/msg/detail/rover_speed_setpoint__rosidl_typesupport_fastrtps_cpp.hpp\n'}
[5.845474] (px4_msgs) StdoutLine: {'line': b'-- Up-to-date: /home/subhalaxmi/nidar_ws/install/px4_msgs/include/px4_msgs/px4_msgs/msg/detail/vehicle_roi__rosidl_typesupport_fastrtps_cpp.hpp\n'}
[5.845727] (px4_msgs) StdoutLine: {'line': b'-- Up-to-date: /home/subhalaxmi/nidar_ws/install/px4_msgs/include/px4_msgs/px4_msgs/msg/detail/sensors_status_imu__rosidl_typesupport_fastrtps_cpp.hpp\n'}
[5.845945] (px4_msgs) StdoutLine: {'line': b'-- Up-to-date: /home/subhalaxmi/nidar_ws/install/px4_msgs/include/px4_msgs/px4_msgs/msg/detail/qshell_req__rosidl_typesupport_fastrtps_cpp.hpp\n'}
[5.846195] (px4_msgs) StdoutLine: {'line': b'-- Up-to-date: /home/subhalaxmi/nidar_ws/install/px4_msgs/include/px4_msgs/px4_msgs/msg/detail/wind__rosidl_typesupport_fastrtps_cpp.hpp\n'}
[5.846434] (px4_msgs) StdoutLine: {'line': b'-- Up-to-date: /home/subhalaxmi/nidar_ws/install/px4_msgs/include/px4_msgs/px4_msgs/msg/detail/sensor_accel_fifo__rosidl_typesupport_fastrtps_cpp.hpp\n'}
[5.846712] (px4_msgs) StdoutLine: {'line': b'-- Up-to-date: /home/subhalaxmi/nidar_ws/install/px4_msgs/include/px4_msgs/px4_msgs/msg/detail/offboard_control_mode__rosidl_typesupport_fastrtps_cpp.hpp\n'}
[5.846941] (px4_msgs) StdoutLine: {'line': b'-- Up-to-date: /home/subhalaxmi/nidar_ws/install/px4_msgs/include/px4_msgs/px4_msgs/msg/rosidl_typesupport_fastrtps_cpp__visibility_control.h\n'}
[5.847155] (px4_msgs) StdoutLine: {'line': b'-- Up-to-date: /home/subhalaxmi/nidar_ws/install/px4_msgs/include/px4_msgs/px4_msgs/srv\n'}
[5.847389] (px4_msgs) StdoutLine: {'line': b'-- Up-to-date: /home/subhalaxmi/nidar_ws/install/px4_msgs/include/px4_msgs/px4_msgs/srv/detail\n'}
[5.847620] (px4_msgs) StdoutLine: {'line': b'-- Up-to-date: /home/subhalaxmi/nidar_ws/install/px4_msgs/include/px4_msgs/px4_msgs/srv/detail/dds_fastrtps\n'}
[5.847886] (px4_msgs) StdoutLine: {'line': b'-- Up-to-date: /home/subhalaxmi/nidar_ws/install/px4_msgs/include/px4_msgs/px4_msgs/srv/detail/vehicle_command__rosidl_typesupport_fastrtps_cpp.hpp\n'}
[5.848092] (px4_msgs) StdoutLine: {'line': b'-- Up-to-date: /home/subhalaxmi/nidar_ws/install/px4_msgs/lib/libpx4_msgs__rosidl_typesupport_fastrtps_cpp.so\n'}
[5.848278] (px4_msgs) StdoutLine: {'line': b'-- Up-to-date: /home/subhalaxmi/nidar_ws/install/px4_msgs/include/px4_msgs/px4_msgs\n'}
[5.848458] (px4_msgs) StdoutLine: {'line': b'-- Up-to-date: /home/subhalaxmi/nidar_ws/install/px4_msgs/include/px4_msgs/px4_msgs/msg\n'}
[5.848667] (px4_msgs) StdoutLine: {'line': b'-- Up-to-date: /home/subhalaxmi/nidar_ws/install/px4_msgs/include/px4_msgs/px4_msgs/msg/rosidl_typesupport_introspection_c__visibility_control.h\n'}
[5.848847] (px4_msgs) StdoutLine: {'line': b'-- Up-to-date: /home/subhalaxmi/nidar_ws/install/px4_msgs/include/px4_msgs/px4_msgs/msg/detail\n'}
[5.849039] (px4_msgs) StdoutLine: {'line': b'-- Up-to-date: /home/subhalaxmi/nidar_ws/install/px4_msgs/include/px4_msgs/px4_msgs/msg/detail/estimator_bias__type_support.c\n'}
[5.849224] (px4_msgs) StdoutLine: {'line': b'-- Up-to-date: /home/subhalaxmi/nidar_ws/install/px4_msgs/include/px4_msgs/px4_msgs/msg/detail/offboard_control_mode__rosidl_typesupport_introspection_c.h\n'}
[5.849398] (px4_msgs) StdoutLine: {'line': b'-- Up-to-date: /home/subhalaxmi/nidar_ws/install/px4_msgs/include/px4_msgs/px4_msgs/msg/detail/mount_orientation__type_support.c\n'}
[5.849703] (px4_msgs) StdoutLine: {'line': b'-- Up-to-date: /home/subhalaxmi/nidar_ws/install/px4_msgs/include/px4_msgs/px4_msgs/msg/detail/fixed_wing_longitudinal_setpoint__type_support.c\n'}
[5.849908] (px4_msgs) StdoutLine: {'line': b'-- Up-to-date: /home/subhalaxmi/nidar_ws/install/px4_msgs/include/px4_msgs/px4_msgs/msg/detail/vehicle_imu__rosidl_typesupport_introspection_c.h\n'}
[5.850095] (px4_msgs) StdoutLine: {'line': b'-- Up-to-date: /home/subhalaxmi/nidar_ws/install/px4_msgs/include/px4_msgs/px4_msgs/msg/detail/vehicle_rates_setpoint__type_support.c\n'}
[5.850263] (px4_msgs) StdoutLine: {'line': b'-- Up-to-date: /home/subhalaxmi/nidar_ws/install/px4_msgs/include/px4_msgs/px4_msgs/msg/detail/device_information__rosidl_typesupport_introspection_c.h\n'}
[5.850712] (px4_msgs) StdoutLine: {'line': b'-- Up-to-date: /home/subhalaxmi/nidar_ws/install/px4_msgs/include/px4_msgs/px4_msgs/msg/detail/sensor_airflow__rosidl_typesupport_introspection_c.h\n'}
[5.850950] (px4_msgs) StdoutLine: {'line': b'-- Up-to-date: /home/subhalaxmi/nidar_ws/install/px4_msgs/include/px4_msgs/px4_msgs/msg/detail/rover_rate_setpoint__type_support.c\n'}
[5.851134] (px4_msgs) StdoutLine: {'line': b'-- Up-to-date: /home/subhalaxmi/nidar_ws/install/px4_msgs/include/px4_msgs/px4_msgs/msg/detail/vehicle_local_position__type_support.c\n'}
[5.851304] (px4_msgs) StdoutLine: {'line': b'-- Up-to-date: /home/subhalaxmi/nidar_ws/install/px4_msgs/include/px4_msgs/px4_msgs/msg/detail/sensor_uwb__type_support.c\n'}
[5.851472] (px4_msgs) StdoutLine: {'line': b'-- Up-to-date: /home/subhalaxmi/nidar_ws/install/px4_msgs/include/px4_msgs/px4_msgs/msg/detail/sensor_gyro_fft__type_support.c\n'}
[5.851791] (px4_msgs) StdoutLine: {'line': b'-- Up-to-date: /home/subhalaxmi/nidar_ws/install/px4_msgs/include/px4_msgs/px4_msgs/msg/detail/internal_combustion_engine_control__rosidl_typesupport_introspection_c.h\n'}
[5.851991] (px4_msgs) StdoutLine: {'line': b'-- Up-to-date: /home/subhalaxmi/nidar_ws/install/px4_msgs/include/px4_msgs/px4_msgs/msg/detail/vehicle_imu_status__type_support.c\n'}
[5.852171] (px4_msgs) StdoutLine: {'line': b'-- Up-to-date: /home/subhalaxmi/nidar_ws/install/px4_msgs/include/px4_msgs/px4_msgs/msg/detail/sensor_correction__type_support.c\n'}
[5.852354] (px4_msgs) StdoutLine: {'line': b'-- Up-to-date: /home/subhalaxmi/nidar_ws/install/px4_msgs/include/px4_msgs/px4_msgs/msg/detail/sensor_gyro__type_support.c\n'}
[5.852551] (px4_msgs) StdoutLine: {'line': b'-- Up-to-date: /home/subhalaxmi/nidar_ws/install/px4_msgs/include/px4_msgs/px4_msgs/msg/detail/vehicle_optical_flow__type_support.c\n'}
[5.852752] (px4_msgs) StdoutLine: {'line': b'-- Up-to-date: /home/subhalaxmi/nidar_ws/install/px4_msgs/include/px4_msgs/px4_msgs/msg/detail/satellite_info__type_support.c\n'}
[5.852926] (px4_msgs) StdoutLine: {'line': b'-- Up-to-date: /home/subhalaxmi/nidar_ws/install/px4_msgs/include/px4_msgs/px4_msgs/msg/detail/manual_control_switches__rosidl_typesupport_introspection_c.h\n'}
[5.853147] (px4_msgs) StdoutLine: {'line': b'-- Up-to-date: /home/subhalaxmi/nidar_ws/install/px4_msgs/include/px4_msgs/px4_msgs/msg/detail/sensor_gyro_fft__rosidl_typesupport_introspection_c.h\n'}
[5.853351] (px4_msgs) StdoutLine: {'line': b'-- Up-to-date: /home/subhalaxmi/nidar_ws/install/px4_msgs/include/px4_msgs/px4_msgs/msg/detail/actuator_outputs__rosidl_typesupport_introspection_c.h\n'}
[5.853562] (px4_msgs) StdoutLine: {'line': b'-- Up-to-date: /home/subhalaxmi/nidar_ws/install/px4_msgs/include/px4_msgs/px4_msgs/msg/detail/vehicle_global_position__type_support.c\n'}
[5.853828] (px4_msgs) StdoutLine: {'line': b'-- Up-to-date: /home/subhalaxmi/nidar_ws/install/px4_msgs/include/px4_msgs/px4_msgs/msg/detail/orb_test__type_support.c\n'}
[5.853997] (px4_msgs) StdoutLine: {'line': b'-- Up-to-date: /home/subhalaxmi/nidar_ws/install/px4_msgs/include/px4_msgs/px4_msgs/msg/detail/sensor_gnss_relative__rosidl_typesupport_introspection_c.h\n'}
[5.854165] (px4_msgs) StdoutLine: {'line': b'-- Up-to-date: /home/subhalaxmi/nidar_ws/install/px4_msgs/include/px4_msgs/px4_msgs/msg/detail/gpio_out__type_support.c\n'}
[5.854463] (px4_msgs) StdoutLine: {'line': b'-- Up-to-date: /home/subhalaxmi/nidar_ws/install/px4_msgs/include/px4_msgs/px4_msgs/msg/detail/aux_global_position__rosidl_typesupport_introspection_c.h\n'}
[5.854685] (px4_msgs) StdoutLine: {'line': b'-- Up-to-date: /home/subhalaxmi/nidar_ws/install/px4_msgs/include/px4_msgs/px4_msgs/msg/detail/actuator_outputs__type_support.c\n'}
[5.854856] (px4_msgs) StdoutLine: {'line': b'-- Up-to-date: /home/subhalaxmi/nidar_ws/install/px4_msgs/include/px4_msgs/px4_msgs/msg/detail/estimator_aid_source1d__rosidl_typesupport_introspection_c.h\n'}
[5.855026] (px4_msgs) StdoutLine: {'line': b'-- Up-to-date: /home/subhalaxmi/nidar_ws/install/px4_msgs/include/px4_msgs/px4_msgs/msg/detail/gpio_config__type_support.c\n'}
[5.855208] (px4_msgs) StdoutLine: {'line': b'-- Up-to-date: /home/subhalaxmi/nidar_ws/install/px4_msgs/include/px4_msgs/px4_msgs/msg/detail/debug_value__rosidl_typesupport_introspection_c.h\n'}
[5.855381] (px4_msgs) StdoutLine: {'line': b'-- Up-to-date: /home/subhalaxmi/nidar_ws/install/px4_msgs/include/px4_msgs/px4_msgs/msg/detail/vehicle_local_position_setpoint__rosidl_typesupport_introspection_c.h\n'}
[5.855568] (px4_msgs) StdoutLine: {'line': b'-- Up-to-date: /home/subhalaxmi/nidar_ws/install/px4_msgs/include/px4_msgs/px4_msgs/msg/detail/differential_pressure__type_support.c\n'}
[5.855791] (px4_msgs) StdoutLine: {'line': b'-- Up-to-date: /home/subhalaxmi/nidar_ws/install/px4_msgs/include/px4_msgs/px4_msgs/msg/detail/estimator_selector_status__rosidl_typesupport_introspection_c.h\n'}
[5.855997] (px4_msgs) StdoutLine: {'line': b'-- Up-to-date: /home/subhalaxmi/nidar_ws/install/px4_msgs/include/px4_msgs/px4_msgs/msg/detail/gpio_config__rosidl_typesupport_introspection_c.h\n'}
[5.856196] (px4_msgs) StdoutLine: {'line': b'-- Up-to-date: /home/subhalaxmi/nidar_ws/install/px4_msgs/include/px4_msgs/px4_msgs/msg/detail/estimator_states__type_support.c\n'}
[5.856394] (px4_msgs) StdoutLine: {'line': b'-- Up-to-date: /home/subhalaxmi/nidar_ws/install/px4_msgs/include/px4_msgs/px4_msgs/msg/detail/estimator_gps_status__rosidl_typesupport_introspection_c.h\n'}
[5.856679] (px4_msgs) StdoutLine: {'line': b'-- Up-to-date: /home/subhalaxmi/nidar_ws/install/px4_msgs/include/px4_msgs/px4_msgs/msg/detail/gimbal_manager_set_attitude__rosidl_typesupport_introspection_c.h\n'}
[5.856928] (px4_msgs) StdoutLine: {'line': b'-- Up-to-date: /home/subhalaxmi/nidar_ws/install/px4_msgs/include/px4_msgs/px4_msgs/msg/detail/navigator_mission_item__rosidl_typesupport_introspection_c.h\n'}
[5.857100] (px4_msgs) StdoutLine: {'line': b'-- Up-to-date: /home/subhalaxmi/nidar_ws/install/px4_msgs/include/px4_msgs/px4_msgs/msg/detail/estimator_status_flags__type_support.c\n'}
[5.857267] (px4_msgs) StdoutLine: {'line': b'-- Up-to-date: /home/subhalaxmi/nidar_ws/install/px4_msgs/include/px4_msgs/px4_msgs/msg/detail/debug_array__rosidl_typesupport_introspection_c.h\n'}
[5.857432] (px4_msgs) StdoutLine: {'line': b'-- Up-to-date: /home/subhalaxmi/nidar_ws/install/px4_msgs/include/px4_msgs/px4_msgs/msg/detail/mavlink_tunnel__rosidl_typesupport_introspection_c.h\n'}
[5.857629] (px4_msgs) StdoutLine: {'line': b'-- Up-to-date: /home/subhalaxmi/nidar_ws/install/px4_msgs/include/px4_msgs/px4_msgs/msg/detail/parameter_reset_request__rosidl_typesupport_introspection_c.h\n'}
[5.857809] (px4_msgs) StdoutLine: {'line': b'-- Up-to-date: /home/subhalaxmi/nidar_ws/install/px4_msgs/include/px4_msgs/px4_msgs/msg/detail/iridiumsbd_status__rosidl_typesupport_introspection_c.h\n'}
[5.857983] (px4_msgs) StdoutLine: {'line': b'-- Up-to-date: /home/subhalaxmi/nidar_ws/install/px4_msgs/include/px4_msgs/px4_msgs/msg/detail/follow_target__rosidl_typesupport_introspection_c.h\n'}
[5.858153] (px4_msgs) StdoutLine: {'line': b'-- Up-to-date: /home/subhalaxmi/nidar_ws/install/px4_msgs/include/px4_msgs/px4_msgs/msg/detail/pwm_input__rosidl_typesupport_introspection_c.h\n'}
[5.858462] (px4_msgs) StdoutLine: {'line': b'-- Up-to-date: /home/subhalaxmi/nidar_ws/install/px4_msgs/include/px4_msgs/px4_msgs/msg/detail/estimator_sensor_bias__type_support.c\n'}
[5.858691] (px4_msgs) StdoutLine: {'line': b'-- Up-to-date: /home/subhalaxmi/nidar_ws/install/px4_msgs/include/px4_msgs/px4_msgs/msg/detail/irlock_report__type_support.c\n'}
[5.858870] (px4_msgs) StdoutLine: {'line': b'-- Up-to-date: /home/subhalaxmi/nidar_ws/install/px4_msgs/include/px4_msgs/px4_msgs/msg/detail/figure_eight_status__type_support.c\n'}
[5.859078] (px4_msgs) StdoutLine: {'line': b'-- Up-to-date: /home/subhalaxmi/nidar_ws/install/px4_msgs/include/px4_msgs/px4_msgs/msg/detail/follow_target_estimator__rosidl_typesupport_introspection_c.h\n'}
[5.859272] (px4_msgs) StdoutLine: {'line': b'-- Up-to-date: /home/subhalaxmi/nidar_ws/install/px4_msgs/include/px4_msgs/px4_msgs/msg/detail/system_power__rosidl_typesupport_introspection_c.h\n'}
[5.859544] (px4_msgs) StdoutLine: {'line': b'-- Up-to-date: /home/subhalaxmi/nidar_ws/install/px4_msgs/include/px4_msgs/px4_msgs/msg/detail/estimator_aid_source3d__rosidl_typesupport_introspection_c.h\n'}
[5.859933] (px4_msgs) StdoutLine: {'line': b'-- Up-to-date: /home/subhalaxmi/nidar_ws/install/px4_msgs/include/px4_msgs/px4_msgs/msg/detail/position_controller_landing_status__rosidl_typesupport_introspection_c.h\n'}
[5.860128] (px4_msgs) StdoutLine: {'line': b'-- Up-to-date: /home/subhalaxmi/nidar_ws/install/px4_msgs/include/px4_msgs/px4_msgs/msg/detail/led_control__type_support.c\n'}
[5.860337] (px4_msgs) StdoutLine: {'line': b'-- Up-to-date: /home/subhalaxmi/nidar_ws/install/px4_msgs/include/px4_msgs/px4_msgs/msg/detail/mode_completed__rosidl_typesupport_introspection_c.h\n'}
[5.860515] (px4_msgs) StdoutLine: {'line': b'-- Up-to-date: /home/subhalaxmi/nidar_ws/install/px4_msgs/include/px4_msgs/px4_msgs/msg/detail/obstacle_distance__rosidl_typesupport_introspection_c.h\n'}
[5.860753] (px4_msgs) StdoutLine: {'line': b'-- Up-to-date: /home/subhalaxmi/nidar_ws/install/px4_msgs/include/px4_msgs/px4_msgs/msg/detail/estimator_bias3d__type_support.c\n'}
[5.860987] (px4_msgs) StdoutLine: {'line': b'-- Up-to-date: /home/subhalaxmi/nidar_ws/install/px4_msgs/include/px4_msgs/px4_msgs/msg/detail/log_message__rosidl_typesupport_introspection_c.h\n'}
[5.861181] (px4_msgs) StdoutLine: {'line': b'-- Up-to-date: /home/subhalaxmi/nidar_ws/install/px4_msgs/include/px4_msgs/px4_msgs/msg/detail/heater_status__type_support.c\n'}
[5.861356] (px4_msgs) StdoutLine: {'line': b'-- Up-to-date: /home/subhalaxmi/nidar_ws/install/px4_msgs/include/px4_msgs/px4_msgs/msg/detail/magnetometer_bias_estimate__type_support.c\n'}
[5.861543] (px4_msgs) StdoutLine: {'line': b'-- Up-to-date: /home/subhalaxmi/nidar_ws/install/px4_msgs/include/px4_msgs/px4_msgs/msg/detail/parameter_reset_request__type_support.c\n'}
[5.861745] (px4_msgs) StdoutLine: {'line': b'-- Up-to-date: /home/subhalaxmi/nidar_ws/install/px4_msgs/include/px4_msgs/px4_msgs/msg/detail/camera_status__rosidl_typesupport_introspection_c.h\n'}
[5.861922] (px4_msgs) StdoutLine: {'line': b'-- Up-to-date: /home/subhalaxmi/nidar_ws/install/px4_msgs/include/px4_msgs/px4_msgs/msg/detail/navigator_status__type_support.c\n'}
[5.862227] (px4_msgs) StdoutLine: {'line': b'-- Up-to-date: /home/subhalaxmi/nidar_ws/install/px4_msgs/include/px4_msgs/px4_msgs/msg/detail/position_controller_landing_status__type_support.c\n'}
[5.862402] (px4_msgs) StdoutLine: {'line': b'-- Up-to-date: /home/subhalaxmi/nidar_ws/install/px4_msgs/include/px4_msgs/px4_msgs/msg/detail/logger_status__rosidl_typesupport_introspection_c.h\n'}
[5.862598] (px4_msgs) StdoutLine: {'line': b'-- Up-to-date: /home/subhalaxmi/nidar_ws/install/px4_msgs/include/px4_msgs/px4_msgs/msg/detail/gain_compression__type_support.c\n'}
[5.862786] (px4_msgs) StdoutLine: {'line': b'-- Up-to-date: /home/subhalaxmi/nidar_ws/install/px4_msgs/include/px4_msgs/px4_msgs/msg/detail/button_event__rosidl_typesupport_introspection_c.h\n'}
[5.862960] (px4_msgs) StdoutLine: {'line': b'-- Up-to-date: /home/subhalaxmi/nidar_ws/install/px4_msgs/include/px4_msgs/px4_msgs/msg/detail/home_position__type_support.c\n'}
[5.863133] (px4_msgs) StdoutLine: {'line': b'-- Up-to-date: /home/subhalaxmi/nidar_ws/install/px4_msgs/include/px4_msgs/px4_msgs/msg/detail/arming_check_reply__rosidl_typesupport_introspection_c.h\n'}
[5.863308] (px4_msgs) StdoutLine: {'line': b'-- Up-to-date: /home/subhalaxmi/nidar_ws/install/px4_msgs/include/px4_msgs/px4_msgs/msg/detail/task_stack_info__type_support.c\n'}
[5.863677] (px4_msgs) StdoutLine: {'line': b'-- Up-to-date: /home/subhalaxmi/nidar_ws/install/px4_msgs/include/px4_msgs/px4_msgs/msg/detail/goto_setpoint__type_support.c\n'}
[5.863883] (px4_msgs) StdoutLine: {'line': b'-- Up-to-date: /home/subhalaxmi/nidar_ws/install/px4_msgs/include/px4_msgs/px4_msgs/msg/detail/message_format_request__rosidl_typesupport_introspection_c.h\n'}
[5.864062] (px4_msgs) StdoutLine: {'line': b'-- Up-to-date: /home/subhalaxmi/nidar_ws/install/px4_msgs/include/px4_msgs/px4_msgs/msg/detail/vehicle_angular_velocity__type_support.c\n'}
[5.864235] (px4_msgs) StdoutLine: {'line': b'-- Up-to-date: /home/subhalaxmi/nidar_ws/install/px4_msgs/include/px4_msgs/px4_msgs/msg/detail/raptor_input__rosidl_typesupport_introspection_c.h\n'}
[5.864411] (px4_msgs) StdoutLine: {'line': b'-- Up-to-date: /home/subhalaxmi/nidar_ws/install/px4_msgs/include/px4_msgs/px4_msgs/msg/detail/estimator_status__rosidl_typesupport_introspection_c.h\n'}
[5.864718] (px4_msgs) StdoutLine: {'line': b'-- Up-to-date: /home/subhalaxmi/nidar_ws/install/px4_msgs/include/px4_msgs/px4_msgs/msg/detail/manual_control_setpoint__rosidl_typesupport_introspection_c.h\n'}
[5.864909] (px4_msgs) StdoutLine: {'line': b'-- Up-to-date: /home/subhalaxmi/nidar_ws/install/px4_msgs/include/px4_msgs/px4_msgs/msg/detail/mavlink_log__rosidl_typesupport_introspection_c.h\n'}
[5.865075] (px4_msgs) StdoutLine: {'line': b'-- Up-to-date: /home/subhalaxmi/nidar_ws/install/px4_msgs/include/px4_msgs/px4_msgs/msg/detail/rtl_status__type_support.c\n'}
[5.865249] (px4_msgs) StdoutLine: {'line': b'-- Up-to-date: /home/subhalaxmi/nidar_ws/install/px4_msgs/include/px4_msgs/px4_msgs/msg/detail/follow_target_estimator__type_support.c\n'}
[5.865422] (px4_msgs) StdoutLine: {'line': b'-- Up-to-date: /home/subhalaxmi/nidar_ws/install/px4_msgs/include/px4_msgs/px4_msgs/msg/detail/vehicle_attitude_setpoint__rosidl_typesupport_introspection_c.h\n'}
[5.865625] (px4_msgs) StdoutLine: {'line': b'-- Up-to-date: /home/subhalaxmi/nidar_ws/install/px4_msgs/include/px4_msgs/px4_msgs/msg/detail/fixed_wing_lateral_setpoint__type_support.c\n'}
[5.865820] (px4_msgs) StdoutLine: {'line': b'-- Up-to-date: /home/subhalaxmi/nidar_ws/install/px4_msgs/include/px4_msgs/px4_msgs/msg/detail/sensor_gyro_fifo__rosidl_typesupport_introspection_c.h\n'}
[5.866148] (px4_msgs) StdoutLine: {'line': b'-- Up-to-date: /home/subhalaxmi/nidar_ws/install/px4_msgs/include/px4_msgs/px4_msgs/msg/detail/sensor_combined__type_support.c\n'}
[5.866348] (px4_msgs) StdoutLine: {'line': b'-- Up-to-date: /home/subhalaxmi/nidar_ws/install/px4_msgs/include/px4_msgs/px4_msgs/msg/detail/vtx__rosidl_typesupport_introspection_c.h\n'}
[5.866584] (px4_msgs) StdoutLine: {'line': b'-- Up-to-date: /home/subhalaxmi/nidar_ws/install/px4_msgs/include/px4_msgs/px4_msgs/msg/detail/sensor_preflight_mag__rosidl_typesupport_introspection_c.h\n'}
[5.866788] (px4_msgs) StdoutLine: {'line': b'-- Up-to-date: /home/subhalaxmi/nidar_ws/install/px4_msgs/include/px4_msgs/px4_msgs/msg/detail/mode_completed__type_support.c\n'}
[5.867010] (px4_msgs) StdoutLine: {'line': b'-- Up-to-date: /home/subhalaxmi/nidar_ws/install/px4_msgs/include/px4_msgs/px4_msgs/msg/detail/sensor_optical_flow__type_support.c\n'}
[5.867268] (px4_msgs) StdoutLine: {'line': b'-- Up-to-date: /home/subhalaxmi/nidar_ws/install/px4_msgs/include/px4_msgs/px4_msgs/msg/detail/gripper__rosidl_typesupport_introspection_c.h\n'}
[5.867446] (px4_msgs) StdoutLine: {'line': b'-- Up-to-date: /home/subhalaxmi/nidar_ws/install/px4_msgs/include/px4_msgs/px4_msgs/msg/detail/figure_eight_status__rosidl_typesupport_introspection_c.h\n'}
[5.867654] (px4_msgs) StdoutLine: {'line': b'-- Up-to-date: /home/subhalaxmi/nidar_ws/install/px4_msgs/include/px4_msgs/px4_msgs/msg/detail/sensor_airflow__type_support.c\n'}
[5.867844] (px4_msgs) StdoutLine: {'line': b'-- Up-to-date: /home/subhalaxmi/nidar_ws/install/px4_msgs/include/px4_msgs/px4_msgs/msg/detail/tune_control__rosidl_typesupport_introspection_c.h\n'}
[5.868069] (px4_msgs) StdoutLine: {'line': b'-- Up-to-date: /home/subhalaxmi/nidar_ws/install/px4_msgs/include/px4_msgs/px4_msgs/msg/detail/fixed_wing_lateral_guidance_status__rosidl_typesupport_introspection_c.h\n'}
[5.868340] (px4_msgs) StdoutLine: {'line': b'-- Up-to-date: /home/subhalaxmi/nidar_ws/install/px4_msgs/include/px4_msgs/px4_msgs/msg/detail/position_setpoint_triplet__rosidl_typesupport_introspection_c.h\n'}
[5.868514] (px4_msgs) StdoutLine: {'line': b'-- Up-to-date: /home/subhalaxmi/nidar_ws/install/px4_msgs/include/px4_msgs/px4_msgs/msg/detail/estimator_innovations__type_support.c\n'}
[5.868728] (px4_msgs) StdoutLine: {'line': b'-- Up-to-date: /home/subhalaxmi/nidar_ws/install/px4_msgs/include/px4_msgs/px4_msgs/msg/detail/rc_parameter_map__rosidl_typesupport_introspection_c.h\n'}
[5.868912] (px4_msgs) StdoutLine: {'line': b'-- Up-to-date: /home/subhalaxmi/nidar_ws/install/px4_msgs/include/px4_msgs/px4_msgs/msg/detail/vtx__type_support.c\n'}
[5.869232] (px4_msgs) StdoutLine: {'line': b'-- Up-to-date: /home/subhalaxmi/nidar_ws/install/px4_msgs/include/px4_msgs/px4_msgs/msg/detail/parameter_set_value_request__type_support.c\n'}
[5.869423] (px4_msgs) StdoutLine: {'line': b'-- Up-to-date: /home/subhalaxmi/nidar_ws/install/px4_msgs/include/px4_msgs/px4_msgs/msg/detail/control_allocator_status__rosidl_typesupport_introspection_c.h\n'}
[5.869642] (px4_msgs) StdoutLine: {'line': b'-- Up-to-date: /home/subhalaxmi/nidar_ws/install/px4_msgs/include/px4_msgs/px4_msgs/msg/detail/actuator_armed__type_support.c\n'}
[5.869840] (px4_msgs) StdoutLine: {'line': b'-- Up-to-date: /home/subhalaxmi/nidar_ws/install/px4_msgs/include/px4_msgs/px4_msgs/msg/detail/heater_status__rosidl_typesupport_introspection_c.h\n'}
[5.870026] (px4_msgs) StdoutLine: {'line': b'-- Up-to-date: /home/subhalaxmi/nidar_ws/install/px4_msgs/include/px4_msgs/px4_msgs/msg/detail/gain_compression__rosidl_typesupport_introspection_c.h\n'}
[5.870210] (px4_msgs) StdoutLine: {'line': b'-- Up-to-date: /home/subhalaxmi/nidar_ws/install/px4_msgs/include/px4_msgs/px4_msgs/msg/detail/arming_check_reply__type_support.c\n'}
[5.870400] (px4_msgs) StdoutLine: {'line': b'-- Up-to-date: /home/subhalaxmi/nidar_ws/install/px4_msgs/include/px4_msgs/px4_msgs/msg/detail/rover_attitude_setpoint__rosidl_typesupport_introspection_c.h\n'}
[5.870667] (px4_msgs) StdoutLine: {'line': b'-- Up-to-date: /home/subhalaxmi/nidar_ws/install/px4_msgs/include/px4_msgs/px4_msgs/msg/detail/vehicle_control_mode__type_support.c\n'}
[5.870964] (px4_msgs) StdoutLine: {'line': b'-- Up-to-date: /home/subhalaxmi/nidar_ws/install/px4_msgs/include/px4_msgs/px4_msgs/msg/detail/autotune_attitude_control_status__rosidl_typesupport_introspection_c.h\n'}
[5.871141] (px4_msgs) StdoutLine: {'line': b'-- Up-to-date: /home/subhalaxmi/nidar_ws/install/px4_msgs/include/px4_msgs/px4_msgs/msg/detail/gimbal_manager_set_manual_control__rosidl_typesupport_introspection_c.h\n'}
[5.871313] (px4_msgs) StdoutLine: {'line': b'-- Up-to-date: /home/subhalaxmi/nidar_ws/install/px4_msgs/include/px4_msgs/px4_msgs/msg/detail/uavcan_parameter_value__type_support.c\n'}
[5.871486] (px4_msgs) StdoutLine: {'line': b'-- Up-to-date: /home/subhalaxmi/nidar_ws/install/px4_msgs/include/px4_msgs/px4_msgs/msg/detail/velocity_limits__rosidl_typesupport_introspection_c.h\n'}
[5.871696] (px4_msgs) StdoutLine: {'line': b'-- Up-to-date: /home/subhalaxmi/nidar_ws/install/px4_msgs/include/px4_msgs/px4_msgs/msg/detail/estimator_innovations__rosidl_typesupport_introspection_c.h\n'}
[5.871997] (px4_msgs) StdoutLine: {'line': b'-- Up-to-date: /home/subhalaxmi/nidar_ws/install/px4_msgs/include/px4_msgs/px4_msgs/msg/detail/rover_steering_setpoint__rosidl_typesupport_introspection_c.h\n'}
[5.872195] (px4_msgs) StdoutLine: {'line': b'-- Up-to-date: /home/subhalaxmi/nidar_ws/install/px4_msgs/include/px4_msgs/px4_msgs/msg/detail/longitudinal_control_configuration__type_support.c\n'}
[5.872380] (px4_msgs) StdoutLine: {'line': b'-- Up-to-date: /home/subhalaxmi/nidar_ws/install/px4_msgs/include/px4_msgs/px4_msgs/msg/detail/rc_parameter_map__type_support.c\n'}
[5.872616] (px4_msgs) StdoutLine: {'line': b'-- Up-to-date: /home/subhalaxmi/nidar_ws/install/px4_msgs/include/px4_msgs/px4_msgs/msg/detail/orb_test__rosidl_typesupport_introspection_c.h\n'}
[5.872824] (px4_msgs) StdoutLine: {'line': b'-- Up-to-date: /home/subhalaxmi/nidar_ws/install/px4_msgs/include/px4_msgs/px4_msgs/msg/detail/action_request__rosidl_typesupport_introspection_c.h\n'}
[5.873003] (px4_msgs) StdoutLine: {'line': b'-- Up-to-date: /home/subhalaxmi/nidar_ws/install/px4_msgs/include/px4_msgs/px4_msgs/msg/detail/parameter_set_used_request__type_support.c\n'}
[5.873185] (px4_msgs) StdoutLine: {'line': b'-- Up-to-date: /home/subhalaxmi/nidar_ws/install/px4_msgs/include/px4_msgs/px4_msgs/msg/detail/sensor_gnss_relative__type_support.c\n'}
[5.873510] (px4_msgs) StdoutLine: {'line': b'-- Up-to-date: /home/subhalaxmi/nidar_ws/install/px4_msgs/include/px4_msgs/px4_msgs/msg/detail/estimator_status_flags__rosidl_typesupport_introspection_c.h\n'}
[5.873754] (px4_msgs) StdoutLine: {'line': b'-- Up-to-date: /home/subhalaxmi/nidar_ws/install/px4_msgs/include/px4_msgs/px4_msgs/msg/detail/gimbal_device_information__rosidl_typesupport_introspection_c.h\n'}
[5.873950] (px4_msgs) StdoutLine: {'line': b'-- Up-to-date: /home/subhalaxmi/nidar_ws/install/px4_msgs/include/px4_msgs/px4_msgs/msg/detail/radio_status__type_support.c\n'}
[5.874135] (px4_msgs) StdoutLine: {'line': b'-- Up-to-date: /home/subhalaxmi/nidar_ws/install/px4_msgs/include/px4_msgs/px4_msgs/msg/detail/adc_report__type_support.c\n'}
[5.874308] (px4_msgs) StdoutLine: {'line': b'-- Up-to-date: /home/subhalaxmi/nidar_ws/install/px4_msgs/include/px4_msgs/px4_msgs/msg/detail/cpuload__rosidl_typesupport_introspection_c.h\n'}
[5.874638] (px4_msgs) StdoutLine: {'line': b'-- Up-to-date: /home/subhalaxmi/nidar_ws/install/px4_msgs/include/px4_msgs/px4_msgs/msg/detail/distance_sensor__type_support.c\n'}
[5.874831] (px4_msgs) StdoutLine: {'line': b'-- Up-to-date: /home/subhalaxmi/nidar_ws/install/px4_msgs/include/px4_msgs/px4_msgs/msg/detail/open_drone_id_arm_status__rosidl_typesupport_introspection_c.h\n'}
[5.875007] (px4_msgs) StdoutLine: {'line': b'-- Up-to-date: /home/subhalaxmi/nidar_ws/install/px4_msgs/include/px4_msgs/px4_msgs/msg/detail/orb_test_large__type_support.c\n'}
[5.875179] (px4_msgs) StdoutLine: {'line': b'-- Up-to-date: /home/subhalaxmi/nidar_ws/install/px4_msgs/include/px4_msgs/px4_msgs/msg/detail/landing_gear_wheel__rosidl_typesupport_introspection_c.h\n'}
[5.875354] (px4_msgs) StdoutLine: {'line': b'-- Up-to-date: /home/subhalaxmi/nidar_ws/install/px4_msgs/include/px4_msgs/px4_msgs/msg/detail/vehicle_angular_acceleration_setpoint__type_support.c\n'}
[5.875543] (px4_msgs) StdoutLine: {'line': b'-- Up-to-date: /home/subhalaxmi/nidar_ws/install/px4_msgs/include/px4_msgs/px4_msgs/msg/detail/control_allocator_status__type_support.c\n'}
[5.875744] (px4_msgs) StdoutLine: {'line': b'-- Up-to-date: /home/subhalaxmi/nidar_ws/install/px4_msgs/include/px4_msgs/px4_msgs/msg/detail/parameter_update__type_support.c\n'}
[5.876058] (px4_msgs) StdoutLine: {'line': b'-- Up-to-date: /home/subhalaxmi/nidar_ws/install/px4_msgs/include/px4_msgs/px4_msgs/msg/detail/fixed_wing_runway_control__rosidl_typesupport_introspection_c.h\n'}
[5.876263] (px4_msgs) StdoutLine: {'line': b'-- Up-to-date: /home/subhalaxmi/nidar_ws/install/px4_msgs/include/px4_msgs/px4_msgs/msg/detail/collision_constraints__type_support.c\n'}
[5.876452] (px4_msgs) StdoutLine: {'line': b'-- Up-to-date: /home/subhalaxmi/nidar_ws/install/px4_msgs/include/px4_msgs/px4_msgs/msg/detail/camera_capture__type_support.c\n'}
[5.876668] (px4_msgs) StdoutLine: {'line': b'-- Up-to-date: /home/subhalaxmi/nidar_ws/install/px4_msgs/include/px4_msgs/px4_msgs/msg/detail/rover_rate_setpoint__rosidl_typesupport_introspection_c.h\n'}
[5.876856] (px4_msgs) StdoutLine: {'line': b'-- Up-to-date: /home/subhalaxmi/nidar_ws/install/px4_msgs/include/px4_msgs/px4_msgs/msg/detail/pps_capture__rosidl_typesupport_introspection_c.h\n'}
[5.877154] (px4_msgs) StdoutLine: {'line': b'-- Up-to-date: /home/subhalaxmi/nidar_ws/install/px4_msgs/include/px4_msgs/px4_msgs/msg/detail/orbit_status__type_support.c\n'}
[5.877359] (px4_msgs) StdoutLine: {'line': b'-- Up-to-date: /home/subhalaxmi/nidar_ws/install/px4_msgs/include/px4_msgs/px4_msgs/msg/detail/camera_capture__rosidl_typesupport_introspection_c.h\n'}
[5.877556] (px4_msgs) StdoutLine: {'line': b'-- Up-to-date: /home/subhalaxmi/nidar_ws/install/px4_msgs/include/px4_msgs/px4_msgs/msg/detail/battery_status__rosidl_typesupport_introspection_c.h\n'}
[5.877763] (px4_msgs) StdoutLine: {'line': b'-- Up-to-date: /home/subhalaxmi/nidar_ws/install/px4_msgs/include/px4_msgs/px4_msgs/msg/detail/radio_status__rosidl_typesupport_introspection_c.h\n'}
[5.877952] (px4_msgs) StdoutLine: {'line': b'-- Up-to-date: /home/subhalaxmi/nidar_ws/install/px4_msgs/include/px4_msgs/px4_msgs/msg/detail/health_report__type_support.c\n'}
[5.878143] (px4_msgs) StdoutLine: {'line': b'-- Up-to-date: /home/subhalaxmi/nidar_ws/install/px4_msgs/include/px4_msgs/px4_msgs/msg/detail/esc_report__rosidl_typesupport_introspection_c.h\n'}
[5.878324] (px4_msgs) StdoutLine: {'line': b'-- Up-to-date: /home/subhalaxmi/nidar_ws/install/px4_msgs/include/px4_msgs/px4_msgs/msg/detail/airspeed_wind__rosidl_typesupport_introspection_c.h\n'}
[5.878678] (px4_msgs) StdoutLine: {'line': b'-- Up-to-date: /home/subhalaxmi/nidar_ws/install/px4_msgs/include/px4_msgs/px4_msgs/msg/detail/ulog_stream__rosidl_typesupport_introspection_c.h\n'}
[5.878915] (px4_msgs) StdoutLine: {'line': b'-- Up-to-date: /home/subhalaxmi/nidar_ws/install/px4_msgs/include/px4_msgs/px4_msgs/msg/detail/raptor_status__type_support.c\n'}
[5.879111] (px4_msgs) StdoutLine: {'line': b'-- Up-to-date: /home/subhalaxmi/nidar_ws/install/px4_msgs/include/px4_msgs/px4_msgs/msg/detail/vehicle_magnetometer__rosidl_typesupport_introspection_c.h\n'}
[5.879293] (px4_msgs) StdoutLine: {'line': b'-- Up-to-date: /home/subhalaxmi/nidar_ws/install/px4_msgs/include/px4_msgs/px4_msgs/msg/detail/rtl_time_estimate__type_support.c\n'}
[5.879466] (px4_msgs) StdoutLine: {'line': b'-- Up-to-date: /home/subhalaxmi/nidar_ws/install/px4_msgs/include/px4_msgs/px4_msgs/msg/detail/vehicle_roi__rosidl_typesupport_introspection_c.h\n'}
[5.879710] (px4_msgs) StdoutLine: {'line': b'-- Up-to-date: /home/subhalaxmi/nidar_ws/install/px4_msgs/include/px4_msgs/px4_msgs/msg/detail/launch_detection_status__type_support.c\n'}
[5.879895] (px4_msgs) StdoutLine: {'line': b'-- Up-to-date: /home/subhalaxmi/nidar_ws/install/px4_msgs/include/px4_msgs/px4_msgs/msg/detail/vtol_vehicle_status__type_support.c\n'}
[5.880073] (px4_msgs) StdoutLine: {'line': b'-- Up-to-date: /home/subhalaxmi/nidar_ws/install/px4_msgs/include/px4_msgs/px4_msgs/msg/detail/mission__rosidl_typesupport_introspection_c.h\n'}
[5.880249] (px4_msgs) StdoutLine: {'line': b'-- Up-to-date: /home/subhalaxmi/nidar_ws/install/px4_msgs/include/px4_msgs/px4_msgs/msg/detail/takeoff_status__rosidl_typesupport_introspection_c.h\n'}
[5.880424] (px4_msgs) StdoutLine: {'line': b'-- Up-to-date: /home/subhalaxmi/nidar_ws/install/px4_msgs/include/px4_msgs/px4_msgs/msg/detail/mavlink_tunnel__type_support.c\n'}
[5.880626] (px4_msgs) StdoutLine: {'line': b'-- Up-to-date: /home/subhalaxmi/nidar_ws/install/px4_msgs/include/px4_msgs/px4_msgs/msg/detail/estimator_bias__rosidl_typesupport_introspection_c.h\n'}
[5.880812] (px4_msgs) StdoutLine: {'line': b'-- Up-to-date: /home/subhalaxmi/nidar_ws/install/px4_msgs/include/px4_msgs/px4_msgs/msg/detail/position_setpoint__rosidl_typesupport_introspection_c.h\n'}
[5.880990] (px4_msgs) StdoutLine: {'line': b'-- Up-to-date: /home/subhalaxmi/nidar_ws/install/px4_msgs/include/px4_msgs/px4_msgs/msg/detail/sensor_accel__type_support.c\n'}
[5.881322] (px4_msgs) StdoutLine: {'line': b'-- Up-to-date: /home/subhalaxmi/nidar_ws/install/px4_msgs/include/px4_msgs/px4_msgs/msg/detail/vehicle_local_position_setpoint__type_support.c\n'}
[5.881517] (px4_msgs) StdoutLine: {'line': b'-- Up-to-date: /home/subhalaxmi/nidar_ws/install/px4_msgs/include/px4_msgs/px4_msgs/msg/detail/battery_status__type_support.c\n'}
[5.881744] (px4_msgs) StdoutLine: {'line': b'-- Up-to-date: /home/subhalaxmi/nidar_ws/install/px4_msgs/include/px4_msgs/px4_msgs/msg/detail/mag_worker_data__type_support.c\n'}
[5.881947] (px4_msgs) StdoutLine: {'line': b'-- Up-to-date: /home/subhalaxmi/nidar_ws/install/px4_msgs/include/px4_msgs/px4_msgs/msg/detail/gimbal_manager_information__type_support.c\n'}
[5.882119] (px4_msgs) StdoutLine: {'line': b'-- Up-to-date: /home/subhalaxmi/nidar_ws/install/px4_msgs/include/px4_msgs/px4_msgs/msg/detail/telemetry_status__rosidl_typesupport_introspection_c.h\n'}
[5.882405] (px4_msgs) StdoutLine: {'line': b'-- Up-to-date: /home/subhalaxmi/nidar_ws/install/px4_msgs/include/px4_msgs/px4_msgs/msg/detail/mission_result__type_support.c\n'}
[5.882616] (px4_msgs) StdoutLine: {'line': b'-- Up-to-date: /home/subhalaxmi/nidar_ws/install/px4_msgs/include/px4_msgs/px4_msgs/msg/detail/follow_target__type_support.c\n'}
[5.882808] (px4_msgs) StdoutLine: {'line': b'-- Up-to-date: /home/subhalaxmi/nidar_ws/install/px4_msgs/include/px4_msgs/px4_msgs/msg/detail/actuator_test__rosidl_typesupport_introspection_c.h\n'}
[5.882983] (px4_msgs) StdoutLine: {'line': b'-- Up-to-date: /home/subhalaxmi/nidar_ws/install/px4_msgs/include/px4_msgs/px4_msgs/msg/detail/message_format_request__type_support.c\n'}
[5.883149] (px4_msgs) StdoutLine: {'line': b'-- Up-to-date: /home/subhalaxmi/nidar_ws/install/px4_msgs/include/px4_msgs/px4_msgs/msg/detail/rover_throttle_setpoint__rosidl_typesupport_introspection_c.h\n'}
[5.883318] (px4_msgs) StdoutLine: {'line': b'-- Up-to-date: /home/subhalaxmi/nidar_ws/install/px4_msgs/include/px4_msgs/px4_msgs/msg/detail/power_button_state__type_support.c\n'}
[5.883485] (px4_msgs) StdoutLine: {'line': b'-- Up-to-date: /home/subhalaxmi/nidar_ws/install/px4_msgs/include/px4_msgs/px4_msgs/msg/detail/failure_detector_status__type_support.c\n'}
[5.883711] (px4_msgs) StdoutLine: {'line': b'-- Up-to-date: /home/subhalaxmi/nidar_ws/install/px4_msgs/include/px4_msgs/px4_msgs/msg/detail/raptor_input__type_support.c\n'}
[5.883904] (px4_msgs) StdoutLine: {'line': b'-- Up-to-date: /home/subhalaxmi/nidar_ws/install/px4_msgs/include/px4_msgs/px4_msgs/msg/detail/open_drone_id_operator_id__rosidl_typesupport_introspection_c.h\n'}
[5.884083] (px4_msgs) StdoutLine: {'line': b'-- Up-to-date: /home/subhalaxmi/nidar_ws/install/px4_msgs/include/px4_msgs/px4_msgs/msg/detail/estimator_event_flags__rosidl_typesupport_introspection_c.h\n'}
[5.884259] (px4_msgs) StdoutLine: {'line': b'-- Up-to-date: /home/subhalaxmi/nidar_ws/install/px4_msgs/include/px4_msgs/px4_msgs/msg/detail/rover_attitude_status__rosidl_typesupport_introspection_c.h\n'}
[5.884430] (px4_msgs) StdoutLine: {'line': b'-- Up-to-date: /home/subhalaxmi/nidar_ws/install/px4_msgs/include/px4_msgs/px4_msgs/msg/detail/trajectory_setpoint__type_support.c\n'}
[5.884628] (px4_msgs) StdoutLine: {'line': b'-- Up-to-date: /home/subhalaxmi/nidar_ws/install/px4_msgs/include/px4_msgs/px4_msgs/msg/detail/landing_target_pose__type_support.c\n'}
[5.884834] (px4_msgs) StdoutLine: {'line': b'-- Up-to-date: /home/subhalaxmi/nidar_ws/install/px4_msgs/include/px4_msgs/px4_msgs/msg/detail/rpm__type_support.c\n'}
[5.885003] (px4_msgs) StdoutLine: {'line': b'-- Up-to-date: /home/subhalaxmi/nidar_ws/install/px4_msgs/include/px4_msgs/px4_msgs/msg/detail/distance_sensor__rosidl_typesupport_introspection_c.h\n'}
[5.885171] (px4_msgs) StdoutLine: {'line': b'-- Up-to-date: /home/subhalaxmi/nidar_ws/install/px4_msgs/include/px4_msgs/px4_msgs/msg/detail/sensor_mag__type_support.c\n'}
[5.885336] (px4_msgs) StdoutLine: {'line': b'-- Up-to-date: /home/subhalaxmi/nidar_ws/install/px4_msgs/include/px4_msgs/px4_msgs/msg/detail/gpio_out__rosidl_typesupport_introspection_c.h\n'}
[5.885500] (px4_msgs) StdoutLine: {'line': b'-- Up-to-date: /home/subhalaxmi/nidar_ws/install/px4_msgs/include/px4_msgs/px4_msgs/msg/detail/sensor_preflight_mag__type_support.c\n'}
[5.885708] (px4_msgs) StdoutLine: {'line': b'-- Up-to-date: /home/subhalaxmi/nidar_ws/install/px4_msgs/include/px4_msgs/px4_msgs/msg/detail/uavcan_parameter_request__rosidl_typesupport_introspection_c.h\n'}
[5.885909] (px4_msgs) StdoutLine: {'line': b'-- Up-to-date: /home/subhalaxmi/nidar_ws/install/px4_msgs/include/px4_msgs/px4_msgs/msg/detail/landing_gear__rosidl_typesupport_introspection_c.h\n'}
[5.886109] (px4_msgs) StdoutLine: {'line': b'-- Up-to-date: /home/subhalaxmi/nidar_ws/install/px4_msgs/include/px4_msgs/px4_msgs/msg/detail/sensor_gyro__rosidl_typesupport_introspection_c.h\n'}
[5.886282] (px4_msgs) StdoutLine: {'line': b'-- Up-to-date: /home/subhalaxmi/nidar_ws/install/px4_msgs/include/px4_msgs/px4_msgs/msg/detail/actuator_motors__type_support.c\n'}
[5.886453] (px4_msgs) StdoutLine: {'line': b'-- Up-to-date: /home/subhalaxmi/nidar_ws/install/px4_msgs/include/px4_msgs/px4_msgs/msg/detail/vehicle_acceleration__rosidl_typesupport_introspection_c.h\n'}
[5.886663] (px4_msgs) StdoutLine: {'line': b'-- Up-to-date: /home/subhalaxmi/nidar_ws/install/px4_msgs/include/px4_msgs/px4_msgs/msg/detail/debug_key_value__type_support.c\n'}
[5.886988] (px4_msgs) StdoutLine: {'line': b'-- Up-to-date: /home/subhalaxmi/nidar_ws/install/px4_msgs/include/px4_msgs/px4_msgs/msg/detail/can_interface_status__rosidl_typesupport_introspection_c.h\n'}
[5.887178] (px4_msgs) StdoutLine: {'line': b'-- Up-to-date: /home/subhalaxmi/nidar_ws/install/px4_msgs/include/px4_msgs/px4_msgs/msg/detail/gimbal_device_set_attitude__rosidl_typesupport_introspection_c.h\n'}
[5.887350] (px4_msgs) StdoutLine: {'line': b'-- Up-to-date: /home/subhalaxmi/nidar_ws/install/px4_msgs/include/px4_msgs/px4_msgs/msg/detail/sensor_hygrometer__rosidl_typesupport_introspection_c.h\n'}
[5.887519] (px4_msgs) StdoutLine: {'line': b'-- Up-to-date: /home/subhalaxmi/nidar_ws/install/px4_msgs/include/px4_msgs/px4_msgs/msg/detail/hover_thrust_estimate__type_support.c\n'}
[5.887749] (px4_msgs) StdoutLine: {'line': b'-- Up-to-date: /home/subhalaxmi/nidar_ws/install/px4_msgs/include/px4_msgs/px4_msgs/msg/detail/rpm__rosidl_typesupport_introspection_c.h\n'}
[5.888026] (px4_msgs) StdoutLine: {'line': b'-- Up-to-date: /home/subhalaxmi/nidar_ws/install/px4_msgs/include/px4_msgs/px4_msgs/msg/detail/logger_status__type_support.c\n'}
[5.888205] (px4_msgs) StdoutLine: {'line': b'-- Up-to-date: /home/subhalaxmi/nidar_ws/install/px4_msgs/include/px4_msgs/px4_msgs/msg/detail/estimator_aid_source2d__type_support.c\n'}
[5.888378] (px4_msgs) StdoutLine: {'line': b'-- Up-to-date: /home/subhalaxmi/nidar_ws/install/px4_msgs/include/px4_msgs/px4_msgs/msg/detail/rover_attitude_setpoint__type_support.c\n'}
[5.888566] (px4_msgs) StdoutLine: {'line': b'-- Up-to-date: /home/subhalaxmi/nidar_ws/install/px4_msgs/include/px4_msgs/px4_msgs/msg/detail/vehicle_local_position__rosidl_typesupport_introspection_c.h\n'}
[5.888754] (px4_msgs) StdoutLine: {'line': b'-- Up-to-date: /home/subhalaxmi/nidar_ws/install/px4_msgs/include/px4_msgs/px4_msgs/msg/detail/parameter_update__rosidl_typesupport_introspection_c.h\n'}
[5.888919] (px4_msgs) StdoutLine: {'line': b'-- Up-to-date: /home/subhalaxmi/nidar_ws/install/px4_msgs/include/px4_msgs/px4_msgs/msg/detail/parameter_set_value_request__rosidl_typesupport_introspection_c.h\n'}
[5.889103] (px4_msgs) StdoutLine: {'line': b'-- Up-to-date: /home/subhalaxmi/nidar_ws/install/px4_msgs/include/px4_msgs/px4_msgs/msg/detail/health_report__rosidl_typesupport_introspection_c.h\n'}
[5.889280] (px4_msgs) StdoutLine: {'line': b'-- Up-to-date: /home/subhalaxmi/nidar_ws/install/px4_msgs/include/px4_msgs/px4_msgs/msg/detail/vehicle_command__type_support.c\n'}
[5.889621] (px4_msgs) StdoutLine: {'line': b'-- Up-to-date: /home/subhalaxmi/nidar_ws/install/px4_msgs/include/px4_msgs/px4_msgs/msg/detail/sensor_hygrometer__type_support.c\n'}
[5.889827] (px4_msgs) StdoutLine: {'line': b'-- Up-to-date: /home/subhalaxmi/nidar_ws/install/px4_msgs/include/px4_msgs/px4_msgs/msg/detail/orb_test_medium__rosidl_typesupport_introspection_c.h\n'}
[5.890003] (px4_msgs) StdoutLine: {'line': b'-- Up-to-date: /home/subhalaxmi/nidar_ws/install/px4_msgs/include/px4_msgs/px4_msgs/msg/detail/vehicle_command__rosidl_typesupport_introspection_c.h\n'}
[5.890177] (px4_msgs) StdoutLine: {'line': b'-- Up-to-date: /home/subhalaxmi/nidar_ws/install/px4_msgs/include/px4_msgs/px4_msgs/msg/detail/airspeed_validated__rosidl_typesupport_introspection_c.h\n'}
[5.890367] (px4_msgs) StdoutLine: {'line': b'-- Up-to-date: /home/subhalaxmi/nidar_ws/install/px4_msgs/include/px4_msgs/px4_msgs/msg/detail/vehicle_air_data__rosidl_typesupport_introspection_c.h\n'}
[5.890585] (px4_msgs) StdoutLine: {'line': b'-- Up-to-date: /home/subhalaxmi/nidar_ws/install/px4_msgs/include/px4_msgs/px4_msgs/msg/detail/tecs_status__rosidl_typesupport_introspection_c.h\n'}
[5.890780] (px4_msgs) StdoutLine: {'line': b'-- Up-to-date: /home/subhalaxmi/nidar_ws/install/px4_msgs/include/px4_msgs/px4_msgs/msg/detail/camera_trigger__type_support.c\n'}
[5.890956] (px4_msgs) StdoutLine: {'line': b'-- Up-to-date: /home/subhalaxmi/nidar_ws/install/px4_msgs/include/px4_msgs/px4_msgs/msg/detail/action_request__type_support.c\n'}
[5.891126] (px4_msgs) StdoutLine: {'line': b'-- Up-to-date: /home/subhalaxmi/nidar_ws/install/px4_msgs/include/px4_msgs/px4_msgs/msg/detail/message_format_response__type_support.c\n'}
[5.891299] (px4_msgs) StdoutLine: {'line': b'-- Up-to-date: /home/subhalaxmi/nidar_ws/install/px4_msgs/include/px4_msgs/px4_msgs/msg/detail/yaw_estimator_status__rosidl_typesupport_introspection_c.h\n'}
[5.891472] (px4_msgs) StdoutLine: {'line': b'-- Up-to-date: /home/subhalaxmi/nidar_ws/install/px4_msgs/include/px4_msgs/px4_msgs/msg/detail/sensor_baro__rosidl_typesupport_introspection_c.h\n'}
[5.891703] (px4_msgs) StdoutLine: {'line': b'-- Up-to-date: /home/subhalaxmi/nidar_ws/install/px4_msgs/include/px4_msgs/px4_msgs/msg/detail/aux_global_position__type_support.c\n'}
[5.891884] (px4_msgs) StdoutLine: {'line': b'-- Up-to-date: /home/subhalaxmi/nidar_ws/install/px4_msgs/include/px4_msgs/px4_msgs/msg/detail/parameter_set_used_request__rosidl_typesupport_introspection_c.h\n'}
[5.892058] (px4_msgs) StdoutLine: {'line': b'-- Up-to-date: /home/subhalaxmi/nidar_ws/install/px4_msgs/include/px4_msgs/px4_msgs/msg/detail/power_monitor__type_support.c\n'}
[5.892226] (px4_msgs) StdoutLine: {'line': b'-- Up-to-date: /home/subhalaxmi/nidar_ws/install/px4_msgs/include/px4_msgs/px4_msgs/msg/detail/vehicle_angular_acceleration_setpoint__rosidl_typesupport_introspection_c.h\n'}
[5.892396] (px4_msgs) StdoutLine: {'line': b'-- Up-to-date: /home/subhalaxmi/nidar_ws/install/px4_msgs/include/px4_msgs/px4_msgs/msg/detail/landing_gear__type_support.c\n'}
[5.892582] (px4_msgs) StdoutLine: {'line': b'-- Up-to-date: /home/subhalaxmi/nidar_ws/install/px4_msgs/include/px4_msgs/px4_msgs/msg/detail/fixed_wing_lateral_status__type_support.c\n'}
[5.892775] (px4_msgs) StdoutLine: {'line': b'-- Up-to-date: /home/subhalaxmi/nidar_ws/install/px4_msgs/include/px4_msgs/px4_msgs/msg/detail/dataman_request__type_support.c\n'}
[5.892946] (px4_msgs) StdoutLine: {'line': b'-- Up-to-date: /home/subhalaxmi/nidar_ws/install/px4_msgs/include/px4_msgs/px4_msgs/msg/detail/px4io_status__type_support.c\n'}
[5.893117] (px4_msgs) StdoutLine: {'line': b'-- Up-to-date: /home/subhalaxmi/nidar_ws/install/px4_msgs/include/px4_msgs/px4_msgs/msg/detail/sensor_gyro_fifo__type_support.c\n'}
[5.893290] (px4_msgs) StdoutLine: {'line': b'-- Up-to-date: /home/subhalaxmi/nidar_ws/install/px4_msgs/include/px4_msgs/px4_msgs/msg/detail/gimbal_device_attitude_status__rosidl_typesupport_introspection_c.h\n'}
[5.893465] (px4_msgs) StdoutLine: {'line': b'-- Up-to-date: /home/subhalaxmi/nidar_ws/install/px4_msgs/include/px4_msgs/px4_msgs/msg/detail/vehicle_optical_flow_vel__type_support.c\n'}
[5.893795] (px4_msgs) StdoutLine: {'line': b'-- Up-to-date: /home/subhalaxmi/nidar_ws/install/px4_msgs/include/px4_msgs/px4_msgs/msg/detail/ping__type_support.c\n'}
[5.893982] (px4_msgs) StdoutLine: {'line': b'-- Up-to-date: /home/subhalaxmi/nidar_ws/install/px4_msgs/include/px4_msgs/px4_msgs/msg/detail/pure_pursuit_status__type_support.c\n'}
[5.894160] (px4_msgs) StdoutLine: {'line': b'-- Up-to-date: /home/subhalaxmi/nidar_ws/install/px4_msgs/include/px4_msgs/px4_msgs/msg/detail/wheel_encoders__type_support.c\n'}
[5.894335] (px4_msgs) StdoutLine: {'line': b'-- Up-to-date: /home/subhalaxmi/nidar_ws/install/px4_msgs/include/px4_msgs/px4_msgs/msg/detail/can_interface_status__type_support.c\n'}
[5.894548] (px4_msgs) StdoutLine: {'line': b'-- Up-to-date: /home/subhalaxmi/nidar_ws/install/px4_msgs/include/px4_msgs/px4_msgs/msg/detail/vehicle_angular_velocity__rosidl_typesupport_introspection_c.h\n'}
[5.894752] (px4_msgs) StdoutLine: {'line': b'-- Up-to-date: /home/subhalaxmi/nidar_ws/install/px4_msgs/include/px4_msgs/px4_msgs/msg/detail/adc_report__rosidl_typesupport_introspection_c.h\n'}
[5.894929] (px4_msgs) StdoutLine: {'line': b'-- Up-to-date: /home/subhalaxmi/nidar_ws/install/px4_msgs/include/px4_msgs/px4_msgs/msg/detail/position_controller_status__type_support.c\n'}
[5.895235] (px4_msgs) StdoutLine: {'line': b'-- Up-to-date: /home/subhalaxmi/nidar_ws/install/px4_msgs/include/px4_msgs/px4_msgs/msg/detail/sensors_status__type_support.c\n'}
[5.895419] (px4_msgs) StdoutLine: {'line': b'-- Up-to-date: /home/subhalaxmi/nidar_ws/install/px4_msgs/include/px4_msgs/px4_msgs/msg/detail/qshell_req__type_support.c\n'}
[5.896667] (px4_msgs) StdoutLine: {'line': b'-- Up-to-date: /home/subhalaxmi/nidar_ws/install/px4_msgs/include/px4_msgs/px4_msgs/msg/detail/power_button_state__rosidl_typesupport_introspection_c.h\n'}
[5.896989] (px4_msgs) StdoutLine: {'line': b'-- Up-to-date: /home/subhalaxmi/nidar_ws/install/px4_msgs/include/px4_msgs/px4_msgs/msg/detail/normalized_unsigned_setpoint__rosidl_typesupport_introspection_c.h\n'}
[5.897217] (px4_msgs) StdoutLine: {'line': b'-- Up-to-date: /home/subhalaxmi/nidar_ws/install/px4_msgs/include/px4_msgs/px4_msgs/msg/detail/rover_rate_status__type_support.c\n'}
[5.897463] (px4_msgs) StdoutLine: {'line': b'-- Up-to-date: /home/subhalaxmi/nidar_ws/install/px4_msgs/include/px4_msgs/px4_msgs/msg/detail/fuel_tank_status__rosidl_typesupport_introspection_c.h\n'}
[5.897685] (px4_msgs) StdoutLine: {'line': b'-- Up-to-date: /home/subhalaxmi/nidar_ws/install/px4_msgs/include/px4_msgs/px4_msgs/msg/detail/battery_info__rosidl_typesupport_introspection_c.h\n'}
[5.897866] (px4_msgs) StdoutLine: {'line': b'-- Up-to-date: /home/subhalaxmi/nidar_ws/install/px4_msgs/include/px4_msgs/px4_msgs/msg/detail/airspeed__rosidl_typesupport_introspection_c.h\n'}
[5.898057] (px4_msgs) StdoutLine: {'line': b'-- Up-to-date: /home/subhalaxmi/nidar_ws/install/px4_msgs/include/px4_msgs/px4_msgs/msg/detail/ping__rosidl_typesupport_introspection_c.h\n'}
[5.898259] (px4_msgs) StdoutLine: {'line': b'-- Up-to-date: /home/subhalaxmi/nidar_ws/install/px4_msgs/include/px4_msgs/px4_msgs/msg/detail/sensor_gnss_status__type_support.c\n'}
[5.898457] (px4_msgs) StdoutLine: {'line': b'-- Up-to-date: /home/subhalaxmi/nidar_ws/install/px4_msgs/include/px4_msgs/px4_msgs/msg/detail/esc_status__type_support.c\n'}
[5.899066] (px4_msgs) StdoutLine: {'line': b'-- Up-to-date: /home/subhalaxmi/nidar_ws/install/px4_msgs/include/px4_msgs/px4_msgs/msg/detail/open_drone_id_system__rosidl_typesupport_introspection_c.h\n'}
[5.899379] (px4_msgs) StdoutLine: {'line': b'-- Up-to-date: /home/subhalaxmi/nidar_ws/install/px4_msgs/include/px4_msgs/px4_msgs/msg/detail/register_ext_component_request__type_support.c\n'}
[5.899567] (px4_msgs) StdoutLine: {'line': b'-- Up-to-date: /home/subhalaxmi/nidar_ws/install/px4_msgs/include/px4_msgs/px4_msgs/msg/detail/esc_status__rosidl_typesupport_introspection_c.h\n'}
[5.899784] (px4_msgs) StdoutLine: {'line': b'-- Up-to-date: /home/subhalaxmi/nidar_ws/install/px4_msgs/include/px4_msgs/px4_msgs/msg/detail/actuator_controls_status__rosidl_typesupport_introspection_c.h\n'}
[5.899992] (px4_msgs) StdoutLine: {'line': b'-- Up-to-date: /home/subhalaxmi/nidar_ws/install/px4_msgs/include/px4_msgs/px4_msgs/msg/detail/rtl_time_estimate__rosidl_typesupport_introspection_c.h\n'}
[5.900573] (px4_msgs) StdoutLine: {'line': b'-- Up-to-date: /home/subhalaxmi/nidar_ws/install/px4_msgs/include/px4_msgs/px4_msgs/msg/detail/orbit_status__rosidl_typesupport_introspection_c.h\n'}
[5.900951] (px4_msgs) StdoutLine: {'line': b'-- Up-to-date: /home/subhalaxmi/nidar_ws/install/px4_msgs/include/px4_msgs/px4_msgs/msg/detail/gripper__type_support.c\n'}
[5.901164] (px4_msgs) StdoutLine: {'line': b'-- Up-to-date: /home/subhalaxmi/nidar_ws/install/px4_msgs/include/px4_msgs/px4_msgs/msg/detail/rover_position_setpoint__type_support.c\n'}
[5.901380] (px4_msgs) StdoutLine: {'line': b'-- Up-to-date: /home/subhalaxmi/nidar_ws/install/px4_msgs/include/px4_msgs/px4_msgs/msg/detail/manual_control_setpoint__type_support.c\n'}
[5.901586] (px4_msgs) StdoutLine: {'line': b'-- Up-to-date: /home/subhalaxmi/nidar_ws/install/px4_msgs/include/px4_msgs/px4_msgs/msg/detail/takeoff_status__type_support.c\n'}
[5.901784] (px4_msgs) StdoutLine: {'line': b'-- Up-to-date: /home/subhalaxmi/nidar_ws/install/px4_msgs/include/px4_msgs/px4_msgs/msg/detail/vehicle_attitude__rosidl_typesupport_introspection_c.h\n'}
[5.901952] (px4_msgs) StdoutLine: {'line': b'-- Up-to-date: /home/subhalaxmi/nidar_ws/install/px4_msgs/include/px4_msgs/px4_msgs/msg/detail/qshell_retval__rosidl_typesupport_introspection_c.h\n'}
[5.902112] (px4_msgs) StdoutLine: {'line': b'-- Up-to-date: /home/subhalaxmi/nidar_ws/install/px4_msgs/include/px4_msgs/px4_msgs/msg/detail/tiltrotor_extra_controls__type_support.c\n'}
[5.902284] (px4_msgs) StdoutLine: {'line': b'-- Up-to-date: /home/subhalaxmi/nidar_ws/install/px4_msgs/include/px4_msgs/px4_msgs/msg/detail/estimator_sensor_bias__rosidl_typesupport_introspection_c.h\n'}
[5.902443] (px4_msgs) StdoutLine: {'line': b'-- Up-to-date: /home/subhalaxmi/nidar_ws/install/px4_msgs/include/px4_msgs/px4_msgs/msg/detail/dataman_request__rosidl_typesupport_introspection_c.h\n'}
[5.902625] (px4_msgs) StdoutLine: {'line': b'-- Up-to-date: /home/subhalaxmi/nidar_ws/install/px4_msgs/include/px4_msgs/px4_msgs/msg/detail/rover_speed_status__type_support.c\n'}
[5.902805] (px4_msgs) StdoutLine: {'line': b'-- Up-to-date: /home/subhalaxmi/nidar_ws/install/px4_msgs/include/px4_msgs/px4_msgs/msg/detail/unregister_ext_component__rosidl_typesupport_introspection_c.h\n'}
[5.902990] (px4_msgs) StdoutLine: {'line': b'-- Up-to-date: /home/subhalaxmi/nidar_ws/install/px4_msgs/include/px4_msgs/px4_msgs/msg/detail/navigator_mission_item__type_support.c\n'}
[5.903184] (px4_msgs) StdoutLine: {'line': b'-- Up-to-date: /home/subhalaxmi/nidar_ws/install/px4_msgs/include/px4_msgs/px4_msgs/msg/detail/cpuload__type_support.c\n'}
[5.903367] (px4_msgs) StdoutLine: {'line': b'-- Up-to-date: /home/subhalaxmi/nidar_ws/install/px4_msgs/include/px4_msgs/px4_msgs/msg/detail/arming_check_request__rosidl_typesupport_introspection_c.h\n'}
[5.903558] (px4_msgs) StdoutLine: {'line': b'-- Up-to-date: /home/subhalaxmi/nidar_ws/install/px4_msgs/include/px4_msgs/px4_msgs/msg/detail/estimator_selector_status__type_support.c\n'}
[5.903772] (px4_msgs) StdoutLine: {'line': b'-- Up-to-date: /home/subhalaxmi/nidar_ws/install/px4_msgs/include/px4_msgs/px4_msgs/msg/detail/flight_phase_estimation__type_support.c\n'}
[5.903959] (px4_msgs) StdoutLine: {'line': b'-- Up-to-date: /home/subhalaxmi/nidar_ws/install/px4_msgs/include/px4_msgs/px4_msgs/msg/detail/yaw_estimator_status__type_support.c\n'}
[5.904138] (px4_msgs) StdoutLine: {'line': b'-- Up-to-date: /home/subhalaxmi/nidar_ws/install/px4_msgs/include/px4_msgs/px4_msgs/msg/detail/vehicle_constraints__rosidl_typesupport_introspection_c.h\n'}
[5.904342] (px4_msgs) StdoutLine: {'line': b'-- Up-to-date: /home/subhalaxmi/nidar_ws/install/px4_msgs/include/px4_msgs/px4_msgs/msg/detail/sensor_mag__rosidl_typesupport_introspection_c.h\n'}
[5.904512] (px4_msgs) StdoutLine: {'line': b'-- Up-to-date: /home/subhalaxmi/nidar_ws/install/px4_msgs/include/px4_msgs/px4_msgs/msg/detail/sensor_accel_fifo__type_support.c\n'}
[5.904735] (px4_msgs) StdoutLine: {'line': b'-- Up-to-date: /home/subhalaxmi/nidar_ws/install/px4_msgs/include/px4_msgs/px4_msgs/msg/detail/rover_speed_status__rosidl_typesupport_introspection_c.h\n'}
[5.905083] (px4_msgs) StdoutLine: {'line': b'-- Up-to-date: /home/subhalaxmi/nidar_ws/install/px4_msgs/include/px4_msgs/px4_msgs/msg/detail/system_power__type_support.c\n'}
[5.905294] (px4_msgs) StdoutLine: {'line': b'-- Up-to-date: /home/subhalaxmi/nidar_ws/install/px4_msgs/include/px4_msgs/px4_msgs/msg/detail/actuator_controls_status__type_support.c\n'}
[5.905486] (px4_msgs) StdoutLine: {'line': b'-- Up-to-date: /home/subhalaxmi/nidar_ws/install/px4_msgs/include/px4_msgs/px4_msgs/msg/detail/rc_channels__rosidl_typesupport_introspection_c.h\n'}
[5.905750] (px4_msgs) StdoutLine: {'line': b'-- Up-to-date: /home/subhalaxmi/nidar_ws/install/px4_msgs/include/px4_msgs/px4_msgs/msg/detail/estimator_bias3d__rosidl_typesupport_introspection_c.h\n'}
[5.906057] (px4_msgs) StdoutLine: {'line': b'-- Up-to-date: /home/subhalaxmi/nidar_ws/install/px4_msgs/include/px4_msgs/px4_msgs/msg/detail/qshell_retval__type_support.c\n'}
[5.906416] (px4_msgs) StdoutLine: {'line': b'-- Up-to-date: /home/subhalaxmi/nidar_ws/install/px4_msgs/include/px4_msgs/px4_msgs/msg/detail/dataman_response__type_support.c\n'}
[5.906947] (px4_msgs) StdoutLine: {'line': b'-- Up-to-date: /home/subhalaxmi/nidar_ws/install/px4_msgs/include/px4_msgs/px4_msgs/msg/detail/ulog_stream__type_support.c\n'}
[5.907303] (px4_msgs) StdoutLine: {'line': b'-- Up-to-date: /home/subhalaxmi/nidar_ws/install/px4_msgs/include/px4_msgs/px4_msgs/msg/detail/estimator_aid_source1d__type_support.c\n'}
[5.907554] (px4_msgs) StdoutLine: {'line': b'-- Up-to-date: /home/subhalaxmi/nidar_ws/install/px4_msgs/include/px4_msgs/px4_msgs/msg/detail/onboard_computer_status__rosidl_typesupport_introspection_c.h\n'}
[5.907768] (px4_msgs) StdoutLine: {'line': b'-- Up-to-date: /home/subhalaxmi/nidar_ws/install/px4_msgs/include/px4_msgs/px4_msgs/msg/detail/mount_orientation__rosidl_typesupport_introspection_c.h\n'}
[5.907950] (px4_msgs) StdoutLine: {'line': b'-- Up-to-date: /home/subhalaxmi/nidar_ws/install/px4_msgs/include/px4_msgs/px4_msgs/msg/detail/vehicle_odometry__rosidl_typesupport_introspection_c.h\n'}
[5.908124] (px4_msgs) StdoutLine: {'line': b'-- Up-to-date: /home/subhalaxmi/nidar_ws/install/px4_msgs/include/px4_msgs/px4_msgs/msg/detail/internal_combustion_engine_status__rosidl_typesupport_introspection_c.h\n'}
[5.908303] (px4_msgs) StdoutLine: {'line': b'-- Up-to-date: /home/subhalaxmi/nidar_ws/install/px4_msgs/include/px4_msgs/px4_msgs/msg/detail/gimbal_device_attitude_status__type_support.c\n'}
[5.908501] (px4_msgs) StdoutLine: {'line': b'-- Up-to-date: /home/subhalaxmi/nidar_ws/install/px4_msgs/include/px4_msgs/px4_msgs/msg/detail/geofence_result__type_support.c\n'}
[5.908721] (px4_msgs) StdoutLine: {'line': b'-- Up-to-date: /home/subhalaxmi/nidar_ws/install/px4_msgs/include/px4_msgs/px4_msgs/msg/detail/sensors_status_imu__rosidl_typesupport_introspection_c.h\n'}
[5.908910] (px4_msgs) StdoutLine: {'line': b'-- Up-to-date: /home/subhalaxmi/nidar_ws/install/px4_msgs/include/px4_msgs/px4_msgs/msg/detail/rover_steering_setpoint__type_support.c\n'}
[5.909103] (px4_msgs) StdoutLine: {'line': b'-- Up-to-date: /home/subhalaxmi/nidar_ws/install/px4_msgs/include/px4_msgs/px4_msgs/msg/detail/distance_sensor_mode_change_request__rosidl_typesupport_introspection_c.h\n'}
[5.909297] (px4_msgs) StdoutLine: {'line': b'-- Up-to-date: /home/subhalaxmi/nidar_ws/install/px4_msgs/include/px4_msgs/px4_msgs/msg/detail/vehicle_status__type_support.c\n'}
[5.909501] (px4_msgs) StdoutLine: {'line': b'-- Up-to-date: /home/subhalaxmi/nidar_ws/install/px4_msgs/include/px4_msgs/px4_msgs/msg/detail/failsafe_flags__type_support.c\n'}
[5.909723] (px4_msgs) StdoutLine: {'line': b'-- Up-to-date: /home/subhalaxmi/nidar_ws/install/px4_msgs/include/px4_msgs/px4_msgs/msg/detail/gimbal_manager_set_manual_control__type_support.c\n'}
[5.909901] (px4_msgs) StdoutLine: {'line': b'-- Up-to-date: /home/subhalaxmi/nidar_ws/install/px4_msgs/include/px4_msgs/px4_msgs/msg/detail/wheel_encoders__rosidl_typesupport_introspection_c.h\n'}
[5.910062] (px4_msgs) StdoutLine: {'line': b'-- Up-to-date: /home/subhalaxmi/nidar_ws/install/px4_msgs/include/px4_msgs/px4_msgs/msg/detail/open_drone_id_self_id__type_support.c\n'}
[5.910226] (px4_msgs) StdoutLine: {'line': b'-- Up-to-date: /home/subhalaxmi/nidar_ws/install/px4_msgs/include/px4_msgs/px4_msgs/msg/detail/open_drone_id_system__type_support.c\n'}
[5.910392] (px4_msgs) StdoutLine: {'line': b'-- Up-to-date: /home/subhalaxmi/nidar_ws/install/px4_msgs/include/px4_msgs/px4_msgs/msg/detail/actuator_motors__rosidl_typesupport_introspection_c.h\n'}
[5.910613] (px4_msgs) StdoutLine: {'line': b'-- Up-to-date: /home/subhalaxmi/nidar_ws/install/px4_msgs/include/px4_msgs/px4_msgs/msg/detail/offboard_control_mode__type_support.c\n'}
[5.910956] (px4_msgs) StdoutLine: {'line': b'-- Up-to-date: /home/subhalaxmi/nidar_ws/install/px4_msgs/include/px4_msgs/px4_msgs/msg/detail/vehicle_odometry__type_support.c\n'}
[5.911192] (px4_msgs) StdoutLine: {'line': b'-- Up-to-date: /home/subhalaxmi/nidar_ws/install/px4_msgs/include/px4_msgs/px4_msgs/msg/detail/flight_phase_estimation__rosidl_typesupport_introspection_c.h\n'}
[5.911393] (px4_msgs) StdoutLine: {'line': b'-- Up-to-date: /home/subhalaxmi/nidar_ws/install/px4_msgs/include/px4_msgs/px4_msgs/msg/detail/iridiumsbd_status__type_support.c\n'}
[5.911613] (px4_msgs) StdoutLine: {'line': b'-- Up-to-date: /home/subhalaxmi/nidar_ws/install/px4_msgs/include/px4_msgs/px4_msgs/msg/detail/vehicle_torque_setpoint__rosidl_typesupport_introspection_c.h\n'}
[5.911825] (px4_msgs) StdoutLine: {'line': b'-- Up-to-date: /home/subhalaxmi/nidar_ws/install/px4_msgs/include/px4_msgs/px4_msgs/msg/detail/orb_test_medium__type_support.c\n'}
[5.912016] (px4_msgs) StdoutLine: {'line': b'-- Up-to-date: /home/subhalaxmi/nidar_ws/install/px4_msgs/include/px4_msgs/px4_msgs/msg/detail/parameter_set_value_response__type_support.c\n'}
[5.912214] (px4_msgs) StdoutLine: {'line': b'-- Up-to-date: /home/subhalaxmi/nidar_ws/install/px4_msgs/include/px4_msgs/px4_msgs/msg/detail/gimbal_controls__type_support.c\n'}
[5.912578] (px4_msgs) StdoutLine: {'line': b'-- Up-to-date: /home/subhalaxmi/nidar_ws/install/px4_msgs/include/px4_msgs/px4_msgs/msg/detail/tecs_status__type_support.c\n'}
[5.912809] (px4_msgs) StdoutLine: {'line': b'-- Up-to-date: /home/subhalaxmi/nidar_ws/install/px4_msgs/include/px4_msgs/px4_msgs/msg/detail/estimator_states__rosidl_typesupport_introspection_c.h\n'}
[5.913014] (px4_msgs) StdoutLine: {'line': b'-- Up-to-date: /home/subhalaxmi/nidar_ws/install/px4_msgs/include/px4_msgs/px4_msgs/msg/detail/register_ext_component_reply__rosidl_typesupport_introspection_c.h\n'}
[5.913218] (px4_msgs) StdoutLine: {'line': b'-- Up-to-date: /home/subhalaxmi/nidar_ws/install/px4_msgs/include/px4_msgs/px4_msgs/msg/detail/open_drone_id_arm_status__type_support.c\n'}
[5.913411] (px4_msgs) StdoutLine: {'line': b'-- Up-to-date: /home/subhalaxmi/nidar_ws/install/px4_msgs/include/px4_msgs/px4_msgs/msg/detail/vehicle_land_detected__rosidl_typesupport_introspection_c.h\n'}
[5.913758] (px4_msgs) StdoutLine: {'line': b'-- Up-to-date: /home/subhalaxmi/nidar_ws/install/px4_msgs/include/px4_msgs/px4_msgs/msg/detail/parameter_set_value_response__rosidl_typesupport_introspection_c.h\n'}
[5.913952] (px4_msgs) StdoutLine: {'line': b'-- Up-to-date: /home/subhalaxmi/nidar_ws/install/px4_msgs/include/px4_msgs/px4_msgs/msg/detail/message_format_response__rosidl_typesupport_introspection_c.h\n'}
[5.914131] (px4_msgs) StdoutLine: {'line': b'-- Up-to-date: /home/subhalaxmi/nidar_ws/install/px4_msgs/include/px4_msgs/px4_msgs/msg/detail/sensor_uwb__rosidl_typesupport_introspection_c.h\n'}
[5.914324] (px4_msgs) StdoutLine: {'line': b'-- Up-to-date: /home/subhalaxmi/nidar_ws/install/px4_msgs/include/px4_msgs/px4_msgs/msg/detail/gimbal_device_information__type_support.c\n'}
[5.914498] (px4_msgs) StdoutLine: {'line': b'-- Up-to-date: /home/subhalaxmi/nidar_ws/install/px4_msgs/include/px4_msgs/px4_msgs/msg/detail/landing_target_innovations__rosidl_typesupport_introspection_c.h\n'}
[5.914704] (px4_msgs) StdoutLine: {'line': b'-- Up-to-date: /home/subhalaxmi/nidar_ws/install/px4_msgs/include/px4_msgs/px4_msgs/msg/detail/magnetometer_bias_estimate__rosidl_typesupport_introspection_c.h\n'}
[5.914886] (px4_msgs) StdoutLine: {'line': b'-- Up-to-date: /home/subhalaxmi/nidar_ws/install/px4_msgs/include/px4_msgs/px4_msgs/msg/detail/vehicle_control_mode__rosidl_typesupport_introspection_c.h\n'}
[5.915064] (px4_msgs) StdoutLine: {'line': b'-- Up-to-date: /home/subhalaxmi/nidar_ws/install/px4_msgs/include/px4_msgs/px4_msgs/msg/detail/hover_thrust_estimate__rosidl_typesupport_introspection_c.h\n'}
[5.915258] (px4_msgs) StdoutLine: {'line': b'-- Up-to-date: /home/subhalaxmi/nidar_ws/install/px4_msgs/include/px4_msgs/px4_msgs/msg/detail/sensor_selection__rosidl_typesupport_introspection_c.h\n'}
[5.915430] (px4_msgs) StdoutLine: {'line': b'-- Up-to-date: /home/subhalaxmi/nidar_ws/install/px4_msgs/include/px4_msgs/px4_msgs/msg/detail/position_setpoint_triplet__type_support.c\n'}
[5.915636] (px4_msgs) StdoutLine: {'line': b'-- Up-to-date: /home/subhalaxmi/nidar_ws/install/px4_msgs/include/px4_msgs/px4_msgs/msg/detail/vehicle_air_data__type_support.c\n'}
[5.915834] (px4_msgs) StdoutLine: {'line': b'-- Up-to-date: /home/subhalaxmi/nidar_ws/install/px4_msgs/include/px4_msgs/px4_msgs/msg/detail/task_stack_info__rosidl_typesupport_introspection_c.h\n'}
[5.916028] (px4_msgs) StdoutLine: {'line': b'-- Up-to-date: /home/subhalaxmi/nidar_ws/install/px4_msgs/include/px4_msgs/px4_msgs/msg/detail/gps_inject_data__type_support.c\n'}
[5.916219] (px4_msgs) StdoutLine: {'line': b'-- Up-to-date: /home/subhalaxmi/nidar_ws/install/px4_msgs/include/px4_msgs/px4_msgs/msg/detail/pps_capture__type_support.c\n'}
[5.916412] (px4_msgs) StdoutLine: {'line': b'-- Up-to-date: /home/subhalaxmi/nidar_ws/install/px4_msgs/include/px4_msgs/px4_msgs/msg/detail/power_monitor__rosidl_typesupport_introspection_c.h\n'}
[5.916635] (px4_msgs) StdoutLine: {'line': b'-- Up-to-date: /home/subhalaxmi/nidar_ws/install/px4_msgs/include/px4_msgs/px4_msgs/msg/detail/vehicle_torque_setpoint__type_support.c\n'}
[5.916849] (px4_msgs) StdoutLine: {'line': b'-- Up-to-date: /home/subhalaxmi/nidar_ws/install/px4_msgs/include/px4_msgs/px4_msgs/msg/detail/differential_pressure__rosidl_typesupport_introspection_c.h\n'}
[5.917081] (px4_msgs) StdoutLine: {'line': b'-- Up-to-date: /home/subhalaxmi/nidar_ws/install/px4_msgs/include/px4_msgs/px4_msgs/msg/detail/failure_detector_status__rosidl_typesupport_introspection_c.h\n'}
[5.917273] (px4_msgs) StdoutLine: {'line': b'-- Up-to-date: /home/subhalaxmi/nidar_ws/install/px4_msgs/include/px4_msgs/px4_msgs/msg/detail/camera_status__type_support.c\n'}
[5.917467] (px4_msgs) StdoutLine: {'line': b'-- Up-to-date: /home/subhalaxmi/nidar_ws/install/px4_msgs/include/px4_msgs/px4_msgs/msg/detail/vehicle_command_ack__rosidl_typesupport_introspection_c.h\n'}
[5.917703] (px4_msgs) StdoutLine: {'line': b'-- Up-to-date: /home/subhalaxmi/nidar_ws/install/px4_msgs/include/px4_msgs/px4_msgs/msg/detail/tune_control__type_support.c\n'}
[5.917912] (px4_msgs) StdoutLine: {'line': b'-- Up-to-date: /home/subhalaxmi/nidar_ws/install/px4_msgs/include/px4_msgs/px4_msgs/msg/detail/airspeed_validated__type_support.c\n'}
[5.918104] (px4_msgs) StdoutLine: {'line': b'-- Up-to-date: /home/subhalaxmi/nidar_ws/install/px4_msgs/include/px4_msgs/px4_msgs/msg/detail/estimator_gps_status__type_support.c\n'}
[5.918764] (px4_msgs) StdoutLine: {'line': b'-- Up-to-date: /home/subhalaxmi/nidar_ws/install/px4_msgs/include/px4_msgs/px4_msgs/msg/detail/vehicle_status__rosidl_typesupport_introspection_c.h\n'}
[5.919008] (px4_msgs) StdoutLine: {'line': b'-- Up-to-date: /home/subhalaxmi/nidar_ws/install/px4_msgs/include/px4_msgs/px4_msgs/msg/detail/telemetry_status__type_support.c\n'}
[5.919212] (px4_msgs) StdoutLine: {'line': b'-- Up-to-date: /home/subhalaxmi/nidar_ws/install/px4_msgs/include/px4_msgs/px4_msgs/msg/detail/sensor_gnss_status__rosidl_typesupport_introspection_c.h\n'}
[5.919403] (-) TimerEvent: {}
[5.919888] (px4_msgs) StdoutLine: {'line': b'-- Up-to-date: /home/subhalaxmi/nidar_ws/install/px4_msgs/include/px4_msgs/px4_msgs/msg/detail/pwm_input__type_support.c\n'}
[5.920298] (px4_msgs) StdoutLine: {'line': b'-- Up-to-date: /home/subhalaxmi/nidar_ws/install/px4_msgs/include/px4_msgs/px4_msgs/msg/detail/vehicle_optical_flow_vel__rosidl_typesupport_introspection_c.h\n'}
[5.920495] (px4_msgs) StdoutLine: {'line': b'-- Up-to-date: /home/subhalaxmi/nidar_ws/install/px4_msgs/include/px4_msgs/px4_msgs/msg/detail/sensor_combined__rosidl_typesupport_introspection_c.h\n'}
[5.920702] (px4_msgs) StdoutLine: {'line': b'-- Up-to-date: /home/subhalaxmi/nidar_ws/install/px4_msgs/include/px4_msgs/px4_msgs/msg/detail/vehicle_attitude__type_support.c\n'}
[5.920919] (px4_msgs) StdoutLine: {'line': b'-- Up-to-date: /home/subhalaxmi/nidar_ws/install/px4_msgs/include/px4_msgs/px4_msgs/msg/detail/mission_result__rosidl_typesupport_introspection_c.h\n'}
[5.921246] (px4_msgs) StdoutLine: {'line': b'-- Up-to-date: /home/subhalaxmi/nidar_ws/install/px4_msgs/include/px4_msgs/px4_msgs/msg/detail/distance_sensor_mode_change_request__type_support.c\n'}
[5.921433] (px4_msgs) StdoutLine: {'line': b'-- Up-to-date: /home/subhalaxmi/nidar_ws/install/px4_msgs/include/px4_msgs/px4_msgs/msg/detail/pure_pursuit_status__rosidl_typesupport_introspection_c.h\n'}
[5.921639] (px4_msgs) StdoutLine: {'line': b'-- Up-to-date: /home/subhalaxmi/nidar_ws/install/px4_msgs/include/px4_msgs/px4_msgs/msg/detail/actuator_test__type_support.c\n'}
[5.921824] (px4_msgs) StdoutLine: {'line': b'-- Up-to-date: /home/subhalaxmi/nidar_ws/install/px4_msgs/include/px4_msgs/px4_msgs/msg/detail/vehicle_optical_flow__rosidl_typesupport_introspection_c.h\n'}
[5.921998] (px4_msgs) StdoutLine: {'line': b'-- Up-to-date: /home/subhalaxmi/nidar_ws/install/px4_msgs/include/px4_msgs/px4_msgs/msg/detail/actuator_servos_trim__rosidl_typesupport_introspection_c.h\n'}
[5.922167] (px4_msgs) StdoutLine: {'line': b'-- Up-to-date: /home/subhalaxmi/nidar_ws/install/px4_msgs/include/px4_msgs/px4_msgs/msg/detail/estimator_aid_source3d__type_support.c\n'}
[5.922329] (px4_msgs) StdoutLine: {'line': b'-- Up-to-date: /home/subhalaxmi/nidar_ws/install/px4_msgs/include/px4_msgs/px4_msgs/msg/detail/qshell_req__rosidl_typesupport_introspection_c.h\n'}
[5.922489] (px4_msgs) StdoutLine: {'line': b'-- Up-to-date: /home/subhalaxmi/nidar_ws/install/px4_msgs/include/px4_msgs/px4_msgs/msg/detail/gpio_request__rosidl_typesupport_introspection_c.h\n'}
[5.922695] (px4_msgs) StdoutLine: {'line': b'-- Up-to-date: /home/subhalaxmi/nidar_ws/install/px4_msgs/include/px4_msgs/px4_msgs/msg/detail/velocity_limits__type_support.c\n'}
[5.922889] (px4_msgs) StdoutLine: {'line': b'-- Up-to-date: /home/subhalaxmi/nidar_ws/install/px4_msgs/include/px4_msgs/px4_msgs/msg/detail/gimbal_device_set_attitude__type_support.c\n'}
[5.923053] (px4_msgs) StdoutLine: {'line': b'-- Up-to-date: /home/subhalaxmi/nidar_ws/install/px4_msgs/include/px4_msgs/px4_msgs/msg/detail/wind__type_support.c\n'}
[5.923213] (px4_msgs) StdoutLine: {'line': b'-- Up-to-date: /home/subhalaxmi/nidar_ws/install/px4_msgs/include/px4_msgs/px4_msgs/msg/detail/timesync_status__type_support.c\n'}
[5.923385] (px4_msgs) StdoutLine: {'line': b'-- Up-to-date: /home/subhalaxmi/nidar_ws/install/px4_msgs/include/px4_msgs/px4_msgs/msg/detail/gps_dump__type_support.c\n'}
[5.923577] (px4_msgs) StdoutLine: {'line': b'-- Up-to-date: /home/subhalaxmi/nidar_ws/install/px4_msgs/include/px4_msgs/px4_msgs/msg/detail/rc_channels__type_support.c\n'}
[5.923775] (px4_msgs) StdoutLine: {'line': b'-- Up-to-date: /home/subhalaxmi/nidar_ws/install/px4_msgs/include/px4_msgs/px4_msgs/msg/detail/ekf2_timestamps__rosidl_typesupport_introspection_c.h\n'}
[5.923949] (px4_msgs) StdoutLine: {'line': b'-- Up-to-date: /home/subhalaxmi/nidar_ws/install/px4_msgs/include/px4_msgs/px4_msgs/msg/detail/wind__rosidl_typesupport_introspection_c.h\n'}
[5.924152] (px4_msgs) StdoutLine: {'line': b'-- Up-to-date: /home/subhalaxmi/nidar_ws/install/px4_msgs/include/px4_msgs/px4_msgs/msg/detail/airspeed__type_support.c\n'}
[5.924327] (px4_msgs) StdoutLine: {'line': b'-- Up-to-date: /home/subhalaxmi/nidar_ws/install/px4_msgs/include/px4_msgs/px4_msgs/msg/detail/landing_gear_wheel__type_support.c\n'}
[5.924495] (px4_msgs) StdoutLine: {'line': b'-- Up-to-date: /home/subhalaxmi/nidar_ws/install/px4_msgs/include/px4_msgs/px4_msgs/msg/detail/trajectory_setpoint__rosidl_typesupport_introspection_c.h\n'}
[5.924700] (px4_msgs) StdoutLine: {'line': b'-- Up-to-date: /home/subhalaxmi/nidar_ws/install/px4_msgs/include/px4_msgs/px4_msgs/msg/detail/vehicle_thrust_setpoint__type_support.c\n'}
[5.924881] (px4_msgs) StdoutLine: {'line': b'-- Up-to-date: /home/subhalaxmi/nidar_ws/install/px4_msgs/include/px4_msgs/px4_msgs/msg/detail/rtl_status__rosidl_typesupport_introspection_c.h\n'}
[5.925210] (px4_msgs) StdoutLine: {'line': b'-- Up-to-date: /home/subhalaxmi/nidar_ws/install/px4_msgs/include/px4_msgs/px4_msgs/msg/detail/vehicle_land_detected__type_support.c\n'}
[5.925403] (px4_msgs) StdoutLine: {'line': b'-- Up-to-date: /home/subhalaxmi/nidar_ws/install/px4_msgs/include/px4_msgs/px4_msgs/msg/detail/estimator_aid_source2d__rosidl_typesupport_introspection_c.h\n'}
[5.925611] (px4_msgs) StdoutLine: {'line': b'-- Up-to-date: /home/subhalaxmi/nidar_ws/install/px4_msgs/include/px4_msgs/px4_msgs/msg/detail/debug_key_value__rosidl_typesupport_introspection_c.h\n'}
[5.925816] (px4_msgs) StdoutLine: {'line': b'-- Up-to-date: /home/subhalaxmi/nidar_ws/install/px4_msgs/include/px4_msgs/px4_msgs/msg/detail/cellular_status__type_support.c\n'}
[5.926007] (px4_msgs) StdoutLine: {'line': b'-- Up-to-date: /home/subhalaxmi/nidar_ws/install/px4_msgs/include/px4_msgs/px4_msgs/msg/detail/follow_target_status__type_support.c\n'}
[5.926334] (px4_msgs) StdoutLine: {'line': b'-- Up-to-date: /home/subhalaxmi/nidar_ws/install/px4_msgs/include/px4_msgs/px4_msgs/msg/detail/uavcan_parameter_request__type_support.c\n'}
[5.926551] (px4_msgs) StdoutLine: {'line': b'-- Up-to-date: /home/subhalaxmi/nidar_ws/install/px4_msgs/include/px4_msgs/px4_msgs/msg/detail/battery_info__type_support.c\n'}
[5.926774] (px4_msgs) StdoutLine: {'line': b'-- Up-to-date: /home/subhalaxmi/nidar_ws/install/px4_msgs/include/px4_msgs/px4_msgs/msg/detail/internal_combustion_engine_control__type_support.c\n'}
[5.926955] (px4_msgs) StdoutLine: {'line': b'-- Up-to-date: /home/subhalaxmi/nidar_ws/install/px4_msgs/include/px4_msgs/px4_msgs/msg/detail/register_ext_component_request__rosidl_typesupport_introspection_c.h\n'}
[5.927133] (px4_msgs) StdoutLine: {'line': b'-- Up-to-date: /home/subhalaxmi/nidar_ws/install/px4_msgs/include/px4_msgs/px4_msgs/msg/detail/vehicle_command_ack__type_support.c\n'}
[5.927308] (px4_msgs) StdoutLine: {'line': b'-- Up-to-date: /home/subhalaxmi/nidar_ws/install/px4_msgs/include/px4_msgs/px4_msgs/msg/detail/gimbal_manager_set_attitude__type_support.c\n'}
[5.927482] (px4_msgs) StdoutLine: {'line': b'-- Up-to-date: /home/subhalaxmi/nidar_ws/install/px4_msgs/include/px4_msgs/px4_msgs/msg/detail/onboard_computer_status__type_support.c\n'}
[5.927684] (px4_msgs) StdoutLine: {'line': b'-- Up-to-date: /home/subhalaxmi/nidar_ws/install/px4_msgs/include/px4_msgs/px4_msgs/msg/detail/vtol_vehicle_status__rosidl_typesupport_introspection_c.h\n'}
[5.927855] (px4_msgs) StdoutLine: {'line': b'-- Up-to-date: /home/subhalaxmi/nidar_ws/install/px4_msgs/include/px4_msgs/px4_msgs/msg/detail/gimbal_manager_status__type_support.c\n'}
[5.928023] (px4_msgs) StdoutLine: {'line': b'-- Up-to-date: /home/subhalaxmi/nidar_ws/install/px4_msgs/include/px4_msgs/px4_msgs/msg/detail/vehicle_magnetometer__type_support.c\n'}
[5.928193] (px4_msgs) StdoutLine: {'line': b'-- Up-to-date: /home/subhalaxmi/nidar_ws/install/px4_msgs/include/px4_msgs/px4_msgs/msg/detail/goto_setpoint__rosidl_typesupport_introspection_c.h\n'}
[5.928360] (px4_msgs) StdoutLine: {'line': b'-- Up-to-date: /home/subhalaxmi/nidar_ws/install/px4_msgs/include/px4_msgs/px4_msgs/msg/detail/debug_vect__type_support.c\n'}
[5.928537] (px4_msgs) StdoutLine: {'line': b'-- Up-to-date: /home/subhalaxmi/nidar_ws/install/px4_msgs/include/px4_msgs/px4_msgs/msg/detail/ulog_stream_ack__rosidl_typesupport_introspection_c.h\n'}
[5.928730] (px4_msgs) StdoutLine: {'line': b'-- Up-to-date: /home/subhalaxmi/nidar_ws/install/px4_msgs/include/px4_msgs/px4_msgs/msg/detail/manual_control_switches__type_support.c\n'}
[5.928901] (px4_msgs) StdoutLine: {'line': b'-- Up-to-date: /home/subhalaxmi/nidar_ws/install/px4_msgs/include/px4_msgs/px4_msgs/msg/detail/actuator_servos__type_support.c\n'}
[5.929071] (px4_msgs) StdoutLine: {'line': b'-- Up-to-date: /home/subhalaxmi/nidar_ws/install/px4_msgs/include/px4_msgs/px4_msgs/msg/detail/event__type_support.c\n'}
[5.929243] (px4_msgs) StdoutLine: {'line': b'-- Up-to-date: /home/subhalaxmi/nidar_ws/install/px4_msgs/include/px4_msgs/px4_msgs/msg/detail/config_overrides__type_support.c\n'}
[5.929432] (px4_msgs) StdoutLine: {'line': b'-- Up-to-date: /home/subhalaxmi/nidar_ws/install/px4_msgs/include/px4_msgs/px4_msgs/msg/detail/fixed_wing_runway_control__type_support.c\n'}
[5.929637] (px4_msgs) StdoutLine: {'line': b'-- Up-to-date: /home/subhalaxmi/nidar_ws/install/px4_msgs/include/px4_msgs/px4_msgs/msg/detail/normalized_unsigned_setpoint__type_support.c\n'}
[5.929821] (px4_msgs) StdoutLine: {'line': b'-- Up-to-date: /home/subhalaxmi/nidar_ws/install/px4_msgs/include/px4_msgs/px4_msgs/msg/detail/neural_control__type_support.c\n'}
[5.930276] (px4_msgs) StdoutLine: {'line': b'-- Up-to-date: /home/subhalaxmi/nidar_ws/install/px4_msgs/include/px4_msgs/px4_msgs/msg/detail/tiltrotor_extra_controls__rosidl_typesupport_introspection_c.h\n'}
[5.930461] (px4_msgs) StdoutLine: {'line': b'-- Up-to-date: /home/subhalaxmi/nidar_ws/install/px4_msgs/include/px4_msgs/px4_msgs/msg/detail/sensor_selection__type_support.c\n'}
[5.930716] (px4_msgs) StdoutLine: {'line': b'-- Up-to-date: /home/subhalaxmi/nidar_ws/install/px4_msgs/include/px4_msgs/px4_msgs/msg/detail/estimator_event_flags__type_support.c\n'}
[5.931004] (px4_msgs) StdoutLine: {'line': b'-- Up-to-date: /home/subhalaxmi/nidar_ws/install/px4_msgs/include/px4_msgs/px4_msgs/msg/detail/debug_array__type_support.c\n'}
[5.931185] (px4_msgs) StdoutLine: {'line': b'-- Up-to-date: /home/subhalaxmi/nidar_ws/install/px4_msgs/include/px4_msgs/px4_msgs/msg/detail/autotune_attitude_control_status__type_support.c\n'}
[5.931360] (px4_msgs) StdoutLine: {'line': b'-- Up-to-date: /home/subhalaxmi/nidar_ws/install/px4_msgs/include/px4_msgs/px4_msgs/msg/detail/cellular_status__rosidl_typesupport_introspection_c.h\n'}
[5.931547] (px4_msgs) StdoutLine: {'line': b'-- Up-to-date: /home/subhalaxmi/nidar_ws/install/px4_msgs/include/px4_msgs/px4_msgs/msg/detail/actuator_servos_trim__type_support.c\n'}
[5.931821] (px4_msgs) StdoutLine: {'line': b'-- Up-to-date: /home/subhalaxmi/nidar_ws/install/px4_msgs/include/px4_msgs/px4_msgs/msg/detail/rate_ctrl_status__type_support.c\n'}
[5.932012] (px4_msgs) StdoutLine: {'line': b'-- Up-to-date: /home/subhalaxmi/nidar_ws/install/px4_msgs/include/px4_msgs/px4_msgs/msg/detail/position_controller_status__rosidl_typesupport_introspection_c.h\n'}
[5.932190] (px4_msgs) StdoutLine: {'line': b'-- Up-to-date: /home/subhalaxmi/nidar_ws/install/px4_msgs/include/px4_msgs/px4_msgs/msg/detail/sensors_status__rosidl_typesupport_introspection_c.h\n'}
[5.932381] (px4_msgs) StdoutLine: {'line': b'-- Up-to-date: /home/subhalaxmi/nidar_ws/install/px4_msgs/include/px4_msgs/px4_msgs/msg/detail/gps_inject_data__rosidl_typesupport_introspection_c.h\n'}
[5.932573] (px4_msgs) StdoutLine: {'line': b'-- Up-to-date: /home/subhalaxmi/nidar_ws/install/px4_msgs/include/px4_msgs/px4_msgs/msg/detail/camera_trigger__rosidl_typesupport_introspection_c.h\n'}
[5.932763] (px4_msgs) StdoutLine: {'line': b'-- Up-to-date: /home/subhalaxmi/nidar_ws/install/px4_msgs/include/px4_msgs/px4_msgs/msg/detail/rover_speed_setpoint__rosidl_typesupport_introspection_c.h\n'}
[5.932937] (px4_msgs) StdoutLine: {'line': b'-- Up-to-date: /home/subhalaxmi/nidar_ws/install/px4_msgs/include/px4_msgs/px4_msgs/msg/detail/neural_control__rosidl_typesupport_introspection_c.h\n'}
[5.933114] (px4_msgs) StdoutLine: {'line': b'-- Up-to-date: /home/subhalaxmi/nidar_ws/install/px4_msgs/include/px4_msgs/px4_msgs/msg/detail/fuel_tank_status__type_support.c\n'}
[5.933328] (px4_msgs) StdoutLine: {'line': b'-- Up-to-date: /home/subhalaxmi/nidar_ws/install/px4_msgs/include/px4_msgs/px4_msgs/msg/detail/geofence_status__type_support.c\n'}
[5.933509] (px4_msgs) StdoutLine: {'line': b'-- Up-to-date: /home/subhalaxmi/nidar_ws/install/px4_msgs/include/px4_msgs/px4_msgs/msg/detail/irlock_report__rosidl_typesupport_introspection_c.h\n'}
[5.933725] (px4_msgs) StdoutLine: {'line': b'-- Up-to-date: /home/subhalaxmi/nidar_ws/install/px4_msgs/include/px4_msgs/px4_msgs/msg/detail/vehicle_imu_status__rosidl_typesupport_introspection_c.h\n'}
[5.933927] (px4_msgs) StdoutLine: {'line': b'-- Up-to-date: /home/subhalaxmi/nidar_ws/install/px4_msgs/include/px4_msgs/px4_msgs/msg/detail/sensor_correction__rosidl_typesupport_introspection_c.h\n'}
[5.934102] (px4_msgs) StdoutLine: {'line': b'-- Up-to-date: /home/subhalaxmi/nidar_ws/install/px4_msgs/include/px4_msgs/px4_msgs/msg/detail/geofence_result__rosidl_typesupport_introspection_c.h\n'}
[5.934276] (px4_msgs) StdoutLine: {'line': b'-- Up-to-date: /home/subhalaxmi/nidar_ws/install/px4_msgs/include/px4_msgs/px4_msgs/msg/detail/sensor_baro__type_support.c\n'}
[5.934450] (px4_msgs) StdoutLine: {'line': b'-- Up-to-date: /home/subhalaxmi/nidar_ws/install/px4_msgs/include/px4_msgs/px4_msgs/msg/detail/obstacle_distance__type_support.c\n'}
[5.934762] (px4_msgs) StdoutLine: {'line': b'-- Up-to-date: /home/subhalaxmi/nidar_ws/install/px4_msgs/include/px4_msgs/px4_msgs/msg/detail/landing_target_innovations__type_support.c\n'}
[5.934951] (px4_msgs) StdoutLine: {'line': b'-- Up-to-date: /home/subhalaxmi/nidar_ws/install/px4_msgs/include/px4_msgs/px4_msgs/msg/detail/landing_target_pose__rosidl_typesupport_introspection_c.h\n'}
[5.935130] (px4_msgs) StdoutLine: {'line': b'-- Up-to-date: /home/subhalaxmi/nidar_ws/install/px4_msgs/include/px4_msgs/px4_msgs/msg/detail/dronecan_node_status__rosidl_typesupport_introspection_c.h\n'}
[5.935307] (px4_msgs) StdoutLine: {'line': b'-- Up-to-date: /home/subhalaxmi/nidar_ws/install/px4_msgs/include/px4_msgs/px4_msgs/msg/detail/launch_detection_status__rosidl_typesupport_introspection_c.h\n'}
[5.935484] (px4_msgs) StdoutLine: {'line': b'-- Up-to-date: /home/subhalaxmi/nidar_ws/install/px4_msgs/include/px4_msgs/px4_msgs/msg/detail/mag_worker_data__rosidl_typesupport_introspection_c.h\n'}
[5.935692] (px4_msgs) StdoutLine: {'line': b'-- Up-to-date: /home/subhalaxmi/nidar_ws/install/px4_msgs/include/px4_msgs/px4_msgs/msg/detail/transponder_report__rosidl_typesupport_introspection_c.h\n'}
[5.935903] (px4_msgs) StdoutLine: {'line': b'-- Up-to-date: /home/subhalaxmi/nidar_ws/install/px4_msgs/include/px4_msgs/px4_msgs/msg/detail/config_overrides__rosidl_typesupport_introspection_c.h\n'}
[5.936075] (px4_msgs) StdoutLine: {'line': b'-- Up-to-date: /home/subhalaxmi/nidar_ws/install/px4_msgs/include/px4_msgs/px4_msgs/msg/detail/gimbal_controls__rosidl_typesupport_introspection_c.h\n'}
[5.936247] (px4_msgs) StdoutLine: {'line': b'-- Up-to-date: /home/subhalaxmi/nidar_ws/install/px4_msgs/include/px4_msgs/px4_msgs/msg/detail/vehicle_imu__type_support.c\n'}
[5.936417] (px4_msgs) StdoutLine: {'line': b'-- Up-to-date: /home/subhalaxmi/nidar_ws/install/px4_msgs/include/px4_msgs/px4_msgs/msg/detail/rover_attitude_status__type_support.c\n'}
[5.936610] (px4_msgs) StdoutLine: {'line': b'-- Up-to-date: /home/subhalaxmi/nidar_ws/install/px4_msgs/include/px4_msgs/px4_msgs/msg/detail/input_rc__type_support.c\n'}
[5.936802] (px4_msgs) StdoutLine: {'line': b'-- Up-to-date: /home/subhalaxmi/nidar_ws/install/px4_msgs/include/px4_msgs/px4_msgs/msg/detail/esc_report__type_support.c\n'}
[5.936982] (px4_msgs) StdoutLine: {'line': b'-- Up-to-date: /home/subhalaxmi/nidar_ws/install/px4_msgs/include/px4_msgs/px4_msgs/msg/detail/vehicle_global_position__rosidl_typesupport_introspection_c.h\n'}
[5.937154] (px4_msgs) StdoutLine: {'line': b'-- Up-to-date: /home/subhalaxmi/nidar_ws/install/px4_msgs/include/px4_msgs/px4_msgs/msg/detail/sensors_status_imu__type_support.c\n'}
[5.937455] (px4_msgs) StdoutLine: {'line': b'-- Up-to-date: /home/subhalaxmi/nidar_ws/install/px4_msgs/include/px4_msgs/px4_msgs/msg/detail/collision_constraints__rosidl_typesupport_introspection_c.h\n'}
[5.937689] (px4_msgs) StdoutLine: {'line': b'-- Up-to-date: /home/subhalaxmi/nidar_ws/install/px4_msgs/include/px4_msgs/px4_msgs/msg/detail/fixed_wing_longitudinal_setpoint__rosidl_typesupport_introspection_c.h\n'}
[5.937875] (px4_msgs) StdoutLine: {'line': b'-- Up-to-date: /home/subhalaxmi/nidar_ws/install/px4_msgs/include/px4_msgs/px4_msgs/msg/detail/dataman_response__rosidl_typesupport_introspection_c.h\n'}
[5.938051] (px4_msgs) StdoutLine: {'line': b'-- Up-to-date: /home/subhalaxmi/nidar_ws/install/px4_msgs/include/px4_msgs/px4_msgs/msg/detail/estimator_status__type_support.c\n'}
[5.938237] (px4_msgs) StdoutLine: {'line': b'-- Up-to-date: /home/subhalaxmi/nidar_ws/install/px4_msgs/include/px4_msgs/px4_msgs/msg/detail/vehicle_roi__type_support.c\n'}
[5.938414] (px4_msgs) StdoutLine: {'line': b'-- Up-to-date: /home/subhalaxmi/nidar_ws/install/px4_msgs/include/px4_msgs/px4_msgs/msg/detail/raptor_status__rosidl_typesupport_introspection_c.h\n'}
[5.938616] (px4_msgs) StdoutLine: {'line': b'-- Up-to-date: /home/subhalaxmi/nidar_ws/install/px4_msgs/include/px4_msgs/px4_msgs/msg/detail/sensor_gps__rosidl_typesupport_introspection_c.h\n'}
[5.938902] (px4_msgs) StdoutLine: {'line': b'-- Up-to-date: /home/subhalaxmi/nidar_ws/install/px4_msgs/include/px4_msgs/px4_msgs/msg/detail/vehicle_constraints__type_support.c\n'}
[5.939088] (px4_msgs) StdoutLine: {'line': b'-- Up-to-date: /home/subhalaxmi/nidar_ws/install/px4_msgs/include/px4_msgs/px4_msgs/msg/detail/lateral_control_configuration__rosidl_typesupport_introspection_c.h\n'}
[5.939259] (px4_msgs) StdoutLine: {'line': b'-- Up-to-date: /home/subhalaxmi/nidar_ws/install/px4_msgs/include/px4_msgs/px4_msgs/msg/detail/trajectory_setpoint6dof__type_support.c\n'}
[5.939427] (px4_msgs) StdoutLine: {'line': b'-- Up-to-date: /home/subhalaxmi/nidar_ws/install/px4_msgs/include/px4_msgs/px4_msgs/msg/detail/rover_throttle_setpoint__type_support.c\n'}
[5.939632] (px4_msgs) StdoutLine: {'line': b'-- Up-to-date: /home/subhalaxmi/nidar_ws/install/px4_msgs/include/px4_msgs/px4_msgs/msg/detail/sensor_accel_fifo__rosidl_typesupport_introspection_c.h\n'}
[5.939815] (px4_msgs) StdoutLine: {'line': b'-- Up-to-date: /home/subhalaxmi/nidar_ws/install/px4_msgs/include/px4_msgs/px4_msgs/msg/detail/sensor_temp__rosidl_typesupport_introspection_c.h\n'}
[5.939987] (px4_msgs) StdoutLine: {'line': b'-- Up-to-date: /home/subhalaxmi/nidar_ws/install/px4_msgs/include/px4_msgs/px4_msgs/msg/detail/generator_status__type_support.c\n'}
[5.940159] (px4_msgs) StdoutLine: {'line': b'-- Up-to-date: /home/subhalaxmi/nidar_ws/install/px4_msgs/include/px4_msgs/px4_msgs/msg/detail/vehicle_thrust_setpoint__rosidl_typesupport_introspection_c.h\n'}
[5.940334] (px4_msgs) StdoutLine: {'line': b'-- Up-to-date: /home/subhalaxmi/nidar_ws/install/px4_msgs/include/px4_msgs/px4_msgs/msg/detail/sensor_optical_flow__rosidl_typesupport_introspection_c.h\n'}
[5.940505] (px4_msgs) StdoutLine: {'line': b'-- Up-to-date: /home/subhalaxmi/nidar_ws/install/px4_msgs/include/px4_msgs/px4_msgs/msg/detail/timesync_status__rosidl_typesupport_introspection_c.h\n'}
[5.940708] (px4_msgs) StdoutLine: {'line': b'-- Up-to-date: /home/subhalaxmi/nidar_ws/install/px4_msgs/include/px4_msgs/px4_msgs/msg/detail/sensor_temp__type_support.c\n'}
[5.940887] (px4_msgs) StdoutLine: {'line': b'-- Up-to-date: /home/subhalaxmi/nidar_ws/install/px4_msgs/include/px4_msgs/px4_msgs/msg/detail/follow_target_status__rosidl_typesupport_introspection_c.h\n'}
[5.941066] (px4_msgs) StdoutLine: {'line': b'-- Up-to-date: /home/subhalaxmi/nidar_ws/install/px4_msgs/include/px4_msgs/px4_msgs/msg/detail/open_drone_id_self_id__rosidl_typesupport_introspection_c.h\n'}
[5.941239] (px4_msgs) StdoutLine: {'line': b'-- Up-to-date: /home/subhalaxmi/nidar_ws/install/px4_msgs/include/px4_msgs/px4_msgs/msg/detail/button_event__type_support.c\n'}
[5.941440] (px4_msgs) StdoutLine: {'line': b'-- Up-to-date: /home/subhalaxmi/nidar_ws/install/px4_msgs/include/px4_msgs/px4_msgs/msg/detail/gpio_in__type_support.c\n'}
[5.941647] (px4_msgs) StdoutLine: {'line': b'-- Up-to-date: /home/subhalaxmi/nidar_ws/install/px4_msgs/include/px4_msgs/px4_msgs/msg/detail/rover_speed_setpoint__type_support.c\n'}
[5.941831] (px4_msgs) StdoutLine: {'line': b'-- Up-to-date: /home/subhalaxmi/nidar_ws/install/px4_msgs/include/px4_msgs/px4_msgs/msg/detail/rover_rate_status__rosidl_typesupport_introspection_c.h\n'}
[5.942013] (px4_msgs) StdoutLine: {'line': b'-- Up-to-date: /home/subhalaxmi/nidar_ws/install/px4_msgs/include/px4_msgs/px4_msgs/msg/detail/airspeed_wind__type_support.c\n'}
[5.942228] (px4_msgs) StdoutLine: {'line': b'-- Up-to-date: /home/subhalaxmi/nidar_ws/install/px4_msgs/include/px4_msgs/px4_msgs/msg/detail/input_rc__rosidl_typesupport_introspection_c.h\n'}
[5.942405] (px4_msgs) StdoutLine: {'line': b'-- Up-to-date: /home/subhalaxmi/nidar_ws/install/px4_msgs/include/px4_msgs/px4_msgs/msg/detail/debug_vect__rosidl_typesupport_introspection_c.h\n'}
[5.942597] (px4_msgs) StdoutLine: {'line': b'-- Up-to-date: /home/subhalaxmi/nidar_ws/install/px4_msgs/include/px4_msgs/px4_msgs/msg/detail/log_message__type_support.c\n'}
[5.942795] (px4_msgs) StdoutLine: {'line': b'-- Up-to-date: /home/subhalaxmi/nidar_ws/install/px4_msgs/include/px4_msgs/px4_msgs/msg/detail/vehicle_attitude_setpoint__type_support.c\n'}
[5.943089] (px4_msgs) StdoutLine: {'line': b'-- Up-to-date: /home/subhalaxmi/nidar_ws/install/px4_msgs/include/px4_msgs/px4_msgs/msg/detail/geofence_status__rosidl_typesupport_introspection_c.h\n'}
[5.943270] (px4_msgs) StdoutLine: {'line': b'-- Up-to-date: /home/subhalaxmi/nidar_ws/install/px4_msgs/include/px4_msgs/px4_msgs/msg/detail/register_ext_component_reply__type_support.c\n'}
[5.943441] (px4_msgs) StdoutLine: {'line': b'-- Up-to-date: /home/subhalaxmi/nidar_ws/install/px4_msgs/include/px4_msgs/px4_msgs/msg/detail/position_setpoint__type_support.c\n'}
[5.943644] (px4_msgs) StdoutLine: {'line': b'-- Up-to-date: /home/subhalaxmi/nidar_ws/install/px4_msgs/include/px4_msgs/px4_msgs/msg/detail/actuator_servos__rosidl_typesupport_introspection_c.h\n'}
[5.943832] (px4_msgs) StdoutLine: {'line': b'-- Up-to-date: /home/subhalaxmi/nidar_ws/install/px4_msgs/include/px4_msgs/px4_msgs/msg/detail/debug_value__type_support.c\n'}
[5.944008] (px4_msgs) StdoutLine: {'line': b'-- Up-to-date: /home/subhalaxmi/nidar_ws/install/px4_msgs/include/px4_msgs/px4_msgs/msg/detail/fixed_wing_lateral_setpoint__rosidl_typesupport_introspection_c.h\n'}
[5.944185] (px4_msgs) StdoutLine: {'line': b'-- Up-to-date: /home/subhalaxmi/nidar_ws/install/px4_msgs/include/px4_msgs/px4_msgs/msg/detail/internal_combustion_engine_status__type_support.c\n'}
[5.944496] (px4_msgs) StdoutLine: {'line': b'-- Up-to-date: /home/subhalaxmi/nidar_ws/install/px4_msgs/include/px4_msgs/px4_msgs/msg/detail/sensor_accel__rosidl_typesupport_introspection_c.h\n'}
[5.944716] (px4_msgs) StdoutLine: {'line': b'-- Up-to-date: /home/subhalaxmi/nidar_ws/install/px4_msgs/include/px4_msgs/px4_msgs/msg/detail/failsafe_flags__rosidl_typesupport_introspection_c.h\n'}
[5.944896] (px4_msgs) StdoutLine: {'line': b'-- Up-to-date: /home/subhalaxmi/nidar_ws/install/px4_msgs/include/px4_msgs/px4_msgs/msg/detail/dronecan_node_status__type_support.c\n'}
[5.945070] (px4_msgs) StdoutLine: {'line': b'-- Up-to-date: /home/subhalaxmi/nidar_ws/install/px4_msgs/include/px4_msgs/px4_msgs/msg/detail/actuator_armed__rosidl_typesupport_introspection_c.h\n'}
[5.946565] (px4_msgs) StdoutLine: {'line': b'-- Up-to-date: /home/subhalaxmi/nidar_ws/install/px4_msgs/include/px4_msgs/px4_msgs/msg/detail/px4io_status__rosidl_typesupport_introspection_c.h\n'}
[5.946794] (px4_msgs) StdoutLine: {'line': b'-- Up-to-date: /home/subhalaxmi/nidar_ws/install/px4_msgs/include/px4_msgs/px4_msgs/msg/detail/ekf2_timestamps__type_support.c\n'}
[5.946978] (px4_msgs) StdoutLine: {'line': b'-- Up-to-date: /home/subhalaxmi/nidar_ws/install/px4_msgs/include/px4_msgs/px4_msgs/msg/detail/led_control__rosidl_typesupport_introspection_c.h\n'}
[5.947151] (px4_msgs) StdoutLine: {'line': b'-- Up-to-date: /home/subhalaxmi/nidar_ws/install/px4_msgs/include/px4_msgs/px4_msgs/msg/detail/home_position__rosidl_typesupport_introspection_c.h\n'}
[5.947326] (px4_msgs) StdoutLine: {'line': b'-- Up-to-date: /home/subhalaxmi/nidar_ws/install/px4_msgs/include/px4_msgs/px4_msgs/msg/detail/gpio_request__type_support.c\n'}
[5.947500] (px4_msgs) StdoutLine: {'line': b'-- Up-to-date: /home/subhalaxmi/nidar_ws/install/px4_msgs/include/px4_msgs/px4_msgs/msg/detail/arming_check_request__type_support.c\n'}
[5.947704] (px4_msgs) StdoutLine: {'line': b'-- Up-to-date: /home/subhalaxmi/nidar_ws/install/px4_msgs/include/px4_msgs/px4_msgs/msg/detail/gimbal_manager_status__rosidl_typesupport_introspection_c.h\n'}
[5.947906] (px4_msgs) StdoutLine: {'line': b'-- Up-to-date: /home/subhalaxmi/nidar_ws/install/px4_msgs/include/px4_msgs/px4_msgs/msg/detail/ulog_stream_ack__type_support.c\n'}
[5.948082] (px4_msgs) StdoutLine: {'line': b'-- Up-to-date: /home/subhalaxmi/nidar_ws/install/px4_msgs/include/px4_msgs/px4_msgs/msg/detail/rate_ctrl_status__rosidl_typesupport_introspection_c.h\n'}
[5.948254] (px4_msgs) StdoutLine: {'line': b'-- Up-to-date: /home/subhalaxmi/nidar_ws/install/px4_msgs/include/px4_msgs/px4_msgs/msg/detail/satellite_info__rosidl_typesupport_introspection_c.h\n'}
[5.948427] (px4_msgs) StdoutLine: {'line': b'-- Up-to-date: /home/subhalaxmi/nidar_ws/install/px4_msgs/include/px4_msgs/px4_msgs/msg/detail/transponder_report__type_support.c\n'}
[5.948656] (px4_msgs) StdoutLine: {'line': b'-- Up-to-date: /home/subhalaxmi/nidar_ws/install/px4_msgs/include/px4_msgs/px4_msgs/msg/detail/trajectory_setpoint6dof__rosidl_typesupport_introspection_c.h\n'}
[5.948845] (px4_msgs) StdoutLine: {'line': b'-- Up-to-date: /home/subhalaxmi/nidar_ws/install/px4_msgs/include/px4_msgs/px4_msgs/msg/detail/navigator_status__rosidl_typesupport_introspection_c.h\n'}
[5.949020] (px4_msgs) StdoutLine: {'line': b'-- Up-to-date: /home/subhalaxmi/nidar_ws/install/px4_msgs/include/px4_msgs/px4_msgs/msg/detail/fixed_wing_lateral_guidance_status__type_support.c\n'}
[5.949193] (px4_msgs) StdoutLine: {'line': b'-- Up-to-date: /home/subhalaxmi/nidar_ws/install/px4_msgs/include/px4_msgs/px4_msgs/msg/detail/vehicle_rates_setpoint__rosidl_typesupport_introspection_c.h\n'}
[5.949382] (px4_msgs) StdoutLine: {'line': b'-- Up-to-date: /home/subhalaxmi/nidar_ws/install/px4_msgs/include/px4_msgs/px4_msgs/msg/detail/gimbal_manager_information__rosidl_typesupport_introspection_c.h\n'}
[5.949575] (px4_msgs) StdoutLine: {'line': b'-- Up-to-date: /home/subhalaxmi/nidar_ws/install/px4_msgs/include/px4_msgs/px4_msgs/msg/detail/device_information__type_support.c\n'}
[5.949766] (px4_msgs) StdoutLine: {'line': b'-- Up-to-date: /home/subhalaxmi/nidar_ws/install/px4_msgs/include/px4_msgs/px4_msgs/msg/detail/unregister_ext_component__type_support.c\n'}
[5.949996] (px4_msgs) StdoutLine: {'line': b'-- Up-to-date: /home/subhalaxmi/nidar_ws/install/px4_msgs/include/px4_msgs/px4_msgs/msg/detail/uavcan_parameter_value__rosidl_typesupport_introspection_c.h\n'}
[5.950271] (px4_msgs) StdoutLine: {'line': b'-- Up-to-date: /home/subhalaxmi/nidar_ws/install/px4_msgs/include/px4_msgs/px4_msgs/msg/detail/fixed_wing_lateral_status__rosidl_typesupport_introspection_c.h\n'}
[5.950450] (px4_msgs) StdoutLine: {'line': b'-- Up-to-date: /home/subhalaxmi/nidar_ws/install/px4_msgs/include/px4_msgs/px4_msgs/msg/detail/event__rosidl_typesupport_introspection_c.h\n'}
[5.950660] (px4_msgs) StdoutLine: {'line': b'-- Up-to-date: /home/subhalaxmi/nidar_ws/install/px4_msgs/include/px4_msgs/px4_msgs/msg/detail/open_drone_id_operator_id__type_support.c\n'}
[5.950843] (px4_msgs) StdoutLine: {'line': b'-- Up-to-date: /home/subhalaxmi/nidar_ws/install/px4_msgs/include/px4_msgs/px4_msgs/msg/detail/generator_status__rosidl_typesupport_introspection_c.h\n'}
[5.951061] (px4_msgs) StdoutLine: {'line': b'-- Up-to-date: /home/subhalaxmi/nidar_ws/install/px4_msgs/include/px4_msgs/px4_msgs/msg/detail/sensor_gps__type_support.c\n'}
[5.951322] (px4_msgs) StdoutLine: {'line': b'-- Up-to-date: /home/subhalaxmi/nidar_ws/install/px4_msgs/include/px4_msgs/px4_msgs/msg/detail/vehicle_acceleration__type_support.c\n'}
[5.951507] (px4_msgs) StdoutLine: {'line': b'-- Up-to-date: /home/subhalaxmi/nidar_ws/install/px4_msgs/include/px4_msgs/px4_msgs/msg/detail/rover_position_setpoint__rosidl_typesupport_introspection_c.h\n'}
[5.951719] (px4_msgs) StdoutLine: {'line': b'-- Up-to-date: /home/subhalaxmi/nidar_ws/install/px4_msgs/include/px4_msgs/px4_msgs/msg/detail/mission__type_support.c\n'}
[5.951900] (px4_msgs) StdoutLine: {'line': b'-- Up-to-date: /home/subhalaxmi/nidar_ws/install/px4_msgs/include/px4_msgs/px4_msgs/msg/detail/gps_dump__rosidl_typesupport_introspection_c.h\n'}
[5.952096] (px4_msgs) StdoutLine: {'line': b'-- Up-to-date: /home/subhalaxmi/nidar_ws/install/px4_msgs/include/px4_msgs/px4_msgs/msg/detail/orb_test_large__rosidl_typesupport_introspection_c.h\n'}
[5.952272] (px4_msgs) StdoutLine: {'line': b'-- Up-to-date: /home/subhalaxmi/nidar_ws/install/px4_msgs/include/px4_msgs/px4_msgs/msg/detail/mavlink_log__type_support.c\n'}
[5.952449] (px4_msgs) StdoutLine: {'line': b'-- Up-to-date: /home/subhalaxmi/nidar_ws/install/px4_msgs/include/px4_msgs/px4_msgs/msg/detail/lateral_control_configuration__type_support.c\n'}
[5.952655] (px4_msgs) StdoutLine: {'line': b'-- Up-to-date: /home/subhalaxmi/nidar_ws/install/px4_msgs/include/px4_msgs/px4_msgs/msg/detail/longitudinal_control_configuration__rosidl_typesupport_introspection_c.h\n'}
[5.952839] (px4_msgs) StdoutLine: {'line': b'-- Up-to-date: /home/subhalaxmi/nidar_ws/install/px4_msgs/include/px4_msgs/px4_msgs/msg/detail/gpio_in__rosidl_typesupport_introspection_c.h\n'}
[5.953011] (px4_msgs) StdoutLine: {'line': b'-- Up-to-date: /home/subhalaxmi/nidar_ws/install/px4_msgs/include/px4_msgs/px4_msgs/srv\n'}
[5.953183] (px4_msgs) StdoutLine: {'line': b'-- Up-to-date: /home/subhalaxmi/nidar_ws/install/px4_msgs/include/px4_msgs/px4_msgs/srv/detail\n'}
[5.953358] (px4_msgs) StdoutLine: {'line': b'-- Up-to-date: /home/subhalaxmi/nidar_ws/install/px4_msgs/include/px4_msgs/px4_msgs/srv/detail/vehicle_command__type_support.c\n'}
[5.953535] (px4_msgs) StdoutLine: {'line': b'-- Up-to-date: /home/subhalaxmi/nidar_ws/install/px4_msgs/include/px4_msgs/px4_msgs/srv/detail/vehicle_command__rosidl_typesupport_introspection_c.h\n'}
[5.953729] (px4_msgs) StdoutLine: {'line': b'-- Up-to-date: /home/subhalaxmi/nidar_ws/install/px4_msgs/lib/libpx4_msgs__rosidl_typesupport_introspection_c.so\n'}
[5.953897] (px4_msgs) StdoutLine: {'line': b'-- Up-to-date: /home/subhalaxmi/nidar_ws/install/px4_msgs/lib/libpx4_msgs__rosidl_typesupport_c.so\n'}
[5.954062] (px4_msgs) StdoutLine: {'line': b'-- Up-to-date: /home/subhalaxmi/nidar_ws/install/px4_msgs/include/px4_msgs/px4_msgs\n'}
[5.954227] (px4_msgs) StdoutLine: {'line': b'-- Up-to-date: /home/subhalaxmi/nidar_ws/install/px4_msgs/include/px4_msgs/px4_msgs/msg\n'}
[5.954420] (px4_msgs) StdoutLine: {'line': b'-- Up-to-date: /home/subhalaxmi/nidar_ws/install/px4_msgs/include/px4_msgs/px4_msgs/msg/detail\n'}
[5.954607] (px4_msgs) StdoutLine: {'line': b'-- Up-to-date: /home/subhalaxmi/nidar_ws/install/px4_msgs/include/px4_msgs/px4_msgs/msg/detail/rover_position_setpoint__rosidl_typesupport_introspection_cpp.hpp\n'}
[5.954790] (px4_msgs) StdoutLine: {'line': b'-- Up-to-date: /home/subhalaxmi/nidar_ws/install/px4_msgs/include/px4_msgs/px4_msgs/msg/detail/estimator_status_flags__type_support.cpp\n'}
[5.954969] (px4_msgs) StdoutLine: {'line': b'-- Up-to-date: /home/subhalaxmi/nidar_ws/install/px4_msgs/include/px4_msgs/px4_msgs/msg/detail/battery_info__rosidl_typesupport_introspection_cpp.hpp\n'}
[5.955138] (px4_msgs) StdoutLine: {'line': b'-- Up-to-date: /home/subhalaxmi/nidar_ws/install/px4_msgs/include/px4_msgs/px4_msgs/msg/detail/dronecan_node_status__rosidl_typesupport_introspection_cpp.hpp\n'}
[5.955307] (px4_msgs) StdoutLine: {'line': b'-- Up-to-date: /home/subhalaxmi/nidar_ws/install/px4_msgs/include/px4_msgs/px4_msgs/msg/detail/gpio_config__rosidl_typesupport_introspection_cpp.hpp\n'}
[5.955533] (px4_msgs) StdoutLine: {'line': b'-- Up-to-date: /home/subhalaxmi/nidar_ws/install/px4_msgs/include/px4_msgs/px4_msgs/msg/detail/control_allocator_status__type_support.cpp\n'}
[5.955812] (px4_msgs) StdoutLine: {'line': b'-- Up-to-date: /home/subhalaxmi/nidar_ws/install/px4_msgs/include/px4_msgs/px4_msgs/msg/detail/vehicle_local_position_setpoint__rosidl_typesupport_introspection_cpp.hpp\n'}
[5.955986] (px4_msgs) StdoutLine: {'line': b'-- Up-to-date: /home/subhalaxmi/nidar_ws/install/px4_msgs/include/px4_msgs/px4_msgs/msg/detail/landing_gear__rosidl_typesupport_introspection_cpp.hpp\n'}
[5.956155] (px4_msgs) StdoutLine: {'line': b'-- Up-to-date: /home/subhalaxmi/nidar_ws/install/px4_msgs/include/px4_msgs/px4_msgs/msg/detail/arming_check_request__type_support.cpp\n'}
[5.956347] (px4_msgs) StdoutLine: {'line': b'-- Up-to-date: /home/subhalaxmi/nidar_ws/install/px4_msgs/include/px4_msgs/px4_msgs/msg/detail/power_button_state__rosidl_typesupport_introspection_cpp.hpp\n'}
[5.956514] (px4_msgs) StdoutLine: {'line': b'-- Up-to-date: /home/subhalaxmi/nidar_ws/install/px4_msgs/include/px4_msgs/px4_msgs/msg/detail/log_message__type_support.cpp\n'}
[5.956827] (px4_msgs) StdoutLine: {'line': b'-- Up-to-date: /home/subhalaxmi/nidar_ws/install/px4_msgs/include/px4_msgs/px4_msgs/msg/detail/pwm_input__rosidl_typesupport_introspection_cpp.hpp\n'}
[5.957002] (px4_msgs) StdoutLine: {'line': b'-- Up-to-date: /home/subhalaxmi/nidar_ws/install/px4_msgs/include/px4_msgs/px4_msgs/msg/detail/fixed_wing_runway_control__type_support.cpp\n'}
[5.957172] (px4_msgs) StdoutLine: {'line': b'-- Up-to-date: /home/subhalaxmi/nidar_ws/install/px4_msgs/include/px4_msgs/px4_msgs/msg/detail/open_drone_id_self_id__type_support.cpp\n'}
[5.957342] (px4_msgs) StdoutLine: {'line': b'-- Up-to-date: /home/subhalaxmi/nidar_ws/install/px4_msgs/include/px4_msgs/px4_msgs/msg/detail/hover_thrust_estimate__type_support.cpp\n'}
[5.957513] (px4_msgs) StdoutLine: {'line': b'-- Up-to-date: /home/subhalaxmi/nidar_ws/install/px4_msgs/include/px4_msgs/px4_msgs/msg/detail/register_ext_component_request__rosidl_typesupport_introspection_cpp.hpp\n'}
[5.957713] (px4_msgs) StdoutLine: {'line': b'-- Up-to-date: /home/subhalaxmi/nidar_ws/install/px4_msgs/include/px4_msgs/px4_msgs/msg/detail/vehicle_angular_velocity__type_support.cpp\n'}
[5.957886] (px4_msgs) StdoutLine: {'line': b'-- Up-to-date: /home/subhalaxmi/nidar_ws/install/px4_msgs/include/px4_msgs/px4_msgs/msg/detail/fixed_wing_lateral_guidance_status__type_support.cpp\n'}
[5.958059] (px4_msgs) StdoutLine: {'line': b'-- Up-to-date: /home/subhalaxmi/nidar_ws/install/px4_msgs/include/px4_msgs/px4_msgs/msg/detail/landing_gear_wheel__rosidl_typesupport_introspection_cpp.hpp\n'}
[5.958234] (px4_msgs) StdoutLine: {'line': b'-- Up-to-date: /home/subhalaxmi/nidar_ws/install/px4_msgs/include/px4_msgs/px4_msgs/msg/detail/adc_report__type_support.cpp\n'}
[5.958409] (px4_msgs) StdoutLine: {'line': b'-- Up-to-date: /home/subhalaxmi/nidar_ws/install/px4_msgs/include/px4_msgs/px4_msgs/msg/detail/timesync_status__type_support.cpp\n'}
[5.958625] (px4_msgs) StdoutLine: {'line': b'-- Up-to-date: /home/subhalaxmi/nidar_ws/install/px4_msgs/include/px4_msgs/px4_msgs/msg/detail/timesync_status__rosidl_typesupport_introspection_cpp.hpp\n'}
[5.958840] (px4_msgs) StdoutLine: {'line': b'-- Up-to-date: /home/subhalaxmi/nidar_ws/install/px4_msgs/include/px4_msgs/px4_msgs/msg/detail/estimator_aid_source2d__rosidl_typesupport_introspection_cpp.hpp\n'}
[5.959040] (px4_msgs) StdoutLine: {'line': b'-- Up-to-date: /home/subhalaxmi/nidar_ws/install/px4_msgs/include/px4_msgs/px4_msgs/msg/detail/rover_rate_setpoint__rosidl_typesupport_introspection_cpp.hpp\n'}
[5.959236] (px4_msgs) StdoutLine: {'line': b'-- Up-to-date: /home/subhalaxmi/nidar_ws/install/px4_msgs/include/px4_msgs/px4_msgs/msg/detail/figure_eight_status__type_support.cpp\n'}
[5.959431] (px4_msgs) StdoutLine: {'line': b'-- Up-to-date: /home/subhalaxmi/nidar_ws/install/px4_msgs/include/px4_msgs/px4_msgs/msg/detail/sensors_status__type_support.cpp\n'}
[5.959708] (px4_msgs) StdoutLine: {'line': b'-- Up-to-date: /home/subhalaxmi/nidar_ws/install/px4_msgs/include/px4_msgs/px4_msgs/msg/detail/distance_sensor_mode_change_request__type_support.cpp\n'}
[5.959895] (px4_msgs) StdoutLine: {'line': b'-- Up-to-date: /home/subhalaxmi/nidar_ws/install/px4_msgs/include/px4_msgs/px4_msgs/msg/detail/camera_capture__rosidl_typesupport_introspection_cpp.hpp\n'}
[5.960106] (px4_msgs) StdoutLine: {'line': b'-- Up-to-date: /home/subhalaxmi/nidar_ws/install/px4_msgs/include/px4_msgs/px4_msgs/msg/detail/estimator_innovations__type_support.cpp\n'}
[5.960295] (px4_msgs) StdoutLine: {'line': b'-- Up-to-date: /home/subhalaxmi/nidar_ws/install/px4_msgs/include/px4_msgs/px4_msgs/msg/detail/rover_throttle_setpoint__rosidl_typesupport_introspection_cpp.hpp\n'}
[5.960477] (px4_msgs) StdoutLine: {'line': b'-- Up-to-date: /home/subhalaxmi/nidar_ws/install/px4_msgs/include/px4_msgs/px4_msgs/msg/detail/follow_target_estimator__rosidl_typesupport_introspection_cpp.hpp\n'}
[5.960703] (px4_msgs) StdoutLine: {'line': b'-- Up-to-date: /home/subhalaxmi/nidar_ws/install/px4_msgs/include/px4_msgs/px4_msgs/msg/detail/vehicle_status__type_support.cpp\n'}
[5.960882] (px4_msgs) StdoutLine: {'line': b'-- Up-to-date: /home/subhalaxmi/nidar_ws/install/px4_msgs/include/px4_msgs/px4_msgs/msg/detail/home_position__rosidl_typesupport_introspection_cpp.hpp\n'}
[5.961147] (px4_msgs) StdoutLine: {'line': b'-- Up-to-date: /home/subhalaxmi/nidar_ws/install/px4_msgs/include/px4_msgs/px4_msgs/msg/detail/device_information__rosidl_typesupport_introspection_cpp.hpp\n'}
[5.961342] (px4_msgs) StdoutLine: {'line': b'-- Up-to-date: /home/subhalaxmi/nidar_ws/install/px4_msgs/include/px4_msgs/px4_msgs/msg/detail/rover_speed_status__type_support.cpp\n'}
[5.961517] (px4_msgs) StdoutLine: {'line': b'-- Up-to-date: /home/subhalaxmi/nidar_ws/install/px4_msgs/include/px4_msgs/px4_msgs/msg/detail/open_drone_id_arm_status__type_support.cpp\n'}
[5.961749] (px4_msgs) StdoutLine: {'line': b'-- Up-to-date: /home/subhalaxmi/nidar_ws/install/px4_msgs/include/px4_msgs/px4_msgs/msg/detail/sensor_correction__rosidl_typesupport_introspection_cpp.hpp\n'}
[5.961924] (px4_msgs) StdoutLine: {'line': b'-- Up-to-date: /home/subhalaxmi/nidar_ws/install/px4_msgs/include/px4_msgs/px4_msgs/msg/detail/input_rc__rosidl_typesupport_introspection_cpp.hpp\n'}
[5.962093] (px4_msgs) StdoutLine: {'line': b'-- Up-to-date: /home/subhalaxmi/nidar_ws/install/px4_msgs/include/px4_msgs/px4_msgs/msg/detail/gimbal_device_attitude_status__rosidl_typesupport_introspection_cpp.hpp\n'}
[5.962379] (px4_msgs) StdoutLine: {'line': b'-- Up-to-date: /home/subhalaxmi/nidar_ws/install/px4_msgs/include/px4_msgs/px4_msgs/msg/detail/message_format_response__rosidl_typesupport_introspection_cpp.hpp\n'}
[5.962563] (px4_msgs) StdoutLine: {'line': b'-- Up-to-date: /home/subhalaxmi/nidar_ws/install/px4_msgs/include/px4_msgs/px4_msgs/msg/detail/follow_target__rosidl_typesupport_introspection_cpp.hpp\n'}
[5.962756] (px4_msgs) StdoutLine: {'line': b'-- Up-to-date: /home/subhalaxmi/nidar_ws/install/px4_msgs/include/px4_msgs/px4_msgs/msg/detail/ping__type_support.cpp\n'}
[5.962930] (px4_msgs) StdoutLine: {'line': b'-- Up-to-date: /home/subhalaxmi/nidar_ws/install/px4_msgs/include/px4_msgs/px4_msgs/msg/detail/obstacle_distance__type_support.cpp\n'}
[5.963098] (px4_msgs) StdoutLine: {'line': b'-- Up-to-date: /home/subhalaxmi/nidar_ws/install/px4_msgs/include/px4_msgs/px4_msgs/msg/detail/radio_status__type_support.cpp\n'}
[5.963263] (px4_msgs) StdoutLine: {'line': b'-- Up-to-date: /home/subhalaxmi/nidar_ws/install/px4_msgs/include/px4_msgs/px4_msgs/msg/detail/flight_phase_estimation__type_support.cpp\n'}
[5.963428] (px4_msgs) StdoutLine: {'line': b'-- Up-to-date: /home/subhalaxmi/nidar_ws/install/px4_msgs/include/px4_msgs/px4_msgs/msg/detail/cellular_status__rosidl_typesupport_introspection_cpp.hpp\n'}
[5.963622] (px4_msgs) StdoutLine: {'line': b'-- Up-to-date: /home/subhalaxmi/nidar_ws/install/px4_msgs/include/px4_msgs/px4_msgs/msg/detail/rtl_time_estimate__type_support.cpp\n'}
[5.963799] (px4_msgs) StdoutLine: {'line': b'-- Up-to-date: /home/subhalaxmi/nidar_ws/install/px4_msgs/include/px4_msgs/px4_msgs/msg/detail/gpio_request__rosidl_typesupport_introspection_cpp.hpp\n'}
[5.963967] (px4_msgs) StdoutLine: {'line': b'-- Up-to-date: /home/subhalaxmi/nidar_ws/install/px4_msgs/include/px4_msgs/px4_msgs/msg/detail/geofence_result__type_support.cpp\n'}
[5.964140] (px4_msgs) StdoutLine: {'line': b'-- Up-to-date: /home/subhalaxmi/nidar_ws/install/px4_msgs/include/px4_msgs/px4_msgs/msg/detail/launch_detection_status__type_support.cpp\n'}
[5.964309] (px4_msgs) StdoutLine: {'line': b'-- Up-to-date: /home/subhalaxmi/nidar_ws/install/px4_msgs/include/px4_msgs/px4_msgs/msg/detail/vehicle_imu_status__rosidl_typesupport_introspection_cpp.hpp\n'}
[5.964478] (px4_msgs) StdoutLine: {'line': b'-- Up-to-date: /home/subhalaxmi/nidar_ws/install/px4_msgs/include/px4_msgs/px4_msgs/msg/detail/led_control__rosidl_typesupport_introspection_cpp.hpp\n'}
[5.964726] (px4_msgs) StdoutLine: {'line': b'-- Up-to-date: /home/subhalaxmi/nidar_ws/install/px4_msgs/include/px4_msgs/px4_msgs/msg/detail/fuel_tank_status__rosidl_typesupport_introspection_cpp.hpp\n'}
[5.964911] (px4_msgs) StdoutLine: {'line': b'-- Up-to-date: /home/subhalaxmi/nidar_ws/install/px4_msgs/include/px4_msgs/px4_msgs/msg/detail/cpuload__type_support.cpp\n'}
[5.965089] (px4_msgs) StdoutLine: {'line': b'-- Up-to-date: /home/subhalaxmi/nidar_ws/install/px4_msgs/include/px4_msgs/px4_msgs/msg/detail/gimbal_manager_information__type_support.cpp\n'}
[5.965267] (px4_msgs) StdoutLine: {'line': b'-- Up-to-date: /home/subhalaxmi/nidar_ws/install/px4_msgs/include/px4_msgs/px4_msgs/msg/detail/power_button_state__type_support.cpp\n'}
[5.965478] (px4_msgs) StdoutLine: {'line': b'-- Up-to-date: /home/subhalaxmi/nidar_ws/install/px4_msgs/include/px4_msgs/px4_msgs/msg/detail/follow_target_status__type_support.cpp\n'}
[5.965698] (px4_msgs) StdoutLine: {'line': b'-- Up-to-date: /home/subhalaxmi/nidar_ws/install/px4_msgs/include/px4_msgs/px4_msgs/msg/detail/parameter_set_value_request__type_support.cpp\n'}
[5.965890] (px4_msgs) StdoutLine: {'line': b'-- Up-to-date: /home/subhalaxmi/nidar_ws/install/px4_msgs/include/px4_msgs/px4_msgs/msg/detail/vehicle_attitude__rosidl_typesupport_introspection_cpp.hpp\n'}
[5.966064] (px4_msgs) StdoutLine: {'line': b'-- Up-to-date: /home/subhalaxmi/nidar_ws/install/px4_msgs/include/px4_msgs/px4_msgs/msg/detail/internal_combustion_engine_status__type_support.cpp\n'}
[5.966236] (px4_msgs) StdoutLine: {'line': b'-- Up-to-date: /home/subhalaxmi/nidar_ws/install/px4_msgs/include/px4_msgs/px4_msgs/msg/detail/sensor_optical_flow__rosidl_typesupport_introspection_cpp.hpp\n'}
[5.966404] (px4_msgs) StdoutLine: {'line': b'-- Up-to-date: /home/subhalaxmi/nidar_ws/install/px4_msgs/include/px4_msgs/px4_msgs/msg/detail/transponder_report__type_support.cpp\n'}
[5.966587] (px4_msgs) StdoutLine: {'line': b'-- Up-to-date: /home/subhalaxmi/nidar_ws/install/px4_msgs/include/px4_msgs/px4_msgs/msg/detail/vehicle_air_data__rosidl_typesupport_introspection_cpp.hpp\n'}
[5.966910] (px4_msgs) StdoutLine: {'line': b'-- Up-to-date: /home/subhalaxmi/nidar_ws/install/px4_msgs/include/px4_msgs/px4_msgs/msg/detail/open_drone_id_operator_id__type_support.cpp\n'}
[5.967086] (px4_msgs) StdoutLine: {'line': b'-- Up-to-date: /home/subhalaxmi/nidar_ws/install/px4_msgs/include/px4_msgs/px4_msgs/msg/detail/mavlink_log__rosidl_typesupport_introspection_cpp.hpp\n'}
[5.967259] (px4_msgs) StdoutLine: {'line': b'-- Up-to-date: /home/subhalaxmi/nidar_ws/install/px4_msgs/include/px4_msgs/px4_msgs/msg/detail/pure_pursuit_status__rosidl_typesupport_introspection_cpp.hpp\n'}
[5.967429] (px4_msgs) StdoutLine: {'line': b'-- Up-to-date: /home/subhalaxmi/nidar_ws/install/px4_msgs/include/px4_msgs/px4_msgs/msg/detail/gimbal_manager_information__rosidl_typesupport_introspection_cpp.hpp\n'}
[5.967644] (px4_msgs) StdoutLine: {'line': b'-- Up-to-date: /home/subhalaxmi/nidar_ws/install/px4_msgs/include/px4_msgs/px4_msgs/msg/detail/estimator_selector_status__rosidl_typesupport_introspection_cpp.hpp\n'}
[5.967943] (px4_msgs) StdoutLine: {'line': b'-- Up-to-date: /home/subhalaxmi/nidar_ws/install/px4_msgs/include/px4_msgs/px4_msgs/msg/detail/open_drone_id_operator_id__rosidl_typesupport_introspection_cpp.hpp\n'}
[5.968127] (px4_msgs) StdoutLine: {'line': b'-- Up-to-date: /home/subhalaxmi/nidar_ws/install/px4_msgs/include/px4_msgs/px4_msgs/msg/detail/tecs_status__type_support.cpp\n'}
[5.968299] (px4_msgs) StdoutLine: {'line': b'-- Up-to-date: /home/subhalaxmi/nidar_ws/install/px4_msgs/include/px4_msgs/px4_msgs/msg/detail/velocity_limits__rosidl_typesupport_introspection_cpp.hpp\n'}
[5.968467] (px4_msgs) StdoutLine: {'line': b'-- Up-to-date: /home/subhalaxmi/nidar_ws/install/px4_msgs/include/px4_msgs/px4_msgs/msg/detail/rpm__rosidl_typesupport_introspection_cpp.hpp\n'}
[5.968683] (px4_msgs) StdoutLine: {'line': b'-- Up-to-date: /home/subhalaxmi/nidar_ws/install/px4_msgs/include/px4_msgs/px4_msgs/msg/detail/sensor_gnss_status__rosidl_typesupport_introspection_cpp.hpp\n'}
[5.968899] (px4_msgs) StdoutLine: {'line': b'-- Up-to-date: /home/subhalaxmi/nidar_ws/install/px4_msgs/include/px4_msgs/px4_msgs/msg/detail/debug_value__rosidl_typesupport_introspection_cpp.hpp\n'}
[5.969100] (px4_msgs) StdoutLine: {'line': b'-- Up-to-date: /home/subhalaxmi/nidar_ws/install/px4_msgs/include/px4_msgs/px4_msgs/msg/detail/vehicle_odometry__type_support.cpp\n'}
[5.969432] (px4_msgs) StdoutLine: {'line': b'-- Up-to-date: /home/subhalaxmi/nidar_ws/install/px4_msgs/include/px4_msgs/px4_msgs/msg/detail/follow_target__type_support.cpp\n'}
[5.969656] (px4_msgs) StdoutLine: {'line': b'-- Up-to-date: /home/subhalaxmi/nidar_ws/install/px4_msgs/include/px4_msgs/px4_msgs/msg/detail/vtx__rosidl_typesupport_introspection_cpp.hpp\n'}
[5.969855] (px4_msgs) StdoutLine: {'line': b'-- Up-to-date: /home/subhalaxmi/nidar_ws/install/px4_msgs/include/px4_msgs/px4_msgs/msg/detail/mission__type_support.cpp\n'}
[5.970041] (px4_msgs) StdoutLine: {'line': b'-- Up-to-date: /home/subhalaxmi/nidar_ws/install/px4_msgs/include/px4_msgs/px4_msgs/msg/detail/manual_control_switches__rosidl_typesupport_introspection_cpp.hpp\n'}
[5.970224] (px4_msgs) StdoutLine: {'line': b'-- Up-to-date: /home/subhalaxmi/nidar_ws/install/px4_msgs/include/px4_msgs/px4_msgs/msg/detail/pps_capture__rosidl_typesupport_introspection_cpp.hpp\n'}
[5.970558] (px4_msgs) StdoutLine: {'line': b'-- Up-to-date: /home/subhalaxmi/nidar_ws/install/px4_msgs/include/px4_msgs/px4_msgs/msg/detail/rover_steering_setpoint__type_support.cpp\n'}
[5.970769] (px4_msgs) StdoutLine: {'line': b'-- Up-to-date: /home/subhalaxmi/nidar_ws/install/px4_msgs/include/px4_msgs/px4_msgs/msg/detail/orb_test_large__type_support.cpp\n'}
[5.970968] (px4_msgs) StdoutLine: {'line': b'-- Up-to-date: /home/subhalaxmi/nidar_ws/install/px4_msgs/include/px4_msgs/px4_msgs/msg/detail/task_stack_info__type_support.cpp\n'}
[5.971148] (px4_msgs) StdoutLine: {'line': b'-- Up-to-date: /home/subhalaxmi/nidar_ws/install/px4_msgs/include/px4_msgs/px4_msgs/msg/detail/mavlink_tunnel__rosidl_typesupport_introspection_cpp.hpp\n'}
[5.971324] (px4_msgs) StdoutLine: {'line': b'-- Up-to-date: /home/subhalaxmi/nidar_ws/install/px4_msgs/include/px4_msgs/px4_msgs/msg/detail/mode_completed__rosidl_typesupport_introspection_cpp.hpp\n'}
[5.971542] (px4_msgs) StdoutLine: {'line': b'-- Up-to-date: /home/subhalaxmi/nidar_ws/install/px4_msgs/include/px4_msgs/px4_msgs/msg/detail/sensor_gnss_relative__type_support.cpp\n'}
[5.971750] (px4_msgs) StdoutLine: {'line': b'-- Up-to-date: /home/subhalaxmi/nidar_ws/install/px4_msgs/include/px4_msgs/px4_msgs/msg/detail/gain_compression__type_support.cpp\n'}
[5.972071] (px4_msgs) StdoutLine: {'line': b'-- Up-to-date: /home/subhalaxmi/nidar_ws/install/px4_msgs/include/px4_msgs/px4_msgs/msg/detail/autotune_attitude_control_status__rosidl_typesupport_introspection_cpp.hpp\n'}
[5.972253] (px4_msgs) StdoutLine: {'line': b'-- Up-to-date: /home/subhalaxmi/nidar_ws/install/px4_msgs/include/px4_msgs/px4_msgs/msg/detail/logger_status__type_support.cpp\n'}
[5.972431] (px4_msgs) StdoutLine: {'line': b'-- Up-to-date: /home/subhalaxmi/nidar_ws/install/px4_msgs/include/px4_msgs/px4_msgs/msg/detail/raptor_input__rosidl_typesupport_introspection_cpp.hpp\n'}
[5.972632] (px4_msgs) StdoutLine: {'line': b'-- Up-to-date: /home/subhalaxmi/nidar_ws/install/px4_msgs/include/px4_msgs/px4_msgs/msg/detail/message_format_request__type_support.cpp\n'}
[5.972813] (px4_msgs) StdoutLine: {'line': b'-- Up-to-date: /home/subhalaxmi/nidar_ws/install/px4_msgs/include/px4_msgs/px4_msgs/msg/detail/rover_attitude_status__rosidl_typesupport_introspection_cpp.hpp\n'}
[5.972984] (px4_msgs) StdoutLine: {'line': b'-- Up-to-date: /home/subhalaxmi/nidar_ws/install/px4_msgs/include/px4_msgs/px4_msgs/msg/detail/geofence_result__rosidl_typesupport_introspection_cpp.hpp\n'}
[5.973152] (px4_msgs) StdoutLine: {'line': b'-- Up-to-date: /home/subhalaxmi/nidar_ws/install/px4_msgs/include/px4_msgs/px4_msgs/msg/detail/orb_test_large__rosidl_typesupport_introspection_cpp.hpp\n'}
[5.973335] (px4_msgs) StdoutLine: {'line': b'-- Up-to-date: /home/subhalaxmi/nidar_ws/install/px4_msgs/include/px4_msgs/px4_msgs/msg/detail/mission_result__rosidl_typesupport_introspection_cpp.hpp\n'}
[5.973505] (px4_msgs) StdoutLine: {'line': b'-- Up-to-date: /home/subhalaxmi/nidar_ws/install/px4_msgs/include/px4_msgs/px4_msgs/msg/detail/vehicle_global_position__type_support.cpp\n'}
[5.973701] (px4_msgs) StdoutLine: {'line': b'-- Up-to-date: /home/subhalaxmi/nidar_ws/install/px4_msgs/include/px4_msgs/px4_msgs/msg/detail/vehicle_control_mode__rosidl_typesupport_introspection_cpp.hpp\n'}
[5.973875] (px4_msgs) StdoutLine: {'line': b'-- Up-to-date: /home/subhalaxmi/nidar_ws/install/px4_msgs/include/px4_msgs/px4_msgs/msg/detail/health_report__rosidl_typesupport_introspection_cpp.hpp\n'}
[5.974044] (px4_msgs) StdoutLine: {'line': b'-- Up-to-date: /home/subhalaxmi/nidar_ws/install/px4_msgs/include/px4_msgs/px4_msgs/msg/detail/gimbal_manager_set_attitude__type_support.cpp\n'}
[5.974208] (px4_msgs) StdoutLine: {'line': b'-- Up-to-date: /home/subhalaxmi/nidar_ws/install/px4_msgs/include/px4_msgs/px4_msgs/msg/detail/gpio_out__type_support.cpp\n'}
[5.974377] (px4_msgs) StdoutLine: {'line': b'-- Up-to-date: /home/subhalaxmi/nidar_ws/install/px4_msgs/include/px4_msgs/px4_msgs/msg/detail/uavcan_parameter_value__rosidl_typesupport_introspection_cpp.hpp\n'}
[5.974575] (px4_msgs) StdoutLine: {'line': b'-- Up-to-date: /home/subhalaxmi/nidar_ws/install/px4_msgs/include/px4_msgs/px4_msgs/msg/detail/wind__rosidl_typesupport_introspection_cpp.hpp\n'}
[5.974765] (px4_msgs) StdoutLine: {'line': b'-- Up-to-date: /home/subhalaxmi/nidar_ws/install/px4_msgs/include/px4_msgs/px4_msgs/msg/detail/satellite_info__type_support.cpp\n'}
[5.974936] (px4_msgs) StdoutLine: {'line': b'-- Up-to-date: /home/subhalaxmi/nidar_ws/install/px4_msgs/include/px4_msgs/px4_msgs/msg/detail/wheel_encoders__rosidl_typesupport_introspection_cpp.hpp\n'}
[5.975102] (px4_msgs) StdoutLine: {'line': b'-- Up-to-date: /home/subhalaxmi/nidar_ws/install/px4_msgs/include/px4_msgs/px4_msgs/msg/detail/sensor_gyro_fft__type_support.cpp\n'}
[5.975277] (px4_msgs) StdoutLine: {'line': b'-- Up-to-date: /home/subhalaxmi/nidar_ws/install/px4_msgs/include/px4_msgs/px4_msgs/msg/detail/internal_combustion_engine_status__rosidl_typesupport_introspection_cpp.hpp\n'}
[5.975447] (px4_msgs) StdoutLine: {'line': b'-- Up-to-date: /home/subhalaxmi/nidar_ws/install/px4_msgs/include/px4_msgs/px4_msgs/msg/detail/actuator_servos__type_support.cpp\n'}
[5.975663] (px4_msgs) StdoutLine: {'line': b'-- Up-to-date: /home/subhalaxmi/nidar_ws/install/px4_msgs/include/px4_msgs/px4_msgs/msg/detail/sensor_uwb__rosidl_typesupport_introspection_cpp.hpp\n'}
[5.975841] (px4_msgs) StdoutLine: {'line': b'-- Up-to-date: /home/subhalaxmi/nidar_ws/install/px4_msgs/include/px4_msgs/px4_msgs/msg/detail/gpio_in__type_support.cpp\n'}
[5.976148] (px4_msgs) StdoutLine: {'line': b'-- Up-to-date: /home/subhalaxmi/nidar_ws/install/px4_msgs/include/px4_msgs/px4_msgs/msg/detail/sensor_accel__type_support.cpp\n'}
[5.976327] (px4_msgs) StdoutLine: {'line': b'-- Up-to-date: /home/subhalaxmi/nidar_ws/install/px4_msgs/include/px4_msgs/px4_msgs/msg/detail/parameter_reset_request__rosidl_typesupport_introspection_cpp.hpp\n'}
[5.976510] (px4_msgs) StdoutLine: {'line': b'-- Up-to-date: /home/subhalaxmi/nidar_ws/install/px4_msgs/include/px4_msgs/px4_msgs/msg/detail/normalized_unsigned_setpoint__type_support.cpp\n'}
[5.976719] (px4_msgs) StdoutLine: {'line': b'-- Up-to-date: /home/subhalaxmi/nidar_ws/install/px4_msgs/include/px4_msgs/px4_msgs/msg/detail/satellite_info__rosidl_typesupport_introspection_cpp.hpp\n'}
[5.976956] (px4_msgs) StdoutLine: {'line': b'-- Up-to-date: /home/subhalaxmi/nidar_ws/install/px4_msgs/include/px4_msgs/px4_msgs/msg/detail/wheel_encoders__type_support.cpp\n'}
[5.977138] (px4_msgs) StdoutLine: {'line': b'-- Up-to-date: /home/subhalaxmi/nidar_ws/install/px4_msgs/include/px4_msgs/px4_msgs/msg/detail/button_event__rosidl_typesupport_introspection_cpp.hpp\n'}
[5.977329] (px4_msgs) StdoutLine: {'line': b'-- Up-to-date: /home/subhalaxmi/nidar_ws/install/px4_msgs/include/px4_msgs/px4_msgs/msg/detail/vehicle_rates_setpoint__rosidl_typesupport_introspection_cpp.hpp\n'}
[5.978892] (px4_msgs) StdoutLine: {'line': b'-- Up-to-date: /home/subhalaxmi/nidar_ws/install/px4_msgs/include/px4_msgs/px4_msgs/msg/detail/qshell_req__rosidl_typesupport_introspection_cpp.hpp\n'}
[5.979198] (px4_msgs) StdoutLine: {'line': b'-- Up-to-date: /home/subhalaxmi/nidar_ws/install/px4_msgs/include/px4_msgs/px4_msgs/msg/detail/gain_compression__rosidl_typesupport_introspection_cpp.hpp\n'}
[5.979431] (px4_msgs) StdoutLine: {'line': b'-- Up-to-date: /home/subhalaxmi/nidar_ws/install/px4_msgs/include/px4_msgs/px4_msgs/msg/detail/airspeed__type_support.cpp\n'}
[5.979685] (px4_msgs) StdoutLine: {'line': b'-- Up-to-date: /home/subhalaxmi/nidar_ws/install/px4_msgs/include/px4_msgs/px4_msgs/msg/detail/vehicle_land_detected__rosidl_typesupport_introspection_cpp.hpp\n'}
[5.979902] (px4_msgs) StdoutLine: {'line': b'-- Up-to-date: /home/subhalaxmi/nidar_ws/install/px4_msgs/include/px4_msgs/px4_msgs/msg/detail/raptor_input__type_support.cpp\n'}
[5.980106] (px4_msgs) StdoutLine: {'line': b'-- Up-to-date: /home/subhalaxmi/nidar_ws/install/px4_msgs/include/px4_msgs/px4_msgs/msg/detail/actuator_test__type_support.cpp\n'}
[5.980303] (px4_msgs) StdoutLine: {'line': b'-- Up-to-date: /home/subhalaxmi/nidar_ws/install/px4_msgs/include/px4_msgs/px4_msgs/msg/detail/yaw_estimator_status__rosidl_typesupport_introspection_cpp.hpp\n'}
[5.982703] (px4_msgs) StdoutLine: {'line': b'-- Up-to-date: /home/subhalaxmi/nidar_ws/install/px4_msgs/include/px4_msgs/px4_msgs/msg/detail/gimbal_device_set_attitude__type_support.cpp\n'}
[5.982926] (px4_msgs) StdoutLine: {'line': b'-- Up-to-date: /home/subhalaxmi/nidar_ws/install/px4_msgs/include/px4_msgs/px4_msgs/msg/detail/vehicle_land_detected__type_support.cpp\n'}
[5.983112] (px4_msgs) StdoutLine: {'line': b'-- Up-to-date: /home/subhalaxmi/nidar_ws/install/px4_msgs/include/px4_msgs/px4_msgs/msg/detail/dataman_request__rosidl_typesupport_introspection_cpp.hpp\n'}
[5.983301] (px4_msgs) StdoutLine: {'line': b'-- Up-to-date: /home/subhalaxmi/nidar_ws/install/px4_msgs/include/px4_msgs/px4_msgs/msg/detail/airspeed_validated__rosidl_typesupport_introspection_cpp.hpp\n'}
[5.984717] (px4_msgs) StdoutLine: {'line': b'-- Up-to-date: /home/subhalaxmi/nidar_ws/install/px4_msgs/include/px4_msgs/px4_msgs/msg/detail/sensor_airflow__type_support.cpp\n'}
[5.984942] (px4_msgs) StdoutLine: {'line': b'-- Up-to-date: /home/subhalaxmi/nidar_ws/install/px4_msgs/include/px4_msgs/px4_msgs/msg/detail/sensor_selection__type_support.cpp\n'}
[5.985121] (px4_msgs) StdoutLine: {'line': b'-- Up-to-date: /home/subhalaxmi/nidar_ws/install/px4_msgs/include/px4_msgs/px4_msgs/msg/detail/landing_gear_wheel__type_support.cpp\n'}
[5.985301] (px4_msgs) StdoutLine: {'line': b'-- Up-to-date: /home/subhalaxmi/nidar_ws/install/px4_msgs/include/px4_msgs/px4_msgs/msg/detail/vehicle_imu_status__type_support.cpp\n'}
[5.985476] (px4_msgs) StdoutLine: {'line': b'-- Up-to-date: /home/subhalaxmi/nidar_ws/install/px4_msgs/include/px4_msgs/px4_msgs/msg/detail/actuator_servos_trim__rosidl_typesupport_introspection_cpp.hpp\n'}
[5.986814] (px4_msgs) StdoutLine: {'line': b'-- Up-to-date: /home/subhalaxmi/nidar_ws/install/px4_msgs/include/px4_msgs/px4_msgs/msg/detail/gripper__type_support.cpp\n'}
[5.987045] (px4_msgs) StdoutLine: {'line': b'-- Up-to-date: /home/subhalaxmi/nidar_ws/install/px4_msgs/include/px4_msgs/px4_msgs/msg/detail/esc_status__type_support.cpp\n'}
[5.987248] (px4_msgs) StdoutLine: {'line': b'-- Up-to-date: /home/subhalaxmi/nidar_ws/install/px4_msgs/include/px4_msgs/px4_msgs/msg/detail/gimbal_manager_set_manual_control__type_support.cpp\n'}
[5.987442] (px4_msgs) StdoutLine: {'line': b'-- Up-to-date: /home/subhalaxmi/nidar_ws/install/px4_msgs/include/px4_msgs/px4_msgs/msg/detail/vehicle_command__rosidl_typesupport_introspection_cpp.hpp\n'}
[5.987688] (px4_msgs) StdoutLine: {'line': b'-- Up-to-date: /home/subhalaxmi/nidar_ws/install/px4_msgs/include/px4_msgs/px4_msgs/msg/detail/uavcan_parameter_value__type_support.cpp\n'}
[5.987892] (px4_msgs) StdoutLine: {'line': b'-- Up-to-date: /home/subhalaxmi/nidar_ws/install/px4_msgs/include/px4_msgs/px4_msgs/msg/detail/arming_check_request__rosidl_typesupport_introspection_cpp.hpp\n'}
[5.988078] (px4_msgs) StdoutLine: {'line': b'-- Up-to-date: /home/subhalaxmi/nidar_ws/install/px4_msgs/include/px4_msgs/px4_msgs/msg/detail/control_allocator_status__rosidl_typesupport_introspection_cpp.hpp\n'}
[5.988257] (px4_msgs) StdoutLine: {'line': b'-- Up-to-date: /home/subhalaxmi/nidar_ws/install/px4_msgs/include/px4_msgs/px4_msgs/msg/detail/lateral_control_configuration__rosidl_typesupport_introspection_cpp.hpp\n'}
[5.988433] (px4_msgs) StdoutLine: {'line': b'-- Up-to-date: /home/subhalaxmi/nidar_ws/install/px4_msgs/include/px4_msgs/px4_msgs/msg/detail/estimator_status__type_support.cpp\n'}
[5.988636] (px4_msgs) StdoutLine: {'line': b'-- Up-to-date: /home/subhalaxmi/nidar_ws/install/px4_msgs/include/px4_msgs/px4_msgs/msg/detail/dataman_request__type_support.cpp\n'}
[5.991597] (px4_msgs) StdoutLine: {'line': b'-- Up-to-date: /home/subhalaxmi/nidar_ws/install/px4_msgs/include/px4_msgs/px4_msgs/msg/detail/neural_control__type_support.cpp\n'}
[5.991953] (px4_msgs) StdoutLine: {'line': b'-- Up-to-date: /home/subhalaxmi/nidar_ws/install/px4_msgs/include/px4_msgs/px4_msgs/msg/detail/vehicle_magnetometer__type_support.cpp\n'}
[5.992164] (px4_msgs) StdoutLine: {'line': b'-- Up-to-date: /home/subhalaxmi/nidar_ws/install/px4_msgs/include/px4_msgs/px4_msgs/msg/detail/vehicle_thrust_setpoint__type_support.cpp\n'}
[5.992350] (px4_msgs) StdoutLine: {'line': b'-- Up-to-date: /home/subhalaxmi/nidar_ws/install/px4_msgs/include/px4_msgs/px4_msgs/msg/detail/generator_status__rosidl_typesupport_introspection_cpp.hpp\n'}
[5.992537] (px4_msgs) StdoutLine: {'line': b'-- Up-to-date: /home/subhalaxmi/nidar_ws/install/px4_msgs/include/px4_msgs/px4_msgs/msg/detail/sensors_status__rosidl_typesupport_introspection_cpp.hpp\n'}
[5.994896] (px4_msgs) StdoutLine: {'line': b'-- Up-to-date: /home/subhalaxmi/nidar_ws/install/px4_msgs/include/px4_msgs/px4_msgs/msg/detail/estimator_bias3d__type_support.cpp\n'}
[5.995095] (px4_msgs) StdoutLine: {'line': b'-- Up-to-date: /home/subhalaxmi/nidar_ws/install/px4_msgs/include/px4_msgs/px4_msgs/msg/detail/vehicle_acceleration__type_support.cpp\n'}
[5.995281] (px4_msgs) StdoutLine: {'line': b'-- Up-to-date: /home/subhalaxmi/nidar_ws/install/px4_msgs/include/px4_msgs/px4_msgs/msg/detail/can_interface_status__rosidl_typesupport_introspection_cpp.hpp\n'}
[5.995612] (px4_msgs) StdoutLine: {'line': b'-- Up-to-date: /home/subhalaxmi/nidar_ws/install/px4_msgs/include/px4_msgs/px4_msgs/msg/detail/can_interface_status__type_support.cpp\n'}
[5.995816] (px4_msgs) StdoutLine: {'line': b'-- Up-to-date: /home/subhalaxmi/nidar_ws/install/px4_msgs/include/px4_msgs/px4_msgs/msg/detail/rate_ctrl_status__rosidl_typesupport_introspection_cpp.hpp\n'}
[5.995996] (px4_msgs) StdoutLine: {'line': b'-- Up-to-date: /home/subhalaxmi/nidar_ws/install/px4_msgs/include/px4_msgs/px4_msgs/msg/detail/position_setpoint__type_support.cpp\n'}
[5.996171] (px4_msgs) StdoutLine: {'line': b'-- Up-to-date: /home/subhalaxmi/nidar_ws/install/px4_msgs/include/px4_msgs/px4_msgs/msg/detail/sensor_mag__rosidl_typesupport_introspection_cpp.hpp\n'}
[5.996347] (px4_msgs) StdoutLine: {'line': b'-- Up-to-date: /home/subhalaxmi/nidar_ws/install/px4_msgs/include/px4_msgs/px4_msgs/msg/detail/sensor_correction__type_support.cpp\n'}
[5.996521] (px4_msgs) StdoutLine: {'line': b'-- Up-to-date: /home/subhalaxmi/nidar_ws/install/px4_msgs/include/px4_msgs/px4_msgs/msg/detail/unregister_ext_component__rosidl_typesupport_introspection_cpp.hpp\n'}
[5.996745] (px4_msgs) StdoutLine: {'line': b'-- Up-to-date: /home/subhalaxmi/nidar_ws/install/px4_msgs/include/px4_msgs/px4_msgs/msg/detail/estimator_status_flags__rosidl_typesupport_introspection_cpp.hpp\n'}
[5.996921] (px4_msgs) StdoutLine: {'line': b'-- Up-to-date: /home/subhalaxmi/nidar_ws/install/px4_msgs/include/px4_msgs/px4_msgs/msg/detail/config_overrides__rosidl_typesupport_introspection_cpp.hpp\n'}
[5.997117] (px4_msgs) StdoutLine: {'line': b'-- Up-to-date: /home/subhalaxmi/nidar_ws/install/px4_msgs/include/px4_msgs/px4_msgs/msg/detail/open_drone_id_arm_status__rosidl_typesupport_introspection_cpp.hpp\n'}
[5.997282] (px4_msgs) StdoutLine: {'line': b'-- Up-to-date: /home/subhalaxmi/nidar_ws/install/px4_msgs/include/px4_msgs/px4_msgs/msg/detail/vehicle_local_position__type_support.cpp\n'}
[5.997445] (px4_msgs) StdoutLine: {'line': b'-- Up-to-date: /home/subhalaxmi/nidar_ws/install/px4_msgs/include/px4_msgs/px4_msgs/msg/detail/parameter_update__rosidl_typesupport_introspection_cpp.hpp\n'}
[5.997640] (px4_msgs) StdoutLine: {'line': b'-- Up-to-date: /home/subhalaxmi/nidar_ws/install/px4_msgs/include/px4_msgs/px4_msgs/msg/detail/mission_result__type_support.cpp\n'}
[5.997819] (px4_msgs) StdoutLine: {'line': b'-- Up-to-date: /home/subhalaxmi/nidar_ws/install/px4_msgs/include/px4_msgs/px4_msgs/msg/detail/ekf2_timestamps__type_support.cpp\n'}
[5.998007] (px4_msgs) StdoutLine: {'line': b'-- Up-to-date: /home/subhalaxmi/nidar_ws/install/px4_msgs/include/px4_msgs/px4_msgs/msg/detail/rover_speed_setpoint__rosidl_typesupport_introspection_cpp.hpp\n'}
[5.998188] (px4_msgs) StdoutLine: {'line': b'-- Up-to-date: /home/subhalaxmi/nidar_ws/install/px4_msgs/include/px4_msgs/px4_msgs/msg/detail/sensor_accel_fifo__rosidl_typesupport_introspection_cpp.hpp\n'}
[5.998368] (px4_msgs) StdoutLine: {'line': b'-- Up-to-date: /home/subhalaxmi/nidar_ws/install/px4_msgs/include/px4_msgs/px4_msgs/msg/detail/follow_target_status__rosidl_typesupport_introspection_cpp.hpp\n'}
[6.001440] (px4_msgs) StdoutLine: {'line': b'-- Up-to-date: /home/subhalaxmi/nidar_ws/install/px4_msgs/include/px4_msgs/px4_msgs/msg/detail/tune_control__rosidl_typesupport_introspection_cpp.hpp\n'}
[6.002867] (px4_msgs) StdoutLine: {'line': b'-- Up-to-date: /home/subhalaxmi/nidar_ws/install/px4_msgs/include/px4_msgs/px4_msgs/msg/detail/aux_global_position__type_support.cpp\n'}
[6.003055] (px4_msgs) StdoutLine: {'line': b'-- Up-to-date: /home/subhalaxmi/nidar_ws/install/px4_msgs/include/px4_msgs/px4_msgs/msg/detail/vehicle_global_position__rosidl_typesupport_introspection_cpp.hpp\n'}
[6.003227] (px4_msgs) StdoutLine: {'line': b'-- Up-to-date: /home/subhalaxmi/nidar_ws/install/px4_msgs/include/px4_msgs/px4_msgs/msg/detail/sensors_status_imu__rosidl_typesupport_introspection_cpp.hpp\n'}
[6.003425] (px4_msgs) StdoutLine: {'line': b'-- Up-to-date: /home/subhalaxmi/nidar_ws/install/px4_msgs/include/px4_msgs/px4_msgs/msg/detail/battery_status__type_support.cpp\n'}
[6.003612] (px4_msgs) StdoutLine: {'line': b'-- Up-to-date: /home/subhalaxmi/nidar_ws/install/px4_msgs/include/px4_msgs/px4_msgs/msg/detail/gps_inject_data__type_support.cpp\n'}
[6.003791] (px4_msgs) StdoutLine: {'line': b'-- Up-to-date: /home/subhalaxmi/nidar_ws/install/px4_msgs/include/px4_msgs/px4_msgs/msg/detail/vehicle_optical_flow_vel__rosidl_typesupport_introspection_cpp.hpp\n'}
[6.003957] (px4_msgs) StdoutLine: {'line': b'-- Up-to-date: /home/subhalaxmi/nidar_ws/install/px4_msgs/include/px4_msgs/px4_msgs/msg/detail/failure_detector_status__rosidl_typesupport_introspection_cpp.hpp\n'}
[6.004122] (px4_msgs) StdoutLine: {'line': b'-- Up-to-date: /home/subhalaxmi/nidar_ws/install/px4_msgs/include/px4_msgs/px4_msgs/msg/detail/vehicle_command_ack__type_support.cpp\n'}
[6.004284] (px4_msgs) StdoutLine: {'line': b'-- Up-to-date: /home/subhalaxmi/nidar_ws/install/px4_msgs/include/px4_msgs/px4_msgs/msg/detail/navigator_mission_item__rosidl_typesupport_introspection_cpp.hpp\n'}
[6.004446] (px4_msgs) StdoutLine: {'line': b'-- Up-to-date: /home/subhalaxmi/nidar_ws/install/px4_msgs/include/px4_msgs/px4_msgs/msg/detail/vehicle_imu__type_support.cpp\n'}
[6.006153] (px4_msgs) StdoutLine: {'line': b'-- Up-to-date: /home/subhalaxmi/nidar_ws/install/px4_msgs/include/px4_msgs/px4_msgs/msg/detail/gimbal_device_information__type_support.cpp\n'}
[6.006372] (px4_msgs) StdoutLine: {'line': b'-- Up-to-date: /home/subhalaxmi/nidar_ws/install/px4_msgs/include/px4_msgs/px4_msgs/msg/detail/landing_target_innovations__rosidl_typesupport_introspection_cpp.hpp\n'}
[6.006604] (px4_msgs) StdoutLine: {'line': b'-- Up-to-date: /home/subhalaxmi/nidar_ws/install/px4_msgs/include/px4_msgs/px4_msgs/msg/detail/airspeed_validated__type_support.cpp\n'}
[6.006799] (px4_msgs) StdoutLine: {'line': b'-- Up-to-date: /home/subhalaxmi/nidar_ws/install/px4_msgs/include/px4_msgs/px4_msgs/msg/detail/position_setpoint__rosidl_typesupport_introspection_cpp.hpp\n'}
[6.006982] (px4_msgs) StdoutLine: {'line': b'-- Up-to-date: /home/subhalaxmi/nidar_ws/install/px4_msgs/include/px4_msgs/px4_msgs/msg/detail/actuator_armed__type_support.cpp\n'}
[6.007163] (px4_msgs) StdoutLine: {'line': b'-- Up-to-date: /home/subhalaxmi/nidar_ws/install/px4_msgs/include/px4_msgs/px4_msgs/msg/detail/mount_orientation__rosidl_typesupport_introspection_cpp.hpp\n'}
[6.007336] (px4_msgs) StdoutLine: {'line': b'-- Up-to-date: /home/subhalaxmi/nidar_ws/install/px4_msgs/include/px4_msgs/px4_msgs/msg/detail/position_controller_landing_status__type_support.cpp\n'}
[6.007505] (px4_msgs) StdoutLine: {'line': b'-- Up-to-date: /home/subhalaxmi/nidar_ws/install/px4_msgs/include/px4_msgs/px4_msgs/msg/detail/event__type_support.cpp\n'}
[6.007703] (px4_msgs) StdoutLine: {'line': b'-- Up-to-date: /home/subhalaxmi/nidar_ws/install/px4_msgs/include/px4_msgs/px4_msgs/msg/detail/vehicle_thrust_setpoint__rosidl_typesupport_introspection_cpp.hpp\n'}
[6.007876] (px4_msgs) StdoutLine: {'line': b'-- Up-to-date: /home/subhalaxmi/nidar_ws/install/px4_msgs/include/px4_msgs/px4_msgs/msg/detail/register_ext_component_request__type_support.cpp\n'}
[6.008041] (px4_msgs) StdoutLine: {'line': b'-- Up-to-date: /home/subhalaxmi/nidar_ws/install/px4_msgs/include/px4_msgs/px4_msgs/msg/detail/battery_info__type_support.cpp\n'}
[6.008209] (px4_msgs) StdoutLine: {'line': b'-- Up-to-date: /home/subhalaxmi/nidar_ws/install/px4_msgs/include/px4_msgs/px4_msgs/msg/detail/manual_control_switches__type_support.cpp\n'}
[6.008377] (px4_msgs) StdoutLine: {'line': b'-- Up-to-date: /home/subhalaxmi/nidar_ws/install/px4_msgs/include/px4_msgs/px4_msgs/msg/detail/estimator_sensor_bias__type_support.cpp\n'}
[6.011481] (px4_msgs) StdoutLine: {'line': b'-- Up-to-date: /home/subhalaxmi/nidar_ws/install/px4_msgs/include/px4_msgs/px4_msgs/msg/detail/sensor_baro__rosidl_typesupport_introspection_cpp.hpp\n'}
[6.011877] (px4_msgs) StdoutLine: {'line': b'-- Up-to-date: /home/subhalaxmi/nidar_ws/install/px4_msgs/include/px4_msgs/px4_msgs/msg/detail/gimbal_controls__type_support.cpp\n'}
[6.012069] (px4_msgs) StdoutLine: {'line': b'-- Up-to-date: /home/subhalaxmi/nidar_ws/install/px4_msgs/include/px4_msgs/px4_msgs/msg/detail/gripper__rosidl_typesupport_introspection_cpp.hpp\n'}
[6.012240] (px4_msgs) StdoutLine: {'line': b'-- Up-to-date: /home/subhalaxmi/nidar_ws/install/px4_msgs/include/px4_msgs/px4_msgs/msg/detail/orbit_status__type_support.cpp\n'}
[6.012410] (px4_msgs) StdoutLine: {'line': b'-- Up-to-date: /home/subhalaxmi/nidar_ws/install/px4_msgs/include/px4_msgs/px4_msgs/msg/detail/estimator_gps_status__type_support.cpp\n'}
[6.012599] (px4_msgs) StdoutLine: {'line': b'-- Up-to-date: /home/subhalaxmi/nidar_ws/install/px4_msgs/include/px4_msgs/px4_msgs/msg/detail/failsafe_flags__type_support.cpp\n'}
[6.012784] (px4_msgs) StdoutLine: {'line': b'-- Up-to-date: /home/subhalaxmi/nidar_ws/install/px4_msgs/include/px4_msgs/px4_msgs/msg/detail/geofence_status__type_support.cpp\n'}
[6.012946] (px4_msgs) StdoutLine: {'line': b'-- Up-to-date: /home/subhalaxmi/nidar_ws/install/px4_msgs/include/px4_msgs/px4_msgs/msg/detail/generator_status__type_support.cpp\n'}
[6.013110] (px4_msgs) StdoutLine: {'line': b'-- Up-to-date: /home/subhalaxmi/nidar_ws/install/px4_msgs/include/px4_msgs/px4_msgs/msg/detail/gimbal_manager_set_manual_control__rosidl_typesupport_introspection_cpp.hpp\n'}
[6.013305] (px4_msgs) StdoutLine: {'line': b'-- Up-to-date: /home/subhalaxmi/nidar_ws/install/px4_msgs/include/px4_msgs/px4_msgs/msg/detail/camera_status__type_support.cpp\n'}
[6.013470] (px4_msgs) StdoutLine: {'line': b'-- Up-to-date: /home/subhalaxmi/nidar_ws/install/px4_msgs/include/px4_msgs/px4_msgs/msg/detail/vehicle_control_mode__type_support.cpp\n'}
[6.016270] (px4_msgs) StdoutLine: {'line': b'-- Up-to-date: /home/subhalaxmi/nidar_ws/install/px4_msgs/include/px4_msgs/px4_msgs/msg/detail/distance_sensor__rosidl_typesupport_introspection_cpp.hpp\n'}
[6.016541] (px4_msgs) StdoutLine: {'line': b'-- Up-to-date: /home/subhalaxmi/nidar_ws/install/px4_msgs/include/px4_msgs/px4_msgs/msg/detail/navigator_status__rosidl_typesupport_introspection_cpp.hpp\n'}
[6.016783] (px4_msgs) StdoutLine: {'line': b'-- Up-to-date: /home/subhalaxmi/nidar_ws/install/px4_msgs/include/px4_msgs/px4_msgs/msg/detail/vehicle_torque_setpoint__type_support.cpp\n'}
[6.018675] (px4_msgs) StdoutLine: {'line': b'-- Up-to-date: /home/subhalaxmi/nidar_ws/install/px4_msgs/include/px4_msgs/px4_msgs/msg/detail/px4io_status__rosidl_typesupport_introspection_cpp.hpp\n'}
[6.018926] (px4_msgs) StdoutLine: {'line': b'-- Up-to-date: /home/subhalaxmi/nidar_ws/install/px4_msgs/include/px4_msgs/px4_msgs/msg/detail/vtol_vehicle_status__type_support.cpp\n'}
[6.019104] (px4_msgs) StdoutLine: {'line': b'-- Up-to-date: /home/subhalaxmi/nidar_ws/install/px4_msgs/include/px4_msgs/px4_msgs/msg/detail/mavlink_log__type_support.cpp\n'}
[6.019277] (px4_msgs) StdoutLine: {'line': b'-- Up-to-date: /home/subhalaxmi/nidar_ws/install/px4_msgs/include/px4_msgs/px4_msgs/msg/detail/vehicle_angular_acceleration_setpoint__rosidl_typesupport_introspection_cpp.hpp\n'}
[6.019443] (-) TimerEvent: {}
[6.020827] (px4_msgs) StdoutLine: {'line': b'-- Up-to-date: /home/subhalaxmi/nidar_ws/install/px4_msgs/include/px4_msgs/px4_msgs/msg/detail/fixed_wing_longitudinal_setpoint__rosidl_typesupport_introspection_cpp.hpp\n'}
[6.021111] (px4_msgs) StdoutLine: {'line': b'-- Up-to-date: /home/subhalaxmi/nidar_ws/install/px4_msgs/include/px4_msgs/px4_msgs/msg/detail/vehicle_local_position_setpoint__type_support.cpp\n'}
[6.021304] (px4_msgs) StdoutLine: {'line': b'-- Up-to-date: /home/subhalaxmi/nidar_ws/install/px4_msgs/include/px4_msgs/px4_msgs/msg/detail/position_setpoint_triplet__type_support.cpp\n'}
[6.021485] (px4_msgs) StdoutLine: {'line': b'-- Up-to-date: /home/subhalaxmi/nidar_ws/install/px4_msgs/include/px4_msgs/px4_msgs/msg/detail/gimbal_manager_status__type_support.cpp\n'}
[6.021697] (px4_msgs) StdoutLine: {'line': b'-- Up-to-date: /home/subhalaxmi/nidar_ws/install/px4_msgs/include/px4_msgs/px4_msgs/msg/detail/mount_orientation__type_support.cpp\n'}
[6.021881] (px4_msgs) StdoutLine: {'line': b'-- Up-to-date: /home/subhalaxmi/nidar_ws/install/px4_msgs/include/px4_msgs/px4_msgs/msg/detail/gpio_config__type_support.cpp\n'}
[6.023825] (px4_msgs) StdoutLine: {'line': b'-- Up-to-date: /home/subhalaxmi/nidar_ws/install/px4_msgs/include/px4_msgs/px4_msgs/msg/detail/estimator_aid_source3d__rosidl_typesupport_introspection_cpp.hpp\n'}
[6.024036] (px4_msgs) StdoutLine: {'line': b'-- Up-to-date: /home/subhalaxmi/nidar_ws/install/px4_msgs/include/px4_msgs/px4_msgs/msg/detail/vehicle_constraints__type_support.cpp\n'}
[6.024210] (px4_msgs) StdoutLine: {'line': b'-- Up-to-date: /home/subhalaxmi/nidar_ws/install/px4_msgs/include/px4_msgs/px4_msgs/msg/detail/fixed_wing_runway_control__rosidl_typesupport_introspection_cpp.hpp\n'}
[6.024400] (px4_msgs) StdoutLine: {'line': b'-- Up-to-date: /home/subhalaxmi/nidar_ws/install/px4_msgs/include/px4_msgs/px4_msgs/msg/detail/input_rc__type_support.cpp\n'}
[6.025907] (px4_msgs) StdoutLine: {'line': b'-- Up-to-date: /home/subhalaxmi/nidar_ws/install/px4_msgs/include/px4_msgs/px4_msgs/msg/detail/actuator_outputs__rosidl_typesupport_introspection_cpp.hpp\n'}
[6.026171] (px4_msgs) StdoutLine: {'line': b'-- Up-to-date: /home/subhalaxmi/nidar_ws/install/px4_msgs/include/px4_msgs/px4_msgs/msg/detail/collision_constraints__type_support.cpp\n'}
[6.026353] (px4_msgs) StdoutLine: {'line': b'-- Up-to-date: /home/subhalaxmi/nidar_ws/install/px4_msgs/include/px4_msgs/px4_msgs/msg/detail/estimator_aid_source3d__type_support.cpp\n'}
[6.026548] (px4_msgs) StdoutLine: {'line': b'-- Up-to-date: /home/subhalaxmi/nidar_ws/install/px4_msgs/include/px4_msgs/px4_msgs/msg/detail/sensors_status_imu__type_support.cpp\n'}
[6.026772] (px4_msgs) StdoutLine: {'line': b'-- Up-to-date: /home/subhalaxmi/nidar_ws/install/px4_msgs/include/px4_msgs/px4_msgs/msg/detail/rover_steering_setpoint__rosidl_typesupport_introspection_cpp.hpp\n'}
[6.026951] (px4_msgs) StdoutLine: {'line': b'-- Up-to-date: /home/subhalaxmi/nidar_ws/install/px4_msgs/include/px4_msgs/px4_msgs/msg/detail/rc_channels__type_support.cpp\n'}
[6.027123] (px4_msgs) StdoutLine: {'line': b'-- Up-to-date: /home/subhalaxmi/nidar_ws/install/px4_msgs/include/px4_msgs/px4_msgs/msg/detail/onboard_computer_status__type_support.cpp\n'}
[6.028913] (px4_msgs) StdoutLine: {'line': b'-- Up-to-date: /home/subhalaxmi/nidar_ws/install/px4_msgs/include/px4_msgs/px4_msgs/msg/detail/vehicle_command_ack__rosidl_typesupport_introspection_cpp.hpp\n'}
[6.029129] (px4_msgs) StdoutLine: {'line': b'-- Up-to-date: /home/subhalaxmi/nidar_ws/install/px4_msgs/include/px4_msgs/px4_msgs/msg/detail/sensor_preflight_mag__type_support.cpp\n'}
[6.029304] (px4_msgs) StdoutLine: {'line': b'-- Up-to-date: /home/subhalaxmi/nidar_ws/install/px4_msgs/include/px4_msgs/px4_msgs/msg/detail/mode_completed__type_support.cpp\n'}
[6.029503] (px4_msgs) StdoutLine: {'line': b'-- Up-to-date: /home/subhalaxmi/nidar_ws/install/px4_msgs/include/px4_msgs/px4_msgs/msg/detail/vehicle_torque_setpoint__rosidl_typesupport_introspection_cpp.hpp\n'}
[6.031626] (px4_msgs) StdoutLine: {'line': b'-- Up-to-date: /home/subhalaxmi/nidar_ws/install/px4_msgs/include/px4_msgs/px4_msgs/msg/detail/fixed_wing_lateral_status__type_support.cpp\n'}
[6.031831] (px4_msgs) StdoutLine: {'line': b'-- Up-to-date: /home/subhalaxmi/nidar_ws/install/px4_msgs/include/px4_msgs/px4_msgs/msg/detail/gimbal_controls__rosidl_typesupport_introspection_cpp.hpp\n'}
[6.032007] (px4_msgs) StdoutLine: {'line': b'-- Up-to-date: /home/subhalaxmi/nidar_ws/install/px4_msgs/include/px4_msgs/px4_msgs/msg/detail/px4io_status__type_support.cpp\n'}
[6.032183] (px4_msgs) StdoutLine: {'line': b'-- Up-to-date: /home/subhalaxmi/nidar_ws/install/px4_msgs/include/px4_msgs/px4_msgs/msg/detail/gps_dump__rosidl_typesupport_introspection_cpp.hpp\n'}
[6.032359] (px4_msgs) StdoutLine: {'line': b'-- Up-to-date: /home/subhalaxmi/nidar_ws/install/px4_msgs/include/px4_msgs/px4_msgs/msg/detail/magnetometer_bias_estimate__type_support.cpp\n'}
[6.032550] (px4_msgs) StdoutLine: {'line': b'-- Up-to-date: /home/subhalaxmi/nidar_ws/install/px4_msgs/include/px4_msgs/px4_msgs/msg/detail/vtx__type_support.cpp\n'}
[6.033864] (px4_msgs) StdoutLine: {'line': b'-- Up-to-date: /home/subhalaxmi/nidar_ws/install/px4_msgs/include/px4_msgs/px4_msgs/msg/detail/orb_test__type_support.cpp\n'}
[6.034087] (px4_msgs) StdoutLine: {'line': b'-- Up-to-date: /home/subhalaxmi/nidar_ws/install/px4_msgs/include/px4_msgs/px4_msgs/msg/detail/pps_capture__type_support.cpp\n'}
[6.034269] (px4_msgs) StdoutLine: {'line': b'-- Up-to-date: /home/subhalaxmi/nidar_ws/install/px4_msgs/include/px4_msgs/px4_msgs/msg/detail/sensor_optical_flow__type_support.cpp\n'}
[6.034452] (px4_msgs) StdoutLine: {'line': b'-- Up-to-date: /home/subhalaxmi/nidar_ws/install/px4_msgs/include/px4_msgs/px4_msgs/msg/detail/estimator_event_flags__type_support.cpp\n'}
[6.035025] (px4_msgs) StdoutLine: {'line': b'-- Up-to-date: /home/subhalaxmi/nidar_ws/install/px4_msgs/include/px4_msgs/px4_msgs/msg/detail/vehicle_roi__rosidl_typesupport_introspection_cpp.hpp\n'}
[6.035232] (px4_msgs) StdoutLine: {'line': b'-- Up-to-date: /home/subhalaxmi/nidar_ws/install/px4_msgs/include/px4_msgs/px4_msgs/msg/detail/actuator_servos__rosidl_typesupport_introspection_cpp.hpp\n'}
[6.035414] (px4_msgs) StdoutLine: {'line': b'-- Up-to-date: /home/subhalaxmi/nidar_ws/install/px4_msgs/include/px4_msgs/px4_msgs/msg/detail/flight_phase_estimation__rosidl_typesupport_introspection_cpp.hpp\n'}
[6.035629] (px4_msgs) StdoutLine: {'line': b'-- Up-to-date: /home/subhalaxmi/nidar_ws/install/px4_msgs/include/px4_msgs/px4_msgs/msg/detail/estimator_event_flags__rosidl_typesupport_introspection_cpp.hpp\n'}
[6.038926] (px4_msgs) StdoutLine: {'line': b'-- Up-to-date: /home/subhalaxmi/nidar_ws/install/px4_msgs/include/px4_msgs/px4_msgs/msg/detail/orbit_status__rosidl_typesupport_introspection_cpp.hpp\n'}
[6.039148] (px4_msgs) StdoutLine: {'line': b'-- Up-to-date: /home/subhalaxmi/nidar_ws/install/px4_msgs/include/px4_msgs/px4_msgs/msg/detail/sensor_gnss_relative__rosidl_typesupport_introspection_cpp.hpp\n'}
[6.039333] (px4_msgs) StdoutLine: {'line': b'-- Up-to-date: /home/subhalaxmi/nidar_ws/install/px4_msgs/include/px4_msgs/px4_msgs/msg/detail/tecs_status__rosidl_typesupport_introspection_cpp.hpp\n'}
[6.039510] (px4_msgs) StdoutLine: {'line': b'-- Up-to-date: /home/subhalaxmi/nidar_ws/install/px4_msgs/include/px4_msgs/px4_msgs/msg/detail/mission__rosidl_typesupport_introspection_cpp.hpp\n'}
[6.039820] (px4_msgs) StdoutLine: {'line': b'-- Up-to-date: /home/subhalaxmi/nidar_ws/install/px4_msgs/include/px4_msgs/px4_msgs/msg/detail/ulog_stream_ack__type_support.cpp\n'}
[6.040018] (px4_msgs) StdoutLine: {'line': b'-- Up-to-date: /home/subhalaxmi/nidar_ws/install/px4_msgs/include/px4_msgs/px4_msgs/msg/detail/rover_rate_status__type_support.cpp\n'}
[6.040199] (px4_msgs) StdoutLine: {'line': b'-- Up-to-date: /home/subhalaxmi/nidar_ws/install/px4_msgs/include/px4_msgs/px4_msgs/msg/detail/internal_combustion_engine_control__type_support.cpp\n'}
[6.040377] (px4_msgs) StdoutLine: {'line': b'-- Up-to-date: /home/subhalaxmi/nidar_ws/install/px4_msgs/include/px4_msgs/px4_msgs/msg/detail/normalized_unsigned_setpoint__rosidl_typesupport_introspection_cpp.hpp\n'}
[6.040794] (px4_msgs) StdoutLine: {'line': b'-- Up-to-date: /home/subhalaxmi/nidar_ws/install/px4_msgs/include/px4_msgs/px4_msgs/msg/detail/rover_speed_status__rosidl_typesupport_introspection_cpp.hpp\n'}
[6.041112] (px4_msgs) StdoutLine: {'line': b'-- Up-to-date: /home/subhalaxmi/nidar_ws/install/px4_msgs/include/px4_msgs/px4_msgs/msg/detail/cpuload__rosidl_typesupport_introspection_cpp.hpp\n'}
[6.041298] (px4_msgs) StdoutLine: {'line': b'-- Up-to-date: /home/subhalaxmi/nidar_ws/install/px4_msgs/include/px4_msgs/px4_msgs/msg/detail/arming_check_reply__type_support.cpp\n'}
[6.041473] (px4_msgs) StdoutLine: {'line': b'-- Up-to-date: /home/subhalaxmi/nidar_ws/install/px4_msgs/include/px4_msgs/px4_msgs/msg/detail/failure_detector_status__type_support.cpp\n'}
[6.041681] (px4_msgs) StdoutLine: {'line': b'-- Up-to-date: /home/subhalaxmi/nidar_ws/install/px4_msgs/include/px4_msgs/px4_msgs/msg/detail/rate_ctrl_status__type_support.cpp\n'}
[6.041861] (px4_msgs) StdoutLine: {'line': b'-- Up-to-date: /home/subhalaxmi/nidar_ws/install/px4_msgs/include/px4_msgs/px4_msgs/msg/detail/transponder_report__rosidl_typesupport_introspection_cpp.hpp\n'}
[6.042067] (px4_msgs) StdoutLine: {'line': b'-- Up-to-date: /home/subhalaxmi/nidar_ws/install/px4_msgs/include/px4_msgs/px4_msgs/msg/detail/adc_report__rosidl_typesupport_introspection_cpp.hpp\n'}
[6.043998] (px4_msgs) StdoutLine: {'line': b'-- Up-to-date: /home/subhalaxmi/nidar_ws/install/px4_msgs/include/px4_msgs/px4_msgs/msg/detail/internal_combustion_engine_control__rosidl_typesupport_introspection_cpp.hpp\n'}
[6.044219] (px4_msgs) StdoutLine: {'line': b'-- Up-to-date: /home/subhalaxmi/nidar_ws/install/px4_msgs/include/px4_msgs/px4_msgs/msg/detail/parameter_set_value_response__rosidl_typesupport_introspection_cpp.hpp\n'}
[6.044403] (px4_msgs) StdoutLine: {'line': b'-- Up-to-date: /home/subhalaxmi/nidar_ws/install/px4_msgs/include/px4_msgs/px4_msgs/msg/detail/gps_dump__type_support.cpp\n'}
[6.047804] (px4_msgs) StdoutLine: {'line': b'-- Up-to-date: /home/subhalaxmi/nidar_ws/install/px4_msgs/include/px4_msgs/px4_msgs/msg/detail/autotune_attitude_control_status__type_support.cpp\n'}
[6.048066] (px4_msgs) StdoutLine: {'line': b'-- Up-to-date: /home/subhalaxmi/nidar_ws/install/px4_msgs/include/px4_msgs/px4_msgs/msg/detail/failsafe_flags__rosidl_typesupport_introspection_cpp.hpp\n'}
[6.048250] (px4_msgs) StdoutLine: {'line': b'-- Up-to-date: /home/subhalaxmi/nidar_ws/install/px4_msgs/include/px4_msgs/px4_msgs/msg/detail/pwm_input__type_support.cpp\n'}
[6.048422] (px4_msgs) StdoutLine: {'line': b'-- Up-to-date: /home/subhalaxmi/nidar_ws/install/px4_msgs/include/px4_msgs/px4_msgs/msg/detail/sensor_combined__rosidl_typesupport_introspection_cpp.hpp\n'}
[6.048648] (px4_msgs) StdoutLine: {'line': b'-- Up-to-date: /home/subhalaxmi/nidar_ws/install/px4_msgs/include/px4_msgs/px4_msgs/msg/detail/rc_channels__rosidl_typesupport_introspection_cpp.hpp\n'}
[6.048920] (px4_msgs) StdoutLine: {'line': b'-- Up-to-date: /home/subhalaxmi/nidar_ws/install/px4_msgs/include/px4_msgs/px4_msgs/msg/detail/gps_inject_data__rosidl_typesupport_introspection_cpp.hpp\n'}
[6.049103] (px4_msgs) StdoutLine: {'line': b'-- Up-to-date: /home/subhalaxmi/nidar_ws/install/px4_msgs/include/px4_msgs/px4_msgs/msg/detail/estimator_selector_status__type_support.cpp\n'}
[6.049273] (px4_msgs) StdoutLine: {'line': b'-- Up-to-date: /home/subhalaxmi/nidar_ws/install/px4_msgs/include/px4_msgs/px4_msgs/msg/detail/offboard_control_mode__rosidl_typesupport_introspection_cpp.hpp\n'}
[6.049442] (px4_msgs) StdoutLine: {'line': b'-- Up-to-date: /home/subhalaxmi/nidar_ws/install/px4_msgs/include/px4_msgs/px4_msgs/msg/detail/vehicle_attitude__type_support.cpp\n'}
[6.049645] (px4_msgs) StdoutLine: {'line': b'-- Up-to-date: /home/subhalaxmi/nidar_ws/install/px4_msgs/include/px4_msgs/px4_msgs/msg/detail/trajectory_setpoint6dof__rosidl_typesupport_introspection_cpp.hpp\n'}
[6.049843] (px4_msgs) StdoutLine: {'line': b'-- Up-to-date: /home/subhalaxmi/nidar_ws/install/px4_msgs/include/px4_msgs/px4_msgs/msg/detail/vtol_vehicle_status__rosidl_typesupport_introspection_cpp.hpp\n'}
[6.050017] (px4_msgs) StdoutLine: {'line': b'-- Up-to-date: /home/subhalaxmi/nidar_ws/install/px4_msgs/include/px4_msgs/px4_msgs/msg/detail/message_format_response__type_support.cpp\n'}
[6.050184] (px4_msgs) StdoutLine: {'line': b'-- Up-to-date: /home/subhalaxmi/nidar_ws/install/px4_msgs/include/px4_msgs/px4_msgs/msg/detail/takeoff_status__rosidl_typesupport_introspection_cpp.hpp\n'}
[6.050352] (px4_msgs) StdoutLine: {'line': b'-- Up-to-date: /home/subhalaxmi/nidar_ws/install/px4_msgs/include/px4_msgs/px4_msgs/msg/detail/fixed_wing_lateral_setpoint__rosidl_typesupport_introspection_cpp.hpp\n'}
[6.051773] (px4_msgs) StdoutLine: {'line': b'-- Up-to-date: /home/subhalaxmi/nidar_ws/install/px4_msgs/include/px4_msgs/px4_msgs/msg/detail/estimator_bias__type_support.cpp\n'}
[6.052009] (px4_msgs) StdoutLine: {'line': b'-- Up-to-date: /home/subhalaxmi/nidar_ws/install/px4_msgs/include/px4_msgs/px4_msgs/msg/detail/onboard_computer_status__rosidl_typesupport_introspection_cpp.hpp\n'}
[6.052190] (px4_msgs) StdoutLine: {'line': b'-- Up-to-date: /home/subhalaxmi/nidar_ws/install/px4_msgs/include/px4_msgs/px4_msgs/msg/detail/actuator_controls_status__type_support.cpp\n'}
[6.052361] (px4_msgs) StdoutLine: {'line': b'-- Up-to-date: /home/subhalaxmi/nidar_ws/install/px4_msgs/include/px4_msgs/px4_msgs/msg/detail/radio_status__rosidl_typesupport_introspection_cpp.hpp\n'}
[6.052547] (px4_msgs) StdoutLine: {'line': b'-- Up-to-date: /home/subhalaxmi/nidar_ws/install/px4_msgs/include/px4_msgs/px4_msgs/msg/detail/task_stack_info__rosidl_typesupport_introspection_cpp.hpp\n'}
[6.052742] (px4_msgs) StdoutLine: {'line': b'-- Up-to-date: /home/subhalaxmi/nidar_ws/install/px4_msgs/include/px4_msgs/px4_msgs/msg/detail/vehicle_local_position__rosidl_typesupport_introspection_cpp.hpp\n'}
[6.052911] (px4_msgs) StdoutLine: {'line': b'-- Up-to-date: /home/subhalaxmi/nidar_ws/install/px4_msgs/include/px4_msgs/px4_msgs/msg/detail/sensor_temp__type_support.cpp\n'}
[6.053101] (px4_msgs) StdoutLine: {'line': b'-- Up-to-date: /home/subhalaxmi/nidar_ws/install/px4_msgs/include/px4_msgs/px4_msgs/msg/detail/esc_status__rosidl_typesupport_introspection_cpp.hpp\n'}
[6.053308] (px4_msgs) StdoutLine: {'line': b'-- Up-to-date: /home/subhalaxmi/nidar_ws/install/px4_msgs/include/px4_msgs/px4_msgs/msg/detail/sensor_preflight_mag__rosidl_typesupport_introspection_cpp.hpp\n'}
[6.055812] (px4_msgs) StdoutLine: {'line': b'-- Up-to-date: /home/subhalaxmi/nidar_ws/install/px4_msgs/include/px4_msgs/px4_msgs/msg/detail/action_request__rosidl_typesupport_introspection_cpp.hpp\n'}
[6.056048] (px4_msgs) StdoutLine: {'line': b'-- Up-to-date: /home/subhalaxmi/nidar_ws/install/px4_msgs/include/px4_msgs/px4_msgs/msg/detail/debug_array__rosidl_typesupport_introspection_cpp.hpp\n'}
[6.056313] (px4_msgs) StdoutLine: {'line': b'-- Up-to-date: /home/subhalaxmi/nidar_ws/install/px4_msgs/include/px4_msgs/px4_msgs/msg/detail/register_ext_component_reply__type_support.cpp\n'}
[6.056492] (px4_msgs) StdoutLine: {'line': b'-- Up-to-date: /home/subhalaxmi/nidar_ws/install/px4_msgs/include/px4_msgs/px4_msgs/msg/detail/action_request__type_support.cpp\n'}
[6.056732] (px4_msgs) StdoutLine: {'line': b'-- Up-to-date: /home/subhalaxmi/nidar_ws/install/px4_msgs/include/px4_msgs/px4_msgs/msg/detail/qshell_retval__type_support.cpp\n'}
[6.056923] (px4_msgs) StdoutLine: {'line': b'-- Up-to-date: /home/subhalaxmi/nidar_ws/install/px4_msgs/include/px4_msgs/px4_msgs/msg/detail/gimbal_manager_set_attitude__rosidl_typesupport_introspection_cpp.hpp\n'}
[6.057097] (px4_msgs) StdoutLine: {'line': b'-- Up-to-date: /home/subhalaxmi/nidar_ws/install/px4_msgs/include/px4_msgs/px4_msgs/msg/detail/sensor_gyro_fifo__type_support.cpp\n'}
[6.057266] (px4_msgs) StdoutLine: {'line': b'-- Up-to-date: /home/subhalaxmi/nidar_ws/install/px4_msgs/include/px4_msgs/px4_msgs/msg/detail/vehicle_constraints__rosidl_typesupport_introspection_cpp.hpp\n'}
[6.057435] (px4_msgs) StdoutLine: {'line': b'-- Up-to-date: /home/subhalaxmi/nidar_ws/install/px4_msgs/include/px4_msgs/px4_msgs/msg/detail/neural_control__rosidl_typesupport_introspection_cpp.hpp\n'}
[6.058799] (px4_msgs) StdoutLine: {'line': b'-- Up-to-date: /home/subhalaxmi/nidar_ws/install/px4_msgs/include/px4_msgs/px4_msgs/msg/detail/open_drone_id_system__rosidl_typesupport_introspection_cpp.hpp\n'}
[6.059045] (px4_msgs) StdoutLine: {'line': b'-- Up-to-date: /home/subhalaxmi/nidar_ws/install/px4_msgs/include/px4_msgs/px4_msgs/msg/detail/uavcan_parameter_request__type_support.cpp\n'}
[6.059224] (px4_msgs) StdoutLine: {'line': b'-- Up-to-date: /home/subhalaxmi/nidar_ws/install/px4_msgs/include/px4_msgs/px4_msgs/msg/detail/raptor_status__rosidl_typesupport_introspection_cpp.hpp\n'}
[6.059398] (px4_msgs) StdoutLine: {'line': b'-- Up-to-date: /home/subhalaxmi/nidar_ws/install/px4_msgs/include/px4_msgs/px4_msgs/msg/detail/estimator_states__rosidl_typesupport_introspection_cpp.hpp\n'}
[6.059624] (px4_msgs) StdoutLine: {'line': b'-- Up-to-date: /home/subhalaxmi/nidar_ws/install/px4_msgs/include/px4_msgs/px4_msgs/msg/detail/log_message__rosidl_typesupport_introspection_cpp.hpp\n'}
[6.059815] (px4_msgs) StdoutLine: {'line': b'-- Up-to-date: /home/subhalaxmi/nidar_ws/install/px4_msgs/include/px4_msgs/px4_msgs/msg/detail/health_report__type_support.cpp\n'}
[6.059984] (px4_msgs) StdoutLine: {'line': b'-- Up-to-date: /home/subhalaxmi/nidar_ws/install/px4_msgs/include/px4_msgs/px4_msgs/msg/detail/power_monitor__rosidl_typesupport_introspection_cpp.hpp\n'}
[6.060152] (px4_msgs) StdoutLine: {'line': b'-- Up-to-date: /home/subhalaxmi/nidar_ws/install/px4_msgs/include/px4_msgs/px4_msgs/msg/detail/airspeed_wind__type_support.cpp\n'}
[6.060323] (px4_msgs) StdoutLine: {'line': b'-- Up-to-date: /home/subhalaxmi/nidar_ws/install/px4_msgs/include/px4_msgs/px4_msgs/msg/detail/fixed_wing_lateral_guidance_status__rosidl_typesupport_introspection_cpp.hpp\n'}
[6.060499] (px4_msgs) StdoutLine: {'line': b'-- Up-to-date: /home/subhalaxmi/nidar_ws/install/px4_msgs/include/px4_msgs/px4_msgs/msg/detail/vehicle_rates_setpoint__type_support.cpp\n'}
[6.060711] (px4_msgs) StdoutLine: {'line': b'-- Up-to-date: /home/subhalaxmi/nidar_ws/install/px4_msgs/include/px4_msgs/px4_msgs/msg/detail/sensor_accel_fifo__type_support.cpp\n'}
[6.060888] (px4_msgs) StdoutLine: {'line': b'-- Up-to-date: /home/subhalaxmi/nidar_ws/install/px4_msgs/include/px4_msgs/px4_msgs/msg/detail/ekf2_timestamps__rosidl_typesupport_introspection_cpp.hpp\n'}
[6.061059] (px4_msgs) StdoutLine: {'line': b'-- Up-to-date: /home/subhalaxmi/nidar_ws/install/px4_msgs/include/px4_msgs/px4_msgs/msg/detail/sensor_accel__rosidl_typesupport_introspection_cpp.hpp\n'}
[6.061251] (px4_msgs) StdoutLine: {'line': b'-- Up-to-date: /home/subhalaxmi/nidar_ws/install/px4_msgs/include/px4_msgs/px4_msgs/msg/detail/sensor_selection__rosidl_typesupport_introspection_cpp.hpp\n'}
[6.061420] (px4_msgs) StdoutLine: {'line': b'-- Up-to-date: /home/subhalaxmi/nidar_ws/install/px4_msgs/include/px4_msgs/px4_msgs/msg/detail/differential_pressure__rosidl_typesupport_introspection_cpp.hpp\n'}
[6.064634] (px4_msgs) StdoutLine: {'line': b'-- Up-to-date: /home/subhalaxmi/nidar_ws/install/px4_msgs/include/px4_msgs/px4_msgs/msg/detail/open_drone_id_self_id__rosidl_typesupport_introspection_cpp.hpp\n'}
[6.064912] (px4_msgs) StdoutLine: {'line': b'-- Up-to-date: /home/subhalaxmi/nidar_ws/install/px4_msgs/include/px4_msgs/px4_msgs/msg/detail/debug_array__type_support.cpp\n'}
[6.065099] (px4_msgs) StdoutLine: {'line': b'-- Up-to-date: /home/subhalaxmi/nidar_ws/install/px4_msgs/include/px4_msgs/px4_msgs/msg/detail/vehicle_acceleration__rosidl_typesupport_introspection_cpp.hpp\n'}
[6.065274] (px4_msgs) StdoutLine: {'line': b'-- Up-to-date: /home/subhalaxmi/nidar_ws/install/px4_msgs/include/px4_msgs/px4_msgs/msg/detail/actuator_controls_status__rosidl_typesupport_introspection_cpp.hpp\n'}
[6.065481] (px4_msgs) StdoutLine: {'line': b'-- Up-to-date: /home/subhalaxmi/nidar_ws/install/px4_msgs/include/px4_msgs/px4_msgs/msg/detail/estimator_innovations__rosidl_typesupport_introspection_cpp.hpp\n'}
[6.067785] (px4_msgs) StdoutLine: {'line': b'-- Up-to-date: /home/subhalaxmi/nidar_ws/install/px4_msgs/include/px4_msgs/px4_msgs/msg/detail/gimbal_manager_status__rosidl_typesupport_introspection_cpp.hpp\n'}
[6.067998] (px4_msgs) StdoutLine: {'line': b'-- Up-to-date: /home/subhalaxmi/nidar_ws/install/px4_msgs/include/px4_msgs/px4_msgs/msg/detail/rover_attitude_status__type_support.cpp\n'}
[6.068181] (px4_msgs) StdoutLine: {'line': b'-- Up-to-date: /home/subhalaxmi/nidar_ws/install/px4_msgs/include/px4_msgs/px4_msgs/msg/detail/landing_target_pose__rosidl_typesupport_introspection_cpp.hpp\n'}
[6.068369] (px4_msgs) StdoutLine: {'line': b'-- Up-to-date: /home/subhalaxmi/nidar_ws/install/px4_msgs/include/px4_msgs/px4_msgs/msg/detail/ulog_stream__rosidl_typesupport_introspection_cpp.hpp\n'}
[6.068567] (px4_msgs) StdoutLine: {'line': b'-- Up-to-date: /home/subhalaxmi/nidar_ws/install/px4_msgs/include/px4_msgs/px4_msgs/msg/detail/tune_control__type_support.cpp\n'}
[6.068830] (px4_msgs) StdoutLine: {'line': b'-- Up-to-date: /home/subhalaxmi/nidar_ws/install/px4_msgs/include/px4_msgs/px4_msgs/msg/detail/differential_pressure__type_support.cpp\n'}
[6.069000] (px4_msgs) StdoutLine: {'line': b'-- Up-to-date: /home/subhalaxmi/nidar_ws/install/px4_msgs/include/px4_msgs/px4_msgs/msg/detail/trajectory_setpoint__rosidl_typesupport_introspection_cpp.hpp\n'}
[6.069159] (px4_msgs) StdoutLine: {'line': b'-- Up-to-date: /home/subhalaxmi/nidar_ws/install/px4_msgs/include/px4_msgs/px4_msgs/msg/detail/sensor_hygrometer__type_support.cpp\n'}
[6.069315] (px4_msgs) StdoutLine: {'line': b'-- Up-to-date: /home/subhalaxmi/nidar_ws/install/px4_msgs/include/px4_msgs/px4_msgs/msg/detail/orb_test__rosidl_typesupport_introspection_cpp.hpp\n'}
[6.069474] (px4_msgs) StdoutLine: {'line': b'-- Up-to-date: /home/subhalaxmi/nidar_ws/install/px4_msgs/include/px4_msgs/px4_msgs/msg/detail/system_power__rosidl_typesupport_introspection_cpp.hpp\n'}
[6.069713] (px4_msgs) StdoutLine: {'line': b'-- Up-to-date: /home/subhalaxmi/nidar_ws/install/px4_msgs/include/px4_msgs/px4_msgs/msg/detail/dronecan_node_status__type_support.cpp\n'}
[6.070863] (px4_msgs) StdoutLine: {'line': b'-- Up-to-date: /home/subhalaxmi/nidar_ws/install/px4_msgs/include/px4_msgs/px4_msgs/msg/detail/raptor_status__type_support.cpp\n'}
[6.071090] (px4_msgs) StdoutLine: {'line': b'-- Up-to-date: /home/subhalaxmi/nidar_ws/install/px4_msgs/include/px4_msgs/px4_msgs/msg/detail/camera_trigger__type_support.cpp\n'}
[6.071307] (px4_msgs) StdoutLine: {'line': b'-- Up-to-date: /home/subhalaxmi/nidar_ws/install/px4_msgs/include/px4_msgs/px4_msgs/msg/detail/goto_setpoint__type_support.cpp\n'}
[6.071516] (px4_msgs) StdoutLine: {'line': b'-- Up-to-date: /home/subhalaxmi/nidar_ws/install/px4_msgs/include/px4_msgs/px4_msgs/msg/detail/sensor_gps__rosidl_typesupport_introspection_cpp.hpp\n'}
[6.073845] (px4_msgs) StdoutLine: {'line': b'-- Up-to-date: /home/subhalaxmi/nidar_ws/install/px4_msgs/include/px4_msgs/px4_msgs/msg/detail/vehicle_angular_velocity__rosidl_typesupport_introspection_cpp.hpp\n'}
[6.074045] (px4_msgs) StdoutLine: {'line': b'-- Up-to-date: /home/subhalaxmi/nidar_ws/install/px4_msgs/include/px4_msgs/px4_msgs/msg/detail/velocity_limits__type_support.cpp\n'}
[6.074224] (px4_msgs) StdoutLine: {'line': b'-- Up-to-date: /home/subhalaxmi/nidar_ws/install/px4_msgs/include/px4_msgs/px4_msgs/msg/detail/device_information__type_support.cpp\n'}
[6.074398] (px4_msgs) StdoutLine: {'line': b'-- Up-to-date: /home/subhalaxmi/nidar_ws/install/px4_msgs/include/px4_msgs/px4_msgs/msg/detail/aux_global_position__rosidl_typesupport_introspection_cpp.hpp\n'}
[6.074670] (px4_msgs) StdoutLine: {'line': b'-- Up-to-date: /home/subhalaxmi/nidar_ws/install/px4_msgs/include/px4_msgs/px4_msgs/msg/detail/sensor_gnss_status__type_support.cpp\n'}
[6.074874] (px4_msgs) StdoutLine: {'line': b'-- Up-to-date: /home/subhalaxmi/nidar_ws/install/px4_msgs/include/px4_msgs/px4_msgs/msg/detail/home_position__type_support.cpp\n'}
[6.075047] (px4_msgs) StdoutLine: {'line': b'-- Up-to-date: /home/subhalaxmi/nidar_ws/install/px4_msgs/include/px4_msgs/px4_msgs/msg/detail/vehicle_optical_flow__type_support.cpp\n'}
[6.075220] (px4_msgs) StdoutLine: {'line': b'-- Up-to-date: /home/subhalaxmi/nidar_ws/install/px4_msgs/include/px4_msgs/px4_msgs/msg/detail/magnetometer_bias_estimate__rosidl_typesupport_introspection_cpp.hpp\n'}
[6.075396] (px4_msgs) StdoutLine: {'line': b'-- Up-to-date: /home/subhalaxmi/nidar_ws/install/px4_msgs/include/px4_msgs/px4_msgs/msg/detail/heater_status__type_support.cpp\n'}
[6.075604] (px4_msgs) StdoutLine: {'line': b'-- Up-to-date: /home/subhalaxmi/nidar_ws/install/px4_msgs/include/px4_msgs/px4_msgs/msg/detail/camera_status__rosidl_typesupport_introspection_cpp.hpp\n'}
[6.075797] (px4_msgs) StdoutLine: {'line': b'-- Up-to-date: /home/subhalaxmi/nidar_ws/install/px4_msgs/include/px4_msgs/px4_msgs/msg/detail/actuator_servos_trim__type_support.cpp\n'}
[6.075963] (px4_msgs) StdoutLine: {'line': b'-- Up-to-date: /home/subhalaxmi/nidar_ws/install/px4_msgs/include/px4_msgs/px4_msgs/msg/detail/debug_key_value__type_support.cpp\n'}
[6.076131] (px4_msgs) StdoutLine: {'line': b'-- Up-to-date: /home/subhalaxmi/nidar_ws/install/px4_msgs/include/px4_msgs/px4_msgs/msg/detail/vehicle_roi__type_support.cpp\n'}
[6.076341] (px4_msgs) StdoutLine: {'line': b'-- Up-to-date: /home/subhalaxmi/nidar_ws/install/px4_msgs/include/px4_msgs/px4_msgs/msg/detail/trajectory_setpoint6dof__type_support.cpp\n'}
[6.076545] (px4_msgs) StdoutLine: {'line': b'-- Up-to-date: /home/subhalaxmi/nidar_ws/install/px4_msgs/include/px4_msgs/px4_msgs/msg/detail/parameter_update__type_support.cpp\n'}
[6.079867] (px4_msgs) StdoutLine: {'line': b'-- Up-to-date: /home/subhalaxmi/nidar_ws/install/px4_msgs/include/px4_msgs/px4_msgs/msg/detail/manual_control_setpoint__rosidl_typesupport_introspection_cpp.hpp\n'}
[6.080107] (px4_msgs) StdoutLine: {'line': b'-- Up-to-date: /home/subhalaxmi/nidar_ws/install/px4_msgs/include/px4_msgs/px4_msgs/msg/detail/unregister_ext_component__type_support.cpp\n'}
[6.080323] (px4_msgs) StdoutLine: {'line': b'-- Up-to-date: /home/subhalaxmi/nidar_ws/install/px4_msgs/include/px4_msgs/px4_msgs/msg/detail/orb_test_medium__type_support.cpp\n'}
[6.080546] (px4_msgs) StdoutLine: {'line': b'-- Up-to-date: /home/subhalaxmi/nidar_ws/install/px4_msgs/include/px4_msgs/px4_msgs/msg/detail/actuator_test__rosidl_typesupport_introspection_cpp.hpp\n'}
[6.080819] (px4_msgs) StdoutLine: {'line': b'-- Up-to-date: /home/subhalaxmi/nidar_ws/install/px4_msgs/include/px4_msgs/px4_msgs/msg/detail/battery_status__rosidl_typesupport_introspection_cpp.hpp\n'}
[6.080995] (px4_msgs) StdoutLine: {'line': b'-- Up-to-date: /home/subhalaxmi/nidar_ws/install/px4_msgs/include/px4_msgs/px4_msgs/msg/detail/esc_report__type_support.cpp\n'}
[6.081200] (px4_msgs) StdoutLine: {'line': b'-- Up-to-date: /home/subhalaxmi/nidar_ws/install/px4_msgs/include/px4_msgs/px4_msgs/msg/detail/sensor_gyro_fifo__rosidl_typesupport_introspection_cpp.hpp\n'}
[6.081382] (px4_msgs) StdoutLine: {'line': b'-- Up-to-date: /home/subhalaxmi/nidar_ws/install/px4_msgs/include/px4_msgs/px4_msgs/msg/detail/landing_target_innovations__type_support.cpp\n'}
[6.082627] (px4_msgs) StdoutLine: {'line': b'-- Up-to-date: /home/subhalaxmi/nidar_ws/install/px4_msgs/include/px4_msgs/px4_msgs/msg/detail/vehicle_command__type_support.cpp\n'}
[6.082897] (px4_msgs) StdoutLine: {'line': b'-- Up-to-date: /home/subhalaxmi/nidar_ws/install/px4_msgs/include/px4_msgs/px4_msgs/msg/detail/vehicle_status__rosidl_typesupport_introspection_cpp.hpp\n'}
[6.083079] (px4_msgs) StdoutLine: {'line': b'-- Up-to-date: /home/subhalaxmi/nidar_ws/install/px4_msgs/include/px4_msgs/px4_msgs/msg/detail/mavlink_tunnel__type_support.cpp\n'}
[6.083251] (px4_msgs) StdoutLine: {'line': b'-- Up-to-date: /home/subhalaxmi/nidar_ws/install/px4_msgs/include/px4_msgs/px4_msgs/msg/detail/trajectory_setpoint__type_support.cpp\n'}
[6.083421] (px4_msgs) StdoutLine: {'line': b'-- Up-to-date: /home/subhalaxmi/nidar_ws/install/px4_msgs/include/px4_msgs/px4_msgs/msg/detail/irlock_report__rosidl_typesupport_introspection_cpp.hpp\n'}
[6.083621] (px4_msgs) StdoutLine: {'line': b'-- Up-to-date: /home/subhalaxmi/nidar_ws/install/px4_msgs/include/px4_msgs/px4_msgs/msg/detail/vehicle_optical_flow__rosidl_typesupport_introspection_cpp.hpp\n'}
[6.083810] (px4_msgs) StdoutLine: {'line': b'-- Up-to-date: /home/subhalaxmi/nidar_ws/install/px4_msgs/include/px4_msgs/px4_msgs/msg/detail/irlock_report__type_support.cpp\n'}
[6.084022] (px4_msgs) StdoutLine: {'line': b'-- Up-to-date: /home/subhalaxmi/nidar_ws/install/px4_msgs/include/px4_msgs/px4_msgs/msg/detail/open_drone_id_system__type_support.cpp\n'}
[6.084236] (px4_msgs) StdoutLine: {'line': b'-- Up-to-date: /home/subhalaxmi/nidar_ws/install/px4_msgs/include/px4_msgs/px4_msgs/msg/detail/event__rosidl_typesupport_introspection_cpp.hpp\n'}
[6.084443] (px4_msgs) StdoutLine: {'line': b'-- Up-to-date: /home/subhalaxmi/nidar_ws/install/px4_msgs/include/px4_msgs/px4_msgs/msg/detail/sensor_gyro__rosidl_typesupport_introspection_cpp.hpp\n'}
[6.084653] (px4_msgs) StdoutLine: {'line': b'-- Up-to-date: /home/subhalaxmi/nidar_ws/install/px4_msgs/include/px4_msgs/px4_msgs/msg/detail/rover_position_setpoint__type_support.cpp\n'}
[6.084826] (px4_msgs) StdoutLine: {'line': b'-- Up-to-date: /home/subhalaxmi/nidar_ws/install/px4_msgs/include/px4_msgs/px4_msgs/msg/detail/position_setpoint_triplet__rosidl_typesupport_introspection_cpp.hpp\n'}
[6.085027] (px4_msgs) StdoutLine: {'line': b'-- Up-to-date: /home/subhalaxmi/nidar_ws/install/px4_msgs/include/px4_msgs/px4_msgs/msg/detail/wind__type_support.cpp\n'}
[6.085228] (px4_msgs) StdoutLine: {'line': b'-- Up-to-date: /home/subhalaxmi/nidar_ws/install/px4_msgs/include/px4_msgs/px4_msgs/msg/detail/register_ext_component_reply__rosidl_typesupport_introspection_cpp.hpp\n'}
[6.085432] (px4_msgs) StdoutLine: {'line': b'-- Up-to-date: /home/subhalaxmi/nidar_ws/install/px4_msgs/include/px4_msgs/px4_msgs/msg/detail/vehicle_odometry__rosidl_typesupport_introspection_cpp.hpp\n'}
[6.088801] (px4_msgs) StdoutLine: {'line': b'-- Up-to-date: /home/subhalaxmi/nidar_ws/install/px4_msgs/include/px4_msgs/px4_msgs/msg/detail/pure_pursuit_status__type_support.cpp\n'}
[6.089059] (px4_msgs) StdoutLine: {'line': b'-- Up-to-date: /home/subhalaxmi/nidar_ws/install/px4_msgs/include/px4_msgs/px4_msgs/msg/detail/sensor_temp__rosidl_typesupport_introspection_cpp.hpp\n'}
[6.089243] (px4_msgs) StdoutLine: {'line': b'-- Up-to-date: /home/subhalaxmi/nidar_ws/install/px4_msgs/include/px4_msgs/px4_msgs/msg/detail/rtl_status__type_support.cpp\n'}
[6.089415] (px4_msgs) StdoutLine: {'line': b'-- Up-to-date: /home/subhalaxmi/nidar_ws/install/px4_msgs/include/px4_msgs/px4_msgs/msg/detail/goto_setpoint__rosidl_typesupport_introspection_cpp.hpp\n'}
[6.089648] (px4_msgs) StdoutLine: {'line': b'-- Up-to-date: /home/subhalaxmi/nidar_ws/install/px4_msgs/include/px4_msgs/px4_msgs/msg/detail/power_monitor__type_support.cpp\n'}
[6.089843] (px4_msgs) StdoutLine: {'line': b'-- Up-to-date: /home/subhalaxmi/nidar_ws/install/px4_msgs/include/px4_msgs/px4_msgs/msg/detail/rover_attitude_setpoint__type_support.cpp\n'}
[6.090013] (px4_msgs) StdoutLine: {'line': b'-- Up-to-date: /home/subhalaxmi/nidar_ws/install/px4_msgs/include/px4_msgs/px4_msgs/msg/detail/debug_vect__type_support.cpp\n'}
[6.090180] (px4_msgs) StdoutLine: {'line': b'-- Up-to-date: /home/subhalaxmi/nidar_ws/install/px4_msgs/include/px4_msgs/px4_msgs/msg/detail/debug_key_value__rosidl_typesupport_introspection_cpp.hpp\n'}
[6.090354] (px4_msgs) StdoutLine: {'line': b'-- Up-to-date: /home/subhalaxmi/nidar_ws/install/px4_msgs/include/px4_msgs/px4_msgs/msg/detail/parameter_set_used_request__rosidl_typesupport_introspection_cpp.hpp\n'}
[6.090537] (px4_msgs) StdoutLine: {'line': b'-- Up-to-date: /home/subhalaxmi/nidar_ws/install/px4_msgs/include/px4_msgs/px4_msgs/msg/detail/estimator_aid_source2d__type_support.cpp\n'}
[6.090729] (px4_msgs) StdoutLine: {'line': b'-- Up-to-date: /home/subhalaxmi/nidar_ws/install/px4_msgs/include/px4_msgs/px4_msgs/msg/detail/estimator_sensor_bias__rosidl_typesupport_introspection_cpp.hpp\n'}
[6.090900] (px4_msgs) StdoutLine: {'line': b'-- Up-to-date: /home/subhalaxmi/nidar_ws/install/px4_msgs/include/px4_msgs/px4_msgs/msg/detail/launch_detection_status__rosidl_typesupport_introspection_cpp.hpp\n'}
[6.091087] (px4_msgs) StdoutLine: {'line': b'-- Up-to-date: /home/subhalaxmi/nidar_ws/install/px4_msgs/include/px4_msgs/px4_msgs/msg/detail/takeoff_status__type_support.cpp\n'}
[6.091265] (px4_msgs) StdoutLine: {'line': b'-- Up-to-date: /home/subhalaxmi/nidar_ws/install/px4_msgs/include/px4_msgs/px4_msgs/msg/detail/position_controller_status__type_support.cpp\n'}
[6.091441] (px4_msgs) StdoutLine: {'line': b'-- Up-to-date: /home/subhalaxmi/nidar_ws/install/px4_msgs/include/px4_msgs/px4_msgs/msg/detail/offboard_control_mode__type_support.cpp\n'}
[6.094924] (px4_msgs) StdoutLine: {'line': b'-- Up-to-date: /home/subhalaxmi/nidar_ws/install/px4_msgs/include/px4_msgs/px4_msgs/msg/detail/figure_eight_status__rosidl_typesupport_introspection_cpp.hpp\n'}
[6.095146] (px4_msgs) StdoutLine: {'line': b'-- Up-to-date: /home/subhalaxmi/nidar_ws/install/px4_msgs/include/px4_msgs/px4_msgs/msg/detail/rover_rate_setpoint__type_support.cpp\n'}
[6.095323] (px4_msgs) StdoutLine: {'line': b'-- Up-to-date: /home/subhalaxmi/nidar_ws/install/px4_msgs/include/px4_msgs/px4_msgs/msg/detail/geofence_status__rosidl_typesupport_introspection_cpp.hpp\n'}
[6.095495] (px4_msgs) StdoutLine: {'line': b'-- Up-to-date: /home/subhalaxmi/nidar_ws/install/px4_msgs/include/px4_msgs/px4_msgs/msg/detail/gimbal_device_information__rosidl_typesupport_introspection_cpp.hpp\n'}
[6.095695] (px4_msgs) StdoutLine: {'line': b'-- Up-to-date: /home/subhalaxmi/nidar_ws/install/px4_msgs/include/px4_msgs/px4_msgs/msg/detail/camera_capture__type_support.cpp\n'}
[6.095868] (px4_msgs) StdoutLine: {'line': b'-- Up-to-date: /home/subhalaxmi/nidar_ws/install/px4_msgs/include/px4_msgs/px4_msgs/msg/detail/gpio_out__rosidl_typesupport_introspection_cpp.hpp\n'}
[6.096040] (px4_msgs) StdoutLine: {'line': b'-- Up-to-date: /home/subhalaxmi/nidar_ws/install/px4_msgs/include/px4_msgs/px4_msgs/msg/detail/vehicle_air_data__type_support.cpp\n'}
[6.096330] (px4_msgs) StdoutLine: {'line': b'-- Up-to-date: /home/subhalaxmi/nidar_ws/install/px4_msgs/include/px4_msgs/px4_msgs/msg/detail/fixed_wing_lateral_setpoint__type_support.cpp\n'}
[6.096504] (px4_msgs) StdoutLine: {'line': b'-- Up-to-date: /home/subhalaxmi/nidar_ws/install/px4_msgs/include/px4_msgs/px4_msgs/msg/detail/ulog_stream_ack__rosidl_typesupport_introspection_cpp.hpp\n'}
[6.096704] (px4_msgs) StdoutLine: {'line': b'-- Up-to-date: /home/subhalaxmi/nidar_ws/install/px4_msgs/include/px4_msgs/px4_msgs/msg/detail/parameter_set_value_response__type_support.cpp\n'}
[6.096878] (px4_msgs) StdoutLine: {'line': b'-- Up-to-date: /home/subhalaxmi/nidar_ws/install/px4_msgs/include/px4_msgs/px4_msgs/msg/detail/vehicle_attitude_setpoint__rosidl_typesupport_introspection_cpp.hpp\n'}
[6.097065] (px4_msgs) StdoutLine: {'line': b'-- Up-to-date: /home/subhalaxmi/nidar_ws/install/px4_msgs/include/px4_msgs/px4_msgs/msg/detail/dataman_response__rosidl_typesupport_introspection_cpp.hpp\n'}
[6.097331] (px4_msgs) StdoutLine: {'line': b'-- Up-to-date: /home/subhalaxmi/nidar_ws/install/px4_msgs/include/px4_msgs/px4_msgs/msg/detail/sensor_airflow__rosidl_typesupport_introspection_cpp.hpp\n'}
[6.097501] (px4_msgs) StdoutLine: {'line': b'-- Up-to-date: /home/subhalaxmi/nidar_ws/install/px4_msgs/include/px4_msgs/px4_msgs/msg/detail/qshell_req__type_support.cpp\n'}
[6.097702] (px4_msgs) StdoutLine: {'line': b'-- Up-to-date: /home/subhalaxmi/nidar_ws/install/px4_msgs/include/px4_msgs/px4_msgs/msg/detail/heater_status__rosidl_typesupport_introspection_cpp.hpp\n'}
[6.097875] (px4_msgs) StdoutLine: {'line': b'-- Up-to-date: /home/subhalaxmi/nidar_ws/install/px4_msgs/include/px4_msgs/px4_msgs/msg/detail/vehicle_optical_flow_vel__type_support.cpp\n'}
[6.098042] (px4_msgs) StdoutLine: {'line': b'-- Up-to-date: /home/subhalaxmi/nidar_ws/install/px4_msgs/include/px4_msgs/px4_msgs/msg/detail/sensor_combined__type_support.cpp\n'}
[6.098209] (px4_msgs) StdoutLine: {'line': b'-- Up-to-date: /home/subhalaxmi/nidar_ws/install/px4_msgs/include/px4_msgs/px4_msgs/msg/detail/rtl_time_estimate__rosidl_typesupport_introspection_cpp.hpp\n'}
[6.098406] (px4_msgs) StdoutLine: {'line': b'-- Up-to-date: /home/subhalaxmi/nidar_ws/install/px4_msgs/include/px4_msgs/px4_msgs/msg/detail/logger_status__rosidl_typesupport_introspection_cpp.hpp\n'}
[6.101860] (px4_msgs) StdoutLine: {'line': b'-- Up-to-date: /home/subhalaxmi/nidar_ws/install/px4_msgs/include/px4_msgs/px4_msgs/msg/detail/rc_parameter_map__type_support.cpp\n'}
[6.102168] (px4_msgs) StdoutLine: {'line': b'-- Up-to-date: /home/subhalaxmi/nidar_ws/install/px4_msgs/include/px4_msgs/px4_msgs/msg/detail/vehicle_attitude_setpoint__type_support.cpp\n'}
[6.102352] (px4_msgs) StdoutLine: {'line': b'-- Up-to-date: /home/subhalaxmi/nidar_ws/install/px4_msgs/include/px4_msgs/px4_msgs/msg/detail/sensor_mag__type_support.cpp\n'}
[6.102541] (px4_msgs) StdoutLine: {'line': b'-- Up-to-date: /home/subhalaxmi/nidar_ws/install/px4_msgs/include/px4_msgs/px4_msgs/msg/detail/sensor_baro__type_support.cpp\n'}
[6.102740] (px4_msgs) StdoutLine: {'line': b'-- Up-to-date: /home/subhalaxmi/nidar_ws/install/px4_msgs/include/px4_msgs/px4_msgs/msg/detail/qshell_retval__rosidl_typesupport_introspection_cpp.hpp\n'}
[6.102940] (px4_msgs) StdoutLine: {'line': b'-- Up-to-date: /home/subhalaxmi/nidar_ws/install/px4_msgs/include/px4_msgs/px4_msgs/msg/detail/tiltrotor_extra_controls__rosidl_typesupport_introspection_cpp.hpp\n'}
[6.103222] (px4_msgs) StdoutLine: {'line': b'-- Up-to-date: /home/subhalaxmi/nidar_ws/install/px4_msgs/include/px4_msgs/px4_msgs/msg/detail/debug_value__type_support.cpp\n'}
[6.103398] (px4_msgs) StdoutLine: {'line': b'-- Up-to-date: /home/subhalaxmi/nidar_ws/install/px4_msgs/include/px4_msgs/px4_msgs/msg/detail/follow_target_estimator__type_support.cpp\n'}
[6.103598] (px4_msgs) StdoutLine: {'line': b'-- Up-to-date: /home/subhalaxmi/nidar_ws/install/px4_msgs/include/px4_msgs/px4_msgs/msg/detail/iridiumsbd_status__rosidl_typesupport_introspection_cpp.hpp\n'}
[6.103788] (px4_msgs) StdoutLine: {'line': b'-- Up-to-date: /home/subhalaxmi/nidar_ws/install/px4_msgs/include/px4_msgs/px4_msgs/msg/detail/orb_test_medium__rosidl_typesupport_introspection_cpp.hpp\n'}
[6.103964] (px4_msgs) StdoutLine: {'line': b'-- Up-to-date: /home/subhalaxmi/nidar_ws/install/px4_msgs/include/px4_msgs/px4_msgs/msg/detail/iridiumsbd_status__type_support.cpp\n'}
[6.104241] (px4_msgs) StdoutLine: {'line': b'-- Up-to-date: /home/subhalaxmi/nidar_ws/install/px4_msgs/include/px4_msgs/px4_msgs/msg/detail/manual_control_setpoint__type_support.cpp\n'}
[6.104412] (px4_msgs) StdoutLine: {'line': b'-- Up-to-date: /home/subhalaxmi/nidar_ws/install/px4_msgs/include/px4_msgs/px4_msgs/msg/detail/position_controller_landing_status__rosidl_typesupport_introspection_cpp.hpp\n'}
[6.104629] (px4_msgs) StdoutLine: {'line': b'-- Up-to-date: /home/subhalaxmi/nidar_ws/install/px4_msgs/include/px4_msgs/px4_msgs/msg/detail/distance_sensor__type_support.cpp\n'}
[6.104840] (px4_msgs) StdoutLine: {'line': b'-- Up-to-date: /home/subhalaxmi/nidar_ws/install/px4_msgs/include/px4_msgs/px4_msgs/msg/detail/debug_vect__rosidl_typesupport_introspection_cpp.hpp\n'}
[6.106201] (px4_msgs) StdoutLine: {'line': b'-- Up-to-date: /home/subhalaxmi/nidar_ws/install/px4_msgs/include/px4_msgs/px4_msgs/msg/detail/estimator_bias__rosidl_typesupport_introspection_cpp.hpp\n'}
[6.106456] (px4_msgs) StdoutLine: {'line': b'-- Up-to-date: /home/subhalaxmi/nidar_ws/install/px4_msgs/include/px4_msgs/px4_msgs/msg/detail/rover_rate_status__rosidl_typesupport_introspection_cpp.hpp\n'}
[6.106668] (px4_msgs) StdoutLine: {'line': b'-- Up-to-date: /home/subhalaxmi/nidar_ws/install/px4_msgs/include/px4_msgs/px4_msgs/msg/detail/estimator_states__type_support.cpp\n'}
[6.106845] (px4_msgs) StdoutLine: {'line': b'-- Up-to-date: /home/subhalaxmi/nidar_ws/install/px4_msgs/include/px4_msgs/px4_msgs/msg/detail/rc_parameter_map__rosidl_typesupport_introspection_cpp.hpp\n'}
[6.107013] (px4_msgs) StdoutLine: {'line': b'-- Up-to-date: /home/subhalaxmi/nidar_ws/install/px4_msgs/include/px4_msgs/px4_msgs/msg/detail/camera_trigger__rosidl_typesupport_introspection_cpp.hpp\n'}
[6.107177] (px4_msgs) StdoutLine: {'line': b'-- Up-to-date: /home/subhalaxmi/nidar_ws/install/px4_msgs/include/px4_msgs/px4_msgs/msg/detail/vehicle_angular_acceleration_setpoint__type_support.cpp\n'}
[6.107346] (px4_msgs) StdoutLine: {'line': b'-- Up-to-date: /home/subhalaxmi/nidar_ws/install/px4_msgs/include/px4_msgs/px4_msgs/msg/detail/landing_gear__type_support.cpp\n'}
[6.107534] (px4_msgs) StdoutLine: {'line': b'-- Up-to-date: /home/subhalaxmi/nidar_ws/install/px4_msgs/include/px4_msgs/px4_msgs/msg/detail/vehicle_magnetometer__rosidl_typesupport_introspection_cpp.hpp\n'}
[6.107734] (px4_msgs) StdoutLine: {'line': b'-- Up-to-date: /home/subhalaxmi/nidar_ws/install/px4_msgs/include/px4_msgs/px4_msgs/msg/detail/navigator_mission_item__type_support.cpp\n'}
[6.107902] (px4_msgs) StdoutLine: {'line': b'-- Up-to-date: /home/subhalaxmi/nidar_ws/install/px4_msgs/include/px4_msgs/px4_msgs/msg/detail/ulog_stream__type_support.cpp\n'}
[6.108071] (px4_msgs) StdoutLine: {'line': b'-- Up-to-date: /home/subhalaxmi/nidar_ws/install/px4_msgs/include/px4_msgs/px4_msgs/msg/detail/mag_worker_data__type_support.cpp\n'}
[6.108237] (px4_msgs) StdoutLine: {'line': b'-- Up-to-date: /home/subhalaxmi/nidar_ws/install/px4_msgs/include/px4_msgs/px4_msgs/msg/detail/obstacle_distance__rosidl_typesupport_introspection_cpp.hpp\n'}
[6.108435] (px4_msgs) StdoutLine: {'line': b'-- Up-to-date: /home/subhalaxmi/nidar_ws/install/px4_msgs/include/px4_msgs/px4_msgs/msg/detail/collision_constraints__rosidl_typesupport_introspection_cpp.hpp\n'}
[6.110858] (px4_msgs) StdoutLine: {'line': b'-- Up-to-date: /home/subhalaxmi/nidar_ws/install/px4_msgs/include/px4_msgs/px4_msgs/msg/detail/led_control__type_support.cpp\n'}
[6.111121] (px4_msgs) StdoutLine: {'line': b'-- Up-to-date: /home/subhalaxmi/nidar_ws/install/px4_msgs/include/px4_msgs/px4_msgs/msg/detail/gimbal_device_attitude_status__type_support.cpp\n'}
[6.111297] (px4_msgs) StdoutLine: {'line': b'-- Up-to-date: /home/subhalaxmi/nidar_ws/install/px4_msgs/include/px4_msgs/px4_msgs/msg/detail/landing_target_pose__type_support.cpp\n'}
[6.111465] (px4_msgs) StdoutLine: {'line': b'-- Up-to-date: /home/subhalaxmi/nidar_ws/install/px4_msgs/include/px4_msgs/px4_msgs/msg/detail/config_overrides__type_support.cpp\n'}
[6.111687] (px4_msgs) StdoutLine: {'line': b'-- Up-to-date: /home/subhalaxmi/nidar_ws/install/px4_msgs/include/px4_msgs/px4_msgs/msg/detail/actuator_motors__rosidl_typesupport_introspection_cpp.hpp\n'}
[6.111865] (px4_msgs) StdoutLine: {'line': b'-- Up-to-date: /home/subhalaxmi/nidar_ws/install/px4_msgs/include/px4_msgs/px4_msgs/msg/detail/parameter_set_value_request__rosidl_typesupport_introspection_cpp.hpp\n'}
[6.112055] (px4_msgs) StdoutLine: {'line': b'-- Up-to-date: /home/subhalaxmi/nidar_ws/install/px4_msgs/include/px4_msgs/px4_msgs/msg/detail/hover_thrust_estimate__rosidl_typesupport_introspection_cpp.hpp\n'}
[6.112235] (px4_msgs) StdoutLine: {'line': b'-- Up-to-date: /home/subhalaxmi/nidar_ws/install/px4_msgs/include/px4_msgs/px4_msgs/msg/detail/esc_report__rosidl_typesupport_introspection_cpp.hpp\n'}
[6.112520] (px4_msgs) StdoutLine: {'line': b'-- Up-to-date: /home/subhalaxmi/nidar_ws/install/px4_msgs/include/px4_msgs/px4_msgs/msg/detail/estimator_status__rosidl_typesupport_introspection_cpp.hpp\n'}
[6.112745] (px4_msgs) StdoutLine: {'line': b'-- Up-to-date: /home/subhalaxmi/nidar_ws/install/px4_msgs/include/px4_msgs/px4_msgs/msg/detail/longitudinal_control_configuration__rosidl_typesupport_introspection_cpp.hpp\n'}
[6.112916] (px4_msgs) StdoutLine: {'line': b'-- Up-to-date: /home/subhalaxmi/nidar_ws/install/px4_msgs/include/px4_msgs/px4_msgs/msg/detail/arming_check_reply__rosidl_typesupport_introspection_cpp.hpp\n'}
[6.113082] (px4_msgs) StdoutLine: {'line': b'-- Up-to-date: /home/subhalaxmi/nidar_ws/install/px4_msgs/include/px4_msgs/px4_msgs/msg/detail/estimator_aid_source1d__rosidl_typesupport_introspection_cpp.hpp\n'}
[6.113247] (px4_msgs) StdoutLine: {'line': b'-- Up-to-date: /home/subhalaxmi/nidar_ws/install/px4_msgs/include/px4_msgs/px4_msgs/msg/detail/dataman_response__type_support.cpp\n'}
[6.113504] (px4_msgs) StdoutLine: {'line': b'-- Up-to-date: /home/subhalaxmi/nidar_ws/install/px4_msgs/include/px4_msgs/px4_msgs/msg/detail/sensor_uwb__type_support.cpp\n'}
[6.113719] (px4_msgs) StdoutLine: {'line': b'-- Up-to-date: /home/subhalaxmi/nidar_ws/install/px4_msgs/include/px4_msgs/px4_msgs/msg/detail/parameter_reset_request__type_support.cpp\n'}
[6.113902] (px4_msgs) StdoutLine: {'line': b'-- Up-to-date: /home/subhalaxmi/nidar_ws/install/px4_msgs/include/px4_msgs/px4_msgs/msg/detail/estimator_bias3d__rosidl_typesupport_introspection_cpp.hpp\n'}
[6.114075] (px4_msgs) StdoutLine: {'line': b'-- Up-to-date: /home/subhalaxmi/nidar_ws/install/px4_msgs/include/px4_msgs/px4_msgs/msg/detail/telemetry_status__type_support.cpp\n'}
[6.114250] (px4_msgs) StdoutLine: {'line': b'-- Up-to-date: /home/subhalaxmi/nidar_ws/install/px4_msgs/include/px4_msgs/px4_msgs/msg/detail/actuator_outputs__type_support.cpp\n'}
[6.114423] (px4_msgs) StdoutLine: {'line': b'-- Up-to-date: /home/subhalaxmi/nidar_ws/install/px4_msgs/include/px4_msgs/px4_msgs/msg/detail/ping__rosidl_typesupport_introspection_cpp.hpp\n'}
[6.114628] (px4_msgs) StdoutLine: {'line': b'-- Up-to-date: /home/subhalaxmi/nidar_ws/install/px4_msgs/include/px4_msgs/px4_msgs/msg/detail/fuel_tank_status__type_support.cpp\n'}
[6.114820] (px4_msgs) StdoutLine: {'line': b'-- Up-to-date: /home/subhalaxmi/nidar_ws/install/px4_msgs/include/px4_msgs/px4_msgs/msg/detail/airspeed_wind__rosidl_typesupport_introspection_cpp.hpp\n'}
[6.120088] (-) TimerEvent: {}
[6.120322] (px4_msgs) StdoutLine: {'line': b'-- Up-to-date: /home/subhalaxmi/nidar_ws/install/px4_msgs/include/px4_msgs/px4_msgs/msg/detail/rtl_status__rosidl_typesupport_introspection_cpp.hpp\n'}
[6.120596] (px4_msgs) StdoutLine: {'line': b'-- Up-to-date: /home/subhalaxmi/nidar_ws/install/px4_msgs/include/px4_msgs/px4_msgs/msg/detail/airspeed__rosidl_typesupport_introspection_cpp.hpp\n'}
[6.120826] (px4_msgs) StdoutLine: {'line': b'-- Up-to-date: /home/subhalaxmi/nidar_ws/install/px4_msgs/include/px4_msgs/px4_msgs/msg/detail/actuator_armed__rosidl_typesupport_introspection_cpp.hpp\n'}
[6.121022] (px4_msgs) StdoutLine: {'line': b'-- Up-to-date: /home/subhalaxmi/nidar_ws/install/px4_msgs/include/px4_msgs/px4_msgs/msg/detail/rover_throttle_setpoint__type_support.cpp\n'}
[6.121210] (px4_msgs) StdoutLine: {'line': b'-- Up-to-date: /home/subhalaxmi/nidar_ws/install/px4_msgs/include/px4_msgs/px4_msgs/msg/detail/sensor_hygrometer__rosidl_typesupport_introspection_cpp.hpp\n'}
[6.121405] (px4_msgs) StdoutLine: {'line': b'-- Up-to-date: /home/subhalaxmi/nidar_ws/install/px4_msgs/include/px4_msgs/px4_msgs/msg/detail/yaw_estimator_status__type_support.cpp\n'}
[6.121650] (px4_msgs) StdoutLine: {'line': b'-- Up-to-date: /home/subhalaxmi/nidar_ws/install/px4_msgs/include/px4_msgs/px4_msgs/msg/detail/estimator_aid_source1d__type_support.cpp\n'}
[6.121874] (px4_msgs) StdoutLine: {'line': b'-- Up-to-date: /home/subhalaxmi/nidar_ws/install/px4_msgs/include/px4_msgs/px4_msgs/msg/detail/gpio_request__type_support.cpp\n'}
[6.122063] (px4_msgs) StdoutLine: {'line': b'-- Up-to-date: /home/subhalaxmi/nidar_ws/install/px4_msgs/include/px4_msgs/px4_msgs/msg/detail/vehicle_imu__rosidl_typesupport_introspection_cpp.hpp\n'}
[6.122261] (px4_msgs) StdoutLine: {'line': b'-- Up-to-date: /home/subhalaxmi/nidar_ws/install/px4_msgs/include/px4_msgs/px4_msgs/msg/detail/cellular_status__type_support.cpp\n'}
[6.122480] (px4_msgs) StdoutLine: {'line': b'-- Up-to-date: /home/subhalaxmi/nidar_ws/install/px4_msgs/include/px4_msgs/px4_msgs/msg/detail/parameter_set_used_request__type_support.cpp\n'}
[6.126055] (px4_msgs) StdoutLine: {'line': b'-- Up-to-date: /home/subhalaxmi/nidar_ws/install/px4_msgs/include/px4_msgs/px4_msgs/msg/detail/rpm__type_support.cpp\n'}
[6.126328] (px4_msgs) StdoutLine: {'line': b'-- Up-to-date: /home/subhalaxmi/nidar_ws/install/px4_msgs/include/px4_msgs/px4_msgs/msg/detail/distance_sensor_mode_change_request__rosidl_typesupport_introspection_cpp.hpp\n'}
[6.126544] (px4_msgs) StdoutLine: {'line': b'-- Up-to-date: /home/subhalaxmi/nidar_ws/install/px4_msgs/include/px4_msgs/px4_msgs/msg/detail/fixed_wing_longitudinal_setpoint__type_support.cpp\n'}
[6.126758] (px4_msgs) StdoutLine: {'line': b'-- Up-to-date: /home/subhalaxmi/nidar_ws/install/px4_msgs/include/px4_msgs/px4_msgs/msg/detail/gpio_in__rosidl_typesupport_introspection_cpp.hpp\n'}
[6.126944] (px4_msgs) StdoutLine: {'line': b'-- Up-to-date: /home/subhalaxmi/nidar_ws/install/px4_msgs/include/px4_msgs/px4_msgs/msg/detail/telemetry_status__rosidl_typesupport_introspection_cpp.hpp\n'}
[6.127130] (px4_msgs) StdoutLine: {'line': b'-- Up-to-date: /home/subhalaxmi/nidar_ws/install/px4_msgs/include/px4_msgs/px4_msgs/msg/detail/rover_speed_setpoint__type_support.cpp\n'}
[6.127315] (px4_msgs) StdoutLine: {'line': b'-- Up-to-date: /home/subhalaxmi/nidar_ws/install/px4_msgs/include/px4_msgs/px4_msgs/msg/detail/button_event__type_support.cpp\n'}
[6.127494] (px4_msgs) StdoutLine: {'line': b'-- Up-to-date: /home/subhalaxmi/nidar_ws/install/px4_msgs/include/px4_msgs/px4_msgs/msg/detail/tiltrotor_extra_controls__type_support.cpp\n'}
[6.127777] (px4_msgs) StdoutLine: {'line': b'-- Up-to-date: /home/subhalaxmi/nidar_ws/install/px4_msgs/include/px4_msgs/px4_msgs/msg/detail/sensor_gyro__type_support.cpp\n'}
[6.130633] (px4_msgs) StdoutLine: {'line': b'-- Up-to-date: /home/subhalaxmi/nidar_ws/install/px4_msgs/include/px4_msgs/px4_msgs/msg/detail/actuator_motors__type_support.cpp\n'}
[6.130873] (px4_msgs) StdoutLine: {'line': b'-- Up-to-date: /home/subhalaxmi/nidar_ws/install/px4_msgs/include/px4_msgs/px4_msgs/msg/detail/navigator_status__type_support.cpp\n'}
[6.131089] (px4_msgs) StdoutLine: {'line': b'-- Up-to-date: /home/subhalaxmi/nidar_ws/install/px4_msgs/include/px4_msgs/px4_msgs/msg/detail/estimator_gps_status__rosidl_typesupport_introspection_cpp.hpp\n'}
[6.131281] (px4_msgs) StdoutLine: {'line': b'-- Up-to-date: /home/subhalaxmi/nidar_ws/install/px4_msgs/include/px4_msgs/px4_msgs/msg/detail/sensor_gyro_fft__rosidl_typesupport_introspection_cpp.hpp\n'}
[6.131487] (px4_msgs) StdoutLine: {'line': b'-- Up-to-date: /home/subhalaxmi/nidar_ws/install/px4_msgs/include/px4_msgs/px4_msgs/msg/detail/message_format_request__rosidl_typesupport_introspection_cpp.hpp\n'}
[6.131783] (px4_msgs) StdoutLine: {'line': b'-- Up-to-date: /home/subhalaxmi/nidar_ws/install/px4_msgs/include/px4_msgs/px4_msgs/msg/detail/sensor_gps__type_support.cpp\n'}
[6.131976] (px4_msgs) StdoutLine: {'line': b'-- Up-to-date: /home/subhalaxmi/nidar_ws/install/px4_msgs/include/px4_msgs/px4_msgs/msg/detail/longitudinal_control_configuration__type_support.cpp\n'}
[6.132166] (px4_msgs) StdoutLine: {'line': b'-- Up-to-date: /home/subhalaxmi/nidar_ws/install/px4_msgs/include/px4_msgs/px4_msgs/msg/detail/mag_worker_data__rosidl_typesupport_introspection_cpp.hpp\n'}
[6.132372] (px4_msgs) StdoutLine: {'line': b'-- Up-to-date: /home/subhalaxmi/nidar_ws/install/px4_msgs/include/px4_msgs/px4_msgs/msg/detail/gimbal_device_set_attitude__rosidl_typesupport_introspection_cpp.hpp\n'}
[6.132571] (px4_msgs) StdoutLine: {'line': b'-- Up-to-date: /home/subhalaxmi/nidar_ws/install/px4_msgs/include/px4_msgs/px4_msgs/msg/detail/rover_attitude_setpoint__rosidl_typesupport_introspection_cpp.hpp\n'}
[6.135792] (px4_msgs) StdoutLine: {'line': b'-- Up-to-date: /home/subhalaxmi/nidar_ws/install/px4_msgs/include/px4_msgs/px4_msgs/msg/detail/lateral_control_configuration__type_support.cpp\n'}
[6.136117] (px4_msgs) StdoutLine: {'line': b'-- Up-to-date: /home/subhalaxmi/nidar_ws/install/px4_msgs/include/px4_msgs/px4_msgs/msg/detail/system_power__type_support.cpp\n'}
[6.136328] (px4_msgs) StdoutLine: {'line': b'-- Up-to-date: /home/subhalaxmi/nidar_ws/install/px4_msgs/include/px4_msgs/px4_msgs/msg/detail/uavcan_parameter_request__rosidl_typesupport_introspection_cpp.hpp\n'}
[6.136521] (px4_msgs) StdoutLine: {'line': b'-- Up-to-date: /home/subhalaxmi/nidar_ws/install/px4_msgs/include/px4_msgs/px4_msgs/msg/detail/position_controller_status__rosidl_typesupport_introspection_cpp.hpp\n'}
[6.136779] (px4_msgs) StdoutLine: {'line': b'-- Up-to-date: /home/subhalaxmi/nidar_ws/install/px4_msgs/include/px4_msgs/px4_msgs/msg/detail/fixed_wing_lateral_status__rosidl_typesupport_introspection_cpp.hpp\n'}
[6.137064] (px4_msgs) StdoutLine: {'line': b'-- Up-to-date: /home/subhalaxmi/nidar_ws/install/px4_msgs/include/px4_msgs/px4_msgs/srv\n'}
[6.137251] (px4_msgs) StdoutLine: {'line': b'-- Up-to-date: /home/subhalaxmi/nidar_ws/install/px4_msgs/include/px4_msgs/px4_msgs/srv/detail\n'}
[6.137447] (px4_msgs) StdoutLine: {'line': b'-- Up-to-date: /home/subhalaxmi/nidar_ws/install/px4_msgs/include/px4_msgs/px4_msgs/srv/detail/vehicle_command__rosidl_typesupport_introspection_cpp.hpp\n'}
[6.137825] (px4_msgs) StdoutLine: {'line': b'-- Up-to-date: /home/subhalaxmi/nidar_ws/install/px4_msgs/include/px4_msgs/px4_msgs/srv/detail/vehicle_command__type_support.cpp\n'}
[6.138046] (px4_msgs) StdoutLine: {'line': b'-- Up-to-date: /home/subhalaxmi/nidar_ws/install/px4_msgs/lib/libpx4_msgs__rosidl_typesupport_introspection_cpp.so\n'}
[6.140673] (px4_msgs) StdoutLine: {'line': b'-- Up-to-date: /home/subhalaxmi/nidar_ws/install/px4_msgs/lib/libpx4_msgs__rosidl_typesupport_cpp.so\n'}
[6.140997] (px4_msgs) StdoutLine: {'line': b'-- Up-to-date: /home/subhalaxmi/nidar_ws/install/px4_msgs/share/px4_msgs/environment/pythonpath.sh\n'}
[6.141201] (px4_msgs) StdoutLine: {'line': b'-- Up-to-date: /home/subhalaxmi/nidar_ws/install/px4_msgs/share/px4_msgs/environment/pythonpath.dsv\n'}
[6.141391] (px4_msgs) StdoutLine: {'line': b'-- Up-to-date: /home/subhalaxmi/nidar_ws/install/px4_msgs/local/lib/python3.10/dist-packages/px4_msgs-2.0.1-py3.10.egg-info\n'}
[6.141608] (px4_msgs) StdoutLine: {'line': b'-- Installing: /home/subhalaxmi/nidar_ws/install/px4_msgs/local/lib/python3.10/dist-packages/px4_msgs-2.0.1-py3.10.egg-info/PKG-INFO\n'}
[6.141845] (px4_msgs) StdoutLine: {'line': b'-- Installing: /home/subhalaxmi/nidar_ws/install/px4_msgs/local/lib/python3.10/dist-packages/px4_msgs-2.0.1-py3.10.egg-info/SOURCES.txt\n'}
[6.142120] (px4_msgs) StdoutLine: {'line': b'-- Installing: /home/subhalaxmi/nidar_ws/install/px4_msgs/local/lib/python3.10/dist-packages/px4_msgs-2.0.1-py3.10.egg-info/top_level.txt\n'}
[6.142331] (px4_msgs) StdoutLine: {'line': b'-- Installing: /home/subhalaxmi/nidar_ws/install/px4_msgs/local/lib/python3.10/dist-packages/px4_msgs-2.0.1-py3.10.egg-info/dependency_links.txt\n'}
[6.142578] (px4_msgs) StdoutLine: {'line': b'-- Up-to-date: /home/subhalaxmi/nidar_ws/install/px4_msgs/local/lib/python3.10/dist-packages/px4_msgs\n'}
[6.142863] (px4_msgs) StdoutLine: {'line': b'-- Up-to-date: /home/subhalaxmi/nidar_ws/install/px4_msgs/local/lib/python3.10/dist-packages/px4_msgs/px4_msgs_s__rosidl_typesupport_introspection_c.cpython-310-x86_64-linux-gnu.so\n'}
[6.143048] (px4_msgs) StdoutLine: {'line': b'-- Up-to-date: /home/subhalaxmi/nidar_ws/install/px4_msgs/local/lib/python3.10/dist-packages/px4_msgs/libpx4_msgs__rosidl_generator_py.so\n'}
[6.143307] (px4_msgs) StdoutLine: {'line': b'-- Up-to-date: /home/subhalaxmi/nidar_ws/install/px4_msgs/local/lib/python3.10/dist-packages/px4_msgs/__init__.py\n'}
[6.143497] (px4_msgs) StdoutLine: {'line': b'-- Up-to-date: /home/subhalaxmi/nidar_ws/install/px4_msgs/local/lib/python3.10/dist-packages/px4_msgs/msg\n'}
[6.143725] (px4_msgs) StdoutLine: {'line': b'-- Up-to-date: /home/subhalaxmi/nidar_ws/install/px4_msgs/local/lib/python3.10/dist-packages/px4_msgs/msg/_orb_test_medium_s.c\n'}
[6.143918] (px4_msgs) StdoutLine: {'line': b'-- Up-to-date: /home/subhalaxmi/nidar_ws/install/px4_msgs/local/lib/python3.10/dist-packages/px4_msgs/msg/_vehicle_thrust_setpoint_s.c\n'}
[6.144104] (px4_msgs) StdoutLine: {'line': b'-- Up-to-date: /home/subhalaxmi/nidar_ws/install/px4_msgs/local/lib/python3.10/dist-packages/px4_msgs/msg/_rover_attitude_status_s.c\n'}
[6.144287] (px4_msgs) StdoutLine: {'line': b'-- Up-to-date: /home/subhalaxmi/nidar_ws/install/px4_msgs/local/lib/python3.10/dist-packages/px4_msgs/msg/_landing_target_pose.py\n'}
[6.144518] (px4_msgs) StdoutLine: {'line': b'-- Up-to-date: /home/subhalaxmi/nidar_ws/install/px4_msgs/local/lib/python3.10/dist-packages/px4_msgs/msg/_fuel_tank_status_s.c\n'}
[6.147929] (px4_msgs) StdoutLine: {'line': b'-- Up-to-date: /home/subhalaxmi/nidar_ws/install/px4_msgs/local/lib/python3.10/dist-packages/px4_msgs/msg/_health_report_s.c\n'}
[6.148175] (px4_msgs) StdoutLine: {'line': b'-- Up-to-date: /home/subhalaxmi/nidar_ws/install/px4_msgs/local/lib/python3.10/dist-packages/px4_msgs/msg/_sensor_combined.py\n'}
[6.148419] (px4_msgs) StdoutLine: {'line': b'-- Up-to-date: /home/subhalaxmi/nidar_ws/install/px4_msgs/local/lib/python3.10/dist-packages/px4_msgs/msg/_message_format_response.py\n'}
[6.150594] (px4_msgs) StdoutLine: {'line': b'-- Up-to-date: /home/subhalaxmi/nidar_ws/install/px4_msgs/local/lib/python3.10/dist-packages/px4_msgs/msg/_button_event.py\n'}
[6.150858] (px4_msgs) StdoutLine: {'line': b'-- Up-to-date: /home/subhalaxmi/nidar_ws/install/px4_msgs/local/lib/python3.10/dist-packages/px4_msgs/msg/_sensor_combined_s.c\n'}
[6.151089] (px4_msgs) StdoutLine: {'line': b'-- Up-to-date: /home/subhalaxmi/nidar_ws/install/px4_msgs/local/lib/python3.10/dist-packages/px4_msgs/msg/_uavcan_parameter_value.py\n'}
[6.151319] (px4_msgs) StdoutLine: {'line': b'-- Up-to-date: /home/subhalaxmi/nidar_ws/install/px4_msgs/local/lib/python3.10/dist-packages/px4_msgs/msg/_normalized_unsigned_setpoint.py\n'}
[6.151547] (px4_msgs) StdoutLine: {'line': b'-- Up-to-date: /home/subhalaxmi/nidar_ws/install/px4_msgs/local/lib/python3.10/dist-packages/px4_msgs/msg/_adc_report_s.c\n'}
[6.151828] (px4_msgs) StdoutLine: {'line': b'-- Up-to-date: /home/subhalaxmi/nidar_ws/install/px4_msgs/local/lib/python3.10/dist-packages/px4_msgs/msg/_debug_array.py\n'}
[6.152039] (px4_msgs) StdoutLine: {'line': b'-- Up-to-date: /home/subhalaxmi/nidar_ws/install/px4_msgs/local/lib/python3.10/dist-packages/px4_msgs/msg/_gimbal_controls_s.c\n'}
[6.152250] (px4_msgs) StdoutLine: {'line': b'-- Up-to-date: /home/subhalaxmi/nidar_ws/install/px4_msgs/local/lib/python3.10/dist-packages/px4_msgs/msg/_timesync_status_s.c\n'}
[6.152489] (px4_msgs) StdoutLine: {'line': b'-- Up-to-date: /home/subhalaxmi/nidar_ws/install/px4_msgs/local/lib/python3.10/dist-packages/px4_msgs/msg/_actuator_servos_trim.py\n'}
[6.152826] (px4_msgs) StdoutLine: {'line': b'-- Up-to-date: /home/subhalaxmi/nidar_ws/install/px4_msgs/local/lib/python3.10/dist-packages/px4_msgs/msg/_message_format_response_s.c\n'}
[6.153029] (px4_msgs) StdoutLine: {'line': b'-- Up-to-date: /home/subhalaxmi/nidar_ws/install/px4_msgs/local/lib/python3.10/dist-packages/px4_msgs/msg/_can_interface_status_s.c\n'}
[6.153223] (px4_msgs) StdoutLine: {'line': b'-- Up-to-date: /home/subhalaxmi/nidar_ws/install/px4_msgs/local/lib/python3.10/dist-packages/px4_msgs/msg/_yaw_estimator_status_s.c\n'}
[6.153412] (px4_msgs) StdoutLine: {'line': b'-- Up-to-date: /home/subhalaxmi/nidar_ws/install/px4_msgs/local/lib/python3.10/dist-packages/px4_msgs/msg/_qshell_req.py\n'}
[6.153713] (px4_msgs) StdoutLine: {'line': b'-- Up-to-date: /home/subhalaxmi/nidar_ws/install/px4_msgs/local/lib/python3.10/dist-packages/px4_msgs/msg/_arming_check_reply.py\n'}
[6.153921] (px4_msgs) StdoutLine: {'line': b'-- Up-to-date: /home/subhalaxmi/nidar_ws/install/px4_msgs/local/lib/python3.10/dist-packages/px4_msgs/msg/_estimator_states_s.c\n'}
[6.154109] (px4_msgs) StdoutLine: {'line': b'-- Up-to-date: /home/subhalaxmi/nidar_ws/install/px4_msgs/local/lib/python3.10/dist-packages/px4_msgs/msg/_vehicle_odometry_s.c\n'}
[6.154295] (px4_msgs) StdoutLine: {'line': b'-- Up-to-date: /home/subhalaxmi/nidar_ws/install/px4_msgs/local/lib/python3.10/dist-packages/px4_msgs/msg/_landing_target_pose_s.c\n'}
[6.154482] (px4_msgs) StdoutLine: {'line': b'-- Up-to-date: /home/subhalaxmi/nidar_ws/install/px4_msgs/local/lib/python3.10/dist-packages/px4_msgs/msg/_input_rc_s.c\n'}
[6.154703] (px4_msgs) StdoutLine: {'line': b'-- Up-to-date: /home/subhalaxmi/nidar_ws/install/px4_msgs/local/lib/python3.10/dist-packages/px4_msgs/msg/_vehicle_optical_flow_s.c\n'}
[6.154889] (px4_msgs) StdoutLine: {'line': b'-- Up-to-date: /home/subhalaxmi/nidar_ws/install/px4_msgs/local/lib/python3.10/dist-packages/px4_msgs/msg/_obstacle_distance_s.c\n'}
[6.156263] (px4_msgs) StdoutLine: {'line': b'-- Up-to-date: /home/subhalaxmi/nidar_ws/install/px4_msgs/local/lib/python3.10/dist-packages/px4_msgs/msg/_dataman_request.py\n'}
[6.156641] (px4_msgs) StdoutLine: {'line': b'-- Up-to-date: /home/subhalaxmi/nidar_ws/install/px4_msgs/local/lib/python3.10/dist-packages/px4_msgs/msg/_parameter_set_value_request_s.c\n'}
[6.156869] (px4_msgs) StdoutLine: {'line': b'-- Up-to-date: /home/subhalaxmi/nidar_ws/install/px4_msgs/local/lib/python3.10/dist-packages/px4_msgs/msg/_mission_result.py\n'}
[6.157067] (px4_msgs) StdoutLine: {'line': b'-- Up-to-date: /home/subhalaxmi/nidar_ws/install/px4_msgs/local/lib/python3.10/dist-packages/px4_msgs/msg/_estimator_innovations_s.c\n'}
[6.157259] (px4_msgs) StdoutLine: {'line': b'-- Up-to-date: /home/subhalaxmi/nidar_ws/install/px4_msgs/local/lib/python3.10/dist-packages/px4_msgs/msg/_vehicle_odometry.py\n'}
[6.157441] (px4_msgs) StdoutLine: {'line': b'-- Up-to-date: /home/subhalaxmi/nidar_ws/install/px4_msgs/local/lib/python3.10/dist-packages/px4_msgs/msg/_fixed_wing_runway_control_s.c\n'}
[6.159580] (px4_msgs) StdoutLine: {'line': b'-- Up-to-date: /home/subhalaxmi/nidar_ws/install/px4_msgs/local/lib/python3.10/dist-packages/px4_msgs/msg/_tiltrotor_extra_controls_s.c\n'}
[6.159834] (px4_msgs) StdoutLine: {'line': b'-- Up-to-date: /home/subhalaxmi/nidar_ws/install/px4_msgs/local/lib/python3.10/dist-packages/px4_msgs/msg/_rpm.py\n'}
[6.160034] (px4_msgs) StdoutLine: {'line': b'-- Up-to-date: /home/subhalaxmi/nidar_ws/install/px4_msgs/local/lib/python3.10/dist-packages/px4_msgs/msg/_rover_speed_status_s.c\n'}
[6.160259] (px4_msgs) StdoutLine: {'line': b'-- Up-to-date: /home/subhalaxmi/nidar_ws/install/px4_msgs/local/lib/python3.10/dist-packages/px4_msgs/msg/_fixed_wing_lateral_status.py\n'}
[6.162008] (px4_msgs) StdoutLine: {'line': b'-- Up-to-date: /home/subhalaxmi/nidar_ws/install/px4_msgs/local/lib/python3.10/dist-packages/px4_msgs/msg/_vehicle_attitude_s.c\n'}
[6.162253] (px4_msgs) StdoutLine: {'line': b'-- Up-to-date: /home/subhalaxmi/nidar_ws/install/px4_msgs/local/lib/python3.10/dist-packages/px4_msgs/msg/_collision_constraints_s.c\n'}
[6.162452] (px4_msgs) StdoutLine: {'line': b'-- Up-to-date: /home/subhalaxmi/nidar_ws/install/px4_msgs/local/lib/python3.10/dist-packages/px4_msgs/msg/_vehicle_rates_setpoint.py\n'}
[6.162672] (px4_msgs) StdoutLine: {'line': b'-- Up-to-date: /home/subhalaxmi/nidar_ws/install/px4_msgs/local/lib/python3.10/dist-packages/px4_msgs/msg/_task_stack_info.py\n'}
[6.162907] (px4_msgs) StdoutLine: {'line': b'-- Up-to-date: /home/subhalaxmi/nidar_ws/install/px4_msgs/local/lib/python3.10/dist-packages/px4_msgs/msg/_button_event_s.c\n'}
[6.163962] (px4_msgs) StdoutLine: {'line': b'-- Up-to-date: /home/subhalaxmi/nidar_ws/install/px4_msgs/local/lib/python3.10/dist-packages/px4_msgs/msg/_landing_gear_wheel_s.c\n'}
[6.164191] (px4_msgs) StdoutLine: {'line': b'-- Up-to-date: /home/subhalaxmi/nidar_ws/install/px4_msgs/local/lib/python3.10/dist-packages/px4_msgs/msg/_vtx_s.c\n'}
[6.164371] (px4_msgs) StdoutLine: {'line': b'-- Up-to-date: /home/subhalaxmi/nidar_ws/install/px4_msgs/local/lib/python3.10/dist-packages/px4_msgs/msg/_dronecan_node_status.py\n'}
[6.164557] (px4_msgs) StdoutLine: {'line': b'-- Up-to-date: /home/subhalaxmi/nidar_ws/install/px4_msgs/local/lib/python3.10/dist-packages/px4_msgs/msg/_action_request.py\n'}
[6.164784] (px4_msgs) StdoutLine: {'line': b'-- Up-to-date: /home/subhalaxmi/nidar_ws/install/px4_msgs/local/lib/python3.10/dist-packages/px4_msgs/msg/_ulog_stream_ack_s.c\n'}
[6.164964] (px4_msgs) StdoutLine: {'line': b'-- Up-to-date: /home/subhalaxmi/nidar_ws/install/px4_msgs/local/lib/python3.10/dist-packages/px4_msgs/msg/_pwm_input.py\n'}
[6.165139] (px4_msgs) StdoutLine: {'line': b'-- Up-to-date: /home/subhalaxmi/nidar_ws/install/px4_msgs/local/lib/python3.10/dist-packages/px4_msgs/msg/_landing_gear.py\n'}
[6.165310] (px4_msgs) StdoutLine: {'line': b'-- Up-to-date: /home/subhalaxmi/nidar_ws/install/px4_msgs/local/lib/python3.10/dist-packages/px4_msgs/msg/_position_setpoint_triplet.py\n'}
[6.165481] (px4_msgs) StdoutLine: {'line': b'-- Up-to-date: /home/subhalaxmi/nidar_ws/install/px4_msgs/local/lib/python3.10/dist-packages/px4_msgs/msg/_cpuload.py\n'}
[6.165692] (px4_msgs) StdoutLine: {'line': b'-- Up-to-date: /home/subhalaxmi/nidar_ws/install/px4_msgs/local/lib/python3.10/dist-packages/px4_msgs/msg/_raptor_input.py\n'}
[6.165875] (px4_msgs) StdoutLine: {'line': b'-- Up-to-date: /home/subhalaxmi/nidar_ws/install/px4_msgs/local/lib/python3.10/dist-packages/px4_msgs/msg/_vehicle_air_data_s.c\n'}
[6.166057] (px4_msgs) StdoutLine: {'line': b'-- Up-to-date: /home/subhalaxmi/nidar_ws/install/px4_msgs/local/lib/python3.10/dist-packages/px4_msgs/msg/_unregister_ext_component.py\n'}
[6.166243] (px4_msgs) StdoutLine: {'line': b'-- Up-to-date: /home/subhalaxmi/nidar_ws/install/px4_msgs/local/lib/python3.10/dist-packages/px4_msgs/msg/_gimbal_manager_set_manual_control_s.c\n'}
[6.166425] (px4_msgs) StdoutLine: {'line': b'-- Up-to-date: /home/subhalaxmi/nidar_ws/install/px4_msgs/local/lib/python3.10/dist-packages/px4_msgs/msg/_parameter_update_s.c\n'}
[6.168886] (px4_msgs) StdoutLine: {'line': b'-- Up-to-date: /home/subhalaxmi/nidar_ws/install/px4_msgs/local/lib/python3.10/dist-packages/px4_msgs/msg/_estimator_aid_source2d_s.c\n'}
[6.169099] (px4_msgs) StdoutLine: {'line': b'-- Up-to-date: /home/subhalaxmi/nidar_ws/install/px4_msgs/local/lib/python3.10/dist-packages/px4_msgs/msg/_pwm_input_s.c\n'}
[6.169266] (px4_msgs) StdoutLine: {'line': b'-- Up-to-date: /home/subhalaxmi/nidar_ws/install/px4_msgs/local/lib/python3.10/dist-packages/px4_msgs/msg/_task_stack_info_s.c\n'}
[6.169427] (px4_msgs) StdoutLine: {'line': b'-- Up-to-date: /home/subhalaxmi/nidar_ws/install/px4_msgs/local/lib/python3.10/dist-packages/px4_msgs/msg/_camera_trigger_s.c\n'}
[6.169628] (px4_msgs) StdoutLine: {'line': b'-- Up-to-date: /home/subhalaxmi/nidar_ws/install/px4_msgs/local/lib/python3.10/dist-packages/px4_msgs/msg/_actuator_motors_s.c\n'}
[6.171698] (px4_msgs) StdoutLine: {'line': b'-- Up-to-date: /home/subhalaxmi/nidar_ws/install/px4_msgs/local/lib/python3.10/dist-packages/px4_msgs/msg/_debug_value.py\n'}
[6.171984] (px4_msgs) StdoutLine: {'line': b'-- Up-to-date: /home/subhalaxmi/nidar_ws/install/px4_msgs/local/lib/python3.10/dist-packages/px4_msgs/msg/_follow_target_estimator_s.c\n'}
[6.172178] (px4_msgs) StdoutLine: {'line': b'-- Up-to-date: /home/subhalaxmi/nidar_ws/install/px4_msgs/local/lib/python3.10/dist-packages/px4_msgs/msg/_generator_status_s.c\n'}
[6.172399] (px4_msgs) StdoutLine: {'line': b'-- Up-to-date: /home/subhalaxmi/nidar_ws/install/px4_msgs/local/lib/python3.10/dist-packages/px4_msgs/msg/_parameter_set_value_response_s.c\n'}
[6.173710] (px4_msgs) StdoutLine: {'line': b'-- Up-to-date: /home/subhalaxmi/nidar_ws/install/px4_msgs/local/lib/python3.10/dist-packages/px4_msgs/msg/_sensor_optical_flow.py\n'}
[6.173959] (px4_msgs) StdoutLine: {'line': b'-- Up-to-date: /home/subhalaxmi/nidar_ws/install/px4_msgs/local/lib/python3.10/dist-packages/px4_msgs/msg/_camera_capture.py\n'}
[6.174162] (px4_msgs) StdoutLine: {'line': b'-- Up-to-date: /home/subhalaxmi/nidar_ws/install/px4_msgs/local/lib/python3.10/dist-packages/px4_msgs/msg/_config_overrides.py\n'}
[6.174356] (px4_msgs) StdoutLine: {'line': b'-- Up-to-date: /home/subhalaxmi/nidar_ws/install/px4_msgs/local/lib/python3.10/dist-packages/px4_msgs/msg/_gimbal_controls.py\n'}
[6.174556] (px4_msgs) StdoutLine: {'line': b'-- Up-to-date: /home/subhalaxmi/nidar_ws/install/px4_msgs/local/lib/python3.10/dist-packages/px4_msgs/msg/_wind.py\n'}
[6.174787] (px4_msgs) StdoutLine: {'line': b'-- Up-to-date: /home/subhalaxmi/nidar_ws/install/px4_msgs/local/lib/python3.10/dist-packages/px4_msgs/msg/_position_setpoint.py\n'}
[6.175000] (px4_msgs) StdoutLine: {'line': b'-- Up-to-date: /home/subhalaxmi/nidar_ws/install/px4_msgs/local/lib/python3.10/dist-packages/px4_msgs/msg/_sensor_gnss_relative_s.c\n'}
[6.177648] (px4_msgs) StdoutLine: {'line': b'-- Up-to-date: /home/subhalaxmi/nidar_ws/install/px4_msgs/local/lib/python3.10/dist-packages/px4_msgs/msg/_system_power_s.c\n'}
[6.177939] (px4_msgs) StdoutLine: {'line': b'-- Up-to-date: /home/subhalaxmi/nidar_ws/install/px4_msgs/local/lib/python3.10/dist-packages/px4_msgs/msg/_fixed_wing_longitudinal_setpoint_s.c\n'}
[6.178122] (px4_msgs) StdoutLine: {'line': b'-- Up-to-date: /home/subhalaxmi/nidar_ws/install/px4_msgs/local/lib/python3.10/dist-packages/px4_msgs/msg/_transponder_report_s.c\n'}
[6.178296] (px4_msgs) StdoutLine: {'line': b'-- Up-to-date: /home/subhalaxmi/nidar_ws/install/px4_msgs/local/lib/python3.10/dist-packages/px4_msgs/msg/_register_ext_component_reply.py\n'}
[6.178511] (px4_msgs) StdoutLine: {'line': b'-- Up-to-date: /home/subhalaxmi/nidar_ws/install/px4_msgs/local/lib/python3.10/dist-packages/px4_msgs/msg/_vehicle_local_position_setpoint.py\n'}
[6.182023] (px4_msgs) StdoutLine: {'line': b'-- Up-to-date: /home/subhalaxmi/nidar_ws/install/px4_msgs/local/lib/python3.10/dist-packages/px4_msgs/msg/_camera_status_s.c\n'}
[6.182228] (px4_msgs) StdoutLine: {'line': b'-- Up-to-date: /home/subhalaxmi/nidar_ws/install/px4_msgs/local/lib/python3.10/dist-packages/px4_msgs/msg/_actuator_outputs_s.c\n'}
[6.182444] (px4_msgs) StdoutLine: {'line': b'-- Up-to-date: /home/subhalaxmi/nidar_ws/install/px4_msgs/local/lib/python3.10/dist-packages/px4_msgs/msg/_pure_pursuit_status.py\n'}
[6.182741] (px4_msgs) StdoutLine: {'line': b'-- Up-to-date: /home/subhalaxmi/nidar_ws/install/px4_msgs/local/lib/python3.10/dist-packages/px4_msgs/msg/_orb_test_s.c\n'}
[6.182930] (px4_msgs) StdoutLine: {'line': b'-- Up-to-date: /home/subhalaxmi/nidar_ws/install/px4_msgs/local/lib/python3.10/dist-packages/px4_msgs/msg/_rtl_status.py\n'}
[6.183101] (px4_msgs) StdoutLine: {'line': b'-- Up-to-date: /home/subhalaxmi/nidar_ws/install/px4_msgs/local/lib/python3.10/dist-packages/px4_msgs/msg/_vehicle_constraints_s.c\n'}
[6.183272] (px4_msgs) StdoutLine: {'line': b'-- Up-to-date: /home/subhalaxmi/nidar_ws/install/px4_msgs/local/lib/python3.10/dist-packages/px4_msgs/msg/_estimator_gps_status_s.c\n'}
[6.183465] (px4_msgs) StdoutLine: {'line': b'-- Up-to-date: /home/subhalaxmi/nidar_ws/install/px4_msgs/local/lib/python3.10/dist-packages/px4_msgs/msg/_transponder_report.py\n'}
[6.183748] (px4_msgs) StdoutLine: {'line': b'-- Up-to-date: /home/subhalaxmi/nidar_ws/install/px4_msgs/local/lib/python3.10/dist-packages/px4_msgs/msg/_vehicle_angular_acceleration_setpoint_s.c\n'}
[6.183929] (px4_msgs) StdoutLine: {'line': b'-- Up-to-date: /home/subhalaxmi/nidar_ws/install/px4_msgs/local/lib/python3.10/dist-packages/px4_msgs/msg/_distance_sensor_mode_change_request.py\n'}
[6.184097] (px4_msgs) StdoutLine: {'line': b'-- Up-to-date: /home/subhalaxmi/nidar_ws/install/px4_msgs/local/lib/python3.10/dist-packages/px4_msgs/msg/_sensor_gyro_fifo_s.c\n'}
[6.184266] (px4_msgs) StdoutLine: {'line': b'-- Up-to-date: /home/subhalaxmi/nidar_ws/install/px4_msgs/local/lib/python3.10/dist-packages/px4_msgs/msg/_gimbal_device_set_attitude_s.c\n'}
[6.184457] (px4_msgs) StdoutLine: {'line': b'-- Up-to-date: /home/subhalaxmi/nidar_ws/install/px4_msgs/local/lib/python3.10/dist-packages/px4_msgs/msg/_failure_detector_status_s.c\n'}
[6.184675] (px4_msgs) StdoutLine: {'line': b'-- Up-to-date: /home/subhalaxmi/nidar_ws/install/px4_msgs/local/lib/python3.10/dist-packages/px4_msgs/msg/_estimator_selector_status_s.c\n'}
[6.184881] (px4_msgs) StdoutLine: {'line': b'-- Up-to-date: /home/subhalaxmi/nidar_ws/install/px4_msgs/local/lib/python3.10/dist-packages/px4_msgs/msg/_fixed_wing_lateral_setpoint.py\n'}
[6.185093] (px4_msgs) StdoutLine: {'line': b'-- Up-to-date: /home/subhalaxmi/nidar_ws/install/px4_msgs/local/lib/python3.10/dist-packages/px4_msgs/msg/_manual_control_switches_s.c\n'}
[6.185291] (px4_msgs) StdoutLine: {'line': b'-- Up-to-date: /home/subhalaxmi/nidar_ws/install/px4_msgs/local/lib/python3.10/dist-packages/px4_msgs/msg/_failure_detector_status.py\n'}
[6.185487] (px4_msgs) StdoutLine: {'line': b'-- Up-to-date: /home/subhalaxmi/nidar_ws/install/px4_msgs/local/lib/python3.10/dist-packages/px4_msgs/msg/_rpm_s.c\n'}
[6.188763] (px4_msgs) StdoutLine: {'line': b'-- Up-to-date: /home/subhalaxmi/nidar_ws/install/px4_msgs/local/lib/python3.10/dist-packages/px4_msgs/msg/_differential_pressure.py\n'}
[6.188982] (px4_msgs) StdoutLine: {'line': b'-- Up-to-date: /home/subhalaxmi/nidar_ws/install/px4_msgs/local/lib/python3.10/dist-packages/px4_msgs/msg/_airspeed_validated.py\n'}
[6.189160] (px4_msgs) StdoutLine: {'line': b'-- Up-to-date: /home/subhalaxmi/nidar_ws/install/px4_msgs/local/lib/python3.10/dist-packages/px4_msgs/msg/_sensor_correction_s.c\n'}
[6.189327] (px4_msgs) StdoutLine: {'line': b'-- Up-to-date: /home/subhalaxmi/nidar_ws/install/px4_msgs/local/lib/python3.10/dist-packages/px4_msgs/msg/_internal_combustion_engine_control.py\n'}
[6.189494] (px4_msgs) StdoutLine: {'line': b'-- Up-to-date: /home/subhalaxmi/nidar_ws/install/px4_msgs/local/lib/python3.10/dist-packages/px4_msgs/msg/_estimator_sensor_bias_s.c\n'}
[6.189698] (px4_msgs) StdoutLine: {'line': b'-- Up-to-date: /home/subhalaxmi/nidar_ws/install/px4_msgs/local/lib/python3.10/dist-packages/px4_msgs/msg/_figure_eight_status_s.c\n'}
[6.189882] (px4_msgs) StdoutLine: {'line': b'-- Up-to-date: /home/subhalaxmi/nidar_ws/install/px4_msgs/local/lib/python3.10/dist-packages/px4_msgs/msg/_sensor_gnss_relative.py\n'}
[6.190021] (px4_msgs) StdoutLine: {'line': b'-- Up-to-date: /home/subhalaxmi/nidar_ws/install/px4_msgs/local/lib/python3.10/dist-packages/px4_msgs/msg/_velocity_limits.py\n'}
[6.190148] (px4_msgs) StdoutLine: {'line': b'-- Up-to-date: /home/subhalaxmi/nidar_ws/install/px4_msgs/local/lib/python3.10/dist-packages/px4_msgs/msg/_rover_attitude_setpoint_s.c\n'}
[6.190267] (px4_msgs) StdoutLine: {'line': b'-- Up-to-date: /home/subhalaxmi/nidar_ws/install/px4_msgs/local/lib/python3.10/dist-packages/px4_msgs/msg/_mag_worker_data_s.c\n'}
[6.190384] (px4_msgs) StdoutLine: {'line': b'-- Up-to-date: /home/subhalaxmi/nidar_ws/install/px4_msgs/local/lib/python3.10/dist-packages/px4_msgs/msg/_tune_control.py\n'}
[6.190500] (px4_msgs) StdoutLine: {'line': b'-- Up-to-date: /home/subhalaxmi/nidar_ws/install/px4_msgs/local/lib/python3.10/dist-packages/px4_msgs/msg/_telemetry_status.py\n'}
[6.190810] (px4_msgs) StdoutLine: {'line': b'-- Up-to-date: /home/subhalaxmi/nidar_ws/install/px4_msgs/local/lib/python3.10/dist-packages/px4_msgs/msg/_timesync_status.py\n'}
[6.191371] (px4_msgs) StdoutLine: {'line': b'-- Up-to-date: /home/subhalaxmi/nidar_ws/install/px4_msgs/local/lib/python3.10/dist-packages/px4_msgs/msg/_parameter_set_value_request.py\n'}
[6.191508] (px4_msgs) StdoutLine: {'line': b'-- Up-to-date: /home/subhalaxmi/nidar_ws/install/px4_msgs/local/lib/python3.10/dist-packages/px4_msgs/msg/_tiltrotor_extra_controls.py\n'}
[6.191650] (px4_msgs) StdoutLine: {'line': b'-- Up-to-date: /home/subhalaxmi/nidar_ws/install/px4_msgs/local/lib/python3.10/dist-packages/px4_msgs/msg/_satellite_info.py\n'}
[6.191762] (px4_msgs) StdoutLine: {'line': b'-- Up-to-date: /home/subhalaxmi/nidar_ws/install/px4_msgs/local/lib/python3.10/dist-packages/px4_msgs/msg/_geofence_result_s.c\n'}
[6.191861] (px4_msgs) StdoutLine: {'line': b'-- Up-to-date: /home/subhalaxmi/nidar_ws/install/px4_msgs/local/lib/python3.10/dist-packages/px4_msgs/msg/_raptor_status_s.c\n'}
[6.191959] (px4_msgs) StdoutLine: {'line': b'-- Up-to-date: /home/subhalaxmi/nidar_ws/install/px4_msgs/local/lib/python3.10/dist-packages/px4_msgs/msg/_gripper_s.c\n'}
[6.192059] (px4_msgs) StdoutLine: {'line': b'-- Up-to-date: /home/subhalaxmi/nidar_ws/install/px4_msgs/local/lib/python3.10/dist-packages/px4_msgs/msg/_position_controller_landing_status.py\n'}
[6.192158] (px4_msgs) StdoutLine: {'line': b'-- Up-to-date: /home/subhalaxmi/nidar_ws/install/px4_msgs/local/lib/python3.10/dist-packages/px4_msgs/msg/_rover_rate_setpoint_s.c\n'}
[6.192256] (px4_msgs) StdoutLine: {'line': b'-- Up-to-date: /home/subhalaxmi/nidar_ws/install/px4_msgs/local/lib/python3.10/dist-packages/px4_msgs/msg/_vehicle_angular_velocity.py\n'}
[6.192354] (px4_msgs) StdoutLine: {'line': b'-- Up-to-date: /home/subhalaxmi/nidar_ws/install/px4_msgs/local/lib/python3.10/dist-packages/px4_msgs/msg/_sensor_gyro_fifo.py\n'}
[6.192450] (px4_msgs) StdoutLine: {'line': b'-- Up-to-date: /home/subhalaxmi/nidar_ws/install/px4_msgs/local/lib/python3.10/dist-packages/px4_msgs/msg/_home_position_s.c\n'}
[6.192662] (px4_msgs) StdoutLine: {'line': b'-- Up-to-date: /home/subhalaxmi/nidar_ws/install/px4_msgs/local/lib/python3.10/dist-packages/px4_msgs/msg/_estimator_sensor_bias.py\n'}
[6.192863] (px4_msgs) StdoutLine: {'line': b'-- Up-to-date: /home/subhalaxmi/nidar_ws/install/px4_msgs/local/lib/python3.10/dist-packages/px4_msgs/msg/_cellular_status.py\n'}
[6.193060] (px4_msgs) StdoutLine: {'line': b'-- Up-to-date: /home/subhalaxmi/nidar_ws/install/px4_msgs/local/lib/python3.10/dist-packages/px4_msgs/msg/_geofence_status_s.c\n'}
[6.193234] (px4_msgs) StdoutLine: {'line': b'-- Up-to-date: /home/subhalaxmi/nidar_ws/install/px4_msgs/local/lib/python3.10/dist-packages/px4_msgs/msg/_gimbal_manager_set_manual_control.py\n'}
[6.193397] (px4_msgs) StdoutLine: {'line': b'-- Up-to-date: /home/subhalaxmi/nidar_ws/install/px4_msgs/local/lib/python3.10/dist-packages/px4_msgs/msg/_estimator_event_flags_s.c\n'}
[6.193611] (px4_msgs) StdoutLine: {'line': b'-- Up-to-date: /home/subhalaxmi/nidar_ws/install/px4_msgs/local/lib/python3.10/dist-packages/px4_msgs/msg/_vehicle_global_position_s.c\n'}
[6.193805] (px4_msgs) StdoutLine: {'line': b'-- Up-to-date: /home/subhalaxmi/nidar_ws/install/px4_msgs/local/lib/python3.10/dist-packages/px4_msgs/msg/_rover_position_setpoint.py\n'}
[6.193971] (px4_msgs) StdoutLine: {'line': b'-- Up-to-date: /home/subhalaxmi/nidar_ws/install/px4_msgs/local/lib/python3.10/dist-packages/px4_msgs/msg/_gpio_request_s.c\n'}
[6.194139] (px4_msgs) StdoutLine: {'line': b'-- Up-to-date: /home/subhalaxmi/nidar_ws/install/px4_msgs/local/lib/python3.10/dist-packages/px4_msgs/msg/_vehicle_constraints.py\n'}
[6.194304] (px4_msgs) StdoutLine: {'line': b'-- Up-to-date: /home/subhalaxmi/nidar_ws/install/px4_msgs/local/lib/python3.10/dist-packages/px4_msgs/msg/_distance_sensor.py\n'}
[6.194471] (px4_msgs) StdoutLine: {'line': b'-- Up-to-date: /home/subhalaxmi/nidar_ws/install/px4_msgs/local/lib/python3.10/dist-packages/px4_msgs/msg/_sensor_hygrometer.py\n'}
[6.194668] (px4_msgs) StdoutLine: {'line': b'-- Up-to-date: /home/subhalaxmi/nidar_ws/install/px4_msgs/local/lib/python3.10/dist-packages/px4_msgs/msg/_landing_target_innovations.py\n'}
[6.194867] (px4_msgs) StdoutLine: {'line': b'-- Up-to-date: /home/subhalaxmi/nidar_ws/install/px4_msgs/local/lib/python3.10/dist-packages/px4_msgs/msg/_gimbal_manager_set_attitude.py\n'}
[6.195031] (px4_msgs) StdoutLine: {'line': b'-- Up-to-date: /home/subhalaxmi/nidar_ws/install/px4_msgs/local/lib/python3.10/dist-packages/px4_msgs/msg/_rover_rate_status.py\n'}
[6.195196] (px4_msgs) StdoutLine: {'line': b'-- Up-to-date: /home/subhalaxmi/nidar_ws/install/px4_msgs/local/lib/python3.10/dist-packages/px4_msgs/msg/_vehicle_magnetometer.py\n'}
[6.195382] (px4_msgs) StdoutLine: {'line': b'-- Up-to-date: /home/subhalaxmi/nidar_ws/install/px4_msgs/local/lib/python3.10/dist-packages/px4_msgs/msg/_qshell_req_s.c\n'}
[6.195604] (px4_msgs) StdoutLine: {'line': b'-- Up-to-date: /home/subhalaxmi/nidar_ws/install/px4_msgs/local/lib/python3.10/dist-packages/px4_msgs/msg/_sensor_optical_flow_s.c\n'}
[6.195913] (px4_msgs) StdoutLine: {'line': b'-- Up-to-date: /home/subhalaxmi/nidar_ws/install/px4_msgs/local/lib/python3.10/dist-packages/px4_msgs/msg/_flight_phase_estimation_s.c\n'}
[6.196084] (px4_msgs) StdoutLine: {'line': b'-- Up-to-date: /home/subhalaxmi/nidar_ws/install/px4_msgs/local/lib/python3.10/dist-packages/px4_msgs/msg/_adc_report.py\n'}
[6.196246] (px4_msgs) StdoutLine: {'line': b'-- Up-to-date: /home/subhalaxmi/nidar_ws/install/px4_msgs/local/lib/python3.10/dist-packages/px4_msgs/msg/_follow_target.py\n'}
[6.196407] (px4_msgs) StdoutLine: {'line': b'-- Up-to-date: /home/subhalaxmi/nidar_ws/install/px4_msgs/local/lib/python3.10/dist-packages/px4_msgs/msg/_gimbal_device_attitude_status_s.c\n'}
[6.196991] (px4_msgs) StdoutLine: {'line': b'-- Up-to-date: /home/subhalaxmi/nidar_ws/install/px4_msgs/local/lib/python3.10/dist-packages/px4_msgs/msg/_flight_phase_estimation.py\n'}
[6.197231] (px4_msgs) StdoutLine: {'line': b'-- Up-to-date: /home/subhalaxmi/nidar_ws/install/px4_msgs/local/lib/python3.10/dist-packages/px4_msgs/msg/_magnetometer_bias_estimate.py\n'}
[6.197412] (px4_msgs) StdoutLine: {'line': b'-- Up-to-date: /home/subhalaxmi/nidar_ws/install/px4_msgs/local/lib/python3.10/dist-packages/px4_msgs/msg/_position_setpoint_s.c\n'}
[6.197631] (px4_msgs) StdoutLine: {'line': b'-- Up-to-date: /home/subhalaxmi/nidar_ws/install/px4_msgs/local/lib/python3.10/dist-packages/px4_msgs/msg/_takeoff_status_s.c\n'}
[6.197892] (px4_msgs) StdoutLine: {'line': b'-- Up-to-date: /home/subhalaxmi/nidar_ws/install/px4_msgs/local/lib/python3.10/dist-packages/px4_msgs/msg/_radio_status_s.c\n'}
[6.198060] (px4_msgs) StdoutLine: {'line': b'-- Up-to-date: /home/subhalaxmi/nidar_ws/install/px4_msgs/local/lib/python3.10/dist-packages/px4_msgs/msg/_longitudinal_control_configuration.py\n'}
[6.198227] (px4_msgs) StdoutLine: {'line': b'-- Up-to-date: /home/subhalaxmi/nidar_ws/install/px4_msgs/local/lib/python3.10/dist-packages/px4_msgs/msg/_gimbal_device_attitude_status.py\n'}
[6.198385] (px4_msgs) StdoutLine: {'line': b'-- Up-to-date: /home/subhalaxmi/nidar_ws/install/px4_msgs/local/lib/python3.10/dist-packages/px4_msgs/msg/_power_button_state.py\n'}
[6.198554] (px4_msgs) StdoutLine: {'line': b'-- Up-to-date: /home/subhalaxmi/nidar_ws/install/px4_msgs/local/lib/python3.10/dist-packages/px4_msgs/msg/_actuator_controls_status.py\n'}
[6.198736] (px4_msgs) StdoutLine: {'line': b'-- Up-to-date: /home/subhalaxmi/nidar_ws/install/px4_msgs/local/lib/python3.10/dist-packages/px4_msgs/msg/_distance_sensor_s.c\n'}
[6.198900] (px4_msgs) StdoutLine: {'line': b'-- Up-to-date: /home/subhalaxmi/nidar_ws/install/px4_msgs/local/lib/python3.10/dist-packages/px4_msgs/msg/_rover_throttle_setpoint_s.c\n'}
[6.199093] (px4_msgs) StdoutLine: {'line': b'-- Up-to-date: /home/subhalaxmi/nidar_ws/install/px4_msgs/local/lib/python3.10/dist-packages/px4_msgs/msg/_rc_parameter_map_s.c\n'}
[6.199376] (px4_msgs) StdoutLine: {'line': b'-- Up-to-date: /home/subhalaxmi/nidar_ws/install/px4_msgs/local/lib/python3.10/dist-packages/px4_msgs/msg/_onboard_computer_status_s.c\n'}
[6.199502] (px4_msgs) StdoutLine: {'line': b'-- Up-to-date: /home/subhalaxmi/nidar_ws/install/px4_msgs/local/lib/python3.10/dist-packages/px4_msgs/msg/_airspeed_s.c\n'}
[6.199703] (px4_msgs) StdoutLine: {'line': b'-- Up-to-date: /home/subhalaxmi/nidar_ws/install/px4_msgs/local/lib/python3.10/dist-packages/px4_msgs/msg/__init__.py\n'}
[6.199893] (px4_msgs) StdoutLine: {'line': b'-- Up-to-date: /home/subhalaxmi/nidar_ws/install/px4_msgs/local/lib/python3.10/dist-packages/px4_msgs/msg/_generator_status.py\n'}
[6.200071] (px4_msgs) StdoutLine: {'line': b'-- Up-to-date: /home/subhalaxmi/nidar_ws/install/px4_msgs/local/lib/python3.10/dist-packages/px4_msgs/msg/_rc_parameter_map.py\n'}
[6.200280] (px4_msgs) StdoutLine: {'line': b'-- Up-to-date: /home/subhalaxmi/nidar_ws/install/px4_msgs/local/lib/python3.10/dist-packages/px4_msgs/msg/_mavlink_tunnel_s.c\n'}
[6.200479] (px4_msgs) StdoutLine: {'line': b'-- Up-to-date: /home/subhalaxmi/nidar_ws/install/px4_msgs/local/lib/python3.10/dist-packages/px4_msgs/msg/_gimbal_manager_information_s.c\n'}
[6.200697] (px4_msgs) StdoutLine: {'line': b'-- Up-to-date: /home/subhalaxmi/nidar_ws/install/px4_msgs/local/lib/python3.10/dist-packages/px4_msgs/msg/_vehicle_command_s.c\n'}
[6.200972] (px4_msgs) StdoutLine: {'line': b'-- Up-to-date: /home/subhalaxmi/nidar_ws/install/px4_msgs/local/lib/python3.10/dist-packages/px4_msgs/msg/_uavcan_parameter_value_s.c\n'}
[6.201158] (px4_msgs) StdoutLine: {'line': b'-- Up-to-date: /home/subhalaxmi/nidar_ws/install/px4_msgs/local/lib/python3.10/dist-packages/px4_msgs/msg/_gpio_config.py\n'}
[6.201330] (px4_msgs) StdoutLine: {'line': b'-- Up-to-date: /home/subhalaxmi/nidar_ws/install/px4_msgs/local/lib/python3.10/dist-packages/px4_msgs/msg/_vehicle_local_position_s.c\n'}
[6.201508] (px4_msgs) StdoutLine: {'line': b'-- Up-to-date: /home/subhalaxmi/nidar_ws/install/px4_msgs/local/lib/python3.10/dist-packages/px4_msgs/msg/_sensor_gyro_fft.py\n'}
[6.201822] (px4_msgs) StdoutLine: {'line': b'-- Up-to-date: /home/subhalaxmi/nidar_ws/install/px4_msgs/local/lib/python3.10/dist-packages/px4_msgs/msg/_iridiumsbd_status.py\n'}
[6.202002] (px4_msgs) StdoutLine: {'line': b'-- Up-to-date: /home/subhalaxmi/nidar_ws/install/px4_msgs/local/lib/python3.10/dist-packages/px4_msgs/msg/_obstacle_distance.py\n'}
[6.202173] (px4_msgs) StdoutLine: {'line': b'-- Up-to-date: /home/subhalaxmi/nidar_ws/install/px4_msgs/local/lib/python3.10/dist-packages/px4_msgs/msg/_orbit_status.py\n'}
[6.202353] (px4_msgs) StdoutLine: {'line': b'-- Up-to-date: /home/subhalaxmi/nidar_ws/install/px4_msgs/local/lib/python3.10/dist-packages/px4_msgs/msg/_tecs_status.py\n'}
[6.202551] (px4_msgs) StdoutLine: {'line': b'-- Up-to-date: /home/subhalaxmi/nidar_ws/install/px4_msgs/local/lib/python3.10/dist-packages/px4_msgs/msg/_vehicle_angular_acceleration_setpoint.py\n'}
[6.202815] (px4_msgs) StdoutLine: {'line': b'-- Up-to-date: /home/subhalaxmi/nidar_ws/install/px4_msgs/local/lib/python3.10/dist-packages/px4_msgs/msg/_rover_rate_setpoint.py\n'}
[6.202981] (px4_msgs) StdoutLine: {'line': b'-- Up-to-date: /home/subhalaxmi/nidar_ws/install/px4_msgs/local/lib/python3.10/dist-packages/px4_msgs/msg/_rate_ctrl_status.py\n'}
[6.203170] (px4_msgs) StdoutLine: {'line': b'-- Up-to-date: /home/subhalaxmi/nidar_ws/install/px4_msgs/local/lib/python3.10/dist-packages/px4_msgs/msg/_vehicle_control_mode.py\n'}
[6.203340] (px4_msgs) StdoutLine: {'line': b'-- Up-to-date: /home/subhalaxmi/nidar_ws/install/px4_msgs/local/lib/python3.10/dist-packages/px4_msgs/msg/_fixed_wing_longitudinal_setpoint.py\n'}
[6.203623] (px4_msgs) StdoutLine: {'line': b'-- Up-to-date: /home/subhalaxmi/nidar_ws/install/px4_msgs/local/lib/python3.10/dist-packages/px4_msgs/msg/_follow_target_estimator.py\n'}
[6.203818] (px4_msgs) StdoutLine: {'line': b'-- Up-to-date: /home/subhalaxmi/nidar_ws/install/px4_msgs/local/lib/python3.10/dist-packages/px4_msgs/msg/_sensor_selection.py\n'}
[6.203984] (px4_msgs) StdoutLine: {'line': b'-- Up-to-date: /home/subhalaxmi/nidar_ws/install/px4_msgs/local/lib/python3.10/dist-packages/px4_msgs/msg/_hover_thrust_estimate_s.c\n'}
[6.204145] (px4_msgs) StdoutLine: {'line': b'-- Up-to-date: /home/subhalaxmi/nidar_ws/install/px4_msgs/local/lib/python3.10/dist-packages/px4_msgs/msg/_mag_worker_data.py\n'}
[6.204373] (px4_msgs) StdoutLine: {'line': b'-- Up-to-date: /home/subhalaxmi/nidar_ws/install/px4_msgs/local/lib/python3.10/dist-packages/px4_msgs/msg/_collision_constraints.py\n'}
[6.204550] (px4_msgs) StdoutLine: {'line': b'-- Up-to-date: /home/subhalaxmi/nidar_ws/install/px4_msgs/local/lib/python3.10/dist-packages/px4_msgs/msg/_vehicle_torque_setpoint_s.c\n'}
[6.204734] (px4_msgs) StdoutLine: {'line': b'-- Up-to-date: /home/subhalaxmi/nidar_ws/install/px4_msgs/local/lib/python3.10/dist-packages/px4_msgs/msg/_device_information_s.c\n'}
[6.204920] (px4_msgs) StdoutLine: {'line': b'-- Up-to-date: /home/subhalaxmi/nidar_ws/install/px4_msgs/local/lib/python3.10/dist-packages/px4_msgs/msg/_figure_eight_status.py\n'}
[6.205089] (px4_msgs) StdoutLine: {'line': b'-- Up-to-date: /home/subhalaxmi/nidar_ws/install/px4_msgs/local/lib/python3.10/dist-packages/px4_msgs/msg/_message_format_request.py\n'}
[6.205254] (px4_msgs) StdoutLine: {'line': b'-- Up-to-date: /home/subhalaxmi/nidar_ws/install/px4_msgs/local/lib/python3.10/dist-packages/px4_msgs/msg/_sensor_accel_s.c\n'}
[6.205449] (px4_msgs) StdoutLine: {'line': b'-- Up-to-date: /home/subhalaxmi/nidar_ws/install/px4_msgs/local/lib/python3.10/dist-packages/px4_msgs/msg/_led_control.py\n'}
[6.205669] (px4_msgs) StdoutLine: {'line': b'-- Up-to-date: /home/subhalaxmi/nidar_ws/install/px4_msgs/local/lib/python3.10/dist-packages/px4_msgs/msg/_rover_speed_setpoint_s.c\n'}
[6.205822] (px4_msgs) StdoutLine: {'line': b'-- Up-to-date: /home/subhalaxmi/nidar_ws/install/px4_msgs/local/lib/python3.10/dist-packages/px4_msgs/msg/_event.py\n'}
[6.205961] (px4_msgs) StdoutLine: {'line': b'-- Up-to-date: /home/subhalaxmi/nidar_ws/install/px4_msgs/local/lib/python3.10/dist-packages/px4_msgs/msg/_wheel_encoders.py\n'}
[6.206099] (px4_msgs) StdoutLine: {'line': b'-- Up-to-date: /home/subhalaxmi/nidar_ws/install/px4_msgs/local/lib/python3.10/dist-packages/px4_msgs/msg/_control_allocator_status.py\n'}
[6.206234] (px4_msgs) StdoutLine: {'line': b'-- Up-to-date: /home/subhalaxmi/nidar_ws/install/px4_msgs/local/lib/python3.10/dist-packages/px4_msgs/msg/_orb_test_large_s.c\n'}
[6.206369] (px4_msgs) StdoutLine: {'line': b'-- Up-to-date: /home/subhalaxmi/nidar_ws/install/px4_msgs/local/lib/python3.10/dist-packages/px4_msgs/msg/_wind_s.c\n'}
[6.206573] (px4_msgs) StdoutLine: {'line': b'-- Up-to-date: /home/subhalaxmi/nidar_ws/install/px4_msgs/local/lib/python3.10/dist-packages/px4_msgs/msg/_gain_compression.py\n'}
[6.206768] (px4_msgs) StdoutLine: {'line': b'-- Up-to-date: /home/subhalaxmi/nidar_ws/install/px4_msgs/local/lib/python3.10/dist-packages/px4_msgs/msg/_estimator_status_s.c\n'}
[6.206938] (px4_msgs) StdoutLine: {'line': b'-- Up-to-date: /home/subhalaxmi/nidar_ws/install/px4_msgs/local/lib/python3.10/dist-packages/px4_msgs/msg/_log_message_s.c\n'}
[6.207094] (px4_msgs) StdoutLine: {'line': b'-- Up-to-date: /home/subhalaxmi/nidar_ws/install/px4_msgs/local/lib/python3.10/dist-packages/px4_msgs/msg/_mode_completed_s.c\n'}
[6.207250] (px4_msgs) StdoutLine: {'line': b'-- Up-to-date: /home/subhalaxmi/nidar_ws/install/px4_msgs/local/lib/python3.10/dist-packages/px4_msgs/msg/_trajectory_setpoint6dof.py\n'}
[6.207405] (px4_msgs) StdoutLine: {'line': b'-- Up-to-date: /home/subhalaxmi/nidar_ws/install/px4_msgs/local/lib/python3.10/dist-packages/px4_msgs/msg/_autotune_attitude_control_status.py\n'}
[6.207574] (px4_msgs) StdoutLine: {'line': b'-- Up-to-date: /home/subhalaxmi/nidar_ws/install/px4_msgs/local/lib/python3.10/dist-packages/px4_msgs/msg/_rtl_time_estimate.py\n'}
[6.207751] (px4_msgs) StdoutLine: {'line': b'-- Up-to-date: /home/subhalaxmi/nidar_ws/install/px4_msgs/local/lib/python3.10/dist-packages/px4_msgs/msg/_satellite_info_s.c\n'}
[6.207909] (px4_msgs) StdoutLine: {'line': b'-- Up-to-date: /home/subhalaxmi/nidar_ws/install/px4_msgs/local/lib/python3.10/dist-packages/px4_msgs/msg/_manual_control_setpoint.py\n'}
[6.208069] (px4_msgs) StdoutLine: {'line': b'-- Up-to-date: /home/subhalaxmi/nidar_ws/install/px4_msgs/local/lib/python3.10/dist-packages/px4_msgs/msg/_gpio_request.py\n'}
[6.208226] (px4_msgs) StdoutLine: {'line': b'-- Up-to-date: /home/subhalaxmi/nidar_ws/install/px4_msgs/local/lib/python3.10/dist-packages/px4_msgs/msg/_esc_report_s.c\n'}
[6.208383] (px4_msgs) StdoutLine: {'line': b'-- Up-to-date: /home/subhalaxmi/nidar_ws/install/px4_msgs/local/lib/python3.10/dist-packages/px4_msgs/msg/_estimator_innovations.py\n'}
[6.208562] (px4_msgs) StdoutLine: {'line': b'-- Up-to-date: /home/subhalaxmi/nidar_ws/install/px4_msgs/local/lib/python3.10/dist-packages/px4_msgs/msg/_estimator_bias.py\n'}
[6.208780] (px4_msgs) StdoutLine: {'line': b'-- Up-to-date: /home/subhalaxmi/nidar_ws/install/px4_msgs/local/lib/python3.10/dist-packages/px4_msgs/msg/_neural_control_s.c\n'}
[6.208945] (px4_msgs) StdoutLine: {'line': b'-- Up-to-date: /home/subhalaxmi/nidar_ws/install/px4_msgs/local/lib/python3.10/dist-packages/px4_msgs/msg/_sensors_status_s.c\n'}
[6.209112] (px4_msgs) StdoutLine: {'line': b'-- Up-to-date: /home/subhalaxmi/nidar_ws/install/px4_msgs/local/lib/python3.10/dist-packages/px4_msgs/msg/_gps_inject_data_s.c\n'}
[6.209254] (px4_msgs) StdoutLine: {'line': b'-- Up-to-date: /home/subhalaxmi/nidar_ws/install/px4_msgs/local/lib/python3.10/dist-packages/px4_msgs/msg/_failsafe_flags.py\n'}
[6.209391] (px4_msgs) StdoutLine: {'line': b'-- Up-to-date: /home/subhalaxmi/nidar_ws/install/px4_msgs/local/lib/python3.10/dist-packages/px4_msgs/msg/_mission_result_s.c\n'}
[6.209546] (px4_msgs) StdoutLine: {'line': b'-- Up-to-date: /home/subhalaxmi/nidar_ws/install/px4_msgs/local/lib/python3.10/dist-packages/px4_msgs/msg/_cellular_status_s.c\n'}
[6.209738] (px4_msgs) StdoutLine: {'line': b'-- Up-to-date: /home/subhalaxmi/nidar_ws/install/px4_msgs/local/lib/python3.10/dist-packages/px4_msgs/msg/_camera_capture_s.c\n'}
[6.209838] (px4_msgs) StdoutLine: {'line': b'-- Up-to-date: /home/subhalaxmi/nidar_ws/install/px4_msgs/local/lib/python3.10/dist-packages/px4_msgs/msg/_debug_vect_s.c\n'}
[6.209937] (px4_msgs) StdoutLine: {'line': b'-- Up-to-date: /home/subhalaxmi/nidar_ws/install/px4_msgs/local/lib/python3.10/dist-packages/px4_msgs/msg/_trajectory_setpoint.py\n'}
[6.210035] (px4_msgs) StdoutLine: {'line': b'-- Up-to-date: /home/subhalaxmi/nidar_ws/install/px4_msgs/local/lib/python3.10/dist-packages/px4_msgs/msg/_battery_info_s.c\n'}
[6.210132] (px4_msgs) StdoutLine: {'line': b'-- Up-to-date: /home/subhalaxmi/nidar_ws/install/px4_msgs/local/lib/python3.10/dist-packages/px4_msgs/msg/_gimbal_manager_status.py\n'}
[6.210228] (px4_msgs) StdoutLine: {'line': b'-- Up-to-date: /home/subhalaxmi/nidar_ws/install/px4_msgs/local/lib/python3.10/dist-packages/px4_msgs/msg/_position_controller_status.py\n'}
[6.210325] (px4_msgs) StdoutLine: {'line': b'-- Up-to-date: /home/subhalaxmi/nidar_ws/install/px4_msgs/local/lib/python3.10/dist-packages/px4_msgs/msg/_gimbal_device_set_attitude.py\n'}
[6.210422] (px4_msgs) StdoutLine: {'line': b'-- Up-to-date: /home/subhalaxmi/nidar_ws/install/px4_msgs/local/lib/python3.10/dist-packages/px4_msgs/msg/_mount_orientation.py\n'}
[6.210518] (px4_msgs) StdoutLine: {'line': b'-- Up-to-date: /home/subhalaxmi/nidar_ws/install/px4_msgs/local/lib/python3.10/dist-packages/px4_msgs/msg/_landing_gear_s.c\n'}
[6.210651] (px4_msgs) StdoutLine: {'line': b'-- Up-to-date: /home/subhalaxmi/nidar_ws/install/px4_msgs/local/lib/python3.10/dist-packages/px4_msgs/msg/_debug_key_value_s.c\n'}
[6.210749] (px4_msgs) StdoutLine: {'line': b'-- Up-to-date: /home/subhalaxmi/nidar_ws/install/px4_msgs/local/lib/python3.10/dist-packages/px4_msgs/msg/_normalized_unsigned_setpoint_s.c\n'}
[6.210859] (px4_msgs) StdoutLine: {'line': b'-- Up-to-date: /home/subhalaxmi/nidar_ws/install/px4_msgs/local/lib/python3.10/dist-packages/px4_msgs/msg/_estimator_states.py\n'}
[6.210956] (px4_msgs) StdoutLine: {'line': b'-- Up-to-date: /home/subhalaxmi/nidar_ws/install/px4_msgs/local/lib/python3.10/dist-packages/px4_msgs/msg/_vehicle_status.py\n'}
[6.211053] (px4_msgs) StdoutLine: {'line': b'-- Up-to-date: /home/subhalaxmi/nidar_ws/install/px4_msgs/local/lib/python3.10/dist-packages/px4_msgs/msg/_estimator_aid_source1d_s.c\n'}
[6.211150] (px4_msgs) StdoutLine: {'line': b'-- Up-to-date: /home/subhalaxmi/nidar_ws/install/px4_msgs/local/lib/python3.10/dist-packages/px4_msgs/msg/_vehicle_control_mode_s.c\n'}
[6.211246] (px4_msgs) StdoutLine: {'line': b'-- Up-to-date: /home/subhalaxmi/nidar_ws/install/px4_msgs/local/lib/python3.10/dist-packages/px4_msgs/msg/_rover_steering_setpoint_s.c\n'}
[6.211341] (px4_msgs) StdoutLine: {'line': b'-- Up-to-date: /home/subhalaxmi/nidar_ws/install/px4_msgs/local/lib/python3.10/dist-packages/px4_msgs/msg/_arming_check_request.py\n'}
[6.211447] (px4_msgs) StdoutLine: {'line': b'-- Up-to-date: /home/subhalaxmi/nidar_ws/install/px4_msgs/local/lib/python3.10/dist-packages/px4_msgs/msg/_dronecan_node_status_s.c\n'}
[6.211569] (px4_msgs) StdoutLine: {'line': b'-- Up-to-date: /home/subhalaxmi/nidar_ws/install/px4_msgs/local/lib/python3.10/dist-packages/px4_msgs/msg/_power_monitor.py\n'}
[6.211759] (px4_msgs) StdoutLine: {'line': b'-- Up-to-date: /home/subhalaxmi/nidar_ws/install/px4_msgs/local/lib/python3.10/dist-packages/px4_msgs/msg/_launch_detection_status_s.c\n'}
[6.211858] (px4_msgs) StdoutLine: {'line': b'-- Up-to-date: /home/subhalaxmi/nidar_ws/install/px4_msgs/local/lib/python3.10/dist-packages/px4_msgs/msg/_vehicle_torque_setpoint.py\n'}
[6.211955] (px4_msgs) StdoutLine: {'line': b'-- Up-to-date: /home/subhalaxmi/nidar_ws/install/px4_msgs/local/lib/python3.10/dist-packages/px4_msgs/msg/_home_position.py\n'}
[6.212053] (px4_msgs) StdoutLine: {'line': b'-- Up-to-date: /home/subhalaxmi/nidar_ws/install/px4_msgs/local/lib/python3.10/dist-packages/px4_msgs/msg/_position_controller_status_s.c\n'}
[6.212148] (px4_msgs) StdoutLine: {'line': b'-- Up-to-date: /home/subhalaxmi/nidar_ws/install/px4_msgs/local/lib/python3.10/dist-packages/px4_msgs/msg/_power_button_state_s.c\n'}
[6.212243] (px4_msgs) StdoutLine: {'line': b'-- Up-to-date: /home/subhalaxmi/nidar_ws/install/px4_msgs/local/lib/python3.10/dist-packages/px4_msgs/msg/_actuator_motors.py\n'}
[6.212339] (px4_msgs) StdoutLine: {'line': b'-- Up-to-date: /home/subhalaxmi/nidar_ws/install/px4_msgs/local/lib/python3.10/dist-packages/px4_msgs/msg/_fixed_wing_lateral_guidance_status_s.c\n'}
[6.212461] (px4_msgs) StdoutLine: {'line': b'-- Up-to-date: /home/subhalaxmi/nidar_ws/install/px4_msgs/local/lib/python3.10/dist-packages/px4_msgs/msg/_distance_sensor_mode_change_request_s.c\n'}
[6.212591] (px4_msgs) StdoutLine: {'line': b'-- Up-to-date: /home/subhalaxmi/nidar_ws/install/px4_msgs/local/lib/python3.10/dist-packages/px4_msgs/msg/_vtol_vehicle_status.py\n'}
[6.212699] (px4_msgs) StdoutLine: {'line': b'-- Up-to-date: /home/subhalaxmi/nidar_ws/install/px4_msgs/local/lib/python3.10/dist-packages/px4_msgs/msg/_tecs_status_s.c\n'}
[6.212839] (px4_msgs) StdoutLine: {'line': b'-- Up-to-date: /home/subhalaxmi/nidar_ws/install/px4_msgs/local/lib/python3.10/dist-packages/px4_msgs/msg/_lateral_control_configuration.py\n'}
[6.212987] (px4_msgs) StdoutLine: {'line': b'-- Up-to-date: /home/subhalaxmi/nidar_ws/install/px4_msgs/local/lib/python3.10/dist-packages/px4_msgs/msg/_control_allocator_status_s.c\n'}
[6.213123] (px4_msgs) StdoutLine: {'line': b'-- Up-to-date: /home/subhalaxmi/nidar_ws/install/px4_msgs/local/lib/python3.10/dist-packages/px4_msgs/msg/_can_interface_status.py\n'}
[6.213258] (px4_msgs) StdoutLine: {'line': b'-- Up-to-date: /home/subhalaxmi/nidar_ws/install/px4_msgs/local/lib/python3.10/dist-packages/px4_msgs/msg/_airspeed_wind.py\n'}
[6.213396] (px4_msgs) StdoutLine: {'line': b'-- Up-to-date: /home/subhalaxmi/nidar_ws/install/px4_msgs/local/lib/python3.10/dist-packages/px4_msgs/msg/_estimator_bias3d_s.c\n'}
[6.213548] (px4_msgs) StdoutLine: {'line': b'-- Up-to-date: /home/subhalaxmi/nidar_ws/install/px4_msgs/local/lib/python3.10/dist-packages/px4_msgs/msg/_gpio_out_s.c\n'}
[6.213727] (px4_msgs) StdoutLine: {'line': b'-- Up-to-date: /home/subhalaxmi/nidar_ws/install/px4_msgs/local/lib/python3.10/dist-packages/px4_msgs/msg/_parameter_set_used_request_s.c\n'}
[6.213858] (px4_msgs) StdoutLine: {'line': b'-- Up-to-date: /home/subhalaxmi/nidar_ws/install/px4_msgs/local/lib/python3.10/dist-packages/px4_msgs/msg/_iridiumsbd_status_s.c\n'}
[6.214000] (px4_msgs) StdoutLine: {'line': b'-- Up-to-date: /home/subhalaxmi/nidar_ws/install/px4_msgs/local/lib/python3.10/dist-packages/px4_msgs/msg/_sensor_gps.py\n'}
[6.214141] (px4_msgs) StdoutLine: {'line': b'-- Up-to-date: /home/subhalaxmi/nidar_ws/install/px4_msgs/local/lib/python3.10/dist-packages/px4_msgs/msg/_landing_target_innovations_s.c\n'}
[6.214318] (px4_msgs) StdoutLine: {'line': b'-- Up-to-date: /home/subhalaxmi/nidar_ws/install/px4_msgs/local/lib/python3.10/dist-packages/px4_msgs/msg/_gimbal_device_information_s.c\n'}
[6.214449] (px4_msgs) StdoutLine: {'line': b'-- Up-to-date: /home/subhalaxmi/nidar_ws/install/px4_msgs/local/lib/python3.10/dist-packages/px4_msgs/msg/_goto_setpoint_s.c\n'}
[6.214572] (px4_msgs) StdoutLine: {'line': b'-- Up-to-date: /home/subhalaxmi/nidar_ws/install/px4_msgs/local/lib/python3.10/dist-packages/px4_msgs/msg/_gimbal_manager_set_attitude_s.c\n'}
[6.214681] (px4_msgs) StdoutLine: {'line': b'-- Up-to-date: /home/subhalaxmi/nidar_ws/install/px4_msgs/local/lib/python3.10/dist-packages/px4_msgs/msg/_event_s.c\n'}
[6.214779] (px4_msgs) StdoutLine: {'line': b'-- Up-to-date: /home/subhalaxmi/nidar_ws/install/px4_msgs/local/lib/python3.10/dist-packages/px4_msgs/msg/_sensor_accel_fifo.py\n'}
[6.214876] (px4_msgs) StdoutLine: {'line': b'-- Up-to-date: /home/subhalaxmi/nidar_ws/install/px4_msgs/local/lib/python3.10/dist-packages/px4_msgs/msg/_sensor_gyro_fft_s.c\n'}
[6.214972] (px4_msgs) StdoutLine: {'line': b'-- Up-to-date: /home/subhalaxmi/nidar_ws/install/px4_msgs/local/lib/python3.10/dist-packages/px4_msgs/msg/_estimator_status_flags_s.c\n'}
[6.215068] (px4_msgs) StdoutLine: {'line': b'-- Up-to-date: /home/subhalaxmi/nidar_ws/install/px4_msgs/local/lib/python3.10/dist-packages/px4_msgs/msg/_geofence_status.py\n'}
[6.215165] (px4_msgs) StdoutLine: {'line': b'-- Up-to-date: /home/subhalaxmi/nidar_ws/install/px4_msgs/local/lib/python3.10/dist-packages/px4_msgs/msg/_ping.py\n'}
[6.215262] (px4_msgs) StdoutLine: {'line': b'-- Up-to-date: /home/subhalaxmi/nidar_ws/install/px4_msgs/local/lib/python3.10/dist-packages/px4_msgs/msg/_trajectory_setpoint6dof_s.c\n'}
[6.215361] (px4_msgs) StdoutLine: {'line': b'-- Up-to-date: /home/subhalaxmi/nidar_ws/install/px4_msgs/local/lib/python3.10/dist-packages/px4_msgs/msg/_ping_s.c\n'}
[6.215459] (px4_msgs) StdoutLine: {'line': b'-- Up-to-date: /home/subhalaxmi/nidar_ws/install/px4_msgs/local/lib/python3.10/dist-packages/px4_msgs/msg/_navigator_mission_item.py\n'}
[6.215588] (px4_msgs) StdoutLine: {'line': b'-- Up-to-date: /home/subhalaxmi/nidar_ws/install/px4_msgs/local/lib/python3.10/dist-packages/px4_msgs/msg/_rtl_time_estimate_s.c\n'}
[6.215700] (px4_msgs) StdoutLine: {'line': b'-- Up-to-date: /home/subhalaxmi/nidar_ws/install/px4_msgs/local/lib/python3.10/dist-packages/px4_msgs/msg/_health_report.py\n'}
[6.215798] (px4_msgs) StdoutLine: {'line': b'-- Up-to-date: /home/subhalaxmi/nidar_ws/install/px4_msgs/local/lib/python3.10/dist-packages/px4_msgs/msg/_trajectory_setpoint_s.c\n'}
[6.215895] (px4_msgs) StdoutLine: {'line': b'-- Up-to-date: /home/subhalaxmi/nidar_ws/install/px4_msgs/local/lib/python3.10/dist-packages/px4_msgs/msg/_battery_status.py\n'}
[6.215996] (px4_msgs) StdoutLine: {'line': b'-- Up-to-date: /home/subhalaxmi/nidar_ws/install/px4_msgs/local/lib/python3.10/dist-packages/px4_msgs/msg/_register_ext_component_reply_s.c\n'}
[6.216093] (px4_msgs) StdoutLine: {'line': b'-- Up-to-date: /home/subhalaxmi/nidar_ws/install/px4_msgs/local/lib/python3.10/dist-packages/px4_msgs/msg/_actuator_test.py\n'}
[6.216208] (px4_msgs) StdoutLine: {'line': b'-- Up-to-date: /home/subhalaxmi/nidar_ws/install/px4_msgs/local/lib/python3.10/dist-packages/px4_msgs/msg/_manual_control_setpoint_s.c\n'}
[6.216306] (px4_msgs) StdoutLine: {'line': b'-- Up-to-date: /home/subhalaxmi/nidar_ws/install/px4_msgs/local/lib/python3.10/dist-packages/px4_msgs/msg/_autotune_attitude_control_status_s.c\n'}
[6.216404] (px4_msgs) StdoutLine: {'line': b'-- Up-to-date: /home/subhalaxmi/nidar_ws/install/px4_msgs/local/lib/python3.10/dist-packages/px4_msgs/msg/_px4io_status.py\n'}
[6.216500] (px4_msgs) StdoutLine: {'line': b'-- Up-to-date: /home/subhalaxmi/nidar_ws/install/px4_msgs/local/lib/python3.10/dist-packages/px4_msgs/msg/_mavlink_log.py\n'}
[6.216759] (px4_msgs) StdoutLine: {'line': b'-- Up-to-date: /home/subhalaxmi/nidar_ws/install/px4_msgs/local/lib/python3.10/dist-packages/px4_msgs/msg/_estimator_bias3d.py\n'}
[6.216867] (px4_msgs) StdoutLine: {'line': b'-- Up-to-date: /home/subhalaxmi/nidar_ws/install/px4_msgs/local/lib/python3.10/dist-packages/px4_msgs/msg/_magnetometer_bias_estimate_s.c\n'}
[6.216977] (px4_msgs) StdoutLine: {'line': b'-- Up-to-date: /home/subhalaxmi/nidar_ws/install/px4_msgs/local/lib/python3.10/dist-packages/px4_msgs/msg/_open_drone_id_arm_status_s.c\n'}
[6.217074] (px4_msgs) StdoutLine: {'line': b'-- Up-to-date: /home/subhalaxmi/nidar_ws/install/px4_msgs/local/lib/python3.10/dist-packages/px4_msgs/msg/_sensor_preflight_mag_s.c\n'}
[6.217170] (px4_msgs) StdoutLine: {'line': b'-- Up-to-date: /home/subhalaxmi/nidar_ws/install/px4_msgs/local/lib/python3.10/dist-packages/px4_msgs/msg/_orb_test_medium.py\n'}
[6.217266] (px4_msgs) StdoutLine: {'line': b'-- Up-to-date: /home/subhalaxmi/nidar_ws/install/px4_msgs/local/lib/python3.10/dist-packages/px4_msgs/msg/_parameter_reset_request.py\n'}
[6.217362] (px4_msgs) StdoutLine: {'line': b'-- Up-to-date: /home/subhalaxmi/nidar_ws/install/px4_msgs/local/lib/python3.10/dist-packages/px4_msgs/msg/_irlock_report.py\n'}
[6.217457] (px4_msgs) StdoutLine: {'line': b'-- Up-to-date: /home/subhalaxmi/nidar_ws/install/px4_msgs/local/lib/python3.10/dist-packages/px4_msgs/msg/_offboard_control_mode.py\n'}
[6.217609] (px4_msgs) StdoutLine: {'line': b'-- Up-to-date: /home/subhalaxmi/nidar_ws/install/px4_msgs/local/lib/python3.10/dist-packages/px4_msgs/msg/_vehicle_roi_s.c\n'}
[6.217814] (px4_msgs) StdoutLine: {'line': b'-- Up-to-date: /home/subhalaxmi/nidar_ws/install/px4_msgs/local/lib/python3.10/dist-packages/px4_msgs/msg/_qshell_retval_s.c\n'}
[6.217971] (px4_msgs) StdoutLine: {'line': b'-- Up-to-date: /home/subhalaxmi/nidar_ws/install/px4_msgs/local/lib/python3.10/dist-packages/px4_msgs/msg/_device_information.py\n'}
[6.218114] (px4_msgs) StdoutLine: {'line': b'-- Up-to-date: /home/subhalaxmi/nidar_ws/install/px4_msgs/local/lib/python3.10/dist-packages/px4_msgs/msg/_cpuload_s.c\n'}
[6.218251] (px4_msgs) StdoutLine: {'line': b'-- Up-to-date: /home/subhalaxmi/nidar_ws/install/px4_msgs/local/lib/python3.10/dist-packages/px4_msgs/msg/_irlock_report_s.c\n'}
[6.218389] (px4_msgs) StdoutLine: {'line': b'-- Up-to-date: /home/subhalaxmi/nidar_ws/install/px4_msgs/local/lib/python3.10/dist-packages/px4_msgs/msg/_debug_array_s.c\n'}
[6.218539] (px4_msgs) StdoutLine: {'line': b'-- Up-to-date: /home/subhalaxmi/nidar_ws/install/px4_msgs/local/lib/python3.10/dist-packages/px4_msgs/msg/_open_drone_id_arm_status.py\n'}
[6.218719] (px4_msgs) StdoutLine: {'line': b'-- Up-to-date: /home/subhalaxmi/nidar_ws/install/px4_msgs/local/lib/python3.10/dist-packages/px4_msgs/msg/_pps_capture.py\n'}
[6.218818] (px4_msgs) StdoutLine: {'line': b'-- Up-to-date: /home/subhalaxmi/nidar_ws/install/px4_msgs/local/lib/python3.10/dist-packages/px4_msgs/msg/_open_drone_id_system_s.c\n'}
[6.218954] (px4_msgs) StdoutLine: {'line': b'-- Up-to-date: /home/subhalaxmi/nidar_ws/install/px4_msgs/local/lib/python3.10/dist-packages/px4_msgs/msg/_sensor_temp_s.c\n'}
[6.219091] (px4_msgs) StdoutLine: {'line': b'-- Up-to-date: /home/subhalaxmi/nidar_ws/install/px4_msgs/local/lib/python3.10/dist-packages/px4_msgs/msg/_vtx.py\n'}
[6.219227] (px4_msgs) StdoutLine: {'line': b'-- Up-to-date: /home/subhalaxmi/nidar_ws/install/px4_msgs/local/lib/python3.10/dist-packages/px4_msgs/msg/_gimbal_manager_status_s.c\n'}
[6.219362] (px4_msgs) StdoutLine: {'line': b'-- Up-to-date: /home/subhalaxmi/nidar_ws/install/px4_msgs/local/lib/python3.10/dist-packages/px4_msgs/msg/_sensor_airflow_s.c\n'}
[6.219497] (px4_msgs) StdoutLine: {'line': b'-- Up-to-date: /home/subhalaxmi/nidar_ws/install/px4_msgs/local/lib/python3.10/dist-packages/px4_msgs/msg/_position_setpoint_triplet_s.c\n'}
[6.219708] (px4_msgs) StdoutLine: {'line': b'-- Up-to-date: /home/subhalaxmi/nidar_ws/install/px4_msgs/local/lib/python3.10/dist-packages/px4_msgs/msg/_ekf2_timestamps_s.c\n'}
[6.219885] (px4_msgs) StdoutLine: {'line': b'-- Up-to-date: /home/subhalaxmi/nidar_ws/install/px4_msgs/local/lib/python3.10/dist-packages/px4_msgs/msg/_rover_speed_status.py\n'}
[6.220057] (px4_msgs) StdoutLine: {'line': b'-- Up-to-date: /home/subhalaxmi/nidar_ws/install/px4_msgs/local/lib/python3.10/dist-packages/px4_msgs/msg/_navigator_status_s.c\n'}
[6.220240] (-) TimerEvent: {}
[6.220690] (px4_msgs) StdoutLine: {'line': b'-- Up-to-date: /home/subhalaxmi/nidar_ws/install/px4_msgs/local/lib/python3.10/dist-packages/px4_msgs/msg/_esc_status_s.c\n'}
[6.220968] (px4_msgs) StdoutLine: {'line': b'-- Up-to-date: /home/subhalaxmi/nidar_ws/install/px4_msgs/local/lib/python3.10/dist-packages/px4_msgs/msg/_vehicle_acceleration_s.c\n'}
[6.221154] (px4_msgs) StdoutLine: {'line': b'-- Up-to-date: /home/subhalaxmi/nidar_ws/install/px4_msgs/local/lib/python3.10/dist-packages/px4_msgs/msg/_orb_test.py\n'}
[6.221378] (px4_msgs) StdoutLine: {'line': b'-- Up-to-date: /home/subhalaxmi/nidar_ws/install/px4_msgs/local/lib/python3.10/dist-packages/px4_msgs/msg/_follow_target_status.py\n'}
[6.221597] (px4_msgs) StdoutLine: {'line': b'-- Up-to-date: /home/subhalaxmi/nidar_ws/install/px4_msgs/local/lib/python3.10/dist-packages/px4_msgs/msg/_estimator_event_flags.py\n'}
[6.221872] (px4_msgs) StdoutLine: {'line': b'-- Up-to-date: /home/subhalaxmi/nidar_ws/install/px4_msgs/local/lib/python3.10/dist-packages/px4_msgs/msg/_gps_dump_s.c\n'}
[6.222049] (px4_msgs) StdoutLine: {'line': b'-- Up-to-date: /home/subhalaxmi/nidar_ws/install/px4_msgs/local/lib/python3.10/dist-packages/px4_msgs/msg/_ulog_stream.py\n'}
[6.222225] (px4_msgs) StdoutLine: {'line': b'-- Up-to-date: /home/subhalaxmi/nidar_ws/install/px4_msgs/local/lib/python3.10/dist-packages/px4_msgs/msg/_gripper.py\n'}
[6.222395] (px4_msgs) StdoutLine: {'line': b'-- Up-to-date: /home/subhalaxmi/nidar_ws/install/px4_msgs/local/lib/python3.10/dist-packages/px4_msgs/msg/_orbit_status_s.c\n'}
[6.222579] (px4_msgs) StdoutLine: {'line': b'-- Up-to-date: /home/subhalaxmi/nidar_ws/install/px4_msgs/local/lib/python3.10/dist-packages/px4_msgs/msg/_goto_setpoint.py\n'}
[6.222774] (px4_msgs) StdoutLine: {'line': b'-- Up-to-date: /home/subhalaxmi/nidar_ws/install/px4_msgs/local/lib/python3.10/dist-packages/px4_msgs/msg/_airspeed.py\n'}
[6.222944] (px4_msgs) StdoutLine: {'line': b'-- Up-to-date: /home/subhalaxmi/nidar_ws/install/px4_msgs/local/lib/python3.10/dist-packages/px4_msgs/msg/_uavcan_parameter_request.py\n'}
[6.223123] (px4_msgs) StdoutLine: {'line': b'-- Up-to-date: /home/subhalaxmi/nidar_ws/install/px4_msgs/local/lib/python3.10/dist-packages/px4_msgs/msg/_open_drone_id_operator_id.py\n'}
[6.223330] (px4_msgs) StdoutLine: {'line': b'-- Up-to-date: /home/subhalaxmi/nidar_ws/install/px4_msgs/local/lib/python3.10/dist-packages/px4_msgs/msg/_estimator_status_flags.py\n'}
[6.223516] (px4_msgs) StdoutLine: {'line': b'-- Up-to-date: /home/subhalaxmi/nidar_ws/install/px4_msgs/local/lib/python3.10/dist-packages/px4_msgs/msg/_register_ext_component_request_s.c\n'}
[6.223728] (px4_msgs) StdoutLine: {'line': b'-- Up-to-date: /home/subhalaxmi/nidar_ws/install/px4_msgs/local/lib/python3.10/dist-packages/px4_msgs/msg/_gps_inject_data.py\n'}
[6.223903] (px4_msgs) StdoutLine: {'line': b'-- Up-to-date: /home/subhalaxmi/nidar_ws/install/px4_msgs/local/lib/python3.10/dist-packages/px4_msgs/msg/_vehicle_land_detected.py\n'}
[6.224079] (px4_msgs) StdoutLine: {'line': b'-- Up-to-date: /home/subhalaxmi/nidar_ws/install/px4_msgs/local/lib/python3.10/dist-packages/px4_msgs/msg/_rover_attitude_setpoint.py\n'}
[6.224395] (px4_msgs) StdoutLine: {'line': b'-- Up-to-date: /home/subhalaxmi/nidar_ws/install/px4_msgs/local/lib/python3.10/dist-packages/px4_msgs/msg/_offboard_control_mode_s.c\n'}
[6.224598] (px4_msgs) StdoutLine: {'line': b'-- Up-to-date: /home/subhalaxmi/nidar_ws/install/px4_msgs/local/lib/python3.10/dist-packages/px4_msgs/msg/_gimbal_device_information.py\n'}
[6.224794] (px4_msgs) StdoutLine: {'line': b'-- Up-to-date: /home/subhalaxmi/nidar_ws/install/px4_msgs/local/lib/python3.10/dist-packages/px4_msgs/msg/_ulog_stream_s.c\n'}
[6.224968] (px4_msgs) StdoutLine: {'line': b'-- Up-to-date: /home/subhalaxmi/nidar_ws/install/px4_msgs/local/lib/python3.10/dist-packages/px4_msgs/msg/_navigator_mission_item_s.c\n'}
[6.225147] (px4_msgs) StdoutLine: {'line': b'-- Up-to-date: /home/subhalaxmi/nidar_ws/install/px4_msgs/local/lib/python3.10/dist-packages/px4_msgs/msg/_sensor_gnss_status_s.c\n'}
[6.225470] (px4_msgs) StdoutLine: {'line': b'-- Up-to-date: /home/subhalaxmi/nidar_ws/install/px4_msgs/local/lib/python3.10/dist-packages/px4_msgs/msg/_estimator_aid_source2d.py\n'}
[6.225690] (px4_msgs) StdoutLine: {'line': b'-- Up-to-date: /home/subhalaxmi/nidar_ws/install/px4_msgs/local/lib/python3.10/dist-packages/px4_msgs/msg/_pure_pursuit_status_s.c\n'}
[6.225862] (px4_msgs) StdoutLine: {'line': b'-- Up-to-date: /home/subhalaxmi/nidar_ws/install/px4_msgs/local/lib/python3.10/dist-packages/px4_msgs/msg/_sensor_uwb.py\n'}
[6.226023] (px4_msgs) StdoutLine: {'line': b'-- Up-to-date: /home/subhalaxmi/nidar_ws/install/px4_msgs/local/lib/python3.10/dist-packages/px4_msgs/msg/_debug_key_value.py\n'}
[6.226183] (px4_msgs) StdoutLine: {'line': b'-- Up-to-date: /home/subhalaxmi/nidar_ws/install/px4_msgs/local/lib/python3.10/dist-packages/px4_msgs/msg/_open_drone_id_system.py\n'}
[6.226422] (px4_msgs) StdoutLine: {'line': b'-- Up-to-date: /home/subhalaxmi/nidar_ws/install/px4_msgs/local/lib/python3.10/dist-packages/px4_msgs/msg/_follow_target_s.c\n'}
[6.226613] (px4_msgs) StdoutLine: {'line': b'-- Up-to-date: /home/subhalaxmi/nidar_ws/install/px4_msgs/local/lib/python3.10/dist-packages/px4_msgs/msg/_estimator_aid_source3d_s.c\n'}
[6.226786] (px4_msgs) StdoutLine: {'line': b'-- Up-to-date: /home/subhalaxmi/nidar_ws/install/px4_msgs/local/lib/python3.10/dist-packages/px4_msgs/msg/_position_controller_landing_status_s.c\n'}
[6.226946] (px4_msgs) StdoutLine: {'line': b'-- Up-to-date: /home/subhalaxmi/nidar_ws/install/px4_msgs/local/lib/python3.10/dist-packages/px4_msgs/msg/_mavlink_tunnel.py\n'}
[6.227102] (px4_msgs) StdoutLine: {'line': b'-- Up-to-date: /home/subhalaxmi/nidar_ws/install/px4_msgs/local/lib/python3.10/dist-packages/px4_msgs/msg/_vehicle_imu_status.py\n'}
[6.227259] (px4_msgs) StdoutLine: {'line': b'-- Up-to-date: /home/subhalaxmi/nidar_ws/install/px4_msgs/local/lib/python3.10/dist-packages/px4_msgs/msg/_radio_status.py\n'}
[6.227418] (px4_msgs) StdoutLine: {'line': b'-- Up-to-date: /home/subhalaxmi/nidar_ws/install/px4_msgs/local/lib/python3.10/dist-packages/px4_msgs/msg/_vehicle_status_s.c\n'}
[6.227628] (px4_msgs) StdoutLine: {'line': b'-- Up-to-date: /home/subhalaxmi/nidar_ws/install/px4_msgs/local/lib/python3.10/dist-packages/px4_msgs/msg/_rover_position_setpoint_s.c\n'}
[6.227809] (px4_msgs) StdoutLine: {'line': b'-- Up-to-date: /home/subhalaxmi/nidar_ws/install/px4_msgs/local/lib/python3.10/dist-packages/px4_msgs/msg/_led_control_s.c\n'}
[6.228105] (px4_msgs) StdoutLine: {'line': b'-- Up-to-date: /home/subhalaxmi/nidar_ws/install/px4_msgs/local/lib/python3.10/dist-packages/px4_msgs/msg/_input_rc.py\n'}
[6.228278] (px4_msgs) StdoutLine: {'line': b'-- Up-to-date: /home/subhalaxmi/nidar_ws/install/px4_msgs/local/lib/python3.10/dist-packages/px4_msgs/msg/_sensors_status_imu_s.c\n'}
[6.228440] (px4_msgs) StdoutLine: {'line': b'-- Up-to-date: /home/subhalaxmi/nidar_ws/install/px4_msgs/local/lib/python3.10/dist-packages/px4_msgs/msg/_open_drone_id_operator_id_s.c\n'}
[6.228642] (px4_msgs) StdoutLine: {'line': b'-- Up-to-date: /home/subhalaxmi/nidar_ws/install/px4_msgs/local/lib/python3.10/dist-packages/px4_msgs/msg/_open_drone_id_self_id_s.c\n'}
[6.228817] (px4_msgs) StdoutLine: {'line': b'-- Up-to-date: /home/subhalaxmi/nidar_ws/install/px4_msgs/local/lib/python3.10/dist-packages/px4_msgs/msg/_onboard_computer_status.py\n'}
[6.229074] (px4_msgs) StdoutLine: {'line': b'-- Up-to-date: /home/subhalaxmi/nidar_ws/install/px4_msgs/local/lib/python3.10/dist-packages/px4_msgs/msg/_vehicle_attitude.py\n'}
[6.229290] (px4_msgs) StdoutLine: {'line': b'-- Up-to-date: /home/subhalaxmi/nidar_ws/install/px4_msgs/local/lib/python3.10/dist-packages/px4_msgs/msg/_unregister_ext_component_s.c\n'}
[6.229472] (px4_msgs) StdoutLine: {'line': b'-- Up-to-date: /home/subhalaxmi/nidar_ws/install/px4_msgs/local/lib/python3.10/dist-packages/px4_msgs/msg/_vehicle_acceleration.py\n'}
[6.229692] (px4_msgs) StdoutLine: {'line': b'-- Up-to-date: /home/subhalaxmi/nidar_ws/install/px4_msgs/local/lib/python3.10/dist-packages/px4_msgs/msg/_lateral_control_configuration_s.c\n'}
[6.229890] (px4_msgs) StdoutLine: {'line': b'-- Up-to-date: /home/subhalaxmi/nidar_ws/install/px4_msgs/local/lib/python3.10/dist-packages/px4_msgs/msg/_fixed_wing_lateral_guidance_status.py\n'}
[6.230065] (px4_msgs) StdoutLine: {'line': b'-- Up-to-date: /home/subhalaxmi/nidar_ws/install/px4_msgs/local/lib/python3.10/dist-packages/px4_msgs/msg/_vehicle_magnetometer_s.c\n'}
[6.230231] (px4_msgs) StdoutLine: {'line': b'-- Up-to-date: /home/subhalaxmi/nidar_ws/install/px4_msgs/local/lib/python3.10/dist-packages/px4_msgs/msg/_internal_combustion_engine_status.py\n'}
[6.230406] (px4_msgs) StdoutLine: {'line': b'-- Up-to-date: /home/subhalaxmi/nidar_ws/install/px4_msgs/local/lib/python3.10/dist-packages/px4_msgs/msg/_gpio_config_s.c\n'}
[6.231057] (px4_msgs) StdoutLine: {'line': b'-- Up-to-date: /home/subhalaxmi/nidar_ws/install/px4_msgs/local/lib/python3.10/dist-packages/px4_msgs/msg/_estimator_bias_s.c\n'}
[6.231276] (px4_msgs) StdoutLine: {'line': b'-- Up-to-date: /home/subhalaxmi/nidar_ws/install/px4_msgs/local/lib/python3.10/dist-packages/px4_msgs/msg/_sensor_gnss_status.py\n'}
[6.231465] (px4_msgs) StdoutLine: {'line': b'-- Up-to-date: /home/subhalaxmi/nidar_ws/install/px4_msgs/local/lib/python3.10/dist-packages/px4_msgs/msg/_rover_rate_status_s.c\n'}
[6.231782] (px4_msgs) StdoutLine: {'line': b'-- Up-to-date: /home/subhalaxmi/nidar_ws/install/px4_msgs/local/lib/python3.10/dist-packages/px4_msgs/msg/_sensor_gyro.py\n'}
[6.231960] (px4_msgs) StdoutLine: {'line': b'-- Up-to-date: /home/subhalaxmi/nidar_ws/install/px4_msgs/local/lib/python3.10/dist-packages/px4_msgs/msg/_pps_capture_s.c\n'}
[6.232123] (px4_msgs) StdoutLine: {'line': b'-- Up-to-date: /home/subhalaxmi/nidar_ws/install/px4_msgs/local/lib/python3.10/dist-packages/px4_msgs/msg/_action_request_s.c\n'}
[6.232287] (px4_msgs) StdoutLine: {'line': b'-- Up-to-date: /home/subhalaxmi/nidar_ws/install/px4_msgs/local/lib/python3.10/dist-packages/px4_msgs/msg/_sensor_uwb_s.c\n'}
[6.232447] (px4_msgs) StdoutLine: {'line': b'-- Up-to-date: /home/subhalaxmi/nidar_ws/install/px4_msgs/local/lib/python3.10/dist-packages/px4_msgs/msg/_vehicle_optical_flow_vel_s.c\n'}
[6.232637] (px4_msgs) StdoutLine: {'line': b'-- Up-to-date: /home/subhalaxmi/nidar_ws/install/px4_msgs/local/lib/python3.10/dist-packages/px4_msgs/msg/_uavcan_parameter_request_s.c\n'}
[6.232807] (px4_msgs) StdoutLine: {'line': b'-- Up-to-date: /home/subhalaxmi/nidar_ws/install/px4_msgs/local/lib/python3.10/dist-packages/px4_msgs/msg/_actuator_armed_s.c\n'}
[6.232970] (px4_msgs) StdoutLine: {'line': b'-- Up-to-date: /home/subhalaxmi/nidar_ws/install/px4_msgs/local/lib/python3.10/dist-packages/px4_msgs/msg/_dataman_response_s.c\n'}
[6.233275] (px4_msgs) StdoutLine: {'line': b'-- Up-to-date: /home/subhalaxmi/nidar_ws/install/px4_msgs/local/lib/python3.10/dist-packages/px4_msgs/msg/_sensor_hygrometer_s.c\n'}
[6.233459] (px4_msgs) StdoutLine: {'line': b'-- Up-to-date: /home/subhalaxmi/nidar_ws/install/px4_msgs/local/lib/python3.10/dist-packages/px4_msgs/msg/_camera_status.py\n'}
[6.233658] (px4_msgs) StdoutLine: {'line': b'-- Up-to-date: /home/subhalaxmi/nidar_ws/install/px4_msgs/local/lib/python3.10/dist-packages/px4_msgs/msg/_telemetry_status_s.c\n'}
[6.233832] (px4_msgs) StdoutLine: {'line': b'-- Up-to-date: /home/subhalaxmi/nidar_ws/install/px4_msgs/local/lib/python3.10/dist-packages/px4_msgs/msg/_yaw_estimator_status.py\n'}
[6.233997] (px4_msgs) StdoutLine: {'line': b'-- Up-to-date: /home/subhalaxmi/nidar_ws/install/px4_msgs/local/lib/python3.10/dist-packages/px4_msgs/msg/_power_monitor_s.c\n'}
[6.234201] (px4_msgs) StdoutLine: {'line': b'-- Up-to-date: /home/subhalaxmi/nidar_ws/install/px4_msgs/local/lib/python3.10/dist-packages/px4_msgs/msg/_estimator_aid_source1d.py\n'}
[6.234471] (px4_msgs) StdoutLine: {'line': b'-- Up-to-date: /home/subhalaxmi/nidar_ws/install/px4_msgs/local/lib/python3.10/dist-packages/px4_msgs/msg/_vehicle_imu_status_s.c\n'}
[6.234669] (px4_msgs) StdoutLine: {'line': b'-- Up-to-date: /home/subhalaxmi/nidar_ws/install/px4_msgs/local/lib/python3.10/dist-packages/px4_msgs/msg/_gimbal_manager_information.py\n'}
[6.234852] (px4_msgs) StdoutLine: {'line': b'-- Up-to-date: /home/subhalaxmi/nidar_ws/install/px4_msgs/local/lib/python3.10/dist-packages/px4_msgs/msg/_actuator_outputs.py\n'}
[6.235016] (px4_msgs) StdoutLine: {'line': b'-- Up-to-date: /home/subhalaxmi/nidar_ws/install/px4_msgs/local/lib/python3.10/dist-packages/px4_msgs/msg/_rover_throttle_setpoint.py\n'}
[6.235175] (px4_msgs) StdoutLine: {'line': b'-- Up-to-date: /home/subhalaxmi/nidar_ws/install/px4_msgs/local/lib/python3.10/dist-packages/px4_msgs/msg/_rc_channels.py\n'}
[6.235346] (px4_msgs) StdoutLine: {'line': b'-- Up-to-date: /home/subhalaxmi/nidar_ws/install/px4_msgs/local/lib/python3.10/dist-packages/px4_msgs/msg/_debug_value_s.c\n'}
[6.235511] (px4_msgs) StdoutLine: {'line': b'-- Up-to-date: /home/subhalaxmi/nidar_ws/install/px4_msgs/local/lib/python3.10/dist-packages/px4_msgs/msg/_mission_s.c\n'}
[6.235754] (px4_msgs) StdoutLine: {'line': b'-- Up-to-date: /home/subhalaxmi/nidar_ws/install/px4_msgs/local/lib/python3.10/dist-packages/px4_msgs/msg/_estimator_status.py\n'}
[6.236017] (px4_msgs) StdoutLine: {'line': b'-- Up-to-date: /home/subhalaxmi/nidar_ws/install/px4_msgs/local/lib/python3.10/dist-packages/px4_msgs/msg/_vehicle_optical_flow_vel.py\n'}
[6.236190] (px4_msgs) StdoutLine: {'line': b'-- Up-to-date: /home/subhalaxmi/nidar_ws/install/px4_msgs/local/lib/python3.10/dist-packages/px4_msgs/msg/_fixed_wing_lateral_setpoint_s.c\n'}
[6.236353] (px4_msgs) StdoutLine: {'line': b'-- Up-to-date: /home/subhalaxmi/nidar_ws/install/px4_msgs/local/lib/python3.10/dist-packages/px4_msgs/msg/_vehicle_roi.py\n'}
[6.236514] (px4_msgs) StdoutLine: {'line': b'-- Up-to-date: /home/subhalaxmi/nidar_ws/install/px4_msgs/local/lib/python3.10/dist-packages/px4_msgs/msg/_parameter_reset_request_s.c\n'}
[6.236712] (px4_msgs) StdoutLine: {'line': b'-- Up-to-date: /home/subhalaxmi/nidar_ws/install/px4_msgs/local/lib/python3.10/dist-packages/px4_msgs/msg/_sensor_gps_s.c\n'}
[6.236983] (px4_msgs) StdoutLine: {'line': b'-- Up-to-date: /home/subhalaxmi/nidar_ws/install/px4_msgs/local/lib/python3.10/dist-packages/px4_msgs/msg/_sensors_status.py\n'}
[6.237151] (px4_msgs) StdoutLine: {'line': b'-- Up-to-date: /home/subhalaxmi/nidar_ws/install/px4_msgs/local/lib/python3.10/dist-packages/px4_msgs/msg/_estimator_aid_source3d.py\n'}
[6.237314] (px4_msgs) StdoutLine: {'line': b'-- Up-to-date: /home/subhalaxmi/nidar_ws/install/px4_msgs/local/lib/python3.10/dist-packages/px4_msgs/msg/_vehicle_attitude_setpoint_s.c\n'}
[6.237476] (px4_msgs) StdoutLine: {'line': b'-- Up-to-date: /home/subhalaxmi/nidar_ws/install/px4_msgs/local/lib/python3.10/dist-packages/px4_msgs/msg/_gpio_out.py\n'}
[6.237681] (px4_msgs) StdoutLine: {'line': b'-- Up-to-date: /home/subhalaxmi/nidar_ws/install/px4_msgs/local/lib/python3.10/dist-packages/px4_msgs/msg/_gps_dump.py\n'}
[6.237866] (px4_msgs) StdoutLine: {'line': b'-- Up-to-date: /home/subhalaxmi/nidar_ws/install/px4_msgs/local/lib/python3.10/dist-packages/px4_msgs/msg/_vehicle_thrust_setpoint.py\n'}
[6.238043] (px4_msgs) StdoutLine: {'line': b'-- Up-to-date: /home/subhalaxmi/nidar_ws/install/px4_msgs/local/lib/python3.10/dist-packages/px4_msgs/msg/_takeoff_status.py\n'}
[6.238235] (px4_msgs) StdoutLine: {'line': b'-- Up-to-date: /home/subhalaxmi/nidar_ws/install/px4_msgs/local/lib/python3.10/dist-packages/px4_msgs/msg/_vehicle_rates_setpoint_s.c\n'}
[6.238598] (px4_msgs) StdoutLine: {'line': b'-- Up-to-date: /home/subhalaxmi/nidar_ws/install/px4_msgs/local/lib/python3.10/dist-packages/px4_msgs/msg/_velocity_limits_s.c\n'}
[6.238830] (px4_msgs) StdoutLine: {'line': b'-- Up-to-date: /home/subhalaxmi/nidar_ws/install/px4_msgs/local/lib/python3.10/dist-packages/px4_msgs/msg/_vehicle_command_ack.py\n'}
[6.239015] (px4_msgs) StdoutLine: {'line': b'-- Up-to-date: /home/subhalaxmi/nidar_ws/install/px4_msgs/local/lib/python3.10/dist-packages/px4_msgs/msg/_vehicle_command.py\n'}
[6.239201] (px4_msgs) StdoutLine: {'line': b'-- Up-to-date: /home/subhalaxmi/nidar_ws/install/px4_msgs/local/lib/python3.10/dist-packages/px4_msgs/msg/_logger_status.py\n'}
[6.239405] (px4_msgs) StdoutLine: {'line': b'-- Up-to-date: /home/subhalaxmi/nidar_ws/install/px4_msgs/local/lib/python3.10/dist-packages/px4_msgs/msg/_sensor_correction.py\n'}
[6.239610] (px4_msgs) StdoutLine: {'line': b'-- Up-to-date: /home/subhalaxmi/nidar_ws/install/px4_msgs/local/lib/python3.10/dist-packages/px4_msgs/msg/_airspeed_wind_s.c\n'}
[6.239808] (px4_msgs) StdoutLine: {'line': b'-- Up-to-date: /home/subhalaxmi/nidar_ws/install/px4_msgs/local/lib/python3.10/dist-packages/px4_msgs/msg/_ekf2_timestamps.py\n'}
[6.240083] (px4_msgs) StdoutLine: {'line': b'-- Up-to-date: /home/subhalaxmi/nidar_ws/install/px4_msgs/local/lib/python3.10/dist-packages/px4_msgs/msg/_sensor_temp.py\n'}
[6.240269] (px4_msgs) StdoutLine: {'line': b'-- Up-to-date: /home/subhalaxmi/nidar_ws/install/px4_msgs/local/lib/python3.10/dist-packages/px4_msgs/msg/_sensor_preflight_mag.py\n'}
[6.240447] (px4_msgs) StdoutLine: {'line': b'-- Up-to-date: /home/subhalaxmi/nidar_ws/install/px4_msgs/local/lib/python3.10/dist-packages/px4_msgs/msg/_manual_control_switches.py\n'}
[6.240663] (px4_msgs) StdoutLine: {'line': b'-- Up-to-date: /home/subhalaxmi/nidar_ws/install/px4_msgs/local/lib/python3.10/dist-packages/px4_msgs/msg/_vehicle_command_ack_s.c\n'}
[6.240884] (px4_msgs) StdoutLine: {'line': b'-- Up-to-date: /home/subhalaxmi/nidar_ws/install/px4_msgs/local/lib/python3.10/dist-packages/px4_msgs/msg/_sensors_status_imu.py\n'}
[6.241068] (px4_msgs) StdoutLine: {'line': b'-- Up-to-date: /home/subhalaxmi/nidar_ws/install/px4_msgs/local/lib/python3.10/dist-packages/px4_msgs/msg/_aux_global_position_s.c\n'}
[6.241243] (px4_msgs) StdoutLine: {'line': b'-- Up-to-date: /home/subhalaxmi/nidar_ws/install/px4_msgs/local/lib/python3.10/dist-packages/px4_msgs/msg/_follow_target_status_s.c\n'}
[6.241440] (px4_msgs) StdoutLine: {'line': b'-- Up-to-date: /home/subhalaxmi/nidar_ws/install/px4_msgs/local/lib/python3.10/dist-packages/px4_msgs/msg/_sensor_gyro_s.c\n'}
[6.241947] (px4_msgs) StdoutLine: {'line': b'-- Up-to-date: /home/subhalaxmi/nidar_ws/install/px4_msgs/local/lib/python3.10/dist-packages/px4_msgs/msg/_actuator_controls_status_s.c\n'}
[6.242135] (px4_msgs) StdoutLine: {'line': b'-- Up-to-date: /home/subhalaxmi/nidar_ws/install/px4_msgs/local/lib/python3.10/dist-packages/px4_msgs/msg/_navigator_status.py\n'}
[6.242301] (px4_msgs) StdoutLine: {'line': b'-- Up-to-date: /home/subhalaxmi/nidar_ws/install/px4_msgs/local/lib/python3.10/dist-packages/px4_msgs/msg/_aux_global_position.py\n'}
[6.242466] (px4_msgs) StdoutLine: {'line': b'-- Up-to-date: /home/subhalaxmi/nidar_ws/install/px4_msgs/local/lib/python3.10/dist-packages/px4_msgs/msg/_px4io_status_s.c\n'}
[6.242716] (px4_msgs) StdoutLine: {'line': b'-- Up-to-date: /home/subhalaxmi/nidar_ws/install/px4_msgs/local/lib/python3.10/dist-packages/px4_msgs/msg/_rover_steering_setpoint.py\n'}
[6.242889] (px4_msgs) StdoutLine: {'line': b'-- Up-to-date: /home/subhalaxmi/nidar_ws/install/px4_msgs/local/lib/python3.10/dist-packages/px4_msgs/msg/_mavlink_log_s.c\n'}
[6.243053] (px4_msgs) StdoutLine: {'line': b'-- Up-to-date: /home/subhalaxmi/nidar_ws/install/px4_msgs/local/lib/python3.10/dist-packages/px4_msgs/msg/_launch_detection_status.py\n'}
[6.243215] (px4_msgs) StdoutLine: {'line': b'-- Up-to-date: /home/subhalaxmi/nidar_ws/install/px4_msgs/local/lib/python3.10/dist-packages/px4_msgs/msg/_vehicle_air_data.py\n'}
[6.243377] (px4_msgs) StdoutLine: {'line': b'-- Up-to-date: /home/subhalaxmi/nidar_ws/install/px4_msgs/local/lib/python3.10/dist-packages/px4_msgs/msg/_geofence_result.py\n'}
[6.243554] (px4_msgs) StdoutLine: {'line': b'-- Up-to-date: /home/subhalaxmi/nidar_ws/install/px4_msgs/local/lib/python3.10/dist-packages/px4_msgs/msg/_rc_channels_s.c\n'}
[6.243733] (px4_msgs) StdoutLine: {'line': b'-- Up-to-date: /home/subhalaxmi/nidar_ws/install/px4_msgs/local/lib/python3.10/dist-packages/px4_msgs/msg/_arming_check_reply_s.c\n'}
[6.243896] (px4_msgs) StdoutLine: {'line': b'-- Up-to-date: /home/subhalaxmi/nidar_ws/install/px4_msgs/local/lib/python3.10/dist-packages/px4_msgs/msg/_fixed_wing_runway_control.py\n'}
[6.244117] (px4_msgs) StdoutLine: {'line': b'-- Up-to-date: /home/subhalaxmi/nidar_ws/install/px4_msgs/local/lib/python3.10/dist-packages/px4_msgs/msg/_raptor_status.py\n'}
[6.244397] (px4_msgs) StdoutLine: {'line': b'-- Up-to-date: /home/subhalaxmi/nidar_ws/install/px4_msgs/local/lib/python3.10/dist-packages/px4_msgs/msg/_airspeed_validated_s.c\n'}
[6.244603] (px4_msgs) StdoutLine: {'line': b'-- Up-to-date: /home/subhalaxmi/nidar_ws/install/px4_msgs/local/lib/python3.10/dist-packages/px4_msgs/msg/_sensor_accel_fifo_s.c\n'}
[6.244802] (px4_msgs) StdoutLine: {'line': b'-- Up-to-date: /home/subhalaxmi/nidar_ws/install/px4_msgs/local/lib/python3.10/dist-packages/px4_msgs/msg/_estimator_selector_status.py\n'}
[6.244982] (px4_msgs) StdoutLine: {'line': b'-- Up-to-date: /home/subhalaxmi/nidar_ws/install/px4_msgs/local/lib/python3.10/dist-packages/px4_msgs/msg/_sensor_baro_s.c\n'}
[6.245156] (px4_msgs) StdoutLine: {'line': b'-- Up-to-date: /home/subhalaxmi/nidar_ws/install/px4_msgs/local/lib/python3.10/dist-packages/px4_msgs/msg/_actuator_servos.py\n'}
[6.245479] (px4_msgs) StdoutLine: {'line': b'-- Up-to-date: /home/subhalaxmi/nidar_ws/install/px4_msgs/local/lib/python3.10/dist-packages/px4_msgs/msg/_internal_combustion_engine_control_s.c\n'}
[6.245704] (px4_msgs) StdoutLine: {'line': b'-- Up-to-date: /home/subhalaxmi/nidar_ws/install/px4_msgs/local/lib/python3.10/dist-packages/px4_msgs/msg/_sensor_mag.py\n'}
[6.245897] (px4_msgs) StdoutLine: {'line': b'-- Up-to-date: /home/subhalaxmi/nidar_ws/install/px4_msgs/local/lib/python3.10/dist-packages/px4_msgs/msg/_qshell_retval.py\n'}
[6.248076] (px4_msgs) StdoutLine: {'line': b'-- Up-to-date: /home/subhalaxmi/nidar_ws/install/px4_msgs/local/lib/python3.10/dist-packages/px4_msgs/msg/_vehicle_local_position.py\n'}
[6.248286] (px4_msgs) StdoutLine: {'line': b'-- Up-to-date: /home/subhalaxmi/nidar_ws/install/px4_msgs/local/lib/python3.10/dist-packages/px4_msgs/msg/_vehicle_attitude_setpoint.py\n'}
[6.248457] (px4_msgs) StdoutLine: {'line': b'-- Up-to-date: /home/subhalaxmi/nidar_ws/install/px4_msgs/local/lib/python3.10/dist-packages/px4_msgs/msg/_mount_orientation_s.c\n'}
[6.248660] (px4_msgs) StdoutLine: {'line': b'-- Up-to-date: /home/subhalaxmi/nidar_ws/install/px4_msgs/local/lib/python3.10/dist-packages/px4_msgs/msg/_longitudinal_control_configuration_s.c\n'}
[6.248833] (px4_msgs) StdoutLine: {'line': b'-- Up-to-date: /home/subhalaxmi/nidar_ws/install/px4_msgs/local/lib/python3.10/dist-packages/px4_msgs/msg/_sensor_mag_s.c\n'}
[6.248995] (px4_msgs) StdoutLine: {'line': b'-- Up-to-date: /home/subhalaxmi/nidar_ws/install/px4_msgs/local/lib/python3.10/dist-packages/px4_msgs/msg/_vehicle_land_detected_s.c\n'}
[6.249191] (px4_msgs) StdoutLine: {'line': b'-- Up-to-date: /home/subhalaxmi/nidar_ws/install/px4_msgs/local/lib/python3.10/dist-packages/px4_msgs/msg/_esc_report.py\n'}
[6.249359] (px4_msgs) StdoutLine: {'line': b'-- Up-to-date: /home/subhalaxmi/nidar_ws/install/px4_msgs/local/lib/python3.10/dist-packages/px4_msgs/msg/_mission.py\n'}
[6.249728] (px4_msgs) StdoutLine: {'line': b'-- Up-to-date: /home/subhalaxmi/nidar_ws/install/px4_msgs/local/lib/python3.10/dist-packages/px4_msgs/msg/_dataman_response.py\n'}
[6.249935] (px4_msgs) StdoutLine: {'line': b'-- Up-to-date: /home/subhalaxmi/nidar_ws/install/px4_msgs/local/lib/python3.10/dist-packages/px4_msgs/msg/_open_drone_id_self_id.py\n'}
[6.250123] (px4_msgs) StdoutLine: {'line': b'-- Up-to-date: /home/subhalaxmi/nidar_ws/install/px4_msgs/local/lib/python3.10/dist-packages/px4_msgs/msg/_camera_trigger.py\n'}
[6.250310] (px4_msgs) StdoutLine: {'line': b'-- Up-to-date: /home/subhalaxmi/nidar_ws/install/px4_msgs/local/lib/python3.10/dist-packages/px4_msgs/msg/_vtol_vehicle_status_s.c\n'}
[6.250489] (px4_msgs) StdoutLine: {'line': b'-- Up-to-date: /home/subhalaxmi/nidar_ws/install/px4_msgs/local/lib/python3.10/dist-packages/px4_msgs/msg/_esc_status.py\n'}
[6.250874] (px4_msgs) StdoutLine: {'line': b'-- Up-to-date: /home/subhalaxmi/nidar_ws/install/px4_msgs/local/lib/python3.10/dist-packages/px4_msgs/msg/_system_power.py\n'}
[6.251093] (px4_msgs) StdoutLine: {'line': b'-- Up-to-date: /home/subhalaxmi/nidar_ws/install/px4_msgs/local/lib/python3.10/dist-packages/px4_msgs/msg/_fuel_tank_status.py\n'}
[6.251279] (px4_msgs) StdoutLine: {'line': b'-- Up-to-date: /home/subhalaxmi/nidar_ws/install/px4_msgs/local/lib/python3.10/dist-packages/px4_msgs/msg/_actuator_servos_trim_s.c\n'}
[6.251450] (px4_msgs) StdoutLine: {'line': b'-- Up-to-date: /home/subhalaxmi/nidar_ws/install/px4_msgs/local/lib/python3.10/dist-packages/px4_msgs/msg/_parameter_set_used_request.py\n'}
[6.251651] (px4_msgs) StdoutLine: {'line': b'-- Up-to-date: /home/subhalaxmi/nidar_ws/install/px4_msgs/local/lib/python3.10/dist-packages/px4_msgs/msg/_orb_test_large.py\n'}
[6.251821] (px4_msgs) StdoutLine: {'line': b'-- Up-to-date: /home/subhalaxmi/nidar_ws/install/px4_msgs/local/lib/python3.10/dist-packages/px4_msgs/msg/_parameter_update.py\n'}
[6.251985] (px4_msgs) StdoutLine: {'line': b'-- Up-to-date: /home/subhalaxmi/nidar_ws/install/px4_msgs/local/lib/python3.10/dist-packages/px4_msgs/msg/_actuator_servos_s.c\n'}
[6.252200] (px4_msgs) StdoutLine: {'line': b'-- Up-to-date: /home/subhalaxmi/nidar_ws/install/px4_msgs/local/lib/python3.10/dist-packages/px4_msgs/msg/_vehicle_optical_flow.py\n'}
[6.252472] (px4_msgs) StdoutLine: {'line': b'-- Up-to-date: /home/subhalaxmi/nidar_ws/install/px4_msgs/local/lib/python3.10/dist-packages/px4_msgs/msg/_battery_info.py\n'}
[6.252685] (px4_msgs) StdoutLine: {'line': b'-- Up-to-date: /home/subhalaxmi/nidar_ws/install/px4_msgs/local/lib/python3.10/dist-packages/px4_msgs/msg/_vehicle_imu_s.c\n'}
[6.252856] (px4_msgs) StdoutLine: {'line': b'-- Up-to-date: /home/subhalaxmi/nidar_ws/install/px4_msgs/local/lib/python3.10/dist-packages/px4_msgs/msg/_heater_status.py\n'}
[6.253019] (px4_msgs) StdoutLine: {'line': b'-- Up-to-date: /home/subhalaxmi/nidar_ws/install/px4_msgs/local/lib/python3.10/dist-packages/px4_msgs/msg/_config_overrides_s.c\n'}
[6.253181] (px4_msgs) StdoutLine: {'line': b'-- Up-to-date: /home/subhalaxmi/nidar_ws/install/px4_msgs/local/lib/python3.10/dist-packages/px4_msgs/msg/_vehicle_global_position.py\n'}
[6.253447] (px4_msgs) StdoutLine: {'line': b'-- Up-to-date: /home/subhalaxmi/nidar_ws/install/px4_msgs/local/lib/python3.10/dist-packages/px4_msgs/msg/_actuator_armed.py\n'}
[6.253636] (px4_msgs) StdoutLine: {'line': b'-- Up-to-date: /home/subhalaxmi/nidar_ws/install/px4_msgs/local/lib/python3.10/dist-packages/px4_msgs/msg/_ulog_stream_ack.py\n'}
[6.253808] (px4_msgs) StdoutLine: {'line': b'-- Up-to-date: /home/subhalaxmi/nidar_ws/install/px4_msgs/local/lib/python3.10/dist-packages/px4_msgs/msg/_message_format_request_s.c\n'}
[6.253969] (px4_msgs) StdoutLine: {'line': b'-- Up-to-date: /home/subhalaxmi/nidar_ws/install/px4_msgs/local/lib/python3.10/dist-packages/px4_msgs/msg/_sensor_airflow.py\n'}
[6.254129] (px4_msgs) StdoutLine: {'line': b'-- Up-to-date: /home/subhalaxmi/nidar_ws/install/px4_msgs/local/lib/python3.10/dist-packages/px4_msgs/msg/_wheel_encoders_s.c\n'}
[6.254288] (px4_msgs) StdoutLine: {'line': b'-- Up-to-date: /home/subhalaxmi/nidar_ws/install/px4_msgs/local/lib/python3.10/dist-packages/px4_msgs/msg/_tune_control_s.c\n'}
[6.254448] (px4_msgs) StdoutLine: {'line': b'-- Up-to-date: /home/subhalaxmi/nidar_ws/install/px4_msgs/local/lib/python3.10/dist-packages/px4_msgs/msg/_battery_status_s.c\n'}
[6.254637] (px4_msgs) StdoutLine: {'line': b'-- Up-to-date: /home/subhalaxmi/nidar_ws/install/px4_msgs/local/lib/python3.10/dist-packages/px4_msgs/msg/_estimator_gps_status.py\n'}
[6.254935] (px4_msgs) StdoutLine: {'line': b'-- Up-to-date: /home/subhalaxmi/nidar_ws/install/px4_msgs/local/lib/python3.10/dist-packages/px4_msgs/msg/_hover_thrust_estimate.py\n'}
[6.255110] (px4_msgs) StdoutLine: {'line': b'-- Up-to-date: /home/subhalaxmi/nidar_ws/install/px4_msgs/local/lib/python3.10/dist-packages/px4_msgs/msg/_dataman_request_s.c\n'}
[6.255274] (px4_msgs) StdoutLine: {'line': b'-- Up-to-date: /home/subhalaxmi/nidar_ws/install/px4_msgs/local/lib/python3.10/dist-packages/px4_msgs/msg/_failsafe_flags_s.c\n'}
[6.255460] (px4_msgs) StdoutLine: {'line': b'-- Up-to-date: /home/subhalaxmi/nidar_ws/install/px4_msgs/local/lib/python3.10/dist-packages/px4_msgs/msg/_vehicle_angular_velocity_s.c\n'}
[6.257326] (px4_msgs) StdoutLine: {'line': b'-- Up-to-date: /home/subhalaxmi/nidar_ws/install/px4_msgs/local/lib/python3.10/dist-packages/px4_msgs/msg/_heater_status_s.c\n'}
[6.257560] (px4_msgs) StdoutLine: {'line': b'-- Up-to-date: /home/subhalaxmi/nidar_ws/install/px4_msgs/local/lib/python3.10/dist-packages/px4_msgs/msg/_actuator_test_s.c\n'}
[6.257759] (px4_msgs) StdoutLine: {'line': b'-- Up-to-date: /home/subhalaxmi/nidar_ws/install/px4_msgs/local/lib/python3.10/dist-packages/px4_msgs/msg/_arming_check_request_s.c\n'}
[6.257934] (px4_msgs) StdoutLine: {'line': b'-- Up-to-date: /home/subhalaxmi/nidar_ws/install/px4_msgs/local/lib/python3.10/dist-packages/px4_msgs/msg/_landing_gear_wheel.py\n'}
[6.258107] (px4_msgs) StdoutLine: {'line': b'-- Up-to-date: /home/subhalaxmi/nidar_ws/install/px4_msgs/local/lib/python3.10/dist-packages/px4_msgs/msg/_neural_control.py\n'}
[6.258276] (px4_msgs) StdoutLine: {'line': b'-- Up-to-date: /home/subhalaxmi/nidar_ws/install/px4_msgs/local/lib/python3.10/dist-packages/px4_msgs/msg/_sensor_baro.py\n'}
[6.258437] (px4_msgs) StdoutLine: {'line': b'-- Up-to-date: /home/subhalaxmi/nidar_ws/install/px4_msgs/local/lib/python3.10/dist-packages/px4_msgs/msg/_parameter_set_value_response.py\n'}
[6.258915] (px4_msgs) StdoutLine: {'line': b'-- Up-to-date: /home/subhalaxmi/nidar_ws/install/px4_msgs/local/lib/python3.10/dist-packages/px4_msgs/msg/_gain_compression_s.c\n'}
[6.259345] (px4_msgs) StdoutLine: {'line': b'-- Up-to-date: /home/subhalaxmi/nidar_ws/install/px4_msgs/local/lib/python3.10/dist-packages/px4_msgs/msg/_raptor_input_s.c\n'}
[6.259554] (px4_msgs) StdoutLine: {'line': b'-- Up-to-date: /home/subhalaxmi/nidar_ws/install/px4_msgs/local/lib/python3.10/dist-packages/px4_msgs/msg/_vehicle_local_position_setpoint_s.c\n'}
[6.259753] (px4_msgs) StdoutLine: {'line': b'-- Up-to-date: /home/subhalaxmi/nidar_ws/install/px4_msgs/local/lib/python3.10/dist-packages/px4_msgs/msg/_debug_vect.py\n'}
[6.259928] (px4_msgs) StdoutLine: {'line': b'-- Up-to-date: /home/subhalaxmi/nidar_ws/install/px4_msgs/local/lib/python3.10/dist-packages/px4_msgs/msg/_gpio_in_s.c\n'}
[6.260214] (px4_msgs) StdoutLine: {'line': b'-- Up-to-date: /home/subhalaxmi/nidar_ws/install/px4_msgs/local/lib/python3.10/dist-packages/px4_msgs/msg/_sensor_accel.py\n'}
[6.260391] (px4_msgs) StdoutLine: {'line': b'-- Up-to-date: /home/subhalaxmi/nidar_ws/install/px4_msgs/local/lib/python3.10/dist-packages/px4_msgs/msg/_register_ext_component_request.py\n'}
[6.260576] (px4_msgs) StdoutLine: {'line': b'-- Up-to-date: /home/subhalaxmi/nidar_ws/install/px4_msgs/local/lib/python3.10/dist-packages/px4_msgs/msg/_differential_pressure_s.c\n'}
[6.260771] (px4_msgs) StdoutLine: {'line': b'-- Up-to-date: /home/subhalaxmi/nidar_ws/install/px4_msgs/local/lib/python3.10/dist-packages/px4_msgs/msg/_rate_ctrl_status_s.c\n'}
[6.260942] (px4_msgs) StdoutLine: {'line': b'-- Up-to-date: /home/subhalaxmi/nidar_ws/install/px4_msgs/local/lib/python3.10/dist-packages/px4_msgs/msg/_logger_status_s.c\n'}
[6.261112] (px4_msgs) StdoutLine: {'line': b'-- Up-to-date: /home/subhalaxmi/nidar_ws/install/px4_msgs/local/lib/python3.10/dist-packages/px4_msgs/msg/_gpio_in.py\n'}
[6.261280] (px4_msgs) StdoutLine: {'line': b'-- Up-to-date: /home/subhalaxmi/nidar_ws/install/px4_msgs/local/lib/python3.10/dist-packages/px4_msgs/msg/_log_message.py\n'}
[6.261455] (px4_msgs) StdoutLine: {'line': b'-- Up-to-date: /home/subhalaxmi/nidar_ws/install/px4_msgs/local/lib/python3.10/dist-packages/px4_msgs/msg/_mode_completed.py\n'}
[6.261783] (px4_msgs) StdoutLine: {'line': b'-- Up-to-date: /home/subhalaxmi/nidar_ws/install/px4_msgs/local/lib/python3.10/dist-packages/px4_msgs/msg/_rover_attitude_status.py\n'}
[6.261964] (px4_msgs) StdoutLine: {'line': b'-- Up-to-date: /home/subhalaxmi/nidar_ws/install/px4_msgs/local/lib/python3.10/dist-packages/px4_msgs/msg/_fixed_wing_lateral_status_s.c\n'}
[6.262152] (px4_msgs) StdoutLine: {'line': b'-- Up-to-date: /home/subhalaxmi/nidar_ws/install/px4_msgs/local/lib/python3.10/dist-packages/px4_msgs/msg/_internal_combustion_engine_status_s.c\n'}
[6.262316] (px4_msgs) StdoutLine: {'line': b'-- Up-to-date: /home/subhalaxmi/nidar_ws/install/px4_msgs/local/lib/python3.10/dist-packages/px4_msgs/msg/_rover_speed_setpoint.py\n'}
[6.262477] (px4_msgs) StdoutLine: {'line': b'-- Up-to-date: /home/subhalaxmi/nidar_ws/install/px4_msgs/local/lib/python3.10/dist-packages/px4_msgs/msg/_vehicle_imu.py\n'}
[6.262672] (px4_msgs) StdoutLine: {'line': b'-- Up-to-date: /home/subhalaxmi/nidar_ws/install/px4_msgs/local/lib/python3.10/dist-packages/px4_msgs/msg/_sensor_selection_s.c\n'}
[6.262836] (px4_msgs) StdoutLine: {'line': b'-- Up-to-date: /home/subhalaxmi/nidar_ws/install/px4_msgs/local/lib/python3.10/dist-packages/px4_msgs/msg/_rtl_status_s.c\n'}
[6.262997] (px4_msgs) StdoutLine: {'line': b'-- Up-to-date: /home/subhalaxmi/nidar_ws/install/px4_msgs/local/lib/python3.10/dist-packages/px4_msgs/px4_msgs_s__rosidl_typesupport_c.cpython-310-x86_64-linux-gnu.so\n'}
[6.263158] (px4_msgs) StdoutLine: {'line': b'-- Up-to-date: /home/subhalaxmi/nidar_ws/install/px4_msgs/local/lib/python3.10/dist-packages/px4_msgs/px4_msgs_s__rosidl_typesupport_fastrtps_c.cpython-310-x86_64-linux-gnu.so\n'}
[6.263334] (px4_msgs) StdoutLine: {'line': b'-- Up-to-date: /home/subhalaxmi/nidar_ws/install/px4_msgs/local/lib/python3.10/dist-packages/px4_msgs/srv\n'}
[6.263497] (px4_msgs) StdoutLine: {'line': b'-- Up-to-date: /home/subhalaxmi/nidar_ws/install/px4_msgs/local/lib/python3.10/dist-packages/px4_msgs/srv/__init__.py\n'}
[6.263692] (px4_msgs) StdoutLine: {'line': b'-- Up-to-date: /home/subhalaxmi/nidar_ws/install/px4_msgs/local/lib/python3.10/dist-packages/px4_msgs/srv/_vehicle_command_s.c\n'}
[6.263882] (px4_msgs) StdoutLine: {'line': b'-- Up-to-date: /home/subhalaxmi/nidar_ws/install/px4_msgs/local/lib/python3.10/dist-packages/px4_msgs/srv/_vehicle_command.py\n'}
[6.264044] (px4_msgs) StdoutLine: {'line': b'-- Up-to-date: /home/subhalaxmi/nidar_ws/install/px4_msgs/local/lib/python3.10/dist-packages/px4_msgs/_px4_msgs_s.ep.rosidl_typesupport_fastrtps_c.c\n'}
[6.264205] (px4_msgs) StdoutLine: {'line': b'-- Up-to-date: /home/subhalaxmi/nidar_ws/install/px4_msgs/local/lib/python3.10/dist-packages/px4_msgs/_px4_msgs_s.ep.rosidl_typesupport_c.c\n'}
[6.264481] (px4_msgs) StdoutLine: {'line': b'-- Up-to-date: /home/subhalaxmi/nidar_ws/install/px4_msgs/local/lib/python3.10/dist-packages/px4_msgs/_px4_msgs_s.ep.rosidl_typesupport_introspection_c.c\n'}
[6.264676] (px4_msgs) StdoutLine: {'line': b"Listing '/home/subhalaxmi/nidar_ws/install/px4_msgs/local/lib/python3.10/dist-packages/px4_msgs'...\n"}
[6.264840] (px4_msgs) StdoutLine: {'line': b"Listing '/home/subhalaxmi/nidar_ws/install/px4_msgs/local/lib/python3.10/dist-packages/px4_msgs/msg'...\n"}
[6.265000] (px4_msgs) StdoutLine: {'line': b"Listing '/home/subhalaxmi/nidar_ws/install/px4_msgs/local/lib/python3.10/dist-packages/px4_msgs/srv'...\n"}
[6.265162] (px4_msgs) StdoutLine: {'line': b'-- Up-to-date: /home/subhalaxmi/nidar_ws/install/px4_msgs/local/lib/python3.10/dist-packages/px4_msgs/px4_msgs_s__rosidl_typesupport_fastrtps_c.cpython-310-x86_64-linux-gnu.so\n'}
[6.265322] (px4_msgs) StdoutLine: {'line': b'-- Up-to-date: /home/subhalaxmi/nidar_ws/install/px4_msgs/local/lib/python3.10/dist-packages/px4_msgs/px4_msgs_s__rosidl_typesupport_introspection_c.cpython-310-x86_64-linux-gnu.so\n'}
[6.265482] (px4_msgs) StdoutLine: {'line': b'-- Up-to-date: /home/subhalaxmi/nidar_ws/install/px4_msgs/local/lib/python3.10/dist-packages/px4_msgs/px4_msgs_s__rosidl_typesupport_c.cpython-310-x86_64-linux-gnu.so\n'}
[6.265677] (px4_msgs) StdoutLine: {'line': b'-- Up-to-date: /home/subhalaxmi/nidar_ws/install/px4_msgs/lib/libpx4_msgs__rosidl_generator_py.so\n'}
[6.265846] (px4_msgs) StdoutLine: {'line': b'-- Up-to-date: /home/subhalaxmi/nidar_ws/install/px4_msgs/share/px4_msgs/msg/ActionRequest.idl\n'}
[6.266006] (px4_msgs) StdoutLine: {'line': b'-- Up-to-date: /home/subhalaxmi/nidar_ws/install/px4_msgs/share/px4_msgs/msg/ActuatorArmed.idl\n'}
[6.266188] (px4_msgs) StdoutLine: {'line': b'-- Up-to-date: /home/subhalaxmi/nidar_ws/install/px4_msgs/share/px4_msgs/msg/ActuatorControlsStatus.idl\n'}
[6.266349] (px4_msgs) StdoutLine: {'line': b'-- Up-to-date: /home/subhalaxmi/nidar_ws/install/px4_msgs/share/px4_msgs/msg/ActuatorMotors.idl\n'}
[6.266512] (px4_msgs) StdoutLine: {'line': b'-- Up-to-date: /home/subhalaxmi/nidar_ws/install/px4_msgs/share/px4_msgs/msg/ActuatorOutputs.idl\n'}
[6.266718] (px4_msgs) StdoutLine: {'line': b'-- Up-to-date: /home/subhalaxmi/nidar_ws/install/px4_msgs/share/px4_msgs/msg/ActuatorServos.idl\n'}
[6.266883] (px4_msgs) StdoutLine: {'line': b'-- Up-to-date: /home/subhalaxmi/nidar_ws/install/px4_msgs/share/px4_msgs/msg/ActuatorServosTrim.idl\n'}
[6.267188] (px4_msgs) StdoutLine: {'line': b'-- Up-to-date: /home/subhalaxmi/nidar_ws/install/px4_msgs/share/px4_msgs/msg/ActuatorTest.idl\n'}
[6.267364] (px4_msgs) StdoutLine: {'line': b'-- Up-to-date: /home/subhalaxmi/nidar_ws/install/px4_msgs/share/px4_msgs/msg/AdcReport.idl\n'}
[6.267543] (px4_msgs) StdoutLine: {'line': b'-- Up-to-date: /home/subhalaxmi/nidar_ws/install/px4_msgs/share/px4_msgs/msg/Airspeed.idl\n'}
[6.267735] (px4_msgs) StdoutLine: {'line': b'-- Up-to-date: /home/subhalaxmi/nidar_ws/install/px4_msgs/share/px4_msgs/msg/AirspeedValidated.idl\n'}
[6.267899] (px4_msgs) StdoutLine: {'line': b'-- Up-to-date: /home/subhalaxmi/nidar_ws/install/px4_msgs/share/px4_msgs/msg/AirspeedWind.idl\n'}
[6.268058] (px4_msgs) StdoutLine: {'line': b'-- Up-to-date: /home/subhalaxmi/nidar_ws/install/px4_msgs/share/px4_msgs/msg/ArmingCheckReply.idl\n'}
[6.268330] (px4_msgs) StdoutLine: {'line': b'-- Up-to-date: /home/subhalaxmi/nidar_ws/install/px4_msgs/share/px4_msgs/msg/ArmingCheckRequest.idl\n'}
[6.268493] (px4_msgs) StdoutLine: {'line': b'-- Up-to-date: /home/subhalaxmi/nidar_ws/install/px4_msgs/share/px4_msgs/msg/AutotuneAttitudeControlStatus.idl\n'}
[6.268688] (px4_msgs) StdoutLine: {'line': b'-- Up-to-date: /home/subhalaxmi/nidar_ws/install/px4_msgs/share/px4_msgs/msg/AuxGlobalPosition.idl\n'}
[6.268855] (px4_msgs) StdoutLine: {'line': b'-- Up-to-date: /home/subhalaxmi/nidar_ws/install/px4_msgs/share/px4_msgs/msg/BatteryInfo.idl\n'}
[6.269014] (px4_msgs) StdoutLine: {'line': b'-- Up-to-date: /home/subhalaxmi/nidar_ws/install/px4_msgs/share/px4_msgs/msg/BatteryStatus.idl\n'}
[6.269174] (px4_msgs) StdoutLine: {'line': b'-- Up-to-date: /home/subhalaxmi/nidar_ws/install/px4_msgs/share/px4_msgs/msg/ButtonEvent.idl\n'}
[6.269332] (px4_msgs) StdoutLine: {'line': b'-- Up-to-date: /home/subhalaxmi/nidar_ws/install/px4_msgs/share/px4_msgs/msg/CameraCapture.idl\n'}
[6.269509] (px4_msgs) StdoutLine: {'line': b'-- Up-to-date: /home/subhalaxmi/nidar_ws/install/px4_msgs/share/px4_msgs/msg/CameraStatus.idl\n'}
[6.269708] (px4_msgs) StdoutLine: {'line': b'-- Up-to-date: /home/subhalaxmi/nidar_ws/install/px4_msgs/share/px4_msgs/msg/CameraTrigger.idl\n'}
[6.269876] (px4_msgs) StdoutLine: {'line': b'-- Up-to-date: /home/subhalaxmi/nidar_ws/install/px4_msgs/share/px4_msgs/msg/CanInterfaceStatus.idl\n'}
[6.270038] (px4_msgs) StdoutLine: {'line': b'-- Up-to-date: /home/subhalaxmi/nidar_ws/install/px4_msgs/share/px4_msgs/msg/CellularStatus.idl\n'}
[6.270329] (px4_msgs) StdoutLine: {'line': b'-- Up-to-date: /home/subhalaxmi/nidar_ws/install/px4_msgs/share/px4_msgs/msg/CollisionConstraints.idl\n'}
[6.270499] (px4_msgs) StdoutLine: {'line': b'-- Up-to-date: /home/subhalaxmi/nidar_ws/install/px4_msgs/share/px4_msgs/msg/ConfigOverrides.idl\n'}
[6.270726] (px4_msgs) StdoutLine: {'line': b'-- Up-to-date: /home/subhalaxmi/nidar_ws/install/px4_msgs/share/px4_msgs/msg/ControlAllocatorStatus.idl\n'}
[6.270895] (px4_msgs) StdoutLine: {'line': b'-- Up-to-date: /home/subhalaxmi/nidar_ws/install/px4_msgs/share/px4_msgs/msg/Cpuload.idl\n'}
[6.271054] (px4_msgs) StdoutLine: {'line': b'-- Up-to-date: /home/subhalaxmi/nidar_ws/install/px4_msgs/share/px4_msgs/msg/DatamanRequest.idl\n'}
[6.271216] (px4_msgs) StdoutLine: {'line': b'-- Up-to-date: /home/subhalaxmi/nidar_ws/install/px4_msgs/share/px4_msgs/msg/DatamanResponse.idl\n'}
[6.271514] (px4_msgs) StdoutLine: {'line': b'-- Up-to-date: /home/subhalaxmi/nidar_ws/install/px4_msgs/share/px4_msgs/msg/DebugArray.idl\n'}
[6.271720] (px4_msgs) StdoutLine: {'line': b'-- Up-to-date: /home/subhalaxmi/nidar_ws/install/px4_msgs/share/px4_msgs/msg/DebugKeyValue.idl\n'}
[6.271883] (px4_msgs) StdoutLine: {'line': b'-- Up-to-date: /home/subhalaxmi/nidar_ws/install/px4_msgs/share/px4_msgs/msg/DebugValue.idl\n'}
[6.272043] (px4_msgs) StdoutLine: {'line': b'-- Up-to-date: /home/subhalaxmi/nidar_ws/install/px4_msgs/share/px4_msgs/msg/DebugVect.idl\n'}
[6.272204] (px4_msgs) StdoutLine: {'line': b'-- Up-to-date: /home/subhalaxmi/nidar_ws/install/px4_msgs/share/px4_msgs/msg/DeviceInformation.idl\n'}
[6.272366] (px4_msgs) StdoutLine: {'line': b'-- Up-to-date: /home/subhalaxmi/nidar_ws/install/px4_msgs/share/px4_msgs/msg/DifferentialPressure.idl\n'}
[6.272535] (px4_msgs) StdoutLine: {'line': b'-- Up-to-date: /home/subhalaxmi/nidar_ws/install/px4_msgs/share/px4_msgs/msg/DistanceSensor.idl\n'}
[6.272716] (px4_msgs) StdoutLine: {'line': b'-- Up-to-date: /home/subhalaxmi/nidar_ws/install/px4_msgs/share/px4_msgs/msg/DistanceSensorModeChangeRequest.idl\n'}
[6.272876] (px4_msgs) StdoutLine: {'line': b'-- Up-to-date: /home/subhalaxmi/nidar_ws/install/px4_msgs/share/px4_msgs/msg/DronecanNodeStatus.idl\n'}
[6.273038] (px4_msgs) StdoutLine: {'line': b'-- Up-to-date: /home/subhalaxmi/nidar_ws/install/px4_msgs/share/px4_msgs/msg/Ekf2Timestamps.idl\n'}
[6.273198] (px4_msgs) StdoutLine: {'line': b'-- Up-to-date: /home/subhalaxmi/nidar_ws/install/px4_msgs/share/px4_msgs/msg/EscReport.idl\n'}
[6.273356] (px4_msgs) StdoutLine: {'line': b'-- Up-to-date: /home/subhalaxmi/nidar_ws/install/px4_msgs/share/px4_msgs/msg/EscStatus.idl\n'}
[6.273515] (px4_msgs) StdoutLine: {'line': b'-- Up-to-date: /home/subhalaxmi/nidar_ws/install/px4_msgs/share/px4_msgs/msg/EstimatorAidSource1d.idl\n'}
[6.273705] (px4_msgs) StdoutLine: {'line': b'-- Up-to-date: /home/subhalaxmi/nidar_ws/install/px4_msgs/share/px4_msgs/msg/EstimatorAidSource2d.idl\n'}
[6.273865] (px4_msgs) StdoutLine: {'line': b'-- Up-to-date: /home/subhalaxmi/nidar_ws/install/px4_msgs/share/px4_msgs/msg/EstimatorAidSource3d.idl\n'}
[6.274151] (px4_msgs) StdoutLine: {'line': b'-- Up-to-date: /home/subhalaxmi/nidar_ws/install/px4_msgs/share/px4_msgs/msg/EstimatorBias.idl\n'}
[6.274330] (px4_msgs) StdoutLine: {'line': b'-- Up-to-date: /home/subhalaxmi/nidar_ws/install/px4_msgs/share/px4_msgs/msg/EstimatorBias3d.idl\n'}
[6.274489] (px4_msgs) StdoutLine: {'line': b'-- Up-to-date: /home/subhalaxmi/nidar_ws/install/px4_msgs/share/px4_msgs/msg/EstimatorEventFlags.idl\n'}
[6.274685] (px4_msgs) StdoutLine: {'line': b'-- Up-to-date: /home/subhalaxmi/nidar_ws/install/px4_msgs/share/px4_msgs/msg/EstimatorGpsStatus.idl\n'}
[6.274855] (px4_msgs) StdoutLine: {'line': b'-- Up-to-date: /home/subhalaxmi/nidar_ws/install/px4_msgs/share/px4_msgs/msg/EstimatorInnovations.idl\n'}
[6.275017] (px4_msgs) StdoutLine: {'line': b'-- Up-to-date: /home/subhalaxmi/nidar_ws/install/px4_msgs/share/px4_msgs/msg/EstimatorSelectorStatus.idl\n'}
[6.275182] (px4_msgs) StdoutLine: {'line': b'-- Up-to-date: /home/subhalaxmi/nidar_ws/install/px4_msgs/share/px4_msgs/msg/EstimatorSensorBias.idl\n'}
[6.275355] (px4_msgs) StdoutLine: {'line': b'-- Up-to-date: /home/subhalaxmi/nidar_ws/install/px4_msgs/share/px4_msgs/msg/EstimatorStates.idl\n'}
[6.275518] (px4_msgs) StdoutLine: {'line': b'-- Up-to-date: /home/subhalaxmi/nidar_ws/install/px4_msgs/share/px4_msgs/msg/EstimatorStatus.idl\n'}
[6.275723] (px4_msgs) StdoutLine: {'line': b'-- Up-to-date: /home/subhalaxmi/nidar_ws/install/px4_msgs/share/px4_msgs/msg/EstimatorStatusFlags.idl\n'}
[6.275911] (px4_msgs) StdoutLine: {'line': b'-- Up-to-date: /home/subhalaxmi/nidar_ws/install/px4_msgs/share/px4_msgs/msg/Event.idl\n'}
[6.276070] (px4_msgs) StdoutLine: {'line': b'-- Up-to-date: /home/subhalaxmi/nidar_ws/install/px4_msgs/share/px4_msgs/msg/FailsafeFlags.idl\n'}
[6.276229] (px4_msgs) StdoutLine: {'line': b'-- Up-to-date: /home/subhalaxmi/nidar_ws/install/px4_msgs/share/px4_msgs/msg/FailureDetectorStatus.idl\n'}
[6.276415] (px4_msgs) StdoutLine: {'line': b'-- Up-to-date: /home/subhalaxmi/nidar_ws/install/px4_msgs/share/px4_msgs/msg/FigureEightStatus.idl\n'}
[6.276596] (px4_msgs) StdoutLine: {'line': b'-- Up-to-date: /home/subhalaxmi/nidar_ws/install/px4_msgs/share/px4_msgs/msg/FixedWingLateralGuidanceStatus.idl\n'}
[6.277967] (px4_msgs) StdoutLine: {'line': b'-- Up-to-date: /home/subhalaxmi/nidar_ws/install/px4_msgs/share/px4_msgs/msg/FixedWingLateralSetpoint.idl\n'}
[6.278150] (px4_msgs) StdoutLine: {'line': b'-- Up-to-date: /home/subhalaxmi/nidar_ws/install/px4_msgs/share/px4_msgs/msg/FixedWingLateralStatus.idl\n'}
[6.278259] (px4_msgs) StdoutLine: {'line': b'-- Up-to-date: /home/subhalaxmi/nidar_ws/install/px4_msgs/share/px4_msgs/msg/FixedWingLongitudinalSetpoint.idl\n'}
[6.278361] (px4_msgs) StdoutLine: {'line': b'-- Up-to-date: /home/subhalaxmi/nidar_ws/install/px4_msgs/share/px4_msgs/msg/FixedWingRunwayControl.idl\n'}
[6.278563] (px4_msgs) StdoutLine: {'line': b'-- Up-to-date: /home/subhalaxmi/nidar_ws/install/px4_msgs/share/px4_msgs/msg/FlightPhaseEstimation.idl\n'}
[6.278681] (px4_msgs) StdoutLine: {'line': b'-- Up-to-date: /home/subhalaxmi/nidar_ws/install/px4_msgs/share/px4_msgs/msg/FollowTarget.idl\n'}
[6.278780] (px4_msgs) StdoutLine: {'line': b'-- Up-to-date: /home/subhalaxmi/nidar_ws/install/px4_msgs/share/px4_msgs/msg/FollowTargetEstimator.idl\n'}
[6.278878] (px4_msgs) StdoutLine: {'line': b'-- Up-to-date: /home/subhalaxmi/nidar_ws/install/px4_msgs/share/px4_msgs/msg/FollowTargetStatus.idl\n'}
[6.279006] (px4_msgs) StdoutLine: {'line': b'-- Up-to-date: /home/subhalaxmi/nidar_ws/install/px4_msgs/share/px4_msgs/msg/FuelTankStatus.idl\n'}
[6.279104] (px4_msgs) StdoutLine: {'line': b'-- Up-to-date: /home/subhalaxmi/nidar_ws/install/px4_msgs/share/px4_msgs/msg/GainCompression.idl\n'}
[6.279201] (px4_msgs) StdoutLine: {'line': b'-- Up-to-date: /home/subhalaxmi/nidar_ws/install/px4_msgs/share/px4_msgs/msg/GeneratorStatus.idl\n'}
[6.279297] (px4_msgs) StdoutLine: {'line': b'-- Up-to-date: /home/subhalaxmi/nidar_ws/install/px4_msgs/share/px4_msgs/msg/GeofenceResult.idl\n'}
[6.279394] (px4_msgs) StdoutLine: {'line': b'-- Up-to-date: /home/subhalaxmi/nidar_ws/install/px4_msgs/share/px4_msgs/msg/GeofenceStatus.idl\n'}
[6.279491] (px4_msgs) StdoutLine: {'line': b'-- Up-to-date: /home/subhalaxmi/nidar_ws/install/px4_msgs/share/px4_msgs/msg/GimbalControls.idl\n'}
[6.279686] (px4_msgs) StdoutLine: {'line': b'-- Up-to-date: /home/subhalaxmi/nidar_ws/install/px4_msgs/share/px4_msgs/msg/GimbalDeviceAttitudeStatus.idl\n'}
[6.279795] (px4_msgs) StdoutLine: {'line': b'-- Up-to-date: /home/subhalaxmi/nidar_ws/install/px4_msgs/share/px4_msgs/msg/GimbalDeviceInformation.idl\n'}
[6.279903] (px4_msgs) StdoutLine: {'line': b'-- Up-to-date: /home/subhalaxmi/nidar_ws/install/px4_msgs/share/px4_msgs/msg/GimbalDeviceSetAttitude.idl\n'}
[6.280011] (px4_msgs) StdoutLine: {'line': b'-- Up-to-date: /home/subhalaxmi/nidar_ws/install/px4_msgs/share/px4_msgs/msg/GimbalManagerInformation.idl\n'}
[6.280117] (px4_msgs) StdoutLine: {'line': b'-- Up-to-date: /home/subhalaxmi/nidar_ws/install/px4_msgs/share/px4_msgs/msg/GimbalManagerSetAttitude.idl\n'}
[6.280224] (px4_msgs) StdoutLine: {'line': b'-- Up-to-date: /home/subhalaxmi/nidar_ws/install/px4_msgs/share/px4_msgs/msg/GimbalManagerSetManualControl.idl\n'}
[6.280332] (px4_msgs) StdoutLine: {'line': b'-- Up-to-date: /home/subhalaxmi/nidar_ws/install/px4_msgs/share/px4_msgs/msg/GimbalManagerStatus.idl\n'}
[6.280450] (px4_msgs) StdoutLine: {'line': b'-- Up-to-date: /home/subhalaxmi/nidar_ws/install/px4_msgs/share/px4_msgs/msg/GotoSetpoint.idl\n'}
[6.280662] (px4_msgs) StdoutLine: {'line': b'-- Up-to-date: /home/subhalaxmi/nidar_ws/install/px4_msgs/share/px4_msgs/msg/GpioConfig.idl\n'}
[6.280784] (px4_msgs) StdoutLine: {'line': b'-- Up-to-date: /home/subhalaxmi/nidar_ws/install/px4_msgs/share/px4_msgs/msg/GpioIn.idl\n'}
[6.280894] (px4_msgs) StdoutLine: {'line': b'-- Up-to-date: /home/subhalaxmi/nidar_ws/install/px4_msgs/share/px4_msgs/msg/GpioOut.idl\n'}
[6.281041] (px4_msgs) StdoutLine: {'line': b'-- Up-to-date: /home/subhalaxmi/nidar_ws/install/px4_msgs/share/px4_msgs/msg/GpioRequest.idl\n'}
[6.281139] (px4_msgs) StdoutLine: {'line': b'-- Up-to-date: /home/subhalaxmi/nidar_ws/install/px4_msgs/share/px4_msgs/msg/GpsDump.idl\n'}
[6.281236] (px4_msgs) StdoutLine: {'line': b'-- Up-to-date: /home/subhalaxmi/nidar_ws/install/px4_msgs/share/px4_msgs/msg/GpsInjectData.idl\n'}
[6.281332] (px4_msgs) StdoutLine: {'line': b'-- Up-to-date: /home/subhalaxmi/nidar_ws/install/px4_msgs/share/px4_msgs/msg/Gripper.idl\n'}
[6.281429] (px4_msgs) StdoutLine: {'line': b'-- Up-to-date: /home/subhalaxmi/nidar_ws/install/px4_msgs/share/px4_msgs/msg/HealthReport.idl\n'}
[6.281541] (px4_msgs) StdoutLine: {'line': b'-- Up-to-date: /home/subhalaxmi/nidar_ws/install/px4_msgs/share/px4_msgs/msg/HeaterStatus.idl\n'}
[6.281680] (px4_msgs) StdoutLine: {'line': b'-- Up-to-date: /home/subhalaxmi/nidar_ws/install/px4_msgs/share/px4_msgs/msg/HomePosition.idl\n'}
[6.281789] (px4_msgs) StdoutLine: {'line': b'-- Up-to-date: /home/subhalaxmi/nidar_ws/install/px4_msgs/share/px4_msgs/msg/HoverThrustEstimate.idl\n'}
[6.281895] (px4_msgs) StdoutLine: {'line': b'-- Up-to-date: /home/subhalaxmi/nidar_ws/install/px4_msgs/share/px4_msgs/msg/InputRc.idl\n'}
[6.281999] (px4_msgs) StdoutLine: {'line': b'-- Up-to-date: /home/subhalaxmi/nidar_ws/install/px4_msgs/share/px4_msgs/msg/InternalCombustionEngineControl.idl\n'}
[6.282105] (px4_msgs) StdoutLine: {'line': b'-- Up-to-date: /home/subhalaxmi/nidar_ws/install/px4_msgs/share/px4_msgs/msg/InternalCombustionEngineStatus.idl\n'}
[6.282277] (px4_msgs) StdoutLine: {'line': b'-- Up-to-date: /home/subhalaxmi/nidar_ws/install/px4_msgs/share/px4_msgs/msg/IridiumsbdStatus.idl\n'}
[6.282377] (px4_msgs) StdoutLine: {'line': b'-- Up-to-date: /home/subhalaxmi/nidar_ws/install/px4_msgs/share/px4_msgs/msg/IrlockReport.idl\n'}
[6.282493] (px4_msgs) StdoutLine: {'line': b'-- Up-to-date: /home/subhalaxmi/nidar_ws/install/px4_msgs/share/px4_msgs/msg/LandingGear.idl\n'}
[6.282675] (px4_msgs) StdoutLine: {'line': b'-- Up-to-date: /home/subhalaxmi/nidar_ws/install/px4_msgs/share/px4_msgs/msg/LandingGearWheel.idl\n'}
[6.282777] (px4_msgs) StdoutLine: {'line': b'-- Up-to-date: /home/subhalaxmi/nidar_ws/install/px4_msgs/share/px4_msgs/msg/LandingTargetInnovations.idl\n'}
[6.282872] (px4_msgs) StdoutLine: {'line': b'-- Up-to-date: /home/subhalaxmi/nidar_ws/install/px4_msgs/share/px4_msgs/msg/LandingTargetPose.idl\n'}
[6.282967] (px4_msgs) StdoutLine: {'line': b'-- Up-to-date: /home/subhalaxmi/nidar_ws/install/px4_msgs/share/px4_msgs/msg/LateralControlConfiguration.idl\n'}
[6.283064] (px4_msgs) StdoutLine: {'line': b'-- Up-to-date: /home/subhalaxmi/nidar_ws/install/px4_msgs/share/px4_msgs/msg/LaunchDetectionStatus.idl\n'}
[6.283160] (px4_msgs) StdoutLine: {'line': b'-- Up-to-date: /home/subhalaxmi/nidar_ws/install/px4_msgs/share/px4_msgs/msg/LedControl.idl\n'}
[6.283258] (px4_msgs) StdoutLine: {'line': b'-- Up-to-date: /home/subhalaxmi/nidar_ws/install/px4_msgs/share/px4_msgs/msg/LogMessage.idl\n'}
[6.283354] (px4_msgs) StdoutLine: {'line': b'-- Up-to-date: /home/subhalaxmi/nidar_ws/install/px4_msgs/share/px4_msgs/msg/LoggerStatus.idl\n'}
[6.283450] (px4_msgs) StdoutLine: {'line': b'-- Up-to-date: /home/subhalaxmi/nidar_ws/install/px4_msgs/share/px4_msgs/msg/LongitudinalControlConfiguration.idl\n'}
[6.283650] (px4_msgs) StdoutLine: {'line': b'-- Up-to-date: /home/subhalaxmi/nidar_ws/install/px4_msgs/share/px4_msgs/msg/MagWorkerData.idl\n'}
[6.283785] (px4_msgs) StdoutLine: {'line': b'-- Up-to-date: /home/subhalaxmi/nidar_ws/install/px4_msgs/share/px4_msgs/msg/MagnetometerBiasEstimate.idl\n'}
[6.283886] (px4_msgs) StdoutLine: {'line': b'-- Up-to-date: /home/subhalaxmi/nidar_ws/install/px4_msgs/share/px4_msgs/msg/ManualControlSetpoint.idl\n'}
[6.283983] (px4_msgs) StdoutLine: {'line': b'-- Up-to-date: /home/subhalaxmi/nidar_ws/install/px4_msgs/share/px4_msgs/msg/ManualControlSwitches.idl\n'}
[6.284079] (px4_msgs) StdoutLine: {'line': b'-- Up-to-date: /home/subhalaxmi/nidar_ws/install/px4_msgs/share/px4_msgs/msg/MavlinkLog.idl\n'}
[6.284183] (px4_msgs) StdoutLine: {'line': b'-- Up-to-date: /home/subhalaxmi/nidar_ws/install/px4_msgs/share/px4_msgs/msg/MavlinkTunnel.idl\n'}
[6.284289] (px4_msgs) StdoutLine: {'line': b'-- Up-to-date: /home/subhalaxmi/nidar_ws/install/px4_msgs/share/px4_msgs/msg/MessageFormatRequest.idl\n'}
[6.284441] (px4_msgs) StdoutLine: {'line': b'-- Up-to-date: /home/subhalaxmi/nidar_ws/install/px4_msgs/share/px4_msgs/msg/MessageFormatResponse.idl\n'}
[6.284558] (px4_msgs) StdoutLine: {'line': b'-- Up-to-date: /home/subhalaxmi/nidar_ws/install/px4_msgs/share/px4_msgs/msg/Mission.idl\n'}
[6.284670] (px4_msgs) StdoutLine: {'line': b'-- Up-to-date: /home/subhalaxmi/nidar_ws/install/px4_msgs/share/px4_msgs/msg/MissionResult.idl\n'}
[6.284768] (px4_msgs) StdoutLine: {'line': b'-- Up-to-date: /home/subhalaxmi/nidar_ws/install/px4_msgs/share/px4_msgs/msg/ModeCompleted.idl\n'}
[6.284863] (px4_msgs) StdoutLine: {'line': b'-- Up-to-date: /home/subhalaxmi/nidar_ws/install/px4_msgs/share/px4_msgs/msg/MountOrientation.idl\n'}
[6.284958] (px4_msgs) StdoutLine: {'line': b'-- Up-to-date: /home/subhalaxmi/nidar_ws/install/px4_msgs/share/px4_msgs/msg/NavigatorMissionItem.idl\n'}
[6.285054] (px4_msgs) StdoutLine: {'line': b'-- Up-to-date: /home/subhalaxmi/nidar_ws/install/px4_msgs/share/px4_msgs/msg/NavigatorStatus.idl\n'}
[6.285148] (px4_msgs) StdoutLine: {'line': b'-- Up-to-date: /home/subhalaxmi/nidar_ws/install/px4_msgs/share/px4_msgs/msg/NeuralControl.idl\n'}
[6.285243] (px4_msgs) StdoutLine: {'line': b'-- Up-to-date: /home/subhalaxmi/nidar_ws/install/px4_msgs/share/px4_msgs/msg/NormalizedUnsignedSetpoint.idl\n'}
[6.285338] (px4_msgs) StdoutLine: {'line': b'-- Up-to-date: /home/subhalaxmi/nidar_ws/install/px4_msgs/share/px4_msgs/msg/ObstacleDistance.idl\n'}
[6.285459] (px4_msgs) StdoutLine: {'line': b'-- Up-to-date: /home/subhalaxmi/nidar_ws/install/px4_msgs/share/px4_msgs/msg/OffboardControlMode.idl\n'}
[6.285588] (px4_msgs) StdoutLine: {'line': b'-- Up-to-date: /home/subhalaxmi/nidar_ws/install/px4_msgs/share/px4_msgs/msg/OnboardComputerStatus.idl\n'}
[6.285705] (px4_msgs) StdoutLine: {'line': b'-- Up-to-date: /home/subhalaxmi/nidar_ws/install/px4_msgs/share/px4_msgs/msg/OpenDroneIdArmStatus.idl\n'}
[6.285809] (px4_msgs) StdoutLine: {'line': b'-- Up-to-date: /home/subhalaxmi/nidar_ws/install/px4_msgs/share/px4_msgs/msg/OpenDroneIdOperatorId.idl\n'}
[6.285913] (px4_msgs) StdoutLine: {'line': b'-- Up-to-date: /home/subhalaxmi/nidar_ws/install/px4_msgs/share/px4_msgs/msg/OpenDroneIdSelfId.idl\n'}
[6.286018] (px4_msgs) StdoutLine: {'line': b'-- Up-to-date: /home/subhalaxmi/nidar_ws/install/px4_msgs/share/px4_msgs/msg/OpenDroneIdSystem.idl\n'}
[6.286123] (px4_msgs) StdoutLine: {'line': b'-- Up-to-date: /home/subhalaxmi/nidar_ws/install/px4_msgs/share/px4_msgs/msg/OrbTest.idl\n'}
[6.286234] (px4_msgs) StdoutLine: {'line': b'-- Up-to-date: /home/subhalaxmi/nidar_ws/install/px4_msgs/share/px4_msgs/msg/OrbTestLarge.idl\n'}
[6.286341] (px4_msgs) StdoutLine: {'line': b'-- Up-to-date: /home/subhalaxmi/nidar_ws/install/px4_msgs/share/px4_msgs/msg/OrbTestMedium.idl\n'}
[6.286510] (px4_msgs) StdoutLine: {'line': b'-- Up-to-date: /home/subhalaxmi/nidar_ws/install/px4_msgs/share/px4_msgs/msg/OrbitStatus.idl\n'}
[6.286711] (px4_msgs) StdoutLine: {'line': b'-- Up-to-date: /home/subhalaxmi/nidar_ws/install/px4_msgs/share/px4_msgs/msg/ParameterResetRequest.idl\n'}
[6.286868] (px4_msgs) StdoutLine: {'line': b'-- Up-to-date: /home/subhalaxmi/nidar_ws/install/px4_msgs/share/px4_msgs/msg/ParameterSetUsedRequest.idl\n'}
[6.287008] (px4_msgs) StdoutLine: {'line': b'-- Up-to-date: /home/subhalaxmi/nidar_ws/install/px4_msgs/share/px4_msgs/msg/ParameterSetValueRequest.idl\n'}
[6.287114] (px4_msgs) StdoutLine: {'line': b'-- Up-to-date: /home/subhalaxmi/nidar_ws/install/px4_msgs/share/px4_msgs/msg/ParameterSetValueResponse.idl\n'}
[6.287219] (px4_msgs) StdoutLine: {'line': b'-- Up-to-date: /home/subhalaxmi/nidar_ws/install/px4_msgs/share/px4_msgs/msg/ParameterUpdate.idl\n'}
[6.287383] (px4_msgs) StdoutLine: {'line': b'-- Up-to-date: /home/subhalaxmi/nidar_ws/install/px4_msgs/share/px4_msgs/msg/Ping.idl\n'}
[6.287481] (px4_msgs) StdoutLine: {'line': b'-- Up-to-date: /home/subhalaxmi/nidar_ws/install/px4_msgs/share/px4_msgs/msg/PositionControllerLandingStatus.idl\n'}
[6.287687] (px4_msgs) StdoutLine: {'line': b'-- Up-to-date: /home/subhalaxmi/nidar_ws/install/px4_msgs/share/px4_msgs/msg/PositionControllerStatus.idl\n'}
[6.287790] (px4_msgs) StdoutLine: {'line': b'-- Up-to-date: /home/subhalaxmi/nidar_ws/install/px4_msgs/share/px4_msgs/msg/PositionSetpoint.idl\n'}
[6.287885] (px4_msgs) StdoutLine: {'line': b'-- Up-to-date: /home/subhalaxmi/nidar_ws/install/px4_msgs/share/px4_msgs/msg/PositionSetpointTriplet.idl\n'}
[6.287979] (px4_msgs) StdoutLine: {'line': b'-- Up-to-date: /home/subhalaxmi/nidar_ws/install/px4_msgs/share/px4_msgs/msg/PowerButtonState.idl\n'}
[6.288074] (px4_msgs) StdoutLine: {'line': b'-- Up-to-date: /home/subhalaxmi/nidar_ws/install/px4_msgs/share/px4_msgs/msg/PowerMonitor.idl\n'}
[6.288169] (px4_msgs) StdoutLine: {'line': b'-- Up-to-date: /home/subhalaxmi/nidar_ws/install/px4_msgs/share/px4_msgs/msg/PpsCapture.idl\n'}
[6.288266] (px4_msgs) StdoutLine: {'line': b'-- Up-to-date: /home/subhalaxmi/nidar_ws/install/px4_msgs/share/px4_msgs/msg/PurePursuitStatus.idl\n'}
[6.288378] (px4_msgs) StdoutLine: {'line': b'-- Up-to-date: /home/subhalaxmi/nidar_ws/install/px4_msgs/share/px4_msgs/msg/PwmInput.idl\n'}
[6.288484] (px4_msgs) StdoutLine: {'line': b'-- Up-to-date: /home/subhalaxmi/nidar_ws/install/px4_msgs/share/px4_msgs/msg/Px4ioStatus.idl\n'}
[6.288694] (px4_msgs) StdoutLine: {'line': b'-- Up-to-date: /home/subhalaxmi/nidar_ws/install/px4_msgs/share/px4_msgs/msg/QshellReq.idl\n'}
[6.288805] (px4_msgs) StdoutLine: {'line': b'-- Up-to-date: /home/subhalaxmi/nidar_ws/install/px4_msgs/share/px4_msgs/msg/QshellRetval.idl\n'}
[6.288903] (px4_msgs) StdoutLine: {'line': b'-- Up-to-date: /home/subhalaxmi/nidar_ws/install/px4_msgs/share/px4_msgs/msg/RadioStatus.idl\n'}
[6.288999] (px4_msgs) StdoutLine: {'line': b'-- Up-to-date: /home/subhalaxmi/nidar_ws/install/px4_msgs/share/px4_msgs/msg/RaptorInput.idl\n'}
[6.289095] (px4_msgs) StdoutLine: {'line': b'-- Up-to-date: /home/subhalaxmi/nidar_ws/install/px4_msgs/share/px4_msgs/msg/RaptorStatus.idl\n'}
[6.289191] (px4_msgs) StdoutLine: {'line': b'-- Up-to-date: /home/subhalaxmi/nidar_ws/install/px4_msgs/share/px4_msgs/msg/RateCtrlStatus.idl\n'}
[6.289301] (px4_msgs) StdoutLine: {'line': b'-- Up-to-date: /home/subhalaxmi/nidar_ws/install/px4_msgs/share/px4_msgs/msg/RcChannels.idl\n'}
[6.289402] (px4_msgs) StdoutLine: {'line': b'-- Up-to-date: /home/subhalaxmi/nidar_ws/install/px4_msgs/share/px4_msgs/msg/RcParameterMap.idl\n'}
[6.289498] (px4_msgs) StdoutLine: {'line': b'-- Up-to-date: /home/subhalaxmi/nidar_ws/install/px4_msgs/share/px4_msgs/msg/RegisterExtComponentReply.idl\n'}
[6.289632] (px4_msgs) StdoutLine: {'line': b'-- Up-to-date: /home/subhalaxmi/nidar_ws/install/px4_msgs/share/px4_msgs/msg/RegisterExtComponentRequest.idl\n'}
[6.289734] (px4_msgs) StdoutLine: {'line': b'-- Up-to-date: /home/subhalaxmi/nidar_ws/install/px4_msgs/share/px4_msgs/msg/RoverAttitudeSetpoint.idl\n'}
[6.289830] (px4_msgs) StdoutLine: {'line': b'-- Up-to-date: /home/subhalaxmi/nidar_ws/install/px4_msgs/share/px4_msgs/msg/RoverAttitudeStatus.idl\n'}
[6.289958] (px4_msgs) StdoutLine: {'line': b'-- Up-to-date: /home/subhalaxmi/nidar_ws/install/px4_msgs/share/px4_msgs/msg/RoverPositionSetpoint.idl\n'}
[6.290083] (px4_msgs) StdoutLine: {'line': b'-- Up-to-date: /home/subhalaxmi/nidar_ws/install/px4_msgs/share/px4_msgs/msg/RoverRateSetpoint.idl\n'}
[6.290207] (px4_msgs) StdoutLine: {'line': b'-- Up-to-date: /home/subhalaxmi/nidar_ws/install/px4_msgs/share/px4_msgs/msg/RoverRateStatus.idl\n'}
[6.290430] (px4_msgs) StdoutLine: {'line': b'-- Up-to-date: /home/subhalaxmi/nidar_ws/install/px4_msgs/share/px4_msgs/msg/RoverSpeedSetpoint.idl\n'}
[6.290564] (px4_msgs) StdoutLine: {'line': b'-- Up-to-date: /home/subhalaxmi/nidar_ws/install/px4_msgs/share/px4_msgs/msg/RoverSpeedStatus.idl\n'}
[6.290741] (px4_msgs) StdoutLine: {'line': b'-- Up-to-date: /home/subhalaxmi/nidar_ws/install/px4_msgs/share/px4_msgs/msg/RoverSteeringSetpoint.idl\n'}
[6.290841] (px4_msgs) StdoutLine: {'line': b'-- Up-to-date: /home/subhalaxmi/nidar_ws/install/px4_msgs/share/px4_msgs/msg/RoverThrottleSetpoint.idl\n'}
[6.290936] (px4_msgs) StdoutLine: {'line': b'-- Up-to-date: /home/subhalaxmi/nidar_ws/install/px4_msgs/share/px4_msgs/msg/Rpm.idl\n'}
[6.291032] (px4_msgs) StdoutLine: {'line': b'-- Up-to-date: /home/subhalaxmi/nidar_ws/install/px4_msgs/share/px4_msgs/msg/RtlStatus.idl\n'}
[6.291137] (px4_msgs) StdoutLine: {'line': b'-- Up-to-date: /home/subhalaxmi/nidar_ws/install/px4_msgs/share/px4_msgs/msg/RtlTimeEstimate.idl\n'}
[6.291264] (px4_msgs) StdoutLine: {'line': b'-- Up-to-date: /home/subhalaxmi/nidar_ws/install/px4_msgs/share/px4_msgs/msg/SatelliteInfo.idl\n'}
[6.291374] (px4_msgs) StdoutLine: {'line': b'-- Up-to-date: /home/subhalaxmi/nidar_ws/install/px4_msgs/share/px4_msgs/msg/SensorAccel.idl\n'}
[6.291478] (px4_msgs) StdoutLine: {'line': b'-- Up-to-date: /home/subhalaxmi/nidar_ws/install/px4_msgs/share/px4_msgs/msg/SensorAccelFifo.idl\n'}
[6.291660] (px4_msgs) StdoutLine: {'line': b'-- Up-to-date: /home/subhalaxmi/nidar_ws/install/px4_msgs/share/px4_msgs/msg/SensorAirflow.idl\n'}
[6.291759] (px4_msgs) StdoutLine: {'line': b'-- Up-to-date: /home/subhalaxmi/nidar_ws/install/px4_msgs/share/px4_msgs/msg/SensorBaro.idl\n'}
[6.291854] (px4_msgs) StdoutLine: {'line': b'-- Up-to-date: /home/subhalaxmi/nidar_ws/install/px4_msgs/share/px4_msgs/msg/SensorCombined.idl\n'}
[6.291948] (px4_msgs) StdoutLine: {'line': b'-- Up-to-date: /home/subhalaxmi/nidar_ws/install/px4_msgs/share/px4_msgs/msg/SensorCorrection.idl\n'}
[6.292094] (px4_msgs) StdoutLine: {'line': b'-- Up-to-date: /home/subhalaxmi/nidar_ws/install/px4_msgs/share/px4_msgs/msg/SensorGnssRelative.idl\n'}
[6.292190] (px4_msgs) StdoutLine: {'line': b'-- Up-to-date: /home/subhalaxmi/nidar_ws/install/px4_msgs/share/px4_msgs/msg/SensorGnssStatus.idl\n'}
[6.292284] (px4_msgs) StdoutLine: {'line': b'-- Up-to-date: /home/subhalaxmi/nidar_ws/install/px4_msgs/share/px4_msgs/msg/SensorGps.idl\n'}
[6.292378] (px4_msgs) StdoutLine: {'line': b'-- Up-to-date: /home/subhalaxmi/nidar_ws/install/px4_msgs/share/px4_msgs/msg/SensorGyro.idl\n'}
[6.292471] (px4_msgs) StdoutLine: {'line': b'-- Up-to-date: /home/subhalaxmi/nidar_ws/install/px4_msgs/share/px4_msgs/msg/SensorGyroFft.idl\n'}
[6.292585] (px4_msgs) StdoutLine: {'line': b'-- Up-to-date: /home/subhalaxmi/nidar_ws/install/px4_msgs/share/px4_msgs/msg/SensorGyroFifo.idl\n'}
[6.292687] (px4_msgs) StdoutLine: {'line': b'-- Up-to-date: /home/subhalaxmi/nidar_ws/install/px4_msgs/share/px4_msgs/msg/SensorHygrometer.idl\n'}
[6.292782] (px4_msgs) StdoutLine: {'line': b'-- Up-to-date: /home/subhalaxmi/nidar_ws/install/px4_msgs/share/px4_msgs/msg/SensorMag.idl\n'}
[6.292876] (px4_msgs) StdoutLine: {'line': b'-- Up-to-date: /home/subhalaxmi/nidar_ws/install/px4_msgs/share/px4_msgs/msg/SensorOpticalFlow.idl\n'}
[6.292970] (px4_msgs) StdoutLine: {'line': b'-- Up-to-date: /home/subhalaxmi/nidar_ws/install/px4_msgs/share/px4_msgs/msg/SensorPreflightMag.idl\n'}
[6.293064] (px4_msgs) StdoutLine: {'line': b'-- Up-to-date: /home/subhalaxmi/nidar_ws/install/px4_msgs/share/px4_msgs/msg/SensorSelection.idl\n'}
[6.293158] (px4_msgs) StdoutLine: {'line': b'-- Up-to-date: /home/subhalaxmi/nidar_ws/install/px4_msgs/share/px4_msgs/msg/SensorTemp.idl\n'}
[6.293338] (px4_msgs) StdoutLine: {'line': b'-- Up-to-date: /home/subhalaxmi/nidar_ws/install/px4_msgs/share/px4_msgs/msg/SensorUwb.idl\n'}
[6.293456] (px4_msgs) StdoutLine: {'line': b'-- Up-to-date: /home/subhalaxmi/nidar_ws/install/px4_msgs/share/px4_msgs/msg/SensorsStatus.idl\n'}
[6.293575] (px4_msgs) StdoutLine: {'line': b'-- Up-to-date: /home/subhalaxmi/nidar_ws/install/px4_msgs/share/px4_msgs/msg/SensorsStatusImu.idl\n'}
[6.293679] (px4_msgs) StdoutLine: {'line': b'-- Up-to-date: /home/subhalaxmi/nidar_ws/install/px4_msgs/share/px4_msgs/msg/SystemPower.idl\n'}
[6.293773] (px4_msgs) StdoutLine: {'line': b'-- Up-to-date: /home/subhalaxmi/nidar_ws/install/px4_msgs/share/px4_msgs/msg/TakeoffStatus.idl\n'}
[6.293880] (px4_msgs) StdoutLine: {'line': b'-- Up-to-date: /home/subhalaxmi/nidar_ws/install/px4_msgs/share/px4_msgs/msg/TaskStackInfo.idl\n'}
[6.294052] (px4_msgs) StdoutLine: {'line': b'-- Up-to-date: /home/subhalaxmi/nidar_ws/install/px4_msgs/share/px4_msgs/msg/TecsStatus.idl\n'}
[6.294151] (px4_msgs) StdoutLine: {'line': b'-- Up-to-date: /home/subhalaxmi/nidar_ws/install/px4_msgs/share/px4_msgs/msg/TelemetryStatus.idl\n'}
[6.294247] (px4_msgs) StdoutLine: {'line': b'-- Up-to-date: /home/subhalaxmi/nidar_ws/install/px4_msgs/share/px4_msgs/msg/TiltrotorExtraControls.idl\n'}
[6.294343] (px4_msgs) StdoutLine: {'line': b'-- Up-to-date: /home/subhalaxmi/nidar_ws/install/px4_msgs/share/px4_msgs/msg/TimesyncStatus.idl\n'}
[6.294437] (px4_msgs) StdoutLine: {'line': b'-- Up-to-date: /home/subhalaxmi/nidar_ws/install/px4_msgs/share/px4_msgs/msg/TrajectorySetpoint.idl\n'}
[6.294597] (px4_msgs) StdoutLine: {'line': b'-- Up-to-date: /home/subhalaxmi/nidar_ws/install/px4_msgs/share/px4_msgs/msg/TrajectorySetpoint6dof.idl\n'}
[6.294707] (px4_msgs) StdoutLine: {'line': b'-- Up-to-date: /home/subhalaxmi/nidar_ws/install/px4_msgs/share/px4_msgs/msg/TransponderReport.idl\n'}
[6.294802] (px4_msgs) StdoutLine: {'line': b'-- Up-to-date: /home/subhalaxmi/nidar_ws/install/px4_msgs/share/px4_msgs/msg/TuneControl.idl\n'}
[6.294897] (px4_msgs) StdoutLine: {'line': b'-- Up-to-date: /home/subhalaxmi/nidar_ws/install/px4_msgs/share/px4_msgs/msg/UavcanParameterRequest.idl\n'}
[6.294992] (px4_msgs) StdoutLine: {'line': b'-- Up-to-date: /home/subhalaxmi/nidar_ws/install/px4_msgs/share/px4_msgs/msg/UavcanParameterValue.idl\n'}
[6.295086] (px4_msgs) StdoutLine: {'line': b'-- Up-to-date: /home/subhalaxmi/nidar_ws/install/px4_msgs/share/px4_msgs/msg/UlogStream.idl\n'}
[6.295197] (px4_msgs) StdoutLine: {'line': b'-- Up-to-date: /home/subhalaxmi/nidar_ws/install/px4_msgs/share/px4_msgs/msg/UlogStreamAck.idl\n'}
[6.295372] (px4_msgs) StdoutLine: {'line': b'-- Up-to-date: /home/subhalaxmi/nidar_ws/install/px4_msgs/share/px4_msgs/msg/UnregisterExtComponent.idl\n'}
[6.295479] (px4_msgs) StdoutLine: {'line': b'-- Up-to-date: /home/subhalaxmi/nidar_ws/install/px4_msgs/share/px4_msgs/msg/VehicleAcceleration.idl\n'}
[6.295610] (px4_msgs) StdoutLine: {'line': b'-- Up-to-date: /home/subhalaxmi/nidar_ws/install/px4_msgs/share/px4_msgs/msg/VehicleAirData.idl\n'}
[6.295709] (px4_msgs) StdoutLine: {'line': b'-- Up-to-date: /home/subhalaxmi/nidar_ws/install/px4_msgs/share/px4_msgs/msg/VehicleAngularAccelerationSetpoint.idl\n'}
[6.295804] (px4_msgs) StdoutLine: {'line': b'-- Up-to-date: /home/subhalaxmi/nidar_ws/install/px4_msgs/share/px4_msgs/msg/VehicleAngularVelocity.idl\n'}
[6.295902] (px4_msgs) StdoutLine: {'line': b'-- Up-to-date: /home/subhalaxmi/nidar_ws/install/px4_msgs/share/px4_msgs/msg/VehicleAttitude.idl\n'}
[6.296012] (px4_msgs) StdoutLine: {'line': b'-- Up-to-date: /home/subhalaxmi/nidar_ws/install/px4_msgs/share/px4_msgs/msg/VehicleAttitudeSetpoint.idl\n'}
[6.296116] (px4_msgs) StdoutLine: {'line': b'-- Up-to-date: /home/subhalaxmi/nidar_ws/install/px4_msgs/share/px4_msgs/msg/VehicleCommand.idl\n'}
[6.296218] (px4_msgs) StdoutLine: {'line': b'-- Up-to-date: /home/subhalaxmi/nidar_ws/install/px4_msgs/share/px4_msgs/msg/VehicleCommandAck.idl\n'}
[6.296321] (px4_msgs) StdoutLine: {'line': b'-- Up-to-date: /home/subhalaxmi/nidar_ws/install/px4_msgs/share/px4_msgs/msg/VehicleConstraints.idl\n'}
[6.296425] (px4_msgs) StdoutLine: {'line': b'-- Up-to-date: /home/subhalaxmi/nidar_ws/install/px4_msgs/share/px4_msgs/msg/VehicleControlMode.idl\n'}
[6.296540] (px4_msgs) StdoutLine: {'line': b'-- Up-to-date: /home/subhalaxmi/nidar_ws/install/px4_msgs/share/px4_msgs/msg/VehicleGlobalPosition.idl\n'}
[6.296659] (px4_msgs) StdoutLine: {'line': b'-- Up-to-date: /home/subhalaxmi/nidar_ws/install/px4_msgs/share/px4_msgs/msg/VehicleImu.idl\n'}
[6.296763] (px4_msgs) StdoutLine: {'line': b'-- Up-to-date: /home/subhalaxmi/nidar_ws/install/px4_msgs/share/px4_msgs/msg/VehicleImuStatus.idl\n'}
[6.296927] (px4_msgs) StdoutLine: {'line': b'-- Up-to-date: /home/subhalaxmi/nidar_ws/install/px4_msgs/share/px4_msgs/msg/VehicleLandDetected.idl\n'}
[6.297022] (px4_msgs) StdoutLine: {'line': b'-- Up-to-date: /home/subhalaxmi/nidar_ws/install/px4_msgs/share/px4_msgs/msg/VehicleLocalPosition.idl\n'}
[6.297117] (px4_msgs) StdoutLine: {'line': b'-- Up-to-date: /home/subhalaxmi/nidar_ws/install/px4_msgs/share/px4_msgs/msg/VehicleLocalPositionSetpoint.idl\n'}
[6.297230] (px4_msgs) StdoutLine: {'line': b'-- Up-to-date: /home/subhalaxmi/nidar_ws/install/px4_msgs/share/px4_msgs/msg/VehicleMagnetometer.idl\n'}
[6.297335] (px4_msgs) StdoutLine: {'line': b'-- Up-to-date: /home/subhalaxmi/nidar_ws/install/px4_msgs/share/px4_msgs/msg/VehicleOdometry.idl\n'}
[6.297438] (px4_msgs) StdoutLine: {'line': b'-- Up-to-date: /home/subhalaxmi/nidar_ws/install/px4_msgs/share/px4_msgs/msg/VehicleOpticalFlow.idl\n'}
[6.297564] (px4_msgs) StdoutLine: {'line': b'-- Up-to-date: /home/subhalaxmi/nidar_ws/install/px4_msgs/share/px4_msgs/msg/VehicleOpticalFlowVel.idl\n'}
[6.297686] (px4_msgs) StdoutLine: {'line': b'-- Up-to-date: /home/subhalaxmi/nidar_ws/install/px4_msgs/share/px4_msgs/msg/VehicleRatesSetpoint.idl\n'}
[6.297790] (px4_msgs) StdoutLine: {'line': b'-- Up-to-date: /home/subhalaxmi/nidar_ws/install/px4_msgs/share/px4_msgs/msg/VehicleRoi.idl\n'}
[6.297895] (px4_msgs) StdoutLine: {'line': b'-- Up-to-date: /home/subhalaxmi/nidar_ws/install/px4_msgs/share/px4_msgs/msg/VehicleStatus.idl\n'}
[6.298098] (px4_msgs) StdoutLine: {'line': b'-- Up-to-date: /home/subhalaxmi/nidar_ws/install/px4_msgs/share/px4_msgs/msg/VehicleThrustSetpoint.idl\n'}
[6.298196] (px4_msgs) StdoutLine: {'line': b'-- Up-to-date: /home/subhalaxmi/nidar_ws/install/px4_msgs/share/px4_msgs/msg/VehicleTorqueSetpoint.idl\n'}
[6.298293] (px4_msgs) StdoutLine: {'line': b'-- Up-to-date: /home/subhalaxmi/nidar_ws/install/px4_msgs/share/px4_msgs/msg/VelocityLimits.idl\n'}
[6.298388] (px4_msgs) StdoutLine: {'line': b'-- Up-to-date: /home/subhalaxmi/nidar_ws/install/px4_msgs/share/px4_msgs/msg/VtolVehicleStatus.idl\n'}
[6.298482] (px4_msgs) StdoutLine: {'line': b'-- Up-to-date: /home/subhalaxmi/nidar_ws/install/px4_msgs/share/px4_msgs/msg/Vtx.idl\n'}
[6.298605] (px4_msgs) StdoutLine: {'line': b'-- Up-to-date: /home/subhalaxmi/nidar_ws/install/px4_msgs/share/px4_msgs/msg/WheelEncoders.idl\n'}
[6.298702] (px4_msgs) StdoutLine: {'line': b'-- Up-to-date: /home/subhalaxmi/nidar_ws/install/px4_msgs/share/px4_msgs/msg/Wind.idl\n'}
[6.298797] (px4_msgs) StdoutLine: {'line': b'-- Up-to-date: /home/subhalaxmi/nidar_ws/install/px4_msgs/share/px4_msgs/msg/YawEstimatorStatus.idl\n'}
[6.298891] (px4_msgs) StdoutLine: {'line': b'-- Up-to-date: /home/subhalaxmi/nidar_ws/install/px4_msgs/share/px4_msgs/srv/VehicleCommand.idl\n'}
[6.298985] (px4_msgs) StdoutLine: {'line': b'-- Up-to-date: /home/subhalaxmi/nidar_ws/install/px4_msgs/share/px4_msgs/msg/ActionRequest.msg\n'}
[6.299088] (px4_msgs) StdoutLine: {'line': b'-- Up-to-date: /home/subhalaxmi/nidar_ws/install/px4_msgs/share/px4_msgs/msg/ActuatorArmed.msg\n'}
[6.299252] (px4_msgs) StdoutLine: {'line': b'-- Up-to-date: /home/subhalaxmi/nidar_ws/install/px4_msgs/share/px4_msgs/msg/ActuatorControlsStatus.msg\n'}
[6.299348] (px4_msgs) StdoutLine: {'line': b'-- Up-to-date: /home/subhalaxmi/nidar_ws/install/px4_msgs/share/px4_msgs/msg/ActuatorMotors.msg\n'}
[6.299442] (px4_msgs) StdoutLine: {'line': b'-- Up-to-date: /home/subhalaxmi/nidar_ws/install/px4_msgs/share/px4_msgs/msg/ActuatorOutputs.msg\n'}
[6.299554] (px4_msgs) StdoutLine: {'line': b'-- Up-to-date: /home/subhalaxmi/nidar_ws/install/px4_msgs/share/px4_msgs/msg/ActuatorServos.msg\n'}
[6.299674] (px4_msgs) StdoutLine: {'line': b'-- Up-to-date: /home/subhalaxmi/nidar_ws/install/px4_msgs/share/px4_msgs/msg/ActuatorServosTrim.msg\n'}
[6.299772] (px4_msgs) StdoutLine: {'line': b'-- Up-to-date: /home/subhalaxmi/nidar_ws/install/px4_msgs/share/px4_msgs/msg/ActuatorTest.msg\n'}
[6.299936] (px4_msgs) StdoutLine: {'line': b'-- Up-to-date: /home/subhalaxmi/nidar_ws/install/px4_msgs/share/px4_msgs/msg/AdcReport.msg\n'}
[6.300041] (px4_msgs) StdoutLine: {'line': b'-- Up-to-date: /home/subhalaxmi/nidar_ws/install/px4_msgs/share/px4_msgs/msg/Airspeed.msg\n'}
[6.300135] (px4_msgs) StdoutLine: {'line': b'-- Up-to-date: /home/subhalaxmi/nidar_ws/install/px4_msgs/share/px4_msgs/msg/AirspeedValidated.msg\n'}
[6.300230] (px4_msgs) StdoutLine: {'line': b'-- Up-to-date: /home/subhalaxmi/nidar_ws/install/px4_msgs/share/px4_msgs/msg/AirspeedWind.msg\n'}
[6.300324] (px4_msgs) StdoutLine: {'line': b'-- Up-to-date: /home/subhalaxmi/nidar_ws/install/px4_msgs/share/px4_msgs/msg/ArmingCheckReply.msg\n'}
[6.300420] (px4_msgs) StdoutLine: {'line': b'-- Up-to-date: /home/subhalaxmi/nidar_ws/install/px4_msgs/share/px4_msgs/msg/ArmingCheckRequest.msg\n'}
[6.300515] (px4_msgs) StdoutLine: {'line': b'-- Up-to-date: /home/subhalaxmi/nidar_ws/install/px4_msgs/share/px4_msgs/msg/AutotuneAttitudeControlStatus.msg\n'}
[6.300649] (px4_msgs) StdoutLine: {'line': b'-- Up-to-date: /home/subhalaxmi/nidar_ws/install/px4_msgs/share/px4_msgs/msg/AuxGlobalPosition.msg\n'}
[6.300748] (px4_msgs) StdoutLine: {'line': b'-- Up-to-date: /home/subhalaxmi/nidar_ws/install/px4_msgs/share/px4_msgs/msg/BatteryInfo.msg\n'}
[6.300843] (px4_msgs) StdoutLine: {'line': b'-- Up-to-date: /home/subhalaxmi/nidar_ws/install/px4_msgs/share/px4_msgs/msg/BatteryStatus.msg\n'}
[6.300952] (px4_msgs) StdoutLine: {'line': b'-- Up-to-date: /home/subhalaxmi/nidar_ws/install/px4_msgs/share/px4_msgs/msg/ButtonEvent.msg\n'}
[6.301126] (px4_msgs) StdoutLine: {'line': b'-- Up-to-date: /home/subhalaxmi/nidar_ws/install/px4_msgs/share/px4_msgs/msg/CameraCapture.msg\n'}
[6.301223] (px4_msgs) StdoutLine: {'line': b'-- Up-to-date: /home/subhalaxmi/nidar_ws/install/px4_msgs/share/px4_msgs/msg/CameraStatus.msg\n'}
[6.301319] (px4_msgs) StdoutLine: {'line': b'-- Up-to-date: /home/subhalaxmi/nidar_ws/install/px4_msgs/share/px4_msgs/msg/CameraTrigger.msg\n'}
[6.301413] (px4_msgs) StdoutLine: {'line': b'-- Up-to-date: /home/subhalaxmi/nidar_ws/install/px4_msgs/share/px4_msgs/msg/CanInterfaceStatus.msg\n'}
[6.301507] (px4_msgs) StdoutLine: {'line': b'-- Up-to-date: /home/subhalaxmi/nidar_ws/install/px4_msgs/share/px4_msgs/msg/CellularStatus.msg\n'}
[6.301633] (px4_msgs) StdoutLine: {'line': b'-- Up-to-date: /home/subhalaxmi/nidar_ws/install/px4_msgs/share/px4_msgs/msg/CollisionConstraints.msg\n'}
[6.301748] (px4_msgs) StdoutLine: {'line': b'-- Up-to-date: /home/subhalaxmi/nidar_ws/install/px4_msgs/share/px4_msgs/msg/ConfigOverrides.msg\n'}
[6.301852] (px4_msgs) StdoutLine: {'line': b'-- Up-to-date: /home/subhalaxmi/nidar_ws/install/px4_msgs/share/px4_msgs/msg/ControlAllocatorStatus.msg\n'}
[6.301956] (px4_msgs) StdoutLine: {'line': b'-- Up-to-date: /home/subhalaxmi/nidar_ws/install/px4_msgs/share/px4_msgs/msg/Cpuload.msg\n'}
[6.302060] (px4_msgs) StdoutLine: {'line': b'-- Up-to-date: /home/subhalaxmi/nidar_ws/install/px4_msgs/share/px4_msgs/msg/DatamanRequest.msg\n'}
[6.302164] (px4_msgs) StdoutLine: {'line': b'-- Up-to-date: /home/subhalaxmi/nidar_ws/install/px4_msgs/share/px4_msgs/msg/DatamanResponse.msg\n'}
[6.302319] (px4_msgs) StdoutLine: {'line': b'-- Up-to-date: /home/subhalaxmi/nidar_ws/install/px4_msgs/share/px4_msgs/msg/DebugArray.msg\n'}
[6.302459] (px4_msgs) StdoutLine: {'line': b'-- Up-to-date: /home/subhalaxmi/nidar_ws/install/px4_msgs/share/px4_msgs/msg/DebugKeyValue.msg\n'}
[6.302662] (px4_msgs) StdoutLine: {'line': b'-- Up-to-date: /home/subhalaxmi/nidar_ws/install/px4_msgs/share/px4_msgs/msg/DebugValue.msg\n'}
[6.302770] (px4_msgs) StdoutLine: {'line': b'-- Up-to-date: /home/subhalaxmi/nidar_ws/install/px4_msgs/share/px4_msgs/msg/DebugVect.msg\n'}
[6.302888] (px4_msgs) StdoutLine: {'line': b'-- Up-to-date: /home/subhalaxmi/nidar_ws/install/px4_msgs/share/px4_msgs/msg/DeviceInformation.msg\n'}
[6.302986] (px4_msgs) StdoutLine: {'line': b'-- Up-to-date: /home/subhalaxmi/nidar_ws/install/px4_msgs/share/px4_msgs/msg/DifferentialPressure.msg\n'}
[6.303099] (px4_msgs) StdoutLine: {'line': b'-- Up-to-date: /home/subhalaxmi/nidar_ws/install/px4_msgs/share/px4_msgs/msg/DistanceSensor.msg\n'}
[6.303269] (px4_msgs) StdoutLine: {'line': b'-- Up-to-date: /home/subhalaxmi/nidar_ws/install/px4_msgs/share/px4_msgs/msg/DistanceSensorModeChangeRequest.msg\n'}
[6.303369] (px4_msgs) StdoutLine: {'line': b'-- Up-to-date: /home/subhalaxmi/nidar_ws/install/px4_msgs/share/px4_msgs/msg/DronecanNodeStatus.msg\n'}
[6.303478] (px4_msgs) StdoutLine: {'line': b'-- Up-to-date: /home/subhalaxmi/nidar_ws/install/px4_msgs/share/px4_msgs/msg/Ekf2Timestamps.msg\n'}
[6.303703] (px4_msgs) StdoutLine: {'line': b'-- Up-to-date: /home/subhalaxmi/nidar_ws/install/px4_msgs/share/px4_msgs/msg/EscReport.msg\n'}
[6.303892] (px4_msgs) StdoutLine: {'line': b'-- Up-to-date: /home/subhalaxmi/nidar_ws/install/px4_msgs/share/px4_msgs/msg/EscStatus.msg\n'}
[6.304054] (px4_msgs) StdoutLine: {'line': b'-- Up-to-date: /home/subhalaxmi/nidar_ws/install/px4_msgs/share/px4_msgs/msg/EstimatorAidSource1d.msg\n'}
[6.304211] (px4_msgs) StdoutLine: {'line': b'-- Up-to-date: /home/subhalaxmi/nidar_ws/install/px4_msgs/share/px4_msgs/msg/EstimatorAidSource2d.msg\n'}
[6.304381] (px4_msgs) StdoutLine: {'line': b'-- Up-to-date: /home/subhalaxmi/nidar_ws/install/px4_msgs/share/px4_msgs/msg/EstimatorAidSource3d.msg\n'}
[6.304583] (px4_msgs) StdoutLine: {'line': b'-- Up-to-date: /home/subhalaxmi/nidar_ws/install/px4_msgs/share/px4_msgs/msg/EstimatorBias.msg\n'}
[6.304857] (px4_msgs) StdoutLine: {'line': b'-- Up-to-date: /home/subhalaxmi/nidar_ws/install/px4_msgs/share/px4_msgs/msg/EstimatorBias3d.msg\n'}
[6.305029] (px4_msgs) StdoutLine: {'line': b'-- Up-to-date: /home/subhalaxmi/nidar_ws/install/px4_msgs/share/px4_msgs/msg/EstimatorEventFlags.msg\n'}
[6.305197] (px4_msgs) StdoutLine: {'line': b'-- Up-to-date: /home/subhalaxmi/nidar_ws/install/px4_msgs/share/px4_msgs/msg/EstimatorGpsStatus.msg\n'}
[6.305367] (px4_msgs) StdoutLine: {'line': b'-- Up-to-date: /home/subhalaxmi/nidar_ws/install/px4_msgs/share/px4_msgs/msg/EstimatorInnovations.msg\n'}
[6.305579] (px4_msgs) StdoutLine: {'line': b'-- Up-to-date: /home/subhalaxmi/nidar_ws/install/px4_msgs/share/px4_msgs/msg/EstimatorSelectorStatus.msg\n'}
[6.305859] (px4_msgs) StdoutLine: {'line': b'-- Up-to-date: /home/subhalaxmi/nidar_ws/install/px4_msgs/share/px4_msgs/msg/EstimatorSensorBias.msg\n'}
[6.306054] (px4_msgs) StdoutLine: {'line': b'-- Up-to-date: /home/subhalaxmi/nidar_ws/install/px4_msgs/share/px4_msgs/msg/EstimatorStates.msg\n'}
[6.306247] (px4_msgs) StdoutLine: {'line': b'-- Up-to-date: /home/subhalaxmi/nidar_ws/install/px4_msgs/share/px4_msgs/msg/EstimatorStatus.msg\n'}
[6.306450] (px4_msgs) StdoutLine: {'line': b'-- Up-to-date: /home/subhalaxmi/nidar_ws/install/px4_msgs/share/px4_msgs/msg/EstimatorStatusFlags.msg\n'}
[6.306781] (px4_msgs) StdoutLine: {'line': b'-- Up-to-date: /home/subhalaxmi/nidar_ws/install/px4_msgs/share/px4_msgs/msg/Event.msg\n'}
[6.306997] (px4_msgs) StdoutLine: {'line': b'-- Up-to-date: /home/subhalaxmi/nidar_ws/install/px4_msgs/share/px4_msgs/msg/FailsafeFlags.msg\n'}
[6.307199] (px4_msgs) StdoutLine: {'line': b'-- Up-to-date: /home/subhalaxmi/nidar_ws/install/px4_msgs/share/px4_msgs/msg/FailureDetectorStatus.msg\n'}
[6.307396] (px4_msgs) StdoutLine: {'line': b'-- Up-to-date: /home/subhalaxmi/nidar_ws/install/px4_msgs/share/px4_msgs/msg/FigureEightStatus.msg\n'}
[6.307733] (px4_msgs) StdoutLine: {'line': b'-- Up-to-date: /home/subhalaxmi/nidar_ws/install/px4_msgs/share/px4_msgs/msg/FixedWingLateralGuidanceStatus.msg\n'}
[6.307953] (px4_msgs) StdoutLine: {'line': b'-- Up-to-date: /home/subhalaxmi/nidar_ws/install/px4_msgs/share/px4_msgs/msg/FixedWingLateralSetpoint.msg\n'}
[6.308146] (px4_msgs) StdoutLine: {'line': b'-- Up-to-date: /home/subhalaxmi/nidar_ws/install/px4_msgs/share/px4_msgs/msg/FixedWingLateralStatus.msg\n'}
[6.308338] (px4_msgs) StdoutLine: {'line': b'-- Up-to-date: /home/subhalaxmi/nidar_ws/install/px4_msgs/share/px4_msgs/msg/FixedWingLongitudinalSetpoint.msg\n'}
[6.308546] (px4_msgs) StdoutLine: {'line': b'-- Up-to-date: /home/subhalaxmi/nidar_ws/install/px4_msgs/share/px4_msgs/msg/FixedWingRunwayControl.msg\n'}
[6.308763] (px4_msgs) StdoutLine: {'line': b'-- Up-to-date: /home/subhalaxmi/nidar_ws/install/px4_msgs/share/px4_msgs/msg/FlightPhaseEstimation.msg\n'}
[6.308984] (px4_msgs) StdoutLine: {'line': b'-- Up-to-date: /home/subhalaxmi/nidar_ws/install/px4_msgs/share/px4_msgs/msg/FollowTarget.msg\n'}
[6.309178] (px4_msgs) StdoutLine: {'line': b'-- Up-to-date: /home/subhalaxmi/nidar_ws/install/px4_msgs/share/px4_msgs/msg/FollowTargetEstimator.msg\n'}
[6.309368] (px4_msgs) StdoutLine: {'line': b'-- Up-to-date: /home/subhalaxmi/nidar_ws/install/px4_msgs/share/px4_msgs/msg/FollowTargetStatus.msg\n'}
[6.309578] (px4_msgs) StdoutLine: {'line': b'-- Up-to-date: /home/subhalaxmi/nidar_ws/install/px4_msgs/share/px4_msgs/msg/FuelTankStatus.msg\n'}
[6.309792] (px4_msgs) StdoutLine: {'line': b'-- Up-to-date: /home/subhalaxmi/nidar_ws/install/px4_msgs/share/px4_msgs/msg/GainCompression.msg\n'}
[6.309995] (px4_msgs) StdoutLine: {'line': b'-- Up-to-date: /home/subhalaxmi/nidar_ws/install/px4_msgs/share/px4_msgs/msg/GeneratorStatus.msg\n'}
[6.310208] (px4_msgs) StdoutLine: {'line': b'-- Up-to-date: /home/subhalaxmi/nidar_ws/install/px4_msgs/share/px4_msgs/msg/GeofenceResult.msg\n'}
[6.310403] (px4_msgs) StdoutLine: {'line': b'-- Up-to-date: /home/subhalaxmi/nidar_ws/install/px4_msgs/share/px4_msgs/msg/GeofenceStatus.msg\n'}
[6.310628] (px4_msgs) StdoutLine: {'line': b'-- Up-to-date: /home/subhalaxmi/nidar_ws/install/px4_msgs/share/px4_msgs/msg/GimbalControls.msg\n'}
[6.310852] (px4_msgs) StdoutLine: {'line': b'-- Up-to-date: /home/subhalaxmi/nidar_ws/install/px4_msgs/share/px4_msgs/msg/GimbalDeviceAttitudeStatus.msg\n'}
[6.311169] (px4_msgs) StdoutLine: {'line': b'-- Up-to-date: /home/subhalaxmi/nidar_ws/install/px4_msgs/share/px4_msgs/msg/GimbalDeviceInformation.msg\n'}
[6.311371] (px4_msgs) StdoutLine: {'line': b'-- Up-to-date: /home/subhalaxmi/nidar_ws/install/px4_msgs/share/px4_msgs/msg/GimbalDeviceSetAttitude.msg\n'}
[6.311590] (px4_msgs) StdoutLine: {'line': b'-- Up-to-date: /home/subhalaxmi/nidar_ws/install/px4_msgs/share/px4_msgs/msg/GimbalManagerInformation.msg\n'}
[6.311802] (px4_msgs) StdoutLine: {'line': b'-- Up-to-date: /home/subhalaxmi/nidar_ws/install/px4_msgs/share/px4_msgs/msg/GimbalManagerSetAttitude.msg\n'}
[6.312011] (px4_msgs) StdoutLine: {'line': b'-- Up-to-date: /home/subhalaxmi/nidar_ws/install/px4_msgs/share/px4_msgs/msg/GimbalManagerSetManualControl.msg\n'}
[6.312228] (px4_msgs) StdoutLine: {'line': b'-- Up-to-date: /home/subhalaxmi/nidar_ws/install/px4_msgs/share/px4_msgs/msg/GimbalManagerStatus.msg\n'}
[6.312445] (px4_msgs) StdoutLine: {'line': b'-- Up-to-date: /home/subhalaxmi/nidar_ws/install/px4_msgs/share/px4_msgs/msg/GotoSetpoint.msg\n'}
[6.312774] (px4_msgs) StdoutLine: {'line': b'-- Up-to-date: /home/subhalaxmi/nidar_ws/install/px4_msgs/share/px4_msgs/msg/GpioConfig.msg\n'}
[6.312996] (px4_msgs) StdoutLine: {'line': b'-- Up-to-date: /home/subhalaxmi/nidar_ws/install/px4_msgs/share/px4_msgs/msg/GpioIn.msg\n'}
[6.313214] (px4_msgs) StdoutLine: {'line': b'-- Up-to-date: /home/subhalaxmi/nidar_ws/install/px4_msgs/share/px4_msgs/msg/GpioOut.msg\n'}
[6.313422] (px4_msgs) StdoutLine: {'line': b'-- Up-to-date: /home/subhalaxmi/nidar_ws/install/px4_msgs/share/px4_msgs/msg/GpioRequest.msg\n'}
[6.313737] (px4_msgs) StdoutLine: {'line': b'-- Up-to-date: /home/subhalaxmi/nidar_ws/install/px4_msgs/share/px4_msgs/msg/GpsDump.msg\n'}
[6.313958] (px4_msgs) StdoutLine: {'line': b'-- Up-to-date: /home/subhalaxmi/nidar_ws/install/px4_msgs/share/px4_msgs/msg/GpsInjectData.msg\n'}
[6.314171] (px4_msgs) StdoutLine: {'line': b'-- Up-to-date: /home/subhalaxmi/nidar_ws/install/px4_msgs/share/px4_msgs/msg/Gripper.msg\n'}
[6.314403] (px4_msgs) StdoutLine: {'line': b'-- Up-to-date: /home/subhalaxmi/nidar_ws/install/px4_msgs/share/px4_msgs/msg/HealthReport.msg\n'}
[6.314712] (px4_msgs) StdoutLine: {'line': b'-- Up-to-date: /home/subhalaxmi/nidar_ws/install/px4_msgs/share/px4_msgs/msg/HeaterStatus.msg\n'}
[6.314929] (px4_msgs) StdoutLine: {'line': b'-- Up-to-date: /home/subhalaxmi/nidar_ws/install/px4_msgs/share/px4_msgs/msg/HomePosition.msg\n'}
[6.315143] (px4_msgs) StdoutLine: {'line': b'-- Up-to-date: /home/subhalaxmi/nidar_ws/install/px4_msgs/share/px4_msgs/msg/HoverThrustEstimate.msg\n'}
[6.315413] (px4_msgs) StdoutLine: {'line': b'-- Up-to-date: /home/subhalaxmi/nidar_ws/install/px4_msgs/share/px4_msgs/msg/InputRc.msg\n'}
[6.315663] (px4_msgs) StdoutLine: {'line': b'-- Up-to-date: /home/subhalaxmi/nidar_ws/install/px4_msgs/share/px4_msgs/msg/InternalCombustionEngineControl.msg\n'}
[6.315894] (px4_msgs) StdoutLine: {'line': b'-- Up-to-date: /home/subhalaxmi/nidar_ws/install/px4_msgs/share/px4_msgs/msg/InternalCombustionEngineStatus.msg\n'}
[6.316104] (px4_msgs) StdoutLine: {'line': b'-- Up-to-date: /home/subhalaxmi/nidar_ws/install/px4_msgs/share/px4_msgs/msg/IridiumsbdStatus.msg\n'}
[6.316323] (px4_msgs) StdoutLine: {'line': b'-- Up-to-date: /home/subhalaxmi/nidar_ws/install/px4_msgs/share/px4_msgs/msg/IrlockReport.msg\n'}
[6.316562] (px4_msgs) StdoutLine: {'line': b'-- Up-to-date: /home/subhalaxmi/nidar_ws/install/px4_msgs/share/px4_msgs/msg/LandingGear.msg\n'}
[6.316914] (px4_msgs) StdoutLine: {'line': b'-- Up-to-date: /home/subhalaxmi/nidar_ws/install/px4_msgs/share/px4_msgs/msg/LandingGearWheel.msg\n'}
[6.317122] (px4_msgs) StdoutLine: {'line': b'-- Up-to-date: /home/subhalaxmi/nidar_ws/install/px4_msgs/share/px4_msgs/msg/LandingTargetInnovations.msg\n'}
[6.317326] (px4_msgs) StdoutLine: {'line': b'-- Up-to-date: /home/subhalaxmi/nidar_ws/install/px4_msgs/share/px4_msgs/msg/LandingTargetPose.msg\n'}
[6.317575] (px4_msgs) StdoutLine: {'line': b'-- Up-to-date: /home/subhalaxmi/nidar_ws/install/px4_msgs/share/px4_msgs/msg/LateralControlConfiguration.msg\n'}
[6.317897] (px4_msgs) StdoutLine: {'line': b'-- Up-to-date: /home/subhalaxmi/nidar_ws/install/px4_msgs/share/px4_msgs/msg/LaunchDetectionStatus.msg\n'}
[6.318098] (px4_msgs) StdoutLine: {'line': b'-- Up-to-date: /home/subhalaxmi/nidar_ws/install/px4_msgs/share/px4_msgs/msg/LedControl.msg\n'}
[6.318302] (px4_msgs) StdoutLine: {'line': b'-- Up-to-date: /home/subhalaxmi/nidar_ws/install/px4_msgs/share/px4_msgs/msg/LogMessage.msg\n'}
[6.318510] (px4_msgs) StdoutLine: {'line': b'-- Up-to-date: /home/subhalaxmi/nidar_ws/install/px4_msgs/share/px4_msgs/msg/LoggerStatus.msg\n'}
[6.318827] (px4_msgs) StdoutLine: {'line': b'-- Up-to-date: /home/subhalaxmi/nidar_ws/install/px4_msgs/share/px4_msgs/msg/LongitudinalControlConfiguration.msg\n'}
[6.319030] (px4_msgs) StdoutLine: {'line': b'-- Up-to-date: /home/subhalaxmi/nidar_ws/install/px4_msgs/share/px4_msgs/msg/MagWorkerData.msg\n'}
[6.319227] (px4_msgs) StdoutLine: {'line': b'-- Up-to-date: /home/subhalaxmi/nidar_ws/install/px4_msgs/share/px4_msgs/msg/MagnetometerBiasEstimate.msg\n'}
[6.319436] (px4_msgs) StdoutLine: {'line': b'-- Up-to-date: /home/subhalaxmi/nidar_ws/install/px4_msgs/share/px4_msgs/msg/ManualControlSetpoint.msg\n'}
[6.319710] (px4_msgs) StdoutLine: {'line': b'-- Up-to-date: /home/subhalaxmi/nidar_ws/install/px4_msgs/share/px4_msgs/msg/ManualControlSwitches.msg\n'}
[6.319928] (px4_msgs) StdoutLine: {'line': b'-- Up-to-date: /home/subhalaxmi/nidar_ws/install/px4_msgs/share/px4_msgs/msg/MavlinkLog.msg\n'}
[6.320142] (px4_msgs) StdoutLine: {'line': b'-- Up-to-date: /home/subhalaxmi/nidar_ws/install/px4_msgs/share/px4_msgs/msg/MavlinkTunnel.msg\n'}
[6.320342] (-) TimerEvent: {}
[6.323716] (px4_msgs) StdoutLine: {'line': b'-- Up-to-date: /home/subhalaxmi/nidar_ws/install/px4_msgs/share/px4_msgs/msg/MessageFormatRequest.msg\n'}
[6.324056] (px4_msgs) StdoutLine: {'line': b'-- Up-to-date: /home/subhalaxmi/nidar_ws/install/px4_msgs/share/px4_msgs/msg/MessageFormatResponse.msg\n'}
[6.324318] (px4_msgs) StdoutLine: {'line': b'-- Up-to-date: /home/subhalaxmi/nidar_ws/install/px4_msgs/share/px4_msgs/msg/Mission.msg\n'}
[6.324516] (px4_msgs) StdoutLine: {'line': b'-- Up-to-date: /home/subhalaxmi/nidar_ws/install/px4_msgs/share/px4_msgs/msg/MissionResult.msg\n'}
[6.324781] (px4_msgs) StdoutLine: {'line': b'-- Up-to-date: /home/subhalaxmi/nidar_ws/install/px4_msgs/share/px4_msgs/msg/ModeCompleted.msg\n'}
[6.324996] (px4_msgs) StdoutLine: {'line': b'-- Up-to-date: /home/subhalaxmi/nidar_ws/install/px4_msgs/share/px4_msgs/msg/MountOrientation.msg\n'}
[6.325288] (px4_msgs) StdoutLine: {'line': b'-- Up-to-date: /home/subhalaxmi/nidar_ws/install/px4_msgs/share/px4_msgs/msg/NavigatorMissionItem.msg\n'}
[6.325497] (px4_msgs) StdoutLine: {'line': b'-- Up-to-date: /home/subhalaxmi/nidar_ws/install/px4_msgs/share/px4_msgs/msg/NavigatorStatus.msg\n'}
[6.325726] (px4_msgs) StdoutLine: {'line': b'-- Up-to-date: /home/subhalaxmi/nidar_ws/install/px4_msgs/share/px4_msgs/msg/NeuralControl.msg\n'}
[6.325917] (px4_msgs) StdoutLine: {'line': b'-- Up-to-date: /home/subhalaxmi/nidar_ws/install/px4_msgs/share/px4_msgs/msg/NormalizedUnsignedSetpoint.msg\n'}
[6.326159] (px4_msgs) StdoutLine: {'line': b'-- Up-to-date: /home/subhalaxmi/nidar_ws/install/px4_msgs/share/px4_msgs/msg/ObstacleDistance.msg\n'}
[6.326437] (px4_msgs) StdoutLine: {'line': b'-- Up-to-date: /home/subhalaxmi/nidar_ws/install/px4_msgs/share/px4_msgs/msg/OffboardControlMode.msg\n'}
[6.326756] (px4_msgs) StdoutLine: {'line': b'-- Up-to-date: /home/subhalaxmi/nidar_ws/install/px4_msgs/share/px4_msgs/msg/OnboardComputerStatus.msg\n'}
[6.326974] (px4_msgs) StdoutLine: {'line': b'-- Up-to-date: /home/subhalaxmi/nidar_ws/install/px4_msgs/share/px4_msgs/msg/OpenDroneIdArmStatus.msg\n'}
[6.327162] (px4_msgs) StdoutLine: {'line': b'-- Up-to-date: /home/subhalaxmi/nidar_ws/install/px4_msgs/share/px4_msgs/msg/OpenDroneIdOperatorId.msg\n'}
[6.327418] (px4_msgs) StdoutLine: {'line': b'-- Up-to-date: /home/subhalaxmi/nidar_ws/install/px4_msgs/share/px4_msgs/msg/OpenDroneIdSelfId.msg\n'}
[6.327660] (px4_msgs) StdoutLine: {'line': b'-- Up-to-date: /home/subhalaxmi/nidar_ws/install/px4_msgs/share/px4_msgs/msg/OpenDroneIdSystem.msg\n'}
[6.327866] (px4_msgs) StdoutLine: {'line': b'-- Up-to-date: /home/subhalaxmi/nidar_ws/install/px4_msgs/share/px4_msgs/msg/OrbTest.msg\n'}
[6.328054] (px4_msgs) StdoutLine: {'line': b'-- Up-to-date: /home/subhalaxmi/nidar_ws/install/px4_msgs/share/px4_msgs/msg/OrbTestLarge.msg\n'}
[6.328261] (px4_msgs) StdoutLine: {'line': b'-- Up-to-date: /home/subhalaxmi/nidar_ws/install/px4_msgs/share/px4_msgs/msg/OrbTestMedium.msg\n'}
[6.328447] (px4_msgs) StdoutLine: {'line': b'-- Up-to-date: /home/subhalaxmi/nidar_ws/install/px4_msgs/share/px4_msgs/msg/OrbitStatus.msg\n'}
[6.328668] (px4_msgs) StdoutLine: {'line': b'-- Up-to-date: /home/subhalaxmi/nidar_ws/install/px4_msgs/share/px4_msgs/msg/ParameterResetRequest.msg\n'}
[6.328941] (px4_msgs) StdoutLine: {'line': b'-- Up-to-date: /home/subhalaxmi/nidar_ws/install/px4_msgs/share/px4_msgs/msg/ParameterSetUsedRequest.msg\n'}
[6.329181] (px4_msgs) StdoutLine: {'line': b'-- Up-to-date: /home/subhalaxmi/nidar_ws/install/px4_msgs/share/px4_msgs/msg/ParameterSetValueRequest.msg\n'}
[6.329370] (px4_msgs) StdoutLine: {'line': b'-- Up-to-date: /home/subhalaxmi/nidar_ws/install/px4_msgs/share/px4_msgs/msg/ParameterSetValueResponse.msg\n'}
[6.330167] (px4_msgs) StdoutLine: {'line': b'-- Up-to-date: /home/subhalaxmi/nidar_ws/install/px4_msgs/share/px4_msgs/msg/ParameterUpdate.msg\n'}
[6.330435] (px4_msgs) StdoutLine: {'line': b'-- Up-to-date: /home/subhalaxmi/nidar_ws/install/px4_msgs/share/px4_msgs/msg/Ping.msg\n'}
[6.330676] (px4_msgs) StdoutLine: {'line': b'-- Up-to-date: /home/subhalaxmi/nidar_ws/install/px4_msgs/share/px4_msgs/msg/PositionControllerLandingStatus.msg\n'}
[6.330879] (px4_msgs) StdoutLine: {'line': b'-- Up-to-date: /home/subhalaxmi/nidar_ws/install/px4_msgs/share/px4_msgs/msg/PositionControllerStatus.msg\n'}
[6.331076] (px4_msgs) StdoutLine: {'line': b'-- Up-to-date: /home/subhalaxmi/nidar_ws/install/px4_msgs/share/px4_msgs/msg/PositionSetpoint.msg\n'}
[6.331263] (px4_msgs) StdoutLine: {'line': b'-- Up-to-date: /home/subhalaxmi/nidar_ws/install/px4_msgs/share/px4_msgs/msg/PositionSetpointTriplet.msg\n'}
[6.331541] (px4_msgs) StdoutLine: {'line': b'-- Up-to-date: /home/subhalaxmi/nidar_ws/install/px4_msgs/share/px4_msgs/msg/PowerButtonState.msg\n'}
[6.331871] (px4_msgs) StdoutLine: {'line': b'-- Up-to-date: /home/subhalaxmi/nidar_ws/install/px4_msgs/share/px4_msgs/msg/PowerMonitor.msg\n'}
[6.332066] (px4_msgs) StdoutLine: {'line': b'-- Up-to-date: /home/subhalaxmi/nidar_ws/install/px4_msgs/share/px4_msgs/msg/PpsCapture.msg\n'}
[6.332282] (px4_msgs) StdoutLine: {'line': b'-- Up-to-date: /home/subhalaxmi/nidar_ws/install/px4_msgs/share/px4_msgs/msg/PurePursuitStatus.msg\n'}
[6.332471] (px4_msgs) StdoutLine: {'line': b'-- Up-to-date: /home/subhalaxmi/nidar_ws/install/px4_msgs/share/px4_msgs/msg/PwmInput.msg\n'}
[6.332709] (px4_msgs) StdoutLine: {'line': b'-- Up-to-date: /home/subhalaxmi/nidar_ws/install/px4_msgs/share/px4_msgs/msg/Px4ioStatus.msg\n'}
[6.332922] (px4_msgs) StdoutLine: {'line': b'-- Up-to-date: /home/subhalaxmi/nidar_ws/install/px4_msgs/share/px4_msgs/msg/QshellReq.msg\n'}
[6.333122] (px4_msgs) StdoutLine: {'line': b'-- Up-to-date: /home/subhalaxmi/nidar_ws/install/px4_msgs/share/px4_msgs/msg/QshellRetval.msg\n'}
[6.333323] (px4_msgs) StdoutLine: {'line': b'-- Up-to-date: /home/subhalaxmi/nidar_ws/install/px4_msgs/share/px4_msgs/msg/RadioStatus.msg\n'}
[6.333535] (px4_msgs) StdoutLine: {'line': b'-- Up-to-date: /home/subhalaxmi/nidar_ws/install/px4_msgs/share/px4_msgs/msg/RaptorInput.msg\n'}
[6.333819] (px4_msgs) StdoutLine: {'line': b'-- Up-to-date: /home/subhalaxmi/nidar_ws/install/px4_msgs/share/px4_msgs/msg/RaptorStatus.msg\n'}
[6.334041] (px4_msgs) StdoutLine: {'line': b'-- Up-to-date: /home/subhalaxmi/nidar_ws/install/px4_msgs/share/px4_msgs/msg/RateCtrlStatus.msg\n'}
[6.334353] (px4_msgs) StdoutLine: {'line': b'-- Up-to-date: /home/subhalaxmi/nidar_ws/install/px4_msgs/share/px4_msgs/msg/RcChannels.msg\n'}
[6.334585] (px4_msgs) StdoutLine: {'line': b'-- Up-to-date: /home/subhalaxmi/nidar_ws/install/px4_msgs/share/px4_msgs/msg/RcParameterMap.msg\n'}
[6.334824] (px4_msgs) StdoutLine: {'line': b'-- Up-to-date: /home/subhalaxmi/nidar_ws/install/px4_msgs/share/px4_msgs/msg/RegisterExtComponentReply.msg\n'}
[6.335027] (px4_msgs) StdoutLine: {'line': b'-- Up-to-date: /home/subhalaxmi/nidar_ws/install/px4_msgs/share/px4_msgs/msg/RegisterExtComponentRequest.msg\n'}
[6.335213] (px4_msgs) StdoutLine: {'line': b'-- Up-to-date: /home/subhalaxmi/nidar_ws/install/px4_msgs/share/px4_msgs/msg/RoverAttitudeSetpoint.msg\n'}
[6.335417] (px4_msgs) StdoutLine: {'line': b'-- Up-to-date: /home/subhalaxmi/nidar_ws/install/px4_msgs/share/px4_msgs/msg/RoverAttitudeStatus.msg\n'}
[6.335715] (px4_msgs) StdoutLine: {'line': b'-- Up-to-date: /home/subhalaxmi/nidar_ws/install/px4_msgs/share/px4_msgs/msg/RoverPositionSetpoint.msg\n'}
[6.335917] (px4_msgs) StdoutLine: {'line': b'-- Up-to-date: /home/subhalaxmi/nidar_ws/install/px4_msgs/share/px4_msgs/msg/RoverRateSetpoint.msg\n'}
[6.336106] (px4_msgs) StdoutLine: {'line': b'-- Up-to-date: /home/subhalaxmi/nidar_ws/install/px4_msgs/share/px4_msgs/msg/RoverRateStatus.msg\n'}
[6.336292] (px4_msgs) StdoutLine: {'line': b'-- Up-to-date: /home/subhalaxmi/nidar_ws/install/px4_msgs/share/px4_msgs/msg/RoverSpeedSetpoint.msg\n'}
[6.336476] (px4_msgs) StdoutLine: {'line': b'-- Up-to-date: /home/subhalaxmi/nidar_ws/install/px4_msgs/share/px4_msgs/msg/RoverSpeedStatus.msg\n'}
[6.336737] (px4_msgs) StdoutLine: {'line': b'-- Up-to-date: /home/subhalaxmi/nidar_ws/install/px4_msgs/share/px4_msgs/msg/RoverSteeringSetpoint.msg\n'}
[6.337021] (px4_msgs) StdoutLine: {'line': b'-- Up-to-date: /home/subhalaxmi/nidar_ws/install/px4_msgs/share/px4_msgs/msg/RoverThrottleSetpoint.msg\n'}
[6.337213] (px4_msgs) StdoutLine: {'line': b'-- Up-to-date: /home/subhalaxmi/nidar_ws/install/px4_msgs/share/px4_msgs/msg/Rpm.msg\n'}
[6.337424] (px4_msgs) StdoutLine: {'line': b'-- Up-to-date: /home/subhalaxmi/nidar_ws/install/px4_msgs/share/px4_msgs/msg/RtlStatus.msg\n'}
[6.337725] (px4_msgs) StdoutLine: {'line': b'-- Up-to-date: /home/subhalaxmi/nidar_ws/install/px4_msgs/share/px4_msgs/msg/RtlTimeEstimate.msg\n'}
[6.337930] (px4_msgs) StdoutLine: {'line': b'-- Up-to-date: /home/subhalaxmi/nidar_ws/install/px4_msgs/share/px4_msgs/msg/SatelliteInfo.msg\n'}
[6.338139] (px4_msgs) StdoutLine: {'line': b'-- Up-to-date: /home/subhalaxmi/nidar_ws/install/px4_msgs/share/px4_msgs/msg/SensorAccel.msg\n'}
[6.338339] (px4_msgs) StdoutLine: {'line': b'-- Up-to-date: /home/subhalaxmi/nidar_ws/install/px4_msgs/share/px4_msgs/msg/SensorAccelFifo.msg\n'}
[6.338631] (px4_msgs) StdoutLine: {'line': b'-- Up-to-date: /home/subhalaxmi/nidar_ws/install/px4_msgs/share/px4_msgs/msg/SensorAirflow.msg\n'}
[6.338843] (px4_msgs) StdoutLine: {'line': b'-- Up-to-date: /home/subhalaxmi/nidar_ws/install/px4_msgs/share/px4_msgs/msg/SensorBaro.msg\n'}
[6.339036] (px4_msgs) StdoutLine: {'line': b'-- Up-to-date: /home/subhalaxmi/nidar_ws/install/px4_msgs/share/px4_msgs/msg/SensorCombined.msg\n'}
[6.339220] (px4_msgs) StdoutLine: {'line': b'-- Up-to-date: /home/subhalaxmi/nidar_ws/install/px4_msgs/share/px4_msgs/msg/SensorCorrection.msg\n'}
[6.339466] (px4_msgs) StdoutLine: {'line': b'-- Up-to-date: /home/subhalaxmi/nidar_ws/install/px4_msgs/share/px4_msgs/msg/SensorGnssRelative.msg\n'}
[6.339817] (px4_msgs) StdoutLine: {'line': b'-- Up-to-date: /home/subhalaxmi/nidar_ws/install/px4_msgs/share/px4_msgs/msg/SensorGnssStatus.msg\n'}
[6.340018] (px4_msgs) StdoutLine: {'line': b'-- Up-to-date: /home/subhalaxmi/nidar_ws/install/px4_msgs/share/px4_msgs/msg/SensorGps.msg\n'}
[6.340216] (px4_msgs) StdoutLine: {'line': b'-- Up-to-date: /home/subhalaxmi/nidar_ws/install/px4_msgs/share/px4_msgs/msg/SensorGyro.msg\n'}
[6.340403] (px4_msgs) StdoutLine: {'line': b'-- Up-to-date: /home/subhalaxmi/nidar_ws/install/px4_msgs/share/px4_msgs/msg/SensorGyroFft.msg\n'}
[6.340622] (px4_msgs) StdoutLine: {'line': b'-- Up-to-date: /home/subhalaxmi/nidar_ws/install/px4_msgs/share/px4_msgs/msg/SensorGyroFifo.msg\n'}
[6.340845] (px4_msgs) StdoutLine: {'line': b'-- Up-to-date: /home/subhalaxmi/nidar_ws/install/px4_msgs/share/px4_msgs/msg/SensorHygrometer.msg\n'}
[6.341045] (px4_msgs) StdoutLine: {'line': b'-- Up-to-date: /home/subhalaxmi/nidar_ws/install/px4_msgs/share/px4_msgs/msg/SensorMag.msg\n'}
[6.341242] (px4_msgs) StdoutLine: {'line': b'-- Up-to-date: /home/subhalaxmi/nidar_ws/install/px4_msgs/share/px4_msgs/msg/SensorOpticalFlow.msg\n'}
[6.341442] (px4_msgs) StdoutLine: {'line': b'-- Up-to-date: /home/subhalaxmi/nidar_ws/install/px4_msgs/share/px4_msgs/msg/SensorPreflightMag.msg\n'}
[6.341742] (px4_msgs) StdoutLine: {'line': b'-- Up-to-date: /home/subhalaxmi/nidar_ws/install/px4_msgs/share/px4_msgs/msg/SensorSelection.msg\n'}
[6.341954] (px4_msgs) StdoutLine: {'line': b'-- Up-to-date: /home/subhalaxmi/nidar_ws/install/px4_msgs/share/px4_msgs/msg/SensorTemp.msg\n'}
[6.342215] (px4_msgs) StdoutLine: {'line': b'-- Up-to-date: /home/subhalaxmi/nidar_ws/install/px4_msgs/share/px4_msgs/msg/SensorUwb.msg\n'}
[6.342442] (px4_msgs) StdoutLine: {'line': b'-- Up-to-date: /home/subhalaxmi/nidar_ws/install/px4_msgs/share/px4_msgs/msg/SensorsStatus.msg\n'}
[6.342743] (px4_msgs) StdoutLine: {'line': b'-- Up-to-date: /home/subhalaxmi/nidar_ws/install/px4_msgs/share/px4_msgs/msg/SensorsStatusImu.msg\n'}
[6.342955] (px4_msgs) StdoutLine: {'line': b'-- Up-to-date: /home/subhalaxmi/nidar_ws/install/px4_msgs/share/px4_msgs/msg/SystemPower.msg\n'}
[6.343142] (px4_msgs) StdoutLine: {'line': b'-- Up-to-date: /home/subhalaxmi/nidar_ws/install/px4_msgs/share/px4_msgs/msg/TakeoffStatus.msg\n'}
[6.343397] (px4_msgs) StdoutLine: {'line': b'-- Up-to-date: /home/subhalaxmi/nidar_ws/install/px4_msgs/share/px4_msgs/msg/TaskStackInfo.msg\n'}
[6.344670] (px4_msgs) StdoutLine: {'line': b'-- Up-to-date: /home/subhalaxmi/nidar_ws/install/px4_msgs/share/px4_msgs/msg/TecsStatus.msg\n'}
[6.345543] (px4_msgs) StdoutLine: {'line': b'-- Up-to-date: /home/subhalaxmi/nidar_ws/install/px4_msgs/share/px4_msgs/msg/TelemetryStatus.msg\n'}
[6.347629] (px4_msgs) StdoutLine: {'line': b'-- Up-to-date: /home/subhalaxmi/nidar_ws/install/px4_msgs/share/px4_msgs/msg/TiltrotorExtraControls.msg\n'}
[6.348022] (px4_msgs) StdoutLine: {'line': b'-- Up-to-date: /home/subhalaxmi/nidar_ws/install/px4_msgs/share/px4_msgs/msg/TimesyncStatus.msg\n'}
[6.348384] (px4_msgs) StdoutLine: {'line': b'-- Up-to-date: /home/subhalaxmi/nidar_ws/install/px4_msgs/share/px4_msgs/msg/TrajectorySetpoint.msg\n'}
[6.349054] (px4_msgs) StdoutLine: {'line': b'-- Up-to-date: /home/subhalaxmi/nidar_ws/install/px4_msgs/share/px4_msgs/msg/TrajectorySetpoint6dof.msg\n'}
[6.350243] (px4_msgs) StdoutLine: {'line': b'-- Up-to-date: /home/subhalaxmi/nidar_ws/install/px4_msgs/share/px4_msgs/msg/TransponderReport.msg\n'}
[6.351023] (px4_msgs) StdoutLine: {'line': b'-- Up-to-date: /home/subhalaxmi/nidar_ws/install/px4_msgs/share/px4_msgs/msg/TuneControl.msg\n'}
[6.352238] (px4_msgs) StdoutLine: {'line': b'-- Up-to-date: /home/subhalaxmi/nidar_ws/install/px4_msgs/share/px4_msgs/msg/UavcanParameterRequest.msg\n'}
[6.353118] (px4_msgs) StdoutLine: {'line': b'-- Up-to-date: /home/subhalaxmi/nidar_ws/install/px4_msgs/share/px4_msgs/msg/UavcanParameterValue.msg\n'}
[6.354401] (px4_msgs) StdoutLine: {'line': b'-- Up-to-date: /home/subhalaxmi/nidar_ws/install/px4_msgs/share/px4_msgs/msg/UlogStream.msg\n'}
[6.355272] (px4_msgs) StdoutLine: {'line': b'-- Up-to-date: /home/subhalaxmi/nidar_ws/install/px4_msgs/share/px4_msgs/msg/UlogStreamAck.msg\n'}
[6.357222] (px4_msgs) StdoutLine: {'line': b'-- Up-to-date: /home/subhalaxmi/nidar_ws/install/px4_msgs/share/px4_msgs/msg/UnregisterExtComponent.msg\n'}
[6.357984] (px4_msgs) StdoutLine: {'line': b'-- Up-to-date: /home/subhalaxmi/nidar_ws/install/px4_msgs/share/px4_msgs/msg/VehicleAcceleration.msg\n'}
[6.359254] (px4_msgs) StdoutLine: {'line': b'-- Up-to-date: /home/subhalaxmi/nidar_ws/install/px4_msgs/share/px4_msgs/msg/VehicleAirData.msg\n'}
[6.360286] (px4_msgs) StdoutLine: {'line': b'-- Up-to-date: /home/subhalaxmi/nidar_ws/install/px4_msgs/share/px4_msgs/msg/VehicleAngularAccelerationSetpoint.msg\n'}
[6.361652] (px4_msgs) StdoutLine: {'line': b'-- Up-to-date: /home/subhalaxmi/nidar_ws/install/px4_msgs/share/px4_msgs/msg/VehicleAngularVelocity.msg\n'}
[6.362564] (px4_msgs) StdoutLine: {'line': b'-- Up-to-date: /home/subhalaxmi/nidar_ws/install/px4_msgs/share/px4_msgs/msg/VehicleAttitude.msg\n'}
[6.363814] (px4_msgs) StdoutLine: {'line': b'-- Up-to-date: /home/subhalaxmi/nidar_ws/install/px4_msgs/share/px4_msgs/msg/VehicleAttitudeSetpoint.msg\n'}
[6.364704] (px4_msgs) StdoutLine: {'line': b'-- Up-to-date: /home/subhalaxmi/nidar_ws/install/px4_msgs/share/px4_msgs/msg/VehicleCommand.msg\n'}
[6.365970] (px4_msgs) StdoutLine: {'line': b'-- Up-to-date: /home/subhalaxmi/nidar_ws/install/px4_msgs/share/px4_msgs/msg/VehicleCommandAck.msg\n'}
[6.366844] (px4_msgs) StdoutLine: {'line': b'-- Up-to-date: /home/subhalaxmi/nidar_ws/install/px4_msgs/share/px4_msgs/msg/VehicleConstraints.msg\n'}
[6.368098] (px4_msgs) StdoutLine: {'line': b'-- Up-to-date: /home/subhalaxmi/nidar_ws/install/px4_msgs/share/px4_msgs/msg/VehicleControlMode.msg\n'}
[6.368977] (px4_msgs) StdoutLine: {'line': b'-- Up-to-date: /home/subhalaxmi/nidar_ws/install/px4_msgs/share/px4_msgs/msg/VehicleGlobalPosition.msg\n'}
[6.370248] (px4_msgs) StdoutLine: {'line': b'-- Up-to-date: /home/subhalaxmi/nidar_ws/install/px4_msgs/share/px4_msgs/msg/VehicleImu.msg\n'}
[6.371135] (px4_msgs) StdoutLine: {'line': b'-- Up-to-date: /home/subhalaxmi/nidar_ws/install/px4_msgs/share/px4_msgs/msg/VehicleImuStatus.msg\n'}
[6.372088] (px4_msgs) StdoutLine: {'line': b'-- Up-to-date: /home/subhalaxmi/nidar_ws/install/px4_msgs/share/px4_msgs/msg/VehicleLandDetected.msg\n'}
[6.372977] (px4_msgs) StdoutLine: {'line': b'-- Up-to-date: /home/subhalaxmi/nidar_ws/install/px4_msgs/share/px4_msgs/msg/VehicleLocalPosition.msg\n'}
[6.373836] (px4_msgs) StdoutLine: {'line': b'-- Up-to-date: /home/subhalaxmi/nidar_ws/install/px4_msgs/share/px4_msgs/msg/VehicleLocalPositionSetpoint.msg\n'}
[6.374729] (px4_msgs) StdoutLine: {'line': b'-- Up-to-date: /home/subhalaxmi/nidar_ws/install/px4_msgs/share/px4_msgs/msg/VehicleMagnetometer.msg\n'}
[6.375979] (px4_msgs) StdoutLine: {'line': b'-- Up-to-date: /home/subhalaxmi/nidar_ws/install/px4_msgs/share/px4_msgs/msg/VehicleOdometry.msg\n'}
[6.376895] (px4_msgs) StdoutLine: {'line': b'-- Up-to-date: /home/subhalaxmi/nidar_ws/install/px4_msgs/share/px4_msgs/msg/VehicleOpticalFlow.msg\n'}
[6.378173] (px4_msgs) StdoutLine: {'line': b'-- Up-to-date: /home/subhalaxmi/nidar_ws/install/px4_msgs/share/px4_msgs/msg/VehicleOpticalFlowVel.msg\n'}
[6.379056] (px4_msgs) StdoutLine: {'line': b'-- Up-to-date: /home/subhalaxmi/nidar_ws/install/px4_msgs/share/px4_msgs/msg/VehicleRatesSetpoint.msg\n'}
[6.380311] (px4_msgs) StdoutLine: {'line': b'-- Up-to-date: /home/subhalaxmi/nidar_ws/install/px4_msgs/share/px4_msgs/msg/VehicleRoi.msg\n'}
[6.381201] (px4_msgs) StdoutLine: {'line': b'-- Up-to-date: /home/subhalaxmi/nidar_ws/install/px4_msgs/share/px4_msgs/msg/VehicleStatus.msg\n'}
[6.382467] (px4_msgs) StdoutLine: {'line': b'-- Up-to-date: /home/subhalaxmi/nidar_ws/install/px4_msgs/share/px4_msgs/msg/VehicleThrustSetpoint.msg\n'}
[6.383342] (px4_msgs) StdoutLine: {'line': b'-- Up-to-date: /home/subhalaxmi/nidar_ws/install/px4_msgs/share/px4_msgs/msg/VehicleTorqueSetpoint.msg\n'}
[6.384638] (px4_msgs) StdoutLine: {'line': b'-- Up-to-date: /home/subhalaxmi/nidar_ws/install/px4_msgs/share/px4_msgs/msg/VelocityLimits.msg\n'}
[6.385479] (px4_msgs) StdoutLine: {'line': b'-- Up-to-date: /home/subhalaxmi/nidar_ws/install/px4_msgs/share/px4_msgs/msg/VtolVehicleStatus.msg\n'}
[6.386776] (px4_msgs) StdoutLine: {'line': b'-- Up-to-date: /home/subhalaxmi/nidar_ws/install/px4_msgs/share/px4_msgs/msg/Vtx.msg\n'}
[6.387650] (px4_msgs) StdoutLine: {'line': b'-- Up-to-date: /home/subhalaxmi/nidar_ws/install/px4_msgs/share/px4_msgs/msg/WheelEncoders.msg\n'}
[6.388918] (px4_msgs) StdoutLine: {'line': b'-- Up-to-date: /home/subhalaxmi/nidar_ws/install/px4_msgs/share/px4_msgs/msg/Wind.msg\n'}
[6.389818] (px4_msgs) StdoutLine: {'line': b'-- Up-to-date: /home/subhalaxmi/nidar_ws/install/px4_msgs/share/px4_msgs/msg/YawEstimatorStatus.msg\n'}
[6.391807] (px4_msgs) StdoutLine: {'line': b'-- Up-to-date: /home/subhalaxmi/nidar_ws/install/px4_msgs/share/px4_msgs/srv/VehicleCommand.srv\n'}
[6.392337] (px4_msgs) StdoutLine: {'line': b'-- Up-to-date: /home/subhalaxmi/nidar_ws/install/px4_msgs/share/px4_msgs/srv/VehicleCommand_Request.msg\n'}
[6.393660] (px4_msgs) StdoutLine: {'line': b'-- Up-to-date: /home/subhalaxmi/nidar_ws/install/px4_msgs/share/px4_msgs/srv/VehicleCommand_Response.msg\n'}
[6.394566] (px4_msgs) StdoutLine: {'line': b'-- Up-to-date: /home/subhalaxmi/nidar_ws/install/px4_msgs/share/ament_index/resource_index/package_run_dependencies/px4_msgs\n'}
[6.395824] (px4_msgs) StdoutLine: {'line': b'-- Up-to-date: /home/subhalaxmi/nidar_ws/install/px4_msgs/share/ament_index/resource_index/parent_prefix_path/px4_msgs\n'}
[6.398498] (px4_msgs) StdoutLine: {'line': b'-- Up-to-date: /home/subhalaxmi/nidar_ws/install/px4_msgs/share/px4_msgs/environment/ament_prefix_path.sh\n'}
[6.398942] (px4_msgs) StdoutLine: {'line': b'-- Up-to-date: /home/subhalaxmi/nidar_ws/install/px4_msgs/share/px4_msgs/environment/ament_prefix_path.dsv\n'}
[6.399162] (px4_msgs) StdoutLine: {'line': b'-- Up-to-date: /home/subhalaxmi/nidar_ws/install/px4_msgs/share/px4_msgs/environment/path.sh\n'}
[6.399691] (px4_msgs) StdoutLine: {'line': b'-- Up-to-date: /home/subhalaxmi/nidar_ws/install/px4_msgs/share/px4_msgs/environment/path.dsv\n'}
[6.400607] (px4_msgs) StdoutLine: {'line': b'-- Up-to-date: /home/subhalaxmi/nidar_ws/install/px4_msgs/share/px4_msgs/local_setup.bash\n'}
[6.401853] (px4_msgs) StdoutLine: {'line': b'-- Up-to-date: /home/subhalaxmi/nidar_ws/install/px4_msgs/share/px4_msgs/local_setup.sh\n'}
[6.402763] (px4_msgs) StdoutLine: {'line': b'-- Up-to-date: /home/subhalaxmi/nidar_ws/install/px4_msgs/share/px4_msgs/local_setup.zsh\n'}
[6.404039] (px4_msgs) StdoutLine: {'line': b'-- Up-to-date: /home/subhalaxmi/nidar_ws/install/px4_msgs/share/px4_msgs/local_setup.dsv\n'}
[6.404916] (px4_msgs) StdoutLine: {'line': b'-- Installing: /home/subhalaxmi/nidar_ws/install/px4_msgs/share/px4_msgs/package.dsv\n'}
[6.406464] (px4_msgs) StdoutLine: {'line': b'-- Up-to-date: /home/subhalaxmi/nidar_ws/install/px4_msgs/share/ament_index/resource_index/packages/px4_msgs\n'}
[6.407501] (px4_msgs) StdoutLine: {'line': b'-- Up-to-date: /home/subhalaxmi/nidar_ws/install/px4_msgs/share/px4_msgs/cmake/export_px4_msgs__rosidl_generator_cExport.cmake\n'}
[6.408790] (px4_msgs) StdoutLine: {'line': b'-- Up-to-date: /home/subhalaxmi/nidar_ws/install/px4_msgs/share/px4_msgs/cmake/export_px4_msgs__rosidl_generator_cExport-noconfig.cmake\n'}
[6.409821] (px4_msgs) StdoutLine: {'line': b'-- Up-to-date: /home/subhalaxmi/nidar_ws/install/px4_msgs/share/px4_msgs/cmake/export_px4_msgs__rosidl_typesupport_fastrtps_cExport.cmake\n'}
[6.411096] (px4_msgs) StdoutLine: {'line': b'-- Up-to-date: /home/subhalaxmi/nidar_ws/install/px4_msgs/share/px4_msgs/cmake/export_px4_msgs__rosidl_typesupport_fastrtps_cExport-noconfig.cmake\n'}
[6.412115] (px4_msgs) StdoutLine: {'line': b'-- Up-to-date: /home/subhalaxmi/nidar_ws/install/px4_msgs/share/px4_msgs/cmake/export_px4_msgs__rosidl_generator_cppExport.cmake\n'}
[6.413476] (px4_msgs) StdoutLine: {'line': b'-- Up-to-date: /home/subhalaxmi/nidar_ws/install/px4_msgs/share/px4_msgs/cmake/export_px4_msgs__rosidl_typesupport_fastrtps_cppExport.cmake\n'}
[6.414369] (px4_msgs) StdoutLine: {'line': b'-- Up-to-date: /home/subhalaxmi/nidar_ws/install/px4_msgs/share/px4_msgs/cmake/export_px4_msgs__rosidl_typesupport_fastrtps_cppExport-noconfig.cmake\n'}
[6.415772] (px4_msgs) StdoutLine: {'line': b'-- Up-to-date: /home/subhalaxmi/nidar_ws/install/px4_msgs/share/px4_msgs/cmake/px4_msgs__rosidl_typesupport_introspection_cExport.cmake\n'}
[6.416644] (px4_msgs) StdoutLine: {'line': b'-- Up-to-date: /home/subhalaxmi/nidar_ws/install/px4_msgs/share/px4_msgs/cmake/px4_msgs__rosidl_typesupport_introspection_cExport-noconfig.cmake\n'}
[6.418026] (px4_msgs) StdoutLine: {'line': b'-- Up-to-date: /home/subhalaxmi/nidar_ws/install/px4_msgs/share/px4_msgs/cmake/px4_msgs__rosidl_typesupport_cExport.cmake\n'}
[6.418922] (px4_msgs) StdoutLine: {'line': b'-- Up-to-date: /home/subhalaxmi/nidar_ws/install/px4_msgs/share/px4_msgs/cmake/px4_msgs__rosidl_typesupport_cExport-noconfig.cmake\n'}
[6.419980] (px4_msgs) StdoutLine: {'line': b'-- Up-to-date: /home/subhalaxmi/nidar_ws/install/px4_msgs/share/px4_msgs/cmake/px4_msgs__rosidl_typesupport_introspection_cppExport.cmake\n'}
[6.420444] (-) TimerEvent: {}
[6.420968] (px4_msgs) StdoutLine: {'line': b'-- Up-to-date: /home/subhalaxmi/nidar_ws/install/px4_msgs/share/px4_msgs/cmake/px4_msgs__rosidl_typesupport_introspection_cppExport-noconfig.cmake\n'}
[6.422122] (px4_msgs) StdoutLine: {'line': b'-- Up-to-date: /home/subhalaxmi/nidar_ws/install/px4_msgs/share/px4_msgs/cmake/px4_msgs__rosidl_typesupport_cppExport.cmake\n'}
[6.423012] (px4_msgs) StdoutLine: {'line': b'-- Up-to-date: /home/subhalaxmi/nidar_ws/install/px4_msgs/share/px4_msgs/cmake/px4_msgs__rosidl_typesupport_cppExport-noconfig.cmake\n'}
[6.424401] (px4_msgs) StdoutLine: {'line': b'-- Up-to-date: /home/subhalaxmi/nidar_ws/install/px4_msgs/share/px4_msgs/cmake/export_px4_msgs__rosidl_generator_pyExport.cmake\n'}
[6.425291] (px4_msgs) StdoutLine: {'line': b'-- Up-to-date: /home/subhalaxmi/nidar_ws/install/px4_msgs/share/px4_msgs/cmake/export_px4_msgs__rosidl_generator_pyExport-noconfig.cmake\n'}
[6.426582] (px4_msgs) StdoutLine: {'line': b'-- Up-to-date: /home/subhalaxmi/nidar_ws/install/px4_msgs/share/px4_msgs/cmake/rosidl_cmake-extras.cmake\n'}
[6.427447] (px4_msgs) StdoutLine: {'line': b'-- Up-to-date: /home/subhalaxmi/nidar_ws/install/px4_msgs/share/px4_msgs/cmake/ament_cmake_export_dependencies-extras.cmake\n'}
[6.428889] (px4_msgs) StdoutLine: {'line': b'-- Up-to-date: /home/subhalaxmi/nidar_ws/install/px4_msgs/share/px4_msgs/cmake/ament_cmake_export_include_directories-extras.cmake\n'}
[6.429774] (px4_msgs) StdoutLine: {'line': b'-- Up-to-date: /home/subhalaxmi/nidar_ws/install/px4_msgs/share/px4_msgs/cmake/ament_cmake_export_libraries-extras.cmake\n'}
[6.431070] (px4_msgs) StdoutLine: {'line': b'-- Up-to-date: /home/subhalaxmi/nidar_ws/install/px4_msgs/share/px4_msgs/cmake/ament_cmake_export_targets-extras.cmake\n'}
[6.431926] (px4_msgs) StdoutLine: {'line': b'-- Up-to-date: /home/subhalaxmi/nidar_ws/install/px4_msgs/share/px4_msgs/cmake/rosidl_cmake_export_typesupport_targets-extras.cmake\n'}
[6.433200] (px4_msgs) StdoutLine: {'line': b'-- Up-to-date: /home/subhalaxmi/nidar_ws/install/px4_msgs/share/px4_msgs/cmake/rosidl_cmake_export_typesupport_libraries-extras.cmake\n'}
[6.434095] (px4_msgs) StdoutLine: {'line': b'-- Up-to-date: /home/subhalaxmi/nidar_ws/install/px4_msgs/share/px4_msgs/cmake/px4_msgsConfig.cmake\n'}
[6.434696] (px4_msgs) StdoutLine: {'line': b'-- Up-to-date: /home/subhalaxmi/nidar_ws/install/px4_msgs/share/px4_msgs/cmake/px4_msgsConfig-version.cmake\n'}
[6.435728] (px4_msgs) StdoutLine: {'line': b'-- Up-to-date: /home/subhalaxmi/nidar_ws/install/px4_msgs/share/px4_msgs/package.xml\n'}
[6.444067] (px4_msgs) CommandEnded: {'returncode': 0}
[6.498631] (px4_msgs) JobEnded: {'identifier': 'px4_msgs', 'rc': 0}
[6.500618] (nidar_flight) JobStarted: {'identifier': 'nidar_flight'}
[6.520579] (-) TimerEvent: {}
[6.620969] (-) TimerEvent: {}
[6.721369] (-) TimerEvent: {}
[6.821780] (-) TimerEvent: {}
[6.922163] (-) TimerEvent: {}
[7.022567] (-) TimerEvent: {}
[7.122972] (-) TimerEvent: {}
[7.223397] (-) TimerEvent: {}
[7.323763] (-) TimerEvent: {}
[7.424102] (-) TimerEvent: {}
[7.524431] (-) TimerEvent: {}
[7.624751] (-) TimerEvent: {}
[7.725081] (-) TimerEvent: {}
[7.818408] (nidar_flight) Command: {'cmd': ['/usr/bin/python3', '-W', 'ignore:setup.py install is deprecated', '-W', 'ignore:easy_install command is deprecated', 'setup.py', 'egg_info', '--egg-base', '../../build/nidar_flight', 'build', '--build-base', '/home/subhalaxmi/nidar_ws/build/nidar_flight/build', 'install', '--record', '/home/subhalaxmi/nidar_ws/build/nidar_flight/install.log', '--single-version-externally-managed', 'install_data'], 'cwd': '/home/subhalaxmi/nidar_ws/src/nidar_flight', 'env': {'GJS_DEBUG_TOPICS': 'JS ERROR;JS LOG', 'LESSOPEN': '| /usr/bin/lesspipe %s', 'LANGUAGE': 'en_IN:en', 'USER': 'subhalaxmi', 'XDG_SESSION_TYPE': 'wayland', 'SHLVL': '1', 'LD_LIBRARY_PATH': '/home/subhalaxmi/nidar_ws/install/px4_msgs/lib:/opt/ros/humble/opt/rviz_ogre_vendor/lib:/opt/ros/humble/lib/x86_64-linux-gnu:/opt/ros/humble/lib', 'HOME': '/home/subhalaxmi', 'OLDPWD': '/home/subhalaxmi/nidar_ws', 'DESKTOP_SESSION': 'ubuntu', 'GIO_LAUNCHED_DESKTOP_FILE': '/usr/share/applications/terminator.desktop', 'ROS_PYTHON_VERSION': '3', 'GNOME_SHELL_SESSION_MODE': 'ubuntu', 'GTK_MODULES': 'gail:atk-bridge', 'MANAGERPID': '1036', 'SYSTEMD_EXEC_PID': '1178', 'DBUS_SESSION_BUS_ADDRESS': 'unix:path=/run/user/1000/bus', 'COLORTERM': 'truecolor', 'TERMINATOR_DBUS_NAME': 'net.tenshu.Terminator25ef4b219e3b005583550f2b0f9f990c3', 'GIO_LAUNCHED_DESKTOP_FILE_PID': '17318', 'IM_CONFIG_PHASE': '1', 'WAYLAND_DISPLAY': 'wayland-0', 'COLCON_PREFIX_PATH': '/home/subhalaxmi/nidar_ws/install:/home/subhalaxmi/rover_ws/install:/home/subhalaxmi/autonav_ws/install:/home/subhalaxmi/my_robot_ws/install:/home/subhalaxmi/ros2_ws/install', 'ROS_DISTRO': 'humble', 'LOGNAME': 'subhalaxmi', 'JOURNAL_STREAM': '8:8924', '_': '/usr/bin/colcon', 'ROS_VERSION': '2', 'XDG_SESSION_CLASS': 'user', 'USERNAME': 'subhalaxmi', 'TERM': 'xterm-256color', 'GNOME_DESKTOP_SESSION_ID': 'this-is-deprecated', 'ROS_LOCALHOST_ONLY': '0', 'PATH': '/home/subhalaxmi/.local/bin:/home/subhalaxmi/.local/bin:/opt/ros/humble/bin:/home/subhalaxmi/.local/bin:/usr/local/sbin:/usr/local/bin:/usr/sbin:/usr/bin:/sbin:/bin:/usr/games:/usr/local/games:/snap/bin:/snap/bin', 'SESSION_MANAGER': 'local/subhalaxmi-Lenovo-G50-80:@/tmp/.ICE-unix/1147,unix/subhalaxmi-Lenovo-G50-80:/tmp/.ICE-unix/1147', 'INVOCATION_ID': '5668d60ff2944fae98086cdc9fc421e1', 'XDG_MENU_PREFIX': 'gnome-', 'GNOME_SETUP_DISPLAY': ':1', 'XDG_RUNTIME_DIR': '/run/user/1000', 'DISPLAY': ':0', 'TERMINATOR_DBUS_PATH': '/net/tenshu/Terminator2', 'LANG': 'en_US.UTF-8', 'XDG_CURRENT_DESKTOP': 'ubuntu:GNOME', 'IBUS_DISABLE_SNOOPER': '1', 'XMODIFIERS': '@im=ibus', 'XDG_SESSION_DESKTOP': 'ubuntu', 'XAUTHORITY': '/run/user/1000/.mutter-Xwaylandauth.519EM3', 'LS_COLORS': 'rs=0:di=01;34:ln=01;36:mh=00:pi=40;33:so=01;35:do=01;35:bd=40;33;01:cd=40;33;01:or=40;31;01:mi=00:su=37;41:sg=30;43:ca=30;41:tw=30;42:ow=34;42:st=37;44:ex=01;32:*.tar=01;31:*.tgz=01;31:*.arc=01;31:*.arj=01;31:*.taz=01;31:*.lha=01;31:*.lz4=01;31:*.lzh=01;31:*.lzma=01;31:*.tlz=01;31:*.txz=01;31:*.tzo=01;31:*.t7z=01;31:*.zip=01;31:*.z=01;31:*.dz=01;31:*.gz=01;31:*.lrz=01;31:*.lz=01;31:*.lzo=01;31:*.xz=01;31:*.zst=01;31:*.tzst=01;31:*.bz2=01;31:*.bz=01;31:*.tbz=01;31:*.tbz2=01;31:*.tz=01;31:*.deb=01;31:*.rpm=01;31:*.jar=01;31:*.war=01;31:*.ear=01;31:*.sar=01;31:*.rar=01;31:*.alz=01;31:*.ace=01;31:*.zoo=01;31:*.cpio=01;31:*.7z=01;31:*.rz=01;31:*.cab=01;31:*.wim=01;31:*.swm=01;31:*.dwm=01;31:*.esd=01;31:*.jpg=01;35:*.jpeg=01;35:*.mjpg=01;35:*.mjpeg=01;35:*.gif=01;35:*.bmp=01;35:*.pbm=01;35:*.pgm=01;35:*.ppm=01;35:*.tga=01;35:*.xbm=01;35:*.xpm=01;35:*.tif=01;35:*.tiff=01;35:*.png=01;35:*.svg=01;35:*.svgz=01;35:*.mng=01;35:*.pcx=01;35:*.mov=01;35:*.mpg=01;35:*.mpeg=01;35:*.m2v=01;35:*.mkv=01;35:*.webm=01;35:*.webp=01;35:*.ogm=01;35:*.mp4=01;35:*.m4v=01;35:*.mp4v=01;35:*.vob=01;35:*.qt=01;35:*.nuv=01;35:*.wmv=01;35:*.asf=01;35:*.rm=01;35:*.rmvb=01;35:*.flc=01;35:*.avi=01;35:*.fli=01;35:*.flv=01;35:*.gl=01;35:*.dl=01;35:*.xcf=01;35:*.xwd=01;35:*.yuv=01;35:*.cgm=01;35:*.emf=01;35:*.ogv=01;35:*.ogx=01;35:*.aac=00;36:*.au=00;36:*.flac=00;36:*.m4a=00;36:*.mid=00;36:*.midi=00;36:*.mka=00;36:*.mp3=00;36:*.mpc=00;36:*.ogg=00;36:*.ra=00;36:*.wav=00;36:*.oga=00;36:*.opus=00;36:*.spx=00;36:*.xspf=00;36:', 'SSH_AGENT_LAUNCHER': 'gnome-keyring', 'SSH_AUTH_SOCK': '/run/user/1000/keyring/ssh', 'AMENT_PREFIX_PATH': '/home/subhalaxmi/nidar_ws/install/nidar_flight:/home/subhalaxmi/nidar_ws/install/px4_msgs:/home/subhalaxmi/nidar_ws/install/my_drone_bringup:/home/subhalaxmi/nidar_ws/install/drone_pkg:/home/subhalaxmi/rover_ws/install/rover_ctrl:/home/subhalaxmi/autonav_ws/install/my_rover_description:/home/subhalaxmi/autonav_ws/install/my_rover_bringup:/home/subhalaxmi/my_robot_ws/install/my_robot_bringup:/home/subhalaxmi/my_robot_ws/install/my_robot_description:/home/subhalaxmi/my_robot_ws/install/line_follower:/home/subhalaxmi/ros2_ws/install/my_py_pkg:/opt/ros/humble', 'SHELL': '/bin/bash', 'TERMINATOR_UUID': 'urn:uuid:58195a0c-9f6d-451e-898e-fa7162240c90', 'QT_ACCESSIBILITY': '1', 'GDMSESSION': 'ubuntu', 'LESSCLOSE': '/usr/bin/lesspipe %s %s', 'GJS_DEBUG_OUTPUT': 'stderr', 'QT_IM_MODULE': 'ibus', 'PWD': '/home/subhalaxmi/nidar_ws/build/nidar_flight', 'LC_ALL': 'en_US.UTF-8', 'XDG_CONFIG_DIRS': '/etc/xdg/xdg-ubuntu:/etc/xdg', 'XDG_DATA_DIRS': '/usr/share/ubuntu:/usr/local/share/:/usr/share/:/var/lib/snapd/desktop', 'PYTHONPATH': '/home/subhalaxmi/nidar_ws/build/nidar_flight/prefix_override:/usr/lib/python3/dist-packages/colcon_core/task/python/colcon_distutils_commands:/home/subhalaxmi/nidar_ws/install/nidar_flight/lib/python3.10/site-packages:/home/subhalaxmi/nidar_ws/install/nidar_flight/lib/python3.10/site-packages:/home/subhalaxmi/nidar_ws/install/px4_msgs/local/lib/python3.10/dist-packages:/home/subhalaxmi/nidar_ws/install/my_drone_bringup/lib/python3.10/site-packages:/home/subhalaxmi/nidar_ws/install/drone_pkg/lib/python3.10/site-packages:/home/subhalaxmi/my_robot_ws/install/line_follower/lib/python3.10/site-packages:/home/subhalaxmi/ros2_ws/install/my_py_pkg/lib/python3.10/site-packages:/opt/ros/humble/lib/python3.10/site-packages:/opt/ros/humble/local/lib/python3.10/dist-packages', 'COLCON': '1', 'VTE_VERSION': '6800', 'CMAKE_PREFIX_PATH': '/home/subhalaxmi/nidar_ws/install/px4_msgs:/home/subhalaxmi/nidar_ws/install/my_drone_bringup:/home/subhalaxmi/rover_ws/install/rover_ctrl:/home/subhalaxmi/autonav_ws/install/my_rover_description:/home/subhalaxmi/autonav_ws/install/my_rover_bringup:/home/subhalaxmi/my_robot_ws/install/my_robot_bringup:/home/subhalaxmi/my_robot_ws/install/my_robot_description'}, 'shell': False}
[7.825166] (-) TimerEvent: {}
[7.925483] (-) TimerEvent: {}
[8.025817] (-) TimerEvent: {}
[8.126152] (-) TimerEvent: {}
[8.226506] (-) TimerEvent: {}
[8.326903] (-) TimerEvent: {}
[8.337789] (nidar_flight) StdoutLine: {'line': b'running egg_info\n'}
[8.339188] (nidar_flight) StdoutLine: {'line': b'writing ../../build/nidar_flight/nidar_flight.egg-info/PKG-INFO\n'}
[8.339519] (nidar_flight) StdoutLine: {'line': b'writing dependency_links to ../../build/nidar_flight/nidar_flight.egg-info/dependency_links.txt\n'}
[8.339888] (nidar_flight) StdoutLine: {'line': b'writing entry points to ../../build/nidar_flight/nidar_flight.egg-info/entry_points.txt\n'}
[8.340170] (nidar_flight) StdoutLine: {'line': b'writing requirements to ../../build/nidar_flight/nidar_flight.egg-info/requires.txt\n'}
[8.340419] (nidar_flight) StdoutLine: {'line': b'writing top-level names to ../../build/nidar_flight/nidar_flight.egg-info/top_level.txt\n'}
[8.343902] (nidar_flight) StdoutLine: {'line': b"reading manifest file '../../build/nidar_flight/nidar_flight.egg-info/SOURCES.txt'\n"}
[8.345380] (nidar_flight) StdoutLine: {'line': b"writing manifest file '../../build/nidar_flight/nidar_flight.egg-info/SOURCES.txt'\n"}
[8.345695] (nidar_flight) StdoutLine: {'line': b'running build\n'}
[8.345821] (nidar_flight) StdoutLine: {'line': b'running build_py\n'}
[8.346023] (nidar_flight) StdoutLine: {'line': b'copying nidar_flight/takeoff_node.py -> /home/subhalaxmi/nidar_ws/build/nidar_flight/build/lib/nidar_flight\n'}
[8.346381] (nidar_flight) StdoutLine: {'line': b'running install\n'}
[8.347016] (nidar_flight) StdoutLine: {'line': b'running install_lib\n'}
[8.348394] (nidar_flight) StdoutLine: {'line': b'copying /home/subhalaxmi/nidar_ws/build/nidar_flight/build/lib/nidar_flight/takeoff_node.py -> /home/subhalaxmi/nidar_ws/install/nidar_flight/lib/python3.10/site-packages/nidar_flight\n'}
[8.349412] (nidar_flight) StdoutLine: {'line': b'byte-compiling /home/subhalaxmi/nidar_ws/install/nidar_flight/lib/python3.10/site-packages/nidar_flight/takeoff_node.py to takeoff_node.cpython-310.pyc\n'}
[8.351134] (nidar_flight) StdoutLine: {'line': b'running install_data\n'}
[8.351398] (nidar_flight) StdoutLine: {'line': b'running install_egg_info\n'}
[8.354810] (nidar_flight) StdoutLine: {'line': b"removing '/home/subhalaxmi/nidar_ws/install/nidar_flight/lib/python3.10/site-packages/nidar_flight-0.0.0-py3.10.egg-info' (and everything under it)\n"}
[8.355299] (nidar_flight) StdoutLine: {'line': b'Copying ../../build/nidar_flight/nidar_flight.egg-info to /home/subhalaxmi/nidar_ws/install/nidar_flight/lib/python3.10/site-packages/nidar_flight-0.0.0-py3.10.egg-info\n'}
[8.356818] (nidar_flight) StdoutLine: {'line': b'running install_scripts\n'}
[8.394297] (nidar_flight) StdoutLine: {'line': b'Installing takeoff_node script to /home/subhalaxmi/nidar_ws/install/nidar_flight/lib/nidar_flight\n'}
[8.394911] (nidar_flight) StdoutLine: {'line': b"writing list of installed files to '/home/subhalaxmi/nidar_ws/build/nidar_flight/install.log'\n"}
[8.427040] (-) TimerEvent: {}
[8.434833] (nidar_flight) CommandEnded: {'returncode': 0}
[8.446266] (nidar_flight) JobEnded: {'identifier': 'nidar_flight', 'rc': 0}
[8.448294] (-) EventReactorShutdown: {}
